ISO-10303-21;
HEADER;
FILE_DESCRIPTION (( 'STEP AP214' ),
    '1' );
FILE_NAME ('TPS25944ARVCR.STEP',
    '2023-12-15T12:33:14',
    ( 'LENOVO' ),
    ( '' ),
    'SwSTEP 2.0',
    'SolidWorks 2021',
    '' );
FILE_SCHEMA (( 'AUTOMOTIVE_DESIGN' ));
ENDSEC;

DATA;
#1 = LINE ( 'NONE', #7523, #3048 ) ;
#2 =( NAMED_UNIT ( * ) PLANE_ANGLE_UNIT ( ) SI_UNIT ( $, .RADIAN. ) );
#3 = FACE_OUTER_BOUND ( 'NONE', #3274, .T. ) ;
#4 = DIRECTION ( 'NONE',  ( 0.000000000000000000, -1.000000000000000000, 0.000000000000000000 ) ) ;
#5 = ORIENTED_EDGE ( 'NONE', *, *, #2559, .F. ) ;
#6 = DIRECTION ( 'NONE',  ( -1.000000000000000000, 0.000000000000000000, -0.000000000000000000 ) ) ;
#7 = CARTESIAN_POINT ( 'NONE',  ( -1.400000000000000133, 0.1999999999999999833, -1.750000000000000000 ) ) ;
#8 = CARTESIAN_POINT ( 'NONE',  ( -1.400000000000000133, 0.1999999999999999833, -1.600000000000000089 ) ) ;
#9 = COLOUR_RGB ( '',0.7921568627450980005, 0.8196078431372548767, 0.9333333333333333481 ) ;
#10 = LINE ( 'NONE', #1600, #209 ) ;
#11 = FACE_OUTER_BOUND ( 'NONE', #2993, .T. ) ;
#12 = ORIENTED_EDGE ( 'NONE', *, *, #3968, .F. ) ;
#13 = CARTESIAN_POINT ( 'NONE',  ( 1.099999999999999423, 0.2000000000000011768, 1.732294901687515321 ) ) ;
#14 = FILL_AREA_STYLE_COLOUR ( '', #5818 ) ;
#15 = DIRECTION ( 'NONE',  ( 1.000000000000000000, 0.000000000000000000, 5.421010862427520198E-16 ) ) ;
#16 = VECTOR ( 'NONE', #8365, 1000.000000000000000 ) ;
#17 = STYLED_ITEM ( 'NONE', ( #4845 ), #6291 ) ;
#18 = LINE ( 'NONE', #9051, #9550 ) ;
#19 = CARTESIAN_POINT ( 'NONE',  ( -1.099999999999999867, 0.000000000000000000, -1.349999999999999867 ) ) ;
#20 = ORIENTED_EDGE ( 'NONE', *, *, #1367, .F. ) ;
#21 = DIRECTION ( 'NONE',  ( 0.000000000000000000, -0.000000000000000000, -1.000000000000000000 ) ) ;
#22 = DIRECTION ( 'NONE',  ( 1.000000000000000000, 0.000000000000000000, 5.421010862427523156E-16 ) ) ;
#23 = AXIS2_PLACEMENT_3D ( 'NONE', #8317, #5996, #89 ) ;
#24 = CARTESIAN_POINT ( 'NONE',  ( 1.399999999999999689, 0.1999999999999999833, 1.600000000000000089 ) ) ;
#25 = EDGE_CURVE ( 'NONE', #7826, #8756, #3033, .T. ) ;
#26 = CARTESIAN_POINT ( 'NONE',  ( 0.1500000000000003830, 0.6472135954999580498, -1.600000000000000089 ) ) ;
#27 = LINE ( 'NONE', #7979, #3355 ) ;
#28 = VECTOR ( 'NONE', #2973, 1000.000000000000000 ) ;
#29 = ORIENTED_EDGE ( 'NONE', *, *, #8888, .F. ) ;
#30 = VECTOR ( 'NONE', #230, 1000.000000000000000 ) ;
#31 = SURFACE_SIDE_STYLE ('',( #271 ) ) ;
#32 = ORIENTED_EDGE ( 'NONE', *, *, #2539, .F. ) ;
#33 =( NAMED_UNIT ( * ) SI_UNIT ( $, .STERADIAN. ) SOLID_ANGLE_UNIT ( ) );
#34 = ADVANCED_FACE ( 'NONE', ( #9302 ), #2587, .T. ) ;
#35 = CARTESIAN_POINT ( 'NONE',  ( 0.8500000000000005329, 0.05000000000000000278, -2.303929616531700374E-16 ) ) ;
#36 = EDGE_CURVE ( 'NONE', #9440, #936, #9438, .T. ) ;
#37 = AXIS2_PLACEMENT_3D ( 'NONE', #1588, #2283, #8968 ) ;
#38 = VECTOR ( 'NONE', #5750, 1000.000000000000000 ) ;
#39 = DIRECTION ( 'NONE',  ( 0.000000000000000000, 1.000000000000000000, 0.000000000000000000 ) ) ;
#40 = CARTESIAN_POINT ( 'NONE',  ( 1.099999999999999423, 0.1250000000000011935, -1.899999999999999911 ) ) ;
#41 = ADVANCED_FACE ( 'NONE', ( #3 ), #8397, .T. ) ;
#42 = LINE ( 'NONE', #6542, #61 ) ;
#43 = VECTOR ( 'NONE', #758, 1000.000000000000000 ) ;
#44 = PLANE ( 'NONE',  #5687 ) ;
#45 = EDGE_LOOP ( 'NONE', ( #6874, #7336, #3174, #9456 ) ) ;
#46 = EDGE_CURVE ( 'NONE', #3370, #5473, #3161, .T. ) ;
#47 = EDGE_CURVE ( 'NONE', #5332, #1371, #6285, .T. ) ;
#48 = DIRECTION ( 'NONE',  ( 1.000000000000000000, -0.000000000000000000, 1.084202172485501673E-15 ) ) ;
#49 = DIRECTION ( 'NONE',  ( 2.710505431213761578E-16, 0.000000000000000000, 1.000000000000000000 ) ) ;
#50 = EDGE_LOOP ( 'NONE', ( #1309, #926, #4911, #4557 ) ) ;
#51 = ORIENTED_EDGE ( 'NONE', *, *, #5865, .F. ) ;
#52 = PLANE ( 'NONE',  #3732 ) ;
#53 = EDGE_CURVE ( 'NONE', #3103, #4955, #6393, .T. ) ;
#54 = CARTESIAN_POINT ( 'NONE',  ( 0.000000000000000000, 0.000000000000000000, 0.000000000000000000 ) ) ;
#55 = CARTESIAN_POINT ( 'NONE',  ( 1.500000000000000000, 0.1999999999999999833, -1.149999999999999467 ) ) ;
#56 =( NAMED_UNIT ( * ) PLANE_ANGLE_UNIT ( ) SI_UNIT ( $, .RADIAN. ) );
#57 = LINE ( 'NONE', #4222, #3268 ) ;
#58 = PLANE ( 'NONE',  #718 ) ;
#59 = EDGE_CURVE ( 'NONE', #8810, #3044, #3085, .T. ) ;
#61 = VECTOR ( 'NONE', #2065, 1000.000000000000000 ) ;
#60 = STYLED_ITEM ( 'NONE', ( #5922 ), #7073 ) ;
#62 = DIRECTION ( 'NONE',  ( -0.000000000000000000, -1.000000000000000000, -0.000000000000000000 ) ) ;
#63 = LINE ( 'NONE', #7629, #6687 ) ;
#64 = ORIENTED_EDGE ( 'NONE', *, *, #3863, .T. ) ;
#65 = FILL_AREA_STYLE ('',( #8945 ) ) ;
#66 = FACE_OUTER_BOUND ( 'NONE', #7196, .T. ) ;
#67 = DIRECTION ( 'NONE',  ( 0.000000000000000000, -0.000000000000000000, 1.000000000000000000 ) ) ;
#68 = ORIENTED_EDGE ( 'NONE', *, *, #4490, .T. ) ;
#69 = ADVANCED_FACE ( 'NONE', ( #6349 ), #6710, .T. ) ;
#70 = PLANE ( 'NONE',  #1276 ) ;
#71 = EDGE_LOOP ( 'NONE', ( #1543, #8819, #8566, #8102 ) ) ;
#72 = EDGE_CURVE ( 'NONE', #8737, #8075, #3009, .T. ) ;
#73 = EDGE_CURVE ( 'NONE', #5969, #2639, #3118, .T. ) ;
#74 = CARTESIAN_POINT ( 'NONE',  ( -1.400000000000000133, 0.1999999999999999833, -1.750000000000000000 ) ) ;
#75 = CARTESIAN_POINT ( 'NONE',  ( -1.500000000000000000, 0.6472135954999583829, -1.149999999999999467 ) ) ;
#76 =( GEOMETRIC_REPRESENTATION_CONTEXT ( 3 ) GLOBAL_UNCERTAINTY_ASSIGNED_CONTEXT ( ( #227 ) ) GLOBAL_UNIT_ASSIGNED_CONTEXT ( ( #939, #1756, #3127 ) ) REPRESENTATION_CONTEXT ( 'NONE', 'WORKASPACE' ) );
#77 = SURFACE_SIDE_STYLE ('',( #2918 ) ) ;
#78 = VECTOR ( 'NONE', #3643, 1000.000000000000000 ) ;
#79 = LINE ( 'NONE', #2570, #6462 ) ;
#80 = VECTOR ( 'NONE', #515, 1000.000000000000000 ) ;
#81 = VERTEX_POINT ( 'NONE', #3787 ) ;
#82 = CARTESIAN_POINT ( 'NONE',  ( 1.499999999999999778, 0.1999999999999999833, 1.750000000000000000 ) ) ;
#83 = DIRECTION ( 'NONE',  ( -0.000000000000000000, -1.000000000000000000, -0.000000000000000000 ) ) ;
#84 = CARTESIAN_POINT ( 'NONE',  ( -1.400000000000000133, 0.1999999999999999833, 1.750000000000000000 ) ) ;
#85 = VERTEX_POINT ( 'NONE', #4624 ) ;
#86 = CARTESIAN_POINT ( 'NONE',  ( 1.099999999999999867, 0.6472135954999583829, -0.8499999999999998668 ) ) ;
#87 =( GEOMETRIC_REPRESENTATION_CONTEXT ( 3 ) GLOBAL_UNCERTAINTY_ASSIGNED_CONTEXT ( ( #5884 ) ) GLOBAL_UNIT_ASSIGNED_CONTEXT ( ( #5124, #3669, #3611 ) ) REPRESENTATION_CONTEXT ( 'NONE', 'WORKASPACE' ) );
#88 = ORIENTED_EDGE ( 'NONE', *, *, #1567, .F. ) ;
#89 = DIRECTION ( 'NONE',  ( 0.000000000000000000, -0.000000000000000000, -1.000000000000000000 ) ) ;
#90 = CARTESIAN_POINT ( 'NONE',  ( 1.099999999999999867, 0.1999999999999999833, 0.8500000000000003109 ) ) ;
#91 = CARTESIAN_POINT ( 'NONE',  ( 1.399999999999999689, 0.1250000000000000000, 1.750000000000000000 ) ) ;
#92 = DIRECTION ( 'NONE',  ( 0.000000000000000000, 0.000000000000000000, -1.000000000000000000 ) ) ;
#93 = FACE_OUTER_BOUND ( 'NONE', #5234, .T. ) ;
#94 = ORIENTED_EDGE ( 'NONE', *, *, #5974, .T. ) ;
#95 = CARTESIAN_POINT ( 'NONE',  ( -1.099999999999999867, 0.1250000000000000000, 2.000000000000000000 ) ) ;
#96 = LINE ( 'NONE', #274, #213 ) ;
#97 = ORIENTED_EDGE ( 'NONE', *, *, #2866, .T. ) ;
#98 = ORIENTED_EDGE ( 'NONE', *, *, #9387, .T. ) ;
#99 = PLANE ( 'NONE',  #6706 ) ;
#100 = DIRECTION ( 'NONE',  ( 1.000000000000000000, -0.000000000000000000, -0.000000000000000000 ) ) ;
#101 = DIRECTION ( 'NONE',  ( -0.000000000000000000, -1.000000000000000000, -0.000000000000000000 ) ) ;
#102 = VECTOR ( 'NONE', #3410, 1000.000000000000000 ) ;
#103 = CARTESIAN_POINT ( 'NONE',  ( -1.500000000000000222, 0.1999999999999999833, -1.750000000000000000 ) ) ;
#104 = CARTESIAN_POINT ( 'NONE',  ( -1.250000000000000222, 0.1250000000000000000, -1.899999999999999911 ) ) ;
#105 = DIRECTION ( 'NONE',  ( 0.000000000000000000, -0.000000000000000000, -1.000000000000000000 ) ) ;
#106 = CLOSED_SHELL ( 'NONE', ( #261, #7322, #5363, #5791, #9246, #1250 ) ) ;
#107 = LINE ( 'NONE', #3553, #3451 ) ;
#108 = DIRECTION ( 'NONE',  ( 0.000000000000000000, 0.000000000000000000, -1.000000000000000000 ) ) ;
#109 = CARTESIAN_POINT ( 'NONE',  ( -0.6499999999999995781, 0.04999999999999999584, -1.600000000000000311 ) ) ;
#110 = EDGE_LOOP ( 'NONE', ( #333, #6467, #1023, #1490 ) ) ;
#111 = VERTEX_POINT ( 'NONE', #109 ) ;
#112 = DIRECTION ( 'NONE',  ( -1.000000000000000000, 0.000000000000000000, 1.084202172485504040E-15 ) ) ;
#113 = DIRECTION ( 'NONE',  ( 0.000000000000000000, 1.000000000000000000, 0.000000000000000000 ) ) ;
#114 = ADVANCED_FACE ( 'NONE', ( #6364 ), #6081, .F. ) ;
#115 = CARTESIAN_POINT ( 'NONE',  ( 1.232294901687515543, 0.1999999999999999833, 1.600000000000000089 ) ) ;
#116 = DIRECTION ( 'NONE',  ( -1.000000000000000000, 0.000000000000000000, 5.421010862427523156E-16 ) ) ;
#117 = DIRECTION ( 'NONE',  ( 1.000000000000000000, 0.000000000000000000, -2.710505431213761578E-16 ) ) ;
#118 = LINE ( 'NONE', #9036, #9526 ) ;
#119 = PLANE ( 'NONE',  #3837 ) ;
#120 = FACE_OUTER_BOUND ( 'NONE', #2332, .T. ) ;
#121 = ORIENTED_EDGE ( 'NONE', *, *, #8872, .F. ) ;
#122 = DIRECTION ( 'NONE',  ( 1.000000000000000000, 0.000000000000000000, 1.084202172485504040E-15 ) ) ;
#123 = VECTOR ( 'NONE', #8739, 1000.000000000000000 ) ;
#124 = CARTESIAN_POINT ( 'NONE',  ( 0.7500000000000000000, 3.201666203960727319, -1.300000000000000266 ) ) ;
#125 = ORIENTED_EDGE ( 'NONE', *, *, #4598, .F. ) ;
#126 = ORIENTED_EDGE ( 'NONE', *, *, #5324, .T. ) ;
#127 = DIRECTION ( 'NONE',  ( 1.000000000000000000, 0.000000000000000000, -5.421010862427523156E-16 ) ) ;
#128 = DIRECTION ( 'NONE',  ( -0.000000000000000000, -1.000000000000000000, -0.000000000000000000 ) ) ;
#129 = CARTESIAN_POINT ( 'NONE',  ( -1.099999999999999867, 0.6472135954999583829, 1.350000000000000311 ) ) ;
#130 = CARTESIAN_POINT ( 'NONE',  ( 1.499999999999999778, 0.6472135954999583829, -1.350000000000000089 ) ) ;
#131 = AXIS2_PLACEMENT_3D ( 'NONE', #2956, #2897, #9473 ) ;
#132 = FACE_OUTER_BOUND ( 'NONE', #9531, .T. ) ;
#133 = PRESENTATION_STYLE_ASSIGNMENT (( #6191 ) ) ;
#134 = ORIENTED_EDGE ( 'NONE', *, *, #1111, .T. ) ;
#135 = DIRECTION ( 'NONE',  ( 0.000000000000000000, 0.000000000000000000, -1.000000000000000000 ) ) ;
#136 = DIRECTION ( 'NONE',  ( 0.000000000000000000, 1.000000000000000000, 0.000000000000000000 ) ) ;
#137 = FILL_AREA_STYLE_COLOUR ( '', #6015 ) ;
#138 = VECTOR ( 'NONE', #2067, 1000.000000000000000 ) ;
#139 = ORIENTED_EDGE ( 'NONE', *, *, #6849, .F. ) ;
#140 = AXIS2_PLACEMENT_3D ( 'NONE', #5947, #2053, #3663 ) ;
#141 = EDGE_CURVE ( 'NONE', #9513, #1487, #9537, .T. ) ;
#142 = ORIENTED_EDGE ( 'NONE', *, *, #592, .T. ) ;
#143 = PLANE ( 'NONE',  #2268 ) ;
#144 = DIRECTION ( 'NONE',  ( -0.000000000000000000, -1.000000000000000000, -0.000000000000000000 ) ) ;
#145 = EDGE_CURVE ( 'NONE', #8594, #7408, #9315, .T. ) ;
#146 = VECTOR ( 'NONE', #3530, 1000.000000000000000 ) ;
#147 = LINE ( 'NONE', #3441, #9570 ) ;
#148 = ORIENTED_EDGE ( 'NONE', *, *, #9249, .T. ) ;
#149 = PLANE ( 'NONE',  #6104 ) ;
#150 = ORIENTED_EDGE ( 'NONE', *, *, #6210, .T. ) ;
#151 = CARTESIAN_POINT ( 'NONE',  ( 1.399999999999999689, 0.1250000000000000000, 1.750000000000000000 ) ) ;
#152 = EDGE_CURVE ( 'NONE', #6457, #938, #3177, .T. ) ;
#153 = ORIENTED_EDGE ( 'NONE', *, *, #163, .T. ) ;
#154 = AXIS2_PLACEMENT_3D ( 'NONE', #3376, #5646, #3827 ) ;
#155 = PLANE ( 'NONE',  #1218 ) ;
#156 = DIRECTION ( 'NONE',  ( 5.782411586589358822E-15, -1.000000000000000000, 0.000000000000000000 ) ) ;
#157 = EDGE_CURVE ( 'NONE', #6638, #9440, #18, .T. ) ;
#158 = SURFACE_STYLE_USAGE ( .BOTH. , #5041 ) ;
#159 = EDGE_CURVE ( 'NONE', #1431, #7795, #6409, .T. ) ;
#160 = EDGE_CURVE ( 'NONE', #6715, #7834, #6232, .T. ) ;
#161 = DIRECTION ( 'NONE',  ( 1.000000000000000000, 0.000000000000000000, 0.000000000000000000 ) ) ;
#162 = FACE_OUTER_BOUND ( 'NONE', #639, .T. ) ;
#163 = EDGE_CURVE ( 'NONE', #6543, #1120, #2934, .T. ) ;
#164 = LINE ( 'NONE', #3776, #3385 ) ;
#165 = DIRECTION ( 'NONE',  ( 1.000000000000000000, -0.000000000000000000, -5.421010862427520198E-16 ) ) ;
#166 = ORIENTED_EDGE ( 'NONE', *, *, #2079, .F. ) ;
#167 = AXIS2_PLACEMENT_3D ( 'NONE', #7517, #790, #2398 ) ;
#168 = ADVANCED_FACE ( 'NONE', ( #6161 ), #5306, .T. ) ;
#169 = CARTESIAN_POINT ( 'NONE',  ( -0.3499999999999996447, 0.2000000000000000111, -1.600000000000000089 ) ) ;
#170 = DIRECTION ( 'NONE',  ( -1.000000000000000000, 0.000000000000000000, -5.421010862427520198E-16 ) ) ;
#171 = ORIENTED_EDGE ( 'NONE', *, *, #7577, .T. ) ;
#172 = EDGE_LOOP ( 'NONE', ( #315, #6362, #270, #6244 ) ) ;
#173 = DIRECTION ( 'NONE',  ( 0.000000000000000000, 0.000000000000000000, 1.000000000000000000 ) ) ;
#174 = DIRECTION ( 'NONE',  ( -1.000000000000000000, 0.000000000000000000, -0.000000000000000000 ) ) ;
#175 = FILL_AREA_STYLE ('',( #6663 ) ) ;
#176 = LINE ( 'NONE', #4443, #195 ) ;
#177 = PLANE ( 'NONE',  #852 ) ;
#178 = EDGE_CURVE ( 'NONE', #4682, #2451, #9406, .T. ) ;
#179 = VECTOR ( 'NONE', #7050, 1000.000000000000000 ) ;
#180 =( NAMED_UNIT ( * ) PLANE_ANGLE_UNIT ( ) SI_UNIT ( $, .RADIAN. ) );
#181 = VECTOR ( 'NONE', #6875, 1000.000000000000000 ) ;
#182 = ORIENTED_EDGE ( 'NONE', *, *, #4981, .T. ) ;
#183 = LINE ( 'NONE', #6064, #3390 ) ;
#184 = CARTESIAN_POINT ( 'NONE',  ( -1.099999999999999867, 0.1999999999999999833, -1.149999999999999689 ) ) ;
#185 = CLOSED_SHELL ( 'NONE', ( #7034, #3077, #7202, #2779, #3566, #5971 ) ) ;
#186 = DIRECTION ( 'NONE',  ( -1.000000000000000000, 0.000000000000000000, -5.421010862427523156E-16 ) ) ;
#187 = AXIS2_PLACEMENT_3D ( 'NONE', #26, #8027, #675 ) ;
#188 = ORIENTED_EDGE ( 'NONE', *, *, #8098, .T. ) ;
#189 = CARTESIAN_POINT ( 'NONE',  ( 0.1500000000000008271, 0.2000000000000000111, 1.600000000000000089 ) ) ;
#190 = ADVANCED_FACE ( 'NONE', ( #9342 ), #1938, .T. ) ;
#191 = CARTESIAN_POINT ( 'NONE',  ( 1.099999999999999867, 0.000000000000000000, -1.349999999999999867 ) ) ;
#192 = SURFACE_STYLE_USAGE ( .BOTH. , #4651 ) ;
#193 = CARTESIAN_POINT ( 'NONE',  ( 1.500000000000000000, 0.000000000000000000, 0.3500000000000004774 ) ) ;
#194 = CARTESIAN_POINT ( 'NONE',  ( 0.8500000000000005329, 0.04999999999999999584, -1.600000000000000311 ) ) ;
#195 = VECTOR ( 'NONE', #5218, 1000.000000000000000 ) ;
#196 = AXIS2_PLACEMENT_3D ( 'NONE', #3018, #3083, #7392 ) ;
#197 = ADVANCED_FACE ( 'NONE', ( #8220 ), #5547, .T. ) ;
#198 = ORIENTED_EDGE ( 'NONE', *, *, #5209, .F. ) ;
#199 = CARTESIAN_POINT ( 'NONE',  ( 1.099999999999999867, 0.1999999999999999833, -0.6499999999999998002 ) ) ;
#200 = CARTESIAN_POINT ( 'NONE',  ( -0.4499999999999996780, 0.2000000000000000944, -1.300000000000000266 ) ) ;
#201 = CARTESIAN_POINT ( 'NONE',  ( -1.099999999999999867, 0.1250000000000000000, 1.899999999999999911 ) ) ;
#202 = LINE ( 'NONE', #2571, #6729 ) ;
#203 = VERTEX_POINT ( 'NONE', #469 ) ;
#204 = ORIENTED_EDGE ( 'NONE', *, *, #1691, .F. ) ;
#205 = CARTESIAN_POINT ( 'NONE',  ( 1.099999999999999423, 0.1250000000000011935, -1.899999999999999911 ) ) ;
#206 = CARTESIAN_POINT ( 'NONE',  ( -0.8499999999999996447, 0.000000000000000000, -2.000000000000000000 ) ) ;
#207 = CARTESIAN_POINT ( 'NONE',  ( 1.099999999999999867, 0.000000000000000000, -0.3499999999999998113 ) ) ;
#208 = FACE_OUTER_BOUND ( 'NONE', #493, .T. ) ;
#209 = VECTOR ( 'NONE', #7545, 1000.000000000000000 ) ;
#210 = SURFACE_SIDE_STYLE ('',( #5984 ) ) ;
#211 = EDGE_LOOP ( 'NONE', ( #32, #9326, #2120, #5132 ) ) ;
#212 = DIRECTION ( 'NONE',  ( 0.000000000000000000, -0.000000000000000000, 1.000000000000000000 ) ) ;
#213 = VECTOR ( 'NONE', #6696, 1000.000000000000000 ) ;
#214 = ORIENTED_EDGE ( 'NONE', *, *, #6723, .F. ) ;
#215 = DIRECTION ( 'NONE',  ( 0.000000000000000000, 0.000000000000000000, -1.000000000000000000 ) ) ;
#216 = ORIENTED_EDGE ( 'NONE', *, *, #2755, .F. ) ;
#217 = EDGE_CURVE ( 'NONE', #6705, #8683, #4967, .T. ) ;
#218 = CARTESIAN_POINT ( 'NONE',  ( -1.500000000000000000, 0.000000000000000000, 0.3500000000000004774 ) ) ;
#219 = CARTESIAN_POINT ( 'NONE',  ( -1.250000000000000222, 0.1250000000000000000, -1.899999999999999911 ) ) ;
#220 = DIRECTION ( 'NONE',  ( 0.000000000000000000, 1.000000000000000000, 0.000000000000000000 ) ) ;
#221 = LINE ( 'NONE', #5801, #6631 ) ;
#222 = CARTESIAN_POINT ( 'NONE',  ( -1.500000000000000000, 0.1999999999999999833, 0.3500000000000004774 ) ) ;
#223 = DIRECTION ( 'NONE',  ( -0.000000000000000000, -1.000000000000000000, -0.000000000000000000 ) ) ;
#224 = LINE ( 'NONE', #8921, #43 ) ;
#225 = CARTESIAN_POINT ( 'NONE',  ( -8.131516293641326396E-17, 0.05000000000000000278, 0.1500000000000007716 ) ) ;
#226 = ORIENTED_EDGE ( 'NONE', *, *, #5324, .F. ) ;
#227 = UNCERTAINTY_MEASURE_WITH_UNIT (LENGTH_MEASURE( 1.000000000000000082E-05 ), #939, 'distance_accuracy_value', 'NONE');
#228 = LINE ( 'NONE', #6810, #240 ) ;
#229 = PLANE ( 'NONE',  #8990 ) ;
#230 = DIRECTION ( 'NONE',  ( -1.000000000000000000, 0.000000000000000000, 5.421010862427523156E-16 ) ) ;
#231 = ORIENTED_EDGE ( 'NONE', *, *, #3824, .F. ) ;
#232 = ORIENTED_EDGE ( 'NONE', *, *, #1111, .F. ) ;
#233 = CARTESIAN_POINT ( 'NONE',  ( 1.500000000000000000, 0.1999999999999999833, 1.350000000000000533 ) ) ;
#234 = CARTESIAN_POINT ( 'NONE',  ( 1.399999999999999689, 0.1999999999999999833, 1.750000000000000000 ) ) ;
#235 = DIRECTION ( 'NONE',  ( 1.000000000000000000, 0.000000000000000000, -1.445602896647339163E-16 ) ) ;
#236 = VECTOR ( 'NONE', #8288, 1000.000000000000000 ) ;
#237 = LINE ( 'NONE', #1837, #3270 ) ;
#238 = CARTESIAN_POINT ( 'NONE',  ( 1.249999999999998890, 0.2000000000000013989, -2.000000000000000000 ) ) ;
#239 = CLOSED_SHELL ( 'NONE', ( #6528, #4976, #8749, #6753, #8824, #7677 ) ) ;
#240 = VECTOR ( 'NONE', #8439, 1000.000000000000000 ) ;
#241 = CARTESIAN_POINT ( 'NONE',  ( 0.6500000000000003553, 0.2000000000000000111, -1.600000000000000089 ) ) ;
#242 = ORIENTED_EDGE ( 'NONE', *, *, #9339, .F. ) ;
#243 = ORIENTED_EDGE ( 'NONE', *, *, #4497, .F. ) ;
#244 = PRESENTATION_LAYER_ASSIGNMENT (  '', '', ( #4179 ) ) ;
#245 = SURFACE_SIDE_STYLE ('',( #992 ) ) ;
#246 = DIRECTION ( 'NONE',  ( -5.421010862427520198E-16, 0.000000000000000000, -1.000000000000000000 ) ) ;
#247 = EDGE_CURVE ( 'NONE', #1129, #8345, #8177, .T. ) ;
#248 =( LENGTH_UNIT ( ) NAMED_UNIT ( * ) SI_UNIT ( .MILLI., .METRE. ) );
#249 = MECHANICAL_DESIGN_GEOMETRIC_PRESENTATION_REPRESENTATION (  '', ( #4190 ), #5833 ) ;
#250 = VECTOR ( 'NONE', #4763, 1000.000000000000000 ) ;
#251 = EDGE_CURVE ( 'NONE', #9259, #7129, #5113, .T. ) ;
#252 = LINE ( 'NONE', #971, #6726 ) ;
#253 = ORIENTED_EDGE ( 'NONE', *, *, #9293, .F. ) ;
#254 = CARTESIAN_POINT ( 'NONE',  ( -0.1499999999999990785, 0.000000000000000000, 1.600000000000000311 ) ) ;
#255 = CARTESIAN_POINT ( 'NONE',  ( -1.249999999999999778, 0.1250000000000000000, 2.000000000000000000 ) ) ;
#256 = PLANE ( 'NONE',  #5739 ) ;
#257 = VECTOR ( 'NONE', #2870, 1000.000000000000000 ) ;
#258 = VERTEX_POINT ( 'NONE', #9392 ) ;
#259 = ORIENTED_EDGE ( 'NONE', *, *, #9079, .F. ) ;
#260 = EDGE_CURVE ( 'NONE', #8856, #8444, #1830, .T. ) ;
#261 = ADVANCED_FACE ( 'NONE', ( #8310 ), #1350, .T. ) ;
#262 = CARTESIAN_POINT ( 'NONE',  ( -1.249999999999999778, 0.1250000000000000000, 1.899999999999999911 ) ) ;
#263 = CARTESIAN_POINT ( 'NONE',  ( 0.8500000000000009770, 0.2000000000000000111, 1.600000000000000311 ) ) ;
#264 = CARTESIAN_POINT ( 'NONE',  ( 0.8500000000000005329, 0.1999999999999999833, -1.600000000000000311 ) ) ;
#265 = EDGE_CURVE ( 'NONE', #3524, #1202, #8407, .T. ) ;
#266 = ADVANCED_FACE ( 'NONE', ( #8357 ), #5013, .F. ) ;
#268 = FACE_OUTER_BOUND ( 'NONE', #6067, .T. ) ;
#267 = MECHANICAL_DESIGN_GEOMETRIC_PRESENTATION_REPRESENTATION (  '', ( #6948 ), #7730 ) ;
#269 = LINE ( 'NONE', #2502, #286 ) ;
#270 = ORIENTED_EDGE ( 'NONE', *, *, #2632, .T. ) ;
#271 = SURFACE_STYLE_FILL_AREA ( #8787 ) ;
#272 = EDGE_CURVE ( 'NONE', #2604, #539, #5030, .T. ) ;
#273 = VERTEX_POINT ( 'NONE', #9460 ) ;
#274 = CARTESIAN_POINT ( 'NONE',  ( 1.499999999999999778, 0.1999999999999999833, 1.600000000000000089 ) ) ;
#275 = ORIENTED_EDGE ( 'NONE', *, *, #276, .F. ) ;
#276 = EDGE_CURVE ( 'NONE', #3785, #7536, #1788, .T. ) ;
#277 = EDGE_CURVE ( 'NONE', #3436, #4991, #2027, .T. ) ;
#278 = CARTESIAN_POINT ( 'NONE',  ( -1.500000000000000444, 0.2000000000000005107, 1.600000000000000089 ) ) ;
#279 = EDGE_CURVE ( 'NONE', #6050, #6820, #5246, .T. ) ;
#280 = CARTESIAN_POINT ( 'NONE',  ( -1.099999999999999867, 0.6472135954999583829, 0.8500000000000003109 ) ) ;
#281 = AXIS2_PLACEMENT_3D ( 'NONE', #9374, #8549, #5829 ) ;
#282 = VECTOR ( 'NONE', #5666, 1000.000000000000000 ) ;
#283 = CARTESIAN_POINT ( 'NONE',  ( 1.499999999999999778, 0.1250000000000000000, -1.600000000000000089 ) ) ;
#284 = DIRECTION ( 'NONE',  ( -1.000000000000000000, 0.000000000000000000, 1.084202172485504040E-15 ) ) ;
#285 = SURFACE_STYLE_FILL_AREA ( #6024 ) ;
#286 = VECTOR ( 'NONE', #3094, 1000.000000000000000 ) ;
#287 = CARTESIAN_POINT ( 'NONE',  ( -0.1499999999999990785, 0.6472135954999580498, 1.600000000000000311 ) ) ;
#288 = ORIENTED_EDGE ( 'NONE', *, *, #851, .F. ) ;
#289 = LINE ( 'NONE', #4604, #3373 ) ;
#290 = DIRECTION ( 'NONE',  ( 0.000000000000000000, -1.000000000000000000, 0.000000000000000000 ) ) ;
#291 = CARTESIAN_POINT ( 'NONE',  ( 0.000000000000000000, 0.000000000000000000, 1.000000000000000000 ) ) ;
#292 = CLOSED_SHELL ( 'NONE', ( #1951, #3796, #7387, #8725, #7109, #2851 ) ) ;
#293 = PRODUCT_DEFINITION ( 'UNKNOWN', '', #3533, #9322 ) ;
#294 = ORIENTED_EDGE ( 'NONE', *, *, #9223, .T. ) ;
#295 = APPLICATION_PROTOCOL_DEFINITION ( 'draft international standard', 'automotive_design', 1998, #3861 ) ;
#296 = CARTESIAN_POINT ( 'NONE',  ( 1.099999999999999867, 0.000000000000000000, 0.3500000000000002554 ) ) ;
#297 = EDGE_CURVE ( 'NONE', #7448, #1094, #5201, .T. ) ;
#298 = CARTESIAN_POINT ( 'NONE',  ( -1.499999999999999778, 0.1999999999999999833, -0.3500000000000000333 ) ) ;
#299 = LINE ( 'NONE', #3102, #3554 ) ;
#300 = DIRECTION ( 'NONE',  ( -0.000000000000000000, 1.000000000000000000, -0.000000000000000000 ) ) ;
#301 = STYLED_ITEM ( 'NONE', ( #2747 ), #982 ) ;
#302 = CARTESIAN_POINT ( 'NONE',  ( 1.499999999999999778, 0.000000000000000000, 0.1499999999999999667 ) ) ;
#303 = COLOUR_RGB ( '',1.000000000000000000, 0.5019607843137254832, 0.5019607843137254832 ) ;
#304 = EDGE_LOOP ( 'NONE', ( #4633, #7691, #1225, #4265, #7223, #7551, #4485, #1025, #4507, #1324, #915, #4178, #950, #4446, #1193, #7544, #1076, #7675, #966, #4286, #4536, #4319, #1215, #4526, #4074, #4275, #1449, #6806 ) ) ;
#305 = FACE_OUTER_BOUND ( 'NONE', #4062, .T. ) ;
#306 = FILL_AREA_STYLE ('',( #6270 ) ) ;
#307 = VERTEX_POINT ( 'NONE', #5793 ) ;
#308 = VERTEX_POINT ( 'NONE', #8685 ) ;
#309 = DIRECTION ( 'NONE',  ( -1.000000000000000000, -1.084202172485504828E-15, 0.000000000000000000 ) ) ;
#310 = AXIS2_PLACEMENT_3D ( 'NONE', #1219, #5864, #6570 ) ;
#311 = DIRECTION ( 'NONE',  ( -1.000000000000000000, 0.000000000000000000, -5.421010862427524019E-17 ) ) ;
#312 =( NAMED_UNIT ( * ) SI_UNIT ( $, .STERADIAN. ) SOLID_ANGLE_UNIT ( ) );
#313 = LINE ( 'NONE', #9025, #3872 ) ;
#314 = COLOUR_RGB ( '',0.7921568627450980005, 0.8196078431372548767, 0.9333333333333333481 ) ;
#315 = ORIENTED_EDGE ( 'NONE', *, *, #2861, .F. ) ;
#316 = DIRECTION ( 'NONE',  ( -1.000000000000000000, -5.782411586589358822E-15, 1.445602896647339163E-16 ) ) ;
#317 = CARTESIAN_POINT ( 'NONE',  ( 1.500000000000000000, 0.6472135954999583829, 0.8500000000000005329 ) ) ;
#318 = DIRECTION ( 'NONE',  ( -1.000000000000000000, 0.000000000000000000, -5.421010862427523156E-16 ) ) ;
#319 = VECTOR ( 'NONE', #1040, 1000.000000000000000 ) ;
#320 = ADVANCED_FACE ( 'NONE', ( #8253 ), #2820, .T. ) ;
#321 = ORIENTED_EDGE ( 'NONE', *, *, #2598, .F. ) ;
#322 = EDGE_LOOP ( 'NONE', ( #8416, #5334, #321, #231 ) ) ;
#323 = DIRECTION ( 'NONE',  ( 0.000000000000000000, -0.000000000000000000, -1.000000000000000000 ) ) ;
#324 = CARTESIAN_POINT ( 'NONE',  ( -1.500000000000000444, 0.05000000000000000278, 2.000000000000000000 ) ) ;
#325 = PLANE ( 'NONE',  #8797 ) ;
#326 = CARTESIAN_POINT ( 'NONE',  ( 0.7500000000000000000, 0.000000000000000000, -1.300000000000000266 ) ) ;
#327 = PRESENTATION_STYLE_ASSIGNMENT (( #7456 ) ) ;
#328 = EDGE_CURVE ( 'NONE', #412, #8881, #5015, .T. ) ;
#329 = VERTEX_POINT ( 'NONE', #2700 ) ;
#330 = EDGE_CURVE ( 'NONE', #6136, #3420, #1740, .T. ) ;
#331 = PLANE ( 'NONE',  #4878 ) ;
#332 = COLOUR_RGB ( '',0.7921568627450980005, 0.8196078431372548767, 0.9333333333333333481 ) ;
#333 = ORIENTED_EDGE ( 'NONE', *, *, #6601, .F. ) ;
#334 = CARTESIAN_POINT ( 'NONE',  ( 0.1500000000000003830, 0.000000000000000000, -1.600000000000000089 ) ) ;
#335 = VERTEX_POINT ( 'NONE', #1907 ) ;
#336 = DIRECTION ( 'NONE',  ( -1.000000000000000000, 0.000000000000000000, -1.084202172485504040E-15 ) ) ;
#337 = ADVANCED_FACE ( 'NONE', ( #8150 ), #4139, .F. ) ;
#338 = UNCERTAINTY_MEASURE_WITH_UNIT (LENGTH_MEASURE( 1.000000000000000082E-05 ), #7114, 'distance_accuracy_value', 'NONE');
#339 = CARTESIAN_POINT ( 'NONE',  ( 0.000000000000000000, 0.000000000000000000, 1.500000000000000000 ) ) ;
#340 = CARTESIAN_POINT ( 'NONE',  ( -1.500000000000000000, 0.1999999999999999833, -0.6499999999999995781 ) ) ;
#341 = FILL_AREA_STYLE ('',( #3104 ) ) ;
#342 = LINE ( 'NONE', #5777, #3499 ) ;
#343 = LINE ( 'NONE', #8333, #6494 ) ;
#344 = DIRECTION ( 'NONE',  ( 1.000000000000000000, 0.000000000000000000, -5.421010862427523156E-16 ) ) ;
#345 = ORIENTED_EDGE ( 'NONE', *, *, #73, .T. ) ;
#346 = FACE_OUTER_BOUND ( 'NONE', #4373, .T. ) ;
#347 = DIRECTION ( 'NONE',  ( -5.421010862427522170E-17, -0.000000000000000000, 1.000000000000000000 ) ) ;
#348 = ORIENTED_EDGE ( 'NONE', *, *, #4598, .T. ) ;
#349 = AXIS2_PLACEMENT_3D ( 'NONE', #3742, #7206, #8057 ) ;
#350 = VERTEX_POINT ( 'NONE', #4354 ) ;
#351 = CARTESIAN_POINT ( 'NONE',  ( -1.099999999999999867, 0.05000000000000002359, -1.349999999999999867 ) ) ;
#352 = CARTESIAN_POINT ( 'NONE',  ( -1.099999999999999867, 0.6472135954999583829, 1.150000000000000133 ) ) ;
#353 = DIRECTION ( 'NONE',  ( 0.000000000000000000, 0.000000000000000000, -1.000000000000000000 ) ) ;
#354 = VECTOR ( 'NONE', #3719, 1000.000000000000000 ) ;
#355 = CARTESIAN_POINT ( 'NONE',  ( -1.500000000000000000, 0.000000000000000000, -0.1499999999999995226 ) ) ;
#356 = MECHANICAL_DESIGN_GEOMETRIC_PRESENTATION_REPRESENTATION (  '', ( #2949 ), #6811 ) ;
#357 = VECTOR ( 'NONE', #7419, 1000.000000000000000 ) ;
#358 = DIRECTION ( 'NONE',  ( -1.000000000000000000, 0.000000000000000000, -2.891205793294678326E-16 ) ) ;
#359 = ORIENTED_EDGE ( 'NONE', *, *, #7882, .F. ) ;
#360 = LINE ( 'NONE', #8975, #6690 ) ;
#361 = CARTESIAN_POINT ( 'NONE',  ( -1.499999999999999778, 0.000000000000000000, -1.350000000000000089 ) ) ;
#362 = VERTEX_POINT ( 'NONE', #5849 ) ;
#363 = EDGE_CURVE ( 'NONE', #4523, #5937, #1995, .T. ) ;
#364 = ORIENTED_EDGE ( 'NONE', *, *, #5817, .T. ) ;
#365 = DIRECTION ( 'NONE',  ( 1.000000000000000000, 0.000000000000000000, -2.710505431213761578E-16 ) ) ;
#366 = AXIS2_PLACEMENT_3D ( 'NONE', #4113, #3765, #2402 ) ;
#367 =( NAMED_UNIT ( * ) PLANE_ANGLE_UNIT ( ) SI_UNIT ( $, .RADIAN. ) );
#368 = PLANE ( 'NONE',  #2976 ) ;
#369 = EDGE_CURVE ( 'NONE', #957, #907, #1801, .T. ) ;
#370 = CARTESIAN_POINT ( 'NONE',  ( 1.099999999999999867, 0.1999999999999999833, 1.350000000000000311 ) ) ;
#371 = LINE ( 'NONE', #6823, #445 ) ;
#372 = VECTOR ( 'NONE', #4701, 1000.000000000000000 ) ;
#373 = EDGE_CURVE ( 'NONE', #6454, #4503, #1847, .T. ) ;
#374 = LINE ( 'NONE', #3988, #3814 ) ;
#375 = ORIENTED_EDGE ( 'NONE', *, *, #6434, .T. ) ;
#376 = SURFACE_STYLE_FILL_AREA ( #9566 ) ;
#377 = ORIENTED_EDGE ( 'NONE', *, *, #6830, .F. ) ;
#378 = ORIENTED_EDGE ( 'NONE', *, *, #3295, .F. ) ;
#379 = EDGE_CURVE ( 'NONE', #7834, #6399, #4920, .T. ) ;
#380 = STYLED_ITEM ( 'NONE', ( #9119 ), #7034 ) ;
#381 = DIRECTION ( 'NONE',  ( 0.000000000000000000, -1.000000000000000000, 0.000000000000000000 ) ) ;
#382 = DIRECTION ( 'NONE',  ( 5.782411586589358822E-15, -1.000000000000000000, 0.000000000000000000 ) ) ;
#383 = UNCERTAINTY_MEASURE_WITH_UNIT (LENGTH_MEASURE( 1.000000000000000082E-05 ), #9331, 'distance_accuracy_value', 'NONE');
#384 =( NAMED_UNIT ( * ) SI_UNIT ( $, .STERADIAN. ) SOLID_ANGLE_UNIT ( ) );
#385 = EDGE_CURVE ( 'NONE', #4299, #5204, #1757, .T. ) ;
#386 = FACE_OUTER_BOUND ( 'NONE', #8182, .T. ) ;
#387 = EDGE_CURVE ( 'NONE', #4463, #6361, #8292, .T. ) ;
#388 = FACE_OUTER_BOUND ( 'NONE', #6526, .T. ) ;
#389 = ORIENTED_EDGE ( 'NONE', *, *, #6090, .F. ) ;
#390 = EDGE_CURVE ( 'NONE', #8208, #9367, #5232, .T. ) ;
#391 =( NAMED_UNIT ( * ) SI_UNIT ( $, .STERADIAN. ) SOLID_ANGLE_UNIT ( ) );
#392 = PRESENTATION_STYLE_ASSIGNMENT (( #3614 ) ) ;
#393 =( NAMED_UNIT ( * ) SI_UNIT ( $, .STERADIAN. ) SOLID_ANGLE_UNIT ( ) );
#394 = ORIENTED_EDGE ( 'NONE', *, *, #7896, .F. ) ;
#395 = CARTESIAN_POINT ( 'NONE',  ( -0.1499999999999989952, 0.2000000000000000111, 2.000000000000000000 ) ) ;
#396 = AXIS2_PLACEMENT_3D ( 'NONE', #54, #2313, #9053 ) ;
#397 = ORIENTED_EDGE ( 'NONE', *, *, #3863, .F. ) ;
#398 = CARTESIAN_POINT ( 'NONE',  ( -0.6499999999999995781, 0.2000000000000000111, -2.000000000000000000 ) ) ;
#399 = ADVANCED_FACE ( 'NONE', ( #1892 ), #5978, .T. ) ;
#400 = FILL_AREA_STYLE_COLOUR ( '', #8925 ) ;
#401 = VECTOR ( 'NONE', #3995, 1000.000000000000000 ) ;
#402 =( GEOMETRIC_REPRESENTATION_CONTEXT ( 3 ) GLOBAL_UNCERTAINTY_ASSIGNED_CONTEXT ( ( #6559 ) ) GLOBAL_UNIT_ASSIGNED_CONTEXT ( ( #4773, #6828, #6259 ) ) REPRESENTATION_CONTEXT ( 'NONE', 'WORKASPACE' ) );
#403 = DIRECTION ( 'NONE',  ( -5.421010862427523156E-16, 0.000000000000000000, 1.000000000000000000 ) ) ;
#404 = DIRECTION ( 'NONE',  ( 0.000000000000000000, -1.000000000000000000, 0.000000000000000000 ) ) ;
#405 = FACE_OUTER_BOUND ( 'NONE', #7320, .T. ) ;
#406 = LINE ( 'NONE', #5250, #3601 ) ;
#407 = CARTESIAN_POINT ( 'NONE',  ( 1.500000000000000000, 0.1999999999999999833, 0.8500000000000005329 ) ) ;
#408 = EDGE_LOOP ( 'NONE', ( #8579, #8034, #1698, #2741 ) ) ;
#409 = EDGE_CURVE ( 'NONE', #620, #7389, #8275, .T. ) ;
#410 = VECTOR ( 'NONE', #2930, 1000.000000000000000 ) ;
#411 = CARTESIAN_POINT ( 'NONE',  ( -1.232294901687515987, 0.1999999999999999833, -1.750000000000000000 ) ) ;
#412 = VERTEX_POINT ( 'NONE', #3190 ) ;
#413 = EDGE_LOOP ( 'NONE', ( #6380, #9140, #3007, #9358 ) ) ;
#414 = DIRECTION ( 'NONE',  ( -0.000000000000000000, -1.000000000000000000, -0.000000000000000000 ) ) ;
#415 = EDGE_CURVE ( 'NONE', #3544, #2767, #5097, .T. ) ;
#416 = ADVANCED_FACE ( 'NONE', ( #8207 ), #655, .F. ) ;
#417 = DIRECTION ( 'NONE',  ( 0.000000000000000000, 1.000000000000000000, 0.000000000000000000 ) ) ;
#418 = CARTESIAN_POINT ( 'NONE',  ( -1.500000000000000222, 0.1999999999999999833, -1.750000000000000000 ) ) ;
#419 = DIRECTION ( 'NONE',  ( -1.000000000000000000, 0.000000000000000000, 5.421010862427520198E-16 ) ) ;
#420 = CARTESIAN_POINT ( 'NONE',  ( 1.500000000000000000, 0.6472135954999583829, -1.149999999999999467 ) ) ;
#421 = FACE_OUTER_BOUND ( 'NONE', #3087, .T. ) ;
#422 = CARTESIAN_POINT ( 'NONE',  ( -1.099999999999999867, 0.1999999999999999833, 0.8500000000000003109 ) ) ;
#423 = VECTOR ( 'NONE', #6360, 1000.000000000000000 ) ;
#424 = DIRECTION ( 'NONE',  ( -0.000000000000000000, -1.000000000000000000, -0.000000000000000000 ) ) ;
#425 = LINE ( 'NONE', #6306, #3769 ) ;
#426 = ORIENTED_EDGE ( 'NONE', *, *, #1370, .T. ) ;
#427 = PRESENTATION_LAYER_ASSIGNMENT (  '', '', ( #1671 ) ) ;
#428 = FILL_AREA_STYLE_COLOUR ( '', #8538 ) ;
#429 = VERTEX_POINT ( 'NONE', #2945 ) ;
#430 = ORIENTED_EDGE ( 'NONE', *, *, #1261, .F. ) ;
#431 = DIRECTION ( 'NONE',  ( -1.000000000000000000, -0.000000000000000000, 5.421010862427523156E-16 ) ) ;
#432 = CARTESIAN_POINT ( 'NONE',  ( 1.399999999999999689, 0.1250000000000000000, -1.750000000000000000 ) ) ;
#433 = PLANE ( 'NONE',  #5852 ) ;
#434 = VECTOR ( 'NONE', #2589, 1000.000000000000000 ) ;
#435 = LINE ( 'NONE', #8286, #6931 ) ;
#436 = ORIENTED_EDGE ( 'NONE', *, *, #1945, .T. ) ;
#437 = CARTESIAN_POINT ( 'NONE',  ( -1.734723475976805714E-15, 0.05000000000000000278, -1.599999999999999423 ) ) ;
#438 = CARTESIAN_POINT ( 'NONE',  ( 0.000000000000000000, 0.2000000000000000111, 0.000000000000000000 ) ) ;
#439 = DIRECTION ( 'NONE',  ( 0.000000000000000000, -0.000000000000000000, 1.000000000000000000 ) ) ;
#440 = LINE ( 'NONE', #2839, #683 ) ;
#441 = VERTEX_POINT ( 'NONE', #7671 ) ;
#442 = EDGE_LOOP ( 'NONE', ( #543, #879, #1305, #4822 ) ) ;
#443 = DIRECTION ( 'NONE',  ( 0.000000000000000000, 1.000000000000000000, 0.000000000000000000 ) ) ;
#444 = CARTESIAN_POINT ( 'NONE',  ( 1.500000000000000000, 0.000000000000000000, 0.000000000000000000 ) ) ;
#445 = VECTOR ( 'NONE', #161, 1000.000000000000000 ) ;
#446 = DIRECTION ( 'NONE',  ( -1.084202172485501673E-15, 0.000000000000000000, 1.000000000000000000 ) ) ;
#447 = LINE ( 'NONE', #570, #3733 ) ;
#448 = SURFACE_STYLE_FILL_AREA ( #1681 ) ;
#449 = ORIENTED_EDGE ( 'NONE', *, *, #4490, .F. ) ;
#450 = CARTESIAN_POINT ( 'NONE',  ( -0.6499999999999991340, 0.2000000000000000111, 1.600000000000000311 ) ) ;
#451 = VECTOR ( 'NONE', #5738, 1000.000000000000000 ) ;
#452 = UNCERTAINTY_MEASURE_WITH_UNIT (LENGTH_MEASURE( 1.000000000000000082E-05 ), #8351, 'distance_accuracy_value', 'NONE');
#453 = EDGE_LOOP ( 'NONE', ( #9108, #3215, #2906, #6388 ) ) ;
#454 = CARTESIAN_POINT ( 'NONE',  ( 1.500000000000000000, 0.1999999999999999833, 0.3500000000000004774 ) ) ;
#455 = ORIENTED_EDGE ( 'NONE', *, *, #1770, .F. ) ;
#456 = STYLED_ITEM ( 'NONE', ( #7797 ), #5972 ) ;
#457 = DIRECTION ( 'NONE',  ( 0.000000000000000000, -1.000000000000000000, 0.000000000000000000 ) ) ;
#458 = DIRECTION ( 'NONE',  ( 5.421010862427523156E-16, -0.000000000000000000, 1.000000000000000000 ) ) ;
#459 =( NAMED_UNIT ( * ) SI_UNIT ( $, .STERADIAN. ) SOLID_ANGLE_UNIT ( ) );
#460 = PRESENTATION_LAYER_ASSIGNMENT (  '', '', ( #8501 ) ) ;
#461 = EDGE_CURVE ( 'NONE', #3941, #9332, #8369, .T. ) ;
#462 = PLANE ( 'NONE',  #7637 ) ;
#463 = DIRECTION ( 'NONE',  ( 0.000000000000000000, 0.000000000000000000, 1.000000000000000000 ) ) ;
#464 = LINE ( 'NONE', #3110, #6930 ) ;
#465 = VECTOR ( 'NONE', #6365, 1000.000000000000000 ) ;
#466 = VERTEX_POINT ( 'NONE', #6615 ) ;
#467 = VECTOR ( 'NONE', #2891, 1000.000000000000000 ) ;
#468 = PLANE ( 'NONE',  #5551 ) ;
#469 = CARTESIAN_POINT ( 'NONE',  ( -1.400000000000000133, 0.1250000000000000000, -1.750000000000000000 ) ) ;
#470 = ORIENTED_EDGE ( 'NONE', *, *, #1261, .T. ) ;
#471 = EDGE_LOOP ( 'NONE', ( #1475, #4277, #7255, #7414 ) ) ;
#472 = CARTESIAN_POINT ( 'NONE',  ( 1.099999999999999867, 0.1999999999999999833, 1.350000000000000311 ) ) ;
#473 =( LENGTH_UNIT ( ) NAMED_UNIT ( * ) SI_UNIT ( .MILLI., .METRE. ) );
#474 = ADVANCED_FACE ( 'NONE', ( #4951, #1970, #8137 ), #7283, .F. ) ;
#475 = DIRECTION ( 'NONE',  ( -5.421010862427520198E-16, 0.000000000000000000, -1.000000000000000000 ) ) ;
#476 = FILL_AREA_STYLE ('',( #4010 ) ) ;
#477 = EDGE_CURVE ( 'NONE', #1869, #3017, #5044, .T. ) ;
#479 = LINE ( 'NONE', #7718, #3671 ) ;
#478 = AXIS2_PLACEMENT_3D ( 'NONE', #4451, #3648, #22 ) ;
#480 = ORIENTED_EDGE ( 'NONE', *, *, #1139, .F. ) ;
#481 = EDGE_CURVE ( 'NONE', #4196, #2782, #8164, .T. ) ;
#482 = ORIENTED_EDGE ( 'NONE', *, *, #9484, .F. ) ;
#483 = ORIENTED_EDGE ( 'NONE', *, *, #5209, .T. ) ;
#484 = EDGE_CURVE ( 'NONE', #6255, #9177, #1775, .T. ) ;
#485 = EDGE_LOOP ( 'NONE', ( #8330, #5502, #8809, #2691 ) ) ;
#486 = DIRECTION ( 'NONE',  ( 0.000000000000000000, 1.000000000000000000, 0.000000000000000000 ) ) ;
#487 = CARTESIAN_POINT ( 'NONE',  ( 0.3500000000000004774, 0.000000000000000000, -1.600000000000000311 ) ) ;
#488 = ADVANCED_FACE ( 'NONE', ( #1816 ), #5373, .T. ) ;
#489 = EDGE_CURVE ( 'NONE', #1834, #8211, #8601, .T. ) ;
#490 = DIRECTION ( 'NONE',  ( 0.000000000000000000, 1.000000000000000000, 0.000000000000000000 ) ) ;
#491 = FACE_BOUND ( 'NONE', #2018, .T. ) ;
#492 = VECTOR ( 'NONE', #8740, 1000.000000000000000 ) ;
#493 = EDGE_LOOP ( 'NONE', ( #4665, #8265, #7804, #1818 ) ) ;
#494 = CARTESIAN_POINT ( 'NONE',  ( -1.499999999999999778, 0.1999999999999999833, -1.350000000000000089 ) ) ;
#495 = EDGE_CURVE ( 'NONE', #1492, #2793, #2305, .T. ) ;
#496 = AXIS2_PLACEMENT_3D ( 'NONE', #7550, #1392, #6464 ) ;
#497 = DIRECTION ( 'NONE',  ( 1.084202172485504828E-15, -1.000000000000000000, -1.567325801096383855E-31 ) ) ;
#498 = VECTOR ( 'NONE', #2752, 1000.000000000000000 ) ;
#499 = EDGE_LOOP ( 'NONE', ( #8662, #4664, #4137, #7121 ) ) ;
#500 = VERTEX_POINT ( 'NONE', #6604 ) ;
#501 = VERTEX_POINT ( 'NONE', #3616 ) ;
#502 = EDGE_CURVE ( 'NONE', #1178, #3544, #8589, .T. ) ;
#503 = SURFACE_STYLE_USAGE ( .BOTH. , #764 ) ;
#504 = PLANE ( 'NONE',  #1484 ) ;
#505 = DIRECTION ( 'NONE',  ( -1.000000000000000000, 0.000000000000000000, 5.421010862427523156E-16 ) ) ;
#506 = STYLED_ITEM ( 'NONE', ( #6594 ), #1220 ) ;
#507 = CARTESIAN_POINT ( 'NONE',  ( 1.499999999999999778, 0.1250000000000000000, 1.750000000000000000 ) ) ;
#508 = LINE ( 'NONE', #3444, #679 ) ;
#509 = VERTEX_POINT ( 'NONE', #6028 ) ;
#510 = PLANE ( 'NONE',  #281 ) ;
#511 = VERTEX_POINT ( 'NONE', #923 ) ;
#512 = ORIENTED_EDGE ( 'NONE', *, *, #6305, .F. ) ;
#513 = DIRECTION ( 'NONE',  ( -1.084202172485501673E-15, 0.000000000000000000, -1.000000000000000000 ) ) ;
#514 = ORIENTED_EDGE ( 'NONE', *, *, #73, .F. ) ;
#515 = DIRECTION ( 'NONE',  ( -0.000000000000000000, -1.000000000000000000, -0.000000000000000000 ) ) ;
#516 = DIRECTION ( 'NONE',  ( -0.000000000000000000, -1.000000000000000000, -0.000000000000000000 ) ) ;
#517 = DIRECTION ( 'NONE',  ( -1.000000000000000000, 0.000000000000000000, -0.000000000000000000 ) ) ;
#518 = PLANE ( 'NONE',  #6876 ) ;
#519 = CARTESIAN_POINT ( 'NONE',  ( -1.099999999999999867, 0.6472135954999583829, -1.149999999999999689 ) ) ;
#520 = LINE ( 'NONE', #1679, #6918 ) ;
#521 = FACE_OUTER_BOUND ( 'NONE', #9529, .T. ) ;
#522 = SURFACE_STYLE_USAGE ( .BOTH. , #650 ) ;
#523 = EDGE_LOOP ( 'NONE', ( #8313, #1459, #7528, #4504 ) ) ;
#524 = VECTOR ( 'NONE', #8050, 1000.000000000000000 ) ;
#525 = CARTESIAN_POINT ( 'NONE',  ( -1.400000000000000133, 0.1250000000000000000, -1.750000000000000000 ) ) ;
#526 = VERTEX_POINT ( 'NONE', #7576 ) ;
#527 = VERTEX_POINT ( 'NONE', #3049 ) ;
#528 = ORIENTED_EDGE ( 'NONE', *, *, #8611, .F. ) ;
#529 = MANIFOLD_SOLID_BREP ( 'Boss-Extrude5[2]', #3594 ) ;
#530 =( NAMED_UNIT ( * ) SI_UNIT ( $, .STERADIAN. ) SOLID_ANGLE_UNIT ( ) );
#531 = PLANE ( 'NONE',  #9291 ) ;
#532 = DIRECTION ( 'NONE',  ( -0.000000000000000000, 0.000000000000000000, -1.000000000000000000 ) ) ;
#533 = DIRECTION ( 'NONE',  ( 1.000000000000000000, -0.000000000000000000, -0.000000000000000000 ) ) ;
#534 = PLANE ( 'NONE',  #7022 ) ;
#535 = CARTESIAN_POINT ( 'NONE',  ( 1.099999999999999867, 0.1999999999999999833, 1.150000000000000133 ) ) ;
#536 = FACE_OUTER_BOUND ( 'NONE', #7615, .T. ) ;
#537 = CARTESIAN_POINT ( 'NONE',  ( -0.7500000000000000000, 0.000000000000000000, -1.300000000000000266 ) ) ;
#538 = LINE ( 'NONE', #2932, #6964 ) ;
#539 = VERTEX_POINT ( 'NONE', #7354 ) ;
#540 = LINE ( 'NONE', #8186, #3592 ) ;
#541 = ADVANCED_FACE ( 'NONE', ( #5263 ), #8173, .F. ) ;
#542 = CARTESIAN_POINT ( 'NONE',  ( -1.400000000000000133, 0.1999999999999999833, -1.600000000000000089 ) ) ;
#543 = ORIENTED_EDGE ( 'NONE', *, *, #8894, .F. ) ;
#544 = ORIENTED_EDGE ( 'NONE', *, *, #8316, .F. ) ;
#545 = VERTEX_POINT ( 'NONE', #1744 ) ;
#546 = CARTESIAN_POINT ( 'NONE',  ( -0.6499999999999990230, 0.1999999999999999833, 2.000000000000000000 ) ) ;
#547 = FILL_AREA_STYLE ('',( #9479 ) ) ;
#548 = SURFACE_SIDE_STYLE ('',( #8995 ) ) ;
#549 = EDGE_CURVE ( 'NONE', #501, #4716, #8492, .T. ) ;
#550 = ADVANCED_FACE ( 'NONE', ( #8697 ), #2454, .F. ) ;
#551 = DIRECTION ( 'NONE',  ( -1.000000000000000000, 0.000000000000000000, 5.421010862427520198E-16 ) ) ;
#552 = DIRECTION ( 'NONE',  ( -1.000000000000000000, 0.000000000000000000, -5.421010862427524019E-17 ) ) ;
#553 = ADVANCED_FACE ( 'NONE', ( #5535, #5311, #2104 ), #3292, .F. ) ;
#554 = ORIENTED_EDGE ( 'NONE', *, *, #6410, .T. ) ;
#555 =( NAMED_UNIT ( * ) SI_UNIT ( $, .STERADIAN. ) SOLID_ANGLE_UNIT ( ) );
#556 = CARTESIAN_POINT ( 'NONE',  ( -0.6499999999999990230, 0.2000000000000000111, 2.000000000000000000 ) ) ;
#557 = VECTOR ( 'NONE', #2188, 1000.000000000000000 ) ;
#558 = ORIENTED_EDGE ( 'NONE', *, *, #3716, .T. ) ;
#559 = VERTEX_POINT ( 'NONE', #5558 ) ;
#560 = ORIENTED_EDGE ( 'NONE', *, *, #9304, .T. ) ;
#561 = FILL_AREA_STYLE_COLOUR ( '', #2528 ) ;
#562 = CARTESIAN_POINT ( 'NONE',  ( -1.500000000000000222, 0.1999999999999999833, 1.600000000000000089 ) ) ;
#563 = DIRECTION ( 'NONE',  ( 1.084202172485501673E-15, 0.000000000000000000, -1.000000000000000000 ) ) ;
#564 = AXIS2_PLACEMENT_3D ( 'NONE', #2827, #9530, #2952 ) ;
#565 = ADVANCED_FACE ( 'NONE', ( #8550 ), #6208, .F. ) ;
#566 = PRESENTATION_STYLE_ASSIGNMENT (( #2186 ) ) ;
#567 = FACE_OUTER_BOUND ( 'NONE', #3741, .T. ) ;
#568 = ORIENTED_EDGE ( 'NONE', *, *, #3844, .F. ) ;
#569 = SURFACE_STYLE_USAGE ( .BOTH. , #2122 ) ;
#570 = CARTESIAN_POINT ( 'NONE',  ( 1.099999999999999867, 0.000000000000000000, -0.1499999999999997446 ) ) ;
#571 = ORIENTED_EDGE ( 'NONE', *, *, #8736, .F. ) ;
#572 = EDGE_LOOP ( 'NONE', ( #2261, #8659, #7779, #7064 ) ) ;
#573 = VERTEX_POINT ( 'NONE', #298 ) ;
#574 = EDGE_CURVE ( 'NONE', #4285, #8640, #2351, .T. ) ;
#575 = AXIS2_PLACEMENT_3D ( 'NONE', #6636, #3646, #9541 ) ;
#576 = EDGE_CURVE ( 'NONE', #2946, #526, #2130, .T. ) ;
#577 = CARTESIAN_POINT ( 'NONE',  ( 1.249999999999999778, 0.1250000000000013600, 1.732294901687515321 ) ) ;
#578 = CARTESIAN_POINT ( 'NONE',  ( 1.499999999999999778, 0.1999999999999996503, 0.6499999999999998002 ) ) ;
#579 =( NAMED_UNIT ( * ) PLANE_ANGLE_UNIT ( ) SI_UNIT ( $, .RADIAN. ) );
#580 = DIRECTION ( 'NONE',  ( 0.000000000000000000, -1.000000000000000000, 0.000000000000000000 ) ) ;
#581 = VECTOR ( 'NONE', #7346, 1000.000000000000000 ) ;
#582 = EDGE_CURVE ( 'NONE', #6694, #8810, #5356, .T. ) ;
#583 = VECTOR ( 'NONE', #457, 1000.000000000000000 ) ;
#584 = ORIENTED_EDGE ( 'NONE', *, *, #7113, .T. ) ;
#585 = COLOUR_RGB ( '',0.7921568627450980005, 0.8196078431372548767, 0.9333333333333333481 ) ;
#586 = PLANE ( 'NONE',  #8113 ) ;
#587 = DIRECTION ( 'NONE',  ( -1.000000000000000000, 0.000000000000000000, -5.421010862427524019E-17 ) ) ;
#588 = ORIENTED_EDGE ( 'NONE', *, *, #6084, .F. ) ;
#589 = ORIENTED_EDGE ( 'NONE', *, *, #4467, .T. ) ;
#590 = ORIENTED_EDGE ( 'NONE', *, *, #5866, .T. ) ;
#591 = DIRECTION ( 'NONE',  ( 1.000000000000000000, 0.000000000000000000, -0.000000000000000000 ) ) ;
#592 = EDGE_CURVE ( 'NONE', #7013, #7029, #8735, .T. ) ;
#593 = CARTESIAN_POINT ( 'NONE',  ( 0.3500000000000009215, 0.6472135954999580498, 1.600000000000000311 ) ) ;
#594 = AXIS2_PLACEMENT_3D ( 'NONE', #1070, #7149, #1870 ) ;
#595 = DIRECTION ( 'NONE',  ( 0.000000000000000000, -1.000000000000000000, 0.000000000000000000 ) ) ;
#596 = EDGE_CURVE ( 'NONE', #85, #9259, #5382, .T. ) ;
#597 = DIRECTION ( 'NONE',  ( -1.000000000000000000, 0.000000000000000000, 1.084202172485504040E-15 ) ) ;
#598 = DIRECTION ( 'NONE',  ( 0.000000000000000000, 0.000000000000000000, 1.000000000000000000 ) ) ;
#599 = EDGE_CURVE ( 'NONE', #3453, #1789, #8564, .T. ) ;
#600 = PRESENTATION_STYLE_ASSIGNMENT (( #1502 ) ) ;
#601 = SURFACE_SIDE_STYLE ('',( #3319 ) ) ;
#602 = FACE_OUTER_BOUND ( 'NONE', #4001, .T. ) ;
#603 = ORIENTED_EDGE ( 'NONE', *, *, #152, .F. ) ;
#604 = FACE_OUTER_BOUND ( 'NONE', #9137, .T. ) ;
#605 = EDGE_CURVE ( 'NONE', #6583, #5520, #8577, .T. ) ;
#606 = LINE ( 'NONE', #4288, #3799 ) ;
#607 = DIRECTION ( 'NONE',  ( 0.7071067811865434649, -0.000000000000000000, 0.7071067811865516806 ) ) ;
#608 = EDGE_LOOP ( 'NONE', ( #1712, #7912, #1170, #7622 ) ) ;
#609 = STYLED_ITEM ( 'NONE', ( #6510 ), #1377 ) ;
#610 = EDGE_LOOP ( 'NONE', ( #1742, #2575, #1777, #7710 ) ) ;
#611 = UNCERTAINTY_MEASURE_WITH_UNIT (LENGTH_MEASURE( 1.000000000000000082E-05 ), #5785, 'distance_accuracy_value', 'NONE');
#612 = ORIENTED_EDGE ( 'NONE', *, *, #862, .F. ) ;
#613 = VECTOR ( 'NONE', #5916, 1000.000000000000000 ) ;
#614 = COLOUR_RGB ( '',0.7921568627450980005, 0.8196078431372548767, 0.9333333333333333481 ) ;
#615 = ORIENTED_EDGE ( 'NONE', *, *, #59, .F. ) ;
#616 = EDGE_CURVE ( 'NONE', #7826, #8075, #2271, .T. ) ;
#617 = LINE ( 'NONE', #6798, #3542 ) ;
#618 = CARTESIAN_POINT ( 'NONE',  ( -1.500000000000000222, 0.1250000000000000000, -1.600000000000000089 ) ) ;
#619 = ADVANCED_FACE ( 'NONE', ( #8453 ), #3523, .T. ) ;
#620 = VERTEX_POINT ( 'NONE', #8070 ) ;
#621 = ORIENTED_EDGE ( 'NONE', *, *, #4076, .F. ) ;
#622 =( GEOMETRIC_REPRESENTATION_CONTEXT ( 3 ) GLOBAL_UNCERTAINTY_ASSIGNED_CONTEXT ( ( #9471 ) ) GLOBAL_UNIT_ASSIGNED_CONTEXT ( ( #2996, #8232, #9507 ) ) REPRESENTATION_CONTEXT ( 'NONE', 'WORKASPACE' ) );
#623 = FILL_AREA_STYLE ('',( #561 ) ) ;
#624 = CARTESIAN_POINT ( 'NONE',  ( -1.099999999999999867, 0.1999999999999999833, 0.3500000000000002554 ) ) ;
#625 = ADVANCED_FACE ( 'NONE', ( #5294 ), #7148, .T. ) ;
#626 = CARTESIAN_POINT ( 'NONE',  ( 0.7500000000000000000, 0.2000000000000000944, -1.300000000000000266 ) ) ;
#627 = CARTESIAN_POINT ( 'NONE',  ( -0.7500000000000000000, 0.2000000000000000944, -1.000000000000000888 ) ) ;
#628 = VERTEX_POINT ( 'NONE', #7300 ) ;
#629 = LINE ( 'NONE', #7372, #3830 ) ;
#630 = CLOSED_SHELL ( 'NONE', ( #8035, #541, #1898, #3496, #8007, #9254 ) ) ;
#631 = AXIS2_PLACEMENT_3D ( 'NONE', #6455, #6578, #1302 ) ;
#632 = DIRECTION ( 'NONE',  ( 0.000000000000000000, 0.000000000000000000, 1.000000000000000000 ) ) ;
#633 = COLOUR_RGB ( '',1.000000000000000000, 0.5019607843137254832, 0.5019607843137254832 ) ;
#634 = DIRECTION ( 'NONE',  ( 1.000000000000000000, 1.084202172485504828E-15, 0.000000000000000000 ) ) ;
#635 = FACE_OUTER_BOUND ( 'NONE', #8569, .T. ) ;
#636 = ORIENTED_EDGE ( 'NONE', *, *, #1534, .F. ) ;
#637 = ORIENTED_EDGE ( 'NONE', *, *, #6642, .T. ) ;
#638 = CARTESIAN_POINT ( 'NONE',  ( -1.099999999999999867, 0.6472135954999583829, -0.6499999999999998002 ) ) ;
#639 = EDGE_LOOP ( 'NONE', ( #6100, #4850, #2282, #7946 ) ) ;
#640 = PLANE ( 'NONE',  #3057 ) ;
#641 = SURFACE_SIDE_STYLE ('',( #2290 ) ) ;
#642 = DIRECTION ( 'NONE',  ( -0.000000000000000000, -1.000000000000000000, -0.000000000000000000 ) ) ;
#643 = CARTESIAN_POINT ( 'NONE',  ( 1.249999999999999778, 0.1250000000000013600, 2.000000000000000000 ) ) ;
#644 = CARTESIAN_POINT ( 'NONE',  ( -0.3499999999999996447, 0.2000000000000000111, -1.600000000000000089 ) ) ;
#645 = ORIENTED_EDGE ( 'NONE', *, *, #1949, .F. ) ;
#646 = DIRECTION ( 'NONE',  ( -1.000000000000000000, -5.782411586589359611E-15, 0.000000000000000000 ) ) ;
#647 = ADVANCED_FACE ( 'NONE', ( #5412 ), #4362, .F. ) ;
#648 = VECTOR ( 'NONE', #2948, 1000.000000000000000 ) ;
#649 = CIRCLE ( 'NONE', #2033, 0.1499999999999999667 ) ;
#650 = SURFACE_SIDE_STYLE ('',( #8733 ) ) ;
#651 = ORIENTED_EDGE ( 'NONE', *, *, #363, .T. ) ;
#652 = FACE_OUTER_BOUND ( 'NONE', #8602, .T. ) ;
#653 = LINE ( 'NONE', #4210, #6981 ) ;
#654 = CARTESIAN_POINT ( 'NONE',  ( 1.099999999999999867, 0.6472135954999583829, 0.1500000000000001887 ) ) ;
#655 = PLANE ( 'NONE',  #8244 ) ;
#656 = ORIENTED_EDGE ( 'NONE', *, *, #883, .F. ) ;
#657 = ORIENTED_EDGE ( 'NONE', *, *, #1249, .T. ) ;
#658 = PLANE ( 'NONE',  #2068 ) ;
#659 = EDGE_CURVE ( 'NONE', #1594, #1341, #5430, .T. ) ;
#660 = CARTESIAN_POINT ( 'NONE',  ( -1.500000000000000444, 0.05000000000000000278, 2.000000000000000000 ) ) ;
#661 =( NAMED_UNIT ( * ) SI_UNIT ( $, .STERADIAN. ) SOLID_ANGLE_UNIT ( ) );
#662 = CARTESIAN_POINT ( 'NONE',  ( 1.099999999999999867, 0.6472135954999583829, -0.6499999999999998002 ) ) ;
#663 = ORIENTED_EDGE ( 'NONE', *, *, #8085, .T. ) ;
#664 = LINE ( 'NONE', #8066, #7328 ) ;
#665 = CARTESIAN_POINT ( 'NONE',  ( 1.399999999999999689, 0.1999999999999999833, -1.750000000000000000 ) ) ;
#666 = VERTEX_POINT ( 'NONE', #1515 ) ;
#667 = SURFACE_STYLE_FILL_AREA ( #8197 ) ;
#668 = FACE_OUTER_BOUND ( 'NONE', #2590, .T. ) ;
#669 = DIRECTION ( 'NONE',  ( 0.000000000000000000, -1.000000000000000000, 0.000000000000000000 ) ) ;
#670 = EDGE_CURVE ( 'NONE', #7522, #8737, #8616, .T. ) ;
#671 = VERTEX_POINT ( 'NONE', #660 ) ;
#672 = CLOSED_SHELL ( 'NONE', ( #1238, #6473, #2634, #4058, #973, #6825 ) ) ;
#673 = ORIENTED_EDGE ( 'NONE', *, *, #4993, .F. ) ;
#674 = DIRECTION ( 'NONE',  ( -1.000000000000000000, 0.000000000000000000, -0.000000000000000000 ) ) ;
#675 = DIRECTION ( 'NONE',  ( 0.000000000000000000, 0.000000000000000000, -1.000000000000000000 ) ) ;
#676 = CARTESIAN_POINT ( 'NONE',  ( 1.232294901687515543, 0.1250000000000000000, 1.600000000000000089 ) ) ;
#677 = ORIENTED_EDGE ( 'NONE', *, *, #9249, .F. ) ;
#678 = CIRCLE ( 'NONE', #8336, 0.1499999999999999667 ) ;
#679 = VECTOR ( 'NONE', #5718, 1000.000000000000000 ) ;
#680 = ORIENTED_EDGE ( 'NONE', *, *, #8885, .F. ) ;
#681 = FACE_OUTER_BOUND ( 'NONE', #8745, .T. ) ;
#682 = PLANE ( 'NONE',  #9485 ) ;
#683 = VECTOR ( 'NONE', #1154, 1000.000000000000000 ) ;
#684 = ORIENTED_EDGE ( 'NONE', *, *, #4724, .F. ) ;
#685 = VERTEX_POINT ( 'NONE', #2954 ) ;
#686 = EDGE_LOOP ( 'NONE', ( #7907, #2381, #7450, #4116 ) ) ;
#687 = AXIS2_PLACEMENT_3D ( 'NONE', #2415, #3821, #4658 ) ;
#688 = CARTESIAN_POINT ( 'NONE',  ( -1.099999999999999867, 0.000000000000000000, -1.149999999999999689 ) ) ;
#689 = DIRECTION ( 'NONE',  ( 0.000000000000000000, 0.000000000000000000, -1.000000000000000000 ) ) ;
#690 = EDGE_CURVE ( 'NONE', #8528, #6454, #5456, .T. ) ;
#691 = DIRECTION ( 'NONE',  ( 0.000000000000000000, 0.000000000000000000, -1.000000000000000000 ) ) ;
#692 = ORIENTED_EDGE ( 'NONE', *, *, #4220, .T. ) ;
#694 = FACE_OUTER_BOUND ( 'NONE', #6765, .T. ) ;
#693 = AXIS2_PLACEMENT_3D ( 'NONE', #2358, #1715, #5290 ) ;
#695 = LINE ( 'NONE', #6625, #7120 ) ;
#696 = ORIENTED_EDGE ( 'NONE', *, *, #1754, .T. ) ;
#697 = EDGE_CURVE ( 'NONE', #8868, #9352, #2681, .T. ) ;
#698 = CARTESIAN_POINT ( 'NONE',  ( -3.523657060577894834E-16, 0.05000000000000000278, 0.6500000000000007994 ) ) ;
#699 = DIRECTION ( 'NONE',  ( -5.421010862427520198E-16, 0.000000000000000000, -1.000000000000000000 ) ) ;
#700 = LINE ( 'NONE', #3380, #6891 ) ;
#701 = EDGE_CURVE ( 'NONE', #4299, #6802, #5703, .T. ) ;
#702 = ADVANCED_FACE ( 'NONE', ( #2582 ), #5286, .F. ) ;
#703 = ORIENTED_EDGE ( 'NONE', *, *, #7113, .F. ) ;
#704 = CARTESIAN_POINT ( 'NONE',  ( 0.8500000000000010880, 0.2000000000000000111, 2.000000000000000000 ) ) ;
#705 = ORIENTED_EDGE ( 'NONE', *, *, #3295, .T. ) ;
#706 = CARTESIAN_POINT ( 'NONE',  ( -1.500000000000000222, 0.1999999999999999833, -1.600000000000000089 ) ) ;
#707 = CARTESIAN_POINT ( 'NONE',  ( -1.099999999999999867, 0.1999999999999999833, -0.8499999999999998668 ) ) ;
#708 = EDGE_CURVE ( 'NONE', #6063, #511, #2531, .T. ) ;
#709 = CARTESIAN_POINT ( 'NONE',  ( -1.499999999999999778, 0.000000000000000000, 1.149999999999999911 ) ) ;
#710 = ADVANCED_FACE ( 'NONE', ( #2567 ), #6124, .F. ) ;
#711 = CARTESIAN_POINT ( 'NONE',  ( -1.099999999999999867, 0.1999999999999999833, -0.1499999999999997446 ) ) ;
#712 = ORIENTED_EDGE ( 'NONE', *, *, #7331, .F. ) ;
#713 = DIRECTION ( 'NONE',  ( 1.000000000000000000, -0.000000000000000000, 5.421010862427523156E-16 ) ) ;
#714 = LINE ( 'NONE', #1569, #913 ) ;
#715 = LINE ( 'NONE', #5856, #7462 ) ;
#716 = EDGE_LOOP ( 'NONE', ( #5296, #8223, #1195, #2148 ) ) ;
#717 = EDGE_CURVE ( 'NONE', #6151, #4365, #5809, .T. ) ;
#718 = AXIS2_PLACEMENT_3D ( 'NONE', #8403, #6088, #4559 ) ;
#719 = VECTOR ( 'NONE', #5931, 1000.000000000000000 ) ;
#720 =( NAMED_UNIT ( * ) PLANE_ANGLE_UNIT ( ) SI_UNIT ( $, .RADIAN. ) );
#721 = DIRECTION ( 'NONE',  ( 5.421010862427523156E-16, -0.000000000000000000, 1.000000000000000000 ) ) ;
#722 = EDGE_LOOP ( 'NONE', ( #7103, #1269, #4071, #1298 ) ) ;
#723 = VERTEX_POINT ( 'NONE', #7537 ) ;
#724 = STYLED_ITEM ( 'NONE', ( #9379 ), #7295 ) ;
#725 = ORIENTED_EDGE ( 'NONE', *, *, #9118, .T. ) ;
#726 = PLANE ( 'NONE',  #7884 ) ;
#727 = DIRECTION ( 'NONE',  ( -0.000000000000000000, -1.000000000000000000, -0.000000000000000000 ) ) ;
#728 = EDGE_CURVE ( 'NONE', #6255, #4166, #8789, .T. ) ;
#729 = EDGE_CURVE ( 'NONE', #1557, #5223, #5679, .T. ) ;
#730 = EDGE_CURVE ( 'NONE', #8458, #6240, #5720, .T. ) ;
#731 = DIRECTION ( 'NONE',  ( -0.000000000000000000, 1.000000000000000000, -0.000000000000000000 ) ) ;
#732 = CARTESIAN_POINT ( 'NONE',  ( -0.1499999999999989952, 0.6472135954999580498, 2.000000000000000000 ) ) ;
#733 = CARTESIAN_POINT ( 'NONE',  ( 1.099999999999999867, 0.6472135954999583829, 0.3500000000000002554 ) ) ;
#734 = PRESENTATION_LAYER_ASSIGNMENT (  '', '', ( #8534 ) ) ;
#735 = ORIENTED_EDGE ( 'NONE', *, *, #3320, .F. ) ;
#736 = ADVANCED_FACE ( 'NONE', ( #5770 ), #6056, .F. ) ;
#737 = CARTESIAN_POINT ( 'NONE',  ( 0.000000000000000000, 0.2000000000000000111, 0.000000000000000000 ) ) ;
#738 = VECTOR ( 'NONE', #8767, 1000.000000000000000 ) ;
#739 = ORIENTED_EDGE ( 'NONE', *, *, #2749, .F. ) ;
#740 = VECTOR ( 'NONE', #1277, 1000.000000000000000 ) ;
#741 = CARTESIAN_POINT ( 'NONE',  ( -1.500000000000000000, 0.1999999999999999833, -0.1499999999999995226 ) ) ;
#742 = ORIENTED_EDGE ( 'NONE', *, *, #3659, .T. ) ;
#743 = ORIENTED_EDGE ( 'NONE', *, *, #5071, .T. ) ;
#744 = ORIENTED_EDGE ( 'NONE', *, *, #3928, .F. ) ;
#745 = CARTESIAN_POINT ( 'NONE',  ( -1.099999999999999867, 0.1999999999999999833, -0.6499999999999998002 ) ) ;
#746 = CARTESIAN_POINT ( 'NONE',  ( -0.4499999999999996780, 3.201666203960727319, -1.300000000000000266 ) ) ;
#747 = AXIS2_PLACEMENT_3D ( 'NONE', #1564, #6432, #7435 ) ;
#748 = DIRECTION ( 'NONE',  ( -1.000000000000000000, -0.000000000000000000, 5.421010862427523156E-16 ) ) ;
#749 = EDGE_CURVE ( 'NONE', #6332, #2034, #9015, .T. ) ;
#750 = DIRECTION ( 'NONE',  ( 1.000000000000000000, -0.000000000000000000, 0.000000000000000000 ) ) ;
#751 = ORIENTED_EDGE ( 'NONE', *, *, #8651, .F. ) ;
#752 = VECTOR ( 'NONE', #7933, 1000.000000000000000 ) ;
#753 = VECTOR ( 'NONE', #7225, 1000.000000000000000 ) ;
#754 = ORIENTED_EDGE ( 'NONE', *, *, #390, .T. ) ;
#755 = CARTESIAN_POINT ( 'NONE',  ( 1.099999999999999867, 0.6472135954999583829, 1.350000000000000311 ) ) ;
#756 = AXIS2_PLACEMENT_3D ( 'NONE', #291, #2586, #1057 ) ;
#757 = FACE_OUTER_BOUND ( 'NONE', #7007, .T. ) ;
#758 = DIRECTION ( 'NONE',  ( 0.000000000000000000, -1.000000000000000000, 0.000000000000000000 ) ) ;
#759 = ORIENTED_EDGE ( 'NONE', *, *, #616, .T. ) ;
#760 = CARTESIAN_POINT ( 'NONE',  ( 1.499999999999999778, 0.05000000000000000278, 2.000000000000000000 ) ) ;
#761 = ORIENTED_EDGE ( 'NONE', *, *, #4889, .F. ) ;
#762 = ORIENTED_EDGE ( 'NONE', *, *, #4975, .F. ) ;
#763 = AXIS2_PLACEMENT_3D ( 'NONE', #5928, #6740, #5338 ) ;
#764 = SURFACE_SIDE_STYLE ('',( #2618 ) ) ;
#765 = DIRECTION ( 'NONE',  ( -0.000000000000000000, 1.000000000000000000, 0.000000000000000000 ) ) ;
#766 = DIRECTION ( 'NONE',  ( -1.445602896647339163E-16, -0.000000000000000000, -1.000000000000000000 ) ) ;
#767 = DIRECTION ( 'NONE',  ( -0.000000000000000000, -1.000000000000000000, -0.000000000000000000 ) ) ;
#768 = VERTEX_POINT ( 'NONE', #7687 ) ;
#769 = CARTESIAN_POINT ( 'NONE',  ( -1.166666666666666741, 0.8000000000000000444, -1.666666666666666519 ) ) ;
#770 = VECTOR ( 'NONE', #7794, 1000.000000000000000 ) ;
#771 = LINE ( 'NONE', #3817, #7312 ) ;
#772 = ORIENTED_EDGE ( 'NONE', *, *, #7877, .F. ) ;
#773 = CARTESIAN_POINT ( 'NONE',  ( 1.499999999999999778, 0.04999999999999969746, -0.8500000000000000888 ) ) ;
#774 = COLOUR_RGB ( '',1.000000000000000000, 0.5019607843137254832, 0.5019607843137254832 ) ;
#775 = ORIENTED_EDGE ( 'NONE', *, *, #7190, .T. ) ;
#776 = ORIENTED_EDGE ( 'NONE', *, *, #6489, .F. ) ;
#777 = ORIENTED_EDGE ( 'NONE', *, *, #7115, .F. ) ;
#778 = DIRECTION ( 'NONE',  ( 0.000000000000000000, 1.000000000000000000, 0.000000000000000000 ) ) ;
#779 =( LENGTH_UNIT ( ) NAMED_UNIT ( * ) SI_UNIT ( .MILLI., .METRE. ) );
#780 = SURFACE_SIDE_STYLE ('',( #8951 ) ) ;
#781 = ORIENTED_EDGE ( 'NONE', *, *, #1464, .F. ) ;
#782 = CARTESIAN_POINT ( 'NONE',  ( -1.100000000000000089, 0.1999999999999996503, 2.000000000000000000 ) ) ;
#783 = LINE ( 'NONE', #7864, #3913 ) ;
#784 = LINE ( 'NONE', #1512, #7250 ) ;
#785 = CARTESIAN_POINT ( 'NONE',  ( -1.500000000000000444, 6.599999999999999645, 2.000000000000000000 ) ) ;
#786 = ORIENTED_EDGE ( 'NONE', *, *, #9395, .F. ) ;
#787 = LINE ( 'NONE', #8677, #7253 ) ;
#788 = CARTESIAN_POINT ( 'NONE',  ( 1.249999999999998890, 0.2000000000000013434, -1.899999999999999911 ) ) ;
#789 = ADVANCED_FACE ( 'NONE', ( #2388 ), #2423, .T. ) ;
#790 = DIRECTION ( 'NONE',  ( -1.000000000000000000, 0.000000000000000000, -0.000000000000000000 ) ) ;
#791 = ORIENTED_EDGE ( 'NONE', *, *, #1872, .F. ) ;
#792 = VERTEX_POINT ( 'NONE', #8379 ) ;
#793 = ORIENTED_EDGE ( 'NONE', *, *, #47, .F. ) ;
#794 = ORIENTED_EDGE ( 'NONE', *, *, #5764, .F. ) ;
#795 = PLANE ( 'NONE',  #2658 ) ;
#796 = PLANE ( 'NONE',  #8131 ) ;
#797 = ADVANCED_FACE ( 'NONE', ( #8920 ), #6235, .T. ) ;
#798 = DIRECTION ( 'NONE',  ( 1.000000000000000000, 0.000000000000000000, -5.421010862427520198E-16 ) ) ;
#799 = CARTESIAN_POINT ( 'NONE',  ( -1.099999999999999867, 0.1999999999999999833, 0.3500000000000002554 ) ) ;
#800 = DIRECTION ( 'NONE',  ( -0.000000000000000000, -0.000000000000000000, 1.000000000000000000 ) ) ;
#801 = ORIENTED_EDGE ( 'NONE', *, *, #3715, .F. ) ;
#802 = AXIS2_PLACEMENT_3D ( 'NONE', #3843, #7630, #4367 ) ;
#803 = LINE ( 'NONE', #6204, #3991 ) ;
#804 = LINE ( 'NONE', #1802, #4177 ) ;
#805 = EDGE_LOOP ( 'NONE', ( #5383, #8786, #5512, #8592 ) ) ;
#806 = LINE ( 'NONE', #6846, #931 ) ;
#807 = VECTOR ( 'NONE', #486, 1000.000000000000000 ) ;
#808 = DIRECTION ( 'NONE',  ( 0.000000000000000000, 1.000000000000000000, 0.000000000000000000 ) ) ;
#809 = EDGE_LOOP ( 'NONE', ( #7961, #1176, #1572, #7658 ) ) ;
#810 = EDGE_LOOP ( 'NONE', ( #8033, #4835, #8784, #7494 ) ) ;
#811 = VERTEX_POINT ( 'NONE', #326 ) ;
#812 = ORIENTED_EDGE ( 'NONE', *, *, #6826, .F. ) ;
#813 = PLANE ( 'NONE',  #7976 ) ;
#814 = AXIS2_PLACEMENT_3D ( 'NONE', #9182, #6214, #5753 ) ;
#815 = CARTESIAN_POINT ( 'NONE',  ( -0.7500000000000000000, 0.05000000000000012768, 1.299999999999999600 ) ) ;
#816 = EDGE_CURVE ( 'NONE', #2124, #3125, #5582, .T. ) ;
#817 = ORIENTED_EDGE ( 'NONE', *, *, #599, .T. ) ;
#818 = FACE_OUTER_BOUND ( 'NONE', #5562, .T. ) ;
#819 = ORIENTED_EDGE ( 'NONE', *, *, #1848, .T. ) ;
#820 = PLANE ( 'NONE',  #9078 ) ;
#821 = AXIS2_PLACEMENT_3D ( 'NONE', #2556, #3966, #4800 ) ;
#822 = LINE ( 'NONE', #6903, #4025 ) ;
#823 = DIRECTION ( 'NONE',  ( 1.000000000000000000, 0.000000000000000000, -0.000000000000000000 ) ) ;
#824 = FACE_OUTER_BOUND ( 'NONE', #4552, .T. ) ;
#825 = ORIENTED_EDGE ( 'NONE', *, *, #3495, .F. ) ;
#826 = ORIENTED_EDGE ( 'NONE', *, *, #5468, .F. ) ;
#827 = CARTESIAN_POINT ( 'NONE',  ( 1.099999999999999867, 0.1999999999999999833, 0.8500000000000003109 ) ) ;
#828 = EDGE_LOOP ( 'NONE', ( #4046, #430, #861, #3943 ) ) ;
#829 = EDGE_LOOP ( 'NONE', ( #6010, #2687, #9336, #5313 ) ) ;
#830 = CARTESIAN_POINT ( 'NONE',  ( -1.500000000000000000, 0.6472135954999583829, -1.149999999999999467 ) ) ;
#831 = EDGE_CURVE ( 'NONE', #6114, #957, #5610, .T. ) ;
#832 = AXIS2_PLACEMENT_3D ( 'NONE', #4271, #6363, #7117 ) ;
#833 = DIRECTION ( 'NONE',  ( -0.000000000000000000, -1.000000000000000000, -0.000000000000000000 ) ) ;
#834 = DIRECTION ( 'NONE',  ( 0.000000000000000000, 0.000000000000000000, -1.000000000000000000 ) ) ;
#835 = EDGE_CURVE ( 'NONE', #2522, #2515, #5853, .T. ) ;
#836 = DIRECTION ( 'NONE',  ( -0.000000000000000000, -1.000000000000000000, -0.000000000000000000 ) ) ;
#837 = ORIENTED_EDGE ( 'NONE', *, *, #5082, .F. ) ;
#838 = CARTESIAN_POINT ( 'NONE',  ( 0.1500000000000003830, 0.05000000000000000278, 0.000000000000000000 ) ) ;
#839 = LINE ( 'NONE', #2893, #3992 ) ;
#840 = ORIENTED_EDGE ( 'NONE', *, *, #2378, .T. ) ;
#841 = FACE_OUTER_BOUND ( 'NONE', #6283, .T. ) ;
#842 = EDGE_CURVE ( 'NONE', #3888, #6136, #8847, .T. ) ;
#843 = DIRECTION ( 'NONE',  ( 0.000000000000000000, -0.000000000000000000, 1.000000000000000000 ) ) ;
#844 = SURFACE_STYLE_FILL_AREA ( #4594 ) ;
#845 = ORIENTED_EDGE ( 'NONE', *, *, #5534, .T. ) ;
#846 = ORIENTED_EDGE ( 'NONE', *, *, #7598, .F. ) ;
#847 = ORIENTED_EDGE ( 'NONE', *, *, #4613, .F. ) ;
#848 = ORIENTED_EDGE ( 'NONE', *, *, #670, .F. ) ;
#849 = CARTESIAN_POINT ( 'NONE',  ( -1.099999999999999867, 0.6472135954999583829, 1.350000000000000311 ) ) ;
#850 = CARTESIAN_POINT ( 'NONE',  ( 1.499999999999999778, 0.1999999999999999833, 1.600000000000000089 ) ) ;
#851 = EDGE_CURVE ( 'NONE', #526, #5845, #8807, .T. ) ;
#852 = AXIS2_PLACEMENT_3D ( 'NONE', #924, #1745, #3235 ) ;
#853 =( LENGTH_UNIT ( ) NAMED_UNIT ( * ) SI_UNIT ( .MILLI., .METRE. ) );
#854 = ADVANCED_BREP_SHAPE_REPRESENTATION ( 'TPS25944ARVCR', ( #6683, #4458, #3990, #2185, #896, #3642, #3264, #2466, #2547, #7554, #5972, #9077, #2942, #4379, #1377, #2873, #6291, #1734, #9009, #6618, #7001, #6230, #7073, #982, #4841, #5241, #529, #5574, #7475, #9376, #8281, #9113 ), #402 ) ;
#855 = DIRECTION ( 'NONE',  ( -1.000000000000000000, 0.000000000000000000, -5.421010862427523156E-16 ) ) ;
#856 = ORIENTED_EDGE ( 'NONE', *, *, #8752, .T. ) ;
#857 = DIRECTION ( 'NONE',  ( 1.445602896647339163E-16, 0.000000000000000000, -1.000000000000000000 ) ) ;
#858 = LINE ( 'NONE', #5206, #7266 ) ;
#859 = LINE ( 'NONE', #7145, #949 ) ;
#860 = DIRECTION ( 'NONE',  ( -0.000000000000000000, -0.000000000000000000, 1.000000000000000000 ) ) ;
#861 = ORIENTED_EDGE ( 'NONE', *, *, #502, .T. ) ;
#862 = EDGE_CURVE ( 'NONE', #258, #4501, #2513, .T. ) ;
#863 = FACE_OUTER_BOUND ( 'NONE', #5700, .T. ) ;
#864 = EDGE_CURVE ( 'NONE', #666, #3246, #8911, .T. ) ;
#865 = CARTESIAN_POINT ( 'NONE',  ( 0.1500000000000003830, 0.04999999999999969746, -2.000000000000000000 ) ) ;
#866 = LINE ( 'NONE', #9542, #719 ) ;
#867 =( NAMED_UNIT ( * ) SI_UNIT ( $, .STERADIAN. ) SOLID_ANGLE_UNIT ( ) );
#868 = VERTEX_POINT ( 'NONE', #4382 ) ;
#869 = ORIENTED_EDGE ( 'NONE', *, *, #3775, .F. ) ;
#870 = EDGE_CURVE ( 'NONE', #1202, #4285, #5838, .T. ) ;
#871 = ORIENTED_EDGE ( 'NONE', *, *, #2162, .T. ) ;
#872 = ORIENTED_EDGE ( 'NONE', *, *, #574, .T. ) ;
#873 = DIRECTION ( 'NONE',  ( -1.000000000000000000, 0.000000000000000000, 0.000000000000000000 ) ) ;
#874 = STYLED_ITEM ( 'NONE', ( #566 ), #1423 ) ;
#875 = PLANE ( 'NONE',  #8212 ) ;
#876 = EDGE_LOOP ( 'NONE', ( #3963, #394, #4772, #4429 ) ) ;
#877 = DIRECTION ( 'NONE',  ( -1.000000000000000000, -0.000000000000000000, -5.421010862427524019E-17 ) ) ;
#878 = FACE_OUTER_BOUND ( 'NONE', #3289, .T. ) ;
#879 = ORIENTED_EDGE ( 'NONE', *, *, #2506, .F. ) ;
#880 = PRESENTATION_LAYER_ASSIGNMENT (  '', '', ( #7207 ) ) ;
#881 = SURFACE_STYLE_FILL_AREA ( #1078 ) ;
#882 = ADVANCED_FACE ( 'NONE', ( #2596 ), #5872, .T. ) ;
#883 = EDGE_CURVE ( 'NONE', #4463, #4168, #8950, .T. ) ;
#884 = CARTESIAN_POINT ( 'NONE',  ( 1.499999999999999778, 0.05000000000000000278, -2.000000000000000000 ) ) ;
#885 = ORIENTED_EDGE ( 'NONE', *, *, #6303, .T. ) ;
#886 = ORIENTED_EDGE ( 'NONE', *, *, #3958, .T. ) ;
#887 = ORIENTED_EDGE ( 'NONE', *, *, #6947, .F. ) ;
#888 = ORIENTED_EDGE ( 'NONE', *, *, #2979, .F. ) ;
#889 = FILL_AREA_STYLE_COLOUR ( '', #8900 ) ;
#890 = DIRECTION ( 'NONE',  ( 0.000000000000000000, 0.000000000000000000, 1.000000000000000000 ) ) ;
#891 = DIRECTION ( 'NONE',  ( -0.000000000000000000, -1.000000000000000000, -0.000000000000000000 ) ) ;
#892 = PRESENTATION_LAYER_ASSIGNMENT (  '', '', ( #301 ) ) ;
#893 = ADVANCED_FACE ( 'NONE', ( #8826 ), #4455, .F. ) ;
#894 = FILL_AREA_STYLE_COLOUR ( '', #3256 ) ;
#895 = VERTEX_POINT ( 'NONE', #6640 ) ;
#896 = MANIFOLD_SOLID_BREP ( 'LPattern3[1]', #7992 ) ;
#897 = FACE_OUTER_BOUND ( 'NONE', #6149, .T. ) ;
#898 = VECTOR ( 'NONE', #9230, 1000.000000000000000 ) ;
#899 = EDGE_LOOP ( 'NONE', ( #5, #9372, #6262, #8638 ) ) ;
#900 = DIRECTION ( 'NONE',  ( -1.000000000000000000, 0.000000000000000000, -1.084202172485504040E-15 ) ) ;
#901 = VECTOR ( 'NONE', #9014, 1000.000000000000000 ) ;
#902 = VECTOR ( 'NONE', #8781, 1000.000000000000000 ) ;
#903 = AXIS2_PLACEMENT_3D ( 'NONE', #2178, #3105, #105 ) ;
#904 = ORIENTED_EDGE ( 'NONE', *, *, #3199, .F. ) ;
#905 = ORIENTED_EDGE ( 'NONE', *, *, #2399, .F. ) ;
#906 = ORIENTED_EDGE ( 'NONE', *, *, #9038, .F. ) ;
#907 = VERTEX_POINT ( 'NONE', #2219 ) ;
#908 = SURFACE_SIDE_STYLE ('',( #2554 ) ) ;
#909 = CARTESIAN_POINT ( 'NONE',  ( 1.500000000000000000, 0.6472135954999583829, 0.8500000000000005329 ) ) ;
#910 = DIRECTION ( 'NONE',  ( -0.000000000000000000, 0.000000000000000000, 1.000000000000000000 ) ) ;
#911 = ORIENTED_EDGE ( 'NONE', *, *, #3299, .F. ) ;
#912 = CARTESIAN_POINT ( 'NONE',  ( -0.1499999999999989952, 0.1999999999999999833, 2.000000000000000000 ) ) ;
#913 = VECTOR ( 'NONE', #6561, 1000.000000000000000 ) ;
#914 = VECTOR ( 'NONE', #5989, 1000.000000000000000 ) ;
#915 = ORIENTED_EDGE ( 'NONE', *, *, #1230, .F. ) ;
#916 = CARTESIAN_POINT ( 'NONE',  ( -1.099999999999999867, 0.6472135954999583829, -0.8499999999999998668 ) ) ;
#917 = VECTOR ( 'NONE', #309, 1000.000000000000000 ) ;
#918 =( NAMED_UNIT ( * ) PLANE_ANGLE_UNIT ( ) SI_UNIT ( $, .RADIAN. ) );
#919 = ORIENTED_EDGE ( 'NONE', *, *, #4613, .T. ) ;
#920 = ORIENTED_EDGE ( 'NONE', *, *, #6822, .T. ) ;
#921 = ORIENTED_EDGE ( 'NONE', *, *, #2287, .F. ) ;
#922 = ORIENTED_EDGE ( 'NONE', *, *, #3928, .T. ) ;
#923 = CARTESIAN_POINT ( 'NONE',  ( -0.3499999999999996447, 0.04999999999999969746, -2.000000000000000000 ) ) ;
#924 = CARTESIAN_POINT ( 'NONE',  ( -1.166666666666666741, 0.8000000000000000444, -1.666666666666666519 ) ) ;
#925 = CARTESIAN_POINT ( 'NONE',  ( 1.249999999999999334, 0.2000000000000013434, 1.732294901687515321 ) ) ;
#926 = ORIENTED_EDGE ( 'NONE', *, *, #4963, .F. ) ;
#927 = CARTESIAN_POINT ( 'NONE',  ( -1.400000000000000133, 0.000000000000000000, 5.421010862427523711E-18 ) ) ;
#928 = VECTOR ( 'NONE', #5267, 1000.000000000000000 ) ;
#929 = FACE_OUTER_BOUND ( 'NONE', #3743, .T. ) ;
#930 = ORIENTED_EDGE ( 'NONE', *, *, #2064, .F. ) ;
#931 = VECTOR ( 'NONE', #8362, 1000.000000000000000 ) ;
#932 = CARTESIAN_POINT ( 'NONE',  ( -1.500000000000000000, 0.6472135954999583829, 1.350000000000000533 ) ) ;
#933 = FACE_OUTER_BOUND ( 'NONE', #4014, .T. ) ;
#934 = ORIENTED_EDGE ( 'NONE', *, *, #7607, .F. ) ;
#935 = ORIENTED_EDGE ( 'NONE', *, *, #3489, .F. ) ;
#936 = VERTEX_POINT ( 'NONE', #2968 ) ;
#937 = ORIENTED_EDGE ( 'NONE', *, *, #477, .T. ) ;
#938 = VERTEX_POINT ( 'NONE', #9349 ) ;
#939 =( LENGTH_UNIT ( ) NAMED_UNIT ( * ) SI_UNIT ( .MILLI., .METRE. ) );
#940 = CARTESIAN_POINT ( 'NONE',  ( 1.099999999999999423, 0.1250000000000011935, -2.000000000000000000 ) ) ;
#941 = STYLED_ITEM ( 'NONE', ( #7903 ), #6230 ) ;
#942 = DIRECTION ( 'NONE',  ( 0.000000000000000000, 0.000000000000000000, 1.000000000000000000 ) ) ;
#943 = PLANE ( 'NONE',  #2433 ) ;
#944 =( NAMED_UNIT ( * ) PLANE_ANGLE_UNIT ( ) SI_UNIT ( $, .RADIAN. ) );
#945 = CARTESIAN_POINT ( 'NONE',  ( -1.500000000000000444, 6.599999999999999645, 2.000000000000000000 ) ) ;
#946 = ORIENTED_EDGE ( 'NONE', *, *, #373, .F. ) ;
#948 = FACE_OUTER_BOUND ( 'NONE', #6052, .T. ) ;
#947 = PRESENTATION_LAYER_ASSIGNMENT (  '', '', ( #3045 ) ) ;
#949 = VECTOR ( 'NONE', #798, 1000.000000000000000 ) ;
#950 = ORIENTED_EDGE ( 'NONE', *, *, #4606, .T. ) ;
#951 = EDGE_CURVE ( 'NONE', #3875, #2485, #5820, .T. ) ;
#952 = LINE ( 'NONE', #3506, #969 ) ;
#953 = VECTOR ( 'NONE', #5345, 1000.000000000000000 ) ;
#954 = ORIENTED_EDGE ( 'NONE', *, *, #1108, .T. ) ;
#955 = DIRECTION ( 'NONE',  ( -1.000000000000000000, 0.000000000000000000, -0.000000000000000000 ) ) ;
#956 = ORIENTED_EDGE ( 'NONE', *, *, #1401, .F. ) ;
#957 = VERTEX_POINT ( 'NONE', #1593 ) ;
#958 = EDGE_LOOP ( 'NONE', ( #3607, #4170, #999, #7184 ) ) ;
#959 = ORIENTED_EDGE ( 'NONE', *, *, #5534, .F. ) ;
#960 = DIRECTION ( 'NONE',  ( 5.421010862427523156E-16, 0.000000000000000000, 1.000000000000000000 ) ) ;
#961 = CARTESIAN_POINT ( 'NONE',  ( 0.000000000000000000, 0.2000000000000000111, 0.000000000000000000 ) ) ;
#962 = PLANE ( 'NONE',  #6338 ) ;
#963 = PLANE ( 'NONE',  #9411 ) ;
#964 = EDGE_LOOP ( 'NONE', ( #1068, #956, #6966, #4033 ) ) ;
#965 = VECTOR ( 'NONE', #1001, 1000.000000000000000 ) ;
#966 = ORIENTED_EDGE ( 'NONE', *, *, #2762, .F. ) ;
#967 = CARTESIAN_POINT ( 'NONE',  ( 1.099999999999999867, 0.05000000000000002359, -1.149999999999999689 ) ) ;
#968 = EDGE_CURVE ( 'NONE', #1000, #5995, #2651, .T. ) ;
#969 = VECTOR ( 'NONE', #6370, 1000.000000000000000 ) ;
#970 = AXIS2_PLACEMENT_3D ( 'NONE', #5755, #9294, #3414 ) ;
#971 = CARTESIAN_POINT ( 'NONE',  ( 1.099999999999998979, 0.2000000000000011768, -1.899999999999999911 ) ) ;
#972 = LINE ( 'NONE', #5997, #953 ) ;
#973 = ADVANCED_FACE ( 'NONE', ( #2666 ), #8645, .F. ) ;
#974 = ORIENTED_EDGE ( 'NONE', *, *, #9202, .T. ) ;
#975 = VERTEX_POINT ( 'NONE', #418 ) ;
#976 = ORIENTED_EDGE ( 'NONE', *, *, #8349, .F. ) ;
#977 = DIRECTION ( 'NONE',  ( -1.000000000000000000, 0.000000000000000000, 1.445602896647339163E-16 ) ) ;
#978 = ORIENTED_EDGE ( 'NONE', *, *, #3394, .F. ) ;
#979 = EDGE_CURVE ( 'NONE', #5968, #6851, #9054, .T. ) ;
#980 = ORIENTED_EDGE ( 'NONE', *, *, #7070, .F. ) ;
#981 = DIRECTION ( 'NONE',  ( 0.000000000000000000, -1.000000000000000000, 0.000000000000000000 ) ) ;
#982 = MANIFOLD_SOLID_BREP ( 'Boss-Extrude4[1]', #6093 ) ;
#983 = DIRECTION ( 'NONE',  ( 1.000000000000000000, 0.000000000000000000, 0.000000000000000000 ) ) ;
#984 = DIRECTION ( 'NONE',  ( -1.000000000000000000, 0.000000000000000000, 0.000000000000000000 ) ) ;
#985 = ADVANCED_FACE ( 'NONE', ( #2800 ), #8067, .T. ) ;
#986 = EDGE_CURVE ( 'NONE', #6114, #7379, #6029, .T. ) ;
#987 = PLANE ( 'NONE',  #6016 ) ;
#988 = ORIENTED_EDGE ( 'NONE', *, *, #4359, .T. ) ;
#989 = VECTOR ( 'NONE', #3290, 1000.000000000000000 ) ;
#990 = ORIENTED_EDGE ( 'NONE', *, *, #7665, .F. ) ;
#991 = PLANE ( 'NONE',  #8346 ) ;
#992 = SURFACE_STYLE_FILL_AREA ( #9275 ) ;
#993 = PLANE ( 'NONE',  #3099 ) ;
#994 = FACE_OUTER_BOUND ( 'NONE', #6868, .T. ) ;
#995 = EDGE_CURVE ( 'NONE', #203, #4837, #2788, .T. ) ;
#996 = ORIENTED_EDGE ( 'NONE', *, *, #8987, .T. ) ;
#997 = ORIENTED_EDGE ( 'NONE', *, *, #7602, .F. ) ;
#998 = VERTEX_POINT ( 'NONE', #2726 ) ;
#999 = ORIENTED_EDGE ( 'NONE', *, *, #6642, .F. ) ;
#1000 = VERTEX_POINT ( 'NONE', #6581 ) ;
#1001 = DIRECTION ( 'NONE',  ( -0.000000000000000000, 1.000000000000000000, -0.000000000000000000 ) ) ;
#1002 = EDGE_CURVE ( 'NONE', #6854, #7439, #6014, .T. ) ;
#1003 = EDGE_CURVE ( 'NONE', #6005, #3975, #9144, .T. ) ;
#1004 = CARTESIAN_POINT ( 'NONE',  ( -1.500000000000000222, 0.1999999999999996503, -1.149999999999999467 ) ) ;
#1005 = EDGE_LOOP ( 'NONE', ( #4973, #6560, #612, #7540 ) ) ;
#1006 = FILL_AREA_STYLE_COLOUR ( '', #5146 ) ;
#1007 = FACE_OUTER_BOUND ( 'NONE', #5671, .T. ) ;
#1008 = FACE_OUTER_BOUND ( 'NONE', #4610, .T. ) ;
#1009 = EDGE_LOOP ( 'NONE', ( #856, #4242, #677, #990 ) ) ;
#1010 = AXIS2_PLACEMENT_3D ( 'NONE', #5673, #7071, #8620 ) ;
#1011 = VECTOR ( 'NONE', #5498, 1000.000000000000000 ) ;
#1012 = DIRECTION ( 'NONE',  ( 0.000000000000000000, 0.000000000000000000, -1.000000000000000000 ) ) ;
#1013 = ORIENTED_EDGE ( 'NONE', *, *, #6194, .T. ) ;
#1014 = ORIENTED_EDGE ( 'NONE', *, *, #2407, .F. ) ;
#1015 = ORIENTED_EDGE ( 'NONE', *, *, #4760, .T. ) ;
#1016 = ORIENTED_EDGE ( 'NONE', *, *, #5394, .T. ) ;
#1017 = ORIENTED_EDGE ( 'NONE', *, *, #7577, .F. ) ;
#1018 = CARTESIAN_POINT ( 'NONE',  ( 1.099999999999999867, 0.6472135954999583829, -1.349999999999999867 ) ) ;
#1019 = STYLED_ITEM ( 'NONE', ( #5096 ), #9009 ) ;
#1020 = CARTESIAN_POINT ( 'NONE',  ( 1.099999999999999867, 0.000000000000000000, -0.6499999999999998002 ) ) ;
#1021 = DIRECTION ( 'NONE',  ( 0.000000000000000000, -1.000000000000000000, 0.000000000000000000 ) ) ;
#1022 = SURFACE_STYLE_USAGE ( .BOTH. , #2483 ) ;
#1023 = ORIENTED_EDGE ( 'NONE', *, *, #3112, .F. ) ;
#1024 = LINE ( 'NONE', #9176, #4008 ) ;
#1025 = ORIENTED_EDGE ( 'NONE', *, *, #3207, .F. ) ;
#1026 = LINE ( 'NONE', #6965, #7222 ) ;
#1027 = PRESENTATION_STYLE_ASSIGNMENT (( #6217 ) ) ;
#1028 = ORIENTED_EDGE ( 'NONE', *, *, #7499, .F. ) ;
#1029 = DIRECTION ( 'NONE',  ( 1.445602896647339163E-16, 0.000000000000000000, 1.000000000000000000 ) ) ;
#1030 = EDGE_LOOP ( 'NONE', ( #6323, #5371, #2013, #9023 ) ) ;
#1031 = EDGE_LOOP ( 'NONE', ( #1626, #1973, #1471, #8482 ) ) ;
#1032 = VERTEX_POINT ( 'NONE', #3474 ) ;
#1033 = ORIENTED_EDGE ( 'NONE', *, *, #8960, .F. ) ;
#1034 = DIRECTION ( 'NONE',  ( -1.000000000000000000, 0.000000000000000000, 2.710505431213763550E-16 ) ) ;
#1035 = DIRECTION ( 'NONE',  ( -1.000000000000000000, 0.000000000000000000, -5.421010862427524019E-17 ) ) ;
#1036 = ORIENTED_EDGE ( 'NONE', *, *, #3394, .T. ) ;
#1037 = FACE_OUTER_BOUND ( 'NONE', #2196, .T. ) ;
#1038 = FACE_OUTER_BOUND ( 'NONE', #5390, .T. ) ;
#1039 = ORIENTED_EDGE ( 'NONE', *, *, #8412, .T. ) ;
#1040 = DIRECTION ( 'NONE',  ( -0.000000000000000000, -1.000000000000000000, -0.000000000000000000 ) ) ;
#1041 = VECTOR ( 'NONE', #7811, 1000.000000000000000 ) ;
#1042 = CARTESIAN_POINT ( 'NONE',  ( -1.099999999999999867, 0.000000000000000000, -0.1499999999999997446 ) ) ;
#1043 = FACE_OUTER_BOUND ( 'NONE', #7248, .T. ) ;
#1044 = ORIENTED_EDGE ( 'NONE', *, *, #6536, .T. ) ;
#1045 = ORIENTED_EDGE ( 'NONE', *, *, #5953, .F. ) ;
#1046 = ORIENTED_EDGE ( 'NONE', *, *, #8502, .F. ) ;
#1047 = PLANE ( 'NONE',  #8391 ) ;
#1048 = ORIENTED_EDGE ( 'NONE', *, *, #8334, .F. ) ;
#1049 = ORIENTED_EDGE ( 'NONE', *, *, #3516, .F. ) ;
#1050 = DIRECTION ( 'NONE',  ( -1.000000000000000000, 0.000000000000000000, -0.000000000000000000 ) ) ;
#1051 = DIRECTION ( 'NONE',  ( -0.000000000000000000, 0.000000000000000000, 1.000000000000000000 ) ) ;
#1052 = PLANE ( 'NONE',  #6276 ) ;
#1053 = CARTESIAN_POINT ( 'NONE',  ( 3.523657060577894834E-16, 0.05000000000000000278, 0.6500000000000007994 ) ) ;
#1054 = ADVANCED_FACE ( 'NONE', ( #9252 ), #4237, .F. ) ;
#1055 = CARTESIAN_POINT ( 'NONE',  ( 1.000000000000000000, 0.000000000000000000, 0.000000000000000000 ) ) ;
#1056 = ORIENTED_EDGE ( 'NONE', *, *, #6305, .T. ) ;
#1057 = DIRECTION ( 'NONE',  ( 0.000000000000000000, -0.000000000000000000, -1.000000000000000000 ) ) ;
#1058 = VECTOR ( 'NONE', #108, 1000.000000000000000 ) ;
#1059 = VECTOR ( 'NONE', #4435, 1000.000000000000000 ) ;
#1060 = ORIENTED_EDGE ( 'NONE', *, *, #5863, .F. ) ;
#1061 = CARTESIAN_POINT ( 'NONE',  ( 1.099999999999999867, 0.6472135954999583829, 1.350000000000000311 ) ) ;
#1062 = LINE ( 'NONE', #2329, #1011 ) ;
#1063 = ADVANCED_FACE ( 'NONE', ( #2900 ), #6913, .F. ) ;
#1064 = ORIENTED_EDGE ( 'NONE', *, *, #690, .F. ) ;
#1065 = VERTEX_POINT ( 'NONE', #8423 ) ;
#1066 = VERTEX_POINT ( 'NONE', #6111 ) ;
#1067 = VERTEX_POINT ( 'NONE', #8368 ) ;
#1068 = ORIENTED_EDGE ( 'NONE', *, *, #2170, .T. ) ;
#1069 = CARTESIAN_POINT ( 'NONE',  ( -1.099999999999999867, 0.6472135954999583829, 0.3500000000000002554 ) ) ;
#1070 = CARTESIAN_POINT ( 'NONE',  ( -1.249999999999999778, 0.1999999999999999833, 1.899999999999999911 ) ) ;
#1071 = ADVANCED_FACE ( 'NONE', ( #6181 ), #943, .F. ) ;
#1072 = DIRECTION ( 'NONE',  ( 1.000000000000000000, 5.782411586589358822E-15, -0.000000000000000000 ) ) ;
#1073 = ORIENTED_EDGE ( 'NONE', *, *, #8269, .F. ) ;
#1074 = DIRECTION ( 'NONE',  ( 1.000000000000000000, -0.000000000000000000, -5.421010862427520198E-16 ) ) ;
#1075 = FACE_OUTER_BOUND ( 'NONE', #1005, .T. ) ;
#1076 = ORIENTED_EDGE ( 'NONE', *, *, #6928, .T. ) ;
#1077 = AXIS2_PLACEMENT_3D ( 'NONE', #9306, #6465, #6527 ) ;
#1078 = FILL_AREA_STYLE ('',( #3352 ) ) ;
#1079 = VECTOR ( 'NONE', #8644, 1000.000000000000000 ) ;
#1080 = CARTESIAN_POINT ( 'NONE',  ( 1.249999999999999778, 0.1250000000000013600, 1.899999999999999911 ) ) ;
#1081 = COLOUR_RGB ( '',1.000000000000000000, 0.5019607843137254832, 0.5019607843137254832 ) ;
#1082 = CARTESIAN_POINT ( 'NONE',  ( 1.399999999999999689, 0.1999999999999999833, -1.750000000000000000 ) ) ;
#1083 = EDGE_LOOP ( 'NONE', ( #1149, #4402, #7518, #139 ) ) ;
#1084 = EDGE_LOOP ( 'NONE', ( #1418, #1308, #4718, #4481 ) ) ;
#1085 = ORIENTED_EDGE ( 'NONE', *, *, #6402, .F. ) ;
#1086 = ORIENTED_EDGE ( 'NONE', *, *, #7339, .F. ) ;
#1087 = ORIENTED_EDGE ( 'NONE', *, *, #9079, .T. ) ;
#1088 = UNCERTAINTY_MEASURE_WITH_UNIT (LENGTH_MEASURE( 1.000000000000000082E-05 ), #2717, 'distance_accuracy_value', 'NONE');
#1089 = MECHANICAL_DESIGN_GEOMETRIC_PRESENTATION_REPRESENTATION (  '', ( #3045 ), #4832 ) ;
#1090 = EDGE_CURVE ( 'NONE', #6406, #3097, #9348, .T. ) ;
#1091 = DIRECTION ( 'NONE',  ( 1.000000000000000000, 0.000000000000000000, 0.000000000000000000 ) ) ;
#1092 = CARTESIAN_POINT ( 'NONE',  ( 4.607859233063389900E-16, 0.05000000000000000278, -0.8499999999999992006 ) ) ;
#1093 = CARTESIAN_POINT ( 'NONE',  ( 1.249999999999999778, 0.1250000000000013600, 1.899999999999999911 ) ) ;
#1094 = VERTEX_POINT ( 'NONE', #9198 ) ;
#1095 = FACE_OUTER_BOUND ( 'NONE', #964, .T. ) ;
#1096 = VECTOR ( 'NONE', #1929, 1000.000000000000000 ) ;
#1097 = VERTEX_POINT ( 'NONE', #254 ) ;
#1098 = LINE ( 'NONE', #4304, #7783 ) ;
#1099 = EDGE_CURVE ( 'NONE', #6268, #7881, #3003, .T. ) ;
#1100 = LINE ( 'NONE', #4995, #4520 ) ;
#1101 = ORIENTED_EDGE ( 'NONE', *, *, #2957, .F. ) ;
#1102 = DIRECTION ( 'NONE',  ( -1.000000000000000000, 0.000000000000000000, -5.421010862427523156E-16 ) ) ;
#1103 = ORIENTED_EDGE ( 'NONE', *, *, #247, .T. ) ;
#1104 = ORIENTED_EDGE ( 'NONE', *, *, #8605, .F. ) ;
#1105 = ORIENTED_EDGE ( 'NONE', *, *, #3070, .T. ) ;
#1106 = ORIENTED_EDGE ( 'NONE', *, *, #3251, .T. ) ;
#1107 = CARTESIAN_POINT ( 'NONE',  ( 1.500000000000000000, 0.000000000000000000, -0.1499999999999995226 ) ) ;
#1108 = EDGE_CURVE ( 'NONE', #8528, #628, #6196, .T. ) ;
#1109 = AXIS2_PLACEMENT_3D ( 'NONE', #4686, #5298, #3158 ) ;
#1110 = CARTESIAN_POINT ( 'NONE',  ( 0.7500000000000000000, 0.2000000000000000944, 1.299999999999999822 ) ) ;
#1111 = EDGE_CURVE ( 'NONE', #5048, #6531, #6330, .T. ) ;
#1112 = ORIENTED_EDGE ( 'NONE', *, *, #6356, .F. ) ;
#1113 = VECTOR ( 'NONE', #5955, 1000.000000000000000 ) ;
#1114 = VECTOR ( 'NONE', #6011, 1000.000000000000000 ) ;
#1115 = ORIENTED_EDGE ( 'NONE', *, *, #297, .F. ) ;
#1116 = EDGE_CURVE ( 'NONE', #1171, #9451, #5944, .T. ) ;
#1117 = FACE_OUTER_BOUND ( 'NONE', #610, .T. ) ;
#1118 = FACE_OUTER_BOUND ( 'NONE', #7500, .T. ) ;
#1119 = ORIENTED_EDGE ( 'NONE', *, *, #2035, .T. ) ;
#1120 = VERTEX_POINT ( 'NONE', #7299 ) ;
#1121 = ORIENTED_EDGE ( 'NONE', *, *, #8878, .T. ) ;
#1122 = EDGE_CURVE ( 'NONE', #7399, #6936, #2880, .T. ) ;
#1123 = ORIENTED_EDGE ( 'NONE', *, *, #6324, .T. ) ;
#1124 = ORIENTED_EDGE ( 'NONE', *, *, #8976, .T. ) ;
#1125 = AXIS2_PLACEMENT_3D ( 'NONE', #6437, #6, #7282 ) ;
#1126 =( LENGTH_UNIT ( ) NAMED_UNIT ( * ) SI_UNIT ( .MILLI., .METRE. ) );
#1127 =( NAMED_UNIT ( * ) SI_UNIT ( $, .STERADIAN. ) SOLID_ANGLE_UNIT ( ) );
#1128 = ADVANCED_FACE ( 'NONE', ( #132 ), #796, .F. ) ;
#1129 = VERTEX_POINT ( 'NONE', #535 ) ;
#1130 = DIRECTION ( 'NONE',  ( -0.000000000000000000, -0.000000000000000000, 1.000000000000000000 ) ) ;
#1131 = VECTOR ( 'NONE', #5040, 1000.000000000000000 ) ;
#1132 = ORIENTED_EDGE ( 'NONE', *, *, #8710, .T. ) ;
#1133 = CARTESIAN_POINT ( 'NONE',  ( -1.499999999999999778, 0.6472135954999583829, 0.1499999999999999667 ) ) ;
#1134 = LINE ( 'NONE', #4528, #7851 ) ;
#1135 = CARTESIAN_POINT ( 'NONE',  ( 1.499999999999999778, 6.599999999999999645, 2.000000000000000000 ) ) ;
#1136 =( GEOMETRIC_REPRESENTATION_CONTEXT ( 3 ) GLOBAL_UNCERTAINTY_ASSIGNED_CONTEXT ( ( #7342 ) ) GLOBAL_UNIT_ASSIGNED_CONTEXT ( ( #2818, #8684, #7932 ) ) REPRESENTATION_CONTEXT ( 'NONE', 'WORKASPACE' ) );
#1137 = LINE ( 'NONE', #7901, #4331 ) ;
#1138 = VERTEX_POINT ( 'NONE', #8694 ) ;
#1139 = EDGE_CURVE ( 'NONE', #7379, #6792, #3446, .T. ) ;
#1140 = ORIENTED_EDGE ( 'NONE', *, *, #3240, .T. ) ;
#1141 = ORIENTED_EDGE ( 'NONE', *, *, #6102, .T. ) ;
#1142 = ORIENTED_EDGE ( 'NONE', *, *, #2770, .F. ) ;
#1143 = EDGE_LOOP ( 'NONE', ( #4787, #4969, #4393, #1595 ) ) ;
#1144 = UNCERTAINTY_MEASURE_WITH_UNIT (LENGTH_MEASURE( 1.000000000000000082E-05 ), #4717, 'distance_accuracy_value', 'NONE');
#1145 = CARTESIAN_POINT ( 'NONE',  ( -0.3499999999999990896, 0.2000000000000000111, 2.000000000000000000 ) ) ;
#1146 = STYLED_ITEM ( 'NONE', ( #6107 ), #1063 ) ;
#1147 = DIRECTION ( 'NONE',  ( 1.000000000000000000, 0.000000000000000000, 1.084202172485504040E-15 ) ) ;
#1148 = ADVANCED_FACE ( 'NONE', ( #6657 ), #6369, .F. ) ;
#1149 = ORIENTED_EDGE ( 'NONE', *, *, #2044, .F. ) ;
#1150 = CARTESIAN_POINT ( 'NONE',  ( 1.399999999999999689, 0.1250000000000000000, -1.750000000000000000 ) ) ;
#1151 = PRESENTATION_STYLE_ASSIGNMENT (( #5826 ) ) ;
#1152 = LINE ( 'NONE', #7821, #7782 ) ;
#1153 = ORIENTED_EDGE ( 'NONE', *, *, #968, .T. ) ;
#1154 = DIRECTION ( 'NONE',  ( 1.000000000000000000, -0.000000000000000000, -1.084202172485504040E-15 ) ) ;
#1155 = VECTOR ( 'NONE', #8025, 1000.000000000000000 ) ;
#1156 = CARTESIAN_POINT ( 'NONE',  ( 1.249999999999999334, 0.2000000000000013434, 2.000000000000000000 ) ) ;
#1157 = AXIS2_PLACEMENT_3D ( 'NONE', #9384, #5976, #5069 ) ;
#1158 = ADVANCED_FACE ( 'NONE', ( #3186 ), #8263, .F. ) ;
#1159 = DIRECTION ( 'NONE',  ( 1.000000000000000000, 0.000000000000000000, -5.421010862427520198E-16 ) ) ;
#1160 = VERTEX_POINT ( 'NONE', #7626 ) ;
#1161 = ORIENTED_EDGE ( 'NONE', *, *, #7896, .T. ) ;
#1162 = ORIENTED_EDGE ( 'NONE', *, *, #6128, .F. ) ;
#1163 = ORIENTED_EDGE ( 'NONE', *, *, #4472, .T. ) ;
#1164 = ORIENTED_EDGE ( 'NONE', *, *, #1752, .F. ) ;
#1165 = CARTESIAN_POINT ( 'NONE',  ( -1.099999999999999867, 0.000000000000000000, 0.3500000000000002554 ) ) ;
#1166 = ADVANCED_FACE ( 'NONE', ( #6493 ), #149, .F. ) ;
#1167 = PLANE ( 'NONE',  #1820 ) ;
#1168 = PLANE ( 'NONE',  #3709 ) ;
#1169 = DIRECTION ( 'NONE',  ( 1.000000000000000000, 1.084202172485504828E-15, -0.000000000000000000 ) ) ;
#1170 = ORIENTED_EDGE ( 'NONE', *, *, #9104, .T. ) ;
#1171 = VERTEX_POINT ( 'NONE', #5289 ) ;
#1172 = VECTOR ( 'NONE', #8084, 1000.000000000000000 ) ;
#1173 = LINE ( 'NONE', #5889, #4407 ) ;
#1174 = VERTEX_POINT ( 'NONE', #2356 ) ;
#1175 = ORIENTED_EDGE ( 'NONE', *, *, #7070, .T. ) ;
#1176 = ORIENTED_EDGE ( 'NONE', *, *, #2845, .F. ) ;
#1177 = ORIENTED_EDGE ( 'NONE', *, *, #5866, .F. ) ;
#1178 = VERTEX_POINT ( 'NONE', #2496 ) ;
#1179 = FILL_AREA_STYLE_COLOUR ( '', #1399 ) ;
#1180 = DIRECTION ( 'NONE',  ( -1.000000000000000000, 0.000000000000000000, 1.445602896647339163E-16 ) ) ;
#1181 = FILL_AREA_STYLE ('',( #889 ) ) ;
#1182 = EDGE_CURVE ( 'NONE', #1913, #3819, #79, .T. ) ;
#1183 = DIRECTION ( 'NONE',  ( -0.000000000000000000, 0.000000000000000000, 1.000000000000000000 ) ) ;
#1184 = ORIENTED_EDGE ( 'NONE', *, *, #697, .T. ) ;
#1185 = FACE_OUTER_BOUND ( 'NONE', #5525, .T. ) ;
#1186 = LINE ( 'NONE', #6169, #1316 ) ;
#1187 = VERTEX_POINT ( 'NONE', #8325 ) ;
#1188 = DIRECTION ( 'NONE',  ( 0.000000000000000000, 1.000000000000000000, 0.000000000000000000 ) ) ;
#1189 = VECTOR ( 'NONE', #2037, 1000.000000000000000 ) ;
#1190 = DIRECTION ( 'NONE',  ( -1.000000000000000000, 0.000000000000000000, 0.000000000000000000 ) ) ;
#1191 = FACE_OUTER_BOUND ( 'NONE', #9437, .T. ) ;
#1192 = VERTEX_POINT ( 'NONE', #4814 ) ;
#1193 = ORIENTED_EDGE ( 'NONE', *, *, #7051, .F. ) ;
#1194 = VERTEX_POINT ( 'NONE', #9099 ) ;
#1195 = ORIENTED_EDGE ( 'NONE', *, *, #6626, .T. ) ;
#1196 = DIRECTION ( 'NONE',  ( -0.000000000000000000, -0.000000000000000000, 1.000000000000000000 ) ) ;
#1197 = VERTEX_POINT ( 'NONE', #7775 ) ;
#1198 = CARTESIAN_POINT ( 'NONE',  ( -1.099999999999999867, 0.6472135954999583829, -0.3499999999999998113 ) ) ;
#1199 = DIRECTION ( 'NONE',  ( -1.084202172485504040E-15, 0.000000000000000000, 1.000000000000000000 ) ) ;
#1200 = DIRECTION ( 'NONE',  ( 0.000000000000000000, -0.000000000000000000, 1.000000000000000000 ) ) ;
#1201 = DIRECTION ( 'NONE',  ( 1.000000000000000000, 0.000000000000000000, -5.421010862427523156E-16 ) ) ;
#1202 = VERTEX_POINT ( 'NONE', #95 ) ;
#1203 = CARTESIAN_POINT ( 'NONE',  ( -1.500000000000000000, 0.6472135954999583829, -0.6499999999999995781 ) ) ;
#1204 = LINE ( 'NONE', #2239, #7549 ) ;
#1205 = VECTOR ( 'NONE', #6403, 1000.000000000000000 ) ;
#1206 = EDGE_LOOP ( 'NONE', ( #6298, #3096, #5489, #2149 ) ) ;
#1207 = VECTOR ( 'NONE', #5692, 1000.000000000000000 ) ;
#1208 = CARTESIAN_POINT ( 'NONE',  ( 1.099999999999999867, 0.6472135954999583829, 0.6500000000000001332 ) ) ;
#1209 = VECTOR ( 'NONE', #1611, 1000.000000000000000 ) ;
#1210 = EDGE_LOOP ( 'NONE', ( #4332, #7053, #1164, #7423 ) ) ;
#1211 = CARTESIAN_POINT ( 'NONE',  ( 1.099999999999999867, 0.05000000000000000278, 0.000000000000000000 ) ) ;
#1212 = ORIENTED_EDGE ( 'NONE', *, *, #8204, .T. ) ;
#1213 = EDGE_LOOP ( 'NONE', ( #794, #6321, #7017, #3602 ) ) ;
#1214 = VERTEX_POINT ( 'NONE', #6927 ) ;
#1215 = ORIENTED_EDGE ( 'NONE', *, *, #9519, .F. ) ;
#1216 = DIRECTION ( 'NONE',  ( 1.000000000000000000, -0.000000000000000000, 1.445602896647339163E-16 ) ) ;
#1217 = DIRECTION ( 'NONE',  ( 0.000000000000000000, -1.000000000000000000, 0.000000000000000000 ) ) ;
#1218 = AXIS2_PLACEMENT_3D ( 'NONE', #8270, #8389, #3026 ) ;
#1219 = CARTESIAN_POINT ( 'NONE',  ( 1.500000000000000000, 0.000000000000000000, 0.000000000000000000 ) ) ;
#1220 = ADVANCED_FACE ( 'NONE', ( #268 ), #331, .F. ) ;
#1221 = VERTEX_POINT ( 'NONE', #4601 ) ;
#1222 = SURFACE_STYLE_USAGE ( .BOTH. , #1874 ) ;
#1223 = VECTOR ( 'NONE', #5424, 1000.000000000000000 ) ;
#1224 = VECTOR ( 'NONE', #1311, 1000.000000000000000 ) ;
#1225 = ORIENTED_EDGE ( 'NONE', *, *, #3478, .F. ) ;
#1226 = EDGE_CURVE ( 'NONE', #3657, #3892, #10, .T. ) ;
#1227 = EDGE_CURVE ( 'NONE', #1097, #441, #3429, .T. ) ;
#1228 = CARTESIAN_POINT ( 'NONE',  ( 0.8500000000000010880, 0.1999999999999999833, 2.000000000000000000 ) ) ;
#1229 = AXIS2_PLACEMENT_3D ( 'NONE', #2659, #365, #7154 ) ;
#1230 = EDGE_CURVE ( 'NONE', #8199, #466, #118, .T. ) ;
#1231 = VECTOR ( 'NONE', #8799, 1000.000000000000000 ) ;
#1232 = EDGE_LOOP ( 'NONE', ( #4522, #5017, #1440, #7894 ) ) ;
#1233 = ORIENTED_EDGE ( 'NONE', *, *, #1385, .T. ) ;
#1234 = ORIENTED_EDGE ( 'NONE', *, *, #1662, .F. ) ;
#1235 = ORIENTED_EDGE ( 'NONE', *, *, #4963, .T. ) ;
#1236 = EDGE_CURVE ( 'NONE', #1417, #539, #237, .T. ) ;
#1237 = VERTEX_POINT ( 'NONE', #6870 ) ;
#1238 = ADVANCED_FACE ( 'NONE', ( #6418 ), #7695, .T. ) ;
#1239 = EDGE_CURVE ( 'NONE', #6705, #7276, #6448, .T. ) ;
#1240 = ADVANCED_FACE ( 'NONE', ( #6645 ), #963, .F. ) ;
#1241 = CARTESIAN_POINT ( 'NONE',  ( -1.250000000000000222, 0.1250000000000000000, -2.000000000000000000 ) ) ;
#1242 = DIRECTION ( 'NONE',  ( 0.000000000000000000, -0.000000000000000000, -1.000000000000000000 ) ) ;
#1243 = CARTESIAN_POINT ( 'NONE',  ( 1.249999999999999334, 0.1250000000000013600, -1.899999999999999911 ) ) ;
#1244 = ORIENTED_EDGE ( 'NONE', *, *, #481, .F. ) ;
#1245 = PRESENTATION_STYLE_ASSIGNMENT (( #192 ) ) ;
#1246 = LINE ( 'NONE', #35, #4364 ) ;
#1247 = LINE ( 'NONE', #8782, #1414 ) ;
#1248 = FACE_OUTER_BOUND ( 'NONE', #8360, .T. ) ;
#1249 = EDGE_CURVE ( 'NONE', #4924, #8211, #3230, .T. ) ;
#1250 = ADVANCED_FACE ( 'NONE', ( #6572 ), #5651, .F. ) ;
#1251 = ORIENTED_EDGE ( 'NONE', *, *, #4246, .F. ) ;
#1252 = EDGE_LOOP ( 'NONE', ( #5359, #6307, #3120, #2224 ) ) ;
#1253 = ORIENTED_EDGE ( 'NONE', *, *, #8053, .T. ) ;
#1254 = AXIS2_PLACEMENT_3D ( 'NONE', #6764, #9270, #3389 ) ;
#1255 = ORIENTED_EDGE ( 'NONE', *, *, #6356, .T. ) ;
#1256 = ORIENTED_EDGE ( 'NONE', *, *, #5647, .F. ) ;
#1257 = CARTESIAN_POINT ( 'NONE',  ( 0.1500000000000008271, 0.1999999999999999833, 1.600000000000000089 ) ) ;
#1258 = DIRECTION ( 'NONE',  ( 0.000000000000000000, 1.000000000000000000, 0.000000000000000000 ) ) ;
#1259 = DIRECTION ( 'NONE',  ( -0.000000000000000000, -1.000000000000000000, -0.000000000000000000 ) ) ;
#1260 = EDGE_CURVE ( 'NONE', #685, #2098, #3171, .T. ) ;
#1261 = EDGE_CURVE ( 'NONE', #1178, #4755, #147, .T. ) ;
#1262 = DIRECTION ( 'NONE',  ( 0.000000000000000000, -1.000000000000000000, 0.000000000000000000 ) ) ;
#1263 = ORIENTED_EDGE ( 'NONE', *, *, #5087, .T. ) ;
#1264 = VECTOR ( 'NONE', #6538, 1000.000000000000000 ) ;
#1265 = LINE ( 'NONE', #6342, #7763 ) ;
#1266 = AXIS2_PLACEMENT_3D ( 'NONE', #7564, #9050, #910 ) ;
#1267 = VECTOR ( 'NONE', #3697, 1000.000000000000000 ) ;
#1268 = CARTESIAN_POINT ( 'NONE',  ( 0.3500000000000004774, 0.000000000000000000, -2.000000000000000000 ) ) ;
#1269 = ORIENTED_EDGE ( 'NONE', *, *, #6633, .F. ) ;
#1270 = ORIENTED_EDGE ( 'NONE', *, *, #5647, .T. ) ;
#1271 = VERTEX_POINT ( 'NONE', #6478 ) ;
#1272 = VERTEX_POINT ( 'NONE', #3552 ) ;
#1273 = CARTESIAN_POINT ( 'NONE',  ( 1.499999999999999778, 0.8000000000000020428, -2.000000000000000000 ) ) ;
#1274 = ORIENTED_EDGE ( 'NONE', *, *, #6194, .F. ) ;
#1275 = CARTESIAN_POINT ( 'NONE',  ( -1.100000000000000311, 0.1999999999999999833, -2.000000000000000000 ) ) ;
#1276 = AXIS2_PLACEMENT_3D ( 'NONE', #4711, #8361, #5323 ) ;
#1277 = DIRECTION ( 'NONE',  ( -0.000000000000000000, -1.000000000000000000, -0.000000000000000000 ) ) ;
#1278 = CARTESIAN_POINT ( 'NONE',  ( -1.250000000000000222, 0.1999999999999999833, -2.000000000000000000 ) ) ;
#1279 = FILL_AREA_STYLE_COLOUR ( '', #5410 ) ;
#1280 = EDGE_CURVE ( 'NONE', #4924, #3593, #27, .T. ) ;
#1281 = DIRECTION ( 'NONE',  ( 0.000000000000000000, 1.000000000000000000, 0.000000000000000000 ) ) ;
#1282 = EDGE_LOOP ( 'NONE', ( #5060, #7820, #7975, #8539 ) ) ;
#1283 = CARTESIAN_POINT ( 'NONE',  ( 1.099999999999999867, 0.6472135954999583829, 1.150000000000000133 ) ) ;
#1284 = LINE ( 'NONE', #199, #1467 ) ;
#1285 = UNCERTAINTY_MEASURE_WITH_UNIT (LENGTH_MEASURE( 1.000000000000000082E-05 ), #3525, 'distance_accuracy_value', 'NONE');
#1286 = CARTESIAN_POINT ( 'NONE',  ( -1.099999999999999867, 0.1250000000000000000, 2.000000000000000000 ) ) ;
#1287 = AXIS2_PLACEMENT_3D ( 'NONE', #6674, #7438, #8248 ) ;
#1288 = LINE ( 'NONE', #2303, #4627 ) ;
#1289 = ORIENTED_EDGE ( 'NONE', *, *, #2403, .F. ) ;
#1290 = DIRECTION ( 'NONE',  ( 1.000000000000000000, -0.000000000000000000, -0.000000000000000000 ) ) ;
#1291 = ORIENTED_EDGE ( 'NONE', *, *, #3818, .F. ) ;
#1292 = ORIENTED_EDGE ( 'NONE', *, *, #4606, .F. ) ;
#1293 = EDGE_LOOP ( 'NONE', ( #4342, #801, #7173, #1119 ) ) ;
#1294 = ORIENTED_EDGE ( 'NONE', *, *, #5747, .T. ) ;
#1295 = CARTESIAN_POINT ( 'NONE',  ( -0.8499999999999996447, 0.2000000000000000111, -1.600000000000000089 ) ) ;
#1296 = FILL_AREA_STYLE ('',( #2095 ) ) ;
#1297 = AXIS2_PLACEMENT_3D ( 'NONE', #2117, #3036, #3547 ) ;
#1298 = ORIENTED_EDGE ( 'NONE', *, *, #2957, .T. ) ;
#1299 = CARTESIAN_POINT ( 'NONE',  ( -1.099999999999999867, 0.000000000000000000, 0.3500000000000002554 ) ) ;
#1300 = DIRECTION ( 'NONE',  ( 0.000000000000000000, 0.000000000000000000, -1.000000000000000000 ) ) ;
#1301 = VECTOR ( 'NONE', #9092, 1000.000000000000000 ) ;
#1302 = DIRECTION ( 'NONE',  ( 0.000000000000000000, -0.000000000000000000, 1.000000000000000000 ) ) ;
#1303 = VECTOR ( 'NONE', #2742, 1000.000000000000000 ) ;
#1304 = CARTESIAN_POINT ( 'NONE',  ( 1.500000000000000000, 0.1999999999999999833, -0.6499999999999995781 ) ) ;
#1305 = ORIENTED_EDGE ( 'NONE', *, *, #8085, .F. ) ;
#1306 = ORIENTED_EDGE ( 'NONE', *, *, #2842, .T. ) ;
#1307 = ORIENTED_EDGE ( 'NONE', *, *, #5414, .F. ) ;
#1308 = ORIENTED_EDGE ( 'NONE', *, *, #7859, .T. ) ;
#1309 = ORIENTED_EDGE ( 'NONE', *, *, #25, .F. ) ;
#1310 = DIRECTION ( 'NONE',  ( 0.000000000000000000, -0.000000000000000000, 1.000000000000000000 ) ) ;
#1311 = DIRECTION ( 'NONE',  ( -1.000000000000000000, 0.000000000000000000, 1.084202172485504040E-15 ) ) ;
#1312 = DIRECTION ( 'NONE',  ( 1.000000000000000000, -0.000000000000000000, 5.421010862427520198E-16 ) ) ;
#1313 = CARTESIAN_POINT ( 'NONE',  ( -1.099999999999999867, 0.1999999999999999833, -0.1499999999999997446 ) ) ;
#1314 = ADVANCED_FACE ( 'NONE', ( #6556 ), #7191, .T. ) ;
#1315 = ORIENTED_EDGE ( 'NONE', *, *, #6210, .F. ) ;
#1316 = VECTOR ( 'NONE', #8366, 1000.000000000000000 ) ;
#1317 = LINE ( 'NONE', #6693, #7746 ) ;
#1318 = VECTOR ( 'NONE', #2231, 1000.000000000000000 ) ;
#1319 = ORIENTED_EDGE ( 'NONE', *, *, #6324, .F. ) ;
#1320 = ORIENTED_EDGE ( 'NONE', *, *, #2749, .T. ) ;
#1321 = ORIENTED_EDGE ( 'NONE', *, *, #5930, .F. ) ;
#1322 = ORIENTED_EDGE ( 'NONE', *, *, #46, .F. ) ;
#1323 = CARTESIAN_POINT ( 'NONE',  ( 1.500000000000000000, 0.6472135954999583829, 1.350000000000000533 ) ) ;
#1324 = ORIENTED_EDGE ( 'NONE', *, *, #3517, .T. ) ;
#1325 = DIRECTION ( 'NONE',  ( 0.000000000000000000, 0.000000000000000000, -1.000000000000000000 ) ) ;
#1326 = EDGE_CURVE ( 'NONE', #1214, #3436, #6358, .T. ) ;
#1327 = DIRECTION ( 'NONE',  ( 0.000000000000000000, 0.000000000000000000, 1.000000000000000000 ) ) ;
#1328 = ADVANCED_FACE ( 'NONE', ( #6632 ), #510, .F. ) ;
#1329 = CARTESIAN_POINT ( 'NONE',  ( -1.249999999999999778, 0.1999999999999999833, 2.000000000000000000 ) ) ;
#1330 = ORIENTED_EDGE ( 'NONE', *, *, #596, .F. ) ;
#1331 = LINE ( 'NONE', #1677, #7461 ) ;
#1332 = FACE_OUTER_BOUND ( 'NONE', #9207, .T. ) ;
#1333 = DIRECTION ( 'NONE',  ( 1.000000000000000000, 0.000000000000000000, -5.421010862427520198E-16 ) ) ;
#1334 = AXIS2_PLACEMENT_3D ( 'NONE', #5763, #2229, #7962 ) ;
#1335 = FACE_OUTER_BOUND ( 'NONE', #7224, .T. ) ;
#1336 = FACE_OUTER_BOUND ( 'NONE', #7639, .T. ) ;
#1337 = ADVANCED_FACE ( 'NONE', ( #162 ), #2620, .T. ) ;
#1338 = ORIENTED_EDGE ( 'NONE', *, *, #4223, .F. ) ;
#1339 = EDGE_LOOP ( 'NONE', ( #3418, #2553, #9243, #6547 ) ) ;
#1340 = ORIENTED_EDGE ( 'NONE', *, *, #5987, .F. ) ;
#1341 = VERTEX_POINT ( 'NONE', #1110 ) ;
#1342 = ORIENTED_EDGE ( 'NONE', *, *, #4680, .F. ) ;
#1343 = DIRECTION ( 'NONE',  ( 1.000000000000000000, -0.000000000000000000, 0.000000000000000000 ) ) ;
#1344 = AXIS2_PLACEMENT_3D ( 'NONE', #2921, #4322, #5119 ) ;
#1345 = EDGE_CURVE ( 'NONE', #3892, #4637, #6476, .T. ) ;
#1346 = PLANE ( 'NONE',  #9169 ) ;
#1347 = CARTESIAN_POINT ( 'NONE',  ( 1.099999999999999867, 0.1999999999999999833, 0.3500000000000002554 ) ) ;
#1348 = CARTESIAN_POINT ( 'NONE',  ( -1.100000000000000311, 0.1999999999999999833, -2.000000000000000000 ) ) ;
#1349 = ORIENTED_EDGE ( 'NONE', *, *, #6090, .T. ) ;
#1350 = PLANE ( 'NONE',  #2084 ) ;
#1351 = FACE_OUTER_BOUND ( 'NONE', #3437, .T. ) ;
#1352 = FACE_OUTER_BOUND ( 'NONE', #7362, .T. ) ;
#1353 = LINE ( 'NONE', #9414, #1172 ) ;
#1354 = CARTESIAN_POINT ( 'NONE',  ( 8.131516293641299279E-17, 0.05000000000000000278, -0.1500000000000003275 ) ) ;
#1355 = LINE ( 'NONE', #2676, #7785 ) ;
#1356 = ORIENTED_EDGE ( 'NONE', *, *, #9210, .T. ) ;
#1357 = AXIS2_PLACEMENT_3D ( 'NONE', #4070, #8573, #7652 ) ;
#1358 = VERTEX_POINT ( 'NONE', #9442 ) ;
#1359 = ORIENTED_EDGE ( 'NONE', *, *, #6400, .F. ) ;
#1360 = ORIENTED_EDGE ( 'NONE', *, *, #2999, .T. ) ;
#1361 = ORIENTED_EDGE ( 'NONE', *, *, #8412, .F. ) ;
#1362 = DIRECTION ( 'NONE',  ( 5.782411586589358822E-15, -1.000000000000000000, 0.000000000000000000 ) ) ;
#1363 = CARTESIAN_POINT ( 'NONE',  ( 0.8500000000000005329, 0.1999999999999999833, -1.600000000000000311 ) ) ;
#1364 = UNCERTAINTY_MEASURE_WITH_UNIT (LENGTH_MEASURE( 1.000000000000000082E-05 ), #5106, 'distance_accuracy_value', 'NONE');
#1365 = SURFACE_SIDE_STYLE ('',( #5339 ) ) ;
#1366 = CARTESIAN_POINT ( 'NONE',  ( -0.3499999999999992006, 0.1999999999999999833, 1.600000000000000089 ) ) ;
#1367 = EDGE_CURVE ( 'NONE', #3097, #4186, #3244, .T. ) ;
#1368 = PRESENTATION_LAYER_ASSIGNMENT (  '', '', ( #6623 ) ) ;
#1369 = CARTESIAN_POINT ( 'NONE',  ( 0.3500000000000004774, 0.04999999999999999584, -1.600000000000000311 ) ) ;
#1370 = EDGE_CURVE ( 'NONE', #3865, #2543, #42, .T. ) ;
#1371 = VERTEX_POINT ( 'NONE', #6421 ) ;
#1372 = CARTESIAN_POINT ( 'NONE',  ( 0.3500000000000004774, 0.2000000000000000111, -1.600000000000000311 ) ) ;
#1373 = LINE ( 'NONE', #2585, #1394 ) ;
#1374 = VECTOR ( 'NONE', #3712, 1000.000000000000000 ) ;
#1375 = DIRECTION ( 'NONE',  ( 0.000000000000000000, -1.000000000000000000, 0.000000000000000000 ) ) ;
#1376 = VECTOR ( 'NONE', #5164, 1000.000000000000000 ) ;
#1377 = MANIFOLD_SOLID_BREP ( 'LPattern4[5]', #8194 ) ;
#1378 = CARTESIAN_POINT ( 'NONE',  ( 1.099999999999999867, 0.1250000000000011935, 2.000000000000000000 ) ) ;
#1379 = VECTOR ( 'NONE', #6041, 1000.000000000000000 ) ;
#1380 = VECTOR ( 'NONE', #5459, 1000.000000000000000 ) ;
#1381 = DIRECTION ( 'NONE',  ( -1.000000000000000000, 0.000000000000000000, 0.000000000000000000 ) ) ;
#1382 = ORIENTED_EDGE ( 'NONE', *, *, #8532, .T. ) ;
#1383 = VERTEX_POINT ( 'NONE', #2867 ) ;
#1384 = EDGE_LOOP ( 'NONE', ( #8690, #7750, #4849, #1986 ) ) ;
#1385 = EDGE_CURVE ( 'NONE', #5319, #307, #342, .T. ) ;
#1386 = ORIENTED_EDGE ( 'NONE', *, *, #2527, .T. ) ;
#1387 = VERTEX_POINT ( 'NONE', #4929 ) ;
#1388 = DIRECTION ( 'NONE',  ( 1.000000000000000000, -0.000000000000000000, 5.421010862427520198E-16 ) ) ;
#1389 = CARTESIAN_POINT ( 'NONE',  ( 0.8500000000000009770, 0.2000000000000000111, 1.600000000000000311 ) ) ;
#1390 = EDGE_CURVE ( 'NONE', #2561, #3819, #447, .T. ) ;
#1391 =( GEOMETRIC_REPRESENTATION_CONTEXT ( 3 ) GLOBAL_UNCERTAINTY_ASSIGNED_CONTEXT ( ( #1894 ) ) GLOBAL_UNIT_ASSIGNED_CONTEXT ( ( #779, #6719, #1627 ) ) REPRESENTATION_CONTEXT ( 'NONE', 'WORKASPACE' ) );
#1392 = DIRECTION ( 'NONE',  ( 1.084202172485504828E-15, -1.000000000000000000, 0.000000000000000000 ) ) ;
#1393 = VERTEX_POINT ( 'NONE', #2003 ) ;
#1394 = VECTOR ( 'NONE', #3281, 1000.000000000000000 ) ;
#1395 = LINE ( 'NONE', #8587, #1114 ) ;
#1396 = AXIS2_PLACEMENT_3D ( 'NONE', #925, #1072, #5374 ) ;
#1397 = FACE_OUTER_BOUND ( 'NONE', #4291, .T. ) ;
#1398 = VECTOR ( 'NONE', #2603, 1000.000000000000000 ) ;
#1399 = COLOUR_RGB ( '',0.7921568627450980005, 0.8196078431372548767, 0.9333333333333333481 ) ;
#1400 = EDGE_LOOP ( 'NONE', ( #8646, #7383, #3923, #7081 ) ) ;
#1401 = EDGE_CURVE ( 'NONE', #1187, #2106, #3651, .T. ) ;
#1402 = ORIENTED_EDGE ( 'NONE', *, *, #6585, .T. ) ;
#1403 = ORIENTED_EDGE ( 'NONE', *, *, #4450, .F. ) ;
#1404 = EDGE_LOOP ( 'NONE', ( #2314, #4016, #7692, #703 ) ) ;
#1405 = DIRECTION ( 'NONE',  ( 0.000000000000000000, -1.000000000000000000, 0.000000000000000000 ) ) ;
#1406 = EDGE_CURVE ( 'NONE', #1221, #7748, #6944, .T. ) ;
#1407 = CARTESIAN_POINT ( 'NONE',  ( 1.399999999999999689, 0.1999999999999999833, 1.600000000000000089 ) ) ;
#1408 = AXIS2_PLACEMENT_3D ( 'NONE', #2923, #2987, #6591 ) ;
#1409 =( LENGTH_UNIT ( ) NAMED_UNIT ( * ) SI_UNIT ( .MILLI., .METRE. ) );
#1410 = ADVANCED_FACE ( 'NONE', ( #6963 ), #7648, .T. ) ;
#1411 = ORIENTED_EDGE ( 'NONE', *, *, #2385, .T. ) ;
#1412 = LINE ( 'NONE', #8000, #1433 ) ;
#1413 = VECTOR ( 'NONE', #8271, 1000.000000000000000 ) ;
#1414 = VECTOR ( 'NONE', #7313, 1000.000000000000000 ) ;
#1415 = LINE ( 'NONE', #8128, #4816 ) ;
#1416 = DIRECTION ( 'NONE',  ( 1.084202172485504828E-15, -1.000000000000000000, 0.000000000000000000 ) ) ;
#1417 = VERTEX_POINT ( 'NONE', #8994 ) ;
#1418 = ORIENTED_EDGE ( 'NONE', *, *, #1997, .F. ) ;
#1419 = ORIENTED_EDGE ( 'NONE', *, *, #9409, .T. ) ;
#1420 = FILL_AREA_STYLE ('',( #5134 ) ) ;
#1421 = VERTEX_POINT ( 'NONE', #2450 ) ;
#1422 = EDGE_CURVE ( 'NONE', #2077, #4666, #6669, .T. ) ;
#1423 = ADVANCED_FACE ( 'NONE', ( #386 ), #5898, .T. ) ;
#1424 = SURFACE_STYLE_USAGE ( .BOTH. , #7986 ) ;
#1425 = CARTESIAN_POINT ( 'NONE',  ( -7.318364664277151971E-16, 0.05000000000000000278, -1.349999999999999201 ) ) ;
#1426 = CARTESIAN_POINT ( 'NONE',  ( -0.3499999999999996447, 0.6472135954999580498, -1.600000000000000089 ) ) ;
#1427 = DIRECTION ( 'NONE',  ( -1.000000000000000000, 0.000000000000000000, -1.084202172485504040E-15 ) ) ;
#1428 = DIRECTION ( 'NONE',  ( 2.710505431213763550E-16, -0.000000000000000000, 1.000000000000000000 ) ) ;
#1429 = ADVANCED_FACE ( 'NONE', ( #6714 ), #7569, .F. ) ;
#1430 = CARTESIAN_POINT ( 'NONE',  ( -1.249999999999999778, 0.1999999999999999833, 1.899999999999999911 ) ) ;
#1431 = VERTEX_POINT ( 'NONE', #4483 ) ;
#1432 = DIRECTION ( 'NONE',  ( 1.000000000000000000, 0.000000000000000000, 0.000000000000000000 ) ) ;
#1433 = VECTOR ( 'NONE', #5913, 1000.000000000000000 ) ;
#1434 = FACE_OUTER_BOUND ( 'NONE', #5358, .T. ) ;
#1435 = SURFACE_SIDE_STYLE ('',( #7249 ) ) ;
#1436 = LINE ( 'NONE', #2331, #4696 ) ;
#1437 = LINE ( 'NONE', #5050, #4390 ) ;
#1438 = ORIENTED_EDGE ( 'NONE', *, *, #9527, .F. ) ;
#1439 = PLANE ( 'NONE',  #9186 ) ;
#1440 = ORIENTED_EDGE ( 'NONE', *, *, #6489, .T. ) ;
#1441 = ORIENTED_EDGE ( 'NONE', *, *, #1182, .F. ) ;
#1442 = AXIS2_PLACEMENT_3D ( 'NONE', #2563, #4926, #8596 ) ;
#1443 = EDGE_LOOP ( 'NONE', ( #6192, #2488, #9248, #9258 ) ) ;
#1444 = DIRECTION ( 'NONE',  ( 0.000000000000000000, -0.000000000000000000, -1.000000000000000000 ) ) ;
#1445 = CARTESIAN_POINT ( 'NONE',  ( 1.399999999999999689, 0.1250000000000000000, -1.750000000000000000 ) ) ;
#1446 = CARTESIAN_POINT ( 'NONE',  ( 0.8500000000000009770, 0.6472135954999580498, 1.600000000000000311 ) ) ;
#1447 = SURFACE_STYLE_USAGE ( .BOTH. , #3526 ) ;
#1448 = CARTESIAN_POINT ( 'NONE',  ( 1.500000000000000000, 0.000000000000000000, -1.149999999999999467 ) ) ;
#1449 = ORIENTED_EDGE ( 'NONE', *, *, #6205, .F. ) ;
#1450 = CARTESIAN_POINT ( 'NONE',  ( -1.499999999999999778, 0.1999999999999999833, 0.6500000000000000222 ) ) ;
#1451 = LINE ( 'NONE', #6884, #4638 ) ;
#1452 = FACE_OUTER_BOUND ( 'NONE', #2307, .T. ) ;
#1453 = VECTOR ( 'NONE', #1590, 1000.000000000000000 ) ;
#1454 = DIRECTION ( 'NONE',  ( 1.000000000000000000, 0.000000000000000000, -1.445602896647339163E-16 ) ) ;
#1455 = VECTOR ( 'NONE', #3949, 1000.000000000000000 ) ;
#1456 = VECTOR ( 'NONE', #4740, 1000.000000000000000 ) ;
#1457 = ORIENTED_EDGE ( 'NONE', *, *, #6620, .T. ) ;
#1458 = ORIENTED_EDGE ( 'NONE', *, *, #4875, .T. ) ;
#1459 = ORIENTED_EDGE ( 'NONE', *, *, #4083, .F. ) ;
#1460 = ORIENTED_EDGE ( 'NONE', *, *, #8156, .F. ) ;
#1461 = FILL_AREA_STYLE_COLOUR ( '', #2760 ) ;
#1462 = CARTESIAN_POINT ( 'NONE',  ( -0.7500000000000000000, 3.201666203960727319, 1.299999999999999600 ) ) ;
#1463 = CARTESIAN_POINT ( 'NONE',  ( -1.100000000000000311, 0.1999999999999999833, -1.899999999999999911 ) ) ;
#1464 = EDGE_CURVE ( 'NONE', #3922, #1094, #6686, .T. ) ;
#1465 = ORIENTED_EDGE ( 'NONE', *, *, #582, .F. ) ;
#1466 = VECTOR ( 'NONE', #7212, 1000.000000000000000 ) ;
#1467 = VECTOR ( 'NONE', #6110, 1000.000000000000000 ) ;
#1468 = VECTOR ( 'NONE', #8202, 1000.000000000000000 ) ;
#1469 = SURFACE_STYLE_FILL_AREA ( #1692 ) ;
#1470 = VECTOR ( 'NONE', #5584, 1000.000000000000000 ) ;
#1471 = ORIENTED_EDGE ( 'NONE', *, *, #5427, .F. ) ;
#1472 = ORIENTED_EDGE ( 'NONE', *, *, #6917, .F. ) ;
#1473 = ORIENTED_EDGE ( 'NONE', *, *, #9183, .F. ) ;
#1474 = DIRECTION ( 'NONE',  ( 0.000000000000000000, -0.000000000000000000, 1.000000000000000000 ) ) ;
#1475 = ORIENTED_EDGE ( 'NONE', *, *, #8981, .T. ) ;
#1476 = DIRECTION ( 'NONE',  ( 0.000000000000000000, 0.000000000000000000, -1.000000000000000000 ) ) ;
#1477 = AXIS2_PLACEMENT_3D ( 'NONE', #7385, #3014, #3690 ) ;
#1478 = CARTESIAN_POINT ( 'NONE',  ( 1.099999999999998979, 0.2000000000000011768, -2.000000000000000000 ) ) ;
#1479 = EDGE_LOOP ( 'NONE', ( #2430, #9512, #5990, #6007, #98 ) ) ;
#1480 = VECTOR ( 'NONE', #3513, 1000.000000000000000 ) ;
#1481 = VECTOR ( 'NONE', #800, 1000.000000000000000 ) ;
#1482 = DIRECTION ( 'NONE',  ( -0.000000000000000000, 0.000000000000000000, 1.000000000000000000 ) ) ;
#1483 = FACE_OUTER_BOUND ( 'NONE', #7668, .T. ) ;
#1484 = AXIS2_PLACEMENT_3D ( 'NONE', #8159, #5238, #6534 ) ;
#1485 = EDGE_CURVE ( 'NONE', #3103, #1488, #520, .T. ) ;
#1486 = LINE ( 'NONE', #6249, #4771 ) ;
#1487 = VERTEX_POINT ( 'NONE', #2243 ) ;
#1488 = VERTEX_POINT ( 'NONE', #8172 ) ;
#1489 = DIRECTION ( 'NONE',  ( -1.000000000000000000, 0.000000000000000000, -0.000000000000000000 ) ) ;
#1490 = ORIENTED_EDGE ( 'NONE', *, *, #1485, .F. ) ;
#1491 = CARTESIAN_POINT ( 'NONE',  ( 0.8500000000000005329, 0.000000000000000000, -2.000000000000000000 ) ) ;
#1492 = VERTEX_POINT ( 'NONE', #8879 ) ;
#1493 = DIRECTION ( 'NONE',  ( 1.000000000000000000, 1.084202172485504828E-15, -0.000000000000000000 ) ) ;
#1494 =( NAMED_UNIT ( * ) PLANE_ANGLE_UNIT ( ) SI_UNIT ( $, .RADIAN. ) );
#1495 = ADVANCED_FACE ( 'NONE', ( #6725 ), #1617, .T. ) ;
#1496 = DIRECTION ( 'NONE',  ( -0.000000000000000000, -1.000000000000000000, -0.000000000000000000 ) ) ;
#1497 = VERTEX_POINT ( 'NONE', #3862 ) ;
#1498 = CARTESIAN_POINT ( 'NONE',  ( 1.099999999999999867, 0.6472135954999583829, 0.1500000000000001887 ) ) ;
#1499 = LINE ( 'NONE', #4891, #8028 ) ;
#1500 = FACE_OUTER_BOUND ( 'NONE', #8610, .T. ) ;
#1501 = FACE_OUTER_BOUND ( 'NONE', #3572, .T. ) ;
#1502 = SURFACE_STYLE_USAGE ( .BOTH. , #1435 ) ;
#1503 = LINE ( 'NONE', #75, #1455 ) ;
#1504 = EDGE_CURVE ( 'NONE', #3125, #2561, #6812, .T. ) ;
#1505 = ORIENTED_EDGE ( 'NONE', *, *, #7307, .F. ) ;
#1506 = PLANE ( 'NONE',  #5300 ) ;
#1507 = VERTEX_POINT ( 'NONE', #3041 ) ;
#1508 = AXIS2_PLACEMENT_3D ( 'NONE', #593, #6502, #8625 ) ;
#1509 = ORIENTED_EDGE ( 'NONE', *, *, #8107, .T. ) ;
#1510 = VERTEX_POINT ( 'NONE', #8348 ) ;
#1511 = ADVANCED_FACE ( 'NONE', ( #6697 ), #5369, .F. ) ;
#1512 = CARTESIAN_POINT ( 'NONE',  ( -1.250000000000000222, 0.1250000000000000000, -2.000000000000000000 ) ) ;
#1513 = EDGE_CURVE ( 'NONE', #9440, #9561, #3589, .T. ) ;
#1514 = DIRECTION ( 'NONE',  ( -0.000000000000000000, -1.000000000000000000, -0.000000000000000000 ) ) ;
#1515 = CARTESIAN_POINT ( 'NONE',  ( -1.500000000000000222, 0.1250000000000000000, 1.600000000000000089 ) ) ;
#1516 = DIRECTION ( 'NONE',  ( -1.000000000000000000, 0.000000000000000000, -0.000000000000000000 ) ) ;
#1517 = DIRECTION ( 'NONE',  ( 1.000000000000000000, -0.000000000000000000, -1.084202172485504040E-15 ) ) ;
#1518 = EDGE_CURVE ( 'NONE', #4666, #6375, #464, .T. ) ;
#1519 = EDGE_CURVE ( 'NONE', #9193, #5493, #6741, .T. ) ;
#1520 = VERTEX_POINT ( 'NONE', #4555 ) ;
#1521 = CARTESIAN_POINT ( 'NONE',  ( 1.099999999999998979, 0.2000000000000011768, -2.000000000000000000 ) ) ;
#1522 = VECTOR ( 'NONE', #1962, 1000.000000000000000 ) ;
#1523 = DIRECTION ( 'NONE',  ( -1.000000000000000000, 0.000000000000000000, -5.421010862427520198E-16 ) ) ;
#1524 = VECTOR ( 'NONE', #4175, 1000.000000000000000 ) ;
#1525 = DIRECTION ( 'NONE',  ( 0.000000000000000000, -1.000000000000000000, -0.000000000000000000 ) ) ;
#1526 = DIRECTION ( 'NONE',  ( 1.000000000000000000, -0.000000000000000000, 1.084202172485504040E-15 ) ) ;
#1527 = VERTEX_POINT ( 'NONE', #8229 ) ;
#1528 = VERTEX_POINT ( 'NONE', #3730 ) ;
#1529 = EDGE_CURVE ( 'NONE', #3528, #5047, #3699, .T. ) ;
#1530 = ORIENTED_EDGE ( 'NONE', *, *, #2999, .F. ) ;
#1531 = EDGE_CURVE ( 'NONE', #6186, #9399, #3570, .T. ) ;
#1532 = EDGE_LOOP ( 'NONE', ( #1087, #684, #3915, #4203 ) ) ;
#1533 = ADVANCED_FACE ( 'NONE', ( #405 ), #3342, .F. ) ;
#1534 = EDGE_CURVE ( 'NONE', #3784, #1492, #6800, .T. ) ;
#1535 = DIRECTION ( 'NONE',  ( -1.000000000000000000, 0.000000000000000000, 1.084202172485504040E-15 ) ) ;
#1536 = ORIENTED_EDGE ( 'NONE', *, *, #385, .F. ) ;
#1537 = VECTOR ( 'NONE', #1732, 1000.000000000000000 ) ;
#1538 = FACE_OUTER_BOUND ( 'NONE', #4449, .T. ) ;
#1539 = FACE_OUTER_BOUND ( 'NONE', #7431, .T. ) ;
#1540 = PRESENTATION_LAYER_ASSIGNMENT (  '', '', ( #7367 ) ) ;
#1541 = CIRCLE ( 'NONE', #1344, 0.1499999999999999667 ) ;
#1542 = ORIENTED_EDGE ( 'NONE', *, *, #1385, .F. ) ;
#1543 = ORIENTED_EDGE ( 'NONE', *, *, #8104, .F. ) ;
#1544 = ORIENTED_EDGE ( 'NONE', *, *, #6752, .F. ) ;
#1545 = SURFACE_STYLE_USAGE ( .BOTH. , #9432 ) ;
#1546 = EDGE_LOOP ( 'NONE', ( #5003, #4681, #2345, #8455 ) ) ;
#1547 = DIRECTION ( 'NONE',  ( -2.710505431213761578E-16, 0.000000000000000000, -1.000000000000000000 ) ) ;
#1548 = CARTESIAN_POINT ( 'NONE',  ( -1.250000000000000222, 0.1250000000000000000, -1.899999999999999911 ) ) ;
#1549 = AXIS2_PLACEMENT_3D ( 'NONE', #6337, #1454, #4380 ) ;
#1550 = CARTESIAN_POINT ( 'NONE',  ( -0.6499999999999991340, 0.2000000000000000111, 1.600000000000000311 ) ) ;
#1551 = CARTESIAN_POINT ( 'NONE',  ( 1.099999999999999867, 0.000000000000000000, -0.3499999999999998113 ) ) ;
#1552 = VECTOR ( 'NONE', #15, 1000.000000000000000 ) ;
#1553 = FILL_AREA_STYLE_COLOUR ( '', #585 ) ;
#1554 = LINE ( 'NONE', #2614, #8086 ) ;
#1555 = DIRECTION ( 'NONE',  ( 0.000000000000000000, 1.000000000000000000, 0.000000000000000000 ) ) ;
#1556 = LINE ( 'NONE', #9046, #4803 ) ;
#1557 = VERTEX_POINT ( 'NONE', #7138 ) ;
#1558 = ORIENTED_EDGE ( 'NONE', *, *, #6736, .F. ) ;
#1559 = FILL_AREA_STYLE_COLOUR ( '', #8326 ) ;
#1560 = ORIENTED_EDGE ( 'NONE', *, *, #2174, .T. ) ;
#1561 = ORIENTED_EDGE ( 'NONE', *, *, #7457, .T. ) ;
#1562 = FILL_AREA_STYLE ('',( #9381 ) ) ;
#1563 =( LENGTH_UNIT ( ) NAMED_UNIT ( * ) SI_UNIT ( .MILLI., .METRE. ) );
#1564 = CARTESIAN_POINT ( 'NONE',  ( 1.099999999999999867, 0.6472135954999583829, -0.8499999999999998668 ) ) ;
#1565 = FACE_OUTER_BOUND ( 'NONE', #2362, .T. ) ;
#1566 = LINE ( 'NONE', #3909, #1719 ) ;
#1567 = EDGE_CURVE ( 'NONE', #2639, #6543, #6872, .T. ) ;
#1568 = VECTOR ( 'NONE', #5239, 1000.000000000000000 ) ;
#1569 = CARTESIAN_POINT ( 'NONE',  ( -1.500000000000000222, 6.599999999999999645, -1.999999999999999556 ) ) ;
#1570 = LINE ( 'NONE', #5380, #4770 ) ;
#1571 = FACE_OUTER_BOUND ( 'NONE', #6436, .T. ) ;
#1572 = ORIENTED_EDGE ( 'NONE', *, *, #3195, .T. ) ;
#1573 = CARTESIAN_POINT ( 'NONE',  ( -0.8499999999999996447, 0.000000000000000000, -1.600000000000000089 ) ) ;
#1574 = EDGE_CURVE ( 'NONE', #6151, #1896, #479, .T. ) ;
#1575 = ORIENTED_EDGE ( 'NONE', *, *, #3660, .F. ) ;
#1576 = ORIENTED_EDGE ( 'NONE', *, *, #6822, .F. ) ;
#1577 = CARTESIAN_POINT ( 'NONE',  ( 1.499999999999999778, 0.000000000000000000, 0.000000000000000000 ) ) ;
#1578 = VERTEX_POINT ( 'NONE', #4140 ) ;
#1579 = DIRECTION ( 'NONE',  ( 0.000000000000000000, 0.000000000000000000, -1.000000000000000000 ) ) ;
#1580 = DIRECTION ( 'NONE',  ( -0.000000000000000000, -1.000000000000000000, -0.000000000000000000 ) ) ;
#1581 = CARTESIAN_POINT ( 'NONE',  ( 0.6500000000000003553, 0.2000000000000000111, -1.600000000000000089 ) ) ;
#1582 = DIRECTION ( 'NONE',  ( 0.000000000000000000, -1.000000000000000000, 0.000000000000000000 ) ) ;
#1583 = ADVANCED_FACE ( 'NONE', ( #6829, #491, #536 ), #5485, .F. ) ;
#1584 = DIRECTION ( 'NONE',  ( -5.782411586589358822E-15, 1.000000000000000000, -0.000000000000000000 ) ) ;
#1585 = EDGE_CURVE ( 'NONE', #9332, #1608, #3685, .T. ) ;
#1586 = PRESENTATION_STYLE_ASSIGNMENT (( #5672 ) ) ;
#1587 = FACE_OUTER_BOUND ( 'NONE', #2089, .T. ) ;
#1588 = CARTESIAN_POINT ( 'NONE',  ( 0.000000000000000000, 0.000000000000000000, 0.000000000000000000 ) ) ;
#1589 = FACE_OUTER_BOUND ( 'NONE', #4264, .T. ) ;
#1590 = DIRECTION ( 'NONE',  ( 0.000000000000000000, -1.000000000000000000, 0.000000000000000000 ) ) ;
#1591 = FACE_OUTER_BOUND ( 'NONE', #3535, .T. ) ;
#1592 = LINE ( 'NONE', #40, #4847 ) ;
#1593 = CARTESIAN_POINT ( 'NONE',  ( 1.499999999999999778, 0.1999999999999996503, -0.8500000000000000888 ) ) ;
#1594 = VERTEX_POINT ( 'NONE', #9281 ) ;
#1595 = ORIENTED_EDGE ( 'NONE', *, *, #6601, .T. ) ;
#1596 = ORIENTED_EDGE ( 'NONE', *, *, #4943, .F. ) ;
#1597 = ORIENTED_EDGE ( 'NONE', *, *, #1941, .T. ) ;
#1598 = ADVANCED_FACE ( 'NONE', ( #3752 ), #5608, .T. ) ;
#1599 = EDGE_CURVE ( 'NONE', #6802, #9482, #6901, .T. ) ;
#1600 = CARTESIAN_POINT ( 'NONE',  ( 1.399999999999999689, 0.1999999999999999833, -1.600000000000000089 ) ) ;
#1601 = VECTOR ( 'NONE', #4441, 1000.000000000000000 ) ;
#1602 = LINE ( 'NONE', #2798, #1524 ) ;
#1603 = SURFACE_STYLE_FILL_AREA ( #1634 ) ;
#1604 = FACE_OUTER_BOUND ( 'NONE', #2781, .T. ) ;
#1605 = ORIENTED_EDGE ( 'NONE', *, *, #3596, .T. ) ;
#1606 = PRESENTATION_LAYER_ASSIGNMENT (  '', '', ( #5496 ) ) ;
#1607 = ORIENTED_EDGE ( 'NONE', *, *, #1574, .T. ) ;
#1608 = VERTEX_POINT ( 'NONE', #4775 ) ;
#1609 =( LENGTH_UNIT ( ) NAMED_UNIT ( * ) SI_UNIT ( .MILLI., .METRE. ) );
#1610 = ORIENTED_EDGE ( 'NONE', *, *, #1422, .T. ) ;
#1611 = DIRECTION ( 'NONE',  ( -1.000000000000000000, 0.000000000000000000, 1.445602896647339163E-16 ) ) ;
#1612 = DIRECTION ( 'NONE',  ( -1.000000000000000000, 0.000000000000000000, -1.445602896647339163E-16 ) ) ;
#1613 = DIRECTION ( 'NONE',  ( 0.000000000000000000, 0.000000000000000000, 1.000000000000000000 ) ) ;
#1614 = ADVANCED_FACE ( 'NONE', ( #7349 ), #993, .T. ) ;
#1615 = STYLED_ITEM ( 'NONE', ( #8578 ), #4458 ) ;
#1616 = DIRECTION ( 'NONE',  ( 1.000000000000000000, -0.000000000000000000, 5.421010862427523156E-16 ) ) ;
#1617 = PLANE ( 'NONE',  #1875 ) ;
#1618 = VECTOR ( 'NONE', #6203, 1000.000000000000000 ) ;
#1619 = VECTOR ( 'NONE', #505, 1000.000000000000000 ) ;
#1620 = CARTESIAN_POINT ( 'NONE',  ( 1.499999999999999778, 0.1999999999999999833, -0.3500000000000000333 ) ) ;
#1621 = VECTOR ( 'NONE', #9221, 1000.000000000000000 ) ;
#1622 = ORIENTED_EDGE ( 'NONE', *, *, #3511, .F. ) ;
#1623 = ORIENTED_EDGE ( 'NONE', *, *, #3809, .F. ) ;
#1624 = CARTESIAN_POINT ( 'NONE',  ( 1.099999999999999867, 0.1999999999999999833, -0.3499999999999998113 ) ) ;
#1625 = EDGE_CURVE ( 'NONE', #9383, #8240, #783, .T. ) ;
#1626 = ORIENTED_EDGE ( 'NONE', *, *, #5179, .T. ) ;
#1627 =( NAMED_UNIT ( * ) SI_UNIT ( $, .STERADIAN. ) SOLID_ANGLE_UNIT ( ) );
#1628 = ORIENTED_EDGE ( 'NONE', *, *, #9524, .T. ) ;
#1629 = DIRECTION ( 'NONE',  ( 5.782411586589358822E-15, -1.000000000000000000, 0.000000000000000000 ) ) ;
#1630 = CARTESIAN_POINT ( 'NONE',  ( -1.400000000000000133, 0.1250000000000000000, 1.750000000000000000 ) ) ;
#1631 = EDGE_CURVE ( 'NONE', #6694, #5544, #3886, .T. ) ;
#1632 = PRESENTATION_LAYER_ASSIGNMENT (  '', '', ( #5524 ) ) ;
#1633 = CARTESIAN_POINT ( 'NONE',  ( 0.8500000000000005329, 0.000000000000000000, -1.600000000000000311 ) ) ;
#1634 = FILL_AREA_STYLE ('',( #8415 ) ) ;
#1635 = LINE ( 'NONE', #5012, #1480 ) ;
#1636 = EDGE_CURVE ( 'NONE', #3989, #5617, #803, .T. ) ;
#1637 = VECTOR ( 'NONE', #2218, 1000.000000000000000 ) ;
#1638 = CARTESIAN_POINT ( 'NONE',  ( 1.099999999999998979, 0.2000000000000011768, -1.899999999999999911 ) ) ;
#1639 = FACE_OUTER_BOUND ( 'NONE', #809, .T. ) ;
#1640 = LINE ( 'NONE', #7256, #4907 ) ;
#1641 = ORIENTED_EDGE ( 'NONE', *, *, #5208, .F. ) ;
#1642 = PLANE ( 'NONE',  #8730 ) ;
#1643 = EDGE_CURVE ( 'NONE', #5538, #8444, #3848, .T. ) ;
#1644 = ORIENTED_EDGE ( 'NONE', *, *, #4635, .T. ) ;
#1645 = ORIENTED_EDGE ( 'NONE', *, *, #4340, .T. ) ;
#1646 = VERTEX_POINT ( 'NONE', #1286 ) ;
#1647 = EDGE_CURVE ( 'NONE', #8618, #7512, #7074, .T. ) ;
#1648 = DIRECTION ( 'NONE',  ( 0.000000000000000000, -1.000000000000000000, 0.000000000000000000 ) ) ;
#1649 = SURFACE_STYLE_USAGE ( .BOTH. , #1365 ) ;
#1650 = DIRECTION ( 'NONE',  ( -5.421010862427524019E-17, 0.000000000000000000, 1.000000000000000000 ) ) ;
#1651 = AXIS2_PLACEMENT_3D ( 'NONE', #129, #873, #5386 ) ;
#1652 = CARTESIAN_POINT ( 'NONE',  ( 1.249999999999998890, 0.2000000000000013434, -2.000000000000000000 ) ) ;
#1653 = FACE_OUTER_BOUND ( 'NONE', #8738, .T. ) ;
#1654 = CARTESIAN_POINT ( 'NONE',  ( 1.399999999999999689, 0.1250000000000000000, 1.750000000000000000 ) ) ;
#1655 = FACE_OUTER_BOUND ( 'NONE', #6676, .T. ) ;
#1656 = CARTESIAN_POINT ( 'NONE',  ( -0.7500000000000000000, 0.05000000000000000278, 0.000000000000000000 ) ) ;
#1657 = ORIENTED_EDGE ( 'NONE', *, *, #9341, .F. ) ;
#1658 = ORIENTED_EDGE ( 'NONE', *, *, #1504, .F. ) ;
#1659 = MECHANICAL_DESIGN_GEOMETRIC_PRESENTATION_REPRESENTATION (  '', ( #3735 ), #2416 ) ;
#1660 = ORIENTED_EDGE ( 'NONE', *, *, #3612, .F. ) ;
#1661 = ORIENTED_EDGE ( 'NONE', *, *, #2708, .T. ) ;
#1662 = EDGE_CURVE ( 'NONE', #6202, #3989, #3900, .T. ) ;
#1663 = CARTESIAN_POINT ( 'NONE',  ( 1.399999999999999689, 0.1250000000000000000, 1.600000000000000089 ) ) ;
#1664 = DIRECTION ( 'NONE',  ( 0.000000000000000000, 1.000000000000000000, 0.000000000000000000 ) ) ;
#1665 = MECHANICAL_DESIGN_GEOMETRIC_PRESENTATION_REPRESENTATION (  '', ( #301 ), #7767 ) ;
#1666 = SURFACE_SIDE_STYLE ('',( #3288 ) ) ;
#1667 = CARTESIAN_POINT ( 'NONE',  ( 1.249999999999998890, 0.2000000000000013434, -2.000000000000000000 ) ) ;
#1668 = VECTOR ( 'NONE', #3486, 1000.000000000000000 ) ;
#1669 = ORIENTED_EDGE ( 'NONE', *, *, #7160, .F. ) ;
#1670 = ORIENTED_EDGE ( 'NONE', *, *, #2647, .F. ) ;
#1671 = STYLED_ITEM ( 'NONE', ( #9555 ), #7554 ) ;
#1672 = PLANE ( 'NONE',  #7378 ) ;
#1673 = ORIENTED_EDGE ( 'NONE', *, *, #862, .T. ) ;
#1674 = DIRECTION ( 'NONE',  ( 1.000000000000000000, 0.000000000000000000, 1.084202172485504040E-15 ) ) ;
#1675 = ADVANCED_FACE ( 'NONE', ( #7119 ), #2521, .F. ) ;
#1676 = CARTESIAN_POINT ( 'NONE',  ( 1.099999999999999867, 0.6472135954999583829, 1.150000000000000133 ) ) ;
#1677 = CARTESIAN_POINT ( 'NONE',  ( 1.099999999999998979, 0.2000000000000011768, -1.899999999999999911 ) ) ;
#1678 = DIRECTION ( 'NONE',  ( -1.000000000000000000, 0.000000000000000000, -5.421010862427520198E-16 ) ) ;
#1679 = CARTESIAN_POINT ( 'NONE',  ( -1.099999999999999867, 0.1999999999999999833, 1.732294901687515321 ) ) ;
#1680 = LINE ( 'NONE', #4996, #1668 ) ;
#1681 = FILL_AREA_STYLE ('',( #3555 ) ) ;
#1682 = FACE_OUTER_BOUND ( 'NONE', #3361, .T. ) ;
#1683 = ORIENTED_EDGE ( 'NONE', *, *, #5063, .F. ) ;
#1684 = ORIENTED_EDGE ( 'NONE', *, *, #484, .T. ) ;
#1685 = DIRECTION ( 'NONE',  ( 0.000000000000000000, -1.000000000000000000, 0.000000000000000000 ) ) ;
#1686 = CARTESIAN_POINT ( 'NONE',  ( -1.499999999999999778, 0.6472135954999583829, 0.1499999999999999667 ) ) ;
#1687 = ORIENTED_EDGE ( 'NONE', *, *, #659, .F. ) ;
#1688 = DIRECTION ( 'NONE',  ( -1.000000000000000000, 0.000000000000000000, 5.421010862427520198E-16 ) ) ;
#1689 = DIRECTION ( 'NONE',  ( -1.000000000000000000, 0.000000000000000000, -1.445602896647339163E-16 ) ) ;
#1690 = CARTESIAN_POINT ( 'NONE',  ( 0.3500000000000004774, 0.000000000000000000, -1.600000000000000311 ) ) ;
#1691 = EDGE_CURVE ( 'NONE', #6047, #5240, #7104, .T. ) ;
#1692 = FILL_AREA_STYLE ('',( #3748 ) ) ;
#1693 = VECTOR ( 'NONE', #3578, 1000.000000000000000 ) ;
#1694 = VECTOR ( 'NONE', #834, 1000.000000000000000 ) ;
#1695 = CARTESIAN_POINT ( 'NONE',  ( 1.099999999999999867, 0.1999999999999999833, -0.1499999999999997446 ) ) ;
#1696 = EDGE_LOOP ( 'NONE', ( #2982, #9436, #3231, #204 ) ) ;
#1697 = PLANE ( 'NONE',  #8607 ) ;
#1698 = ORIENTED_EDGE ( 'NONE', *, *, #8320, .T. ) ;
#1699 = ORIENTED_EDGE ( 'NONE', *, *, #1108, .F. ) ;
#1700 = CARTESIAN_POINT ( 'NONE',  ( -0.1499999999999989952, 0.1999999999999999833, 2.000000000000000000 ) ) ;
#1701 = PLANE ( 'NONE',  #687 ) ;
#1702 = CARTESIAN_POINT ( 'NONE',  ( -0.3499999999999990896, 0.04999999999999969746, 2.000000000000000000 ) ) ;
#1703 = DIRECTION ( 'NONE',  ( -1.000000000000000000, 0.000000000000000000, 1.445602896647339163E-16 ) ) ;
#1704 = PLANE ( 'NONE',  #5062 ) ;
#1705 = CARTESIAN_POINT ( 'NONE',  ( 1.249999999999999334, 0.2000000000000013434, 2.000000000000000000 ) ) ;
#1706 = VECTOR ( 'NONE', #7463, 1000.000000000000000 ) ;
#1707 = DIRECTION ( 'NONE',  ( 0.000000000000000000, 0.000000000000000000, 1.000000000000000000 ) ) ;
#1708 = LINE ( 'NONE', #3354, #1398 ) ;
#1709 = VECTOR ( 'NONE', #8215, 1000.000000000000000 ) ;
#1710 = ORIENTED_EDGE ( 'NONE', *, *, #3841, .F. ) ;
#1711 = VERTEX_POINT ( 'NONE', #296 ) ;
#1712 = ORIENTED_EDGE ( 'NONE', *, *, #730, .T. ) ;
#1713 = FILL_AREA_STYLE ('',( #894 ) ) ;
#1714 = ADVANCED_FACE ( 'NONE', ( #694 ), #658, .F. ) ;
#1715 = DIRECTION ( 'NONE',  ( 0.000000000000000000, -1.000000000000000000, 0.000000000000000000 ) ) ;
#1716 = AXIS2_PLACEMENT_3D ( 'NONE', #7058, #7915, #8609 ) ;
#1717 = FILL_AREA_STYLE ('',( #4756 ) ) ;
#1718 = CARTESIAN_POINT ( 'NONE',  ( -1.400000000000000133, 0.1250000000000000000, -1.750000000000000000 ) ) ;
#1719 = VECTOR ( 'NONE', #2361, 1000.000000000000000 ) ;
#1720 = LINE ( 'NONE', #7831, #7941 ) ;
#1721 = CARTESIAN_POINT ( 'NONE',  ( 1.099999999999999867, 0.000000000000000000, 1.350000000000000311 ) ) ;
#1722 = VECTOR ( 'NONE', #2262, 1000.000000000000000 ) ;
#1723 = EDGE_CURVE ( 'NONE', #9150, #6854, #7174, .T. ) ;
#1724 = ORIENTED_EDGE ( 'NONE', *, *, #6730, .T. ) ;
#1725 = EDGE_LOOP ( 'NONE', ( #6688, #7000, #657, #7077 ) ) ;
#1726 = MECHANICAL_DESIGN_GEOMETRIC_PRESENTATION_REPRESENTATION (  '', ( #3492 ), #2507 ) ;
#1727 = CARTESIAN_POINT ( 'NONE',  ( 1.099999999999999867, 0.05000000000000002359, 0.3500000000000002554 ) ) ;
#1728 = ORIENTED_EDGE ( 'NONE', *, *, #3383, .T. ) ;
#1729 = DIRECTION ( 'NONE',  ( -1.000000000000000000, 0.000000000000000000, 1.084202172485501673E-15 ) ) ;
#1730 = CARTESIAN_POINT ( 'NONE',  ( 0.6500000000000009104, 0.2000000000000000111, 2.000000000000000000 ) ) ;
#1731 = EDGE_CURVE ( 'NONE', #2034, #3130, #3792, .T. ) ;
#1732 = DIRECTION ( 'NONE',  ( -0.000000000000000000, -0.000000000000000000, 1.000000000000000000 ) ) ;
#1733 = DIRECTION ( 'NONE',  ( -5.421010862427520198E-16, 0.000000000000000000, -1.000000000000000000 ) ) ;
#1734 = MANIFOLD_SOLID_BREP ( 'PIN1', #2916 ) ;
#1735 = CARTESIAN_POINT ( 'NONE',  ( 1.099999999999999867, 0.000000000000000000, -1.149999999999999689 ) ) ;
#1736 = EDGE_CURVE ( 'NONE', #1066, #8208, #858, .T. ) ;
#1737 = DIRECTION ( 'NONE',  ( -1.000000000000000000, 0.000000000000000000, 5.421010862427520198E-16 ) ) ;
#1738 = SURFACE_STYLE_FILL_AREA ( #3072 ) ;
#1739 = FACE_OUTER_BOUND ( 'NONE', #3905, .T. ) ;
#1740 = LINE ( 'NONE', #5143, #8394 ) ;
#1741 = DIRECTION ( 'NONE',  ( 0.000000000000000000, 1.000000000000000000, 0.000000000000000000 ) ) ;
#1742 = ORIENTED_EDGE ( 'NONE', *, *, #4340, .F. ) ;
#1743 = ORIENTED_EDGE ( 'NONE', *, *, #2404, .F. ) ;
#1744 = CARTESIAN_POINT ( 'NONE',  ( 1.500000000000000000, 0.1999999999999999833, 0.3500000000000004774 ) ) ;
#1745 = DIRECTION ( 'NONE',  ( 0.000000000000000000, 1.000000000000000000, 0.000000000000000000 ) ) ;
#1746 = EDGE_CURVE ( 'NONE', #5473, #1387, #4109, .T. ) ;
#1747 = ORIENTED_EDGE ( 'NONE', *, *, #5262, .T. ) ;
#1748 = AXIS2_PLACEMENT_3D ( 'NONE', #8769, #136, #6048 ) ;
#1749 = CARTESIAN_POINT ( 'NONE',  ( -1.500000000000000222, 0.1999999999999999833, -1.600000000000000089 ) ) ;
#1750 = CARTESIAN_POINT ( 'NONE',  ( 1.897353801849628815E-16, 0.05000000000000000278, -0.3499999999999992562 ) ) ;
#1751 = DIRECTION ( 'NONE',  ( -0.000000000000000000, -1.000000000000000000, -0.000000000000000000 ) ) ;
#1752 = EDGE_CURVE ( 'NONE', #6240, #6156, #3976, .T. ) ;
#1753 = PLANE ( 'NONE',  #9002 ) ;
#1754 = EDGE_CURVE ( 'NONE', #2751, #350, #7156, .T. ) ;
#1755 = LINE ( 'NONE', #6352, #8176 ) ;
#1756 =( NAMED_UNIT ( * ) PLANE_ANGLE_UNIT ( ) SI_UNIT ( $, .RADIAN. ) );
#1757 = LINE ( 'NONE', #2203, #1865 ) ;
#1758 = DIRECTION ( 'NONE',  ( -0.000000000000000000, -1.000000000000000000, -0.000000000000000000 ) ) ;
#1759 = AXIS2_PLACEMENT_3D ( 'NONE', #7005, #4693, #3925 ) ;
#1760 = PRESENTATION_STYLE_ASSIGNMENT (( #2579 ) ) ;
#1761 = ORIENTED_EDGE ( 'NONE', *, *, #2425, .F. ) ;
#1762 = DIRECTION ( 'NONE',  ( -0.000000000000000000, -0.000000000000000000, 1.000000000000000000 ) ) ;
#1763 = ORIENTED_EDGE ( 'NONE', *, *, #3588, .T. ) ;
#1764 = ORIENTED_EDGE ( 'NONE', *, *, #2058, .T. ) ;
#1765 = CARTESIAN_POINT ( 'NONE',  ( 1.499999999999999778, 0.1999999999999999833, -1.600000000000000089 ) ) ;
#1766 = DIRECTION ( 'NONE',  ( 1.000000000000000000, -0.000000000000000000, 0.000000000000000000 ) ) ;
#1767 =( NAMED_UNIT ( * ) SI_UNIT ( $, .STERADIAN. ) SOLID_ANGLE_UNIT ( ) );
#1768 = DIRECTION ( 'NONE',  ( -1.000000000000000000, 0.000000000000000000, 0.000000000000000000 ) ) ;
#1769 = MECHANICAL_DESIGN_GEOMETRIC_PRESENTATION_REPRESENTATION (  '', ( #5999 ), #9544 ) ;
#1770 = EDGE_CURVE ( 'NONE', #2418, #7788, #6977, .T. ) ;
#1771 = CARTESIAN_POINT ( 'NONE',  ( 0.6500000000000007994, 0.1999999999999999833, 1.600000000000000089 ) ) ;
#1772 = CARTESIAN_POINT ( 'NONE',  ( -1.500000000000000000, 0.1999999999999999833, -1.149999999999999467 ) ) ;
#1773 = FACE_OUTER_BOUND ( 'NONE', #1974, .T. ) ;
#1774 = DIRECTION ( 'NONE',  ( 0.000000000000000000, 0.000000000000000000, -1.000000000000000000 ) ) ;
#1775 = LINE ( 'NONE', #707, #5128 ) ;
#1776 = VECTOR ( 'NONE', #4174, 1000.000000000000000 ) ;
#1777 = ORIENTED_EDGE ( 'NONE', *, *, #5191, .F. ) ;
#1778 = ORIENTED_EDGE ( 'NONE', *, *, #8614, .F. ) ;
#1779 = AXIS2_PLACEMENT_3D ( 'NONE', #4159, #7094, #5165 ) ;
#1780 = ORIENTED_EDGE ( 'NONE', *, *, #2859, .T. ) ;
#1781 = DIRECTION ( 'NONE',  ( 5.421010862427524019E-17, 0.000000000000000000, -1.000000000000000000 ) ) ;
#1782 = PLANE ( 'NONE',  #693 ) ;
#1783 = CARTESIAN_POINT ( 'NONE',  ( 1.499999999999999778, 0.05000000000000000278, 2.000000000000000000 ) ) ;
#1784 = AXIS2_PLACEMENT_3D ( 'NONE', #9257, #5586, #9365 ) ;
#1785 = CARTESIAN_POINT ( 'NONE',  ( 0.1500000000000009381, 0.2000000000000000111, 2.000000000000000000 ) ) ;
#1786 = LINE ( 'NONE', #1656, #1637 ) ;
#1787 = CARTESIAN_POINT ( 'NONE',  ( 1.099999999999999867, 0.05000000000000002359, 0.8500000000000003109 ) ) ;
#1788 = CIRCLE ( 'NONE', #1010, 0.1499999999999999667 ) ;
#1789 = VERTEX_POINT ( 'NONE', #2083 ) ;
#1790 = ORIENTED_EDGE ( 'NONE', *, *, #6826, .T. ) ;
#1791 = PLANE ( 'NONE',  #5122 ) ;
#1792 = VERTEX_POINT ( 'NONE', #2823 ) ;
#1793 = CARTESIAN_POINT ( 'NONE',  ( -1.400000000000000133, 0.1250000000000000000, 1.750000000000000000 ) ) ;
#1794 = CARTESIAN_POINT ( 'NONE',  ( -1.099999999999999867, 0.1999999999999999833, 1.350000000000000311 ) ) ;
#1795 = CARTESIAN_POINT ( 'NONE',  ( 0.3500000000000010325, 0.04999999999999969746, 2.000000000000000000 ) ) ;
#1796 = DIRECTION ( 'NONE',  ( 0.000000000000000000, 1.000000000000000000, 0.000000000000000000 ) ) ;
#1797 = CARTESIAN_POINT ( 'NONE',  ( 1.099999999999999867, 0.6472135954999583829, 1.350000000000000311 ) ) ;
#1798 = DIRECTION ( 'NONE',  ( 0.000000000000000000, -1.000000000000000000, 0.000000000000000000 ) ) ;
#1799 = DIRECTION ( 'NONE',  ( 0.000000000000000000, 0.000000000000000000, -1.000000000000000000 ) ) ;
#1800 = FACE_OUTER_BOUND ( 'NONE', #6993, .T. ) ;
#1801 = LINE ( 'NONE', #3340, #1901 ) ;
#1802 = CARTESIAN_POINT ( 'NONE',  ( 0.7500000000000000000, 0.2000000000000000944, -1.300000000000000266 ) ) ;
#1803 = VECTOR ( 'NONE', #5362, 1000.000000000000000 ) ;
#1804 = EDGE_LOOP ( 'NONE', ( #6662, #3043, #2324, #9272 ) ) ;
#1805 = CLOSED_SHELL ( 'NONE', ( #789, #8843, #3229, #3880, #7772, #2157 ) ) ;
#1806 = CARTESIAN_POINT ( 'NONE',  ( 1.399999999999999689, 0.1250000000000000000, -1.600000000000000089 ) ) ;
#1807 = DIRECTION ( 'NONE',  ( 0.000000000000000000, 0.000000000000000000, 1.000000000000000000 ) ) ;
#1808 = ORIENTED_EDGE ( 'NONE', *, *, #25, .T. ) ;
#1809 = CARTESIAN_POINT ( 'NONE',  ( 1.099999999999999867, 0.000000000000000000, -1.149999999999999689 ) ) ;
#1810 = CARTESIAN_POINT ( 'NONE',  ( 0.1500000000000003830, 0.000000000000000000, -1.600000000000000089 ) ) ;
#1811 = DIRECTION ( 'NONE',  ( -0.000000000000000000, 0.000000000000000000, 1.000000000000000000 ) ) ;
#1812 = ADVANCED_FACE ( 'NONE', ( #897 ), #726, .F. ) ;
#1813 = SURFACE_STYLE_USAGE ( .BOTH. , #9134 ) ;
#1814 = COLOUR_RGB ( '',1.000000000000000000, 0.5019607843137254832, 0.5019607843137254832 ) ;
#1815 = LINE ( 'NONE', #2633, #1891 ) ;
#1816 = FACE_OUTER_BOUND ( 'NONE', #3736, .T. ) ;
#1817 = VECTOR ( 'NONE', #5706, 1000.000000000000000 ) ;
#1818 = ORIENTED_EDGE ( 'NONE', *, *, #4106, .F. ) ;
#1819 = DIRECTION ( 'NONE',  ( 1.000000000000000000, 0.000000000000000000, 5.421010862427523156E-16 ) ) ;
#1820 = AXIS2_PLACEMENT_3D ( 'NONE', #5509, #316, #6796 ) ;
#1821 = ORIENTED_EDGE ( 'NONE', *, *, #7803, .T. ) ;
#1822 = EDGE_LOOP ( 'NONE', ( #6228, #3619, #6574, #9420 ) ) ;
#1823 = PLANE ( 'NONE',  #821 ) ;
#1824 = AXIS2_PLACEMENT_3D ( 'NONE', #2613, #7683, #8433 ) ;
#1825 = EDGE_CURVE ( 'NONE', #4837, #4335, #7089, .T. ) ;
#1826 = DIRECTION ( 'NONE',  ( 0.000000000000000000, -1.000000000000000000, 0.000000000000000000 ) ) ;
#1827 = VECTOR ( 'NONE', #4705, 1000.000000000000000 ) ;
#1828 = DIRECTION ( 'NONE',  ( 1.000000000000000000, -0.000000000000000000, 0.000000000000000000 ) ) ;
#1829 = COLOUR_RGB ( '',0.7921568627450980005, 0.8196078431372548767, 0.9333333333333333481 ) ;
#1830 = LINE ( 'NONE', #9224, #8384 ) ;
#1831 = VECTOR ( 'NONE', #4641, 1000.000000000000000 ) ;
#1832 = DIRECTION ( 'NONE',  ( 0.000000000000000000, -0.000000000000000000, 1.000000000000000000 ) ) ;
#1833 = VERTEX_POINT ( 'NONE', #3062 ) ;
#1834 = VERTEX_POINT ( 'NONE', #6043 ) ;
#1835 = ORIENTED_EDGE ( 'NONE', *, *, #2542, .F. ) ;
#1836 =( GEOMETRIC_REPRESENTATION_CONTEXT ( 3 ) GLOBAL_UNCERTAINTY_ASSIGNED_CONTEXT ( ( #2544 ) ) GLOBAL_UNIT_ASSIGNED_CONTEXT ( ( #4539, #6700, #7478 ) ) REPRESENTATION_CONTEXT ( 'NONE', 'WORKASPACE' ) );
#1837 = CARTESIAN_POINT ( 'NONE',  ( -1.232294901687515987, 0.1250000000000000000, -1.600000000000000089 ) ) ;
#1838 = CARTESIAN_POINT ( 'NONE',  ( -0.8499999999999992006, 0.000000000000000000, 1.600000000000000089 ) ) ;
#1839 = EDGE_CURVE ( 'NONE', #5544, #4384, #7285, .T. ) ;
#1840 =( GEOMETRIC_REPRESENTATION_CONTEXT ( 3 ) GLOBAL_UNCERTAINTY_ASSIGNED_CONTEXT ( ( #3647 ) ) GLOBAL_UNIT_ASSIGNED_CONTEXT ( ( #248, #7445, #4795 ) ) REPRESENTATION_CONTEXT ( 'NONE', 'WORKASPACE' ) );
#1841 = SURFACE_SIDE_STYLE ('',( #6449 ) ) ;
#1842 = CARTESIAN_POINT ( 'NONE',  ( -1.499999999999999778, 0.6472135954999583829, 0.6500000000000000222 ) ) ;
#1843 = FACE_OUTER_BOUND ( 'NONE', #6924, .T. ) ;
#1844 = EDGE_CURVE ( 'NONE', #3563, #3941, #629, .T. ) ;
#1845 = UNCERTAINTY_MEASURE_WITH_UNIT (LENGTH_MEASURE( 1.000000000000000082E-05 ), #3025, 'distance_accuracy_value', 'NONE');
#1846 = CARTESIAN_POINT ( 'NONE',  ( 1.399999999999999689, 0.1250000000000000000, 1.600000000000000089 ) ) ;
#1847 = LINE ( 'NONE', #5914, #5001 ) ;
#1848 = EDGE_CURVE ( 'NONE', #1174, #4226, #664, .T. ) ;
#1849 = LINE ( 'NONE', #1750, #8312 ) ;
#1850 = ORIENTED_EDGE ( 'NONE', *, *, #2960, .T. ) ;
#1851 = VERTEX_POINT ( 'NONE', #4355 ) ;
#1852 =( NAMED_UNIT ( * ) SI_UNIT ( $, .STERADIAN. ) SOLID_ANGLE_UNIT ( ) );
#1853 = ORIENTED_EDGE ( 'NONE', *, *, #7499, .T. ) ;
#1854 = CARTESIAN_POINT ( 'NONE',  ( 1.499999999999999778, 0.1250000000000000000, 1.750000000000000000 ) ) ;
#1855 = EDGE_CURVE ( 'NONE', #4869, #6635, #714, .T. ) ;
#1856 = CARTESIAN_POINT ( 'NONE',  ( 0.000000000000000000, 0.2000000000000000111, 0.000000000000000000 ) ) ;
#1857 = PLANE ( 'NONE',  #5098 ) ;
#1858 = DIRECTION ( 'NONE',  ( -1.000000000000000000, 0.000000000000000000, -5.421010862427523156E-16 ) ) ;
#1859 = DIRECTION ( 'NONE',  ( -5.421010862427523156E-16, 0.000000000000000000, 1.000000000000000000 ) ) ;
#1860 = CARTESIAN_POINT ( 'NONE',  ( 0.1500000000000009381, 0.2000000000000000111, 2.000000000000000000 ) ) ;
#1861 = EDGE_CURVE ( 'NONE', #1711, #620, #7311, .T. ) ;
#1862 = AXIS2_PLACEMENT_3D ( 'NONE', #3737, #7505, #6209 ) ;
#1863 = COLOUR_RGB ( '',1.000000000000000000, 0.5019607843137254832, 0.5019607843137254832 ) ;
#1864 = LINE ( 'NONE', #5949, #8406 ) ;
#1865 = VECTOR ( 'NONE', #8829, 1000.000000000000000 ) ;
#1866 = CARTESIAN_POINT ( 'NONE',  ( 0.7500000000000000000, 0.000000000000000000, -1.300000000000000266 ) ) ;
#1867 = VECTOR ( 'NONE', #2941, 1000.000000000000000 ) ;
#1868 = ORIENTED_EDGE ( 'NONE', *, *, #576, .F. ) ;
#1869 = VERTEX_POINT ( 'NONE', #8761 ) ;
#1870 = DIRECTION ( 'NONE',  ( 0.000000000000000000, -0.000000000000000000, 1.000000000000000000 ) ) ;
#1871 = ORIENTED_EDGE ( 'NONE', *, *, #2984, .F. ) ;
#1872 = EDGE_CURVE ( 'NONE', #7370, #8474, #4126, .T. ) ;
#1873 = CARTESIAN_POINT ( 'NONE',  ( 1.499999999999999778, 0.1999999999999996503, 0.1499999999999999667 ) ) ;
#1874 = SURFACE_SIDE_STYLE ('',( #2147 ) ) ;
#1875 = AXIS2_PLACEMENT_3D ( 'NONE', #5426, #699, #1737 ) ;
#1876 = CARTESIAN_POINT ( 'NONE',  ( 1.099999999999999867, 0.000000000000000000, -0.8499999999999998668 ) ) ;
#1877 = SURFACE_STYLE_USAGE ( .BOTH. , #245 ) ;
#1878 = CARTESIAN_POINT ( 'NONE',  ( 0.3500000000000010325, 0.000000000000000000, 2.000000000000000000 ) ) ;
#1879 = FACE_OUTER_BOUND ( 'NONE', #5847, .T. ) ;
#1880 = VECTOR ( 'NONE', #6497, 1000.000000000000000 ) ;
#1881 = ORIENTED_EDGE ( 'NONE', *, *, #7169, .F. ) ;
#1882 = PLANE ( 'NONE',  #2625 ) ;
#1883 = ORIENTED_EDGE ( 'NONE', *, *, #4091, .T. ) ;
#1884 = VERTEX_POINT ( 'NONE', #8249 ) ;
#1885 =( NAMED_UNIT ( * ) PLANE_ANGLE_UNIT ( ) SI_UNIT ( $, .RADIAN. ) );
#1886 = CARTESIAN_POINT ( 'NONE',  ( -0.7500000000000000000, 0.2000000000000000944, -1.300000000000000266 ) ) ;
#1887 = DIRECTION ( 'NONE',  ( 0.000000000000000000, 1.000000000000000000, 0.000000000000000000 ) ) ;
#1888 = DIRECTION ( 'NONE',  ( 0.000000000000000000, 0.000000000000000000, 1.000000000000000000 ) ) ;
#1889 = ADVANCED_FACE ( 'NONE', ( #948 ), #795, .F. ) ;
#1890 = PLANE ( 'NONE',  #6711 ) ;
#1891 = VECTOR ( 'NONE', #7860, 1000.000000000000000 ) ;
#1892 = FACE_OUTER_BOUND ( 'NONE', #3193, .T. ) ;
#1893 = FACE_OUTER_BOUND ( 'NONE', #7459, .T. ) ;
#1894 = UNCERTAINTY_MEASURE_WITH_UNIT (LENGTH_MEASURE( 1.000000000000000082E-05 ), #779, 'distance_accuracy_value', 'NONE');
#1895 = ORIENTED_EDGE ( 'NONE', *, *, #7702, .F. ) ;
#1896 = VERTEX_POINT ( 'NONE', #4576 ) ;
#1897 = ORIENTED_EDGE ( 'NONE', *, *, #6522, .T. ) ;
#1898 = ADVANCED_FACE ( 'NONE', ( #4145 ), #2472, .F. ) ;
#1899 = DIRECTION ( 'NONE',  ( -1.445602896647339163E-16, -0.000000000000000000, -1.000000000000000000 ) ) ;
#1900 = CARTESIAN_POINT ( 'NONE',  ( 1.499999999999999778, 0.1999999999999999833, -1.750000000000000000 ) ) ;
#1901 = VECTOR ( 'NONE', #2263, 1000.000000000000000 ) ;
#1902 = VECTOR ( 'NONE', #8700, 1000.000000000000000 ) ;
#1903 = ORIENTED_EDGE ( 'NONE', *, *, #328, .T. ) ;
#1904 = ORIENTED_EDGE ( 'NONE', *, *, #8855, .T. ) ;
#1905 = CARTESIAN_POINT ( 'NONE',  ( 0.6500000000000003553, 0.000000000000000000, -2.000000000000000000 ) ) ;
#1906 = CARTESIAN_POINT ( 'NONE',  ( 1.500000000000000000, 0.04999999999999969746, -1.149999999999999467 ) ) ;
#1907 = CARTESIAN_POINT ( 'NONE',  ( -1.099999999999999867, 0.05000000000000002359, 1.150000000000000133 ) ) ;
#1908 = CARTESIAN_POINT ( 'NONE',  ( -0.1499999999999989952, 0.04999999999999969746, 2.000000000000000000 ) ) ;
#1909 = CARTESIAN_POINT ( 'NONE',  ( -1.099999999999999867, 0.1999999999999999833, 0.3500000000000002554 ) ) ;
#1910 = VECTOR ( 'NONE', #5251, 1000.000000000000000 ) ;
#1911 = VECTOR ( 'NONE', #404, 1000.000000000000000 ) ;
#1912 = ORIENTED_EDGE ( 'NONE', *, *, #4753, .F. ) ;
#1913 = VERTEX_POINT ( 'NONE', #1695 ) ;
#1914 = CARTESIAN_POINT ( 'NONE',  ( 1.099999999999999867, 0.1999999999999999833, -1.349999999999999867 ) ) ;
#1915 = CARTESIAN_POINT ( 'NONE',  ( -1.500000000000000222, 0.1999999999999996503, -0.6499999999999995781 ) ) ;
#1916 = DIRECTION ( 'NONE',  ( 2.710505431213761578E-16, 0.000000000000000000, 1.000000000000000000 ) ) ;
#1917 =( GEOMETRIC_REPRESENTATION_CONTEXT ( 3 ) GLOBAL_UNCERTAINTY_ASSIGNED_CONTEXT ( ( #3029 ) ) GLOBAL_UNIT_ASSIGNED_CONTEXT ( ( #6877, #5355, #5411 ) ) REPRESENTATION_CONTEXT ( 'NONE', 'WORKASPACE' ) );
#1918 = DIRECTION ( 'NONE',  ( -1.000000000000000000, -0.000000000000000000, 5.421010862427523156E-16 ) ) ;
#1919 = CARTESIAN_POINT ( 'NONE',  ( -1.499999999999999778, 0.1999999999999999833, -1.350000000000000089 ) ) ;
#1920 = CARTESIAN_POINT ( 'NONE',  ( -1.500000000000000000, 0.6472135954999583829, -0.6499999999999995781 ) ) ;
#1921 = LINE ( 'NONE', #1053, #8236 ) ;
#1922 = SURFACE_STYLE_FILL_AREA ( #5190 ) ;
#1923 = VECTOR ( 'NONE', #6431, 1000.000000000000000 ) ;
#1924 = CLOSED_SHELL ( 'NONE', ( #3889, #8817, #2087, #5880, #1410, #6890, #5126 ) ) ;
#1925 = CARTESIAN_POINT ( 'NONE',  ( -0.6499999999999991340, 0.000000000000000000, 1.600000000000000311 ) ) ;
#1926 = ORIENTED_EDGE ( 'NONE', *, *, #8519, .F. ) ;
#1927 = STYLED_ITEM ( 'NONE', ( #5059 ), #4235 ) ;
#1928 = EDGE_CURVE ( 'NONE', #7536, #3785, #678, .T. ) ;
#1929 = DIRECTION ( 'NONE',  ( -0.000000000000000000, -1.000000000000000000, -0.000000000000000000 ) ) ;
#1930 = DIRECTION ( 'NONE',  ( 0.000000000000000000, 0.000000000000000000, -1.000000000000000000 ) ) ;
#1931 = ADVANCED_FACE ( 'NONE', ( #1351 ), #2401, .T. ) ;
#1932 = EDGE_CURVE ( 'NONE', #3130, #85, #4474, .T. ) ;
#1933 = LINE ( 'NONE', #6367, #5197 ) ;
#1934 = DIRECTION ( 'NONE',  ( 1.000000000000000000, 0.000000000000000000, -5.421010862427523156E-16 ) ) ;
#1935 = VECTOR ( 'NONE', #3627, 1000.000000000000000 ) ;
#1936 = ADVANCED_FACE ( 'NONE', ( #4363 ), #8802, .T. ) ;
#1937 = DIRECTION ( 'NONE',  ( -5.421010862427523156E-16, 0.000000000000000000, 1.000000000000000000 ) ) ;
#1938 = CYLINDRICAL_SURFACE ( 'NONE', #4389, 0.1499999999999999667 ) ;
#1939 = ORIENTED_EDGE ( 'NONE', *, *, #4083, .T. ) ;
#1940 = ORIENTED_EDGE ( 'NONE', *, *, #4209, .F. ) ;
#1941 = EDGE_CURVE ( 'NONE', #4702, #9033, #7519, .T. ) ;
#1942 = DIRECTION ( 'NONE',  ( 1.000000000000000000, -0.000000000000000000, -0.000000000000000000 ) ) ;
#1943 = MECHANICAL_DESIGN_GEOMETRIC_PRESENTATION_REPRESENTATION (  '', ( #2153 ), #3947 ) ;
#1944 = ADVANCED_FACE ( 'NONE', ( #1095 ), #2309, .T. ) ;
#1945 = EDGE_CURVE ( 'NONE', #4562, #5148, #4216, .T. ) ;
#1946 = UNCERTAINTY_MEASURE_WITH_UNIT (LENGTH_MEASURE( 1.000000000000000082E-05 ), #6754, 'distance_accuracy_value', 'NONE');
#1947 = DIRECTION ( 'NONE',  ( 0.000000000000000000, 1.000000000000000000, 0.000000000000000000 ) ) ;
#1948 = EDGE_CURVE ( 'NONE', #2495, #9284, #4325, .T. ) ;
#1949 = EDGE_CURVE ( 'NONE', #7674, #8199, #7572, .T. ) ;
#1950 = CARTESIAN_POINT ( 'NONE',  ( -1.499999999999999778, 0.6472135954999583829, 0.6500000000000000222 ) ) ;
#1951 = ADVANCED_FACE ( 'NONE', ( #1185 ), #7344, .F. ) ;
#1952 = EDGE_CURVE ( 'NONE', #2179, #1272, #1204, .T. ) ;
#1953 = CARTESIAN_POINT ( 'NONE',  ( -1.500000000000000000, 0.1999999999999999833, 0.8500000000000005329 ) ) ;
#1954 = CARTESIAN_POINT ( 'NONE',  ( -0.6499999999999995781, 0.000000000000000000, -2.000000000000000000 ) ) ;
#1955 = VECTOR ( 'NONE', #8510, 1000.000000000000000 ) ;
#1956 = STYLED_ITEM ( 'NONE', ( #4749 ), #2466 ) ;
#1957 = ORIENTED_EDGE ( 'NONE', *, *, #8349, .T. ) ;
#1958 = ORIENTED_EDGE ( 'NONE', *, *, #7316, .T. ) ;
#1959 = DIRECTION ( 'NONE',  ( 1.000000000000000000, -0.000000000000000000, -5.421010862427520198E-16 ) ) ;
#1960 = CARTESIAN_POINT ( 'NONE',  ( 1.499999999999999778, 0.1999999999999999833, 0.6500000000000000222 ) ) ;
#1961 = ADVANCED_FACE ( 'NONE', ( #1007 ), #3728, .T. ) ;
#1962 = DIRECTION ( 'NONE',  ( -0.000000000000000000, -1.000000000000000000, -0.000000000000000000 ) ) ;
#1963 = CARTESIAN_POINT ( 'NONE',  ( 1.232294901687515543, 0.1250000000000000000, -1.600000000000000089 ) ) ;
#1964 = MECHANICAL_DESIGN_GEOMETRIC_PRESENTATION_REPRESENTATION (  '', ( #9307 ), #4988 ) ;
#1965 = DIRECTION ( 'NONE',  ( -5.782411586589358822E-15, 1.000000000000000000, 0.000000000000000000 ) ) ;
#1966 = EDGE_CURVE ( 'NONE', #5100, #4426, #7612, .T. ) ;
#1967 = LINE ( 'NONE', #2386, #8355 ) ;
#1968 = SURFACE_STYLE_USAGE ( .BOTH. , #6564 ) ;
#1969 = VECTOR ( 'NONE', #4471, 1000.000000000000000 ) ;
#1970 = FACE_BOUND ( 'NONE', #8627, .T. ) ;
#1971 = CARTESIAN_POINT ( 'NONE',  ( -1.099999999999999867, 0.1999999999999999833, -0.3499999999999998113 ) ) ;
#1972 = VECTOR ( 'NONE', #4231, 1000.000000000000000 ) ;
#1973 = ORIENTED_EDGE ( 'NONE', *, *, #5166, .F. ) ;
#1974 = EDGE_LOOP ( 'NONE', ( #921, #1457, #7892, #3942 ) ) ;
#1975 = CARTESIAN_POINT ( 'NONE',  ( -1.099999999999999867, 0.000000000000000000, 0.8500000000000003109 ) ) ;
#1976 =( NAMED_UNIT ( * ) PLANE_ANGLE_UNIT ( ) SI_UNIT ( $, .RADIAN. ) );
#1977 = AXIS2_PLACEMENT_3D ( 'NONE', #2615, #2349, #3973 ) ;
#1978 = CARTESIAN_POINT ( 'NONE',  ( 0.6500000000000007994, 0.000000000000000000, 1.600000000000000089 ) ) ;
#1979 = DIRECTION ( 'NONE',  ( -0.000000000000000000, -0.000000000000000000, 1.000000000000000000 ) ) ;
#1980 = CARTESIAN_POINT ( 'NONE',  ( 0.6500000000000003553, 0.6472135954999580498, -1.600000000000000089 ) ) ;
#1981 = CARTESIAN_POINT ( 'NONE',  ( -0.8499999999999992006, 0.2000000000000000111, 1.600000000000000089 ) ) ;
#1982 =( GEOMETRIC_REPRESENTATION_CONTEXT ( 3 ) GLOBAL_UNCERTAINTY_ASSIGNED_CONTEXT ( ( #7247 ) ) GLOBAL_UNIT_ASSIGNED_CONTEXT ( ( #8259, #8962, #4616 ) ) REPRESENTATION_CONTEXT ( 'NONE', 'WORKASPACE' ) );
#1983 = FACE_OUTER_BOUND ( 'NONE', #2821, .T. ) ;
#1984 = VECTOR ( 'NONE', #7006, 1000.000000000000000 ) ;
#1985 = LINE ( 'NONE', #4945, #5016 ) ;
#1986 = ORIENTED_EDGE ( 'NONE', *, *, #4228, .F. ) ;
#1987 = FILL_AREA_STYLE_COLOUR ( '', #3233 ) ;
#1988 = ORIENTED_EDGE ( 'NONE', *, *, #5670, .T. ) ;
#1989 = CARTESIAN_POINT ( 'NONE',  ( -1.400000000000000133, 0.1999999999999999833, 1.750000000000000000 ) ) ;
#1990 = CARTESIAN_POINT ( 'NONE',  ( -1.499999999999999778, 0.1999999999999999833, 0.6500000000000000222 ) ) ;
#1991 = UNCERTAINTY_MEASURE_WITH_UNIT (LENGTH_MEASURE( 1.000000000000000082E-05 ), #5118, 'distance_accuracy_value', 'NONE');
#1992 = VECTOR ( 'NONE', #9380, 1000.000000000000000 ) ;
#1993 = CARTESIAN_POINT ( 'NONE',  ( -1.100000000000000311, 0.1999999999999999833, -1.899999999999999911 ) ) ;
#1994 = CARTESIAN_POINT ( 'NONE',  ( 1.099999999999999867, 0.1999999999999999833, -0.1499999999999997446 ) ) ;
#1995 = LINE ( 'NONE', #6942, #5077 ) ;
#1996 = LINE ( 'NONE', #6899, #5295 ) ;
#1998 = EDGE_LOOP ( 'NONE', ( #2293, #2964, #9450, #5249 ) ) ;
#1997 = EDGE_CURVE ( 'NONE', #3386, #7699, #7669, .T. ) ;
#1999 = ORIENTED_EDGE ( 'NONE', *, *, #9308, .F. ) ;
#2000 = CARTESIAN_POINT ( 'NONE',  ( -1.249999999999999778, 0.1250000000000000000, 2.000000000000000000 ) ) ;
#2001 = EDGE_CURVE ( 'NONE', #4384, #8688, #7684, .T. ) ;
#2002 = DIRECTION ( 'NONE',  ( -0.000000000000000000, -0.000000000000000000, 1.000000000000000000 ) ) ;
#2003 = CARTESIAN_POINT ( 'NONE',  ( -1.499999999999999778, 0.04999999999999969746, -0.8500000000000000888 ) ) ;
#2004 = ADVANCED_FACE ( 'NONE', ( #4495 ), #4548, .T. ) ;
#2005 = CARTESIAN_POINT ( 'NONE',  ( 1.500000000000000000, 0.1999999999999999833, -0.6499999999999995781 ) ) ;
#2006 = DIRECTION ( 'NONE',  ( -1.000000000000000000, 0.000000000000000000, 0.000000000000000000 ) ) ;
#2007 = LINE ( 'NONE', #7916, #8505 ) ;
#2008 = FACE_OUTER_BOUND ( 'NONE', #4478, .T. ) ;
#2009 = ADVANCED_FACE ( 'NONE', ( #7700 ), #7720, .T. ) ;
#2010 = SURFACE_SIDE_STYLE ('',( #2778 ) ) ;
#2011 = VECTOR ( 'NONE', #4432, 1000.000000000000000 ) ;
#2012 = VECTOR ( 'NONE', #5256, 1000.000000000000000 ) ;
#2013 = ORIENTED_EDGE ( 'NONE', *, *, #5918, .F. ) ;
#2014 = ORIENTED_EDGE ( 'NONE', *, *, #4467, .F. ) ;
#2015 = CARTESIAN_POINT ( 'NONE',  ( 1.099999999999999867, 0.6472135954999583829, 0.3500000000000002554 ) ) ;
#2016 = CARTESIAN_POINT ( 'NONE',  ( -1.099999999999999867, 0.000000000000000000, -0.3499999999999998113 ) ) ;
#2017 = CARTESIAN_POINT ( 'NONE',  ( -0.3499999999999992006, 0.000000000000000000, 1.600000000000000089 ) ) ;
#2018 = EDGE_LOOP ( 'NONE', ( #4673, #2396, #1073, #2187 ) ) ;
#2019 = DIRECTION ( 'NONE',  ( 0.000000000000000000, -0.000000000000000000, 1.000000000000000000 ) ) ;
#2020 = DIRECTION ( 'NONE',  ( 0.000000000000000000, 0.000000000000000000, -1.000000000000000000 ) ) ;
#2021 = DIRECTION ( 'NONE',  ( 5.421010862427520198E-16, 0.000000000000000000, -1.000000000000000000 ) ) ;
#2022 = ADVANCED_FACE ( 'NONE', ( #1037 ), #4830, .F. ) ;
#2023 = CARTESIAN_POINT ( 'NONE',  ( 1.000000000000000000, 0.000000000000000000, 0.000000000000000000 ) ) ;
#2024 = FACE_OUTER_BOUND ( 'NONE', #2702, .T. ) ;
#2025 = FILL_AREA_STYLE_COLOUR ( '', #9361 ) ;
#2026 = LINE ( 'NONE', #4765, #5183 ) ;
#2027 = LINE ( 'NONE', #4287, #5057 ) ;
#2028 = DIRECTION ( 'NONE',  ( 0.000000000000000000, 0.000000000000000000, -1.000000000000000000 ) ) ;
#2029 = LINE ( 'NONE', #8678, #2105 ) ;
#2030 = EDGE_LOOP ( 'NONE', ( #1338, #7786, #7560, #869 ) ) ;
#2031 = ORIENTED_EDGE ( 'NONE', *, *, #8631, .T. ) ;
#2032 = DIRECTION ( 'NONE',  ( 0.000000000000000000, -1.000000000000000000, 0.000000000000000000 ) ) ;
#2033 = AXIS2_PLACEMENT_3D ( 'NONE', #2754, #9445, #7122 ) ;
#2034 = VERTEX_POINT ( 'NONE', #8456 ) ;
#2035 = EDGE_CURVE ( 'NONE', #203, #9458, #4240, .T. ) ;
#2036 = PRESENTATION_LAYER_ASSIGNMENT (  '', '', ( #4190 ) ) ;
#2037 = DIRECTION ( 'NONE',  ( -1.000000000000000000, 0.000000000000000000, -5.421010862427523156E-16 ) ) ;
#2038 = EDGE_CURVE ( 'NONE', #4716, #4538, #7501, .T. ) ;
#2039 = VECTOR ( 'NONE', #642, 1000.000000000000000 ) ;
#2040 = VECTOR ( 'NONE', #689, 1000.000000000000000 ) ;
#2041 = ORIENTED_EDGE ( 'NONE', *, *, #6512, .F. ) ;
#2042 = CARTESIAN_POINT ( 'NONE',  ( 0.1500000000000008271, 0.6472135954999580498, 1.600000000000000089 ) ) ;
#2043 = ORIENTED_EDGE ( 'NONE', *, *, #5865, .T. ) ;
#2044 = EDGE_CURVE ( 'NONE', #7886, #2077, #1331, .T. ) ;
#2045 = PLANE ( 'NONE',  #8842 ) ;
#2046 = ORIENTED_EDGE ( 'NONE', *, *, #7177, .T. ) ;
#2047 = CARTESIAN_POINT ( 'NONE',  ( 1.099999999999999867, 0.1999999999999999833, 0.3500000000000002554 ) ) ;
#2048 = DIRECTION ( 'NONE',  ( 0.000000000000000000, -1.000000000000000000, 0.000000000000000000 ) ) ;
#2049 = EDGE_CURVE ( 'NONE', #6287, #7389, #4531, .T. ) ;
#2050 = AXIS2_PLACEMENT_3D ( 'NONE', #2414, #7454, #6738 ) ;
#2051 = SURFACE_STYLE_FILL_AREA ( #1420 ) ;
#2052 = CARTESIAN_POINT ( 'NONE',  ( -1.500000000000000000, 0.000000000000000000, -0.6499999999999995781 ) ) ;
#2053 = DIRECTION ( 'NONE',  ( 5.421010862427520198E-16, 0.000000000000000000, -1.000000000000000000 ) ) ;
#2054 = LINE ( 'NONE', #3164, #5144 ) ;
#2055 = CARTESIAN_POINT ( 'NONE',  ( 1.249999999999998890, 0.2000000000000013434, -1.899999999999999911 ) ) ;
#2056 = VECTOR ( 'NONE', #1685, 1000.000000000000000 ) ;
#2057 = LINE ( 'NONE', #3339, #5099 ) ;
#2058 = EDGE_CURVE ( 'NONE', #6454, #8108, #1451, .T. ) ;
#2059 = ORIENTED_EDGE ( 'NONE', *, *, #1848, .F. ) ;
#2060 = ORIENTED_EDGE ( 'NONE', *, *, #4091, .F. ) ;
#2061 = DIRECTION ( 'NONE',  ( 0.000000000000000000, 0.000000000000000000, -1.000000000000000000 ) ) ;
#2062 = EDGE_CURVE ( 'NONE', #6375, #7886, #7937, .T. ) ;
#2063 = DIRECTION ( 'NONE',  ( 0.000000000000000000, -1.000000000000000000, 0.000000000000000000 ) ) ;
#2064 = EDGE_CURVE ( 'NONE', #4206, #6063, #4691, .T. ) ;
#2065 = DIRECTION ( 'NONE',  ( 1.000000000000000000, -0.000000000000000000, 5.421010862427520198E-16 ) ) ;
#2066 = EDGE_LOOP ( 'NONE', ( #1162, #7880, #1724, #5161 ) ) ;
#2067 = DIRECTION ( 'NONE',  ( 1.000000000000000000, -0.000000000000000000, -0.000000000000000000 ) ) ;
#2068 = AXIS2_PLACEMENT_3D ( 'NONE', #5850, #8185, #9523 ) ;
#2069 = CARTESIAN_POINT ( 'NONE',  ( 1.499999999999999778, 0.6472135954999583829, -0.8500000000000000888 ) ) ;
#2070 = LINE ( 'NONE', #9324, #1992 ) ;
#2071 = PLANE ( 'NONE',  #8754 ) ;
#2072 = LINE ( 'NONE', #1794, #5158 ) ;
#2073 = CARTESIAN_POINT ( 'NONE',  ( 1.499999999999999778, 0.1250000000000000000, 1.750000000000000000 ) ) ;
#2074 = VECTOR ( 'NONE', #2895, 1000.000000000000000 ) ;
#2075 = FACE_OUTER_BOUND ( 'NONE', #1009, .T. ) ;
#2076 = EDGE_LOOP ( 'NONE', ( #6483, #1561, #125, #1289 ) ) ;
#2077 = VERTEX_POINT ( 'NONE', #6318 ) ;
#2078 = PLANE ( 'NONE',  #3644 ) ;
#2079 = EDGE_CURVE ( 'NONE', #9399, #998, #1499, .T. ) ;
#2080 = ORIENTED_EDGE ( 'NONE', *, *, #1345, .T. ) ;
#2081 = CARTESIAN_POINT ( 'NONE',  ( 0.000000000000000000, 0.2000000000000000111, 0.000000000000000000 ) ) ;
#2082 = DIRECTION ( 'NONE',  ( 0.000000000000000000, -0.000000000000000000, -1.000000000000000000 ) ) ;
#2083 = CARTESIAN_POINT ( 'NONE',  ( 1.499999999999999778, 0.1250000000000000000, -1.750000000000000000 ) ) ;
#2084 = AXIS2_PLACEMENT_3D ( 'NONE', #5606, #8064, #4949 ) ;
#2085 = LINE ( 'NONE', #7724, #5011 ) ;
#2086 = VECTOR ( 'NONE', #6372, 1000.000000000000000 ) ;
#2087 = ADVANCED_FACE ( 'NONE', ( #8039 ), #5366, .T. ) ;
#2088 = LINE ( 'NONE', #519, #5031 ) ;
#2089 = EDGE_LOOP ( 'NONE', ( #7609, #6731, #1853, #1184 ) ) ;
#2090 = ORIENTED_EDGE ( 'NONE', *, *, #3628, .T. ) ;
#2091 = CARTESIAN_POINT ( 'NONE',  ( 0.6500000000000009104, 0.2000000000000000111, 2.000000000000000000 ) ) ;
#2092 = DIRECTION ( 'NONE',  ( 0.000000000000000000, -0.000000000000000000, 1.000000000000000000 ) ) ;
#2093 = CARTESIAN_POINT ( 'NONE',  ( 1.099999999999999867, 0.6472135954999583829, -0.1499999999999997446 ) ) ;
#2094 = CARTESIAN_POINT ( 'NONE',  ( 3.523657060577889904E-16, 0.05000000000000000278, -0.6500000000000002442 ) ) ;
#2095 = FILL_AREA_STYLE_COLOUR ( '', #3254 ) ;
#2096 = ADVANCED_FACE ( 'NONE', ( #1565 ), #229, .T. ) ;
#2097 = AXIS2_PLACEMENT_3D ( 'NONE', #4946, #9167, #2442 ) ;
#2098 = VERTEX_POINT ( 'NONE', #5546 ) ;
#2099 = DIRECTION ( 'NONE',  ( 1.000000000000000000, -0.000000000000000000, -1.084202172485504040E-15 ) ) ;
#2100 = DIRECTION ( 'NONE',  ( 0.000000000000000000, -1.000000000000000000, 0.000000000000000000 ) ) ;
#2101 =( NAMED_UNIT ( * ) SI_UNIT ( $, .STERADIAN. ) SOLID_ANGLE_UNIT ( ) );
#2102 = LINE ( 'NONE', #7271, #8289 ) ;
#2103 = LINE ( 'NONE', #7210, #8324 ) ;
#2104 = FACE_OUTER_BOUND ( 'NONE', #4343, .T. ) ;
#2105 = VECTOR ( 'NONE', #2136, 1000.000000000000000 ) ;
#2106 = VERTEX_POINT ( 'NONE', #1795 ) ;
#2107 = SURFACE_SIDE_STYLE ('',( #3191 ) ) ;
#2108 = EDGE_LOOP ( 'NONE', ( #7624, #2434, #4300, #8178 ) ) ;
#2109 = ADVANCED_FACE ( 'NONE', ( #7848 ), #1857, .F. ) ;
#2110 = EDGE_LOOP ( 'NONE', ( #3869, #4172, #935, #1132 ) ) ;
#2111 = CARTESIAN_POINT ( 'NONE',  ( -1.249999999999999778, 0.1250000000000000000, 2.000000000000000000 ) ) ;
#2112 = PLANE ( 'NONE',  #8076 ) ;
#2113 = EDGE_CURVE ( 'NONE', #3941, #2623, #4828, .T. ) ;
#2114 = PLANE ( 'NONE',  #4243 ) ;
#2115 = CARTESIAN_POINT ( 'NONE',  ( 1.099999999999999867, 0.000000000000000000, -0.1499999999999997446 ) ) ;
#2116 = LINE ( 'NONE', #3745, #8588 ) ;
#2117 = CARTESIAN_POINT ( 'NONE',  ( -1.099999999999999867, 0.6472135954999583829, -0.3499999999999998113 ) ) ;
#2118 = FACE_OUTER_BOUND ( 'NONE', #485, .T. ) ;
#2119 = ORIENTED_EDGE ( 'NONE', *, *, #7736, .F. ) ;
#2120 = ORIENTED_EDGE ( 'NONE', *, *, #8004, .T. ) ;
#2121 = CARTESIAN_POINT ( 'NONE',  ( 1.099999999999999867, 0.6472135954999583829, -0.1499999999999997446 ) ) ;
#2122 = SURFACE_SIDE_STYLE ('',( #2745 ) ) ;
#2123 =( NAMED_UNIT ( * ) PLANE_ANGLE_UNIT ( ) SI_UNIT ( $, .RADIAN. ) );
#2124 = VERTEX_POINT ( 'NONE', #3786 ) ;
#2125 = PLANE ( 'NONE',  #4723 ) ;
#2126 = DIRECTION ( 'NONE',  ( -1.000000000000000000, -0.000000000000000000, -5.421010862427524019E-17 ) ) ;
#2127 = DIRECTION ( 'NONE',  ( 1.000000000000000000, -0.000000000000000000, 1.084202172485501673E-15 ) ) ;
#2128 = VECTOR ( 'NONE', #5973, 1000.000000000000000 ) ;
#2129 =( NAMED_UNIT ( * ) SI_UNIT ( $, .STERADIAN. ) SOLID_ANGLE_UNIT ( ) );
#2130 = LINE ( 'NONE', #7018, #8713 ) ;
#2131 = FACE_OUTER_BOUND ( 'NONE', #408, .T. ) ;
#2132 = ORIENTED_EDGE ( 'NONE', *, *, #1746, .F. ) ;
#2133 = EDGE_LOOP ( 'NONE', ( #1049, #7243, #4097, #4314 ) ) ;
#2134 =( GEOMETRIC_REPRESENTATION_CONTEXT ( 3 ) GLOBAL_UNCERTAINTY_ASSIGNED_CONTEXT ( ( #7063 ) ) GLOBAL_UNIT_ASSIGNED_CONTEXT ( ( #4339, #3791, #5133 ) ) REPRESENTATION_CONTEXT ( 'NONE', 'WORKASPACE' ) );
#2135 = CARTESIAN_POINT ( 'NONE',  ( 0.8500000000000009770, 0.000000000000000000, 1.600000000000000311 ) ) ;
#2136 = DIRECTION ( 'NONE',  ( -1.000000000000000000, 0.000000000000000000, -5.421010862427524019E-17 ) ) ;
#2137 = DIRECTION ( 'NONE',  ( 1.000000000000000000, -0.000000000000000000, 5.421010862427520198E-16 ) ) ;
#2138 = ORIENTED_EDGE ( 'NONE', *, *, #883, .T. ) ;
#2139 = CARTESIAN_POINT ( 'NONE',  ( 6.234162491791656412E-16, 0.05000000000000000278, 1.150000000000000799 ) ) ;
#2140 = DIRECTION ( 'NONE',  ( 2.710505431213763550E-16, -0.000000000000000000, 1.000000000000000000 ) ) ;
#2141 = DIRECTION ( 'NONE',  ( -5.782411586589358822E-15, 1.000000000000000000, -0.000000000000000000 ) ) ;
#2142 = CARTESIAN_POINT ( 'NONE',  ( 1.099999999999999867, 0.1999999999999999833, 0.6500000000000001332 ) ) ;
#2143 = PRESENTATION_LAYER_ASSIGNMENT (  '', '', ( #2500 ) ) ;
#2144 = FILL_AREA_STYLE ('',( #8765 ) ) ;
#2145 = FACE_OUTER_BOUND ( 'NONE', #3727, .T. ) ;
#2146 = CARTESIAN_POINT ( 'NONE',  ( 0.3500000000000009215, 0.1999999999999999833, 1.600000000000000311 ) ) ;
#2147 = SURFACE_STYLE_FILL_AREA ( #6451 ) ;
#2148 = ORIENTED_EDGE ( 'NONE', *, *, #576, .T. ) ;
#2149 = ORIENTED_EDGE ( 'NONE', *, *, #6712, .F. ) ;
#2150 = DIRECTION ( 'NONE',  ( 1.000000000000000000, -0.000000000000000000, -0.000000000000000000 ) ) ;
#2151 = CARTESIAN_POINT ( 'NONE',  ( -1.099999999999999867, 0.1999999999999999833, -0.6499999999999998002 ) ) ;
#2152 = EDGE_CURVE ( 'NONE', #6186, #1187, #1373, .T. ) ;
#2153 = STYLED_ITEM ( 'NONE', ( #3176 ), #2873 ) ;
#2154 = CARTESIAN_POINT ( 'NONE',  ( -1.166666666666666741, 0.6999999999999999556, -1.816666666666666430 ) ) ;
#2155 = VERTEX_POINT ( 'NONE', #4623 ) ;
#2156 = EDGE_CURVE ( 'NONE', #7533, #7025, #7902, .T. ) ;
#2157 = ADVANCED_FACE ( 'NONE', ( #7968 ), #6769, .F. ) ;
#2158 = CARTESIAN_POINT ( 'NONE',  ( 1.249999999999999334, 0.2000000000000013434, 2.000000000000000000 ) ) ;
#2159 = DIRECTION ( 'NONE',  ( -0.000000000000000000, -1.000000000000000000, -0.000000000000000000 ) ) ;
#2160 = DIRECTION ( 'NONE',  ( 0.000000000000000000, 0.000000000000000000, 1.000000000000000000 ) ) ;
#2161 = VECTOR ( 'NONE', #6153, 1000.000000000000000 ) ;
#2162 = EDGE_CURVE ( 'NONE', #1237, #8593, #7762, .T. ) ;
#2163 = LINE ( 'NONE', #5072, #2128 ) ;
#2164 = ADVANCED_FACE ( 'NONE', ( #4563 ), #4064, .T. ) ;
#2165 = VECTOR ( 'NONE', #3405, 1000.000000000000000 ) ;
#2166 = FACE_OUTER_BOUND ( 'NONE', #7480, .T. ) ;
#2167 = EDGE_LOOP ( 'NONE', ( #8398, #2460, #5432, #8794 ) ) ;
#2168 = VERTEX_POINT ( 'NONE', #1430 ) ;
#2169 = LINE ( 'NONE', #1462, #5388 ) ;
#2170 = EDGE_CURVE ( 'NONE', #6990, #2106, #4620, .T. ) ;
#2171 = STYLED_ITEM ( 'NONE', ( #5275 ), #6473 ) ;
#2172 = ORIENTED_EDGE ( 'NONE', *, *, #5881, .T. ) ;
#2173 = DIRECTION ( 'NONE',  ( 0.000000000000000000, -1.000000000000000000, 0.000000000000000000 ) ) ;
#2174 = EDGE_CURVE ( 'NONE', #3044, #3311, #1412, .T. ) ;
#2175 = VECTOR ( 'NONE', #8233, 1000.000000000000000 ) ;
#2176 =( NAMED_UNIT ( * ) PLANE_ANGLE_UNIT ( ) SI_UNIT ( $, .RADIAN. ) );
#2177 = PRESENTATION_STYLE_ASSIGNMENT (( #522 ) ) ;
#2178 = CARTESIAN_POINT ( 'NONE',  ( 0.000000000000000000, 0.000000000000000000, 1.500000000000000000 ) ) ;
#2179 = VERTEX_POINT ( 'NONE', #2764 ) ;
#2180 = ORIENTED_EDGE ( 'NONE', *, *, #5177, .T. ) ;
#2181 = AXIS2_PLACEMENT_3D ( 'NONE', #5959, #9115, #6774 ) ;
#2182 = CARTESIAN_POINT ( 'NONE',  ( -1.500000000000000000, 0.6472135954999583829, -0.1499999999999995226 ) ) ;
#2183 = FACE_OUTER_BOUND ( 'NONE', #5604, .T. ) ;
#2184 = ADVANCED_FACE ( 'NONE', ( #1653 ), #4948, .T. ) ;
#2185 = MANIFOLD_SOLID_BREP ( 'Boss-Extrude3[2]', #7273 ) ;
#2186 = SURFACE_STYLE_USAGE ( .BOTH. , #3788 ) ;
#2187 = ORIENTED_EDGE ( 'NONE', *, *, #7303, .F. ) ;
#2188 = DIRECTION ( 'NONE',  ( -1.000000000000000000, 0.000000000000000000, -5.421010862427523156E-16 ) ) ;
#2189 = DIRECTION ( 'NONE',  ( -1.084202172485501673E-15, 0.000000000000000000, -1.000000000000000000 ) ) ;
#2190 = PRESENTATION_LAYER_ASSIGNMENT (  '', '', ( #3220 ) ) ;
#2191 = CARTESIAN_POINT ( 'NONE',  ( 0.6500000000000003553, 0.1999999999999999833, -1.600000000000000089 ) ) ;
#2192 = EDGE_CURVE ( 'NONE', #2951, #6047, #8054, .T. ) ;
#2193 = LINE ( 'NONE', #2200, #8788 ) ;
#2194 = CARTESIAN_POINT ( 'NONE',  ( -0.6499999999999995781, 0.2000000000000000111, -1.600000000000000311 ) ) ;
#2195 = VECTOR ( 'NONE', #4437, 1000.000000000000000 ) ;
#2196 = EDGE_LOOP ( 'NONE', ( #589, #3982, #8723, #937 ) ) ;
#2197 = EDGE_LOOP ( 'NONE', ( #2014, #9062, #5652, #8837 ) ) ;
#2198 = DIRECTION ( 'NONE',  ( 0.000000000000000000, -0.000000000000000000, -1.000000000000000000 ) ) ;
#2199 = DIRECTION ( 'NONE',  ( 1.000000000000000000, 0.000000000000000000, -0.000000000000000000 ) ) ;
#2200 = CARTESIAN_POINT ( 'NONE',  ( 1.399999999999999689, 0.1999999999999999833, 1.750000000000000000 ) ) ;
#2201 = AXIS2_PLACEMENT_3D ( 'NONE', #8279, #1796, #3166 ) ;
#2202 = ORIENTED_EDGE ( 'NONE', *, *, #8631, .F. ) ;
#2203 = CARTESIAN_POINT ( 'NONE',  ( -1.500000000000000000, 0.6472135954999583829, 0.3500000000000004774 ) ) ;
#2204 = CARTESIAN_POINT ( 'NONE',  ( -1.400000000000000133, 0.1999999999999999833, 1.600000000000000089 ) ) ;
#2205 = DIRECTION ( 'NONE',  ( 0.000000000000000000, -0.000000000000000000, 1.000000000000000000 ) ) ;
#2206 = PRESENTATION_LAYER_ASSIGNMENT (  '', '', ( #2902 ) ) ;
#2207 = VECTOR ( 'NONE', #116, 1000.000000000000000 ) ;
#2208 = DIRECTION ( 'NONE',  ( -1.000000000000000000, 0.000000000000000000, -5.421010862427523156E-16 ) ) ;
#2209 = FACE_OUTER_BOUND ( 'NONE', #1443, .T. ) ;
#2210 = VERTEX_POINT ( 'NONE', #3457 ) ;
#2211 = ORIENTED_EDGE ( 'NONE', *, *, #7859, .F. ) ;
#2212 =( LENGTH_UNIT ( ) NAMED_UNIT ( * ) SI_UNIT ( .MILLI., .METRE. ) );
#2213 =( LENGTH_UNIT ( ) NAMED_UNIT ( * ) SI_UNIT ( .MILLI., .METRE. ) );
#2214 = VECTOR ( 'NONE', #6138, 1000.000000000000000 ) ;
#2215 = ORIENTED_EDGE ( 'NONE', *, *, #2642, .T. ) ;
#2216 = CARTESIAN_POINT ( 'NONE',  ( 1.249999999999999334, 0.1250000000000013600, -2.000000000000000000 ) ) ;
#2217 = CARTESIAN_POINT ( 'NONE',  ( 0.6500000000000009104, 0.6472135954999580498, 2.000000000000000000 ) ) ;
#2218 = DIRECTION ( 'NONE',  ( 0.000000000000000000, -0.000000000000000000, 1.000000000000000000 ) ) ;
#2219 = CARTESIAN_POINT ( 'NONE',  ( 1.099999999999999867, 0.1999999999999999833, -0.8499999999999998668 ) ) ;
#2220 = VECTOR ( 'NONE', #6664, 1000.000000000000000 ) ;
#2221 = LINE ( 'NONE', #1630, #8774 ) ;
#2222 = LINE ( 'NONE', #2216, #8654 ) ;
#2223 = ORIENTED_EDGE ( 'NONE', *, *, #484, .F. ) ;
#2224 = ORIENTED_EDGE ( 'NONE', *, *, #2919, .T. ) ;
#2225 = LINE ( 'NONE', #8714, #5447 ) ;
#2226 = ORIENTED_EDGE ( 'NONE', *, *, #8964, .T. ) ;
#2227 = CARTESIAN_POINT ( 'NONE',  ( 1.499999999999999778, 0.1999999999999999833, 1.750000000000000000 ) ) ;
#2228 = ADVANCED_FACE ( 'NONE', ( #4546 ), #2699, .T. ) ;
#2229 = DIRECTION ( 'NONE',  ( 0.000000000000000000, -1.000000000000000000, 0.000000000000000000 ) ) ;
#2230 = DIRECTION ( 'NONE',  ( -0.7071067811865486830, -0.000000000000000000, 0.7071067811865464625 ) ) ;
#2231 = DIRECTION ( 'NONE',  ( -1.084202172485501673E-15, 0.000000000000000000, -1.000000000000000000 ) ) ;
#2232 = LINE ( 'NONE', #3056, #8805 ) ;
#2233 = ADVANCED_FACE ( 'NONE', ( #7828 ), #468, .T. ) ;
#2234 = DIRECTION ( 'NONE',  ( -1.084202172485501673E-15, 0.000000000000000000, -1.000000000000000000 ) ) ;
#2235 = VECTOR ( 'NONE', #9402, 1000.000000000000000 ) ;
#2236 = LINE ( 'NONE', #3466, #5554 ) ;
#2237 = ORIENTED_EDGE ( 'NONE', *, *, #6644, .T. ) ;
#2238 = EDGE_LOOP ( 'NONE', ( #3194, #9229, #8245, #7847 ) ) ;
#2239 = CARTESIAN_POINT ( 'NONE',  ( 0.7500000000000000000, 3.201666203960727319, 1.300000000000000044 ) ) ;
#2240 = MECHANICAL_DESIGN_GEOMETRIC_PRESENTATION_REPRESENTATION (  '', ( #4442 ), #7952 ) ;
#2241 = VECTOR ( 'NONE', #2849, 1000.000000000000000 ) ;
#2242 = DIRECTION ( 'NONE',  ( 0.000000000000000000, 0.000000000000000000, 1.000000000000000000 ) ) ;
#2243 = CARTESIAN_POINT ( 'NONE',  ( -0.3499999999999990896, 0.2000000000000000111, 2.000000000000000000 ) ) ;
#2244 = ORIENTED_EDGE ( 'NONE', *, *, #5195, .T. ) ;
#2245 = DIRECTION ( 'NONE',  ( 0.000000000000000000, -1.000000000000000000, 0.000000000000000000 ) ) ;
#2246 = AXIS2_PLACEMENT_3D ( 'NONE', #7490, #984, #8986 ) ;
#2247 = EDGE_CURVE ( 'NONE', #6463, #1711, #1635, .T. ) ;
#2248 = CARTESIAN_POINT ( 'NONE',  ( -1.249999999999999778, 0.1999999999999999833, 1.899999999999999911 ) ) ;
#2249 = LINE ( 'NONE', #1145, #5549 ) ;
#2250 = DIRECTION ( 'NONE',  ( -0.000000000000000000, -1.000000000000000000, -0.000000000000000000 ) ) ;
#2251 = CARTESIAN_POINT ( 'NONE',  ( -0.3499999999999996447, 0.6472135954999580498, -2.000000000000000000 ) ) ;
#2252 = VECTOR ( 'NONE', #9287, 1000.000000000000000 ) ;
#2253 = VERTEX_POINT ( 'NONE', #6614 ) ;
#2254 = ORIENTED_EDGE ( 'NONE', *, *, #7972, .T. ) ;
#2255 = DIRECTION ( 'NONE',  ( -0.000000000000000000, 1.000000000000000000, -0.000000000000000000 ) ) ;
#2256 = SURFACE_STYLE_USAGE ( .BOTH. , #6667 ) ;
#2257 = LINE ( 'NONE', #9490, #8832 ) ;
#2258 = ADVANCED_FACE ( 'NONE', ( #7887 ), #586, .T. ) ;
#2259 =( NAMED_UNIT ( * ) SI_UNIT ( $, .STERADIAN. ) SOLID_ANGLE_UNIT ( ) );
#2260 = DIRECTION ( 'NONE',  ( -1.000000000000000000, -1.084202172485504828E-15, 0.000000000000000000 ) ) ;
#2261 = ORIENTED_EDGE ( 'NONE', *, *, #5835, .F. ) ;
#2262 = DIRECTION ( 'NONE',  ( -1.445602896647339163E-16, 0.000000000000000000, -1.000000000000000000 ) ) ;
#2263 = DIRECTION ( 'NONE',  ( -1.000000000000000000, 0.000000000000000000, 5.421010862427523156E-16 ) ) ;
#2264 = VERTEX_POINT ( 'NONE', #1348 ) ;
#2265 = DIRECTION ( 'NONE',  ( -1.000000000000000000, 0.000000000000000000, -5.421010862427520198E-16 ) ) ;
#2266 = EDGE_CURVE ( 'NONE', #8345, #2793, #4797, .T. ) ;
#2267 = CARTESIAN_POINT ( 'NONE',  ( 1.232294901687515543, 0.1250000000000000000, -1.600000000000000089 ) ) ;
#2268 = AXIS2_PLACEMENT_3D ( 'NONE', #7235, #3764, #5805 ) ;
#2269 = FACE_OUTER_BOUND ( 'NONE', #7625, .T. ) ;
#2270 = VECTOR ( 'NONE', #6588, 1000.000000000000000 ) ;
#2271 = LINE ( 'NONE', #5024, #2337 ) ;
#2272 = EDGE_CURVE ( 'NONE', #3126, #8856, #4812, .T. ) ;
#2273 = ORIENTED_EDGE ( 'NONE', *, *, #1002, .T. ) ;
#2274 = ORIENTED_EDGE ( 'NONE', *, *, #1952, .F. ) ;
#2275 = FILL_AREA_STYLE ('',( #14 ) ) ;
#2276 = DIRECTION ( 'NONE',  ( -1.000000000000000000, 0.000000000000000000, -5.421010862427520198E-16 ) ) ;
#2277 = LINE ( 'NONE', #2047, #5463 ) ;
#2278 = CARTESIAN_POINT ( 'NONE',  ( -1.166666666666666741, 0.6999999999999999556, -1.516666666666666607 ) ) ;
#2279 = EDGE_CURVE ( 'NONE', #412, #9218, #4708, .T. ) ;
#2280 = ORIENTED_EDGE ( 'NONE', *, *, #7740, .T. ) ;
#2281 = CARTESIAN_POINT ( 'NONE',  ( -0.7500000000000000000, 0.000000000000000000, -1.000000000000000888 ) ) ;
#2282 = ORIENTED_EDGE ( 'NONE', *, *, #272, .F. ) ;
#2283 = DIRECTION ( 'NONE',  ( 0.000000000000000000, 1.000000000000000000, 0.000000000000000000 ) ) ;
#2284 = PLANE ( 'NONE',  #196 ) ;
#2285 = FILL_AREA_STYLE_COLOUR ( '', #5740 ) ;
#2286 = FACE_OUTER_BOUND ( 'NONE', #5488, .T. ) ;
#2287 = EDGE_CURVE ( 'NONE', #8429, #6005, #1415, .T. ) ;
#2288 = SURFACE_STYLE_FILL_AREA ( #4321 ) ;
#2289 = STYLED_ITEM ( 'NONE', ( #5701 ), #6683 ) ;
#2290 = SURFACE_STYLE_FILL_AREA ( #175 ) ;
#2291 = LINE ( 'NONE', #9236, #2352 ) ;
#2292 = ORIENTED_EDGE ( 'NONE', *, *, #6507, .T. ) ;
#2293 = ORIENTED_EDGE ( 'NONE', *, *, #2162, .F. ) ;
#2294 = VECTOR ( 'NONE', #7101, 1000.000000000000000 ) ;
#2295 = PLANE ( 'NONE',  #2394 ) ;
#2296 = EDGE_CURVE ( 'NONE', #7893, #6463, #4661, .T. ) ;
#2297 = ORIENTED_EDGE ( 'NONE', *, *, #1003, .T. ) ;
#2298 =( NAMED_UNIT ( * ) PLANE_ANGLE_UNIT ( ) SI_UNIT ( $, .RADIAN. ) );
#2299 = CARTESIAN_POINT ( 'NONE',  ( 1.500000000000000000, 0.1999999999999999833, -0.6499999999999995781 ) ) ;
#2300 = ORIENTED_EDGE ( 'NONE', *, *, #8269, .T. ) ;
#2301 = PRESENTATION_LAYER_ASSIGNMENT (  '', '', ( #609 ) ) ;
#2302 = DIRECTION ( 'NONE',  ( -1.000000000000000000, 0.000000000000000000, -0.000000000000000000 ) ) ;
#2303 = CARTESIAN_POINT ( 'NONE',  ( 1.099999999999999867, 0.05000000000000000278, 0.000000000000000000 ) ) ;
#2304 = LINE ( 'NONE', #6159, #5501 ) ;
#2305 = LINE ( 'NONE', #8941, #8681 ) ;
#2306 = VECTOR ( 'NONE', #3531, 1000.000000000000000 ) ;
#2307 = EDGE_LOOP ( 'NONE', ( #2180, #3178, #5415, #5004 ) ) ;
#2308 = ORIENTED_EDGE ( 'NONE', *, *, #8926, .F. ) ;
#2309 = PLANE ( 'NONE',  #5776 ) ;
#2310 = DIRECTION ( 'NONE',  ( 0.000000000000000000, -1.000000000000000000, 0.000000000000000000 ) ) ;
#2311 = PRESENTATION_LAYER_ASSIGNMENT (  '', '', ( #1019 ) ) ;
#2312 = DIRECTION ( 'NONE',  ( 1.084202172485501673E-15, 0.000000000000000000, 1.000000000000000000 ) ) ;
#2313 = DIRECTION ( 'NONE',  ( 0.000000000000000000, -1.000000000000000000, 0.000000000000000000 ) ) ;
#2314 = ORIENTED_EDGE ( 'NONE', *, *, #4086, .F. ) ;
#2315 = ADVANCED_FACE ( 'NONE', ( #8012 ), #4431, .F. ) ;
#2316 = ORIENTED_EDGE ( 'NONE', *, *, #8763, .F. ) ;
#2317 = CARTESIAN_POINT ( 'NONE',  ( -0.1499999999999990785, 0.04999999999999999584, 1.600000000000000311 ) ) ;
#2318 =( NAMED_UNIT ( * ) SI_UNIT ( $, .STERADIAN. ) SOLID_ANGLE_UNIT ( ) );
#2319 = LINE ( 'NONE', #7874, #5636 ) ;
#2320 = CARTESIAN_POINT ( 'NONE',  ( -1.099999999999999867, 0.6472135954999583829, 1.350000000000000311 ) ) ;
#2321 = DIRECTION ( 'NONE',  ( 0.000000000000000000, 0.000000000000000000, -1.000000000000000000 ) ) ;
#2322 = LINE ( 'NONE', #8145, #2339 ) ;
#2323 = ORIENTED_EDGE ( 'NONE', *, *, #1599, .T. ) ;
#2324 = ORIENTED_EDGE ( 'NONE', *, *, #3700, .T. ) ;
#2325 = DIRECTION ( 'NONE',  ( 0.000000000000000000, 0.000000000000000000, -1.000000000000000000 ) ) ;
#2326 = DIRECTION ( 'NONE',  ( -1.000000000000000000, 0.000000000000000000, 5.421010862427523156E-16 ) ) ;
#2327 = LINE ( 'NONE', #1721, #5629 ) ;
#2328 = DIRECTION ( 'NONE',  ( -0.000000000000000000, -1.000000000000000000, -0.000000000000000000 ) ) ;
#2329 = CARTESIAN_POINT ( 'NONE',  ( -1.099999999999999867, 0.6472135954999583829, -0.6499999999999998002 ) ) ;
#2330 = ORIENTED_EDGE ( 'NONE', *, *, #864, .T. ) ;
#2331 = CARTESIAN_POINT ( 'NONE',  ( 1.249999999999999334, 0.1250000000000013600, -1.899999999999999911 ) ) ;
#2332 = EDGE_LOOP ( 'NONE', ( #3173, #5879, #6678, #5743 ) ) ;
#2333 = DIRECTION ( 'NONE',  ( -1.084202172485504828E-15, 1.000000000000000000, 1.567325801096383855E-31 ) ) ;
#2334 = DIRECTION ( 'NONE',  ( 5.421010862427523156E-16, -0.000000000000000000, 1.000000000000000000 ) ) ;
#2335 = CARTESIAN_POINT ( 'NONE',  ( -1.099999999999999867, 0.6472135954999583829, 0.6500000000000001332 ) ) ;
#2336 = LINE ( 'NONE', #1686, #2220 ) ;
#2337 = VECTOR ( 'NONE', #9470, 1000.000000000000000 ) ;
#2338 = SURFACE_SIDE_STYLE ('',( #7651 ) ) ;
#2339 = VECTOR ( 'NONE', #2963, 1000.000000000000000 ) ;
#2340 = ORIENTED_EDGE ( 'NONE', *, *, #3411, .T. ) ;
#2341 = ORIENTED_EDGE ( 'NONE', *, *, #46, .T. ) ;
#2342 = PLANE ( 'NONE',  #6482 ) ;
#2343 = CARTESIAN_POINT ( 'NONE',  ( -1.099999999999999867, 0.6472135954999583829, -0.1499999999999997446 ) ) ;
#2344 = ORIENTED_EDGE ( 'NONE', *, *, #5466, .T. ) ;
#2345 = ORIENTED_EDGE ( 'NONE', *, *, #6098, .T. ) ;
#2346 = DIRECTION ( 'NONE',  ( -1.000000000000000000, 0.000000000000000000, -5.421010862427524019E-17 ) ) ;
#2347 = CARTESIAN_POINT ( 'NONE',  ( -0.8499999999999992006, 0.6472135954999580498, 1.600000000000000089 ) ) ;
#2348 = CARTESIAN_POINT ( 'NONE',  ( 1.099999999999999867, 0.6472135954999583829, 0.3500000000000002554 ) ) ;
#2349 = DIRECTION ( 'NONE',  ( -1.084202172485504040E-15, 0.000000000000000000, -1.000000000000000000 ) ) ;
#2350 = LINE ( 'NONE', #6782, #8649 ) ;
#2351 = LINE ( 'NONE', #2525, #2252 ) ;
#2352 = VECTOR ( 'NONE', #7020, 1000.000000000000000 ) ;
#2353 = ORIENTED_EDGE ( 'NONE', *, *, #7424, .F. ) ;
#2354 = EDGE_CURVE ( 'NONE', #9111, #1032, #4588, .T. ) ;
#2355 = ORIENTED_EDGE ( 'NONE', *, *, #2296, .T. ) ;
#2356 = CARTESIAN_POINT ( 'NONE',  ( 1.249999999999999778, 0.1250000000000013600, 1.899999999999999911 ) ) ;
#2357 = VECTOR ( 'NONE', #1312, 1000.000000000000000 ) ;
#2358 = CARTESIAN_POINT ( 'NONE',  ( 0.000000000000000000, 0.2000000000000000111, 0.000000000000000000 ) ) ;
#2359 = ORIENTED_EDGE ( 'NONE', *, *, #387, .F. ) ;
#2360 = CARTESIAN_POINT ( 'NONE',  ( -0.1499999999999995226, 0.1999999999999999833, -1.600000000000000311 ) ) ;
#2361 = DIRECTION ( 'NONE',  ( 1.000000000000000000, -0.000000000000000000, -0.000000000000000000 ) ) ;
#2362 = EDGE_LOOP ( 'NONE', ( #3850, #7260, #7083, #673 ) ) ;
#2363 = AXIS2_PLACEMENT_3D ( 'NONE', #4290, #8836, #5086 ) ;
#2364 = CYLINDRICAL_SURFACE ( 'NONE', #2855, 0.1499999999999999667 ) ;
#2365 = CARTESIAN_POINT ( 'NONE',  ( -1.500000000000000222, 0.000000000000000000, 0.000000000000000000 ) ) ;
#2366 = CARTESIAN_POINT ( 'NONE',  ( -1.250000000000000222, 0.1250000000000000000, -1.899999999999999911 ) ) ;
#2367 = FACE_OUTER_BOUND ( 'NONE', #5816, .T. ) ;
#2368 = DIRECTION ( 'NONE',  ( 1.000000000000000000, 0.000000000000000000, -5.421010862427523156E-16 ) ) ;
#2369 = VECTOR ( 'NONE', #2828, 1000.000000000000000 ) ;
#2370 = LINE ( 'NONE', #7233, #2389 ) ;
#2371 = ORIENTED_EDGE ( 'NONE', *, *, #251, .T. ) ;
#2372 = ORIENTED_EDGE ( 'NONE', *, *, #2113, .T. ) ;
#2373 = ADVANCED_FACE ( 'NONE', ( #8032 ), #5327, .T. ) ;
#2374 = DIRECTION ( 'NONE',  ( 1.000000000000000000, 0.000000000000000000, -0.000000000000000000 ) ) ;
#2375 = DIRECTION ( 'NONE',  ( -1.000000000000000000, 0.000000000000000000, 5.421010862427520198E-16 ) ) ;
#2376 = FACE_OUTER_BOUND ( 'NONE', #1725, .T. ) ;
#2377 = AXIS2_PLACEMENT_3D ( 'NONE', #262, #1826, #323 ) ;
#2378 = EDGE_CURVE ( 'NONE', #6775, #1066, #1436, .T. ) ;
#2379 = DIRECTION ( 'NONE',  ( -1.084202172485504040E-15, 0.000000000000000000, 1.000000000000000000 ) ) ;
#2380 = DIRECTION ( 'NONE',  ( -1.000000000000000000, 0.000000000000000000, -0.000000000000000000 ) ) ;
#2381 = ORIENTED_EDGE ( 'NONE', *, *, #4561, .T. ) ;
#2382 = ORIENTED_EDGE ( 'NONE', *, *, #951, .T. ) ;
#2383 = SURFACE_SIDE_STYLE ('',( #448 ) ) ;
#2384 = DIRECTION ( 'NONE',  ( 1.000000000000000000, 0.000000000000000000, 0.000000000000000000 ) ) ;
#2385 = EDGE_CURVE ( 'NONE', #509, #362, #7942, .T. ) ;
#2386 = CARTESIAN_POINT ( 'NONE',  ( -0.6499999999999990230, 0.000000000000000000, 2.000000000000000000 ) ) ;
#2387 = LINE ( 'NONE', #8947, #5471 ) ;
#2388 = FACE_OUTER_BOUND ( 'NONE', #4163, .T. ) ;
#2389 = VECTOR ( 'NONE', #2835, 1000.000000000000000 ) ;
#2390 = VERTEX_POINT ( 'NONE', #4720 ) ;
#2391 = ORIENTED_EDGE ( 'NONE', *, *, #1116, .T. ) ;
#2392 = PLANE ( 'NONE',  #8648 ) ;
#2393 = EDGE_CURVE ( 'NONE', #5269, #2264, #7989, .T. ) ;
#2394 = AXIS2_PLACEMENT_3D ( 'NONE', #4533, #8267, #5405 ) ;
#2395 = CARTESIAN_POINT ( 'NONE',  ( 1.000000000000000000, 0.2000000000000000111, 0.000000000000000000 ) ) ;
#2396 = ORIENTED_EDGE ( 'NONE', *, *, #7333, .F. ) ;
#2397 = ADVANCED_FACE ( 'NONE', ( #1639 ), #3881, .T. ) ;
#2398 = DIRECTION ( 'NONE',  ( -0.000000000000000000, 0.000000000000000000, 1.000000000000000000 ) ) ;
#2399 = EDGE_CURVE ( 'NONE', #3975, #4408, #7784, .T. ) ;
#2400 = ORIENTED_EDGE ( 'NONE', *, *, #7736, .T. ) ;
#2401 = PLANE ( 'NONE',  #6853 ) ;
#2402 = DIRECTION ( 'NONE',  ( 0.000000000000000000, -0.000000000000000000, -1.000000000000000000 ) ) ;
#2403 = EDGE_CURVE ( 'NONE', #7886, #5384, #7890, .T. ) ;
#2404 = EDGE_CURVE ( 'NONE', #3067, #1884, #1570, .T. ) ;
#2405 = VECTOR ( 'NONE', #8072, 1000.000000000000000 ) ;
#2406 = FACE_OUTER_BOUND ( 'NONE', #4247, .T. ) ;
#2407 = EDGE_CURVE ( 'NONE', #6936, #2751, #7800, .T. ) ;
#2408 = VECTOR ( 'NONE', #3767, 1000.000000000000000 ) ;
#2409 = FILL_AREA_STYLE ('',( #7752 ) ) ;
#2410 = LINE ( 'NONE', #1652, #5624 ) ;
#2411 = ORIENTED_EDGE ( 'NONE', *, *, #8866, .F. ) ;
#2412 = ORIENTED_EDGE ( 'NONE', *, *, #6734, .T. ) ;
#2413 = UNCERTAINTY_MEASURE_WITH_UNIT (LENGTH_MEASURE( 1.000000000000000082E-05 ), #4238, 'distance_accuracy_value', 'NONE');
#2414 = CARTESIAN_POINT ( 'NONE',  ( -0.1499999999999990785, 0.6472135954999580498, 1.600000000000000311 ) ) ;
#2415 = CARTESIAN_POINT ( 'NONE',  ( -0.1499999999999989952, 0.6472135954999580498, 2.000000000000000000 ) ) ;
#2416 =( GEOMETRIC_REPRESENTATION_CONTEXT ( 3 ) GLOBAL_UNCERTAINTY_ASSIGNED_CONTEXT ( ( #3882 ) ) GLOBAL_UNIT_ASSIGNED_CONTEXT ( ( #3058, #4794, #6905 ) ) REPRESENTATION_CONTEXT ( 'NONE', 'WORKASPACE' ) );
#2417 = DIRECTION ( 'NONE',  ( 0.000000000000000000, -1.000000000000000000, 0.000000000000000000 ) ) ;
#2418 = VERTEX_POINT ( 'NONE', #8952 ) ;
#2419 = CARTESIAN_POINT ( 'NONE',  ( -1.499999999999999778, 0.1999999999999999833, 1.149999999999999911 ) ) ;
#2420 = EDGE_LOOP ( 'NONE', ( #1505, #1141, #4569, #5563 ) ) ;
#2421 = CARTESIAN_POINT ( 'NONE',  ( -0.6499999999999991340, 0.6472135954999580498, 1.600000000000000311 ) ) ;
#2422 = DIRECTION ( 'NONE',  ( 0.000000000000000000, 0.000000000000000000, -1.000000000000000000 ) ) ;
#2423 = PLANE ( 'NONE',  #9012 ) ;
#2424 = LINE ( 'NONE', #850, #5368 ) ;
#2425 = EDGE_CURVE ( 'NONE', #1896, #6935, #1503, .T. ) ;
#2426 = VECTOR ( 'NONE', #2328, 1000.000000000000000 ) ;
#2427 = VECTOR ( 'NONE', #3470, 1000.000000000000000 ) ;
#2428 = LINE ( 'NONE', #2904, #2306 ) ;
#2429 = ORIENTED_EDGE ( 'NONE', *, *, #8519, .T. ) ;
#2430 = ORIENTED_EDGE ( 'NONE', *, *, #8785, .T. ) ;
#2431 = SURFACE_STYLE_USAGE ( .BOTH. , #3150 ) ;
#2432 = CARTESIAN_POINT ( 'NONE',  ( 1.399999999999999689, 0.1999999999999999833, 1.750000000000000000 ) ) ;
#2433 = AXIS2_PLACEMENT_3D ( 'NONE', #4729, #1766, #2481 ) ;
#2434 = ORIENTED_EDGE ( 'NONE', *, *, #4056, .F. ) ;
#2435 = DIRECTION ( 'NONE',  ( 0.000000000000000000, -0.000000000000000000, -1.000000000000000000 ) ) ;
#2436 = PLANE ( 'NONE',  #802 ) ;
#2437 = ORIENTED_EDGE ( 'NONE', *, *, #3478, .T. ) ;
#2438 = CARTESIAN_POINT ( 'NONE',  ( 0.3500000000000009215, 0.04999999999999999584, 1.600000000000000311 ) ) ;
#2439 = LINE ( 'NONE', #2320, #2161 ) ;
#2440 = AXIS2_PLACEMENT_3D ( 'NONE', #444, #1258, #5774 ) ;
#2441 = DIRECTION ( 'NONE',  ( 1.084202172485501673E-15, 0.000000000000000000, 1.000000000000000000 ) ) ;
#2442 = DIRECTION ( 'NONE',  ( 1.000000000000000000, 0.000000000000000000, 2.891205793294678326E-16 ) ) ;
#2443 = VECTOR ( 'NONE', #748, 1000.000000000000000 ) ;
#2444 = ORIENTED_EDGE ( 'NONE', *, *, #1599, .F. ) ;
#2445 = ORIENTED_EDGE ( 'NONE', *, *, #7185, .T. ) ;
#2446 = CARTESIAN_POINT ( 'NONE',  ( -1.099999999999999867, 0.05000000000000000278, 0.000000000000000000 ) ) ;
#2447 = DIRECTION ( 'NONE',  ( 0.000000000000000000, 1.000000000000000000, 0.000000000000000000 ) ) ;
#2448 = LINE ( 'NONE', #3481, #2241 ) ;
#2449 = SURFACE_SIDE_STYLE ('',( #2832 ) ) ;
#2450 = CARTESIAN_POINT ( 'NONE',  ( -1.400000000000000133, 0.1250000000000000000, 1.750000000000000000 ) ) ;
#2451 = VERTEX_POINT ( 'NONE', #4650 ) ;
#2452 = ORIENTED_EDGE ( 'NONE', *, *, #7051, .T. ) ;
#2453 = DIRECTION ( 'NONE',  ( -1.000000000000000000, 0.000000000000000000, -5.421010862427524019E-17 ) ) ;
#2454 = PLANE ( 'NONE',  #9125 ) ;
#2455 = FACE_OUTER_BOUND ( 'NONE', #7640, .T. ) ;
#2456 = LINE ( 'NONE', #3002, #5429 ) ;
#2457 = DIRECTION ( 'NONE',  ( -0.000000000000000000, -0.000000000000000000, 1.000000000000000000 ) ) ;
#2458 = VECTOR ( 'NONE', #2910, 1000.000000000000000 ) ;
#2459 = SURFACE_STYLE_FILL_AREA ( #306 ) ;
#2460 = ORIENTED_EDGE ( 'NONE', *, *, #8089, .F. ) ;
#2461 = ORIENTED_EDGE ( 'NONE', *, *, #5983, .F. ) ;
#2462 = UNCERTAINTY_MEASURE_WITH_UNIT (LENGTH_MEASURE( 1.000000000000000082E-05 ), #6999, 'distance_accuracy_value', 'NONE');
#2463 = EDGE_CURVE ( 'NONE', #4309, #3704, #7971, .T. ) ;
#2464 = FILL_AREA_STYLE ('',( #1006 ) ) ;
#2465 = COLOUR_RGB ( '',0.7921568627450980005, 0.8196078431372548767, 0.9333333333333333481 ) ;
#2466 = MANIFOLD_SOLID_BREP ( 'LPattern3[4]', #3933 ) ;
#2467 = EDGE_CURVE ( 'NONE', #5319, #8928, #7817, .T. ) ;
#2468 = CARTESIAN_POINT ( 'NONE',  ( -1.734723475976807094E-15, 0.05000000000000000278, -1.600000000000000533 ) ) ;
#2469 = EDGE_LOOP ( 'NONE', ( #2172, #5423, #6586, #150 ) ) ;
#2470 = DIRECTION ( 'NONE',  ( 1.000000000000000000, -0.000000000000000000, 0.000000000000000000 ) ) ;
#2471 = ORIENTED_EDGE ( 'NONE', *, *, #3979, .F. ) ;
#2472 = PLANE ( 'NONE',  #1651 ) ;
#2473 = DIRECTION ( 'NONE',  ( -1.084202172485501673E-15, 0.000000000000000000, -1.000000000000000000 ) ) ;
#2474 = DIRECTION ( 'NONE',  ( 0.000000000000000000, -1.000000000000000000, 0.000000000000000000 ) ) ;
#2475 = VECTOR ( 'NONE', #83, 1000.000000000000000 ) ;
#2476 = LINE ( 'NONE', #5946, #2696 ) ;
#2477 = DIRECTION ( 'NONE',  ( 0.000000000000000000, 0.000000000000000000, -1.000000000000000000 ) ) ;
#2478 = FACE_OUTER_BOUND ( 'NONE', #686, .T. ) ;
#2479 = ORIENTED_EDGE ( 'NONE', *, *, #4337, .F. ) ;
#2480 = VERTEX_POINT ( 'NONE', #5260 ) ;
#2481 = DIRECTION ( 'NONE',  ( 0.000000000000000000, 0.000000000000000000, -1.000000000000000000 ) ) ;
#2482 = CARTESIAN_POINT ( 'NONE',  ( -1.500000000000000444, 0.1999999999999996503, 0.3500000000000004774 ) ) ;
#2483 = SURFACE_SIDE_STYLE ('',( #2847 ) ) ;
#2484 = LINE ( 'NONE', #6407, #8570 ) ;
#2485 = VERTEX_POINT ( 'NONE', #191 ) ;
#2486 = ADVANCED_FACE ( 'NONE', ( #1591 ), #1753, .F. ) ;
#2487 = CARTESIAN_POINT ( 'NONE',  ( 1.499999999999999778, 0.1999999999999999833, -1.350000000000000089 ) ) ;
#2488 = ORIENTED_EDGE ( 'NONE', *, *, #8964, .F. ) ;
#2489 = CARTESIAN_POINT ( 'NONE',  ( 0.000000000000000000, 0.2000000000000000111, 0.000000000000000000 ) ) ;
#2490 = CARTESIAN_POINT ( 'NONE',  ( 1.249999999999998890, 0.2000000000000013434, -1.899999999999999911 ) ) ;
#2491 = VECTOR ( 'NONE', #2555, 1000.000000000000000 ) ;
#2492 = VECTOR ( 'NONE', #8049, 1000.000000000000000 ) ;
#2493 = ADVANCED_FACE ( 'NONE', ( #4785 ), #368, .F. ) ;
#2494 = VECTOR ( 'NONE', #8705, 1000.000000000000000 ) ;
#2495 = VERTEX_POINT ( 'NONE', #1878 ) ;
#2496 = CARTESIAN_POINT ( 'NONE',  ( 1.499999999999999778, 0.1999999999999996503, -0.3500000000000000333 ) ) ;
#2497 = LINE ( 'NONE', #8612, #2763 ) ;
#2498 = LINE ( 'NONE', #6747, #9018 ) ;
#2499 = DIRECTION ( 'NONE',  ( -2.710505431213761578E-16, 0.000000000000000000, -1.000000000000000000 ) ) ;
#2500 = STYLED_ITEM ( 'NONE', ( #3113 ), #4976 ) ;
#2501 = ORIENTED_EDGE ( 'NONE', *, *, #7466, .T. ) ;
#2502 = CARTESIAN_POINT ( 'NONE',  ( -0.6499999999999990230, 0.6472135954999580498, 2.000000000000000000 ) ) ;
#2503 = CARTESIAN_POINT ( 'NONE',  ( 1.249999999999999334, 0.1250000000000013600, -1.732294901687515321 ) ) ;
#2504 = ORIENTED_EDGE ( 'NONE', *, *, #1513, .F. ) ;
#2505 = CARTESIAN_POINT ( 'NONE',  ( 1.499999999999999778, 0.1999999999999996503, -1.749999999999999778 ) ) ;
#2506 = EDGE_CURVE ( 'NONE', #6440, #7917, #4894, .T. ) ;
#2507 =( GEOMETRIC_REPRESENTATION_CONTEXT ( 3 ) GLOBAL_UNCERTAINTY_ASSIGNED_CONTEXT ( ( #7481 ) ) GLOBAL_UNIT_ASSIGNED_CONTEXT ( ( #4416, #7264, #8811 ) ) REPRESENTATION_CONTEXT ( 'NONE', 'WORKASPACE' ) );
#2508 = LINE ( 'NONE', #8958, #2475 ) ;
#2509 = EDGE_CURVE ( 'NONE', #7533, #7936, #1708, .T. ) ;
#2510 = DIRECTION ( 'NONE',  ( 0.000000000000000000, 0.000000000000000000, -1.000000000000000000 ) ) ;
#2511 = DIRECTION ( 'NONE',  ( -1.084202172485504040E-15, 0.000000000000000000, 1.000000000000000000 ) ) ;
#2512 = PLANE ( 'NONE',  #8026 ) ;
#2513 = LINE ( 'NONE', #5105, #9039 ) ;
#2514 = CYLINDRICAL_SURFACE ( 'NONE', #8298, 0.1499999999999999667 ) ;
#2515 = VERTEX_POINT ( 'NONE', #3305 ) ;
#2516 = VECTOR ( 'NONE', #8559, 1000.000000000000000 ) ;
#2517 = CARTESIAN_POINT ( 'NONE',  ( 1.249999999999998890, 0.2000000000000013434, -1.899999999999999911 ) ) ;
#2518 = CARTESIAN_POINT ( 'NONE',  ( 0.3500000000000004774, 0.2000000000000000111, -2.000000000000000000 ) ) ;
#2519 = CARTESIAN_POINT ( 'NONE',  ( -1.099999999999999867, 0.1999999999999999833, 0.1500000000000001887 ) ) ;
#2520 = EDGE_CURVE ( 'NONE', #1421, #3246, #5123, .T. ) ;
#2521 = PLANE ( 'NONE',  #5992 ) ;
#2522 = VERTEX_POINT ( 'NONE', #9239 ) ;
#2523 = ORIENTED_EDGE ( 'NONE', *, *, #4454, .F. ) ;
#2524 = DIRECTION ( 'NONE',  ( 0.000000000000000000, 0.000000000000000000, 1.000000000000000000 ) ) ;
#2525 = CARTESIAN_POINT ( 'NONE',  ( -1.249999999999999778, 0.1999999999999999833, 2.000000000000000000 ) ) ;
#2526 = LINE ( 'NONE', #5271, #2663 ) ;
#2527 = EDGE_CURVE ( 'NONE', #8688, #3044, #5141, .T. ) ;
#2528 = COLOUR_RGB ( '',1.000000000000000000, 0.5019607843137254832, 0.5019607843137254832 ) ;
#2529 = PRESENTATION_LAYER_ASSIGNMENT (  '', '', ( #3970 ) ) ;
#2530 = PLANE ( 'NONE',  #1396 ) ;
#2531 = LINE ( 'NONE', #8970, #2606 ) ;
#2532 = VECTOR ( 'NONE', #2325, 1000.000000000000000 ) ;
#2533 = VERTEX_POINT ( 'NONE', #1082 ) ;
#2534 = AXIS2_PLACEMENT_3D ( 'NONE', #7510, #6266, #4706 ) ;
#2535 =( NAMED_UNIT ( * ) PLANE_ANGLE_UNIT ( ) SI_UNIT ( $, .RADIAN. ) );
#2536 = PRESENTATION_STYLE_ASSIGNMENT (( #5589 ) ) ;
#2537 = EDGE_CURVE ( 'NONE', #2837, #975, #5906, .T. ) ;
#2538 = CARTESIAN_POINT ( 'NONE',  ( 1.499999999999999778, 0.1250000000000000000, -1.750000000000000000 ) ) ;
#2539 = EDGE_CURVE ( 'NONE', #6050, #6790, #2718, .T. ) ;
#2540 = DIRECTION ( 'NONE',  ( 1.084202172485501673E-15, 0.000000000000000000, -1.000000000000000000 ) ) ;
#2541 = EDGE_LOOP ( 'NONE', ( #7135, #837, #4182, #8037 ) ) ;
#2542 = EDGE_CURVE ( 'NONE', #7294, #7276, #8998, .T. ) ;
#2543 = VERTEX_POINT ( 'NONE', #4873 ) ;
#2544 = UNCERTAINTY_MEASURE_WITH_UNIT (LENGTH_MEASURE( 1.000000000000000082E-05 ), #4539, 'distance_accuracy_value', 'NONE');
#2545 = AXIS2_PLACEMENT_3D ( 'NONE', #6809, #8436, #3266 ) ;
#2546 = CARTESIAN_POINT ( 'NONE',  ( -1.499999999999999778, 0.6472135954999583829, -0.3500000000000000333 ) ) ;
#2547 = MANIFOLD_SOLID_BREP ( 'LPattern3[5]', #2857 ) ;
#2548 = LINE ( 'NONE', #732, #2711 ) ;
#2549 = LINE ( 'NONE', #7407, #9143 ) ;
#2550 = VECTOR ( 'NONE', #7394, 1000.000000000000000 ) ;
#2551 = DIRECTION ( 'NONE',  ( 0.000000000000000000, 1.000000000000000000, 0.000000000000000000 ) ) ;
#2552 = VECTOR ( 'NONE', #5095, 1000.000000000000000 ) ;
#2553 = ORIENTED_EDGE ( 'NONE', *, *, #8332, .F. ) ;
#2554 = SURFACE_STYLE_FILL_AREA ( #5815 ) ;
#2555 = DIRECTION ( 'NONE',  ( -1.000000000000000000, 0.000000000000000000, -5.421010862427523156E-16 ) ) ;
#2556 = CARTESIAN_POINT ( 'NONE',  ( -0.7500000000000000000, 3.201666203960727319, -1.300000000000000266 ) ) ;
#2557 = ADVANCED_FACE ( 'NONE', ( #2600 ), #9091, .T. ) ;
#2558 =( GEOMETRIC_REPRESENTATION_CONTEXT ( 3 ) GLOBAL_UNCERTAINTY_ASSIGNED_CONTEXT ( ( #383 ) ) GLOBAL_UNIT_ASSIGNED_CONTEXT ( ( #9331, #1494, #2259 ) ) REPRESENTATION_CONTEXT ( 'NONE', 'WORKASPACE' ) );
#2559 = EDGE_CURVE ( 'NONE', #1387, #4630, #2737, .T. ) ;
#2560 = CARTESIAN_POINT ( 'NONE',  ( -0.7500000000000000000, 0.05000000000000000278, -1.000000000000000888 ) ) ;
#2561 = VERTEX_POINT ( 'NONE', #207 ) ;
#2562 = DIRECTION ( 'NONE',  ( -0.000000000000000000, -0.000000000000000000, 1.000000000000000000 ) ) ;
#2563 = CARTESIAN_POINT ( 'NONE',  ( -1.099999999999999867, 0.6472135954999583829, -0.6499999999999998002 ) ) ;
#2564 = MECHANICAL_DESIGN_GEOMETRIC_PRESENTATION_REPRESENTATION (  '', ( #3004 ), #622 ) ;
#2565 = FACE_OUTER_BOUND ( 'NONE', #6085, .T. ) ;
#2566 = ADVANCED_FACE ( 'NONE', ( #9105 ), #7611, .F. ) ;
#2567 = FACE_OUTER_BOUND ( 'NONE', #499, .T. ) ;
#2568 = VECTOR ( 'NONE', #3825, 1000.000000000000000 ) ;
#2569 = VERTEX_POINT ( 'NONE', #1705 ) ;
#2570 = CARTESIAN_POINT ( 'NONE',  ( 1.099999999999999867, 0.6472135954999583829, -0.1499999999999997446 ) ) ;
#2571 = CARTESIAN_POINT ( 'NONE',  ( 0.8500000000000005329, 0.2000000000000000111, -2.000000000000000000 ) ) ;
#2572 = CARTESIAN_POINT ( 'NONE',  ( -1.099999999999999867, 0.000000000000000000, 0.6500000000000001332 ) ) ;
#2573 =( GEOMETRIC_REPRESENTATION_CONTEXT ( 3 ) GLOBAL_UNCERTAINTY_ASSIGNED_CONTEXT ( ( #1144 ) ) GLOBAL_UNIT_ASSIGNED_CONTEXT ( ( #4717, #367, #6219 ) ) REPRESENTATION_CONTEXT ( 'NONE', 'WORKASPACE' ) );
#2574 = DIRECTION ( 'NONE',  ( 1.445602896647339163E-16, 0.000000000000000000, 1.000000000000000000 ) ) ;
#2575 = ORIENTED_EDGE ( 'NONE', *, *, #3558, .T. ) ;
#2576 = DIRECTION ( 'NONE',  ( 0.000000000000000000, -1.000000000000000000, 0.000000000000000000 ) ) ;
#2577 = SURFACE_STYLE_FILL_AREA ( #2275 ) ;
#2578 = DIRECTION ( 'NONE',  ( 1.084202172485501673E-15, 0.000000000000000000, 1.000000000000000000 ) ) ;
#2579 = SURFACE_STYLE_USAGE ( .BOTH. , #3781 ) ;
#2580 = ADVANCED_FACE ( 'NONE', ( #6082 ), #8377, .F. ) ;
#2581 = DIRECTION ( 'NONE',  ( -1.000000000000000000, 0.000000000000000000, 2.710505431213763057E-16 ) ) ;
#2582 = FACE_OUTER_BOUND ( 'NONE', #7449, .T. ) ;
#2583 = VECTOR ( 'NONE', #669, 1000.000000000000000 ) ;
#2584 = LINE ( 'NONE', #7849, #2621 ) ;
#2585 = CARTESIAN_POINT ( 'NONE',  ( 0.3500000000000010325, 0.2000000000000000111, 2.000000000000000000 ) ) ;
#2586 = DIRECTION ( 'NONE',  ( 0.000000000000000000, -1.000000000000000000, 0.000000000000000000 ) ) ;
#2587 = PLANE ( 'NONE',  #2674 ) ;
#2588 = DIRECTION ( 'NONE',  ( -1.000000000000000000, 0.000000000000000000, 0.000000000000000000 ) ) ;
#2589 = DIRECTION ( 'NONE',  ( -1.084202172485501673E-15, 0.000000000000000000, -1.000000000000000000 ) ) ;
#2590 = EDGE_LOOP ( 'NONE', ( #5398, #2237, #8153, #8258 ) ) ;
#2591 = FACE_OUTER_BOUND ( 'NONE', #6079, .T. ) ;
#2592 = DIRECTION ( 'NONE',  ( -1.000000000000000000, 0.000000000000000000, -0.000000000000000000 ) ) ;
#2593 = EDGE_CURVE ( 'NONE', #3420, #7754, #2498, .T. ) ;
#2594 = LINE ( 'NONE', #9494, #5919 ) ;
#2595 = DIRECTION ( 'NONE',  ( -1.084202172485504040E-15, 0.000000000000000000, 1.000000000000000000 ) ) ;
#2596 = FACE_OUTER_BOUND ( 'NONE', #6300, .T. ) ;
#2597 = VECTOR ( 'NONE', #8237, 1000.000000000000000 ) ;
#2598 = EDGE_CURVE ( 'NONE', #7030, #1646, #9260, .T. ) ;
#2599 = CARTESIAN_POINT ( 'NONE',  ( -1.400000000000000133, 0.1250000000000000000, 1.750000000000000000 ) ) ;
#2600 = FACE_OUTER_BOUND ( 'NONE', #1532, .T. ) ;
#2601 = CARTESIAN_POINT ( 'NONE',  ( 0.3500000000000009215, 0.2000000000000000111, 1.600000000000000311 ) ) ;
#2602 = CARTESIAN_POINT ( 'NONE',  ( -0.3499999999999996447, 0.2000000000000000111, -1.600000000000000089 ) ) ;
#2603 = DIRECTION ( 'NONE',  ( 0.000000000000000000, -1.000000000000000000, 0.000000000000000000 ) ) ;
#2604 = VERTEX_POINT ( 'NONE', #9369 ) ;
#2605 = CARTESIAN_POINT ( 'NONE',  ( -1.734723475976805714E-15, 0.05000000000000000278, 1.599999999999999423 ) ) ;
#2606 = VECTOR ( 'NONE', #92, 1000.000000000000000 ) ;
#2607 = LINE ( 'NONE', #4884, #9056 ) ;
#2608 = CARTESIAN_POINT ( 'NONE',  ( 0.3500000000000004774, 0.2000000000000000111, -2.000000000000000000 ) ) ;
#2609 = VECTOR ( 'NONE', #1159, 1000.000000000000000 ) ;
#2610 = MECHANICAL_DESIGN_GEOMETRIC_PRESENTATION_REPRESENTATION (  '', ( #1615 ), #8285 ) ;
#2611 = EDGE_CURVE ( 'NONE', #8199, #7420, #5787, .T. ) ;
#2612 = ORIENTED_EDGE ( 'NONE', *, *, #157, .F. ) ;
#2613 = CARTESIAN_POINT ( 'NONE',  ( -1.099999999999999867, 0.6472135954999583829, -0.8499999999999998668 ) ) ;
#2614 = CARTESIAN_POINT ( 'NONE',  ( 0.3500000000000004774, 0.000000000000000000, -2.000000000000000000 ) ) ;
#2615 = CARTESIAN_POINT ( 'NONE',  ( 0.3500000000000004774, 0.6472135954999580498, -1.600000000000000311 ) ) ;
#2616 = CARTESIAN_POINT ( 'NONE',  ( 1.099999999999999867, 0.1999999999999999833, 1.150000000000000133 ) ) ;
#2617 = AXIS2_PLACEMENT_3D ( 'NONE', #9574, #6666, #5255 ) ;
#2618 = SURFACE_STYLE_FILL_AREA ( #623 ) ;
#2619 = LINE ( 'NONE', #3139, #2568 ) ;
#2620 = PLANE ( 'NONE',  #4622 ) ;
#2621 = VECTOR ( 'NONE', #4940, 1000.000000000000000 ) ;
#2622 = VECTOR ( 'NONE', #7908, 1000.000000000000000 ) ;
#2623 = VERTEX_POINT ( 'NONE', #4595 ) ;
#2624 = EDGE_CURVE ( 'NONE', #792, #527, #9057, .T. ) ;
#2625 = AXIS2_PLACEMENT_3D ( 'NONE', #8585, #2662, #4978 ) ;
#2626 = DIRECTION ( 'NONE',  ( -1.445602896647339163E-16, -0.000000000000000000, -1.000000000000000000 ) ) ;
#2627 = EDGE_CURVE ( 'NONE', #7973, #1520, #6117, .T. ) ;
#2628 = VERTEX_POINT ( 'NONE', #4998 ) ;
#2629 = DIRECTION ( 'NONE',  ( 0.000000000000000000, 0.000000000000000000, 1.000000000000000000 ) ) ;
#2630 = DIRECTION ( 'NONE',  ( 1.000000000000000000, 0.000000000000000000, 1.084202172485504040E-15 ) ) ;
#2631 = LINE ( 'NONE', #4266, #9026 ) ;
#2632 = EDGE_CURVE ( 'NONE', #792, #9284, #5725, .T. ) ;
#2633 = CARTESIAN_POINT ( 'NONE',  ( 0.8500000000000009770, 0.6472135954999580498, 1.600000000000000311 ) ) ;
#2634 = ADVANCED_FACE ( 'NONE', ( #9120 ), #7534, .F. ) ;
#2635 = LINE ( 'NONE', #7920, #9147 ) ;
#2636 = CARTESIAN_POINT ( 'NONE',  ( -0.3499999999999996447, 0.000000000000000000, -1.600000000000000089 ) ) ;
#2637 = DIRECTION ( 'NONE',  ( -0.000000000000000000, -0.000000000000000000, 1.000000000000000000 ) ) ;
#2638 = VECTOR ( 'NONE', #4670, 1000.000000000000000 ) ;
#2639 = VERTEX_POINT ( 'NONE', #2616 ) ;
#2640 = DIRECTION ( 'NONE',  ( 1.000000000000000000, 0.000000000000000000, 5.421010862427523156E-16 ) ) ;
#2641 = CARTESIAN_POINT ( 'NONE',  ( 1.500000000000000000, 0.1999999999999999833, -1.149999999999999467 ) ) ;
#2642 = EDGE_CURVE ( 'NONE', #329, #4168, #2656, .T. ) ;
#2643 = ADVANCED_FACE ( 'NONE', ( #5813 ), #2679, .T. ) ;
#2644 = PRESENTATION_LAYER_ASSIGNMENT (  '', '', ( #6948 ) ) ;
#2645 = ORIENTED_EDGE ( 'NONE', *, *, #7621, .T. ) ;
#2646 = CARTESIAN_POINT ( 'NONE',  ( -1.500000000000000222, 0.1999999999999999833, 1.750000000000000000 ) ) ;
#2647 = EDGE_CURVE ( 'NONE', #3579, #2623, #8982, .T. ) ;
#2648 = LINE ( 'NONE', #2981, #5702 ) ;
#2649 = ADVANCED_FACE ( 'NONE', ( #5798 ), #1697, .T. ) ;
#2650 = CARTESIAN_POINT ( 'NONE',  ( 0.7500000000000000000, 0.2000000000000000944, -1.300000000000000266 ) ) ;
#2651 = LINE ( 'NONE', #4974, #5640 ) ;
#2652 = LINE ( 'NONE', #4739, #9016 ) ;
#2653 = EDGE_CURVE ( 'NONE', #7146, #4103, #8927, .T. ) ;
#2654 = VECTOR ( 'NONE', #6247, 1000.000000000000000 ) ;
#2655 = SURFACE_SIDE_STYLE ('',( #2459 ) ) ;
#2656 = LINE ( 'NONE', #3329, #2750 ) ;
#2657 = ORIENTED_EDGE ( 'NONE', *, *, #6308, .F. ) ;
#2658 = AXIS2_PLACEMENT_3D ( 'NONE', #1638, #2333, #3749 ) ;
#2659 = CARTESIAN_POINT ( 'NONE',  ( 0.1500000000000008271, 0.6472135954999580498, 1.600000000000000089 ) ) ;
#2660 = DIRECTION ( 'NONE',  ( 1.084202172485501673E-15, 0.000000000000000000, -1.000000000000000000 ) ) ;
#2661 = ORIENTED_EDGE ( 'NONE', *, *, #6819, .F. ) ;
#2662 = DIRECTION ( 'NONE',  ( 0.000000000000000000, 1.000000000000000000, 0.000000000000000000 ) ) ;
#2663 = VECTOR ( 'NONE', #7301, 1000.000000000000000 ) ;
#2664 = AXIS2_PLACEMENT_3D ( 'NONE', #7189, #632, #8732 ) ;
#2665 = LINE ( 'NONE', #6292, #9157 ) ;
#2666 = FACE_OUTER_BOUND ( 'NONE', #899, .T. ) ;
#2667 = CARTESIAN_POINT ( 'NONE',  ( -1.400000000000000133, 0.1999999999999999833, -1.750000000000000000 ) ) ;
#2668 = VECTOR ( 'NONE', #5396, 1000.000000000000000 ) ;
#2669 = EDGE_CURVE ( 'NONE', #4991, #335, #2890, .T. ) ;
#2670 = FACE_OUTER_BOUND ( 'NONE', #3337, .T. ) ;
#2671 = CARTESIAN_POINT ( 'NONE',  ( -1.500000000000000000, 0.000000000000000000, -0.6499999999999995781 ) ) ;
#2672 = DIRECTION ( 'NONE',  ( -5.782411586589359611E-15, 1.000000000000000000, 0.000000000000000000 ) ) ;
#2673 = ORIENTED_EDGE ( 'NONE', *, *, #6736, .T. ) ;
#2674 = AXIS2_PLACEMENT_3D ( 'NONE', #1797, #6772, #3226 ) ;
#2675 = ORIENTED_EDGE ( 'NONE', *, *, #2049, .T. ) ;
#2676 = CARTESIAN_POINT ( 'NONE',  ( -1.099999999999999867, 0.6472135954999583829, 1.150000000000000133 ) ) ;
#2677 = DIRECTION ( 'NONE',  ( 1.000000000000000000, 0.000000000000000000, 5.421010862427523156E-16 ) ) ;
#2678 = LINE ( 'NONE', #4440, #5806 ) ;
#2679 = PLANE ( 'NONE',  #366 ) ;
#2680 = LINE ( 'NONE', #5897, #9237 ) ;
#2681 = LINE ( 'NONE', #2091, #2714 ) ;
#2682 = LINE ( 'NONE', #6120, #2668 ) ;
#2683 = AXIS2_PLACEMENT_3D ( 'NONE', #1198, #4057, #7130 ) ;
#2684 = DIRECTION ( 'NONE',  ( -0.000000000000000000, -0.000000000000000000, 1.000000000000000000 ) ) ;
#2685 = LINE ( 'NONE', #2194, #9070 ) ;
#2686 = VECTOR ( 'NONE', #8418, 1000.000000000000000 ) ;
#2687 = ORIENTED_EDGE ( 'NONE', *, *, #7984, .F. ) ;
#2688 = PLANE ( 'NONE',  #2746 ) ;
#2689 = CARTESIAN_POINT ( 'NONE',  ( 1.399999999999999689, 0.1250000000000000000, -1.600000000000000089 ) ) ;
#2690 =( NAMED_UNIT ( * ) PLANE_ANGLE_UNIT ( ) SI_UNIT ( $, .RADIAN. ) );
#2691 = ORIENTED_EDGE ( 'NONE', *, *, #6786, .F. ) ;
#2692 = DIRECTION ( 'NONE',  ( -5.421010862427520198E-16, 0.000000000000000000, -1.000000000000000000 ) ) ;
#2693 = LINE ( 'NONE', #5336, #9085 ) ;
#2694 = CARTESIAN_POINT ( 'NONE',  ( 1.499999999999999778, 0.04999999999999969746, 0.6500000000000000222 ) ) ;
#2695 = DIRECTION ( 'NONE',  ( 0.000000000000000000, -1.000000000000000000, 0.000000000000000000 ) ) ;
#2696 = VECTOR ( 'NONE', #8798, 1000.000000000000000 ) ;
#2697 = CARTESIAN_POINT ( 'NONE',  ( -1.232294901687515987, 0.1999999999999999833, 1.750000000000000000 ) ) ;
#2698 = LINE ( 'NONE', #1372, #9089 ) ;
#2699 = PLANE ( 'NONE',  #5107 ) ;
#2700 = CARTESIAN_POINT ( 'NONE',  ( 0.8500000000000010880, 0.04999999999999969746, 2.000000000000000000 ) ) ;
#2701 = LINE ( 'NONE', #6166, #3064 ) ;
#2702 = EDGE_LOOP ( 'NONE', ( #5280, #9049, #9044, #7857 ) ) ;
#2703 = VERTEX_POINT ( 'NONE', #7745 ) ;
#2704 = CARTESIAN_POINT ( 'NONE',  ( 1.099999999999999867, 0.6472135954999583829, 0.3500000000000002554 ) ) ;
#2705 = CARTESIAN_POINT ( 'NONE',  ( 1.499999999999999778, 0.05000000000000000278, 2.000000000000000000 ) ) ;
#2706 = ORIENTED_EDGE ( 'NONE', *, *, #8383, .T. ) ;
#2707 = ADVANCED_FACE ( 'NONE', ( #6097 ), #6105, .F. ) ;
#2708 = EDGE_CURVE ( 'NONE', #4335, #4465, #2701, .T. ) ;
#2709 = CARTESIAN_POINT ( 'NONE',  ( -0.6499999999999990230, 0.000000000000000000, 2.000000000000000000 ) ) ;
#2710 = DIRECTION ( 'NONE',  ( 0.000000000000000000, -1.000000000000000000, -0.000000000000000000 ) ) ;
#2711 = VECTOR ( 'NONE', #1580, 1000.000000000000000 ) ;
#2712 = FACE_OUTER_BOUND ( 'NONE', #1822, .T. ) ;
#2713 = DIRECTION ( 'NONE',  ( -2.710505431213761578E-16, 0.000000000000000000, -1.000000000000000000 ) ) ;
#2714 = VECTOR ( 'NONE', #3637, 1000.000000000000000 ) ;
#2715 = VECTOR ( 'NONE', #3053, 1000.000000000000000 ) ;
#2716 = FACE_OUTER_BOUND ( 'NONE', #2541, .T. ) ;
#2717 =( LENGTH_UNIT ( ) NAMED_UNIT ( * ) SI_UNIT ( .MILLI., .METRE. ) );
#2718 = LINE ( 'NONE', #6967, #2609 ) ;
#2719 = ORIENTED_EDGE ( 'NONE', *, *, #8332, .T. ) ;
#2720 = ORIENTED_EDGE ( 'NONE', *, *, #5983, .T. ) ;
#2721 = AXIS2_PLACEMENT_3D ( 'NONE', #4980, #4466, #7547 ) ;
#2722 = DIRECTION ( 'NONE',  ( 1.000000000000000000, -0.000000000000000000, 0.000000000000000000 ) ) ;
#2723 = SURFACE_SIDE_STYLE ('',( #4329 ) ) ;
#2724 = ADVANCED_FACE ( 'NONE', ( #9404 ), #1642, .F. ) ;
#2725 = ORIENTED_EDGE ( 'NONE', *, *, #979, .F. ) ;
#2726 = CARTESIAN_POINT ( 'NONE',  ( 0.1500000000000008271, 0.04999999999999999584, 1.600000000000000089 ) ) ;
#2727 = EDGE_CURVE ( 'NONE', #2767, #4755, #6302, .T. ) ;
#2728 = CARTESIAN_POINT ( 'NONE',  ( -1.232294901687515987, 0.1250000000000000000, -1.750000000000000000 ) ) ;
#2729 = AXIS2_PLACEMENT_3D ( 'NONE', #3078, #6513, #8967 ) ;
#2730 = EDGE_CURVE ( 'NONE', #4384, #3311, #3100, .T. ) ;
#2731 = VECTOR ( 'NONE', #8214, 1000.000000000000000 ) ;
#2732 = PLANE ( 'NONE',  #9164 ) ;
#2733 = FACE_OUTER_BOUND ( 'NONE', #5603, .T. ) ;
#2734 = LINE ( 'NONE', #7701, #9043 ) ;
#2735 = PLANE ( 'NONE',  #7324 ) ;
#2736 = CARTESIAN_POINT ( 'NONE',  ( -1.499999999999999778, 0.1999999999999999833, 1.149999999999999911 ) ) ;
#2737 = LINE ( 'NONE', #2421, #5859 ) ;
#2738 = ORIENTED_EDGE ( 'NONE', *, *, #8831, .T. ) ;
#2739 = EDGE_LOOP ( 'NONE', ( #9168, #5612, #2936, #8209 ) ) ;
#2740 =( NAMED_UNIT ( * ) PLANE_ANGLE_UNIT ( ) SI_UNIT ( $, .RADIAN. ) );
#2741 = ORIENTED_EDGE ( 'NONE', *, *, #7621, .F. ) ;
#2742 = DIRECTION ( 'NONE',  ( -5.421010862427522170E-17, -0.000000000000000000, 1.000000000000000000 ) ) ;
#2743 = CARTESIAN_POINT ( 'NONE',  ( -0.3499999999999996447, 0.000000000000000000, -1.600000000000000089 ) ) ;
#2744 = EDGE_CURVE ( 'NONE', #2515, #1065, #9355, .T. ) ;
#2745 = SURFACE_STYLE_FILL_AREA ( #5588 ) ;
#2746 = AXIS2_PLACEMENT_3D ( 'NONE', #5002, #1188, #5832 ) ;
#2747 = PRESENTATION_STYLE_ASSIGNMENT (( #1968 ) ) ;
#2748 = DIRECTION ( 'NONE',  ( 1.000000000000000000, 0.000000000000000000, 0.000000000000000000 ) ) ;
#2749 = EDGE_CURVE ( 'NONE', #2168, #8640, #6284, .T. ) ;
#2750 = VECTOR ( 'NONE', #1942, 1000.000000000000000 ) ;
#2751 = VERTEX_POINT ( 'NONE', #5504 ) ;
#2752 = DIRECTION ( 'NONE',  ( 1.000000000000000000, 0.000000000000000000, -5.421010862427520198E-16 ) ) ;
#2753 = ORIENTED_EDGE ( 'NONE', *, *, #1647, .T. ) ;
#2754 = CARTESIAN_POINT ( 'NONE',  ( -1.166666666666666741, 0.8000000000000000444, -1.666666666666666519 ) ) ;
#2755 = EDGE_CURVE ( 'NONE', #3278, #4426, #1, .T. ) ;
#2756 = DIRECTION ( 'NONE',  ( -5.421010862427523156E-16, 0.000000000000000000, 1.000000000000000000 ) ) ;
#2757 = ORIENTED_EDGE ( 'NONE', *, *, #8430, .F. ) ;
#2758 = CARTESIAN_POINT ( 'NONE',  ( 1.099999999999999867, 0.1999999999999999833, 0.1500000000000001887 ) ) ;
#2759 = CARTESIAN_POINT ( 'NONE',  ( 1.099999999999999867, 0.6472135954999583829, -0.6499999999999998002 ) ) ;
#2760 = COLOUR_RGB ( '',1.000000000000000000, 0.5019607843137254832, 0.5019607843137254832 ) ;
#2761 = VECTOR ( 'NONE', #1703, 1000.000000000000000 ) ;
#2762 = EDGE_CURVE ( 'NONE', #573, #938, #6231, .T. ) ;
#2763 = VECTOR ( 'NONE', #3335, 1000.000000000000000 ) ;
#2764 = CARTESIAN_POINT ( 'NONE',  ( 0.7500000000000000000, 0.2000000000000000944, 1.299999999999999822 ) ) ;
#2765 = VERTEX_POINT ( 'NONE', #9020 ) ;
#2766 = STYLED_ITEM ( 'NONE', ( #6459 ), #7475 ) ;
#2767 = VERTEX_POINT ( 'NONE', #9076 ) ;
#2768 = DIRECTION ( 'NONE',  ( 0.000000000000000000, -1.000000000000000000, 0.000000000000000000 ) ) ;
#2769 = DIRECTION ( 'NONE',  ( 0.000000000000000000, -0.000000000000000000, 1.000000000000000000 ) ) ;
#2770 = EDGE_CURVE ( 'NONE', #5544, #509, #9422, .T. ) ;
#2771 = FILL_AREA_STYLE ('',( #2025 ) ) ;
#2772 = ORIENTED_EDGE ( 'NONE', *, *, #6416, .F. ) ;
#2773 = PLANE ( 'NONE',  #4577 ) ;
#2774 = PLANE ( 'NONE',  #6724 ) ;
#2775 = AXIS2_PLACEMENT_3D ( 'NONE', #7765, #8488, #9208 ) ;
#2776 = DIRECTION ( 'NONE',  ( 1.000000000000000000, 0.000000000000000000, 0.000000000000000000 ) ) ;
#2777 = LINE ( 'NONE', #8291, #9055 ) ;
#2778 = SURFACE_STYLE_FILL_AREA ( #6310 ) ;
#2779 = ADVANCED_FACE ( 'NONE', ( #9515 ), #4722, .F. ) ;
#2780 = CARTESIAN_POINT ( 'NONE',  ( -1.400000000000000133, 0.1999999999999999833, -1.750000000000000000 ) ) ;
#2781 = EDGE_LOOP ( 'NONE', ( #7594, #825, #922, #6860 ) ) ;
#2782 = VERTEX_POINT ( 'NONE', #194 ) ;
#2783 = DIRECTION ( 'NONE',  ( 0.000000000000000000, 0.000000000000000000, -1.000000000000000000 ) ) ;
#2784 =( GEOMETRIC_REPRESENTATION_CONTEXT ( 3 ) GLOBAL_UNCERTAINTY_ASSIGNED_CONTEXT ( ( #7940 ) ) GLOBAL_UNIT_ASSIGNED_CONTEXT ( ( #8459, #7647, #9171 ) ) REPRESENTATION_CONTEXT ( 'NONE', 'WORKASPACE' ) );
#2785 = CARTESIAN_POINT ( 'NONE',  ( -0.6499999999999991340, 0.6472135954999580498, 1.600000000000000311 ) ) ;
#2786 = EDGE_LOOP ( 'NONE', ( #6442, #7712, #7930, #7732 ) ) ;
#2787 = DIRECTION ( 'NONE',  ( -1.000000000000000000, 0.000000000000000000, -0.000000000000000000 ) ) ;
#2788 = LINE ( 'NONE', #6624, #6000 ) ;
#2789 = PLANE ( 'NONE',  #1334 ) ;
#2790 = LINE ( 'NONE', #7278, #2532 ) ;
#2791 =( NAMED_UNIT ( * ) SI_UNIT ( $, .STERADIAN. ) SOLID_ANGLE_UNIT ( ) );
#2792 = DIRECTION ( 'NONE',  ( 0.000000000000000000, -0.000000000000000000, 1.000000000000000000 ) ) ;
#2793 = VERTEX_POINT ( 'NONE', #3248 ) ;
#2794 = EDGE_LOOP ( 'NONE', ( #905, #7201, #1438, #4551 ) ) ;
#2795 = ADVANCED_FACE ( 'NONE', ( #2995 ), #3475, .F. ) ;
#2796 = DIRECTION ( 'NONE',  ( -1.000000000000000000, 0.000000000000000000, -1.445602896647339163E-16 ) ) ;
#2797 = ORIENTED_EDGE ( 'NONE', *, *, #2156, .T. ) ;
#2798 = CARTESIAN_POINT ( 'NONE',  ( -0.6499999999999995781, 0.000000000000000000, -2.000000000000000000 ) ) ;
#2799 = ADVANCED_FACE ( 'NONE', ( #6160 ), #8030, .T. ) ;
#2800 = FACE_OUTER_BOUND ( 'NONE', #805, .T. ) ;
#2801 = FACE_OUTER_BOUND ( 'NONE', #523, .T. ) ;
#2802 = DIRECTION ( 'NONE',  ( 0.000000000000000000, -1.000000000000000000, 0.000000000000000000 ) ) ;
#2803 = FILL_AREA_STYLE ('',( #3494 ) ) ;
#2804 = LINE ( 'NONE', #7065, #5775 ) ;
#2805 = EDGE_LOOP ( 'NONE', ( #9390, #9136, #6185, #5460 ) ) ;
#2806 = CARTESIAN_POINT ( 'NONE',  ( -0.6499999999999991340, 0.2000000000000000111, 1.600000000000000311 ) ) ;
#2807 = ORIENTED_EDGE ( 'NONE', *, *, #6353, .F. ) ;
#2808 = CARTESIAN_POINT ( 'NONE',  ( -1.250000000000000222, 0.1999999999999999833, -2.000000000000000000 ) ) ;
#2809 =( NAMED_UNIT ( * ) SI_UNIT ( $, .STERADIAN. ) SOLID_ANGLE_UNIT ( ) );
#2810 = EDGE_LOOP ( 'NONE', ( #9292, #5555, #1904, #5282 ) ) ;
#2811 = PLANE ( 'NONE',  #4747 ) ;
#2812 = DIRECTION ( 'NONE',  ( 0.000000000000000000, 0.000000000000000000, -1.000000000000000000 ) ) ;
#2813 = CARTESIAN_POINT ( 'NONE',  ( -1.099999999999999867, 0.6472135954999583829, -0.6499999999999998002 ) ) ;
#2814 = VECTOR ( 'NONE', #5054, 1000.000000000000000 ) ;
#2815 =( NAMED_UNIT ( * ) PLANE_ANGLE_UNIT ( ) SI_UNIT ( $, .RADIAN. ) );
#2816 = FACE_OUTER_BOUND ( 'NONE', #5480, .T. ) ;
#2817 = VECTOR ( 'NONE', #358, 1000.000000000000000 ) ;
#2819 = EDGE_CURVE ( 'NONE', #768, #3784, #9368, .T. ) ;
#2818 =( LENGTH_UNIT ( ) NAMED_UNIT ( * ) SI_UNIT ( .MILLI., .METRE. ) );
#2820 = PLANE ( 'NONE',  #9430 ) ;
#2821 = EDGE_LOOP ( 'NONE', ( #7790, #4820 ) ) ;
#2822 = ORIENTED_EDGE ( 'NONE', *, *, #5979, .T. ) ;
#2823 = CARTESIAN_POINT ( 'NONE',  ( 1.099999999999999423, 0.2000000000000013989, 2.000000000000000000 ) ) ;
#2824 = PLANE ( 'NONE',  #3382 ) ;
#2825 = SURFACE_STYLE_USAGE ( .BOTH. , #5022 ) ;
#2826 = ORIENTED_EDGE ( 'NONE', *, *, #8866, .T. ) ;
#2827 = CARTESIAN_POINT ( 'NONE',  ( -0.1499999999999995226, 0.2000000000000000111, -1.600000000000000311 ) ) ;
#2828 = DIRECTION ( 'NONE',  ( 1.000000000000000000, 0.000000000000000000, -5.421010862427520198E-16 ) ) ;
#2829 = DIRECTION ( 'NONE',  ( 0.000000000000000000, 0.000000000000000000, 1.000000000000000000 ) ) ;
#2830 = PLANE ( 'NONE',  #131 ) ;
#2831 = MECHANICAL_DESIGN_GEOMETRIC_PRESENTATION_REPRESENTATION (  '', ( #5496 ), #2134 ) ;
#2832 = SURFACE_STYLE_FILL_AREA ( #6885 ) ;
#2833 = DIRECTION ( 'NONE',  ( 0.000000000000000000, 0.000000000000000000, 1.000000000000000000 ) ) ;
#2834 = VECTOR ( 'NONE', #2457, 1000.000000000000000 ) ;
#2835 = DIRECTION ( 'NONE',  ( 5.782411586589358822E-15, -1.000000000000000000, 0.000000000000000000 ) ) ;
#2836 = ORIENTED_EDGE ( 'NONE', *, *, #1099, .F. ) ;
#2837 = VERTEX_POINT ( 'NONE', #5762 ) ;
#2838 = EDGE_CURVE ( 'NONE', #6213, #2604, #3019, .T. ) ;
#2839 = CARTESIAN_POINT ( 'NONE',  ( -0.1499999999999995226, 0.000000000000000000, -1.600000000000000311 ) ) ;
#2840 =( GEOMETRIC_REPRESENTATION_CONTEXT ( 3 ) GLOBAL_UNCERTAINTY_ASSIGNED_CONTEXT ( ( #3757 ) ) GLOBAL_UNIT_ASSIGNED_CONTEXT ( ( #9256, #8595, #6121 ) ) REPRESENTATION_CONTEXT ( 'NONE', 'WORKASPACE' ) );
#2841 = CARTESIAN_POINT ( 'NONE',  ( 1.499999999999999778, 0.1999999999999999833, -1.600000000000000089 ) ) ;
#2842 = EDGE_CURVE ( 'NONE', #4161, #6426, #6335, .T. ) ;
#2843 = ORIENTED_EDGE ( 'NONE', *, *, #6128, .T. ) ;
#2844 = DIRECTION ( 'NONE',  ( -5.421010862427522170E-17, -0.000000000000000000, 1.000000000000000000 ) ) ;
#2845 = EDGE_CURVE ( 'NONE', #9231, #7788, #3204, .T. ) ;
#2846 = VECTOR ( 'NONE', #2894, 1000.000000000000000 ) ;
#2847 = SURFACE_STYLE_FILL_AREA ( #8537 ) ;
#2848 = VECTOR ( 'NONE', #1688, 1000.000000000000000 ) ;
#2849 = DIRECTION ( 'NONE',  ( 0.000000000000000000, 0.000000000000000000, 1.000000000000000000 ) ) ;
#2850 = DIRECTION ( 'NONE',  ( 1.000000000000000000, 0.000000000000000000, -5.421010862427520198E-16 ) ) ;
#2851 = ADVANCED_FACE ( 'NONE', ( #3128 ), #1882, .T. ) ;
#2852 = ORIENTED_EDGE ( 'NONE', *, *, #8984, .F. ) ;
#2853 = CLOSED_SHELL ( 'NONE', ( #5657, #8160, #9321, #4964, #9554, #2233 ) ) ;
#2854 = EDGE_CURVE ( 'NONE', #4955, #1646, #6216, .T. ) ;
#2855 = AXIS2_PLACEMENT_3D ( 'NONE', #4958, #9232, #2829 ) ;
#2856 = DIRECTION ( 'NONE',  ( -1.000000000000000000, -1.084202172485504828E-15, 0.000000000000000000 ) ) ;
#2857 = CLOSED_SHELL ( 'NONE', ( #8583, #7295, #4141, #702, #3445, #6109 ) ) ;
#2858 = DIRECTION ( 'NONE',  ( 0.000000000000000000, -0.000000000000000000, 1.000000000000000000 ) ) ;
#2859 = EDGE_CURVE ( 'NONE', #3293, #6545, #9329, .T. ) ;
#2860 = DIRECTION ( 'NONE',  ( 2.710505431213763550E-16, 0.000000000000000000, 1.000000000000000000 ) ) ;
#2861 = EDGE_CURVE ( 'NONE', #3593, #1834, #6348, .T. ) ;
#2862 = SHAPE_DEFINITION_REPRESENTATION ( #4578, #854 ) ;
#2863 = EDGE_CURVE ( 'NONE', #5493, #4024, #6425, .T. ) ;
#2864 = ADVANCED_FACE ( 'NONE', ( #6439 ), #433, .F. ) ;
#2865 = DIRECTION ( 'NONE',  ( -1.000000000000000000, 0.000000000000000000, -5.421010862427520198E-16 ) ) ;
#2866 = EDGE_CURVE ( 'NONE', #4666, #258, #6377, .T. ) ;
#2867 = CARTESIAN_POINT ( 'NONE',  ( -1.099999999999999867, 0.000000000000000000, -0.6499999999999998002 ) ) ;
#2868 = LINE ( 'NONE', #9061, #6129 ) ;
#2869 = ORIENTED_EDGE ( 'NONE', *, *, #1861, .F. ) ;
#2870 = DIRECTION ( 'NONE',  ( -1.000000000000000000, -0.000000000000000000, -0.000000000000000000 ) ) ;
#2871 = PRESENTATION_LAYER_ASSIGNMENT (  '', '', ( #6739 ) ) ;
#2872 = EDGE_LOOP ( 'NONE', ( #3011, #2341, #6411, #8758 ) ) ;
#2873 = MANIFOLD_SOLID_BREP ( 'LPattern4[6]', #5349 ) ;
#2874 = DIRECTION ( 'NONE',  ( -1.000000000000000000, 0.000000000000000000, -5.421010862427523156E-16 ) ) ;
#2875 = CARTESIAN_POINT ( 'NONE',  ( 1.249999999999999334, 0.1250000000000013600, -1.899999999999999911 ) ) ;
#2876 = ORIENTED_EDGE ( 'NONE', *, *, #6974, .F. ) ;
#2877 = CARTESIAN_POINT ( 'NONE',  ( -0.6499999999999991340, 0.2000000000000000111, 1.600000000000000311 ) ) ;
#2878 = DIRECTION ( 'NONE',  ( -1.000000000000000000, 0.000000000000000000, 0.000000000000000000 ) ) ;
#2879 = DIRECTION ( 'NONE',  ( 1.000000000000000000, -0.000000000000000000, -0.000000000000000000 ) ) ;
#2880 = LINE ( 'NONE', #9532, #9173 ) ;
#2881 = FACE_OUTER_BOUND ( 'NONE', #7118, .T. ) ;
#2882 = EDGE_CURVE ( 'NONE', #4955, #3675, #3487, .T. ) ;
#2883 = VECTOR ( 'NONE', #4012, 1000.000000000000000 ) ;
#2884 = CARTESIAN_POINT ( 'NONE',  ( -1.099999999999999867, 0.6472135954999583829, 1.350000000000000311 ) ) ;
#2885 = DIRECTION ( 'NONE',  ( -1.000000000000000000, 0.000000000000000000, 0.000000000000000000 ) ) ;
#2886 = ORIENTED_EDGE ( 'NONE', *, *, #4778, .T. ) ;
#2887 = ORIENTED_EDGE ( 'NONE', *, *, #8513, .T. ) ;
#2888 = CARTESIAN_POINT ( 'NONE',  ( 7.318364664277149999E-16, 0.05000000000000000278, 1.349999999999999645 ) ) ;
#2889 = MECHANICAL_DESIGN_GEOMETRIC_PRESENTATION_REPRESENTATION (  '', ( #1146 ), #8546 ) ;
#2890 = LINE ( 'NONE', #8954, #2686 ) ;
#2891 = DIRECTION ( 'NONE',  ( 0.000000000000000000, -1.000000000000000000, 0.000000000000000000 ) ) ;
#2892 = ORIENTED_EDGE ( 'NONE', *, *, #4502, .F. ) ;
#2893 = CARTESIAN_POINT ( 'NONE',  ( -1.099999999999999867, 0.000000000000000000, 0.6500000000000001332 ) ) ;
#2894 = DIRECTION ( 'NONE',  ( -0.000000000000000000, -1.000000000000000000, -0.000000000000000000 ) ) ;
#2895 = DIRECTION ( 'NONE',  ( 0.000000000000000000, -1.000000000000000000, 0.000000000000000000 ) ) ;
#2896 = DIRECTION ( 'NONE',  ( -1.084202172485504040E-15, 0.000000000000000000, 1.000000000000000000 ) ) ;
#2897 = DIRECTION ( 'NONE',  ( 1.000000000000000000, 0.000000000000000000, -2.710505431213761578E-16 ) ) ;
#2898 = LINE ( 'NONE', #7568, #2988 ) ;
#2899 =( LENGTH_UNIT ( ) NAMED_UNIT ( * ) SI_UNIT ( .MILLI., .METRE. ) );
#2900 = FACE_OUTER_BOUND ( 'NONE', #8557, .T. ) ;
#2901 = FACE_OUTER_BOUND ( 'NONE', #2975, .T. ) ;
#2902 = STYLED_ITEM ( 'NONE', ( #7162 ), #8035 ) ;
#2903 = LINE ( 'NONE', #7361, #6155 ) ;
#2904 = CARTESIAN_POINT ( 'NONE',  ( 1.499999999999999778, 0.05000000000000000278, 2.000000000000000000 ) ) ;
#2905 = ORIENTED_EDGE ( 'NONE', *, *, #5817, .F. ) ;
#2906 = ORIENTED_EDGE ( 'NONE', *, *, #260, .T. ) ;
#2907 = DIRECTION ( 'NONE',  ( 0.000000000000000000, 0.000000000000000000, -1.000000000000000000 ) ) ;
#2908 = CARTESIAN_POINT ( 'NONE',  ( -0.8499999999999996447, 0.2000000000000000111, -2.000000000000000000 ) ) ;
#2909 = VECTOR ( 'NONE', #7672, 1000.000000000000000 ) ;
#2910 = DIRECTION ( 'NONE',  ( -0.000000000000000000, -0.000000000000000000, 1.000000000000000000 ) ) ;
#2911 = VERTEX_POINT ( 'NONE', #9244 ) ;
#2912 = PRESENTATION_STYLE_ASSIGNMENT (( #6713 ) ) ;
#2913 = VECTOR ( 'NONE', #9351, 1000.000000000000000 ) ;
#2914 = VECTOR ( 'NONE', #2173, 1000.000000000000000 ) ;
#2915 = CARTESIAN_POINT ( 'NONE',  ( 1.499999999999999778, 0.000000000000000000, 0.6500000000000000222 ) ) ;
#2916 = CLOSED_SHELL ( 'NONE', ( #2009, #190, #6540, #6630 ) ) ;
#2917 = VERTEX_POINT ( 'NONE', #1165 ) ;
#2918 = SURFACE_STYLE_FILL_AREA ( #6044 ) ;
#2919 = EDGE_CURVE ( 'NONE', #4630, #3067, #3548, .T. ) ;
#2920 = ORIENTED_EDGE ( 'NONE', *, *, #369, .T. ) ;
#2921 = CARTESIAN_POINT ( 'NONE',  ( -1.166666666666666741, 0.6999999999999999556, -1.666666666666666519 ) ) ;
#2922 = CARTESIAN_POINT ( 'NONE',  ( 1.099999999999999867, 0.1999999999999999833, -1.149999999999999689 ) ) ;
#2923 = CARTESIAN_POINT ( 'NONE',  ( -1.099999999999999867, 0.6472135954999583829, 1.350000000000000311 ) ) ;
#2924 = FACE_BOUND ( 'NONE', #3783, .T. ) ;
#2925 = DIRECTION ( 'NONE',  ( 5.421010862427520198E-16, 0.000000000000000000, -1.000000000000000000 ) ) ;
#2926 = DIRECTION ( 'NONE',  ( 5.782411586589358822E-15, -1.000000000000000000, 0.000000000000000000 ) ) ;
#2927 = LINE ( 'NONE', #7659, #9362 ) ;
#2928 = ADVANCED_FACE ( 'NONE', ( #3345 ), #2295, .F. ) ;
#2929 = EDGE_LOOP ( 'NONE', ( #1530, #1458, #7582, #5187 ) ) ;
#2930 = DIRECTION ( 'NONE',  ( 0.000000000000000000, 1.000000000000000000, 0.000000000000000000 ) ) ;
#2931 = EDGE_LOOP ( 'NONE', ( #8973, #7241, #8047, #7856 ) ) ;
#2932 = CARTESIAN_POINT ( 'NONE',  ( -1.099999999999999867, 0.6472135954999583829, 0.8500000000000003109 ) ) ;
#2933 = CARTESIAN_POINT ( 'NONE',  ( 1.499999999999999778, 0.000000000000000000, 0.000000000000000000 ) ) ;
#2934 = LINE ( 'NONE', #5484, #6133 ) ;
#2935 = DIRECTION ( 'NONE',  ( 1.000000000000000000, 0.000000000000000000, -5.421010862427523156E-16 ) ) ;
#2936 = ORIENTED_EDGE ( 'NONE', *, *, #409, .T. ) ;
#2937 = ADVANCED_FACE ( 'NONE', ( #3336 ), #1782, .F. ) ;
#2938 = FILL_AREA_STYLE_COLOUR ( '', #9323 ) ;
#2939 = EDGE_CURVE ( 'NONE', #6543, #8022, #6544, .T. ) ;
#2940 = CARTESIAN_POINT ( 'NONE',  ( 1.499999999999999778, 0.000000000000000000, 1.149999999999999911 ) ) ;
#2941 = DIRECTION ( 'NONE',  ( 0.000000000000000000, 0.000000000000000000, 1.000000000000000000 ) ) ;
#2942 = MANIFOLD_SOLID_BREP ( 'LPattern4[3]', #292 ) ;
#2943 = DIRECTION ( 'NONE',  ( 2.710505431213761578E-16, 0.000000000000000000, 1.000000000000000000 ) ) ;
#2944 = FILL_AREA_STYLE ('',( #6376 ) ) ;
#2945 = CARTESIAN_POINT ( 'NONE',  ( 1.249999999999999334, 0.2000000000000013434, 1.899999999999999911 ) ) ;
#2946 = VERTEX_POINT ( 'NONE', #3091 ) ;
#2947 = ORIENTED_EDGE ( 'NONE', *, *, #2170, .F. ) ;
#2948 = DIRECTION ( 'NONE',  ( -0.000000000000000000, 1.000000000000000000, -0.000000000000000000 ) ) ;
#2949 = STYLED_ITEM ( 'NONE', ( #9145 ), #4841 ) ;
#2950 = VECTOR ( 'NONE', #49, 1000.000000000000000 ) ;
#2951 = VERTEX_POINT ( 'NONE', #4678 ) ;
#2952 = DIRECTION ( 'NONE',  ( -0.000000000000000000, 0.000000000000000000, 1.000000000000000000 ) ) ;
#2953 = CARTESIAN_POINT ( 'NONE',  ( -4.607859233063389900E-16, 0.05000000000000000278, -0.8499999999999992006 ) ) ;
#2954 = CARTESIAN_POINT ( 'NONE',  ( -1.099999999999999867, 0.1999999999999999833, -0.3499999999999998113 ) ) ;
#2955 =( NAMED_UNIT ( * ) PLANE_ANGLE_UNIT ( ) SI_UNIT ( $, .RADIAN. ) );
#2956 = CARTESIAN_POINT ( 'NONE',  ( 0.6500000000000007994, 0.2000000000000000111, 1.600000000000000089 ) ) ;
#2957 = EDGE_CURVE ( 'NONE', #2980, #7234, #228, .T. ) ;
#2958 = PRESENTATION_LAYER_ASSIGNMENT (  '', '', ( #8305 ) ) ;
#2959 =( NAMED_UNIT ( * ) PLANE_ANGLE_UNIT ( ) SI_UNIT ( $, .RADIAN. ) );
#2960 = EDGE_CURVE ( 'NONE', #5593, #4645, #3537, .T. ) ;
#2961 = FACE_OUTER_BOUND ( 'NONE', #8674, .T. ) ;
#2962 = EDGE_CURVE ( 'NONE', #4226, #4573, #183, .T. ) ;
#2963 = DIRECTION ( 'NONE',  ( -1.445602896647339163E-16, 0.000000000000000000, -1.000000000000000000 ) ) ;
#2964 = ORIENTED_EDGE ( 'NONE', *, *, #7185, .F. ) ;
#2965 = EDGE_LOOP ( 'NONE', ( #345, #6269, #153, #182 ) ) ;
#2966 = CARTESIAN_POINT ( 'NONE',  ( -1.099999999999999867, 0.1250000000000000000, 1.899999999999999911 ) ) ;
#2967 = CARTESIAN_POINT ( 'NONE',  ( -1.500000000000000000, 0.1999999999999999833, -0.1499999999999995226 ) ) ;
#2968 = CARTESIAN_POINT ( 'NONE',  ( 1.500000000000000000, 0.1999999999999999833, -1.149999999999999467 ) ) ;
#2969 = ORIENTED_EDGE ( 'NONE', *, *, #251, .F. ) ;
#2970 = ORIENTED_EDGE ( 'NONE', *, *, #3628, .F. ) ;
#2971 = EDGE_CURVE ( 'NONE', #3501, #6705, #6659, .T. ) ;
#2972 = AXIS2_PLACEMENT_3D ( 'NONE', #4823, #220, #8500 ) ;
#2973 = DIRECTION ( 'NONE',  ( 0.000000000000000000, -1.000000000000000000, 0.000000000000000000 ) ) ;
#2974 = PLANE ( 'NONE',  #2721 ) ;
#2975 = EDGE_LOOP ( 'NONE', ( #1544, #7319, #8329, #4204 ) ) ;
#2976 = AXIS2_PLACEMENT_3D ( 'NONE', #1920, #4913, #2660 ) ;
#2977 = VERTEX_POINT ( 'NONE', #3707 ) ;
#2978 = VECTOR ( 'NONE', #6971, 1000.000000000000000 ) ;
#2979 = EDGE_CURVE ( 'NONE', #671, #5520, #289, .T. ) ;
#2980 = VERTEX_POINT ( 'NONE', #2432 ) ;
#2981 = CARTESIAN_POINT ( 'NONE',  ( 1.099999999999999867, 0.05000000000000000278, 0.000000000000000000 ) ) ;
#2982 = ORIENTED_EDGE ( 'NONE', *, *, #2192, .F. ) ;
#2983 = PLANE ( 'NONE',  #8083 ) ;
#2984 = EDGE_CURVE ( 'NONE', #3662, #7234, #96, .T. ) ;
#2985 = CARTESIAN_POINT ( 'NONE',  ( 1.500000000000000000, 0.1999999999999999833, 0.3500000000000004774 ) ) ;
#2986 = AXIS2_PLACEMENT_3D ( 'NONE', #1135, #3931, #3228 ) ;
#2987 = DIRECTION ( 'NONE',  ( -1.000000000000000000, 0.000000000000000000, -0.000000000000000000 ) ) ;
#2988 = VECTOR ( 'NONE', #112, 1000.000000000000000 ) ;
#2989 = VECTOR ( 'NONE', #5920, 1000.000000000000000 ) ;
#2990 = PLANE ( 'NONE',  #4521 ) ;
#2991 = DIRECTION ( 'NONE',  ( -1.000000000000000000, -0.000000000000000000, 5.421010862427523156E-16 ) ) ;
#2992 = ORIENTED_EDGE ( 'NONE', *, *, #1928, .F. ) ;
#2993 = EDGE_LOOP ( 'NONE', ( #4409, #1597, #1212, #7335 ) ) ;
#2994 = DIRECTION ( 'NONE',  ( 0.000000000000000000, -1.000000000000000000, 0.000000000000000000 ) ) ;
#2995 = FACE_OUTER_BOUND ( 'NONE', #9151, .T. ) ;
#2996 =( LENGTH_UNIT ( ) NAMED_UNIT ( * ) SI_UNIT ( .MILLI., .METRE. ) );
#2997 = PLANE ( 'NONE',  #3512 ) ;
#2998 = ORIENTED_EDGE ( 'NONE', *, *, #3411, .F. ) ;
#2999 = EDGE_CURVE ( 'NONE', #4645, #7657, #360, .T. ) ;
#3000 = CARTESIAN_POINT ( 'NONE',  ( 1.099999999999999867, 0.1250000000000011935, 1.899999999999999911 ) ) ;
#3001 = CARTESIAN_POINT ( 'NONE',  ( 1.249999999999999334, 0.2000000000000013434, 1.899999999999999911 ) ) ;
#3002 = CARTESIAN_POINT ( 'NONE',  ( -1.734723475976807094E-15, 0.05000000000000000278, 1.600000000000000533 ) ) ;
#3003 = LINE ( 'NONE', #317, #2846 ) ;
#3004 = STYLED_ITEM ( 'NONE', ( #5145 ), #488 ) ;
#3005 = FACE_OUTER_BOUND ( 'NONE', #2030, .T. ) ;
#3006 = DIRECTION ( 'NONE',  ( -0.000000000000000000, -1.000000000000000000, -0.000000000000000000 ) ) ;
#3007 = ORIENTED_EDGE ( 'NONE', *, *, #8383, .F. ) ;
#3008 = ORIENTED_EDGE ( 'NONE', *, *, #330, .F. ) ;
#3009 = LINE ( 'NONE', #838, #6273 ) ;
#3010 = AXIS2_PLACEMENT_3D ( 'NONE', #7493, #8097, #8988 ) ;
#3011 = ORIENTED_EDGE ( 'NONE', *, *, #3945, .F. ) ;
#3012 = ADVANCED_FACE ( 'NONE', ( #3291 ), #820, .F. ) ;
#3013 = DIRECTION ( 'NONE',  ( 0.000000000000000000, 1.000000000000000000, 0.000000000000000000 ) ) ;
#3014 = DIRECTION ( 'NONE',  ( 5.421010862427524019E-17, 0.000000000000000000, -1.000000000000000000 ) ) ;
#3015 = DIRECTION ( 'NONE',  ( -1.000000000000000000, 0.000000000000000000, -0.000000000000000000 ) ) ;
#3016 = ORIENTED_EDGE ( 'NONE', *, *, #5751, .T. ) ;
#3017 = VERTEX_POINT ( 'NONE', #5351 ) ;
#3018 = CARTESIAN_POINT ( 'NONE',  ( 1.399999999999999689, 0.000000000000000000, 0.000000000000000000 ) ) ;
#3019 = LINE ( 'NONE', #2728, #6175 ) ;
#3020 = CARTESIAN_POINT ( 'NONE',  ( 1.099999999999999867, 0.1999999999999999833, -0.6499999999999998002 ) ) ;
#3021 = ORIENTED_EDGE ( 'NONE', *, *, #6555, .T. ) ;
#3022 = ORIENTED_EDGE ( 'NONE', *, *, #3694, .F. ) ;
#3023 = DIRECTION ( 'NONE',  ( 0.000000000000000000, 0.000000000000000000, -1.000000000000000000 ) ) ;
#3024 = ADVANCED_FACE ( 'NONE', ( #6481, #305 ), #7546, .T. ) ;
#3025 =( LENGTH_UNIT ( ) NAMED_UNIT ( * ) SI_UNIT ( .MILLI., .METRE. ) );
#3026 = DIRECTION ( 'NONE',  ( 0.000000000000000000, -0.000000000000000000, 1.000000000000000000 ) ) ;
#3027 = DIRECTION ( 'NONE',  ( -1.000000000000000000, -0.000000000000000000, -0.000000000000000000 ) ) ;
#3028 = ORIENTED_EDGE ( 'NONE', *, *, #4778, .F. ) ;
#3029 = UNCERTAINTY_MEASURE_WITH_UNIT (LENGTH_MEASURE( 1.000000000000000082E-05 ), #6877, 'distance_accuracy_value', 'NONE');
#3030 = ORIENTED_EDGE ( 'NONE', *, *, #163, .F. ) ;
#3031 =( LENGTH_UNIT ( ) NAMED_UNIT ( * ) SI_UNIT ( .MILLI., .METRE. ) );
#3032 = VECTOR ( 'NONE', #2474, 1000.000000000000000 ) ;
#3033 = LINE ( 'NONE', #9154, #9563 ) ;
#3034 = ORIENTED_EDGE ( 'NONE', *, *, #7069, .T. ) ;
#3035 = CARTESIAN_POINT ( 'NONE',  ( 0.3500000000000009215, 0.2000000000000000111, 1.600000000000000311 ) ) ;
#3036 = DIRECTION ( 'NONE',  ( -5.421010862427523156E-16, 0.000000000000000000, 1.000000000000000000 ) ) ;
#3037 =( NAMED_UNIT ( * ) PLANE_ANGLE_UNIT ( ) SI_UNIT ( $, .RADIAN. ) );
#3038 = PRESENTATION_LAYER_ASSIGNMENT (  '', '', ( #941 ) ) ;
#3039 = FACE_OUTER_BOUND ( 'NONE', #6366, .T. ) ;
#3040 = DIRECTION ( 'NONE',  ( 0.000000000000000000, -0.000000000000000000, -1.000000000000000000 ) ) ;
#3041 = CARTESIAN_POINT ( 'NONE',  ( -1.499999999999999778, 0.000000000000000000, 0.6500000000000000222 ) ) ;
#3042 = LINE ( 'NONE', #4078, #6237 ) ;
#3043 = ORIENTED_EDGE ( 'NONE', *, *, #549, .F. ) ;
#3044 = VERTEX_POINT ( 'NONE', #967 ) ;
#3045 = STYLED_ITEM ( 'NONE', ( #4865 ), #3990 ) ;
#3046 = EDGE_CURVE ( 'NONE', #8108, #7917, #6498, .T. ) ;
#3047 = DIRECTION ( 'NONE',  ( 1.000000000000000000, 0.000000000000000000, -5.421010862427520198E-16 ) ) ;
#3048 = VECTOR ( 'NONE', #727, 1000.000000000000000 ) ;
#3049 = CARTESIAN_POINT ( 'NONE',  ( 0.3500000000000010325, 0.1999999999999999833, 2.000000000000000000 ) ) ;
#3050 = VECTOR ( 'NONE', #2310, 1000.000000000000000 ) ;
#3051 = ORIENTED_EDGE ( 'NONE', *, *, #2156, .F. ) ;
#3052 = DIRECTION ( 'NONE',  ( 1.000000000000000000, -0.000000000000000000, -0.000000000000000000 ) ) ;
#3053 = DIRECTION ( 'NONE',  ( -0.000000000000000000, -1.000000000000000000, -0.000000000000000000 ) ) ;
#3054 = CARTESIAN_POINT ( 'NONE',  ( 0.8500000000000005329, 0.2000000000000000111, -1.600000000000000311 ) ) ;
#3055 = VECTOR ( 'NONE', #2588, 1000.000000000000000 ) ;
#3056 = CARTESIAN_POINT ( 'NONE',  ( -1.099999999999999867, 0.1999999999999999833, 1.150000000000000133 ) ) ;
#3057 = AXIS2_PLACEMENT_3D ( 'NONE', #5372, #1741, #8883 ) ;
#3058 =( LENGTH_UNIT ( ) NAMED_UNIT ( * ) SI_UNIT ( .MILLI., .METRE. ) );
#3059 = VECTOR ( 'NONE', #3623, 1000.000000000000000 ) ;
#3060 = EDGE_LOOP ( 'NONE', ( #29, #2753, #6450, #6651 ) ) ;
#3061 = EDGE_LOOP ( 'NONE', ( #1560, #4374, #4411, #1386 ) ) ;
#3062 = CARTESIAN_POINT ( 'NONE',  ( 0.7500000000000000000, 0.05000000000000012768, -1.300000000000000266 ) ) ;
#3063 = EDGE_CURVE ( 'NONE', #9482, #4682, #6702, .T. ) ;
#3064 = VECTOR ( 'NONE', #3192, 1000.000000000000000 ) ;
#3065 = DIRECTION ( 'NONE',  ( 1.000000000000000000, 0.000000000000000000, -5.421010862427523156E-16 ) ) ;
#3067 = VERTEX_POINT ( 'NONE', #1838 ) ;
#3066 = DIRECTION ( 'NONE',  ( -5.421010862427523156E-16, 0.000000000000000000, 1.000000000000000000 ) ) ;
#3068 = PRESENTATION_LAYER_ASSIGNMENT (  '', '', ( #6821 ) ) ;
#3069 = ORIENTED_EDGE ( 'NONE', *, *, #2038, .T. ) ;
#3070 = EDGE_CURVE ( 'NONE', #4909, #9401, #202, .T. ) ;
#3071 = PLANE ( 'NONE',  #6412 ) ;
#3072 = FILL_AREA_STYLE ('',( #5746 ) ) ;
#3073 = LINE ( 'NONE', #9052, #6126 ) ;
#3074 = DIRECTION ( 'NONE',  ( 0.000000000000000000, 0.000000000000000000, -1.000000000000000000 ) ) ;
#3075 = EDGE_CURVE ( 'NONE', #7363, #4461, #3419, .T. ) ;
#3076 = SURFACE_STYLE_FILL_AREA ( #1562 ) ;
#3077 = ADVANCED_FACE ( 'NONE', ( #6637 ), #4188, .F. ) ;
#3078 = CARTESIAN_POINT ( 'NONE',  ( -1.099999999999999867, 0.6472135954999583829, 0.1500000000000001887 ) ) ;
#3079 = LINE ( 'NONE', #8311, #3140 ) ;
#3080 = VERTEX_POINT ( 'NONE', #5129 ) ;
#3081 = VERTEX_POINT ( 'NONE', #5715 ) ;
#3082 = DIRECTION ( 'NONE',  ( 1.000000000000000000, -0.000000000000000000, 0.000000000000000000 ) ) ;
#3083 = DIRECTION ( 'NONE',  ( 1.000000000000000000, 0.000000000000000000, -0.000000000000000000 ) ) ;
#3084 = CARTESIAN_POINT ( 'NONE',  ( -1.499999999999999778, 0.6472135954999583829, -1.350000000000000089 ) ) ;
#3085 = LINE ( 'NONE', #6770, #3219 ) ;
#3086 = EDGE_CURVE ( 'NONE', #4166, #4184, #107, .T. ) ;
#3087 = EDGE_LOOP ( 'NONE', ( #9548, #6580, #9353, #3272 ) ) ;
#3088 = ADVANCED_FACE ( 'NONE', ( #346 ), #6301, .F. ) ;
#3089 = MECHANICAL_DESIGN_GEOMETRIC_PRESENTATION_REPRESENTATION (  '', ( #4609 ), #8431 ) ;
#3090 = VECTOR ( 'NONE', #6475, 1000.000000000000000 ) ;
#3091 = CARTESIAN_POINT ( 'NONE',  ( -1.099999999999999867, 0.1999999999999999833, 0.6500000000000001332 ) ) ;
#3092 = EDGE_CURVE ( 'NONE', #1487, #3357, #6745, .T. ) ;
#3093 = COLOUR_RGB ( '',1.000000000000000000, 0.5019607843137254832, 0.5019607843137254832 ) ;
#3094 = DIRECTION ( 'NONE',  ( -0.000000000000000000, -1.000000000000000000, -0.000000000000000000 ) ) ;
#3095 = EDGE_CURVE ( 'NONE', #6836, #3772, #3560, .T. ) ;
#3096 = ORIENTED_EDGE ( 'NONE', *, *, #7252, .T. ) ;
#3097 = VERTEX_POINT ( 'NONE', #4120 ) ;
#3098 = PLANE ( 'NONE',  #1254 ) ;
#3099 = AXIS2_PLACEMENT_3D ( 'NONE', #1208, #6379, #7009 ) ;
#3100 = LINE ( 'NONE', #1018, #16 ) ;
#3101 = CLOSED_SHELL ( 'NONE', ( #2486, #9396, #3980, #8658, #7751, #5732 ) ) ;
#3102 = CARTESIAN_POINT ( 'NONE',  ( 0.8500000000000005329, 0.1999999999999999833, -1.600000000000000311 ) ) ;
#3103 = VERTEX_POINT ( 'NONE', #8604 ) ;
#3104 = FILL_AREA_STYLE_COLOUR ( '', #4834 ) ;
#3105 = DIRECTION ( 'NONE',  ( 0.000000000000000000, -1.000000000000000000, 0.000000000000000000 ) ) ;
#3106 = UNCERTAINTY_MEASURE_WITH_UNIT (LENGTH_MEASURE( 1.000000000000000082E-05 ), #6239, 'distance_accuracy_value', 'NONE');
#3107 = DIRECTION ( 'NONE',  ( 2.710505431213763057E-16, 0.000000000000000000, 1.000000000000000000 ) ) ;
#3108 = DIRECTION ( 'NONE',  ( 0.000000000000000000, 0.000000000000000000, -1.000000000000000000 ) ) ;
#3109 = DIRECTION ( 'NONE',  ( -2.710505431213763057E-16, -0.000000000000000000, -1.000000000000000000 ) ) ;
#3110 = CARTESIAN_POINT ( 'NONE',  ( 1.249999999999999334, 0.1250000000000013600, -1.899999999999999911 ) ) ;
#3111 = LINE ( 'NONE', #8522, #2817 ) ;
#3112 = EDGE_CURVE ( 'NONE', #1488, #7268, #6762, .T. ) ;
#3113 = PRESENTATION_STYLE_ASSIGNMENT (( #1022 ) ) ;
#3114 = ORIENTED_EDGE ( 'NONE', *, *, #6199, .T. ) ;
#3115 = VERTEX_POINT ( 'NONE', #334 ) ;
#3116 = SURFACE_STYLE_USAGE ( .BOTH. , #2383 ) ;
#3117 = VECTOR ( 'NONE', #7099, 1000.000000000000000 ) ;
#3118 = LINE ( 'NONE', #9112, #30 ) ;
#3119 = FILL_AREA_STYLE_COLOUR ( '', #1814 ) ;
#3120 = ORIENTED_EDGE ( 'NONE', *, *, #2559, .T. ) ;
#3121 = CARTESIAN_POINT ( 'NONE',  ( -0.8499999999999996447, 0.05000000000000000278, 2.303929616531696429E-16 ) ) ;
#3122 = CARTESIAN_POINT ( 'NONE',  ( 0.000000000000000000, 0.2000000000000000111, 0.000000000000000000 ) ) ;
#3123 = STYLED_ITEM ( 'NONE', ( #327 ), #7758 ) ;
#3124 = CARTESIAN_POINT ( 'NONE',  ( -1.099999999999999867, 0.6472135954999583829, 1.350000000000000311 ) ) ;
#3125 = VERTEX_POINT ( 'NONE', #9375 ) ;
#3126 = VERTEX_POINT ( 'NONE', #5653 ) ;
#3127 =( NAMED_UNIT ( * ) SI_UNIT ( $, .STERADIAN. ) SOLID_ANGLE_UNIT ( ) );
#3128 = FACE_OUTER_BOUND ( 'NONE', #9408, .T. ) ;
#3129 = DIRECTION ( 'NONE',  ( -1.000000000000000000, 0.000000000000000000, 1.084202172485501673E-15 ) ) ;
#3130 = VERTEX_POINT ( 'NONE', #7981 ) ;
#3131 = ORIENTED_EDGE ( 'NONE', *, *, #5878, .T. ) ;
#3132 = DIRECTION ( 'NONE',  ( -1.000000000000000000, -0.000000000000000000, 5.421010862427523156E-16 ) ) ;
#3133 = DIRECTION ( 'NONE',  ( 1.084202172485501673E-15, 0.000000000000000000, 1.000000000000000000 ) ) ;
#3134 = DIRECTION ( 'NONE',  ( -0.000000000000000000, -1.000000000000000000, -0.000000000000000000 ) ) ;
#3135 = CARTESIAN_POINT ( 'NONE',  ( -1.249999999999999778, 0.1999999999999999833, 1.732294901687515321 ) ) ;
#3136 = ADVANCED_FACE ( 'NONE', ( #6452 ), #2688, .T. ) ;
#3137 = DIRECTION ( 'NONE',  ( -1.000000000000000000, 0.000000000000000000, -5.421010862427523156E-16 ) ) ;
#3138 = VECTOR ( 'NONE', #2713, 1000.000000000000000 ) ;
#3139 = CARTESIAN_POINT ( 'NONE',  ( -0.6499999999999990230, 0.1999999999999999833, 2.000000000000000000 ) ) ;
#3140 = VECTOR ( 'NONE', #9084, 1000.000000000000000 ) ;
#3141 = ORIENTED_EDGE ( 'NONE', *, *, #3500, .T. ) ;
#3142 = ORIENTED_EDGE ( 'NONE', *, *, #6934, .T. ) ;
#3143 = DIRECTION ( 'NONE',  ( 5.421010862427520198E-16, 0.000000000000000000, -1.000000000000000000 ) ) ;
#3144 = DIRECTION ( 'NONE',  ( 0.000000000000000000, 1.000000000000000000, 0.000000000000000000 ) ) ;
#3145 = SURFACE_STYLE_FILL_AREA ( #4306 ) ;
#3146 = CARTESIAN_POINT ( 'NONE',  ( 0.000000000000000000, 0.2000000000000000111, 0.000000000000000000 ) ) ;
#3147 = ORIENTED_EDGE ( 'NONE', *, *, #3086, .F. ) ;
#3148 = ORIENTED_EDGE ( 'NONE', *, *, #4615, .F. ) ;
#3149 = EDGE_CURVE ( 'NONE', #545, #6287, #6515, .T. ) ;
#3150 = SURFACE_SIDE_STYLE ('',( #3287 ) ) ;
#3151 = DIRECTION ( 'NONE',  ( 0.000000000000000000, 1.000000000000000000, 0.000000000000000000 ) ) ;
#3152 = FACE_OUTER_BOUND ( 'NONE', #6172, .T. ) ;
#3153 = FILL_AREA_STYLE_COLOUR ( '', #314 ) ;
#3154 = ADVANCED_FACE ( 'NONE', ( #66 ), #8496, .F. ) ;
#3155 = VECTOR ( 'NONE', #122, 1000.000000000000000 ) ;
#3156 = EDGE_LOOP ( 'NONE', ( #9222, #5641, #1988, #2706, #3479 ) ) ;
#3157 = ORIENTED_EDGE ( 'NONE', *, *, #5974, .F. ) ;
#3158 = DIRECTION ( 'NONE',  ( 1.000000000000000000, 0.000000000000000000, 0.000000000000000000 ) ) ;
#3159 = COLOUR_RGB ( '',0.7921568627450980005, 0.8196078431372548767, 0.9333333333333333481 ) ;
#3160 =( GEOMETRIC_REPRESENTATION_CONTEXT ( 3 ) GLOBAL_UNCERTAINTY_ASSIGNED_CONTEXT ( ( #4019 ) ) GLOBAL_UNIT_ASSIGNED_CONTEXT ( ( #8476, #1885, #9247 ) ) REPRESENTATION_CONTEXT ( 'NONE', 'WORKASPACE' ) );
#3161 = LINE ( 'NONE', #6146, #9356 ) ;
#3162 = PLANE ( 'NONE',  #8556 ) ;
#3163 = EDGE_LOOP ( 'NONE', ( #2905, #5663, #188, #2836 ) ) ;
#3164 = CARTESIAN_POINT ( 'NONE',  ( -1.099999999999999867, 0.000000000000000000, -0.1499999999999997446 ) ) ;
#3165 = CARTESIAN_POINT ( 'NONE',  ( 0.3500000000000009215, 0.6472135954999580498, 1.600000000000000311 ) ) ;
#3166 = DIRECTION ( 'NONE',  ( 0.000000000000000000, -0.000000000000000000, 1.000000000000000000 ) ) ;
#3167 = MECHANICAL_DESIGN_GEOMETRIC_PRESENTATION_REPRESENTATION (  '', ( #7032 ), #9377 ) ;
#3168 = EDGE_CURVE ( 'NONE', #1065, #81, #6949, .T. ) ;
#3169 = DIRECTION ( 'NONE',  ( 1.000000000000000000, 0.000000000000000000, 0.000000000000000000 ) ) ;
#3170 = VECTOR ( 'NONE', #6115, 1000.000000000000000 ) ;
#3171 = LINE ( 'NONE', #8806, #179 ) ;
#3172 = VECTOR ( 'NONE', #7325, 1000.000000000000000 ) ;
#3173 = ORIENTED_EDGE ( 'NONE', *, *, #5751, .F. ) ;
#3174 = ORIENTED_EDGE ( 'NONE', *, *, #2861, .T. ) ;
#3175 = DIRECTION ( 'NONE',  ( -1.000000000000000000, 0.000000000000000000, 5.421010862427520198E-16 ) ) ;
#3176 = PRESENTATION_STYLE_ASSIGNMENT (( #8475 ) ) ;
#3177 = LINE ( 'NONE', #7565, #9290 ) ;
#3178 = ORIENTED_EDGE ( 'NONE', *, *, #3599, .F. ) ;
#3179 = DIRECTION ( 'NONE',  ( 0.000000000000000000, -1.000000000000000000, 0.000000000000000000 ) ) ;
#3180 = PLANE ( 'NONE',  #5726 ) ;
#3181 = EDGE_CURVE ( 'NONE', #3081, #1194, #3782, .T. ) ;
#3182 = MECHANICAL_DESIGN_GEOMETRIC_PRESENTATION_REPRESENTATION (  '', ( #8305 ), #8867 ) ;
#3184 = VECTOR ( 'NONE', #3074, 1000.000000000000000 ) ;
#3183 = DIRECTION ( 'NONE',  ( 0.000000000000000000, 0.000000000000000000, -1.000000000000000000 ) ) ;
#3185 = SURFACE_STYLE_USAGE ( .BOTH. , #8301 ) ;
#3186 = FACE_OUTER_BOUND ( 'NONE', #6759, .T. ) ;
#3187 = FACE_OUTER_BOUND ( 'NONE', #322, .T. ) ;
#3188 = EDGE_LOOP ( 'NONE', ( #754, #4283, #4327, #7167 ) ) ;
#3189 = EDGE_CURVE ( 'NONE', #4414, #5445, #7041, .T. ) ;
#3190 = CARTESIAN_POINT ( 'NONE',  ( 1.399999999999999689, 0.1250000000000000000, -1.600000000000000089 ) ) ;
#3191 = SURFACE_STYLE_FILL_AREA ( #9421 ) ;
#3192 = DIRECTION ( 'NONE',  ( -0.000000000000000000, -0.000000000000000000, -1.000000000000000000 ) ) ;
#3193 = EDGE_LOOP ( 'NONE', ( #8526, #4700, #8551, #4836 ) ) ;
#3194 = ORIENTED_EDGE ( 'NONE', *, *, #2744, .F. ) ;
#3195 = EDGE_CURVE ( 'NONE', #9231, #2703, #3665, .T. ) ;
#3196 = CARTESIAN_POINT ( 'NONE',  ( -1.249999999999999778, 0.1250000000000000000, 2.000000000000000000 ) ) ;
#3197 = DIRECTION ( 'NONE',  ( 0.000000000000000000, 0.000000000000000000, -1.000000000000000000 ) ) ;
#3198 = LINE ( 'NONE', #8844, #3427 ) ;
#3199 = EDGE_CURVE ( 'NONE', #3357, #8342, #3723, .T. ) ;
#3200 = CARTESIAN_POINT ( 'NONE',  ( -1.100000000000000311, 0.1999999999999999833, -1.899999999999999911 ) ) ;
#3201 = EDGE_LOOP ( 'NONE', ( #4284, #8277, #7773, #8386 ) ) ;
#3202 = CARTESIAN_POINT ( 'NONE',  ( 1.099999999999999867, 0.1999999999999999833, 0.6500000000000001332 ) ) ;
#3203 = DIRECTION ( 'NONE',  ( -1.000000000000000000, 0.000000000000000000, -0.000000000000000000 ) ) ;
#3204 = LINE ( 'NONE', #4857, #3117 ) ;
#3205 = VECTOR ( 'NONE', #8992, 1000.000000000000000 ) ;
#3206 = ORIENTED_EDGE ( 'NONE', *, *, #2539, .T. ) ;
#3207 = EDGE_CURVE ( 'NONE', #4869, #3322, #700, .T. ) ;
#3208 = DIRECTION ( 'NONE',  ( -5.782411586589359611E-15, 1.000000000000000000, 0.000000000000000000 ) ) ;
#3209 = DIRECTION ( 'NONE',  ( -0.000000000000000000, -1.000000000000000000, -0.000000000000000000 ) ) ;
#3210 =( GEOMETRIC_REPRESENTATION_CONTEXT ( 3 ) GLOBAL_UNCERTAINTY_ASSIGNED_CONTEXT ( ( #452 ) ) GLOBAL_UNIT_ASSIGNED_CONTEXT ( ( #8351, #56, #2318 ) ) REPRESENTATION_CONTEXT ( 'NONE', 'WORKASPACE' ) );
#3211 = DIRECTION ( 'NONE',  ( 1.000000000000000000, 1.084202172485504828E-15, 0.000000000000000000 ) ) ;
#3212 = VECTOR ( 'NONE', #1262, 1000.000000000000000 ) ;
#3213 = DIRECTION ( 'NONE',  ( 0.000000000000000000, -1.000000000000000000, 0.000000000000000000 ) ) ;
#3214 = LINE ( 'NONE', #1313, #6405 ) ;
#3215 = ORIENTED_EDGE ( 'NONE', *, *, #2272, .T. ) ;
#3216 = UNCERTAINTY_MEASURE_WITH_UNIT (LENGTH_MEASURE( 1.000000000000000082E-05 ), #3279, 'distance_accuracy_value', 'NONE');
#3217 = CARTESIAN_POINT ( 'NONE',  ( -0.3499999999999992006, 0.2000000000000000111, 1.600000000000000089 ) ) ;
#3218 = VECTOR ( 'NONE', #7244, 1000.000000000000000 ) ;
#3219 = VECTOR ( 'NONE', #1678, 1000.000000000000000 ) ;
#3220 = STYLED_ITEM ( 'NONE', ( #5516 ), #9246 ) ;
#3221 = DIRECTION ( 'NONE',  ( 0.000000000000000000, 0.000000000000000000, -1.000000000000000000 ) ) ;
#3222 = ORIENTED_EDGE ( 'NONE', *, *, #5514, .T. ) ;
#3223 = CARTESIAN_POINT ( 'NONE',  ( -0.8499999999999990896, 0.6472135954999580498, 2.000000000000000000 ) ) ;
#3224 = CARTESIAN_POINT ( 'NONE',  ( -0.8499999999999996447, 0.6472135954999580498, -1.600000000000000089 ) ) ;
#3225 = CARTESIAN_POINT ( 'NONE',  ( -0.3499999999999992006, 0.2000000000000000111, 1.600000000000000089 ) ) ;
#3226 = DIRECTION ( 'NONE',  ( -1.000000000000000000, 0.000000000000000000, -5.421010862427520198E-16 ) ) ;
#3227 = DIRECTION ( 'NONE',  ( -1.000000000000000000, 0.000000000000000000, 1.445602896647339163E-16 ) ) ;
#3228 = DIRECTION ( 'NONE',  ( -1.000000000000000000, 0.000000000000000000, -0.000000000000000000 ) ) ;
#3229 = ADVANCED_FACE ( 'NONE', ( #6933 ), #5594, .T. ) ;
#3230 = LINE ( 'NONE', #6755, #6612 ) ;
#3231 = ORIENTED_EDGE ( 'NONE', *, *, #8331, .T. ) ;
#3232 = CARTESIAN_POINT ( 'NONE',  ( -1.500000000000000000, 0.1999999999999999833, 0.8500000000000005329 ) ) ;
#3233 = COLOUR_RGB ( '',1.000000000000000000, 0.5019607843137254832, 0.5019607843137254832 ) ;
#3234 = VECTOR ( 'NONE', #8457, 1000.000000000000000 ) ;
#3235 = DIRECTION ( 'NONE',  ( 0.000000000000000000, -0.000000000000000000, 1.000000000000000000 ) ) ;
#3236 = ORIENTED_EDGE ( 'NONE', *, *, #1519, .F. ) ;
#3237 = ADVANCED_FACE ( 'NONE', ( #3605 ), #2125, .T. ) ;
#3238 = FILL_AREA_STYLE ('',( #4902 ) ) ;
#3239 = CARTESIAN_POINT ( 'NONE',  ( -1.099999999999999867, 0.1999999999999999833, 1.150000000000000133 ) ) ;
#3240 = EDGE_CURVE ( 'NONE', #4029, #8857, #3835, .T. ) ;
#3242 = FACE_OUTER_BOUND ( 'NONE', #9181, .T. ) ;
#3241 = PLANE ( 'NONE',  #4653 ) ;
#3243 = DIRECTION ( 'NONE',  ( -1.445602896647339163E-16, -0.000000000000000000, -1.000000000000000000 ) ) ;
#3244 = LINE ( 'NONE', #8666, #6435 ) ;
#3245 = LINE ( 'NONE', #4918, #6001 ) ;
#3246 = VERTEX_POINT ( 'NONE', #9505 ) ;
#3247 = VECTOR ( 'NONE', #6340, 1000.000000000000000 ) ;
#3248 = CARTESIAN_POINT ( 'NONE',  ( 1.499999999999999778, 0.04999999999999969746, 1.149999999999999911 ) ) ;
#3249 = EDGE_LOOP ( 'NONE', ( #8989, #2273, #2471, #7878 ) ) ;
#3250 = ORIENTED_EDGE ( 'NONE', *, *, #1844, .T. ) ;
#3251 = EDGE_CURVE ( 'NONE', #1789, #7144, #6776, .T. ) ;
#3252 = DIRECTION ( 'NONE',  ( -1.000000000000000000, 0.000000000000000000, -0.000000000000000000 ) ) ;
#3253 = DIRECTION ( 'NONE',  ( -2.710505431213761578E-16, 0.000000000000000000, -1.000000000000000000 ) ) ;
#3254 = COLOUR_RGB ( '',0.7921568627450980005, 0.8196078431372548767, 0.9333333333333333481 ) ;
#3255 = CARTESIAN_POINT ( 'NONE',  ( -1.099999999999999867, 0.05000000000000002359, 0.1500000000000001887 ) ) ;
#3256 = COLOUR_RGB ( '',1.000000000000000000, 0.5019607843137254832, 0.5019607843137254832 ) ;
#3257 = LINE ( 'NONE', #2069, #80 ) ;
#3258 = ORIENTED_EDGE ( 'NONE', *, *, #8981, .F. ) ;
#3259 = FILL_AREA_STYLE ('',( #1179 ) ) ;
#3260 = CARTESIAN_POINT ( 'NONE',  ( 1.499999999999999778, 0.6472135954999583829, 0.6500000000000000222 ) ) ;
#3261 = DIRECTION ( 'NONE',  ( -1.084202172485504040E-15, 0.000000000000000000, -1.000000000000000000 ) ) ;
#3262 = UNCERTAINTY_MEASURE_WITH_UNIT (LENGTH_MEASURE( 1.000000000000000082E-05 ), #5392, 'distance_accuracy_value', 'NONE');
#3263 = ORIENTED_EDGE ( 'NONE', *, *, #3301, .F. ) ;
#3264 = MANIFOLD_SOLID_BREP ( 'LPattern3[3]', #5288 ) ;
#3265 = VERTEX_POINT ( 'NONE', #6598 ) ;
#3266 = DIRECTION ( 'NONE',  ( 0.000000000000000000, -0.000000000000000000, -1.000000000000000000 ) ) ;
#3267 = AXIS2_PLACEMENT_3D ( 'NONE', #6383, #6894, #7870 ) ;
#3268 = VECTOR ( 'NONE', #5155, 1000.000000000000000 ) ;
#3269 = DIRECTION ( 'NONE',  ( 0.000000000000000000, 0.000000000000000000, -1.000000000000000000 ) ) ;
#3270 = VECTOR ( 'NONE', #1035, 1000.000000000000000 ) ;
#3271 = FACE_OUTER_BOUND ( 'NONE', #5909, .T. ) ;
#3272 = ORIENTED_EDGE ( 'NONE', *, *, #8098, .F. ) ;
#3273 =( NAMED_UNIT ( * ) PLANE_ANGLE_UNIT ( ) SI_UNIT ( $, .RADIAN. ) );
#3274 = EDGE_LOOP ( 'NONE', ( #4922, #1292, #7963, #1939 ) ) ;
#3275 = AXIS2_PLACEMENT_3D ( 'NONE', #3695, #607, #7458 ) ;
#3276 = EDGE_CURVE ( 'NONE', #4804, #329, #6921, .T. ) ;
#3277 = CARTESIAN_POINT ( 'NONE',  ( 0.1500000000000003830, 0.1999999999999999833, -1.600000000000000089 ) ) ;
#3278 = VERTEX_POINT ( 'NONE', #2142 ) ;
#3279 =( LENGTH_UNIT ( ) NAMED_UNIT ( * ) SI_UNIT ( .MILLI., .METRE. ) );
#3280 = CARTESIAN_POINT ( 'NONE',  ( -1.099999999999999867, 0.000000000000000000, 1.350000000000000311 ) ) ;
#3281 = DIRECTION ( 'NONE',  ( 1.000000000000000000, -0.000000000000000000, -0.000000000000000000 ) ) ;
#3282 = DIRECTION ( 'NONE',  ( 0.000000000000000000, 0.000000000000000000, -1.000000000000000000 ) ) ;
#3283 = DIRECTION ( 'NONE',  ( 0.000000000000000000, 0.000000000000000000, -1.000000000000000000 ) ) ;
#3284 = EDGE_CURVE ( 'NONE', #9496, #9399, #6906, .T. ) ;
#3285 = DIRECTION ( 'NONE',  ( -0.000000000000000000, 0.000000000000000000, 1.000000000000000000 ) ) ;
#3286 = VECTOR ( 'NONE', #9343, 1000.000000000000000 ) ;
#3287 = SURFACE_STYLE_FILL_AREA ( #1713 ) ;
#3288 = SURFACE_STYLE_FILL_AREA ( #1717 ) ;
#3289 = EDGE_LOOP ( 'NONE', ( #904, #6946, #3771, #9501 ) ) ;
#3290 = DIRECTION ( 'NONE',  ( -0.000000000000000000, -1.000000000000000000, -0.000000000000000000 ) ) ;
#3291 = FACE_OUTER_BOUND ( 'NONE', #8509, .T. ) ;
#3292 = PLANE ( 'NONE',  #5440 ) ;
#3293 = VERTEX_POINT ( 'NONE', #3459 ) ;
#3294 = DIRECTION ( 'NONE',  ( 0.000000000000000000, 0.000000000000000000, 1.000000000000000000 ) ) ;
#3295 = EDGE_CURVE ( 'NONE', #685, #4029, #540, .T. ) ;
#3296 = ORIENTED_EDGE ( 'NONE', *, *, #3713, .F. ) ;
#3297 = PRESENTATION_LAYER_ASSIGNMENT (  '', '', ( #60 ) ) ;
#3298 = CARTESIAN_POINT ( 'NONE',  ( 0.8500000000000009770, 0.2000000000000000111, 1.600000000000000311 ) ) ;
#3299 = EDGE_CURVE ( 'NONE', #8108, #1271, #7080, .T. ) ;
#3300 = PLANE ( 'NONE',  #3477 ) ;
#3301 = EDGE_CURVE ( 'NONE', #6658, #5188, #653, .T. ) ;
#3303 = LINE ( 'NONE', #7731, #6373 ) ;
#3302 = CARTESIAN_POINT ( 'NONE',  ( 1.499999999999999778, 0.1999999999999999833, -1.600000000000000089 ) ) ;
#3304 = ADVANCED_FACE ( 'NONE', ( #3575 ), #2824, .T. ) ;
#3305 = CARTESIAN_POINT ( 'NONE',  ( 1.099999999999999867, 0.1999999999999999833, -0.6499999999999998002 ) ) ;
#3306 = SURFACE_STYLE_FILL_AREA ( #2803 ) ;
#3307 = EDGE_CURVE ( 'NONE', #6406, #4540, #6878, .T. ) ;
#3308 = ORIENTED_EDGE ( 'NONE', *, *, #2642, .F. ) ;
#3309 = AXIS2_PLACEMENT_3D ( 'NONE', #2121, #3609, #691 ) ;
#3310 = CARTESIAN_POINT ( 'NONE',  ( -1.249999999999999778, 0.1250000000000000000, 1.899999999999999911 ) ) ;
#3311 = VERTEX_POINT ( 'NONE', #7374 ) ;
#3312 = ORIENTED_EDGE ( 'NONE', *, *, #5419, .F. ) ;
#3313 = ADVANCED_FACE ( 'NONE', ( #3674 ), #531, .T. ) ;
#3314 = DIRECTION ( 'NONE',  ( -1.000000000000000000, 0.000000000000000000, -1.445602896647339163E-16 ) ) ;
#3315 = CARTESIAN_POINT ( 'NONE',  ( -1.249999999999999778, 0.1999999999999999833, 1.899999999999999911 ) ) ;
#3316 = CARTESIAN_POINT ( 'NONE',  ( 1.099999999999999867, 0.6472135954999583829, 1.150000000000000133 ) ) ;
#3317 =( GEOMETRIC_REPRESENTATION_CONTEXT ( 3 ) GLOBAL_UNCERTAINTY_ASSIGNED_CONTEXT ( ( #1991 ) ) GLOBAL_UNIT_ASSIGNED_CONTEXT ( ( #5118, #2176, #9557 ) ) REPRESENTATION_CONTEXT ( 'NONE', 'WORKASPACE' ) );
#3318 = AXIS2_PLACEMENT_3D ( 'NONE', #3124, #246, #9017 ) ;
#3319 = SURFACE_STYLE_FILL_AREA ( #1296 ) ;
#3320 = EDGE_CURVE ( 'NONE', #8461, #3625, #606, .T. ) ;
#3321 = COLOUR_RGB ( '',0.7921568627450980005, 0.8196078431372548767, 0.9333333333333333481 ) ;
#3322 = VERTEX_POINT ( 'NONE', #6381 ) ;
#3323 = PLANE ( 'NONE',  #7155 ) ;
#3324 = DIRECTION ( 'NONE',  ( -1.000000000000000000, 0.000000000000000000, 5.421010862427520198E-16 ) ) ;
#3325 = VECTOR ( 'NONE', #1333, 1000.000000000000000 ) ;
#3326 = ORIENTED_EDGE ( 'NONE', *, *, #4246, .T. ) ;
#3327 = AXIS2_PLACEMENT_3D ( 'NONE', #2933, #2384, #4488 ) ;
#3328 = ORIENTED_EDGE ( 'NONE', *, *, #2192, .T. ) ;
#3329 = CARTESIAN_POINT ( 'NONE',  ( 1.499999999999999778, 0.05000000000000000278, 2.000000000000000000 ) ) ;
#3330 = CARTESIAN_POINT ( 'NONE',  ( -0.1499999999999990785, 0.2000000000000000111, 1.600000000000000311 ) ) ;
#3331 = CARTESIAN_POINT ( 'NONE',  ( -0.1499999999999995226, 0.2000000000000000111, -2.000000000000000000 ) ) ;
#3332 = AXIS2_PLACEMENT_3D ( 'NONE', #7231, #8078, #3015 ) ;
#3333 = FACE_OUTER_BOUND ( 'NONE', #3375, .T. ) ;
#3334 = ORIENTED_EDGE ( 'NONE', *, *, #260, .F. ) ;
#3335 = DIRECTION ( 'NONE',  ( 1.000000000000000000, -0.000000000000000000, -1.084202172485504040E-15 ) ) ;
#3336 = FACE_OUTER_BOUND ( 'NONE', #4592, .T. ) ;
#3337 = EDGE_LOOP ( 'NONE', ( #9175, #8898, #142, #12 ) ) ;
#3338 = ORIENTED_EDGE ( 'NONE', *, *, #3721, .F. ) ;
#3339 = CARTESIAN_POINT ( 'NONE',  ( 1.499999999999999778, 0.6472135954999583829, 0.6500000000000000222 ) ) ;
#3340 = CARTESIAN_POINT ( 'NONE',  ( 1.099999999999999867, 0.1999999999999999833, -0.8499999999999998668 ) ) ;
#3341 = DIRECTION ( 'NONE',  ( 0.000000000000000000, -0.000000000000000000, -1.000000000000000000 ) ) ;
#3342 = PLANE ( 'NONE',  #3987 ) ;
#3343 = ORIENTED_EDGE ( 'NONE', *, *, #5406, .F. ) ;
#3344 = CARTESIAN_POINT ( 'NONE',  ( 0.000000000000000000, 0.2000000000000000111, 0.000000000000000000 ) ) ;
#3345 = FACE_OUTER_BOUND ( 'NONE', #4883, .T. ) ;
#3346 = ORIENTED_EDGE ( 'NONE', *, *, #6071, .T. ) ;
#3347 = ORIENTED_EDGE ( 'NONE', *, *, #3618, .T. ) ;
#3348 = EDGE_CURVE ( 'NONE', #527, #4924, #7012, .T. ) ;
#3349 = CARTESIAN_POINT ( 'NONE',  ( -1.500000000000000222, 0.1250000000000000000, 1.600000000000000089 ) ) ;
#3350 = ADVANCED_FACE ( 'NONE', ( #3855 ), #7935, .F. ) ;
#3351 = SURFACE_STYLE_USAGE ( .BOTH. , #2655 ) ;
#3352 = FILL_AREA_STYLE_COLOUR ( '', #1081 ) ;
#3353 = DIRECTION ( 'NONE',  ( 5.421010862427520198E-16, 0.000000000000000000, -1.000000000000000000 ) ) ;
#3354 = CARTESIAN_POINT ( 'NONE',  ( 1.099999999999999867, 0.6472135954999583829, 0.1500000000000001887 ) ) ;
#3355 = VECTOR ( 'NONE', #7840, 1000.000000000000000 ) ;
#3356 = LINE ( 'NONE', #8441, #6477 ) ;
#3357 = VERTEX_POINT ( 'NONE', #9335 ) ;
#3358 = ADVANCED_FACE ( 'NONE', ( #6803 ), #1439, .F. ) ;
#3359 = PRESENTATION_STYLE_ASSIGNMENT (( #3986 ) ) ;
#3360 = CARTESIAN_POINT ( 'NONE',  ( -1.500000000000000222, 0.000000000000000000, 0.000000000000000000 ) ) ;
#3361 = EDGE_LOOP ( 'NONE', ( #9019, #9235, #6112, #20 ) ) ;
#3362 = VERTEX_POINT ( 'NONE', #5021 ) ;
#3363 = ADVANCED_FACE ( 'NONE', ( #668 ), #6443, .T. ) ;
#3364 = CARTESIAN_POINT ( 'NONE',  ( -0.1499999999999989952, 0.000000000000000000, 2.000000000000000000 ) ) ;
#3365 = DIRECTION ( 'NONE',  ( -0.000000000000000000, -1.000000000000000000, -0.000000000000000000 ) ) ;
#3366 = DIRECTION ( 'NONE',  ( 0.7071067811865486830, -0.000000000000000000, -0.7071067811865464625 ) ) ;
#3367 = LINE ( 'NONE', #5092, #6571 ) ;
#3368 = ADVANCED_FACE ( 'NONE', ( #6817 ), #8687, .T. ) ;
#3369 = LINE ( 'NONE', #2360, #181 ) ;
#3370 = VERTEX_POINT ( 'NONE', #5084 ) ;
#3371 = CARTESIAN_POINT ( 'NONE',  ( -1.500000000000000000, 0.1999999999999999833, 1.350000000000000533 ) ) ;
#3372 = CARTESIAN_POINT ( 'NONE',  ( 1.399999999999999689, 0.1999999999999999833, -1.750000000000000000 ) ) ;
#3373 = VECTOR ( 'NONE', #7476, 1000.000000000000000 ) ;
#3374 = ORIENTED_EDGE ( 'NONE', *, *, #1518, .F. ) ;
#3375 = EDGE_LOOP ( 'NONE', ( #9127, #5830, #1883, #3131 ) ) ;
#3376 = CARTESIAN_POINT ( 'NONE',  ( -1.100000000000000311, 0.1250000000000000000, -1.899999999999999911 ) ) ;
#3377 = AXIS2_PLACEMENT_3D ( 'NONE', #6835, #8462, #3175 ) ;
#3378 = ADVANCED_FACE ( 'NONE', ( #635 ), #1506, .T. ) ;
#3379 = DIRECTION ( 'NONE',  ( 0.000000000000000000, -1.000000000000000000, 0.000000000000000000 ) ) ;
#3380 = CARTESIAN_POINT ( 'NONE',  ( -1.500000000000000444, 0.8000000000000003775, 2.000000000000000000 ) ) ;
#3381 = EDGE_CURVE ( 'NONE', #4461, #8345, #7027, .T. ) ;
#3382 = AXIS2_PLACEMENT_3D ( 'NONE', #6563, #7221, #1965 ) ;
#3383 = EDGE_CURVE ( 'NONE', #1510, #7522, #7062, .T. ) ;
#3384 = DIRECTION ( 'NONE',  ( -5.421010862427520198E-16, 0.000000000000000000, -1.000000000000000000 ) ) ;
#3385 = VECTOR ( 'NONE', #5352, 1000.000000000000000 ) ;
#3386 = VERTEX_POINT ( 'NONE', #1228 ) ;
#3387 = CARTESIAN_POINT ( 'NONE',  ( -1.500000000000000000, 0.6472135954999583829, 0.8500000000000005329 ) ) ;
#3388 = EDGE_CURVE ( 'NONE', #8593, #4103, #440, .T. ) ;
#3389 = DIRECTION ( 'NONE',  ( -0.000000000000000000, 0.000000000000000000, 1.000000000000000000 ) ) ;
#3390 = VECTOR ( 'NONE', #7696, 1000.000000000000000 ) ;
#3391 = ORIENTED_EDGE ( 'NONE', *, *, #6861, .T. ) ;
#3392 = ORIENTED_EDGE ( 'NONE', *, *, #1691, .T. ) ;
#3393 =( NAMED_UNIT ( * ) PLANE_ANGLE_UNIT ( ) SI_UNIT ( $, .RADIAN. ) );
#3394 = EDGE_CURVE ( 'NONE', #4909, #6932, #3636, .T. ) ;
#3395 = DIRECTION ( 'NONE',  ( 0.000000000000000000, 0.000000000000000000, 1.000000000000000000 ) ) ;
#3396 = CARTESIAN_POINT ( 'NONE',  ( -1.099999999999999867, 0.1999999999999999833, 0.8500000000000003109 ) ) ;
#3397 = LINE ( 'NONE', #5685, #102 ) ;
#3398 = EDGE_CURVE ( 'NONE', #2390, #4259, #6850, .T. ) ;
#3399 = CARTESIAN_POINT ( 'NONE',  ( 1.399999999999999689, 0.000000000000000000, 0.000000000000000000 ) ) ;
#3400 = MECHANICAL_DESIGN_GEOMETRIC_PRESENTATION_REPRESENTATION (  '', ( #380 ), #9097 ) ;
#3401 = FACE_OUTER_BOUND ( 'NONE', #8516, .T. ) ;
#3402 = VERTEX_POINT ( 'NONE', #7088 ) ;
#3403 = DIRECTION ( 'NONE',  ( 0.000000000000000000, 1.000000000000000000, 0.000000000000000000 ) ) ;
#3404 = AXIS2_PLACEMENT_3D ( 'NONE', #7305, #8772, #7948 ) ;
#3405 = DIRECTION ( 'NONE',  ( 1.000000000000000000, -0.000000000000000000, -5.421010862427520198E-16 ) ) ;
#3406 = ORIENTED_EDGE ( 'NONE', *, *, #495, .T. ) ;
#3407 = DIRECTION ( 'NONE',  ( 0.000000000000000000, -1.000000000000000000, 0.000000000000000000 ) ) ;
#3408 = ORIENTED_EDGE ( 'NONE', *, *, #5979, .F. ) ;
#3409 = EDGE_CURVE ( 'NONE', #895, #1497, #4224, .T. ) ;
#3410 = DIRECTION ( 'NONE',  ( 2.710505431213761578E-16, 0.000000000000000000, 1.000000000000000000 ) ) ;
#3411 = EDGE_CURVE ( 'NONE', #7389, #6463, #3961, .T. ) ;
#3412 = DIRECTION ( 'NONE',  ( -1.445602896647339163E-16, 0.000000000000000000, -1.000000000000000000 ) ) ;
#3413 = AXIS2_PLACEMENT_3D ( 'NONE', #2182, #48, #563 ) ;
#3414 = DIRECTION ( 'NONE',  ( 1.084202172485501673E-15, 0.000000000000000000, 1.000000000000000000 ) ) ;
#3415 = PLANE ( 'NONE',  #1549 ) ;
#3416 = VECTOR ( 'NONE', #6061, 1000.000000000000000 ) ;
#3417 = FACE_OUTER_BOUND ( 'NONE', #4349, .T. ) ;
#3418 = ORIENTED_EDGE ( 'NONE', *, *, #9289, .F. ) ;
#3419 = LINE ( 'NONE', #5529, #3435 ) ;
#3420 = VERTEX_POINT ( 'NONE', #6272 ) ;
#3421 = PRESENTATION_LAYER_ASSIGNMENT (  '', '', ( #8783 ) ) ;
#3422 = ORIENTED_EDGE ( 'NONE', *, *, #1647, .F. ) ;
#3423 = DIRECTION ( 'NONE',  ( 0.000000000000000000, 0.000000000000000000, 1.000000000000000000 ) ) ;
#3424 = EDGE_CURVE ( 'NONE', #868, #7144, #7142, .T. ) ;
#3425 = DIRECTION ( 'NONE',  ( 1.000000000000000000, 0.000000000000000000, 0.000000000000000000 ) ) ;
#3426 = CARTESIAN_POINT ( 'NONE',  ( -0.6499999999999995781, 0.2000000000000000111, -1.600000000000000311 ) ) ;
#3427 = VECTOR ( 'NONE', #2833, 1000.000000000000000 ) ;
#3428 = AXIS2_PLACEMENT_3D ( 'NONE', #7369, #8184, #8897 ) ;
#3429 = LINE ( 'NONE', #3705, #6387 ) ;
#3430 = LINE ( 'NONE', #7983, #6525 ) ;
#3431 = ORIENTED_EDGE ( 'NONE', *, *, #9038, .T. ) ;
#3432 =( NAMED_UNIT ( * ) SI_UNIT ( $, .STERADIAN. ) SOLID_ANGLE_UNIT ( ) );
#3433 = ADVANCED_FACE ( 'NONE', ( #4150 ), #6962, .F. ) ;
#3434 = DIRECTION ( 'NONE',  ( 0.000000000000000000, 0.000000000000000000, -1.000000000000000000 ) ) ;
#3435 = VECTOR ( 'NONE', #7052, 1000.000000000000000 ) ;
#3436 = VERTEX_POINT ( 'NONE', #4087 ) ;
#3437 = EDGE_LOOP ( 'NONE', ( #1255, #4819, #1402, #4375 ) ) ;
#3438 = CARTESIAN_POINT ( 'NONE',  ( 0.3500000000000009215, 0.1999999999999999833, 1.600000000000000311 ) ) ;
#3439 = ADVANCED_FACE ( 'NONE', ( #7239 ), #9346, .T. ) ;
#3440 = AXIS2_PLACEMENT_3D ( 'NONE', #737, #3823, #3762 ) ;
#3441 = CARTESIAN_POINT ( 'NONE',  ( 1.499999999999999778, 0.6472135954999583829, -0.3500000000000000333 ) ) ;
#3442 = DIRECTION ( 'NONE',  ( 0.000000000000000000, 0.000000000000000000, 1.000000000000000000 ) ) ;
#3443 = LINE ( 'NONE', #222, #354 ) ;
#3444 = CARTESIAN_POINT ( 'NONE',  ( 1.399999999999999689, 0.1250000000000000000, 1.750000000000000000 ) ) ;
#3445 = ADVANCED_FACE ( 'NONE', ( #3939 ), #8530, .F. ) ;
#3446 = LINE ( 'NONE', #2094, #6524 ) ;
#3447 = VECTOR ( 'NONE', #336, 1000.000000000000000 ) ;
#3448 = VERTEX_POINT ( 'NONE', #8471 ) ;
#3449 = DIRECTION ( 'NONE',  ( 0.000000000000000000, 1.000000000000000000, 0.000000000000000000 ) ) ;
#3450 = DIRECTION ( 'NONE',  ( 0.000000000000000000, 0.000000000000000000, -1.000000000000000000 ) ) ;
#3451 = VECTOR ( 'NONE', #3442, 1000.000000000000000 ) ;
#3452 = ORIENTED_EDGE ( 'NONE', *, *, #9464, .T. ) ;
#3453 = VERTEX_POINT ( 'NONE', #8581 ) ;
#3454 = CARTESIAN_POINT ( 'NONE',  ( -0.6499999999999991340, 0.6472135954999580498, 1.600000000000000311 ) ) ;
#3455 = ADVANCED_FACE ( 'NONE', ( #4132 ), #9184, .F. ) ;
#3456 =( NAMED_UNIT ( * ) SI_UNIT ( $, .STERADIAN. ) SOLID_ANGLE_UNIT ( ) );
#3457 = CARTESIAN_POINT ( 'NONE',  ( 0.1500000000000008271, 0.2000000000000000111, 1.600000000000000089 ) ) ;
#3458 = FACE_OUTER_BOUND ( 'NONE', #9211, .T. ) ;
#3459 = CARTESIAN_POINT ( 'NONE',  ( 0.6500000000000007994, 0.04999999999999999584, 1.600000000000000089 ) ) ;
#3460 = LINE ( 'NONE', #6134, #3472 ) ;
#3461 = VERTEX_POINT ( 'NONE', #8703 ) ;
#3462 = ORIENTED_EDGE ( 'NONE', *, *, #8763, .T. ) ;
#3463 = DIRECTION ( 'NONE',  ( 0.000000000000000000, 0.000000000000000000, -1.000000000000000000 ) ) ;
#3464 = VERTEX_POINT ( 'NONE', #546 ) ;
#3465 = CARTESIAN_POINT ( 'NONE',  ( -1.400000000000000133, 0.1999999999999999833, 1.750000000000000000 ) ) ;
#3466 = CARTESIAN_POINT ( 'NONE',  ( -1.400000000000000133, 0.1999999999999999833, -1.600000000000000089 ) ) ;
#3467 = PRESENTATION_LAYER_ASSIGNMENT (  '', '', ( #456 ) ) ;
#3468 = CARTESIAN_POINT ( 'NONE',  ( 1.099999999999999867, 0.6472135954999583829, 0.3500000000000002554 ) ) ;
#3469 = LINE ( 'NONE', #3277, #401 ) ;
#3470 = DIRECTION ( 'NONE',  ( -1.084202172485501673E-15, 0.000000000000000000, -1.000000000000000000 ) ) ;
#3471 = COLOUR_RGB ( '',1.000000000000000000, 0.5019607843137254832, 0.5019607843137254832 ) ;
#3472 = VECTOR ( 'NONE', #8979, 1000.000000000000000 ) ;
#3473 = ORIENTED_EDGE ( 'NONE', *, *, #8532, .F. ) ;
#3474 = CARTESIAN_POINT ( 'NONE',  ( 0.1500000000000003830, 0.000000000000000000, -2.000000000000000000 ) ) ;
#3475 = PLANE ( 'NONE',  #4851 ) ;
#3476 = ORIENTED_EDGE ( 'NONE', *, *, #7596, .F. ) ;
#3477 = AXIS2_PLACEMENT_3D ( 'NONE', #2599, #3944, #4018 ) ;
#3478 = EDGE_CURVE ( 'NONE', #4737, #4991, #4262, .T. ) ;
#3479 = ORIENTED_EDGE ( 'NONE', *, *, #7424, .T. ) ;
#3480 = CARTESIAN_POINT ( 'NONE',  ( -1.250000000000000222, 0.1999999999999999833, -1.899999999999999911 ) ) ;
#3481 = CARTESIAN_POINT ( 'NONE',  ( -0.1499999999999995226, 0.05000000000000000278, 0.000000000000000000 ) ) ;
#3482 = VECTOR ( 'NONE', #3137, 1000.000000000000000 ) ;
#3483 = STYLED_ITEM ( 'NONE', ( #133 ), #5198 ) ;
#3484 = EDGE_LOOP ( 'NONE', ( #8886, #4015 ) ) ;
#3485 = CARTESIAN_POINT ( 'NONE',  ( 1.500000000000000000, 0.1999999999999999833, 0.8500000000000005329 ) ) ;
#3486 = DIRECTION ( 'NONE',  ( 0.000000000000000000, 1.000000000000000000, 0.000000000000000000 ) ) ;
#3487 = LINE ( 'NONE', #3310, #3504 ) ;
#3488 = ORIENTED_EDGE ( 'NONE', *, *, #2979, .T. ) ;
#3489 = EDGE_CURVE ( 'NONE', #3956, #4161, #7292, .T. ) ;
#3490 = ORIENTED_EDGE ( 'NONE', *, *, #2755, .T. ) ;
#3491 = DIRECTION ( 'NONE',  ( -0.000000000000000000, 0.000000000000000000, 1.000000000000000000 ) ) ;
#3492 = STYLED_ITEM ( 'NONE', ( #392 ), #3264 ) ;
#3493 = CARTESIAN_POINT ( 'NONE',  ( 0.6500000000000003553, 0.1999999999999996503, -2.000000000000000000 ) ) ;
#3494 = FILL_AREA_STYLE_COLOUR ( '', #3321 ) ;
#3495 = EDGE_CURVE ( 'NONE', #2911, #6990, #4201, .T. ) ;
#3496 = ADVANCED_FACE ( 'NONE', ( #933 ), #8146, .F. ) ;
#3497 = DIRECTION ( 'NONE',  ( -1.000000000000000000, 0.000000000000000000, -5.421010862427520198E-16 ) ) ;
#3498 = LINE ( 'NONE', #19, #3482 ) ;
#3499 = VECTOR ( 'NONE', #4268, 1000.000000000000000 ) ;
#3500 = EDGE_CURVE ( 'NONE', #6047, #6893, #3904, .T. ) ;
#3501 = VERTEX_POINT ( 'NONE', #1654 ) ;
#3502 = DIRECTION ( 'NONE',  ( 1.000000000000000000, 0.000000000000000000, 2.891205793294678326E-16 ) ) ;
#3503 = ADVANCED_FACE ( 'NONE', ( #7334 ), #3584, .F. ) ;
#3504 = VECTOR ( 'NONE', #7816, 1000.000000000000000 ) ;
#3505 = VERTEX_POINT ( 'NONE', #8852 ) ;
#3506 = CARTESIAN_POINT ( 'NONE',  ( -0.1499999999999990785, 0.000000000000000000, 1.600000000000000311 ) ) ;
#3507 = ORIENTED_EDGE ( 'NONE', *, *, #2627, .T. ) ;
#3508 = PLANE ( 'NONE',  #3692 ) ;
#3509 = DIRECTION ( 'NONE',  ( 1.000000000000000000, -0.000000000000000000, 1.084202172485504040E-15 ) ) ;
#3510 = ADVANCED_FACE ( 'NONE', ( #3999 ), #143, .T. ) ;
#3511 = EDGE_CURVE ( 'NONE', #5593, #7097, #7179, .T. ) ;
#3512 = AXIS2_PLACEMENT_3D ( 'NONE', #8352, #3673, #5964 ) ;
#3513 = DIRECTION ( 'NONE',  ( -0.000000000000000000, -0.000000000000000000, 1.000000000000000000 ) ) ;
#3514 = DIRECTION ( 'NONE',  ( 0.000000000000000000, -1.000000000000000000, 0.000000000000000000 ) ) ;
#3515 = LINE ( 'NONE', #5994, #6995 ) ;
#3516 = EDGE_CURVE ( 'NONE', #5248, #3115, #866, .T. ) ;
#3517 = EDGE_CURVE ( 'NONE', #6635, #466, #972, .T. ) ;
#3518 = PRESENTATION_STYLE_ASSIGNMENT (( #3842 ) ) ;
#3519 = ORIENTED_EDGE ( 'NONE', *, *, #3381, .F. ) ;
#3520 = EDGE_CURVE ( 'NONE', #6790, #7297, #3920, .T. ) ;
#3521 = PLANE ( 'NONE',  #2363 ) ;
#3522 = VECTOR ( 'NONE', #6871, 1000.000000000000000 ) ;
#3523 = PLANE ( 'NONE',  #6326 ) ;
#3524 = VERTEX_POINT ( 'NONE', #2966 ) ;
#3525 =( LENGTH_UNIT ( ) NAMED_UNIT ( * ) SI_UNIT ( .MILLI., .METRE. ) );
#3526 = SURFACE_SIDE_STYLE ('',( #1738 ) ) ;
#3527 = AXIS2_PLACEMENT_3D ( 'NONE', #5675, #3285, #6945 ) ;
#3528 = VERTEX_POINT ( 'NONE', #90 ) ;
#3529 = ADVANCED_FACE ( 'NONE', ( #1043 ), #813, .F. ) ;
#3530 = DIRECTION ( 'NONE',  ( 0.000000000000000000, 0.000000000000000000, 1.000000000000000000 ) ) ;
#3531 = DIRECTION ( 'NONE',  ( 1.000000000000000000, -0.000000000000000000, -0.000000000000000000 ) ) ;
#3532 = DIRECTION ( 'NONE',  ( 0.000000000000000000, 0.000000000000000000, 1.000000000000000000 ) ) ;
#3533 = PRODUCT_DEFINITION_FORMATION_WITH_SPECIFIED_SOURCE ( 'ANY', '', #5389, .NOT_KNOWN. ) ;
#3534 = LINE ( 'NONE', #3710, #6582 ) ;
#3535 = EDGE_LOOP ( 'NONE', ( #2461, #3490, #9192, #9095 ) ) ;
#3536 = EDGE_CURVE ( 'NONE', #895, #666, #4027, .T. ) ;
#3537 = LINE ( 'NONE', #7627, #6466 ) ;
#3538 = CARTESIAN_POINT ( 'NONE',  ( 1.099999999999999423, 0.1250000000000011935, -1.732294901687515321 ) ) ;
#3539 = CLOSED_SHELL ( 'NONE', ( #114, #5198, #5287, #4758, #1148, #6025 ) ) ;
#3540 = VERTEX_POINT ( 'NONE', #7390 ) ;
#3541 = DIRECTION ( 'NONE',  ( 1.000000000000000000, -0.000000000000000000, 5.421010862427520198E-16 ) ) ;
#3542 = VECTOR ( 'NONE', #877, 1000.000000000000000 ) ;
#3543 = VECTOR ( 'NONE', #2991, 1000.000000000000000 ) ;
#3544 = VERTEX_POINT ( 'NONE', #8082 ) ;
#3545 = DIRECTION ( 'NONE',  ( -1.084202172485504828E-15, 1.000000000000000000, 0.000000000000000000 ) ) ;
#3546 = DIRECTION ( 'NONE',  ( -1.445602896647339163E-16, -0.000000000000000000, -1.000000000000000000 ) ) ;
#3547 = DIRECTION ( 'NONE',  ( 1.000000000000000000, 0.000000000000000000, 5.421010862427523156E-16 ) ) ;
#3548 = LINE ( 'NONE', #1925, #6616 ) ;
#3549 = ORIENTED_EDGE ( 'NONE', *, *, #5299, .T. ) ;
#3550 = VERTEX_POINT ( 'NONE', #8201 ) ;
#3551 = DIRECTION ( 'NONE',  ( 0.000000000000000000, 1.000000000000000000, 0.000000000000000000 ) ) ;
#3552 = CARTESIAN_POINT ( 'NONE',  ( 0.7500000000000000000, 0.000000000000000000, 1.300000000000000044 ) ) ;
#3553 = CARTESIAN_POINT ( 'NONE',  ( -1.099999999999999867, 0.05000000000000000278, 0.000000000000000000 ) ) ;
#3554 = VECTOR ( 'NONE', #7638, 1000.000000000000000 ) ;
#3555 = FILL_AREA_STYLE_COLOUR ( '', #614 ) ;
#3556 = LINE ( 'NONE', #706, #3849 ) ;
#3557 = ORIENTED_EDGE ( 'NONE', *, *, #8525, .F. ) ;
#3558 = EDGE_CURVE ( 'NONE', #2533, #6907, #7199, .T. ) ;
#3559 = CARTESIAN_POINT ( 'NONE',  ( -0.1499999999999995226, 0.000000000000000000, -2.000000000000000000 ) ) ;
#3560 = LINE ( 'NONE', #6423, #3325 ) ;
#3561 = ORIENTED_EDGE ( 'NONE', *, *, #5915, .T. ) ;
#3562 = DIRECTION ( 'NONE',  ( 0.000000000000000000, 0.000000000000000000, 1.000000000000000000 ) ) ;
#3563 = VERTEX_POINT ( 'NONE', #6746 ) ;
#3564 = CARTESIAN_POINT ( 'NONE',  ( 0.8500000000000005329, 0.6472135954999580498, -1.600000000000000311 ) ) ;
#3565 = PLANE ( 'NONE',  #4885 ) ;
#3566 = ADVANCED_FACE ( 'NONE', ( #824 ), #7310, .F. ) ;
#3567 = DIRECTION ( 'NONE',  ( 0.000000000000000000, 0.000000000000000000, 1.000000000000000000 ) ) ;
#3568 = CARTESIAN_POINT ( 'NONE',  ( 1.399999999999999689, 0.1250000000000000000, 1.600000000000000089 ) ) ;
#3569 = DIRECTION ( 'NONE',  ( 1.000000000000000000, -0.000000000000000000, 2.891205793294678326E-16 ) ) ;
#3570 = LINE ( 'NONE', #1860, #6787 ) ;
#3571 = LINE ( 'NONE', #5064, #583 ) ;
#3572 = EDGE_LOOP ( 'NONE', ( #4448, #4989, #5752, #2437 ) ) ;
#3573 = ADVANCED_FACE ( 'NONE', ( #994 ), #1704, .F. ) ;
#3574 = CARTESIAN_POINT ( 'NONE',  ( -1.099999999999999867, 0.000000000000000000, 0.3500000000000002554 ) ) ;
#3575 = FACE_OUTER_BOUND ( 'NONE', #2076, .T. ) ;
#3576 = ORIENTED_EDGE ( 'NONE', *, *, #986, .F. ) ;
#3577 = DIRECTION ( 'NONE',  ( 1.000000000000000000, 0.000000000000000000, 1.084202172485504040E-15 ) ) ;
#3578 = DIRECTION ( 'NONE',  ( 0.000000000000000000, -1.000000000000000000, 0.000000000000000000 ) ) ;
#3579 = VERTEX_POINT ( 'NONE', #206 ) ;
#3580 = MECHANICAL_DESIGN_GEOMETRIC_PRESENTATION_REPRESENTATION (  '', ( #17 ), #9264 ) ;
#3581 = ADVANCED_FACE ( 'NONE', ( #7875 ), #9090, .T. ) ;
#3582 = PLANE ( 'NONE',  #2729 ) ;
#3583 = EDGE_CURVE ( 'NONE', #2155, #5046, #4371, .T. ) ;
#3584 = PLANE ( 'NONE',  #6190 ) ;
#3585 = PRESENTATION_LAYER_ASSIGNMENT (  '', '', ( #7032 ) ) ;
#3587 = LINE ( 'NONE', #8985, #250 ) ;
#3586 = CARTESIAN_POINT ( 'NONE',  ( 1.099999999999999423, 0.1250000000000011935, -2.000000000000000000 ) ) ;
#3588 = EDGE_CURVE ( 'NONE', #1221, #9150, #7747, .T. ) ;
#3589 = LINE ( 'NONE', #8401, #372 ) ;
#3590 = VECTOR ( 'NONE', #1190, 1000.000000000000000 ) ;
#3591 = ORIENTED_EDGE ( 'NONE', *, *, #4614, .T. ) ;
#3592 = VECTOR ( 'NONE', #5207, 1000.000000000000000 ) ;
#3593 = VERTEX_POINT ( 'NONE', #1257 ) ;
#3594 = CLOSED_SHELL ( 'NONE', ( #3368, #399, #5875, #3363, #985, #8380 ) ) ;
#3595 = ADVANCED_FACE ( 'NONE', ( #1248 ), #6923, .F. ) ;
#3596 = EDGE_CURVE ( 'NONE', #1527, #335, #1355, .T. ) ;
#3597 = CARTESIAN_POINT ( 'NONE',  ( -1.499999999999999778, 0.04999999999999969746, 1.149999999999999911 ) ) ;
#3598 = LINE ( 'NONE', #86, #6685 ) ;
#3599 = EDGE_CURVE ( 'NONE', #2034, #1138, #4459, .T. ) ;
#3600 = PRESENTATION_LAYER_ASSIGNMENT (  '', '', ( #3492 ) ) ;
#3601 = VECTOR ( 'NONE', #3047, 1000.000000000000000 ) ;
#3602 = ORIENTED_EDGE ( 'NONE', *, *, #2624, .F. ) ;
#3603 = CARTESIAN_POINT ( 'NONE',  ( -0.7500000000000000000, 0.2000000000000000944, -1.000000000000000888 ) ) ;
#3604 = DIRECTION ( 'NONE',  ( -0.000000000000000000, 1.000000000000000000, 0.000000000000000000 ) ) ;
#3605 = FACE_OUTER_BOUND ( 'NONE', #2167, .T. ) ;
#3606 = EDGE_CURVE ( 'NONE', #8474, #1393, #7689, .T. ) ;
#3607 = ORIENTED_EDGE ( 'NONE', *, *, #5394, .F. ) ;
#3608 = ORIENTED_EDGE ( 'NONE', *, *, #3840, .F. ) ;
#3609 = DIRECTION ( 'NONE',  ( 1.000000000000000000, 0.000000000000000000, 0.000000000000000000 ) ) ;
#3610 = EDGE_CURVE ( 'NONE', #6426, #5643, #4500, .T. ) ;
#3611 =( NAMED_UNIT ( * ) SI_UNIT ( $, .STERADIAN. ) SOLID_ANGLE_UNIT ( ) );
#3612 = EDGE_CURVE ( 'NONE', #4737, #9231, #4444, .T. ) ;
#3613 = FILL_AREA_STYLE_COLOUR ( '', #3471 ) ;
#3614 = SURFACE_STYLE_USAGE ( .BOTH. , #8112 ) ;
#3615 = CARTESIAN_POINT ( 'NONE',  ( 0.000000000000000000, 0.2000000000000000111, 0.000000000000000000 ) ) ;
#3616 = CARTESIAN_POINT ( 'NONE',  ( -1.099999999999999867, 0.1999999999999999833, 0.1500000000000001887 ) ) ;
#3617 = VECTOR ( 'NONE', #9267, 1000.000000000000000 ) ;
#3618 = EDGE_CURVE ( 'NONE', #4017, #3278, #7655, .T. ) ;
#3619 = ORIENTED_EDGE ( 'NONE', *, *, #9427, .T. ) ;
#3620 = PLANE ( 'NONE',  #3912 ) ;
#3621 = EDGE_CURVE ( 'NONE', #3524, #7580, #4644, .T. ) ;
#3622 = CLOSED_SHELL ( 'NONE', ( #3711, #1337, #320, #5428, #2799, #2022 ) ) ;
#3623 = DIRECTION ( 'NONE',  ( 0.000000000000000000, -1.000000000000000000, 0.000000000000000000 ) ) ;
#3624 = AXIS2_PLACEMENT_3D ( 'NONE', #6550, #7275, #8117 ) ;
#3625 = VERTEX_POINT ( 'NONE', #5519 ) ;
#3626 = CARTESIAN_POINT ( 'NONE',  ( 0.3500000000000004774, 0.6472135954999580498, -2.000000000000000000 ) ) ;
#3627 = DIRECTION ( 'NONE',  ( 1.000000000000000000, -0.000000000000000000, 5.421010862427523156E-16 ) ) ;
#3628 = EDGE_CURVE ( 'NONE', #7399, #7533, #7525, .T. ) ;
#3629 = DIRECTION ( 'NONE',  ( 0.000000000000000000, 0.000000000000000000, -1.000000000000000000 ) ) ;
#3630 = AXIS2_PLACEMENT_3D ( 'NONE', #7852, #750, #3023 ) ;
#3631 = CARTESIAN_POINT ( 'NONE',  ( -0.8499999999999996447, 0.2000000000000000111, -1.600000000000000089 ) ) ;
#3632 = VECTOR ( 'NONE', #9334, 1000.000000000000000 ) ;
#3633 = LINE ( 'NONE', #4821, #492 ) ;
#3634 = ORIENTED_EDGE ( 'NONE', *, *, #1260, .F. ) ;
#3635 = DIRECTION ( 'NONE',  ( 0.000000000000000000, 1.000000000000000000, 0.000000000000000000 ) ) ;
#3636 = LINE ( 'NONE', #7953, #3655 ) ;
#3637 = DIRECTION ( 'NONE',  ( 0.000000000000000000, -1.000000000000000000, 0.000000000000000000 ) ) ;
#3638 = ORIENTED_EDGE ( 'NONE', *, *, #5625, .F. ) ;
#3639 =( NAMED_UNIT ( * ) SI_UNIT ( $, .STERADIAN. ) SOLID_ANGLE_UNIT ( ) );
#3640 = CARTESIAN_POINT ( 'NONE',  ( -1.099999999999999867, 0.1999999999999999833, -0.8499999999999998668 ) ) ;
#3641 = ORIENTED_EDGE ( 'NONE', *, *, #9304, .F. ) ;
#3642 = MANIFOLD_SOLID_BREP ( 'LPattern3[2]', #239 ) ;
#3643 = DIRECTION ( 'NONE',  ( -0.000000000000000000, -0.000000000000000000, -1.000000000000000000 ) ) ;
#3644 = AXIS2_PLACEMENT_3D ( 'NONE', #1426, #9328, #2812 ) ;
#3645 = ADVANCED_FACE ( 'NONE', ( #1191 ), #8486, .T. ) ;
#3646 = DIRECTION ( 'NONE',  ( 0.000000000000000000, 1.000000000000000000, 0.000000000000000000 ) ) ;
#3647 = UNCERTAINTY_MEASURE_WITH_UNIT (LENGTH_MEASURE( 1.000000000000000082E-05 ), #248, 'distance_accuracy_value', 'NONE');
#3648 = DIRECTION ( 'NONE',  ( -5.421010862427523156E-16, 0.000000000000000000, 1.000000000000000000 ) ) ;
#3649 = FACE_OUTER_BOUND ( 'NONE', #7949, .T. ) ;
#3650 = CARTESIAN_POINT ( 'NONE',  ( 1.099999999999999867, 0.000000000000000000, -1.349999999999999867 ) ) ;
#3651 = LINE ( 'NONE', #7116, #6757 ) ;
#3652 = LINE ( 'NONE', #55, #3717 ) ;
#3653 = ORIENTED_EDGE ( 'NONE', *, *, #9296, .T. ) ;
#3654 = ADVANCED_FACE ( 'NONE', ( #1118 ), #3323, .T. ) ;
#3655 = VECTOR ( 'NONE', #1375, 1000.000000000000000 ) ;
#3656 = VERTEX_POINT ( 'NONE', #7042 ) ;
#3657 = VERTEX_POINT ( 'NONE', #6982 ) ;
#3658 = DIRECTION ( 'NONE',  ( 0.000000000000000000, -0.000000000000000000, 1.000000000000000000 ) ) ;
#3659 = EDGE_CURVE ( 'NONE', #3322, #4463, #4605, .T. ) ;
#3660 = EDGE_CURVE ( 'NONE', #9426, #1792, #1137, .T. ) ;
#3661 = PRESENTATION_STYLE_ASSIGNMENT (( #3116 ) ) ;
#3662 = VERTEX_POINT ( 'NONE', #9310 ) ;
#3663 = DIRECTION ( 'NONE',  ( -1.000000000000000000, 0.000000000000000000, -5.421010862427520198E-16 ) ) ;
#3664 = CARTESIAN_POINT ( 'NONE',  ( -1.099999999999999867, 0.1999999999999999833, 1.350000000000000311 ) ) ;
#3665 = LINE ( 'NONE', #6989, #498 ) ;
#3666 = ORIENTED_EDGE ( 'NONE', *, *, #6293, .F. ) ;
#3667 = ORIENTED_EDGE ( 'NONE', *, *, #2859, .F. ) ;
#3668 = CARTESIAN_POINT ( 'NONE',  ( 0.8500000000000010880, 0.6472135954999580498, 2.000000000000000000 ) ) ;
#3669 =( NAMED_UNIT ( * ) PLANE_ANGLE_UNIT ( ) SI_UNIT ( $, .RADIAN. ) );
#3670 = DIRECTION ( 'NONE',  ( -0.000000000000000000, 0.000000000000000000, 1.000000000000000000 ) ) ;
#3671 = VECTOR ( 'NONE', #4069, 1000.000000000000000 ) ;
#3672 = ORIENTED_EDGE ( 'NONE', *, *, #8728, .T. ) ;
#3673 = DIRECTION ( 'NONE',  ( 0.000000000000000000, 0.000000000000000000, -1.000000000000000000 ) ) ;
#3674 = FACE_OUTER_BOUND ( 'NONE', #9163, .T. ) ;
#3675 = VERTEX_POINT ( 'NONE', #6589 ) ;
#3676 = CARTESIAN_POINT ( 'NONE',  ( -1.734723475976807489E-15, 0.05000000000000000278, -1.600000000000000977 ) ) ;
#3677 = ORIENTED_EDGE ( 'NONE', *, *, #2079, .T. ) ;
#3678 = PLANE ( 'NONE',  #7421 ) ;
#3679 = DIRECTION ( 'NONE',  ( 0.000000000000000000, -0.000000000000000000, 1.000000000000000000 ) ) ;
#3680 = DIRECTION ( 'NONE',  ( 0.000000000000000000, -1.000000000000000000, 0.000000000000000000 ) ) ;
#3681 = UNCERTAINTY_MEASURE_WITH_UNIT (LENGTH_MEASURE( 1.000000000000000082E-05 ), #3031, 'distance_accuracy_value', 'NONE');
#3682 = CARTESIAN_POINT ( 'NONE',  ( 1.399999999999999689, 0.000000000000000000, 0.000000000000000000 ) ) ;
#3683 = CARTESIAN_POINT ( 'NONE',  ( 1.500000000000000000, 0.6472135954999583829, -1.149999999999999467 ) ) ;
#3684 = AXIS2_PLACEMENT_3D ( 'NONE', #3615, #778, #3731 ) ;
#3685 = LINE ( 'NONE', #4006, #6886 ) ;
#3686 = ORIENTED_EDGE ( 'NONE', *, *, #8575, .F. ) ;
#3687 = DIRECTION ( 'NONE',  ( -1.000000000000000000, 0.000000000000000000, 5.421010862427523156E-16 ) ) ;
#3688 = ORIENTED_EDGE ( 'NONE', *, *, #3517, .F. ) ;
#3689 = ORIENTED_EDGE ( 'NONE', *, *, #5285, .F. ) ;
#3690 = DIRECTION ( 'NONE',  ( -1.000000000000000000, 0.000000000000000000, -5.421010862427524019E-17 ) ) ;
#3691 = ORIENTED_EDGE ( 'NONE', *, *, #7662, .F. ) ;
#3692 = AXIS2_PLACEMENT_3D ( 'NONE', #3564, #4344, #5846 ) ;
#3693 = CARTESIAN_POINT ( 'NONE',  ( 1.499999999999999778, 0.1999999999999999833, 1.750000000000000000 ) ) ;
#3694 = EDGE_CURVE ( 'NONE', #6268, #4017, #7818, .T. ) ;
#3695 = CARTESIAN_POINT ( 'NONE',  ( -0.4499999999999970690, 3.201666203960727319, -1.300000000000000266 ) ) ;
#3696 = SURFACE_STYLE_USAGE ( .BOTH. , #5870 ) ;
#3697 = DIRECTION ( 'NONE',  ( 0.000000000000000000, 0.000000000000000000, 1.000000000000000000 ) ) ;
#3698 = DIRECTION ( 'NONE',  ( 0.000000000000000000, 0.000000000000000000, -1.000000000000000000 ) ) ;
#3699 = LINE ( 'NONE', #5309, #6859 ) ;
#3700 = EDGE_CURVE ( 'NONE', #501, #3761, #1437, .T. ) ;
#3701 = VECTOR ( 'NONE', #1899, 1000.000000000000000 ) ;
#3702 = ORIENTED_EDGE ( 'NONE', *, *, #6042, .F. ) ;
#3703 = VECTOR ( 'NONE', #2245, 1000.000000000000000 ) ;
#3704 = VERTEX_POINT ( 'NONE', #688 ) ;
#3705 = CARTESIAN_POINT ( 'NONE',  ( -0.1499999999999990785, 0.000000000000000000, 1.600000000000000311 ) ) ;
#3706 = ORIENTED_EDGE ( 'NONE', *, *, #6252, .T. ) ;
#3707 = CARTESIAN_POINT ( 'NONE',  ( -1.250000000000000222, 0.1250000000000000000, -2.000000000000000000 ) ) ;
#3708 = EDGE_CURVE ( 'NONE', #8075, #307, #4346, .T. ) ;
#3709 = AXIS2_PLACEMENT_3D ( 'NONE', #7680, #4917, #6171 ) ;
#3710 = CARTESIAN_POINT ( 'NONE',  ( 1.099999999999999867, 0.1250000000000011935, 1.899999999999999911 ) ) ;
#3711 = ADVANCED_FACE ( 'NONE', ( #7636 ), #504, .T. ) ;
#3712 = DIRECTION ( 'NONE',  ( -0.000000000000000000, -1.000000000000000000, -0.000000000000000000 ) ) ;
#3713 = EDGE_CURVE ( 'NONE', #7754, #5899, #1173, .T. ) ;
#3714 = DIRECTION ( 'NONE',  ( -0.000000000000000000, -1.000000000000000000, -0.000000000000000000 ) ) ;
#3715 = EDGE_CURVE ( 'NONE', #4837, #6970, #7506, .T. ) ;
#3716 = EDGE_CURVE ( 'NONE', #350, #2767, #1288, .T. ) ;
#3717 = VECTOR ( 'NONE', #2189, 1000.000000000000000 ) ;
#3718 = ORIENTED_EDGE ( 'NONE', *, *, #247, .F. ) ;
#3719 = DIRECTION ( 'NONE',  ( -1.084202172485501673E-15, 0.000000000000000000, 1.000000000000000000 ) ) ;
#3720 = ADVANCED_FACE ( 'NONE', ( #7833 ), #2983, .F. ) ;
#3721 = EDGE_CURVE ( 'NONE', #3772, #501, #4425, .T. ) ;
#3722 = CARTESIAN_POINT ( 'NONE',  ( -1.249999999999999778, 0.1250000000000000000, 1.899999999999999911 ) ) ;
#3723 = LINE ( 'NONE', #3330, #6996 ) ;
#3724 = ORIENTED_EDGE ( 'NONE', *, *, #4848, .F. ) ;
#3725 = VERTEX_POINT ( 'NONE', #4470 ) ;
#3726 = MECHANICAL_DESIGN_GEOMETRIC_PRESENTATION_REPRESENTATION (  '', ( #7744 ), #5539 ) ;
#3727 = EDGE_LOOP ( 'NONE', ( #1912, #7469, #7861, #1660 ) ) ;
#3728 = PLANE ( 'NONE',  #1408 ) ;
#3729 = DIRECTION ( 'NONE',  ( -5.421010862427522170E-17, -0.000000000000000000, 1.000000000000000000 ) ) ;
#3730 = CARTESIAN_POINT ( 'NONE',  ( -1.166666666666666741, 0.8000000000000000444, -1.816666666666666430 ) ) ;
#3731 = DIRECTION ( 'NONE',  ( 0.000000000000000000, -0.000000000000000000, 1.000000000000000000 ) ) ;
#3732 = AXIS2_PLACEMENT_3D ( 'NONE', #5828, #2063, #3040 ) ;
#3733 = VECTOR ( 'NONE', #2684, 1000.000000000000000 ) ;
#3734 = VECTOR ( 'NONE', #8350, 1000.000000000000000 ) ;
#3735 = STYLED_ITEM ( 'NONE', ( #4802 ), #2493 ) ;
#3736 = EDGE_LOOP ( 'NONE', ( #7995, #5265, #1509, #5032 ) ) ;
#3737 = CARTESIAN_POINT ( 'NONE',  ( 0.5000000000000000000, 0.000000000000000000, 0.000000000000000000 ) ) ;
#3738 =( LENGTH_UNIT ( ) NAMED_UNIT ( * ) SI_UNIT ( .MILLI., .METRE. ) );
#3739 = VECTOR ( 'NONE', #5058, 1000.000000000000000 ) ;
#3740 = ORIENTED_EDGE ( 'NONE', *, *, #7060, .F. ) ;
#3741 = EDGE_LOOP ( 'NONE', ( #7284, #4301, #712, #4218 ) ) ;
#3742 = CARTESIAN_POINT ( 'NONE',  ( -0.6499999999999995781, 0.6472135954999580498, -1.600000000000000311 ) ) ;
#3743 = EDGE_LOOP ( 'NONE', ( #5954, #9219, #2043, #1940 ) ) ;
#3744 = CARTESIAN_POINT ( 'NONE',  ( 1.499999999999999778, 0.05000000000000000278, 2.000000000000000000 ) ) ;
#3745 = CARTESIAN_POINT ( 'NONE',  ( 1.249999999999999334, 0.2000000000000013434, 2.000000000000000000 ) ) ;
#3746 = PRESENTATION_LAYER_ASSIGNMENT (  '', '', ( #7899 ) ) ;
#3747 = PLANE ( 'NONE',  #5896 ) ;
#3748 = FILL_AREA_STYLE_COLOUR ( '', #4603 ) ;
#3749 = DIRECTION ( 'NONE',  ( -1.000000000000000000, -1.084202172485504828E-15, 0.000000000000000000 ) ) ;
#3750 = CARTESIAN_POINT ( 'NONE',  ( -1.249999999999999778, 0.1999999999999999833, 1.899999999999999911 ) ) ;
#3751 = DIRECTION ( 'NONE',  ( 1.000000000000000000, 0.000000000000000000, 5.421010862427523156E-16 ) ) ;
#3752 = FACE_OUTER_BOUND ( 'NONE', #7708, .T. ) ;
#3753 = ORIENTED_EDGE ( 'NONE', *, *, #2842, .F. ) ;
#3754 = STYLED_ITEM ( 'NONE', ( #4388 ), #8281 ) ;
#3755 = DIRECTION ( 'NONE',  ( 0.000000000000000000, -0.000000000000000000, -1.000000000000000000 ) ) ;
#3756 = ORIENTED_EDGE ( 'NONE', *, *, #9504, .F. ) ;
#3757 = UNCERTAINTY_MEASURE_WITH_UNIT (LENGTH_MEASURE( 1.000000000000000082E-05 ), #9256, 'distance_accuracy_value', 'NONE');
#3758 = ORIENTED_EDGE ( 'NONE', *, *, #1122, .T. ) ;
#3759 = CARTESIAN_POINT ( 'NONE',  ( 1.399999999999999689, 0.1250000000000000000, 1.600000000000000089 ) ) ;
#3760 = DIRECTION ( 'NONE',  ( 1.000000000000000000, 0.000000000000000000, 5.421010862427524019E-17 ) ) ;
#3761 = VERTEX_POINT ( 'NONE', #5773 ) ;
#3762 = DIRECTION ( 'NONE',  ( 0.000000000000000000, -0.000000000000000000, -1.000000000000000000 ) ) ;
#3763 = CARTESIAN_POINT ( 'NONE',  ( 0.6500000000000003553, 0.000000000000000000, -1.600000000000000089 ) ) ;
#3764 = DIRECTION ( 'NONE',  ( 0.000000000000000000, 0.000000000000000000, 1.000000000000000000 ) ) ;
#3765 = DIRECTION ( 'NONE',  ( 0.000000000000000000, -1.000000000000000000, 0.000000000000000000 ) ) ;
#3766 = DIRECTION ( 'NONE',  ( 0.000000000000000000, -1.000000000000000000, 0.000000000000000000 ) ) ;
#3767 = DIRECTION ( 'NONE',  ( 0.000000000000000000, -1.000000000000000000, 0.000000000000000000 ) ) ;
#3768 = VECTOR ( 'NONE', #2926, 1000.000000000000000 ) ;
#3769 = VECTOR ( 'NONE', #8555, 1000.000000000000000 ) ;
#3770 = ORIENTED_EDGE ( 'NONE', *, *, #2537, .F. ) ;
#3771 = ORIENTED_EDGE ( 'NONE', *, *, #141, .F. ) ;
#3772 = VERTEX_POINT ( 'NONE', #7181 ) ;
#3773 = DIRECTION ( 'NONE',  ( 1.000000000000000000, -0.000000000000000000, 0.000000000000000000 ) ) ;
#3774 = ORIENTED_EDGE ( 'NONE', *, *, #3189, .T. ) ;
#3775 = EDGE_CURVE ( 'NONE', #6202, #3540, #1100, .T. ) ;
#3776 = CARTESIAN_POINT ( 'NONE',  ( 1.099999999999999423, 0.2000000000000011768, 2.000000000000000000 ) ) ;
#3777 = SURFACE_SIDE_STYLE ('',( #7921 ) ) ;
#3778 = LINE ( 'NONE', #6778, #6813 ) ;
#3779 = ORIENTED_EDGE ( 'NONE', *, *, #495, .F. ) ;
#3780 = DIRECTION ( 'NONE',  ( -1.000000000000000000, 0.000000000000000000, -0.000000000000000000 ) ) ;
#3781 = SURFACE_SIDE_STYLE ('',( #4751 ) ) ;
#3782 = LINE ( 'NONE', #2806, #3739 ) ;
#3783 = EDGE_LOOP ( 'NONE', ( #1291, #7200, #7791, #1115 ) ) ;
#3784 = VERTEX_POINT ( 'NONE', #9495 ) ;
#3785 = VERTEX_POINT ( 'NONE', #9364 ) ;
#3786 = CARTESIAN_POINT ( 'NONE',  ( 1.500000000000000000, 0.000000000000000000, -0.1499999999999995226 ) ) ;
#3787 = CARTESIAN_POINT ( 'NONE',  ( 1.499999999999999778, 0.1999999999999999833, -0.8500000000000000888 ) ) ;
#3788 = SURFACE_SIDE_STYLE ('',( #285 ) ) ;
#3789 = ADVANCED_FACE ( 'NONE', ( #7725 ), #8661, .T. ) ;
#3790 = AXIS2_PLACEMENT_3D ( 'NONE', #6282, #9200, #3253 ) ;
#3791 =( NAMED_UNIT ( * ) PLANE_ANGLE_UNIT ( ) SI_UNIT ( $, .RADIAN. ) );
#3792 = LINE ( 'NONE', #4433, #7008 ) ;
#3793 = VECTOR ( 'NONE', #2994, 1000.000000000000000 ) ;
#3794 = ORIENTED_EDGE ( 'NONE', *, *, #145, .F. ) ;
#3795 = CARTESIAN_POINT ( 'NONE',  ( 1.099999999999999867, 0.000000000000000000, 0.1500000000000001887 ) ) ;
#3796 = ADVANCED_FACE ( 'NONE', ( #1336 ), #9433, .F. ) ;
#3797 = LINE ( 'NONE', #283, #6785 ) ;
#3798 = DIRECTION ( 'NONE',  ( -1.445602896647339163E-16, 0.000000000000000000, -1.000000000000000000 ) ) ;
#3799 = VECTOR ( 'NONE', #3569, 1000.000000000000000 ) ;
#3800 = EDGE_LOOP ( 'NONE', ( #5036, #7571, #1028, #3847 ) ) ;
#3801 = ORIENTED_EDGE ( 'NONE', *, *, #6735, .T. ) ;
#3802 = UNCERTAINTY_MEASURE_WITH_UNIT (LENGTH_MEASURE( 1.000000000000000082E-05 ), #8147, 'distance_accuracy_value', 'NONE');
#3803 = EDGE_LOOP ( 'NONE', ( #5061, #8494, #8669, #8195 ) ) ;
#3804 = DIRECTION ( 'NONE',  ( -1.000000000000000000, -1.084202172485504828E-15, 0.000000000000000000 ) ) ;
#3805 = MECHANICAL_DESIGN_GEOMETRIC_PRESENTATION_REPRESENTATION (  '', ( #4179 ), #8955 ) ;
#3806 = DIRECTION ( 'NONE',  ( 1.000000000000000000, 0.000000000000000000, 0.000000000000000000 ) ) ;
#3807 = CARTESIAN_POINT ( 'NONE',  ( 1.499999999999999778, 0.05000000000000000278, 2.000000000000000000 ) ) ;
#3808 = CARTESIAN_POINT ( 'NONE',  ( -1.166666666666666741, 0.6999999999999999556, -1.666666666666666519 ) ) ;
#3809 = EDGE_CURVE ( 'NONE', #9033, #1557, #4534, .T. ) ;
#3811 = ORIENTED_EDGE ( 'NONE', *, *, #7734, .T. ) ;
#3810 = CARTESIAN_POINT ( 'NONE',  ( -1.099999999999999867, 0.6472135954999583829, -1.349999999999999867 ) ) ;
#3813 = VECTOR ( 'NONE', #414, 1000.000000000000000 ) ;
#3812 = AXIS2_PLACEMENT_3D ( 'NONE', #5467, #3151, #9100 ) ;
#3814 = VECTOR ( 'NONE', #2626, 1000.000000000000000 ) ;
#3815 = ORIENTED_EDGE ( 'NONE', *, *, #7980, .F. ) ;
#3816 = VECTOR ( 'NONE', #6939, 1000.000000000000000 ) ;
#3817 = CARTESIAN_POINT ( 'NONE',  ( -0.6499999999999995781, 0.000000000000000000, -1.600000000000000311 ) ) ;
#3818 = EDGE_CURVE ( 'NONE', #5148, #7448, #8121, .T. ) ;
#3819 = VERTEX_POINT ( 'NONE', #2115 ) ;
#3820 = SURFACE_STYLE_USAGE ( .BOTH. , #5862 ) ;
#3821 = DIRECTION ( 'NONE',  ( 0.000000000000000000, 0.000000000000000000, -1.000000000000000000 ) ) ;
#3822 = ORIENTED_EDGE ( 'NONE', *, *, #2174, .F. ) ;
#3823 = DIRECTION ( 'NONE',  ( 0.000000000000000000, -1.000000000000000000, 0.000000000000000000 ) ) ;
#3824 = EDGE_CURVE ( 'NONE', #3675, #7030, #4697, .T. ) ;
#3825 = DIRECTION ( 'NONE',  ( -1.000000000000000000, 0.000000000000000000, 0.000000000000000000 ) ) ;
#3826 = DIRECTION ( 'NONE',  ( -0.000000000000000000, 1.000000000000000000, -0.000000000000000000 ) ) ;
#3827 = DIRECTION ( 'NONE',  ( 0.000000000000000000, -0.000000000000000000, -1.000000000000000000 ) ) ;
#3828 = DIRECTION ( 'NONE',  ( 0.000000000000000000, 0.000000000000000000, -1.000000000000000000 ) ) ;
#3829 = EDGE_LOOP ( 'NONE', ( #1056, #1315, #3476, #4530 ) ) ;
#3830 = VECTOR ( 'NONE', #7217, 1000.000000000000000 ) ;
#3831 = FACE_OUTER_BOUND ( 'NONE', #8374, .T. ) ;
#3832 = ORIENTED_EDGE ( 'NONE', *, *, #3833, .F. ) ;
#3833 = EDGE_CURVE ( 'NONE', #2155, #8208, #1592, .T. ) ;
#3834 =( GEOMETRIC_REPRESENTATION_CONTEXT ( 3 ) GLOBAL_UNCERTAINTY_ASSIGNED_CONTEXT ( ( #8720 ) ) GLOBAL_UNIT_ASSIGNED_CONTEXT ( ( #7482, #7965, #555 ) ) REPRESENTATION_CONTEXT ( 'NONE', 'WORKASPACE' ) );
#3835 = LINE ( 'NONE', #8882, #557 ) ;
#3836 = EDGE_LOOP ( 'NONE', ( #1340, #1957, #1881, #4554 ) ) ;
#3837 = AXIS2_PLACEMENT_3D ( 'NONE', #3298, #2595, #1147 ) ;
#3838 = ORIENTED_EDGE ( 'NONE', *, *, #1531, .T. ) ;
#3839 = FILL_AREA_STYLE_COLOUR ( '', #332 ) ;
#3840 = EDGE_CURVE ( 'NONE', #5969, #4896, #8074, .T. ) ;
#3841 = EDGE_CURVE ( 'NONE', #7741, #723, #1541, .T. ) ;
#3842 = SURFACE_STYLE_USAGE ( .BOTH. , #1841 ) ;
#3843 = CARTESIAN_POINT ( 'NONE',  ( 1.500000000000000000, 0.2000000000000000111, 0.000000000000000000 ) ) ;
#3844 = EDGE_CURVE ( 'NONE', #8240, #5493, #1640, .T. ) ;
#3845 = CARTESIAN_POINT ( 'NONE',  ( -1.099999999999999867, 0.000000000000000000, 0.8500000000000003109 ) ) ;
#3846 = AXIS2_PLACEMENT_3D ( 'NONE', #8991, #836, #2061 ) ;
#3847 = ORIENTED_EDGE ( 'NONE', *, *, #6843, .F. ) ;
#3848 = LINE ( 'NONE', #352, #770 ) ;
#3849 = VECTOR ( 'NONE', #5189, 1000.000000000000000 ) ;
#3850 = ORIENTED_EDGE ( 'NONE', *, *, #1948, .F. ) ;
#3851 = CARTESIAN_POINT ( 'NONE',  ( -1.099999999999999867, 0.6472135954999583829, 0.3500000000000002554 ) ) ;
#3852 = DIRECTION ( 'NONE',  ( -1.084202172485501673E-15, 0.000000000000000000, 1.000000000000000000 ) ) ;
#3853 = COLOUR_RGB ( '',1.000000000000000000, 0.5019607843137254832, 0.5019607843137254832 ) ;
#3854 = DIRECTION ( 'NONE',  ( 0.000000000000000000, 0.000000000000000000, -1.000000000000000000 ) ) ;
#3855 = FACE_OUTER_BOUND ( 'NONE', #172, .T. ) ;
#3856 = ORIENTED_EDGE ( 'NONE', *, *, #605, .T. ) ;
#3857 = ORIENTED_EDGE ( 'NONE', *, *, #9395, .T. ) ;
#3858 = DIRECTION ( 'NONE',  ( -1.000000000000000000, 0.000000000000000000, 2.710505431213763057E-16 ) ) ;
#3859 = DIRECTION ( 'NONE',  ( -0.000000000000000000, 0.000000000000000000, 1.000000000000000000 ) ) ;
#3860 = MECHANICAL_DESIGN_GEOMETRIC_PRESENTATION_REPRESENTATION (  '', ( #8446 ), #2784 ) ;
#3861 = APPLICATION_CONTEXT ( 'automotive_design' ) ;
#3862 = CARTESIAN_POINT ( 'NONE',  ( -1.400000000000000133, 0.1999999999999999833, 1.600000000000000089 ) ) ;
#3863 = EDGE_CURVE ( 'NONE', #2639, #4176, #4987, .T. ) ;
#3864 = CARTESIAN_POINT ( 'NONE',  ( 0.6500000000000003553, 0.04999999999999999584, -1.600000000000000089 ) ) ;
#3865 = VERTEX_POINT ( 'NONE', #6882 ) ;
#3866 = DIRECTION ( 'NONE',  ( -1.000000000000000000, 0.000000000000000000, 5.421010862427520198E-16 ) ) ;
#3867 = VECTOR ( 'NONE', #7442, 1000.000000000000000 ) ;
#3868 = FACE_OUTER_BOUND ( 'NONE', #7822, .T. ) ;
#3869 = ORIENTED_EDGE ( 'NONE', *, *, #4200, .T. ) ;
#3870 = FILL_AREA_STYLE ('',( #3119 ) ) ;
#3871 = AXIS2_PLACEMENT_3D ( 'NONE', #7715, #1733, #2375 ) ;
#3872 = VECTOR ( 'NONE', #4519, 1000.000000000000000 ) ;
#3873 = CARTESIAN_POINT ( 'NONE',  ( -1.099999999999999867, 0.05000000000000002359, -1.149999999999999689 ) ) ;
#3874 = VECTOR ( 'NONE', #1300, 1000.000000000000000 ) ;
#3875 = VERTEX_POINT ( 'NONE', #5478 ) ;
#3876 = ORIENTED_EDGE ( 'NONE', *, *, #2624, .T. ) ;
#3877 = CARTESIAN_POINT ( 'NONE',  ( -1.250000000000000222, 0.1250000000000000000, -2.000000000000000000 ) ) ;
#3878 = DIRECTION ( 'NONE',  ( 0.000000000000000000, -0.000000000000000000, 1.000000000000000000 ) ) ;
#3879 = AXIS2_PLACEMENT_3D ( 'NONE', #3372, #7904, #1327 ) ;
#3880 = ADVANCED_FACE ( 'NONE', ( #8139 ), #8392, .T. ) ;
#3881 = PLANE ( 'NONE',  #3318 ) ;
#3882 = UNCERTAINTY_MEASURE_WITH_UNIT (LENGTH_MEASURE( 1.000000000000000082E-05 ), #3058, 'distance_accuracy_value', 'NONE');
#3883 = DIRECTION ( 'NONE',  ( 0.000000000000000000, -1.000000000000000000, 0.000000000000000000 ) ) ;
#3885 = ORIENTED_EDGE ( 'NONE', *, *, #8127, .T. ) ;
#3884 = CARTESIAN_POINT ( 'NONE',  ( -1.897353801849628815E-16, 0.05000000000000000278, -0.3499999999999992562 ) ) ;
#3886 = LINE ( 'NONE', #2641, #4022 ) ;
#3887 = LINE ( 'NONE', #1950, #6978 ) ;
#3888 = VERTEX_POINT ( 'NONE', #6768 ) ;
#3889 = ADVANCED_FACE ( 'NONE', ( #1682 ), #6708, .T. ) ;
#3890 = DIRECTION ( 'NONE',  ( 0.000000000000000000, 0.000000000000000000, -1.000000000000000000 ) ) ;
#3891 = VECTOR ( 'NONE', #6392, 1000.000000000000000 ) ;
#3892 = VERTEX_POINT ( 'NONE', #7559 ) ;
#3893 = ORIENTED_EDGE ( 'NONE', *, *, #842, .T. ) ;
#3894 =( LENGTH_UNIT ( ) NAMED_UNIT ( * ) SI_UNIT ( .MILLI., .METRE. ) );
#3895 = ORIENTED_EDGE ( 'NONE', *, *, #4328, .F. ) ;
#3896 = CARTESIAN_POINT ( 'NONE',  ( -1.099999999999999867, 0.6472135954999583829, -1.149999999999999689 ) ) ;
#3897 = CARTESIAN_POINT ( 'NONE',  ( 1.099999999999999867, 0.1999999999999999833, 0.1500000000000001887 ) ) ;
#3898 = CARTESIAN_POINT ( 'NONE',  ( -0.1499999999999990785, 0.2000000000000000111, 1.600000000000000311 ) ) ;
#3899 = VERTEX_POINT ( 'NONE', #9110 ) ;
#3900 = LINE ( 'NONE', #5550, #752 ) ;
#3901 = VECTOR ( 'NONE', #3687, 1000.000000000000000 ) ;
#3902 = ORIENTED_EDGE ( 'NONE', *, *, #8624, .F. ) ;
#3903 = LINE ( 'NONE', #2468, #901 ) ;
#3904 = LINE ( 'NONE', #9030, #7377 ) ;
#3905 = EDGE_LOOP ( 'NONE', ( #7405, #1101, #1274, #4372 ) ) ;
#3906 = DIRECTION ( 'NONE',  ( -1.000000000000000000, 0.000000000000000000, -1.084202172485504040E-15 ) ) ;
#3907 = ORIENTED_EDGE ( 'NONE', *, *, #8728, .F. ) ;
#3908 = DIRECTION ( 'NONE',  ( -0.000000000000000000, -0.000000000000000000, 1.000000000000000000 ) ) ;
#3909 = CARTESIAN_POINT ( 'NONE',  ( 1.399999999999999689, 0.1999999999999999833, -1.600000000000000089 ) ) ;
#3910 = CARTESIAN_POINT ( 'NONE',  ( -0.1499999999999995226, 0.1999999999999999833, -1.600000000000000311 ) ) ;
#3911 = EDGE_LOOP ( 'NONE', ( #2970, #2316, #2876, #3051 ) ) ;
#3912 = AXIS2_PLACEMENT_3D ( 'NONE', #9447, #458, #2935 ) ;
#3913 = VECTOR ( 'NONE', #8514, 1000.000000000000000 ) ;
#3914 = LINE ( 'NONE', #8628, #4023 ) ;
#3915 = ORIENTED_EDGE ( 'NONE', *, *, #5304, .T. ) ;
#3916 = CARTESIAN_POINT ( 'NONE',  ( 0.1500000000000003830, 0.1999999999999996503, -2.000000000000000000 ) ) ;
#3917 = CARTESIAN_POINT ( 'NONE',  ( -0.1499999999999995226, 0.6472135954999580498, -2.000000000000000000 ) ) ;
#3918 = LINE ( 'NONE', #8472, #917 ) ;
#3919 = CARTESIAN_POINT ( 'NONE',  ( -1.499999999999999778, 0.000000000000000000, -0.3500000000000000333 ) ) ;
#3920 = LINE ( 'NONE', #745, #4165 ) ;
#3921 = ORIENTED_EDGE ( 'NONE', *, *, #870, .T. ) ;
#3922 = VERTEX_POINT ( 'NONE', #1793 ) ;
#3923 = ORIENTED_EDGE ( 'NONE', *, *, #8198, .F. ) ;
#3924 = ORIENTED_EDGE ( 'NONE', *, *, #2819, .T. ) ;
#3925 = DIRECTION ( 'NONE',  ( -0.000000000000000000, 0.000000000000000000, 1.000000000000000000 ) ) ;
#3926 = DIRECTION ( 'NONE',  ( -2.710505431213761578E-16, 0.000000000000000000, -1.000000000000000000 ) ) ;
#3927 = AXIS2_PLACEMENT_3D ( 'NONE', #2489, #443, #6804 ) ;
#3928 = EDGE_CURVE ( 'NONE', #2911, #2210, #7944, .T. ) ;
#3929 = CARTESIAN_POINT ( 'NONE',  ( 1.099999999999999867, 0.1999999999999999833, -1.149999999999999689 ) ) ;
#3930 = PLANE ( 'NONE',  #7353 ) ;
#3931 = DIRECTION ( 'NONE',  ( 0.000000000000000000, 0.000000000000000000, -1.000000000000000000 ) ) ;
#3932 = DIRECTION ( 'NONE',  ( 1.000000000000000000, -0.000000000000000000, -0.000000000000000000 ) ) ;
#3933 = CLOSED_SHELL ( 'NONE', ( #2096, #6883, #3433, #3350, #2109, #736 ) ) ;
#3934 = LINE ( 'NONE', #5151, #3901 ) ;
#3935 = ORIENTED_EDGE ( 'NONE', *, *, #7452, .F. ) ;
#3936 = CARTESIAN_POINT ( 'NONE',  ( 0.8500000000000009770, 0.04999999999999999584, 1.600000000000000311 ) ) ;
#3937 = VECTOR ( 'NONE', #3680, 1000.000000000000000 ) ;
#3938 = SURFACE_SIDE_STYLE ('',( #6386 ) ) ;
#3939 = FACE_OUTER_BOUND ( 'NONE', #9242, .T. ) ;
#3940 = CLOSED_SHELL ( 'NONE', ( #4667, #7919, #8300, #8637, #7220, #7666 ) ) ;
#3941 = VERTEX_POINT ( 'NONE', #8337 ) ;
#3942 = ORIENTED_EDGE ( 'NONE', *, *, #4561, .F. ) ;
#3943 = ORIENTED_EDGE ( 'NONE', *, *, #415, .T. ) ;
#3944 = DIRECTION ( 'NONE',  ( 0.000000000000000000, -1.000000000000000000, 0.000000000000000000 ) ) ;
#3945 = EDGE_CURVE ( 'NONE', #3370, #1884, #4879, .T. ) ;
#3946 = DIRECTION ( 'NONE',  ( 1.000000000000000000, 0.000000000000000000, -5.421010862427523156E-16 ) ) ;
#3947 =( GEOMETRIC_REPRESENTATION_CONTEXT ( 3 ) GLOBAL_UNCERTAINTY_ASSIGNED_CONTEXT ( ( #1364 ) ) GLOBAL_UNIT_ASSIGNED_CONTEXT ( ( #5106, #6521, #312 ) ) REPRESENTATION_CONTEXT ( 'NONE', 'WORKASPACE' ) );
#3948 = CARTESIAN_POINT ( 'NONE',  ( 1.099999999999999867, 0.6472135954999583829, -1.349999999999999867 ) ) ;
#3949 = DIRECTION ( 'NONE',  ( -0.000000000000000000, -1.000000000000000000, -0.000000000000000000 ) ) ;
#3950 = EDGE_CURVE ( 'NONE', #6717, #8873, #8151, .T. ) ;
#3951 = EDGE_CURVE ( 'NONE', #573, #9193, #4921, .T. ) ;
#3953 = ORIENTED_EDGE ( 'NONE', *, *, #3046, .T. ) ;
#3952 = SURFACE_STYLE_USAGE ( .BOTH. , #77 ) ;
#3954 = VECTOR ( 'NONE', #5081, 1000.000000000000000 ) ;
#3955 = FACE_OUTER_BOUND ( 'NONE', #3249, .T. ) ;
#3956 = VERTEX_POINT ( 'NONE', #104 ) ;
#3957 = FACE_OUTER_BOUND ( 'NONE', #1143, .T. ) ;
#3958 = EDGE_CURVE ( 'NONE', #2264, #3362, #1556, .T. ) ;
#3959 = ADVANCED_FACE ( 'NONE', ( #8016 ), #9166, .F. ) ;
#3960 = DIRECTION ( 'NONE',  ( 0.000000000000000000, -0.000000000000000000, 1.000000000000000000 ) ) ;
#3961 = LINE ( 'NONE', #5033, #7126 ) ;
#3962 = ORIENTED_EDGE ( 'NONE', *, *, #3075, .T. ) ;
#3963 = ORIENTED_EDGE ( 'NONE', *, *, #6188, .F. ) ;
#3964 = CARTESIAN_POINT ( 'NONE',  ( 1.099999999999998979, 0.2000000000000011768, -1.732294901687515321 ) ) ;
#3965 = ORIENTED_EDGE ( 'NONE', *, *, #9195, .T. ) ;
#3966 = DIRECTION ( 'NONE',  ( -1.000000000000000000, 0.000000000000000000, 0.000000000000000000 ) ) ;
#3967 = ORIENTED_EDGE ( 'NONE', *, *, #3713, .T. ) ;
#3968 = EDGE_CURVE ( 'NONE', #2951, #7029, #1486, .T. ) ;
#3969 = ADVANCED_FACE ( 'NONE', ( #1604 ), #1052, .T. ) ;
#3970 = STYLED_ITEM ( 'NONE', ( #8721 ), #7001 ) ;
#3971 = CARTESIAN_POINT ( 'NONE',  ( -1.099999999999999867, 0.1999999999999999833, 1.899999999999999911 ) ) ;
#3972 = DIRECTION ( 'NONE',  ( 2.710505431213763057E-16, 0.000000000000000000, 1.000000000000000000 ) ) ;
#3973 = DIRECTION ( 'NONE',  ( -1.000000000000000000, 0.000000000000000000, 1.084202172485504040E-15 ) ) ;
#3974 = MECHANICAL_DESIGN_GEOMETRIC_PRESENTATION_REPRESENTATION (  '', ( #2766 ), #7326 ) ;
#3975 = VERTEX_POINT ( 'NONE', #2366 ) ;
#3976 = LINE ( 'NONE', #2204, #7136 ) ;
#3977 = FACE_OUTER_BOUND ( 'NONE', #3803, .T. ) ;
#3978 = ORIENTED_EDGE ( 'NONE', *, *, #7740, .F. ) ;
#3979 = EDGE_CURVE ( 'NONE', #3550, #7439, #8165, .T. ) ;
#3980 = ADVANCED_FACE ( 'NONE', ( #1571 ), #4543, .F. ) ;
#3981 = LINE ( 'NONE', #1633, #1041 ) ;
#3982 = ORIENTED_EDGE ( 'NONE', *, *, #7982, .T. ) ;
#3983 = CARTESIAN_POINT ( 'NONE',  ( 1.099999999999999867, 0.6472135954999583829, 0.3500000000000002554 ) ) ;
#3984 = EDGE_LOOP ( 'NONE', ( #3374, #97, #4151, #4338 ) ) ;
#3985 = ORIENTED_EDGE ( 'NONE', *, *, #1625, .F. ) ;
#3986 = SURFACE_STYLE_USAGE ( .BOTH. , #31 ) ;
#3987 = AXIS2_PLACEMENT_3D ( 'NONE', #2704, #2021, #8003 ) ;
#3988 = CARTESIAN_POINT ( 'NONE',  ( 1.099999999999998979, 0.2000000000000011768, -1.899999999999999911 ) ) ;
#3989 = VERTEX_POINT ( 'NONE', #4688 ) ;
#3990 = MANIFOLD_SOLID_BREP ( 'Boss-Extrude3[1]', #185 ) ;
#3991 = VECTOR ( 'NONE', #8460, 1000.000000000000000 ) ;
#3992 = VECTOR ( 'NONE', #2208, 1000.000000000000000 ) ;
#3993 = VERTEX_POINT ( 'NONE', #9277 ) ;
#3994 = AXIS2_PLACEMENT_3D ( 'NONE', #4469, #39, #1474 ) ;
#3995 = DIRECTION ( 'NONE',  ( 0.000000000000000000, 0.000000000000000000, -1.000000000000000000 ) ) ;
#3996 =( NAMED_UNIT ( * ) PLANE_ANGLE_UNIT ( ) SI_UNIT ( $, .RADIAN. ) );
#3997 = VECTOR ( 'NONE', #4572, 1000.000000000000000 ) ;
#3998 = CARTESIAN_POINT ( 'NONE',  ( 1.499999999999999778, 0.1250000000000000000, -1.600000000000000089 ) ) ;
#3999 = FACE_OUTER_BOUND ( 'NONE', #4136, .T. ) ;
#4000 = EDGE_LOOP ( 'NONE', ( #9279, #2998, #5583, #2869 ) ) ;
#4001 = EDGE_LOOP ( 'NONE', ( #1234, #8018, #4413, #1473 ) ) ;
#4002 = ORIENTED_EDGE ( 'NONE', *, *, #5768, .T. ) ;
#4003 = ORIENTED_EDGE ( 'NONE', *, *, #3606, .F. ) ;
#4004 = DIRECTION ( 'NONE',  ( -5.782411586589358822E-15, 1.000000000000000000, 0.000000000000000000 ) ) ;
#4005 = CARTESIAN_POINT ( 'NONE',  ( -0.3499999999999992006, 0.2000000000000000111, 1.600000000000000089 ) ) ;
#4006 = CARTESIAN_POINT ( 'NONE',  ( -0.6499999999999995781, 0.1999999999999999833, -2.000000000000000000 ) ) ;
#4007 = EDGE_LOOP ( 'NONE', ( #5346, #5868, #2353, #2274 ) ) ;
#4008 = VECTOR ( 'NONE', #3932, 1000.000000000000000 ) ;
#4009 = ORIENTED_EDGE ( 'NONE', *, *, #7980, .T. ) ;
#4010 = FILL_AREA_STYLE_COLOUR ( '', #5453 ) ;
#4011 = FACE_OUTER_BOUND ( 'NONE', #7205, .T. ) ;
#4012 = DIRECTION ( 'NONE',  ( -0.000000000000000000, -1.000000000000000000, -0.000000000000000000 ) ) ;
#4013 = VECTOR ( 'NONE', #2346, 1000.000000000000000 ) ;
#4014 = EDGE_LOOP ( 'NONE', ( #6036, #6587, #126, #232 ) ) ;
#4015 = ORIENTED_EDGE ( 'NONE', *, *, #2627, .F. ) ;
#4016 = ORIENTED_EDGE ( 'NONE', *, *, #4200, .F. ) ;
#4017 = VERTEX_POINT ( 'NONE', #1960 ) ;
#4018 = DIRECTION ( 'NONE',  ( 0.000000000000000000, -0.000000000000000000, -1.000000000000000000 ) ) ;
#4019 = UNCERTAINTY_MEASURE_WITH_UNIT (LENGTH_MEASURE( 1.000000000000000082E-05 ), #8476, 'distance_accuracy_value', 'NONE');
#4020 = CARTESIAN_POINT ( 'NONE',  ( 0.8500000000000005329, 0.000000000000000000, -2.000000000000000000 ) ) ;
#4021 = ORIENTED_EDGE ( 'NONE', *, *, #7808, .F. ) ;
#4022 = VECTOR ( 'NONE', #7076, 1000.000000000000000 ) ;
#4023 = VECTOR ( 'NONE', #9337, 1000.000000000000000 ) ;
#4024 = VERTEX_POINT ( 'NONE', #9516 ) ;
#4025 = VECTOR ( 'NONE', #8414, 1000.000000000000000 ) ;
#4026 = PLANE ( 'NONE',  #4842 ) ;
#4027 = LINE ( 'NONE', #6691, #4013 ) ;
#4028 = EDGE_LOOP ( 'NONE', ( #5163, #5861, #2479, #51 ) ) ;
#4029 = VERTEX_POINT ( 'NONE', #2016 ) ;
#4030 = DIRECTION ( 'NONE',  ( 0.000000000000000000, -1.000000000000000000, 0.000000000000000000 ) ) ;
#4031 = ORIENTED_EDGE ( 'NONE', *, *, #3388, .T. ) ;
#4032 = DIRECTION ( 'NONE',  ( 5.421010862427523156E-16, -0.000000000000000000, 1.000000000000000000 ) ) ;
#4033 = ORIENTED_EDGE ( 'NONE', *, *, #3495, .T. ) ;
#4034 = CARTESIAN_POINT ( 'NONE',  ( 1.499999999999999778, 0.05000000000000000278, -2.000000000000000000 ) ) ;
#4035 = ORIENTED_EDGE ( 'NONE', *, *, #7055, .T. ) ;
#4036 = LINE ( 'NONE', #6504, #7075 ) ;
#4037 = ORIENTED_EDGE ( 'NONE', *, *, #8525, .T. ) ;
#4038 = DIRECTION ( 'NONE',  ( 0.000000000000000000, -0.000000000000000000, 1.000000000000000000 ) ) ;
#4039 = LINE ( 'NONE', #9453, #740 ) ;
#4040 = ADVANCED_FACE ( 'NONE', ( #8101 ), #4887, .F. ) ;
#4041 = PRESENTATION_STYLE_ASSIGNMENT (( #3696 ) ) ;
#4042 = ORIENTED_EDGE ( 'NONE', *, *, #3621, .F. ) ;
#4043 = ORIENTED_EDGE ( 'NONE', *, *, #3708, .T. ) ;
#4044 = CARTESIAN_POINT ( 'NONE',  ( -1.232294901687515987, 0.1250000000000000000, -1.750000000000000000 ) ) ;
#4045 = ORIENTED_EDGE ( 'NONE', *, *, #3958, .F. ) ;
#4046 = ORIENTED_EDGE ( 'NONE', *, *, #2727, .T. ) ;
#4047 = AXIS2_PLACEMENT_3D ( 'NONE', #8813, #9567, #7425 ) ;
#4048 = CARTESIAN_POINT ( 'NONE',  ( 0.3500000000000004774, 0.2000000000000000111, -2.000000000000000000 ) ) ;
#4049 = ADVANCED_FACE ( 'NONE', ( #4713 ), #7993, .F. ) ;
#4050 = CARTESIAN_POINT ( 'NONE',  ( 0.6500000000000009104, 0.000000000000000000, 2.000000000000000000 ) ) ;
#4051 = ORIENTED_EDGE ( 'NONE', *, *, #4220, .F. ) ;
#4053 = VECTOR ( 'NONE', #3514, 1000.000000000000000 ) ;
#4052 = AXIS2_PLACEMENT_3D ( 'NONE', #5642, #960, #1934 ) ;
#4054 = LINE ( 'NONE', #5797, #1059 ) ;
#4055 = EDGE_LOOP ( 'NONE', ( #4063, #7298, #845, #3672 ) ) ;
#4056 = EDGE_CURVE ( 'NONE', #273, #111, #7924, .T. ) ;
#4057 = DIRECTION ( 'NONE',  ( -5.421010862427523156E-16, 0.000000000000000000, 1.000000000000000000 ) ) ;
#4058 = ADVANCED_FACE ( 'NONE', ( #5221 ), #8061, .F. ) ;
#4059 = CARTESIAN_POINT ( 'NONE',  ( -1.099999999999999867, 0.000000000000000000, 1.350000000000000311 ) ) ;
#4060 = ORIENTED_EDGE ( 'NONE', *, *, #5316, .F. ) ;
#4061 = ORIENTED_EDGE ( 'NONE', *, *, #4833, .T. ) ;
#4062 = EDGE_LOOP ( 'NONE', ( #8060, #4632, #742, #4205 ) ) ;
#4063 = ORIENTED_EDGE ( 'NONE', *, *, #3621, .T. ) ;
#4064 = PLANE ( 'NONE',  #6424 ) ;
#4065 = CARTESIAN_POINT ( 'NONE',  ( -4.607859233063390886E-16, 0.05000000000000000278, 0.8499999999999997558 ) ) ;
#4066 = UNCERTAINTY_MEASURE_WITH_UNIT (LENGTH_MEASURE( 1.000000000000000082E-05 ), #3894, 'distance_accuracy_value', 'NONE');
#4067 = CARTESIAN_POINT ( 'NONE',  ( 0.3500000000000004774, 0.05000000000000000278, 0.000000000000000000 ) ) ;
#4068 = EDGE_CURVE ( 'NONE', #3017, #7341, #2029, .T. ) ;
#4069 = DIRECTION ( 'NONE',  ( -1.084202172485501673E-15, 0.000000000000000000, 1.000000000000000000 ) ) ;
#4070 = CARTESIAN_POINT ( 'NONE',  ( 1.099999999999999867, 0.6472135954999583829, 1.350000000000000311 ) ) ;
#4071 = ORIENTED_EDGE ( 'NONE', *, *, #5747, .F. ) ;
#4072 = VECTOR ( 'NONE', #1799, 1000.000000000000000 ) ;
#4073 = FACE_OUTER_BOUND ( 'NONE', #8777, .T. ) ;
#4074 = ORIENTED_EDGE ( 'NONE', *, *, #4191, .T. ) ;
#4075 = DIRECTION ( 'NONE',  ( 1.000000000000000000, -0.000000000000000000, 0.000000000000000000 ) ) ;
#4076 = EDGE_CURVE ( 'NONE', #768, #4461, #8427, .T. ) ;
#4077 = STYLED_ITEM ( 'NONE', ( #6243 ), #2799 ) ;
#4078 = CARTESIAN_POINT ( 'NONE',  ( 1.249999999999999334, 0.2000000000000013434, 2.000000000000000000 ) ) ;
#4079 = VECTOR ( 'NONE', #5497, 1000.000000000000000 ) ;
#4080 = ORIENTED_EDGE ( 'NONE', *, *, #9498, .F. ) ;
#4081 = ORIENTED_EDGE ( 'NONE', *, *, #1182, .T. ) ;
#4082 = ORIENTED_EDGE ( 'NONE', *, *, #5881, .F. ) ;
#4083 = EDGE_CURVE ( 'NONE', #5545, #7370, #2088, .T. ) ;
#4084 = ORIENTED_EDGE ( 'NONE', *, *, #5316, .T. ) ;
#4085 =( LENGTH_UNIT ( ) NAMED_UNIT ( * ) SI_UNIT ( .MILLI., .METRE. ) );
#4086 = EDGE_CURVE ( 'NONE', #1197, #5643, #8508, .T. ) ;
#4087 = CARTESIAN_POINT ( 'NONE',  ( -1.500000000000000000, 0.04999999999999969746, 0.8500000000000005329 ) ) ;
#4088 = EDGE_CURVE ( 'NONE', #6332, #7964, #2057, .T. ) ;
#4089 = PLANE ( 'NONE',  #8143 ) ;
#4090 = CARTESIAN_POINT ( 'NONE',  ( 1.099999999999999867, 0.6472135954999583829, -1.149999999999999689 ) ) ;
#4091 = EDGE_CURVE ( 'NONE', #3563, #9305, #5343, .T. ) ;
#4092 = MECHANICAL_DESIGN_GEOMETRIC_PRESENTATION_REPRESENTATION (  '', ( #6739 ), #1136 ) ;
#4094 = ORIENTED_EDGE ( 'NONE', *, *, #7078, .T. ) ;
#4093 =( NAMED_UNIT ( * ) SI_UNIT ( $, .STERADIAN. ) SOLID_ANGLE_UNIT ( ) );
#4095 = VECTOR ( 'NONE', #5737, 1000.000000000000000 ) ;
#4096 = VECTOR ( 'NONE', #7296, 1000.000000000000000 ) ;
#4097 = ORIENTED_EDGE ( 'NONE', *, *, #2354, .T. ) ;
#4098 = FACE_OUTER_BOUND ( 'NONE', #4436, .T. ) ;
#4099 = CARTESIAN_POINT ( 'NONE',  ( 1.232294901687515543, 0.1250000000000000000, -1.750000000000000000 ) ) ;
#4100 = ORIENTED_EDGE ( 'NONE', *, *, #6959, .F. ) ;
#4101 = ORIENTED_EDGE ( 'NONE', *, *, #5071, .F. ) ;
#4102 = FILL_AREA_STYLE_COLOUR ( '', #8780 ) ;
#4103 = VERTEX_POINT ( 'NONE', #9385 ) ;
#4104 = PLANE ( 'NONE',  #3790 ) ;
#4105 = ORIENTED_EDGE ( 'NONE', *, *, #2378, .F. ) ;
#4106 = EDGE_CURVE ( 'NONE', #4881, #7657, #1985, .T. ) ;
#4107 = CARTESIAN_POINT ( 'NONE',  ( 1.897353801849630294E-16, 0.05000000000000000278, 0.3499999999999996447 ) ) ;
#4108 = ORIENTED_EDGE ( 'NONE', *, *, #690, .T. ) ;
#4109 = LINE ( 'NONE', #6677, #3954 ) ;
#4110 = LINE ( 'NONE', #7382, #914 ) ;
#4111 = ORIENTED_EDGE ( 'NONE', *, *, #7602, .T. ) ;
#4112 = AXIS2_PLACEMENT_3D ( 'NONE', #5088, #8010, #532 ) ;
#4113 = CARTESIAN_POINT ( 'NONE',  ( 0.000000000000000000, 0.2000000000000000111, 0.000000000000000000 ) ) ;
#4114 = LINE ( 'NONE', #74, #7270 ) ;
#4115 = ORIENTED_EDGE ( 'NONE', *, *, #1116, .F. ) ;
#4116 = ORIENTED_EDGE ( 'NONE', *, *, #7323, .F. ) ;
#4117 = CARTESIAN_POINT ( 'NONE',  ( 1.232294901687515543, 0.1999999999999999833, 1.750000000000000000 ) ) ;
#4118 = EDGE_LOOP ( 'NONE', ( #7028, #7251, #4460, #3263 ) ) ;
#4119 = ORIENTED_EDGE ( 'NONE', *, *, #842, .F. ) ;
#4120 = CARTESIAN_POINT ( 'NONE',  ( -0.7500000000000002220, 0.2000000000000000944, 1.299999999999999600 ) ) ;
#4121 = PLANE ( 'NONE',  #9492 ) ;
#4122 = AXIS2_PLACEMENT_3D ( 'NONE', #5301, #983, #2510 ) ;
#4123 = CARTESIAN_POINT ( 'NONE',  ( -1.500000000000000000, 0.6472135954999583829, 0.8500000000000005329 ) ) ;
#4124 = ADVANCED_FACE ( 'NONE', ( #2118 ), #1346, .F. ) ;
#4125 = ORIENTED_EDGE ( 'NONE', *, *, #1518, .T. ) ;
#4126 = LINE ( 'NONE', #9462, #3867 ) ;
#4127 = FACE_OUTER_BOUND ( 'NONE', #4506, .T. ) ;
#4128 = ORIENTED_EDGE ( 'NONE', *, *, #9484, .T. ) ;
#4129 = CARTESIAN_POINT ( 'NONE',  ( 1.099999999999998979, 0.2000000000000011768, -2.000000000000000000 ) ) ;
#4130 = SURFACE_STYLE_USAGE ( .BOTH. , #4278 ) ;
#4131 = FACE_OUTER_BOUND ( 'NONE', #4611, .T. ) ;
#4132 = FACE_OUTER_BOUND ( 'NONE', #2739, .T. ) ;
#4133 = ORIENTED_EDGE ( 'NONE', *, *, #2044, .T. ) ;
#4134 = ORIENTED_EDGE ( 'NONE', *, *, #277, .F. ) ;
#4135 = ORIENTED_EDGE ( 'NONE', *, *, #7477, .F. ) ;
#4136 = EDGE_LOOP ( 'NONE', ( #4806, #4608, #7806, #819 ) ) ;
#4137 = ORIENTED_EDGE ( 'NONE', *, *, #3516, .T. ) ;
#4138 = DIRECTION ( 'NONE',  ( 0.000000000000000000, -0.000000000000000000, 1.000000000000000000 ) ) ;
#4139 = PLANE ( 'NONE',  #5560 ) ;
#4140 = CARTESIAN_POINT ( 'NONE',  ( -0.8499999999999996447, 0.04999999999999999584, -1.600000000000000089 ) ) ;
#4141 = ADVANCED_FACE ( 'NONE', ( #5247 ), #3508, .F. ) ;
#4142 = DIRECTION ( 'NONE',  ( 1.000000000000000000, 0.000000000000000000, -0.000000000000000000 ) ) ;
#4143 = CARTESIAN_POINT ( 'NONE',  ( 0.6500000000000009104, 0.2000000000000000944, 2.000000000000000000 ) ) ;
#4144 = ORIENTED_EDGE ( 'NONE', *, *, #5299, .F. ) ;
#4145 = FACE_OUTER_BOUND ( 'NONE', #453, .T. ) ;
#4146 = LINE ( 'NONE', #6973, #7350 ) ;
#4147 = VERTEX_POINT ( 'NONE', #5138 ) ;
#4148 = CARTESIAN_POINT ( 'NONE',  ( 0.000000000000000000, 0.2000000000000000111, 0.000000000000000000 ) ) ;
#4149 = FACE_OUTER_BOUND ( 'NONE', #7092, .T. ) ;
#4150 = FACE_OUTER_BOUND ( 'NONE', #45, .T. ) ;
#4151 = ORIENTED_EDGE ( 'NONE', *, *, #4482, .F. ) ;
#4152 = VERTEX_POINT ( 'NONE', #8123 ) ;
#4153 = EDGE_LOOP ( 'NONE', ( #2202, #5020, #7868, #5508 ) ) ;
#4154 = ORIENTED_EDGE ( 'NONE', *, *, #6735, .F. ) ;
#4155 = ORIENTED_EDGE ( 'NONE', *, *, #8987, .F. ) ;
#4156 = DIRECTION ( 'NONE',  ( 1.000000000000000000, 0.000000000000000000, 1.084202172485504040E-15 ) ) ;
#4157 = CARTESIAN_POINT ( 'NONE',  ( -1.499999999999999778, 0.6472135954999583829, 1.149999999999999911 ) ) ;
#4158 = CARTESIAN_POINT ( 'NONE',  ( 0.000000000000000000, 0.2000000000000000111, 0.000000000000000000 ) ) ;
#4159 = CARTESIAN_POINT ( 'NONE',  ( -0.1499999999999995226, 0.2000000000000000111, -1.600000000000000311 ) ) ;
#4161 = VERTEX_POINT ( 'NONE', #6552 ) ;
#4160 = DIRECTION ( 'NONE',  ( 1.000000000000000000, 0.000000000000000000, 0.000000000000000000 ) ) ;
#4162 = LINE ( 'NONE', #7722, #898 ) ;
#4163 = EDGE_LOOP ( 'NONE', ( #1086, #1419, #8903, #3638 ) ) ;
#4164 = VECTOR ( 'NONE', #1959, 1000.000000000000000 ) ;
#4165 = VECTOR ( 'NONE', #6516, 1000.000000000000000 ) ;
#4166 = VERTEX_POINT ( 'NONE', #7279 ) ;
#4167 = ORIENTED_EDGE ( 'NONE', *, *, #4726, .F. ) ;
#4168 = VERTEX_POINT ( 'NONE', #3744 ) ;
#4169 = CARTESIAN_POINT ( 'NONE',  ( 1.445602896647339348E-17, 0.000000000000000000, -1.899999999999999911 ) ) ;
#4170 = ORIENTED_EDGE ( 'NONE', *, *, #5625, .T. ) ;
#4171 = DIRECTION ( 'NONE',  ( -1.084202172485504040E-15, 0.000000000000000000, -1.000000000000000000 ) ) ;
#4172 = ORIENTED_EDGE ( 'NONE', *, *, #5957, .F. ) ;
#4173 = CARTESIAN_POINT ( 'NONE',  ( -1.099999999999999867, 0.6472135954999583829, 0.3500000000000002554 ) ) ;
#4174 = DIRECTION ( 'NONE',  ( -0.000000000000000000, -1.000000000000000000, -0.000000000000000000 ) ) ;
#4175 = DIRECTION ( 'NONE',  ( -1.000000000000000000, 0.000000000000000000, 0.000000000000000000 ) ) ;
#4176 = VERTEX_POINT ( 'NONE', #7434 ) ;
#4177 = VECTOR ( 'NONE', #353, 1000.000000000000000 ) ;
#4178 = ORIENTED_EDGE ( 'NONE', *, *, #2611, .T. ) ;
#4179 = STYLED_ITEM ( 'NONE', ( #3518 ), #5241 ) ;
#4180 = VECTOR ( 'NONE', #7925, 1000.000000000000000 ) ;
#4181 = COLOUR_RGB ( '',1.000000000000000000, 0.5019607843137254832, 0.5019607843137254832 ) ;
#4182 = ORIENTED_EDGE ( 'NONE', *, *, #217, .F. ) ;
#4183 = ORIENTED_EDGE ( 'NONE', *, *, #8217, .F. ) ;
#4184 = VERTEX_POINT ( 'NONE', #5910 ) ;
#4185 = DIRECTION ( 'NONE',  ( 0.000000000000000000, -1.000000000000000000, 0.000000000000000000 ) ) ;
#4186 = VERTEX_POINT ( 'NONE', #5322 ) ;
#4187 = ORIENTED_EDGE ( 'NONE', *, *, #7842, .F. ) ;
#4188 = PLANE ( 'NONE',  #832 ) ;
#4189 = EDGE_CURVE ( 'NONE', #4503, #628, #8293, .T. ) ;
#4190 = STYLED_ITEM ( 'NONE', ( #1760 ), #3980 ) ;
#4191 = EDGE_CURVE ( 'NONE', #6836, #3505, #8222, .T. ) ;
#4192 = CARTESIAN_POINT ( 'NONE',  ( -1.099999999999999867, 0.6472135954999583829, 0.6500000000000001332 ) ) ;
#4193 = EDGE_LOOP ( 'NONE', ( #4080, #3794, #4187, #772 ) ) ;
#4194 = VECTOR ( 'NONE', #4475, 1000.000000000000000 ) ;
#4195 = FACE_OUTER_BOUND ( 'NONE', #4535, .T. ) ;
#4196 = VERTEX_POINT ( 'NONE', #3054 ) ;
#4197 = CARTESIAN_POINT ( 'NONE',  ( 1.099999999999999867, 0.05000000000000002359, 0.1500000000000001887 ) ) ;
#4198 = FILL_AREA_STYLE_COLOUR ( '', #8058 ) ;
#4199 = LINE ( 'NONE', #4790, #7465 ) ;
#4200 = EDGE_CURVE ( 'NONE', #5995, #1197, #5130, .T. ) ;
#4201 = LINE ( 'NONE', #2601, #4079 ) ;
#4202 = ORIENTED_EDGE ( 'NONE', *, *, #47, .T. ) ;
#4203 = ORIENTED_EDGE ( 'NONE', *, *, #7060, .T. ) ;
#4204 = ORIENTED_EDGE ( 'NONE', *, *, #6099, .T. ) ;
#4205 = ORIENTED_EDGE ( 'NONE', *, *, #387, .T. ) ;
#4206 = VERTEX_POINT ( 'NONE', #8891 ) ;
#4207 = DIRECTION ( 'NONE',  ( 0.000000000000000000, 0.000000000000000000, -1.000000000000000000 ) ) ;
#4208 = CARTESIAN_POINT ( 'NONE',  ( -1.500000000000000000, 0.6472135954999583829, 1.350000000000000533 ) ) ;
#4209 = EDGE_CURVE ( 'NONE', #6802, #2917, #5186, .T. ) ;
#4210 = CARTESIAN_POINT ( 'NONE',  ( -1.099999999999999867, 0.000000000000000000, -0.1499999999999997446 ) ) ;
#4211 = MECHANICAL_DESIGN_GEOMETRIC_PRESENTATION_REPRESENTATION (  '', ( #60 ), #6839 ) ;
#4212 = ADVANCED_FACE ( 'NONE', ( #5160 ), #5376, .T. ) ;
#4213 = DIRECTION ( 'NONE',  ( 0.000000000000000000, -1.000000000000000000, 0.000000000000000000 ) ) ;
#4214 = EDGE_CURVE ( 'NONE', #938, #9383, #1849, .T. ) ;
#4215 = EDGE_LOOP ( 'NONE', ( #5537, #6350, #2211, #2852 ) ) ;
#4216 = LINE ( 'NONE', #7415, #1058 ) ;
#4217 = LINE ( 'NONE', #82, #7105 ) ;
#4218 = ORIENTED_EDGE ( 'NONE', *, *, #7078, .F. ) ;
#4219 = DIRECTION ( 'NONE',  ( 1.000000000000000000, 0.000000000000000000, 0.000000000000000000 ) ) ;
#4220 = EDGE_CURVE ( 'NONE', #1341, #3625, #5045, .T. ) ;
#4221 = VECTOR ( 'NONE', #5009, 1000.000000000000000 ) ;
#4222 = CARTESIAN_POINT ( 'NONE',  ( -1.500000000000000000, 0.000000000000000000, 1.350000000000000533 ) ) ;
#4223 = EDGE_CURVE ( 'NONE', #429, #6202, #5114, .T. ) ;
#4224 = LINE ( 'NONE', #8643, #807 ) ;
#4225 = ORIENTED_EDGE ( 'NONE', *, *, #3809, .T. ) ;
#4226 = VERTEX_POINT ( 'NONE', #3001 ) ;
#4227 = ORIENTED_EDGE ( 'NONE', *, *, #6549, .F. ) ;
#4228 = EDGE_CURVE ( 'NONE', #429, #2569, #8256, .T. ) ;
#4229 = EDGE_LOOP ( 'NONE', ( #3967, #3740, #4230, #3021 ) ) ;
#4230 = ORIENTED_EDGE ( 'NONE', *, *, #141, .T. ) ;
#4231 = DIRECTION ( 'NONE',  ( 0.000000000000000000, -1.000000000000000000, 0.000000000000000000 ) ) ;
#4232 = AXIS2_PLACEMENT_3D ( 'NONE', #6832, #6150, #2380 ) ;
#4233 =( NAMED_UNIT ( * ) PLANE_ANGLE_UNIT ( ) SI_UNIT ( $, .RADIAN. ) );
#4234 = PLANE ( 'NONE',  #631 ) ;
#4235 = ADVANCED_FACE ( 'NONE', ( #8327 ), #3678, .F. ) ;
#4236 = CARTESIAN_POINT ( 'NONE',  ( -1.099999999999999867, 0.1999999999999999833, 2.000000000000000000 ) ) ;
#4237 = PLANE ( 'NONE',  #5117 ) ;
#4239 = VERTEX_POINT ( 'NONE', #7585 ) ;
#4238 =( LENGTH_UNIT ( ) NAMED_UNIT ( * ) SI_UNIT ( .MILLI., .METRE. ) );
#4240 = LINE ( 'NONE', #6256, #7440 ) ;
#4241 = LINE ( 'NONE', #3574, #738 ) ;
#4242 = ORIENTED_EDGE ( 'NONE', *, *, #729, .T. ) ;
#4243 = AXIS2_PLACEMENT_3D ( 'NONE', #4994, #7254, #8096 ) ;
#4244 = DIRECTION ( 'NONE',  ( 0.000000000000000000, 1.000000000000000000, 0.000000000000000000 ) ) ;
#4245 = ORIENTED_EDGE ( 'NONE', *, *, #6959, .T. ) ;
#4246 = EDGE_CURVE ( 'NONE', #9401, #6274, #5078, .T. ) ;
#4247 = EDGE_LOOP ( 'NONE', ( #2391, #8280, #2920, #9344 ) ) ;
#4248 = ORIENTED_EDGE ( 'NONE', *, *, #5835, .T. ) ;
#4249 = FILL_AREA_STYLE ('',( #9428 ) ) ;
#4250 = ORIENTED_EDGE ( 'NONE', *, *, #9195, .F. ) ;
#4251 = DIRECTION ( 'NONE',  ( 0.000000000000000000, 1.000000000000000000, 0.000000000000000000 ) ) ;
#4252 = EDGE_LOOP ( 'NONE', ( #1106, #7357, #7317, #817 ) ) ;
#4253 = AXIS2_PLACEMENT_3D ( 'NONE', #2785, #6456, #9415 ) ;
#4254 = DIRECTION ( 'NONE',  ( -5.421010862427520198E-16, 0.000000000000000000, -1.000000000000000000 ) ) ;
#4255 = DIRECTION ( 'NONE',  ( -0.000000000000000000, -1.000000000000000000, -0.000000000000000000 ) ) ;
#4256 = ORIENTED_EDGE ( 'NONE', *, *, #7882, .T. ) ;
#4257 = VECTOR ( 'NONE', #767, 1000.000000000000000 ) ;
#4258 = LINE ( 'NONE', #1866, #7195 ) ;
#4259 = VERTEX_POINT ( 'NONE', #9063 ) ;
#4260 = DIRECTION ( 'NONE',  ( -2.710505431213763057E-16, -0.000000000000000000, -1.000000000000000000 ) ) ;
#4261 = FACE_OUTER_BOUND ( 'NONE', #50, .T. ) ;
#4262 = LINE ( 'NONE', #4157, #7356 ) ;
#4263 = AXIS2_PLACEMENT_3D ( 'NONE', #5890, #3604, #9560 ) ;
#4264 = EDGE_LOOP ( 'NONE', ( #6613, #2887, #6019, #216 ) ) ;
#4265 = ORIENTED_EDGE ( 'NONE', *, *, #3612, .T. ) ;
#4266 = CARTESIAN_POINT ( 'NONE',  ( -1.500000000000000222, 0.1999999999999999833, -1.750000000000000000 ) ) ;
#4267 = ORIENTED_EDGE ( 'NONE', *, *, #7046, .F. ) ;
#4268 = DIRECTION ( 'NONE',  ( 0.000000000000000000, -1.000000000000000000, 0.000000000000000000 ) ) ;
#4269 = ORIENTED_EDGE ( 'NONE', *, *, #3181, .T. ) ;
#4270 = ORIENTED_EDGE ( 'NONE', *, *, #9378, .F. ) ;
#4271 = CARTESIAN_POINT ( 'NONE',  ( -1.099999999999999867, 0.6472135954999583829, -1.149999999999999689 ) ) ;
#4272 = PLANE ( 'NONE',  #1716 ) ;
#4273 = DIRECTION ( 'NONE',  ( -0.000000000000000000, -1.000000000000000000, -0.000000000000000000 ) ) ;
#4274 = CARTESIAN_POINT ( 'NONE',  ( -1.099999999999999867, 0.6472135954999583829, -1.149999999999999689 ) ) ;
#4275 = ORIENTED_EDGE ( 'NONE', *, *, #5531, .T. ) ;
#4276 = VECTOR ( 'NONE', #3132, 1000.000000000000000 ) ;
#4277 = ORIENTED_EDGE ( 'NONE', *, *, #5768, .F. ) ;
#4278 = SURFACE_SIDE_STYLE ('',( #4933 ) ) ;
#4279 = VECTOR ( 'NONE', #5347, 1000.000000000000000 ) ;
#4280 = DIRECTION ( 'NONE',  ( 5.421010862427520198E-16, 0.000000000000000000, -1.000000000000000000 ) ) ;
#4281 = VECTOR ( 'NONE', #5690, 1000.000000000000000 ) ;
#4282 = ORIENTED_EDGE ( 'NONE', *, *, #4189, .T. ) ;
#4283 = ORIENTED_EDGE ( 'NONE', *, *, #5325, .F. ) ;
#4284 = ORIENTED_EDGE ( 'NONE', *, *, #2354, .F. ) ;
#4285 = VERTEX_POINT ( 'NONE', #782 ) ;
#4286 = ORIENTED_EDGE ( 'NONE', *, *, #3951, .T. ) ;
#4287 = CARTESIAN_POINT ( 'NONE',  ( -1.500000000000000444, 0.05000000000000000278, 2.000000000000000000 ) ) ;
#4288 = CARTESIAN_POINT ( 'NONE',  ( -3.758567531283081381E-16, 0.05000000000000000278, 1.299999999999999822 ) ) ;
#4289 = EDGE_CURVE ( 'NONE', #6287, #7893, #8276, .T. ) ;
#4290 = CARTESIAN_POINT ( 'NONE',  ( 0.8500000000000009770, 0.6472135954999580498, 1.600000000000000311 ) ) ;
#4291 = EDGE_LOOP ( 'NONE', ( #9072, #2826, #6035, #8483 ) ) ;
#4292 = VECTOR ( 'NONE', #5941, 1000.000000000000000 ) ;
#4293 = EDGE_LOOP ( 'NONE', ( #7838, #4590, #3965, #4031 ) ) ;
#4294 = CARTESIAN_POINT ( 'NONE',  ( -1.400000000000000133, 0.000000000000000000, 5.421010862427523711E-18 ) ) ;
#4295 = DIRECTION ( 'NONE',  ( -1.000000000000000000, 0.000000000000000000, -5.421010862427520198E-16 ) ) ;
#4296 = CARTESIAN_POINT ( 'NONE',  ( 1.099999999999999867, 0.1999999999999999833, 0.1500000000000001887 ) ) ;
#4297 = VERTEX_POINT ( 'NONE', #6840 ) ;
#4298 = ORIENTED_EDGE ( 'NONE', *, *, #6490, .F. ) ;
#4299 = VERTEX_POINT ( 'NONE', #8295 ) ;
#4300 = ORIENTED_EDGE ( 'NONE', *, *, #5930, .T. ) ;
#4301 = ORIENTED_EDGE ( 'NONE', *, *, #2467, .F. ) ;
#4302 = ADVANCED_FACE ( 'NONE', ( #2075 ), #9008, .F. ) ;
#4303 = CARTESIAN_POINT ( 'NONE',  ( -1.500000000000000000, 0.6472135954999583829, 0.3500000000000004774 ) ) ;
#4304 = CARTESIAN_POINT ( 'NONE',  ( -0.7500000000000000000, 0.2000000000000000944, -1.300000000000000266 ) ) ;
#4305 = DIRECTION ( 'NONE',  ( -1.084202172485501673E-15, 0.000000000000000000, -1.000000000000000000 ) ) ;
#4307 = ORIENTED_EDGE ( 'NONE', *, *, #8741, .T. ) ;
#4306 = FILL_AREA_STYLE ('',( #9194 ) ) ;
#4308 = AXIS2_PLACEMENT_3D ( 'NONE', #3896, #955, #6179 ) ;
#4309 = VERTEX_POINT ( 'NONE', #184 ) ;
#4310 = LINE ( 'NONE', #5402, #4405 ) ;
#4311 = ADVANCED_FACE ( 'NONE', ( #1893 ), #3180, .T. ) ;
#4312 = VECTOR ( 'NONE', #1828, 1000.000000000000000 ) ;
#4313 = CLOSED_SHELL ( 'NONE', ( #619, #5939, #6182, #3304, #1423, #2795 ) ) ;
#4314 = ORIENTED_EDGE ( 'NONE', *, *, #4347, .T. ) ;
#4315 = ORIENTED_EDGE ( 'NONE', *, *, #1636, .F. ) ;
#4316 = FILL_AREA_STYLE_COLOUR ( '', #5988 ) ;
#4317 = EDGE_LOOP ( 'NONE', ( #887, #5591, #7471, #7166 ) ) ;
#4318 = DIRECTION ( 'NONE',  ( -1.084202172485501673E-15, -0.000000000000000000, 1.000000000000000000 ) ) ;
#4319 = ORIENTED_EDGE ( 'NONE', *, *, #2863, .T. ) ;
#4320 = MECHANICAL_DESIGN_GEOMETRIC_PRESENTATION_REPRESENTATION (  '', ( #2500 ), #7836 ) ;
#4321 = FILL_AREA_STYLE ('',( #5174 ) ) ;
#4322 = DIRECTION ( 'NONE',  ( 0.000000000000000000, 1.000000000000000000, 0.000000000000000000 ) ) ;
#4323 = CARTESIAN_POINT ( 'NONE',  ( -1.249999999999999778, 0.1999999999999999833, 2.000000000000000000 ) ) ;
#4324 = ORIENTED_EDGE ( 'NONE', *, *, #4959, .F. ) ;
#4325 = LINE ( 'NONE', #8224, #4514 ) ;
#4326 = LINE ( 'NONE', #760, #4532 ) ;
#4327 = ORIENTED_EDGE ( 'NONE', *, *, #3583, .F. ) ;
#4328 = EDGE_CURVE ( 'NONE', #3899, #6635, #1996, .T. ) ;
#4329 = SURFACE_STYLE_FILL_AREA ( #547 ) ;
#4330 =( GEOMETRIC_REPRESENTATION_CONTEXT ( 3 ) GLOBAL_UNCERTAINTY_ASSIGNED_CONTEXT ( ( #1845 ) ) GLOBAL_UNIT_ASSIGNED_CONTEXT ( ( #3025, #6132, #4750 ) ) REPRESENTATION_CONTEXT ( 'NONE', 'WORKASPACE' ) );
#4331 = VECTOR ( 'NONE', #2562, 1000.000000000000000 ) ;
#4332 = ORIENTED_EDGE ( 'NONE', *, *, #3818, .T. ) ;
#4333 = ORIENTED_EDGE ( 'NONE', *, *, #8529, .F. ) ;
#4334 = CARTESIAN_POINT ( 'NONE',  ( 0.8500000000000005329, 0.2000000000000000111, -1.600000000000000311 ) ) ;
#4335 = VERTEX_POINT ( 'NONE', #542 ) ;
#4336 = ORIENTED_EDGE ( 'NONE', *, *, #4347, .F. ) ;
#4337 = EDGE_CURVE ( 'NONE', #2917, #4682, #8372, .T. ) ;
#4338 = ORIENTED_EDGE ( 'NONE', *, *, #7457, .F. ) ;
#4339 =( LENGTH_UNIT ( ) NAMED_UNIT ( * ) SI_UNIT ( .MILLI., .METRE. ) );
#4340 = EDGE_CURVE ( 'NONE', #2533, #4152, #5264, .T. ) ;
#4341 = DIRECTION ( 'NONE',  ( 0.000000000000000000, 0.000000000000000000, 1.000000000000000000 ) ) ;
#4342 = ORIENTED_EDGE ( 'NONE', *, *, #8217, .T. ) ;
#4343 = EDGE_LOOP ( 'NONE', ( #1356, #4484, #793, #1235, #759, #4043, #1542, #7014, #7397, #6748, #8706, #4591, #4698, #8742, #7164, #7411, #7562, #1382, #978, #1105 ) ) ;
#4344 = DIRECTION ( 'NONE',  ( -1.000000000000000000, 0.000000000000000000, 0.000000000000000000 ) ) ;
#4345 = LINE ( 'NONE', #7954, #1079 ) ;
#4346 = LINE ( 'NONE', #8870, #1209 ) ;
#4347 = EDGE_CURVE ( 'NONE', #1032, #3115, #8408, .T. ) ;
#4348 = ORIENTED_EDGE ( 'NONE', *, *, #7665, .T. ) ;
#4349 = EDGE_LOOP ( 'NONE', ( #8939, #3236, #5707, #6163 ) ) ;
#4350 = ORIENTED_EDGE ( 'NONE', *, *, #8502, .T. ) ;
#4351 = AXIS2_PLACEMENT_3D ( 'NONE', #438, #1021, #1242 ) ;
#4352 = ORIENTED_EDGE ( 'NONE', *, *, #5087, .F. ) ;
#4353 = ORIENTED_EDGE ( 'NONE', *, *, #1230, .T. ) ;
#4354 = CARTESIAN_POINT ( 'NONE',  ( 1.099999999999999867, 0.05000000000000002359, -0.1499999999999997446 ) ) ;
#4355 = CARTESIAN_POINT ( 'NONE',  ( 1.099999999999999867, 0.1999999999999999833, -0.3499999999999998113 ) ) ;
#4356 = CARTESIAN_POINT ( 'NONE',  ( 0.3500000000000010325, 0.1999999999999999833, 2.000000000000000000 ) ) ;
#4357 = EDGE_CURVE ( 'NONE', #7657, #7097, #5431, .T. ) ;
#4358 = EDGE_CURVE ( 'NONE', #7881, #5100, #2291, .T. ) ;
#4359 = EDGE_CURVE ( 'NONE', #1160, #685, #5536, .T. ) ;
#4360 = DIRECTION ( 'NONE',  ( 0.000000000000000000, -0.000000000000000000, -1.000000000000000000 ) ) ;
#4361 = ORIENTED_EDGE ( 'NONE', *, *, #697, .F. ) ;
#4362 = PLANE ( 'NONE',  #8657 ) ;
#4363 = FACE_OUTER_BOUND ( 'NONE', #8124, .T. ) ;
#4364 = VECTOR ( 'NONE', #8712, 1000.000000000000000 ) ;
#4365 = VERTEX_POINT ( 'NONE', #361 ) ;
#4366 = CARTESIAN_POINT ( 'NONE',  ( 0.8500000000000010880, 0.6472135954999580498, 2.000000000000000000 ) ) ;
#4367 = DIRECTION ( 'NONE',  ( 0.000000000000000000, -0.000000000000000000, -1.000000000000000000 ) ) ;
#4368 = AXIS2_PLACEMENT_3D ( 'NONE', #8937, #113, #843 ) ;
#4369 = LINE ( 'NONE', #7158, #4550 ) ;
#4370 = CARTESIAN_POINT ( 'NONE',  ( -1.099999999999999867, 0.1999999999999999833, 1.899999999999999911 ) ) ;
#4371 = LINE ( 'NONE', #7827, #1456 ) ;
#4372 = ORIENTED_EDGE ( 'NONE', *, *, #5082, .T. ) ;
#4373 = EDGE_LOOP ( 'NONE', ( #7769, #4081, #1124, #7728 ) ) ;
#4374 = ORIENTED_EDGE ( 'NONE', *, *, #2730, .F. ) ;
#4375 = ORIENTED_EDGE ( 'NONE', *, *, #2598, .T. ) ;
#4376 = ORIENTED_EDGE ( 'NONE', *, *, #3489, .T. ) ;
#4377 = DIRECTION ( 'NONE',  ( 0.000000000000000000, -0.000000000000000000, 1.000000000000000000 ) ) ;
#4378 = CARTESIAN_POINT ( 'NONE',  ( 1.099999999999999867, 0.6472135954999583829, -0.6499999999999998002 ) ) ;
#4379 = MANIFOLD_SOLID_BREP ( 'LPattern4[4]', #7453 ) ;
#4380 = DIRECTION ( 'NONE',  ( -1.445602896647339163E-16, 0.000000000000000000, -1.000000000000000000 ) ) ;
#4381 = AXIS2_PLACEMENT_3D ( 'NONE', #916, #1859, #2640 ) ;
#4382 = CARTESIAN_POINT ( 'NONE',  ( 1.399999999999999689, 0.1999999999999999833, -1.750000000000000000 ) ) ;
#4383 = EDGE_CURVE ( 'NONE', #4408, #3362, #8716, .T. ) ;
#4384 = VERTEX_POINT ( 'NONE', #5495 ) ;
#4385 = SURFACE_STYLE_FILL_AREA ( #5121 ) ;
#4386 = LINE ( 'NONE', #437, #1224 ) ;
#4387 = ORIENTED_EDGE ( 'NONE', *, *, #2611, .F. ) ;
#4388 = PRESENTATION_STYLE_ASSIGNMENT (( #8854 ) ) ;
#4389 = AXIS2_PLACEMENT_3D ( 'NONE', #769, #4549, #3282 ) ;
#4390 = VECTOR ( 'NONE', #7337, 1000.000000000000000 ) ;
#4391 = EDGE_LOOP ( 'NONE', ( #6925, #375, #560, #3608 ) ) ;
#4392 = ORIENTED_EDGE ( 'NONE', *, *, #5195, .F. ) ;
#4393 = ORIENTED_EDGE ( 'NONE', *, *, #6844, .T. ) ;
#4394 = ORIENTED_EDGE ( 'NONE', *, *, #5340, .T. ) ;
#4395 = DIRECTION ( 'NONE',  ( 0.7071067811865464625, 0.000000000000000000, 0.7071067811865486830 ) ) ;
#4396 = ORIENTED_EDGE ( 'NONE', *, *, #8417, .F. ) ;
#4397 = ADVANCED_FACE ( 'NONE', ( #2166 ), #3300, .F. ) ;
#4398 = PRESENTATION_LAYER_ASSIGNMENT (  '', '', ( #3123 ) ) ;
#4399 = PLANE ( 'NONE',  #7497 ) ;
#4400 = CARTESIAN_POINT ( 'NONE',  ( 1.499999999999999778, 0.6472135954999583829, 1.149999999999999911 ) ) ;
#4401 = CARTESIAN_POINT ( 'NONE',  ( 0.1500000000000003830, 0.04999999999999999584, -1.600000000000000089 ) ) ;
#4402 = ORIENTED_EDGE ( 'NONE', *, *, #2403, .T. ) ;
#4403 = EDGE_LOOP ( 'NONE', ( #1644, #1607, #8141, #2843 ) ) ;
#4404 = CARTESIAN_POINT ( 'NONE',  ( 0.000000000000000000, 0.000000000000000000, 2.000000000000000000 ) ) ;
#4405 = VECTOR ( 'NONE', #3766, 1000.000000000000000 ) ;
#4406 = ADVANCED_FACE ( 'NONE', ( #2131 ), #8469, .F. ) ;
#4407 = VECTOR ( 'NONE', #1547, 1000.000000000000000 ) ;
#4408 = VERTEX_POINT ( 'NONE', #8527 ) ;
#4409 = ORIENTED_EDGE ( 'NONE', *, *, #8477, .F. ) ;
#4410 = DIRECTION ( 'NONE',  ( -1.000000000000000000, 0.000000000000000000, 1.084202172485501673E-15 ) ) ;
#4411 = ORIENTED_EDGE ( 'NONE', *, *, #2001, .T. ) ;
#4412 =( LENGTH_UNIT ( ) NAMED_UNIT ( * ) SI_UNIT ( .MILLI., .METRE. ) );
#4413 = ORIENTED_EDGE ( 'NONE', *, *, #9298, .F. ) ;
#4414 = VERTEX_POINT ( 'NONE', #6334 ) ;
#4415 = UNCERTAINTY_MEASURE_WITH_UNIT (LENGTH_MEASURE( 1.000000000000000082E-05 ), #5938, 'distance_accuracy_value', 'NONE');
#4416 =( LENGTH_UNIT ( ) NAMED_UNIT ( * ) SI_UNIT ( .MILLI., .METRE. ) );
#4417 = DIRECTION ( 'NONE',  ( 0.000000000000000000, 1.000000000000000000, 0.000000000000000000 ) ) ;
#4418 =( LENGTH_UNIT ( ) NAMED_UNIT ( * ) SI_UNIT ( .MILLI., .METRE. ) );
#4419 = ORIENTED_EDGE ( 'NONE', *, *, #6585, .F. ) ;
#4420 = VECTOR ( 'NONE', #9139, 1000.000000000000000 ) ;
#4421 = ORIENTED_EDGE ( 'NONE', *, *, #265, .F. ) ;
#4422 = CARTESIAN_POINT ( 'NONE',  ( 0.8500000000000005329, 0.000000000000000000, -1.600000000000000311 ) ) ;
#4423 = VECTOR ( 'NONE', #6395, 1000.000000000000000 ) ;
#4424 = CARTESIAN_POINT ( 'NONE',  ( 1.099999999999999867, 0.000000000000000000, -0.1499999999999997446 ) ) ;
#4425 = LINE ( 'NONE', #624, #4477 ) ;
#4426 = VERTEX_POINT ( 'NONE', #4905 ) ;
#4427 = EDGE_LOOP ( 'NONE', ( #7526, #1661, #7713, #4430 ) ) ;
#4428 = ORIENTED_EDGE ( 'NONE', *, *, #6533, .F. ) ;
#4429 = ORIENTED_EDGE ( 'NONE', *, *, #1736, .F. ) ;
#4430 = ORIENTED_EDGE ( 'NONE', *, *, #995, .T. ) ;
#4431 = PLANE ( 'NONE',  #5869 ) ;
#4432 = DIRECTION ( 'NONE',  ( 0.000000000000000000, 0.000000000000000000, -1.000000000000000000 ) ) ;
#4433 = CARTESIAN_POINT ( 'NONE',  ( 1.099999999999999867, 0.1999999999999999833, 0.8500000000000003109 ) ) ;
#4434 = DIRECTION ( 'NONE',  ( 1.000000000000000000, 0.000000000000000000, 0.000000000000000000 ) ) ;
#4435 = DIRECTION ( 'NONE',  ( 0.000000000000000000, -1.000000000000000000, 0.000000000000000000 ) ) ;
#4436 = EDGE_LOOP ( 'NONE', ( #5344, #2429, #2382, #1558 ) ) ;
#4437 = DIRECTION ( 'NONE',  ( 0.000000000000000000, -1.000000000000000000, 0.000000000000000000 ) ) ;
#4438 = COLOUR_RGB ( '',1.000000000000000000, 0.5019607843137254832, 0.5019607843137254832 ) ;
#4439 = VECTOR ( 'NONE', #5335, 1000.000000000000000 ) ;
#4440 = CARTESIAN_POINT ( 'NONE',  ( 0.8500000000000005329, 0.2000000000000000111, -1.600000000000000311 ) ) ;
#4441 = DIRECTION ( 'NONE',  ( 0.000000000000000000, 0.000000000000000000, 1.000000000000000000 ) ) ;
#4442 = STYLED_ITEM ( 'NONE', ( #5073 ), #6397 ) ;
#4443 = CARTESIAN_POINT ( 'NONE',  ( -1.100000000000000311, 0.1250000000000000000, -1.899999999999999911 ) ) ;
#4444 = LINE ( 'NONE', #3371, #7579 ) ;
#4445 = ORIENTED_EDGE ( 'NONE', *, *, #6861, .F. ) ;
#4446 = ORIENTED_EDGE ( 'NONE', *, *, #3606, .T. ) ;
#4447 = ORIENTED_EDGE ( 'NONE', *, *, #4587, .F. ) ;
#4448 = ORIENTED_EDGE ( 'NONE', *, *, #2669, .T. ) ;
#4449 = EDGE_LOOP ( 'NONE', ( #696, #7159, #426, #919 ) ) ;
#4450 = EDGE_CURVE ( 'NONE', #3725, #4297, #8591, .T. ) ;
#4451 = CARTESIAN_POINT ( 'NONE',  ( -1.099999999999999867, 0.6472135954999583829, 1.150000000000000133 ) ) ;
#4452 = AXIS2_PLACEMENT_3D ( 'NONE', #3454, #1199, #2630 ) ;
#4453 = CARTESIAN_POINT ( 'NONE',  ( 1.445602896647339348E-17, 0.000000000000000000, -1.899999999999999911 ) ) ;
#4454 = EDGE_CURVE ( 'NONE', #6935, #3704, #5661, .T. ) ;
#4455 = PLANE ( 'NONE',  #187 ) ;
#4456 = ORIENTED_EDGE ( 'NONE', *, *, #6071, .F. ) ;
#4457 = LINE ( 'NONE', #7035, #1374 ) ;
#4458 = MANIFOLD_SOLID_BREP ( 'Boss-Extrude2[2]', #672 ) ;
#4459 = LINE ( 'NONE', #6865, #1470 ) ;
#4460 = ORIENTED_EDGE ( 'NONE', *, *, #8878, .F. ) ;
#4461 = VERTEX_POINT ( 'NONE', #7951 ) ;
#4462 = ORIENTED_EDGE ( 'NONE', *, *, #717, .F. ) ;
#4463 = VERTEX_POINT ( 'NONE', #8639 ) ;
#4464 = CARTESIAN_POINT ( 'NONE',  ( -0.4499999999999971245, 0.05000000000000000278, -1.300000000000000266 ) ) ;
#4465 = VERTEX_POINT ( 'NONE', #2780 ) ;
#4466 = DIRECTION ( 'NONE',  ( 1.000000000000000000, 0.000000000000000000, -2.710505431213761578E-16 ) ) ;
#4467 = EDGE_CURVE ( 'NONE', #3017, #1417, #2236, .T. ) ;
#4468 = AXIS2_PLACEMENT_3D ( 'NONE', #3810, #4652, #1819 ) ;
#4469 = CARTESIAN_POINT ( 'NONE',  ( 0.000000000000000000, 0.2000000000000000111, 0.000000000000000000 ) ) ;
#4470 = CARTESIAN_POINT ( 'NONE',  ( -0.3499999999999992006, 0.1999999999999999833, 1.600000000000000089 ) ) ;
#4471 = DIRECTION ( 'NONE',  ( 0.000000000000000000, 0.000000000000000000, -1.000000000000000000 ) ) ;
#4472 = EDGE_CURVE ( 'NONE', #3540, #2569, #5413, .T. ) ;
#4473 = ORIENTED_EDGE ( 'NONE', *, *, #8272, .T. ) ;
#4474 = LINE ( 'NONE', #8874, #1264 ) ;
#4475 = DIRECTION ( 'NONE',  ( -1.000000000000000000, -0.000000000000000000, 5.421010862427523156E-16 ) ) ;
#4476 = LINE ( 'NONE', #4741, #4498 ) ;
#4477 = VECTOR ( 'NONE', #1325, 1000.000000000000000 ) ;
#4478 = EDGE_LOOP ( 'NONE', ( #2223, #8917, #5518, #8906 ) ) ;
#4479 = ORIENTED_EDGE ( 'NONE', *, *, #5957, .T. ) ;
#4480 = CARTESIAN_POINT ( 'NONE',  ( -0.1499999999999995226, 0.2000000000000000111, -1.600000000000000311 ) ) ;
#4481 = ORIENTED_EDGE ( 'NONE', *, *, #9004, .T. ) ;
#4482 = EDGE_CURVE ( 'NONE', #2480, #258, #2222, .T. ) ;
#4483 = CARTESIAN_POINT ( 'NONE',  ( 1.500000000000000000, 0.04999999999999969746, 0.3500000000000004774 ) ) ;
#4484 = ORIENTED_EDGE ( 'NONE', *, *, #4726, .T. ) ;
#4485 = ORIENTED_EDGE ( 'NONE', *, *, #9212, .F. ) ;
#4486 = ADVANCED_FACE ( 'NONE', ( #5611 ), #7388, .T. ) ;
#4487 = CARTESIAN_POINT ( 'NONE',  ( -1.500000000000000000, 0.04999999999999969746, -0.1499999999999995226 ) ) ;
#4488 = DIRECTION ( 'NONE',  ( 0.000000000000000000, 0.000000000000000000, -1.000000000000000000 ) ) ;
#4489 = CARTESIAN_POINT ( 'NONE',  ( 0.3500000000000009215, 0.2000000000000000111, 1.600000000000000311 ) ) ;
#4490 = EDGE_CURVE ( 'NONE', #2106, #9352, #2428, .T. ) ;
#4491 = ADVANCED_FACE ( 'NONE', ( #2209 ), #5277, .F. ) ;
#4492 = AXIS2_PLACEMENT_3D ( 'NONE', #5089, #7943, #9178 ) ;
#4493 = DIRECTION ( 'NONE',  ( 1.000000000000000000, 0.000000000000000000, -5.421010862427520198E-16 ) ) ;
#4494 = ORIENTED_EDGE ( 'NONE', *, *, #9210, .F. ) ;
#4495 = FACE_OUTER_BOUND ( 'NONE', #716, .T. ) ;
#4496 = PLANE ( 'NONE',  #4715 ) ;
#4497 = EDGE_CURVE ( 'NONE', #723, #7741, #8682, .T. ) ;
#4498 = VECTOR ( 'NONE', #8378, 1000.000000000000000 ) ;
#4499 = DIRECTION ( 'NONE',  ( 0.000000000000000000, 1.000000000000000000, 0.000000000000000000 ) ) ;
#4500 = LINE ( 'NONE', #1993, #7768 ) ;
#4501 = VERTEX_POINT ( 'NONE', #1521 ) ;
#4502 = EDGE_CURVE ( 'NONE', #2098, #8485, #8636, .T. ) ;
#4503 = VERTEX_POINT ( 'NONE', #3763 ) ;
#4504 = ORIENTED_EDGE ( 'NONE', *, *, #8417, .T. ) ;
#4505 = DIRECTION ( 'NONE',  ( 1.000000000000000000, 0.000000000000000000, 5.421010862427523156E-16 ) ) ;
#4506 = EDGE_LOOP ( 'NONE', ( #9382, #2719, #9058, #1958 ) ) ;
#4507 = ORIENTED_EDGE ( 'NONE', *, *, #1855, .T. ) ;
#4508 = DIRECTION ( 'NONE',  ( -0.000000000000000000, -1.000000000000000000, -0.000000000000000000 ) ) ;
#4509 = DIRECTION ( 'NONE',  ( -1.000000000000000000, 0.000000000000000000, 5.421010862427523156E-16 ) ) ;
#4510 = MECHANICAL_DESIGN_GEOMETRIC_PRESENTATION_REPRESENTATION (  '', ( #4762 ), #76 ) ;
#4511 = DIRECTION ( 'NONE',  ( 1.084202172485501673E-15, 0.000000000000000000, 1.000000000000000000 ) ) ;
#4512 = CARTESIAN_POINT ( 'NONE',  ( 1.500000000000000000, 0.6472135954999583829, -0.6499999999999995781 ) ) ;
#4513 = VERTEX_POINT ( 'NONE', #1450 ) ;
#4514 = VECTOR ( 'NONE', #4260, 1000.000000000000000 ) ;
#4515 = LINE ( 'NONE', #4654, #4600 ) ;
#4516 = CARTESIAN_POINT ( 'NONE',  ( -0.1499999999999995226, 0.2000000000000000944, -2.000000000000000000 ) ) ;
#4517 = DIRECTION ( 'NONE',  ( 0.000000000000000000, 1.000000000000000000, 0.000000000000000000 ) ) ;
#4518 = ADVANCED_FACE ( 'NONE', ( #8668 ), #8778, .T. ) ;
#4519 = DIRECTION ( 'NONE',  ( 0.000000000000000000, -1.000000000000000000, 0.000000000000000000 ) ) ;
#4520 = VECTOR ( 'NONE', #6471, 1000.000000000000000 ) ;
#4521 = AXIS2_PLACEMENT_3D ( 'NONE', #9441, #2925, #2865 ) ;
#4522 = ORIENTED_EDGE ( 'NONE', *, *, #4925, .F. ) ;
#4523 = VERTEX_POINT ( 'NONE', #6689 ) ;
#4524 = ORIENTED_EDGE ( 'NONE', *, *, #1839, .T. ) ;
#4525 = ORIENTED_EDGE ( 'NONE', *, *, #4743, .F. ) ;
#4526 = ORIENTED_EDGE ( 'NONE', *, *, #9096, .T. ) ;
#4527 =( NAMED_UNIT ( * ) PLANE_ANGLE_UNIT ( ) SI_UNIT ( $, .RADIAN. ) );
#4528 = CARTESIAN_POINT ( 'NONE',  ( 0.7500000000000000000, 0.000000000000000000, -1.300000000000000266 ) ) ;
#4529 = DIRECTION ( 'NONE',  ( 0.000000000000000000, 1.000000000000000000, 0.000000000000000000 ) ) ;
#4530 = ORIENTED_EDGE ( 'NONE', *, *, #3424, .T. ) ;
#4531 = LINE ( 'NONE', #9280, #4766 ) ;
#4532 = VECTOR ( 'NONE', #9357, 1000.000000000000000 ) ;
#4533 = CARTESIAN_POINT ( 'NONE',  ( 0.000000000000000000, 0.2000000000000000111, 0.000000000000000000 ) ) ;
#4534 = LINE ( 'NONE', #5822, #1817 ) ;
#4535 = EDGE_LOOP ( 'NONE', ( #3347, #2720, #364, #9573 ) ) ;
#4536 = ORIENTED_EDGE ( 'NONE', *, *, #1519, .T. ) ;
#4537 = ORIENTED_EDGE ( 'NONE', *, *, #4357, .T. ) ;
#4538 = VERTEX_POINT ( 'NONE', #5804 ) ;
#4539 =( LENGTH_UNIT ( ) NAMED_UNIT ( * ) SI_UNIT ( .MILLI., .METRE. ) );
#4540 = VERTEX_POINT ( 'NONE', #2281 ) ;
#4541 = DIRECTION ( 'NONE',  ( -0.000000000000000000, 1.000000000000000000, -0.000000000000000000 ) ) ;
#4542 = PLANE ( 'NONE',  #6565 ) ;
#4543 = PLANE ( 'NONE',  #7704 ) ;
#4544 = ORIENTED_EDGE ( 'NONE', *, *, #3824, .T. ) ;
#4545 = UNCERTAINTY_MEASURE_WITH_UNIT (LENGTH_MEASURE( 1.000000000000000082E-05 ), #1409, 'distance_accuracy_value', 'NONE');
#4546 = FACE_OUTER_BOUND ( 'NONE', #4719, .T. ) ;
#4547 = VECTOR ( 'NONE', #4541, 1000.000000000000000 ) ;
#4548 = PLANE ( 'NONE',  #6961 ) ;
#4549 = DIRECTION ( 'NONE',  ( -0.000000000000000000, -1.000000000000000000, -0.000000000000000000 ) ) ;
#4550 = VECTOR ( 'NONE', #7885, 1000.000000000000000 ) ;
#4551 = ORIENTED_EDGE ( 'NONE', *, *, #4383, .F. ) ;
#4552 = EDGE_LOOP ( 'NONE', ( #4267, #2119, #8800, #2523 ) ) ;
#4553 = CARTESIAN_POINT ( 'NONE',  ( 0.6500000000000009104, 0.04999999999999969746, 2.000000000000000000 ) ) ;
#4554 = ORIENTED_EDGE ( 'NONE', *, *, #3558, .F. ) ;
#4555 = CARTESIAN_POINT ( 'NONE',  ( -1.166666666666666741, 0.8000000000000000444, -1.516666666666666607 ) ) ;
#4556 = ORIENTED_EDGE ( 'NONE', *, *, #2962, .F. ) ;
#4557 = ORIENTED_EDGE ( 'NONE', *, *, #4617, .F. ) ;
#4558 = CARTESIAN_POINT ( 'NONE',  ( 1.499999999999999778, 0.1999999999999996503, -1.350000000000000089 ) ) ;
#4559 = DIRECTION ( 'NONE',  ( 0.000000000000000000, 0.000000000000000000, 1.000000000000000000 ) ) ;
#4560 = CARTESIAN_POINT ( 'NONE',  ( 1.499999999999999778, 0.1250000000000000000, 1.600000000000000089 ) ) ;
#4561 = EDGE_CURVE ( 'NONE', #6005, #5269, #2322, .T. ) ;
#4562 = VERTEX_POINT ( 'NONE', #6575 ) ;
#4563 = FACE_OUTER_BOUND ( 'NONE', #9539, .T. ) ;
#4564 =( NAMED_UNIT ( * ) SI_UNIT ( $, .STERADIAN. ) SOLID_ANGLE_UNIT ( ) );
#4565 = LINE ( 'NONE', #3364, #7613 ) ;
#4566 = DIRECTION ( 'NONE',  ( -1.000000000000000000, 0.000000000000000000, 0.000000000000000000 ) ) ;
#4567 = COLOUR_RGB ( '',0.7921568627450980005, 0.8196078431372548767, 0.9333333333333333481 ) ;
#4568 = CARTESIAN_POINT ( 'NONE',  ( -1.499999999999999778, 0.1999999999999999833, -0.8500000000000000888 ) ) ;
#4569 = ORIENTED_EDGE ( 'NONE', *, *, #7865, .F. ) ;
#4570 = EDGE_LOOP ( 'NONE', ( #980, #636, #7010, #786 ) ) ;
#4571 = ORIENTED_EDGE ( 'NONE', *, *, #2730, .T. ) ;
#4572 = DIRECTION ( 'NONE',  ( -0.000000000000000000, -0.000000000000000000, 1.000000000000000000 ) ) ;
#4573 = VERTEX_POINT ( 'NONE', #2158 ) ;
#4574 = ORIENTED_EDGE ( 'NONE', *, *, #616, .F. ) ;
#4575 = ADVANCED_FACE ( 'NONE', ( #8755 ), #3582, .T. ) ;
#4576 = CARTESIAN_POINT ( 'NONE',  ( -1.500000000000000000, 0.1999999999999999833, -1.149999999999999467 ) ) ;
#4577 = AXIS2_PLACEMENT_3D ( 'NONE', #8956, #3635, #8905 ) ;
#4578 = PRODUCT_DEFINITION_SHAPE ( 'NONE', 'NONE',  #293 ) ;
#4579 = ADVANCED_FACE ( 'NONE', ( #8776 ), #5156, .F. ) ;
#4580 = CARTESIAN_POINT ( 'NONE',  ( 1.499999999999999778, 0.6472135954999583829, -0.8500000000000000888 ) ) ;
#4581 = ORIENTED_EDGE ( 'NONE', *, *, #5962, .T. ) ;
#4582 = VECTOR ( 'NONE', #8924, 1000.000000000000000 ) ;
#4583 = CARTESIAN_POINT ( 'NONE',  ( -1.400000000000000133, 0.1999999999999999833, 1.600000000000000089 ) ) ;
#4584 = VECTOR ( 'NONE', #4972, 1000.000000000000000 ) ;
#4585 = AXIS2_PLACEMENT_3D ( 'NONE', #6313, #7003, #5729 ) ;
#4586 = DIRECTION ( 'NONE',  ( 0.000000000000000000, 0.000000000000000000, -1.000000000000000000 ) ) ;
#4587 = EDGE_CURVE ( 'NONE', #4239, #8226, #2370, .T. ) ;
#4588 = LINE ( 'NONE', #8896, #7923 ) ;
#4589 = ORIENTED_EDGE ( 'NONE', *, *, #6752, .T. ) ;
#4590 = ORIENTED_EDGE ( 'NONE', *, *, #5208, .T. ) ;
#4591 = ORIENTED_EDGE ( 'NONE', *, *, #5414, .T. ) ;
#4592 = EDGE_LOOP ( 'NONE', ( #1641, #4135, #7641, #8257 ) ) ;
#4593 = DIRECTION ( 'NONE',  ( 0.000000000000000000, -1.000000000000000000, 0.000000000000000000 ) ) ;
#4594 = FILL_AREA_STYLE ('',( #9478 ) ) ;
#4595 = CARTESIAN_POINT ( 'NONE',  ( -0.8499999999999996447, 0.000000000000000000, -1.600000000000000089 ) ) ;
#4596 = DIRECTION ( 'NONE',  ( 1.000000000000000000, 0.000000000000000000, 5.421010862427520198E-16 ) ) ;
#4597 = CARTESIAN_POINT ( 'NONE',  ( -0.4499999999999971245, 0.05000000000000000278, -1.300000000000000266 ) ) ;
#4598 = EDGE_CURVE ( 'NONE', #5384, #2480, #2410, .T. ) ;
#4599 = EDGE_LOOP ( 'NONE', ( #6225, #2412, #8701, #6206 ) ) ;
#4600 = VECTOR ( 'NONE', #5391, 1000.000000000000000 ) ;
#4601 = CARTESIAN_POINT ( 'NONE',  ( 1.399999999999999689, 0.1999999999999999833, 1.750000000000000000 ) ) ;
#4602 = LINE ( 'NONE', #1156, #1207 ) ;
#4603 = COLOUR_RGB ( '',0.7921568627450980005, 0.8196078431372548767, 0.9333333333333333481 ) ;
#4604 = CARTESIAN_POINT ( 'NONE',  ( 1.499999999999999778, 0.05000000000000000278, 2.000000000000000000 ) ) ;
#4605 = LINE ( 'NONE', #8544, #4312 ) ;
#4606 = EDGE_CURVE ( 'NONE', #7420, #8474, #5704, .T. ) ;
#4607 = ORIENTED_EDGE ( 'NONE', *, *, #8308, .F. ) ;
#4608 = ORIENTED_EDGE ( 'NONE', *, *, #5427, .T. ) ;
#4609 = STYLED_ITEM ( 'NONE', ( #5418 ), #6883 ) ;
#4610 = EDGE_LOOP ( 'NONE', ( #1622, #1850, #1360, #4537 ) ) ;
#4611 = EDGE_LOOP ( 'NONE', ( #7679, #7428, #7823, #7931 ) ) ;
#4612 = PLANE ( 'NONE',  #6911 ) ;
#4613 = EDGE_CURVE ( 'NONE', #2543, #2751, #8996, .T. ) ;
#4614 = EDGE_CURVE ( 'NONE', #527, #2495, #5904, .T. ) ;
#4615 = EDGE_CURVE ( 'NONE', #6344, #8240, #8965, .T. ) ;
#4616 =( NAMED_UNIT ( * ) SI_UNIT ( $, .STERADIAN. ) SOLID_ANGLE_UNIT ( ) );
#4617 = EDGE_CURVE ( 'NONE', #8756, #1510, #2698, .T. ) ;
#4618 = DIRECTION ( 'NONE',  ( 0.000000000000000000, -1.000000000000000000, 0.000000000000000000 ) ) ;
#4619 = ORIENTED_EDGE ( 'NONE', *, *, #5108, .T. ) ;
#4620 = LINE ( 'NONE', #6496, #1466 ) ;
#4621 = LINE ( 'NONE', #1389, #4292 ) ;
#4622 = AXIS2_PLACEMENT_3D ( 'NONE', #4044, #6988, #4999 ) ;
#4623 = CARTESIAN_POINT ( 'NONE',  ( 1.099999999999999423, 0.1250000000000011935, -1.899999999999999911 ) ) ;
#4624 = CARTESIAN_POINT ( 'NONE',  ( 1.500000000000000000, 0.1999999999999999833, 0.8500000000000005329 ) ) ;
#4625 = LINE ( 'NONE', #746, #1301 ) ;
#4626 = VECTOR ( 'NONE', #7437, 1000.000000000000000 ) ;
#4627 = VECTOR ( 'NONE', #1476, 1000.000000000000000 ) ;
#4628 = ORIENTED_EDGE ( 'NONE', *, *, #2393, .T. ) ;
#4629 = DIRECTION ( 'NONE',  ( 1.000000000000000000, 0.000000000000000000, 0.000000000000000000 ) ) ;
#4630 = VERTEX_POINT ( 'NONE', #5454 ) ;
#4631 = CARTESIAN_POINT ( 'NONE',  ( 1.099999999999999423, 0.1250000000000011935, -1.899999999999999911 ) ) ;
#4632 = ORIENTED_EDGE ( 'NONE', *, *, #3207, .T. ) ;
#4633 = ORIENTED_EDGE ( 'NONE', *, *, #1326, .T. ) ;
#4634 = SURFACE_STYLE_USAGE ( .BOTH. , #4704 ) ;
#4635 = EDGE_CURVE ( 'NONE', #2765, #6151, #2652, .T. ) ;
#4636 = CARTESIAN_POINT ( 'NONE',  ( 4.607859233063390886E-16, 0.05000000000000000278, 0.8499999999999997558 ) ) ;
#4637 = VERTEX_POINT ( 'NONE', #6862 ) ;
#4638 = VECTOR ( 'NONE', #5483, 1000.000000000000000 ) ;
#4639 = LINE ( 'NONE', #6737, #4276 ) ;
#4640 = ADVANCED_FACE ( 'NONE', ( #2801 ), #5515, .T. ) ;
#4641 = DIRECTION ( 'NONE',  ( 1.000000000000000000, -0.000000000000000000, -1.084202172485504040E-15 ) ) ;
#4642 = DIRECTION ( 'NONE',  ( 0.000000000000000000, 1.000000000000000000, 0.000000000000000000 ) ) ;
#4643 = AXIS2_PLACEMENT_3D ( 'NONE', #5451, #4861, #3133 ) ;
#4644 = LINE ( 'NONE', #3971, #4662 ) ;
#4645 = VERTEX_POINT ( 'NONE', #1771 ) ;
#4646 = ORIENTED_EDGE ( 'NONE', *, *, #5063, .T. ) ;
#4647 = DIRECTION ( 'NONE',  ( 0.000000000000000000, 1.000000000000000000, 0.000000000000000000 ) ) ;
#4648 = ORIENTED_EDGE ( 'NONE', *, *, #1839, .F. ) ;
#4649 = ORIENTED_EDGE ( 'NONE', *, *, #265, .T. ) ;
#4650 = CARTESIAN_POINT ( 'NONE',  ( -1.499999999999999778, 0.000000000000000000, 0.1499999999999999667 ) ) ;
#4651 = SURFACE_SIDE_STYLE ('',( #7650 ) ) ;
#4652 = DIRECTION ( 'NONE',  ( -5.421010862427523156E-16, 0.000000000000000000, 1.000000000000000000 ) ) ;
#4653 = AXIS2_PLACEMENT_3D ( 'NONE', #932, #7589, #2540 ) ;
#4654 = CARTESIAN_POINT ( 'NONE',  ( -1.166666666666666741, 0.8000000000000000444, -1.816666666666666430 ) ) ;
#4655 = ORIENTED_EDGE ( 'NONE', *, *, #3659, .F. ) ;
#4656 = VECTOR ( 'NONE', #6761, 1000.000000000000000 ) ;
#4657 = CARTESIAN_POINT ( 'NONE',  ( 1.500000000000000000, 0.1999999999999999833, -1.149999999999999467 ) ) ;
#4658 = DIRECTION ( 'NONE',  ( -1.000000000000000000, 0.000000000000000000, -0.000000000000000000 ) ) ;
#4659 = VECTOR ( 'NONE', #4618, 1000.000000000000000 ) ;
#4660 = CARTESIAN_POINT ( 'NONE',  ( -1.099999999999999867, 0.1999999999999999833, -1.349999999999999867 ) ) ;
#4661 = LINE ( 'NONE', #654, #8043 ) ;
#4662 = VECTOR ( 'NONE', #3826, 1000.000000000000000 ) ;
#4663 = VERTEX_POINT ( 'NONE', #2487 ) ;
#4664 = ORIENTED_EDGE ( 'NONE', *, *, #9498, .T. ) ;
#4665 = ORIENTED_EDGE ( 'NONE', *, *, #9508, .F. ) ;
#4666 = VERTEX_POINT ( 'NONE', #205 ) ;
#4667 = ADVANCED_FACE ( 'NONE', ( #2478 ), #1890, .T. ) ;
#4668 = CARTESIAN_POINT ( 'NONE',  ( -1.099999999999999867, 0.000000000000000000, 0.1500000000000001887 ) ) ;
#4669 = SURFACE_SIDE_STYLE ('',( #7539 ) ) ;
#4670 = DIRECTION ( 'NONE',  ( 1.000000000000000000, 0.000000000000000000, 0.000000000000000000 ) ) ;
#4671 = CARTESIAN_POINT ( 'NONE',  ( -0.8499999999999996447, 0.2000000000000000111, -2.000000000000000000 ) ) ;
#4672 = ADVANCED_FACE ( 'NONE', ( #5742 ), #9146, .F. ) ;
#4673 = ORIENTED_EDGE ( 'NONE', *, *, #5179, .F. ) ;
#4674 = FACE_OUTER_BOUND ( 'NONE', #829, .T. ) ;
#4675 =( NAMED_UNIT ( * ) PLANE_ANGLE_UNIT ( ) SI_UNIT ( $, .RADIAN. ) );
#4676 = LINE ( 'NONE', #5823, #8071 ) ;
#4677 = VECTOR ( 'NONE', #9069, 1000.000000000000000 ) ;
#4678 = CARTESIAN_POINT ( 'NONE',  ( -1.099999999999999867, 0.1999999999999999833, 0.8500000000000003109 ) ) ;
#4679 = ORIENTED_EDGE ( 'NONE', *, *, #8308, .T. ) ;
#4680 = EDGE_CURVE ( 'NONE', #6426, #3402, #9068, .T. ) ;
#4681 = ORIENTED_EDGE ( 'NONE', *, *, #145, .T. ) ;
#4682 = VERTEX_POINT ( 'NONE', #4668 ) ;
#4683 = EDGE_LOOP ( 'NONE', ( #1763, #4971, #5370, #8932 ) ) ;
#4684 = CARTESIAN_POINT ( 'NONE',  ( -1.099999999999999867, 0.1999999999999999833, 0.8500000000000003109 ) ) ;
#4685 = UNCERTAINTY_MEASURE_WITH_UNIT (LENGTH_MEASURE( 1.000000000000000082E-05 ), #473, 'distance_accuracy_value', 'NONE');
#4686 = CARTESIAN_POINT ( 'NONE',  ( 0.000000000000000000, 0.000000000000000000, 1.899999999999999911 ) ) ;
#4687 = DIRECTION ( 'NONE',  ( -1.000000000000000000, 0.000000000000000000, 0.000000000000000000 ) ) ;
#4688 = CARTESIAN_POINT ( 'NONE',  ( 1.099999999999999867, 0.1250000000000011935, 1.899999999999999911 ) ) ;
#4689 = PLANE ( 'NONE',  #5566 ) ;
#4690 = ORIENTED_EDGE ( 'NONE', *, *, #7115, .T. ) ;
#4691 = LINE ( 'NONE', #169, #1618 ) ;
#4692 = FACE_OUTER_BOUND ( 'NONE', #2110, .T. ) ;
#4693 = DIRECTION ( 'NONE',  ( -1.000000000000000000, 0.000000000000000000, -0.000000000000000000 ) ) ;
#4694 = DIRECTION ( 'NONE',  ( 1.000000000000000000, -0.000000000000000000, 5.421010862427520198E-16 ) ) ;
#4695 = FACE_OUTER_BOUND ( 'NONE', #442, .T. ) ;
#4696 = VECTOR ( 'NONE', #3243, 1000.000000000000000 ) ;
#4697 = LINE ( 'NONE', #7410, #1709 ) ;
#4698 = ORIENTED_EDGE ( 'NONE', *, *, #8334, .T. ) ;
#4699 = CARTESIAN_POINT ( 'NONE',  ( -0.1499999999999995226, 0.04999999999999999584, -1.600000000000000311 ) ) ;
#4700 = ORIENTED_EDGE ( 'NONE', *, *, #5468, .T. ) ;
#4701 = DIRECTION ( 'NONE',  ( -0.000000000000000000, -1.000000000000000000, -0.000000000000000000 ) ) ;
#4702 = VERTEX_POINT ( 'NONE', #2560 ) ;
#4703 = ORIENTED_EDGE ( 'NONE', *, *, #3383, .F. ) ;
#4704 = SURFACE_SIDE_STYLE ('',( #1922 ) ) ;
#4705 = DIRECTION ( 'NONE',  ( -2.710505431213763057E-16, -0.000000000000000000, -1.000000000000000000 ) ) ;
#4706 = DIRECTION ( 'NONE',  ( 0.000000000000000000, 0.000000000000000000, 1.000000000000000000 ) ) ;
#4707 = ORIENTED_EDGE ( 'NONE', *, *, #1631, .T. ) ;
#4708 = LINE ( 'NONE', #5142, #8120 ) ;
#4709 = LINE ( 'NONE', #1667, #4982 ) ;
#4710 = VECTOR ( 'NONE', #766, 1000.000000000000000 ) ;
#4711 = CARTESIAN_POINT ( 'NONE',  ( -1.099999999999999867, 0.6472135954999583829, 0.8500000000000003109 ) ) ;
#4712 = VECTOR ( 'NONE', #8247, 1000.000000000000000 ) ;
#4713 = FACE_OUTER_BOUND ( 'NONE', #1031, .T. ) ;
#4714 = ORIENTED_EDGE ( 'NONE', *, *, #1390, .T. ) ;
#4715 = AXIS2_PLACEMENT_3D ( 'NONE', #5967, #6976, #2672 ) ;
#4716 = VERTEX_POINT ( 'NONE', #3255 ) ;
#4717 =( LENGTH_UNIT ( ) NAMED_UNIT ( * ) SI_UNIT ( .MILLI., .METRE. ) );
#4718 = ORIENTED_EDGE ( 'NONE', *, *, #3511, .T. ) ;
#4719 = EDGE_LOOP ( 'NONE', ( #8062, #4936, #8242, #5940 ) ) ;
#4720 = CARTESIAN_POINT ( 'NONE',  ( 1.499999999999999778, 0.000000000000000000, -0.8500000000000000888 ) ) ;
#4721 = EDGE_CURVE ( 'NONE', #5617, #429, #5935, .T. ) ;
#4722 = PLANE ( 'NONE',  #4468 ) ;
#4723 = AXIS2_PLACEMENT_3D ( 'NONE', #638, #7347, #1482 ) ;
#4724 = EDGE_CURVE ( 'NONE', #8342, #5503, #9159, .T. ) ;
#4725 = DIRECTION ( 'NONE',  ( 0.000000000000000000, -1.000000000000000000, 0.000000000000000000 ) ) ;
#4726 = EDGE_CURVE ( 'NONE', #6892, #1371, #9041, .T. ) ;
#4727 = ORIENTED_EDGE ( 'NONE', *, *, #2407, .T. ) ;
#4728 = LINE ( 'NONE', #7455, #8040 ) ;
#4729 = CARTESIAN_POINT ( 'NONE',  ( 1.099999999999999867, 0.6472135954999583829, -0.6499999999999998002 ) ) ;
#4730 = PLANE ( 'NONE',  #4351 ) ;
#4731 = PLANE ( 'NONE',  #6065 ) ;
#4732 = LINE ( 'NONE', #3260, #8149 ) ;
#4733 = VECTOR ( 'NONE', #833, 1000.000000000000000 ) ;
#4734 = ORIENTED_EDGE ( 'NONE', *, *, #9191, .T. ) ;
#4735 = ORIENTED_EDGE ( 'NONE', *, *, #717, .T. ) ;
#4736 = EDGE_CURVE ( 'NONE', #5696, #4630, #2682, .T. ) ;
#4737 = VERTEX_POINT ( 'NONE', #2419 ) ;
#4738 = EDGE_LOOP ( 'NONE', ( #4245, #934, #7021, #1233 ) ) ;
#4739 = CARTESIAN_POINT ( 'NONE',  ( -1.099999999999999867, 0.1999999999999999833, -1.349999999999999867 ) ) ;
#4740 = DIRECTION ( 'NONE',  ( -5.782411586589358822E-15, 1.000000000000000000, 0.000000000000000000 ) ) ;
#4741 = CARTESIAN_POINT ( 'NONE',  ( 1.232294901687515543, 0.1999999999999999833, -1.600000000000000089 ) ) ;
#4742 = CARTESIAN_POINT ( 'NONE',  ( -1.099999999999999867, 0.6472135954999583829, -0.8499999999999998668 ) ) ;
#4743 = EDGE_CURVE ( 'NONE', #3464, #3370, #2619, .T. ) ;
#4744 = AXIS2_PLACEMENT_3D ( 'NONE', #280, #2692, #9161 ) ;
#4745 = VECTOR ( 'NONE', #6145, 1000.000000000000000 ) ;
#4746 = DIRECTION ( 'NONE',  ( -0.000000000000000000, -1.000000000000000000, -0.000000000000000000 ) ) ;
#4747 = AXIS2_PLACEMENT_3D ( 'NONE', #5318, #1343, #2321 ) ;
#4748 = LINE ( 'NONE', #7764, #4950 ) ;
#4749 = PRESENTATION_STYLE_ASSIGNMENT (( #3185 ) ) ;
#4750 =( NAMED_UNIT ( * ) SI_UNIT ( $, .STERADIAN. ) SOLID_ANGLE_UNIT ( ) );
#4751 = SURFACE_STYLE_FILL_AREA ( #341 ) ;
#4752 = ORIENTED_EDGE ( 'NONE', *, *, #7188, .F. ) ;
#4753 = EDGE_CURVE ( 'NONE', #1527, #4737, #5760, .T. ) ;
#4754 = EDGE_LOOP ( 'NONE', ( #2344, #3801, #7111, #7340 ) ) ;
#4755 = VERTEX_POINT ( 'NONE', #6488 ) ;
#4756 = FILL_AREA_STYLE_COLOUR ( '', #303 ) ;
#4757 = ORIENTED_EDGE ( 'NONE', *, *, #6038, .T. ) ;
#4758 = ADVANCED_FACE ( 'NONE', ( #5796 ), #7433, .F. ) ;
#4759 = FILL_AREA_STYLE ('',( #8443 ) ) ;
#4760 = EDGE_CURVE ( 'NONE', #6260, #308, #2790, .T. ) ;
#4761 = CARTESIAN_POINT ( 'NONE',  ( -0.6499999999999991340, 0.1999999999999999833, 1.600000000000000311 ) ) ;
#4762 = STYLED_ITEM ( 'NONE', ( #1245 ), #1931 ) ;
#4763 = DIRECTION ( 'NONE',  ( -1.000000000000000000, 0.000000000000000000, 0.000000000000000000 ) ) ;
#4764 = DIRECTION ( 'NONE',  ( -0.000000000000000000, -1.000000000000000000, -0.000000000000000000 ) ) ;
#4765 = CARTESIAN_POINT ( 'NONE',  ( 0.6500000000000003553, 0.000000000000000000, -1.600000000000000089 ) ) ;
#4766 = VECTOR ( 'NONE', #7645, 1000.000000000000000 ) ;
#4767 = DIRECTION ( 'NONE',  ( -1.000000000000000000, -0.000000000000000000, -5.421010862427524019E-17 ) ) ;
#4768 = CARTESIAN_POINT ( 'NONE',  ( -1.099999999999999867, 0.1999999999999999833, 1.899999999999999911 ) ) ;
#4769 = VECTOR ( 'NONE', #5176, 1000.000000000000000 ) ;
#4770 = VECTOR ( 'NONE', #5442, 1000.000000000000000 ) ;
#4771 = VECTOR ( 'NONE', #4764, 1000.000000000000000 ) ;
#4772 = ORIENTED_EDGE ( 'NONE', *, *, #390, .F. ) ;
#4773 =( LENGTH_UNIT ( ) NAMED_UNIT ( * ) SI_UNIT ( .MILLI., .METRE. ) );
#4774 = ORIENTED_EDGE ( 'NONE', *, *, #2058, .F. ) ;
#4775 = CARTESIAN_POINT ( 'NONE',  ( -0.6499999999999995781, 0.2000000000000000944, -2.000000000000000000 ) ) ;
#4776 = ORIENTED_EDGE ( 'NONE', *, *, #4635, .F. ) ;
#4777 = ORIENTED_EDGE ( 'NONE', *, *, #1239, .F. ) ;
#4778 = EDGE_CURVE ( 'NONE', #5680, #9383, #5887, .T. ) ;
#4779 = CARTESIAN_POINT ( 'NONE',  ( 1.099999999999999867, 0.1999999999999999833, 1.350000000000000311 ) ) ;
#4780 = MECHANICAL_DESIGN_GEOMETRIC_PRESENTATION_REPRESENTATION (  '', ( #7367 ), #5228 ) ;
#4781 = SURFACE_STYLE_USAGE ( .BOTH. , #3938 ) ;
#4782 = CIRCLE ( 'NONE', #4935, 0.1499999999999999667 ) ;
#4783 = CARTESIAN_POINT ( 'NONE',  ( 0.6500000000000007994, 0.000000000000000000, 1.600000000000000089 ) ) ;
#4784 = FACE_OUTER_BOUND ( 'NONE', #3829, .T. ) ;
#4785 = FACE_OUTER_BOUND ( 'NONE', #9299, .T. ) ;
#4786 = VECTOR ( 'NONE', #3852, 1000.000000000000000 ) ;
#4787 = ORIENTED_EDGE ( 'NONE', *, *, #53, .T. ) ;
#4788 = SURFACE_SIDE_STYLE ('',( #881 ) ) ;
#4789 = VERTEX_POINT ( 'NONE', #2538 ) ;
#4790 = CARTESIAN_POINT ( 'NONE',  ( 0.7500000000000000000, 0.05000000000000000278, 0.000000000000000000 ) ) ;
#4791 = EDGE_LOOP ( 'NONE', ( #1623, #8707, #1657, #8166 ) ) ;
#4792 = AXIS2_PLACEMENT_3D ( 'NONE', #6039, #1811, #3806 ) ;
#4793 = ORIENTED_EDGE ( 'NONE', *, *, #2062, .T. ) ;
#4794 =( NAMED_UNIT ( * ) PLANE_ANGLE_UNIT ( ) SI_UNIT ( $, .RADIAN. ) );
#4795 =( NAMED_UNIT ( * ) SI_UNIT ( $, .STERADIAN. ) SOLID_ANGLE_UNIT ( ) );
#4796 = DIRECTION ( 'NONE',  ( 1.445602896647339163E-16, 0.000000000000000000, -1.000000000000000000 ) ) ;
#4797 = LINE ( 'NONE', #2139, #8006 ) ;
#4798 = FACE_OUTER_BOUND ( 'NONE', #3984, .T. ) ;
#4799 = CARTESIAN_POINT ( 'NONE',  ( 0.3500000000000010325, 0.6472135954999580498, 2.000000000000000000 ) ) ;
#4800 = DIRECTION ( 'NONE',  ( 0.000000000000000000, 0.000000000000000000, 1.000000000000000000 ) ) ;
#4801 = VECTOR ( 'NONE', #3972, 1000.000000000000000 ) ;
#4802 = PRESENTATION_STYLE_ASSIGNMENT (( #1813 ) ) ;
#4803 = VECTOR ( 'NONE', #5542, 1000.000000000000000 ) ;
#4804 = VERTEX_POINT ( 'NONE', #8746 ) ;
#4805 = ORIENTED_EDGE ( 'NONE', *, *, #7587, .T. ) ;
#4806 = ORIENTED_EDGE ( 'NONE', *, *, #8157, .T. ) ;
#4807 = ORIENTED_EDGE ( 'NONE', *, *, #6843, .T. ) ;
#4808 = DIRECTION ( 'NONE',  ( 1.000000000000000000, 1.084202172485504828E-15, 0.000000000000000000 ) ) ;
#4809 = CARTESIAN_POINT ( 'NONE',  ( 1.399999999999999689, 0.1999999999999999833, 1.600000000000000089 ) ) ;
#4810 = PLANE ( 'NONE',  #2440 ) ;
#4811 = DIRECTION ( 'NONE',  ( -1.000000000000000000, 0.000000000000000000, 1.084202172485504040E-15 ) ) ;
#4812 = LINE ( 'NONE', #2884, #1522 ) ;
#4813 = LINE ( 'NONE', #8770, #4962 ) ;
#4814 = CARTESIAN_POINT ( 'NONE',  ( -1.499999999999999778, 0.000000000000000000, -0.8500000000000000888 ) ) ;
#4815 = LINE ( 'NONE', #1548, #4710 ) ;
#4816 = VECTOR ( 'NONE', #8828, 1000.000000000000000 ) ;
#4817 = DIRECTION ( 'NONE',  ( -1.000000000000000000, 0.000000000000000000, 0.000000000000000000 ) ) ;
#4818 = ORIENTED_EDGE ( 'NONE', *, *, #7959, .T. ) ;
#4819 = ORIENTED_EDGE ( 'NONE', *, *, #3112, .T. ) ;
#4820 = ORIENTED_EDGE ( 'NONE', *, *, #4497, .T. ) ;
#4821 = CARTESIAN_POINT ( 'NONE',  ( -1.500000000000000000, 0.1999999999999999833, -0.6499999999999995781 ) ) ;
#4822 = ORIENTED_EDGE ( 'NONE', *, *, #4189, .F. ) ;
#4823 = CARTESIAN_POINT ( 'NONE',  ( 0.000000000000000000, 0.000000000000000000, 1.000000000000000000 ) ) ;
#4824 = AXIS2_PLACEMENT_3D ( 'NONE', #9196, #2551, #3960 ) ;
#4825 = CARTESIAN_POINT ( 'NONE',  ( 1.500000000000000000, 0.000000000000000000, 0.8500000000000005329 ) ) ;
#4826 = CARTESIAN_POINT ( 'NONE',  ( -0.1499999999999995226, 0.6472135954999580498, -1.600000000000000311 ) ) ;
#4827 = PLANE ( 'NONE',  #2097 ) ;
#4828 = LINE ( 'NONE', #3224, #7918 ) ;
#4829 = VECTOR ( 'NONE', #9103, 1000.000000000000000 ) ;
#4830 = PLANE ( 'NONE',  #1759 ) ;
#4831 = VECTOR ( 'NONE', #1180, 1000.000000000000000 ) ;
#4832 =( GEOMETRIC_REPRESENTATION_CONTEXT ( 3 ) GLOBAL_UNCERTAINTY_ASSIGNED_CONTEXT ( ( #5951 ) ) GLOBAL_UNIT_ASSIGNED_CONTEXT ( ( #5789, #3393, #8821 ) ) REPRESENTATION_CONTEXT ( 'NONE', 'WORKASPACE' ) );
#4833 = EDGE_CURVE ( 'NONE', #1851, #2561, #5986, .T. ) ;
#4834 = COLOUR_RGB ( '',1.000000000000000000, 0.5019607843137254832, 0.5019607843137254832 ) ;
#4835 = ORIENTED_EDGE ( 'NONE', *, *, #8434, .F. ) ;
#4836 = ORIENTED_EDGE ( 'NONE', *, *, #1002, .F. ) ;
#4837 = VERTEX_POINT ( 'NONE', #7513 ) ;
#4838 = ORIENTED_EDGE ( 'NONE', *, *, #373, .T. ) ;
#4839 = ADVANCED_FACE ( 'NONE', ( #5722 ), #7364, .T. ) ;
#4840 = DIRECTION ( 'NONE',  ( 1.445602896647339163E-16, -0.000000000000000000, 1.000000000000000000 ) ) ;
#4841 = MANIFOLD_SOLID_BREP ( 'Boss-Extrude4[2]', #106 ) ;
#4842 = AXIS2_PLACEMENT_3D ( 'NONE', #5450, #4796, #3314 ) ;
#4843 = ADVANCED_FACE ( 'NONE', ( #2733 ), #2514, .F. ) ;
#4844 = SURFACE_STYLE_FILL_AREA ( #2944 ) ;
#4845 = PRESENTATION_STYLE_ASSIGNMENT (( #1447 ) ) ;
#4846 = FACE_OUTER_BOUND ( 'NONE', #2805, .T. ) ;
#4847 = VECTOR ( 'NONE', #3546, 1000.000000000000000 ) ;
#4848 = EDGE_CURVE ( 'NONE', #3311, #509, #5821, .T. ) ;
#4849 = ORIENTED_EDGE ( 'NONE', *, *, #9191, .F. ) ;
#4850 = ORIENTED_EDGE ( 'NONE', *, *, #1236, .T. ) ;
#4851 = AXIS2_PLACEMENT_3D ( 'NONE', #8708, #5039, #2787 ) ;
#4852 = DIRECTION ( 'NONE',  ( 5.421010862427523156E-16, -0.000000000000000000, 1.000000000000000000 ) ) ;
#4853 = ORIENTED_EDGE ( 'NONE', *, *, #8107, .F. ) ;
#4854 = ORIENTED_EDGE ( 'NONE', *, *, #2971, .F. ) ;
#4855 = CARTESIAN_POINT ( 'NONE',  ( -1.232294901687515987, 0.1250000000000000000, 1.750000000000000000 ) ) ;
#4856 = EDGE_CURVE ( 'NONE', #5445, #1851, #5840, .T. ) ;
#4857 = CARTESIAN_POINT ( 'NONE',  ( -1.500000000000000000, 0.6472135954999583829, 1.350000000000000533 ) ) ;
#4858 = EDGE_CURVE ( 'NONE', #111, #1578, #9116, .T. ) ;
#4859 = DIRECTION ( 'NONE',  ( 0.000000000000000000, -1.000000000000000000, 0.000000000000000000 ) ) ;
#4860 = LINE ( 'NONE', #4684, #4656 ) ;
#4861 = DIRECTION ( 'NONE',  ( -1.000000000000000000, 0.000000000000000000, 1.084202172485501673E-15 ) ) ;
#4862 = CARTESIAN_POINT ( 'NONE',  ( 0.8500000000000005329, 0.04999999999999969746, -2.000000000000000000 ) ) ;
#4863 = DIRECTION ( 'NONE',  ( 1.000000000000000000, 0.000000000000000000, -5.421010862427523156E-16 ) ) ;
#4864 = LINE ( 'NONE', #7969, #8190 ) ;
#4865 = PRESENTATION_STYLE_ASSIGNMENT (( #4130 ) ) ;
#4866 = ORIENTED_EDGE ( 'NONE', *, *, #8762, .T. ) ;
#4867 = VERTEX_POINT ( 'NONE', #6721 ) ;
#4868 = EDGE_CURVE ( 'NONE', #1214, #3656, #2777, .T. ) ;
#4869 = VERTEX_POINT ( 'NONE', #5788 ) ;
#4870 = PRESENTATION_LAYER_ASSIGNMENT (  '', '', ( #2171 ) ) ;
#4871 = DIRECTION ( 'NONE',  ( 2.710505431213763550E-16, 0.000000000000000000, 1.000000000000000000 ) ) ;
#4872 = DIRECTION ( 'NONE',  ( 0.000000000000000000, 0.000000000000000000, 1.000000000000000000 ) ) ;
#4873 = CARTESIAN_POINT ( 'NONE',  ( 1.500000000000000000, 0.1999999999999999833, -0.1499999999999995226 ) ) ;
#4874 = EDGE_CURVE ( 'NONE', #8928, #4206, #5965, .T. ) ;
#4875 = EDGE_CURVE ( 'NONE', #4645, #8827, #6331, .T. ) ;
#4876 = CARTESIAN_POINT ( 'NONE',  ( 1.399999999999999689, 0.1250000000000000000, -1.600000000000000089 ) ) ;
#4877 = LINE ( 'NONE', #626, #4769 ) ;
#4878 = AXIS2_PLACEMENT_3D ( 'NONE', #5465, #212, #6004 ) ;
#4879 = LINE ( 'NONE', #3223, #4968 ) ;
#4880 = ORIENTED_EDGE ( 'NONE', *, *, #4587, .T. ) ;
#4881 = VERTEX_POINT ( 'NONE', #2135 ) ;
#4882 = PLANE ( 'NONE',  #6926 ) ;
#4883 = EDGE_LOOP ( 'NONE', ( #8656, #4428, #4752, #7360 ) ) ;
#4884 = CARTESIAN_POINT ( 'NONE',  ( 0.8500000000000010880, 0.2000000000000000111, 2.000000000000000000 ) ) ;
#4885 = AXIS2_PLACEMENT_3D ( 'NONE', #2759, #4280, #5194 ) ;
#4886 = CARTESIAN_POINT ( 'NONE',  ( 0.000000000000000000, 0.000000000000000000, 2.500000000000000000 ) ) ;
#4887 = PLANE ( 'NONE',  #4585 ) ;
#4888 = DIRECTION ( 'NONE',  ( -0.000000000000000000, -1.000000000000000000, -0.000000000000000000 ) ) ;
#4889 = EDGE_CURVE ( 'NONE', #3081, #6136, #9282, .T. ) ;
#4890 = ADVANCED_FACE ( 'NONE', ( #3187 ), #5844, .T. ) ;
#4891 = CARTESIAN_POINT ( 'NONE',  ( 0.1500000000000003830, 0.05000000000000000278, -4.065758146820653337E-17 ) ) ;
#4892 = CARTESIAN_POINT ( 'NONE',  ( -1.500000000000000222, 0.1250000000000000000, -1.750000000000000000 ) ) ;
#4893 = FACE_OUTER_BOUND ( 'NONE', #3061, .T. ) ;
#4894 = LINE ( 'NONE', #4020, #8100 ) ;
#4895 = EDGE_LOOP ( 'NONE', ( #5375, #4494, #3326, #2244 ) ) ;
#4896 = VERTEX_POINT ( 'NONE', #2940 ) ;
#4897 = DIRECTION ( 'NONE',  ( 1.000000000000000000, 0.000000000000000000, 0.000000000000000000 ) ) ;
#4898 = ORIENTED_EDGE ( 'NONE', *, *, #2506, .T. ) ;
#4899 = ADVANCED_FACE ( 'NONE', ( #9547 ), #4496, .F. ) ;
#4900 = PLANE ( 'NONE',  #8497 ) ;
#4901 = CARTESIAN_POINT ( 'NONE',  ( -1.500000000000000222, 0.1999999999999999833, 1.750000000000000000 ) ) ;
#4902 = FILL_AREA_STYLE_COLOUR ( '', #9 ) ;
#4903 = ADVANCED_FACE ( 'NONE', ( #9201 ), #4104, .T. ) ;
#4904 = MECHANICAL_DESIGN_GEOMETRIC_PRESENTATION_REPRESENTATION (  '', ( #1671 ), #6987 ) ;
#4905 = CARTESIAN_POINT ( 'NONE',  ( 1.099999999999999867, 0.000000000000000000, 0.6500000000000001332 ) ) ;
#4906 = LINE ( 'NONE', #4107, #8042 ) ;
#4907 = VECTOR ( 'NONE', #5175, 1000.000000000000000 ) ;
#4908 = ORIENTED_EDGE ( 'NONE', *, *, #2527, .F. ) ;
#4909 = VERTEX_POINT ( 'NONE', #5511 ) ;
#4910 = CARTESIAN_POINT ( 'NONE',  ( -1.099999999999999867, 0.6472135954999583829, -0.6499999999999998002 ) ) ;
#4911 = ORIENTED_EDGE ( 'NONE', *, *, #7055, .F. ) ;
#4912 = ADVANCED_FACE ( 'NONE', ( #9215 ), #6797, .F. ) ;
#4913 = DIRECTION ( 'NONE',  ( 1.000000000000000000, -0.000000000000000000, 1.084202172485501673E-15 ) ) ;
#4914 = ADVANCED_FACE ( 'NONE', ( #6045, #2924, #6253 ), #4731, .F. ) ;
#4915 = CARTESIAN_POINT ( 'NONE',  ( 0.000000000000000000, 0.2000000000000000111, 0.000000000000000000 ) ) ;
#4916 = LINE ( 'NONE', #6068, #4829 ) ;
#4917 = DIRECTION ( 'NONE',  ( 0.000000000000000000, -1.000000000000000000, 0.000000000000000000 ) ) ;
#4918 = CARTESIAN_POINT ( 'NONE',  ( -1.500000000000000000, 0.000000000000000000, 0.3500000000000004774 ) ) ;
#4919 = VECTOR ( 'NONE', #3434, 1000.000000000000000 ) ;
#4920 = LINE ( 'NONE', #8129, #5220 ) ;
#4921 = LINE ( 'NONE', #8448, #4786 ) ;
#4922 = ORIENTED_EDGE ( 'NONE', *, *, #1872, .T. ) ;
#4923 = ORIENTED_EDGE ( 'NONE', *, *, #7046, .T. ) ;
#4924 = VERTEX_POINT ( 'NONE', #7756 ) ;
#4925 = EDGE_CURVE ( 'NONE', #3725, #441, #3079, .T. ) ;
#4926 = DIRECTION ( 'NONE',  ( -5.421010862427520198E-16, 0.000000000000000000, -1.000000000000000000 ) ) ;
#4927 =( NAMED_UNIT ( * ) PLANE_ANGLE_UNIT ( ) SI_UNIT ( $, .RADIAN. ) );
#4928 = LINE ( 'NONE', #8073, #1481 ) ;
#4929 = CARTESIAN_POINT ( 'NONE',  ( -0.6499999999999991340, 0.1999999999999999833, 1.600000000000000311 ) ) ;
#4930 = LINE ( 'NONE', #6749, #4801 ) ;
#4931 = VECTOR ( 'NONE', #3629, 1000.000000000000000 ) ;
#4932 = DIRECTION ( 'NONE',  ( 0.000000000000000000, 0.000000000000000000, -1.000000000000000000 ) ) ;
#4933 = SURFACE_STYLE_FILL_AREA ( #5601 ) ;
#4934 = ORIENTED_EDGE ( 'NONE', *, *, #7702, .T. ) ;
#4935 = AXIS2_PLACEMENT_3D ( 'NONE', #8255, #4517, #598 ) ;
#4936 = ORIENTED_EDGE ( 'NONE', *, *, #7738, .F. ) ;
#4937 = DIRECTION ( 'NONE',  ( 0.000000000000000000, 0.000000000000000000, -1.000000000000000000 ) ) ;
#4938 = ORIENTED_EDGE ( 'NONE', *, *, #217, .T. ) ;
#4939 = DIRECTION ( 'NONE',  ( 1.084202172485501673E-15, 0.000000000000000000, -1.000000000000000000 ) ) ;
#4940 = DIRECTION ( 'NONE',  ( -1.084202172485501673E-15, 0.000000000000000000, -1.000000000000000000 ) ) ;
#4941 = EDGE_CURVE ( 'NONE', #4540, #2628, #6279, .T. ) ;
#4942 = AXIS2_PLACEMENT_3D ( 'NONE', #9558, #4254, #6653 ) ;
#4943 = EDGE_CURVE ( 'NONE', #7194, #1174, #9449, .T. ) ;
#4944 = DIRECTION ( 'NONE',  ( 0.000000000000000000, -0.000000000000000000, 1.000000000000000000 ) ) ;
#4945 = CARTESIAN_POINT ( 'NONE',  ( 0.8500000000000009770, 0.000000000000000000, 1.600000000000000311 ) ) ;
#4946 = CARTESIAN_POINT ( 'NONE',  ( 0.7500000000000000000, 3.201666203960727319, 1.300000000000000044 ) ) ;
#4947 = FACE_OUTER_BOUND ( 'NONE', #3800, .T. ) ;
#4948 = PLANE ( 'NONE',  #1125 ) ;
#4949 = DIRECTION ( 'NONE',  ( -1.000000000000000000, -1.084202172485504828E-15, 0.000000000000000000 ) ) ;
#4950 = VECTOR ( 'NONE', #6414, 1000.000000000000000 ) ;
#4951 = FACE_BOUND ( 'NONE', #5626, .T. ) ;
#4952 = VECTOR ( 'NONE', #223, 1000.000000000000000 ) ;
#4953 = ORIENTED_EDGE ( 'NONE', *, *, #8400, .T. ) ;
#4954 = ORIENTED_EDGE ( 'NONE', *, *, #1139, .T. ) ;
#4955 = VERTEX_POINT ( 'NONE', #201 ) ;
#4956 = CARTESIAN_POINT ( 'NONE',  ( 0.8500000000000005329, 0.1999999999999999833, -2.000000000000000000 ) ) ;
#4957 = CARTESIAN_POINT ( 'NONE',  ( 0.6500000000000007994, 0.6472135954999580498, 1.600000000000000089 ) ) ;
#4958 = CARTESIAN_POINT ( 'NONE',  ( -1.166666666666666741, 0.6999999999999999556, -1.666666666666666519 ) ) ;
#4959 = EDGE_CURVE ( 'NONE', #7574, #7268, #6374, .T. ) ;
#4960 = AXIS2_PLACEMENT_3D ( 'NONE', #8318, #6805, #7047 ) ;
#4961 = CARTESIAN_POINT ( 'NONE',  ( 0.7500000000000000000, 3.201666203960727319, -1.300000000000000266 ) ) ;
#4962 = VECTOR ( 'NONE', #9535, 1000.000000000000000 ) ;
#4963 = EDGE_CURVE ( 'NONE', #5332, #7826, #9559, .T. ) ;
#4964 = ADVANCED_FACE ( 'NONE', ( #2816 ), #256, .F. ) ;
#4965 =( NAMED_UNIT ( * ) SI_UNIT ( $, .STERADIAN. ) SOLID_ANGLE_UNIT ( ) );
#4966 = FACE_OUTER_BOUND ( 'NONE', #4000, .T. ) ;
#4967 = LINE ( 'NONE', #8568, #8238 ) ;
#4968 = VECTOR ( 'NONE', #7709, 1000.000000000000000 ) ;
#4969 = ORIENTED_EDGE ( 'NONE', *, *, #2882, .T. ) ;
#4970 = CARTESIAN_POINT ( 'NONE',  ( -1.250000000000000222, 0.1250000000000000000, -1.899999999999999911 ) ) ;
#4971 = ORIENTED_EDGE ( 'NONE', *, *, #1723, .T. ) ;
#4972 = DIRECTION ( 'NONE',  ( 2.710505431213761578E-16, 0.000000000000000000, 1.000000000000000000 ) ) ;
#4973 = ORIENTED_EDGE ( 'NONE', *, *, #1422, .F. ) ;
#4974 = CARTESIAN_POINT ( 'NONE',  ( -1.100000000000000311, 0.1250000000000000000, -2.000000000000000000 ) ) ;
#4975 = EDGE_CURVE ( 'NONE', #4755, #7379, #9227, .T. ) ;
#4976 = ADVANCED_FACE ( 'NONE', ( #2901 ), #1701, .F. ) ;
#4977 = CARTESIAN_POINT ( 'NONE',  ( -1.250000000000000222, 0.1250000000000000000, -1.899999999999999911 ) ) ;
#4978 = DIRECTION ( 'NONE',  ( 0.000000000000000000, -0.000000000000000000, 1.000000000000000000 ) ) ;
#4979 = ADVANCED_FACE ( 'NONE', ( #11 ), #1823, .F. ) ;
#4980 = CARTESIAN_POINT ( 'NONE',  ( -0.3499999999999992006, 0.2000000000000000111, 1.600000000000000089 ) ) ;
#4981 = EDGE_CURVE ( 'NONE', #1120, #5969, #6030, .T. ) ;
#4982 = VECTOR ( 'NONE', #156, 1000.000000000000000 ) ;
#4983 = DIRECTION ( 'NONE',  ( 0.000000000000000000, 0.000000000000000000, -1.000000000000000000 ) ) ;
#4984 = CARTESIAN_POINT ( 'NONE',  ( 1.099999999999999867, 0.000000000000000000, 0.8500000000000003109 ) ) ;
#4985 = LINE ( 'NONE', #4034, #4831 ) ;
#4986 = VECTOR ( 'NONE', #7134, 1000.000000000000000 ) ;
#4987 = LINE ( 'NONE', #6413, #4733 ) ;
#4988 =( GEOMETRIC_REPRESENTATION_CONTEXT ( 3 ) GLOBAL_UNCERTAINTY_ASSIGNED_CONTEXT ( ( #338 ) ) GLOBAL_UNIT_ASSIGNED_CONTEXT ( ( #7114, #4927, #384 ) ) REPRESENTATION_CONTEXT ( 'NONE', 'WORKASPACE' ) );
#4989 = ORIENTED_EDGE ( 'NONE', *, *, #3596, .F. ) ;
#4990 = EDGE_LOOP ( 'NONE', ( #7098, #7600, #3753, #4479 ) ) ;
#4991 = VERTEX_POINT ( 'NONE', #3597 ) ;
#4992 = ADVANCED_FACE ( 'NONE', ( #9268 ), #7246, .F. ) ;
#4993 = EDGE_CURVE ( 'NONE', #9284, #1834, #9511, .T. ) ;
#4994 = CARTESIAN_POINT ( 'NONE',  ( 0.000000000000000000, 0.000000000000000000, 2.000000000000000000 ) ) ;
#4995 = CARTESIAN_POINT ( 'NONE',  ( 1.249999999999999778, 0.1250000000000013600, 1.732294901687515321 ) ) ;
#4996 = CARTESIAN_POINT ( 'NONE',  ( 1.499999999999999778, 0.1250000000000000000, 1.600000000000000089 ) ) ;
#4997 = STYLED_ITEM ( 'NONE', ( #8466 ), #529 ) ;
#4998 = CARTESIAN_POINT ( 'NONE',  ( -0.4499999999999996780, 0.000000000000000000, -1.300000000000000266 ) ) ;
#4999 = DIRECTION ( 'NONE',  ( 0.000000000000000000, -0.000000000000000000, -1.000000000000000000 ) ) ;
#5000 = LINE ( 'NONE', #7561, #4659 ) ;
#5001 = VECTOR ( 'NONE', #1758, 1000.000000000000000 ) ;
#5002 = CARTESIAN_POINT ( 'NONE',  ( 1.232294901687515543, 0.1999999999999999833, -1.750000000000000000 ) ) ;
#5003 = ORIENTED_EDGE ( 'NONE', *, *, #6002, .F. ) ;
#5004 = ORIENTED_EDGE ( 'NONE', *, *, #5094, .T. ) ;
#5005 = PRESENTATION_LAYER_ASSIGNMENT (  '', '', ( #5999 ) ) ;
#5006 = VERTEX_POINT ( 'NONE', #556 ) ;
#5007 = DIRECTION ( 'NONE',  ( 1.000000000000000000, 0.000000000000000000, 5.421010862427523156E-16 ) ) ;
#5008 = PLANE ( 'NONE',  #6207 ) ;
#5009 = DIRECTION ( 'NONE',  ( 1.000000000000000000, 1.084202172485504828E-15, 0.000000000000000000 ) ) ;
#5010 = DIRECTION ( 'NONE',  ( 1.000000000000000000, 0.000000000000000000, 0.000000000000000000 ) ) ;
#5011 = VECTOR ( 'NONE', #5252, 1000.000000000000000 ) ;
#5012 = CARTESIAN_POINT ( 'NONE',  ( 1.099999999999999867, 0.000000000000000000, 0.3500000000000002554 ) ) ;
#5013 = PLANE ( 'NONE',  #6441 ) ;
#5014 = LINE ( 'NONE', #407, #8422 ) ;
#5015 = LINE ( 'NONE', #1963, #8191 ) ;
#5016 = VECTOR ( 'NONE', #1427, 1000.000000000000000 ) ;
#5017 = ORIENTED_EDGE ( 'NONE', *, *, #4450, .T. ) ;
#5018 = ORIENTED_EDGE ( 'NONE', *, *, #986, .T. ) ;
#5019 = CARTESIAN_POINT ( 'NONE',  ( -1.099999999999999867, 0.6472135954999583829, 0.6500000000000001332 ) ) ;
#5020 = ORIENTED_EDGE ( 'NONE', *, *, #5285, .T. ) ;
#5021 = CARTESIAN_POINT ( 'NONE',  ( -1.100000000000000311, 0.1250000000000000000, -2.000000000000000000 ) ) ;
#5022 = SURFACE_SIDE_STYLE ('',( #9266 ) ) ;
#5023 = DIRECTION ( 'NONE',  ( -5.421010862427522170E-17, -0.000000000000000000, 1.000000000000000000 ) ) ;
#5024 = CARTESIAN_POINT ( 'NONE',  ( 0.1500000000000003830, 0.2000000000000000111, -2.000000000000000000 ) ) ;
#5025 = PLANE ( 'NONE',  #594 ) ;
#5026 = CARTESIAN_POINT ( 'NONE',  ( -1.249999999999999778, 0.1999999999999999833, 1.899999999999999911 ) ) ;
#5027 = VECTOR ( 'NONE', #1196, 1000.000000000000000 ) ;
#5028 = DIRECTION ( 'NONE',  ( 0.000000000000000000, 0.000000000000000000, -1.000000000000000000 ) ) ;
#5029 = SURFACE_STYLE_FILL_AREA ( #7280 ) ;
#5030 = LINE ( 'NONE', #4892, #1984 ) ;
#5031 = VECTOR ( 'NONE', #580, 1000.000000000000000 ) ;
#5032 = ORIENTED_EDGE ( 'NONE', *, *, #7865, .T. ) ;
#5033 = CARTESIAN_POINT ( 'NONE',  ( 1.099999999999999867, 0.000000000000000000, 0.1500000000000001887 ) ) ;
#5034 = EDGE_LOOP ( 'NONE', ( #6347, #3157, #3641, #6794 ) ) ;
#5035 =( NAMED_UNIT ( * ) PLANE_ANGLE_UNIT ( ) SI_UNIT ( $, .RADIAN. ) );
#5036 = ORIENTED_EDGE ( 'NONE', *, *, #8741, .F. ) ;
#5037 = SURFACE_STYLE_USAGE ( .BOTH. , #548 ) ;
#5038 = DIRECTION ( 'NONE',  ( 1.000000000000000000, 0.000000000000000000, 0.000000000000000000 ) ) ;
#5039 = DIRECTION ( 'NONE',  ( 0.000000000000000000, 0.000000000000000000, -1.000000000000000000 ) ) ;
#5040 = DIRECTION ( 'NONE',  ( 1.000000000000000000, 1.084202172485504828E-15, 0.000000000000000000 ) ) ;
#5041 = SURFACE_SIDE_STYLE ('',( #5540 ) ) ;
#5042 = CARTESIAN_POINT ( 'NONE',  ( 1.099999999999998979, 0.2000000000000011768, -1.899999999999999911 ) ) ;
#5043 = ADVANCED_FACE ( 'NONE', ( #6089 ), #2112, .F. ) ;
#5044 = LINE ( 'NONE', #7, #1910 ) ;
#5045 = LINE ( 'NONE', #7514, #5233 ) ;
#5046 = VERTEX_POINT ( 'NONE', #5042 ) ;
#5047 = VERTEX_POINT ( 'NONE', #4984 ) ;
#5048 = VERTEX_POINT ( 'NONE', #2736 ) ;
#5049 = DIRECTION ( 'NONE',  ( 2.710505431213761578E-16, 0.000000000000000000, 1.000000000000000000 ) ) ;
#5050 = CARTESIAN_POINT ( 'NONE',  ( -1.099999999999999867, 0.1999999999999999833, 0.1500000000000001887 ) ) ;
#5051 = CARTESIAN_POINT ( 'NONE',  ( -1.099999999999999867, 0.1999999999999999833, -0.6499999999999998002 ) ) ;
#5052 = AXIS2_PLACEMENT_3D ( 'NONE', #5470, #6066, #823 ) ;
#5053 = ADVANCED_FACE ( 'NONE', ( #6343 ), #5168, .F. ) ;
#5054 = DIRECTION ( 'NONE',  ( -1.000000000000000000, 0.000000000000000000, -5.421010862427524019E-17 ) ) ;
#5055 = LINE ( 'NONE', #8743, #5027 ) ;
#5056 = VECTOR ( 'NONE', #165, 1000.000000000000000 ) ;
#5057 = VECTOR ( 'NONE', #347, 1000.000000000000000 ) ;
#5058 = DIRECTION ( 'NONE',  ( -1.000000000000000000, 0.000000000000000000, -1.084202172485504040E-15 ) ) ;
#5059 = PRESENTATION_STYLE_ASSIGNMENT (( #2256 ) ) ;
#5060 = ORIENTED_EDGE ( 'NONE', *, *, #7452, .T. ) ;
#5061 = ORIENTED_EDGE ( 'NONE', *, *, #7444, .F. ) ;
#5062 = AXIS2_PLACEMENT_3D ( 'NONE', #4303, #5101, #5399 ) ;
#5063 = EDGE_CURVE ( 'NONE', #8485, #6658, #9528, .T. ) ;
#5064 = CARTESIAN_POINT ( 'NONE',  ( -1.400000000000000133, 0.1999999999999999833, 1.750000000000000000 ) ) ;
#5065 = ORIENTED_EDGE ( 'NONE', *, *, #2854, .F. ) ;
#5066 = PLANE ( 'NONE',  #5716 ) ;
#5067 = PLANE ( 'NONE',  #3624 ) ;
#5068 = CARTESIAN_POINT ( 'NONE',  ( 1.099999999999999867, 0.1999999999999999833, -0.3499999999999998113 ) ) ;
#5069 = DIRECTION ( 'NONE',  ( 0.000000000000000000, -0.000000000000000000, -1.000000000000000000 ) ) ;
#5070 = ADVANCED_FACE ( 'NONE', ( #2881 ), #682, .T. ) ;
#5071 = EDGE_CURVE ( 'NONE', #1194, #3888, #6073, .T. ) ;
#5072 = CARTESIAN_POINT ( 'NONE',  ( -1.500000000000000000, 0.1999999999999999833, 0.3500000000000004774 ) ) ;
#5073 = PRESENTATION_STYLE_ASSIGNMENT (( #6548 ) ) ;
#5074 = SURFACE_SIDE_STYLE ('',( #4844 ) ) ;
#5075 = CARTESIAN_POINT ( 'NONE',  ( -0.1499999999999995226, 0.6472135954999580498, -1.600000000000000311 ) ) ;
#5076 = VECTOR ( 'NONE', #4888, 1000.000000000000000 ) ;
#5077 = VECTOR ( 'NONE', #2637, 1000.000000000000000 ) ;
#5078 = LINE ( 'NONE', #241, #8467 ) ;
#5079 = ORIENTED_EDGE ( 'NONE', *, *, #7303, .T. ) ;
#5080 = ORIENTED_EDGE ( 'NONE', *, *, #3063, .F. ) ;
#5081 = DIRECTION ( 'NONE',  ( 1.000000000000000000, 0.000000000000000000, 1.084202172485504040E-15 ) ) ;
#5082 = EDGE_CURVE ( 'NONE', #8683, #3662, #6359, .T. ) ;
#5083 = EDGE_LOOP ( 'NONE', ( #9474, #3876, #3591, #6922 ) ) ;
#5084 = CARTESIAN_POINT ( 'NONE',  ( -0.8499999999999990896, 0.2000000000000000944, 2.000000000000000000 ) ) ;
#5085 =( GEOMETRIC_REPRESENTATION_CONTEXT ( 3 ) GLOBAL_UNCERTAINTY_ASSIGNED_CONTEXT ( ( #6006 ) ) GLOBAL_UNIT_ASSIGNED_CONTEXT ( ( #3738, #6486, #2129 ) ) REPRESENTATION_CONTEXT ( 'NONE', 'WORKASPACE' ) );
#5086 = DIRECTION ( 'NONE',  ( 2.710505431213763057E-16, 0.000000000000000000, 1.000000000000000000 ) ) ;
#5087 = EDGE_CURVE ( 'NONE', #8485, #1160, #3214, .T. ) ;
#5088 = CARTESIAN_POINT ( 'NONE',  ( -1.099999999999999867, 0.1999999999999999833, 1.732294901687515321 ) ) ;
#5089 = CARTESIAN_POINT ( 'NONE',  ( -1.166666666666666741, 0.6999999999999999556, -1.666666666666666519 ) ) ;
#5090 = CARTESIAN_POINT ( 'NONE',  ( 1.499999999999999778, 0.1999999999999999833, 0.1499999999999999667 ) ) ;
#5091 = EDGE_CURVE ( 'NONE', #7234, #7294, #6127, .T. ) ;
#5092 = CARTESIAN_POINT ( 'NONE',  ( 0.3500000000000004774, 0.000000000000000000, -1.600000000000000311 ) ) ;
#5093 = LINE ( 'NONE', #3387, #8381 ) ;
#5094 = EDGE_CURVE ( 'NONE', #3130, #7129, #6420, .T. ) ;
#5095 = DIRECTION ( 'NONE',  ( 0.000000000000000000, -1.000000000000000000, 0.000000000000000000 ) ) ;
#5096 = PRESENTATION_STYLE_ASSIGNMENT (( #8751 ) ) ;
#5097 = LINE ( 'NONE', #5200, #5169 ) ;
#5098 = AXIS2_PLACEMENT_3D ( 'NONE', #3165, #3858, #3107 ) ;
#5099 = VECTOR ( 'NONE', #2695, 1000.000000000000000 ) ;
#5100 = VERTEX_POINT ( 'NONE', #2915 ) ;
#5101 = DIRECTION ( 'NONE',  ( 1.000000000000000000, -0.000000000000000000, 1.084202172485501673E-15 ) ) ;
#5102 = ORIENTED_EDGE ( 'NONE', *, *, #2247, .T. ) ;
#5103 = CARTESIAN_POINT ( 'NONE',  ( 0.1500000000000009381, 0.000000000000000000, 2.000000000000000000 ) ) ;
#5104 = ORIENTED_EDGE ( 'NONE', *, *, #2770, .T. ) ;
#5105 = CARTESIAN_POINT ( 'NONE',  ( 1.099999999999999423, 0.1250000000000011935, -2.000000000000000000 ) ) ;
#5106 =( LENGTH_UNIT ( ) NAMED_UNIT ( * ) SI_UNIT ( .MILLI., .METRE. ) );
#5107 = AXIS2_PLACEMENT_3D ( 'NONE', #5734, #8757, #4207 ) ;
#5108 = EDGE_CURVE ( 'NONE', #2451, #5204, #3245, .T. ) ;
#5109 = LINE ( 'NONE', #5721, #5258 ) ;
#5110 = PLANE ( 'NONE',  #1109 ) ;
#5111 = CARTESIAN_POINT ( 'NONE',  ( 0.000000000000000000, 0.000000000000000000, 2.000000000000000000 ) ) ;
#5112 = LINE ( 'NONE', #9457, #8309 ) ;
#5113 = LINE ( 'NONE', #4065, #1955 ) ;
#5114 = LINE ( 'NONE', #7365, #8454 ) ;
#5115 = ORIENTED_EDGE ( 'NONE', *, *, #59, .T. ) ;
#5116 = ORIENTED_EDGE ( 'NONE', *, *, #8624, .T. ) ;
#5117 = AXIS2_PLACEMENT_3D ( 'NONE', #7165, #9417, #551 ) ;
#5118 =( LENGTH_UNIT ( ) NAMED_UNIT ( * ) SI_UNIT ( .MILLI., .METRE. ) );
#5119 = DIRECTION ( 'NONE',  ( 0.000000000000000000, 0.000000000000000000, 1.000000000000000000 ) ) ;
#5120 = DIRECTION ( 'NONE',  ( 5.421010862427523156E-16, 0.000000000000000000, 1.000000000000000000 ) ) ;
#5121 = FILL_AREA_STYLE ('',( #8103 ) ) ;
#5122 = AXIS2_PLACEMENT_3D ( 'NONE', #5361, #5541, #2578 ) ;
#5123 = LINE ( 'NONE', #4855, #8274 ) ;
#5124 =( LENGTH_UNIT ( ) NAMED_UNIT ( * ) SI_UNIT ( .MILLI., .METRE. ) );
#5125 = LINE ( 'NONE', #1953, #8405 ) ;
#5126 = ADVANCED_FACE ( 'NONE', ( #9188 ), #7966, .F. ) ;
#5127 = LINE ( 'NONE', #4424, #5310 ) ;
#5128 = VECTOR ( 'NONE', #6087, 1000.000000000000000 ) ;
#5129 = CARTESIAN_POINT ( 'NONE',  ( -1.499999999999999778, 0.1999999999999999833, 0.1499999999999999667 ) ) ;
#5130 = LINE ( 'NONE', #3877, #2012 ) ;
#5131 = ORIENTED_EDGE ( 'NONE', *, *, #8053, .F. ) ;
#5132 = ORIENTED_EDGE ( 'NONE', *, *, #8193, .F. ) ;
#5133 =( NAMED_UNIT ( * ) SI_UNIT ( $, .STERADIAN. ) SOLID_ANGLE_UNIT ( ) );
#5134 = FILL_AREA_STYLE_COLOUR ( '', #1863 ) ;
#5135 = ADVANCED_FACE ( 'NONE', ( #120 ), #7898, .F. ) ;
#5136 = FILL_AREA_STYLE ('',( #2938 ) ) ;
#5137 = DIRECTION ( 'NONE',  ( -1.000000000000000000, 0.000000000000000000, 5.421010862427523156E-16 ) ) ;
#5138 = CARTESIAN_POINT ( 'NONE',  ( 1.099999999999999867, 0.1999999999999999833, 0.3500000000000002554 ) ) ;
#5139 = FILL_AREA_STYLE_COLOUR ( '', #1829 ) ;
#5140 = ADVANCED_FACE ( 'NONE', ( #93 ), #5766, .F. ) ;
#5141 = LINE ( 'NONE', #4090, #9301 ) ;
#5142 = CARTESIAN_POINT ( 'NONE',  ( 1.399999999999999689, 0.1999999999999999833, -1.600000000000000089 ) ) ;
#5143 = CARTESIAN_POINT ( 'NONE',  ( -0.6499999999999995781, 0.05000000000000000278, 1.761828530288944952E-16 ) ) ;
#5144 = VECTOR ( 'NONE', #3854, 1000.000000000000000 ) ;
#5145 = PRESENTATION_STYLE_ASSIGNMENT (( #4634 ) ) ;
#5146 = COLOUR_RGB ( '',1.000000000000000000, 0.5019607843137254832, 0.5019607843137254832 ) ;
#5147 = ORIENTED_EDGE ( 'NONE', *, *, #6286, .T. ) ;
#5148 = VERTEX_POINT ( 'NONE', #278 ) ;
#5149 = DIRECTION ( 'NONE',  ( 0.000000000000000000, -1.000000000000000000, 0.000000000000000000 ) ) ;
#5150 = DIRECTION ( 'NONE',  ( 0.000000000000000000, 1.000000000000000000, 0.000000000000000000 ) ) ;
#5151 = CARTESIAN_POINT ( 'NONE',  ( 1.099999999999999867, 0.1999999999999999833, -1.349999999999999867 ) ) ;
#5152 = CARTESIAN_POINT ( 'NONE',  ( 0.8500000000000005329, 0.6472135954999580498, -1.600000000000000311 ) ) ;
#5153 = CARTESIAN_POINT ( 'NONE',  ( -1.099999999999999867, 0.000000000000000000, -1.149999999999999689 ) ) ;
#5154 = ADVANCED_FACE ( 'NONE', ( #6573 ), #155, .T. ) ;
#5155 = DIRECTION ( 'NONE',  ( -1.084202172485501673E-15, -0.000000000000000000, 1.000000000000000000 ) ) ;
#5156 = PLANE ( 'NONE',  #23 ) ;
#5157 = UNCERTAINTY_MEASURE_WITH_UNIT (LENGTH_MEASURE( 1.000000000000000082E-05 ), #1563, 'distance_accuracy_value', 'NONE');
#5158 = VECTOR ( 'NONE', #5602, 1000.000000000000000 ) ;
#5159 = VECTOR ( 'NONE', #6438, 1000.000000000000000 ) ;
#5160 = FACE_OUTER_BOUND ( 'NONE', #4427, .T. ) ;
#5161 = ORIENTED_EDGE ( 'NONE', *, *, #7358, .F. ) ;
#5162 = CARTESIAN_POINT ( 'NONE',  ( 1.099999999999999867, 0.6472135954999583829, -0.1499999999999997446 ) ) ;
#5163 = ORIENTED_EDGE ( 'NONE', *, *, #5108, .F. ) ;
#5164 = DIRECTION ( 'NONE',  ( 1.000000000000000000, -0.000000000000000000, 1.084202172485504040E-15 ) ) ;
#5165 = DIRECTION ( 'NONE',  ( -1.000000000000000000, 0.000000000000000000, 1.084202172485504040E-15 ) ) ;
#5166 = EDGE_CURVE ( 'NONE', #7194, #8266, #3534, .T. ) ;
#5167 = FACE_OUTER_BOUND ( 'NONE', #6979, .T. ) ;
#5168 = PLANE ( 'NONE',  #6503 ) ;
#5169 = VECTOR ( 'NONE', #3883, 1000.000000000000000 ) ;
#5170 = VECTOR ( 'NONE', #2326, 1000.000000000000000 ) ;
#5171 = ORIENTED_EDGE ( 'NONE', *, *, #2962, .T. ) ;
#5172 = ORIENTED_EDGE ( 'NONE', *, *, #3168, .T. ) ;
#5173 = AXIS2_PLACEMENT_3D ( 'NONE', #6602, #4417, #5901 ) ;
#5174 = FILL_AREA_STYLE_COLOUR ( '', #5553 ) ;
#5175 = DIRECTION ( 'NONE',  ( -1.000000000000000000, 0.000000000000000000, 5.421010862427520198E-16 ) ) ;
#5176 = DIRECTION ( 'NONE',  ( -1.000000000000000000, 0.000000000000000000, -1.445602896647339163E-16 ) ) ;
#5177 = EDGE_CURVE ( 'NONE', #7129, #1138, #63, .T. ) ;
#5178 = AXIS2_PLACEMENT_3D ( 'NONE', #9397, #417, #2205 ) ;
#5179 = EDGE_CURVE ( 'NONE', #1792, #8266, #164, .T. ) ;
#5180 = SURFACE_STYLE_FILL_AREA ( #3870 ) ;
#5181 =( NAMED_UNIT ( * ) SI_UNIT ( $, .STERADIAN. ) SOLID_ANGLE_UNIT ( ) );
#5182 = EDGE_CURVE ( 'NONE', #5046, #1358, #252, .T. ) ;
#5183 = VECTOR ( 'NONE', #7789, 1000.000000000000000 ) ;
#5184 = VECTOR ( 'NONE', #1130, 1000.000000000000000 ) ;
#5185 = CARTESIAN_POINT ( 'NONE',  ( 1.499999999999999778, 0.1250000000000000000, -1.750000000000000000 ) ) ;
#5186 = LINE ( 'NONE', #6722, #5202 ) ;
#5187 = ORIENTED_EDGE ( 'NONE', *, *, #4106, .T. ) ;
#5188 = VERTEX_POINT ( 'NONE', #1042 ) ;
#5189 = DIRECTION ( 'NONE',  ( -0.000000000000000000, 1.000000000000000000, -0.000000000000000000 ) ) ;
#5190 = FILL_AREA_STYLE ('',( #1559 ) ) ;
#5191 = EDGE_CURVE ( 'NONE', #4789, #6907, #343, .T. ) ;
#5192 = CARTESIAN_POINT ( 'NONE',  ( -1.099999999999999867, 0.1999999999999999833, 1.899999999999999911 ) ) ;
#5193 = DIRECTION ( 'NONE',  ( -1.000000000000000000, 0.000000000000000000, 0.000000000000000000 ) ) ;
#5194 = DIRECTION ( 'NONE',  ( -1.000000000000000000, 0.000000000000000000, -5.421010862427520198E-16 ) ) ;
#5195 = EDGE_CURVE ( 'NONE', #6274, #5662, #3460, .T. ) ;
#5196 = AXIS2_PLACEMENT_3D ( 'NONE', #830, #8790, #8092 ) ;
#5197 = VECTOR ( 'NONE', #5839, 1000.000000000000000 ) ;
#5198 = ADVANCED_FACE ( 'NONE', ( #3271 ), #9102, .F. ) ;
#5199 = CARTESIAN_POINT ( 'NONE',  ( 0.000000000000000000, 0.2000000000000000111, 0.000000000000000000 ) ) ;
#5200 = CARTESIAN_POINT ( 'NONE',  ( 1.099999999999999867, 0.6472135954999583829, -0.3499999999999998113 ) ) ;
#5201 = LINE ( 'NONE', #8001, #5184 ) ;
#5202 = VECTOR ( 'NONE', #6095, 1000.000000000000000 ) ;
#5203 = UNCERTAINTY_MEASURE_WITH_UNIT (LENGTH_MEASURE( 1.000000000000000082E-05 ), #1609, 'distance_accuracy_value', 'NONE');
#5204 = VERTEX_POINT ( 'NONE', #218 ) ;
#5205 = ORIENTED_EDGE ( 'NONE', *, *, #749, .T. ) ;
#5206 = CARTESIAN_POINT ( 'NONE',  ( 1.249999999999999334, 0.1250000000000013600, -2.000000000000000000 ) ) ;
#5207 = DIRECTION ( 'NONE',  ( -0.000000000000000000, -1.000000000000000000, -0.000000000000000000 ) ) ;
#5208 = EDGE_CURVE ( 'NONE', #7146, #6260, #3369, .T. ) ;
#5209 = EDGE_CURVE ( 'NONE', #7964, #1431, #6670, .T. ) ;
#5210 = DIRECTION ( 'NONE',  ( 1.000000000000000000, 0.000000000000000000, -0.000000000000000000 ) ) ;
#5211 = ADVANCED_FACE ( 'NONE', ( #3401 ), #99, .T. ) ;
#5212 = EDGE_CURVE ( 'NONE', #3464, #5696, #269, .T. ) ;
#5213 = DIRECTION ( 'NONE',  ( 0.000000000000000000, -1.000000000000000000, 0.000000000000000000 ) ) ;
#5214 = DIRECTION ( 'NONE',  ( -1.000000000000000000, -1.084202172485504828E-15, 0.000000000000000000 ) ) ;
#5215 = DIRECTION ( 'NONE',  ( 0.000000000000000000, 0.000000000000000000, -1.000000000000000000 ) ) ;
#5216 = PLANE ( 'NONE',  #1477 ) ;
#5217 =( GEOMETRIC_REPRESENTATION_CONTEXT ( 3 ) GLOBAL_UNCERTAINTY_ASSIGNED_CONTEXT ( ( #3106 ) ) GLOBAL_UNIT_ASSIGNED_CONTEXT ( ( #6239, #4675, #8491 ) ) REPRESENTATION_CONTEXT ( 'NONE', 'WORKASPACE' ) );
#5218 = DIRECTION ( 'NONE',  ( -1.000000000000000000, 0.000000000000000000, 0.000000000000000000 ) ) ;
#5219 = FACE_OUTER_BOUND ( 'NONE', #8168, .T. ) ;
#5220 = VECTOR ( 'NONE', #3006, 1000.000000000000000 ) ;
#5221 = FACE_OUTER_BOUND ( 'NONE', #1252, .T. ) ;
#5222 = ORIENTED_EDGE ( 'NONE', *, *, #835, .T. ) ;
#5223 = VERTEX_POINT ( 'NONE', #4464 ) ;
#5224 = CARTESIAN_POINT ( 'NONE',  ( -1.500000000000000000, 0.04999999999999969746, -1.149999999999999467 ) ) ;
#5225 = AXIS2_PLACEMENT_3D ( 'NONE', #5257, #5010, #8125 ) ;
#5226 =( NAMED_UNIT ( * ) PLANE_ANGLE_UNIT ( ) SI_UNIT ( $, .RADIAN. ) );
#5227 = EDGE_CURVE ( 'NONE', #4184, #6457, #3356, .T. ) ;
#5228 =( GEOMETRIC_REPRESENTATION_CONTEXT ( 3 ) GLOBAL_UNCERTAINTY_ASSIGNED_CONTEXT ( ( #8024 ) ) GLOBAL_UNIT_ASSIGNED_CONTEXT ( ( #9545, #5226, #6398 ) ) REPRESENTATION_CONTEXT ( 'NONE', 'WORKASPACE' ) );
#5229 = FILL_AREA_STYLE ('',( #3153 ) ) ;
#5230 = LINE ( 'NONE', #7929, #5076 ) ;
#5231 = CARTESIAN_POINT ( 'NONE',  ( 1.399999999999999689, 0.1999999999999999833, -1.750000000000000000 ) ) ;
#5232 = LINE ( 'NONE', #940, #8264 ) ;
#5233 = VECTOR ( 'NONE', #8359, 1000.000000000000000 ) ;
#5234 = EDGE_LOOP ( 'NONE', ( #4051, #1270, #4348, #7530 ) ) ;
#5235 = ORIENTED_EDGE ( 'NONE', *, *, #8272, .F. ) ;
#5236 = AXIS2_PLACEMENT_3D ( 'NONE', #6123, #5461, #674 ) ;
#5237 = CARTESIAN_POINT ( 'NONE',  ( 1.500000000000000000, 0.1999999999999999833, 0.3500000000000004774 ) ) ;
#5238 = DIRECTION ( 'NONE',  ( -5.421010862427524019E-17, 0.000000000000000000, 1.000000000000000000 ) ) ;
#5239 = DIRECTION ( 'NONE',  ( -2.710505431213763057E-16, -0.000000000000000000, -1.000000000000000000 ) ) ;
#5240 = VERTEX_POINT ( 'NONE', #2572 ) ;
#5241 = MANIFOLD_SOLID_BREP ( 'Boss-Extrude5[1]', #7288 ) ;
#5242 = DIRECTION ( 'NONE',  ( 0.000000000000000000, 0.000000000000000000, -1.000000000000000000 ) ) ;
#5243 = LINE ( 'NONE', #1366, #5307 ) ;
#5244 = CARTESIAN_POINT ( 'NONE',  ( -1.500000000000000000, 0.6472135954999583829, -0.1499999999999995226 ) ) ;
#5245 = FACE_OUTER_BOUND ( 'NONE', #7802, .T. ) ;
#5246 = LINE ( 'NONE', #1203, #5159 ) ;
#5247 = FACE_OUTER_BOUND ( 'NONE', #7214, .T. ) ;
#5248 = VERTEX_POINT ( 'NONE', #5409 ) ;
#5249 = ORIENTED_EDGE ( 'NONE', *, *, #3388, .F. ) ;
#5250 = CARTESIAN_POINT ( 'NONE',  ( -1.099999999999999867, 0.1999999999999999833, -0.6499999999999998002 ) ) ;
#5251 = DIRECTION ( 'NONE',  ( 0.000000000000000000, 0.000000000000000000, 1.000000000000000000 ) ) ;
#5252 = DIRECTION ( 'NONE',  ( -0.000000000000000000, -1.000000000000000000, -0.000000000000000000 ) ) ;
#5253 = SURFACE_STYLE_USAGE ( .BOTH. , #6665 ) ;
#5254 = ORIENTED_EDGE ( 'NONE', *, *, #6844, .F. ) ;
#5255 = DIRECTION ( 'NONE',  ( 0.000000000000000000, 0.000000000000000000, -1.000000000000000000 ) ) ;
#5256 = DIRECTION ( 'NONE',  ( 0.000000000000000000, 1.000000000000000000, 0.000000000000000000 ) ) ;
#5257 = CARTESIAN_POINT ( 'NONE',  ( 1.399999999999999689, 0.000000000000000000, 0.000000000000000000 ) ) ;
#5258 = VECTOR ( 'NONE', #5903, 1000.000000000000000 ) ;
#5259 = PLANE ( 'NONE',  #1157 ) ;
#5260 = CARTESIAN_POINT ( 'NONE',  ( 1.249999999999999334, 0.1250000000000013600, -2.000000000000000000 ) ) ;
#5261 = LINE ( 'NONE', #5543, #2086 ) ;
#5262 = EDGE_CURVE ( 'NONE', #3265, #3293, #224, .T. ) ;
#5263 = FACE_OUTER_BOUND ( 'NONE', #3060, .T. ) ;
#5264 = LINE ( 'NONE', #1150, #1972 ) ;
#5265 = ORIENTED_EDGE ( 'NONE', *, *, #7169, .T. ) ;
#5266 = ORIENTED_EDGE ( 'NONE', *, *, #178, .T. ) ;
#5267 = DIRECTION ( 'NONE',  ( 1.000000000000000000, 0.000000000000000000, 5.421010862427520198E-16 ) ) ;
#5268 = DIRECTION ( 'NONE',  ( -0.000000000000000000, -1.000000000000000000, -0.000000000000000000 ) ) ;
#5269 = VERTEX_POINT ( 'NONE', #2808 ) ;
#5270 = UNCERTAINTY_MEASURE_WITH_UNIT (LENGTH_MEASURE( 1.000000000000000082E-05 ), #7287, 'distance_accuracy_value', 'NONE');
#5271 = CARTESIAN_POINT ( 'NONE',  ( -0.1499999999999995226, 0.000000000000000000, -1.600000000000000311 ) ) ;
#5272 =( NAMED_UNIT ( * ) SI_UNIT ( $, .STERADIAN. ) SOLID_ANGLE_UNIT ( ) );
#5273 = MECHANICAL_DESIGN_GEOMETRIC_PRESENTATION_REPRESENTATION (  '', ( #456 ), #3160 ) ;
#5274 = CARTESIAN_POINT ( 'NONE',  ( 1.499999999999999778, 0.05000000000000000278, 2.000000000000000000 ) ) ;
#5275 = PRESENTATION_STYLE_ASSIGNMENT (( #5491 ) ) ;
#5276 = ADVANCED_FACE ( 'NONE', ( #3417 ), #6427, .T. ) ;
#5277 = PLANE ( 'NONE',  #6600 ) ;
#5278 = LINE ( 'NONE', #1347, #5292 ) ;
#5279 = VECTOR ( 'NONE', #5961, 1000.000000000000000 ) ;
#5280 = ORIENTED_EDGE ( 'NONE', *, *, #5212, .F. ) ;
#5281 =( NAMED_UNIT ( * ) SI_UNIT ( $, .STERADIAN. ) SOLID_ANGLE_UNIT ( ) );
#5282 = ORIENTED_EDGE ( 'NONE', *, *, #2647, .T. ) ;
#5283 = MECHANICAL_DESIGN_GEOMETRIC_PRESENTATION_REPRESENTATION (  '', ( #1927 ), #9273 ) ;
#5284 = CARTESIAN_POINT ( 'NONE',  ( -1.100000000000000311, 0.1999999999999999833, -1.899999999999999911 ) ) ;
#5285 = EDGE_CURVE ( 'NONE', #81, #2390, #3257, .T. ) ;
#5286 = PLANE ( 'NONE',  #6650 ) ;
#5287 = ADVANCED_FACE ( 'NONE', ( #3333 ), #4121, .F. ) ;
#5288 = CLOSED_SHELL ( 'NONE', ( #3358, #4235, #1675, #710, #893, #2315 ) ) ;
#5289 = CARTESIAN_POINT ( 'NONE',  ( 1.099999999999999867, 0.05000000000000002359, -0.8499999999999998668 ) ) ;
#5290 = DIRECTION ( 'NONE',  ( 0.000000000000000000, -0.000000000000000000, -1.000000000000000000 ) ) ;
#5291 = AXIS2_PLACEMENT_3D ( 'NONE', #5634, #4395, #6346 ) ;
#5292 = VECTOR ( 'NONE', #2137, 1000.000000000000000 ) ;
#5293 = CARTESIAN_POINT ( 'NONE',  ( -0.6499999999999990230, 0.2000000000000000111, 2.000000000000000000 ) ) ;
#5294 = FACE_OUTER_BOUND ( 'NONE', #9093, .T. ) ;
#5295 = VECTOR ( 'NONE', #5564, 1000.000000000000000 ) ;
#5296 = ORIENTED_EDGE ( 'NONE', *, *, #851, .T. ) ;
#5297 = EDGE_LOOP ( 'NONE', ( #88, #64, #3142, #6333 ) ) ;
#5298 = DIRECTION ( 'NONE',  ( -0.000000000000000000, 0.000000000000000000, 1.000000000000000000 ) ) ;
#5299 = EDGE_CURVE ( 'NONE', #4335, #2837, #3430, .T. ) ;
#5300 = AXIS2_PLACEMENT_3D ( 'NONE', #3631, #4434, #5917 ) ;
#5301 = CARTESIAN_POINT ( 'NONE',  ( 0.1500000000000003830, 0.2000000000000000111, -1.600000000000000089 ) ) ;
#5302 = PLANE ( 'NONE',  #9556 ) ;
#5303 = EDGE_LOOP ( 'NONE', ( #3666, #7900, #5235, #2725 ) ) ;
#5304 = EDGE_CURVE ( 'NONE', #8342, #9513, #6634, .T. ) ;
#5305 = CARTESIAN_POINT ( 'NONE',  ( -1.099999999999999867, 0.6472135954999583829, 0.8500000000000003109 ) ) ;
#5306 = PLANE ( 'NONE',  #756 ) ;
#5307 = VECTOR ( 'NONE', #8052, 1000.000000000000000 ) ;
#5308 = EDGE_CURVE ( 'NONE', #8857, #6658, #6646, .T. ) ;
#5309 = CARTESIAN_POINT ( 'NONE',  ( 1.099999999999999867, 0.6472135954999583829, 0.8500000000000003109 ) ) ;
#5310 = VECTOR ( 'NONE', #6554, 1000.000000000000000 ) ;
#5311 = FACE_BOUND ( 'NONE', #876, .T. ) ;
#5312 = ORIENTED_EDGE ( 'NONE', *, *, #8976, .F. ) ;
#5313 = ORIENTED_EDGE ( 'NONE', *, *, #8316, .T. ) ;
#5314 = CARTESIAN_POINT ( 'NONE',  ( -1.099999999999999867, 0.1999999999999999833, -1.149999999999999689 ) ) ;
#5315 = CARTESIAN_POINT ( 'NONE',  ( 8.131516293641326396E-17, 0.05000000000000000278, 0.1500000000000007716 ) ) ;
#5316 = EDGE_CURVE ( 'NONE', #3402, #1000, #6788, .T. ) ;
#5317 =( GEOMETRIC_REPRESENTATION_CONTEXT ( 3 ) GLOBAL_UNCERTAINTY_ASSIGNED_CONTEXT ( ( #8858 ) ) GLOBAL_UNIT_ASSIGNED_CONTEXT ( ( #2212, #2955, #661 ) ) REPRESENTATION_CONTEXT ( 'NONE', 'WORKASPACE' ) );
#5318 = CARTESIAN_POINT ( 'NONE',  ( 1.099999999999999867, 0.6472135954999583829, -1.149999999999999689 ) ) ;
#5319 = VERTEX_POINT ( 'NONE', #3331 ) ;
#5320 = CARTESIAN_POINT ( 'NONE',  ( -1.166666666666666741, 0.6999999999999999556, -1.666666666666666519 ) ) ;
#5321 = PRESENTATION_LAYER_ASSIGNMENT (  '', '', ( #724 ) ) ;
#5322 = CARTESIAN_POINT ( 'NONE',  ( -0.7500000000000000000, 0.000000000000000000, 1.299999999999999600 ) ) ;
#5323 = DIRECTION ( 'NONE',  ( 0.000000000000000000, 0.000000000000000000, 1.000000000000000000 ) ) ;
#5324 = EDGE_CURVE ( 'NONE', #8444, #6531, #6758, .T. ) ;
#5325 = EDGE_CURVE ( 'NONE', #5046, #9367, #374, .T. ) ;
#5326 = PLANE ( 'NONE',  #6447 ) ;
#5327 = PLANE ( 'NONE',  #167 ) ;
#5328 = VECTOR ( 'NONE', #3395, 1000.000000000000000 ) ;
#5329 = EDGE_CURVE ( 'NONE', #6189, #6050, #3633, .T. ) ;
#5330 = VECTOR ( 'NONE', #7131, 1000.000000000000000 ) ;
#5331 = EDGE_LOOP ( 'NONE', ( #7605, #4105, #4333, #1039 ) ) ;
#5332 = VERTEX_POINT ( 'NONE', #4048 ) ;
#5333 =( GEOMETRIC_REPRESENTATION_CONTEXT ( 3 ) GLOBAL_UNCERTAINTY_ASSIGNED_CONTEXT ( ( #6069 ) ) GLOBAL_UNIT_ASSIGNED_CONTEXT ( ( #8045, #3037, #6654 ) ) REPRESENTATION_CONTEXT ( 'NONE', 'WORKASPACE' ) );
#5334 = ORIENTED_EDGE ( 'NONE', *, *, #2854, .T. ) ;
#5335 = DIRECTION ( 'NONE',  ( 0.000000000000000000, -1.000000000000000000, 0.000000000000000000 ) ) ;
#5336 = CARTESIAN_POINT ( 'NONE',  ( -1.500000000000000222, 0.1999999999999999833, -1.750000000000000000 ) ) ;
#5337 = DIRECTION ( 'NONE',  ( -5.421010862427524019E-17, 0.000000000000000000, 1.000000000000000000 ) ) ;
#5338 = DIRECTION ( 'NONE',  ( 0.000000000000000000, -0.000000000000000000, -1.000000000000000000 ) ) ;
#5339 = SURFACE_STYLE_FILL_AREA ( #8013 ) ;
#5340 = EDGE_CURVE ( 'NONE', #1520, #7973, #649, .T. ) ;
#5341 = CARTESIAN_POINT ( 'NONE',  ( 1.500000000000000000, 0.6472135954999583829, -0.1499999999999995226 ) ) ;
#5342 = LINE ( 'NONE', #7664, #5568 ) ;
#5343 = LINE ( 'NONE', #7927, #5330 ) ;
#5344 = ORIENTED_EDGE ( 'NONE', *, *, #5759, .F. ) ;
#5345 = DIRECTION ( 'NONE',  ( -5.421010862427522170E-17, -0.000000000000000000, 1.000000000000000000 ) ) ;
#5346 = ORIENTED_EDGE ( 'NONE', *, *, #6390, .F. ) ;
#5347 = DIRECTION ( 'NONE',  ( -1.445602896647339163E-16, -0.000000000000000000, -1.000000000000000000 ) ) ;
#5348 = CARTESIAN_POINT ( 'NONE',  ( -1.400000000000000133, 0.1999999999999999833, 1.750000000000000000 ) ) ;
#5349 = CLOSED_SHELL ( 'NONE', ( #1158, #1533, #3455, #416, #8650, #8306 ) ) ;
#5350 = DIRECTION ( 'NONE',  ( 0.000000000000000000, -1.000000000000000000, 0.000000000000000000 ) ) ;
#5351 = CARTESIAN_POINT ( 'NONE',  ( -1.400000000000000133, 0.1999999999999999833, -1.600000000000000089 ) ) ;
#5352 = DIRECTION ( 'NONE',  ( 5.782411586589358822E-15, -1.000000000000000000, 0.000000000000000000 ) ) ;
#5353 = AXIS2_PLACEMENT_3D ( 'NONE', #24, #9149, #1707 ) ;
#5354 = LINE ( 'NONE', #7132, #8633 ) ;
#5355 =( NAMED_UNIT ( * ) PLANE_ANGLE_UNIT ( ) SI_UNIT ( $, .RADIAN. ) );
#5356 = LINE ( 'NONE', #420, #8652 ) ;
#5357 = VECTOR ( 'NONE', #4156, 1000.000000000000000 ) ;
#5358 = EDGE_LOOP ( 'NONE', ( #5365, #8154, #7443, #3549 ) ) ;
#5359 = ORIENTED_EDGE ( 'NONE', *, *, #6532, .F. ) ;
#5360 = DIRECTION ( 'NONE',  ( -0.000000000000000000, -0.000000000000000000, 1.000000000000000000 ) ) ;
#5361 = CARTESIAN_POINT ( 'NONE',  ( 1.500000000000000000, 0.6472135954999583829, -0.6499999999999995781 ) ) ;
#5362 = DIRECTION ( 'NONE',  ( -1.000000000000000000, 0.000000000000000000, -1.084202172485504040E-15 ) ) ;
#5363 = ADVANCED_FACE ( 'NONE', ( #602 ), #4882, .T. ) ;
#5364 = CARTESIAN_POINT ( 'NONE',  ( 1.099999999999999867, 0.6472135954999583829, 0.6500000000000001332 ) ) ;
#5365 = ORIENTED_EDGE ( 'NONE', *, *, #2537, .T. ) ;
#5366 = PLANE ( 'NONE',  #9107 ) ;
#5367 = CARTESIAN_POINT ( 'NONE',  ( -1.400000000000000133, 0.1250000000000000000, 1.600000000000000089 ) ) ;
#5368 = VECTOR ( 'NONE', #1807, 1000.000000000000000 ) ;
#5369 = PLANE ( 'NONE',  #4232 ) ;
#5370 = ORIENTED_EDGE ( 'NONE', *, *, #5436, .T. ) ;
#5371 = ORIENTED_EDGE ( 'NONE', *, *, #831, .F. ) ;
#5372 = CARTESIAN_POINT ( 'NONE',  ( 0.000000000000000000, 0.2000000000000000111, 0.000000000000000000 ) ) ;
#5373 = PLANE ( 'NONE',  #3327 ) ;
#5374 = DIRECTION ( 'NONE',  ( -5.782411586589358822E-15, 1.000000000000000000, 0.000000000000000000 ) ) ;
#5375 = ORIENTED_EDGE ( 'NONE', *, *, #9504, .T. ) ;
#5376 = PLANE ( 'NONE',  #8709 ) ;
#5377 = DIRECTION ( 'NONE',  ( 0.000000000000000000, 1.000000000000000000, 0.000000000000000000 ) ) ;
#5378 = VECTOR ( 'NONE', #4075, 1000.000000000000000 ) ;
#5379 = DIRECTION ( 'NONE',  ( 0.000000000000000000, -0.000000000000000000, 1.000000000000000000 ) ) ;
#5380 = CARTESIAN_POINT ( 'NONE',  ( -0.8499999999999992006, 0.000000000000000000, 1.600000000000000089 ) ) ;
#5381 = LINE ( 'NONE', #9011, #5455 ) ;
#5382 = LINE ( 'NONE', #6627, #2074 ) ;
#5383 = ORIENTED_EDGE ( 'NONE', *, *, #6512, .T. ) ;
#5384 = VERTEX_POINT ( 'NONE', #7844 ) ;
#5385 = UNCERTAINTY_MEASURE_WITH_UNIT (LENGTH_MEASURE( 1.000000000000000082E-05 ), #8946, 'distance_accuracy_value', 'NONE');
#5386 = DIRECTION ( 'NONE',  ( 0.000000000000000000, 0.000000000000000000, 1.000000000000000000 ) ) ;
#5387 = AXIS2_PLACEMENT_3D ( 'NONE', #733, #5800, #2276 ) ;
#5388 = VECTOR ( 'NONE', #101, 1000.000000000000000 ) ;
#5389 = PRODUCT ( 'TPS25944ARVCR', 'TPS25944ARVCR', '', ( #9114 ) ) ;
#5390 = EDGE_LOOP ( 'NONE', ( #2292, #8395, #2090, #5714 ) ) ;
#5391 = DIRECTION ( 'NONE',  ( -0.000000000000000000, -1.000000000000000000, -0.000000000000000000 ) ) ;
#5392 =( LENGTH_UNIT ( ) NAMED_UNIT ( * ) SI_UNIT ( .MILLI., .METRE. ) );
#5393 = AXIS2_PLACEMENT_3D ( 'NONE', #6371, #646, #6491 ) ;
#5394 = EDGE_CURVE ( 'NONE', #7599, #1421, #3571, .T. ) ;
#5395 = FACE_OUTER_BOUND ( 'NONE', #4570, .T. ) ;
#5396 = DIRECTION ( 'NONE',  ( -2.710505431213763057E-16, -0.000000000000000000, -1.000000000000000000 ) ) ;
#5397 = VECTOR ( 'NONE', #2150, 1000.000000000000000 ) ;
#5398 = ORIENTED_EDGE ( 'NONE', *, *, #9087, .F. ) ;
#5399 = DIRECTION ( 'NONE',  ( 1.084202172485501673E-15, 0.000000000000000000, -1.000000000000000000 ) ) ;
#5400 = ORIENTED_EDGE ( 'NONE', *, *, #596, .T. ) ;
#5401 = CARTESIAN_POINT ( 'NONE',  ( -1.166666666666666741, 0.8000000000000000444, -1.666666666666666519 ) ) ;
#5402 = CARTESIAN_POINT ( 'NONE',  ( -1.099999999999999867, 0.6472135954999583829, -1.349999999999999867 ) ) ;
#5403 = LINE ( 'NONE', #9083, #5573 ) ;
#5404 = ORIENTED_EDGE ( 'NONE', *, *, #7996, .F. ) ;
#5405 = DIRECTION ( 'NONE',  ( 0.000000000000000000, -0.000000000000000000, 1.000000000000000000 ) ) ;
#5406 = EDGE_CURVE ( 'NONE', #6422, #3785, #425, .T. ) ;
#5407 = AXIS2_PLACEMENT_3D ( 'NONE', #961, #3144, #4038 ) ;
#5408 = LINE ( 'NONE', #5745, #2405 ) ;
#5409 = CARTESIAN_POINT ( 'NONE',  ( 0.1500000000000003830, 0.1999999999999999833, -1.600000000000000089 ) ) ;
#5410 = COLOUR_RGB ( '',0.7921568627450980005, 0.8196078431372548767, 0.9333333333333333481 ) ;
#5411 =( NAMED_UNIT ( * ) SI_UNIT ( $, .STERADIAN. ) SOLID_ANGLE_UNIT ( ) );
#5412 = FACE_OUTER_BOUND ( 'NONE', #3188, .T. ) ;
#5413 = LINE ( 'NONE', #8023, #8792 ) ;
#5414 = EDGE_CURVE ( 'NONE', #8126, #8282, #6773, .T. ) ;
#5415 = ORIENTED_EDGE ( 'NONE', *, *, #1731, .T. ) ;
#5416 = ORIENTED_EDGE ( 'NONE', *, *, #5506, .T. ) ;
#5417 =( NAMED_UNIT ( * ) PLANE_ANGLE_UNIT ( ) SI_UNIT ( $, .RADIAN. ) );
#5418 = PRESENTATION_STYLE_ASSIGNMENT (( #8370 ) ) ;
#5419 = EDGE_CURVE ( 'NONE', #6893, #1507, #3887, .T. ) ;
#5420 = SURFACE_STYLE_USAGE ( .BOTH. , #8503 ) ;
#5421 = EDGE_CURVE ( 'NONE', #3892, #3453, #6831, .T. ) ;
#5422 = DIRECTION ( 'NONE',  ( -5.421010862427524019E-17, 0.000000000000000000, 1.000000000000000000 ) ) ;
#5423 = ORIENTED_EDGE ( 'NONE', *, *, #1345, .F. ) ;
#5424 = DIRECTION ( 'NONE',  ( 0.000000000000000000, 0.000000000000000000, 1.000000000000000000 ) ) ;
#5425 = CARTESIAN_POINT ( 'NONE',  ( -1.249999999999999778, 0.1999999999999999833, 1.732294901687515321 ) ) ;
#5426 = CARTESIAN_POINT ( 'NONE',  ( -1.099999999999999867, 0.6472135954999583829, 0.8500000000000003109 ) ) ;
#5427 = EDGE_CURVE ( 'NONE', #9426, #7194, #6873, .T. ) ;
#5428 = ADVANCED_FACE ( 'NONE', ( #521 ), #4272, .T. ) ;
#5429 = VECTOR ( 'NONE', #3509, 1000.000000000000000 ) ;
#5430 = LINE ( 'NONE', #8691, #5444 ) ;
#5431 = LINE ( 'NONE', #4783, #8698 ) ;
#5432 = ORIENTED_EDGE ( 'NONE', *, *, #8634, .T. ) ;
#5433 = VERTEX_POINT ( 'NONE', #1268 ) ;
#5434 = UNCERTAINTY_MEASURE_WITH_UNIT (LENGTH_MEASURE( 1.000000000000000082E-05 ), #2213, 'distance_accuracy_value', 'NONE');
#5435 = PLANE ( 'NONE',  #1862 ) ;
#5436 = EDGE_CURVE ( 'NONE', #6854, #3448, #508, .T. ) ;
#5437 = ADVANCED_FACE ( 'NONE', ( #6845 ), #9506, .T. ) ;
#5438 = VERTEX_POINT ( 'NONE', #7352 ) ;
#5439 = DIRECTION ( 'NONE',  ( -1.000000000000000000, -0.000000000000000000, -5.421010862427524019E-17 ) ) ;
#5440 = AXIS2_PLACEMENT_3D ( 'NONE', #9124, #4840, #235 ) ;
#5441 = LINE ( 'NONE', #6265, #5622 ) ;
#5442 = DIRECTION ( 'NONE',  ( 2.710505431213761578E-16, 0.000000000000000000, 1.000000000000000000 ) ) ;
#5443 = FACE_OUTER_BOUND ( 'NONE', #1696, .T. ) ;
#5444 = VECTOR ( 'NONE', #9533, 1000.000000000000000 ) ;
#5445 = VERTEX_POINT ( 'NONE', #1620 ) ;
#5446 = ORIENTED_EDGE ( 'NONE', *, *, #5329, .T. ) ;
#5447 = VECTOR ( 'NONE', #3714, 1000.000000000000000 ) ;
#5448 = MECHANICAL_DESIGN_GEOMETRIC_PRESENTATION_REPRESENTATION (  '', ( #3754 ), #9439 ) ;
#5449 = ORIENTED_EDGE ( 'NONE', *, *, #605, .F. ) ;
#5450 = CARTESIAN_POINT ( 'NONE',  ( 0.7500000000000000000, 3.201666203960727319, -1.300000000000000266 ) ) ;
#5451 = CARTESIAN_POINT ( 'NONE',  ( 1.500000000000000000, 0.6472135954999583829, -0.1499999999999995226 ) ) ;
#5452 =( NAMED_UNIT ( * ) SI_UNIT ( $, .STERADIAN. ) SOLID_ANGLE_UNIT ( ) );
#5453 = COLOUR_RGB ( '',0.7921568627450980005, 0.8196078431372548767, 0.9333333333333333481 ) ;
#5454 = CARTESIAN_POINT ( 'NONE',  ( -0.6499999999999991340, 0.000000000000000000, 1.600000000000000311 ) ) ;
#5455 = VECTOR ( 'NONE', #6784, 1000.000000000000000 ) ;
#5456 = LINE ( 'NONE', #1363, #8635 ) ;
#5457 = PRESENTATION_STYLE_ASSIGNMENT (( #3351 ) ) ;
#5458 = ORIENTED_EDGE ( 'NONE', *, *, #7972, .F. ) ;
#5459 = DIRECTION ( 'NONE',  ( -1.000000000000000000, 0.000000000000000000, 5.421010862427523156E-16 ) ) ;
#5460 = ORIENTED_EDGE ( 'NONE', *, *, #8089, .T. ) ;
#5461 = DIRECTION ( 'NONE',  ( 0.000000000000000000, 0.000000000000000000, -1.000000000000000000 ) ) ;
#5462 = DIRECTION ( 'NONE',  ( 0.000000000000000000, -1.000000000000000000, 0.000000000000000000 ) ) ;
#5463 = VECTOR ( 'NONE', #3541, 1000.000000000000000 ) ;
#5464 = ORIENTED_EDGE ( 'NONE', *, *, #6555, .F. ) ;
#5465 = CARTESIAN_POINT ( 'NONE',  ( -0.1499999999999995226, 0.6472135954999580498, -2.000000000000000000 ) ) ;
#5466 = EDGE_CURVE ( 'NONE', #539, #7341, #3556, .T. ) ;
#5467 = CARTESIAN_POINT ( 'NONE',  ( 0.000000000000000000, 0.8000000000000000444, 0.000000000000000000 ) ) ;
#5468 = EDGE_CURVE ( 'NONE', #9150, #4867, #6887, .T. ) ;
#5469 = VECTOR ( 'NONE', #3463, 1000.000000000000000 ) ;
#5470 = CARTESIAN_POINT ( 'NONE',  ( -0.6499999999999995781, 0.6472135954999580498, -2.000000000000000000 ) ) ;
#5471 = VECTOR ( 'NONE', #5439, 1000.000000000000000 ) ;
#5472 = CARTESIAN_POINT ( 'NONE',  ( 1.249999999999999778, 0.1250000000000013600, 1.899999999999999911 ) ) ;
#5473 = VERTEX_POINT ( 'NONE', #6027 ) ;
#5474 = ORIENTED_EDGE ( 'NONE', *, *, #4209, .T. ) ;
#5475 = PLANE ( 'NONE',  #4744 ) ;
#5476 = VECTOR ( 'NONE', #318, 1000.000000000000000 ) ;
#5477 = FILL_AREA_STYLE_COLOUR ( '', #3853 ) ;
#5478 = CARTESIAN_POINT ( 'NONE',  ( 1.499999999999999778, 0.000000000000000000, -1.350000000000000089 ) ) ;
#5479 = DIRECTION ( 'NONE',  ( 0.000000000000000000, 1.000000000000000000, 0.000000000000000000 ) ) ;
#5480 = EDGE_LOOP ( 'NONE', ( #514, #6241, #94, #397 ) ) ;
#5481 = ADVANCED_FACE ( 'NONE', ( #567 ), #9059, .F. ) ;
#5482 = ORIENTED_EDGE ( 'NONE', *, *, #6205, .T. ) ;
#5483 = DIRECTION ( 'NONE',  ( 0.000000000000000000, 0.000000000000000000, -1.000000000000000000 ) ) ;
#5484 = CARTESIAN_POINT ( 'NONE',  ( 1.099999999999999867, 0.1999999999999999833, 1.350000000000000311 ) ) ;
#5485 = PLANE ( 'NONE',  #2986 ) ;
#5486 = FACE_OUTER_BOUND ( 'NONE', #8913, .T. ) ;
#5487 = VECTOR ( 'NONE', #8200, 1000.000000000000000 ) ;
#5488 = EDGE_LOOP ( 'NONE', ( #5254, #4544, #4419, #4324 ) ) ;
#5489 = ORIENTED_EDGE ( 'NONE', *, *, #6293, .T. ) ;
#5490 = CARTESIAN_POINT ( 'NONE',  ( -1.100000000000000311, 0.1999999999999999833, -2.000000000000000000 ) ) ;
#5491 = SURFACE_STYLE_USAGE ( .BOTH. , #7578 ) ;
#5492 =( NAMED_UNIT ( * ) SI_UNIT ( $, .STERADIAN. ) SOLID_ANGLE_UNIT ( ) );
#5493 = VERTEX_POINT ( 'NONE', #4487 ) ;
#5494 = ORIENTED_EDGE ( 'NONE', *, *, #1636, .T. ) ;
#5495 = CARTESIAN_POINT ( 'NONE',  ( 1.099999999999999867, 0.1999999999999999833, -1.349999999999999867 ) ) ;
#5496 = STYLED_ITEM ( 'NONE', ( #3661 ), #5574 ) ;
#5497 = DIRECTION ( 'NONE',  ( 0.000000000000000000, -1.000000000000000000, 0.000000000000000000 ) ) ;
#5498 = DIRECTION ( 'NONE',  ( 0.000000000000000000, -1.000000000000000000, 0.000000000000000000 ) ) ;
#5499 = ADVANCED_FACE ( 'NONE', ( #388 ), #6661, .T. ) ;
#5500 = CARTESIAN_POINT ( 'NONE',  ( 1.499999999999999778, 0.05000000000000000278, 2.000000000000000000 ) ) ;
#5501 = VECTOR ( 'NONE', #6841, 1000.000000000000000 ) ;
#5502 = ORIENTED_EDGE ( 'NONE', *, *, #8193, .T. ) ;
#5503 = VERTEX_POINT ( 'NONE', #2317 ) ;
#5504 = CARTESIAN_POINT ( 'NONE',  ( 1.500000000000000000, 0.04999999999999969746, -0.1499999999999995226 ) ) ;
#5505 = AXIS2_PLACEMENT_3D ( 'NONE', #4826, #6824, #284 ) ;
#5506 = EDGE_CURVE ( 'NONE', #936, #4663, #3652, .T. ) ;
#5507 = ADVANCED_FACE ( 'NONE', ( #3868 ), #640, .T. ) ;
#5508 = ORIENTED_EDGE ( 'NONE', *, *, #7252, .F. ) ;
#5509 = CARTESIAN_POINT ( 'NONE',  ( 1.099999999999999423, 0.1250000000000011935, -1.732294901687515321 ) ) ;
#5510 = CARTESIAN_POINT ( 'NONE',  ( 1.500000000000000000, 0.000000000000000000, -0.6499999999999995781 ) ) ;
#5511 = CARTESIAN_POINT ( 'NONE',  ( 0.8500000000000005329, 0.2000000000000000111, -2.000000000000000000 ) ) ;
#5512 = ORIENTED_EDGE ( 'NONE', *, *, #3979, .T. ) ;
#5513 = LINE ( 'NONE', #2646, #8696 ) ;
#5514 = EDGE_CURVE ( 'NONE', #1528, #6422, #6919, .T. ) ;
#5515 = PLANE ( 'NONE',  #4308 ) ;
#5516 = PRESENTATION_STYLE_ASSIGNMENT (( #1545 ) ) ;
#5517 = VECTOR ( 'NONE', #5028, 1000.000000000000000 ) ;
#5518 = ORIENTED_EDGE ( 'NONE', *, *, #5527, .F. ) ;
#5519 = CARTESIAN_POINT ( 'NONE',  ( 0.7500000000000000000, 0.05000000000000012768, 1.300000000000000044 ) ) ;
#5520 = VERTEX_POINT ( 'NONE', #6086 ) ;
#5521 = CARTESIAN_POINT ( 'NONE',  ( 0.3500000000000004774, 0.2000000000000000944, -2.000000000000000000 ) ) ;
#5522 = VECTOR ( 'NONE', #1887, 1000.000000000000000 ) ;
#5523 = EDGE_CURVE ( 'NONE', #3656, #5845, #538, .T. ) ;
#5524 = STYLED_ITEM ( 'NONE', ( #6142 ), #7220 ) ;
#5525 = EDGE_LOOP ( 'NONE', ( #2892, #5116, #5803, #1683 ) ) ;
#5526 = DIRECTION ( 'NONE',  ( 1.000000000000000000, 5.782411586589359611E-15, 0.000000000000000000 ) ) ;
#5527 = EDGE_CURVE ( 'NONE', #7393, #3993, #406, .T. ) ;
#5528 = ORIENTED_EDGE ( 'NONE', *, *, #5506, .F. ) ;
#5529 = CARTESIAN_POINT ( 'NONE',  ( -7.318364664277149999E-16, 0.05000000000000000278, 1.349999999999999645 ) ) ;
#5530 = EDGE_CURVE ( 'NONE', #4408, #8429, #3778, .T. ) ;
#5531 = EDGE_CURVE ( 'NONE', #3505, #1067, #6801, .T. ) ;
#5532 = FACE_OUTER_BOUND ( 'NONE', #6641, .T. ) ;
#5533 = CARTESIAN_POINT ( 'NONE',  ( -0.1499999999999990785, 0.2000000000000000111, 1.600000000000000311 ) ) ;
#5534 = EDGE_CURVE ( 'NONE', #2168, #4523, #6992, .T. ) ;
#5535 = FACE_BOUND ( 'NONE', #1404, .T. ) ;
#5536 = LINE ( 'NONE', #6389, #5517 ) ;
#5537 = ORIENTED_EDGE ( 'NONE', *, *, #4875, .F. ) ;
#5538 = VERTEX_POINT ( 'NONE', #8230 ) ;
#5539 =( GEOMETRIC_REPRESENTATION_CONTEXT ( 3 ) GLOBAL_UNCERTAINTY_ASSIGNED_CONTEXT ( ( #5270 ) ) GLOBAL_UNIT_ASSIGNED_CONTEXT ( ( #7287, #9394, #530 ) ) REPRESENTATION_CONTEXT ( 'NONE', 'WORKASPACE' ) );
#5540 = SURFACE_STYLE_FILL_AREA ( #4249 ) ;
#5541 = DIRECTION ( 'NONE',  ( -1.000000000000000000, 0.000000000000000000, 1.084202172485501673E-15 ) ) ;
#5542 = DIRECTION ( 'NONE',  ( 0.000000000000000000, -1.000000000000000000, 0.000000000000000000 ) ) ;
#5543 = CARTESIAN_POINT ( 'NONE',  ( 1.099999999999999867, 0.1999999999999999833, 0.3500000000000002554 ) ) ;
#5544 = VERTEX_POINT ( 'NONE', #4558 ) ;
#5545 = VERTEX_POINT ( 'NONE', #5314 ) ;
#5546 = CARTESIAN_POINT ( 'NONE',  ( -1.499999999999999778, 0.1999999999999999833, -0.3500000000000000333 ) ) ;
#5547 = PLANE ( 'NONE',  #8902 ) ;
#5548 = CARTESIAN_POINT ( 'NONE',  ( 1.499999999999999778, 0.05000000000000000278, -2.000000000000000000 ) ) ;
#5549 = VECTOR ( 'NONE', #3407, 1000.000000000000000 ) ;
#5550 = CARTESIAN_POINT ( 'NONE',  ( 1.249999999999999778, 0.1250000000000013600, 1.899999999999999911 ) ) ;
#5551 = AXIS2_PLACEMENT_3D ( 'NONE', #2081, #1281, #2019 ) ;
#5552 = EDGE_CURVE ( 'NONE', #1869, #5438, #435, .T. ) ;
#5553 = COLOUR_RGB ( '',1.000000000000000000, 0.5019607843137254832, 0.5019607843137254832 ) ;
#5554 = VECTOR ( 'NONE', #7152, 1000.000000000000000 ) ;
#5555 = ORIENTED_EDGE ( 'NONE', *, *, #461, .T. ) ;
#5556 = EDGE_LOOP ( 'NONE', ( #7488, #7563, #692, #735 ) ) ;
#5557 = DIRECTION ( 'NONE',  ( 1.000000000000000000, 0.000000000000000000, -0.000000000000000000 ) ) ;
#5558 = CARTESIAN_POINT ( 'NONE',  ( -1.500000000000000222, 0.1999999999999999833, 1.600000000000000089 ) ) ;
#5559 = CARTESIAN_POINT ( 'NONE',  ( 1.399999999999999689, 0.1250000000000000000, 1.750000000000000000 ) ) ;
#5560 = AXIS2_PLACEMENT_3D ( 'NONE', #5075, #2885, #3567 ) ;
#5561 = PLANE ( 'NONE',  #2534 ) ;
#5562 = EDGE_LOOP ( 'NONE', ( #8779, #6233, #6170, #294 ) ) ;
#5563 = ORIENTED_EDGE ( 'NONE', *, *, #328, .F. ) ;
#5564 = DIRECTION ( 'NONE',  ( -1.000000000000000000, 0.000000000000000000, 1.445602896647339163E-16 ) ) ;
#5565 = FACE_OUTER_BOUND ( 'NONE', #608, .T. ) ;
#5566 = AXIS2_PLACEMENT_3D ( 'NONE', #2697, #5422, #7004 ) ;
#5567 = DIRECTION ( 'NONE',  ( 0.000000000000000000, -1.000000000000000000, 0.000000000000000000 ) ) ;
#5568 = VECTOR ( 'NONE', #1751, 1000.000000000000000 ) ;
#5569 = VECTOR ( 'NONE', #3412, 1000.000000000000000 ) ;
#5570 = ORIENTED_EDGE ( 'NONE', *, *, #8855, .F. ) ;
#5571 = ORIENTED_EDGE ( 'NONE', *, *, #1099, .T. ) ;
#5572 = CARTESIAN_POINT ( 'NONE',  ( -1.250000000000000222, 0.1999999999999999833, -1.899999999999999911 ) ) ;
#5573 = VECTOR ( 'NONE', #6281, 1000.000000000000000 ) ;
#5574 = MANIFOLD_SOLID_BREP ( 'Boss-Extrude6[1]', #3622 ) ;
#5575 = ORIENTED_EDGE ( 'NONE', *, *, #9274, .F. ) ;
#5576 = ADVANCED_FACE ( 'NONE', ( #3831 ), #8114, .T. ) ;
#5577 = PLANE ( 'NONE',  #8626 ) ;
#5578 = EDGE_LOOP ( 'NONE', ( #9162, #2675, #2340, #8511 ) ) ;
#5579 = SURFACE_STYLE_FILL_AREA ( #476 ) ;
#5580 = ADVANCED_FACE ( 'NONE', ( #7267 ), #6263, .F. ) ;
#5581 = VECTOR ( 'NONE', #2943, 1000.000000000000000 ) ;
#5582 = LINE ( 'NONE', #1107, #9067 ) ;
#5583 = ORIENTED_EDGE ( 'NONE', *, *, #409, .F. ) ;
#5584 = DIRECTION ( 'NONE',  ( 0.000000000000000000, -1.000000000000000000, 0.000000000000000000 ) ) ;
#5585 = EDGE_LOOP ( 'NONE', ( #2300, #4556, #2059, #1253 ) ) ;
#5586 = DIRECTION ( 'NONE',  ( 1.000000000000000000, 0.000000000000000000, 0.000000000000000000 ) ) ;
#5587 = LINE ( 'NONE', #3964, #2294 ) ;
#5588 = FILL_AREA_STYLE ('',( #8228 ) ) ;
#5589 = SURFACE_STYLE_USAGE ( .BOTH. , #9261 ) ;
#5590 = ADVANCED_FACE ( 'NONE', ( #1008 ), #7016, .F. ) ;
#5591 = ORIENTED_EDGE ( 'NONE', *, *, #2838, .T. ) ;
#5592 = SURFACE_SIDE_STYLE ('',( #3306 ) ) ;
#5593 = VERTEX_POINT ( 'NONE', #4143 ) ;
#5594 = PLANE ( 'NONE',  #5621 ) ;
#5595 = VECTOR ( 'NONE', #1526, 1000.000000000000000 ) ;
#5596 = VERTEX_POINT ( 'NONE', #3232 ) ;
#5597 = ORIENTED_EDGE ( 'NONE', *, *, #1625, .T. ) ;
#5598 = DIRECTION ( 'NONE',  ( 1.000000000000000000, 0.000000000000000000, 0.000000000000000000 ) ) ;
#5599 = VECTOR ( 'NONE', #7036, 1000.000000000000000 ) ;
#5600 = CARTESIAN_POINT ( 'NONE',  ( 0.8500000000000005329, 0.2000000000000000111, -1.600000000000000311 ) ) ;
#5601 = FILL_AREA_STYLE ('',( #4198 ) ) ;
#5602 = DIRECTION ( 'NONE',  ( 1.000000000000000000, 0.000000000000000000, -5.421010862427520198E-16 ) ) ;
#5603 = EDGE_LOOP ( 'NONE', ( #1177, #1710, #8409, #4394 ) ) ;
#5604 = EDGE_LOOP ( 'NONE', ( #5079, #5131, #1596, #7771 ) ) ;
#5605 = DIRECTION ( 'NONE',  ( -0.000000000000000000, -1.000000000000000000, -0.000000000000000000 ) ) ;
#5606 = CARTESIAN_POINT ( 'NONE',  ( 1.249999999999999334, 0.2000000000000013434, 1.732294901687515321 ) ) ;
#5607 = VECTOR ( 'NONE', #8463, 1000.000000000000000 ) ;
#5608 = PLANE ( 'NONE',  #3527 ) ;
#5609 = LINE ( 'NONE', #9129, #8615 ) ;
#5610 = LINE ( 'NONE', #1304, #2427 ) ;
#5611 = FACE_OUTER_BOUND ( 'NONE', #4791, .T. ) ;
#5612 = ORIENTED_EDGE ( 'NONE', *, *, #6416, .T. ) ;
#5613 = ORIENTED_EDGE ( 'NONE', *, *, #3500, .F. ) ;
#5614 = DIRECTION ( 'NONE',  ( -2.710505431213761578E-16, 0.000000000000000000, -1.000000000000000000 ) ) ;
#5615 = PRESENTATION_LAYER_ASSIGNMENT (  '', '', ( #3483 ) ) ;
#5616 = CARTESIAN_POINT ( 'NONE',  ( -1.099999999999999867, 0.6472135954999583829, -1.349999999999999867 ) ) ;
#5617 = VERTEX_POINT ( 'NONE', #9285 ) ;
#5618 = ORIENTED_EDGE ( 'NONE', *, *, #6626, .F. ) ;
#5619 = EDGE_CURVE ( 'NONE', #6970, #2837, #7157, .T. ) ;
#5620 =( LENGTH_UNIT ( ) NAMED_UNIT ( * ) SI_UNIT ( .MILLI., .METRE. ) );
#5621 = AXIS2_PLACEMENT_3D ( 'NONE', #8553, #9443, #4932 ) ;
#5622 = VECTOR ( 'NONE', #2032, 1000.000000000000000 ) ;
#5623 = VECTOR ( 'NONE', #2160, 1000.000000000000000 ) ;
#5624 = VECTOR ( 'NONE', #7308, 1000.000000000000000 ) ;
#5625 = EDGE_CURVE ( 'NONE', #7599, #6660, #4162, .T. ) ;
#5626 = EDGE_LOOP ( 'NONE', ( #512, #8796, #6866, #4082 ) ) ;
#5627 = ORIENTED_EDGE ( 'NONE', *, *, #6917, .T. ) ;
#5628 = DIRECTION ( 'NONE',  ( -1.000000000000000000, 0.000000000000000000, 0.000000000000000000 ) ) ;
#5629 = VECTOR ( 'NONE', #5360, 1000.000000000000000 ) ;
#5630 = EDGE_CURVE ( 'NONE', #1608, #7043, #7175, .T. ) ;
#5631 = ORIENTED_EDGE ( 'NONE', *, *, #7339, .T. ) ;
#5632 = DIRECTION ( 'NONE',  ( 0.000000000000000000, -0.000000000000000000, -1.000000000000000000 ) ) ;
#5633 = CARTESIAN_POINT ( 'NONE',  ( -1.099999999999999867, 0.000000000000000000, -0.8499999999999998668 ) ) ;
#5634 = CARTESIAN_POINT ( 'NONE',  ( -0.7500000000000000000, 3.201666203960727319, -1.000000000000000888 ) ) ;
#5635 = ORIENTED_EDGE ( 'NONE', *, *, #7358, .T. ) ;
#5636 = VECTOR ( 'NONE', #4219, 1000.000000000000000 ) ;
#5637 = EDGE_CURVE ( 'NONE', #1383, #5688, #7137, .T. ) ;
#5638 = FACE_OUTER_BOUND ( 'NONE', #1030, .T. ) ;
#5639 = PRESENTATION_LAYER_ASSIGNMENT (  '', '', ( #6523 ) ) ;
#5640 = VECTOR ( 'NONE', #1381, 1000.000000000000000 ) ;
#5641 = ORIENTED_EDGE ( 'NONE', *, *, #4941, .T. ) ;
#5642 = CARTESIAN_POINT ( 'NONE',  ( 1.099999999999999867, 0.6472135954999583829, -0.3499999999999998113 ) ) ;
#5643 = VERTEX_POINT ( 'NONE', #5490 ) ;
#5644 = ADVANCED_FACE ( 'NONE', ( #818 ), #7798, .T. ) ;
#5645 = SURFACE_STYLE_FILL_AREA ( #9141 ) ;
#5646 = DIRECTION ( 'NONE',  ( 0.000000000000000000, -1.000000000000000000, 0.000000000000000000 ) ) ;
#5647 = EDGE_CURVE ( 'NONE', #1341, #7430, #804, .T. ) ;
#5648 = EDGE_LOOP ( 'NONE', ( #7293, #7862, #959, #1320 ) ) ;
#5649 = ADVANCED_FACE ( 'NONE', ( #1038 ), #5682, .T. ) ;
#5650 = EDGE_CURVE ( 'NONE', #8211, #2495, #1024, .T. ) ;
#5651 = PLANE ( 'NONE',  #7485 ) ;
#5652 = ORIENTED_EDGE ( 'NONE', *, *, #5466, .F. ) ;
#5653 = CARTESIAN_POINT ( 'NONE',  ( -1.099999999999999867, 0.1999999999999999833, 1.350000000000000311 ) ) ;
#5654 = MECHANICAL_DESIGN_GEOMETRIC_PRESENTATION_REPRESENTATION (  '', ( #609 ), #8641 ) ;
#5655 = FACE_OUTER_BOUND ( 'NONE', #1232, .T. ) ;
#5656 = CARTESIAN_POINT ( 'NONE',  ( 1.099999999999999423, 0.2000000000000011768, 1.899999999999999911 ) ) ;
#5657 = ADVANCED_FACE ( 'NONE', ( #7371 ), #7082, .F. ) ;
#5658 = LINE ( 'NONE', #2052, #5943 ) ;
#5659 = VECTOR ( 'NONE', #7011, 1000.000000000000000 ) ;
#5660 = DIRECTION ( 'NONE',  ( -1.084202172485501673E-15, 0.000000000000000000, 1.000000000000000000 ) ) ;
#5661 = LINE ( 'NONE', #6960, #8617 ) ;
#5662 = VERTEX_POINT ( 'NONE', #3864 ) ;
#5663 = ORIENTED_EDGE ( 'NONE', *, *, #1529, .T. ) ;
#5664 = CARTESIAN_POINT ( 'NONE',  ( 0.8500000000000009770, 0.2000000000000000111, 1.600000000000000311 ) ) ;
#5665 = MECHANICAL_DESIGN_GEOMETRIC_PRESENTATION_REPRESENTATION (  '', ( #8783 ), #2558 ) ;
#5666 = DIRECTION ( 'NONE',  ( 0.000000000000000000, -1.000000000000000000, 0.000000000000000000 ) ) ;
#5667 = ADVANCED_FACE ( 'NONE', ( #929 ), #4900, .F. ) ;
#5668 = DIRECTION ( 'NONE',  ( 2.710505431213763057E-16, 0.000000000000000000, 1.000000000000000000 ) ) ;
#5669 = ORIENTED_EDGE ( 'NONE', *, *, #6620, .F. ) ;
#5670 = EDGE_CURVE ( 'NONE', #2628, #811, #4258, .T. ) ;
#5671 = EDGE_LOOP ( 'NONE', ( #8768, #7994, #7678, #1605 ) ) ;
#5672 = SURFACE_STYLE_USAGE ( .BOTH. , #5074 ) ;
#5673 = CARTESIAN_POINT ( 'NONE',  ( -1.166666666666666741, 0.6999999999999999556, -1.666666666666666519 ) ) ;
#5674 = FACE_OUTER_BOUND ( 'NONE', #2929, .T. ) ;
#5675 = CARTESIAN_POINT ( 'NONE',  ( 1.232294901687515543, 0.1999999999999999833, -1.600000000000000089 ) ) ;
#5676 = PRESENTATION_LAYER_ASSIGNMENT (  '', '', ( #3004 ) ) ;
#5677 = DIRECTION ( 'NONE',  ( 1.000000000000000000, 0.000000000000000000, 0.000000000000000000 ) ) ;
#5678 = LINE ( 'NONE', #5888, #2731 ) ;
#5679 = LINE ( 'NONE', #4597, #9027 ) ;
#5680 = VERTEX_POINT ( 'NONE', #1971 ) ;
#5681 = EDGE_LOOP ( 'NONE', ( #1085, #5618, #7837, #1359 ) ) ;
#5682 = PLANE ( 'NONE',  #3267 ) ;
#5683 = FACE_OUTER_BOUND ( 'NONE', #1479, .T. ) ;
#5684 = CARTESIAN_POINT ( 'NONE',  ( -1.500000000000000222, 0.05000000000000000278, -1.999999999999999556 ) ) ;
#5685 = CARTESIAN_POINT ( 'NONE',  ( 0.6500000000000007994, 0.2000000000000000111, 1.600000000000000089 ) ) ;
#5686 = ORIENTED_EDGE ( 'NONE', *, *, #831, .T. ) ;
#5687 = AXIS2_PLACEMENT_3D ( 'NONE', #1676, #5120, #2368 ) ;
#5688 = VERTEX_POINT ( 'NONE', #7939 ) ;
#5689 =( NAMED_UNIT ( * ) PLANE_ANGLE_UNIT ( ) SI_UNIT ( $, .RADIAN. ) );
#5690 = DIRECTION ( 'NONE',  ( 0.000000000000000000, 1.000000000000000000, 0.000000000000000000 ) ) ;
#5691 = VECTOR ( 'NONE', #8480, 1000.000000000000000 ) ;
#5692 = DIRECTION ( 'NONE',  ( -5.782411586589358822E-15, 1.000000000000000000, -0.000000000000000000 ) ) ;
#5693 = VECTOR ( 'NONE', #7955, 1000.000000000000000 ) ;
#5694 = ORIENTED_EDGE ( 'NONE', *, *, #6277, .F. ) ;
#5695 = VECTOR ( 'NONE', #6195, 1000.000000000000000 ) ;
#5696 = VERTEX_POINT ( 'NONE', #2709 ) ;
#5697 = CARTESIAN_POINT ( 'NONE',  ( -1.099999999999999867, 0.1999999999999999833, 0.6500000000000001332 ) ) ;
#5698 = CARTESIAN_POINT ( 'NONE',  ( 1.499999999999999778, 0.1999999999999999833, -1.750000000000000000 ) ) ;
#5699 = DIRECTION ( 'NONE',  ( 1.000000000000000000, -0.000000000000000000, -0.000000000000000000 ) ) ;
#5700 = EDGE_LOOP ( 'NONE', ( #996, #4396, #7749, #4353 ) ) ;
#5701 = PRESENTATION_STYLE_ASSIGNMENT (( #3820 ) ) ;
#5702 = VECTOR ( 'NONE', #6652, 1000.000000000000000 ) ;
#5703 = LINE ( 'NONE', #5924, #2369 ) ;
#5704 = LINE ( 'NONE', #8849, #2583 ) ;
#5705 = DIRECTION ( 'NONE',  ( -1.084202172485501673E-15, 0.000000000000000000, -1.000000000000000000 ) ) ;
#5706 = DIRECTION ( 'NONE',  ( 0.7071067811865516806, -0.000000000000000000, -0.7071067811865434649 ) ) ;
#5707 = ORIENTED_EDGE ( 'NONE', *, *, #7188, .T. ) ;
#5708 = CARTESIAN_POINT ( 'NONE',  ( -1.500000000000000000, 0.1999999999999999833, 1.350000000000000533 ) ) ;
#5709 = LINE ( 'NONE', #1275, #5824 ) ;
#5710 = SURFACE_STYLE_FILL_AREA ( #1181 ) ;
#5711 = CARTESIAN_POINT ( 'NONE',  ( 0.3500000000000009215, 0.6472135954999580498, 1.600000000000000311 ) ) ;
#5712 = ORIENTED_EDGE ( 'NONE', *, *, #6956, .T. ) ;
#5713 = CARTESIAN_POINT ( 'NONE',  ( -1.500000000000000000, 0.6472135954999583829, 0.8500000000000005329 ) ) ;
#5714 = ORIENTED_EDGE ( 'NONE', *, *, #2509, .T. ) ;
#5715 = CARTESIAN_POINT ( 'NONE',  ( -0.6499999999999991340, 0.2000000000000000111, 1.600000000000000311 ) ) ;
#5716 = AXIS2_PLACEMENT_3D ( 'NONE', #5784, #3449, #8174 ) ;
#5717 = LINE ( 'NONE', #1092, #8918 ) ;
#5718 = DIRECTION ( 'NONE',  ( 0.000000000000000000, 0.000000000000000000, 1.000000000000000000 ) ) ;
#5719 = PRESENTATION_STYLE_ASSIGNMENT (( #503 ) ) ;
#5720 = LINE ( 'NONE', #5348, #8775 ) ;
#5721 = CARTESIAN_POINT ( 'NONE',  ( -1.099999999999999867, 0.1999999999999999833, 2.000000000000000000 ) ) ;
#5722 = FACE_OUTER_BOUND ( 'NONE', #4895, .T. ) ;
#5723 = ORIENTED_EDGE ( 'NONE', *, *, #9405, .F. ) ;
#5724 = VECTOR ( 'NONE', #2576, 1000.000000000000000 ) ;
#5725 = LINE ( 'NONE', #5711, #8969 ) ;
#5726 = AXIS2_PLACEMENT_3D ( 'NONE', #7663, #7883, #9410 ) ;
#5727 = EDGE_CURVE ( 'NONE', #5006, #3081, #3914, .T. ) ;
#5728 = CARTESIAN_POINT ( 'NONE',  ( -1.099999999999999867, 0.6472135954999583829, -1.349999999999999867 ) ) ;
#5729 = DIRECTION ( 'NONE',  ( 0.000000000000000000, -0.000000000000000000, 1.000000000000000000 ) ) ;
#5730 = DIRECTION ( 'NONE',  ( -1.000000000000000000, 0.000000000000000000, -5.421010862427523156E-16 ) ) ;
#5731 = ORIENTED_EDGE ( 'NONE', *, *, #3409, .T. ) ;
#5732 = ADVANCED_FACE ( 'NONE', ( #4195 ), #2773, .T. ) ;
#5733 = ORIENTED_EDGE ( 'NONE', *, *, #2919, .F. ) ;
#5734 = CARTESIAN_POINT ( 'NONE',  ( 1.099999999999999867, 0.6472135954999583829, -0.6499999999999998002 ) ) ;
#5735 = DIRECTION ( 'NONE',  ( 0.000000000000000000, -1.000000000000000000, 0.000000000000000000 ) ) ;
#5736 = LINE ( 'NONE', #255, #8642 ) ;
#5737 = DIRECTION ( 'NONE',  ( -0.000000000000000000, -1.000000000000000000, -0.000000000000000000 ) ) ;
#5738 = DIRECTION ( 'NONE',  ( -1.000000000000000000, 0.000000000000000000, 0.000000000000000000 ) ) ;
#5739 = AXIS2_PLACEMENT_3D ( 'NONE', #3316, #4032, #4863 ) ;
#5740 = COLOUR_RGB ( '',0.7921568627450980005, 0.8196078431372548767, 0.9333333333333333481 ) ;
#5741 =( LENGTH_UNIT ( ) NAMED_UNIT ( * ) SI_UNIT ( .MILLI., .METRE. ) );
#5742 = FACE_OUTER_BOUND ( 'NONE', #7257, .T. ) ;
#5743 = ORIENTED_EDGE ( 'NONE', *, *, #592, .F. ) ;
#5744 = PLANE ( 'NONE',  #6271 ) ;
#5745 = CARTESIAN_POINT ( 'NONE',  ( -1.100000000000000311, 0.1999999999999999833, -1.732294901687515321 ) ) ;
#5746 = FILL_AREA_STYLE_COLOUR ( '', #8132 ) ;
#5747 = EDGE_CURVE ( 'NONE', #2980, #3501, #4054, .T. ) ;
#5748 = ADVANCED_FACE ( 'NONE', ( #7216 ), #8689, .T. ) ;
#5749 = MECHANICAL_DESIGN_GEOMETRIC_PRESENTATION_REPRESENTATION (  '', ( #4077 ), #8196 ) ;
#5750 = DIRECTION ( 'NONE',  ( 0.000000000000000000, -1.000000000000000000, 0.000000000000000000 ) ) ;
#5751 = EDGE_CURVE ( 'NONE', #1507, #7013, #7329, .T. ) ;
#5752 = ORIENTED_EDGE ( 'NONE', *, *, #4753, .T. ) ;
#5753 = DIRECTION ( 'NONE',  ( -1.000000000000000000, 0.000000000000000000, -5.421010862427520198E-16 ) ) ;
#5754 = EDGE_CURVE ( 'NONE', #2977, #5269, #784, .T. ) ;
#5755 = CARTESIAN_POINT ( 'NONE',  ( 1.500000000000000000, 0.6472135954999583829, 0.3500000000000004774 ) ) ;
#5756 = LINE ( 'NONE', #8192, #8963 ) ;
#5757 = DIRECTION ( 'NONE',  ( -1.000000000000000000, 0.000000000000000000, -5.421010862427520198E-16 ) ) ;
#5758 = FILL_AREA_STYLE ('',( #2285 ) ) ;
#5759 = EDGE_CURVE ( 'NONE', #4663, #6638, #3934, .T. ) ;
#5760 = LINE ( 'NONE', #3239, #5945 ) ;
#5761 = FACE_OUTER_BOUND ( 'NONE', #6519, .T. ) ;
#5762 = CARTESIAN_POINT ( 'NONE',  ( -1.500000000000000222, 0.1999999999999996503, -1.600000000000000311 ) ) ;
#5763 = CARTESIAN_POINT ( 'NONE',  ( 0.000000000000000000, 0.2000000000000000111, 0.000000000000000000 ) ) ;
#5764 = EDGE_CURVE ( 'NONE', #3593, #792, #7404, .T. ) ;
#5765 = AXIS2_PLACEMENT_3D ( 'NONE', #339, #6429, #7633 ) ;
#5766 = PLANE ( 'NONE',  #1077 ) ;
#5767 = ORIENTED_EDGE ( 'NONE', *, *, #816, .F. ) ;
#5768 = EDGE_CURVE ( 'NONE', #3357, #9496, #715, .T. ) ;
#5769 = EDGE_CURVE ( 'NONE', #5240, #1507, #839, .T. ) ;
#5770 = FACE_OUTER_BOUND ( 'NONE', #1213, .T. ) ;
#5771 = VECTOR ( 'NONE', #8484, 1000.000000000000000 ) ;
#5772 = DIRECTION ( 'NONE',  ( -1.084202172485501673E-15, -0.000000000000000000, 1.000000000000000000 ) ) ;
#5773 = CARTESIAN_POINT ( 'NONE',  ( -1.499999999999999778, 0.1999999999999999833, 0.1499999999999999667 ) ) ;
#5774 = DIRECTION ( 'NONE',  ( 0.000000000000000000, -0.000000000000000000, 1.000000000000000000 ) ) ;
#5775 = VECTOR ( 'NONE', #6880, 1000.000000000000000 ) ;
#5776 = AXIS2_PLACEMENT_3D ( 'NONE', #7261, #9500, #2860 ) ;
#5777 = CARTESIAN_POINT ( 'NONE',  ( -0.1499999999999995226, 0.2000000000000000111, -2.000000000000000000 ) ) ;
#5778 = ORIENTED_EDGE ( 'NONE', *, *, #9081, .T. ) ;
#5779 = CARTESIAN_POINT ( 'NONE',  ( 1.500000000000000000, 0.1999999999999999833, -0.1499999999999995226 ) ) ;
#5780 = LINE ( 'NONE', #7755, #5691 ) ;
#5781 = CARTESIAN_POINT ( 'NONE',  ( -1.100000000000000311, 0.1250000000000000000, -1.899999999999999911 ) ) ;
#5782 = AXIS2_PLACEMENT_3D ( 'NONE', #9048, #8451, #3679 ) ;
#5783 = LINE ( 'NONE', #3603, #8977 ) ;
#5784 = CARTESIAN_POINT ( 'NONE',  ( 0.000000000000000000, 0.05000000000000000278, 0.000000000000000000 ) ) ;
#5785 =( LENGTH_UNIT ( ) NAMED_UNIT ( * ) SI_UNIT ( .MILLI., .METRE. ) );
#5786 = VECTOR ( 'NONE', #2629, 1000.000000000000000 ) ;
#5787 = LINE ( 'NONE', #1772, #9031 ) ;
#5788 = CARTESIAN_POINT ( 'NONE',  ( -1.499999999999999778, 0.8000000000000003775, -1.999999999999999556 ) ) ;
#5789 =( LENGTH_UNIT ( ) NAMED_UNIT ( * ) SI_UNIT ( .MILLI., .METRE. ) );
#5790 = CARTESIAN_POINT ( 'NONE',  ( -1.500000000000000222, 0.1999999999999999833, 1.750000000000000000 ) ) ;
#5791 = ADVANCED_FACE ( 'NONE', ( #4073 ), #5744, .T. ) ;
#5792 = ORIENTED_EDGE ( 'NONE', *, *, #4736, .F. ) ;
#5793 = CARTESIAN_POINT ( 'NONE',  ( -0.1499999999999995226, 0.04999999999999969746, -2.000000000000000000 ) ) ;
#5794 = LINE ( 'NONE', #1329, #2492 ) ;
#5795 =( NAMED_UNIT ( * ) PLANE_ANGLE_UNIT ( ) SI_UNIT ( $, .RADIAN. ) );
#5796 = FACE_OUTER_BOUND ( 'NONE', #7591, .T. ) ;
#5797 = CARTESIAN_POINT ( 'NONE',  ( 1.399999999999999689, 0.1999999999999999833, 1.750000000000000000 ) ) ;
#5798 = FACE_OUTER_BOUND ( 'NONE', #2420, .T. ) ;
#5799 = CARTESIAN_POINT ( 'NONE',  ( -0.8499999999999990896, 0.2000000000000000111, 2.000000000000000000 ) ) ;
#5800 = DIRECTION ( 'NONE',  ( 5.421010862427520198E-16, 0.000000000000000000, -1.000000000000000000 ) ) ;
#5801 = CARTESIAN_POINT ( 'NONE',  ( 1.500000000000000000, 0.6472135954999583829, -1.149999999999999467 ) ) ;
#5802 = ADVANCED_FACE ( 'NONE', ( #7286 ), #3521, .F. ) ;
#5803 = ORIENTED_EDGE ( 'NONE', *, *, #5308, .T. ) ;
#5804 = CARTESIAN_POINT ( 'NONE',  ( -1.099999999999999867, 0.05000000000000002359, 0.3500000000000002554 ) ) ;
#5805 = DIRECTION ( 'NONE',  ( 1.000000000000000000, 0.000000000000000000, -0.000000000000000000 ) ) ;
#5806 = VECTOR ( 'NONE', #5991, 1000.000000000000000 ) ;
#5807 = CARTESIAN_POINT ( 'NONE',  ( -1.099999999999999867, 0.1999999999999999833, -0.3499999999999998113 ) ) ;
#5808 = LINE ( 'NONE', #698, #9013 ) ;
#5809 = LINE ( 'NONE', #3084, #9088 ) ;
#5810 = VECTOR ( 'NONE', #9029, 1000.000000000000000 ) ;
#5811 = LINE ( 'NONE', #3559, #5876 ) ;
#5812 = SURFACE_SIDE_STYLE ('',( #3145 ) ) ;
#5813 = FACE_OUTER_BOUND ( 'NONE', #6501, .T. ) ;
#5814 = CLOSED_SHELL ( 'NONE', ( #6397, #7123, #9117, #1128, #5135, #4311 ) ) ;
#5815 = FILL_AREA_STYLE ('',( #4316 ) ) ;
#5816 = EDGE_LOOP ( 'NONE', ( #4734, #4880, #7753, #1163 ) ) ;
#5817 = EDGE_CURVE ( 'NONE', #3528, #6268, #4110, .T. ) ;
#5818 = COLOUR_RGB ( '',0.7921568627450980005, 0.8196078431372548767, 0.9333333333333333481 ) ;
#5819 = FACE_OUTER_BOUND ( 'NONE', #4391, .T. ) ;
#5820 = LINE ( 'NONE', #3650, #2443 ) ;
#5821 = LINE ( 'NONE', #1425, #9028 ) ;
#5822 = CARTESIAN_POINT ( 'NONE',  ( -0.8749999999999960032, 0.2000000000000000111, -0.8750000000000062172 ) ) ;
#5823 = CARTESIAN_POINT ( 'NONE',  ( -1.400000000000000133, 0.1999999999999999833, 1.600000000000000089 ) ) ;
#5824 = VECTOR ( 'NONE', #981, 1000.000000000000000 ) ;
#5825 = EDGE_LOOP ( 'NONE', ( #4776, #5635, #2400, #4462 ) ) ;
#5826 = SURFACE_STYLE_USAGE ( .BOTH. , #5894 ) ;
#5827 = AXIS2_PLACEMENT_3D ( 'NONE', #6224, #1091, #3890 ) ;
#5828 = CARTESIAN_POINT ( 'NONE',  ( 0.000000000000000000, 0.2000000000000000111, 0.000000000000000000 ) ) ;
#5829 = DIRECTION ( 'NONE',  ( 1.000000000000000000, 0.000000000000000000, 2.891205793294678326E-16 ) ) ;
#5830 = ORIENTED_EDGE ( 'NONE', *, *, #8420, .T. ) ;
#5831 = UNCERTAINTY_MEASURE_WITH_UNIT (LENGTH_MEASURE( 1.000000000000000082E-05 ), #8473, 'distance_accuracy_value', 'NONE');
#5832 = DIRECTION ( 'NONE',  ( 0.000000000000000000, -0.000000000000000000, 1.000000000000000000 ) ) ;
#5833 =( GEOMETRIC_REPRESENTATION_CONTEXT ( 3 ) GLOBAL_UNCERTAINTY_ASSIGNED_CONTEXT ( ( #3216 ) ) GLOBAL_UNIT_ASSIGNED_CONTEXT ( ( #3279, #3996, #1127 ) ) REPRESENTATION_CONTEXT ( 'NONE', 'WORKASPACE' ) );
#5834 = LINE ( 'NONE', #6629, #8910 ) ;
#5835 = EDGE_CURVE ( 'NONE', #1421, #895, #4036, .T. ) ;
#5836 = DIRECTION ( 'NONE',  ( 1.000000000000000000, 0.000000000000000000, 0.000000000000000000 ) ) ;
#5837 = CARTESIAN_POINT ( 'NONE',  ( -1.099999999999999867, 0.6472135954999583829, 0.1500000000000001887 ) ) ;
#5838 = LINE ( 'NONE', #4236, #2550 ) ;
#5839 = DIRECTION ( 'NONE',  ( -1.000000000000000000, 0.000000000000000000, -5.421010862427523156E-16 ) ) ;
#5840 = LINE ( 'NONE', #5068, #5921 ) ;
#5841 =( NAMED_UNIT ( * ) SI_UNIT ( $, .STERADIAN. ) SOLID_ANGLE_UNIT ( ) );
#5842 = LINE ( 'NONE', #711, #5855 ) ;
#5843 = PRESENTATION_STYLE_ASSIGNMENT (( #3952 ) ) ;
#5844 = PLANE ( 'NONE',  #9065 ) ;
#5845 = VERTEX_POINT ( 'NONE', #8069 ) ;
#5846 = DIRECTION ( 'NONE',  ( 0.000000000000000000, 0.000000000000000000, 1.000000000000000000 ) ) ;
#5847 = EDGE_LOOP ( 'NONE', ( #776, #4350, #4589, #4818 ) ) ;
#5848 = DIRECTION ( 'NONE',  ( 0.000000000000000000, 1.000000000000000000, 0.000000000000000000 ) ) ;
#5849 = CARTESIAN_POINT ( 'NONE',  ( 1.499999999999999778, 0.05000000000000000278, -2.000000000000000000 ) ) ;
#5850 = CARTESIAN_POINT ( 'NONE',  ( -1.099999999999999867, 0.6472135954999583829, 0.1500000000000001887 ) ) ;
#5851 = EDGE_CURVE ( 'NONE', #7748, #3550, #4217, .T. ) ;
#5852 = AXIS2_PLACEMENT_3D ( 'NONE', #9354, #490, #1310 ) ;
#5853 = LINE ( 'NONE', #3020, #2494 ) ;
#5854 = VECTOR ( 'NONE', #6034, 1000.000000000000000 ) ;
#5855 = VECTOR ( 'NONE', #4493, 1000.000000000000000 ) ;
#5856 = CARTESIAN_POINT ( 'NONE',  ( -0.1499999999999989952, 0.2000000000000000111, 2.000000000000000000 ) ) ;
#5857 = EDGE_CURVE ( 'NONE', #7788, #671, #7236, .T. ) ;
#5858 = DIRECTION ( 'NONE',  ( -0.000000000000000000, -1.000000000000000000, -0.000000000000000000 ) ) ;
#5859 = VECTOR ( 'NONE', #1259, 1000.000000000000000 ) ;
#5860 = CARTESIAN_POINT ( 'NONE',  ( 1.099999999999999423, 0.1250000000000011935, -1.899999999999999911 ) ) ;
#5861 = ORIENTED_EDGE ( 'NONE', *, *, #178, .F. ) ;
#5862 = SURFACE_SIDE_STYLE ('',( #2577 ) ) ;
#5863 = EDGE_CURVE ( 'NONE', #7420, #5545, #859, .T. ) ;
#5864 = DIRECTION ( 'NONE',  ( 0.000000000000000000, -1.000000000000000000, 0.000000000000000000 ) ) ;
#5865 = EDGE_CURVE ( 'NONE', #5204, #2917, #4241, .T. ) ;
#5866 = EDGE_CURVE ( 'NONE', #723, #7973, #695, .T. ) ;
#5867 = ADVANCED_FACE ( 'NONE', ( #878 ), #8189, .T. ) ;
#5868 = ORIENTED_EDGE ( 'NONE', *, *, #1367, .T. ) ;
#5869 = AXIS2_PLACEMENT_3D ( 'NONE', #5199, #7368, #8183 ) ;
#5870 = SURFACE_SIDE_STYLE ('',( #844 ) ) ;
#5871 = VECTOR ( 'NONE', #5215, 1000.000000000000000 ) ;
#5872 = PLANE ( 'NONE',  #1779 ) ;
#5873 = LINE ( 'NONE', #8869, #9086 ) ;
#5874 = COLOUR_RGB ( '',0.7921568627450980005, 0.8196078431372548767, 0.9333333333333333481 ) ;
#5875 = ADVANCED_FACE ( 'NONE', ( #3955 ), #6681, .T. ) ;
#5876 = VECTOR ( 'NONE', #9571, 1000.000000000000000 ) ;
#5877 = ORIENTED_EDGE ( 'NONE', *, *, #6469, .F. ) ;
#5878 = EDGE_CURVE ( 'NONE', #9305, #7043, #771, .T. ) ;
#5879 = ORIENTED_EDGE ( 'NONE', *, *, #5769, .F. ) ;
#5880 = ADVANCED_FACE ( 'NONE', ( #4127 ), #4026, .T. ) ;
#5881 = EDGE_CURVE ( 'NONE', #8122, #4637, #7441, .T. ) ;
#5882 = CARTESIAN_POINT ( 'NONE',  ( 0.3500000000000009215, 0.000000000000000000, 1.600000000000000311 ) ) ;
#5883 = VERTEX_POINT ( 'NONE', #6855 ) ;
#5884 = UNCERTAINTY_MEASURE_WITH_UNIT (LENGTH_MEASURE( 1.000000000000000082E-05 ), #5124, 'distance_accuracy_value', 'NONE');
#5885 = AXIS2_PLACEMENT_3D ( 'NONE', #5425, #2447, #8225 ) ;
#5886 = COLOUR_RGB ( '',0.7921568627450980005, 0.8196078431372548767, 0.9333333333333333481 ) ;
#5887 = LINE ( 'NONE', #5907, #2597 ) ;
#5888 = CARTESIAN_POINT ( 'NONE',  ( 1.249999999999999778, 0.1250000000000013600, 2.000000000000000000 ) ) ;
#5889 = CARTESIAN_POINT ( 'NONE',  ( -0.3499999999999996447, 0.05000000000000000278, 9.486769009248155169E-17 ) ) ;
#5890 = CARTESIAN_POINT ( 'NONE',  ( -1.250000000000000222, 0.1999999999999999833, -1.732294901687515321 ) ) ;
#5891 = LINE ( 'NONE', #3217, #5724 ) ;
#5892 = ORIENTED_EDGE ( 'NONE', *, *, #7846, .T. ) ;
#5893 = ORIENTED_EDGE ( 'NONE', *, *, #549, .T. ) ;
#5894 = SURFACE_SIDE_STYLE ('',( #4385 ) ) ;
#5895 = ADVANCED_FACE ( 'NONE', ( #3977 ), #8307, .T. ) ;
#5896 = AXIS2_PLACEMENT_3D ( 'NONE', #2395, #4647, #5379 ) ;
#5897 = CARTESIAN_POINT ( 'NONE',  ( -1.500000000000000000, 0.1999999999999999833, 0.8500000000000005329 ) ) ;
#5898 = PLANE ( 'NONE',  #2181 ) ;
#5899 = VERTEX_POINT ( 'NONE', #9022 ) ;
#5900 = VECTOR ( 'NONE', #7606, 1000.000000000000000 ) ;
#5901 = DIRECTION ( 'NONE',  ( 0.000000000000000000, -0.000000000000000000, 1.000000000000000000 ) ) ;
#5902 = VECTOR ( 'NONE', #8479, 1000.000000000000000 ) ;
#5903 = DIRECTION ( 'NONE',  ( -0.000000000000000000, 1.000000000000000000, -0.000000000000000000 ) ) ;
#5904 = LINE ( 'NONE', #6053, #9174 ) ;
#5905 = FACE_OUTER_BOUND ( 'NONE', #2108, .T. ) ;
#5906 = LINE ( 'NONE', #6275, #8915 ) ;
#5907 = CARTESIAN_POINT ( 'NONE',  ( -1.099999999999999867, 0.6472135954999583829, -0.3499999999999998113 ) ) ;
#5908 = ORIENTED_EDGE ( 'NONE', *, *, #5918, .T. ) ;
#5909 = EDGE_LOOP ( 'NONE', ( #5570, #8410, #8495, #8552 ) ) ;
#5910 = CARTESIAN_POINT ( 'NONE',  ( -1.099999999999999867, 0.05000000000000002359, -0.6499999999999998002 ) ) ;
#5911 = CARTESIAN_POINT ( 'NONE',  ( 0.8500000000000009770, 0.1999999999999999833, 1.600000000000000311 ) ) ;
#5912 = ORIENTED_EDGE ( 'NONE', *, *, #8971, .F. ) ;
#5913 = DIRECTION ( 'NONE',  ( 0.000000000000000000, 0.000000000000000000, -1.000000000000000000 ) ) ;
#5914 = CARTESIAN_POINT ( 'NONE',  ( 0.6500000000000003553, 0.6472135954999580498, -1.600000000000000089 ) ) ;
#5915 = EDGE_CURVE ( 'NONE', #6660, #559, #4146, .T. ) ;
#5916 = DIRECTION ( 'NONE',  ( -1.000000000000000000, 0.000000000000000000, 5.421010862427520198E-16 ) ) ;
#5917 = DIRECTION ( 'NONE',  ( 0.000000000000000000, 0.000000000000000000, -1.000000000000000000 ) ) ;
#5918 = EDGE_CURVE ( 'NONE', #7813, #6114, #1284, .T. ) ;
#5919 = VECTOR ( 'NONE', #5705, 1000.000000000000000 ) ;
#5920 = DIRECTION ( 'NONE',  ( 0.000000000000000000, -1.000000000000000000, 0.000000000000000000 ) ) ;
#5921 = VECTOR ( 'NONE', #5137, 1000.000000000000000 ) ;
#5922 = PRESENTATION_STYLE_ASSIGNMENT (( #6937 ) ) ;
#5923 = CARTESIAN_POINT ( 'NONE',  ( -1.500000000000000444, 0.05000000000000000278, 2.000000000000000000 ) ) ;
#5924 = CARTESIAN_POINT ( 'NONE',  ( -1.099999999999999867, 0.1999999999999999833, 0.3500000000000002554 ) ) ;
#5925 = ORIENTED_EDGE ( 'NONE', *, *, #3950, .T. ) ;
#5926 = DIRECTION ( 'NONE',  ( -1.000000000000000000, 0.000000000000000000, -5.421010862427520198E-16 ) ) ;
#5927 = ORIENTED_EDGE ( 'NONE', *, *, #5514, .F. ) ;
#5928 = CARTESIAN_POINT ( 'NONE',  ( 0.000000000000000000, 0.000000000000000000, 2.000000000000000000 ) ) ;
#5929 = EDGE_LOOP ( 'NONE', ( #2308, #9564, #5936, #6220 ) ) ;
#5930 = EDGE_CURVE ( 'NONE', #273, #8126, #1186, .T. ) ;
#5931 = DIRECTION ( 'NONE',  ( -0.000000000000000000, -1.000000000000000000, -0.000000000000000000 ) ) ;
#5932 = CARTESIAN_POINT ( 'NONE',  ( -0.6499999999999995781, 0.1999999999999999833, -1.600000000000000311 ) ) ;
#5933 = CARTESIAN_POINT ( 'NONE',  ( -1.734723475976807489E-15, 0.05000000000000000278, 1.600000000000000977 ) ) ;
#5934 = LINE ( 'NONE', #6656, #9130 ) ;
#5935 = LINE ( 'NONE', #8376, #8938 ) ;
#5936 = ORIENTED_EDGE ( 'NONE', *, *, #1997, .T. ) ;
#5937 = VERTEX_POINT ( 'NONE', #3196 ) ;
#5938 =( LENGTH_UNIT ( ) NAMED_UNIT ( * ) SI_UNIT ( .MILLI., .METRE. ) );
#5939 = ADVANCED_FACE ( 'NONE', ( #1075 ), #1167, .T. ) ;
#5940 = ORIENTED_EDGE ( 'NONE', *, *, #6308, .T. ) ;
#5941 = DIRECTION ( 'NONE',  ( 0.000000000000000000, -1.000000000000000000, 0.000000000000000000 ) ) ;
#5942 = AXIS2_PLACEMENT_3D ( 'NONE', #8051, #3384, #9214 ) ;
#5943 = VECTOR ( 'NONE', #5772, 1000.000000000000000 ) ;
#5944 = LINE ( 'NONE', #2953, #9158 ) ;
#5945 = VECTOR ( 'NONE', #855, 1000.000000000000000 ) ;
#5946 = CARTESIAN_POINT ( 'NONE',  ( 1.499999999999999778, 6.599999999999999645, -2.000000000000000000 ) ) ;
#5947 = CARTESIAN_POINT ( 'NONE',  ( 1.099999999999999867, 0.6472135954999583829, 0.8500000000000003109 ) ) ;
#5948 = ADVANCED_FACE ( 'NONE', ( #1452 ), #9080, .T. ) ;
#5949 = CARTESIAN_POINT ( 'NONE',  ( 0.7500000000000000000, 0.2000000000000000944, -1.300000000000000266 ) ) ;
#5950 = FACE_OUTER_BOUND ( 'NONE', #4118, .T. ) ;
#5951 = UNCERTAINTY_MEASURE_WITH_UNIT (LENGTH_MEASURE( 1.000000000000000082E-05 ), #5789, 'distance_accuracy_value', 'NONE');
#5952 = EDGE_LOOP ( 'NONE', ( #3222, #8670 ) ) ;
#5953 = EDGE_CURVE ( 'NONE', #335, #2418, #1152, .T. ) ;
#5954 = ORIENTED_EDGE ( 'NONE', *, *, #701, .F. ) ;
#5955 = DIRECTION ( 'NONE',  ( -1.000000000000000000, 0.000000000000000000, -5.421010862427523156E-16 ) ) ;
#5956 = STYLED_ITEM ( 'NONE', ( #4041 ), #3573 ) ;
#5957 = EDGE_CURVE ( 'NONE', #4161, #1197, #7670, .T. ) ;
#5958 = CARTESIAN_POINT ( 'NONE',  ( -1.099999999999999867, 0.05000000000000002359, -0.3499999999999998113 ) ) ;
#5959 = CARTESIAN_POINT ( 'NONE',  ( 0.000000000000000000, 0.000000000000000000, -2.000000000000000000 ) ) ;
#5960 = ORIENTED_EDGE ( 'NONE', *, *, #1932, .T. ) ;
#5961 = DIRECTION ( 'NONE',  ( 2.710505431213761578E-16, 0.000000000000000000, 1.000000000000000000 ) ) ;
#5962 = EDGE_CURVE ( 'NONE', #957, #9451, #7685, .T. ) ;
#5963 = VECTOR ( 'NONE', #1514, 1000.000000000000000 ) ;
#5964 = DIRECTION ( 'NONE',  ( -1.000000000000000000, 0.000000000000000000, -0.000000000000000000 ) ) ;
#5965 = LINE ( 'NONE', #644, #9434 ) ;
#5966 = PLANE ( 'NONE',  #9398 ) ;
#5967 = CARTESIAN_POINT ( 'NONE',  ( 1.249999999999998890, 0.2000000000000013434, -1.899999999999999911 ) ) ;
#5968 = VERTEX_POINT ( 'NONE', #1020 ) ;
#5969 = VERTEX_POINT ( 'NONE', #8536 ) ;
#5970 = CARTESIAN_POINT ( 'NONE',  ( -1.500000000000000000, 0.6472135954999583829, 0.3500000000000004774 ) ) ;
#5971 = ADVANCED_FACE ( 'NONE', ( #7573 ), #6912, .T. ) ;
#5972 = MANIFOLD_SOLID_BREP ( 'LPattern4[1]', #6814 ) ;
#5973 = DIRECTION ( 'NONE',  ( -1.084202172485501673E-15, 0.000000000000000000, 1.000000000000000000 ) ) ;
#5974 = EDGE_CURVE ( 'NONE', #4896, #4176, #4639, .T. ) ;
#5975 = MECHANICAL_DESIGN_GEOMETRIC_PRESENTATION_REPRESENTATION (  '', ( #3970 ), #3834 ) ;
#5976 = DIRECTION ( 'NONE',  ( 0.000000000000000000, -1.000000000000000000, 0.000000000000000000 ) ) ;
#5977 = EDGE_LOOP ( 'NONE', ( #2738, #8180, #5205, #8686 ) ) ;
#5978 = PLANE ( 'NONE',  #1287 ) ;
#5979 = EDGE_CURVE ( 'NONE', #1528, #7536, #4515, .T. ) ;
#5980 = DIRECTION ( 'NONE',  ( 0.000000000000000000, -1.000000000000000000, 0.000000000000000000 ) ) ;
#5981 = EDGE_CURVE ( 'NONE', #6583, #5006, #7721, .T. ) ;
#5982 = VECTOR ( 'NONE', #6985, 1000.000000000000000 ) ;
#5983 = EDGE_CURVE ( 'NONE', #3278, #3528, #7815, .T. ) ;
#5984 = SURFACE_STYLE_FILL_AREA ( #9480 ) ;
#5985 = DIRECTION ( 'NONE',  ( -0.000000000000000000, 0.000000000000000000, -1.000000000000000000 ) ) ;
#5986 = LINE ( 'NONE', #8890, #2715 ) ;
#5987 = EDGE_CURVE ( 'NONE', #9218, #2533, #7634, .T. ) ;
#5988 = COLOUR_RGB ( '',1.000000000000000000, 0.5019607843137254832, 0.5019607843137254832 ) ;
#5989 = DIRECTION ( 'NONE',  ( 1.000000000000000000, -0.000000000000000000, 5.421010862427520198E-16 ) ) ;
#5990 = ORIENTED_EDGE ( 'NONE', *, *, #1090, .T. ) ;
#5991 = DIRECTION ( 'NONE',  ( 1.000000000000000000, -0.000000000000000000, -1.084202172485504040E-15 ) ) ;
#5992 = AXIS2_PLACEMENT_3D ( 'NONE', #9172, #6261, #8623 ) ;
#5993 = EDGE_LOOP ( 'NONE', ( #7928, #7660, #8021, #5494 ) ) ;
#5994 = CARTESIAN_POINT ( 'NONE',  ( -0.6499999999999995781, 0.2000000000000000111, -2.000000000000000000 ) ) ;
#5995 = VERTEX_POINT ( 'NONE', #1241 ) ;
#5996 = DIRECTION ( 'NONE',  ( 0.000000000000000000, -1.000000000000000000, 0.000000000000000000 ) ) ;
#5997 = CARTESIAN_POINT ( 'NONE',  ( -1.500000000000000444, 0.05000000000000000278, 2.000000000000000000 ) ) ;
#5998 = CARTESIAN_POINT ( 'NONE',  ( -1.099999999999999867, 0.000000000000000000, 1.150000000000000133 ) ) ;
#5999 = STYLED_ITEM ( 'NONE', ( #5719 ), #9321 ) ;
#6000 = VECTOR ( 'NONE', #7376, 1000.000000000000000 ) ;
#6001 = VECTOR ( 'NONE', #4318, 1000.000000000000000 ) ;
#6002 = EDGE_CURVE ( 'NONE', #8594, #5433, #7483, .T. ) ;
#6003 = SURFACE_STYLE_FILL_AREA ( #5136 ) ;
#6004 = DIRECTION ( 'NONE',  ( 1.000000000000000000, 0.000000000000000000, -0.000000000000000000 ) ) ;
#6005 = VERTEX_POINT ( 'NONE', #3480 ) ;
#6006 = UNCERTAINTY_MEASURE_WITH_UNIT (LENGTH_MEASURE( 1.000000000000000082E-05 ), #3738, 'distance_accuracy_value', 'NONE');
#6007 = ORIENTED_EDGE ( 'NONE', *, *, #6390, .T. ) ;
#6008 = PRESENTATION_LAYER_ASSIGNMENT (  '', '', ( #4997 ) ) ;
#6009 = DIRECTION ( 'NONE',  ( 0.000000000000000000, 1.000000000000000000, 0.000000000000000000 ) ) ;
#6010 = ORIENTED_EDGE ( 'NONE', *, *, #159, .T. ) ;
#6011 = DIRECTION ( 'NONE',  ( 0.000000000000000000, 0.000000000000000000, -1.000000000000000000 ) ) ;
#6012 = CARTESIAN_POINT ( 'NONE',  ( -1.400000000000000133, 0.1999999999999999833, -1.750000000000000000 ) ) ;
#6013 = VECTOR ( 'NONE', #8171, 1000.000000000000000 ) ;
#6014 = LINE ( 'NONE', #676, #9132 ) ;
#6015 = COLOUR_RGB ( '',1.000000000000000000, 0.5019607843137254832, 0.5019607843137254832 ) ;
#6016 = AXIS2_PLACEMENT_3D ( 'NONE', #1856, #6141, #1200 ) ;
#6017 = PLANE ( 'NONE',  #3010 ) ;
#6018 = LINE ( 'NONE', #1809, #2834 ) ;
#6019 = ORIENTED_EDGE ( 'NONE', *, *, #1966, .T. ) ;
#6020 = ORIENTED_EDGE ( 'NONE', *, *, #5769, .T. ) ;
#6021 = DIRECTION ( 'NONE',  ( -1.000000000000000000, 0.000000000000000000, -0.000000000000000000 ) ) ;
#6022 = CARTESIAN_POINT ( 'NONE',  ( 0.3500000000000004774, 0.1999999999999999833, -1.600000000000000311 ) ) ;
#6023 = FILL_AREA_STYLE_COLOUR ( '', #9185 ) ;
#6024 = FILL_AREA_STYLE ('',( #3613 ) ) ;
#6025 = ADVANCED_FACE ( 'NONE', ( #1332 ), #2045, .F. ) ;
#6026 = ORIENTED_EDGE ( 'NONE', *, *, #6299, .F. ) ;
#6027 = CARTESIAN_POINT ( 'NONE',  ( -0.8499999999999992006, 0.1999999999999999833, 1.600000000000000089 ) ) ;
#6028 = CARTESIAN_POINT ( 'NONE',  ( 1.499999999999999778, 0.04999999999999969746, -1.350000000000000089 ) ) ;
#6029 = LINE ( 'NONE', #4512, #2989 ) ;
#6030 = LINE ( 'NONE', #6227, #9572 ) ;
#6031 = ADVANCED_FACE ( 'NONE', ( #1434 ), #2732, .F. ) ;
#6032 = CARTESIAN_POINT ( 'NONE',  ( 1.499999999999999778, 0.2000000000000005107, 1.750000000000000000 ) ) ;
#6033 = LINE ( 'NONE', #4636, #2848 ) ;
#6034 = DIRECTION ( 'NONE',  ( -1.000000000000000000, 0.000000000000000000, 1.084202172485504040E-15 ) ) ;
#6035 = ORIENTED_EDGE ( 'NONE', *, *, #8971, .T. ) ;
#6036 = ORIENTED_EDGE ( 'NONE', *, *, #9170, .F. ) ;
#6037 = DIRECTION ( 'NONE',  ( 0.000000000000000000, -1.000000000000000000, 0.000000000000000000 ) ) ;
#6038 = EDGE_CURVE ( 'NONE', #4501, #5384, #7520, .T. ) ;
#6039 = CARTESIAN_POINT ( 'NONE',  ( 0.000000000000000000, 0.000000000000000000, 1.899999999999999911 ) ) ;
#6040 = ORIENTED_EDGE ( 'NONE', *, *, #6819, .T. ) ;
#6041 = DIRECTION ( 'NONE',  ( 0.000000000000000000, 0.000000000000000000, -1.000000000000000000 ) ) ;
#6042 = EDGE_CURVE ( 'NONE', #6545, #329, #1246, .T. ) ;
#6043 = CARTESIAN_POINT ( 'NONE',  ( 0.1500000000000008271, 0.000000000000000000, 1.600000000000000089 ) ) ;
#6044 = FILL_AREA_STYLE ('',( #6679 ) ) ;
#6045 = FACE_BOUND ( 'NONE', #8864, .T. ) ;
#6046 = SURFACE_STYLE_USAGE ( .BOTH. , #2338 ) ;
#6047 = VERTEX_POINT ( 'NONE', #5697 ) ;
#6048 = DIRECTION ( 'NONE',  ( 0.000000000000000000, -0.000000000000000000, 1.000000000000000000 ) ) ;
#6049 =( LENGTH_UNIT ( ) NAMED_UNIT ( * ) SI_UNIT ( .MILLI., .METRE. ) );
#6050 = VERTEX_POINT ( 'NONE', #6701 ) ;
#6051 = CARTESIAN_POINT ( 'NONE',  ( 0.8500000000000010880, 0.000000000000000000, 2.000000000000000000 ) ) ;
#6052 = EDGE_LOOP ( 'NONE', ( #1161, #1361, #7508, #7240 ) ) ;
#6053 = CARTESIAN_POINT ( 'NONE',  ( 0.3500000000000010325, 0.6472135954999580498, 2.000000000000000000 ) ) ;
#6054 = CARTESIAN_POINT ( 'NONE',  ( 1.232294901687515543, 0.1999999999999999833, -1.750000000000000000 ) ) ;
#6055 = AXIS2_PLACEMENT_3D ( 'NONE', #6198, #8504, #6074 ) ;
#6056 = PLANE ( 'NONE',  #6756 ) ;
#6057 = LINE ( 'NONE', #9565, #3090 ) ;
#6058 = PRESENTATION_STYLE_ASSIGNMENT (( #2825 ) ) ;
#6059 = VECTOR ( 'NONE', #8093, 1000.000000000000000 ) ;
#6060 = LINE ( 'NONE', #6783, #9240 ) ;
#6061 = DIRECTION ( 'NONE',  ( 1.000000000000000000, -0.000000000000000000, -0.000000000000000000 ) ) ;
#6062 = ORIENTED_EDGE ( 'NONE', *, *, #8004, .F. ) ;
#6063 = VERTEX_POINT ( 'NONE', #8980 ) ;
#6064 = CARTESIAN_POINT ( 'NONE',  ( 1.249999999999999334, 0.2000000000000013434, 1.899999999999999911 ) ) ;
#6065 = AXIS2_PLACEMENT_3D ( 'NONE', #945, #6857, #8426 ) ;
#6066 = DIRECTION ( 'NONE',  ( 0.000000000000000000, -0.000000000000000000, 1.000000000000000000 ) ) ;
#6067 = EDGE_LOOP ( 'NONE', ( #8540, #3034, #5925, #2445 ) ) ;
#6068 = CARTESIAN_POINT ( 'NONE',  ( 1.399999999999999689, 0.1999999999999999833, 1.600000000000000089 ) ) ;
#6069 = UNCERTAINTY_MEASURE_WITH_UNIT (LENGTH_MEASURE( 1.000000000000000082E-05 ), #8045, 'distance_accuracy_value', 'NONE');
#6070 = CARTESIAN_POINT ( 'NONE',  ( -1.500000000000000000, 0.000000000000000000, -1.149999999999999467 ) ) ;
#6071 = EDGE_CURVE ( 'NONE', #7112, #6545, #4621, .T. ) ;
#6072 = PRESENTATION_LAYER_ASSIGNMENT (  '', '', ( #4077 ) ) ;
#6073 = LINE ( 'NONE', #9491, #2914 ) ;
#6074 = DIRECTION ( 'NONE',  ( -1.000000000000000000, 0.000000000000000000, -5.421010862427524019E-17 ) ) ;
#6075 = CARTESIAN_POINT ( 'NONE',  ( -1.099999999999999867, 0.000000000000000000, -1.349999999999999867 ) ) ;
#6076 = LINE ( 'NONE', #3121, #236 ) ;
#6077 = EDGE_CURVE ( 'NONE', #2782, #5662, #4386, .T. ) ;
#6078 = EDGE_LOOP ( 'NONE', ( #2501, #4101, #4679, #3856 ) ) ;
#6079 = EDGE_LOOP ( 'NONE', ( #645, #7690, #1060, #4387 ) ) ;
#6080 = CARTESIAN_POINT ( 'NONE',  ( 1.099999999999999867, 0.1999999999999999833, 0.3500000000000002554 ) ) ;
#6081 = PLANE ( 'NONE',  #2201 ) ;
#6082 = FACE_OUTER_BOUND ( 'NONE', #6485, .T. ) ;
#6083 = DIRECTION ( 'NONE',  ( 0.000000000000000000, -1.000000000000000000, 0.000000000000000000 ) ) ;
#6084 = EDGE_CURVE ( 'NONE', #7580, #2168, #1265, .T. ) ;
#6085 = EDGE_LOOP ( 'NONE', ( #7451, #7926, #4607, #7274 ) ) ;
#6086 = CARTESIAN_POINT ( 'NONE',  ( -0.8499999999999989786, 0.05000000000000000278, 2.000000000000000000 ) ) ;
#6087 = DIRECTION ( 'NONE',  ( -1.000000000000000000, 0.000000000000000000, -5.421010862427523156E-16 ) ) ;
#6088 = DIRECTION ( 'NONE',  ( -1.000000000000000000, 0.000000000000000000, 0.000000000000000000 ) ) ;
#6089 = FACE_OUTER_BOUND ( 'NONE', #6562, .T. ) ;
#6090 = EDGE_CURVE ( 'NONE', #2793, #9259, #4326, .T. ) ;
#6091 = PRESENTATION_LAYER_ASSIGNMENT (  '', '', ( #380 ) ) ;
#6092 = DIRECTION ( 'NONE',  ( 0.000000000000000000, 0.000000000000000000, 1.000000000000000000 ) ) ;
#6093 = CLOSED_SHELL ( 'NONE', ( #625, #4890, #6535, #69, #1931, #8080 ) ) ;
#6094 = ORIENTED_EDGE ( 'NONE', *, *, #3284, .F. ) ;
#6095 = DIRECTION ( 'NONE',  ( -0.000000000000000000, -1.000000000000000000, -0.000000000000000000 ) ) ;
#6096 = CARTESIAN_POINT ( 'NONE',  ( 0.000000000000000000, 0.2000000000000000111, 0.000000000000000000 ) ) ;
#6097 = FACE_OUTER_BOUND ( 'NONE', #9423, .T. ) ;
#6098 = EDGE_CURVE ( 'NONE', #7408, #9153, #4457, .T. ) ;
#6099 = EDGE_CURVE ( 'NONE', #6399, #7909, #4565, .T. ) ;
#6100 = ORIENTED_EDGE ( 'NONE', *, *, #7982, .F. ) ;
#6101 = DIRECTION ( 'NONE',  ( 1.000000000000000000, 0.000000000000000000, 0.000000000000000000 ) ) ;
#6102 = EDGE_CURVE ( 'NONE', #4152, #4789, #7743, .T. ) ;
#6103 = DIRECTION ( 'NONE',  ( 0.000000000000000000, 1.000000000000000000, 0.000000000000000000 ) ) ;
#6104 = AXIS2_PLACEMENT_3D ( 'NONE', #6184, #5526, #3208 ) ;
#6105 = PLANE ( 'NONE',  #7447 ) ;
#6106 = LINE ( 'NONE', #5548, #9444 ) ;
#6107 = PRESENTATION_STYLE_ASSIGNMENT (( #9152 ) ) ;
#6108 = VECTOR ( 'NONE', #5699, 1000.000000000000000 ) ;
#6109 = ADVANCED_FACE ( 'NONE', ( #1352 ), #2789, .F. ) ;
#6110 = DIRECTION ( 'NONE',  ( 1.000000000000000000, -0.000000000000000000, 5.421010862427520198E-16 ) ) ;
#6111 = CARTESIAN_POINT ( 'NONE',  ( 1.249999999999999334, 0.1250000000000013600, -2.000000000000000000 ) ) ;
#6112 = ORIENTED_EDGE ( 'NONE', *, *, #7590, .F. ) ;
#6113 = CARTESIAN_POINT ( 'NONE',  ( -1.400000000000000133, 0.1999999999999999833, -1.600000000000000089 ) ) ;
#6114 = VERTEX_POINT ( 'NONE', #2299 ) ;
#6115 = DIRECTION ( 'NONE',  ( -0.000000000000000000, -1.000000000000000000, -0.000000000000000000 ) ) ;
#6116 = PRESENTATION_LAYER_ASSIGNMENT (  '', '', ( #8446 ) ) ;
#6117 = CIRCLE ( 'NONE', #8413, 0.1499999999999999667 ) ;
#6118 = ORIENTED_EDGE ( 'NONE', *, *, #1585, .F. ) ;
#6119 = EDGE_CURVE ( 'NONE', #3922, #8458, #7830, .T. ) ;
#6120 = CARTESIAN_POINT ( 'NONE',  ( -0.6499999999999991340, 0.000000000000000000, 1.600000000000000311 ) ) ;
#6121 =( NAMED_UNIT ( * ) SI_UNIT ( $, .STERADIAN. ) SOLID_ANGLE_UNIT ( ) );
#6122 = DIRECTION ( 'NONE',  ( -2.710505431213761578E-16, 0.000000000000000000, -1.000000000000000000 ) ) ;
#6123 = CARTESIAN_POINT ( 'NONE',  ( 1.232294901687515543, 0.1250000000000000000, -1.750000000000000000 ) ) ;
#6124 = PLANE ( 'NONE',  #1977 ) ;
#6125 = UNCERTAINTY_MEASURE_WITH_UNIT (LENGTH_MEASURE( 1.000000000000000082E-05 ), #7366, 'distance_accuracy_value', 'NONE');
#6126 = VECTOR ( 'NONE', #3283, 1000.000000000000000 ) ;
#6127 = LINE ( 'NONE', #2227, #9418 ) ;
#6128 = EDGE_CURVE ( 'NONE', #4309, #2765, #1395, .T. ) ;
#6129 = VECTOR ( 'NONE', #6898, 1000.000000000000000 ) ;
#6130 = ORIENTED_EDGE ( 'NONE', *, *, #4358, .T. ) ;
#6131 = EDGE_LOOP ( 'NONE', ( #3893, #761, #4269, #743 ) ) ;
#6132 =( NAMED_UNIT ( * ) PLANE_ANGLE_UNIT ( ) SI_UNIT ( $, .RADIAN. ) );
#6133 = VECTOR ( 'NONE', #4694, 1000.000000000000000 ) ;
#6134 = CARTESIAN_POINT ( 'NONE',  ( 0.6500000000000003553, 0.2000000000000000111, -1.600000000000000089 ) ) ;
#6135 = AXIS2_PLACEMENT_3D ( 'NONE', #4886, #6312, #4944 ) ;
#6136 = VERTEX_POINT ( 'NONE', #6461 ) ;
#6137 = DIRECTION ( 'NONE',  ( 1.000000000000000000, 1.084202172485504828E-15, 0.000000000000000000 ) ) ;
#6138 = DIRECTION ( 'NONE',  ( 0.000000000000000000, 1.000000000000000000, 0.000000000000000000 ) ) ;
#6139 = LINE ( 'NONE', #4067, #6248 ) ;
#6140 =( NAMED_UNIT ( * ) PLANE_ANGLE_UNIT ( ) SI_UNIT ( $, .RADIAN. ) );
#6141 = DIRECTION ( 'NONE',  ( 0.000000000000000000, 1.000000000000000000, 0.000000000000000000 ) ) ;
#6142 = PRESENTATION_STYLE_ASSIGNMENT (( #5253 ) ) ;
#6143 = ORIENTED_EDGE ( 'NONE', *, *, #6533, .T. ) ;
#6144 = ORIENTED_EDGE ( 'NONE', *, *, #6419, .F. ) ;
#6145 = DIRECTION ( 'NONE',  ( 0.000000000000000000, 0.000000000000000000, 1.000000000000000000 ) ) ;
#6146 = CARTESIAN_POINT ( 'NONE',  ( -0.8499999999999992006, 0.1999999999999999833, 1.600000000000000089 ) ) ;
#6147 = VECTOR ( 'NONE', #4160, 1000.000000000000000 ) ;
#6148 = CARTESIAN_POINT ( 'NONE',  ( 0.8500000000000009770, 0.000000000000000000, 1.600000000000000311 ) ) ;
#6149 = EDGE_LOOP ( 'NONE', ( #1645, #8358, #8727, #8437 ) ) ;
#6150 = DIRECTION ( 'NONE',  ( 0.000000000000000000, 0.000000000000000000, -1.000000000000000000 ) ) ;
#6151 = VERTEX_POINT ( 'NONE', #494 ) ;
#6152 = CARTESIAN_POINT ( 'NONE',  ( -1.099999999999999867, 0.000000000000000000, -0.6499999999999998002 ) ) ;
#6153 = DIRECTION ( 'NONE',  ( 0.000000000000000000, -1.000000000000000000, 0.000000000000000000 ) ) ;
#6154 = DIRECTION ( 'NONE',  ( -1.000000000000000000, -1.084202172485504828E-15, 0.000000000000000000 ) ) ;
#6155 = VECTOR ( 'NONE', #62, 1000.000000000000000 ) ;
#6156 = VERTEX_POINT ( 'NONE', #9303 ) ;
#6157 = ORIENTED_EDGE ( 'NONE', *, *, #6434, .F. ) ;
#6158 =( NAMED_UNIT ( * ) SI_UNIT ( $, .STERADIAN. ) SOLID_ANGLE_UNIT ( ) );
#6159 = CARTESIAN_POINT ( 'NONE',  ( 0.6500000000000003553, 0.2000000000000000111, -2.000000000000000000 ) ) ;
#6160 = FACE_OUTER_BOUND ( 'NONE', #4754, .T. ) ;
#6161 = FACE_OUTER_BOUND ( 'NONE', #6998, .T. ) ;
#6162 = DIRECTION ( 'NONE',  ( 0.000000000000000000, 0.000000000000000000, -1.000000000000000000 ) ) ;
#6163 = ORIENTED_EDGE ( 'NONE', *, *, #4615, .T. ) ;
#6164 = CARTESIAN_POINT ( 'NONE',  ( -1.250000000000000222, 0.1999999999999999833, -2.000000000000000000 ) ) ;
#6165 = DIRECTION ( 'NONE',  ( 1.000000000000000000, 0.000000000000000000, -5.421010862427523156E-16 ) ) ;
#6166 = CARTESIAN_POINT ( 'NONE',  ( -1.400000000000000133, 0.1999999999999999833, -1.750000000000000000 ) ) ;
#6167 = PRESENTATION_LAYER_ASSIGNMENT (  '', '', ( #4442 ) ) ;
#6168 = LINE ( 'NONE', #8512, #3055 ) ;
#6169 = CARTESIAN_POINT ( 'NONE',  ( -0.6499999999999995781, 0.2000000000000000111, -1.600000000000000311 ) ) ;
#6170 = ORIENTED_EDGE ( 'NONE', *, *, #3095, .T. ) ;
#6171 = DIRECTION ( 'NONE',  ( 0.000000000000000000, -0.000000000000000000, -1.000000000000000000 ) ) ;
#6172 = EDGE_LOOP ( 'NONE', ( #1403, #1319, #7693, #1046 ) ) ;
#6173 = AXIS2_PLACEMENT_3D ( 'NONE', #124, #857, #1689 ) ;
#6174 = EDGE_CURVE ( 'NONE', #907, #7813, #7956, .T. ) ;
#6175 = VECTOR ( 'NONE', #552, 1000.000000000000000 ) ;
#6176 = VECTOR ( 'NONE', #1858, 1000.000000000000000 ) ;
#6177 = ADVANCED_FACE ( 'NONE', ( #7869 ), #2974, .T. ) ;
#6178 = ORIENTED_EDGE ( 'NONE', *, *, #5406, .T. ) ;
#6179 = DIRECTION ( 'NONE',  ( -0.000000000000000000, 0.000000000000000000, 1.000000000000000000 ) ) ;
#6180 = FACE_OUTER_BOUND ( 'NONE', #5034, .T. ) ;
#6181 = FACE_OUTER_BOUND ( 'NONE', #1206, .T. ) ;
#6182 = ADVANCED_FACE ( 'NONE', ( #4798 ), #1047, .T. ) ;
#6183 = FACE_OUTER_BOUND ( 'NONE', #6847, .T. ) ;
#6184 = CARTESIAN_POINT ( 'NONE',  ( 1.249999999999999334, 0.2000000000000013434, 1.899999999999999911 ) ) ;
#6185 = ORIENTED_EDGE ( 'NONE', *, *, #5527, .T. ) ;
#6186 = VERTEX_POINT ( 'NONE', #1785 ) ;
#6187 = CARTESIAN_POINT ( 'NONE',  ( 0.6500000000000003553, 0.6472135954999580498, -2.000000000000000000 ) ) ;
#6188 = EDGE_CURVE ( 'NONE', #7318, #1066, #4709, .T. ) ;
#6189 = VERTEX_POINT ( 'NONE', #8390 ) ;
#6190 = AXIS2_PLACEMENT_3D ( 'NONE', #4378, #3143, #1523 ) ;
#6191 = SURFACE_STYLE_USAGE ( .BOTH. , #1666 ) ;
#6192 = ORIENTED_EDGE ( 'NONE', *, *, #749, .F. ) ;
#6193 = SURFACE_STYLE_USAGE ( .BOTH. , #3777 ) ;
#6194 = EDGE_CURVE ( 'NONE', #8683, #2980, #4916, .T. ) ;
#6195 = DIRECTION ( 'NONE',  ( 0.000000000000000000, 0.000000000000000000, -1.000000000000000000 ) ) ;
#6196 = LINE ( 'NONE', #5152, #5963 ) ;
#6197 = CARTESIAN_POINT ( 'NONE',  ( -1.500000000000000000, 0.04999999999999969746, 1.350000000000000533 ) ) ;
#6198 = CARTESIAN_POINT ( 'NONE',  ( -1.232294901687515987, 0.1999999999999999833, 1.600000000000000089 ) ) ;
#6199 = EDGE_CURVE ( 'NONE', #5596, #2951, #4860, .T. ) ;
#6200 = CARTESIAN_POINT ( 'NONE',  ( -0.6499999999999995781, 0.05000000000000000278, 0.000000000000000000 ) ) ;
#6201 = ORIENTED_EDGE ( 'NONE', *, *, #2762, .T. ) ;
#6202 = VERTEX_POINT ( 'NONE', #5472 ) ;
#6203 = DIRECTION ( 'NONE',  ( 0.000000000000000000, -1.000000000000000000, 0.000000000000000000 ) ) ;
#6204 = CARTESIAN_POINT ( 'NONE',  ( 1.099999999999999423, 0.2000000000000011768, 1.899999999999999911 ) ) ;
#6205 = EDGE_CURVE ( 'NONE', #4513, #1067, #8068, .T. ) ;
#6206 = ORIENTED_EDGE ( 'NONE', *, *, #4833, .F. ) ;
#6207 = AXIS2_PLACEMENT_3D ( 'NONE', #1846, #3450, #1050 ) ;
#6208 = PLANE ( 'NONE',  #9313 ) ;
#6209 = DIRECTION ( 'NONE',  ( 0.000000000000000000, -0.000000000000000000, -1.000000000000000000 ) ) ;
#6210 = EDGE_CURVE ( 'NONE', #3657, #8122, #1566, .T. ) ;
#6211 = DIRECTION ( 'NONE',  ( 0.000000000000000000, 0.000000000000000000, 1.000000000000000000 ) ) ;
#6212 = ORIENTED_EDGE ( 'NONE', *, *, #3095, .F. ) ;
#6213 = VERTEX_POINT ( 'NONE', #1718 ) ;
#6214 = DIRECTION ( 'NONE',  ( 5.421010862427520198E-16, 0.000000000000000000, -1.000000000000000000 ) ) ;
#6215 = PRESENTATION_LAYER_ASSIGNMENT (  '', '', ( #7744 ) ) ;
#6216 = LINE ( 'NONE', #6458, #3247 ) ;
#6217 = SURFACE_STYLE_USAGE ( .BOTH. , #4788 ) ;
#6218 = VECTOR ( 'NONE', #170, 1000.000000000000000 ) ;
#6219 =( NAMED_UNIT ( * ) SI_UNIT ( $, .STERADIAN. ) SOLID_ANGLE_UNIT ( ) );
#6220 = ORIENTED_EDGE ( 'NONE', *, *, #9508, .T. ) ;
#6221 = CARTESIAN_POINT ( 'NONE',  ( -1.100000000000000311, 0.1250000000000000000, -1.899999999999999911 ) ) ;
#6222 = CARTESIAN_POINT ( 'NONE',  ( 1.099999999999999867, 0.1999999999999999833, -0.6499999999999998002 ) ) ;
#6223 = LINE ( 'NONE', #9180, #9350 ) ;
#6224 = CARTESIAN_POINT ( 'NONE',  ( 1.099999999999999867, 0.6472135954999583829, 0.8500000000000003109 ) ) ;
#6225 = ORIENTED_EDGE ( 'NONE', *, *, #4856, .F. ) ;
#6226 = CARTESIAN_POINT ( 'NONE',  ( 0.6500000000000003553, 0.04999999999999969746, -2.000000000000000000 ) ) ;
#6227 = CARTESIAN_POINT ( 'NONE',  ( 1.500000000000000000, 0.1999999999999999833, 1.350000000000000533 ) ) ;
#6229 = ADVANCED_FACE ( 'NONE', ( #4692 ), #4612, .F. ) ;
#6228 = ORIENTED_EDGE ( 'NONE', *, *, #9170, .T. ) ;
#6230 = MANIFOLD_SOLID_BREP ( 'LPattern4[10]', #2853 ) ;
#6231 = LINE ( 'NONE', #2546, #9486 ) ;
#6232 = LINE ( 'NONE', #912, #3234 ) ;
#6233 = ORIENTED_EDGE ( 'NONE', *, *, #4191, .F. ) ;
#6234 = DIRECTION ( 'NONE',  ( -1.000000000000000000, 0.000000000000000000, 0.000000000000000000 ) ) ;
#6235 = PLANE ( 'NONE',  #2775 ) ;
#6236 = LINE ( 'NONE', #1133, #6290 ) ;
#6237 = VECTOR ( 'NONE', #6154, 1000.000000000000000 ) ;
#6238 = ADVANCED_FACE ( 'NONE', ( #4947 ), #2436, .T. ) ;
#6239 =( LENGTH_UNIT ( ) NAMED_UNIT ( * ) SI_UNIT ( .MILLI., .METRE. ) );
#6240 = VERTEX_POINT ( 'NONE', #4583 ) ;
#6241 = ORIENTED_EDGE ( 'NONE', *, *, #3840, .T. ) ;
#6242 = DIRECTION ( 'NONE',  ( -0.000000000000000000, -1.000000000000000000, -0.000000000000000000 ) ) ;
#6243 = PRESENTATION_STYLE_ASSIGNMENT (( #6401 ) ) ;
#6244 = ORIENTED_EDGE ( 'NONE', *, *, #4993, .T. ) ;
#6245 = ADVANCED_FACE ( 'NONE', ( #1538 ), #2342, .T. ) ;
#6246 = ORIENTED_EDGE ( 'NONE', *, *, #3520, .T. ) ;
#6247 = DIRECTION ( 'NONE',  ( 2.710505431213763057E-16, 0.000000000000000000, 1.000000000000000000 ) ) ;
#6248 = VECTOR ( 'NONE', #8283, 1000.000000000000000 ) ;
#6249 = CARTESIAN_POINT ( 'NONE',  ( -1.099999999999999867, 0.6472135954999583829, 0.8500000000000003109 ) ) ;
#6250 = ADVANCED_FACE ( 'NONE', ( #1587 ), #2830, .T. ) ;
#6251 = VECTOR ( 'NONE', #1493, 1000.000000000000000 ) ;
#6252 = EDGE_CURVE ( 'NONE', #8022, #500, #8161, .T. ) ;
#6253 = FACE_OUTER_BOUND ( 'NONE', #304, .T. ) ;
#6254 = ORIENTED_EDGE ( 'NONE', *, *, #5419, .T. ) ;
#6255 = VERTEX_POINT ( 'NONE', #3640 ) ;
#6256 = CARTESIAN_POINT ( 'NONE',  ( -1.400000000000000133, 0.1250000000000000000, -1.750000000000000000 ) ) ;
#6257 = CARTESIAN_POINT ( 'NONE',  ( 0.3500000000000004774, 0.2000000000000000111, -1.600000000000000311 ) ) ;
#6258 = VECTOR ( 'NONE', #6733, 1000.000000000000000 ) ;
#6259 =( NAMED_UNIT ( * ) SI_UNIT ( $, .STERADIAN. ) SOLID_ANGLE_UNIT ( ) );
#6260 = VERTEX_POINT ( 'NONE', #8959 ) ;
#6261 = DIRECTION ( 'NONE',  ( -1.000000000000000000, 0.000000000000000000, 0.000000000000000000 ) ) ;
#6262 = ORIENTED_EDGE ( 'NONE', *, *, #5212, .T. ) ;
#6263 = PLANE ( 'NONE',  #7290 ) ;
#6264 = VECTOR ( 'NONE', #7716, 1000.000000000000000 ) ;
#6265 = CARTESIAN_POINT ( 'NONE',  ( -1.249999999999999778, 0.1999999999999999833, 2.000000000000000000 ) ) ;
#6266 = DIRECTION ( 'NONE',  ( -1.000000000000000000, 0.000000000000000000, 0.000000000000000000 ) ) ;
#6267 = VECTOR ( 'NONE', #3366, 999.9999999999998863 ) ;
#6268 = VERTEX_POINT ( 'NONE', #8908 ) ;
#6269 = ORIENTED_EDGE ( 'NONE', *, *, #1567, .T. ) ;
#6270 = FILL_AREA_STYLE_COLOUR ( '', #8862 ) ;
#6271 = AXIS2_PLACEMENT_3D ( 'NONE', #13, #8133, #1362 ) ;
#6272 = CARTESIAN_POINT ( 'NONE',  ( -0.6499999999999990230, 0.04999999999999999584, 2.000000000000000000 ) ) ;
#6273 = VECTOR ( 'NONE', #3108, 1000.000000000000000 ) ;
#6274 = VERTEX_POINT ( 'NONE', #1581 ) ;
#6275 = CARTESIAN_POINT ( 'NONE',  ( -1.500000000000000222, 0.1999999999999999833, -1.750000000000000000 ) ) ;
#6276 = AXIS2_PLACEMENT_3D ( 'NONE', #7787, #2511, #1674 ) ;
#6277 = EDGE_CURVE ( 'NONE', #6422, #1528, #4782, .T. ) ;
#6278 = LINE ( 'NONE', #5616, #2883 ) ;
#6279 = LINE ( 'NONE', #9142, #6267 ) ;
#6280 = ORIENTED_EDGE ( 'NONE', *, *, #8234, .T. ) ;
#6281 = DIRECTION ( 'NONE',  ( 0.000000000000000000, 1.000000000000000000, 0.000000000000000000 ) ) ;
#6282 = CARTESIAN_POINT ( 'NONE',  ( -0.8499999999999992006, 0.2000000000000000111, 1.600000000000000089 ) ) ;
#6283 = EDGE_LOOP ( 'NONE', ( #9467, #3028, #6280, #6201 ) ) ;
#6284 = LINE ( 'NONE', #3750, #9549 ) ;
#6285 = LINE ( 'NONE', #2518, #3205 ) ;
#6286 = EDGE_CURVE ( 'NONE', #8688, #6694, #4728, .T. ) ;
#6287 = VERTEX_POINT ( 'NONE', #5090 ) ;
#6288 = DIRECTION ( 'NONE',  ( -0.000000000000000000, 0.000000000000000000, -1.000000000000000000 ) ) ;
#6289 = PLANE ( 'NONE',  #1784 ) ;
#6290 = VECTOR ( 'NONE', #1798, 1000.000000000000000 ) ;
#6291 = MANIFOLD_SOLID_BREP ( 'Chamfer1', #1924 ) ;
#6292 = CARTESIAN_POINT ( 'NONE',  ( 0.7500000000000000000, 0.2000000000000000944, -1.300000000000000266 ) ) ;
#6293 = EDGE_CURVE ( 'NONE', #4259, #5968, #4928, .T. ) ;
#6294 = AXIS2_PLACEMENT_3D ( 'NONE', #3360, #5628, #8535 ) ;
#6295 = LINE ( 'NONE', #643, #6251 ) ;
#6296 = VECTOR ( 'NONE', #1169, 1000.000000000000000 ) ;
#6297 = SURFACE_STYLE_USAGE ( .BOTH. , #5592 ) ;
#6298 = ORIENTED_EDGE ( 'NONE', *, *, #835, .F. ) ;
#6299 = EDGE_CURVE ( 'NONE', #2623, #9305, #4813, .T. ) ;
#6300 = EDGE_LOOP ( 'NONE', ( #3885, #930, #4094, #7495 ) ) ;
#6301 = PLANE ( 'NONE',  #6508 ) ;
#6302 = LINE ( 'NONE', #3884, #6391 ) ;
#6303 = EDGE_CURVE ( 'NONE', #4414, #2124, #8175, .T. ) ;
#6304 = VECTOR ( 'NONE', #1613, 1000.000000000000000 ) ;
#6305 = EDGE_CURVE ( 'NONE', #7144, #8122, #7987, .T. ) ;
#6306 = CARTESIAN_POINT ( 'NONE',  ( -1.166666666666666741, 0.8000000000000000444, -1.516666666666666607 ) ) ;
#6307 = ORIENTED_EDGE ( 'NONE', *, *, #1746, .T. ) ;
#6308 = EDGE_CURVE ( 'NONE', #7813, #6792, #8188, .T. ) ;
#6309 = ADVANCED_FACE ( 'NONE', ( #4674 ), #6569, .T. ) ;
#6310 = FILL_AREA_STYLE ('',( #400 ) ) ;
#6311 = PRESENTATION_LAYER_ASSIGNMENT (  '', '', ( #3735 ) ) ;
#6312 = DIRECTION ( 'NONE',  ( 0.000000000000000000, 1.000000000000000000, 0.000000000000000000 ) ) ;
#6313 = CARTESIAN_POINT ( 'NONE',  ( 0.000000000000000000, 0.2000000000000000111, 0.000000000000000000 ) ) ;
#6314 = DIRECTION ( 'NONE',  ( 0.000000000000000000, -0.000000000000000000, 1.000000000000000000 ) ) ;
#6315 = ADVANCED_FACE ( 'NONE', ( #7888 ), #5216, .F. ) ;
#6316 = EDGE_LOOP ( 'NONE', ( #4250, #1015, #7960, #871 ) ) ;
#6317 = ORIENTED_EDGE ( 'NONE', *, *, #7567, .T. ) ;
#6318 = CARTESIAN_POINT ( 'NONE',  ( 1.099999999999998979, 0.2000000000000011768, -1.899999999999999911 ) ) ;
#6319 = CARTESIAN_POINT ( 'NONE',  ( -1.099999999999999867, 0.1250000000000000000, 1.899999999999999911 ) ) ;
#6320 = VECTOR ( 'NONE', #7168, 1000.000000000000000 ) ;
#6321 = ORIENTED_EDGE ( 'NONE', *, *, #1280, .F. ) ;
#6322 = ADVANCED_FACE ( 'NONE', ( #1500 ), #534, .F. ) ;
#6323 = ORIENTED_EDGE ( 'NONE', *, *, #369, .F. ) ;
#6324 = EDGE_CURVE ( 'NONE', #7834, #3725, #5243, .T. ) ;
#6325 = CARTESIAN_POINT ( 'NONE',  ( 1.099999999999999867, 0.000000000000000000, -0.6499999999999998002 ) ) ;
#6326 = AXIS2_PLACEMENT_3D ( 'NONE', #7228, #6505, #5214 ) ;
#6327 = ADVANCED_FACE ( 'NONE', ( #8251, #8489 ), #5066, .F. ) ;
#6328 = CARTESIAN_POINT ( 'NONE',  ( -0.1499999999999995226, 0.2000000000000000111, -1.600000000000000311 ) ) ;
#6329 = LINE ( 'NONE', #665, #146 ) ;
#6330 = LINE ( 'NONE', #8838, #9226 ) ;
#6331 = LINE ( 'NONE', #6607, #3155 ) ;
#6332 = VERTEX_POINT ( 'NONE', #578 ) ;
#6333 = ORIENTED_EDGE ( 'NONE', *, *, #2939, .F. ) ;
#6334 = CARTESIAN_POINT ( 'NONE',  ( 1.500000000000000000, 0.1999999999999999833, -0.1499999999999995226 ) ) ;
#6335 = LINE ( 'NONE', #5572, #6147 ) ;
#6336 = ORIENTED_EDGE ( 'NONE', *, *, #7846, .F. ) ;
#6337 = CARTESIAN_POINT ( 'NONE',  ( -1.100000000000000311, 0.1999999999999999833, -1.732294901687515321 ) ) ;
#6338 = AXIS2_PLACEMENT_3D ( 'NONE', #91, #1525, #3828 ) ;
#6339 = ORIENTED_EDGE ( 'NONE', *, *, #9096, .F. ) ;
#6340 = DIRECTION ( 'NONE',  ( 0.000000000000000000, 0.000000000000000000, 1.000000000000000000 ) ) ;
#6341 = LINE ( 'NONE', #2343, #3170 ) ;
#6342 = CARTESIAN_POINT ( 'NONE',  ( -1.249999999999999778, 0.1999999999999999833, 1.899999999999999911 ) ) ;
#6343 = FACE_OUTER_BOUND ( 'NONE', #9082, .T. ) ;
#6344 = VERTEX_POINT ( 'NONE', #8887 ) ;
#6345 = CARTESIAN_POINT ( 'NONE',  ( 0.8500000000000009770, 0.2000000000000000111, 1.600000000000000311 ) ) ;
#6346 = DIRECTION ( 'NONE',  ( 0.000000000000000000, -1.000000000000000000, 0.000000000000000000 ) ) ;
#6347 = ORIENTED_EDGE ( 'NONE', *, *, #6934, .F. ) ;
#6348 = LINE ( 'NONE', #2042, #6320 ) ;
#6349 = FACE_OUTER_BOUND ( 'NONE', #110, .T. ) ;
#6350 = ORIENTED_EDGE ( 'NONE', *, *, #2960, .F. ) ;
#6351 = SURFACE_STYLE_USAGE ( .BOTH. , #4669 ) ;
#6352 = CARTESIAN_POINT ( 'NONE',  ( -1.099999999999999867, 0.05000000000000000278, 0.000000000000000000 ) ) ;
#6353 = EDGE_CURVE ( 'NONE', #5596, #7013, #5093, .T. ) ;
#6354 = ADVANCED_FACE ( 'NONE', ( #8419 ), #3620, .F. ) ;
#6355 = DIRECTION ( 'NONE',  ( 0.000000000000000000, 0.000000000000000000, -1.000000000000000000 ) ) ;
#6356 = EDGE_CURVE ( 'NONE', #1646, #1488, #5109, .T. ) ;
#6357 = LINE ( 'NONE', #8315, #3184 ) ;
#6358 = LINE ( 'NONE', #5713, #3212 ) ;
#6359 = LINE ( 'NONE', #8715, #6108 ) ;
#6360 = DIRECTION ( 'NONE',  ( 1.000000000000000000, 0.000000000000000000, 0.000000000000000000 ) ) ;
#6361 = VERTEX_POINT ( 'NONE', #1273 ) ;
#6362 = ORIENTED_EDGE ( 'NONE', *, *, #5764, .T. ) ;
#6363 = DIRECTION ( 'NONE',  ( -5.421010862427520198E-16, 0.000000000000000000, -1.000000000000000000 ) ) ;
#6364 = FACE_OUTER_BOUND ( 'NONE', #8999, .T. ) ;
#6365 = DIRECTION ( 'NONE',  ( 5.782411586589358822E-15, -1.000000000000000000, 0.000000000000000000 ) ) ;
#6366 = EDGE_LOOP ( 'NONE', ( #7380, #3718, #3857, #6997 ) ) ;
#6367 = CARTESIAN_POINT ( 'NONE',  ( -1.099999999999999867, 0.1999999999999999833, 0.6500000000000001332 ) ) ;
#6368 = DIRECTION ( 'NONE',  ( -1.084202172485501673E-15, -0.000000000000000000, 1.000000000000000000 ) ) ;
#6369 = PLANE ( 'NONE',  #3630 ) ;
#6370 = DIRECTION ( 'NONE',  ( -2.710505431213763057E-16, -0.000000000000000000, -1.000000000000000000 ) ) ;
#6371 = CARTESIAN_POINT ( 'NONE',  ( 1.099999999999999423, 0.2000000000000011768, 1.899999999999999911 ) ) ;
#6372 = DIRECTION ( 'NONE',  ( -0.000000000000000000, 0.000000000000000000, 1.000000000000000000 ) ) ;
#6373 = VECTOR ( 'NONE', #8464, 1000.000000000000000 ) ;
#6374 = LINE ( 'NONE', #3135, #9253 ) ;
#6375 = VERTEX_POINT ( 'NONE', #2875 ) ;
#6376 = FILL_AREA_STYLE_COLOUR ( '', #7796 ) ;
#6377 = LINE ( 'NONE', #3538, #3218 ) ;
#6378 = EDGE_LOOP ( 'NONE', ( #4376, #1306, #7644, #4111 ) ) ;
#6379 = DIRECTION ( 'NONE',  ( 5.421010862427523156E-16, 0.000000000000000000, 1.000000000000000000 ) ) ;
#6380 = ORIENTED_EDGE ( 'NONE', *, *, #9387, .F. ) ;
#6381 = CARTESIAN_POINT ( 'NONE',  ( -1.500000000000000444, 0.8000000000000020428, 2.000000000000000000 ) ) ;
#6382 = ADVANCED_FACE ( 'NONE', ( #5219 ), #6605, .T. ) ;
#6383 = CARTESIAN_POINT ( 'NONE',  ( 1.099999999999999867, 0.6472135954999583829, 0.1500000000000001887 ) ) ;
#6384 = AXIS2_PLACEMENT_3D ( 'NONE', #8861, #4251, #439 ) ;
#6385 =( NAMED_UNIT ( * ) SI_UNIT ( $, .STERADIAN. ) SOLID_ANGLE_UNIT ( ) );
#6386 = SURFACE_STYLE_FILL_AREA ( #3238 ) ;
#6387 = VECTOR ( 'NONE', #3906, 1000.000000000000000 ) ;
#6388 = ORIENTED_EDGE ( 'NONE', *, *, #1643, .F. ) ;
#6389 = CARTESIAN_POINT ( 'NONE',  ( -1.099999999999999867, 0.1999999999999999833, -0.1499999999999997446 ) ) ;
#6390 = EDGE_CURVE ( 'NONE', #3097, #2179, #2102, .T. ) ;
#6391 = VECTOR ( 'NONE', #3065, 1000.000000000000000 ) ;
#6392 = DIRECTION ( 'NONE',  ( 0.000000000000000000, -1.000000000000000000, 0.000000000000000000 ) ) ;
#6393 = LINE ( 'NONE', #4768, #3050 ) ;
#6394 = MECHANICAL_DESIGN_GEOMETRIC_PRESENTATION_REPRESENTATION (  '', ( #6623 ), #4330 ) ;
#6395 = DIRECTION ( 'NONE',  ( 0.000000000000000000, 0.000000000000000000, -1.000000000000000000 ) ) ;
#6396 = EDGE_CURVE ( 'NONE', #4426, #5047, #5055, .T. ) ;
#6397 = ADVANCED_FACE ( 'NONE', ( #5167 ), #2071, .F. ) ;
#6398 =( NAMED_UNIT ( * ) SI_UNIT ( $, .STERADIAN. ) SOLID_ANGLE_UNIT ( ) );
#6399 = VERTEX_POINT ( 'NONE', #7985 ) ;
#6400 = EDGE_CURVE ( 'NONE', #4513, #1214, #5125, .T. ) ;
#6401 = SURFACE_STYLE_USAGE ( .BOTH. , #2107 ) ;
#6402 = EDGE_CURVE ( 'NONE', #2946, #4513, #1933, .T. ) ;
#6403 = DIRECTION ( 'NONE',  ( -0.000000000000000000, 0.000000000000000000, 1.000000000000000000 ) ) ;
#6404 = VECTOR ( 'NONE', #8734, 1000.000000000000000 ) ;
#6405 = VECTOR ( 'NONE', #2850, 1000.000000000000000 ) ;
#6406 = VERTEX_POINT ( 'NONE', #7061 ) ;
#6407 = CARTESIAN_POINT ( 'NONE',  ( -1.500000000000000000, 0.6472135954999583829, -0.6499999999999995781 ) ) ;
#6408 = CARTESIAN_POINT ( 'NONE',  ( 1.099999999999999867, 0.6472135954999583829, 0.8500000000000003109 ) ) ;
#6409 = LINE ( 'NONE', #8344, #6218 ) ;
#6410 = EDGE_CURVE ( 'NONE', #7580, #4285, #8323, .T. ) ;
#6411 = ORIENTED_EDGE ( 'NONE', *, *, #6532, .T. ) ;
#6412 = AXIS2_PLACEMENT_3D ( 'NONE', #4366, #6568, #1516 ) ;
#6413 = CARTESIAN_POINT ( 'NONE',  ( 1.099999999999999867, 0.6472135954999583829, 1.150000000000000133 ) ) ;
#6414 = DIRECTION ( 'NONE',  ( -0.000000000000000000, -1.000000000000000000, -0.000000000000000000 ) ) ;
#6415 = MECHANICAL_DESIGN_GEOMETRIC_PRESENTATION_REPRESENTATION (  '', ( #724 ), #7617 ) ;
#6416 = EDGE_CURVE ( 'NONE', #545, #620, #2007, .T. ) ;
#6417 = FACE_OUTER_BOUND ( 'NONE', #8079, .T. ) ;
#6418 = FACE_OUTER_BOUND ( 'NONE', #7330, .T. ) ;
#6419 = EDGE_CURVE ( 'NONE', #7741, #1520, #2070, .T. ) ;
#6420 = LINE ( 'NONE', #6408, #28 ) ;
#6421 = CARTESIAN_POINT ( 'NONE',  ( 0.3500000000000004774, 0.04999999999999969746, -2.000000000000000000 ) ) ;
#6422 = VERTEX_POINT ( 'NONE', #8116 ) ;
#6423 = CARTESIAN_POINT ( 'NONE',  ( -1.099999999999999867, 0.1999999999999999833, 0.3500000000000002554 ) ) ;
#6424 = AXIS2_PLACEMENT_3D ( 'NONE', #7863, #8567, #4138 ) ;
#6425 = LINE ( 'NONE', #8647, #9499 ) ;
#6426 = VERTEX_POINT ( 'NONE', #8816 ) ;
#6427 = PLANE ( 'NONE',  #5942 ) ;
#6428 = ORIENTED_EDGE ( 'NONE', *, *, #6522, .F. ) ;
#6429 = DIRECTION ( 'NONE',  ( 0.000000000000000000, 1.000000000000000000, 0.000000000000000000 ) ) ;
#6430 = MECHANICAL_DESIGN_GEOMETRIC_PRESENTATION_REPRESENTATION (  '', ( #3220 ), #3317 ) ;
#6431 = DIRECTION ( 'NONE',  ( 1.000000000000000000, 0.000000000000000000, 0.000000000000000000 ) ) ;
#6432 = DIRECTION ( 'NONE',  ( 5.421010862427523156E-16, 0.000000000000000000, 1.000000000000000000 ) ) ;
#6433 = VECTOR ( 'NONE', #9538, 1000.000000000000000 ) ;
#6434 = EDGE_CURVE ( 'NONE', #1120, #500, #8205, .T. ) ;
#6435 = VECTOR ( 'NONE', #9263, 1000.000000000000000 ) ;
#6436 = EDGE_LOOP ( 'NONE', ( #3022, #5571, #6130, #9075 ) ) ;
#6437 = CARTESIAN_POINT ( 'NONE',  ( 0.3500000000000004774, 0.2000000000000000111, -1.600000000000000311 ) ) ;
#6438 = DIRECTION ( 'NONE',  ( -0.000000000000000000, -1.000000000000000000, -0.000000000000000000 ) ) ;
#6439 = FACE_OUTER_BOUND ( 'NONE', #1998, .T. ) ;
#6440 = VERTEX_POINT ( 'NONE', #1491 ) ;
#6441 = AXIS2_PLACEMENT_3D ( 'NONE', #525, #5735, #2082 ) ;
#6442 = ORIENTED_EDGE ( 'NONE', *, *, #3950, .F. ) ;
#6443 = PLANE ( 'NONE',  #7304 ) ;
#6444 =( NAMED_UNIT ( * ) PLANE_ANGLE_UNIT ( ) SI_UNIT ( $, .RADIAN. ) );
#6445 = CARTESIAN_POINT ( 'NONE',  ( 1.232294901687515543, 0.1250000000000000000, 1.750000000000000000 ) ) ;
#6446 = SURFACE_STYLE_USAGE ( .BOTH. , #7229 ) ;
#6447 = AXIS2_PLACEMENT_3D ( 'NONE', #2602, #6727, #3183 ) ;
#6448 = LINE ( 'NONE', #1663, #3416 ) ;
#6449 = SURFACE_STYLE_FILL_AREA ( #5229 ) ;
#6450 = ORIENTED_EDGE ( 'NONE', *, *, #8872, .T. ) ;
#6451 = FILL_AREA_STYLE ('',( #428 ) ) ;
#6452 = FACE_OUTER_BOUND ( 'NONE', #3836, .T. ) ;
#6453 =( NAMED_UNIT ( * ) SI_UNIT ( $, .STERADIAN. ) SOLID_ANGLE_UNIT ( ) );
#6454 = VERTEX_POINT ( 'NONE', #2191 ) ;
#6455 = CARTESIAN_POINT ( 'NONE',  ( 1.500000000000000000, 0.2000000000000000111, 0.000000000000000000 ) ) ;
#6456 = DIRECTION ( 'NONE',  ( -1.000000000000000000, 0.000000000000000000, 2.710505431213763057E-16 ) ) ;
#6457 = VERTEX_POINT ( 'NONE', #9003 ) ;
#6458 = CARTESIAN_POINT ( 'NONE',  ( -1.099999999999999867, 0.1250000000000000000, 1.732294901687515321 ) ) ;
#6459 = PRESENTATION_STYLE_ASSIGNMENT (( #4781 ) ) ;
#6460 = ADVANCED_FACE ( 'NONE', ( #1843 ), #7654, .T. ) ;
#6461 = CARTESIAN_POINT ( 'NONE',  ( -0.6499999999999991340, 0.04999999999999999584, 1.600000000000000311 ) ) ;
#6462 = VECTOR ( 'NONE', #4746, 1000.000000000000000 ) ;
#6463 = VERTEX_POINT ( 'NONE', #3795 ) ;
#6464 = DIRECTION ( 'NONE',  ( 1.000000000000000000, 1.084202172485504828E-15, 0.000000000000000000 ) ) ;
#6465 = DIRECTION ( 'NONE',  ( 1.000000000000000000, 0.000000000000000000, 0.000000000000000000 ) ) ;
#6466 = VECTOR ( 'NONE', #2499, 1000.000000000000000 ) ;
#6467 = ORIENTED_EDGE ( 'NONE', *, *, #4959, .T. ) ;
#6468 = ORIENTED_EDGE ( 'NONE', *, *, #2593, .F. ) ;
#6469 = EDGE_CURVE ( 'NONE', #1884, #5696, #1967, .T. ) ;
#6470 = CARTESIAN_POINT ( 'NONE',  ( -1.500000000000000444, 0.1999999999999996503, 1.350000000000000533 ) ) ;
#6471 = DIRECTION ( 'NONE',  ( 0.000000000000000000, 0.000000000000000000, 1.000000000000000000 ) ) ;
#6472 = DIRECTION ( 'NONE',  ( 0.000000000000000000, 0.000000000000000000, 1.000000000000000000 ) ) ;
#6473 = ADVANCED_FACE ( 'NONE', ( #2024 ), #2997, .F. ) ;
#6474 = FACE_OUTER_BOUND ( 'NONE', #6596, .T. ) ;
#6475 = DIRECTION ( 'NONE',  ( -1.084202172485501673E-15, 0.000000000000000000, 1.000000000000000000 ) ) ;
#6476 = LINE ( 'NONE', #4876, #6404 ) ;
#6477 = VECTOR ( 'NONE', #6760, 1000.000000000000000 ) ;
#6478 = CARTESIAN_POINT ( 'NONE',  ( 0.8500000000000005329, 0.2000000000000000944, -2.000000000000000000 ) ) ;
#6479 = EDGE_LOOP ( 'NONE', ( #5892, #8088, #2797, #9419 ) ) ;
#6480 = DIRECTION ( 'NONE',  ( -2.710505431213763057E-16, -0.000000000000000000, -1.000000000000000000 ) ) ;
#6481 = FACE_BOUND ( 'NONE', #3484, .T. ) ;
#6482 = AXIS2_PLACEMENT_3D ( 'NONE', #2093, #8841, #5926 ) ;
#6483 = ORIENTED_EDGE ( 'NONE', *, *, #2062, .F. ) ;
#6484 = CARTESIAN_POINT ( 'NONE',  ( -1.500000000000000000, 0.000000000000000000, -0.1499999999999995226 ) ) ;
#6485 = EDGE_LOOP ( 'NONE', ( #1153, #6864, #997, #4084 ) ) ;
#6486 =( NAMED_UNIT ( * ) PLANE_ANGLE_UNIT ( ) SI_UNIT ( $, .RADIAN. ) );
#6487 = PRESENTATION_LAYER_ASSIGNMENT (  '', '', ( #1615 ) ) ;
#6488 = CARTESIAN_POINT ( 'NONE',  ( 1.499999999999999778, 0.04999999999999969746, -0.3500000000000000333 ) ) ;
#6489 = EDGE_CURVE ( 'NONE', #4297, #1097, #2085, .T. ) ;
#6490 = EDGE_CURVE ( 'NONE', #1187, #2911, #8216, .T. ) ;
#6491 = DIRECTION ( 'NONE',  ( 5.782411586589359611E-15, -1.000000000000000000, 0.000000000000000000 ) ) ;
#6492 = DIRECTION ( 'NONE',  ( -0.000000000000000000, 1.000000000000000000, -0.000000000000000000 ) ) ;
#6493 = FACE_OUTER_BOUND ( 'NONE', #5585, .T. ) ;
#6494 = VECTOR ( 'NONE', #6009, 1000.000000000000000 ) ;
#6495 = ORIENTED_EDGE ( 'NONE', *, *, #3320, .T. ) ;
#6496 = CARTESIAN_POINT ( 'NONE',  ( 0.3500000000000004774, 0.05000000000000000278, -9.486769009248185984E-17 ) ) ;
#6497 = DIRECTION ( 'NONE',  ( -0.000000000000000000, -0.000000000000000000, 1.000000000000000000 ) ) ;
#6498 = LINE ( 'NONE', #6187, #6529 ) ;
#6499 = ORIENTED_EDGE ( 'NONE', *, *, #481, .T. ) ;
#6500 = CARTESIAN_POINT ( 'NONE',  ( 1.099999999999999867, 0.1999999999999999833, -1.349999999999999867 ) ) ;
#6501 = EDGE_LOOP ( 'NONE', ( #7351, #4225, #8091, #1256, #1687 ) ) ;
#6502 = DIRECTION ( 'NONE',  ( -1.084202172485504040E-15, 0.000000000000000000, 1.000000000000000000 ) ) ;
#6503 = AXIS2_PLACEMENT_3D ( 'NONE', #1463, #8791, #9553 ) ;
#6504 = CARTESIAN_POINT ( 'NONE',  ( -1.400000000000000133, 0.1250000000000000000, 1.750000000000000000 ) ) ;
#6505 = DIRECTION ( 'NONE',  ( -1.084202172485504828E-15, 1.000000000000000000, 1.567325801096383855E-31 ) ) ;
#6506 = CARTESIAN_POINT ( 'NONE',  ( -1.249999999999999778, 0.1999999999999999833, 1.899999999999999911 ) ) ;
#6507 = EDGE_CURVE ( 'NONE', #7936, #6936, #8235, .T. ) ;
#6508 = AXIS2_PLACEMENT_3D ( 'NONE', #7914, #7776, #3497 ) ;
#6509 = CARTESIAN_POINT ( 'NONE',  ( 0.6500000000000003553, 0.05000000000000000278, -1.761828530288946184E-16 ) ) ;
#6510 = PRESENTATION_STYLE_ASSIGNMENT (( #6297 ) ) ;
#6511 = ORIENTED_EDGE ( 'NONE', *, *, #8831, .F. ) ;
#6512 = EDGE_CURVE ( 'NONE', #4867, #7748, #2424, .T. ) ;
#6513 = DIRECTION ( 'NONE',  ( -5.421010862427523156E-16, 0.000000000000000000, 1.000000000000000000 ) ) ;
#6514 = UNCERTAINTY_MEASURE_WITH_UNIT (LENGTH_MEASURE( 1.000000000000000082E-05 ), #6049, 'distance_accuracy_value', 'NONE');
#6515 = LINE ( 'NONE', #454, #123 ) ;
#6516 = DIRECTION ( 'NONE',  ( 0.000000000000000000, 0.000000000000000000, -1.000000000000000000 ) ) ;
#6517 = ORIENTED_EDGE ( 'NONE', *, *, #3276, .T. ) ;
#6518 = PLANE ( 'NONE',  #8363 ) ;
#6519 = EDGE_LOOP ( 'NONE', ( #8294, #4735, #4923, #1761 ) ) ;
#6520 = EDGE_CURVE ( 'NONE', #2703, #2418, #2439, .T. ) ;
#6521 =( NAMED_UNIT ( * ) PLANE_ANGLE_UNIT ( ) SI_UNIT ( $, .RADIAN. ) );
#6522 = EDGE_CURVE ( 'NONE', #3080, #2451, #2336, .T. ) ;
#6524 = VECTOR ( 'NONE', #4295, 1000.000000000000000 ) ;
#6523 = STYLED_ITEM ( 'NONE', ( #8562 ), #6618 ) ;
#6525 = VECTOR ( 'NONE', #2126, 1000.000000000000000 ) ;
#6526 = EDGE_LOOP ( 'NONE', ( #5597, #3148, #6143, #2886 ) ) ;
#6527 = DIRECTION ( 'NONE',  ( 0.000000000000000000, 0.000000000000000000, -1.000000000000000000 ) ) ;
#6528 = ADVANCED_FACE ( 'NONE', ( #8548 ), #5435, .T. ) ;
#6529 = VECTOR ( 'NONE', #6242, 1000.000000000000000 ) ;
#6530 = ORIENTED_EDGE ( 'NONE', *, *, #5619, .T. ) ;
#6531 = VERTEX_POINT ( 'NONE', #709 ) ;
#6532 = EDGE_CURVE ( 'NONE', #5473, #3067, #8599, .T. ) ;
#6533 = EDGE_CURVE ( 'NONE', #6344, #5680, #8731, .T. ) ;
#6534 = DIRECTION ( 'NONE',  ( 1.000000000000000000, 0.000000000000000000, 5.421010862427524019E-17 ) ) ;
#6535 = ADVANCED_FACE ( 'NONE', ( #2286 ), #58, .T. ) ;
#6536 = EDGE_CURVE ( 'NONE', #4637, #1789, #2350, .T. ) ;
#6537 = MECHANICAL_DESIGN_GEOMETRIC_PRESENTATION_REPRESENTATION (  '', ( #506 ), #5217 ) ;
#6538 = DIRECTION ( 'NONE',  ( 1.000000000000000000, -0.000000000000000000, 5.421010862427520198E-16 ) ) ;
#6539 = LINE ( 'NONE', #537, #78 ) ;
#6540 = ADVANCED_FACE ( 'NONE', ( #8679 ), #177, .T. ) ;
#6541 = CARTESIAN_POINT ( 'NONE',  ( -1.232294901687515987, 0.1999999999999999833, 1.600000000000000089 ) ) ;
#6542 = CARTESIAN_POINT ( 'NONE',  ( 1.099999999999999867, 0.1999999999999999833, -0.1499999999999997446 ) ) ;
#6543 = VERTEX_POINT ( 'NONE', #4779 ) ;
#6544 = LINE ( 'NONE', #755, #3522 ) ;
#6545 = VERTEX_POINT ( 'NONE', #3936 ) ;
#6546 = MECHANICAL_DESIGN_GEOMETRIC_PRESENTATION_REPRESENTATION (  '', ( #7207 ), #87 ) ;
#6547 = ORIENTED_EDGE ( 'NONE', *, *, #3307, .F. ) ;
#6548 = SURFACE_STYLE_USAGE ( .BOTH. , #7125 ) ;
#6549 = EDGE_CURVE ( 'NONE', #5617, #4239, #8803, .T. ) ;
#6550 = CARTESIAN_POINT ( 'NONE',  ( 0.8500000000000005329, 0.6472135954999580498, -2.000000000000000000 ) ) ;
#6551 = DIRECTION ( 'NONE',  ( 1.000000000000000000, 0.000000000000000000, -5.421010862427520198E-16 ) ) ;
#6552 = CARTESIAN_POINT ( 'NONE',  ( -1.250000000000000222, 0.1999999999999999833, -1.899999999999999911 ) ) ;
#6553 = ADVANCED_FACE ( 'NONE', ( #5565 ), #9288, .T. ) ;
#6554 = DIRECTION ( 'NONE',  ( 1.000000000000000000, 0.000000000000000000, 5.421010862427520198E-16 ) ) ;
#6555 = EDGE_CURVE ( 'NONE', #1487, #7754, #2249, .T. ) ;
#6556 = FACE_OUTER_BOUND ( 'NONE', #810, .T. ) ;
#6557 = ORIENTED_EDGE ( 'NONE', *, *, #5177, .F. ) ;
#6558 = CARTESIAN_POINT ( 'NONE',  ( -0.1499999999999990785, 0.2000000000000000111, 1.600000000000000311 ) ) ;
#6559 = UNCERTAINTY_MEASURE_WITH_UNIT (LENGTH_MEASURE( 1.000000000000000082E-05 ), #4773, 'distance_accuracy_value', 'NONE');
#6560 = ORIENTED_EDGE ( 'NONE', *, *, #6849, .T. ) ;
#6561 = DIRECTION ( 'NONE',  ( -0.000000000000000000, -1.000000000000000000, -0.000000000000000000 ) ) ;
#6562 = EDGE_LOOP ( 'NONE', ( #6699, #3832, #3815, #840 ) ) ;
#6563 = CARTESIAN_POINT ( 'NONE',  ( 1.249999999999998890, 0.2000000000000013434, -1.732294901687515321 ) ) ;
#6564 = SURFACE_SIDE_STYLE ('',( #8860 ) ) ;
#6565 = AXIS2_PLACEMENT_3D ( 'NONE', #7706, #3780, #1051 ) ;
#6566 = DIRECTION ( 'NONE',  ( 1.000000000000000000, 0.000000000000000000, -5.421010862427523156E-16 ) ) ;
#6567 = CARTESIAN_POINT ( 'NONE',  ( -1.734723475976806306E-15, 0.05000000000000000278, -1.599999999999999867 ) ) ;
#6568 = DIRECTION ( 'NONE',  ( 0.000000000000000000, 0.000000000000000000, -1.000000000000000000 ) ) ;
#6569 = PLANE ( 'NONE',  #5387 ) ;
#6570 = DIRECTION ( 'NONE',  ( 0.000000000000000000, -0.000000000000000000, -1.000000000000000000 ) ) ;
#6571 = VECTOR ( 'NONE', #1517, 1000.000000000000000 ) ;
#6572 = FACE_OUTER_BOUND ( 'NONE', #5993, .T. ) ;
#6573 = FACE_OUTER_BOUND ( 'NONE', #8044, .T. ) ;
#6574 = ORIENTED_EDGE ( 'NONE', *, *, #8888, .T. ) ;
#6575 = CARTESIAN_POINT ( 'NONE',  ( -1.500000000000000222, 0.1999999999999999833, 1.750000000000000000 ) ) ;
#6576 =( LENGTH_UNIT ( ) NAMED_UNIT ( * ) SI_UNIT ( .MILLI., .METRE. ) );
#6577 = ORIENTED_EDGE ( 'NONE', *, *, #5421, .F. ) ;
#6578 = DIRECTION ( 'NONE',  ( 0.000000000000000000, 1.000000000000000000, 0.000000000000000000 ) ) ;
#6579 = CARTESIAN_POINT ( 'NONE',  ( 1.499999999999999778, 6.599999999999999645, 2.000000000000000000 ) ) ;
#6580 = ORIENTED_EDGE ( 'NONE', *, *, #1966, .F. ) ;
#6581 = CARTESIAN_POINT ( 'NONE',  ( -1.100000000000000311, 0.1250000000000000000, -2.000000000000000000 ) ) ;
#6582 = VECTOR ( 'NONE', #3908, 1000.000000000000000 ) ;
#6583 = VERTEX_POINT ( 'NONE', #8574 ) ;
#6584 = CARTESIAN_POINT ( 'NONE',  ( -1.500000000000000000, 0.6472135954999583829, -0.1499999999999995226 ) ) ;
#6585 = EDGE_CURVE ( 'NONE', #7268, #7030, #5441, .T. ) ;
#6586 = ORIENTED_EDGE ( 'NONE', *, *, #1226, .F. ) ;
#6587 = ORIENTED_EDGE ( 'NONE', *, *, #1643, .T. ) ;
#6588 = DIRECTION ( 'NONE',  ( 0.000000000000000000, -1.000000000000000000, 0.000000000000000000 ) ) ;
#6589 = CARTESIAN_POINT ( 'NONE',  ( -1.249999999999999778, 0.1250000000000000000, 1.899999999999999911 ) ) ;
#6590 = CARTESIAN_POINT ( 'NONE',  ( 0.1500000000000003830, 0.2000000000000000111, -1.600000000000000089 ) ) ;
#6591 = DIRECTION ( 'NONE',  ( -0.000000000000000000, 0.000000000000000000, 1.000000000000000000 ) ) ;
#6592 = AXIS2_PLACEMENT_3D ( 'NONE', #4192, #2756, #5007 ) ;
#6593 = CARTESIAN_POINT ( 'NONE',  ( -1.500000000000000222, 0.1250000000000000000, -1.750000000000000000 ) ) ;
#6594 = PRESENTATION_STYLE_ASSIGNMENT (( #2431 ) ) ;
#6595 = CARTESIAN_POINT ( 'NONE',  ( -1.400000000000000133, 0.1250000000000000000, 1.750000000000000000 ) ) ;
#6596 = EDGE_LOOP ( 'NONE', ( #2297, #6834, #7682, #7649 ) ) ;
#6597 = ADVANCED_FACE ( 'NONE', ( #5395 ), #2774, .F. ) ;
#6598 = CARTESIAN_POINT ( 'NONE',  ( 0.6500000000000007994, 0.2000000000000000111, 1.600000000000000089 ) ) ;
#6599 = ORIENTED_EDGE ( 'NONE', *, *, #6042, .T. ) ;
#6600 = AXIS2_PLACEMENT_3D ( 'NONE', #8912, #808, #4377 ) ;
#6601 = EDGE_CURVE ( 'NONE', #7574, #3103, #8750, .T. ) ;
#6602 = CARTESIAN_POINT ( 'NONE',  ( 0.5000000000000000000, 0.2000000000000000111, 0.000000000000000000 ) ) ;
#6603 = ORIENTED_EDGE ( 'NONE', *, *, #3700, .F. ) ;
#6604 = CARTESIAN_POINT ( 'NONE',  ( 1.500000000000000000, 0.000000000000000000, 1.350000000000000533 ) ) ;
#6605 = PLANE ( 'NONE',  #6592 ) ;
#6606 = CARTESIAN_POINT ( 'NONE',  ( 0.000000000000000000, 0.000000000000000000, -2.000000000000000000 ) ) ;
#6607 = CARTESIAN_POINT ( 'NONE',  ( 0.8500000000000009770, 0.1999999999999999833, 1.600000000000000311 ) ) ;
#6608 = CARTESIAN_POINT ( 'NONE',  ( 1.099999999999999867, 0.1999999999999999833, 0.1500000000000001887 ) ) ;
#6609 = CARTESIAN_POINT ( 'NONE',  ( 0.8500000000000010880, 0.000000000000000000, 2.000000000000000000 ) ) ;
#6610 = LINE ( 'NONE', #6328, #38 ) ;
#6611 = ADVANCED_FACE ( 'NONE', ( #2269 ), #2364, .F. ) ;
#6612 = VECTOR ( 'NONE', #9155, 1000.000000000000000 ) ;
#6613 = ORIENTED_EDGE ( 'NONE', *, *, #3618, .F. ) ;
#6614 = CARTESIAN_POINT ( 'NONE',  ( -0.6499999999999993561, 0.05000000000000000278, -1.999999999999999556 ) ) ;
#6615 = CARTESIAN_POINT ( 'NONE',  ( -1.499999999999999778, 0.04999999999999969746, -1.350000000000000089 ) ) ;
#6616 = VECTOR ( 'NONE', #900, 1000.000000000000000 ) ;
#6617 = VERTEX_POINT ( 'NONE', #1295 ) ;
#6618 = MANIFOLD_SOLID_BREP ( 'LPattern4[8]', #3101 ) ;
#6619 = DIRECTION ( 'NONE',  ( -0.000000000000000000, 0.000000000000000000, -1.000000000000000000 ) ) ;
#6620 = EDGE_CURVE ( 'NONE', #8429, #2264, #5408, .T. ) ;
#6621 = ORIENTED_EDGE ( 'NONE', *, *, #276, .T. ) ;
#6622 = CARTESIAN_POINT ( 'NONE',  ( -0.7500000000000000000, 3.201666203960727319, -1.000000000000000888 ) ) ;
#6623 = STYLED_ITEM ( 'NONE', ( #3359 ), #2942 ) ;
#6624 = CARTESIAN_POINT ( 'NONE',  ( -1.400000000000000133, 0.1250000000000000000, -1.750000000000000000 ) ) ;
#6625 = CARTESIAN_POINT ( 'NONE',  ( -1.166666666666666741, 0.6999999999999999556, -1.816666666666666430 ) ) ;
#6626 = EDGE_CURVE ( 'NONE', #3656, #2946, #8822, .T. ) ;
#6627 = CARTESIAN_POINT ( 'NONE',  ( 1.500000000000000000, 0.6472135954999583829, 0.8500000000000005329 ) ) ;
#6628 = UNCERTAINTY_MEASURE_WITH_UNIT (LENGTH_MEASURE( 1.000000000000000082E-05 ), #5741, 'distance_accuracy_value', 'NONE');
#6629 = CARTESIAN_POINT ( 'NONE',  ( 1.099999999999999867, 0.6472135954999583829, -0.6499999999999998002 ) ) ;
#6630 = ADVANCED_FACE ( 'NONE', ( #2455 ), #6955, .F. ) ;
#6631 = VECTOR ( 'NONE', #424, 1000.000000000000000 ) ;
#6632 = FACE_OUTER_BOUND ( 'NONE', #5556, .T. ) ;
#6633 = EDGE_CURVE ( 'NONE', #3501, #7294, #8586, .T. ) ;
#6634 = LINE ( 'NONE', #5533, #3447 ) ;
#6635 = VERTEX_POINT ( 'NONE', #5684 ) ;
#6636 = CARTESIAN_POINT ( 'NONE',  ( -1.166666666666666741, 0.6999999999999999556, -1.666666666666666519 ) ) ;
#6637 = FACE_OUTER_BOUND ( 'NONE', #71, .T. ) ;
#6638 = VERTEX_POINT ( 'NONE', #1914 ) ;
#6639 = PLANE ( 'NONE',  #8250 ) ;
#6640 = CARTESIAN_POINT ( 'NONE',  ( -1.400000000000000133, 0.1250000000000000000, 1.600000000000000089 ) ) ;
#6641 = EDGE_LOOP ( 'NONE', ( #872, #739, #588, #554 ) ) ;
#6642 = EDGE_CURVE ( 'NONE', #3246, #6660, #5513, .T. ) ;
#6643 = VECTOR ( 'NONE', #7556, 1000.000000000000000 ) ;
#6644 = EDGE_CURVE ( 'NONE', #3448, #3550, #2319, .T. ) ;
#6645 = FACE_OUTER_BOUND ( 'NONE', #1210, .T. ) ;
#6646 = LINE ( 'NONE', #6484, #3617 ) ;
#6647 = ORIENTED_EDGE ( 'NONE', *, *, #5857, .F. ) ;
#6648 = CARTESIAN_POINT ( 'NONE',  ( 1.099999999999998979, 0.2000000000000011768, -2.000000000000000000 ) ) ;
#6649 = EDGE_LOOP ( 'NONE', ( #8105, #8944, #2041, #826 ) ) ;
#6650 = AXIS2_PLACEMENT_3D ( 'NONE', #8261, #3261, #4811 ) ;
#6651 = ORIENTED_EDGE ( 'NONE', *, *, #2272, .F. ) ;
#6652 = DIRECTION ( 'NONE',  ( 0.000000000000000000, 0.000000000000000000, -1.000000000000000000 ) ) ;
#6653 = DIRECTION ( 'NONE',  ( -1.000000000000000000, 0.000000000000000000, 5.421010862427520198E-16 ) ) ;
#6654 =( NAMED_UNIT ( * ) SI_UNIT ( $, .STERADIAN. ) SOLID_ANGLE_UNIT ( ) );
#6655 = PRESENTATION_STYLE_ASSIGNMENT (( #5420 ) ) ;
#6656 = CARTESIAN_POINT ( 'NONE',  ( 1.099999999999999867, 0.1999999999999999833, 1.350000000000000311 ) ) ;
#6657 = FACE_OUTER_BOUND ( 'NONE', #2810, .T. ) ;
#6658 = VERTEX_POINT ( 'NONE', #355 ) ;
#6659 = LINE ( 'NONE', #151, #6675 ) ;
#6660 = VERTEX_POINT ( 'NONE', #4901 ) ;
#6661 = PLANE ( 'NONE',  #7697 ) ;
#6662 = ORIENTED_EDGE ( 'NONE', *, *, #8885, .T. ) ;
#6663 = FILL_AREA_STYLE_COLOUR ( '', #8667 ) ;
#6664 = DIRECTION ( 'NONE',  ( -0.000000000000000000, -1.000000000000000000, -0.000000000000000000 ) ) ;
#6665 = SURFACE_SIDE_STYLE ('',( #3076 ) ) ;
#6666 = DIRECTION ( 'NONE',  ( 1.000000000000000000, 0.000000000000000000, 0.000000000000000000 ) ) ;
#6667 = SURFACE_SIDE_STYLE ('',( #8341 ) ) ;
#6668 = CARTESIAN_POINT ( 'NONE',  ( 7.318364664277151971E-16, 0.05000000000000000278, -1.349999999999999201 ) ) ;
#6669 = LINE ( 'NONE', #4631, #3768 ) ;
#6670 = LINE ( 'NONE', #1783, #6698 ) ;
#6671 = ORIENTED_EDGE ( 'NONE', *, *, #3716, .F. ) ;
#6672 = ADVANCED_FACE ( 'NONE', ( #5532 ), #5025, .F. ) ;
#6673 = CARTESIAN_POINT ( 'NONE',  ( 1.249999999999998890, 0.2000000000000013434, -1.732294901687515321 ) ) ;
#6674 = CARTESIAN_POINT ( 'NONE',  ( 1.232294901687515543, 0.1250000000000000000, 1.600000000000000089 ) ) ;
#6675 = VECTOR ( 'NONE', #215, 1000.000000000000000 ) ;
#6676 = EDGE_LOOP ( 'NONE', ( #7543, #1123, #7601, #5778 ) ) ;
#6677 = CARTESIAN_POINT ( 'NONE',  ( -0.6499999999999991340, 0.1999999999999999833, 1.600000000000000311 ) ) ;
#6678 = ORIENTED_EDGE ( 'NONE', *, *, #8331, .F. ) ;
#6679 = FILL_AREA_STYLE_COLOUR ( '', #9276 ) ;
#6680 = ADVANCED_FACE ( 'NONE', ( #8711 ), #3071, .F. ) ;
#6681 = PLANE ( 'NONE',  #7436 ) ;
#6682 = CARTESIAN_POINT ( 'NONE',  ( 1.099999999999999867, 0.6472135954999583829, -1.349999999999999867 ) ) ;
#6683 = MANIFOLD_SOLID_BREP ( 'Boss-Extrude2[1]', #3539 ) ;
#6684 = PLANE ( 'NONE',  #763 ) ;
#6685 = VECTOR ( 'NONE', #1582, 1000.000000000000000 ) ;
#6686 = LINE ( 'NONE', #6595, #581 ) ;
#6687 = VECTOR ( 'NONE', #6815, 1000.000000000000000 ) ;
#6688 = ORIENTED_EDGE ( 'NONE', *, *, #4614, .F. ) ;
#6689 = CARTESIAN_POINT ( 'NONE',  ( -1.249999999999999778, 0.1250000000000000000, 1.899999999999999911 ) ) ;
#6690 = VECTOR ( 'NONE', #3209, 1000.000000000000000 ) ;
#6691 = CARTESIAN_POINT ( 'NONE',  ( -1.232294901687515987, 0.1250000000000000000, 1.600000000000000089 ) ) ;
#6692 = ORIENTED_EDGE ( 'NONE', *, *, #1485, .T. ) ;
#6693 = CARTESIAN_POINT ( 'NONE',  ( -1.099999999999999867, 0.000000000000000000, 0.8500000000000003109 ) ) ;
#6694 = VERTEX_POINT ( 'NONE', #4657 ) ;
#6695 = CARTESIAN_POINT ( 'NONE',  ( -1.400000000000000133, 0.1999999999999999833, 1.600000000000000089 ) ) ;
#6696 = DIRECTION ( 'NONE',  ( 0.000000000000000000, 0.000000000000000000, 1.000000000000000000 ) ) ;
#6697 = FACE_OUTER_BOUND ( 'NONE', #4252, .T. ) ;
#6698 = VECTOR ( 'NONE', #3269, 1000.000000000000000 ) ;
#6699 = ORIENTED_EDGE ( 'NONE', *, *, #1736, .T. ) ;
#6700 =( NAMED_UNIT ( * ) PLANE_ANGLE_UNIT ( ) SI_UNIT ( $, .RADIAN. ) );
#6701 = CARTESIAN_POINT ( 'NONE',  ( -1.500000000000000000, 0.1999999999999999833, -0.6499999999999995781 ) ) ;
#6702 = LINE ( 'NONE', #9156, #319 ) ;
#6703 = ORIENTED_EDGE ( 'NONE', *, *, #4975, .T. ) ;
#6704 = PLANE ( 'NONE',  #496 ) ;
#6705 = VERTEX_POINT ( 'NONE', #3759 ) ;
#6706 = AXIS2_PLACEMENT_3D ( 'NONE', #7400, #9040, #2435 ) ;
#6707 = CARTESIAN_POINT ( 'NONE',  ( -0.3499999999999990896, 0.2000000000000000944, 2.000000000000000000 ) ) ;
#6708 = PLANE ( 'NONE',  #2246 ) ;
#6709 = DIRECTION ( 'NONE',  ( 1.000000000000000000, 0.000000000000000000, 0.000000000000000000 ) ) ;
#6710 = PLANE ( 'NONE',  #5885 ) ;
#6711 = AXIS2_PLACEMENT_3D ( 'NONE', #7608, #7681, #1029 ) ;
#6712 = EDGE_CURVE ( 'NONE', #2515, #5968, #5834, .T. ) ;
#6713 = SURFACE_STYLE_USAGE ( .BOTH. , #2449 ) ;
#6714 = FACE_OUTER_BOUND ( 'NONE', #4990, .T. ) ;
#6715 = VERTEX_POINT ( 'NONE', #1700 ) ;
#6716 = ORIENTED_EDGE ( 'NONE', *, *, #1226, .T. ) ;
#6717 = VERTEX_POINT ( 'NONE', #4516 ) ;
#6718 = EDGE_CURVE ( 'NONE', #4103, #8873, #2526, .T. ) ;
#6719 =( NAMED_UNIT ( * ) PLANE_ANGLE_UNIT ( ) SI_UNIT ( $, .RADIAN. ) );
#6720 = CARTESIAN_POINT ( 'NONE',  ( 1.500000000000000000, 0.04999999999999969746, -0.6499999999999995781 ) ) ;
#6721 = CARTESIAN_POINT ( 'NONE',  ( 1.499999999999999778, 0.1999999999999999833, 1.600000000000000089 ) ) ;
#6722 = CARTESIAN_POINT ( 'NONE',  ( -1.099999999999999867, 0.6472135954999583829, 0.3500000000000002554 ) ) ;
#6723 = EDGE_CURVE ( 'NONE', #6274, #4196, #2678, .T. ) ;
#6725 = FACE_OUTER_BOUND ( 'NONE', #1282, .T. ) ;
#6724 = AXIS2_PLACEMENT_3D ( 'NONE', #4148, #8518, #2092 ) ;
#6726 = VECTOR ( 'NONE', #3211, 1000.000000000000000 ) ;
#6727 = DIRECTION ( 'NONE',  ( 1.000000000000000000, 0.000000000000000000, 0.000000000000000000 ) ) ;
#6728 = ORIENTED_EDGE ( 'NONE', *, *, #2152, .F. ) ;
#6729 = VECTOR ( 'NONE', #4817, 1000.000000000000000 ) ;
#6730 = EDGE_CURVE ( 'NONE', #3704, #8676, #9010, .T. ) ;
#6731 = ORIENTED_EDGE ( 'NONE', *, *, #5262, .F. ) ;
#6732 = ORIENTED_EDGE ( 'NONE', *, *, #1928, .T. ) ;
#6733 = DIRECTION ( 'NONE',  ( 1.000000000000000000, -0.000000000000000000, 5.421010862427520198E-16 ) ) ;
#6734 = EDGE_CURVE ( 'NONE', #5445, #3125, #5756, .T. ) ;
#6735 = EDGE_CURVE ( 'NONE', #7341, #5438, #2693, .T. ) ;
#6736 = EDGE_CURVE ( 'NONE', #6638, #2485, #8859, .T. ) ;
#6737 = CARTESIAN_POINT ( 'NONE',  ( 1.099999999999999867, 0.000000000000000000, 1.150000000000000133 ) ) ;
#6738 = DIRECTION ( 'NONE',  ( 1.000000000000000000, 0.000000000000000000, 1.084202172485504040E-15 ) ) ;
#6739 = STYLED_ITEM ( 'NONE', ( #1586 ), #2185 ) ;
#6740 = DIRECTION ( 'NONE',  ( 0.000000000000000000, -1.000000000000000000, 0.000000000000000000 ) ) ;
#6741 = LINE ( 'NONE', #5244, #357 ) ;
#6742 = ORIENTED_EDGE ( 'NONE', *, *, #8303, .F. ) ;
#6743 = ADVANCED_FACE ( 'NONE', ( #2591 ), #9534, .F. ) ;
#6744 = DIRECTION ( 'NONE',  ( -0.000000000000000000, -1.000000000000000000, -0.000000000000000000 ) ) ;
#6745 = LINE ( 'NONE', #395, #138 ) ;
#6746 = CARTESIAN_POINT ( 'NONE',  ( -0.6499999999999995781, 0.1999999999999999833, -1.600000000000000311 ) ) ;
#6748 = ORIENTED_EDGE ( 'NONE', *, *, #9546, .T. ) ;
#6747 = CARTESIAN_POINT ( 'NONE',  ( 1.499999999999999778, 0.05000000000000000278, 2.000000000000000000 ) ) ;
#6749 = CARTESIAN_POINT ( 'NONE',  ( -0.1499999999999990785, 0.1999999999999999833, 1.600000000000000311 ) ) ;
#6750 = DIRECTION ( 'NONE',  ( -1.000000000000000000, 0.000000000000000000, 5.421010862427523156E-16 ) ) ;
#6751 = ORIENTED_EDGE ( 'NONE', *, *, #7567, .F. ) ;
#6752 = EDGE_CURVE ( 'NONE', #6715, #7909, #2548, .T. ) ;
#6753 = ADVANCED_FACE ( 'NONE', ( #5655 ), #9024, .F. ) ;
#6754 =( LENGTH_UNIT ( ) NAMED_UNIT ( * ) SI_UNIT ( .MILLI., .METRE. ) );
#6755 = CARTESIAN_POINT ( 'NONE',  ( 0.1500000000000009381, 0.6472135954999580498, 2.000000000000000000 ) ) ;
#6756 = AXIS2_PLACEMENT_3D ( 'NONE', #3146, #9034, #9094 ) ;
#6757 = VECTOR ( 'NONE', #3379, 1000.000000000000000 ) ;
#6758 = LINE ( 'NONE', #9319, #7056 ) ;
#6759 = EDGE_LOOP ( 'NONE', ( #2411, #2355, #5102, #2757 ) ) ;
#6760 = DIRECTION ( 'NONE',  ( -1.000000000000000000, 0.000000000000000000, 5.421010862427520198E-16 ) ) ;
#6761 = DIRECTION ( 'NONE',  ( 1.000000000000000000, 0.000000000000000000, -5.421010862427520198E-16 ) ) ;
#6762 = LINE ( 'NONE', #9317, #257 ) ;
#6763 = ORIENTED_EDGE ( 'NONE', *, *, #8434, .T. ) ;
#6764 = CARTESIAN_POINT ( 'NONE',  ( -0.6499999999999995781, 0.2000000000000000111, -1.600000000000000311 ) ) ;
#6765 = EDGE_LOOP ( 'NONE', ( #8580, #8719, #5266, #6428 ) ) ;
#6766 = PRESENTATION_LAYER_ASSIGNMENT (  '', '', ( #7232 ) ) ;
#6767 = DIRECTION ( 'NONE',  ( 0.000000000000000000, 0.000000000000000000, 1.000000000000000000 ) ) ;
#6768 = CARTESIAN_POINT ( 'NONE',  ( -0.8499999999999992006, 0.04999999999999999584, 1.600000000000000089 ) ) ;
#6769 = PLANE ( 'NONE',  #1266 ) ;
#6770 = CARTESIAN_POINT ( 'NONE',  ( 6.234162491791650496E-16, 0.05000000000000000278, -1.150000000000000355 ) ) ;
#6771 = LINE ( 'NONE', #8447, #6643 ) ;
#6772 = DIRECTION ( 'NONE',  ( 5.421010862427520198E-16, 0.000000000000000000, -1.000000000000000000 ) ) ;
#6773 = LINE ( 'NONE', #398, #3590 ) ;
#6774 = DIRECTION ( 'NONE',  ( -1.000000000000000000, 0.000000000000000000, -0.000000000000000000 ) ) ;
#6775 = VERTEX_POINT ( 'NONE', #8254 ) ;
#6776 = LINE ( 'NONE', #5185, #410 ) ;
#6777 = ORIENTED_EDGE ( 'NONE', *, *, #8608, .F. ) ;
#6778 = CARTESIAN_POINT ( 'NONE',  ( -1.100000000000000311, 0.1999999999999999833, -1.899999999999999911 ) ) ;
#6779 = UNCERTAINTY_MEASURE_WITH_UNIT (LENGTH_MEASURE( 1.000000000000000082E-05 ), #2899, 'distance_accuracy_value', 'NONE');
#6780 = EDGE_LOOP ( 'NONE', ( #2031, #5222, #9035, #5172 ) ) ;
#6781 = CARTESIAN_POINT ( 'NONE',  ( 0.1500000000000008271, 0.000000000000000000, 1.600000000000000089 ) ) ;
#6782 = CARTESIAN_POINT ( 'NONE',  ( 1.499999999999999778, 0.1250000000000000000, -1.600000000000000089 ) ) ;
#6783 = CARTESIAN_POINT ( 'NONE',  ( 1.249999999999999334, 0.1250000000000013600, -1.732294901687515321 ) ) ;
#6784 = DIRECTION ( 'NONE',  ( 0.000000000000000000, 0.000000000000000000, 1.000000000000000000 ) ) ;
#6785 = VECTOR ( 'NONE', #3221, 1000.000000000000000 ) ;
#6786 = EDGE_CURVE ( 'NONE', #7297, #5688, #2508, .T. ) ;
#6787 = VECTOR ( 'NONE', #2768, 1000.000000000000000 ) ;
#6788 = LINE ( 'NONE', #5781, #3701 ) ;
#6789 = PLANE ( 'NONE',  #9133 ) ;
#6790 = VERTEX_POINT ( 'NONE', #2151 ) ;
#6791 = VECTOR ( 'NONE', #513, 1000.000000000000000 ) ;
#6792 = VERTEX_POINT ( 'NONE', #9472 ) ;
#6793 = DIRECTION ( 'NONE',  ( 0.000000000000000000, 0.000000000000000000, 1.000000000000000000 ) ) ;
#6794 = ORIENTED_EDGE ( 'NONE', *, *, #6252, .F. ) ;
#6795 = DIRECTION ( 'NONE',  ( 1.000000000000000000, 0.000000000000000000, -5.421010862427523156E-16 ) ) ;
#6796 = DIRECTION ( 'NONE',  ( 5.782411586589358822E-15, -1.000000000000000000, 0.000000000000000000 ) ) ;
#6797 = PLANE ( 'NONE',  #9370 ) ;
#6798 = CARTESIAN_POINT ( 'NONE',  ( -1.400000000000000133, 0.1999999999999999833, 1.750000000000000000 ) ) ;
#6799 = VECTOR ( 'NONE', #4586, 1000.000000000000000 ) ;
#6800 = LINE ( 'NONE', #233, #434 ) ;
#6801 = LINE ( 'NONE', #7575, #3734 ) ;
#6802 = VERTEX_POINT ( 'NONE', #799 ) ;
#6803 = FACE_OUTER_BOUND ( 'NONE', #7807, .T. ) ;
#6804 = DIRECTION ( 'NONE',  ( 0.000000000000000000, -0.000000000000000000, 1.000000000000000000 ) ) ;
#6806 = ORIENTED_EDGE ( 'NONE', *, *, #6400, .T. ) ;
#6805 = DIRECTION ( 'NONE',  ( -1.084202172485504040E-15, 0.000000000000000000, 1.000000000000000000 ) ) ;
#6807 = PLANE ( 'NONE',  #5236 ) ;
#6808 = ORIENTED_EDGE ( 'NONE', *, *, #5227, .F. ) ;
#6809 = CARTESIAN_POINT ( 'NONE',  ( 0.000000000000000000, 0.000000000000000000, 0.000000000000000000 ) ) ;
#6810 = CARTESIAN_POINT ( 'NONE',  ( 1.399999999999999689, 0.1999999999999999833, 1.750000000000000000 ) ) ;
#6811 =( GEOMETRIC_REPRESENTATION_CONTEXT ( 3 ) GLOBAL_UNCERTAINTY_ASSIGNED_CONTEXT ( ( #5157 ) ) GLOBAL_UNIT_ASSIGNED_CONTEXT ( ( #1563, #9452, #4564 ) ) REPRESENTATION_CONTEXT ( 'NONE', 'WORKASPACE' ) );
#6812 = LINE ( 'NONE', #1551, #3543 ) ;
#6813 = VECTOR ( 'NONE', #1555, 1000.000000000000000 ) ;
#6814 = CLOSED_SHELL ( 'NONE', ( #2493, #1054, #4124, #9540, #8904, #5507 ) ) ;
#6815 = DIRECTION ( 'NONE',  ( 0.000000000000000000, 0.000000000000000000, -1.000000000000000000 ) ) ;
#6816 = ADVANCED_FACE ( 'NONE', ( #5674 ), #875, .F. ) ;
#6817 = FACE_OUTER_BOUND ( 'NONE', #6649, .T. ) ;
#6818 = ORIENTED_EDGE ( 'NONE', *, *, #8198, .T. ) ;
#6819 = EDGE_CURVE ( 'NONE', #5688, #1192, #8875, .T. ) ;
#6820 = VERTEX_POINT ( 'NONE', #2671 ) ;
#6821 = STYLED_ITEM ( 'NONE', ( #5843 ), #2707 ) ;
#6822 = EDGE_CURVE ( 'NONE', #8282, #6617, #5780, .T. ) ;
#6823 = CARTESIAN_POINT ( 'NONE',  ( 0.3500000000000004774, 0.1999999999999999833, -2.000000000000000000 ) ) ;
#6824 = DIRECTION ( 'NONE',  ( -1.084202172485504040E-15, 0.000000000000000000, -1.000000000000000000 ) ) ;
#6825 = ADVANCED_FACE ( 'NONE', ( #8892 ), #1168, .F. ) ;
#6826 = EDGE_CURVE ( 'NONE', #1393, #4166, #5717, .T. ) ;
#6827 = CARTESIAN_POINT ( 'NONE',  ( 0.7500000000000000000, 3.201666203960727319, -1.300000000000000266 ) ) ;
#6828 =( NAMED_UNIT ( * ) PLANE_ANGLE_UNIT ( ) SI_UNIT ( $, .RADIAN. ) );
#6829 = FACE_BOUND ( 'NONE', #7733, .T. ) ;
#6830 = EDGE_CURVE ( 'NONE', #5937, #1202, #5736, .T. ) ;
#6831 = LINE ( 'NONE', #2689, #6902 ) ;
#6832 = CARTESIAN_POINT ( 'NONE',  ( 1.399999999999999689, 0.1250000000000000000, -1.750000000000000000 ) ) ;
#6833 = ORIENTED_EDGE ( 'NONE', *, *, #7466, .F. ) ;
#6834 = ORIENTED_EDGE ( 'NONE', *, *, #2399, .T. ) ;
#6835 = CARTESIAN_POINT ( 'NONE',  ( -1.099999999999999867, 0.6472135954999583829, 0.3500000000000002554 ) ) ;
#6836 = VERTEX_POINT ( 'NONE', #2482 ) ;
#6837 = CARTESIAN_POINT ( 'NONE',  ( 0.1500000000000008271, 0.2000000000000000111, 1.600000000000000089 ) ) ;
#6838 = EDGE_CURVE ( 'NONE', #7439, #4867, #5403, .T. ) ;
#6839 =( GEOMETRIC_REPRESENTATION_CONTEXT ( 3 ) GLOBAL_UNCERTAINTY_ASSIGNED_CONTEXT ( ( #2462 ) ) GLOBAL_UNIT_ASSIGNED_CONTEXT ( ( #6999, #3273, #459 ) ) REPRESENTATION_CONTEXT ( 'NONE', 'WORKASPACE' ) );
#6840 = CARTESIAN_POINT ( 'NONE',  ( -0.1499999999999990785, 0.1999999999999999833, 1.600000000000000311 ) ) ;
#6841 = DIRECTION ( 'NONE',  ( 0.000000000000000000, -1.000000000000000000, 0.000000000000000000 ) ) ;
#6842 = LINE ( 'NONE', #103, #282 ) ;
#6843 = EDGE_CURVE ( 'NONE', #7112, #3265, #8760, .T. ) ;
#6844 = EDGE_CURVE ( 'NONE', #3675, #7574, #8865, .T. ) ;
#6845 = FACE_OUTER_BOUND ( 'NONE', #6780, .T. ) ;
#6846 = CARTESIAN_POINT ( 'NONE',  ( 1.099999999999999867, 0.000000000000000000, 0.8500000000000003109 ) ) ;
#6847 = EDGE_LOOP ( 'NONE', ( #1780, #4456, #4807, #1747 ) ) ;
#6848 = CARTESIAN_POINT ( 'NONE',  ( -0.1499999999999995226, 0.2000000000000000111, -2.000000000000000000 ) ) ;
#6849 = EDGE_CURVE ( 'NONE', #2077, #4501, #5587, .T. ) ;
#6850 = LINE ( 'NONE', #1876, #7096 ) ;
#6851 = VERTEX_POINT ( 'NONE', #5510 ) ;
#6852 = CARTESIAN_POINT ( 'NONE',  ( -0.8499999999999996447, 0.1999999999999999833, -1.600000000000000089 ) ) ;
#6853 = AXIS2_PLACEMENT_3D ( 'NONE', #4404, #3491, #9562 ) ;
#6854 = VERTEX_POINT ( 'NONE', #7897 ) ;
#6855 = CARTESIAN_POINT ( 'NONE',  ( 0.7500000000000000000, 0.2000000000000000944, -1.300000000000000266 ) ) ;
#6856 = DIRECTION ( 'NONE',  ( 1.000000000000000000, -0.000000000000000000, 5.421010862427523156E-16 ) ) ;
#6857 = DIRECTION ( 'NONE',  ( 1.000000000000000000, -0.000000000000000000, 5.421010862427523403E-17 ) ) ;
#6858 = AXIS2_PLACEMENT_3D ( 'NONE', #8929, #3545, #2856 ) ;
#6859 = VECTOR ( 'NONE', #6888, 1000.000000000000000 ) ;
#6860 = ORIENTED_EDGE ( 'NONE', *, *, #8156, .T. ) ;
#6861 = EDGE_CURVE ( 'NONE', #1271, #6440, #8795, .T. ) ;
#6862 = CARTESIAN_POINT ( 'NONE',  ( 1.499999999999999778, 0.1250000000000000000, -1.600000000000000089 ) ) ;
#6863 = VECTOR ( 'NONE', #5677, 1000.000000000000000 ) ;
#6864 = ORIENTED_EDGE ( 'NONE', *, *, #8710, .F. ) ;
#6865 = CARTESIAN_POINT ( 'NONE',  ( 1.099999999999999867, 0.6472135954999583829, 0.6500000000000001332 ) ) ;
#6866 = ORIENTED_EDGE ( 'NONE', *, *, #6536, .F. ) ;
#6867 = CARTESIAN_POINT ( 'NONE',  ( 1.099999999999999867, 0.1999999999999999833, 0.6500000000000001332 ) ) ;
#6868 = EDGE_LOOP ( 'NONE', ( #9371, #1897, #4619, #1536 ) ) ;
#6869 = AXIS2_PLACEMENT_3D ( 'NONE', #849, #8884, #3866 ) ;
#6870 = CARTESIAN_POINT ( 'NONE',  ( -0.3499999999999996447, 0.000000000000000000, -2.000000000000000000 ) ) ;
#6871 = DIRECTION ( 'NONE',  ( -0.000000000000000000, -1.000000000000000000, -0.000000000000000000 ) ) ;
#6872 = LINE ( 'NONE', #472, #3632 ) ;
#6873 = LINE ( 'NONE', #5656, #465 ) ;
#6874 = ORIENTED_EDGE ( 'NONE', *, *, #1249, .F. ) ;
#6875 = DIRECTION ( 'NONE',  ( -1.000000000000000000, 0.000000000000000000, 1.084202172485504040E-15 ) ) ;
#6876 = AXIS2_PLACEMENT_3D ( 'NONE', #5600, #8613, #8059 ) ;
#6877 =( LENGTH_UNIT ( ) NAMED_UNIT ( * ) SI_UNIT ( .MILLI., .METRE. ) );
#6878 = LINE ( 'NONE', #6622, #467 ) ;
#6879 = ORIENTED_EDGE ( 'NONE', *, *, #8213, .T. ) ;
#6880 = DIRECTION ( 'NONE',  ( -1.000000000000000000, 0.000000000000000000, 5.421010862427523156E-16 ) ) ;
#6881 = VERTEX_POINT ( 'NONE', #200 ) ;
#6882 = CARTESIAN_POINT ( 'NONE',  ( 1.099999999999999867, 0.1999999999999999833, -0.1499999999999997446 ) ) ;
#6883 = ADVANCED_FACE ( 'NONE', ( #2376 ), #5577, .F. ) ;
#6884 = CARTESIAN_POINT ( 'NONE',  ( 0.6500000000000003553, 0.1999999999999999833, -1.600000000000000089 ) ) ;
#6885 = FILL_AREA_STYLE ('',( #6023 ) ) ;
#6886 = VECTOR ( 'NONE', #4897, 1000.000000000000000 ) ;
#6887 = LINE ( 'NONE', #115, #7038 ) ;
#6888 = DIRECTION ( 'NONE',  ( -0.000000000000000000, -1.000000000000000000, -0.000000000000000000 ) ) ;
#6889 = EDGE_LOOP ( 'NONE', ( #2371, #8848, #5960, #5400 ) ) ;
#6890 = ADVANCED_FACE ( 'NONE', ( #5683 ), #4730, .F. ) ;
#6891 = VECTOR ( 'NONE', #7841, 1000.000000000000000 ) ;
#6892 = VERTEX_POINT ( 'NONE', #6226 ) ;
#6893 = VERTEX_POINT ( 'NONE', #1990 ) ;
#6894 = DIRECTION ( 'NONE',  ( 5.421010862427523156E-16, 0.000000000000000000, 1.000000000000000000 ) ) ;
#6895 = ORIENTED_EDGE ( 'NONE', *, *, #2266, .F. ) ;
#6896 = DIRECTION ( 'NONE',  ( 1.000000000000000000, -0.000000000000000000, -0.000000000000000000 ) ) ;
#6897 = ADVANCED_FACE ( 'NONE', ( #8812 ), #2735, .T. ) ;
#6898 = DIRECTION ( 'NONE',  ( 0.000000000000000000, 0.000000000000000000, -1.000000000000000000 ) ) ;
#6899 = CARTESIAN_POINT ( 'NONE',  ( 1.499999999999999778, 0.05000000000000000278, -2.000000000000000000 ) ) ;
#6900 = DIRECTION ( 'NONE',  ( 1.000000000000000000, 0.000000000000000000, 0.000000000000000000 ) ) ;
#6901 = LINE ( 'NONE', #1909, #4072 ) ;
#6902 = VECTOR ( 'NONE', #4937, 1000.000000000000000 ) ;
#6903 = CARTESIAN_POINT ( 'NONE',  ( -1.099999999999999867, 0.1999999999999999833, -1.149999999999999689 ) ) ;
#6904 = ORIENTED_EDGE ( 'NONE', *, *, #159, .F. ) ;
#6905 =( NAMED_UNIT ( * ) SI_UNIT ( $, .STERADIAN. ) SOLID_ANGLE_UNIT ( ) );
#6906 = LINE ( 'NONE', #2705, #6968 ) ;
#6907 = VERTEX_POINT ( 'NONE', #5698 ) ;
#6908 = ORIENTED_EDGE ( 'NONE', *, *, #5981, .T. ) ;
#6909 = ORIENTED_EDGE ( 'NONE', *, *, #8094, .T. ) ;
#6910 = CARTESIAN_POINT ( 'NONE',  ( -0.1499999999999995226, 0.6472135954999580498, -1.600000000000000311 ) ) ;
#6911 = AXIS2_PLACEMENT_3D ( 'NONE', #219, #977, #2574 ) ;
#6912 = PLANE ( 'NONE',  #4824 ) ;
#6913 = PLANE ( 'NONE',  #4643 ) ;
#6914 = DIRECTION ( 'NONE',  ( -1.000000000000000000, 0.000000000000000000, -0.000000000000000000 ) ) ;
#6915 = DIRECTION ( 'NONE',  ( -1.084202172485501673E-15, 0.000000000000000000, -1.000000000000000000 ) ) ;
#6916 = PRESENTATION_LAYER_ASSIGNMENT (  '', '', ( #5956 ) ) ;
#6917 = EDGE_CURVE ( 'NONE', #7297, #6189, #8622, .T. ) ;
#6918 = VECTOR ( 'NONE', #8284, 1000.000000000000000 ) ;
#6919 = CIRCLE ( 'NONE', #4047, 0.1499999999999999667 ) ;
#6920 = ORIENTED_EDGE ( 'NONE', *, *, #5531, .F. ) ;
#6921 = LINE ( 'NONE', #704, #3703 ) ;
#6922 = ORIENTED_EDGE ( 'NONE', *, *, #1948, .T. ) ;
#6923 = PLANE ( 'NONE',  #3927 ) ;
#6924 = EDGE_LOOP ( 'NONE', ( #3677, #1460, #3653, #3838 ) ) ;
#6925 = ORIENTED_EDGE ( 'NONE', *, *, #4981, .F. ) ;
#6926 = AXIS2_PLACEMENT_3D ( 'NONE', #577, #1416, #6994 ) ;
#6927 = CARTESIAN_POINT ( 'NONE',  ( -1.500000000000000444, 0.1999999999999996503, 0.8500000000000007550 ) ) ;
#6928 = EDGE_CURVE ( 'NONE', #7393, #6457, #2484, .T. ) ;
#6930 = VECTOR ( 'NONE', #634, 1000.000000000000000 ) ;
#6929 = AXIS2_PLACEMENT_3D ( 'NONE', #1980, #2722, #2783 ) ;
#6931 = VECTOR ( 'NONE', #2453, 1000.000000000000000 ) ;
#6932 = VERTEX_POINT ( 'NONE', #4862 ) ;
#6933 = FACE_OUTER_BOUND ( 'NONE', #572, .T. ) ;
#6934 = EDGE_CURVE ( 'NONE', #4176, #8022, #2327, .T. ) ;
#6935 = VERTEX_POINT ( 'NONE', #6070 ) ;
#6936 = VERTEX_POINT ( 'NONE', #7171 ) ;
#6937 = SURFACE_STYLE_USAGE ( .BOTH. , #2010 ) ;
#6938 = EDGE_LOOP ( 'NONE', ( #7381, #1575, #7676, #5171 ) ) ;
#6939 = DIRECTION ( 'NONE',  ( -1.084202172485501673E-15, 0.000000000000000000, 1.000000000000000000 ) ) ;
#6940 = EDGE_CURVE ( 'NONE', #6361, #4869, #2257, .T. ) ;
#6941 = DIRECTION ( 'NONE',  ( 1.000000000000000000, -0.000000000000000000, 5.421010862427523156E-16 ) ) ;
#6942 = CARTESIAN_POINT ( 'NONE',  ( -1.249999999999999778, 0.1250000000000000000, 1.899999999999999911 ) ) ;
#6943 = DIRECTION ( 'NONE',  ( 1.000000000000000000, 0.000000000000000000, 1.084202172485504040E-15 ) ) ;
#6944 = LINE ( 'NONE', #4117, #423 ) ;
#6945 = DIRECTION ( 'NONE',  ( 1.000000000000000000, 0.000000000000000000, 0.000000000000000000 ) ) ;
#6946 = ORIENTED_EDGE ( 'NONE', *, *, #3092, .F. ) ;
#6947 = EDGE_CURVE ( 'NONE', #6213, #1869, #8851, .T. ) ;
#6948 = STYLED_ITEM ( 'NONE', ( #8523 ), #6680 ) ;
#6949 = LINE ( 'NONE', #2005, #6791 ) ;
#6950 = ORIENTED_EDGE ( 'NONE', *, *, #5552, .T. ) ;
#6951 = DIRECTION ( 'NONE',  ( 1.000000000000000000, 0.000000000000000000, -2.710505431213761578E-16 ) ) ;
#6952 = AXIS2_PLACEMENT_3D ( 'NONE', #4370, #2776, #7879 ) ;
#6953 = ORIENTED_EDGE ( 'NONE', *, *, #2385, .F. ) ;
#6954 = DIRECTION ( 'NONE',  ( 0.000000000000000000, 0.000000000000000000, -1.000000000000000000 ) ) ;
#6955 = PLANE ( 'NONE',  #4492 ) ;
#6956 = EDGE_CURVE ( 'NONE', #1065, #6851, #2225, .T. ) ;
#6957 = CARTESIAN_POINT ( 'NONE',  ( 0.3500000000000004774, 0.1999999999999999833, -1.600000000000000311 ) ) ;
#6958 = ADVANCED_FACE ( 'NONE', ( #2183 ), #6704, .F. ) ;
#6959 = EDGE_CURVE ( 'NONE', #307, #9520, #2448, .T. ) ;
#6960 = CARTESIAN_POINT ( 'NONE',  ( -1.099999999999999867, 0.000000000000000000, -1.149999999999999689 ) ) ;
#6961 = AXIS2_PLACEMENT_3D ( 'NONE', #5305, #6021, #7496 ) ;
#6962 = PLANE ( 'NONE',  #1229 ) ;
#6963 = FACE_OUTER_BOUND ( 'NONE', #3156, .T. ) ;
#6964 = VECTOR ( 'NONE', #7503, 1000.000000000000000 ) ;
#6965 = CARTESIAN_POINT ( 'NONE',  ( -0.3499999999999996447, 0.2000000000000000111, -2.000000000000000000 ) ) ;
#6966 = ORIENTED_EDGE ( 'NONE', *, *, #6490, .T. ) ;
#6967 = CARTESIAN_POINT ( 'NONE',  ( -1.099999999999999867, 0.1999999999999999833, -0.6499999999999998002 ) ) ;
#6968 = VECTOR ( 'NONE', #1290, 1000.000000000000000 ) ;
#6969 = ORIENTED_EDGE ( 'NONE', *, *, #3092, .T. ) ;
#6970 = VERTEX_POINT ( 'NONE', #618 ) ;
#6971 = DIRECTION ( 'NONE',  ( 1.000000000000000000, -0.000000000000000000, 1.084202172485504040E-15 ) ) ;
#6972 = ADVANCED_FACE ( 'NONE', ( #8541 ), #5110, .T. ) ;
#6973 = CARTESIAN_POINT ( 'NONE',  ( -1.500000000000000222, 0.1999999999999999833, 1.750000000000000000 ) ) ;
#6974 = EDGE_CURVE ( 'NONE', #7025, #9262, #2277, .T. ) ;
#6975 = SURFACE_SIDE_STYLE ('',( #5645 ) ) ;
#6976 = DIRECTION ( 'NONE',  ( 1.000000000000000000, 5.782411586589359611E-15, -1.445602896647339163E-16 ) ) ;
#6977 = LINE ( 'NONE', #2888, #613 ) ;
#6978 = VECTOR ( 'NONE', #8673, 1000.000000000000000 ) ;
#6979 = EDGE_LOOP ( 'NONE', ( #5723, #6254, #3016, #2807 ) ) ;
#6980 = LINE ( 'NONE', #5274, #6799 ) ;
#6981 = VECTOR ( 'NONE', #7289, 1000.000000000000000 ) ;
#6982 = CARTESIAN_POINT ( 'NONE',  ( 1.399999999999999689, 0.1999999999999999833, -1.600000000000000089 ) ) ;
#6983 = ORIENTED_EDGE ( 'NONE', *, *, #4088, .T. ) ;
#6984 = ORIENTED_EDGE ( 'NONE', *, *, #5619, .F. ) ;
#6985 = DIRECTION ( 'NONE',  ( -0.7071067811865516806, -0.000000000000000000, 0.7071067811865434649 ) ) ;
#6986 = DIRECTION ( 'NONE',  ( 0.000000000000000000, 1.000000000000000000, 0.000000000000000000 ) ) ;
#6987 =( GEOMETRIC_REPRESENTATION_CONTEXT ( 3 ) GLOBAL_UNCERTAINTY_ASSIGNED_CONTEXT ( ( #6779 ) ) GLOBAL_UNIT_ASSIGNED_CONTEXT ( ( #2899, #2959, #6385 ) ) REPRESENTATION_CONTEXT ( 'NONE', 'WORKASPACE' ) );
#6988 = DIRECTION ( 'NONE',  ( 0.000000000000000000, -1.000000000000000000, 0.000000000000000000 ) ) ;
#6989 = CARTESIAN_POINT ( 'NONE',  ( -1.099999999999999867, 0.1999999999999999833, 1.350000000000000311 ) ) ;
#6990 = VERTEX_POINT ( 'NONE', #2438 ) ;
#6991 = VECTOR ( 'NONE', #2265, 1000.000000000000000 ) ;
#6992 = LINE ( 'NONE', #2248, #3793 ) ;
#6993 = EDGE_LOOP ( 'NONE', ( #7348, #4777, #4854, #7072 ) ) ;
#6994 = DIRECTION ( 'NONE',  ( 1.000000000000000000, 1.084202172485504828E-15, 0.000000000000000000 ) ) ;
#6995 = VECTOR ( 'NONE', #2417, 1000.000000000000000 ) ;
#6996 = VECTOR ( 'NONE', #6480, 1000.000000000000000 ) ;
#6997 = ORIENTED_EDGE ( 'NONE', *, *, #4076, .T. ) ;
#6998 = EDGE_LOOP ( 'NONE', ( #9489, #1658, #5767, #5312 ) ) ;
#6999 =( LENGTH_UNIT ( ) NAMED_UNIT ( * ) SI_UNIT ( .MILLI., .METRE. ) );
#7000 = ORIENTED_EDGE ( 'NONE', *, *, #3348, .T. ) ;
#7001 = MANIFOLD_SOLID_BREP ( 'LPattern4[9]', #630 ) ;
#7002 = CARTESIAN_POINT ( 'NONE',  ( 1.099999999999999867, 0.000000000000000000, 1.350000000000000311 ) ) ;
#7003 = DIRECTION ( 'NONE',  ( 0.000000000000000000, 1.000000000000000000, 0.000000000000000000 ) ) ;
#7004 = DIRECTION ( 'NONE',  ( 1.000000000000000000, 0.000000000000000000, 5.421010862427524019E-17 ) ) ;
#7005 = CARTESIAN_POINT ( 'NONE',  ( -1.400000000000000133, 0.000000000000000000, 5.421010862427523711E-18 ) ) ;
#7006 = DIRECTION ( 'NONE',  ( 0.000000000000000000, 0.000000000000000000, 1.000000000000000000 ) ) ;
#7007 = EDGE_LOOP ( 'NONE', ( #9209, #134, #6317, #3422 ) ) ;
#7008 = VECTOR ( 'NONE', #8833, 1000.000000000000000 ) ;
#7009 = DIRECTION ( 'NONE',  ( 1.000000000000000000, 0.000000000000000000, -5.421010862427523156E-16 ) ) ;
#7010 = ORIENTED_EDGE ( 'NONE', *, *, #2819, .F. ) ;
#7011 = DIRECTION ( 'NONE',  ( 1.000000000000000000, 0.000000000000000000, 5.421010862427520198E-16 ) ) ;
#7012 = LINE ( 'NONE', #4356, #451 ) ;
#7013 = VERTEX_POINT ( 'NONE', #8273 ) ;
#7014 = ORIENTED_EDGE ( 'NONE', *, *, #2467, .T. ) ;
#7015 = EDGE_CURVE ( 'NONE', #1913, #4414, #8554, .T. ) ;
#7016 = PLANE ( 'NONE',  #9179 ) ;
#7017 = ORIENTED_EDGE ( 'NONE', *, *, #3348, .F. ) ;
#7018 = CARTESIAN_POINT ( 'NONE',  ( -1.099999999999999867, 0.6472135954999583829, 0.6500000000000001332 ) ) ;
#7019 = PLANE ( 'NONE',  #6952 ) ;
#7020 = DIRECTION ( 'NONE',  ( -1.084202172485501673E-15, 0.000000000000000000, -1.000000000000000000 ) ) ;
#7021 = ORIENTED_EDGE ( 'NONE', *, *, #7331, .T. ) ;
#7022 = AXIS2_PLACEMENT_3D ( 'NONE', #84, #1650, #3760 ) ;
#7023 = DIRECTION ( 'NONE',  ( 1.000000000000000000, -0.000000000000000000, -0.000000000000000000 ) ) ;
#7024 = CARTESIAN_POINT ( 'NONE',  ( -1.734723475976806306E-15, 0.05000000000000000278, 1.599999999999999867 ) ) ;
#7025 = VERTEX_POINT ( 'NONE', #8983 ) ;
#7026 = SURFACE_STYLE_FILL_AREA ( #7487 ) ;
#7027 = LINE ( 'NONE', #1211, #3874 ) ;
#7028 = ORIENTED_EDGE ( 'NONE', *, *, #5308, .F. ) ;
#7029 = VERTEX_POINT ( 'NONE', #3845 ) ;
#7030 = VERTEX_POINT ( 'NONE', #2111 ) ;
#7031 =( NAMED_UNIT ( * ) PLANE_ANGLE_UNIT ( ) SI_UNIT ( $, .RADIAN. ) );
#7032 = STYLED_ITEM ( 'NONE', ( #5457 ), #4379 ) ;
#7033 = EDGE_CURVE ( 'NONE', #1594, #8461, #2169, .T. ) ;
#7034 = ADVANCED_FACE ( 'NONE', ( #5761 ), #7245, .F. ) ;
#7035 = CARTESIAN_POINT ( 'NONE',  ( 0.3500000000000004774, 0.6472135954999580498, -1.600000000000000311 ) ) ;
#7036 = DIRECTION ( 'NONE',  ( -1.000000000000000000, 0.000000000000000000, -1.084202172485504040E-15 ) ) ;
#7037 = ORIENTED_EDGE ( 'NONE', *, *, #599, .F. ) ;
#7038 = VECTOR ( 'NONE', #5836, 1000.000000000000000 ) ;
#7039 = ORIENTED_EDGE ( 'NONE', *, *, #6077, .F. ) ;
#7040 = ADVANCED_FACE ( 'NONE', ( #5905 ), #3098, .T. ) ;
#7041 = LINE ( 'NONE', #5779, #524 ) ;
#7042 = CARTESIAN_POINT ( 'NONE',  ( -1.099999999999999867, 0.1999999999999999833, 0.8500000000000003109 ) ) ;
#7043 = VERTEX_POINT ( 'NONE', #1954 ) ;
#7044 = PLANE ( 'NONE',  #3879 ) ;
#7045 = ORIENTED_EDGE ( 'NONE', *, *, #4214, .F. ) ;
#7046 = EDGE_CURVE ( 'NONE', #4365, #6935, #2734, .T. ) ;
#7047 = DIRECTION ( 'NONE',  ( 1.000000000000000000, 0.000000000000000000, 1.084202172485504040E-15 ) ) ;
#7048 = ADVANCED_FACE ( 'NONE', ( #2716 ), #5008, .F. ) ;
#7049 = AXIS2_PLACEMENT_3D ( 'NONE', #3468, #6900, #7737 ) ;
#7050 = DIRECTION ( 'NONE',  ( -1.000000000000000000, 0.000000000000000000, -5.421010862427523156E-16 ) ) ;
#7051 = EDGE_CURVE ( 'NONE', #9177, #1393, #8997, .T. ) ;
#7052 = DIRECTION ( 'NONE',  ( -1.000000000000000000, 0.000000000000000000, -5.421010862427520198E-16 ) ) ;
#7053 = ORIENTED_EDGE ( 'NONE', *, *, #9524, .F. ) ;
#7054 = VECTOR ( 'NONE', #4509, 1000.000000000000000 ) ;
#7055 = EDGE_CURVE ( 'NONE', #1510, #5332, #9135, .T. ) ;
#7056 = VECTOR ( 'NONE', #2874, 1000.000000000000000 ) ;
#7057 = ORIENTED_EDGE ( 'NONE', *, *, #1754, .F. ) ;
#7058 = CARTESIAN_POINT ( 'NONE',  ( -1.232294901687515987, 0.1999999999999999833, -1.750000000000000000 ) ) ;
#7059 = LINE ( 'NONE', #340, #3816 ) ;
#7060 = EDGE_CURVE ( 'NONE', #9513, #5899, #5891, .T. ) ;
#7061 = CARTESIAN_POINT ( 'NONE',  ( -0.7500000000000000000, 0.2000000000000000944, -1.000000000000000888 ) ) ;
#7062 = LINE ( 'NONE', #7810, #3891 ) ;
#7063 = UNCERTAINTY_MEASURE_WITH_UNIT (LENGTH_MEASURE( 1.000000000000000082E-05 ), #4339, 'distance_accuracy_value', 'NONE');
#7064 = ORIENTED_EDGE ( 'NONE', *, *, #3536, .F. ) ;
#7065 = CARTESIAN_POINT ( 'NONE',  ( 1.099999999999999867, 0.1999999999999999833, 1.150000000000000133 ) ) ;
#7066 = ORIENTED_EDGE ( 'NONE', *, *, #708, .F. ) ;
#7067 = CARTESIAN_POINT ( 'NONE',  ( -1.166666666666666741, 0.8000000000000000444, -1.816666666666666430 ) ) ;
#7068 = PLANE ( 'NONE',  #5782 ) ;
#7069 = EDGE_CURVE ( 'NONE', #308, #6717, #2635, .T. ) ;
#7070 = EDGE_CURVE ( 'NONE', #1492, #1129, #2804, .T. ) ;
#7071 = DIRECTION ( 'NONE',  ( 0.000000000000000000, 1.000000000000000000, 0.000000000000000000 ) ) ;
#7072 = ORIENTED_EDGE ( 'NONE', *, *, #6633, .T. ) ;
#7073 = MANIFOLD_SOLID_BREP ( 'Cut-Extrude6', #7327 ) ;
#7074 = LINE ( 'NONE', #4208, #3813 ) ;
#7075 = VECTOR ( 'NONE', #1579, 1000.000000000000000 ) ;
#7076 = DIRECTION ( 'NONE',  ( -1.084202172485501673E-15, 0.000000000000000000, -1.000000000000000000 ) ) ;
#7077 = ORIENTED_EDGE ( 'NONE', *, *, #5650, .T. ) ;
#7078 = EDGE_CURVE ( 'NONE', #4206, #9338, #2497, .T. ) ;
#7079 = VECTOR ( 'NONE', #7516, 1000.000000000000000 ) ;
#7080 = LINE ( 'NONE', #4956, #6863 ) ;
#7081 = ORIENTED_EDGE ( 'NONE', *, *, #9409, .F. ) ;
#7082 = PLANE ( 'NONE',  #1357 ) ;
#7083 = ORIENTED_EDGE ( 'NONE', *, *, #489, .F. ) ;
#7084 =( NAMED_UNIT ( * ) SI_UNIT ( $, .STERADIAN. ) SOLID_ANGLE_UNIT ( ) );
#7085 = MECHANICAL_DESIGN_GEOMETRIC_PRESENTATION_REPRESENTATION (  '', ( #7899 ), #8353 ) ;
#7086 =( NAMED_UNIT ( * ) SI_UNIT ( $, .STERADIAN. ) SOLID_ANGLE_UNIT ( ) );
#7087 = ORIENTED_EDGE ( 'NONE', *, *, #3046, .F. ) ;
#7088 = CARTESIAN_POINT ( 'NONE',  ( -1.100000000000000311, 0.1250000000000000000, -1.899999999999999911 ) ) ;
#7089 = LINE ( 'NONE', #8, #648 ) ;
#7090 = VECTOR ( 'NONE', #4859, 1000.000000000000000 ) ;
#7091 = DIRECTION ( 'NONE',  ( 0.000000000000000000, -0.000000000000000000, 1.000000000000000000 ) ) ;
#7092 = EDGE_LOOP ( 'NONE', ( #3030, #9286, #3706, #6157 ) ) ;
#7093 = MECHANICAL_DESIGN_GEOMETRIC_PRESENTATION_REPRESENTATION (  '', ( #1019 ), #9000 ) ;
#7094 = DIRECTION ( 'NONE',  ( -1.084202172485504040E-15, 0.000000000000000000, -1.000000000000000000 ) ) ;
#7095 = LINE ( 'NONE', #189, #7291 ) ;
#7096 = VECTOR ( 'NONE', #431, 1000.000000000000000 ) ;
#7097 = VERTEX_POINT ( 'NONE', #4050 ) ;
#7098 = ORIENTED_EDGE ( 'NONE', *, *, #4086, .T. ) ;
#7099 = DIRECTION ( 'NONE',  ( 0.000000000000000000, -1.000000000000000000, 0.000000000000000000 ) ) ;
#7100 = DIRECTION ( 'NONE',  ( 1.000000000000000000, 0.000000000000000000, 0.000000000000000000 ) ) ;
#7101 = DIRECTION ( 'NONE',  ( -1.445602896647339163E-16, 0.000000000000000000, -1.000000000000000000 ) ) ;
#7102 = ADVANCED_FACE ( 'NONE', ( #8899 ), #8445, .F. ) ;
#7103 = ORIENTED_EDGE ( 'NONE', *, *, #5091, .T. ) ;
#7104 = LINE ( 'NONE', #5019, #4095 ) ;
#7105 = VECTOR ( 'NONE', #5213, 1000.000000000000000 ) ;
#7106 = ORIENTED_EDGE ( 'NONE', *, *, #2266, .T. ) ;
#7107 = VECTOR ( 'NONE', #7023, 1000.000000000000000 ) ;
#7108 = ORIENTED_EDGE ( 'NONE', *, *, #7717, .F. ) ;
#7109 = ADVANCED_FACE ( 'NONE', ( #5950 ), #9325, .F. ) ;
#7110 = DIRECTION ( 'NONE',  ( 0.000000000000000000, 0.000000000000000000, -1.000000000000000000 ) ) ;
#7111 = ORIENTED_EDGE ( 'NONE', *, *, #9400, .T. ) ;
#7112 = VERTEX_POINT ( 'NONE', #5664 ) ;
#7113 = EDGE_CURVE ( 'NONE', #5643, #1000, #5709, .T. ) ;
#7114 =( LENGTH_UNIT ( ) NAMED_UNIT ( * ) SI_UNIT ( .MILLI., .METRE. ) );
#7115 = EDGE_CURVE ( 'NONE', #2543, #1178, #2584, .T. ) ;
#7116 = CARTESIAN_POINT ( 'NONE',  ( 0.3500000000000010325, 0.2000000000000000111, 2.000000000000000000 ) ) ;
#7117 = DIRECTION ( 'NONE',  ( -1.000000000000000000, 0.000000000000000000, 5.421010862427520198E-16 ) ) ;
#7118 = EDGE_LOOP ( 'NONE', ( #7542, #7108, #775, #7529 ) ) ;
#7119 = FACE_OUTER_BOUND ( 'NONE', #1546, .T. ) ;
#7120 = VECTOR ( 'NONE', #731, 1000.000000000000000 ) ;
#7121 = ORIENTED_EDGE ( 'NONE', *, *, #7598, .T. ) ;
#7122 = DIRECTION ( 'NONE',  ( 0.000000000000000000, 0.000000000000000000, 1.000000000000000000 ) ) ;
#7123 = ADVANCED_FACE ( 'NONE', ( #2670 ), #5475, .F. ) ;
#7124 = FACE_OUTER_BOUND ( 'NONE', #6316, .T. ) ;
#7125 = SURFACE_SIDE_STYLE ('',( #2051 ) ) ;
#7126 = VECTOR ( 'NONE', #1918, 1000.000000000000000 ) ;
#7127 = ORIENTED_EDGE ( 'NONE', *, *, #8400, .F. ) ;
#7128 = ORIENTED_EDGE ( 'NONE', *, *, #2152, .T. ) ;
#7129 = VERTEX_POINT ( 'NONE', #1787 ) ;
#7130 = DIRECTION ( 'NONE',  ( 1.000000000000000000, 0.000000000000000000, 5.421010862427523156E-16 ) ) ;
#7131 = DIRECTION ( 'NONE',  ( -0.000000000000000000, -1.000000000000000000, -0.000000000000000000 ) ) ;
#7132 = CARTESIAN_POINT ( 'NONE',  ( -1.099999999999999867, 0.1999999999999999833, 0.1500000000000001887 ) ) ;
#7133 = DIRECTION ( 'NONE',  ( -1.000000000000000000, 0.000000000000000000, 2.710505431213763550E-16 ) ) ;
#7134 = DIRECTION ( 'NONE',  ( 0.000000000000000000, -1.000000000000000000, 0.000000000000000000 ) ) ;
#7135 = ORIENTED_EDGE ( 'NONE', *, *, #8608, .T. ) ;
#7136 = VECTOR ( 'NONE', #5149, 1000.000000000000000 ) ;
#7137 = LINE ( 'NONE', #6152, #7391 ) ;
#7138 = CARTESIAN_POINT ( 'NONE',  ( -0.4499999999999970690, 0.2000000000000000944, -1.300000000000000266 ) ) ;
#7139 = ORIENTED_EDGE ( 'NONE', *, *, #4858, .F. ) ;
#7140 = DIRECTION ( 'NONE',  ( -0.000000000000000000, 0.000000000000000000, 1.000000000000000000 ) ) ;
#7141 = LINE ( 'NONE', #8246, #4180 ) ;
#7142 = LINE ( 'NONE', #9412, #7107 ) ;
#7143 = ORIENTED_EDGE ( 'NONE', *, *, #9546, .F. ) ;
#7144 = VERTEX_POINT ( 'NONE', #2505 ) ;
#7145 = CARTESIAN_POINT ( 'NONE',  ( -1.099999999999999867, 0.1999999999999999833, -1.149999999999999689 ) ) ;
#7146 = VERTEX_POINT ( 'NONE', #3910 ) ;
#7147 = ORIENTED_EDGE ( 'NONE', *, *, #730, .F. ) ;
#7148 = PLANE ( 'NONE',  #4112 ) ;
#7149 = DIRECTION ( 'NONE',  ( -0.000000000000000000, 1.000000000000000000, 0.000000000000000000 ) ) ;
#7150 =( NAMED_UNIT ( * ) PLANE_ANGLE_UNIT ( ) SI_UNIT ( $, .RADIAN. ) );
#7151 = AXIS2_PLACEMENT_3D ( 'NONE', #3344, #3403, #8402 ) ;
#7152 = DIRECTION ( 'NONE',  ( 0.000000000000000000, -1.000000000000000000, 0.000000000000000000 ) ) ;
#7153 = ORIENTED_EDGE ( 'NONE', *, *, #72, .T. ) ;
#7154 = DIRECTION ( 'NONE',  ( -2.710505431213761578E-16, 0.000000000000000000, -1.000000000000000000 ) ) ;
#7156 = LINE ( 'NONE', #1354, #6991 ) ;
#7155 = AXIS2_PLACEMENT_3D ( 'NONE', #263, #1034, #4871 ) ;
#7157 = LINE ( 'NONE', #8517, #965 ) ;
#7158 = CARTESIAN_POINT ( 'NONE',  ( -1.500000000000000222, 0.1250000000000000000, -1.750000000000000000 ) ) ;
#7159 = ORIENTED_EDGE ( 'NONE', *, *, #9118, .F. ) ;
#7160 = EDGE_CURVE ( 'NONE', #1387, #3464, #9160, .T. ) ;
#7161 = CARTESIAN_POINT ( 'NONE',  ( -1.099999999999999867, 0.05000000000000000278, 0.000000000000000000 ) ) ;
#7162 = PRESENTATION_STYLE_ASSIGNMENT (( #1877 ) ) ;
#7163 = ORIENTED_EDGE ( 'NONE', *, *, #2038, .F. ) ;
#7164 = ORIENTED_EDGE ( 'NONE', *, *, #1855, .F. ) ;
#7165 = CARTESIAN_POINT ( 'NONE',  ( -1.099999999999999867, 0.6472135954999583829, -0.6499999999999998002 ) ) ;
#7166 = ORIENTED_EDGE ( 'NONE', *, *, #5552, .F. ) ;
#7167 = ORIENTED_EDGE ( 'NONE', *, *, #3833, .T. ) ;
#7168 = DIRECTION ( 'NONE',  ( -0.000000000000000000, -1.000000000000000000, -0.000000000000000000 ) ) ;
#7169 = EDGE_CURVE ( 'NONE', #6907, #8296, #8914, .T. ) ;
#7170 = CARTESIAN_POINT ( 'NONE',  ( 0.3500000000000004774, 0.6472135954999580498, -2.000000000000000000 ) ) ;
#7171 = CARTESIAN_POINT ( 'NONE',  ( 1.499999999999999778, 0.04999999999999969746, 0.1499999999999999667 ) ) ;
#7172 = DIRECTION ( 'NONE',  ( 1.000000000000000000, 1.084202172485504828E-15, 0.000000000000000000 ) ) ;
#7173 = ORIENTED_EDGE ( 'NONE', *, *, #995, .F. ) ;
#7174 = LINE ( 'NONE', #3568, #4053 ) ;
#7175 = LINE ( 'NONE', #9122, #989 ) ;
#7176 = ORIENTED_EDGE ( 'NONE', *, *, #8127, .F. ) ;
#7177 = EDGE_CURVE ( 'NONE', #8868, #4804, #2607, .T. ) ;
#7178 = MECHANICAL_DESIGN_GEOMETRIC_PRESENTATION_REPRESENTATION (  '', ( #6523 ), #8321 ) ;
#7179 = LINE ( 'NONE', #2217, #7272 ) ;
#7180 = CARTESIAN_POINT ( 'NONE',  ( 1.500000000000000000, 0.04999999999999969746, 0.8500000000000005329 ) ) ;
#7181 = CARTESIAN_POINT ( 'NONE',  ( -1.099999999999999867, 0.1999999999999999833, 0.3500000000000002554 ) ) ;
#7182 = ORIENTED_EDGE ( 'NONE', *, *, #5754, .T. ) ;
#7183 = CARTESIAN_POINT ( 'NONE',  ( 1.099999999999999867, 0.1999999999999999833, -0.8499999999999998668 ) ) ;
#7184 = ORIENTED_EDGE ( 'NONE', *, *, #2520, .F. ) ;
#7185 = EDGE_CURVE ( 'NONE', #8873, #1237, #5811, .T. ) ;
#7186 = ORIENTED_EDGE ( 'NONE', *, *, #3583, .T. ) ;
#7187 = CARTESIAN_POINT ( 'NONE',  ( 1.099999999999999867, 0.1999999999999999833, -1.149999999999999689 ) ) ;
#7188 = EDGE_CURVE ( 'NONE', #9193, #6344, #5842, .T. ) ;
#7189 = CARTESIAN_POINT ( 'NONE',  ( 1.399999999999999689, 0.1999999999999999833, -1.600000000000000089 ) ) ;
#7190 = EDGE_CURVE ( 'NONE', #6617, #273, #2685, .T. ) ;
#7191 = PLANE ( 'NONE',  #8015 ) ;
#7192 = CARTESIAN_POINT ( 'NONE',  ( 0.000000000000000000, 0.2000000000000000111, 0.000000000000000000 ) ) ;
#7193 = PRESENTATION_LAYER_ASSIGNMENT (  '', '', ( #4762 ) ) ;
#7194 = VERTEX_POINT ( 'NONE', #3000 ) ;
#7195 = VECTOR ( 'NONE', #1216, 1000.000000000000000 ) ;
#7196 = EDGE_LOOP ( 'NONE', ( #1576, #1307, #1321, #8373 ) ) ;
#7197 = FACE_OUTER_BOUND ( 'NONE', #2794, .T. ) ;
#7198 = CARTESIAN_POINT ( 'NONE',  ( 1.500000000000000000, 0.6472135954999583829, 1.350000000000000533 ) ) ;
#7199 = LINE ( 'NONE', #6054, #902 ) ;
#7200 = ORIENTED_EDGE ( 'NONE', *, *, #1945, .F. ) ;
#7201 = ORIENTED_EDGE ( 'NONE', *, *, #7323, .T. ) ;
#7202 = ADVANCED_FACE ( 'NONE', ( #9216 ), #5966, .F. ) ;
#7203 = PLANE ( 'NONE',  #8629 ) ;
#7204 = CLOSED_SHELL ( 'NONE', ( #1071, #3503, #7758, #6354, #4518, #5437 ) ) ;
#7205 = EDGE_LOOP ( 'NONE', ( #7373, #4392, #7694, #6499 ) ) ;
#7206 = DIRECTION ( 'NONE',  ( -1.084202172485504040E-15, 0.000000000000000000, -1.000000000000000000 ) ) ;
#7207 = STYLED_ITEM ( 'NONE', ( #8936 ), #9376 ) ;
#7208 = PLANE ( 'NONE',  #2683 ) ;
#7209 = PRESENTATION_LAYER_ASSIGNMENT (  '', '', ( #1956 ) ) ;
#7210 = CARTESIAN_POINT ( 'NONE',  ( -0.1499999999999995226, 0.05000000000000000278, 4.065758146820632383E-17 ) ) ;
#7211 = EDGE_CURVE ( 'NONE', #308, #1237, #9255, .T. ) ;
#7212 = DIRECTION ( 'NONE',  ( 2.710505431213763550E-16, -0.000000000000000000, 1.000000000000000000 ) ) ;
#7213 = DIRECTION ( 'NONE',  ( 5.421010862427524019E-17, 0.000000000000000000, -1.000000000000000000 ) ) ;
#7214 = EDGE_LOOP ( 'NONE', ( #4445, #7548, #954, #663 ) ) ;
#7215 = COLOUR_RGB ( '',1.000000000000000000, 1.000000000000000000, 1.000000000000000000 ) ;
#7216 = FACE_OUTER_BOUND ( 'NONE', #4738, .T. ) ;
#7217 = DIRECTION ( 'NONE',  ( -1.000000000000000000, 0.000000000000000000, 1.084202172485504040E-15 ) ) ;
#7218 = ORIENTED_EDGE ( 'NONE', *, *, #3189, .F. ) ;
#7219 = AXIS2_PLACEMENT_3D ( 'NONE', #1577, #5210, #5985 ) ;
#7220 = ADVANCED_FACE ( 'NONE', ( #9309 ), #7203, .T. ) ;
#7221 = DIRECTION ( 'NONE',  ( 1.000000000000000000, 5.782411586589358822E-15, -1.445602896647339163E-16 ) ) ;
#7222 = VECTOR ( 'NONE', #9187, 1000.000000000000000 ) ;
#7223 = ORIENTED_EDGE ( 'NONE', *, *, #2845, .T. ) ;
#7224 = EDGE_LOOP ( 'NONE', ( #1251, #8170, #8048, #214 ) ) ;
#7225 = DIRECTION ( 'NONE',  ( -1.084202172485501673E-15, -0.000000000000000000, 1.000000000000000000 ) ) ;
#7226 = ORIENTED_EDGE ( 'NONE', *, *, #8611, .T. ) ;
#7227 = VERTEX_POINT ( 'NONE', #8943 ) ;
#7228 = CARTESIAN_POINT ( 'NONE',  ( 1.099999999999998979, 0.2000000000000011768, -1.732294901687515321 ) ) ;
#7229 = SURFACE_SIDE_STYLE ('',( #5579 ) ) ;
#7230 = CARTESIAN_POINT ( 'NONE',  ( 1.099999999999999867, 0.000000000000000000, 1.350000000000000311 ) ) ;
#7231 = CARTESIAN_POINT ( 'NONE',  ( 1.445602896647339348E-17, 0.000000000000000000, -1.899999999999999911 ) ) ;
#7232 = STYLED_ITEM ( 'NONE', ( #6655 ), #7772 ) ;
#7233 = CARTESIAN_POINT ( 'NONE',  ( 1.099999999999999423, 0.2000000000000011768, 2.000000000000000000 ) ) ;
#7234 = VERTEX_POINT ( 'NONE', #6032 ) ;
#7235 = CARTESIAN_POINT ( 'NONE',  ( 0.000000000000000000, 0.000000000000000000, 1.899999999999999911 ) ) ;
#7236 = LINE ( 'NONE', #5923, #7422 ) ;
#7237 = DIRECTION ( 'NONE',  ( -0.000000000000000000, -1.000000000000000000, -0.000000000000000000 ) ) ;
#7238 = ORIENTED_EDGE ( 'NONE', *, *, #502, .F. ) ;
#7239 = FACE_OUTER_BOUND ( 'NONE', #6479, .T. ) ;
#7240 = ORIENTED_EDGE ( 'NONE', *, *, #5325, .T. ) ;
#7241 = ORIENTED_EDGE ( 'NONE', *, *, #6099, .F. ) ;
#7242 = ORIENTED_EDGE ( 'NONE', *, *, #4068, .F. ) ;
#7243 = ORIENTED_EDGE ( 'NONE', *, *, #7877, .T. ) ;
#7244 = DIRECTION ( 'NONE',  ( -1.445602896647339163E-16, 0.000000000000000000, -1.000000000000000000 ) ) ;
#7245 = PLANE ( 'NONE',  #5196 ) ;
#7246 = PLANE ( 'NONE',  #6384 ) ;
#7247 = UNCERTAINTY_MEASURE_WITH_UNIT (LENGTH_MEASURE( 1.000000000000000082E-05 ), #8259, 'distance_accuracy_value', 'NONE');
#7248 = EDGE_LOOP ( 'NONE', ( #7127, #4061, #4714, #1441 ) ) ;
#7249 = SURFACE_STYLE_FILL_AREA ( #7521 ) ;
#7250 = VECTOR ( 'NONE', #3013, 1000.000000000000000 ) ;
#7251 = ORIENTED_EDGE ( 'NONE', *, *, #3240, .F. ) ;
#7252 = EDGE_CURVE ( 'NONE', #2522, #4259, #2903, .T. ) ;
#7253 = VECTOR ( 'NONE', #2260, 1000.000000000000000 ) ;
#7254 = DIRECTION ( 'NONE',  ( 0.000000000000000000, 0.000000000000000000, 1.000000000000000000 ) ) ;
#7255 = ORIENTED_EDGE ( 'NONE', *, *, #3199, .T. ) ;
#7256 = CARTESIAN_POINT ( 'NONE',  ( -8.131516293641299279E-17, 0.05000000000000000278, -0.1500000000000003275 ) ) ;
#7257 = EDGE_LOOP ( 'NONE', ( #7359, #4421, #3907, #651 ) ) ;
#7258 = CARTESIAN_POINT ( 'NONE',  ( 0.8500000000000009770, 0.2000000000000000111, 1.600000000000000311 ) ) ;
#7259 = ORIENTED_EDGE ( 'NONE', *, *, #7717, .T. ) ;
#7260 = ORIENTED_EDGE ( 'NONE', *, *, #5650, .F. ) ;
#7261 = CARTESIAN_POINT ( 'NONE',  ( 0.3500000000000009215, 0.2000000000000000111, 1.600000000000000311 ) ) ;
#7262 = PLANE ( 'NONE',  #2664 ) ;
#7263 = DIRECTION ( 'NONE',  ( -1.000000000000000000, 0.000000000000000000, 2.710505431213763550E-16 ) ) ;
#7264 =( NAMED_UNIT ( * ) PLANE_ANGLE_UNIT ( ) SI_UNIT ( $, .RADIAN. ) );
#7265 = ORIENTED_EDGE ( 'NONE', *, *, #9104, .F. ) ;
#7266 = VECTOR ( 'NONE', #8901, 1000.000000000000000 ) ;
#7267 = FACE_OUTER_BOUND ( 'NONE', #722, .T. ) ;
#7268 = VERTEX_POINT ( 'NONE', #9448 ) ;
#7269 = DIRECTION ( 'NONE',  ( 0.000000000000000000, -1.000000000000000000, 0.000000000000000000 ) ) ;
#7270 = VECTOR ( 'NONE', #7991, 1000.000000000000000 ) ;
#7271 = CARTESIAN_POINT ( 'NONE',  ( 0.7500000000000000000, 0.2000000000000000944, 1.300000000000000044 ) ) ;
#7272 = VECTOR ( 'NONE', #2159, 1000.000000000000000 ) ;
#7273 = CLOSED_SHELL ( 'NONE', ( #7281, #4406, #2707, #8155, #5895, #5154 ) ) ;
#7274 = ORIENTED_EDGE ( 'NONE', *, *, #3181, .F. ) ;
#7275 = DIRECTION ( 'NONE',  ( 0.000000000000000000, -0.000000000000000000, 1.000000000000000000 ) ) ;
#7276 = VERTEX_POINT ( 'NONE', #4560 ) ;
#7277 = ORIENTED_EDGE ( 'NONE', *, *, #3708, .F. ) ;
#7278 = CARTESIAN_POINT ( 'NONE',  ( -0.3499999999999996447, 0.1999999999999999833, -1.600000000000000089 ) ) ;
#7279 = CARTESIAN_POINT ( 'NONE',  ( -1.099999999999999867, 0.05000000000000002359, -0.8499999999999998668 ) ) ;
#7280 = FILL_AREA_STYLE ('',( #5139 ) ) ;
#7281 = ADVANCED_FACE ( 'NONE', ( #2961 ), #2811, .F. ) ;
#7282 = DIRECTION ( 'NONE',  ( -0.000000000000000000, 0.000000000000000000, 1.000000000000000000 ) ) ;
#7283 = PLANE ( 'NONE',  #3428 ) ;
#7284 = ORIENTED_EDGE ( 'NONE', *, *, #4874, .F. ) ;
#7285 = LINE ( 'NONE', #6500, #7054 ) ;
#7286 = FACE_OUTER_BOUND ( 'NONE', #5929, .T. ) ;
#7287 =( LENGTH_UNIT ( ) NAMED_UNIT ( * ) SI_UNIT ( .MILLI., .METRE. ) );
#7288 = CLOSED_SHELL ( 'NONE', ( #8375, #2649, #1598, #3136, #488, #1812 ) ) ;
#7289 = DIRECTION ( 'NONE',  ( 1.000000000000000000, -0.000000000000000000, -5.421010862427520198E-16 ) ) ;
#7290 = AXIS2_PLACEMENT_3D ( 'NONE', #234, #2524, #5557 ) ;
#7291 = VECTOR ( 'NONE', #7739, 1000.000000000000000 ) ;
#7292 = LINE ( 'NONE', #4970, #4281 ) ;
#7293 = ORIENTED_EDGE ( 'NONE', *, *, #9339, .T. ) ;
#7294 = VERTEX_POINT ( 'NONE', #2073 ) ;
#7295 = ADVANCED_FACE ( 'NONE', ( #9416 ), #5067, .F. ) ;
#7296 = DIRECTION ( 'NONE',  ( 1.000000000000000000, 0.000000000000000000, 1.084202172485504040E-15 ) ) ;
#7297 = VERTEX_POINT ( 'NONE', #8818 ) ;
#7298 = ORIENTED_EDGE ( 'NONE', *, *, #6084, .T. ) ;
#7299 = CARTESIAN_POINT ( 'NONE',  ( 1.500000000000000000, 0.1999999999999999833, 1.350000000000000533 ) ) ;
#7300 = CARTESIAN_POINT ( 'NONE',  ( 0.8500000000000005329, 0.000000000000000000, -1.600000000000000311 ) ) ;
#7301 = DIRECTION ( 'NONE',  ( 0.000000000000000000, 0.000000000000000000, -1.000000000000000000 ) ) ;
#7302 = CARTESIAN_POINT ( 'NONE',  ( 1.499999999999999778, 0.1999999999999999833, -1.750000000000000000 ) ) ;
#7303 = EDGE_CURVE ( 'NONE', #8266, #3461, #6295, .T. ) ;
#7304 = AXIS2_PLACEMENT_3D ( 'NONE', #9283, #7140, #8834 ) ;
#7305 = CARTESIAN_POINT ( 'NONE',  ( 1.099999999999999867, 0.6472135954999583829, -1.149999999999999689 ) ) ;
#7306 = ADVANCED_FACE ( 'NONE', ( #6183 ), #119, .T. ) ;
#7307 = EDGE_CURVE ( 'NONE', #4152, #412, #9228, .T. ) ;
#7308 = DIRECTION ( 'NONE',  ( 5.782411586589358822E-15, -1.000000000000000000, 0.000000000000000000 ) ) ;
#7309 = ORIENTED_EDGE ( 'NONE', *, *, #2035, .F. ) ;
#7310 = PLANE ( 'NONE',  #37 ) ;
#7311 = LINE ( 'NONE', #8130, #928 ) ;
#7312 = VECTOR ( 'NONE', #2477, 1000.000000000000000 ) ;
#7313 = DIRECTION ( 'NONE',  ( -1.084202172485501673E-15, 0.000000000000000000, -1.000000000000000000 ) ) ;
#7314 = EDGE_LOOP ( 'NONE', ( #3962, #621, #3924, #3431 ) ) ;
#7315 = CARTESIAN_POINT ( 'NONE',  ( -1.500000000000000222, 0.1250000000000000000, 1.750000000000000000 ) ) ;
#7316 = EDGE_CURVE ( 'NONE', #5883, #811, #6223, .T. ) ;
#7317 = ORIENTED_EDGE ( 'NONE', *, *, #8213, .F. ) ;
#7318 = VERTEX_POINT ( 'NONE', #238 ) ;
#7319 = ORIENTED_EDGE ( 'NONE', *, *, #160, .T. ) ;
#7320 = EDGE_LOOP ( 'NONE', ( #5912, #9503, #8470, #2772 ) ) ;
#7321 = ORIENTED_EDGE ( 'NONE', *, *, #6507, .F. ) ;
#7322 = ADVANCED_FACE ( 'NONE', ( #3005 ), #2530, .T. ) ;
#7323 = EDGE_CURVE ( 'NONE', #3975, #2977, #2927, .T. ) ;
#7324 = AXIS2_PLACEMENT_3D ( 'NONE', #4169, #4983, #6914 ) ;
#7325 = DIRECTION ( 'NONE',  ( -0.000000000000000000, -1.000000000000000000, -0.000000000000000000 ) ) ;
#7326 =( GEOMETRIC_REPRESENTATION_CONTEXT ( 3 ) GLOBAL_UNCERTAINTY_ASSIGNED_CONTEXT ( ( #8597 ) ) GLOBAL_UNIT_ASSIGNED_CONTEXT ( ( #853, #180, #5492 ) ) REPRESENTATION_CONTEXT ( 'NONE', 'WORKASPACE' ) );
#7327 = CLOSED_SHELL ( 'NONE', ( #6611, #6327, #4914, #474, #1583, #553, #3024, #1314, #9465, #4903, #9389, #3378, #5070, #7040, #3154, #8515, #7479, #797, #3012, #4640, #41, #7934, #6743, #4979, #1328, #5140, #4302, #2643, #882, #8106, #5748, #5481, #197, #7858, #2184, #8090, #7999, #4839, #2373, #8169, #7306, #3654, #6250, #6238, #2557, #2258, #6177, #5867, #3969, #1944, #6460, #5211, #9488, #34, #8717, #6597, #1936, #6245, #3581, #3595, #2228, #8972, #9042, #9189, #5948, #3789, #1614, #4491, #3439, #6309, #5649, #4040, #3237, #8520, #3645, #8808, #7829, #5644, #4575, #2566, #5499, #5276, #7947, #2928, #1961, #2397, #8565, #9126, #2004, #1495, #6382, #4992, #4843, #8966, #4486, #9241, #1166, #6958, #4049, #3510, #7492, #4672, #550, #6672, #6972, #1889, #647, #5043, #4899, #6897, #6229, #2580, #5053, #1429, #8493, #3720, #6322, #4397, #1240, #6553, #4912, #266, #6315, #6031, #4212, #8442, #7048, #8449, #5580, #3313, #1511, #565, #9459, #8572, #9047 ) ) ;
#7328 = VECTOR ( 'NONE', #2141, 1000.000000000000000 ) ;
#7329 = LINE ( 'NONE', #8009, #753 ) ;
#7330 = EDGE_LOOP ( 'NONE', ( #5792, #5877, #1743, #5733 ) ) ;
#7331 = EDGE_CURVE ( 'NONE', #9338, #5319, #2868, .T. ) ;
#7332 = LINE ( 'NONE', #8747, #4164 ) ;
#7333 = EDGE_CURVE ( 'NONE', #4573, #1792, #3042, .T. ) ;
#7334 = FACE_OUTER_BOUND ( 'NONE', #2238, .T. ) ;
#7335 = ORIENTED_EDGE ( 'NONE', *, *, #7033, .T. ) ;
#7336 = ORIENTED_EDGE ( 'NONE', *, *, #1280, .T. ) ;
#7337 = DIRECTION ( 'NONE',  ( -1.000000000000000000, 0.000000000000000000, -5.421010862427523156E-16 ) ) ;
#7338 = ORIENTED_EDGE ( 'NONE', *, *, #477, .F. ) ;
#7339 = EDGE_CURVE ( 'NONE', #1497, #7599, #9446, .T. ) ;
#7340 = ORIENTED_EDGE ( 'NONE', *, *, #272, .T. ) ;
#7341 = VERTEX_POINT ( 'NONE', #1749 ) ;
#7342 = UNCERTAINTY_MEASURE_WITH_UNIT (LENGTH_MEASURE( 1.000000000000000082E-05 ), #2818, 'distance_accuracy_value', 'NONE');
#7343 = PRESENTATION_LAYER_ASSIGNMENT (  '', '', ( #506 ) ) ;
#7344 = PLANE ( 'NONE',  #3413 ) ;
#7345 = CARTESIAN_POINT ( 'NONE',  ( 1.099999999999999423, 0.2000000000000011768, 1.899999999999999911 ) ) ;
#7346 = DIRECTION ( 'NONE',  ( -1.000000000000000000, -0.000000000000000000, -5.421010862427524019E-17 ) ) ;
#7347 = DIRECTION ( 'NONE',  ( -1.000000000000000000, 0.000000000000000000, -0.000000000000000000 ) ) ;
#7348 = ORIENTED_EDGE ( 'NONE', *, *, #2542, .T. ) ;
#7349 = FACE_OUTER_BOUND ( 'NONE', #5977, .T. ) ;
#7350 = VECTOR ( 'NONE', #135, 1000.000000000000000 ) ;
#7351 = ORIENTED_EDGE ( 'NONE', *, *, #8204, .F. ) ;
#7352 = CARTESIAN_POINT ( 'NONE',  ( -1.500000000000000222, 0.1999999999999999833, -1.750000000000000000 ) ) ;
#7353 = AXIS2_PLACEMENT_3D ( 'NONE', #9225, #6083, #3341 ) ;
#7354 = CARTESIAN_POINT ( 'NONE',  ( -1.500000000000000222, 0.1250000000000000000, -1.600000000000000089 ) ) ;
#7355 = LINE ( 'NONE', #4129, #4221 ) ;
#7356 = VECTOR ( 'NONE', #2100, 1000.000000000000000 ) ;
#7357 = ORIENTED_EDGE ( 'NONE', *, *, #3424, .F. ) ;
#7358 = EDGE_CURVE ( 'NONE', #2765, #8676, #6278, .T. ) ;
#7359 = ORIENTED_EDGE ( 'NONE', *, *, #6830, .T. ) ;
#7360 = ORIENTED_EDGE ( 'NONE', *, *, #3951, .F. ) ;
#7361 = CARTESIAN_POINT ( 'NONE',  ( 1.099999999999999867, 0.6472135954999583829, -0.8499999999999998668 ) ) ;
#7362 = EDGE_LOOP ( 'NONE', ( #1064, #4021, #911, #4774 ) ) ;
#7363 = VERTEX_POINT ( 'NONE', #7805 ) ;
#7364 = PLANE ( 'NONE',  #2617 ) ;
#7365 = CARTESIAN_POINT ( 'NONE',  ( 1.249999999999999334, 0.2000000000000013434, 1.899999999999999911 ) ) ;
#7366 =( LENGTH_UNIT ( ) NAMED_UNIT ( * ) SI_UNIT ( .MILLI., .METRE. ) );
#7367 = STYLED_ITEM ( 'NONE', ( #8895 ), #896 ) ;
#7368 = DIRECTION ( 'NONE',  ( 0.000000000000000000, -1.000000000000000000, 0.000000000000000000 ) ) ;
#7369 = CARTESIAN_POINT ( 'NONE',  ( 1.499999999999999778, 6.599999999999999645, 2.000000000000000000 ) ) ;
#7370 = VERTEX_POINT ( 'NONE', #3873 ) ;
#7371 = FACE_OUTER_BOUND ( 'NONE', #5297, .T. ) ;
#7372 = CARTESIAN_POINT ( 'NONE',  ( -0.6499999999999995781, 0.1999999999999999833, -1.600000000000000311 ) ) ;
#7373 = ORIENTED_EDGE ( 'NONE', *, *, #6077, .T. ) ;
#7374 = CARTESIAN_POINT ( 'NONE',  ( 1.099999999999999867, 0.05000000000000002359, -1.349999999999999867 ) ) ;
#7375 = FACE_OUTER_BOUND ( 'NONE', #7819, .T. ) ;
#7376 = DIRECTION ( 'NONE',  ( 0.000000000000000000, 0.000000000000000000, 1.000000000000000000 ) ) ;
#7377 = VECTOR ( 'NONE', #7460, 1000.000000000000000 ) ;
#7378 = AXIS2_PLACEMENT_3D ( 'NONE', #2365, #2302, #9045 ) ;
#7379 = VERTEX_POINT ( 'NONE', #6720 ) ;
#7380 = ORIENTED_EDGE ( 'NONE', *, *, #3381, .T. ) ;
#7381 = ORIENTED_EDGE ( 'NONE', *, *, #7333, .T. ) ;
#7382 = CARTESIAN_POINT ( 'NONE',  ( 1.099999999999999867, 0.1999999999999999833, 0.8500000000000003109 ) ) ;
#7383 = ORIENTED_EDGE ( 'NONE', *, *, #3536, .T. ) ;
#7384 = EDGE_LOOP ( 'NONE', ( #7413, #8017, #4045, #5669 ) ) ;
#7385 = CARTESIAN_POINT ( 'NONE',  ( -1.400000000000000133, 0.1999999999999999833, -1.750000000000000000 ) ) ;
#7386 = FILL_AREA_STYLE_COLOUR ( '', #633 ) ;
#7387 = ADVANCED_FACE ( 'NONE', ( #9190 ), #5561, .F. ) ;
#7388 = PLANE ( 'NONE',  #3275 ) ;
#7389 = VERTEX_POINT ( 'NONE', #302 ) ;
#7390 = CARTESIAN_POINT ( 'NONE',  ( 1.249999999999999778, 0.1250000000000013600, 2.000000000000000000 ) ) ;
#7391 = VECTOR ( 'NONE', #2028, 1000.000000000000000 ) ;
#7392 = DIRECTION ( 'NONE',  ( -0.000000000000000000, 0.000000000000000000, -1.000000000000000000 ) ) ;
#7393 = VERTEX_POINT ( 'NONE', #1915 ) ;
#7394 = DIRECTION ( 'NONE',  ( -0.000000000000000000, 1.000000000000000000, -0.000000000000000000 ) ) ;
#7395 = ORIENTED_EDGE ( 'NONE', *, *, #3299, .T. ) ;
#7396 = ORIENTED_EDGE ( 'NONE', *, *, #9296, .F. ) ;
#7397 = ORIENTED_EDGE ( 'NONE', *, *, #8110, .T. ) ;
#7398 = EDGE_LOOP ( 'NONE', ( #5631, #1016, #4248, #5731 ) ) ;
#7399 = VERTEX_POINT ( 'NONE', #1873 ) ;
#7400 = CARTESIAN_POINT ( 'NONE',  ( 1.000000000000000000, 0.2000000000000000111, 0.000000000000000000 ) ) ;
#7401 = CARTESIAN_POINT ( 'NONE',  ( 1.099999999999999867, 0.1999999999999999833, -0.6499999999999998002 ) ) ;
#7402 = ORIENTED_EDGE ( 'NONE', *, *, #3276, .F. ) ;
#7403 = VECTOR ( 'NONE', #8278, 1000.000000000000000 ) ;
#7404 = LINE ( 'NONE', #2146, #4096 ) ;
#7405 = ORIENTED_EDGE ( 'NONE', *, *, #2984, .T. ) ;
#7406 = LINE ( 'NONE', #3302, #7079 ) ;
#7407 = CARTESIAN_POINT ( 'NONE',  ( 0.1500000000000008271, 0.2000000000000000111, 1.600000000000000089 ) ) ;
#7408 = VERTEX_POINT ( 'NONE', #6957 ) ;
#7409 = ORIENTED_EDGE ( 'NONE', *, *, #7015, .T. ) ;
#7410 = CARTESIAN_POINT ( 'NONE',  ( -1.249999999999999778, 0.1250000000000000000, 1.732294901687515321 ) ) ;
#7411 = ORIENTED_EDGE ( 'NONE', *, *, #6940, .F. ) ;
#7412 = PLANE ( 'NONE',  #1297 ) ;
#7413 = ORIENTED_EDGE ( 'NONE', *, *, #5530, .F. ) ;
#7414 = ORIENTED_EDGE ( 'NONE', *, *, #4724, .T. ) ;
#7415 = CARTESIAN_POINT ( 'NONE',  ( -1.500000000000000222, 0.1999999999999999833, 1.750000000000000000 ) ) ;
#7416 = DIRECTION ( 'NONE',  ( -1.084202172485504040E-15, 0.000000000000000000, -1.000000000000000000 ) ) ;
#7417 = AXIS2_PLACEMENT_3D ( 'NONE', #7603, #4725, #3755 ) ;
#7418 = DIRECTION ( 'NONE',  ( -1.084202172485501673E-15, 0.000000000000000000, 1.000000000000000000 ) ) ;
#7419 = DIRECTION ( 'NONE',  ( 0.000000000000000000, -1.000000000000000000, 0.000000000000000000 ) ) ;
#7420 = VERTEX_POINT ( 'NONE', #1004 ) ;
#7421 = AXIS2_PLACEMENT_3D ( 'NONE', #3626, #67, #2199 ) ;
#7422 = VECTOR ( 'NONE', #5023, 1000.000000000000000 ) ;
#7423 = ORIENTED_EDGE ( 'NONE', *, *, #8736, .T. ) ;
#7424 = EDGE_CURVE ( 'NONE', #1272, #4186, #3111, .T. ) ;
#7425 = DIRECTION ( 'NONE',  ( 0.000000000000000000, 0.000000000000000000, 1.000000000000000000 ) ) ;
#7426 = SURFACE_STYLE_USAGE ( .BOTH. , #641 ) ;
#7427 = LINE ( 'NONE', #2015, #3937 ) ;
#7428 = ORIENTED_EDGE ( 'NONE', *, *, #8110, .F. ) ;
#7429 = ORIENTED_EDGE ( 'NONE', *, *, #2863, .F. ) ;
#7430 = VERTEX_POINT ( 'NONE', #2650 ) ;
#7431 = EDGE_LOOP ( 'NONE', ( #3634, #705, #1140, #3902 ) ) ;
#7432 = ORIENTED_EDGE ( 'NONE', *, *, #5182, .T. ) ;
#7433 = PLANE ( 'NONE',  #349 ) ;
#7434 = CARTESIAN_POINT ( 'NONE',  ( 1.099999999999999867, 0.000000000000000000, 1.150000000000000133 ) ) ;
#7435 = DIRECTION ( 'NONE',  ( 1.000000000000000000, 0.000000000000000000, -5.421010862427523156E-16 ) ) ;
#7436 = AXIS2_PLACEMENT_3D ( 'NONE', #6445, #1648, #1444 ) ;
#7437 = DIRECTION ( 'NONE',  ( 0.000000000000000000, 0.000000000000000000, -1.000000000000000000 ) ) ;
#7438 = DIRECTION ( 'NONE',  ( 0.000000000000000000, 0.000000000000000000, -1.000000000000000000 ) ) ;
#7439 = VERTEX_POINT ( 'NONE', #9233 ) ;
#7440 = VECTOR ( 'NONE', #4767, 1000.000000000000000 ) ;
#7441 = LINE ( 'NONE', #1765, #7090 ) ;
#7442 = DIRECTION ( 'NONE',  ( -1.000000000000000000, 0.000000000000000000, 5.421010862427520198E-16 ) ) ;
#7443 = ORIENTED_EDGE ( 'NONE', *, *, #2708, .F. ) ;
#7444 = EDGE_CURVE ( 'NONE', #2485, #9561, #6018, .T. ) ;
#7445 =( NAMED_UNIT ( * ) PLANE_ANGLE_UNIT ( ) SI_UNIT ( $, .RADIAN. ) );
#7446 = LINE ( 'NONE', #1080, #3997 ) ;
#7447 = AXIS2_PLACEMENT_3D ( 'NONE', #3683, #3129, #4511 ) ;
#7448 = VERTEX_POINT ( 'NONE', #3349 ) ;
#7449 = EDGE_LOOP ( 'NONE', ( #1699, #4108, #4838, #4282 ) ) ;
#7450 = ORIENTED_EDGE ( 'NONE', *, *, #5754, .F. ) ;
#7451 = ORIENTED_EDGE ( 'NONE', *, *, #5727, .F. ) ;
#7452 = EDGE_CURVE ( 'NONE', #5845, #3436, #6033, .T. ) ;
#7453 = CLOSED_SHELL ( 'NONE', ( #3529, #3088, #1063, #2724, #168, #2164 ) ) ;
#7454 = DIRECTION ( 'NONE',  ( -1.084202172485504040E-15, 0.000000000000000000, 1.000000000000000000 ) ) ;
#7455 = CARTESIAN_POINT ( 'NONE',  ( 1.099999999999999867, 0.1999999999999999833, -1.149999999999999689 ) ) ;
#7456 = SURFACE_STYLE_USAGE ( .BOTH. , #8909 ) ;
#7457 = EDGE_CURVE ( 'NONE', #6375, #2480, #6060, .T. ) ;
#7458 = DIRECTION ( 'NONE',  ( 0.000000000000000000, 1.000000000000000000, 0.000000000000000000 ) ) ;
#7459 = EDGE_LOOP ( 'NONE', ( #3141, #9552, #3114, #3328 ) ) ;
#7460 = DIRECTION ( 'NONE',  ( -1.000000000000000000, 0.000000000000000000, -5.421010862427523156E-16 ) ) ;
#7461 = VECTOR ( 'NONE', #8396, 1000.000000000000000 ) ;
#7462 = VECTOR ( 'NONE', #4213, 1000.000000000000000 ) ;
#7463 = DIRECTION ( 'NONE',  ( 0.000000000000000000, -1.000000000000000000, 0.000000000000000000 ) ) ;
#7464 = ORIENTED_EDGE ( 'NONE', *, *, #9101, .T. ) ;
#7465 = VECTOR ( 'NONE', #6162, 1000.000000000000000 ) ;
#7466 = EDGE_CURVE ( 'NONE', #5520, #3888, #6076, .T. ) ;
#7467 = EDGE_LOOP ( 'NONE', ( #2132, #1322, #4525, #1669 ) ) ;
#7468 = ORIENTED_EDGE ( 'NONE', *, *, #6734, .F. ) ;
#7469 = ORIENTED_EDGE ( 'NONE', *, *, #7705, .F. ) ;
#7470 = AXIS2_PLACEMENT_3D ( 'NONE', #4294, #2592, #8692 ) ;
#7471 = ORIENTED_EDGE ( 'NONE', *, *, #9400, .F. ) ;
#7472 = ORIENTED_EDGE ( 'NONE', *, *, #816, .T. ) ;
#7473 = DIRECTION ( 'NONE',  ( -1.000000000000000000, 0.000000000000000000, -5.421010862427524019E-17 ) ) ;
#7474 = PRESENTATION_LAYER_ASSIGNMENT (  '', '', ( #2766 ) ) ;
#7475 = MANIFOLD_SOLID_BREP ( 'Boss-Extrude6[2]', #1805 ) ;
#7476 = DIRECTION ( 'NONE',  ( 1.000000000000000000, -0.000000000000000000, -0.000000000000000000 ) ) ;
#7477 = EDGE_CURVE ( 'NONE', #6717, #7146, #3303, .T. ) ;
#7478 =( NAMED_UNIT ( * ) SI_UNIT ( $, .STERADIAN. ) SOLID_ANGLE_UNIT ( ) );
#7479 = ADVANCED_FACE ( 'NONE', ( #6417 ), #8576, .T. ) ;
#7480 = EDGE_LOOP ( 'NONE', ( #7661, #781, #7265, #1628 ) ) ;
#7481 = UNCERTAINTY_MEASURE_WITH_UNIT (LENGTH_MEASURE( 1.000000000000000082E-05 ), #4416, 'distance_accuracy_value', 'NONE');
#7482 =( LENGTH_UNIT ( ) NAMED_UNIT ( * ) SI_UNIT ( .MILLI., .METRE. ) );
#7483 = LINE ( 'NONE', #7170, #1096 ) ;
#7484 = ORIENTED_EDGE ( 'NONE', *, *, #3610, .T. ) ;
#7485 = AXIS2_PLACEMENT_3D ( 'NONE', #7913, #1183, #2748 ) ;
#7486 = LINE ( 'NONE', #2348, #7872 ) ;
#7487 = FILL_AREA_STYLE ('',( #5477 ) ) ;
#7488 = ORIENTED_EDGE ( 'NONE', *, *, #7033, .F. ) ;
#7489 = ORIENTED_EDGE ( 'NONE', *, *, #8762, .F. ) ;
#7490 = CARTESIAN_POINT ( 'NONE',  ( -0.7500000000000000000, 3.201666203960727319, -1.300000000000000266 ) ) ;
#7491 = EDGE_LOOP ( 'NONE', ( #7182, #4628, #886, #7643 ) ) ;
#7492 = ADVANCED_FACE ( 'NONE', ( #3242 ), #7019, .F. ) ;
#7493 = CARTESIAN_POINT ( 'NONE',  ( -0.3499999999999992006, 0.6472135954999580498, 1.600000000000000089 ) ) ;
#7494 = ORIENTED_EDGE ( 'NONE', *, *, #4889, .T. ) ;
#7495 = ORIENTED_EDGE ( 'NONE', *, *, #7607, .T. ) ;
#7496 = DIRECTION ( 'NONE',  ( -0.000000000000000000, 0.000000000000000000, 1.000000000000000000 ) ) ;
#7497 = AXIS2_PLACEMENT_3D ( 'NONE', #1323, #4410, #2312 ) ;
#7498 = DIRECTION ( 'NONE',  ( 0.000000000000000000, 0.000000000000000000, -1.000000000000000000 ) ) ;
#7499 = EDGE_CURVE ( 'NONE', #3265, #8868, #3397, .T. ) ;
#7500 = EDGE_LOOP ( 'NONE', ( #6599, #7402, #4307, #3346 ) ) ;
#7501 = LINE ( 'NONE', #2446, #1223 ) ;
#7502 = ORIENTED_EDGE ( 'NONE', *, *, #670, .T. ) ;
#7503 = DIRECTION ( 'NONE',  ( 0.000000000000000000, -1.000000000000000000, 0.000000000000000000 ) ) ;
#7504 = FACE_OUTER_BOUND ( 'NONE', #7384, .T. ) ;
#7505 = DIRECTION ( 'NONE',  ( 0.000000000000000000, -1.000000000000000000, 0.000000000000000000 ) ) ;
#7506 = LINE ( 'NONE', #8930, #1231 ) ;
#7507 = EDGE_LOOP ( 'NONE', ( #7432, #7581, #4009, #7186 ) ) ;
#7508 = ORIENTED_EDGE ( 'NONE', *, *, #5182, .F. ) ;
#7509 = ORIENTED_EDGE ( 'NONE', *, *, #6402, .T. ) ;
#7510 = CARTESIAN_POINT ( 'NONE',  ( -1.099999999999999867, 0.6472135954999583829, -0.1499999999999997446 ) ) ;
#7511 = ORIENTED_EDGE ( 'NONE', *, *, #9183, .T. ) ;
#7512 = VERTEX_POINT ( 'NONE', #8695 ) ;
#7513 = CARTESIAN_POINT ( 'NONE',  ( -1.400000000000000133, 0.1250000000000000000, -1.600000000000000089 ) ) ;
#7514 = CARTESIAN_POINT ( 'NONE',  ( 0.7500000000000000000, 3.201666203960727319, 1.300000000000000044 ) ) ;
#7515 = DIRECTION ( 'NONE',  ( 0.000000000000000000, -1.000000000000000000, 0.000000000000000000 ) ) ;
#7516 = DIRECTION ( 'NONE',  ( 0.000000000000000000, -1.000000000000000000, 0.000000000000000000 ) ) ;
#7517 = CARTESIAN_POINT ( 'NONE',  ( 0.8500000000000005329, 0.2000000000000000111, -1.600000000000000311 ) ) ;
#7518 = ORIENTED_EDGE ( 'NONE', *, *, #6038, .F. ) ;
#7519 = LINE ( 'NONE', #627, #7742 ) ;
#7520 = LINE ( 'NONE', #6648, #1131 ) ;
#7521 = FILL_AREA_STYLE ('',( #8302 ) ) ;
#7522 = VERTEX_POINT ( 'NONE', #1369 ) ;
#7523 = CARTESIAN_POINT ( 'NONE',  ( 1.099999999999999867, 0.6472135954999583829, 0.6500000000000001332 ) ) ;
#7524 = VECTOR ( 'NONE', #7237, 1000.000000000000000 ) ;
#7525 = LINE ( 'NONE', #3897, #1380 ) ;
#7526 = ORIENTED_EDGE ( 'NONE', *, *, #1825, .T. ) ;
#7527 = ORIENTED_EDGE ( 'NONE', *, *, #415, .F. ) ;
#7528 = ORIENTED_EDGE ( 'NONE', *, *, #8630, .T. ) ;
#7529 = ORIENTED_EDGE ( 'NONE', *, *, #4056, .T. ) ;
#7530 = ORIENTED_EDGE ( 'NONE', *, *, #8094, .F. ) ;
#7531 = PLANE ( 'NONE',  #3440 ) ;
#7532 = CARTESIAN_POINT ( 'NONE',  ( -1.099999999999999867, 0.6472135954999583829, -0.1499999999999997446 ) ) ;
#7533 = VERTEX_POINT ( 'NONE', #4296 ) ;
#7534 = PLANE ( 'NONE',  #8095 ) ;
#7535 = CARTESIAN_POINT ( 'NONE',  ( 1.099999999999999867, 0.1999999999999999833, -0.1499999999999997446 ) ) ;
#7536 = VERTEX_POINT ( 'NONE', #2154 ) ;
#7537 = CARTESIAN_POINT ( 'NONE',  ( -1.166666666666666741, 0.6999999999999999556, -1.816666666666666430 ) ) ;
#7538 = LINE ( 'NONE', #2490, #4279 ) ;
#7539 = SURFACE_STYLE_FILL_AREA ( #3259 ) ;
#7540 = ORIENTED_EDGE ( 'NONE', *, *, #2866, .F. ) ;
#7541 = ORIENTED_EDGE ( 'NONE', *, *, #8542, .F. ) ;
#7542 = ORIENTED_EDGE ( 'NONE', *, *, #4858, .T. ) ;
#7543 = ORIENTED_EDGE ( 'NONE', *, *, #379, .F. ) ;
#7544 = ORIENTED_EDGE ( 'NONE', *, *, #7759, .T. ) ;
#7545 = DIRECTION ( 'NONE',  ( 0.000000000000000000, -1.000000000000000000, 0.000000000000000000 ) ) ;
#7546 = PLANE ( 'NONE',  #3812 ) ;
#7547 = DIRECTION ( 'NONE',  ( -2.710505431213761578E-16, 0.000000000000000000, -1.000000000000000000 ) ) ;
#7548 = ORIENTED_EDGE ( 'NONE', *, *, #7808, .T. ) ;
#7549 = VECTOR ( 'NONE', #8729, 1000.000000000000000 ) ;
#7550 = CARTESIAN_POINT ( 'NONE',  ( 1.249999999999999778, 0.1250000000000013600, 1.899999999999999911 ) ) ;
#7551 = ORIENTED_EDGE ( 'NONE', *, *, #5857, .T. ) ;
#7552 = PRESENTATION_LAYER_ASSIGNMENT (  '', '', ( #17 ) ) ;
#7553 = LINE ( 'NONE', #4671, #1453 ) ;
#7554 = MANIFOLD_SOLID_BREP ( 'LPattern3[6]', #7584 ) ;
#7555 = VECTOR ( 'NONE', #7610, 1000.000000000000000 ) ;
#7556 = DIRECTION ( 'NONE',  ( 0.000000000000000000, 0.000000000000000000, -1.000000000000000000 ) ) ;
#7557 = ORIENTED_EDGE ( 'NONE', *, *, #8894, .T. ) ;
#7558 = ORIENTED_EDGE ( 'NONE', *, *, #1370, .F. ) ;
#7559 = CARTESIAN_POINT ( 'NONE',  ( 1.399999999999999689, 0.1250000000000000000, -1.600000000000000089 ) ) ;
#7560 = ORIENTED_EDGE ( 'NONE', *, *, #4472, .F. ) ;
#7561 = CARTESIAN_POINT ( 'NONE',  ( 0.1500000000000003830, 0.2000000000000000111, -1.600000000000000089 ) ) ;
#7562 = ORIENTED_EDGE ( 'NONE', *, *, #9274, .T. ) ;
#7563 = ORIENTED_EDGE ( 'NONE', *, *, #659, .T. ) ;
#7564 = CARTESIAN_POINT ( 'NONE',  ( -1.400000000000000133, 0.000000000000000000, 5.421010862427523711E-18 ) ) ;
#7565 = CARTESIAN_POINT ( 'NONE',  ( -1.500000000000000444, 0.05000000000000000278, 2.000000000000000000 ) ) ;
#7566 = PRESENTATION_LAYER_ASSIGNMENT (  '', '', ( #1927 ) ) ;
#7567 = EDGE_CURVE ( 'NONE', #6531, #7512, #57, .T. ) ;
#7568 = CARTESIAN_POINT ( 'NONE',  ( 0.3500000000000004774, 0.1999999999999999833, -1.600000000000000311 ) ) ;
#7569 = PLANE ( 'NONE',  #4368 ) ;
#7570 = ADVANCED_FACE ( 'NONE', ( #208 ), #8142, .T. ) ;
#7571 = ORIENTED_EDGE ( 'NONE', *, *, #7177, .F. ) ;
#7572 = LINE ( 'NONE', #8933, #1113 ) ;
#7573 = FACE_OUTER_BOUND ( 'NONE', #4403, .T. ) ;
#7574 = VERTEX_POINT ( 'NONE', #5026 ) ;
#7575 = CARTESIAN_POINT ( 'NONE',  ( -1.500000000000000444, 0.05000000000000000278, 2.000000000000000000 ) ) ;
#7576 = CARTESIAN_POINT ( 'NONE',  ( -1.099999999999999867, 0.05000000000000002359, 0.6500000000000001332 ) ) ;
#7577 = EDGE_CURVE ( 'NONE', #6932, #2782, #3198, .T. ) ;
#7578 = SURFACE_SIDE_STYLE ('',( #5180 ) ) ;
#7579 = VECTOR ( 'NONE', #9206, 1000.000000000000000 ) ;
#7580 = VERTEX_POINT ( 'NONE', #9475 ) ;
#7581 = ORIENTED_EDGE ( 'NONE', *, *, #8529, .T. ) ;
#7582 = ORIENTED_EDGE ( 'NONE', *, *, #8926, .T. ) ;
#7583 = ORIENTED_EDGE ( 'NONE', *, *, #2279, .F. ) ;
#7584 = CLOSED_SHELL ( 'NONE', ( #7570, #6680, #5590, #6816, #5802, #4579 ) ) ;
#7585 = CARTESIAN_POINT ( 'NONE',  ( 1.099999999999999423, 0.2000000000000011768, 2.000000000000000000 ) ) ;
#7586 = CARTESIAN_POINT ( 'NONE',  ( -1.500000000000000222, 0.1999999999999996503, -0.1499999999999995226 ) ) ;
#7587 = EDGE_CURVE ( 'NONE', #7227, #3875, #9525, .T. ) ;
#7588 = AXIS2_PLACEMENT_3D ( 'NONE', #7192, #1947, #8672 ) ;
#7589 = DIRECTION ( 'NONE',  ( 1.000000000000000000, -0.000000000000000000, 1.084202172485501673E-15 ) ) ;
#7590 = EDGE_CURVE ( 'NONE', #4186, #4540, #6539, .T. ) ;
#7591 = EDGE_LOOP ( 'NONE', ( #2060, #3250, #2372, #9098 ) ) ;
#7592 = VECTOR ( 'NONE', #7100, 1000.000000000000000 ) ;
#7593 = FILL_AREA_STYLE_COLOUR ( '', #7632 ) ;
#7594 = ORIENTED_EDGE ( 'NONE', *, *, #8303, .T. ) ;
#7595 = DIRECTION ( 'NONE',  ( 0.000000000000000000, -0.000000000000000000, -1.000000000000000000 ) ) ;
#7596 = EDGE_CURVE ( 'NONE', #868, #3657, #6329, .T. ) ;
#7597 = LINE ( 'NONE', #7535, #1468 ) ;
#7598 = EDGE_CURVE ( 'NONE', #3115, #9153, #3367, .T. ) ;
#7599 = VERTEX_POINT ( 'NONE', #3465 ) ;
#7600 = ORIENTED_EDGE ( 'NONE', *, *, #3610, .F. ) ;
#7601 = ORIENTED_EDGE ( 'NONE', *, *, #4925, .T. ) ;
#7602 = EDGE_CURVE ( 'NONE', #3402, #3956, #176, .T. ) ;
#7603 = CARTESIAN_POINT ( 'NONE',  ( 0.000000000000000000, 0.000000000000000000, 0.000000000000000000 ) ) ;
#7604 = ORIENTED_EDGE ( 'NONE', *, *, #2001, .F. ) ;
#7605 = ORIENTED_EDGE ( 'NONE', *, *, #6188, .T. ) ;
#7606 = DIRECTION ( 'NONE',  ( -0.000000000000000000, -1.000000000000000000, -0.000000000000000000 ) ) ;
#7607 = EDGE_CURVE ( 'NONE', #9338, #9520, #6610, .T. ) ;
#7608 = CARTESIAN_POINT ( 'NONE',  ( -1.250000000000000222, 0.1250000000000000000, -1.732294901687515321 ) ) ;
#7609 = ORIENTED_EDGE ( 'NONE', *, *, #7662, .T. ) ;
#7610 = DIRECTION ( 'NONE',  ( -1.000000000000000000, 0.000000000000000000, 5.421010862427523156E-16 ) ) ;
#7611 = PLANE ( 'NONE',  #5407 ) ;
#7612 = LINE ( 'NONE', #8167, #4194 ) ;
#7613 = VECTOR ( 'NONE', #100, 1000.000000000000000 ) ;
#7614 = CARTESIAN_POINT ( 'NONE',  ( -1.400000000000000133, 0.1999999999999999833, 1.750000000000000000 ) ) ;
#7615 = EDGE_LOOP ( 'NONE', ( #8268, #68, #4361, #2046, #6517, #2215, #656, #4655, #8499, #3488, #5449, #6908, #6763, #7719, #5464, #6969, #4002, #8835, #7876, #7128 ) ) ;
#7616 = CARTESIAN_POINT ( 'NONE',  ( -1.232294901687515987, 0.1999999999999999833, 1.750000000000000000 ) ) ;
#7617 =( GEOMETRIC_REPRESENTATION_CONTEXT ( 3 ) GLOBAL_UNCERTAINTY_ASSIGNED_CONTEXT ( ( #611 ) ) GLOBAL_UNIT_ASSIGNED_CONTEXT ( ( #5785, #579, #5841 ) ) REPRESENTATION_CONTEXT ( 'NONE', 'WORKASPACE' ) );
#7618 = LINE ( 'NONE', #1981, #4584 ) ;
#7619 = VECTOR ( 'NONE', #6288, 1000.000000000000000 ) ;
#7620 = ORIENTED_EDGE ( 'NONE', *, *, #1464, .T. ) ;
#7621 = EDGE_CURVE ( 'NONE', #936, #7227, #221, .T. ) ;
#7622 = ORIENTED_EDGE ( 'NONE', *, *, #6119, .T. ) ;
#7623 = ORIENTED_EDGE ( 'NONE', *, *, #6286, .F. ) ;
#7624 = ORIENTED_EDGE ( 'NONE', *, *, #8960, .T. ) ;
#7625 = EDGE_LOOP ( 'NONE', ( #243, #590, #3507, #6144 ) ) ;
#7626 = CARTESIAN_POINT ( 'NONE',  ( -1.099999999999999867, 0.1999999999999999833, -0.1499999999999997446 ) ) ;
#7627 = CARTESIAN_POINT ( 'NONE',  ( 0.6500000000000007994, 0.1999999999999999833, 1.600000000000000089 ) ) ;
#7628 = PRESENTATION_LAYER_ASSIGNMENT (  '', '', ( #1146 ) ) ;
#7629 = CARTESIAN_POINT ( 'NONE',  ( 1.099999999999999867, 0.05000000000000000278, 0.000000000000000000 ) ) ;
#7630 = DIRECTION ( 'NONE',  ( 0.000000000000000000, -1.000000000000000000, 0.000000000000000000 ) ) ;
#7631 = ORIENTED_EDGE ( 'NONE', *, *, #7596, .T. ) ;
#7632 = COLOUR_RGB ( '',1.000000000000000000, 0.5019607843137254832, 0.5019607843137254832 ) ;
#7633 = DIRECTION ( 'NONE',  ( 0.000000000000000000, -0.000000000000000000, 1.000000000000000000 ) ) ;
#7634 = LINE ( 'NONE', #5231, #1413 ) ;
#7635 = LINE ( 'NONE', #4910, #7524 ) ;
#7636 = FACE_OUTER_BOUND ( 'NONE', #2197, .T. ) ;
#7637 = AXIS2_PLACEMENT_3D ( 'NONE', #5728, #403, #4505 ) ;
#7638 = DIRECTION ( 'NONE',  ( 0.000000000000000000, 0.000000000000000000, 1.000000000000000000 ) ) ;
#7639 = EDGE_LOOP ( 'NONE', ( #4352, #4646, #8140, #1895 ) ) ;
#7640 = EDGE_LOOP ( 'NONE', ( #2992, #275 ) ) ;
#7641 = ORIENTED_EDGE ( 'NONE', *, *, #7069, .F. ) ;
#7642 = CARTESIAN_POINT ( 'NONE',  ( 0.8500000000000009770, 0.1999999999999999833, 1.600000000000000311 ) ) ;
#7643 = ORIENTED_EDGE ( 'NONE', *, *, #9527, .T. ) ;
#7644 = ORIENTED_EDGE ( 'NONE', *, *, #4680, .T. ) ;
#7645 = DIRECTION ( 'NONE',  ( -0.000000000000000000, -1.000000000000000000, -0.000000000000000000 ) ) ;
#7646 = DIRECTION ( 'NONE',  ( 1.000000000000000000, -0.000000000000000000, 5.421010862427520198E-16 ) ) ;
#7647 =( NAMED_UNIT ( * ) PLANE_ANGLE_UNIT ( ) SI_UNIT ( $, .RADIAN. ) );
#7648 = PLANE ( 'NONE',  #396 ) ;
#7649 = ORIENTED_EDGE ( 'NONE', *, *, #2287, .T. ) ;
#7650 = SURFACE_STYLE_FILL_AREA ( #9071 ) ;
#7651 = SURFACE_STYLE_FILL_AREA ( #2409 ) ;
#7652 = DIRECTION ( 'NONE',  ( 0.000000000000000000, 0.000000000000000000, -1.000000000000000000 ) ) ;
#7653 = LINE ( 'NONE', #5932, #1267 ) ;
#7654 = PLANE ( 'NONE',  #9204 ) ;
#7655 = LINE ( 'NONE', #3202, #7555 ) ;
#7656 = ORIENTED_EDGE ( 'NONE', *, *, #2971, .T. ) ;
#7657 = VERTEX_POINT ( 'NONE', #1978 ) ;
#7658 = ORIENTED_EDGE ( 'NONE', *, *, #6520, .T. ) ;
#7659 = CARTESIAN_POINT ( 'NONE',  ( -1.250000000000000222, 0.1250000000000000000, -1.732294901687515321 ) ) ;
#7660 = ORIENTED_EDGE ( 'NONE', *, *, #4223, .T. ) ;
#7661 = ORIENTED_EDGE ( 'NONE', *, *, #297, .T. ) ;
#7662 = EDGE_CURVE ( 'NONE', #9352, #3293, #9493, .T. ) ;
#7663 = CARTESIAN_POINT ( 'NONE',  ( 0.000000000000000000, 0.2000000000000000111, 0.000000000000000000 ) ) ;
#7664 = CARTESIAN_POINT ( 'NONE',  ( -0.3499999999999996447, 0.6472135954999580498, -1.600000000000000089 ) ) ;
#7665 = EDGE_CURVE ( 'NONE', #7430, #1833, #9509, .T. ) ;
#7666 = ADVANCED_FACE ( 'NONE', ( #6474 ), #8019, .F. ) ;
#7667 = CARTESIAN_POINT ( 'NONE',  ( 1.099999999999999867, 0.6472135954999583829, 0.8500000000000003109 ) ) ;
#7668 = EDGE_LOOP ( 'NONE', ( #7106, #3779, #1175, #1103 ) ) ;
#7669 = LINE ( 'NONE', #3668, #4257 ) ;
#7670 = LINE ( 'NONE', #8421, #4420 ) ;
#7671 = CARTESIAN_POINT ( 'NONE',  ( -0.3499999999999992006, 0.000000000000000000, 1.600000000000000089 ) ) ;
#7672 = DIRECTION ( 'NONE',  ( -0.000000000000000000, -0.000000000000000000, 1.000000000000000000 ) ) ;
#7673 = LINE ( 'NONE', #487, #4423 ) ;
#7674 = VERTEX_POINT ( 'NONE', #4660 ) ;
#7675 = ORIENTED_EDGE ( 'NONE', *, *, #152, .T. ) ;
#7676 = ORIENTED_EDGE ( 'NONE', *, *, #8157, .F. ) ;
#7677 = ADVANCED_FACE ( 'NONE', ( #3152 ), #7531, .F. ) ;
#7678 = ORIENTED_EDGE ( 'NONE', *, *, #7705, .T. ) ;
#7679 = ORIENTED_EDGE ( 'NONE', *, *, #708, .T. ) ;
#7680 = CARTESIAN_POINT ( 'NONE',  ( 0.000000000000000000, 0.2000000000000000111, 0.000000000000000000 ) ) ;
#7681 = DIRECTION ( 'NONE',  ( -1.000000000000000000, 0.000000000000000000, 1.445602896647339163E-16 ) ) ;
#7682 = ORIENTED_EDGE ( 'NONE', *, *, #5530, .T. ) ;
#7683 = DIRECTION ( 'NONE',  ( -5.421010862427523156E-16, 0.000000000000000000, 1.000000000000000000 ) ) ;
#7684 = LINE ( 'NONE', #7187, #7403 ) ;
#7685 = LINE ( 'NONE', #4580, #4439 ) ;
#7686 = CARTESIAN_POINT ( 'NONE',  ( -0.6499999999999990230, 0.2000000000000000111, 2.000000000000000000 ) ) ;
#7687 = CARTESIAN_POINT ( 'NONE',  ( 1.099999999999999867, 0.1999999999999999833, 1.350000000000000311 ) ) ;
#7688 = LINE ( 'NONE', #432, #1155 ) ;
#7689 = LINE ( 'NONE', #324, #1303 ) ;
#7690 = ORIENTED_EDGE ( 'NONE', *, *, #8630, .F. ) ;
#7691 = ORIENTED_EDGE ( 'NONE', *, *, #277, .T. ) ;
#7692 = ORIENTED_EDGE ( 'NONE', *, *, #968, .F. ) ;
#7693 = ORIENTED_EDGE ( 'NONE', *, *, #160, .F. ) ;
#7694 = ORIENTED_EDGE ( 'NONE', *, *, #6723, .T. ) ;
#7695 = PLANE ( 'NONE',  #2545 ) ;
#7696 = DIRECTION ( 'NONE',  ( -0.000000000000000000, -0.000000000000000000, 1.000000000000000000 ) ) ;
#7697 = AXIS2_PLACEMENT_3D ( 'NONE', #8940, #174, #3670 ) ;
#7698 = DIRECTION ( 'NONE',  ( 1.084202172485504828E-15, -1.000000000000000000, -1.567325801096383855E-31 ) ) ;
#7699 = VERTEX_POINT ( 'NONE', #6051 ) ;
#7700 = FACE_OUTER_BOUND ( 'NONE', #9311, .T. ) ;
#7701 = CARTESIAN_POINT ( 'NONE',  ( -1.500000000000000000, 0.000000000000000000, -1.149999999999999467 ) ) ;
#7702 = EDGE_CURVE ( 'NONE', #1160, #5188, #6341, .T. ) ;
#7703 = FACE_OUTER_BOUND ( 'NONE', #4683, .T. ) ;
#7704 = AXIS2_PLACEMENT_3D ( 'NONE', #909, #1729, #2441 ) ;
#7705 = EDGE_CURVE ( 'NONE', #2703, #1527, #6357, .T. ) ;
#7706 = CARTESIAN_POINT ( 'NONE',  ( -1.099999999999999867, 0.6472135954999583829, 0.3500000000000002554 ) ) ;
#7707 = ORIENTED_EDGE ( 'NONE', *, *, #4617, .T. ) ;
#7708 = EDGE_LOOP ( 'NONE', ( #7583, #1903, #4853, #976 ) ) ;
#7709 = DIRECTION ( 'NONE',  ( -0.000000000000000000, -1.000000000000000000, -0.000000000000000000 ) ) ;
#7710 = ORIENTED_EDGE ( 'NONE', *, *, #6102, .F. ) ;
#7711 = CARTESIAN_POINT ( 'NONE',  ( 0.000000000000000000, 0.000000000000000000, 0.5000000000000000000 ) ) ;
#7712 = ORIENTED_EDGE ( 'NONE', *, *, #7477, .T. ) ;
#7713 = ORIENTED_EDGE ( 'NONE', *, *, #7996, .T. ) ;
#7714 = DIRECTION ( 'NONE',  ( -2.710505431213761578E-16, 0.000000000000000000, -1.000000000000000000 ) ) ;
#7715 = CARTESIAN_POINT ( 'NONE',  ( -1.099999999999999867, 0.6472135954999583829, -1.149999999999999689 ) ) ;
#7716 = DIRECTION ( 'NONE',  ( -1.000000000000000000, -0.000000000000000000, -5.421010862427524019E-17 ) ) ;
#7717 = EDGE_CURVE ( 'NONE', #6617, #1578, #313, .T. ) ;
#7718 = CARTESIAN_POINT ( 'NONE',  ( -1.500000000000000000, 0.1999999999999999833, -1.149999999999999467 ) ) ;
#7719 = ORIENTED_EDGE ( 'NONE', *, *, #2593, .T. ) ;
#7720 = CYLINDRICAL_SURFACE ( 'NONE', #3846, 0.1499999999999999667 ) ;
#7721 = LINE ( 'NONE', #5293, #4582 ) ;
#7722 = CARTESIAN_POINT ( 'NONE',  ( -1.232294901687515987, 0.1999999999999999833, 1.750000000000000000 ) ) ;
#7723 = LINE ( 'NONE', #7024, #1376 ) ;
#7724 = CARTESIAN_POINT ( 'NONE',  ( -0.1499999999999990785, 0.6472135954999580498, 1.600000000000000311 ) ) ;
#7725 = FACE_OUTER_BOUND ( 'NONE', #6889, .T. ) ;
#7726 = EDGE_CURVE ( 'NONE', #8126, #2253, #3515, .T. ) ;
#7727 = ORIENTED_EDGE ( 'NONE', *, *, #1631, .F. ) ;
#7728 = ORIENTED_EDGE ( 'NONE', *, *, #6303, .F. ) ;
#7729 = ORIENTED_EDGE ( 'NONE', *, *, #4359, .F. ) ;
#7730 =( GEOMETRIC_REPRESENTATION_CONTEXT ( 3 ) GLOBAL_UNCERTAINTY_ASSIGNED_CONTEXT ( ( #3262 ) ) GLOBAL_UNIT_ASSIGNED_CONTEXT ( ( #5392, #8138, #3639 ) ) REPRESENTATION_CONTEXT ( 'NONE', 'WORKASPACE' ) );
#7731 = CARTESIAN_POINT ( 'NONE',  ( -0.1499999999999995226, 0.1999999999999999833, -1.600000000000000311 ) ) ;
#7732 = ORIENTED_EDGE ( 'NONE', *, *, #6718, .T. ) ;
#7733 = EDGE_LOOP ( 'NONE', ( #8764, #8227, #377, #242 ) ) ;
#7734 = EDGE_CURVE ( 'NONE', #8458, #4562, #617, .T. ) ;
#7735 = CARTESIAN_POINT ( 'NONE',  ( -0.1499999999999990785, 0.1999999999999999833, 1.600000000000000311 ) ) ;
#7736 = EDGE_CURVE ( 'NONE', #8676, #4365, #3498, .T. ) ;
#7737 = DIRECTION ( 'NONE',  ( 0.000000000000000000, 0.000000000000000000, -1.000000000000000000 ) ) ;
#7738 = EDGE_CURVE ( 'NONE', #907, #1171, #3598, .T. ) ;
#7739 = DIRECTION ( 'NONE',  ( 0.000000000000000000, -1.000000000000000000, 0.000000000000000000 ) ) ;
#7740 = EDGE_CURVE ( 'NONE', #9451, #8810, #6980, .T. ) ;
#7741 = VERTEX_POINT ( 'NONE', #2278 ) ;
#7742 = VECTOR ( 'NONE', #3551, 1000.000000000000000 ) ;
#7743 = LINE ( 'NONE', #4099, #7592 ) ;
#7744 = STYLED_ITEM ( 'NONE', ( #600 ), #1734 ) ;
#7745 = CARTESIAN_POINT ( 'NONE',  ( -1.099999999999999867, 0.1999999999999999833, 1.350000000000000311 ) ) ;
#7746 = VECTOR ( 'NONE', #2422, 1000.000000000000000 ) ;
#7747 = LINE ( 'NONE', #4809, #7619 ) ;
#7748 = VERTEX_POINT ( 'NONE', #3693 ) ;
#7749 = ORIENTED_EDGE ( 'NONE', *, *, #1949, .T. ) ;
#7750 = ORIENTED_EDGE ( 'NONE', *, *, #6549, .T. ) ;
#7751 = ADVANCED_FACE ( 'NONE', ( #421 ), #6684, .T. ) ;
#7752 = FILL_AREA_STYLE_COLOUR ( '', #7850 ) ;
#7753 = ORIENTED_EDGE ( 'NONE', *, *, #9298, .T. ) ;
#7754 = VERTEX_POINT ( 'NONE', #1702 ) ;
#7755 = CARTESIAN_POINT ( 'NONE',  ( -0.8499999999999996447, 0.2000000000000000111, -1.600000000000000089 ) ) ;
#7756 = CARTESIAN_POINT ( 'NONE',  ( 0.1500000000000009381, 0.2000000000000000944, 2.000000000000000000 ) ) ;
#7757 = MECHANICAL_DESIGN_GEOMETRIC_PRESENTATION_REPRESENTATION (  '', ( #1956 ), #9424 ) ;
#7758 = ADVANCED_FACE ( 'NONE', ( #652 ), #1791, .F. ) ;
#7759 = EDGE_CURVE ( 'NONE', #9177, #7393, #7059, .T. ) ;
#7760 = CARTESIAN_POINT ( 'NONE',  ( -0.1499999999999990785, 0.2000000000000000111, 1.600000000000000311 ) ) ;
#7761 = ORIENTED_EDGE ( 'NONE', *, *, #1534, .T. ) ;
#7762 = LINE ( 'NONE', #2636, #1537 ) ;
#7763 = VECTOR ( 'NONE', #3027, 1000.000000000000000 ) ;
#7764 = CARTESIAN_POINT ( 'NONE',  ( -1.499999999999999778, 0.6472135954999583829, -0.3500000000000000333 ) ) ;
#7765 = CARTESIAN_POINT ( 'NONE',  ( 1.099999999999999867, 0.6472135954999583829, -1.349999999999999867 ) ) ;
#7766 = LINE ( 'NONE', #5807, #1189 ) ;
#7767 =( GEOMETRIC_REPRESENTATION_CONTEXT ( 3 ) GLOBAL_UNCERTAINTY_ASSIGNED_CONTEXT ( ( #4685 ) ) GLOBAL_UNIT_ASSIGNED_CONTEXT ( ( #473, #5795, #7867 ) ) REPRESENTATION_CONTEXT ( 'NONE', 'WORKASPACE' ) );
#7768 = VECTOR ( 'NONE', #9148, 1000.000000000000000 ) ;
#7769 = ORIENTED_EDGE ( 'NONE', *, *, #7015, .F. ) ;
#7770 = ORIENTED_EDGE ( 'NONE', *, *, #1825, .F. ) ;
#7771 = ORIENTED_EDGE ( 'NONE', *, *, #5166, .T. ) ;
#7772 = ADVANCED_FACE ( 'NONE', ( #681 ), #1672, .T. ) ;
#7773 = ORIENTED_EDGE ( 'NONE', *, *, #6002, .T. ) ;
#7774 = ORIENTED_EDGE ( 'NONE', *, *, #6410, .F. ) ;
#7775 = CARTESIAN_POINT ( 'NONE',  ( -1.250000000000000000, 0.1999999999999996503, -1.999999999999999556 ) ) ;
#7776 = DIRECTION ( 'NONE',  ( 5.421010862427520198E-16, 0.000000000000000000, -1.000000000000000000 ) ) ;
#7777 = CARTESIAN_POINT ( 'NONE',  ( -0.6499999999999995781, 0.6472135954999580498, -1.600000000000000311 ) ) ;
#7778 = MECHANICAL_DESIGN_GEOMETRIC_PRESENTATION_REPRESENTATION (  '', ( #7232 ), #9021 ) ;
#7779 = ORIENTED_EDGE ( 'NONE', *, *, #864, .F. ) ;
#7780 = VECTOR ( 'NONE', #4004, 1000.000000000000000 ) ;
#7781 = CARTESIAN_POINT ( 'NONE',  ( 0.3500000000000004774, 0.2000000000000000111, -1.600000000000000311 ) ) ;
#7782 = VECTOR ( 'NONE', #942, 1000.000000000000000 ) ;
#7783 = VECTOR ( 'NONE', #3532, 1000.000000000000000 ) ;
#7784 = LINE ( 'NONE', #6221, #7873 ) ;
#7785 = VECTOR ( 'NONE', #381, 1000.000000000000000 ) ;
#7786 = ORIENTED_EDGE ( 'NONE', *, *, #4228, .T. ) ;
#7787 = CARTESIAN_POINT ( 'NONE',  ( 0.3500000000000009215, 0.2000000000000000111, 1.600000000000000311 ) ) ;
#7788 = VERTEX_POINT ( 'NONE', #6197 ) ;
#7789 = DIRECTION ( 'NONE',  ( -0.000000000000000000, -0.000000000000000000, 1.000000000000000000 ) ) ;
#7790 = ORIENTED_EDGE ( 'NONE', *, *, #3841, .T. ) ;
#7791 = ORIENTED_EDGE ( 'NONE', *, *, #9101, .F. ) ;
#7792 = DIRECTION ( 'NONE',  ( -0.000000000000000000, 0.000000000000000000, -1.000000000000000000 ) ) ;
#7793 = DIRECTION ( 'NONE',  ( 0.000000000000000000, 1.000000000000000000, 0.000000000000000000 ) ) ;
#7794 = DIRECTION ( 'NONE',  ( -0.000000000000000000, -1.000000000000000000, -0.000000000000000000 ) ) ;
#7795 = VERTEX_POINT ( 'NONE', #1727 ) ;
#7796 = COLOUR_RGB ( '',0.7921568627450980005, 0.8196078431372548767, 0.9333333333333333481 ) ;
#7797 = PRESENTATION_STYLE_ASSIGNMENT (( #6046 ) ) ;
#7798 = PLANE ( 'NONE',  #3377 ) ;
#7799 = LINE ( 'NONE', #9347, #7832 ) ;
#7800 = LINE ( 'NONE', #3807, #1379 ) ;
#7801 = CARTESIAN_POINT ( 'NONE',  ( 1.099999999999999423, 0.2000000000000011768, 1.732294901687515321 ) ) ;
#7802 = EDGE_LOOP ( 'NONE', ( #1999, #2661, #8428, #6062 ) ) ;
#7803 = EDGE_CURVE ( 'NONE', #3080, #4299, #3443, .T. ) ;
#7804 = ORIENTED_EDGE ( 'NONE', *, *, #4357, .F. ) ;
#7805 = CARTESIAN_POINT ( 'NONE',  ( 1.500000000000000000, 0.04999999999999969746, 1.350000000000000533 ) ) ;
#7806 = ORIENTED_EDGE ( 'NONE', *, *, #4943, .T. ) ;
#7807 = EDGE_LOOP ( 'NONE', ( #4336, #1104, #8036, #846 ) ) ;
#7808 = EDGE_CURVE ( 'NONE', #1271, #8528, #299, .T. ) ;
#7809 = CARTESIAN_POINT ( 'NONE',  ( -1.100000000000000311, 0.1250000000000000000, -1.732294901687515321 ) ) ;
#7810 = CARTESIAN_POINT ( 'NONE',  ( 0.3500000000000004774, 0.2000000000000000111, -1.600000000000000311 ) ) ;
#7811 = DIRECTION ( 'NONE',  ( 0.000000000000000000, 0.000000000000000000, -1.000000000000000000 ) ) ;
#7812 = DIRECTION ( 'NONE',  ( -1.000000000000000000, 0.000000000000000000, 0.000000000000000000 ) ) ;
#7813 = VERTEX_POINT ( 'NONE', #9165 ) ;
#7814 = VECTOR ( 'NONE', #8619, 1000.000000000000000 ) ;
#7815 = LINE ( 'NONE', #827, #1205 ) ;
#7816 = DIRECTION ( 'NONE',  ( -1.000000000000000000, 0.000000000000000000, 0.000000000000000000 ) ) ;
#7817 = LINE ( 'NONE', #6848, #4677 ) ;
#7818 = LINE ( 'NONE', #3485, #1318 ) ;
#7819 = EDGE_LOOP ( 'NONE', ( #6751, #226, #3334, #121 ) ) ;
#7820 = ORIENTED_EDGE ( 'NONE', *, *, #1326, .F. ) ;
#7821 = CARTESIAN_POINT ( 'NONE',  ( -1.099999999999999867, 0.05000000000000000278, 0.000000000000000000 ) ) ;
#7822 = EDGE_LOOP ( 'NONE', ( #5627, #5446, #3206, #6246 ) ) ;
#7823 = ORIENTED_EDGE ( 'NONE', *, *, #4874, .T. ) ;
#7824 = CARTESIAN_POINT ( 'NONE',  ( 1.499999999999999778, 0.05000000000000000278, 2.000000000000000000 ) ) ;
#7825 = AXIS2_PLACEMENT_3D ( 'NONE', #5111, #8590, #2792 ) ;
#7826 = VERTEX_POINT ( 'NONE', #3916 ) ;
#7827 = CARTESIAN_POINT ( 'NONE',  ( 1.099999999999999423, 0.1250000000000011935, -1.899999999999999911 ) ) ;
#7828 = FACE_OUTER_BOUND ( 'NONE', #2965, .T. ) ;
#7829 = ADVANCED_FACE ( 'NONE', ( #604 ), #4542, .T. ) ;
#7830 = LINE ( 'NONE', #1989, #4547 ) ;
#7831 = CARTESIAN_POINT ( 'NONE',  ( 1.499999999999999778, 0.6472135954999583829, -1.350000000000000089 ) ) ;
#7832 = VECTOR ( 'NONE', #4596, 1000.000000000000000 ) ;
#7833 = FACE_OUTER_BOUND ( 'NONE', #8815, .T. ) ;
#7834 = VERTEX_POINT ( 'NONE', #6707 ) ;
#7835 = DIRECTION ( 'NONE',  ( 0.000000000000000000, 0.000000000000000000, 1.000000000000000000 ) ) ;
#7836 =( GEOMETRIC_REPRESENTATION_CONTEXT ( 3 ) GLOBAL_UNCERTAINTY_ASSIGNED_CONTEXT ( ( #6514 ) ) GLOBAL_UNIT_ASSIGNED_CONTEXT ( ( #6049, #9250, #5452 ) ) REPRESENTATION_CONTEXT ( 'NONE', 'WORKASPACE' ) );
#7837 = ORIENTED_EDGE ( 'NONE', *, *, #4868, .F. ) ;
#7838 = ORIENTED_EDGE ( 'NONE', *, *, #2653, .F. ) ;
#7839 = ORIENTED_EDGE ( 'NONE', *, *, #3715, .T. ) ;
#7840 = DIRECTION ( 'NONE',  ( -2.710505431213761578E-16, 0.000000000000000000, -1.000000000000000000 ) ) ;
#7841 = DIRECTION ( 'NONE',  ( -5.421010862427523403E-17, 0.000000000000000000, 1.000000000000000000 ) ) ;
#7842 = EDGE_CURVE ( 'NONE', #9111, #8594, #371, .T. ) ;
#7843 = PRESENTATION_LAYER_ASSIGNMENT (  '', '', ( #2153 ) ) ;
#7844 = CARTESIAN_POINT ( 'NONE',  ( 1.249999999999998890, 0.2000000000000013434, -2.000000000000000000 ) ) ;
#7845 = ADVANCED_FACE ( 'NONE', ( #3649 ), #3162, .F. ) ;
#7846 = EDGE_CURVE ( 'NONE', #7795, #7936, #6771, .T. ) ;
#7847 = ORIENTED_EDGE ( 'NONE', *, *, #6956, .F. ) ;
#7848 = FACE_OUTER_BOUND ( 'NONE', #5083, .T. ) ;
#7849 = CARTESIAN_POINT ( 'NONE',  ( 1.500000000000000000, 0.1999999999999999833, -0.1499999999999995226 ) ) ;
#7850 = COLOUR_RGB ( '',0.7921568627450980005, 0.8196078431372548767, 0.9333333333333333481 ) ;
#7851 = VECTOR ( 'NONE', #890, 1000.000000000000000 ) ;
#7852 = CARTESIAN_POINT ( 'NONE',  ( -0.8499999999999996447, 0.6472135954999580498, -1.600000000000000089 ) ) ;
#7853 = COLOUR_RGB ( '',1.000000000000000000, 0.5019607843137254832, 0.5019607843137254832 ) ;
#7854 = PRESENTATION_STYLE_ASSIGNMENT (( #6351 ) ) ;
#7855 = FILL_AREA_STYLE_COLOUR ( '', #774 ) ;
#7856 = ORIENTED_EDGE ( 'NONE', *, *, #1227, .F. ) ;
#7857 = ORIENTED_EDGE ( 'NONE', *, *, #6469, .T. ) ;
#7858 = ADVANCED_FACE ( 'NONE', ( #3458 ), #9109, .T. ) ;
#7859 = EDGE_CURVE ( 'NONE', #3386, #5593, #3587, .T. ) ;
#7860 = DIRECTION ( 'NONE',  ( -0.000000000000000000, -1.000000000000000000, -0.000000000000000000 ) ) ;
#7861 = ORIENTED_EDGE ( 'NONE', *, *, #3195, .F. ) ;
#7862 = ORIENTED_EDGE ( 'NONE', *, *, #363, .F. ) ;
#7863 = CARTESIAN_POINT ( 'NONE',  ( 0.000000000000000000, 0.2000000000000000111, 0.000000000000000000 ) ) ;
#7864 = CARTESIAN_POINT ( 'NONE',  ( -1.099999999999999867, 0.05000000000000000278, 0.000000000000000000 ) ) ;
#7865 = EDGE_CURVE ( 'NONE', #8881, #4789, #3797, .T. ) ;
#7866 = MECHANICAL_DESIGN_GEOMETRIC_PRESENTATION_REPRESENTATION (  '', ( #2171 ), #1391 ) ;
#7867 =( NAMED_UNIT ( * ) SI_UNIT ( $, .STERADIAN. ) SOLID_ANGLE_UNIT ( ) );
#7868 = ORIENTED_EDGE ( 'NONE', *, *, #3398, .T. ) ;
#7869 = FACE_OUTER_BOUND ( 'NONE', #4229, .T. ) ;
#7870 = DIRECTION ( 'NONE',  ( 1.000000000000000000, 0.000000000000000000, -5.421010862427523156E-16 ) ) ;
#7871 = DIRECTION ( 'NONE',  ( 0.000000000000000000, -1.000000000000000000, 0.000000000000000000 ) ) ;
#7872 = VECTOR ( 'NONE', #144, 1000.000000000000000 ) ;
#7873 = VECTOR ( 'NONE', #6101, 1000.000000000000000 ) ;
#7874 = CARTESIAN_POINT ( 'NONE',  ( 1.232294901687515543, 0.1250000000000000000, 1.750000000000000000 ) ) ;
#7875 = FACE_OUTER_BOUND ( 'NONE', #828, .T. ) ;
#7876 = ORIENTED_EDGE ( 'NONE', *, *, #1531, .F. ) ;
#7877 = EDGE_CURVE ( 'NONE', #5248, #9111, #3469, .T. ) ;
#7878 = ORIENTED_EDGE ( 'NONE', *, *, #6644, .F. ) ;
#7879 = DIRECTION ( 'NONE',  ( 0.000000000000000000, 0.000000000000000000, -1.000000000000000000 ) ) ;
#7880 = ORIENTED_EDGE ( 'NONE', *, *, #2463, .T. ) ;
#7881 = VERTEX_POINT ( 'NONE', #4825 ) ;
#7882 = EDGE_CURVE ( 'NONE', #975, #9458, #6842, .T. ) ;
#7883 = DIRECTION ( 'NONE',  ( 0.000000000000000000, 1.000000000000000000, 0.000000000000000000 ) ) ;
#7884 = AXIS2_PLACEMENT_3D ( 'NONE', #3682, #591, #6619 ) ;
#7885 = DIRECTION ( 'NONE',  ( 0.000000000000000000, 0.000000000000000000, 1.000000000000000000 ) ) ;
#7886 = VERTEX_POINT ( 'NONE', #788 ) ;
#7887 = FACE_OUTER_BOUND ( 'NONE', #471, .T. ) ;
#7888 = FACE_OUTER_BOUND ( 'NONE', #9123, .T. ) ;
#7889 = LINE ( 'NONE', #7258, #1568 ) ;
#7890 = LINE ( 'NONE', #6673, #1722 ) ;
#7891 = AXIS2_PLACEMENT_3D ( 'NONE', #1550, #2379, #6943 ) ;
#7892 = ORIENTED_EDGE ( 'NONE', *, *, #2393, .F. ) ;
#7893 = VERTEX_POINT ( 'NONE', #2758 ) ;
#7894 = ORIENTED_EDGE ( 'NONE', *, *, #1227, .T. ) ;
#7895 = ORIENTED_EDGE ( 'NONE', *, *, #8651, .T. ) ;
#7896 = EDGE_CURVE ( 'NONE', #9367, #7318, #7355, .T. ) ;
#7897 = CARTESIAN_POINT ( 'NONE',  ( 1.399999999999999689, 0.1250000000000000000, 1.600000000000000089 ) ) ;
#7898 = PLANE ( 'NONE',  #7825 ) ;
#7899 = STYLED_ITEM ( 'NONE', ( #6058 ), #985 ) ;
#7900 = ORIENTED_EDGE ( 'NONE', *, *, #3398, .F. ) ;
#7901 = CARTESIAN_POINT ( 'NONE',  ( 1.099999999999999423, 0.2000000000000011768, 1.899999999999999911 ) ) ;
#7902 = LINE ( 'NONE', #6080, #4745 ) ;
#7903 = PRESENTATION_STYLE_ASSIGNMENT (( #6193 ) ) ;
#7904 = DIRECTION ( 'NONE',  ( 0.000000000000000000, 1.000000000000000000, -0.000000000000000000 ) ) ;
#7905 = VECTOR ( 'NONE', #382, 1000.000000000000000 ) ;
#7906 = VECTOR ( 'NONE', #128, 1000.000000000000000 ) ;
#7907 = ORIENTED_EDGE ( 'NONE', *, *, #1003, .F. ) ;
#7908 = DIRECTION ( 'NONE',  ( 2.710505431213763057E-16, 0.000000000000000000, 1.000000000000000000 ) ) ;
#7909 = VERTEX_POINT ( 'NONE', #8949 ) ;
#7910 = EDGE_LOOP ( 'NONE', ( #6603, #3338, #6212, #6339 ) ) ;
#7911 = MECHANICAL_DESIGN_GEOMETRIC_PRESENTATION_REPRESENTATION (  '', ( #2902 ), #2573 ) ;
#7912 = ORIENTED_EDGE ( 'NONE', *, *, #1752, .T. ) ;
#7913 = CARTESIAN_POINT ( 'NONE',  ( 0.000000000000000000, 0.000000000000000000, 1.899999999999999911 ) ) ;
#7914 = CARTESIAN_POINT ( 'NONE',  ( 1.099999999999999867, 0.6472135954999583829, -0.1499999999999997446 ) ) ;
#7915 = DIRECTION ( 'NONE',  ( 0.000000000000000000, 1.000000000000000000, -0.000000000000000000 ) ) ;
#7916 = CARTESIAN_POINT ( 'NONE',  ( 1.500000000000000000, 0.6472135954999583829, 0.3500000000000004774 ) ) ;
#7917 = VERTEX_POINT ( 'NONE', #1905 ) ;
#7918 = VECTOR ( 'NONE', #5605, 1000.000000000000000 ) ;
#7919 = ADVANCED_FACE ( 'NONE', ( #7197 ), #5259, .T. ) ;
#7920 = CARTESIAN_POINT ( 'NONE',  ( -0.1499999999999995226, 0.1999999999999999833, -2.000000000000000000 ) ) ;
#7921 = SURFACE_STYLE_FILL_AREA ( #4759 ) ;
#7922 = LINE ( 'NONE', #3722, #7957 ) ;
#7923 = VECTOR ( 'NONE', #4508, 1000.000000000000000 ) ;
#7924 = LINE ( 'NONE', #8561, #1911 ) ;
#7925 = DIRECTION ( 'NONE',  ( 0.000000000000000000, 0.000000000000000000, -1.000000000000000000 ) ) ;
#7926 = ORIENTED_EDGE ( 'NONE', *, *, #5981, .F. ) ;
#7927 = CARTESIAN_POINT ( 'NONE',  ( -0.6499999999999995781, 0.6472135954999580498, -1.600000000000000311 ) ) ;
#7928 = ORIENTED_EDGE ( 'NONE', *, *, #4721, .T. ) ;
#7929 = CARTESIAN_POINT ( 'NONE',  ( -0.8499999999999996447, 0.6472135954999580498, -2.000000000000000000 ) ) ;
#7930 = ORIENTED_EDGE ( 'NONE', *, *, #2653, .T. ) ;
#7931 = ORIENTED_EDGE ( 'NONE', *, *, #2064, .T. ) ;
#7932 =( NAMED_UNIT ( * ) SI_UNIT ( $, .STERADIAN. ) SOLID_ANGLE_UNIT ( ) );
#7933 = DIRECTION ( 'NONE',  ( -1.000000000000000000, -1.084202172485504828E-15, 0.000000000000000000 ) ) ;
#7934 = ADVANCED_FACE ( 'NONE', ( #863 ), #462, .T. ) ;
#7935 = PLANE ( 'NONE',  #1508 ) ;
#7936 = VERTEX_POINT ( 'NONE', #4197 ) ;
#7937 = LINE ( 'NONE', #2517, #7780 ) ;
#7938 = COLOUR_RGB ( '',0.7921568627450980005, 0.8196078431372548767, 0.9333333333333333481 ) ;
#7939 = CARTESIAN_POINT ( 'NONE',  ( -1.099999999999999867, 0.000000000000000000, -0.8499999999999998668 ) ) ;
#7940 = UNCERTAINTY_MEASURE_WITH_UNIT (LENGTH_MEASURE( 1.000000000000000082E-05 ), #8459, 'distance_accuracy_value', 'NONE');
#7941 = VECTOR ( 'NONE', #4255, 1000.000000000000000 ) ;
#7942 = LINE ( 'NONE', #5500, #4626 ) ;
#7943 = DIRECTION ( 'NONE',  ( 0.000000000000000000, 1.000000000000000000, 0.000000000000000000 ) ) ;
#7944 = LINE ( 'NONE', #3035, #1803 ) ;
#7945 = EDGE_LOOP ( 'NONE', ( #4954, #2657, #5908, #5018 ) ) ;
#7946 = ORIENTED_EDGE ( 'NONE', *, *, #2838, .F. ) ;
#7947 = ADVANCED_FACE ( 'NONE', ( #841 ), #7208, .T. ) ;
#7948 = DIRECTION ( 'NONE',  ( -1.000000000000000000, 0.000000000000000000, -5.421010862427520198E-16 ) ) ;
#7949 = EDGE_LOOP ( 'NONE', ( #2444, #5474, #9316, #5080 ) ) ;
#7950 = ORIENTED_EDGE ( 'NONE', *, *, #4482, .T. ) ;
#7951 = CARTESIAN_POINT ( 'NONE',  ( 1.099999999999999867, 0.05000000000000002359, 1.350000000000000311 ) ) ;
#7952 =( GEOMETRIC_REPRESENTATION_CONTEXT ( 3 ) GLOBAL_UNCERTAINTY_ASSIGNED_CONTEXT ( ( #9393 ) ) GLOBAL_UNIT_ASSIGNED_CONTEXT ( ( #4418, #2690, #2809 ) ) REPRESENTATION_CONTEXT ( 'NONE', 'WORKASPACE' ) );
#7953 = CARTESIAN_POINT ( 'NONE',  ( 0.8500000000000005329, 0.2000000000000000111, -2.000000000000000000 ) ) ;
#7954 = CARTESIAN_POINT ( 'NONE',  ( 1.500000000000000000, 0.6472135954999583829, 0.3500000000000004774 ) ) ;
#7955 = DIRECTION ( 'NONE',  ( -0.000000000000000000, -1.000000000000000000, -0.000000000000000000 ) ) ;
#7956 = LINE ( 'NONE', #7401, #8148 ) ;
#7957 = VECTOR ( 'NONE', #6709, 1000.000000000000000 ) ;
#7958 =( GEOMETRIC_REPRESENTATION_CONTEXT ( 3 ) GLOBAL_UNCERTAINTY_ASSIGNED_CONTEXT ( ( #8801 ) ) GLOBAL_UNIT_ASSIGNED_CONTEXT ( ( #6576, #4527, #5281 ) ) REPRESENTATION_CONTEXT ( 'NONE', 'WORKASPACE' ) );
#7959 = EDGE_CURVE ( 'NONE', #7909, #1097, #952, .T. ) ;
#7960 = ORIENTED_EDGE ( 'NONE', *, *, #7211, .T. ) ;
#7961 = ORIENTED_EDGE ( 'NONE', *, *, #1770, .T. ) ;
#7962 = DIRECTION ( 'NONE',  ( 0.000000000000000000, -0.000000000000000000, -1.000000000000000000 ) ) ;
#7963 = ORIENTED_EDGE ( 'NONE', *, *, #5863, .T. ) ;
#7964 = VERTEX_POINT ( 'NONE', #2694 ) ;
#7965 =( NAMED_UNIT ( * ) PLANE_ANGLE_UNIT ( ) SI_UNIT ( $, .RADIAN. ) );
#7966 = PLANE ( 'NONE',  #5291 ) ;
#7967 = CARTESIAN_POINT ( 'NONE',  ( 0.3500000000000009215, 0.000000000000000000, 1.600000000000000311 ) ) ;
#7968 = FACE_OUTER_BOUND ( 'NONE', #7398, .T. ) ;
#7969 = CARTESIAN_POINT ( 'NONE',  ( -1.099999999999999867, 0.1999999999999999833, -1.149999999999999689 ) ) ;
#7970 = LINE ( 'NONE', #8162, #2040 ) ;
#7971 = LINE ( 'NONE', #8364, #7906 ) ;
#7972 = EDGE_CURVE ( 'NONE', #6189, #1192, #4039, .T. ) ;
#7973 = VERTEX_POINT ( 'NONE', #7067 ) ;
#7974 = DIRECTION ( 'NONE',  ( 1.000000000000000000, 0.000000000000000000, -2.710505431213761578E-16 ) ) ;
#7975 = ORIENTED_EDGE ( 'NONE', *, *, #4868, .T. ) ;
#7976 = AXIS2_PLACEMENT_3D ( 'NONE', #5162, #3082, #2907 ) ;
#7977 = ORIENTED_EDGE ( 'NONE', *, *, #582, .T. ) ;
#7978 = ORIENTED_EDGE ( 'NONE', *, *, #7734, .F. ) ;
#7979 = CARTESIAN_POINT ( 'NONE',  ( 0.1500000000000008271, 0.1999999999999999833, 1.600000000000000089 ) ) ;
#7980 = EDGE_CURVE ( 'NONE', #6775, #2155, #787, .T. ) ;
#7981 = CARTESIAN_POINT ( 'NONE',  ( 1.099999999999999867, 0.1999999999999999833, 0.8500000000000003109 ) ) ;
#7982 = EDGE_CURVE ( 'NONE', #1417, #6213, #7141, .T. ) ;
#7983 = CARTESIAN_POINT ( 'NONE',  ( -1.400000000000000133, 0.1999999999999999833, -1.600000000000000089 ) ) ;
#7984 = EDGE_CURVE ( 'NONE', #7025, #7795, #7427, .T. ) ;
#7985 = CARTESIAN_POINT ( 'NONE',  ( -0.3499999999999990896, 0.000000000000000000, 2.000000000000000000 ) ) ;
#7986 = SURFACE_SIDE_STYLE ('',( #6003 ) ) ;
#7987 = LINE ( 'NONE', #7302, #1601 ) ;
#7988 = LINE ( 'NONE', #2055, #7905 ) ;
#7989 = LINE ( 'NONE', #6164, #4712 ) ;
#7990 = VECTOR ( 'NONE', #1405, 1000.000000000000000 ) ;
#7991 = DIRECTION ( 'NONE',  ( 0.000000000000000000, -1.000000000000000000, 0.000000000000000000 ) ) ;
#7992 = CLOSED_SHELL ( 'NONE', ( #2864, #1220, #337, #3959, #8020, #2937 ) ) ;
#7993 = PLANE ( 'NONE',  #5393 ) ;
#7994 = ORIENTED_EDGE ( 'NONE', *, *, #6520, .F. ) ;
#7995 = ORIENTED_EDGE ( 'NONE', *, *, #5191, .T. ) ;
#7996 = EDGE_CURVE ( 'NONE', #4465, #203, #4114, .T. ) ;
#7997 = ORIENTED_EDGE ( 'NONE', *, *, #4502, .T. ) ;
#7998 = PRESENTATION_LAYER_ASSIGNMENT (  '', '', ( #4609 ) ) ;
#7999 = ADVANCED_FACE ( 'NONE', ( #4011 ), #518, .T. ) ;
#8000 = CARTESIAN_POINT ( 'NONE',  ( 1.099999999999999867, 0.05000000000000000278, 0.000000000000000000 ) ) ;
#8001 = CARTESIAN_POINT ( 'NONE',  ( -1.500000000000000222, 0.1250000000000000000, 1.750000000000000000 ) ) ;
#8002 = APPLICATION_CONTEXT ( 'automotive_design' ) ;
#8003 = DIRECTION ( 'NONE',  ( -1.000000000000000000, 0.000000000000000000, -5.421010862427520198E-16 ) ) ;
#8004 = EDGE_CURVE ( 'NONE', #6820, #1383, #7332, .T. ) ;
#8005 =( NAMED_UNIT ( * ) SI_UNIT ( $, .STERADIAN. ) SOLID_ANGLE_UNIT ( ) );
#8006 = VECTOR ( 'NONE', #1201, 1000.000000000000000 ) ;
#8007 = ADVANCED_FACE ( 'NONE', ( #7375 ), #8560, .F. ) ;
#8008 = VECTOR ( 'NONE', #3213, 1000.000000000000000 ) ;
#8009 = CARTESIAN_POINT ( 'NONE',  ( -1.500000000000000000, 0.000000000000000000, 0.8500000000000005329 ) ) ;
#8010 = DIRECTION ( 'NONE',  ( 1.000000000000000000, 0.000000000000000000, -0.000000000000000000 ) ) ;
#8011 = FACE_OUTER_BOUND ( 'NONE', #6378, .T. ) ;
#8012 = FACE_OUTER_BOUND ( 'NONE', #4193, .T. ) ;
#8013 = FILL_AREA_STYLE ('',( #9340 ) ) ;
#8014 = CARTESIAN_POINT ( 'NONE',  ( 1.500000000000000000, 0.6472135954999583829, -0.1499999999999995226 ) ) ;
#8015 = AXIS2_PLACEMENT_3D ( 'NONE', #450, #7263, #8111 ) ;
#8016 = FACE_OUTER_BOUND ( 'NONE', #4293, .T. ) ;
#8017 = ORIENTED_EDGE ( 'NONE', *, *, #4383, .T. ) ;
#8018 = ORIENTED_EDGE ( 'NONE', *, *, #3775, .T. ) ;
#8019 = PLANE ( 'NONE',  #3332 ) ;
#8020 = ADVANCED_FACE ( 'NONE', ( #7124 ), #2078, .F. ) ;
#8021 = ORIENTED_EDGE ( 'NONE', *, *, #1662, .T. ) ;
#8022 = VERTEX_POINT ( 'NONE', #7002 ) ;
#8023 = CARTESIAN_POINT ( 'NONE',  ( 1.249999999999999334, 0.2000000000000013434, 2.000000000000000000 ) ) ;
#8024 = UNCERTAINTY_MEASURE_WITH_UNIT (LENGTH_MEASURE( 1.000000000000000082E-05 ), #9545, 'distance_accuracy_value', 'NONE');
#8025 = DIRECTION ( 'NONE',  ( 0.000000000000000000, 1.000000000000000000, 0.000000000000000000 ) ) ;
#8026 = AXIS2_PLACEMENT_3D ( 'NONE', #7711, #5479, #6314 ) ;
#8027 = DIRECTION ( 'NONE',  ( 1.000000000000000000, -0.000000000000000000, 0.000000000000000000 ) ) ;
#8028 = VECTOR ( 'NONE', #7714, 1000.000000000000000 ) ;
#8029 = VECTOR ( 'NONE', #9403, 1000.000000000000000 ) ;
#8030 = PLANE ( 'NONE',  #6294 ) ;
#8031 = LINE ( 'NONE', #5051, #1694 ) ;
#8032 = FACE_OUTER_BOUND ( 'NONE', #8387, .T. ) ;
#8033 = ORIENTED_EDGE ( 'NONE', *, *, #330, .T. ) ;
#8034 = ORIENTED_EDGE ( 'NONE', *, *, #1513, .T. ) ;
#8035 = ADVANCED_FACE ( 'NONE', ( #757 ), #3241, .F. ) ;
#8036 = ORIENTED_EDGE ( 'NONE', *, *, #8210, .F. ) ;
#8037 = ORIENTED_EDGE ( 'NONE', *, *, #1239, .T. ) ;
#8038 = CARTESIAN_POINT ( 'NONE',  ( -1.400000000000000133, 0.1999999999999999833, 1.750000000000000000 ) ) ;
#8039 = FACE_OUTER_BOUND ( 'NONE', #413, .T. ) ;
#8040 = VECTOR ( 'NONE', #8693, 1000.000000000000000 ) ;
#8041 = CARTESIAN_POINT ( 'NONE',  ( 1.499999999999999778, 0.05000000000000000278, 2.000000000000000000 ) ) ;
#8042 = VECTOR ( 'NONE', #3324, 1000.000000000000000 ) ;
#8043 = VECTOR ( 'NONE', #1496, 1000.000000000000000 ) ;
#8044 = EDGE_LOOP ( 'NONE', ( #8468, #8438, #8603, #5416 ) ) ;
#8045 =( LENGTH_UNIT ( ) NAMED_UNIT ( * ) SI_UNIT ( .MILLI., .METRE. ) );
#8046 = ORIENTED_EDGE ( 'NONE', *, *, #4856, .T. ) ;
#8047 = ORIENTED_EDGE ( 'NONE', *, *, #9081, .F. ) ;
#8048 = ORIENTED_EDGE ( 'NONE', *, *, #9464, .F. ) ;
#8049 = DIRECTION ( 'NONE',  ( 0.000000000000000000, -1.000000000000000000, 0.000000000000000000 ) ) ;
#8050 = DIRECTION ( 'NONE',  ( -1.084202172485501673E-15, 0.000000000000000000, -1.000000000000000000 ) ) ;
#8051 = CARTESIAN_POINT ( 'NONE',  ( -1.099999999999999867, 0.6472135954999583829, -0.1499999999999997446 ) ) ;
#8052 = DIRECTION ( 'NONE',  ( -2.710505431213761578E-16, 0.000000000000000000, -1.000000000000000000 ) ) ;
#8053 = EDGE_CURVE ( 'NONE', #1174, #3461, #7446, .T. ) ;
#8054 = LINE ( 'NONE', #3396, #7814 ) ;
#8055 = DIRECTION ( 'NONE',  ( 0.000000000000000000, 0.000000000000000000, -1.000000000000000000 ) ) ;
#8056 = LINE ( 'NONE', #8041, #4919 ) ;
#8057 = DIRECTION ( 'NONE',  ( -1.000000000000000000, 0.000000000000000000, 1.084202172485504040E-15 ) ) ;
#8058 = COLOUR_RGB ( '',0.7921568627450980005, 0.8196078431372548767, 0.9333333333333333481 ) ;
#8059 = DIRECTION ( 'NONE',  ( -1.000000000000000000, 0.000000000000000000, 1.084202172485504040E-15 ) ) ;
#8060 = ORIENTED_EDGE ( 'NONE', *, *, #6940, .T. ) ;
#8061 = PLANE ( 'NONE',  #4452 ) ;
#8062 = ORIENTED_EDGE ( 'NONE', *, *, #9293, .T. ) ;
#8063 = ORIENTED_EDGE ( 'NONE', *, *, #1260, .T. ) ;
#8064 = DIRECTION ( 'NONE',  ( -1.084202172485504828E-15, 1.000000000000000000, 0.000000000000000000 ) ) ;
#8065 = UNCERTAINTY_MEASURE_WITH_UNIT (LENGTH_MEASURE( 1.000000000000000082E-05 ), #1126, 'distance_accuracy_value', 'NONE');
#8066 = CARTESIAN_POINT ( 'NONE',  ( 1.249999999999999334, 0.2000000000000013434, 1.899999999999999911 ) ) ;
#8067 = PLANE ( 'NONE',  #7219 ) ;
#8068 = LINE ( 'NONE', #1842, #8008 ) ;
#8069 = CARTESIAN_POINT ( 'NONE',  ( -1.099999999999999867, 0.05000000000000002359, 0.8500000000000003109 ) ) ;
#8070 = CARTESIAN_POINT ( 'NONE',  ( 1.500000000000000000, 0.000000000000000000, 0.3500000000000004774 ) ) ;
#8071 = VECTOR ( 'NONE', #8218, 1000.000000000000000 ) ;
#8072 = DIRECTION ( 'NONE',  ( -1.445602896647339163E-16, 0.000000000000000000, -1.000000000000000000 ) ) ;
#8073 = CARTESIAN_POINT ( 'NONE',  ( 1.099999999999999867, 0.000000000000000000, -0.6499999999999998002 ) ) ;
#8074 = LINE ( 'NONE', #4400, #1776 ) ;
#8075 = VERTEX_POINT ( 'NONE', #865 ) ;
#8076 = AXIS2_PLACEMENT_3D ( 'NONE', #1243, #497, #7172 ) ;
#8077 = ORIENTED_EDGE ( 'NONE', *, *, #9378, .T. ) ;
#8078 = DIRECTION ( 'NONE',  ( 0.000000000000000000, 0.000000000000000000, -1.000000000000000000 ) ) ;
#8079 = EDGE_LOOP ( 'NONE', ( #5115, #4908, #5147, #7977 ) ) ;
#8080 = ADVANCED_FACE ( 'NONE', ( #3957 ), #9238, .F. ) ;
#8081 = DIRECTION ( 'NONE',  ( -1.000000000000000000, -1.084202172485504828E-15, 0.000000000000000000 ) ) ;
#8082 = CARTESIAN_POINT ( 'NONE',  ( 1.099999999999999867, 0.1999999999999999833, -0.3499999999999998113 ) ) ;
#8083 = AXIS2_PLACEMENT_3D ( 'NONE', #8038, #765, #2858 ) ;
#8084 = DIRECTION ( 'NONE',  ( 0.000000000000000000, -1.000000000000000000, 0.000000000000000000 ) ) ;
#8085 = EDGE_CURVE ( 'NONE', #628, #6440, #3981, .T. ) ;
#8086 = VECTOR ( 'NONE', #6234, 1000.000000000000000 ) ;
#8087 = EDGE_LOOP ( 'NONE', ( #1472, #9197, #6040, #5458 ) ) ;
#8088 = ORIENTED_EDGE ( 'NONE', *, *, #2509, .F. ) ;
#8089 = EDGE_CURVE ( 'NONE', #3993, #4184, #1062, .T. ) ;
#8090 = ADVANCED_FACE ( 'NONE', ( #4261 ), #3747, .F. ) ;
#8091 = ORIENTED_EDGE ( 'NONE', *, *, #8752, .F. ) ;
#8092 = DIRECTION ( 'NONE',  ( 1.084202172485501673E-15, 0.000000000000000000, -1.000000000000000000 ) ) ;
#8093 = DIRECTION ( 'NONE',  ( -1.000000000000000000, 0.000000000000000000, -1.084202172485504040E-15 ) ) ;
#8094 = EDGE_CURVE ( 'NONE', #3625, #1833, #4199, .T. ) ;
#8095 = AXIS2_PLACEMENT_3D ( 'NONE', #2347, #7974, #6122 ) ;
#8096 = DIRECTION ( 'NONE',  ( 1.000000000000000000, 0.000000000000000000, -0.000000000000000000 ) ) ;
#8097 = DIRECTION ( 'NONE',  ( 1.000000000000000000, 0.000000000000000000, -2.710505431213761578E-16 ) ) ;
#8098 = EDGE_CURVE ( 'NONE', #5047, #7881, #806, .T. ) ;
#8099 = LINE ( 'NONE', #1994, #8118 ) ;
#8100 = VECTOR ( 'NONE', #7812, 1000.000000000000000 ) ;
#8101 = FACE_OUTER_BOUND ( 'NONE', #3911, .T. ) ;
#8102 = ORIENTED_EDGE ( 'NONE', *, *, #2463, .F. ) ;
#8103 = FILL_AREA_STYLE_COLOUR ( '', #4438 ) ;
#8104 = EDGE_CURVE ( 'NONE', #1896, #4309, #822, .T. ) ;
#8105 = ORIENTED_EDGE ( 'NONE', *, *, #3588, .F. ) ;
#8106 = ADVANCED_FACE ( 'NONE', ( #4131 ), #5326, .T. ) ;
#8107 = EDGE_CURVE ( 'NONE', #8296, #8881, #7406, .T. ) ;
#8108 = VERTEX_POINT ( 'NONE', #9066 ) ;
#8109 = CARTESIAN_POINT ( 'NONE',  ( -0.8749999999999960032, 0.05000000000000000278, -0.8750000000000062172 ) ) ;
#8110 = EDGE_CURVE ( 'NONE', #8928, #511, #1026, .T. ) ;
#8111 = DIRECTION ( 'NONE',  ( 2.710505431213763550E-16, 0.000000000000000000, 1.000000000000000000 ) ) ;
#8112 = SURFACE_SIDE_STYLE ('',( #376 ) ) ;
#8113 = AXIS2_PLACEMENT_3D ( 'NONE', #6558, #7133, #9391 ) ;
#8114 = PLANE ( 'NONE',  #7151 ) ;
#8115 = CARTESIAN_POINT ( 'NONE',  ( -1.249999999999999778, 0.1999999999999999833, 1.899999999999999911 ) ) ;
#8116 = CARTESIAN_POINT ( 'NONE',  ( -1.166666666666666741, 0.8000000000000000444, -1.516666666666666607 ) ) ;
#8117 = DIRECTION ( 'NONE',  ( 1.000000000000000000, 0.000000000000000000, -0.000000000000000000 ) ) ;
#8118 = VECTOR ( 'NONE', #4872, 1000.000000000000000 ) ;
#8119 = CARTESIAN_POINT ( 'NONE',  ( -1.249999999999999778, 0.1250000000000000000, 1.732294901687515321 ) ) ;
#8120 = VECTOR ( 'NONE', #5848, 1000.000000000000000 ) ;
#8121 = LINE ( 'NONE', #562, #7990 ) ;
#8122 = VERTEX_POINT ( 'NONE', #8299 ) ;
#8123 = CARTESIAN_POINT ( 'NONE',  ( 1.399999999999999689, 0.1250000000000000000, -1.750000000000000000 ) ) ;
#8124 = EDGE_LOOP ( 'NONE', ( #558, #7527, #4037, #725 ) ) ;
#8125 = DIRECTION ( 'NONE',  ( 0.000000000000000000, 0.000000000000000000, -1.000000000000000000 ) ) ;
#8126 = VERTEX_POINT ( 'NONE', #9131 ) ;
#8127 = EDGE_CURVE ( 'NONE', #9520, #6063, #3903, .T. ) ;
#8128 = CARTESIAN_POINT ( 'NONE',  ( -1.250000000000000222, 0.1999999999999999833, -1.899999999999999911 ) ) ;
#8129 = CARTESIAN_POINT ( 'NONE',  ( -0.3499999999999990896, 0.6472135954999580498, 2.000000000000000000 ) ) ;
#8130 = CARTESIAN_POINT ( 'NONE',  ( 1.099999999999999867, 0.000000000000000000, 0.3500000000000002554 ) ) ;
#8131 = AXIS2_PLACEMENT_3D ( 'NONE', #2335, #3066, #3751 ) ;
#8132 = COLOUR_RGB ( '',0.7921568627450980005, 0.8196078431372548767, 0.9333333333333333481 ) ;
#8133 = DIRECTION ( 'NONE',  ( -1.000000000000000000, -5.782411586589358822E-15, 0.000000000000000000 ) ) ;
#8134 = DIRECTION ( 'NONE',  ( 0.000000000000000000, -1.000000000000000000, 0.000000000000000000 ) ) ;
#8135 = DIRECTION ( 'NONE',  ( 5.782411586589359611E-15, -1.000000000000000000, 0.000000000000000000 ) ) ;
#8136 = LINE ( 'NONE', #7686, #1706 ) ;
#8137 = FACE_OUTER_BOUND ( 'NONE', #8260, .T. ) ;
#8138 =( NAMED_UNIT ( * ) PLANE_ANGLE_UNIT ( ) SI_UNIT ( $, .RADIAN. ) );
#8139 = FACE_OUTER_BOUND ( 'NONE', #1400, .T. ) ;
#8140 = ORIENTED_EDGE ( 'NONE', *, *, #3301, .T. ) ;
#8141 = ORIENTED_EDGE ( 'NONE', *, *, #8104, .T. ) ;
#8142 = PLANE ( 'NONE',  #310 ) ;
#8143 = AXIS2_PLACEMENT_3D ( 'NONE', #4158, #8582, #7091 ) ;
#8144 = ORIENTED_EDGE ( 'NONE', *, *, #6119, .F. ) ;
#8145 = CARTESIAN_POINT ( 'NONE',  ( -1.250000000000000222, 0.1999999999999999833, -1.732294901687515321 ) ) ;
#8146 = PLANE ( 'NONE',  #478 ) ;
#8147 =( LENGTH_UNIT ( ) NAMED_UNIT ( * ) SI_UNIT ( .MILLI., .METRE. ) );
#8148 = VECTOR ( 'NONE', #3423, 1000.000000000000000 ) ;
#8149 = VECTOR ( 'NONE', #8726, 1000.000000000000000 ) ;
#8150 = FACE_OUTER_BOUND ( 'NONE', #2786, .T. ) ;
#8151 = LINE ( 'NONE', #3917, #4952 ) ;
#8152 = ORIENTED_EDGE ( 'NONE', *, *, #4848, .T. ) ;
#8153 = ORIENTED_EDGE ( 'NONE', *, *, #5851, .F. ) ;
#8154 = ORIENTED_EDGE ( 'NONE', *, *, #9202, .F. ) ;
#8155 = ADVANCED_FACE ( 'NONE', ( #4098 ), #6789, .F. ) ;
#8156 = EDGE_CURVE ( 'NONE', #2210, #998, #7095, .T. ) ;
#8157 = EDGE_CURVE ( 'NONE', #4226, #9426, #3918, .T. ) ;
#8158 = PLANE ( 'NONE',  #6858 ) ;
#8159 = CARTESIAN_POINT ( 'NONE',  ( -1.232294901687515987, 0.1999999999999999833, -1.600000000000000089 ) ) ;
#8160 = ADVANCED_FACE ( 'NONE', ( #4149 ), #6518, .F. ) ;
#8161 = LINE ( 'NONE', #7230, #1552 ) ;
#8162 = CARTESIAN_POINT ( 'NONE',  ( -0.8499999999999996447, 0.05000000000000000278, 0.000000000000000000 ) ) ;
#8163 = LINE ( 'NONE', #7183, #1619 ) ;
#8164 = LINE ( 'NONE', #9001, #8340 ) ;
#8165 = LINE ( 'NONE', #1854, #1621 ) ;
#8166 = ORIENTED_EDGE ( 'NONE', *, *, #729, .F. ) ;
#8167 = CARTESIAN_POINT ( 'NONE',  ( 1.099999999999999867, 0.000000000000000000, 0.6500000000000001332 ) ) ;
#8168 = EDGE_LOOP ( 'NONE', ( #8077, #1868, #7509, #5482 ) ) ;
#8169 = ADVANCED_FACE ( 'NONE', ( #1335 ), #4234, .F. ) ;
#8170 = ORIENTED_EDGE ( 'NONE', *, *, #3070, .F. ) ;
#8171 = DIRECTION ( 'NONE',  ( 0.000000000000000000, 0.000000000000000000, -1.000000000000000000 ) ) ;
#8172 = CARTESIAN_POINT ( 'NONE',  ( -1.099999999999999867, 0.1999999999999999833, 2.000000000000000000 ) ) ;
#8173 = PLANE ( 'NONE',  #6869 ) ;
#8174 = DIRECTION ( 'NONE',  ( 0.000000000000000000, -0.000000000000000000, 1.000000000000000000 ) ) ;
#8175 = LINE ( 'NONE', #8014, #8029 ) ;
#8176 = VECTOR ( 'NONE', #6472, 1000.000000000000000 ) ;
#8177 = LINE ( 'NONE', #1283, #4986 ) ;
#8178 = ORIENTED_EDGE ( 'NONE', *, *, #7726, .T. ) ;
#8179 = DIRECTION ( 'NONE',  ( -0.000000000000000000, -0.000000000000000000, 1.000000000000000000 ) ) ;
#8180 = ORIENTED_EDGE ( 'NONE', *, *, #4088, .F. ) ;
#8181 = SURFACE_SIDE_STYLE ('',( #5029 ) ) ;
#8182 = EDGE_LOOP ( 'NONE', ( #4757, #348, #7950, #1673 ) ) ;
#8183 = DIRECTION ( 'NONE',  ( 0.000000000000000000, -0.000000000000000000, -1.000000000000000000 ) ) ;
#8184 = DIRECTION ( 'NONE',  ( -1.000000000000000000, 0.000000000000000000, 0.000000000000000000 ) ) ;
#8185 = DIRECTION ( 'NONE',  ( -5.421010862427523156E-16, 0.000000000000000000, 1.000000000000000000 ) ) ;
#8186 = CARTESIAN_POINT ( 'NONE',  ( -1.099999999999999867, 0.6472135954999583829, -0.3499999999999998113 ) ) ;
#8187 = MECHANICAL_DESIGN_GEOMETRIC_PRESENTATION_REPRESENTATION (  '', ( #3483 ), #1836 ) ;
#8188 = LINE ( 'NONE', #662, #1693 ) ;
#8189 = PLANE ( 'NONE',  #8722 ) ;
#8190 = VECTOR ( 'NONE', #7110, 1000.000000000000000 ) ;
#8191 = VECTOR ( 'NONE', #1432, 1000.000000000000000 ) ;
#8192 = CARTESIAN_POINT ( 'NONE',  ( 1.499999999999999778, 0.6472135954999583829, -0.3500000000000000333 ) ) ;
#8193 = EDGE_CURVE ( 'NONE', #6790, #1383, #7635, .T. ) ;
#8194 = CLOSED_SHELL ( 'NONE', ( #3573, #5667, #7845, #1714, #7102, #5576 ) ) ;
#8195 = ORIENTED_EDGE ( 'NONE', *, *, #8320, .F. ) ;
#8196 =( GEOMETRIC_REPRESENTATION_CONTEXT ( 3 ) GLOBAL_UNCERTAINTY_ASSIGNED_CONTEXT ( ( #2413 ) ) GLOBAL_UNIT_ASSIGNED_CONTEXT ( ( #4238, #7031, #4093 ) ) REPRESENTATION_CONTEXT ( 'NONE', 'WORKASPACE' ) );
#8197 = FILL_AREA_STYLE ('',( #7386 ) ) ;
#8198 = EDGE_CURVE ( 'NONE', #559, #666, #1353, .T. ) ;
#8199 = VERTEX_POINT ( 'NONE', #1919 ) ;
#8200 = DIRECTION ( 'NONE',  ( -1.084202172485501673E-15, 0.000000000000000000, 1.000000000000000000 ) ) ;
#8201 = CARTESIAN_POINT ( 'NONE',  ( 1.499999999999999778, 0.1250000000000000000, 1.750000000000000000 ) ) ;
#8202 = DIRECTION ( 'NONE',  ( -0.000000000000000000, 0.000000000000000000, 1.000000000000000000 ) ) ;
#8203 = DIRECTION ( 'NONE',  ( -5.782411586589358822E-15, 1.000000000000000000, 0.000000000000000000 ) ) ;
#8204 = EDGE_CURVE ( 'NONE', #9033, #1594, #1098, .T. ) ;
#8205 = LINE ( 'NONE', #7198, #2039 ) ;
#8206 = VECTOR ( 'NONE', #8680, 1000.000000000000000 ) ;
#8207 = FACE_OUTER_BOUND ( 'NONE', #5578, .T. ) ;
#8208 = VERTEX_POINT ( 'NONE', #3586 ) ;
#8209 = ORIENTED_EDGE ( 'NONE', *, *, #2049, .F. ) ;
#8210 = EDGE_CURVE ( 'NONE', #9153, #5433, #7673, .T. ) ;
#8211 = VERTEX_POINT ( 'NONE', #5103 ) ;
#8212 = AXIS2_PLACEMENT_3D ( 'NONE', #1446, #2896, #3577 ) ;
#8213 = EDGE_CURVE ( 'NONE', #3453, #868, #7688, .T. ) ;
#8214 = DIRECTION ( 'NONE',  ( 1.000000000000000000, 1.084202172485504828E-15, -0.000000000000000000 ) ) ;
#8215 = DIRECTION ( 'NONE',  ( 0.000000000000000000, 0.000000000000000000, 1.000000000000000000 ) ) ;
#8216 = LINE ( 'NONE', #4489, #1827 ) ;
#8217 = EDGE_CURVE ( 'NONE', #9458, #6970, #4369, .T. ) ;
#8218 = DIRECTION ( 'NONE',  ( -1.000000000000000000, -0.000000000000000000, -5.421010862427524019E-17 ) ) ;
#8219 = LINE ( 'NONE', #6609, #8290 ) ;
#8220 = FACE_OUTER_BOUND ( 'NONE', #8314, .T. ) ;
#8221 =( GEOMETRIC_REPRESENTATION_CONTEXT ( 3 ) GLOBAL_UNCERTAINTY_ASSIGNED_CONTEXT ( ( #9345 ) ) GLOBAL_UNIT_ASSIGNED_CONTEXT ( ( #4412, #918, #5181 ) ) REPRESENTATION_CONTEXT ( 'NONE', 'WORKASPACE' ) );
#8222 = LINE ( 'NONE', #5970, #8239 ) ;
#8223 = ORIENTED_EDGE ( 'NONE', *, *, #5523, .F. ) ;
#8224 = CARTESIAN_POINT ( 'NONE',  ( 0.3500000000000009215, 0.000000000000000000, 1.600000000000000311 ) ) ;
#8225 = DIRECTION ( 'NONE',  ( 0.000000000000000000, -0.000000000000000000, 1.000000000000000000 ) ) ;
#8226 = VERTEX_POINT ( 'NONE', #1378 ) ;
#8227 = ORIENTED_EDGE ( 'NONE', *, *, #870, .F. ) ;
#8228 = FILL_AREA_STYLE_COLOUR ( '', #8919 ) ;
#8229 = CARTESIAN_POINT ( 'NONE',  ( -1.099999999999999867, 0.1999999999999999833, 1.150000000000000133 ) ) ;
#8230 = CARTESIAN_POINT ( 'NONE',  ( -1.099999999999999867, 0.1999999999999999833, 1.150000000000000133 ) ) ;
#8231 = AXIS2_PLACEMENT_3D ( 'NONE', #6096, #4642, #3878 ) ;
#8232 =( NAMED_UNIT ( * ) PLANE_ANGLE_UNIT ( ) SI_UNIT ( $, .RADIAN. ) );
#8233 = DIRECTION ( 'NONE',  ( 0.000000000000000000, 0.000000000000000000, -1.000000000000000000 ) ) ;
#8234 = EDGE_CURVE ( 'NONE', #5680, #573, #7766, .T. ) ;
#8235 = LINE ( 'NONE', #5315, #5607 ) ;
#8236 = VECTOR ( 'NONE', #344, 1000.000000000000000 ) ;
#8237 = DIRECTION ( 'NONE',  ( 0.000000000000000000, -1.000000000000000000, 0.000000000000000000 ) ) ;
#8238 = VECTOR ( 'NONE', #7793, 1000.000000000000000 ) ;
#8239 = VECTOR ( 'NONE', #6037, 1000.000000000000000 ) ;
#8240 = VERTEX_POINT ( 'NONE', #8704 ) ;
#8241 = DIRECTION ( 'NONE',  ( 0.000000000000000000, 0.000000000000000000, 1.000000000000000000 ) ) ;
#8242 = ORIENTED_EDGE ( 'NONE', *, *, #6174, .T. ) ;
#8243 = DIRECTION ( 'NONE',  ( 0.000000000000000000, -0.000000000000000000, 1.000000000000000000 ) ) ;
#8244 = AXIS2_PLACEMENT_3D ( 'NONE', #1498, #721, #6165 ) ;
#8245 = ORIENTED_EDGE ( 'NONE', *, *, #979, .T. ) ;
#8246 = CARTESIAN_POINT ( 'NONE',  ( -1.400000000000000133, 0.1250000000000000000, -1.750000000000000000 ) ) ;
#8247 = DIRECTION ( 'NONE',  ( 1.000000000000000000, 0.000000000000000000, 0.000000000000000000 ) ) ;
#8248 = DIRECTION ( 'NONE',  ( -1.000000000000000000, 0.000000000000000000, -0.000000000000000000 ) ) ;
#8249 = CARTESIAN_POINT ( 'NONE',  ( -0.8499999999999990896, 0.000000000000000000, 2.000000000000000000 ) ) ;
#8250 = AXIS2_PLACEMENT_3D ( 'NONE', #4453, #1774, #3203 ) ;
#8251 = FACE_BOUND ( 'NONE', #9006, .T. ) ;
#8252 = VECTOR ( 'NONE', #2234, 1000.000000000000000 ) ;
#8253 = FACE_OUTER_BOUND ( 'NONE', #4317, .T. ) ;
#8254 = CARTESIAN_POINT ( 'NONE',  ( 1.249999999999999334, 0.1250000000000013600, -1.899999999999999911 ) ) ;
#8255 = CARTESIAN_POINT ( 'NONE',  ( -1.166666666666666741, 0.8000000000000000444, -1.666666666666666519 ) ) ;
#8256 = LINE ( 'NONE', #9128, #1867 ) ;
#8257 = ORIENTED_EDGE ( 'NONE', *, *, #4760, .F. ) ;
#8258 = ORIENTED_EDGE ( 'NONE', *, *, #1406, .F. ) ;
#8259 =( LENGTH_UNIT ( ) NAMED_UNIT ( * ) SI_UNIT ( .MILLI., .METRE. ) );
#8260 = EDGE_LOOP ( 'NONE', ( #544, #3462, #3758, #4727, #847, #4690, #470, #6703, #3576, #5686, #4581, #2280, #1465, #4707, #5104, #1411, #5575, #2359, #2138, #7226, #906, #7761, #3406, #1349, #1330, #2226, #6983, #483 ) ) ;
#8261 = CARTESIAN_POINT ( 'NONE',  ( 0.8500000000000005329, 0.6472135954999580498, -1.600000000000000311 ) ) ;
#8262 = VECTOR ( 'NONE', #6941, 1000.000000000000000 ) ;
#8263 = PLANE ( 'NONE',  #8440 ) ;
#8264 = VECTOR ( 'NONE', #9522, 1000.000000000000000 ) ;
#8265 = ORIENTED_EDGE ( 'NONE', *, *, #9004, .F. ) ;
#8266 = VERTEX_POINT ( 'NONE', #9543 ) ;
#8267 = DIRECTION ( 'NONE',  ( 0.000000000000000000, 1.000000000000000000, 0.000000000000000000 ) ) ;
#8268 = ORIENTED_EDGE ( 'NONE', *, *, #1401, .T. ) ;
#8269 = EDGE_CURVE ( 'NONE', #3461, #4573, #4602, .T. ) ;
#8270 = CARTESIAN_POINT ( 'NONE',  ( 0.000000000000000000, 0.2000000000000000111, 0.000000000000000000 ) ) ;
#8271 = DIRECTION ( 'NONE',  ( -0.000000000000000000, 0.000000000000000000, -1.000000000000000000 ) ) ;
#8272 = EDGE_CURVE ( 'NONE', #6851, #2390, #1247, .T. ) ;
#8273 = CARTESIAN_POINT ( 'NONE',  ( -1.500000000000000000, 0.000000000000000000, 0.8500000000000005329 ) ) ;
#8274 = VECTOR ( 'NONE', #311, 1000.000000000000000 ) ;
#8275 = LINE ( 'NONE', #193, #8424 ) ;
#8276 = LINE ( 'NONE', #6608, #5170 ) ;
#8277 = ORIENTED_EDGE ( 'NONE', *, *, #7842, .T. ) ;
#8278 = DIRECTION ( 'NONE',  ( 0.000000000000000000, 0.000000000000000000, 1.000000000000000000 ) ) ;
#8279 = CARTESIAN_POINT ( 'NONE',  ( 0.000000000000000000, 0.000000000000000000, 0.000000000000000000 ) ) ;
#8280 = ORIENTED_EDGE ( 'NONE', *, *, #5962, .F. ) ;
#8281 = MANIFOLD_SOLID_BREP ( 'Boss-Extrude7[2]', #4313 ) ;
#8282 = VERTEX_POINT ( 'NONE', #2908 ) ;
#8283 = DIRECTION ( 'NONE',  ( 0.000000000000000000, 0.000000000000000000, 1.000000000000000000 ) ) ;
#8284 = DIRECTION ( 'NONE',  ( 0.000000000000000000, 0.000000000000000000, 1.000000000000000000 ) ) ;
#8285 =( GEOMETRIC_REPRESENTATION_CONTEXT ( 3 ) GLOBAL_UNCERTAINTY_ASSIGNED_CONTEXT ( ( #1088 ) ) GLOBAL_UNIT_ASSIGNED_CONTEXT ( ( #2717, #5689, #7086 ) ) REPRESENTATION_CONTEXT ( 'NONE', 'WORKASPACE' ) );
#8286 = CARTESIAN_POINT ( 'NONE',  ( -1.232294901687515987, 0.1999999999999999833, -1.750000000000000000 ) ) ;
#8287 = CARTESIAN_POINT ( 'NONE',  ( -0.8499999999999992006, 0.6472135954999580498, 1.600000000000000089 ) ) ;
#8288 = DIRECTION ( 'NONE',  ( -2.710505431213761578E-16, 0.000000000000000000, -1.000000000000000000 ) ) ;
#8289 = VECTOR ( 'NONE', #3502, 1000.000000000000000 ) ;
#8290 = VECTOR ( 'NONE', #2879, 1000.000000000000000 ) ;
#8291 = CARTESIAN_POINT ( 'NONE',  ( -1.099999999999999867, 0.1999999999999999833, 0.8500000000000003109 ) ) ;
#8292 = LINE ( 'NONE', #9073, #2011 ) ;
#8293 = LINE ( 'NONE', #4422, #1831 ) ;
#8294 = ORIENTED_EDGE ( 'NONE', *, *, #1574, .F. ) ;
#8295 = CARTESIAN_POINT ( 'NONE',  ( -1.500000000000000000, 0.1999999999999999833, 0.3500000000000004774 ) ) ;
#8296 = VERTEX_POINT ( 'NONE', #2841 ) ;
#8297 = PLANE ( 'NONE',  #8231 ) ;
#8298 = AXIS2_PLACEMENT_3D ( 'NONE', #5320, #2255, #3562 ) ;
#8299 = CARTESIAN_POINT ( 'NONE',  ( 1.499999999999999778, 0.1999999999999999833, -1.600000000000000089 ) ) ;
#8300 = ADVANCED_FACE ( 'NONE', ( #7504 ), #3415, .T. ) ;
#8301 = SURFACE_SIDE_STYLE ('',( #1469 ) ) ;
#8302 = FILL_AREA_STYLE_COLOUR ( '', #7215 ) ;
#8303 = EDGE_CURVE ( 'NONE', #998, #6990, #7723, .T. ) ;
#8304 = DIRECTION ( 'NONE',  ( 0.000000000000000000, -1.000000000000000000, 0.000000000000000000 ) ) ;
#8305 = STYLED_ITEM ( 'NONE', ( #1027 ), #3455 ) ;
#8306 = ADVANCED_FACE ( 'NONE', ( #1397 ), #4089, .T. ) ;
#8307 = PLANE ( 'NONE',  #7417 ) ;
#8308 = EDGE_CURVE ( 'NONE', #1194, #6583, #7618, .T. ) ;
#8309 = VECTOR ( 'NONE', #4, 1000.000000000000000 ) ;
#8310 = FACE_OUTER_BOUND ( 'NONE', #1384, .T. ) ;
#8311 = CARTESIAN_POINT ( 'NONE',  ( -0.3499999999999992006, 0.6472135954999580498, 1.600000000000000089 ) ) ;
#8312 = VECTOR ( 'NONE', #713, 1000.000000000000000 ) ;
#8313 = ORIENTED_EDGE ( 'NONE', *, *, #8542, .T. ) ;
#8314 = EDGE_LOOP ( 'NONE', ( #7502, #751, #7707, #1728 ) ) ;
#8315 = CARTESIAN_POINT ( 'NONE',  ( -1.099999999999999867, 0.1999999999999999833, 1.350000000000000311 ) ) ;
#8316 = EDGE_CURVE ( 'NONE', #9262, #1431, #4345, .T. ) ;
#8317 = CARTESIAN_POINT ( 'NONE',  ( 0.000000000000000000, 0.2000000000000000111, 0.000000000000000000 ) ) ;
#8318 = CARTESIAN_POINT ( 'NONE',  ( -0.1499999999999990785, 0.2000000000000000111, 1.600000000000000311 ) ) ;
#8319 = CARTESIAN_POINT ( 'NONE',  ( 1.099999999999999867, 0.05000000000000002359, 1.150000000000000133 ) ) ;
#8320 = EDGE_CURVE ( 'NONE', #9561, #7227, #7799, .T. ) ;
#8321 =( GEOMETRIC_REPRESENTATION_CONTEXT ( 3 ) GLOBAL_UNCERTAINTY_ASSIGNED_CONTEXT ( ( #1285 ) ) GLOBAL_UNIT_ASSIGNED_CONTEXT ( ( #3525, #1976, #7084 ) ) REPRESENTATION_CONTEXT ( 'NONE', 'WORKASPACE' ) );
#8322 =( NAMED_UNIT ( * ) PLANE_ANGLE_UNIT ( ) SI_UNIT ( $, .RADIAN. ) );
#8323 = LINE ( 'NONE', #5192, #8450 ) ;
#8324 = VECTOR ( 'NONE', #1428, 1000.000000000000000 ) ;
#8325 = CARTESIAN_POINT ( 'NONE',  ( 0.3500000000000011435, 0.1999999999999996503, 2.000000000000000000 ) ) ;
#8326 = COLOUR_RGB ( '',1.000000000000000000, 0.5019607843137254832, 0.5019607843137254832 ) ;
#8327 = FACE_OUTER_BOUND ( 'NONE', #3201, .T. ) ;
#8328 = PRESENTATION_LAYER_ASSIGNMENT (  '', '', ( #9307 ) ) ;
#8329 = ORIENTED_EDGE ( 'NONE', *, *, #379, .T. ) ;
#8330 = ORIENTED_EDGE ( 'NONE', *, *, #3520, .F. ) ;
#8331 = EDGE_CURVE ( 'NONE', #7029, #5240, #1317, .T. ) ;
#8332 = EDGE_CURVE ( 'NONE', #2628, #6881, #4625, .T. ) ;
#8333 = CARTESIAN_POINT ( 'NONE',  ( 1.499999999999999778, 0.1250000000000000000, -1.750000000000000000 ) ) ;
#8334 = EDGE_CURVE ( 'NONE', #8282, #3899, #7553, .T. ) ;
#8335 = CARTESIAN_POINT ( 'NONE',  ( 1.099999999999999867, 0.1999999999999999833, -0.1499999999999997446 ) ) ;
#8336 = AXIS2_PLACEMENT_3D ( 'NONE', #3808, #6103, #6793 ) ;
#8337 = CARTESIAN_POINT ( 'NONE',  ( -0.8499999999999996447, 0.1999999999999999833, -1.600000000000000089 ) ) ;
#8338 = DIRECTION ( 'NONE',  ( 1.000000000000000000, 0.000000000000000000, -5.421010862427523156E-16 ) ) ;
#8339 = LINE ( 'NONE', #2985, #8252 ) ;
#8340 = VECTOR ( 'NONE', #9568, 1000.000000000000000 ) ;
#8341 = SURFACE_STYLE_FILL_AREA ( #2464 ) ;
#8342 = VERTEX_POINT ( 'NONE', #3898 ) ;
#8343 = DIRECTION ( 'NONE',  ( 0.000000000000000000, -0.000000000000000000, -1.000000000000000000 ) ) ;
#8344 = CARTESIAN_POINT ( 'NONE',  ( -1.897353801849630294E-16, 0.05000000000000000278, 0.3499999999999996447 ) ) ;
#8345 = VERTEX_POINT ( 'NONE', #8319 ) ;
#8346 = AXIS2_PLACEMENT_3D ( 'NONE', #1061, #4629, #7498 ) ;
#8347 = CARTESIAN_POINT ( 'NONE',  ( 0.000000000000000000, 0.000000000000000000, 0.000000000000000000 ) ) ;
#8348 = CARTESIAN_POINT ( 'NONE',  ( 0.3500000000000004774, 0.2000000000000000111, -1.600000000000000311 ) ) ;
#8349 = EDGE_CURVE ( 'NONE', #9218, #8296, #4476, .T. ) ;
#8350 = DIRECTION ( 'NONE',  ( -5.421010862427522170E-17, -0.000000000000000000, 1.000000000000000000 ) ) ;
#8351 =( LENGTH_UNIT ( ) NAMED_UNIT ( * ) SI_UNIT ( .MILLI., .METRE. ) );
#8352 = CARTESIAN_POINT ( 'NONE',  ( -0.6499999999999990230, 0.6472135954999580498, 2.000000000000000000 ) ) ;
#8353 =( GEOMETRIC_REPRESENTATION_CONTEXT ( 3 ) GLOBAL_UNCERTAINTY_ASSIGNED_CONTEXT ( ( #6628 ) ) GLOBAL_UNIT_ASSIGNED_CONTEXT ( ( #5741, #6444, #8005 ) ) REPRESENTATION_CONTEXT ( 'NONE', 'WORKASPACE' ) );
#8354 = CARTESIAN_POINT ( 'NONE',  ( 1.399999999999999689, 0.1250000000000000000, -1.600000000000000089 ) ) ;
#8355 = VECTOR ( 'NONE', #6896, 1000.000000000000000 ) ;
#8356 = LINE ( 'NONE', #6668, #1935 ) ;
#8357 = FACE_OUTER_BOUND ( 'NONE', #1293, .T. ) ;
#8358 = ORIENTED_EDGE ( 'NONE', *, *, #7307, .T. ) ;
#8359 = DIRECTION ( 'NONE',  ( -0.000000000000000000, -1.000000000000000000, -0.000000000000000000 ) ) ;
#8360 = EDGE_LOOP ( 'NONE', ( #7238, #777, #7558, #3557 ) ) ;
#8361 = DIRECTION ( 'NONE',  ( -1.000000000000000000, 0.000000000000000000, 0.000000000000000000 ) ) ;
#8362 = DIRECTION ( 'NONE',  ( 1.000000000000000000, 0.000000000000000000, 5.421010862427520198E-16 ) ) ;
#8363 = AXIS2_PLACEMENT_3D ( 'NONE', #9297, #3353, #5757 ) ;
#8364 = CARTESIAN_POINT ( 'NONE',  ( -1.099999999999999867, 0.6472135954999583829, -1.149999999999999689 ) ) ;
#8365 = DIRECTION ( 'NONE',  ( 0.000000000000000000, -1.000000000000000000, 0.000000000000000000 ) ) ;
#8366 = DIRECTION ( 'NONE',  ( 0.000000000000000000, 0.000000000000000000, -1.000000000000000000 ) ) ;
#8367 = LINE ( 'NONE', #3664, #1969 ) ;
#8368 = CARTESIAN_POINT ( 'NONE',  ( -1.499999999999999778, 0.04999999999999969746, 0.6500000000000000222 ) ) ;
#8369 = LINE ( 'NONE', #6852, #4931 ) ;
#8370 = SURFACE_STYLE_USAGE ( .BOTH. , #6975 ) ;
#8371 = DIRECTION ( 'NONE',  ( 1.000000000000000000, 0.000000000000000000, 5.421010862427524019E-17 ) ) ;
#8372 = LINE ( 'NONE', #1299, #1902 ) ;
#8373 = ORIENTED_EDGE ( 'NONE', *, *, #7190, .F. ) ;
#8374 = EDGE_LOOP ( 'NONE', ( #9121, #1821, #8830, #2323 ) ) ;
#8375 = ADVANCED_FACE ( 'NONE', ( #1117 ), #6807, .T. ) ;
#8376 = CARTESIAN_POINT ( 'NONE',  ( 1.249999999999999334, 0.2000000000000013434, 1.899999999999999911 ) ) ;
#8377 = PLANE ( 'NONE',  #154 ) ;
#8378 = DIRECTION ( 'NONE',  ( 1.000000000000000000, 0.000000000000000000, 0.000000000000000000 ) ) ;
#8379 = CARTESIAN_POINT ( 'NONE',  ( 0.3500000000000009215, 0.1999999999999999833, 1.600000000000000311 ) ) ;
#8380 = ADVANCED_FACE ( 'NONE', ( #7703 ), #2284, .F. ) ;
#8381 = VECTOR ( 'NONE', #516, 1000.000000000000000 ) ;
#8382 = LINE ( 'NONE', #6200, #5328 ) ;
#8383 = EDGE_CURVE ( 'NONE', #811, #1272, #1134, .T. ) ;
#8384 = VECTOR ( 'NONE', #2020, 1000.000000000000000 ) ;
#8385 = VECTOR ( 'NONE', #9455, 1000.000000000000000 ) ;
#8386 = ORIENTED_EDGE ( 'NONE', *, *, #8605, .T. ) ;
#8387 = EDGE_LOOP ( 'NONE', ( #171, #1244, #3452, #1036 ) ) ;
#8388 = CARTESIAN_POINT ( 'NONE',  ( 0.000000000000000000, 0.2000000000000000111, 0.000000000000000000 ) ) ;
#8389 = DIRECTION ( 'NONE',  ( 0.000000000000000000, 1.000000000000000000, 0.000000000000000000 ) ) ;
#8390 = CARTESIAN_POINT ( 'NONE',  ( -1.499999999999999778, 0.1999999999999999833, -0.8500000000000000888 ) ) ;
#8391 = AXIS2_PLACEMENT_3D ( 'NONE', #2503, #7698, #6137 ) ;
#8392 = PLANE ( 'NONE',  #6055 ) ;
#8393 = CARTESIAN_POINT ( 'NONE',  ( -0.1499999999999995226, 0.000000000000000000, -2.000000000000000000 ) ) ;
#8394 = VECTOR ( 'NONE', #2140, 1000.000000000000000 ) ;
#8395 = ORIENTED_EDGE ( 'NONE', *, *, #1122, .F. ) ;
#8396 = DIRECTION ( 'NONE',  ( -1.000000000000000000, -1.084202172485504828E-15, 0.000000000000000000 ) ) ;
#8397 = PLANE ( 'NONE',  #3871 ) ;
#8398 = ORIENTED_EDGE ( 'NONE', *, *, #3086, .T. ) ;
#8399 = MECHANICAL_DESIGN_GEOMETRIC_PRESENTATION_REPRESENTATION (  '', ( #5956 ), #7958 ) ;
#8400 = EDGE_CURVE ( 'NONE', #1851, #1913, #7597, .T. ) ;
#8401 = CARTESIAN_POINT ( 'NONE',  ( 1.099999999999999867, 0.6472135954999583829, -1.149999999999999689 ) ) ;
#8402 = DIRECTION ( 'NONE',  ( 0.000000000000000000, -0.000000000000000000, 1.000000000000000000 ) ) ;
#8403 = CARTESIAN_POINT ( 'NONE',  ( -1.249999999999999778, 0.1999999999999999833, 1.732294901687515321 ) ) ;
#8404 = CARTESIAN_POINT ( 'NONE',  ( -1.400000000000000133, 0.1999999999999999833, 1.750000000000000000 ) ) ;
#8405 = VECTOR ( 'NONE', #5660, 1000.000000000000000 ) ;
#8406 = VECTOR ( 'NONE', #1612, 1000.000000000000000 ) ;
#8407 = LINE ( 'NONE', #6319, #1880 ) ;
#8408 = LINE ( 'NONE', #1810, #8481 ) ;
#8409 = ORIENTED_EDGE ( 'NONE', *, *, #6419, .T. ) ;
#8410 = ORIENTED_EDGE ( 'NONE', *, *, #1585, .T. ) ;
#8411 = CARTESIAN_POINT ( 'NONE',  ( 1.399999999999999689, 0.1999999999999999833, 1.600000000000000089 ) ) ;
#8412 = EDGE_CURVE ( 'NONE', #1358, #7318, #7538, .T. ) ;
#8413 = AXIS2_PLACEMENT_3D ( 'NONE', #5401, #6986, #7835 ) ;
#8414 = DIRECTION ( 'NONE',  ( 1.000000000000000000, 0.000000000000000000, -5.421010862427520198E-16 ) ) ;
#8415 = FILL_AREA_STYLE_COLOUR ( '', #7853 ) ;
#8416 = ORIENTED_EDGE ( 'NONE', *, *, #2882, .F. ) ;
#8417 = EDGE_CURVE ( 'NONE', #7674, #9483, #4310, .T. ) ;
#8418 = DIRECTION ( 'NONE',  ( 1.000000000000000000, -0.000000000000000000, 5.421010862427523156E-16 ) ) ;
#8419 = FACE_OUTER_BOUND ( 'NONE', #4153, .T. ) ;
#8420 = EDGE_CURVE ( 'NONE', #1608, #3563, #7653, .T. ) ;
#8421 = CARTESIAN_POINT ( 'NONE',  ( -1.250000000000000222, 0.1999999999999999833, -1.899999999999999911 ) ) ;
#8422 = VECTOR ( 'NONE', #9278, 1000.000000000000000 ) ;
#8423 = CARTESIAN_POINT ( 'NONE',  ( 1.500000000000000000, 0.1999999999999999833, -0.6499999999999995781 ) ) ;
#8424 = VECTOR ( 'NONE', #2473, 1000.000000000000000 ) ;
#8425 = CARTESIAN_POINT ( 'NONE',  ( 0.8500000000000005329, 0.6472135954999580498, -2.000000000000000000 ) ) ;
#8426 = DIRECTION ( 'NONE',  ( 5.421010862427523403E-17, 0.000000000000000000, -1.000000000000000000 ) ) ;
#8427 = LINE ( 'NONE', #8748, #8385 ) ;
#8428 = ORIENTED_EDGE ( 'NONE', *, *, #5637, .F. ) ;
#8429 = VERTEX_POINT ( 'NONE', #5284 ) ;
#8430 = EDGE_CURVE ( 'NONE', #4147, #1711, #7486, .T. ) ;
#8431 =( GEOMETRIC_REPRESENTATION_CONTEXT ( 3 ) GLOBAL_UNCERTAINTY_ASSIGNED_CONTEXT ( ( #4066 ) ) GLOBAL_UNIT_ASSIGNED_CONTEXT ( ( #3894, #944, #1767 ) ) REPRESENTATION_CONTEXT ( 'NONE', 'WORKASPACE' ) );
#8432 = EDGE_LOOP ( 'NONE', ( #6530, #4144, #7770, #7839 ) ) ;
#8433 = DIRECTION ( 'NONE',  ( 1.000000000000000000, 0.000000000000000000, 5.421010862427523156E-16 ) ) ;
#8434 = EDGE_CURVE ( 'NONE', #5006, #3420, #8136, .T. ) ;
#8435 = FACE_OUTER_BOUND ( 'NONE', #4007, .T. ) ;
#8436 = DIRECTION ( 'NONE',  ( 0.000000000000000000, -1.000000000000000000, 0.000000000000000000 ) ) ;
#8437 = ORIENTED_EDGE ( 'NONE', *, *, #5987, .T. ) ;
#8438 = ORIENTED_EDGE ( 'NONE', *, *, #157, .T. ) ;
#8439 = DIRECTION ( 'NONE',  ( 1.000000000000000000, -0.000000000000000000, -0.000000000000000000 ) ) ;
#8440 = AXIS2_PLACEMENT_3D ( 'NONE', #3983, #3773, #8974 ) ;
#8441 = CARTESIAN_POINT ( 'NONE',  ( -3.523657060577889904E-16, 0.05000000000000000278, -0.6500000000000002442 ) ) ;
#8442 = ADVANCED_FACE ( 'NONE', ( #1739 ), #9032, .F. ) ;
#8443 = FILL_AREA_STYLE_COLOUR ( '', #7938 ) ;
#8444 = VERTEX_POINT ( 'NONE', #5998 ) ;
#8445 = PLANE ( 'NONE',  #5765 ) ;
#8446 = STYLED_ITEM ( 'NONE', ( #2912 ), #854 ) ;
#8447 = CARTESIAN_POINT ( 'NONE',  ( 1.099999999999999867, 0.05000000000000000278, 0.000000000000000000 ) ) ;
#8448 = CARTESIAN_POINT ( 'NONE',  ( -1.500000000000000000, 0.1999999999999999833, -0.1499999999999995226 ) ) ;
#8449 = ADVANCED_FACE ( 'NONE', ( #1800 ), #962, .F. ) ;
#8450 = VECTOR ( 'NONE', #8675, 1000.000000000000000 ) ;
#8451 = DIRECTION ( 'NONE',  ( 0.000000000000000000, 1.000000000000000000, 0.000000000000000000 ) ) ;
#8452 = LINE ( 'NONE', #4059, #5056 ) ;
#8453 = FACE_OUTER_BOUND ( 'NONE', #1083, .T. ) ;
#8454 = VECTOR ( 'NONE', #1629, 1000.000000000000000 ) ;
#8455 = ORIENTED_EDGE ( 'NONE', *, *, #8210, .T. ) ;
#8456 = CARTESIAN_POINT ( 'NONE',  ( 1.099999999999999867, 0.1999999999999999833, 0.6500000000000001332 ) ) ;
#8457 = DIRECTION ( 'NONE',  ( -1.000000000000000000, 0.000000000000000000, 0.000000000000000000 ) ) ;
#8458 = VERTEX_POINT ( 'NONE', #7614 ) ;
#8459 =( LENGTH_UNIT ( ) NAMED_UNIT ( * ) SI_UNIT ( .MILLI., .METRE. ) );
#8460 = DIRECTION ( 'NONE',  ( -5.782411586589358822E-15, 1.000000000000000000, -0.000000000000000000 ) ) ;
#8461 = VERTEX_POINT ( 'NONE', #815 ) ;
#8462 = DIRECTION ( 'NONE',  ( -5.421010862427520198E-16, 0.000000000000000000, -1.000000000000000000 ) ) ;
#8463 = DIRECTION ( 'NONE',  ( 1.000000000000000000, 0.000000000000000000, -5.421010862427523156E-16 ) ) ;
#8464 = DIRECTION ( 'NONE',  ( 0.000000000000000000, 0.000000000000000000, 1.000000000000000000 ) ) ;
#8465 = FACE_OUTER_BOUND ( 'NONE', #7945, .T. ) ;
#8466 = PRESENTATION_STYLE_ASSIGNMENT (( #7426 ) ) ;
#8467 = VECTOR ( 'NONE', #8179, 1000.000000000000000 ) ;
#8468 = ORIENTED_EDGE ( 'NONE', *, *, #5759, .T. ) ;
#8469 = PLANE ( 'NONE',  #814 ) ;
#8470 = ORIENTED_EDGE ( 'NONE', *, *, #1861, .T. ) ;
#8471 = CARTESIAN_POINT ( 'NONE',  ( 1.399999999999999689, 0.1250000000000000000, 1.750000000000000000 ) ) ;
#8472 = CARTESIAN_POINT ( 'NONE',  ( 1.249999999999999334, 0.2000000000000013434, 1.899999999999999911 ) ) ;
#8473 =( LENGTH_UNIT ( ) NAMED_UNIT ( * ) SI_UNIT ( .MILLI., .METRE. ) );
#8474 = VERTEX_POINT ( 'NONE', #5224 ) ;
#8475 = SURFACE_STYLE_USAGE ( .BOTH. , #5812 ) ;
#8476 =( LENGTH_UNIT ( ) NAMED_UNIT ( * ) SI_UNIT ( .MILLI., .METRE. ) );
#8477 = EDGE_CURVE ( 'NONE', #4702, #8461, #1786, .T. ) ;
#8478 = LINE ( 'NONE', #225, #8262 ) ;
#8479 = DIRECTION ( 'NONE',  ( 0.000000000000000000, 0.000000000000000000, 1.000000000000000000 ) ) ;
#8480 = DIRECTION ( 'NONE',  ( -0.000000000000000000, -0.000000000000000000, 1.000000000000000000 ) ) ;
#8481 = VECTOR ( 'NONE', #1979, 1000.000000000000000 ) ;
#8482 = ORIENTED_EDGE ( 'NONE', *, *, #3660, .T. ) ;
#8483 = ORIENTED_EDGE ( 'NONE', *, *, #3149, .T. ) ;
#8484 = DIRECTION ( 'NONE',  ( 0.000000000000000000, -1.000000000000000000, 0.000000000000000000 ) ) ;
#8485 = VERTEX_POINT ( 'NONE', #2967 ) ;
#8486 = PLANE ( 'NONE',  #1824 ) ;
#8487 = PLANE ( 'NONE',  #1442 ) ;
#8488 = DIRECTION ( 'NONE',  ( 5.421010862427523156E-16, 0.000000000000000000, 1.000000000000000000 ) ) ;
#8489 = FACE_OUTER_BOUND ( 'NONE', #8957, .T. ) ;
#8490 = LINE ( 'NONE', #5911, #8206 ) ;
#8491 =( NAMED_UNIT ( * ) SI_UNIT ( $, .STERADIAN. ) SOLID_ANGLE_UNIT ( ) );
#8492 = LINE ( 'NONE', #5837, #2056 ) ;
#8493 = ADVANCED_FACE ( 'NONE', ( #8011 ), #6639, .T. ) ;
#8494 = ORIENTED_EDGE ( 'NONE', *, *, #951, .F. ) ;
#8495 = ORIENTED_EDGE ( 'NONE', *, *, #5630, .T. ) ;
#8496 = PLANE ( 'NONE',  #7588 ) ;
#8497 = AXIS2_PLACEMENT_3D ( 'NONE', #1069, #475, #419 ) ;
#8498 = DIRECTION ( 'NONE',  ( 0.000000000000000000, 0.000000000000000000, 1.000000000000000000 ) ) ;
#8499 = ORIENTED_EDGE ( 'NONE', *, *, #9212, .T. ) ;
#8500 = DIRECTION ( 'NONE',  ( 0.000000000000000000, -0.000000000000000000, 1.000000000000000000 ) ) ;
#8501 = STYLED_ITEM ( 'NONE', ( #7854 ), #3642 ) ;
#8502 = EDGE_CURVE ( 'NONE', #4297, #6715, #4930, .T. ) ;
#8503 = SURFACE_SIDE_STYLE ('',( #7026 ) ) ;
#8504 = DIRECTION ( 'NONE',  ( 5.421010862427524019E-17, 0.000000000000000000, -1.000000000000000000 ) ) ;
#8505 = VECTOR ( 'NONE', #4273, 1000.000000000000000 ) ;
#8506 = PLANE ( 'NONE',  #8664 ) ;
#8507 = FACE_OUTER_BOUND ( 'NONE', #958, .T. ) ;
#8508 = LINE ( 'NONE', #1278, #1923 ) ;
#8509 = EDGE_LOOP ( 'NONE', ( #4648, #7727, #7623, #7604 ) ) ;
#8510 = DIRECTION ( 'NONE',  ( -1.000000000000000000, 0.000000000000000000, -5.421010862427520198E-16 ) ) ;
#8511 = ORIENTED_EDGE ( 'NONE', *, *, #2296, .F. ) ;
#8512 = CARTESIAN_POINT ( 'NONE',  ( -1.100000000000000311, 0.1250000000000000000, -2.000000000000000000 ) ) ;
#8513 = EDGE_CURVE ( 'NONE', #4017, #5100, #4732, .T. ) ;
#8514 = DIRECTION ( 'NONE',  ( 0.000000000000000000, 0.000000000000000000, 1.000000000000000000 ) ) ;
#8515 = ADVANCED_FACE ( 'NONE', ( #4893 ), #6289, .T. ) ;
#8516 = EDGE_LOOP ( 'NONE', ( #4298, #6728, #7396, #744 ) ) ;
#8517 = CARTESIAN_POINT ( 'NONE',  ( -1.500000000000000222, 0.1999999999999999833, -1.600000000000000089 ) ) ;
#8518 = DIRECTION ( 'NONE',  ( 0.000000000000000000, 1.000000000000000000, 0.000000000000000000 ) ) ;
#8519 = EDGE_CURVE ( 'NONE', #4663, #3875, #1720, .T. ) ;
#8520 = ADVANCED_FACE ( 'NONE', ( #4846 ), #8487, .T. ) ;
#8521 = MECHANICAL_DESIGN_GEOMETRIC_PRESENTATION_REPRESENTATION (  '', ( #2289 ), #5317 ) ;
#8522 = CARTESIAN_POINT ( 'NONE',  ( 0.7500000000000000000, 0.000000000000000000, 1.300000000000000044 ) ) ;
#8523 = PRESENTATION_STYLE_ASSIGNMENT (( #1649 ) ) ;
#8524 = LINE ( 'NONE', #4173, #2270 ) ;
#8525 = EDGE_CURVE ( 'NONE', #3544, #3865, #8099, .T. ) ;
#8526 = ORIENTED_EDGE ( 'NONE', *, *, #1723, .F. ) ;
#8527 = CARTESIAN_POINT ( 'NONE',  ( -1.100000000000000311, 0.1250000000000000000, -1.899999999999999911 ) ) ;
#8528 = VERTEX_POINT ( 'NONE', #264 ) ;
#8529 = EDGE_CURVE ( 'NONE', #1358, #6775, #7988, .T. ) ;
#8530 = PLANE ( 'NONE',  #6929 ) ;
#8531 = DIRECTION ( 'NONE',  ( -0.000000000000000000, -0.000000000000000000, -1.000000000000000000 ) ) ;
#8532 = EDGE_CURVE ( 'NONE', #362, #6932, #4985, .T. ) ;
#8533 = ORIENTED_EDGE ( 'NONE', *, *, #3168, .F. ) ;
#8534 = STYLED_ITEM ( 'NONE', ( #1151 ), #1951 ) ;
#8535 = DIRECTION ( 'NONE',  ( 0.000000000000000000, 0.000000000000000000, 1.000000000000000000 ) ) ;
#8536 = CARTESIAN_POINT ( 'NONE',  ( 1.499999999999999778, 0.1999999999999999833, 1.149999999999999911 ) ) ;
#8537 = FILL_AREA_STYLE ('',( #137 ) ) ;
#8538 = COLOUR_RGB ( '',0.7921568627450980005, 0.8196078431372548767, 0.9333333333333333481 ) ;
#8539 = ORIENTED_EDGE ( 'NONE', *, *, #5523, .T. ) ;
#8540 = ORIENTED_EDGE ( 'NONE', *, *, #7211, .F. ) ;
#8541 = FACE_OUTER_BOUND ( 'NONE', #4055, .T. ) ;
#8542 = EDGE_CURVE ( 'NONE', #9483, #7370, #1755, .T. ) ;
#8543 = ORIENTED_EDGE ( 'NONE', *, *, #5421, .T. ) ;
#8544 = CARTESIAN_POINT ( 'NONE',  ( 1.499999999999999778, 0.8000000000000003775, 2.000000000000000000 ) ) ;
#8545 = CARTESIAN_POINT ( 'NONE',  ( -1.099999999999999867, 0.6472135954999583829, 1.150000000000000133 ) ) ;
#8546 =( GEOMETRIC_REPRESENTATION_CONTEXT ( 3 ) GLOBAL_UNCERTAINTY_ASSIGNED_CONTEXT ( ( #1946 ) ) GLOBAL_UNIT_ASSIGNED_CONTEXT ( ( #6754, #8322, #393 ) ) REPRESENTATION_CONTEXT ( 'NONE', 'WORKASPACE' ) );
#8547 = DIRECTION ( 'NONE',  ( -0.000000000000000000, -1.000000000000000000, -0.000000000000000000 ) ) ;
#8548 = FACE_OUTER_BOUND ( 'NONE', #2931, .T. ) ;
#8549 = DIRECTION ( 'NONE',  ( -2.891205793294678326E-16, 0.000000000000000000, 1.000000000000000000 ) ) ;
#8550 = FACE_OUTER_BOUND ( 'NONE', #9366, .T. ) ;
#8551 = ORIENTED_EDGE ( 'NONE', *, *, #6838, .F. ) ;
#8552 = ORIENTED_EDGE ( 'NONE', *, *, #8614, .T. ) ;
#8553 = CARTESIAN_POINT ( 'NONE',  ( -1.232294901687515987, 0.1250000000000000000, 1.750000000000000000 ) ) ;
#8554 = LINE ( 'NONE', #8335, #2357 ) ;
#8555 = DIRECTION ( 'NONE',  ( -0.000000000000000000, -1.000000000000000000, -0.000000000000000000 ) ) ;
#8556 = AXIS2_PLACEMENT_3D ( 'NONE', #3851, #4687, #6767 ) ;
#8557 = EDGE_LOOP ( 'NONE', ( #7218, #885, #7472, #7468 ) ) ;
#8558 = UNCERTAINTY_MEASURE_WITH_UNIT (LENGTH_MEASURE( 1.000000000000000082E-05 ), #5620, 'distance_accuracy_value', 'NONE');
#8559 = DIRECTION ( 'NONE',  ( 0.000000000000000000, -1.000000000000000000, 0.000000000000000000 ) ) ;
#8560 = PLANE ( 'NONE',  #6135 ) ;
#8561 = CARTESIAN_POINT ( 'NONE',  ( -0.6499999999999995781, 0.2000000000000000111, -1.600000000000000311 ) ) ;
#8562 = PRESENTATION_STYLE_ASSIGNMENT (( #6446 ) ) ;
#8563 = CARTESIAN_POINT ( 'NONE',  ( -0.3499999999999996447, 0.1999999999999996503, -1.999999999999999556 ) ) ;
#8564 = LINE ( 'NONE', #1445, #5397 ) ;
#8565 = ADVANCED_FACE ( 'NONE', ( #1501 ), #325, .T. ) ;
#8566 = ORIENTED_EDGE ( 'NONE', *, *, #4454, .T. ) ;
#8567 = DIRECTION ( 'NONE',  ( 0.000000000000000000, 1.000000000000000000, 0.000000000000000000 ) ) ;
#8568 = CARTESIAN_POINT ( 'NONE',  ( 1.399999999999999689, 0.1250000000000000000, 1.600000000000000089 ) ) ;
#8569 = EDGE_LOOP ( 'NONE', ( #4866, #1048, #920, #7259 ) ) ;
#8570 = VECTOR ( 'NONE', #4030, 1000.000000000000000 ) ;
#8571 = ORIENTED_EDGE ( 'NONE', *, *, #5091, .F. ) ;
#8572 = ADVANCED_FACE ( 'NONE', ( #4784 ), #7044, .F. ) ;
#8573 = DIRECTION ( 'NONE',  ( 1.000000000000000000, -0.000000000000000000, 0.000000000000000000 ) ) ;
#8574 = CARTESIAN_POINT ( 'NONE',  ( -0.8499999999999990896, 0.2000000000000000111, 2.000000000000000000 ) ) ;
#8575 = EDGE_CURVE ( 'NONE', #4538, #3505, #4906, .T. ) ;
#8576 = PLANE ( 'NONE',  #3404 ) ;
#8577 = LINE ( 'NONE', #5799, #2195 ) ;
#8578 = PRESENTATION_STYLE_ASSIGNMENT (( #1222 ) ) ;
#8579 = ORIENTED_EDGE ( 'NONE', *, *, #36, .F. ) ;
#8580 = ORIENTED_EDGE ( 'NONE', *, *, #9074, .F. ) ;
#8581 = CARTESIAN_POINT ( 'NONE',  ( 1.399999999999999689, 0.1250000000000000000, -1.750000000000000000 ) ) ;
#8582 = DIRECTION ( 'NONE',  ( 0.000000000000000000, 1.000000000000000000, 0.000000000000000000 ) ) ;
#8583 = ADVANCED_FACE ( 'NONE', ( #4695 ), #4810, .F. ) ;
#8584 = ORIENTED_EDGE ( 'NONE', *, *, #53, .F. ) ;
#8585 = CARTESIAN_POINT ( 'NONE',  ( 0.000000000000000000, 0.2000000000000000111, 0.000000000000000000 ) ) ;
#8586 = LINE ( 'NONE', #5559, #8663 ) ;
#8587 = CARTESIAN_POINT ( 'NONE',  ( -1.099999999999999867, 0.1999999999999999833, -1.149999999999999689 ) ) ;
#8588 = VECTOR ( 'NONE', #3804, 1000.000000000000000 ) ;
#8589 = LINE ( 'NONE', #1624, #2207 ) ;
#8590 = DIRECTION ( 'NONE',  ( 0.000000000000000000, 1.000000000000000000, 0.000000000000000000 ) ) ;
#8591 = LINE ( 'NONE', #7735, #5357 ) ;
#8592 = ORIENTED_EDGE ( 'NONE', *, *, #6838, .T. ) ;
#8593 = VERTEX_POINT ( 'NONE', #2743 ) ;
#8594 = VERTEX_POINT ( 'NONE', #5521 ) ;
#8595 =( NAMED_UNIT ( * ) PLANE_ANGLE_UNIT ( ) SI_UNIT ( $, .RADIAN. ) );
#8596 = DIRECTION ( 'NONE',  ( -1.000000000000000000, 0.000000000000000000, 5.421010862427520198E-16 ) ) ;
#8597 = UNCERTAINTY_MEASURE_WITH_UNIT (LENGTH_MEASURE( 1.000000000000000082E-05 ), #853, 'distance_accuracy_value', 'NONE');
#8598 = PRESENTATION_LAYER_ASSIGNMENT (  '', '', ( #2949 ) ) ;
#8599 = LINE ( 'NONE', #8287, #8773 ) ;
#8600 = VECTOR ( 'NONE', #6492, 1000.000000000000000 ) ;
#8601 = LINE ( 'NONE', #6781, #5279 ) ;
#8602 = EDGE_LOOP ( 'NONE', ( #8533, #5712, #4473, #3689 ) ) ;
#8603 = ORIENTED_EDGE ( 'NONE', *, *, #36, .T. ) ;
#8604 = CARTESIAN_POINT ( 'NONE',  ( -1.099999999999999867, 0.1999999999999999833, 1.899999999999999911 ) ) ;
#8605 = EDGE_CURVE ( 'NONE', #5433, #1032, #1554, .T. ) ;
#8606 = VECTOR ( 'NONE', #3365, 1000.000000000000000 ) ;
#8607 = AXIS2_PLACEMENT_3D ( 'NONE', #2267, #5980, #7595 ) ;
#8608 = EDGE_CURVE ( 'NONE', #7276, #3662, #1680, .T. ) ;
#8609 = DIRECTION ( 'NONE',  ( 0.000000000000000000, 0.000000000000000000, 1.000000000000000000 ) ) ;
#8610 = EDGE_LOOP ( 'NONE', ( #7464, #7978, #8144, #7620 ) ) ;
#8611 = EDGE_CURVE ( 'NONE', #4168, #7363, #8056, .T. ) ;
#8612 = CARTESIAN_POINT ( 'NONE',  ( -0.1499999999999995226, 0.2000000000000000111, -1.600000000000000311 ) ) ;
#8613 = DIRECTION ( 'NONE',  ( -1.084202172485504040E-15, 0.000000000000000000, -1.000000000000000000 ) ) ;
#8614 = EDGE_CURVE ( 'NONE', #7043, #3579, #1602, .T. ) ;
#8615 = VECTOR ( 'NONE', #7515, 1000.000000000000000 ) ;
#8616 = LINE ( 'NONE', #6567, #2235 ) ;
#8617 = VECTOR ( 'NONE', #1074, 1000.000000000000000 ) ;
#8618 = VERTEX_POINT ( 'NONE', #5708 ) ;
#8619 = DIRECTION ( 'NONE',  ( 0.000000000000000000, 0.000000000000000000, -1.000000000000000000 ) ) ;
#8620 = DIRECTION ( 'NONE',  ( 0.000000000000000000, 0.000000000000000000, 1.000000000000000000 ) ) ;
#8621 = ORIENTED_EDGE ( 'NONE', *, *, #279, .F. ) ;
#8622 = LINE ( 'NONE', #9199, #5476 ) ;
#8623 = DIRECTION ( 'NONE',  ( 0.000000000000000000, 0.000000000000000000, 1.000000000000000000 ) ) ;
#8624 = EDGE_CURVE ( 'NONE', #2098, #8857, #4748, .T. ) ;
#8625 = DIRECTION ( 'NONE',  ( 1.000000000000000000, 0.000000000000000000, 1.084202172485504040E-15 ) ) ;
#8626 = AXIS2_PLACEMENT_3D ( 'NONE', #4799, #1930, #3252 ) ;
#8627 = EDGE_LOOP ( 'NONE', ( #8571, #1871, #6777, #1835 ) ) ;
#8628 = CARTESIAN_POINT ( 'NONE',  ( -0.6499999999999991340, 0.2000000000000000111, 1.600000000000000311 ) ) ;
#8629 = AXIS2_PLACEMENT_3D ( 'NONE', #6606, #8055, #517 ) ;
#8630 = EDGE_CURVE ( 'NONE', #5545, #7674, #4864, .T. ) ;
#8631 = EDGE_CURVE ( 'NONE', #81, #2522, #8163, .T. ) ;
#8632 = VECTOR ( 'NONE', #3294, 1000.000000000000000 ) ;
#8633 = VECTOR ( 'NONE', #5730, 1000.000000000000000 ) ;
#8634 = EDGE_CURVE ( 'NONE', #3993, #6255, #8031, .T. ) ;
#8635 = VECTOR ( 'NONE', #597, 1000.000000000000000 ) ;
#8636 = LINE ( 'NONE', #741, #5487 ) ;
#8637 = ADVANCED_FACE ( 'NONE', ( #1773 ), #8871, .T. ) ;
#8638 = ORIENTED_EDGE ( 'NONE', *, *, #4736, .T. ) ;
#8639 = CARTESIAN_POINT ( 'NONE',  ( 1.499999999999999778, 0.8000000000000020428, 2.000000000000000000 ) ) ;
#8640 = VERTEX_POINT ( 'NONE', #4323 ) ;
#8641 =( GEOMETRIC_REPRESENTATION_CONTEXT ( 3 ) GLOBAL_UNCERTAINTY_ASSIGNED_CONTEXT ( ( #4545 ) ) GLOBAL_UNIT_ASSIGNED_CONTEXT ( ( #1409, #2123, #391 ) ) REPRESENTATION_CONTEXT ( 'NONE', 'WORKASPACE' ) );
#8643 = CARTESIAN_POINT ( 'NONE',  ( -1.400000000000000133, 0.1999999999999999833, 1.600000000000000089 ) ) ;
#8642 = VECTOR ( 'NONE', #3425, 1000.000000000000000 ) ;
#8644 = DIRECTION ( 'NONE',  ( 0.000000000000000000, -1.000000000000000000, 0.000000000000000000 ) ) ;
#8645 = PLANE ( 'NONE',  #4253 ) ;
#8646 = ORIENTED_EDGE ( 'NONE', *, *, #3409, .F. ) ;
#8647 = CARTESIAN_POINT ( 'NONE',  ( -1.500000000000000444, 0.05000000000000000278, 2.000000000000000000 ) ) ;
#8648 = AXIS2_PLACEMENT_3D ( 'NONE', #3122, #5377, #8243 ) ;
#8649 = VECTOR ( 'NONE', #9060, 1000.000000000000000 ) ;
#8650 = ADVANCED_FACE ( 'NONE', ( #4966 ), #8931, .T. ) ;
#8651 = EDGE_CURVE ( 'NONE', #8756, #8737, #5000, .T. ) ;
#8652 = VECTOR ( 'NONE', #1217, 1000.000000000000000 ) ;
#8653 = SURFACE_STYLE_USAGE ( .BOTH. , #908 ) ;
#8654 = VECTOR ( 'NONE', #8081, 1000.000000000000000 ) ;
#8655 = ORIENTED_EDGE ( 'NONE', *, *, #7444, .T. ) ;
#8656 = ORIENTED_EDGE ( 'NONE', *, *, #8234, .F. ) ;
#8657 = AXIS2_PLACEMENT_3D ( 'NONE', #5860, #8839, #8135 ) ;
#8658 = ADVANCED_FACE ( 'NONE', ( #1589 ), #5302, .F. ) ;
#8659 = ORIENTED_EDGE ( 'NONE', *, *, #2520, .T. ) ;
#8660 = CARTESIAN_POINT ( 'NONE',  ( -0.6499999999999995781, 0.000000000000000000, -1.600000000000000311 ) ) ;
#8661 = PLANE ( 'NONE',  #140 ) ;
#8662 = ORIENTED_EDGE ( 'NONE', *, *, #6098, .F. ) ;
#8663 = VECTOR ( 'NONE', #533, 1000.000000000000000 ) ;
#8664 = AXIS2_PLACEMENT_3D ( 'NONE', #287, #2581, #5668 ) ;
#8665 = FACE_OUTER_BOUND ( 'NONE', #6938, .T. ) ;
#8666 = CARTESIAN_POINT ( 'NONE',  ( -0.7500000000000000000, 3.201666203960727319, 1.299999999999999600 ) ) ;
#8667 = COLOUR_RGB ( '',0.7921568627450980005, 0.8196078431372548767, 0.9333333333333333481 ) ;
#8668 = FACE_OUTER_BOUND ( 'NONE', #5303, .T. ) ;
#8669 = ORIENTED_EDGE ( 'NONE', *, *, #7587, .F. ) ;
#8670 = ORIENTED_EDGE ( 'NONE', *, *, #6277, .T. ) ;
#8671 = UNCERTAINTY_MEASURE_WITH_UNIT (LENGTH_MEASURE( 1.000000000000000082E-05 ), #4085, 'distance_accuracy_value', 'NONE');
#8672 = DIRECTION ( 'NONE',  ( 0.000000000000000000, -0.000000000000000000, 1.000000000000000000 ) ) ;
#8673 = DIRECTION ( 'NONE',  ( -0.000000000000000000, -1.000000000000000000, -0.000000000000000000 ) ) ;
#8674 = EDGE_LOOP ( 'NONE', ( #2612, #2673, #8655, #2504 ) ) ;
#8675 = DIRECTION ( 'NONE',  ( -0.000000000000000000, -0.000000000000000000, 1.000000000000000000 ) ) ;
#8676 = VERTEX_POINT ( 'NONE', #6075 ) ;
#8677 = CARTESIAN_POINT ( 'NONE',  ( 1.249999999999999334, 0.1250000000000013600, -1.899999999999999911 ) ) ;
#8678 = CARTESIAN_POINT ( 'NONE',  ( -1.232294901687515987, 0.1999999999999999833, -1.600000000000000089 ) ) ;
#8679 = FACE_OUTER_BOUND ( 'NONE', #5952, .T. ) ;
#8680 = DIRECTION ( 'NONE',  ( 2.710505431213763057E-16, 0.000000000000000000, 1.000000000000000000 ) ) ;
#8681 = VECTOR ( 'NONE', #7269, 1000.000000000000000 ) ;
#8682 = CIRCLE ( 'NONE', #575, 0.1499999999999999667 ) ;
#8683 = VERTEX_POINT ( 'NONE', #1407 ) ;
#8684 =( NAMED_UNIT ( * ) PLANE_ANGLE_UNIT ( ) SI_UNIT ( $, .RADIAN. ) );
#8685 = CARTESIAN_POINT ( 'NONE',  ( -0.3499999999999996447, 0.1999999999999999833, -2.000000000000000000 ) ) ;
#8686 = ORIENTED_EDGE ( 'NONE', *, *, #3599, .T. ) ;
#8687 = PLANE ( 'NONE',  #5178 ) ;
#8688 = VERTEX_POINT ( 'NONE', #2922 ) ;
#8689 = PLANE ( 'NONE',  #564 ) ;
#8690 = ORIENTED_EDGE ( 'NONE', *, *, #4721, .F. ) ;
#8691 = CARTESIAN_POINT ( 'NONE',  ( 0.7500000000000000000, 0.2000000000000000944, 1.300000000000000044 ) ) ;
#8692 = DIRECTION ( 'NONE',  ( -0.000000000000000000, 0.000000000000000000, 1.000000000000000000 ) ) ;
#8693 = DIRECTION ( 'NONE',  ( 1.000000000000000000, -0.000000000000000000, 5.421010862427520198E-16 ) ) ;
#8694 = CARTESIAN_POINT ( 'NONE',  ( 1.099999999999999867, 0.05000000000000002359, 0.6500000000000001332 ) ) ;
#8695 = CARTESIAN_POINT ( 'NONE',  ( -1.500000000000000000, 0.000000000000000000, 1.350000000000000533 ) ) ;
#8696 = VECTOR ( 'NONE', #300, 1000.000000000000000 ) ;
#8697 = FACE_OUTER_BOUND ( 'NONE', #5648, .T. ) ;
#8698 = VECTOR ( 'NONE', #1916, 1000.000000000000000 ) ;
#8699 = ORIENTED_EDGE ( 'NONE', *, *, #728, .F. ) ;
#8700 = DIRECTION ( 'NONE',  ( 0.000000000000000000, 0.000000000000000000, -1.000000000000000000 ) ) ;
#8701 = ORIENTED_EDGE ( 'NONE', *, *, #1504, .T. ) ;
#8702 = MECHANICAL_DESIGN_GEOMETRIC_PRESENTATION_REPRESENTATION (  '', ( #941 ), #1917 ) ;
#8703 = CARTESIAN_POINT ( 'NONE',  ( 1.249999999999999778, 0.1250000000000013600, 2.000000000000000000 ) ) ;
#8704 = CARTESIAN_POINT ( 'NONE',  ( -1.099999999999999867, 0.05000000000000002359, -0.1499999999999997446 ) ) ;
#8705 = DIRECTION ( 'NONE',  ( -0.000000000000000000, 0.000000000000000000, 1.000000000000000000 ) ) ;
#8706 = ORIENTED_EDGE ( 'NONE', *, *, #7726, .F. ) ;
#8707 = ORIENTED_EDGE ( 'NONE', *, *, #1941, .F. ) ;
#8708 = CARTESIAN_POINT ( 'NONE',  ( 1.445602896647339348E-17, 0.000000000000000000, -1.899999999999999911 ) ) ;
#8709 = AXIS2_PLACEMENT_3D ( 'NONE', #927, #4566, #8241 ) ;
#8710 = EDGE_CURVE ( 'NONE', #3956, #5995, #4815, .T. ) ;
#8711 = FACE_OUTER_BOUND ( 'NONE', #1084, .T. ) ;
#8712 = DIRECTION ( 'NONE',  ( 2.710505431213763550E-16, -0.000000000000000000, 1.000000000000000000 ) ) ;
#8713 = VECTOR ( 'NONE', #7871, 1000.000000000000000 ) ;
#8714 = CARTESIAN_POINT ( 'NONE',  ( 1.500000000000000000, 0.6472135954999583829, -0.6499999999999995781 ) ) ;
#8715 = CARTESIAN_POINT ( 'NONE',  ( 1.399999999999999689, 0.1999999999999999833, 1.600000000000000089 ) ) ;
#8716 = LINE ( 'NONE', #7809, #5569 ) ;
#8717 = ADVANCED_FACE ( 'NONE', ( #1483 ), #44, .T. ) ;
#8718 = ORIENTED_EDGE ( 'NONE', *, *, #461, .F. ) ;
#8719 = ORIENTED_EDGE ( 'NONE', *, *, #3063, .T. ) ;
#8720 = UNCERTAINTY_MEASURE_WITH_UNIT (LENGTH_MEASURE( 1.000000000000000082E-05 ), #7482, 'distance_accuracy_value', 'NONE');
#8721 = PRESENTATION_STYLE_ASSIGNMENT (( #158 ) ) ;
#8722 = AXIS2_PLACEMENT_3D ( 'NONE', #9468, #595, #4360 ) ;
#8723 = ORIENTED_EDGE ( 'NONE', *, *, #6947, .T. ) ;
#8724 = CARTESIAN_POINT ( 'NONE',  ( 1.399999999999999689, 0.1999999999999999833, -1.600000000000000089 ) ) ;
#8725 = ADVANCED_FACE ( 'NONE', ( #1539 ), #7412, .F. ) ;
#8726 = DIRECTION ( 'NONE',  ( -0.000000000000000000, -1.000000000000000000, -0.000000000000000000 ) ) ;
#8727 = ORIENTED_EDGE ( 'NONE', *, *, #2279, .T. ) ;
#8728 = EDGE_CURVE ( 'NONE', #4523, #3524, #7922, .T. ) ;
#8729 = DIRECTION ( 'NONE',  ( 0.000000000000000000, -1.000000000000000000, 0.000000000000000000 ) ) ;
#8730 = AXIS2_PLACEMENT_3D ( 'NONE', #9138, #2334, #6795 ) ;
#8731 = LINE ( 'NONE', #8942, #2175 ) ;
#8732 = DIRECTION ( 'NONE',  ( 1.000000000000000000, 0.000000000000000000, -0.000000000000000000 ) ) ;
#8733 = SURFACE_STYLE_FILL_AREA ( #8823 ) ;
#8734 = DIRECTION ( 'NONE',  ( 1.000000000000000000, -0.000000000000000000, -0.000000000000000000 ) ) ;
#8735 = LINE ( 'NONE', #1975, #2165 ) ;
#8736 = EDGE_CURVE ( 'NONE', #6240, #5148, #4676, .T. ) ;
#8737 = VERTEX_POINT ( 'NONE', #4401 ) ;
#8738 = EDGE_LOOP ( 'NONE', ( #4128, #4703, #4035, #4202 ) ) ;
#8739 = DIRECTION ( 'NONE',  ( -1.084202172485501673E-15, 0.000000000000000000, -1.000000000000000000 ) ) ;
#8740 = DIRECTION ( 'NONE',  ( -1.084202172485501673E-15, 0.000000000000000000, 1.000000000000000000 ) ) ;
#8741 = EDGE_CURVE ( 'NONE', #4804, #7112, #7889, .T. ) ;
#8742 = ORIENTED_EDGE ( 'NONE', *, *, #4328, .T. ) ;
#8743 = CARTESIAN_POINT ( 'NONE',  ( 1.099999999999999867, 0.000000000000000000, 0.8500000000000003109 ) ) ;
#8744 = DIRECTION ( 'NONE',  ( -0.000000000000000000, -1.000000000000000000, -0.000000000000000000 ) ) ;
#8745 = EDGE_LOOP ( 'NONE', ( #3561, #6818, #2330, #637 ) ) ;
#8746 = CARTESIAN_POINT ( 'NONE',  ( 0.8500000000000010880, 0.1999999999999996503, 2.000000000000000000 ) ) ;
#8747 = CARTESIAN_POINT ( 'NONE',  ( -1.099999999999999867, 0.000000000000000000, -0.6499999999999998002 ) ) ;
#8748 = CARTESIAN_POINT ( 'NONE',  ( 1.099999999999999867, 0.6472135954999583829, 1.350000000000000311 ) ) ;
#8749 = ADVANCED_FACE ( 'NONE', ( #1655 ), #6017, .F. ) ;
#8750 = LINE ( 'NONE', #6506, #5378 ) ;
#8751 = SURFACE_STYLE_USAGE ( .BOTH. , #8181 ) ;
#8752 = EDGE_CURVE ( 'NONE', #7430, #1557, #4877, .T. ) ;
#8753 = LINE ( 'NONE', #785, #2426 ) ;
#8754 = AXIS2_PLACEMENT_3D ( 'NONE', #4123, #2127, #4939 ) ;
#8755 = FACE_OUTER_BOUND ( 'NONE', #1804, .T. ) ;
#8756 = VERTEX_POINT ( 'NONE', #6590 ) ;
#8757 = DIRECTION ( 'NONE',  ( 1.000000000000000000, 0.000000000000000000, 0.000000000000000000 ) ) ;
#8758 = ORIENTED_EDGE ( 'NONE', *, *, #2404, .T. ) ;
#8759 = APPLICATION_PROTOCOL_DEFINITION ( 'draft international standard', 'automotive_design', 1998, #8002 ) ;
#8760 = LINE ( 'NONE', #6345, #5599 ) ;
#8761 = CARTESIAN_POINT ( 'NONE',  ( -1.400000000000000133, 0.1999999999999999833, -1.750000000000000000 ) ) ;
#8762 = EDGE_CURVE ( 'NONE', #1578, #3899, #7970, .T. ) ;
#8763 = EDGE_CURVE ( 'NONE', #9262, #7399, #8339, .T. ) ;
#8764 = ORIENTED_EDGE ( 'NONE', *, *, #574, .F. ) ;
#8765 = FILL_AREA_STYLE_COLOUR ( '', #5886 ) ;
#8766 = EDGE_CURVE ( 'NONE', #3126, #5538, #8367, .T. ) ;
#8767 = DIRECTION ( 'NONE',  ( 1.000000000000000000, -0.000000000000000000, -5.421010862427520198E-16 ) ) ;
#8768 = ORIENTED_EDGE ( 'NONE', *, *, #5953, .T. ) ;
#8769 = CARTESIAN_POINT ( 'NONE',  ( 0.000000000000000000, 0.2000000000000000111, 0.000000000000000000 ) ) ;
#8770 = CARTESIAN_POINT ( 'NONE',  ( -0.6499999999999995781, 0.000000000000000000, -1.600000000000000311 ) ) ;
#8771 = PRESENTATION_LAYER_ASSIGNMENT (  '', '', ( #874 ) ) ;
#8772 = DIRECTION ( 'NONE',  ( 5.421010862427520198E-16, 0.000000000000000000, -1.000000000000000000 ) ) ;
#8773 = VECTOR ( 'NONE', #2250, 1000.000000000000000 ) ;
#8774 = VECTOR ( 'NONE', #860, 1000.000000000000000 ) ;
#8775 = VECTOR ( 'NONE', #3698, 1000.000000000000000 ) ;
#8776 = FACE_OUTER_BOUND ( 'NONE', #4215, .T. ) ;
#8777 = EDGE_LOOP ( 'NONE', ( #4315, #7511, #4447, #4227 ) ) ;
#8778 = PLANE ( 'NONE',  #8961 ) ;
#8779 = ORIENTED_EDGE ( 'NONE', *, *, #8575, .T. ) ;
#8781 = DIRECTION ( 'NONE',  ( 1.000000000000000000, 0.000000000000000000, 0.000000000000000000 ) ) ;
#8780 = COLOUR_RGB ( '',1.000000000000000000, 0.5019607843137254832, 0.5019607843137254832 ) ;
#8782 = CARTESIAN_POINT ( 'NONE',  ( 1.500000000000000000, 0.000000000000000000, -0.6499999999999995781 ) ) ;
#8783 = STYLED_ITEM ( 'NONE', ( #2177 ), #9077 ) ;
#8784 = ORIENTED_EDGE ( 'NONE', *, *, #5727, .T. ) ;
#8785 = EDGE_CURVE ( 'NONE', #5883, #6881, #1864, .T. ) ;
#8786 = ORIENTED_EDGE ( 'NONE', *, *, #5851, .T. ) ;
#8787 = FILL_AREA_STYLE ('',( #3839 ) ) ;
#8788 = VECTOR ( 'NONE', #4499, 1000.000000000000000 ) ;
#8789 = LINE ( 'NONE', #4742, #2408 ) ;
#8790 = DIRECTION ( 'NONE',  ( 1.000000000000000000, -0.000000000000000000, 1.084202172485501673E-15 ) ) ;
#8791 = DIRECTION ( 'NONE',  ( 1.000000000000000000, 0.000000000000000000, -1.445602896647339163E-16 ) ) ;
#8792 = VECTOR ( 'NONE', #1584, 1000.000000000000000 ) ;
#8793 = ORIENTED_EDGE ( 'NONE', *, *, #8420, .F. ) ;
#8794 = ORIENTED_EDGE ( 'NONE', *, *, #728, .T. ) ;
#8795 = LINE ( 'NONE', #8425, #8606 ) ;
#8796 = ORIENTED_EDGE ( 'NONE', *, *, #3251, .F. ) ;
#8797 = AXIS2_PLACEMENT_3D ( 'NONE', #8545, #1937, #2677 ) ;
#8798 = DIRECTION ( 'NONE',  ( -0.000000000000000000, -1.000000000000000000, -0.000000000000000000 ) ) ;
#8799 = DIRECTION ( 'NONE',  ( -1.000000000000000000, -0.000000000000000000, -5.421010862427524019E-17 ) ) ;
#8800 = ORIENTED_EDGE ( 'NONE', *, *, #6730, .F. ) ;
#8801 = UNCERTAINTY_MEASURE_WITH_UNIT (LENGTH_MEASURE( 1.000000000000000082E-05 ), #6576, 'distance_accuracy_value', 'NONE');
#8802 = PLANE ( 'NONE',  #3309 ) ;
#8803 = LINE ( 'NONE', #7801, #8632 ) ;
#8804 = CARTESIAN_POINT ( 'NONE',  ( 0.1500000000000009381, 0.04999999999999969746, 2.000000000000000000 ) ) ;
#8805 = VECTOR ( 'NONE', #186, 1000.000000000000000 ) ;
#8806 = CARTESIAN_POINT ( 'NONE',  ( -1.099999999999999867, 0.1999999999999999833, -0.3499999999999998113 ) ) ;
#8807 = LINE ( 'NONE', #7161, #5623 ) ;
#8808 = ADVANCED_FACE ( 'NONE', ( #2008 ), #987, .F. ) ;
#8809 = ORIENTED_EDGE ( 'NONE', *, *, #5637, .T. ) ;
#8810 = VERTEX_POINT ( 'NONE', #1906 ) ;
#8811 =( NAMED_UNIT ( * ) SI_UNIT ( $, .STERADIAN. ) SOLID_ANGLE_UNIT ( ) );
#8812 = FACE_OUTER_BOUND ( 'NONE', #7507, .T. ) ;
#8813 = CARTESIAN_POINT ( 'NONE',  ( -1.166666666666666741, 0.8000000000000000444, -1.666666666666666519 ) ) ;
#8814 = DIRECTION ( 'NONE',  ( -0.000000000000000000, 0.000000000000000000, 1.000000000000000000 ) ) ;
#8815 = EDGE_LOOP ( 'NONE', ( #436, #571, #7147, #3811 ) ) ;
#8816 = CARTESIAN_POINT ( 'NONE',  ( -1.100000000000000311, 0.1999999999999999833, -1.899999999999999911 ) ) ;
#8817 = ADVANCED_FACE ( 'NONE', ( #8435 ), #4827, .T. ) ;
#8818 = CARTESIAN_POINT ( 'NONE',  ( -1.099999999999999867, 0.1999999999999999833, -0.8499999999999998668 ) ) ;
#8819 = ORIENTED_EDGE ( 'NONE', *, *, #2425, .T. ) ;
#8820 = DIRECTION ( 'NONE',  ( 0.000000000000000000, -1.000000000000000000, 0.000000000000000000 ) ) ;
#8821 =( NAMED_UNIT ( * ) SI_UNIT ( $, .STERADIAN. ) SOLID_ANGLE_UNIT ( ) );
#8822 = LINE ( 'NONE', #422, #5469 ) ;
#8823 = FILL_AREA_STYLE ('',( #1279 ) ) ;
#8824 = ADVANCED_FACE ( 'NONE', ( #1879 ), #8506, .F. ) ;
#8825 = LINE ( 'NONE', #2017, #5581 ) ;
#8826 = FACE_OUTER_BOUND ( 'NONE', #2133, .T. ) ;
#8827 = VERTEX_POINT ( 'NONE', #7642 ) ;
#8828 = DIRECTION ( 'NONE',  ( -1.000000000000000000, 0.000000000000000000, 0.000000000000000000 ) ) ;
#8829 = DIRECTION ( 'NONE',  ( -0.000000000000000000, -1.000000000000000000, -0.000000000000000000 ) ) ;
#8830 = ORIENTED_EDGE ( 'NONE', *, *, #701, .T. ) ;
#8831 = EDGE_CURVE ( 'NONE', #1138, #7964, #1921, .T. ) ;
#8832 = VECTOR ( 'NONE', #9359, 1000.000000000000000 ) ;
#8833 = DIRECTION ( 'NONE',  ( 0.000000000000000000, 0.000000000000000000, 1.000000000000000000 ) ) ;
#8834 = DIRECTION ( 'NONE',  ( 1.000000000000000000, 0.000000000000000000, 0.000000000000000000 ) ) ;
#8835 = ORIENTED_EDGE ( 'NONE', *, *, #3284, .T. ) ;
#8836 = DIRECTION ( 'NONE',  ( -1.000000000000000000, 0.000000000000000000, 2.710505431213763057E-16 ) ) ;
#8837 = ORIENTED_EDGE ( 'NONE', *, *, #1236, .F. ) ;
#8838 = CARTESIAN_POINT ( 'NONE',  ( -1.499999999999999778, 0.6472135954999583829, 1.149999999999999911 ) ) ;
#8839 = DIRECTION ( 'NONE',  ( -1.000000000000000000, -5.782411586589359611E-15, 1.445602896647339163E-16 ) ) ;
#8840 = DIRECTION ( 'NONE',  ( -0.000000000000000000, -0.000000000000000000, -1.000000000000000000 ) ) ;
#8841 = DIRECTION ( 'NONE',  ( 5.421010862427520198E-16, 0.000000000000000000, -1.000000000000000000 ) ) ;
#8842 = AXIS2_PLACEMENT_3D ( 'NONE', #4915, #9425, #5632 ) ;
#8843 = ADVANCED_FACE ( 'NONE', ( #8507 ), #4689, .T. ) ;
#8844 = CARTESIAN_POINT ( 'NONE',  ( 0.8500000000000005329, 0.05000000000000000278, 0.000000000000000000 ) ) ;
#8845 = COLOUR_RGB ( '',1.000000000000000000, 0.5019607843137254832, 0.5019607843137254832 ) ;
#8846 = LINE ( 'NONE', #5790, #8600 ) ;
#8847 = LINE ( 'NONE', #5933, #5595 ) ;
#8848 = ORIENTED_EDGE ( 'NONE', *, *, #5094, .F. ) ;
#8849 = CARTESIAN_POINT ( 'NONE',  ( -1.500000000000000000, 0.6472135954999583829, -1.149999999999999467 ) ) ;
#8850 = EDGE_LOOP ( 'NONE', ( #7087, #7395, #3391, #4898 ) ) ;
#8852 = CARTESIAN_POINT ( 'NONE',  ( -1.500000000000000000, 0.04999999999999969746, 0.3500000000000004774 ) ) ;
#8851 = LINE ( 'NONE', #6012, #2214 ) ;
#8853 = MECHANICAL_DESIGN_GEOMETRIC_PRESENTATION_REPRESENTATION (  '', ( #8501 ), #2840 ) ;
#8854 = SURFACE_STYLE_USAGE ( .BOTH. , #2723 ) ;
#8855 = EDGE_CURVE ( 'NONE', #9332, #3579, #5230, .T. ) ;
#8856 = VERTEX_POINT ( 'NONE', #3280 ) ;
#8857 = VERTEX_POINT ( 'NONE', #3919 ) ;
#8858 = UNCERTAINTY_MEASURE_WITH_UNIT (LENGTH_MEASURE( 1.000000000000000082E-05 ), #2212, 'distance_accuracy_value', 'NONE');
#8859 = LINE ( 'NONE', #6682, #5900 ) ;
#8860 = SURFACE_STYLE_FILL_AREA ( #2144 ) ;
#8861 = CARTESIAN_POINT ( 'NONE',  ( 0.000000000000000000, 0.2000000000000000111, 0.000000000000000000 ) ) ;
#8862 = COLOUR_RGB ( '',0.7921568627450980005, 0.8196078431372548767, 0.9333333333333333481 ) ;
#8863 = ORIENTED_EDGE ( 'NONE', *, *, #5878, .F. ) ;
#8864 = EDGE_LOOP ( 'NONE', ( #3770, #6984, #4183, #359 ) ) ;
#8865 = LINE ( 'NONE', #3315, #5522 ) ;
#8866 = EDGE_CURVE ( 'NONE', #7893, #4147, #5261, .T. ) ;
#8867 =( GEOMETRIC_REPRESENTATION_CONTEXT ( 3 ) GLOBAL_UNCERTAINTY_ASSIGNED_CONTEXT ( ( #8558 ) ) GLOBAL_UNIT_ASSIGNED_CONTEXT ( ( #5620, #4233, #6453 ) ) REPRESENTATION_CONTEXT ( 'NONE', 'WORKASPACE' ) );
#8868 = VERTEX_POINT ( 'NONE', #1730 ) ;
#8869 = CARTESIAN_POINT ( 'NONE',  ( 1.879283765641541676E-16, 0.05000000000000000278, -1.300000000000000266 ) ) ;
#8870 = CARTESIAN_POINT ( 'NONE',  ( 1.499999999999999778, 0.05000000000000000278, -2.000000000000000000 ) ) ;
#8871 = PLANE ( 'NONE',  #4263 ) ;
#8872 = EDGE_CURVE ( 'NONE', #7512, #8856, #8452, .T. ) ;
#8873 = VERTEX_POINT ( 'NONE', #8393 ) ;
#8874 = CARTESIAN_POINT ( 'NONE',  ( 1.099999999999999867, 0.1999999999999999833, 0.8500000000000003109 ) ) ;
#8875 = LINE ( 'NONE', #5633, #2491 ) ;
#8876 = PLANE ( 'NONE',  #7891 ) ;
#8877 = LINE ( 'NONE', #8109, #5982 ) ;
#8878 = EDGE_CURVE ( 'NONE', #5188, #4029, #2054, .T. ) ;
#8879 = CARTESIAN_POINT ( 'NONE',  ( 1.499999999999999778, 0.1999999999999996503, 1.149999999999999911 ) ) ;
#8880 = VECTOR ( 'NONE', #6750, 1000.000000000000000 ) ;
#8881 = VERTEX_POINT ( 'NONE', #3998 ) ;
#8882 = CARTESIAN_POINT ( 'NONE',  ( -1.099999999999999867, 0.000000000000000000, -0.3499999999999998113 ) ) ;
#8883 = DIRECTION ( 'NONE',  ( 0.000000000000000000, -0.000000000000000000, 1.000000000000000000 ) ) ;
#8884 = DIRECTION ( 'NONE',  ( -5.421010862427520198E-16, 0.000000000000000000, -1.000000000000000000 ) ) ;
#8885 = EDGE_CURVE ( 'NONE', #4024, #4716, #8478, .T. ) ;
#8886 = ORIENTED_EDGE ( 'NONE', *, *, #5340, .F. ) ;
#8887 = CARTESIAN_POINT ( 'NONE',  ( -1.099999999999999867, 0.1999999999999999833, -0.1499999999999997446 ) ) ;
#8888 = EDGE_CURVE ( 'NONE', #8618, #3126, #2072, .T. ) ;
#8889 = ORIENTED_EDGE ( 'NONE', *, *, #1844, .F. ) ;
#8890 = CARTESIAN_POINT ( 'NONE',  ( 1.099999999999999867, 0.6472135954999583829, -0.3499999999999998113 ) ) ;
#8891 = CARTESIAN_POINT ( 'NONE',  ( -0.3499999999999996447, 0.2000000000000000111, -1.600000000000000089 ) ) ;
#8892 = FACE_OUTER_BOUND ( 'NONE', #7467, .T. ) ;
#8893 = CARTESIAN_POINT ( 'NONE',  ( -0.7500000000000000000, 0.2000000000000000944, -1.000000000000000888 ) ) ;
#8894 = EDGE_CURVE ( 'NONE', #7917, #4503, #2026, .T. ) ;
#8895 = PRESENTATION_STYLE_ASSIGNMENT (( #5037 ) ) ;
#8896 = CARTESIAN_POINT ( 'NONE',  ( 0.1500000000000003830, 0.6472135954999580498, -2.000000000000000000 ) ) ;
#8897 = DIRECTION ( 'NONE',  ( 0.000000000000000000, 0.000000000000000000, 1.000000000000000000 ) ) ;
#8898 = ORIENTED_EDGE ( 'NONE', *, *, #6353, .T. ) ;
#8899 = FACE_OUTER_BOUND ( 'NONE', #4028, .T. ) ;
#8900 = COLOUR_RGB ( '',0.7921568627450980005, 0.8196078431372548767, 0.9333333333333333481 ) ;
#8901 = DIRECTION ( 'NONE',  ( -1.000000000000000000, -1.084202172485504828E-15, 0.000000000000000000 ) ) ;
#8902 = AXIS2_PLACEMENT_3D ( 'NONE', #6257, #7416, #9333 ) ;
#8903 = ORIENTED_EDGE ( 'NONE', *, *, #5915, .F. ) ;
#8904 = ADVANCED_FACE ( 'NONE', ( #5245 ), #2512, .F. ) ;
#8905 = DIRECTION ( 'NONE',  ( 0.000000000000000000, -0.000000000000000000, 1.000000000000000000 ) ) ;
#8906 = ORIENTED_EDGE ( 'NONE', *, *, #7759, .F. ) ;
#8907 = DIRECTION ( 'NONE',  ( -0.000000000000000000, -1.000000000000000000, -0.000000000000000000 ) ) ;
#8908 = CARTESIAN_POINT ( 'NONE',  ( 1.500000000000000000, 0.1999999999999999833, 0.8500000000000005329 ) ) ;
#8909 = SURFACE_SIDE_STYLE ('',( #667 ) ) ;
#8910 = VECTOR ( 'NONE', #3134, 1000.000000000000000 ) ;
#8911 = LINE ( 'NONE', #7315, #2458 ) ;
#8912 = CARTESIAN_POINT ( 'NONE',  ( 0.000000000000000000, 0.2000000000000000111, 0.000000000000000000 ) ) ;
#8913 = EDGE_LOOP ( 'NONE', ( #6879, #7631, #6716, #8543 ) ) ;
#8914 = LINE ( 'NONE', #1900, #5786 ) ;
#8915 = VECTOR ( 'NONE', #8531, 1000.000000000000000 ) ;
#8916 = EDGE_LOOP ( 'NONE', ( #7729, #4934, #1121, #378 ) ) ;
#8917 = ORIENTED_EDGE ( 'NONE', *, *, #8634, .F. ) ;
#8918 = VECTOR ( 'NONE', #6856, 1000.000000000000000 ) ;
#8919 = COLOUR_RGB ( '',0.7921568627450980005, 0.8196078431372548767, 0.9333333333333333481 ) ;
#8920 = FACE_OUTER_BOUND ( 'NONE', #9497, .T. ) ;
#8921 = CARTESIAN_POINT ( 'NONE',  ( 0.6500000000000007994, 0.2000000000000000111, 1.600000000000000089 ) ) ;
#8922 = VECTOR ( 'NONE', #9203, 1000.000000000000000 ) ;
#8923 = ORIENTED_EDGE ( 'NONE', *, *, #3721, .T. ) ;
#8924 = DIRECTION ( 'NONE',  ( 1.000000000000000000, -0.000000000000000000, -0.000000000000000000 ) ) ;
#8925 = COLOUR_RGB ( '',0.2509803921568627416, 0.2509803921568627416, 0.2509803921568627416 ) ;
#8926 = EDGE_CURVE ( 'NONE', #8827, #4881, #1815, .T. ) ;
#8927 = LINE ( 'NONE', #6910, #9245 ) ;
#8928 = VERTEX_POINT ( 'NONE', #8563 ) ;
#8929 = CARTESIAN_POINT ( 'NONE',  ( 1.249999999999999334, 0.2000000000000013434, 1.899999999999999911 ) ) ;
#8930 = CARTESIAN_POINT ( 'NONE',  ( -1.400000000000000133, 0.1250000000000000000, -1.600000000000000089 ) ) ;
#8931 = PLANE ( 'NONE',  #903 ) ;
#8932 = ORIENTED_EDGE ( 'NONE', *, *, #9087, .T. ) ;
#8933 = CARTESIAN_POINT ( 'NONE',  ( -1.099999999999999867, 0.1999999999999999833, -1.349999999999999867 ) ) ;
#8934 = CARTESIAN_POINT ( 'NONE',  ( -1.099999999999999867, 0.000000000000000000, 0.1500000000000001887 ) ) ;
#8935 = CARTESIAN_POINT ( 'NONE',  ( 1.099999999999999867, 0.1999999999999999833, -1.149999999999999689 ) ) ;
#8936 = PRESENTATION_STYLE_ASSIGNMENT (( #569 ) ) ;
#8937 = CARTESIAN_POINT ( 'NONE',  ( -1.250000000000000222, 0.1999999999999999833, -1.899999999999999911 ) ) ;
#8938 = VECTOR ( 'NONE', #4808, 1000.000000000000000 ) ;
#8939 = ORIENTED_EDGE ( 'NONE', *, *, #3844, .T. ) ;
#8940 = CARTESIAN_POINT ( 'NONE',  ( -1.099999999999999867, 0.6472135954999583829, -0.1499999999999997446 ) ) ;
#8941 = CARTESIAN_POINT ( 'NONE',  ( 1.499999999999999778, 0.6472135954999583829, 1.149999999999999911 ) ) ;
#8942 = CARTESIAN_POINT ( 'NONE',  ( -1.099999999999999867, 0.1999999999999999833, -0.1499999999999997446 ) ) ;
#8943 = CARTESIAN_POINT ( 'NONE',  ( 1.500000000000000000, 0.000000000000000000, -1.149999999999999467 ) ) ;
#8944 = ORIENTED_EDGE ( 'NONE', *, *, #1406, .T. ) ;
#8945 = FILL_AREA_STYLE_COLOUR ( '', #5874 ) ;
#8946 =( LENGTH_UNIT ( ) NAMED_UNIT ( * ) SI_UNIT ( .MILLI., .METRE. ) );
#8947 = CARTESIAN_POINT ( 'NONE',  ( -1.400000000000000133, 0.1999999999999999833, -1.750000000000000000 ) ) ;
#8948 = FACE_OUTER_BOUND ( 'NONE', #3163, .T. ) ;
#8949 = CARTESIAN_POINT ( 'NONE',  ( -0.1499999999999989952, 0.000000000000000000, 2.000000000000000000 ) ) ;
#8950 = LINE ( 'NONE', #6579, #5693 ) ;
#8951 = SURFACE_STYLE_FILL_AREA ( #65 ) ;
#8952 = CARTESIAN_POINT ( 'NONE',  ( -1.099999999999999867, 0.05000000000000002359, 1.350000000000000311 ) ) ;
#8953 = VECTOR ( 'NONE', #6355, 1000.000000000000000 ) ;
#8954 = CARTESIAN_POINT ( 'NONE',  ( -6.234162491791656412E-16, 0.05000000000000000278, 1.150000000000000799 ) ) ;
#8955 =( GEOMETRIC_REPRESENTATION_CONTEXT ( 3 ) GLOBAL_UNCERTAINTY_ASSIGNED_CONTEXT ( ( #4415 ) ) GLOBAL_UNIT_ASSIGNED_CONTEXT ( ( #5938, #2298, #33 ) ) REPRESENTATION_CONTEXT ( 'NONE', 'WORKASPACE' ) );
#8956 = CARTESIAN_POINT ( 'NONE',  ( 0.000000000000000000, 0.2000000000000000111, 0.000000000000000000 ) ) ;
#8957 = EDGE_LOOP ( 'NONE', ( #6904, #198, #6511, #6557, #2969, #389, #6895, #3519, #9469, #528, #3308, #3702, #3667, #3691, #449, #2947, #6742, #166, #6094, #3258, #259, #3296, #6468, #3008, #4119, #6833, #888, #6647, #455, #1045, #9386, #4134, #3935, #288, #4270, #6920, #3686, #7163, #680, #7429, #568, #3985, #7045, #603, #6808, #3147, #812, #4003, #791, #7541, #4155, #3688, #3895, #7489, #7139, #1033, #7143, #7066, #7176, #4100, #7277, #9487, #848, #482, #4167, #3756, #7039, #1017, #3473, #6953, #3724, #3822, #615, #3978, #4115, #253, #480, #762, #9330, #6671, #7057, #1014, #7321, #6336 ) ) ;
#8958 = CARTESIAN_POINT ( 'NONE',  ( -1.099999999999999867, 0.6472135954999583829, -0.8499999999999998668 ) ) ;
#8959 = CARTESIAN_POINT ( 'NONE',  ( -0.3499999999999996447, 0.1999999999999999833, -1.600000000000000089 ) ) ;
#8960 = EDGE_CURVE ( 'NONE', #2253, #111, #8382, .T. ) ;
#8961 = AXIS2_PLACEMENT_3D ( 'NONE', #9477, #4593, #21 ) ;
#8962 =( NAMED_UNIT ( * ) PLANE_ANGLE_UNIT ( ) SI_UNIT ( $, .RADIAN. ) );
#8963 = VECTOR ( 'NONE', #8907, 1000.000000000000000 ) ;
#8964 = EDGE_CURVE ( 'NONE', #85, #6332, #5014, .T. ) ;
#8965 = LINE ( 'NONE', #7532, #5810 ) ;
#8966 = ADVANCED_FACE ( 'NONE', ( #1983 ), #7068, .T. ) ;
#8967 = DIRECTION ( 'NONE',  ( 1.000000000000000000, 0.000000000000000000, 5.421010862427523156E-16 ) ) ;
#8969 = VECTOR ( 'NONE', #8547, 1000.000000000000000 ) ;
#8968 = DIRECTION ( 'NONE',  ( 0.000000000000000000, -0.000000000000000000, 1.000000000000000000 ) ) ;
#8970 = CARTESIAN_POINT ( 'NONE',  ( -0.3499999999999996447, 0.05000000000000000278, 0.000000000000000000 ) ) ;
#8971 = EDGE_CURVE ( 'NONE', #4147, #545, #5278, .T. ) ;
#8972 = ADVANCED_FACE ( 'NONE', ( #8465 ), #3565, .T. ) ;
#8973 = ORIENTED_EDGE ( 'NONE', *, *, #7959, .F. ) ;
#8974 = DIRECTION ( 'NONE',  ( 0.000000000000000000, 0.000000000000000000, -1.000000000000000000 ) ) ;
#8975 = CARTESIAN_POINT ( 'NONE',  ( 0.6500000000000007994, 0.6472135954999580498, 1.600000000000000089 ) ) ;
#8976 = EDGE_CURVE ( 'NONE', #3819, #2124, #5127, .T. ) ;
#8977 = VECTOR ( 'NONE', #2230, 999.9999999999998863 ) ;
#8978 = MECHANICAL_DESIGN_GEOMETRIC_PRESENTATION_REPRESENTATION (  '', ( #5524 ), #5085 ) ;
#8979 = DIRECTION ( 'NONE',  ( 0.000000000000000000, -1.000000000000000000, 0.000000000000000000 ) ) ;
#8980 = CARTESIAN_POINT ( 'NONE',  ( -0.3499999999999996447, 0.04999999999999999584, -1.600000000000000089 ) ) ;
#8981 = EDGE_CURVE ( 'NONE', #5503, #9496, #2103, .T. ) ;
#8982 = LINE ( 'NONE', #1573, #2909 ) ;
#8983 = CARTESIAN_POINT ( 'NONE',  ( 1.099999999999999867, 0.1999999999999999833, 0.3500000000000002554 ) ) ;
#8984 = EDGE_CURVE ( 'NONE', #8827, #3386, #8490, .T. ) ;
#8985 = CARTESIAN_POINT ( 'NONE',  ( 0.8500000000000010880, 0.1999999999999999833, 2.000000000000000000 ) ) ;
#8986 = DIRECTION ( 'NONE',  ( 0.000000000000000000, 0.000000000000000000, 1.000000000000000000 ) ) ;
#8987 = EDGE_CURVE ( 'NONE', #466, #9483, #8356, .T. ) ;
#8988 = DIRECTION ( 'NONE',  ( -2.710505431213761578E-16, 0.000000000000000000, -1.000000000000000000 ) ) ;
#8989 = ORIENTED_EDGE ( 'NONE', *, *, #5436, .F. ) ;
#8990 = AXIS2_PLACEMENT_3D ( 'NONE', #1055, #290, #8343 ) ;
#8991 = CARTESIAN_POINT ( 'NONE',  ( -1.166666666666666741, 0.8000000000000000444, -1.666666666666666519 ) ) ;
#8992 = DIRECTION ( 'NONE',  ( 0.000000000000000000, -1.000000000000000000, 0.000000000000000000 ) ) ;
#8993 = PLANE ( 'NONE',  #4381 ) ;
#8994 = CARTESIAN_POINT ( 'NONE',  ( -1.400000000000000133, 0.1250000000000000000, -1.600000000000000089 ) ) ;
#8995 = SURFACE_STYLE_FILL_AREA ( #5758 ) ;
#8996 = LINE ( 'NONE', #5341, #2552 ) ;
#8997 = LINE ( 'NONE', #9217, #2516 ) ;
#8998 = LINE ( 'NONE', #507, #8953 ) ;
#8999 = EDGE_LOOP ( 'NONE', ( #1670, #1778, #8863, #6026 ) ) ;
#9000 =( GEOMETRIC_REPRESENTATION_CONTEXT ( 3 ) GLOBAL_UNCERTAINTY_ASSIGNED_CONTEXT ( ( #6125 ) ) GLOBAL_UNIT_ASSIGNED_CONTEXT ( ( #7366, #2815, #3456 ) ) REPRESENTATION_CONTEXT ( 'NONE', 'WORKASPACE' ) );
#9001 = CARTESIAN_POINT ( 'NONE',  ( 0.8500000000000005329, 0.2000000000000000111, -1.600000000000000311 ) ) ;
#9002 = AXIS2_PLACEMENT_3D ( 'NONE', #7667, #2470, #1012 ) ;
#9003 = CARTESIAN_POINT ( 'NONE',  ( -1.500000000000000000, 0.04999999999999969746, -0.6499999999999995781 ) ) ;
#9004 = EDGE_CURVE ( 'NONE', #7097, #7699, #8219, .T. ) ;
#9005 = DIRECTION ( 'NONE',  ( -1.445602896647339163E-16, 0.000000000000000000, -1.000000000000000000 ) ) ;
#9006 = EDGE_LOOP ( 'NONE', ( #148, #9327, #9300, #6495, #6909 ) ) ;
#9007 = DIRECTION ( 'NONE',  ( -0.000000000000000000, -0.000000000000000000, 1.000000000000000000 ) ) ;
#9008 = PLANE ( 'NONE',  #6173 ) ;
#9009 = MANIFOLD_SOLID_BREP ( 'LPattern4[7]', #5814 ) ;
#9010 = LINE ( 'NONE', #5153, #5871 ) ;
#9011 = CARTESIAN_POINT ( 'NONE',  ( 1.099999999999999867, 0.1250000000000011935, 1.732294901687515321 ) ) ;
#9012 = AXIS2_PLACEMENT_3D ( 'NONE', #7616, #4529, #1832 ) ;
#9013 = VECTOR ( 'NONE', #1616, 1000.000000000000000 ) ;
#9014 = DIRECTION ( 'NONE',  ( -1.000000000000000000, 0.000000000000000000, 1.084202172485504040E-15 ) ) ;
#9015 = LINE ( 'NONE', #6867, #8880 ) ;
#9016 = VECTOR ( 'NONE', #1102, 1000.000000000000000 ) ;
#9017 = DIRECTION ( 'NONE',  ( -1.000000000000000000, 0.000000000000000000, 5.421010862427520198E-16 ) ) ;
#9018 = VECTOR ( 'NONE', #9314, 1000.000000000000000 ) ;
#9019 = ORIENTED_EDGE ( 'NONE', *, *, #1090, .F. ) ;
#9020 = CARTESIAN_POINT ( 'NONE',  ( -1.099999999999999867, 0.1999999999999999833, -1.349999999999999867 ) ) ;
#9021 =( GEOMETRIC_REPRESENTATION_CONTEXT ( 3 ) GLOBAL_UNCERTAINTY_ASSIGNED_CONTEXT ( ( #8065 ) ) GLOBAL_UNIT_ASSIGNED_CONTEXT ( ( #1126, #6140, #1852 ) ) REPRESENTATION_CONTEXT ( 'NONE', 'WORKASPACE' ) );
#9022 = CARTESIAN_POINT ( 'NONE',  ( -0.3499999999999992006, 0.04999999999999999584, 1.600000000000000089 ) ) ;
#9023 = ORIENTED_EDGE ( 'NONE', *, *, #6174, .F. ) ;
#9024 = PLANE ( 'NONE',  #2050 ) ;
#9025 = CARTESIAN_POINT ( 'NONE',  ( -0.8499999999999996447, 0.2000000000000000111, -1.600000000000000089 ) ) ;
#9026 = VECTOR ( 'NONE', #2802, 1000.000000000000000 ) ;
#9027 = VECTOR ( 'NONE', #5462, 1000.000000000000000 ) ;
#9028 = VECTOR ( 'NONE', #3946, 1000.000000000000000 ) ;
#9029 = DIRECTION ( 'NONE',  ( 0.000000000000000000, -1.000000000000000000, 0.000000000000000000 ) ) ;
#9031 = VECTOR ( 'NONE', #446, 1000.000000000000000 ) ;
#9030 = CARTESIAN_POINT ( 'NONE',  ( -1.099999999999999867, 0.1999999999999999833, 0.6500000000000001332 ) ) ;
#9032 = PLANE ( 'NONE',  #5353 ) ;
#9033 = VERTEX_POINT ( 'NONE', #8893 ) ;
#9034 = DIRECTION ( 'NONE',  ( 0.000000000000000000, -1.000000000000000000, 0.000000000000000000 ) ) ;
#9035 = ORIENTED_EDGE ( 'NONE', *, *, #2744, .T. ) ;
#9036 = CARTESIAN_POINT ( 'NONE',  ( -1.499999999999999778, 0.6472135954999583829, -1.350000000000000089 ) ) ;
#9037 = DIRECTION ( 'NONE',  ( 0.000000000000000000, -0.000000000000000000, 1.000000000000000000 ) ) ;
#9038 = EDGE_CURVE ( 'NONE', #3784, #7363, #5112, .T. ) ;
#9039 = VECTOR ( 'NONE', #8203, 1000.000000000000000 ) ;
#9040 = DIRECTION ( 'NONE',  ( 0.000000000000000000, -1.000000000000000000, 0.000000000000000000 ) ) ;
#9041 = LINE ( 'NONE', #884, #2761 ) ;
#9042 = ADVANCED_FACE ( 'NONE', ( #2406 ), #9388, .T. ) ;
#9043 = VECTOR ( 'NONE', #6368, 1000.000000000000000 ) ;
#9044 = ORIENTED_EDGE ( 'NONE', *, *, #3945, .T. ) ;
#9045 = DIRECTION ( 'NONE',  ( -0.000000000000000000, 0.000000000000000000, 1.000000000000000000 ) ) ;
#9046 = CARTESIAN_POINT ( 'NONE',  ( -1.100000000000000311, 0.1999999999999999833, -2.000000000000000000 ) ) ;
#9047 = ADVANCED_FACE ( 'NONE', ( #5486 ), #9518, .T. ) ;
#9048 = CARTESIAN_POINT ( 'NONE',  ( -1.166666666666666741, 0.6999999999999999556, -1.666666666666666519 ) ) ;
#9049 = ORIENTED_EDGE ( 'NONE', *, *, #4743, .T. ) ;
#9050 = DIRECTION ( 'NONE',  ( -1.000000000000000000, 0.000000000000000000, -0.000000000000000000 ) ) ;
#9051 = CARTESIAN_POINT ( 'NONE',  ( 1.099999999999999867, 0.1999999999999999833, -1.149999999999999689 ) ) ;
#9052 = CARTESIAN_POINT ( 'NONE',  ( 0.6500000000000003553, 0.05000000000000000278, 0.000000000000000000 ) ) ;
#9053 = DIRECTION ( 'NONE',  ( 0.000000000000000000, -0.000000000000000000, -1.000000000000000000 ) ) ;
#9054 = LINE ( 'NONE', #6325, #5659 ) ;
#9055 = VECTOR ( 'NONE', #6551, 1000.000000000000000 ) ;
#9056 = VECTOR ( 'NONE', #3052, 1000.000000000000000 ) ;
#9057 = LINE ( 'NONE', #3438, #2622 ) ;
#9058 = ORIENTED_EDGE ( 'NONE', *, *, #8785, .F. ) ;
#9059 = PLANE ( 'NONE',  #5173 ) ;
#9060 = DIRECTION ( 'NONE',  ( 0.000000000000000000, 0.000000000000000000, -1.000000000000000000 ) ) ;
#9061 = CARTESIAN_POINT ( 'NONE',  ( -0.1499999999999995226, 0.2000000000000000111, -1.600000000000000311 ) ) ;
#9062 = ORIENTED_EDGE ( 'NONE', *, *, #4068, .T. ) ;
#9063 = CARTESIAN_POINT ( 'NONE',  ( 1.099999999999999867, 0.000000000000000000, -0.8499999999999998668 ) ) ;
#9064 = CARTESIAN_POINT ( 'NONE',  ( 0.1500000000000003830, 0.1999999999999999833, -2.000000000000000000 ) ) ;
#9065 = AXIS2_PLACEMENT_3D ( 'NONE', #8119, #8820, #2198 ) ;
#9066 = CARTESIAN_POINT ( 'NONE',  ( 0.6500000000000003553, 0.1999999999999999833, -2.000000000000000000 ) ) ;
#9067 = VECTOR ( 'NONE', #4305, 1000.000000000000000 ) ;
#9068 = LINE ( 'NONE', #3200, #5771 ) ;
#9069 = DIRECTION ( 'NONE',  ( -1.000000000000000000, 0.000000000000000000, 0.000000000000000000 ) ) ;
#9070 = VECTOR ( 'NONE', #9510, 1000.000000000000000 ) ;
#9071 = FILL_AREA_STYLE ('',( #7593 ) ) ;
#9072 = ORIENTED_EDGE ( 'NONE', *, *, #4289, .T. ) ;
#9073 = CARTESIAN_POINT ( 'NONE',  ( 1.499999999999999778, 0.8000000000000003775, 2.000000000000000000 ) ) ;
#9074 = EDGE_CURVE ( 'NONE', #9482, #3080, #5354, .T. ) ;
#9075 = ORIENTED_EDGE ( 'NONE', *, *, #8513, .F. ) ;
#9076 = CARTESIAN_POINT ( 'NONE',  ( 1.099999999999999867, 0.05000000000000002359, -0.3499999999999998113 ) ) ;
#9077 = MANIFOLD_SOLID_BREP ( 'LPattern4[2]', #7204 ) ;
#9078 = AXIS2_PLACEMENT_3D ( 'NONE', #8388, #1664, #9037 ) ;
#9079 = EDGE_CURVE ( 'NONE', #5899, #5503, #2456, .T. ) ;
#9080 = PLANE ( 'NONE',  #5827 ) ;
#9081 = EDGE_CURVE ( 'NONE', #441, #6399, #8825, .T. ) ;
#9082 = EDGE_LOOP ( 'NONE', ( #584, #4060, #1342, #7484 ) ) ;
#9083 = CARTESIAN_POINT ( 'NONE',  ( 1.499999999999999778, 0.1250000000000000000, 1.600000000000000089 ) ) ;
#9084 = DIRECTION ( 'NONE',  ( -0.000000000000000000, -1.000000000000000000, -0.000000000000000000 ) ) ;
#9085 = VECTOR ( 'NONE', #8840, 1000.000000000000000 ) ;
#9086 = VECTOR ( 'NONE', #2796, 1000.000000000000000 ) ;
#9087 = EDGE_CURVE ( 'NONE', #3448, #1221, #2193, .T. ) ;
#9088 = VECTOR ( 'NONE', #891, 1000.000000000000000 ) ;
#9089 = VECTOR ( 'NONE', #2099, 1000.000000000000000 ) ;
#9090 = PLANE ( 'NONE',  #4052 ) ;
#9091 = PLANE ( 'NONE',  #4960 ) ;
#9092 = DIRECTION ( 'NONE',  ( 0.000000000000000000, 1.000000000000000000, 0.000000000000000000 ) ) ;
#9093 = EDGE_LOOP ( 'NONE', ( #8584, #6692, #1112, #5065 ) ) ;
#9094 = DIRECTION ( 'NONE',  ( 0.000000000000000000, -0.000000000000000000, -1.000000000000000000 ) ) ;
#9095 = ORIENTED_EDGE ( 'NONE', *, *, #1529, .F. ) ;
#9096 = EDGE_CURVE ( 'NONE', #3761, #6836, #2163, .T. ) ;
#9097 =( GEOMETRIC_REPRESENTATION_CONTEXT ( 3 ) GLOBAL_UNCERTAINTY_ASSIGNED_CONTEXT ( ( #3681 ) ) GLOBAL_UNIT_ASSIGNED_CONTEXT ( ( #3031, #5417, #2791 ) ) REPRESENTATION_CONTEXT ( 'NONE', 'WORKASPACE' ) );
#9098 = ORIENTED_EDGE ( 'NONE', *, *, #6299, .T. ) ;
#9099 = CARTESIAN_POINT ( 'NONE',  ( -0.8499999999999992006, 0.2000000000000000111, 1.600000000000000089 ) ) ;
#9100 = DIRECTION ( 'NONE',  ( 0.000000000000000000, -0.000000000000000000, 1.000000000000000000 ) ) ;
#9101 = EDGE_CURVE ( 'NONE', #1094, #4562, #8846, .T. ) ;
#9102 = PLANE ( 'NONE',  #5052 ) ;
#9103 = DIRECTION ( 'NONE',  ( 0.000000000000000000, 0.000000000000000000, 1.000000000000000000 ) ) ;
#9104 = EDGE_CURVE ( 'NONE', #6156, #3922, #2221, .T. ) ;
#9105 = FACE_OUTER_BOUND ( 'NONE', #7910, .T. ) ;
#9106 = ORIENTED_EDGE ( 'NONE', *, *, #5329, .F. ) ;
#9107 = AXIS2_PLACEMENT_3D ( 'NONE', #6827, #2374, #7792 ) ;
#9108 = ORIENTED_EDGE ( 'NONE', *, *, #8766, .F. ) ;
#9109 = PLANE ( 'NONE',  #4122 ) ;
#9110 = CARTESIAN_POINT ( 'NONE',  ( -0.8499999999999996447, 0.04999999999999999584, -2.000000000000000000 ) ) ;
#9111 = VERTEX_POINT ( 'NONE', #9064 ) ;
#9112 = CARTESIAN_POINT ( 'NONE',  ( 1.099999999999999867, 0.1999999999999999833, 1.150000000000000133 ) ) ;
#9113 = AXIS2_PLACEMENT_3D ( 'NONE', #8347, #173, #3169 ) ;
#9114 = PRODUCT_CONTEXT ( 'NONE', #3861, 'mechanical' ) ;
#9115 = DIRECTION ( 'NONE',  ( 0.000000000000000000, 0.000000000000000000, -1.000000000000000000 ) ) ;
#9116 = LINE ( 'NONE', #3676, #5854 ) ;
#9117 = ADVANCED_FACE ( 'NONE', ( #5443 ), #70, .F. ) ;
#9118 = EDGE_CURVE ( 'NONE', #3865, #350, #5609, .T. ) ;
#9119 = PRESENTATION_STYLE_ASSIGNMENT (( #8653 ) ) ;
#9120 = FACE_OUTER_BOUND ( 'NONE', #2872, .T. ) ;
#9121 = ORIENTED_EDGE ( 'NONE', *, *, #9074, .T. ) ;
#9122 = CARTESIAN_POINT ( 'NONE',  ( -0.6499999999999995781, 0.6472135954999580498, -2.000000000000000000 ) ) ;
#9123 = EDGE_LOOP ( 'NONE', ( #4256, #7309, #5404, #974 ) ) ;
#9124 = CARTESIAN_POINT ( 'NONE',  ( 1.499999999999999778, 6.599999999999999645, -2.000000000000000000 ) ) ;
#9125 = AXIS2_PLACEMENT_3D ( 'NONE', #8115, #1489, #8814 ) ;
#9126 = ADVANCED_FACE ( 'NONE', ( #2145 ), #8297, .F. ) ;
#9127 = ORIENTED_EDGE ( 'NONE', *, *, #5630, .F. ) ;
#9128 = CARTESIAN_POINT ( 'NONE',  ( 1.249999999999999334, 0.2000000000000013434, 1.732294901687515321 ) ) ;
#9129 = CARTESIAN_POINT ( 'NONE',  ( 1.099999999999999867, 0.6472135954999583829, -0.1499999999999997446 ) ) ;
#9130 = VECTOR ( 'NONE', #2242, 1000.000000000000000 ) ;
#9131 = CARTESIAN_POINT ( 'NONE',  ( -0.6499999999999995781, 0.2000000000000000111, -2.000000000000000000 ) ) ;
#9132 = VECTOR ( 'NONE', #5038, 1000.000000000000000 ) ;
#9133 = AXIS2_PLACEMENT_3D ( 'NONE', #3948, #4852, #127 ) ;
#9134 = SURFACE_SIDE_STYLE ('',( #1603 ) ) ;
#9135 = LINE ( 'NONE', #7781, #5695 ) ;
#9136 = ORIENTED_EDGE ( 'NONE', *, *, #6928, .F. ) ;
#9137 = EDGE_LOOP ( 'NONE', ( #3069, #9271, #8923, #5893 ) ) ;
#9138 = CARTESIAN_POINT ( 'NONE',  ( 1.099999999999999867, 0.6472135954999583829, -0.3499999999999998113 ) ) ;
#9139 = DIRECTION ( 'NONE',  ( -1.445602896647339163E-16, -0.000000000000000000, -1.000000000000000000 ) ) ;
#9140 = ORIENTED_EDGE ( 'NONE', *, *, #1952, .T. ) ;
#9141 = FILL_AREA_STYLE ('',( #4102 ) ) ;
#9142 = CARTESIAN_POINT ( 'NONE',  ( -0.8749999999999992228, -0.000000000000000000, -0.8750000000000018874 ) ) ;
#9143 = VECTOR ( 'NONE', #5049, 1000.000000000000000 ) ;
#9144 = LINE ( 'NONE', #4977, #2913 ) ;
#9145 = PRESENTATION_STYLE_ASSIGNMENT (( #9514 ) ) ;
#9146 = PLANE ( 'NONE',  #2377 ) ;
#9147 = VECTOR ( 'NONE', #5598, 1000.000000000000000 ) ;
#9148 = DIRECTION ( 'NONE',  ( -1.445602896647339163E-16, -0.000000000000000000, -1.000000000000000000 ) ) ;
#9149 = DIRECTION ( 'NONE',  ( 0.000000000000000000, 1.000000000000000000, -0.000000000000000000 ) ) ;
#9150 = VERTEX_POINT ( 'NONE', #8411 ) ;
#9151 = EDGE_LOOP ( 'NONE', ( #4133, #1610, #4125, #4793 ) ) ;
#9152 = SURFACE_STYLE_USAGE ( .BOTH. , #210 ) ;
#9153 = VERTEX_POINT ( 'NONE', #1690 ) ;
#9154 = CARTESIAN_POINT ( 'NONE',  ( 0.1500000000000003830, 0.2000000000000000111, -1.600000000000000089 ) ) ;
#9155 = DIRECTION ( 'NONE',  ( -0.000000000000000000, -1.000000000000000000, -0.000000000000000000 ) ) ;
#9156 = CARTESIAN_POINT ( 'NONE',  ( -1.099999999999999867, 0.6472135954999583829, 0.1500000000000001887 ) ) ;
#9157 = VECTOR ( 'NONE', #5242, 1000.000000000000000 ) ;
#9158 = VECTOR ( 'NONE', #6566, 1000.000000000000000 ) ;
#9159 = LINE ( 'NONE', #7760, #8922 ) ;
#9160 = LINE ( 'NONE', #4761, #2654 ) ;
#9161 = DIRECTION ( 'NONE',  ( -1.000000000000000000, 0.000000000000000000, 5.421010862427520198E-16 ) ) ;
#9162 = ORIENTED_EDGE ( 'NONE', *, *, #4289, .F. ) ;
#9163 = EDGE_LOOP ( 'NONE', ( #1013, #1294, #7656, #4938 ) ) ;
#9164 = AXIS2_PLACEMENT_3D ( 'NONE', #2667, #4244, #3658 ) ;
#9165 = CARTESIAN_POINT ( 'NONE',  ( 1.099999999999999867, 0.1999999999999999833, -0.6499999999999998002 ) ) ;
#9166 = PLANE ( 'NONE',  #5505 ) ;
#9167 = DIRECTION ( 'NONE',  ( -2.891205793294678326E-16, 0.000000000000000000, 1.000000000000000000 ) ) ;
#9168 = ORIENTED_EDGE ( 'NONE', *, *, #3149, .F. ) ;
#9169 = AXIS2_PLACEMENT_3D ( 'NONE', #2813, #2878, #463 ) ;
#9170 = EDGE_CURVE ( 'NONE', #5538, #5048, #2232, .T. ) ;
#9171 =( NAMED_UNIT ( * ) SI_UNIT ( $, .STERADIAN. ) SOLID_ANGLE_UNIT ( ) );
#9172 = CARTESIAN_POINT ( 'NONE',  ( 0.3500000000000004774, 0.6472135954999580498, -1.600000000000000311 ) ) ;
#9173 = VECTOR ( 'NONE', #8134, 1000.000000000000000 ) ;
#9174 = VECTOR ( 'NONE', #6744, 1000.000000000000000 ) ;
#9175 = ORIENTED_EDGE ( 'NONE', *, *, #6199, .F. ) ;
#9176 = CARTESIAN_POINT ( 'NONE',  ( 0.3500000000000010325, 0.000000000000000000, 2.000000000000000000 ) ) ;
#9177 = VERTEX_POINT ( 'NONE', #4568 ) ;
#9178 = DIRECTION ( 'NONE',  ( 0.000000000000000000, -0.000000000000000000, 1.000000000000000000 ) ) ;
#9179 = AXIS2_PLACEMENT_3D ( 'NONE', #4957, #6951, #5614 ) ;
#9180 = CARTESIAN_POINT ( 'NONE',  ( 0.7500000000000000000, 3.201666203960727319, -1.300000000000000266 ) ) ;
#9181 = EDGE_LOOP ( 'NONE', ( #3921, #7774, #4042, #4649 ) ) ;
#9182 = CARTESIAN_POINT ( 'NONE',  ( 1.099999999999999867, 0.6472135954999583829, -1.149999999999999689 ) ) ;
#9183 = EDGE_CURVE ( 'NONE', #3989, #8226, #5381, .T. ) ;
#9184 = PLANE ( 'NONE',  #970 ) ;
#9185 = COLOUR_RGB ( '',0.7921568627450980005, 0.8196078431372548767, 0.9333333333333333481 ) ;
#9186 = AXIS2_PLACEMENT_3D ( 'NONE', #2023, #5150, #2769 ) ;
#9187 = DIRECTION ( 'NONE',  ( 0.000000000000000000, -1.000000000000000000, 0.000000000000000000 ) ) ;
#9188 = FACE_OUTER_BOUND ( 'NONE', #1339, .T. ) ;
#9189 = ADVANCED_FACE ( 'NONE', ( #5638 ), #2392, .F. ) ;
#9190 = FACE_OUTER_BOUND ( 'NONE', #8916, .T. ) ;
#9191 = EDGE_CURVE ( 'NONE', #2569, #4239, #2116, .T. ) ;
#9192 = ORIENTED_EDGE ( 'NONE', *, *, #6396, .T. ) ;
#9193 = VERTEX_POINT ( 'NONE', #7586 ) ;
#9194 = FILL_AREA_STYLE_COLOUR ( '', #3159 ) ;
#9195 = EDGE_CURVE ( 'NONE', #6260, #8593, #5342, .T. ) ;
#9196 = CARTESIAN_POINT ( 'NONE',  ( 0.000000000000000000, 0.2000000000000000111, 0.000000000000000000 ) ) ;
#9197 = ORIENTED_EDGE ( 'NONE', *, *, #6786, .T. ) ;
#9198 = CARTESIAN_POINT ( 'NONE',  ( -1.500000000000000222, 0.1250000000000000000, 1.750000000000000000 ) ) ;
#9199 = CARTESIAN_POINT ( 'NONE',  ( -1.099999999999999867, 0.1999999999999999833, -0.8499999999999998668 ) ) ;
#9200 = DIRECTION ( 'NONE',  ( 1.000000000000000000, 0.000000000000000000, -2.710505431213761578E-16 ) ) ;
#9201 = FACE_OUTER_BOUND ( 'NONE', #6078, .T. ) ;
#9202 = EDGE_CURVE ( 'NONE', #4465, #975, #2387, .T. ) ;
#9203 = DIRECTION ( 'NONE',  ( 0.000000000000000000, -1.000000000000000000, 0.000000000000000000 ) ) ;
#9204 = AXIS2_PLACEMENT_3D ( 'NONE', #6837, #117, #9569 ) ;
#9205 = VECTOR ( 'NONE', #6092, 1000.000000000000000 ) ;
#9206 = DIRECTION ( 'NONE',  ( -1.084202172485501673E-15, 0.000000000000000000, 1.000000000000000000 ) ) ;
#9207 = EDGE_LOOP ( 'NONE', ( #8889, #8793, #6118, #8718 ) ) ;
#9208 = DIRECTION ( 'NONE',  ( 1.000000000000000000, 0.000000000000000000, -5.421010862427523156E-16 ) ) ;
#9209 = ORIENTED_EDGE ( 'NONE', *, *, #9427, .F. ) ;
#9210 = EDGE_CURVE ( 'NONE', #9401, #6892, #2304, .T. ) ;
#9211 = EDGE_LOOP ( 'NONE', ( #7153, #4574, #1808, #7895 ) ) ;
#9212 = EDGE_CURVE ( 'NONE', #3322, #671, #8753, .T. ) ;
#9213 = MECHANICAL_DESIGN_GEOMETRIC_PRESENTATION_REPRESENTATION (  '', ( #8534 ), #5333 ) ;
#9214 = DIRECTION ( 'NONE',  ( -1.000000000000000000, 0.000000000000000000, 5.421010862427520198E-16 ) ) ;
#9215 = FACE_OUTER_BOUND ( 'NONE', #8432, .T. ) ;
#9216 = FACE_OUTER_BOUND ( 'NONE', #2066, .T. ) ;
#9217 = CARTESIAN_POINT ( 'NONE',  ( -1.499999999999999778, 0.6472135954999583829, -0.8500000000000000888 ) ) ;
#9218 = VERTEX_POINT ( 'NONE', #8724 ) ;
#9219 = ORIENTED_EDGE ( 'NONE', *, *, #385, .T. ) ;
#9220 = PRODUCT_RELATED_PRODUCT_CATEGORY ( 'part', '', ( #5389 ) ) ;
#9221 = DIRECTION ( 'NONE',  ( 0.000000000000000000, 0.000000000000000000, -1.000000000000000000 ) ) ;
#9222 = ORIENTED_EDGE ( 'NONE', *, *, #7590, .T. ) ;
#9223 = EDGE_CURVE ( 'NONE', #3772, #4538, #8524, .T. ) ;
#9224 = CARTESIAN_POINT ( 'NONE',  ( -1.099999999999999867, 0.000000000000000000, 1.350000000000000311 ) ) ;
#9225 = CARTESIAN_POINT ( 'NONE',  ( 0.000000000000000000, 0.000000000000000000, 2.500000000000000000 ) ) ;
#9226 = VECTOR ( 'NONE', #5858, 1000.000000000000000 ) ;
#9227 = LINE ( 'NONE', #7824, #9466 ) ;
#9228 = LINE ( 'NONE', #8354, #9269 ) ;
#9229 = ORIENTED_EDGE ( 'NONE', *, *, #6712, .T. ) ;
#9230 = DIRECTION ( 'NONE',  ( -1.000000000000000000, 0.000000000000000000, -5.421010862427524019E-17 ) ) ;
#9231 = VERTEX_POINT ( 'NONE', #6470 ) ;
#9232 = DIRECTION ( 'NONE',  ( -0.000000000000000000, 1.000000000000000000, -0.000000000000000000 ) ) ;
#9233 = CARTESIAN_POINT ( 'NONE',  ( 1.499999999999999778, 0.1250000000000000000, 1.600000000000000089 ) ) ;
#9234 = MECHANICAL_DESIGN_GEOMETRIC_PRESENTATION_REPRESENTATION (  '', ( #3123 ), #1982 ) ;
#9235 = ORIENTED_EDGE ( 'NONE', *, *, #3307, .T. ) ;
#9236 = CARTESIAN_POINT ( 'NONE',  ( 1.500000000000000000, 0.000000000000000000, 0.8500000000000005329 ) ) ;
#9237 = VECTOR ( 'NONE', #7418, 1000.000000000000000 ) ;
#9238 = PLANE ( 'NONE',  #4792 ) ;
#9239 = CARTESIAN_POINT ( 'NONE',  ( 1.099999999999999867, 0.1999999999999999833, -0.8499999999999998668 ) ) ;
#9240 = VECTOR ( 'NONE', #9005, 1000.000000000000000 ) ;
#9241 = ADVANCED_FACE ( 'NONE', ( #8665 ), #8158, .F. ) ;
#9242 = EDGE_LOOP ( 'NONE', ( #946, #1764, #3953, #7557 ) ) ;
#9243 = ORIENTED_EDGE ( 'NONE', *, *, #4941, .F. ) ;
#9244 = CARTESIAN_POINT ( 'NONE',  ( 0.3500000000000009215, 0.2000000000000000111, 1.600000000000000311 ) ) ;
#9245 = VECTOR ( 'NONE', #5268, 1000.000000000000000 ) ;
#9246 = ADVANCED_FACE ( 'NONE', ( #2367 ), #2114, .T. ) ;
#9247 =( NAMED_UNIT ( * ) SI_UNIT ( $, .STERADIAN. ) SOLID_ANGLE_UNIT ( ) );
#9248 = ORIENTED_EDGE ( 'NONE', *, *, #1932, .F. ) ;
#9249 = EDGE_CURVE ( 'NONE', #1833, #5223, #5873, .T. ) ;
#9250 =( NAMED_UNIT ( * ) PLANE_ANGLE_UNIT ( ) SI_UNIT ( $, .RADIAN. ) );
#9251 = LINE ( 'NONE', #6148, #9295 ) ;
#9252 = FACE_OUTER_BOUND ( 'NONE', #211, .T. ) ;
#9253 = VECTOR ( 'NONE', #1888, 1000.000000000000000 ) ;
#9254 = ADVANCED_FACE ( 'NONE', ( #2712 ), #9363, .T. ) ;
#9255 = LINE ( 'NONE', #2251, #9431 ) ;
#9256 =( LENGTH_UNIT ( ) NAMED_UNIT ( * ) SI_UNIT ( .MILLI., .METRE. ) );
#9257 = CARTESIAN_POINT ( 'NONE',  ( 1.099999999999999867, 0.6472135954999583829, -1.149999999999999689 ) ) ;
#9258 = ORIENTED_EDGE ( 'NONE', *, *, #1731, .F. ) ;
#9259 = VERTEX_POINT ( 'NONE', #7180 ) ;
#9260 = LINE ( 'NONE', #2000, #2638 ) ;
#9261 = SURFACE_SIDE_STYLE ('',( #5710 ) ) ;
#9262 = VERTEX_POINT ( 'NONE', #5237 ) ;
#9263 = DIRECTION ( 'NONE',  ( 0.000000000000000000, -1.000000000000000000, 0.000000000000000000 ) ) ;
#9264 =( GEOMETRIC_REPRESENTATION_CONTEXT ( 3 ) GLOBAL_UNCERTAINTY_ASSIGNED_CONTEXT ( ( #5434 ) ) GLOBAL_UNIT_ASSIGNED_CONTEXT ( ( #2213, #7150, #5272 ) ) REPRESENTATION_CONTEXT ( 'NONE', 'WORKASPACE' ) );
#9265 = LINE ( 'NONE', #5367, #6264 ) ;
#9266 = SURFACE_STYLE_FILL_AREA ( #2771 ) ;
#9267 = DIRECTION ( 'NONE',  ( -1.084202172485501673E-15, -0.000000000000000000, 1.000000000000000000 ) ) ;
#9268 = FACE_OUTER_BOUND ( 'NONE', #5681, .T. ) ;
#9269 = VECTOR ( 'NONE', #6211, 1000.000000000000000 ) ;
#9270 = DIRECTION ( 'NONE',  ( -1.000000000000000000, 0.000000000000000000, -0.000000000000000000 ) ) ;
#9271 = ORIENTED_EDGE ( 'NONE', *, *, #9223, .F. ) ;
#9272 = ORIENTED_EDGE ( 'NONE', *, *, #9519, .T. ) ;
#9273 =( GEOMETRIC_REPRESENTATION_CONTEXT ( 3 ) GLOBAL_UNCERTAINTY_ASSIGNED_CONTEXT ( ( #5385 ) ) GLOBAL_UNIT_ASSIGNED_CONTEXT ( ( #8946, #2, #6158 ) ) REPRESENTATION_CONTEXT ( 'NONE', 'WORKASPACE' ) );
#9274 = EDGE_CURVE ( 'NONE', #6361, #362, #2476, .T. ) ;
#9275 = FILL_AREA_STYLE ('',( #7855 ) ) ;
#9276 = COLOUR_RGB ( '',1.000000000000000000, 0.5019607843137254832, 0.5019607843137254832 ) ;
#9277 = CARTESIAN_POINT ( 'NONE',  ( -1.099999999999999867, 0.1999999999999999833, -0.6499999999999998002 ) ) ;
#9278 = DIRECTION ( 'NONE',  ( -1.084202172485501673E-15, 0.000000000000000000, -1.000000000000000000 ) ) ;
#9279 = ORIENTED_EDGE ( 'NONE', *, *, #2247, .F. ) ;
#9280 = CARTESIAN_POINT ( 'NONE',  ( 1.499999999999999778, 0.6472135954999583829, 0.1499999999999999667 ) ) ;
#9281 = CARTESIAN_POINT ( 'NONE',  ( -0.7500000000000002220, 0.2000000000000000944, 1.299999999999999600 ) ) ;
#9282 = LINE ( 'NONE', #2877, #3059 ) ;
#9283 = CARTESIAN_POINT ( 'NONE',  ( 1.232294901687515543, 0.1999999999999999833, 1.750000000000000000 ) ) ;
#9284 = VERTEX_POINT ( 'NONE', #7967 ) ;
#9285 = CARTESIAN_POINT ( 'NONE',  ( 1.099999999999999423, 0.2000000000000011768, 1.899999999999999911 ) ) ;
#9286 = ORIENTED_EDGE ( 'NONE', *, *, #2939, .T. ) ;
#9287 = DIRECTION ( 'NONE',  ( -1.000000000000000000, -0.000000000000000000, -0.000000000000000000 ) ) ;
#9288 = PLANE ( 'NONE',  #7470 ) ;
#9289 = EDGE_CURVE ( 'NONE', #6881, #6406, #5783, .T. ) ;
#9290 = VECTOR ( 'NONE', #3729, 1000.000000000000000 ) ;
#9291 = AXIS2_PLACEMENT_3D ( 'NONE', #3399, #4142, #9463 ) ;
#9292 = ORIENTED_EDGE ( 'NONE', *, *, #2113, .F. ) ;
#9293 = EDGE_CURVE ( 'NONE', #6792, #1171, #2648, .T. ) ;
#9294 = DIRECTION ( 'NONE',  ( -1.000000000000000000, 0.000000000000000000, 1.084202172485501673E-15 ) ) ;
#9295 = VECTOR ( 'NONE', #3109, 1000.000000000000000 ) ;
#9296 = EDGE_CURVE ( 'NONE', #2210, #6186, #2549, .T. ) ;
#9297 = CARTESIAN_POINT ( 'NONE',  ( 1.099999999999999867, 0.6472135954999583829, 1.350000000000000311 ) ) ;
#9298 = EDGE_CURVE ( 'NONE', #8226, #3540, #5678, .T. ) ;
#9299 = EDGE_LOOP ( 'NONE', ( #9106, #2254, #9476, #8621 ) ) ;
#9300 = ORIENTED_EDGE ( 'NONE', *, *, #8477, .T. ) ;
#9301 = VECTOR ( 'NONE', #5567, 1000.000000000000000 ) ;
#9302 = FACE_OUTER_BOUND ( 'NONE', #7314, .T. ) ;
#9303 = CARTESIAN_POINT ( 'NONE',  ( -1.400000000000000133, 0.1250000000000000000, 1.600000000000000089 ) ) ;
#9304 = EDGE_CURVE ( 'NONE', #500, #4896, #2594, .T. ) ;
#9305 = VERTEX_POINT ( 'NONE', #8660 ) ;
#9306 = CARTESIAN_POINT ( 'NONE',  ( 0.7500000000000000000, 3.201666203960727319, -1.300000000000000266 ) ) ;
#9307 = STYLED_ITEM ( 'NONE', ( #2536 ), #2547 ) ;
#9308 = EDGE_CURVE ( 'NONE', #1192, #6820, #5658, .T. ) ;
#9309 = FACE_OUTER_BOUND ( 'NONE', #7491, .T. ) ;
#9310 = CARTESIAN_POINT ( 'NONE',  ( 1.499999999999999778, 0.1999999999999999833, 1.600000000000000089 ) ) ;
#9311 = EDGE_LOOP ( 'NONE', ( #5694, #6178, #6621, #3408 ) ) ;
#9312 = EDGE_LOOP ( 'NONE', ( #3343, #5927, #2822, #6732 ) ) ;
#9313 = AXIS2_PLACEMENT_3D ( 'NONE', #1806, #2710, #6954 ) ;
#9314 = DIRECTION ( 'NONE',  ( 1.000000000000000000, -0.000000000000000000, -0.000000000000000000 ) ) ;
#9315 = LINE ( 'NONE', #6022, #6304 ) ;
#9316 = ORIENTED_EDGE ( 'NONE', *, *, #4337, .T. ) ;
#9317 = CARTESIAN_POINT ( 'NONE',  ( -1.249999999999999778, 0.1999999999999999833, 2.000000000000000000 ) ) ;
#9318 = FACE_OUTER_BOUND ( 'NONE', #2469, .T. ) ;
#9319 = CARTESIAN_POINT ( 'NONE',  ( -1.099999999999999867, 0.000000000000000000, 1.150000000000000133 ) ) ;
#9320 = PRESENTATION_LAYER_ASSIGNMENT (  '', '', ( #3754 ) ) ;
#9321 = ADVANCED_FACE ( 'NONE', ( #5819 ), #4399, .F. ) ;
#9322 = PRODUCT_DEFINITION_CONTEXT ( 'detailed design', #8002, 'design' ) ;
#9323 = COLOUR_RGB ( '',1.000000000000000000, 0.5019607843137254832, 0.5019607843137254832 ) ;
#9324 = CARTESIAN_POINT ( 'NONE',  ( -1.166666666666666741, 0.6999999999999999556, -1.516666666666666607 ) ) ;
#9325 = PLANE ( 'NONE',  #2972 ) ;
#9326 = ORIENTED_EDGE ( 'NONE', *, *, #279, .T. ) ;
#9327 = ORIENTED_EDGE ( 'NONE', *, *, #9341, .T. ) ;
#9328 = DIRECTION ( 'NONE',  ( 1.000000000000000000, -0.000000000000000000, 0.000000000000000000 ) ) ;
#9329 = LINE ( 'NONE', #2605, #2978 ) ;
#9330 = ORIENTED_EDGE ( 'NONE', *, *, #2727, .F. ) ;
#9331 =( LENGTH_UNIT ( ) NAMED_UNIT ( * ) SI_UNIT ( .MILLI., .METRE. ) );
#9332 = VERTEX_POINT ( 'NONE', #9373 ) ;
#9333 = DIRECTION ( 'NONE',  ( -1.000000000000000000, 0.000000000000000000, 1.084202172485504040E-15 ) ) ;
#9334 = DIRECTION ( 'NONE',  ( -0.000000000000000000, 0.000000000000000000, 1.000000000000000000 ) ) ;
#9335 = CARTESIAN_POINT ( 'NONE',  ( -0.1499999999999988842, 0.1999999999999996503, 2.000000000000000000 ) ) ;
#9336 = ORIENTED_EDGE ( 'NONE', *, *, #6974, .T. ) ;
#9337 = DIRECTION ( 'NONE',  ( -2.710505431213763057E-16, -0.000000000000000000, -1.000000000000000000 ) ) ;
#9338 = VERTEX_POINT ( 'NONE', #4480 ) ;
#9339 = EDGE_CURVE ( 'NONE', #8640, #5937, #5794, .T. ) ;
#9340 = FILL_AREA_STYLE_COLOUR ( '', #8845 ) ;
#9341 = EDGE_CURVE ( 'NONE', #5223, #4702, #8877, .T. ) ;
#9342 = FACE_OUTER_BOUND ( 'NONE', #9312, .T. ) ;
#9343 = DIRECTION ( 'NONE',  ( -0.000000000000000000, -1.000000000000000000, -0.000000000000000000 ) ) ;
#9344 = ORIENTED_EDGE ( 'NONE', *, *, #7738, .T. ) ;
#9345 = UNCERTAINTY_MEASURE_WITH_UNIT (LENGTH_MEASURE( 1.000000000000000082E-05 ), #4412, 'distance_accuracy_value', 'NONE');
#9346 = PLANE ( 'NONE',  #7049 ) ;
#9347 = CARTESIAN_POINT ( 'NONE',  ( 1.099999999999999867, 0.000000000000000000, -1.149999999999999689 ) ) ;
#9348 = LINE ( 'NONE', #1886, #5902 ) ;
#9349 = CARTESIAN_POINT ( 'NONE',  ( -1.499999999999999778, 0.04999999999999969746, -0.3500000000000000333 ) ) ;
#9350 = VECTOR ( 'NONE', #3179, 1000.000000000000000 ) ;
#9351 = DIRECTION ( 'NONE',  ( 0.000000000000000000, -1.000000000000000000, 0.000000000000000000 ) ) ;
#9352 = VERTEX_POINT ( 'NONE', #4553 ) ;
#9353 = ORIENTED_EDGE ( 'NONE', *, *, #4358, .F. ) ;
#9354 = CARTESIAN_POINT ( 'NONE',  ( 0.5000000000000000000, 0.000000000000000000, 0.000000000000000000 ) ) ;
#9355 = LINE ( 'NONE', #6222, #6258 ) ;
#9356 = VECTOR ( 'NONE', #3926, 1000.000000000000000 ) ;
#9357 = DIRECTION ( 'NONE',  ( 0.000000000000000000, 0.000000000000000000, -1.000000000000000000 ) ) ;
#9358 = ORIENTED_EDGE ( 'NONE', *, *, #7316, .F. ) ;
#9359 = DIRECTION ( 'NONE',  ( -1.000000000000000000, 0.000000000000000000, 1.445602896647339163E-16 ) ) ;
#9360 = FACE_OUTER_BOUND ( 'NONE', #6131, .T. ) ;
#9361 = COLOUR_RGB ( '',1.000000000000000000, 0.5019607843137254832, 0.5019607843137254832 ) ;
#9362 = VECTOR ( 'NONE', #3798, 1000.000000000000000 ) ;
#9363 = PLANE ( 'NONE',  #3994 ) ;
#9364 = CARTESIAN_POINT ( 'NONE',  ( -1.166666666666666741, 0.6999999999999999556, -1.516666666666666607 ) ) ;
#9365 = DIRECTION ( 'NONE',  ( 0.000000000000000000, 0.000000000000000000, -1.000000000000000000 ) ) ;
#9366 = EDGE_LOOP ( 'NONE', ( #1044, #7037, #6577, #2080 ) ) ;
#9367 = VERTEX_POINT ( 'NONE', #1478 ) ;
#9368 = LINE ( 'NONE', #370, #9454 ) ;
#9369 = CARTESIAN_POINT ( 'NONE',  ( -1.500000000000000222, 0.1250000000000000000, -1.750000000000000000 ) ) ;
#9370 = AXIS2_PLACEMENT_3D ( 'NONE', #6113, #5337, #8371 ) ;
#9371 = ORIENTED_EDGE ( 'NONE', *, *, #7803, .F. ) ;
#9372 = ORIENTED_EDGE ( 'NONE', *, *, #7160, .T. ) ;
#9373 = CARTESIAN_POINT ( 'NONE',  ( -0.8499999999999996447, 0.1999999999999999833, -2.000000000000000000 ) ) ;
#9374 = CARTESIAN_POINT ( 'NONE',  ( 0.7500000000000000000, 3.201666203960727319, 1.300000000000000044 ) ) ;
#9375 = CARTESIAN_POINT ( 'NONE',  ( 1.499999999999999778, 0.000000000000000000, -0.3500000000000000333 ) ) ;
#9376 = MANIFOLD_SOLID_BREP ( 'Boss-Extrude7[1]', #3940 ) ;
#9377 =( GEOMETRIC_REPRESENTATION_CONTEXT ( 3 ) GLOBAL_UNCERTAINTY_ASSIGNED_CONTEXT ( ( #8671 ) ) GLOBAL_UNIT_ASSIGNED_CONTEXT ( ( #4085, #2535, #4965 ) ) REPRESENTATION_CONTEXT ( 'NONE', 'WORKASPACE' ) );
#9378 = EDGE_CURVE ( 'NONE', #1067, #526, #5808, .T. ) ;
#9379 = PRESENTATION_STYLE_ASSIGNMENT (( #1424 ) ) ;
#9380 = DIRECTION ( 'NONE',  ( -0.000000000000000000, 1.000000000000000000, -0.000000000000000000 ) ) ;
#9381 = FILL_AREA_STYLE_COLOUR ( '', #3093 ) ;
#9382 = ORIENTED_EDGE ( 'NONE', *, *, #5670, .F. ) ;
#9383 = VERTEX_POINT ( 'NONE', #5958 ) ;
#9384 = CARTESIAN_POINT ( 'NONE',  ( -1.100000000000000311, 0.1250000000000000000, -1.732294901687515321 ) ) ;
#9385 = CARTESIAN_POINT ( 'NONE',  ( -0.1499999999999995226, 0.000000000000000000, -1.600000000000000311 ) ) ;
#9386 = ORIENTED_EDGE ( 'NONE', *, *, #2669, .F. ) ;
#9387 = EDGE_CURVE ( 'NONE', #2179, #5883, #2665, .T. ) ;
#9388 = PLANE ( 'NONE',  #747 ) ;
#9389 = ADVANCED_FACE ( 'NONE', ( #2565 ), #52, .T. ) ;
#9390 = ORIENTED_EDGE ( 'NONE', *, *, #5227, .T. ) ;
#9391 = DIRECTION ( 'NONE',  ( 2.710505431213763550E-16, 0.000000000000000000, 1.000000000000000000 ) ) ;
#9392 = CARTESIAN_POINT ( 'NONE',  ( 1.099999999999999423, 0.1250000000000011935, -2.000000000000000000 ) ) ;
#9393 = UNCERTAINTY_MEASURE_WITH_UNIT (LENGTH_MEASURE( 1.000000000000000082E-05 ), #4418, 'distance_accuracy_value', 'NONE');
#9394 =( NAMED_UNIT ( * ) PLANE_ANGLE_UNIT ( ) SI_UNIT ( $, .RADIAN. ) );
#9395 = EDGE_CURVE ( 'NONE', #1129, #768, #5934, .T. ) ;
#9396 = ADVANCED_FACE ( 'NONE', ( #8948 ), #2990, .F. ) ;
#9397 = CARTESIAN_POINT ( 'NONE',  ( 1.232294901687515543, 0.1999999999999999833, 1.600000000000000089 ) ) ;
#9398 = AXIS2_PLACEMENT_3D ( 'NONE', #4274, #5193, #4341 ) ;
#9399 = VERTEX_POINT ( 'NONE', #8804 ) ;
#9400 = EDGE_CURVE ( 'NONE', #5438, #2604, #2631, .T. ) ;
#9401 = VERTEX_POINT ( 'NONE', #3493 ) ;
#9402 = DIRECTION ( 'NONE',  ( -1.000000000000000000, 0.000000000000000000, 1.084202172485504040E-15 ) ) ;
#9403 = DIRECTION ( 'NONE',  ( -0.000000000000000000, -1.000000000000000000, -0.000000000000000000 ) ) ;
#9404 = FACE_OUTER_BOUND ( 'NONE', #4599, .T. ) ;
#9405 = EDGE_CURVE ( 'NONE', #6893, #5596, #2680, .T. ) ;
#9406 = LINE ( 'NONE', #8934, #6176 ) ;
#9407 = SURFACE_STYLE_USAGE ( .BOTH. , #601 ) ;
#9408 = EDGE_LOOP ( 'NONE', ( #8063, #7997, #1263, #988 ) ) ;
#9409 = EDGE_CURVE ( 'NONE', #1497, #559, #9413, .T. ) ;
#9410 = DIRECTION ( 'NONE',  ( 0.000000000000000000, -0.000000000000000000, 1.000000000000000000 ) ) ;
#9411 = AXIS2_PLACEMENT_3D ( 'NONE', #6695, #1781, #7473 ) ;
#9412 = CARTESIAN_POINT ( 'NONE',  ( 1.399999999999999689, 0.1999999999999999833, -1.750000000000000000 ) ) ;
#9413 = LINE ( 'NONE', #6541, #2814 ) ;
#9414 = CARTESIAN_POINT ( 'NONE',  ( -1.500000000000000222, 0.1999999999999999833, 1.600000000000000089 ) ) ;
#9415 = DIRECTION ( 'NONE',  ( 2.710505431213763057E-16, 0.000000000000000000, 1.000000000000000000 ) ) ;
#9416 = FACE_OUTER_BOUND ( 'NONE', #8850, .T. ) ;
#9417 = DIRECTION ( 'NONE',  ( -5.421010862427520198E-16, 0.000000000000000000, -1.000000000000000000 ) ) ;
#9418 = VECTOR ( 'NONE', #2048, 1000.000000000000000 ) ;
#9419 = ORIENTED_EDGE ( 'NONE', *, *, #7984, .T. ) ;
#9420 = ORIENTED_EDGE ( 'NONE', *, *, #8766, .T. ) ;
#9421 = FILL_AREA_STYLE ('',( #1987 ) ) ;
#9422 = LINE ( 'NONE', #130, #3032 ) ;
#9423 = EDGE_LOOP ( 'NONE', ( #5528, #2645, #4805, #1926 ) ) ;
#9424 =( GEOMETRIC_REPRESENTATION_CONTEXT ( 3 ) GLOBAL_UNCERTAINTY_ASSIGNED_CONTEXT ( ( #5831 ) ) GLOBAL_UNIT_ASSIGNED_CONTEXT ( ( #8473, #720, #867 ) ) REPRESENTATION_CONTEXT ( 'NONE', 'WORKASPACE' ) );
#9425 = DIRECTION ( 'NONE',  ( 0.000000000000000000, -1.000000000000000000, 0.000000000000000000 ) ) ;
#9426 = VERTEX_POINT ( 'NONE', #7345 ) ;
#9427 = EDGE_CURVE ( 'NONE', #5048, #8618, #6057, .T. ) ;
#9428 = FILL_AREA_STYLE_COLOUR ( '', #2465 ) ;
#9429 = LINE ( 'NONE', #4334, #6013 ) ;
#9430 = AXIS2_PLACEMENT_3D ( 'NONE', #411, #7213, #587 ) ;
#9431 = VECTOR ( 'NONE', #8744, 1000.000000000000000 ) ;
#9432 = SURFACE_SIDE_STYLE ('',( #2288 ) ) ;
#9433 = PLANE ( 'NONE',  #4942 ) ;
#9434 = VECTOR ( 'NONE', #9007, 1000.000000000000000 ) ;
#9435 = DIRECTION ( 'NONE',  ( 5.421010862427523156E-16, -0.000000000000000000, 1.000000000000000000 ) ) ;
#9436 = ORIENTED_EDGE ( 'NONE', *, *, #3968, .T. ) ;
#9437 = EDGE_LOOP ( 'NONE', ( #1790, #8699, #1684, #2452 ) ) ;
#9438 = LINE ( 'NONE', #3929, #9517 ) ;
#9439 =( GEOMETRIC_REPRESENTATION_CONTEXT ( 3 ) GLOBAL_UNCERTAINTY_ASSIGNED_CONTEXT ( ( #3802 ) ) GLOBAL_UNIT_ASSIGNED_CONTEXT ( ( #8147, #5035, #2101 ) ) REPRESENTATION_CONTEXT ( 'NONE', 'WORKASPACE' ) );
#9440 = VERTEX_POINT ( 'NONE', #8935 ) ;
#9441 = CARTESIAN_POINT ( 'NONE',  ( 1.099999999999999867, 0.6472135954999583829, 0.8500000000000003109 ) ) ;
#9442 = CARTESIAN_POINT ( 'NONE',  ( 1.249999999999998890, 0.2000000000000013434, -1.899999999999999911 ) ) ;
#9443 = DIRECTION ( 'NONE',  ( 0.000000000000000000, -1.000000000000000000, 0.000000000000000000 ) ) ;
#9444 = VECTOR ( 'NONE', #3227, 1000.000000000000000 ) ;
#9445 = DIRECTION ( 'NONE',  ( 0.000000000000000000, 1.000000000000000000, 0.000000000000000000 ) ) ;
#9446 = LINE ( 'NONE', #8404, #9205 ) ;
#9447 = CARTESIAN_POINT ( 'NONE',  ( 1.099999999999999867, 0.6472135954999583829, -0.8499999999999998668 ) ) ;
#9448 = CARTESIAN_POINT ( 'NONE',  ( -1.249999999999999778, 0.1999999999999999833, 2.000000000000000000 ) ) ;
#9449 = LINE ( 'NONE', #1093, #6296 ) ;
#9450 = ORIENTED_EDGE ( 'NONE', *, *, #6718, .F. ) ;
#9451 = VERTEX_POINT ( 'NONE', #773 ) ;
#9452 =( NAMED_UNIT ( * ) PLANE_ANGLE_UNIT ( ) SI_UNIT ( $, .RADIAN. ) );
#9453 = CARTESIAN_POINT ( 'NONE',  ( -1.499999999999999778, 0.6472135954999583829, -0.8500000000000000888 ) ) ;
#9454 = VECTOR ( 'NONE', #1388, 1000.000000000000000 ) ;
#9455 = DIRECTION ( 'NONE',  ( 0.000000000000000000, -1.000000000000000000, 0.000000000000000000 ) ) ;
#9456 = ORIENTED_EDGE ( 'NONE', *, *, #489, .T. ) ;
#9457 = CARTESIAN_POINT ( 'NONE',  ( 1.500000000000000000, 0.6472135954999583829, 1.350000000000000533 ) ) ;
#9458 = VERTEX_POINT ( 'NONE', #6593 ) ;
#9459 = ADVANCED_FACE ( 'NONE', ( #9318 ), #7262, .F. ) ;
#9460 = CARTESIAN_POINT ( 'NONE',  ( -0.6499999999999995781, 0.2000000000000000111, -1.600000000000000311 ) ) ;
#9461 = FACE_OUTER_BOUND ( 'NONE', #8087, .T. ) ;
#9462 = CARTESIAN_POINT ( 'NONE',  ( -6.234162491791650496E-16, 0.05000000000000000278, -1.150000000000000355 ) ) ;
#9463 = DIRECTION ( 'NONE',  ( -0.000000000000000000, 0.000000000000000000, -1.000000000000000000 ) ) ;
#9464 = EDGE_CURVE ( 'NONE', #4196, #4909, #9429, .T. ) ;
#9465 = ADVANCED_FACE ( 'NONE', ( #9360 ), #8876, .T. ) ;
#9466 = VECTOR ( 'NONE', #3197, 1000.000000000000000 ) ;
#9467 = ORIENTED_EDGE ( 'NONE', *, *, #4214, .T. ) ;
#9468 = CARTESIAN_POINT ( 'NONE',  ( 0.5000000000000000000, 0.2000000000000000111, 0.000000000000000000 ) ) ;
#9469 = ORIENTED_EDGE ( 'NONE', *, *, #3075, .F. ) ;
#9470 = DIRECTION ( 'NONE',  ( 0.000000000000000000, -1.000000000000000000, 0.000000000000000000 ) ) ;
#9471 = UNCERTAINTY_MEASURE_WITH_UNIT (LENGTH_MEASURE( 1.000000000000000082E-05 ), #2996, 'distance_accuracy_value', 'NONE');
#9472 = CARTESIAN_POINT ( 'NONE',  ( 1.099999999999999867, 0.05000000000000002359, -0.6499999999999998002 ) ) ;
#9473 = DIRECTION ( 'NONE',  ( -2.710505431213761578E-16, 0.000000000000000000, -1.000000000000000000 ) ) ;
#9474 = ORIENTED_EDGE ( 'NONE', *, *, #2632, .F. ) ;
#9475 = CARTESIAN_POINT ( 'NONE',  ( -1.099999999999999867, 0.1999999999999999833, 1.899999999999999911 ) ) ;
#9476 = ORIENTED_EDGE ( 'NONE', *, *, #9308, .T. ) ;
#9477 = CARTESIAN_POINT ( 'NONE',  ( 0.000000000000000000, 0.000000000000000000, 0.5000000000000000000 ) ) ;
#9478 = FILL_AREA_STYLE_COLOUR ( '', #4181 ) ;
#9479 = FILL_AREA_STYLE_COLOUR ( '', #4567 ) ;
#9480 = FILL_AREA_STYLE ('',( #1461 ) ) ;
#9481 = VECTOR ( 'NONE', #1768, 1000.000000000000000 ) ;
#9482 = VERTEX_POINT ( 'NONE', #2519 ) ;
#9483 = VERTEX_POINT ( 'NONE', #351 ) ;
#9484 = EDGE_CURVE ( 'NONE', #1371, #7522, #6139, .T. ) ;
#9485 = AXIS2_PLACEMENT_3D ( 'NONE', #3426, #4171, #1535 ) ;
#9486 = VECTOR ( 'NONE', #8304, 1000.000000000000000 ) ;
#9487 = ORIENTED_EDGE ( 'NONE', *, *, #72, .F. ) ;
#9488 = ADVANCED_FACE ( 'NONE', ( #3039 ), #991, .T. ) ;
#9489 = ORIENTED_EDGE ( 'NONE', *, *, #1390, .F. ) ;
#9490 = CARTESIAN_POINT ( 'NONE',  ( 1.499999999999999778, 0.8000000000000003775, -2.000000000000000000 ) ) ;
#9491 = CARTESIAN_POINT ( 'NONE',  ( -0.8499999999999992006, 0.2000000000000000111, 1.600000000000000089 ) ) ;
#9492 = AXIS2_PLACEMENT_3D ( 'NONE', #7777, #2006, #8498 ) ;
#9493 = LINE ( 'NONE', #6509, #3138 ) ;
#9494 = CARTESIAN_POINT ( 'NONE',  ( 1.500000000000000000, 0.000000000000000000, 1.350000000000000533 ) ) ;
#9495 = CARTESIAN_POINT ( 'NONE',  ( 1.500000000000000000, 0.1999999999999999833, 1.350000000000000533 ) ) ;
#9496 = VERTEX_POINT ( 'NONE', #1908 ) ;
#9497 = EDGE_LOOP ( 'NONE', ( #8152, #1142, #4524, #4571 ) ) ;
#9498 = EDGE_CURVE ( 'NONE', #7408, #5248, #2898, .T. ) ;
#9499 = VECTOR ( 'NONE', #2844, 1000.000000000000000 ) ;
#9500 = DIRECTION ( 'NONE',  ( -1.000000000000000000, 0.000000000000000000, 2.710505431213763550E-16 ) ) ;
#9501 = ORIENTED_EDGE ( 'NONE', *, *, #5304, .F. ) ;
#9502 = MECHANICAL_DESIGN_GEOMETRIC_PRESENTATION_REPRESENTATION (  '', ( #6821 ), #1840 ) ;
#9503 = ORIENTED_EDGE ( 'NONE', *, *, #8430, .T. ) ;
#9504 = EDGE_CURVE ( 'NONE', #5662, #6892, #3073, .T. ) ;
#9505 = CARTESIAN_POINT ( 'NONE',  ( -1.500000000000000222, 0.1250000000000000000, 1.750000000000000000 ) ) ;
#9506 = PLANE ( 'NONE',  #3684 ) ;
#9507 =( NAMED_UNIT ( * ) SI_UNIT ( $, .STERADIAN. ) SOLID_ANGLE_UNIT ( ) );
#9508 = EDGE_CURVE ( 'NONE', #7699, #4881, #9251, .T. ) ;
#9509 = LINE ( 'NONE', #4961, #3286 ) ;
#9510 = DIRECTION ( 'NONE',  ( 1.000000000000000000, -0.000000000000000000, -1.084202172485504040E-15 ) ) ;
#9511 = LINE ( 'NONE', #5882, #6059 ) ;
#9512 = ORIENTED_EDGE ( 'NONE', *, *, #9289, .T. ) ;
#9513 = VERTEX_POINT ( 'NONE', #4005 ) ;
#9514 = SURFACE_STYLE_USAGE ( .BOTH. , #780 ) ;
#9515 = FACE_OUTER_BOUND ( 'NONE', #5825, .T. ) ;
#9516 = CARTESIAN_POINT ( 'NONE',  ( -1.499999999999999778, 0.04999999999999969746, 0.1499999999999999667 ) ) ;
#9517 = VECTOR ( 'NONE', #7646, 1000.000000000000000 ) ;
#9518 = PLANE ( 'NONE',  #5225 ) ;
#9519 = EDGE_CURVE ( 'NONE', #3761, #4024, #6236, .T. ) ;
#9520 = VERTEX_POINT ( 'NONE', #4699 ) ;
#9521 = PRESENTATION_LAYER_ASSIGNMENT (  '', '', ( #2289 ) ) ;
#9522 = DIRECTION ( 'NONE',  ( -5.782411586589358822E-15, 1.000000000000000000, 0.000000000000000000 ) ) ;
#9523 = DIRECTION ( 'NONE',  ( 1.000000000000000000, 0.000000000000000000, 5.421010862427523156E-16 ) ) ;
#9524 = EDGE_CURVE ( 'NONE', #6156, #7448, #9265, .T. ) ;
#9525 = LINE ( 'NONE', #1448, #6433 ) ;
#9526 = VECTOR ( 'NONE', #5350, 1000.000000000000000 ) ;
#9527 = EDGE_CURVE ( 'NONE', #3362, #2977, #6168, .T. ) ;
#9528 = LINE ( 'NONE', #6584, #3172 ) ;
#9529 = EDGE_LOOP ( 'NONE', ( #7338, #6950, #4154, #7242 ) ) ;
#9530 = DIRECTION ( 'NONE',  ( -1.000000000000000000, 0.000000000000000000, -0.000000000000000000 ) ) ;
#9531 = EDGE_LOOP ( 'NONE', ( #5613, #3392, #6020, #3312 ) ) ;
#9532 = CARTESIAN_POINT ( 'NONE',  ( 1.499999999999999778, 0.6472135954999583829, 0.1499999999999999667 ) ) ;
#9533 = DIRECTION ( 'NONE',  ( 1.000000000000000000, 0.000000000000000000, 2.891205793294678326E-16 ) ) ;
#9534 = PLANE ( 'NONE',  #1748 ) ;
#9535 = DIRECTION ( 'NONE',  ( 1.000000000000000000, -0.000000000000000000, -1.084202172485504040E-15 ) ) ;
#9536 = MECHANICAL_DESIGN_GEOMETRIC_PRESENTATION_REPRESENTATION (  '', ( #874 ), #8221 ) ;
#9537 = LINE ( 'NONE', #3225, #2950 ) ;
#9538 = DIRECTION ( 'NONE',  ( -1.084202172485501673E-15, 0.000000000000000000, -1.000000000000000000 ) ) ;
#9539 = EDGE_LOOP ( 'NONE', ( #8046, #4953, #7409, #3774 ) ) ;
#9540 = ADVANCED_FACE ( 'NONE', ( #9461 ), #8993, .F. ) ;
#9541 = DIRECTION ( 'NONE',  ( 0.000000000000000000, 0.000000000000000000, 1.000000000000000000 ) ) ;
#9542 = CARTESIAN_POINT ( 'NONE',  ( 0.1500000000000003830, 0.6472135954999580498, -1.600000000000000089 ) ) ;
#9543 = CARTESIAN_POINT ( 'NONE',  ( 1.099999999999999867, 0.1250000000000011935, 2.000000000000000000 ) ) ;
#9544 =( GEOMETRIC_REPRESENTATION_CONTEXT ( 3 ) GLOBAL_UNCERTAINTY_ASSIGNED_CONTEXT ( ( #5203 ) ) GLOBAL_UNIT_ASSIGNED_CONTEXT ( ( #1609, #2740, #3432 ) ) REPRESENTATION_CONTEXT ( 'NONE', 'WORKASPACE' ) );
#9545 =( LENGTH_UNIT ( ) NAMED_UNIT ( * ) SI_UNIT ( .MILLI., .METRE. ) );
#9546 = EDGE_CURVE ( 'NONE', #511, #2253, #6106, .T. ) ;
#9547 = FACE_OUTER_BOUND ( 'NONE', #5331, .T. ) ;
#9548 = ORIENTED_EDGE ( 'NONE', *, *, #6396, .F. ) ;
#9549 = VECTOR ( 'NONE', #1762, 1000.000000000000000 ) ;
#9550 = VECTOR ( 'NONE', #3859, 1000.000000000000000 ) ;
#9551 = MECHANICAL_DESIGN_GEOMETRIC_PRESENTATION_REPRESENTATION (  '', ( #4997 ), #3210 ) ;
#9552 = ORIENTED_EDGE ( 'NONE', *, *, #9405, .T. ) ;
#9553 = DIRECTION ( 'NONE',  ( -1.445602896647339163E-16, 0.000000000000000000, -1.000000000000000000 ) ) ;
#9554 = ADVANCED_FACE ( 'NONE', ( #6180 ), #3930, .T. ) ;
#9555 = PRESENTATION_STYLE_ASSIGNMENT (( #9407 ) ) ;
#9556 = AXIS2_PLACEMENT_3D ( 'NONE', #5364, #9435, #8338 ) ;
#9557 =( NAMED_UNIT ( * ) SI_UNIT ( $, .STERADIAN. ) SOLID_ANGLE_UNIT ( ) );
#9558 = CARTESIAN_POINT ( 'NONE',  ( -1.099999999999999867, 0.6472135954999583829, -0.1499999999999997446 ) ) ;
#9559 = LINE ( 'NONE', #2608, #9481 ) ;
#9560 = DIRECTION ( 'NONE',  ( 0.000000000000000000, -0.000000000000000000, 1.000000000000000000 ) ) ;
#9561 = VERTEX_POINT ( 'NONE', #1735 ) ;
#9562 = DIRECTION ( 'NONE',  ( 1.000000000000000000, 0.000000000000000000, 0.000000000000000000 ) ) ;
#9563 = VECTOR ( 'NONE', #2002, 1000.000000000000000 ) ;
#9564 = ORIENTED_EDGE ( 'NONE', *, *, #8984, .T. ) ;
#9565 = CARTESIAN_POINT ( 'NONE',  ( -1.500000000000000000, 0.1999999999999999833, 1.350000000000000533 ) ) ;
#9566 = FILL_AREA_STYLE ('',( #1553 ) ) ;
#9567 = DIRECTION ( 'NONE',  ( 0.000000000000000000, 1.000000000000000000, 0.000000000000000000 ) ) ;
#9568 = DIRECTION ( 'NONE',  ( 0.000000000000000000, -1.000000000000000000, 0.000000000000000000 ) ) ;
#9569 = DIRECTION ( 'NONE',  ( -2.710505431213761578E-16, 0.000000000000000000, -1.000000000000000000 ) ) ;
#9570 = VECTOR ( 'NONE', #4185, 1000.000000000000000 ) ;
#9571 = DIRECTION ( 'NONE',  ( -1.000000000000000000, 0.000000000000000000, 0.000000000000000000 ) ) ;
#9572 = VECTOR ( 'NONE', #6915, 1000.000000000000000 ) ;
#9573 = ORIENTED_EDGE ( 'NONE', *, *, #3694, .T. ) ;
#9574 = CARTESIAN_POINT ( 'NONE',  ( 0.6500000000000003553, 0.2000000000000000111, -1.600000000000000089 ) ) ;
ENDSEC;
END-ISO-10303-21;
