ISO-10303-21;
HEADER;
FILE_DESCRIPTION (( 'STEP AP214' ),
    '1' );
FILE_NAME ('2328702-6.STEP',
    '2023-07-01T05:07:49',
    ( '' ),
    ( '' ),
    'SwSTEP 2.0',
    'SolidWorks 2021',
    '' );
FILE_SCHEMA (( 'AUTOMOTIVE_DESIGN' ));
ENDSEC;

DATA;
#1 = LINE ( 'NONE', #5276, #11351 ) ;
#2 = CLOSED_SHELL ( 'NONE', ( #4960, #2512, #1561, #10569, #1178, #532, #5688, #1993, #11244, #10325, #5071, #1065, #245 ) ) ;
#3 = LINE ( 'NONE', #3650, #1954 ) ;
#4 = ORIENTED_EDGE ( 'NONE', *, *, #3005, .F. ) ;
#5 = ORIENTED_EDGE ( 'NONE', *, *, #9404, .F. ) ;
#6 = CARTESIAN_POINT ( 'NONE',  ( 0.9311552812808830959, 1.050000000000000044, -0.7599999999999995648 ) ) ;
#7 = DIRECTION ( 'NONE',  ( 0.5547001962252284812, 0.000000000000000000, -0.8320502943378440541 ) ) ;
#8 = CYLINDRICAL_SURFACE ( 'NONE', #9591, 0.05000000000003655687 ) ;
#9 = ORIENTED_EDGE ( 'NONE', *, *, #11171, .F. ) ;
#10 = CARTESIAN_POINT ( 'NONE',  ( -0.1750000000000000167, 0.6899768362638436514, 2.505000000000000338 ) ) ;
#11 = ORIENTED_EDGE ( 'NONE', *, *, #3585, .T. ) ;
#12 = VECTOR ( 'NONE', #448, 1000.000000000000114 ) ;
#13 = ORIENTED_EDGE ( 'NONE', *, *, #5841, .F. ) ;
#14 = CARTESIAN_POINT ( 'NONE',  ( 1.665000000000000036, 0.5450000000000000400, 0.5950000000000003064 ) ) ;
#15 = EDGE_CURVE ( 'NONE', #1538, #6173, #9060, .T. ) ;
#16 = CARTESIAN_POINT ( 'NONE',  ( -0.8249999999999999556, 0.3615000000000000990, 2.125000000000000000 ) ) ;
#17 = ORIENTED_EDGE ( 'NONE', *, *, #7708, .F. ) ;
#18 = CARTESIAN_POINT ( 'NONE',  ( 0.3250000000000001776, 0.6800000000000001599, 0.4949999999999995515 ) ) ;
#19 = EDGE_CURVE ( 'NONE', #8250, #9483, #10391, .T. ) ;
#20 = EDGE_LOOP ( 'NONE', ( #2119, #5594, #2268, #5317 ) ) ;
#21 = DIRECTION ( 'NONE',  ( 0.000000000000000000, -0.000000000000000000, 1.000000000000000000 ) ) ;
#22 = FACE_OUTER_BOUND ( 'NONE', #11164, .T. ) ;
#23 = AXIS2_PLACEMENT_3D ( 'NONE', #3171, #10531, #3046 ) ;
#24 = ORIENTED_EDGE ( 'NONE', *, *, #3314, .F. ) ;
#25 =( LENGTH_UNIT ( ) NAMED_UNIT ( * ) SI_UNIT ( .MILLI., .METRE. ) );
#26 = CARTESIAN_POINT ( 'NONE',  ( 0.6750000000000000444, 0.4249999987231686815, 2.505000000000000338 ) ) ;
#27 = CARTESIAN_POINT ( 'NONE',  ( -0.1749999999999998224, 0.7500000000000002220, 0.3949999999999995182 ) ) ;
#28 = ORIENTED_EDGE ( 'NONE', *, *, #9481, .T. ) ;
#29 = AXIS2_PLACEMENT_3D ( 'NONE', #1243, #7643, #1532 ) ;
#30 = AXIS2_PLACEMENT_3D ( 'NONE', #9659, #10597, #9414 ) ;
#31 =( NAMED_UNIT ( * ) PLANE_ANGLE_UNIT ( ) SI_UNIT ( $, .RADIAN. ) );
#32 = ADVANCED_FACE ( 'NONE', ( #9013 ), #2664, .F. ) ;
#33 = CARTESIAN_POINT ( 'NONE',  ( -2.254999999999999893, 0.9000000000000002442, 2.124999999999999556 ) ) ;
#34 = VERTEX_POINT ( 'NONE', #7332 ) ;
#35 = CARTESIAN_POINT ( 'NONE',  ( 1.324999999999999956, 0.08000000000000000167, -0.1749999999999994893 ) ) ;
#36 = FACE_OUTER_BOUND ( 'NONE', #7592, .T. ) ;
#37 = DIRECTION ( 'NONE',  ( 0.000000000000000000, 1.999553186960971874E-15, -1.000000000000000000 ) ) ;
#38 = CARTESIAN_POINT ( 'NONE',  ( -2.254999999999999449, 0.5264718102130367949, 0.2441481456572267561 ) ) ;
#39 = EDGE_CURVE ( 'NONE', #7594, #6712, #10939, .T. ) ;
#40 = VECTOR ( 'NONE', #8860, 1000.000000000000000 ) ;
#41 = VECTOR ( 'NONE', #3354, 1000.000000000000000 ) ;
#42 = ORIENTED_EDGE ( 'NONE', *, *, #9143, .F. ) ;
#43 = FACE_OUTER_BOUND ( 'NONE', #3724, .T. ) ;
#44 = DIRECTION ( 'NONE',  ( 0.000000000000000000, 0.000000000000000000, -1.000000000000000000 ) ) ;
#45 = AXIS2_PLACEMENT_3D ( 'NONE', #3972, #8620, #4043 ) ;
#46 = AXIS2_PLACEMENT_3D ( 'NONE', #639, #3049, #6733 ) ;
#47 = DIRECTION ( 'NONE',  ( 0.000000000000000000, -0.000000000000000000, 1.000000000000000000 ) ) ;
#48 = VECTOR ( 'NONE', #2153, 1000.000000000000000 ) ;
#49 = DIRECTION ( 'NONE',  ( -1.000000000000000000, -0.000000000000000000, -0.000000000000000000 ) ) ;
#50 = EDGE_CURVE ( 'NONE', #5566, #2396, #907, .T. ) ;
#51 = CARTESIAN_POINT ( 'NONE',  ( -2.049999999999999822, 0.6100000000000000977, -0.2050000000000003209 ) ) ;
#52 = DIRECTION ( 'NONE',  ( 1.000000000000000000, 0.000000000000000000, -1.109158232721743386E-16 ) ) ;
#53 = ADVANCED_FACE ( 'NONE', ( #10070 ), #5510, .F. ) ;
#54 = DIRECTION ( 'NONE',  ( 0.4581228472908511207, 0.000000000000000000, -0.8888888888888889506 ) ) ;
#55 = VECTOR ( 'NONE', #7497, 1000.000000000000000 ) ;
#56 = CIRCLE ( 'NONE', #1560, 0.02499999999999990771 ) ;
#57 = DIRECTION ( 'NONE',  ( -1.000000000000000000, -0.000000000000000000, -1.219727444046192242E-16 ) ) ;
#58 = ADVANCED_FACE ( 'NONE', ( #2610 ), #1786, .T. ) ;
#59 = EDGE_CURVE ( 'NONE', #9243, #1681, #1071, .T. ) ;
#60 = DIRECTION ( 'NONE',  ( -1.000000000000000000, -0.000000000000000000, -0.000000000000000000 ) ) ;
#61 = AXIS2_PLACEMENT_3D ( 'NONE', #3967, #11193, #3917 ) ;
#62 = EDGE_LOOP ( 'NONE', ( #5922, #6989, #10203, #4065 ) ) ;
#63 = ADVANCED_FACE ( 'NONE', ( #4671 ), #9847, .F. ) ;
#64 = DIRECTION ( 'NONE',  ( 0.5205176042696101346, -4.628735207639481087E-16, 0.8538509376029433939 ) ) ;
#65 =( GEOMETRIC_REPRESENTATION_CONTEXT ( 3 ) GLOBAL_UNCERTAINTY_ASSIGNED_CONTEXT ( ( #6781 ) ) GLOBAL_UNIT_ASSIGNED_CONTEXT ( ( #8852, #4347, #1685 ) ) REPRESENTATION_CONTEXT ( 'NONE', 'WORKASPACE' ) );
#66 = DIRECTION ( 'NONE',  ( 0.000000000000000000, -0.000000000000000000, 1.000000000000000000 ) ) ;
#67 = DIRECTION ( 'NONE',  ( 0.000000000000000000, 0.000000000000000000, 1.000000000000000000 ) ) ;
#68 = ORIENTED_EDGE ( 'NONE', *, *, #4655, .T. ) ;
#69 = CARTESIAN_POINT ( 'NONE',  ( -1.324999999999999956, 0.6899768362638436514, 2.505000000000000338 ) ) ;
#70 = VECTOR ( 'NONE', #824, 1000.000000000000000 ) ;
#71 = LINE ( 'NONE', #3665, #2175 ) ;
#72 = ORIENTED_EDGE ( 'NONE', *, *, #3786, .F. ) ;
#73 = AXIS2_PLACEMENT_3D ( 'NONE', #9503, #7839, #618 ) ;
#74 = ORIENTED_EDGE ( 'NONE', *, *, #5481, .T. ) ;
#75 = CARTESIAN_POINT ( 'NONE',  ( -1.764999999999999902, 0.3350000000000001310, 2.825000000000000178 ) ) ;
#76 = VECTOR ( 'NONE', #468, 1000.000000000000000 ) ;
#77 = DIRECTION ( 'NONE',  ( 1.000000000000000000, -0.000000000000000000, 0.000000000000000000 ) ) ;
#78 = VERTEX_POINT ( 'NONE', #4496 ) ;
#79 = DIRECTION ( 'NONE',  ( 0.000000000000000000, -1.445602896647339508E-15, 1.000000000000000000 ) ) ;
#80 = AXIS2_PLACEMENT_3D ( 'NONE', #10698, #11513, #696 ) ;
#81 = CYLINDRICAL_SURFACE ( 'NONE', #3761, 0.04999999999999999584 ) ;
#82 = CARTESIAN_POINT ( 'NONE',  ( 0.3250000000000000111, 0.3350000000000001310, 2.709999999999999964 ) ) ;
#83 = ORIENTED_EDGE ( 'NONE', *, *, #7797, .F. ) ;
#84 = PRODUCT_DEFINITION ( 'UNKNOWN', '', #1884, #5092 ) ;
#85 = AXIS2_PLACEMENT_3D ( 'NONE', #3958, #2203, #5580 ) ;
#86 =( NAMED_UNIT ( * ) SI_UNIT ( $, .STERADIAN. ) SOLID_ANGLE_UNIT ( ) );
#87 = VERTEX_POINT ( 'NONE', #5350 ) ;
#88 = DIRECTION ( 'NONE',  ( 1.000000000000000000, -0.000000000000000000, -1.219727444046192242E-16 ) ) ;
#89 = EDGE_LOOP ( 'NONE', ( #10093, #7827, #11072, #3070 ) ) ;
#90 = LINE ( 'NONE', #2742, #6369 ) ;
#91 = ORIENTED_EDGE ( 'NONE', *, *, #6633, .T. ) ;
#92 = DIRECTION ( 'NONE',  ( 0.000000000000000000, -1.000000000000000000, 0.000000000000000000 ) ) ;
#93 = ORIENTED_EDGE ( 'NONE', *, *, #10813, .T. ) ;
#94 = ORIENTED_EDGE ( 'NONE', *, *, #5265, .T. ) ;
#95 = LINE ( 'NONE', #3461, #5721 ) ;
#96 = LINE ( 'NONE', #3628, #4158 ) ;
#97 = ORIENTED_EDGE ( 'NONE', *, *, #8810, .T. ) ;
#98 = PLANE ( 'NONE',  #3614 ) ;
#99 = DIRECTION ( 'NONE',  ( 1.000000000000000000, 0.000000000000000000, 0.000000000000000000 ) ) ;
#100 = CIRCLE ( 'NONE', #6716, 0.04999999999999999584 ) ;
#101 = VECTOR ( 'NONE', #5732, 1000.000000000000000 ) ;
#102 = VECTOR ( 'NONE', #825, 1000.000000000000000 ) ;
#103 = LINE ( 'NONE', #7312, #7219 ) ;
#104 = DIRECTION ( 'NONE',  ( 0.000000000000000000, 1.000000000000000000, 0.000000000000000000 ) ) ;
#105 = DIRECTION ( 'NONE',  ( 0.000000000000000000, -9.035018104045865024E-16, 1.000000000000000000 ) ) ;
#106 = CARTESIAN_POINT ( 'NONE',  ( 2.104999999999999982, 0.9000000000000002442, 2.124999999999999556 ) ) ;
#107 = LINE ( 'NONE', #9723, #8195 ) ;
#108 = DIRECTION ( 'NONE',  ( 0.000000000000000000, -9.035018104045865024E-16, 1.000000000000000000 ) ) ;
#109 = DIRECTION ( 'NONE',  ( 0.000000000000000000, 0.000000000000000000, 1.000000000000000000 ) ) ;
#110 = CARTESIAN_POINT ( 'NONE',  ( 0.8249999999999999556, 0.4249999987231686815, 2.441500001276831089 ) ) ;
#111 = AXIS2_PLACEMENT_3D ( 'NONE', #2127, #3692, #5440 ) ;
#112 = EDGE_CURVE ( 'NONE', #9447, #2577, #8950, .T. ) ;
#113 = EDGE_CURVE ( 'NONE', #7356, #3283, #3547, .T. ) ;
#114 = VECTOR ( 'NONE', #4678, 1000.000000000000000 ) ;
#115 = DIRECTION ( 'NONE',  ( -1.000000000000000000, -0.000000000000000000, -1.219727444046192242E-16 ) ) ;
#116 = CARTESIAN_POINT ( 'NONE',  ( -0.6749999999999998224, 0.8214213562373096078, 0.4949999999999995515 ) ) ;
#117 = EDGE_CURVE ( 'NONE', #1130, #1435, #7358, .T. ) ;
#118 = ORIENTED_EDGE ( 'NONE', *, *, #7077, .T. ) ;
#119 = DIRECTION ( 'NONE',  ( 0.000000000000000000, 0.000000000000000000, -1.000000000000000000 ) ) ;
#120 = CARTESIAN_POINT ( 'NONE',  ( -2.049999999999999822, 0.6100000000000000977, -0.2050000000000003209 ) ) ;
#121 = EDGE_CURVE ( 'NONE', #8956, #2165, #4555, .T. ) ;
#122 = EDGE_CURVE ( 'NONE', #10527, #791, #7286, .T. ) ;
#123 = CARTESIAN_POINT ( 'NONE',  ( -2.104999999999999982, 0.7499999999999573674, 2.124999999999999556 ) ) ;
#124 = ORIENTED_EDGE ( 'NONE', *, *, #8081, .F. ) ;
#125 = DIRECTION ( 'NONE',  ( 0.000000000000000000, 0.000000000000000000, -1.000000000000000000 ) ) ;
#126 = EDGE_CURVE ( 'NONE', #5260, #1738, #1120, .T. ) ;
#127 = EDGE_CURVE ( 'NONE', #8236, #9247, #757, .T. ) ;
#128 = DIRECTION ( 'NONE',  ( 0.000000000000000000, 0.000000000000000000, -1.000000000000000000 ) ) ;
#129 = EDGE_LOOP ( 'NONE', ( #6662, #10910, #3561, #5476, #3198 ) ) ;
#130 = DIRECTION ( 'NONE',  ( 0.000000000000000000, 7.228014483236697541E-16, -1.000000000000000000 ) ) ;
#131 = LINE ( 'NONE', #11176, #5000 ) ;
#132 = CARTESIAN_POINT ( 'NONE',  ( 0.8249999999999999556, 1.792020331853238969E-17, 0.2250000000000005329 ) ) ;
#133 = ADVANCED_FACE ( 'NONE', ( #1174, #9294 ), #3899, .F. ) ;
#134 = FILL_AREA_STYLE_COLOUR ( '', #3971 ) ;
#135 = AXIS2_PLACEMENT_3D ( 'NONE', #866, #8074, #10793 ) ;
#136 = VERTEX_POINT ( 'NONE', #8592 ) ;
#137 = CARTESIAN_POINT ( 'NONE',  ( 1.955000000000000071, 0.1000000000000001305, -0.07499999999999942824 ) ) ;
#138 = PRESENTATION_LAYER_ASSIGNMENT (  '', '', ( #3528 ) ) ;
#139 = DIRECTION ( 'NONE',  ( 0.000000000000000000, 0.000000000000000000, -1.000000000000000000 ) ) ;
#140 = DIRECTION ( 'NONE',  ( 3.336006684570783101E-16, 0.000000000000000000, 1.000000000000000000 ) ) ;
#141 = EDGE_LOOP ( 'NONE', ( #4706, #3398, #3014, #7419 ) ) ;
#142 = CARTESIAN_POINT ( 'NONE',  ( 1.324999999999999956, 0.3800000000000000044, -0.1749999999999994060 ) ) ;
#143 = ORIENTED_EDGE ( 'NONE', *, *, #1813, .F. ) ;
#144 = CARTESIAN_POINT ( 'NONE',  ( -0.1750000000000000167, 0.3615000000000000990, 2.125000000000000000 ) ) ;
#145 = CARTESIAN_POINT ( 'NONE',  ( 0.8249999999999999556, 0.3614999999999998215, 2.441500001276831089 ) ) ;
#146 = ORIENTED_EDGE ( 'NONE', *, *, #1647, .F. ) ;
#147 = CARTESIAN_POINT ( 'NONE',  ( 1.955000000000000959, 1.050000000000000044, 2.124999999999999556 ) ) ;
#148 = CARTESIAN_POINT ( 'NONE',  ( 2.254999999999999449, 0.9000000000000002442, -0.07499999999999998335 ) ) ;
#149 = EDGE_CURVE ( 'NONE', #5242, #5120, #2008, .T. ) ;
#150 = ORIENTED_EDGE ( 'NONE', *, *, #3635, .F. ) ;
#151 = CARTESIAN_POINT ( 'NONE',  ( 0.3250000000000000111, 0.3749999987231322773, 2.517714491643438635 ) ) ;
#152 = DIRECTION ( 'NONE',  ( 0.000000000000000000, 0.000000000000000000, -1.000000000000000000 ) ) ;
#153 = SURFACE_STYLE_FILL_AREA ( #8925 ) ;
#154 = DIRECTION ( 'NONE',  ( -1.000000000000000000, -0.000000000000000000, -1.219727444046192242E-16 ) ) ;
#155 = DIRECTION ( 'NONE',  ( 9.035018104045874392E-17, -0.000000000000000000, 1.000000000000000000 ) ) ;
#156 = CARTESIAN_POINT ( 'NONE',  ( 2.254999999999999893, 0.9000000000000002442, 2.124999999999999556 ) ) ;
#157 = DIRECTION ( 'NONE',  ( 0.000000000000000000, -0.000000000000000000, 1.000000000000000000 ) ) ;
#158 = PLANE ( 'NONE',  #9296 ) ;
#159 = DIRECTION ( 'NONE',  ( 6.570922257487897174E-16, -0.000000000000000000, -1.000000000000000000 ) ) ;
#160 = VERTEX_POINT ( 'NONE', #10193 ) ;
#161 = VECTOR ( 'NONE', #3980, 1000.000000000000000 ) ;
#162 = CARTESIAN_POINT ( 'NONE',  ( -1.324999999999999956, 0.3615000000000000990, 2.125000000000000000 ) ) ;
#163 = ORIENTED_EDGE ( 'NONE', *, *, #8273, .T. ) ;
#164 = EDGE_CURVE ( 'NONE', #8236, #4713, #1357, .T. ) ;
#165 = CARTESIAN_POINT ( 'NONE',  ( 0.8249999999999999556, 0.4249999987231686815, 2.441500001276831089 ) ) ;
#166 = DIRECTION ( 'NONE',  ( 0.000000000000000000, 0.000000000000000000, 1.000000000000000000 ) ) ;
#167 = CARTESIAN_POINT ( 'NONE',  ( -0.8249999999999999556, 0.3614999999999998215, 2.441500001276831089 ) ) ;
#168 = ORIENTED_EDGE ( 'NONE', *, *, #127, .F. ) ;
#169 = ORIENTED_EDGE ( 'NONE', *, *, #7861, .T. ) ;
#170 = EDGE_CURVE ( 'NONE', #434, #815, #8100, .T. ) ;
#171 = ORIENTED_EDGE ( 'NONE', *, *, #1122, .F. ) ;
#172 = CARTESIAN_POINT ( 'NONE',  ( -0.6750000000000000444, 0.3800000000000000044, -0.09999999999999956146 ) ) ;
#173 = VERTEX_POINT ( 'NONE', #5863 ) ;
#174 = LINE ( 'NONE', #3778, #8575 ) ;
#175 = AXIS2_PLACEMENT_3D ( 'NONE', #1326, #10401, #11087 ) ;
#176 = CARTESIAN_POINT ( 'NONE',  ( -1.955000000000000071, 0.1000000000000001305, -0.07499999999999942824 ) ) ;
#177 = EDGE_CURVE ( 'NONE', #7454, #5270, #475, .T. ) ;
#178 = EDGE_CURVE ( 'NONE', #5671, #6624, #7566, .T. ) ;
#179 = CARTESIAN_POINT ( 'NONE',  ( -0.8249999999999999556, 0.000000000000000000, 0.2250000000000005052 ) ) ;
#180 = ORIENTED_EDGE ( 'NONE', *, *, #5912, .F. ) ;
#181 = DIRECTION ( 'NONE',  ( 1.000000000000000000, 0.000000000000000000, 6.570922257487897174E-16 ) ) ;
#182 = DIRECTION ( 'NONE',  ( 0.000000000000000000, 0.000000000000000000, 1.000000000000000000 ) ) ;
#183 = EDGE_CURVE ( 'NONE', #7698, #5709, #928, .T. ) ;
#184 = DIRECTION ( 'NONE',  ( 0.000000000000000000, -1.000000000000000000, 0.000000000000000000 ) ) ;
#185 = EDGE_CURVE ( 'NONE', #5709, #11160, #2958, .T. ) ;
#186 = ORIENTED_EDGE ( 'NONE', *, *, #2645, .T. ) ;
#187 = DIRECTION ( 'NONE',  ( 0.000000000000000000, 0.000000000000000000, 1.000000000000000000 ) ) ;
#188 = DIRECTION ( 'NONE',  ( 6.570922257487896188E-16, 0.000000000000000000, -1.000000000000000000 ) ) ;
#189 = EDGE_CURVE ( 'NONE', #2281, #2330, #3376, .T. ) ;
#190 = VERTEX_POINT ( 'NONE', #7512 ) ;
#191 = ORIENTED_EDGE ( 'NONE', *, *, #9303, .F. ) ;
#192 = PLANE ( 'NONE',  #4991 ) ;
#193 = ORIENTED_EDGE ( 'NONE', *, *, #2135, .T. ) ;
#194 = PLANE ( 'NONE',  #5512 ) ;
#195 = VECTOR ( 'NONE', #2093, 1000.000000000000000 ) ;
#196 = CARTESIAN_POINT ( 'NONE',  ( -2.254999999999999893, 0.6800000000000001599, 0.4449999999999996736 ) ) ;
#197 = ORIENTED_EDGE ( 'NONE', *, *, #11381, .F. ) ;
#198 = VECTOR ( 'NONE', #1893, 1000.000000000000000 ) ;
#199 = EDGE_CURVE ( 'NONE', #1918, #2219, #415, .T. ) ;
#200 = ORIENTED_EDGE ( 'NONE', *, *, #2719, .F. ) ;
#201 = CARTESIAN_POINT ( 'NONE',  ( -0.6749999999999998224, 0.6800000000000001599, 0.4949999999999995515 ) ) ;
#202 = PRESENTATION_LAYER_ASSIGNMENT (  '', '', ( #4168 ) ) ;
#203 = UNCERTAINTY_MEASURE_WITH_UNIT (LENGTH_MEASURE( 1.000000000000000082E-05 ), #534, 'distance_accuracy_value', 'NONE');
#204 = LINE ( 'NONE', #7541, #2702 ) ;
#205 = VECTOR ( 'NONE', #4322, 1000.000000000000000 ) ;
#206 = LINE ( 'NONE', #7430, #9085 ) ;
#207 = DIRECTION ( 'NONE',  ( -0.000000000000000000, 0.000000000000000000, 1.000000000000000000 ) ) ;
#208 = FACE_OUTER_BOUND ( 'NONE', #7351, .T. ) ;
#209 = CARTESIAN_POINT ( 'NONE',  ( 0.8249999999999999556, -1.203706215242022408E-32, -0.1249999999999994588 ) ) ;
#210 = PRODUCT_RELATED_PRODUCT_CATEGORY ( 'part', '', ( #11655 ) ) ;
#211 = CARTESIAN_POINT ( 'NONE',  ( -1.174999999999999822, 0.6800000000000001599, 0.4949999999999995515 ) ) ;
#212 = DIRECTION ( 'NONE',  ( -1.000000000000000000, -0.000000000000000000, -0.000000000000000000 ) ) ;
#213 = FACE_OUTER_BOUND ( 'NONE', #11223, .T. ) ;
#214 = VECTOR ( 'NONE', #10536, 1000.000000000000000 ) ;
#215 = CARTESIAN_POINT ( 'NONE',  ( 1.324999999999999956, 0.4197467168032661955, 2.540024382298945227 ) ) ;
#216 = AXIS2_PLACEMENT_3D ( 'NONE', #3644, #7260, #10872 ) ;
#217 = VECTOR ( 'NONE', #7, 1000.000000000000000 ) ;
#218 = CARTESIAN_POINT ( 'NONE',  ( -2.254999999999999893, 0.5300000000000002487, 0.4449999999999996736 ) ) ;
#219 = ORIENTED_EDGE ( 'NONE', *, *, #6905, .T. ) ;
#220 = CARTESIAN_POINT ( 'NONE',  ( -0.6750000000000000444, 0.4050000000000000266, -0.07499999999999942824 ) ) ;
#221 = DIRECTION ( 'NONE',  ( 0.000000000000000000, 0.000000000000000000, -1.000000000000000000 ) ) ;
#222 = VECTOR ( 'NONE', #6593, 1000.000000000000000 ) ;
#223 = CARTESIAN_POINT ( 'NONE',  ( -0.6750000000000000444, 0.7408666514389177227, 2.512987586845043531 ) ) ;
#224 = EDGE_LOOP ( 'NONE', ( #7262, #843, #5469, #2138 ) ) ;
#225 = DIRECTION ( 'NONE',  ( 1.084202172485503842E-15, 0.000000000000000000, -1.000000000000000000 ) ) ;
#226 = CARTESIAN_POINT ( 'NONE',  ( 2.254999999999999449, 0.8134073820189092752, 0.7731575003791745226 ) ) ;
#227 = VECTOR ( 'NONE', #3621, 1000.000000000000000 ) ;
#228 = CARTESIAN_POINT ( 'NONE',  ( 2.049999999999999822, 0.7500000000000002220, 0.3949999999999995182 ) ) ;
#229 = ORIENTED_EDGE ( 'NONE', *, *, #323, .F. ) ;
#230 = AXIS2_PLACEMENT_3D ( 'NONE', #3752, #3579, #47 ) ;
#231 = EDGE_CURVE ( 'NONE', #8820, #11313, #4508, .T. ) ;
#232 = DIRECTION ( 'NONE',  ( -1.000000000000000000, -0.000000000000000000, -6.570922257487897174E-16 ) ) ;
#233 = EDGE_CURVE ( 'NONE', #3451, #404, #6503, .T. ) ;
#234 = PRESENTATION_LAYER_ASSIGNMENT (  '', '', ( #8361 ) ) ;
#235 = VERTEX_POINT ( 'NONE', #3007 ) ;
#236 = CARTESIAN_POINT ( 'NONE',  ( -1.175000000000000044, 0.3800000000000000044, -0.09999999999999956146 ) ) ;
#237 = CARTESIAN_POINT ( 'NONE',  ( 1.175000000000000044, 0.6800000000000001599, 0.8249999999999999556 ) ) ;
#238 = AXIS2_PLACEMENT_3D ( 'NONE', #6412, #1038, #7180 ) ;
#239 =( LENGTH_UNIT ( ) NAMED_UNIT ( * ) SI_UNIT ( .MILLI., .METRE. ) );
#240 = VECTOR ( 'NONE', #4661, 1000.000000000000000 ) ;
#241 = EDGE_LOOP ( 'NONE', ( #7838, #11443, #4694, #1360 ) ) ;
#242 = CARTESIAN_POINT ( 'NONE',  ( -0.8249999999999999556, 0.7250000000000001998, 2.577500000000000568 ) ) ;
#243 = CARTESIAN_POINT ( 'NONE',  ( 1.175000000000000044, 0.7500000000000002220, 0.3949999999999995182 ) ) ;
#244 = CIRCLE ( 'NONE', #6884, 0.02499999999999984873 ) ;
#245 = ADVANCED_FACE ( 'NONE', ( #4868 ), #5741, .F. ) ;
#246 = ORIENTED_EDGE ( 'NONE', *, *, #5622, .F. ) ;
#247 = VECTOR ( 'NONE', #3725, 1000.000000000000000 ) ;
#248 = LINE ( 'NONE', #2849, #8447 ) ;
#249 = VERTEX_POINT ( 'NONE', #8462 ) ;
#250 = CARTESIAN_POINT ( 'NONE',  ( 2.104999999999999982, 0.01250000000000022968, 2.203349364904666263 ) ) ;
#251 = PLANE ( 'NONE',  #7665 ) ;
#252 = ORIENTED_EDGE ( 'NONE', *, *, #2981, .T. ) ;
#253 = CARTESIAN_POINT ( 'NONE',  ( -0.1750000000000000167, 0.3615000000000000990, 2.125000000000000000 ) ) ;
#254 = AXIS2_PLACEMENT_3D ( 'NONE', #7138, #10757, #4266 ) ;
#255 = VERTEX_POINT ( 'NONE', #10313 ) ;
#256 = FACE_OUTER_BOUND ( 'NONE', #11376, .T. ) ;
#257 = EDGE_CURVE ( 'NONE', #173, #9837, #7633, .T. ) ;
#258 = VERTEX_POINT ( 'NONE', #5805 ) ;
#259 = DIRECTION ( 'NONE',  ( 0.000000000000000000, -0.5735764363510453823, -0.8191520442889923537 ) ) ;
#260 = VECTOR ( 'NONE', #4913, 1000.000000000000000 ) ;
#261 = CARTESIAN_POINT ( 'NONE',  ( -1.324999999999999956, 0.3350000000000001310, 2.709999999999999964 ) ) ;
#262 = ORIENTED_EDGE ( 'NONE', *, *, #11088, .F. ) ;
#263 = EDGE_CURVE ( 'NONE', #8872, #2451, #3934, .T. ) ;
#264 = AXIS2_PLACEMENT_3D ( 'NONE', #8808, #10246, #3071 ) ;
#265 = ORIENTED_EDGE ( 'NONE', *, *, #1220, .T. ) ;
#266 = VECTOR ( 'NONE', #2636, 1000.000000000000000 ) ;
#267 = CARTESIAN_POINT ( 'NONE',  ( -1.324999999999999956, 0.07500000000000001110, 0.1500000000000005496 ) ) ;
#268 = PLANE ( 'NONE',  #11201 ) ;
#269 = DIRECTION ( 'NONE',  ( -1.000000000000000000, -0.000000000000000000, -0.000000000000000000 ) ) ;
#270 = LINE ( 'NONE', #10350, #1019 ) ;
#271 = PLANE ( 'NONE',  #8045 ) ;
#272 = DIRECTION ( 'NONE',  ( 1.000000000000000000, 0.000000000000000000, 0.000000000000000000 ) ) ;
#273 = DIRECTION ( 'NONE',  ( 0.000000000000000000, 1.000000000000000000, -4.336808689942016158E-15 ) ) ;
#274 = EDGE_CURVE ( 'NONE', #7903, #4152, #7047, .T. ) ;
#275 = LINE ( 'NONE', #4779, #1163 ) ;
#276 = CARTESIAN_POINT ( 'NONE',  ( -1.764999999999999902, 0.3350000000000001310, 2.825000000000000178 ) ) ;
#277 = VECTOR ( 'NONE', #7742, 1000.000000000000000 ) ;
#278 = VECTOR ( 'NONE', #3286, 1000.000000000000000 ) ;
#279 = FACE_OUTER_BOUND ( 'NONE', #10153, .T. ) ;
#280 = DIRECTION ( 'NONE',  ( 0.000000000000000000, 0.000000000000000000, 1.000000000000000000 ) ) ;
#281 = FACE_OUTER_BOUND ( 'NONE', #10398, .T. ) ;
#282 = EDGE_LOOP ( 'NONE', ( #745, #7147, #8781, #9430, #606, #10372, #4466, #11, #1856, #1263, #1854, #304, #930, #2278, #4798, #4763, #964, #7038, #1965, #7634, #2497, #4263, #10574, #11131, #6568, #11386, #4796, #2676 ) ) ;
#283 = DIRECTION ( 'NONE',  ( -1.000000000000000000, -0.000000000000000000, 9.035018104045873159E-17 ) ) ;
#284 = AXIS2_PLACEMENT_3D ( 'NONE', #407, #6875, #1481 ) ;
#285 = EDGE_LOOP ( 'NONE', ( #10138, #9691, #8907, #8003, #2223 ) ) ;
#286 = CARTESIAN_POINT ( 'NONE',  ( -1.324999999999999956, 1.792020331853238969E-17, 0.2250000000000005329 ) ) ;
#287 = DIRECTION ( 'NONE',  ( 0.000000000000000000, 0.000000000000000000, -1.000000000000000000 ) ) ;
#288 = AXIS2_PLACEMENT_3D ( 'NONE', #9161, #6544, #2041 ) ;
#289 = AXIS2_PLACEMENT_3D ( 'NONE', #3538, #8825, #6263 ) ;
#290 = ORIENTED_EDGE ( 'NONE', *, *, #9259, .T. ) ;
#291 = ORIENTED_EDGE ( 'NONE', *, *, #1089, .F. ) ;
#292 = CARTESIAN_POINT ( 'NONE',  ( -0.3250000000000000111, 0.6800000000000001599, 0.4949999999999995515 ) ) ;
#293 = MANIFOLD_SOLID_BREP ( 'Boss-Extrude6[6]', #5649 ) ;
#294 = EDGE_LOOP ( 'NONE', ( #6843, #4860, #11287, #490 ) ) ;
#295 = VECTOR ( 'NONE', #2644, 1000.000000000000000 ) ;
#296 = ORIENTED_EDGE ( 'NONE', *, *, #358, .T. ) ;
#297 = DIRECTION ( 'NONE',  ( 1.000000000000000000, 0.000000000000000000, 0.000000000000000000 ) ) ;
#298 = ORIENTED_EDGE ( 'NONE', *, *, #6771, .T. ) ;
#299 = CARTESIAN_POINT ( 'NONE',  ( -0.3250000000000000111, 0.6910569165342943521, 2.517345373982429635 ) ) ;
#300 = CARTESIAN_POINT ( 'NONE',  ( 2.104999999999999982, 0.7249999999999575673, 2.154999999999999805 ) ) ;
#301 = SURFACE_STYLE_FILL_AREA ( #1302 ) ;
#302 = VERTEX_POINT ( 'NONE', #7750 ) ;
#303 = EDGE_LOOP ( 'NONE', ( #2457, #10719, #6912, #5331 ) ) ;
#304 = ORIENTED_EDGE ( 'NONE', *, *, #7007, .T. ) ;
#305 = LINE ( 'NONE', #11119, #9732 ) ;
#306 = ORIENTED_EDGE ( 'NONE', *, *, #6924, .T. ) ;
#307 = CARTESIAN_POINT ( 'NONE',  ( -1.955000000000000071, 0.2417384683690006197, 3.025000000000000355 ) ) ;
#308 = VERTEX_POINT ( 'NONE', #11298 ) ;
#309 = CARTESIAN_POINT ( 'NONE',  ( -1.175000000000000044, 0.3350000000000001310, 2.709999999999999964 ) ) ;
#310 = ORIENTED_EDGE ( 'NONE', *, *, #9960, .F. ) ;
#311 = LINE ( 'NONE', #1088, #2562 ) ;
#312 = ORIENTED_EDGE ( 'NONE', *, *, #6002, .F. ) ;
#313 = ORIENTED_EDGE ( 'NONE', *, *, #5093, .T. ) ;
#314 = FACE_OUTER_BOUND ( 'NONE', #536, .T. ) ;
#315 = PLANE ( 'NONE',  #5710 ) ;
#316 = ORIENTED_EDGE ( 'NONE', *, *, #3729, .F. ) ;
#317 = LINE ( 'NONE', #10519, #387 ) ;
#318 = EDGE_CURVE ( 'NONE', #5669, #4890, #5105, .T. ) ;
#319 = EDGE_LOOP ( 'NONE', ( #8894, #11348, #6890, #5311 ) ) ;
#320 = CARTESIAN_POINT ( 'NONE',  ( -1.449999999999999956, 0.4099999999999999756, -0.5050000000000004485 ) ) ;
#321 = VERTEX_POINT ( 'NONE', #8710 ) ;
#322 = ADVANCED_FACE ( 'NONE', ( #1536 ), #2486, .T. ) ;
#323 = EDGE_CURVE ( 'NONE', #5596, #7649, #4253, .T. ) ;
#324 = ORIENTED_EDGE ( 'NONE', *, *, #8648, .F. ) ;
#325 = LINE ( 'NONE', #9261, #1016 ) ;
#326 = EDGE_CURVE ( 'NONE', #6939, #8767, #11482, .T. ) ;
#327 = DIRECTION ( 'NONE',  ( 0.000000000000000000, 1.000000000000000000, 0.000000000000000000 ) ) ;
#328 = CARTESIAN_POINT ( 'NONE',  ( 1.175000000000000044, 0.3350000000000001310, 2.125000000000000000 ) ) ;
#329 = CARTESIAN_POINT ( 'NONE',  ( -2.254999999999999449, 0.3585295238724372502, 0.1991481456572266329 ) ) ;
#330 = DIRECTION ( 'NONE',  ( 0.000000000000000000, 1.000000000000000000, 9.035018104045866996E-16 ) ) ;
#331 = CARTESIAN_POINT ( 'NONE',  ( -0.6750000000000000444, -1.203706215242022408E-32, -0.1249999999999994588 ) ) ;
#332 = ADVANCED_FACE ( 'NONE', ( #11354 ), #5931, .T. ) ;
#333 = EDGE_CURVE ( 'NONE', #864, #11237, #3709, .T. ) ;
#334 = ORIENTED_EDGE ( 'NONE', *, *, #5030, .T. ) ;
#335 = FACE_OUTER_BOUND ( 'NONE', #9359, .T. ) ;
#336 = ADVANCED_FACE ( 'NONE', ( #4435 ), #3539, .F. ) ;
#337 = ADVANCED_FACE ( 'NONE', ( #8102 ), #9000, .F. ) ;
#338 = FACE_OUTER_BOUND ( 'NONE', #2158, .T. ) ;
#339 = ORIENTED_EDGE ( 'NONE', *, *, #551, .F. ) ;
#340 = DIRECTION ( 'NONE',  ( 0.000000000000000000, -1.000000000000000000, 0.000000000000000000 ) ) ;
#341 = FACE_OUTER_BOUND ( 'NONE', #605, .T. ) ;
#342 = ORIENTED_EDGE ( 'NONE', *, *, #7735, .F. ) ;
#343 = CARTESIAN_POINT ( 'NONE',  ( 0.6750000000000000444, 0.3614999999999998215, 2.441500001276831089 ) ) ;
#344 = CARTESIAN_POINT ( 'NONE',  ( 0.1750000000000000167, 0.8950000000000001288, 0.4949999999999995515 ) ) ;
#345 = VERTEX_POINT ( 'NONE', #7236 ) ;
#346 = CARTESIAN_POINT ( 'NONE',  ( 1.764999999999999902, 0.3350000000000001310, 2.825000000000000178 ) ) ;
#347 = ORIENTED_EDGE ( 'NONE', *, *, #3651, .T. ) ;
#348 = ORIENTED_EDGE ( 'NONE', *, *, #2608, .F. ) ;
#349 = DIRECTION ( 'NONE',  ( 0.000000000000000000, 4.425314989736753375E-16, -1.000000000000000000 ) ) ;
#350 = EDGE_CURVE ( 'NONE', #1796, #617, #970, .T. ) ;
#351 = VERTEX_POINT ( 'NONE', #7297 ) ;
#352 = ORIENTED_EDGE ( 'NONE', *, *, #1647, .T. ) ;
#353 = DIRECTION ( 'NONE',  ( 0.000000000000000000, -1.000000000000000000, 0.000000000000000000 ) ) ;
#354 = LINE ( 'NONE', #1180, #3228 ) ;
#355 = VECTOR ( 'NONE', #10085, 1000.000000000000000 ) ;
#356 = DIRECTION ( 'NONE',  ( 0.000000000000000000, -1.000000000000000000, 0.000000000000000000 ) ) ;
#357 = ORIENTED_EDGE ( 'NONE', *, *, #6132, .T. ) ;
#358 = EDGE_CURVE ( 'NONE', #10902, #8480, #7728, .T. ) ;
#359 = VERTEX_POINT ( 'NONE', #2019 ) ;
#360 = CARTESIAN_POINT ( 'NONE',  ( 0.6750000000000000444, 0.6800000000000001599, 0.4949999999999995515 ) ) ;
#361 = EDGE_CURVE ( 'NONE', #8967, #8178, #1962, .T. ) ;
#362 = CARTESIAN_POINT ( 'NONE',  ( -0.1749999999999998224, 0.7500000000000002220, 0.5949999999999996403 ) ) ;
#363 = EDGE_LOOP ( 'NONE', ( #9315, #9566, #406, #3149 ) ) ;
#364 = DIRECTION ( 'NONE',  ( 0.000000000000000000, 0.000000000000000000, 1.000000000000000000 ) ) ;
#365 = ORIENTED_EDGE ( 'NONE', *, *, #11535, .T. ) ;
#366 = FACE_OUTER_BOUND ( 'NONE', #6901, .T. ) ;
#367 = CARTESIAN_POINT ( 'NONE',  ( 0.000000000000000000, 0.000000000000000000, 1.525000000000000355 ) ) ;
#368 = ORIENTED_EDGE ( 'NONE', *, *, #8911, .F. ) ;
#369 = ORIENTED_EDGE ( 'NONE', *, *, #767, .T. ) ;
#370 = CARTESIAN_POINT ( 'NONE',  ( -0.3250000000000000111, 0.3615000000000000990, 2.125000000000000000 ) ) ;
#371 = PLANE ( 'NONE',  #1550 ) ;
#372 = DIRECTION ( 'NONE',  ( 1.000000000000000000, 0.000000000000000000, 0.000000000000000000 ) ) ;
#373 = CARTESIAN_POINT ( 'NONE',  ( 1.324999999999999956, 0.07500000000000001110, 0.1500000000000005496 ) ) ;
#374 = DIRECTION ( 'NONE',  ( 0.4581228472908511207, 4.818676322157795403E-16, -0.8888888888888889506 ) ) ;
#375 = EDGE_LOOP ( 'NONE', ( #11302, #9681, #3334, #7724 ) ) ;
#376 = APPLICATION_PROTOCOL_DEFINITION ( 'draft international standard', 'automotive_design', 1998, #10783 ) ;
#377 = ORIENTED_EDGE ( 'NONE', *, *, #6472, .F. ) ;
#378 = VERTEX_POINT ( 'NONE', #5522 ) ;
#379 = EDGE_CURVE ( 'NONE', #856, #2257, #3350, .T. ) ;
#380 = CARTESIAN_POINT ( 'NONE',  ( 0.6750000000000000444, 0.8950000000000001288, 0.4949999999999995515 ) ) ;
#381 = DIRECTION ( 'NONE',  ( 0.000000000000000000, 1.000000000000000000, 2.710505431213761085E-16 ) ) ;
#382 = CARTESIAN_POINT ( 'NONE',  ( 1.850000000000000089, 1.050000000000000044, -0.8049999999999993827 ) ) ;
#383 = MANIFOLD_SOLID_BREP ( 'Boss-Extrude2[1]', #6403 ) ;
#384 = DIRECTION ( 'NONE',  ( 1.219727444046192242E-16, 0.000000000000000000, 1.000000000000000000 ) ) ;
#385 = FACE_OUTER_BOUND ( 'NONE', #7310, .T. ) ;
#386 = DIRECTION ( 'NONE',  ( -1.000000000000000000, 0.000000000000000000, 0.000000000000000000 ) ) ;
#387 = VECTOR ( 'NONE', #4888, 1000.000000000000227 ) ;
#388 = VECTOR ( 'NONE', #1543, 1000.000000000000000 ) ;
#389 = DIRECTION ( 'NONE',  ( -1.000000000000000000, -0.000000000000000000, -0.000000000000000000 ) ) ;
#390 = LINE ( 'NONE', #10352, #2312 ) ;
#391 = DIRECTION ( 'NONE',  ( 0.000000000000000000, 0.000000000000000000, 1.000000000000000000 ) ) ;
#392 = CARTESIAN_POINT ( 'NONE',  ( -1.449999999999999956, 0.4099999999999999756, -0.5050000000000004485 ) ) ;
#393 = AXIS2_PLACEMENT_3D ( 'NONE', #7685, #2376, #7812 ) ;
#394 = ADVANCED_FACE ( 'NONE', ( #1516 ), #11396, .F. ) ;
#395 = DIRECTION ( 'NONE',  ( 0.000000000000000000, -0.7071067811865457964, -0.7071067811865492381 ) ) ;
#396 = LINE ( 'NONE', #8577, #10460 ) ;
#397 = VERTEX_POINT ( 'NONE', #5970 ) ;
#398 =( LENGTH_UNIT ( ) NAMED_UNIT ( * ) SI_UNIT ( .MILLI., .METRE. ) );
#399 = CARTESIAN_POINT ( 'NONE',  ( 0.6750000000000000444, 0.7500000000000002220, 0.3949999999999995182 ) ) ;
#400 = DIRECTION ( 'NONE',  ( -0.000000000000000000, 1.000000000000000000, 0.000000000000000000 ) ) ;
#401 = CARTESIAN_POINT ( 'NONE',  ( 1.324999999999999956, 0.08000000000000000167, -0.1749999999999994893 ) ) ;
#402 = LINE ( 'NONE', #1288, #4429 ) ;
#403 = EDGE_CURVE ( 'NONE', #2442, #6767, #637, .T. ) ;
#404 = VERTEX_POINT ( 'NONE', #2288 ) ;
#405 = AXIS2_PLACEMENT_3D ( 'NONE', #5720, #272, #2875 ) ;
#406 = ORIENTED_EDGE ( 'NONE', *, *, #11050, .F. ) ;
#407 = CARTESIAN_POINT ( 'NONE',  ( 1.324999999999999956, 0.3615000000000000990, 2.125000000000000000 ) ) ;
#408 = MANIFOLD_SOLID_BREP ( 'Boss-Extrude6[1]', #3571 ) ;
#409 = ORIENTED_EDGE ( 'NONE', *, *, #10851, .T. ) ;
#410 = VECTOR ( 'NONE', #7987, 1000.000000000000000 ) ;
#411 = ORIENTED_EDGE ( 'NONE', *, *, #5104, .T. ) ;
#412 = EDGE_CURVE ( 'NONE', #4948, #9615, #513, .T. ) ;
#413 = EDGE_CURVE ( 'NONE', #258, #7225, #8746, .T. ) ;
#414 = EDGE_CURVE ( 'NONE', #4194, #434, #11144, .T. ) ;
#415 = LINE ( 'NONE', #10999, #4308 ) ;
#416 = VECTOR ( 'NONE', #8431, 1000.000000000000000 ) ;
#417 = VERTEX_POINT ( 'NONE', #7545 ) ;
#418 = DIRECTION ( 'NONE',  ( -1.000000000000000000, 0.000000000000000000, -1.219727444046192242E-16 ) ) ;
#419 = ORIENTED_EDGE ( 'NONE', *, *, #6131, .F. ) ;
#420 = LINE ( 'NONE', #4017, #10967 ) ;
#421 = CARTESIAN_POINT ( 'NONE',  ( 2.254999999999999893, 0.6800000000000001599, 0.4449999999999996736 ) ) ;
#422 = ORIENTED_EDGE ( 'NONE', *, *, #4013, .T. ) ;
#423 = VECTOR ( 'NONE', #6597, 1000.000000000000000 ) ;
#424 = ORIENTED_EDGE ( 'NONE', *, *, #1994, .F. ) ;
#425 = EDGE_CURVE ( 'NONE', #10243, #10902, #3048, .T. ) ;
#426 = LINE ( 'NONE', #1305, #9342 ) ;
#427 = MANIFOLD_SOLID_BREP ( 'Boss-Extrude4', #944 ) ;
#428 = VERTEX_POINT ( 'NONE', #3173 ) ;
#429 = LINE ( 'NONE', #1370, #10476 ) ;
#430 = ORIENTED_EDGE ( 'NONE', *, *, #6610, .T. ) ;
#431 = PLANE ( 'NONE',  #6823 ) ;
#432 = ORIENTED_EDGE ( 'NONE', *, *, #3383, .T. ) ;
#433 = VECTOR ( 'NONE', #8742, 1000.000000000000000 ) ;
#434 = VERTEX_POINT ( 'NONE', #6790 ) ;
#435 = LINE ( 'NONE', #4211, #5548 ) ;
#436 = CARTESIAN_POINT ( 'NONE',  ( -0.6749999999999998224, 0.8950000000000001288, 0.4949999999999995515 ) ) ;
#437 = VECTOR ( 'NONE', #10539, 1000.000000000000000 ) ;
#438 = CARTESIAN_POINT ( 'NONE',  ( 0.8249999999999999556, 0.07500000000000001110, 0.1500000000000005496 ) ) ;
#439 = ORIENTED_EDGE ( 'NONE', *, *, #8461, .F. ) ;
#440 = DIRECTION ( 'NONE',  ( 0.000000000000000000, 0.000000000000000000, 1.000000000000000000 ) ) ;
#441 = ORIENTED_EDGE ( 'NONE', *, *, #4989, .F. ) ;
#442 = VECTOR ( 'NONE', #9741, 1000.000000000000000 ) ;
#443 =( GEOMETRIC_REPRESENTATION_CONTEXT ( 3 ) GLOBAL_UNCERTAINTY_ASSIGNED_CONTEXT ( ( #9883 ) ) GLOBAL_UNIT_ASSIGNED_CONTEXT ( ( #1879, #6497, #5400 ) ) REPRESENTATION_CONTEXT ( 'NONE', 'WORKASPACE' ) );
#444 = VERTEX_POINT ( 'NONE', #8501 ) ;
#445 = ORIENTED_EDGE ( 'NONE', *, *, #10260, .F. ) ;
#446 = CARTESIAN_POINT ( 'NONE',  ( 2.254999999999999893, 0.8214213562373096078, 0.4949999999999995515 ) ) ;
#447 = LINE ( 'NONE', #8309, #8947 ) ;
#448 = DIRECTION ( 'NONE',  ( 0.5547001962252284812, -6.014071578255292344E-16, 0.8320502943378441651 ) ) ;
#449 = MANIFOLD_SOLID_BREP ( 'LPattern1[1]', #4698 ) ;
#450 = DIRECTION ( 'NONE',  ( -0.000000000000000000, -0.000000000000000000, -1.000000000000000000 ) ) ;
#451 = CYLINDRICAL_SURFACE ( 'NONE', #11601, 0.02499999999999987649 ) ;
#452 = VECTOR ( 'NONE', #9585, 1000.000000000000000 ) ;
#453 = DIRECTION ( 'NONE',  ( -1.000000000000000000, -0.000000000000000000, -0.000000000000000000 ) ) ;
#454 = CARTESIAN_POINT ( 'NONE',  ( 0.8249999999999999556, -1.203706215242022408E-32, -0.1249999999999994588 ) ) ;
#455 = EDGE_CURVE ( 'NONE', #1017, #1410, #5373, .T. ) ;
#456 = VECTOR ( 'NONE', #9310, 1000.000000000000000 ) ;
#457 = CARTESIAN_POINT ( 'NONE',  ( 1.324999999999999956, 0.03000000000000000930, -0.1249999999999994310 ) ) ;
#458 = VECTOR ( 'NONE', #7746, 1000.000000000000114 ) ;
#459 = DIRECTION ( 'NONE',  ( 0.3162277660168337778, -0.9486832980505152113, 0.000000000000000000 ) ) ;
#460 = CARTESIAN_POINT ( 'NONE',  ( 1.324999999999999956, 0.3350000000000001310, 2.709999999999999964 ) ) ;
#461 = AXIS2_PLACEMENT_3D ( 'NONE', #2422, #8752, #6308 ) ;
#462 = DIRECTION ( 'NONE',  ( 0.000000000000000000, -2.710505431213760592E-16, 1.000000000000000000 ) ) ;
#463 = ORIENTED_EDGE ( 'NONE', *, *, #8372, .F. ) ;
#464 = CARTESIAN_POINT ( 'NONE',  ( 1.175000000000000044, 0.1000000000000001305, -0.07500000000000003886 ) ) ;
#465 = DIRECTION ( 'NONE',  ( 1.000000000000000000, -0.000000000000000000, -1.219727444046192242E-16 ) ) ;
#466 = PLANE ( 'NONE',  #4617 ) ;
#467 = CARTESIAN_POINT ( 'NONE',  ( -1.175000000000000044, 0.3800000000000000044, -0.1749999999999994060 ) ) ;
#468 = DIRECTION ( 'NONE',  ( 0.000000000000000000, -0.000000000000000000, 1.000000000000000000 ) ) ;
#469 = ORIENTED_EDGE ( 'NONE', *, *, #4744, .T. ) ;
#470 = EDGE_CURVE ( 'NONE', #6617, #7533, #752, .T. ) ;
#471 = VECTOR ( 'NONE', #3307, 1000.000000000000000 ) ;
#472 = EDGE_CURVE ( 'NONE', #10730, #8189, #2575, .T. ) ;
#473 = PLANE ( 'NONE',  #284 ) ;
#474 = ORIENTED_EDGE ( 'NONE', *, *, #1493, .T. ) ;
#475 = LINE ( 'NONE', #4726, #4500 ) ;
#476 = ORIENTED_EDGE ( 'NONE', *, *, #3217, .F. ) ;
#477 = EDGE_CURVE ( 'NONE', #5757, #190, #4414, .T. ) ;
#478 = CIRCLE ( 'NONE', #5406, 0.07499999999999998335 ) ;
#479 = VECTOR ( 'NONE', #6478, 1000.000000000000000 ) ;
#481 = LINE ( 'NONE', #9485, #1093 ) ;
#480 = CARTESIAN_POINT ( 'NONE',  ( 2.254999999999999893, 0.9250000000001167288, 2.624999999999276135 ) ) ;
#482 = EDGE_CURVE ( 'NONE', #11541, #5793, #10061, .T. ) ;
#483 = DIRECTION ( 'NONE',  ( 0.000000000000000000, 1.000000000000000000, -4.336808689942016158E-15 ) ) ;
#484 = EDGE_CURVE ( 'NONE', #8305, #729, #10178, .T. ) ;
#485 = ORIENTED_EDGE ( 'NONE', *, *, #6393, .T. ) ;
#486 = EDGE_CURVE ( 'NONE', #3852, #2240, #9171, .T. ) ;
#487 = EDGE_CURVE ( 'NONE', #4681, #6695, #5609, .T. ) ;
#488 = ORIENTED_EDGE ( 'NONE', *, *, #5030, .F. ) ;
#489 = CARTESIAN_POINT ( 'NONE',  ( -1.955000000000000071, 1.050000000000000044, 3.025000000000000355 ) ) ;
#490 = ORIENTED_EDGE ( 'NONE', *, *, #857, .T. ) ;
#491 = DIRECTION ( 'NONE',  ( -1.000000000000000000, -0.000000000000000000, -0.000000000000000000 ) ) ;
#492 = ORIENTED_EDGE ( 'NONE', *, *, #551, .T. ) ;
#493 = CARTESIAN_POINT ( 'NONE',  ( 0.1750000000000000167, 0.3749999987231322773, 2.517714491643438635 ) ) ;
#494 = VERTEX_POINT ( 'NONE', #6558 ) ;
#495 = EDGE_LOOP ( 'NONE', ( #6525, #9124, #3675, #1476 ) ) ;
#496 = LINE ( 'NONE', #3210, #9530 ) ;
#497 = VECTOR ( 'NONE', #8754, 1000.000000000000000 ) ;
#498 = AXIS2_PLACEMENT_3D ( 'NONE', #11449, #683, #9306 ) ;
#499 = CARTESIAN_POINT ( 'NONE',  ( 2.049999999999999822, 0.7500000000000002220, 0.5949999999999996403 ) ) ;
#500 = CARTESIAN_POINT ( 'NONE',  ( 2.049999999999999822, 0.5599999999999999423, -0.5050000000000004485 ) ) ;
#501 = DIRECTION ( 'NONE',  ( 1.000000000000000000, 0.000000000000000000, 0.000000000000000000 ) ) ;
#502 = ORIENTED_EDGE ( 'NONE', *, *, #1058, .F. ) ;
#503 = AXIS2_PLACEMENT_3D ( 'NONE', #5055, #10501, #2392 ) ;
#504 = VERTEX_POINT ( 'NONE', #7502 ) ;
#505 = ORIENTED_EDGE ( 'NONE', *, *, #7878, .T. ) ;
#506 = ADVANCED_FACE ( 'NONE', ( #2050 ), #8392, .F. ) ;
#507 = FACE_OUTER_BOUND ( 'NONE', #10118, .T. ) ;
#508 = DIRECTION ( 'NONE',  ( 0.000000000000000000, -1.000000000000000000, 0.000000000000000000 ) ) ;
#509 = LINE ( 'NONE', #4966, #4931 ) ;
#510 = MANIFOLD_SOLID_BREP ( 'LPattern1[6]', #6596 ) ;
#511 = CARTESIAN_POINT ( 'NONE',  ( -0.1749999999999998224, 0.6800000000000001599, 0.4949999999999995515 ) ) ;
#512 = CARTESIAN_POINT ( 'NONE',  ( 2.104999999999999538, 1.050000000000000044, 1.149999999999277156 ) ) ;
#513 = LINE ( 'NONE', #9642, #9788 ) ;
#514 = CARTESIAN_POINT ( 'NONE',  ( -2.104999999999999982, 2.846030702774449139E-16, 2.224999999999276667 ) ) ;
#515 = FACE_OUTER_BOUND ( 'NONE', #9637, .T. ) ;
#516 = CARTESIAN_POINT ( 'NONE',  ( 0.3250000000000000111, 0.4249999987231686815, 2.505000000000000338 ) ) ;
#517 = EDGE_CURVE ( 'NONE', #10270, #10734, #6102, .T. ) ;
#518 = DIRECTION ( 'NONE',  ( 0.000000000000000000, 1.000000000000000000, 0.000000000000000000 ) ) ;
#519 = AXIS2_PLACEMENT_3D ( 'NONE', #2304, #11224, #5979 ) ;
#520 = ADVANCED_FACE ( 'NONE', ( #5096 ), #9610, .F. ) ;
#521 = DIRECTION ( 'NONE',  ( -1.000000000000000000, 0.000000000000000000, 1.219727444046192242E-16 ) ) ;
#522 = CARTESIAN_POINT ( 'NONE',  ( 0.1750000000000000167, 0.6800000000000001599, 0.5949999999999996403 ) ) ;
#523 = ORIENTED_EDGE ( 'NONE', *, *, #19, .F. ) ;
#524 = DIRECTION ( 'NONE',  ( 1.000000000000000000, 0.000000000000000000, -0.000000000000000000 ) ) ;
#525 = LINE ( 'NONE', #2373, #3313 ) ;
#526 = DIRECTION ( 'NONE',  ( -1.000000000000000000, 0.000000000000000000, 1.219727444046192242E-16 ) ) ;
#527 = LINE ( 'NONE', #7744, #6631 ) ;
#528 = CARTESIAN_POINT ( 'NONE',  ( -1.174999999999999822, 0.6800000000000001599, 0.4949999999999995515 ) ) ;
#529 = ORIENTED_EDGE ( 'NONE', *, *, #15, .T. ) ;
#530 = CARTESIAN_POINT ( 'NONE',  ( -2.055000000000000604, 1.050000000000000044, 2.124999999999999556 ) ) ;
#531 = ORIENTED_EDGE ( 'NONE', *, *, #9170, .F. ) ;
#532 = ADVANCED_FACE ( 'NONE', ( #8830 ), #5934, .F. ) ;
#533 = CIRCLE ( 'NONE', #8469, 0.1499999999999999667 ) ;
#534 =( LENGTH_UNIT ( ) NAMED_UNIT ( * ) SI_UNIT ( .MILLI., .METRE. ) );
#535 = ORIENTED_EDGE ( 'NONE', *, *, #6552, .F. ) ;
#536 = EDGE_LOOP ( 'NONE', ( #5951, #2346, #1668, #8299 ) ) ;
#537 = CARTESIAN_POINT ( 'NONE',  ( 2.049999999999999822, 0.8950000000000001288, 0.5327497731395587355 ) ) ;
#539 = FACE_OUTER_BOUND ( 'NONE', #9927, .T. ) ;
#538 = CARTESIAN_POINT ( 'NONE',  ( -1.175000000000000044, 0.6910569165342943521, 2.517345373982429635 ) ) ;
#540 = ORIENTED_EDGE ( 'NONE', *, *, #11535, .F. ) ;
#541 = DIRECTION ( 'NONE',  ( 1.219727444046192242E-16, 0.000000000000000000, 1.000000000000000000 ) ) ;
#542 = ORIENTED_EDGE ( 'NONE', *, *, #694, .T. ) ;
#543 = ORIENTED_EDGE ( 'NONE', *, *, #9093, .F. ) ;
#544 = VECTOR ( 'NONE', #9316, 1000.000000000000000 ) ;
#545 = VERTEX_POINT ( 'NONE', #4015 ) ;
#546 = EDGE_CURVE ( 'NONE', #4920, #9861, #5111, .T. ) ;
#547 = ORIENTED_EDGE ( 'NONE', *, *, #10943, .T. ) ;
#548 = CARTESIAN_POINT ( 'NONE',  ( -2.104999999999999982, 0.01250000000000022968, 2.203349364904666263 ) ) ;
#549 = ORIENTED_EDGE ( 'NONE', *, *, #8282, .F. ) ;
#550 = CARTESIAN_POINT ( 'NONE',  ( -2.049999999999999822, 0.7500000000000006661, -0.5049999999999987832 ) ) ;
#551 = EDGE_CURVE ( 'NONE', #563, #1237, #6817, .T. ) ;
#552 = ORIENTED_EDGE ( 'NONE', *, *, #7990, .F. ) ;
#553 = ADVANCED_FACE ( 'NONE', ( #7823 ), #7639, .F. ) ;
#554 = ORIENTED_EDGE ( 'NONE', *, *, #917, .F. ) ;
#555 = CARTESIAN_POINT ( 'NONE',  ( -1.324999999999999956, 0.3614999999999998215, 2.441500001276831089 ) ) ;
#556 = DIRECTION ( 'NONE',  ( 0.000000000000000000, 0.000000000000000000, -1.000000000000000000 ) ) ;
#557 = SURFACE_STYLE_USAGE ( .BOTH. , #5074 ) ;
#558 = CLOSED_SHELL ( 'NONE', ( #5062, #4668, #7175, #916, #2384, #3933, #8508, #4804, #7030 ) ) ;
#559 = PLANE ( 'NONE',  #9183 ) ;
#560 = ORIENTED_EDGE ( 'NONE', *, *, #4237, .T. ) ;
#561 = LINE ( 'NONE', #11451, #10248 ) ;
#562 = EDGE_CURVE ( 'NONE', #8011, #4011, #481, .T. ) ;
#563 = VERTEX_POINT ( 'NONE', #1605 ) ;
#564 = PLANE ( 'NONE',  #2399 ) ;
#565 = EDGE_CURVE ( 'NONE', #1800, #8047, #10433, .T. ) ;
#566 = EDGE_CURVE ( 'NONE', #10661, #2198, #3253, .T. ) ;
#567 = VERTEX_POINT ( 'NONE', #9554 ) ;
#568 = EDGE_LOOP ( 'NONE', ( #9364, #4315, #11432, #5391 ) ) ;
#569 = ADVANCED_FACE ( 'NONE', ( #5995 ), #2438, .F. ) ;
#570 = DIRECTION ( 'NONE',  ( -1.000000000000000000, -0.000000000000000000, -0.000000000000000000 ) ) ;
#571 = DIRECTION ( 'NONE',  ( 0.000000000000000000, -1.000000000000000000, 0.000000000000000000 ) ) ;
#572 = CARTESIAN_POINT ( 'NONE',  ( 2.254999999999999893, 0.01250000000000022968, 2.203349364904666263 ) ) ;
#573 = MANIFOLD_SOLID_BREP ( 'LPattern1[5]', #2057 ) ;
#574 = LINE ( 'NONE', #3929, #8317 ) ;
#575 = CARTESIAN_POINT ( 'NONE',  ( -0.3250000000000000111, 0.08000000000000001554, -0.1749999999999994893 ) ) ;
#576 = AXIS2_PLACEMENT_3D ( 'NONE', #6345, #793, #1674 ) ;
#577 = DIRECTION ( 'NONE',  ( 1.000000000000000000, 0.000000000000000000, 6.570922257487897174E-16 ) ) ;
#578 = CARTESIAN_POINT ( 'NONE',  ( 2.104999999999999538, 0.8000000000000001554, 0.8250000000000000666 ) ) ;
#579 = LINE ( 'NONE', #11518, #8594 ) ;
#580 = ADVANCED_FACE ( 'NONE', ( #539 ), #1362, .F. ) ;
#581 = DIRECTION ( 'NONE',  ( -1.000000000000000000, -0.000000000000000000, -0.000000000000000000 ) ) ;
#582 = PRESENTATION_LAYER_ASSIGNMENT (  '', '', ( #9087 ) ) ;
#583 = CARTESIAN_POINT ( 'NONE',  ( 1.665000000000000036, 0.4099999999999999756, 0.5950000000000003064 ) ) ;
#584 = LINE ( 'NONE', #7802, #437 ) ;
#585 = ORIENTED_EDGE ( 'NONE', *, *, #472, .T. ) ;
#586 = FILL_AREA_STYLE_COLOUR ( '', #9205 ) ;
#587 = DIRECTION ( 'NONE',  ( 0.000000000000000000, -0.8660254037844389297, 0.4999999999999993339 ) ) ;
#588 = ADVANCED_FACE ( 'NONE', ( #5340 ), #8, .T. ) ;
#589 = PLANE ( 'NONE',  #6719 ) ;
#590 = LINE ( 'NONE', #5160, #7094 ) ;
#591 = DIRECTION ( 'NONE',  ( 0.000000000000000000, -0.000000000000000000, 1.000000000000000000 ) ) ;
#592 = VERTEX_POINT ( 'NONE', #7210 ) ;
#593 = DIRECTION ( 'NONE',  ( -0.4103646773288018856, 0.000000000000000000, -0.9119215051751046186 ) ) ;
#594 = AXIS2_PLACEMENT_3D ( 'NONE', #5996, #541, #10503 ) ;
#595 = VERTEX_POINT ( 'NONE', #838 ) ;
#596 = ORIENTED_EDGE ( 'NONE', *, *, #9464, .T. ) ;
#597 = ADVANCED_FACE ( 'NONE', ( #3543 ), #9840, .F. ) ;
#598 = VECTOR ( 'NONE', #9820, 1000.000000000000227 ) ;
#600 = DIRECTION ( 'NONE',  ( 0.5205176042696101346, -4.628735207639481087E-16, 0.8538509376029433939 ) ) ;
#599 = CARTESIAN_POINT ( 'NONE',  ( 2.104999999999999982, 0.09044228633934728312, 2.158349364905389312 ) ) ;
#601 = VECTOR ( 'NONE', #2952, 1000.000000000000000 ) ;
#602 = CARTESIAN_POINT ( 'NONE',  ( 1.324999999999999956, 0.7250000000000001998, 2.577500000000000568 ) ) ;
#603 = VECTOR ( 'NONE', #9412, 1000.000000000000000 ) ;
#604 = ORIENTED_EDGE ( 'NONE', *, *, #11446, .T. ) ;
#605 = EDGE_LOOP ( 'NONE', ( #10905, #8488, #3830, #97 ) ) ;
#606 = ORIENTED_EDGE ( 'NONE', *, *, #9514, .T. ) ;
#607 = ADVANCED_FACE ( 'NONE', ( #9787 ), #8052, .T. ) ;
#608 = AXIS2_PLACEMENT_3D ( 'NONE', #3745, #7360, #9203 ) ;
#609 = AXIS2_PLACEMENT_3D ( 'NONE', #9819, #4473, #1693 ) ;
#610 = CARTESIAN_POINT ( 'NONE',  ( 2.254999999999999449, 0.8150000000000001688, 0.2450000000000000511 ) ) ;
#611 = EDGE_LOOP ( 'NONE', ( #8451, #1098, #3368, #6042 ) ) ;
#612 = VECTOR ( 'NONE', #6826, 1000.000000000000000 ) ;
#613 = AXIS2_PLACEMENT_3D ( 'NONE', #3030, #9438, #1256 ) ;
#614 = ORIENTED_EDGE ( 'NONE', *, *, #10890, .F. ) ;
#615 = FACE_OUTER_BOUND ( 'NONE', #4127, .T. ) ;
#616 = ORIENTED_EDGE ( 'NONE', *, *, #1069, .F. ) ;
#617 = VERTEX_POINT ( 'NONE', #2714 ) ;
#618 = DIRECTION ( 'NONE',  ( -1.219727444046192242E-16, 0.000000000000000000, -1.000000000000000000 ) ) ;
#619 = CARTESIAN_POINT ( 'NONE',  ( -0.3250000000000000111, 0.7250000000000001998, 2.492500000000000160 ) ) ;
#620 = VECTOR ( 'NONE', #7255, 1000.000000000000000 ) ;
#621 =( NAMED_UNIT ( * ) SI_UNIT ( $, .STERADIAN. ) SOLID_ANGLE_UNIT ( ) );
#622 = FACE_OUTER_BOUND ( 'NONE', #8023, .T. ) ;
#623 = ORIENTED_EDGE ( 'NONE', *, *, #178, .F. ) ;
#624 = CARTESIAN_POINT ( 'NONE',  ( -1.665000000000000036, 0.6800000000000000488, 0.8250000000000003997 ) ) ;
#625 = ORIENTED_EDGE ( 'NONE', *, *, #10875, .F. ) ;
#626 = EDGE_CURVE ( 'NONE', #3250, #8192, #10722, .T. ) ;
#627 = VECTOR ( 'NONE', #5070, 1000.000000000000000 ) ;
#628 = ORIENTED_EDGE ( 'NONE', *, *, #10014, .F. ) ;
#629 = DIRECTION ( 'NONE',  ( -1.000000000000000000, -0.000000000000000000, -0.000000000000000000 ) ) ;
#630 = ORIENTED_EDGE ( 'NONE', *, *, #3826, .T. ) ;
#631 = DIRECTION ( 'NONE',  ( -1.000000000000000000, -0.000000000000000000, -0.000000000000000000 ) ) ;
#632 = COLOUR_RGB ( '',1.000000000000000000, 0.8117647058823529438, 0.5019607843137254832 ) ;
#633 = DIRECTION ( 'NONE',  ( -0.000000000000000000, 1.000000000000000000, 0.000000000000000000 ) ) ;
#634 = EDGE_CURVE ( 'NONE', #1624, #10895, #10881, .T. ) ;
#635 = CARTESIAN_POINT ( 'NONE',  ( 0.000000000000000000, 0.6800000000000001599, 0.000000000000000000 ) ) ;
#636 = CARTESIAN_POINT ( 'NONE',  ( -0.3250000000000000111, 0.03000000000000000930, -0.1249999999999994310 ) ) ;
#637 = LINE ( 'NONE', #4167, #5257 ) ;
#638 = ORIENTED_EDGE ( 'NONE', *, *, #189, .T. ) ;
#639 = CARTESIAN_POINT ( 'NONE',  ( 2.104999999999999982, 0.000000000000000000, 2.724999999999276667 ) ) ;
#640 = VECTOR ( 'NONE', #5654, 1000.000000000000000 ) ;
#641 = EDGE_CURVE ( 'NONE', #34, #7989, #4319, .T. ) ;
#642 = AXIS2_PLACEMENT_3D ( 'NONE', #8596, #8656, #7754 ) ;
#643 = LINE ( 'NONE', #4907, #3242 ) ;
#644 = EDGE_CURVE ( 'NONE', #2603, #567, #5396, .T. ) ;
#645 = LINE ( 'NONE', #6025, #8786 ) ;
#646 = CARTESIAN_POINT ( 'NONE',  ( 1.324999999999999956, 0.4249999987231686815, 2.505000000000000338 ) ) ;
#647 = AXIS2_PLACEMENT_3D ( 'NONE', #11143, #10291, #2170 ) ;
#648 = CARTESIAN_POINT ( 'NONE',  ( -1.764999999999999902, 0.3350000000000001310, 2.825000000000000178 ) ) ;
#649 = PRESENTATION_STYLE_ASSIGNMENT (( #6086 ) ) ;
#650 = DIRECTION ( 'NONE',  ( 0.000000000000000000, -0.2503800040544424399, 0.9681476403781074103 ) ) ;
#651 = ORIENTED_EDGE ( 'NONE', *, *, #4264, .T. ) ;
#652 = DIRECTION ( 'NONE',  ( 0.000000000000000000, -0.000000000000000000, -1.000000000000000000 ) ) ;
#653 = CARTESIAN_POINT ( 'NONE',  ( -0.6750000000000000444, 0.4197467168032661955, 2.540024382298945227 ) ) ;
#654 = AXIS2_PLACEMENT_3D ( 'NONE', #3309, #2431, #5162 ) ;
#655 = CARTESIAN_POINT ( 'NONE',  ( 2.254999999999999893, 0.5300000000000002487, 0.4449999999999996736 ) ) ;
#656 = CARTESIAN_POINT ( 'NONE',  ( 0.8249999999999999556, 0.4249999987231686815, 2.505000000000000338 ) ) ;
#657 = EDGE_CURVE ( 'NONE', #7381, #11160, #723, .T. ) ;
#658 = PLANE ( 'NONE',  #393 ) ;
#659 = DIRECTION ( 'NONE',  ( 1.000000000000000000, 0.000000000000000000, 0.000000000000000000 ) ) ;
#660 = ORIENTED_EDGE ( 'NONE', *, *, #1708, .F. ) ;
#661 = VECTOR ( 'NONE', #4648, 1000.000000000000000 ) ;
#662 = AXIS2_PLACEMENT_3D ( 'NONE', #3536, #5224, #4306 ) ;
#663 = FACE_OUTER_BOUND ( 'NONE', #7893, .T. ) ;
#664 = VERTEX_POINT ( 'NONE', #9050 ) ;
#665 = VERTEX_POINT ( 'NONE', #1715 ) ;
#666 = AXIS2_PLACEMENT_3D ( 'NONE', #5660, #3819, #6675 ) ;
#667 = LINE ( 'NONE', #11428, #3081 ) ;
#668 = LINE ( 'NONE', #2496, #10791 ) ;
#669 = ORIENTED_EDGE ( 'NONE', *, *, #10737, .F. ) ;
#670 = ORIENTED_EDGE ( 'NONE', *, *, #4038, .T. ) ;
#671 = FACE_OUTER_BOUND ( 'NONE', #2335, .T. ) ;
#672 = VECTOR ( 'NONE', #6870, 1000.000000000000000 ) ;
#673 = VECTOR ( 'NONE', #1759, 1000.000000000000114 ) ;
#674 = ORIENTED_EDGE ( 'NONE', *, *, #1262, .F. ) ;
#675 = CARTESIAN_POINT ( 'NONE',  ( -0.1750000000000000167, 0.6800000000000001599, 0.8249999999999999556 ) ) ;
#676 = ORIENTED_EDGE ( 'NONE', *, *, #9022, .T. ) ;
#677 = ORIENTED_EDGE ( 'NONE', *, *, #2579, .T. ) ;
#678 = EDGE_LOOP ( 'NONE', ( #2951, #2149, #11133, #3464 ) ) ;
#679 = LINE ( 'NONE', #11498, #627 ) ;
#680 = CARTESIAN_POINT ( 'NONE',  ( -2.254999999999999893, 0.9000000000000002442, 2.124999999999999556 ) ) ;
#681 = SURFACE_STYLE_FILL_AREA ( #4277 ) ;
#682 = AXIS2_PLACEMENT_3D ( 'NONE', #10392, #2156, #1259 ) ;
#683 = DIRECTION ( 'NONE',  ( -1.000000000000000000, -0.000000000000000000, -0.000000000000000000 ) ) ;
#684 = ORIENTED_EDGE ( 'NONE', *, *, #11481, .F. ) ;
#685 = DIRECTION ( 'NONE',  ( 1.000000000000000000, 0.000000000000000000, 0.000000000000000000 ) ) ;
#686 = VERTEX_POINT ( 'NONE', #1664 ) ;
#687 = CARTESIAN_POINT ( 'NONE',  ( -2.049999999999999822, 0.4099999999999999756, 0.5949999999999996403 ) ) ;
#688 = EDGE_LOOP ( 'NONE', ( #2926, #1544, #5425, #4161 ) ) ;
#689 = AXIS2_PLACEMENT_3D ( 'NONE', #8641, #5097, #524 ) ;
#690 = ORIENTED_EDGE ( 'NONE', *, *, #2046, .F. ) ;
#691 = VECTOR ( 'NONE', #10827, 1000.000000000000000 ) ;
#692 = DIRECTION ( 'NONE',  ( 0.000000000000000000, 1.000000000000000000, 0.000000000000000000 ) ) ;
#693 = DIRECTION ( 'NONE',  ( 0.000000000000000000, -0.000000000000000000, 1.000000000000000000 ) ) ;
#694 = EDGE_CURVE ( 'NONE', #7904, #2330, #2546, .T. ) ;
#695 = PLANE ( 'NONE',  #9090 ) ;
#696 = DIRECTION ( 'NONE',  ( 1.000000000000000000, 0.000000000000000000, 0.000000000000000000 ) ) ;
#697 = SURFACE_STYLE_FILL_AREA ( #1808 ) ;
#698 = DIRECTION ( 'NONE',  ( 0.000000000000000000, 1.999553186960971874E-15, -1.000000000000000000 ) ) ;
#699 = LINE ( 'NONE', #11517, #6639 ) ;
#700 = PLANE ( 'NONE',  #9152 ) ;
#701 = ADVANCED_FACE ( 'NONE', ( #6166 ), #3489, .F. ) ;
#702 = AXIS2_PLACEMENT_3D ( 'NONE', #5501, #3658, #775 ) ;
#703 = LINE ( 'NONE', #759, #821 ) ;
#704 = LINE ( 'NONE', #4176, #5178 ) ;
#705 = DIRECTION ( 'NONE',  ( 1.000000000000000000, -0.000000000000000000, -0.000000000000000000 ) ) ;
#706 = UNCERTAINTY_MEASURE_WITH_UNIT (LENGTH_MEASURE( 1.000000000000000082E-05 ), #740, 'distance_accuracy_value', 'NONE');
#707 = ORIENTED_EDGE ( 'NONE', *, *, #9093, .T. ) ;
#708 = ADVANCED_FACE ( 'NONE', ( #9895 ), #1876, .F. ) ;
#709 = PLANE ( 'NONE',  #9755 ) ;
#710 = EDGE_CURVE ( 'NONE', #5076, #6864, #7106, .T. ) ;
#711 = DIRECTION ( 'NONE',  ( 0.000000000000000000, -0.000000000000000000, -1.000000000000000000 ) ) ;
#712 = CIRCLE ( 'NONE', #2766, 0.07499999999999998335 ) ;
#713 = FILL_AREA_STYLE_COLOUR ( '', #787 ) ;
#714 = ORIENTED_EDGE ( 'NONE', *, *, #987, .F. ) ;
#715 = DIRECTION ( 'NONE',  ( 0.000000000000000000, 1.000000000000000000, 0.000000000000000000 ) ) ;
#716 = ADVANCED_FACE ( 'NONE', ( #10007 ), #1826, .T. ) ;
#717 = DIRECTION ( 'NONE',  ( -1.000000000000000000, -0.000000000000000000, -0.000000000000000000 ) ) ;
#718 = COLOUR_RGB ( '',1.000000000000000000, 0.8117647058823529438, 0.5019607843137254832 ) ;
#719 = ORIENTED_EDGE ( 'NONE', *, *, #6277, .T. ) ;
#720 = DIRECTION ( 'NONE',  ( -1.000000000000000000, -0.000000000000000000, -0.000000000000000000 ) ) ;
#721 = LINE ( 'NONE', #6100, #217 ) ;
#723 = LINE ( 'NONE', #4442, #2738 ) ;
#722 = LINE ( 'NONE', #1987, #2524 ) ;
#724 = EDGE_LOOP ( 'NONE', ( #7528, #7681, #1190, #5199 ) ) ;
#725 = CARTESIAN_POINT ( 'NONE',  ( -0.6750000000000000444, 0.07500000000000001110, 0.1500000000000005496 ) ) ;
#726 = ORIENTED_EDGE ( 'NONE', *, *, #6126, .T. ) ;
#727 = ORIENTED_EDGE ( 'NONE', *, *, #9955, .F. ) ;
#728 = CARTESIAN_POINT ( 'NONE',  ( -0.8249999999999999556, 0.3350000000000001310, 2.709999999999999964 ) ) ;
#729 = VERTEX_POINT ( 'NONE', #7935 ) ;
#730 = EDGE_CURVE ( 'NONE', #2100, #5001, #8988, .T. ) ;
#731 = VERTEX_POINT ( 'NONE', #3427 ) ;
#732 = ORIENTED_EDGE ( 'NONE', *, *, #2046, .T. ) ;
#733 = CARTESIAN_POINT ( 'NONE',  ( 0.8250000000000001776, 0.8950000000000001288, 0.4949999999999995515 ) ) ;
#734 = ORIENTED_EDGE ( 'NONE', *, *, #5641, .F. ) ;
#735 = EDGE_LOOP ( 'NONE', ( #2435, #9136, #7821, #10505, #1725 ) ) ;
#736 = DIRECTION ( 'NONE',  ( 0.000000000000000000, -0.5735764363510453823, -0.8191520442889923537 ) ) ;
#737 = EDGE_LOOP ( 'NONE', ( #8794, #11618, #5137, #2659 ) ) ;
#738 = ADVANCED_FACE ( 'NONE', ( #8889 ), #7988, .F. ) ;
#739 = VECTOR ( 'NONE', #2404, 1000.000000000000000 ) ;
#740 =( LENGTH_UNIT ( ) NAMED_UNIT ( * ) SI_UNIT ( .MILLI., .METRE. ) );
#741 = ORIENTED_EDGE ( 'NONE', *, *, #8087, .F. ) ;
#742 = LINE ( 'NONE', #7172, #8342 ) ;
#743 = AXIS2_PLACEMENT_3D ( 'NONE', #8653, #717, #4074 ) ;
#744 = EDGE_LOOP ( 'NONE', ( #7158, #974, #7905, #7249 ) ) ;
#745 = ORIENTED_EDGE ( 'NONE', *, *, #8986, .T. ) ;
#746 = DIRECTION ( 'NONE',  ( -0.000000000000000000, 0.7071067811865457964, 0.7071067811865492381 ) ) ;
#747 = CARTESIAN_POINT ( 'NONE',  ( -0.1750000000000000167, 0.6910569165342943521, 2.517345373982429635 ) ) ;
#748 = DIRECTION ( 'NONE',  ( 0.000000000000000000, 0.000000000000000000, 1.000000000000000000 ) ) ;
#749 = AXIS2_PLACEMENT_3D ( 'NONE', #2778, #10889, #3722 ) ;
#750 = CARTESIAN_POINT ( 'NONE',  ( -0.3250000000000000111, 0.3350000000000001310, 2.709999999999999964 ) ) ;
#751 = DIRECTION ( 'NONE',  ( 0.000000000000000000, -0.000000000000000000, 1.000000000000000000 ) ) ;
#752 = LINE ( 'NONE', #11676, #4876 ) ;
#753 = VERTEX_POINT ( 'NONE', #11103 ) ;
#754 = FACE_OUTER_BOUND ( 'NONE', #3559, .T. ) ;
#755 = DIRECTION ( 'NONE',  ( -1.000000000000000000, -0.000000000000000000, -1.219727444046192242E-16 ) ) ;
#756 = CARTESIAN_POINT ( 'NONE',  ( 2.104999999999999538, 0.8000000000000001554, 0.8250000000000000666 ) ) ;
#757 = CIRCLE ( 'NONE', #9450, 0.1499999999999999667 ) ;
#758 = ADVANCED_FACE ( 'NONE', ( #341 ), #4789, .T. ) ;
#759 = CARTESIAN_POINT ( 'NONE',  ( -0.1750000000000000167, 0.07499999999999999722, 0.1250000000000005551 ) ) ;
#760 = DIRECTION ( 'NONE',  ( 0.000000000000000000, 0.000000000000000000, -1.000000000000000000 ) ) ;
#761 = VERTEX_POINT ( 'NONE', #10126 ) ;
#762 = DIRECTION ( 'NONE',  ( 0.000000000000000000, 0.4461978131098036648, -0.8949343616020275505 ) ) ;
#763 = LINE ( 'NONE', #10712, #10985 ) ;
#764 = DIRECTION ( 'NONE',  ( -1.000000000000000000, -0.000000000000000000, -0.000000000000000000 ) ) ;
#765 = ORIENTED_EDGE ( 'NONE', *, *, #1197, .T. ) ;
#766 = CARTESIAN_POINT ( 'NONE',  ( -0.6749999999999998224, 0.6800000000000001599, 0.4949999999999995515 ) ) ;
#767 = EDGE_CURVE ( 'NONE', #7622, #665, #2996, .T. ) ;
#768 = ADVANCED_FACE ( 'NONE', ( #10180 ), #1113, .T. ) ;
#769 = EDGE_CURVE ( 'NONE', #3774, #2260, #4859, .T. ) ;
#770 = ORIENTED_EDGE ( 'NONE', *, *, #11109, .F. ) ;
#771 = ORIENTED_EDGE ( 'NONE', *, *, #1339, .F. ) ;
#772 = LINE ( 'NONE', #2597, #1815 ) ;
#773 = DIRECTION ( 'NONE',  ( 0.000000000000000000, 0.000000000000000000, -1.000000000000000000 ) ) ;
#775 = DIRECTION ( 'NONE',  ( 0.000000000000000000, 0.000000000000000000, -1.000000000000000000 ) ) ;
#774 = DIRECTION ( 'NONE',  ( 0.000000000000000000, 5.421010862427520198E-16, 1.000000000000000000 ) ) ;
#776 = ORIENTED_EDGE ( 'NONE', *, *, #6008, .F. ) ;
#777 = CARTESIAN_POINT ( 'NONE',  ( -2.049999999999999822, 0.6100000000000000977, -0.5049999999999988942 ) ) ;
#778 = STYLED_ITEM ( 'NONE', ( #6398 ), #8170 ) ;
#779 = EDGE_CURVE ( 'NONE', #7378, #7454, #8267, .T. ) ;
#780 = AXIS2_PLACEMENT_3D ( 'NONE', #8659, #4136, #7755 ) ;
#781 = EDGE_LOOP ( 'NONE', ( #7783, #10357, #4332, #9789 ) ) ;
#782 = ADVANCED_FACE ( 'NONE', ( #3829 ), #4715, .F. ) ;
#783 = LINE ( 'NONE', #728, #4032 ) ;
#784 = VERTEX_POINT ( 'NONE', #10991 ) ;
#785 = EDGE_CURVE ( 'NONE', #8373, #6065, #1229, .T. ) ;
#786 = VERTEX_POINT ( 'NONE', #7556 ) ;
#787 = COLOUR_RGB ( '',1.000000000000000000, 0.8117647058823529438, 0.5019607843137254832 ) ;
#788 = AXIS2_PLACEMENT_3D ( 'NONE', #5611, #6685, #3893 ) ;
#789 = ORIENTED_EDGE ( 'NONE', *, *, #5545, .T. ) ;
#790 = PLANE ( 'NONE',  #2786 ) ;
#791 = VERTEX_POINT ( 'NONE', #10064 ) ;
#792 = ORIENTED_EDGE ( 'NONE', *, *, #10875, .T. ) ;
#793 = DIRECTION ( 'NONE',  ( 1.000000000000000000, 0.000000000000000000, 0.000000000000000000 ) ) ;
#794 = LINE ( 'NONE', #1729, #4418 ) ;
#795 = ORIENTED_EDGE ( 'NONE', *, *, #2135, .F. ) ;
#796 = EDGE_CURVE ( 'NONE', #10628, #8295, #7380, .T. ) ;
#797 = SURFACE_STYLE_USAGE ( .BOTH. , #8845 ) ;
#798 = AXIS2_PLACEMENT_3D ( 'NONE', #8757, #705, #7975 ) ;
#799 = ORIENTED_EDGE ( 'NONE', *, *, #4454, .F. ) ;
#800 =( GEOMETRIC_REPRESENTATION_CONTEXT ( 3 ) GLOBAL_UNCERTAINTY_ASSIGNED_CONTEXT ( ( #4973 ) ) GLOBAL_UNIT_ASSIGNED_CONTEXT ( ( #1990, #7547, #3050 ) ) REPRESENTATION_CONTEXT ( 'NONE', 'WORKASPACE' ) );
#801 = DIRECTION ( 'NONE',  ( -1.000000000000000000, 0.000000000000000000, -0.000000000000000000 ) ) ;
#802 = AXIS2_PLACEMENT_3D ( 'NONE', #1871, #6545, #5658 ) ;
#803 = FILL_AREA_STYLE ('',( #8020 ) ) ;
#804 = VERTEX_POINT ( 'NONE', #3062 ) ;
#805 = ORIENTED_EDGE ( 'NONE', *, *, #9906, .F. ) ;
#806 = CARTESIAN_POINT ( 'NONE',  ( 0.6750000000000000444, 0.8950000000000001288, 0.5327497731395587355 ) ) ;
#807 = DIRECTION ( 'NONE',  ( 0.000000000000000000, -0.000000000000000000, -1.000000000000000000 ) ) ;
#808 = DIRECTION ( 'NONE',  ( 0.000000000000000000, 7.228014483236697541E-16, -1.000000000000000000 ) ) ;
#809 = CARTESIAN_POINT ( 'NONE',  ( 2.049999999999999822, 0.7500000000000002220, 0.5949999999999996403 ) ) ;
#810 = AXIS2_PLACEMENT_3D ( 'NONE', #5308, #7121, #11563 ) ;
#811 = CARTESIAN_POINT ( 'NONE',  ( -0.8249999999999999556, 0.4050000000000000266, -0.07499999999999942824 ) ) ;
#812 = ADVANCED_FACE ( 'NONE', ( #6561 ), #6684, .T. ) ;
#813 = DIRECTION ( 'NONE',  ( 0.000000000000000000, 1.000000000000000000, 0.000000000000000000 ) ) ;
#814 = CARTESIAN_POINT ( 'NONE',  ( -0.3250000000000000111, -1.203706215242022408E-32, -0.1249999999999994588 ) ) ;
#815 = VERTEX_POINT ( 'NONE', #116 ) ;
#816 = CARTESIAN_POINT ( 'NONE',  ( -1.684999999999999831, 0.05000000000000012768, -0.07500000000000003886 ) ) ;
#817 = DIRECTION ( 'NONE',  ( 1.000000000000000000, -0.000000000000000000, 0.000000000000000000 ) ) ;
#818 = DIRECTION ( 'NONE',  ( 0.000000000000000000, 0.000000000000000000, 1.000000000000000000 ) ) ;
#819 = DIRECTION ( 'NONE',  ( 0.000000000000000000, 0.000000000000000000, -1.000000000000000000 ) ) ;
#820 = CYLINDRICAL_SURFACE ( 'NONE', #8980, 0.05000000000000002359 ) ;
#821 = VECTOR ( 'NONE', #7736, 1000.000000000000000 ) ;
#822 = CIRCLE ( 'NONE', #2697, 0.2000000000000000944 ) ;
#823 = CARTESIAN_POINT ( 'NONE',  ( -1.175000000000000044, 0.8950000000000001288, 0.8249999999999999556 ) ) ;
#824 = DIRECTION ( 'NONE',  ( 0.000000000000000000, 1.000000000000000000, 0.000000000000000000 ) ) ;
#825 = DIRECTION ( 'NONE',  ( -0.000000000000000000, 1.000000000000000000, -0.000000000000000000 ) ) ;
#826 = VECTOR ( 'NONE', #4899, 1000.000000000000000 ) ;
#827 = PLANE ( 'NONE',  #7385 ) ;
#828 = DIRECTION ( 'NONE',  ( 1.000000000000000000, 0.000000000000000000, 0.000000000000000000 ) ) ;
#829 = FACE_OUTER_BOUND ( 'NONE', #9636, .T. ) ;
#830 = ORIENTED_EDGE ( 'NONE', *, *, #6277, .F. ) ;
#831 = AXIS2_PLACEMENT_3D ( 'NONE', #151, #2808, #6474 ) ;
#832 = VECTOR ( 'NONE', #9916, 1000.000000000000000 ) ;
#833 = DIRECTION ( 'NONE',  ( 0.000000000000000000, 0.000000000000000000, 1.000000000000000000 ) ) ;
#834 = ORIENTED_EDGE ( 'NONE', *, *, #6706, .F. ) ;
#835 = ORIENTED_EDGE ( 'NONE', *, *, #8006, .T. ) ;
#836 = DIRECTION ( 'NONE',  ( 0.000000000000000000, -1.000000000000000000, 0.000000000000000000 ) ) ;
#837 = DIRECTION ( 'NONE',  ( 0.000000000000000000, -0.000000000000000000, -1.000000000000000000 ) ) ;
#838 = CARTESIAN_POINT ( 'NONE',  ( -2.049999999999999822, 1.050000000000000044, -0.5049999999999988942 ) ) ;
#839 = DIRECTION ( 'NONE',  ( 1.000000000000000000, 0.000000000000000000, 0.000000000000000000 ) ) ;
#840 = ORIENTED_EDGE ( 'NONE', *, *, #6934, .T. ) ;
#841 = DIRECTION ( 'NONE',  ( 1.000000000000000000, 0.000000000000000000, 6.570922257487897174E-16 ) ) ;
#842 = VECTOR ( 'NONE', #3519, 1000.000000000000000 ) ;
#843 = ORIENTED_EDGE ( 'NONE', *, *, #7950, .F. ) ;
#844 = VECTOR ( 'NONE', #7374, 1000.000000000000000 ) ;
#845 = LINE ( 'NONE', #7110, #5740 ) ;
#846 = EDGE_CURVE ( 'NONE', #8429, #567, #3712, .T. ) ;
#847 = DIRECTION ( 'NONE',  ( 0.000000000000000000, 0.000000000000000000, -1.000000000000000000 ) ) ;
#848 = CIRCLE ( 'NONE', #7451, 0.02499999999999990424 ) ;
#849 = EDGE_CURVE ( 'NONE', #7001, #4070, #1285, .T. ) ;
#850 = ORIENTED_EDGE ( 'NONE', *, *, #3431, .T. ) ;
#851 = DIRECTION ( 'NONE',  ( -1.000000000000000000, 0.000000000000000000, -1.219727444046192242E-16 ) ) ;
#852 = ADVANCED_FACE ( 'NONE', ( #2429 ), #5100, .F. ) ;
#853 = ORIENTED_EDGE ( 'NONE', *, *, #2099, .T. ) ;
#854 = PLANE ( 'NONE',  #10216 ) ;
#855 = CARTESIAN_POINT ( 'NONE',  ( -0.6750000000000000444, 8.735352324927245566E-18, 0.1500000000000005496 ) ) ;
#856 = VERTEX_POINT ( 'NONE', #1407 ) ;
#857 = EDGE_CURVE ( 'NONE', #1901, #8359, #8763, .T. ) ;
#858 = EDGE_CURVE ( 'NONE', #6691, #8724, #10362, .T. ) ;
#859 = SURFACE_SIDE_STYLE ('',( #681 ) ) ;
#860 = EDGE_LOOP ( 'NONE', ( #5240, #7630, #529, #10512, #8686, #9729, #5115 ) ) ;
#861 = FACE_OUTER_BOUND ( 'NONE', #7511, .T. ) ;
#862 = VECTOR ( 'NONE', #11416, 1000.000000000000000 ) ;
#863 = VECTOR ( 'NONE', #6374, 1000.000000000000000 ) ;
#864 = VERTEX_POINT ( 'NONE', #6983 ) ;
#865 = EDGE_CURVE ( 'NONE', #8908, #3327, #7809, .T. ) ;
#866 = CARTESIAN_POINT ( 'NONE',  ( 1.324999999999999956, 0.1000000000000001305, -0.07500000000000003886 ) ) ;
#867 = ORIENTED_EDGE ( 'NONE', *, *, #2981, .F. ) ;
#868 = LINE ( 'NONE', #9862, #11385 ) ;
#869 = CARTESIAN_POINT ( 'NONE',  ( 1.175000000000000044, 0.6800000000000001599, 0.4949999999999995515 ) ) ;
#870 = CARTESIAN_POINT ( 'NONE',  ( 1.324999999999999956, 0.6800000000000001599, 0.8249999999999999556 ) ) ;
#871 = PLANE ( 'NONE',  #238 ) ;
#872 = DIRECTION ( 'NONE',  ( 0.000000000000000000, 0.000000000000000000, 1.000000000000000000 ) ) ;
#873 = VECTOR ( 'NONE', #4774, 1000.000000000000114 ) ;
#874 = VECTOR ( 'NONE', #3855, 1000.000000000000000 ) ;
#875 =( NAMED_UNIT ( * ) SI_UNIT ( $, .STERADIAN. ) SOLID_ANGLE_UNIT ( ) );
#876 = UNCERTAINTY_MEASURE_WITH_UNIT (LENGTH_MEASURE( 1.000000000000000082E-05 ), #7680, 'distance_accuracy_value', 'NONE');
#877 = ORIENTED_EDGE ( 'NONE', *, *, #7837, .T. ) ;
#878 = CYLINDRICAL_SURFACE ( 'NONE', #5152, 0.04999999999999999584 ) ;
#879 = PLANE ( 'NONE',  #2665 ) ;
#880 = ORIENTED_EDGE ( 'NONE', *, *, #3306, .T. ) ;
#881 = DIRECTION ( 'NONE',  ( 0.000000000000000000, 5.421010862427520198E-16, 1.000000000000000000 ) ) ;
#882 = PLANE ( 'NONE',  #1401 ) ;
#883 = DIRECTION ( 'NONE',  ( 0.000000000000000000, -9.035018104045865024E-16, 1.000000000000000000 ) ) ;
#884 = VECTOR ( 'NONE', #872, 1000.000000000000000 ) ;
#885 = VECTOR ( 'NONE', #6637, 1000.000000000000000 ) ;
#886 = LINE ( 'NONE', #4478, #11581 ) ;
#887 = DIRECTION ( 'NONE',  ( 1.000000000000000000, -0.000000000000000000, -0.000000000000000000 ) ) ;
#888 = CARTESIAN_POINT ( 'NONE',  ( -1.175000000000000044, 0.03000000000000000930, -0.1249999999999994310 ) ) ;
#889 = CARTESIAN_POINT ( 'NONE',  ( 1.175000000000000044, 0.03000000000000000930, -0.1749999999999994615 ) ) ;
#890 = LINE ( 'NONE', #1702, #4252 ) ;
#891 = DIRECTION ( 'NONE',  ( 0.000000000000000000, -0.000000000000000000, 1.000000000000000000 ) ) ;
#892 = EDGE_CURVE ( 'NONE', #2729, #11305, #590, .T. ) ;
#893 = VECTOR ( 'NONE', #221, 1000.000000000000000 ) ;
#894 = ORIENTED_EDGE ( 'NONE', *, *, #3782, .F. ) ;
#895 = CARTESIAN_POINT ( 'NONE',  ( 1.324999999999999956, 0.1000000000000001027, 0.1250000000000005551 ) ) ;
#896 = EDGE_LOOP ( 'NONE', ( #7046, #2383, #4206, #2563, #6049 ) ) ;
#897 = ORIENTED_EDGE ( 'NONE', *, *, #5538, .T. ) ;
#898 = CARTESIAN_POINT ( 'NONE',  ( -0.6750000000000000444, 0.1000000000000001305, -0.07500000000000003886 ) ) ;
#899 = CARTESIAN_POINT ( 'NONE',  ( 2.026923076923076383, 0.6100000000000000977, -0.5396153846153848299 ) ) ;
#900 = ORIENTED_EDGE ( 'NONE', *, *, #11251, .T. ) ;
#901 = PLANE ( 'NONE',  #4956 ) ;
#902 = SURFACE_SIDE_STYLE ('',( #9009 ) ) ;
#903 = EDGE_LOOP ( 'NONE', ( #1354, #4722, #5397, #200 ) ) ;
#904 = EDGE_CURVE ( 'NONE', #9861, #173, #10596, .T. ) ;
#905 = DIRECTION ( 'NONE',  ( 0.000000000000000000, 0.000000000000000000, -1.000000000000000000 ) ) ;
#906 = ORIENTED_EDGE ( 'NONE', *, *, #6739, .T. ) ;
#907 = LINE ( 'NONE', #3773, #10934 ) ;
#908 = ORIENTED_EDGE ( 'NONE', *, *, #3653, .F. ) ;
#909 = CARTESIAN_POINT ( 'NONE',  ( 1.324999999999999956, 0.4249999987231686815, 2.505000000000000338 ) ) ;
#910 = ORIENTED_EDGE ( 'NONE', *, *, #11196, .T. ) ;
#911 = FACE_OUTER_BOUND ( 'NONE', #5986, .T. ) ;
#912 = CARTESIAN_POINT ( 'NONE',  ( 2.254999999999999449, 0.7650000000000001243, 0.7606385001764666143 ) ) ;
#913 = ORIENTED_EDGE ( 'NONE', *, *, #2443, .T. ) ;
#914 = ORIENTED_EDGE ( 'NONE', *, *, #5059, .F. ) ;
#915 = CARTESIAN_POINT ( 'NONE',  ( 0.3250000000000000111, 0.3614999999999998215, 2.441500001276831089 ) ) ;
#916 = ADVANCED_FACE ( 'NONE', ( #6930 ), #6033, .F. ) ;
#917 = EDGE_CURVE ( 'NONE', #10525, #4857, #3364, .T. ) ;
#918 = ORIENTED_EDGE ( 'NONE', *, *, #11088, .T. ) ;
#919 = VERTEX_POINT ( 'NONE', #4917 ) ;
#920 = DIRECTION ( 'NONE',  ( -1.000000000000000000, 0.000000000000000000, -0.000000000000000000 ) ) ;
#921 = AXIS2_PLACEMENT_3D ( 'NONE', #10252, #5743, #9363 ) ;
#922 = CARTESIAN_POINT ( 'NONE',  ( 0.000000000000000000, 0.8950000000000001288, 0.000000000000000000 ) ) ;
#923 = DIRECTION ( 'NONE',  ( 0.000000000000000000, 0.000000000000000000, -1.000000000000000000 ) ) ;
#924 = CARTESIAN_POINT ( 'NONE',  ( 2.500000000000000444, 1.050000000000000044, -0.07500000000000003886 ) ) ;
#925 = EDGE_CURVE ( 'NONE', #2442, #6323, #10864, .T. ) ;
#926 = ORIENTED_EDGE ( 'NONE', *, *, #10606, .F. ) ;
#927 = CARTESIAN_POINT ( 'NONE',  ( -1.324999999999999956, 0.3350000000000001310, 2.709999999999999964 ) ) ;
#928 = CIRCLE ( 'NONE', #10754, 0.07499999999999998335 ) ;
#929 = CARTESIAN_POINT ( 'NONE',  ( 0.8249999999999999556, 0.4197467168032661955, 2.540024382298945227 ) ) ;
#930 = ORIENTED_EDGE ( 'NONE', *, *, #3217, .T. ) ;
#931 = ADVANCED_FACE ( 'NONE', ( #2242 ), #11345, .F. ) ;
#932 = LINE ( 'NONE', #3408, #5595 ) ;
#933 = EDGE_CURVE ( 'NONE', #617, #3840, #4625, .T. ) ;
#934 = CARTESIAN_POINT ( 'NONE',  ( 2.049999999999999822, 0.8300000000000000711, 0.3949999999999996292 ) ) ;
#935 = CARTESIAN_POINT ( 'NONE',  ( 0.3250000000000000111, -1.203706215242022408E-32, -0.1249999999999994588 ) ) ;
#936 = EDGE_CURVE ( 'NONE', #2533, #1624, #9657, .T. ) ;
#937 = DIRECTION ( 'NONE',  ( -1.000000000000000000, -0.000000000000000000, -0.000000000000000000 ) ) ;
#938 = CARTESIAN_POINT ( 'NONE',  ( -2.104999999999999538, 0.8000000000000001554, 0.8250000000000000666 ) ) ;
#939 = CARTESIAN_POINT ( 'NONE',  ( 0.6750000000000000444, 0.6910569165342943521, 2.517345373982429635 ) ) ;
#940 = VECTOR ( 'NONE', #6740, 1000.000000000000000 ) ;
#941 = CARTESIAN_POINT ( 'NONE',  ( 1.175000000000000044, 1.000000000000000000, -0.3599999999999996536 ) ) ;
#942 = DIRECTION ( 'NONE',  ( 0.000000000000000000, 0.000000000000000000, 1.000000000000000000 ) ) ;
#943 = EDGE_CURVE ( 'NONE', #949, #8679, #9597, .T. ) ;
#944 = CLOSED_SHELL ( 'NONE', ( #6159, #10493, #4990, #10036, #812, #5751, #8085, #7810, #11613, #6402, #3663, #3891, #10516, #9373, #5673, #4915, #11557, #3163, #6410, #2866, #7536, #5209, #5702, #8139, #10027, #53, #11543, #2191, #6036, #7563, #569, #7018, #8278, #1704, #11324, #3373, #6571, #708, #2293, #11159, #10969, #10191, #8043, #4658, #5794, #5243 ) ) ;
#945 = ORIENTED_EDGE ( 'NONE', *, *, #5618, .T. ) ;
#946 = CARTESIAN_POINT ( 'NONE',  ( -0.6750000000000000444, 0.3800000000000000044, -0.1749999999999994060 ) ) ;
#947 = PLANE ( 'NONE',  #5515 ) ;
#948 = CARTESIAN_POINT ( 'NONE',  ( 2.742820151918668954E-31, 0.9999999999999997780, 5.470795656062057701E-16 ) ) ;
#949 = VERTEX_POINT ( 'NONE', #7621 ) ;
#950 = LINE ( 'NONE', #6272, #3234 ) ;
#951 = CARTESIAN_POINT ( 'NONE',  ( 0.6750000000000000444, 0.3800000000000000044, -0.1749999999999994060 ) ) ;
#952 = ORIENTED_EDGE ( 'NONE', *, *, #4254, .T. ) ;
#953 = ORIENTED_EDGE ( 'NONE', *, *, #8262, .T. ) ;
#954 = CARTESIAN_POINT ( 'NONE',  ( -1.324999999999999956, 0.4050000000000000266, -0.07499999999999942824 ) ) ;
#955 = ORIENTED_EDGE ( 'NONE', *, *, #3144, .F. ) ;
#956 = ORIENTED_EDGE ( 'NONE', *, *, #4294, .F. ) ;
#957 = CARTESIAN_POINT ( 'NONE',  ( -0.8250000000000001776, 0.6800000000000001599, 0.4449999999999996736 ) ) ;
#958 = ORIENTED_EDGE ( 'NONE', *, *, #3975, .T. ) ;
#959 = PRESENTATION_LAYER_ASSIGNMENT (  '', '', ( #7013 ) ) ;
#960 = DIRECTION ( 'NONE',  ( 0.000000000000000000, -0.000000000000000000, -1.000000000000000000 ) ) ;
#961 = CARTESIAN_POINT ( 'NONE',  ( 2.254999999999999893, 1.510351568049345582E-17, 2.224999999999276667 ) ) ;
#962 = AXIS2_PLACEMENT_3D ( 'NONE', #8801, #5517, #11631 ) ;
#963 = EDGE_LOOP ( 'NONE', ( #11607, #6379, #10955, #3627 ) ) ;
#964 = ORIENTED_EDGE ( 'NONE', *, *, #6777, .T. ) ;
#965 = CARTESIAN_POINT ( 'NONE',  ( -0.1750000000000000167, 0.3614999999999998215, 2.441500001276831089 ) ) ;
#966 = ORIENTED_EDGE ( 'NONE', *, *, #7575, .T. ) ;
#967 = FACE_OUTER_BOUND ( 'NONE', #11662, .T. ) ;
#968 = AXIS2_PLACEMENT_3D ( 'NONE', #8148, #3417, #4484 ) ;
#969 = AXIS2_PLACEMENT_3D ( 'NONE', #7507, #5734, #1231 ) ;
#970 = LINE ( 'NONE', #3682, #3189 ) ;
#971 = DIRECTION ( 'NONE',  ( 1.000000000000000000, 0.000000000000000000, 0.000000000000000000 ) ) ;
#972 = VERTEX_POINT ( 'NONE', #8581 ) ;
#973 = DIRECTION ( 'NONE',  ( 0.000000000000000000, -1.000000000000000000, 0.000000000000000000 ) ) ;
#974 = ORIENTED_EDGE ( 'NONE', *, *, #644, .F. ) ;
#975 = VERTEX_POINT ( 'NONE', #10487 ) ;
#976 = DIRECTION ( 'NONE',  ( -1.000000000000000000, -0.000000000000000000, -0.000000000000000000 ) ) ;
#977 = VECTOR ( 'NONE', #389, 1000.000000000000000 ) ;
#978 = EDGE_LOOP ( 'NONE', ( #4869, #11122, #7282, #8846 ) ) ;
#979 = SURFACE_STYLE_USAGE ( .BOTH. , #1039 ) ;
#980 = ADVANCED_FACE ( 'NONE', ( #11226 ), #466, .T. ) ;
#981 = EDGE_CURVE ( 'NONE', #10730, #9468, #6803, .T. ) ;
#982 = CARTESIAN_POINT ( 'NONE',  ( 2.049999999999999822, 0.7500000000000002220, 0.5949999999999996403 ) ) ;
#983 = ORIENTED_EDGE ( 'NONE', *, *, #769, .F. ) ;
#984 = DIRECTION ( 'NONE',  ( 0.000000000000000000, 0.000000000000000000, 1.000000000000000000 ) ) ;
#985 = FACE_OUTER_BOUND ( 'NONE', #3136, .T. ) ;
#986 = VECTOR ( 'NONE', #2921, 1000.000000000000000 ) ;
#987 = EDGE_CURVE ( 'NONE', #1491, #7104, #3867, .T. ) ;
#988 = AXIS2_PLACEMENT_3D ( 'NONE', #10381, #2263, #5874 ) ;
#989 = PLANE ( 'NONE',  #11388 ) ;
#990 = CARTESIAN_POINT ( 'NONE',  ( 2.254999999999999449, 0.7500000000000001110, -0.004999999999999991430 ) ) ;
#991 = EDGE_CURVE ( 'NONE', #7171, #9255, #10979, .T. ) ;
#992 = CARTESIAN_POINT ( 'NONE',  ( 1.324999999999999956, 0.3350000000000001310, 2.709999999999999964 ) ) ;
#993 = DIRECTION ( 'NONE',  ( 0.000000000000000000, -1.355252715606876598E-16, 1.000000000000000000 ) ) ;
#994 = CARTESIAN_POINT ( 'NONE',  ( -2.049999999999999822, 0.6800000000000001599, 0.4449999999999996736 ) ) ;
#995 = ADVANCED_FACE ( 'NONE', ( #4704 ), #10168, .F. ) ;
#996 = VECTOR ( 'NONE', #2167, 1000.000000000000000 ) ;
#997 = LINE ( 'NONE', #1872, #3034 ) ;
#998 = DIRECTION ( 'NONE',  ( 0.000000000000000000, 0.000000000000000000, 1.000000000000000000 ) ) ;
#999 = AXIS2_PLACEMENT_3D ( 'NONE', #3168, #8855, #748 ) ;
#1000 = EDGE_CURVE ( 'NONE', #7080, #2561, #7368, .T. ) ;
#1001 = EDGE_LOOP ( 'NONE', ( #547, #5943, #4072, #2671 ) ) ;
#1002 = PLANE ( 'NONE',  #2408 ) ;
#1003 = PRESENTATION_LAYER_ASSIGNMENT (  '', '', ( #4409 ) ) ;
#1004 = DIRECTION ( 'NONE',  ( -1.000000000000000000, 0.000000000000000000, 3.942553354492744024E-16 ) ) ;
#1005 = EDGE_LOOP ( 'NONE', ( #7952, #6118, #2907, #11047 ) ) ;
#1006 = LINE ( 'NONE', #7326, #6078 ) ;
#1007 = PRESENTATION_STYLE_ASSIGNMENT (( #7383 ) ) ;
#1008 = VECTOR ( 'NONE', #5599, 1000.000000000000000 ) ;
#1009 = FACE_OUTER_BOUND ( 'NONE', #568, .T. ) ;
#1010 = VERTEX_POINT ( 'NONE', #4649 ) ;
#1011 = VECTOR ( 'NONE', #8533, 1000.000000000000000 ) ;
#1012 = ORIENTED_EDGE ( 'NONE', *, *, #9527, .T. ) ;
#1013 = CARTESIAN_POINT ( 'NONE',  ( 0.8249999999999999556, 0.1000000000000001027, 0.1250000000000005551 ) ) ;
#1014 = STYLED_ITEM ( 'NONE', ( #2002 ), #4401 ) ;
#1015 = ORIENTED_EDGE ( 'NONE', *, *, #6197, .F. ) ;
#1016 = VECTOR ( 'NONE', #4843, 1000.000000000000000 ) ;
#1017 = VERTEX_POINT ( 'NONE', #7434 ) ;
#1018 = EDGE_LOOP ( 'NONE', ( #3693, #4569, #1943, #877 ) ) ;
#1019 = VECTOR ( 'NONE', #2230, 1000.000000000000000 ) ;
#1020 = CARTESIAN_POINT ( 'NONE',  ( -2.104999999999999982, 0.09044228633934747741, 2.158349364905389312 ) ) ;
#1021 = CYLINDRICAL_SURFACE ( 'NONE', #2098, 0.1000000000000002554 ) ;
#1022 = VECTOR ( 'NONE', #8347, 1000.000000000000000 ) ;
#1023 = SURFACE_SIDE_STYLE ('',( #9068 ) ) ;
#1024 = CARTESIAN_POINT ( 'NONE',  ( -1.175000000000000044, -1.203706215242022408E-32, -0.1249999999999994588 ) ) ;
#1025 = ORIENTED_EDGE ( 'NONE', *, *, #4293, .F. ) ;
#1026 = CARTESIAN_POINT ( 'NONE',  ( -1.324999999999999956, 0.6800000000000001599, 0.8249999999999999556 ) ) ;
#1027 = ORIENTED_EDGE ( 'NONE', *, *, #3826, .F. ) ;
#1028 = CARTESIAN_POINT ( 'NONE',  ( -2.049999999999999822, 0.6800000000000001599, 0.3949999999999996292 ) ) ;
#1029 = VECTOR ( 'NONE', #11636, 1000.000000000000000 ) ;
#1030 = EDGE_CURVE ( 'NONE', #592, #5275, #10925, .T. ) ;
#1031 = PRESENTATION_STYLE_ASSIGNMENT (( #9134 ) ) ;
#1032 = DIRECTION ( 'NONE',  ( 6.570922257487896188E-16, 0.000000000000000000, -1.000000000000000000 ) ) ;
#1033 = ORIENTED_EDGE ( 'NONE', *, *, #10173, .F. ) ;
#1034 = DIRECTION ( 'NONE',  ( 0.000000000000000000, -0.7071067811865457964, -0.7071067811865492381 ) ) ;
#1035 = CARTESIAN_POINT ( 'NONE',  ( -0.8249999999999999556, 0.6800000000000001599, 0.4949999999999995515 ) ) ;
#1036 = ORIENTED_EDGE ( 'NONE', *, *, #482, .F. ) ;
#1037 = ORIENTED_EDGE ( 'NONE', *, *, #4744, .F. ) ;
#1038 = DIRECTION ( 'NONE',  ( -0.000000000000000000, 1.000000000000000000, 0.000000000000000000 ) ) ;
#1039 = SURFACE_SIDE_STYLE ('',( #8132 ) ) ;
#1040 = PLANE ( 'NONE',  #608 ) ;
#1041 = LINE ( 'NONE', #4421, #8030 ) ;
#1042 = EDGE_CURVE ( 'NONE', #9007, #4753, #7492, .T. ) ;
#1043 = PLANE ( 'NONE',  #7875 ) ;
#1044 = VECTOR ( 'NONE', #1152, 1000.000000000000000 ) ;
#1045 = ORIENTED_EDGE ( 'NONE', *, *, #2142, .F. ) ;
#1046 = CARTESIAN_POINT ( 'NONE',  ( 0.8250000000000001776, 0.7500000000000002220, 0.5949999999999996403 ) ) ;
#1047 = DIRECTION ( 'NONE',  ( 0.000000000000000000, 0.000000000000000000, 1.000000000000000000 ) ) ;
#1048 = DIRECTION ( 'NONE',  ( -1.000000000000000000, -0.000000000000000000, -0.000000000000000000 ) ) ;
#1049 = CARTESIAN_POINT ( 'NONE',  ( -1.175000000000000044, 0.7250000000000001998, 2.577500000000000568 ) ) ;
#1050 = DIRECTION ( 'NONE',  ( -1.000000000000000000, -0.000000000000000000, -0.000000000000000000 ) ) ;
#1051 = DIRECTION ( 'NONE',  ( 0.000000000000000000, 1.000000000000000000, 0.000000000000000000 ) ) ;
#1052 = DIRECTION ( 'NONE',  ( 0.000000000000000000, -0.4461978131098036093, 0.8949343616020276615 ) ) ;
#1053 = VERTEX_POINT ( 'NONE', #6423 ) ;
#1054 = CARTESIAN_POINT ( 'NONE',  ( -2.254999999999999449, 0.9000000000000002442, 0.8250000000000005107 ) ) ;
#1055 = AXIS2_PLACEMENT_3D ( 'NONE', #6964, #5960, #1453 ) ;
#1056 = CARTESIAN_POINT ( 'NONE',  ( -2.254999999999999893, 0.09044228633934747741, 2.158349364905389312 ) ) ;
#1057 = ADVANCED_FACE ( 'NONE', ( #1925 ), #271, .F. ) ;
#1058 = EDGE_CURVE ( 'NONE', #3604, #10490, #478, .T. ) ;
#1059 = ADVANCED_FACE ( 'NONE', ( #5657 ), #2935, .T. ) ;
#1060 = VECTOR ( 'NONE', #2863, 1000.000000000000000 ) ;
#1061 = LINE ( 'NONE', #9173, #9950 ) ;
#1062 = CARTESIAN_POINT ( 'NONE',  ( -1.449999999999999956, 0.4099999999999999756, -0.2050000000000003764 ) ) ;
#1063 = ORIENTED_EDGE ( 'NONE', *, *, #730, .F. ) ;
#1064 = PLANE ( 'NONE',  #969 ) ;
#1065 = ADVANCED_FACE ( 'NONE', ( #1988 ), #10114, .T. ) ;
#1066 = VERTEX_POINT ( 'NONE', #9268 ) ;
#1067 = DIRECTION ( 'NONE',  ( 0.000000000000000000, 0.000000000000000000, 1.000000000000000000 ) ) ;
#1068 = ORIENTED_EDGE ( 'NONE', *, *, #39, .T. ) ;
#1069 = EDGE_CURVE ( 'NONE', #10447, #8192, #4750, .T. ) ;
#1070 = DIRECTION ( 'NONE',  ( 0.000000000000000000, 0.4461978131098036648, -0.8949343616020275505 ) ) ;
#1071 = LINE ( 'NONE', #11656, #6796 ) ;
#1072 = ORIENTED_EDGE ( 'NONE', *, *, #10817, .F. ) ;
#1073 = LINE ( 'NONE', #10941, #1145 ) ;
#1074 = LINE ( 'NONE', #8335, #5489 ) ;
#1075 = LINE ( 'NONE', #1890, #247 ) ;
#1076 = CARTESIAN_POINT ( 'NONE',  ( 2.254999999999999449, 0.9000000000000002442, -0.07500000000000001110 ) ) ;
#1077 = CARTESIAN_POINT ( 'NONE',  ( -0.6749999999999998224, 0.8950000000000001288, 0.4949999999999995515 ) ) ;
#1078 = ORIENTED_EDGE ( 'NONE', *, *, #546, .F. ) ;
#1079 = CARTESIAN_POINT ( 'NONE',  ( 2.104999999999999538, 0.9000000000000002442, 0.8249999999999996225 ) ) ;
#1080 = ORIENTED_EDGE ( 'NONE', *, *, #11165, .F. ) ;
#1081 = EDGE_CURVE ( 'NONE', #6524, #9963, #4822, .T. ) ;
#1082 = DIRECTION ( 'NONE',  ( 0.000000000000000000, -0.8660254037844389297, 0.4999999999999993339 ) ) ;
#1083 = DIRECTION ( 'NONE',  ( 0.000000000000000000, 0.000000000000000000, -1.000000000000000000 ) ) ;
#1084 = DIRECTION ( 'NONE',  ( -1.000000000000000000, -0.000000000000000000, -0.000000000000000000 ) ) ;
#1085 = DIRECTION ( 'NONE',  ( 0.000000000000000000, 0.000000000000000000, 1.000000000000000000 ) ) ;
#1086 = ORIENTED_EDGE ( 'NONE', *, *, #233, .T. ) ;
#1087 = DIRECTION ( 'NONE',  ( -0.000000000000000000, -0.000000000000000000, 1.000000000000000000 ) ) ;
#1088 = CARTESIAN_POINT ( 'NONE',  ( -2.104999999999999538, 0.3650000000000000466, -0.004999999999999878673 ) ) ;
#1089 = EDGE_CURVE ( 'NONE', #9436, #8957, #5697, .T. ) ;
#1090 = VERTEX_POINT ( 'NONE', #11016 ) ;
#1091 = ORIENTED_EDGE ( 'NONE', *, *, #9039, .T. ) ;
#1092 = CARTESIAN_POINT ( 'NONE',  ( 1.324999999999999956, 8.735352324927245566E-18, 0.1500000000000005496 ) ) ;
#1093 = VECTOR ( 'NONE', #1541, 1000.000000000000000 ) ;
#1094 = ORIENTED_EDGE ( 'NONE', *, *, #1127, .F. ) ;
#1095 = EDGE_LOOP ( 'NONE', ( #10891, #7574, #8367, #5939 ) ) ;
#1096 = CARTESIAN_POINT ( 'NONE',  ( 1.325000000000000178, 0.8950000000000001288, 0.5327497731395587355 ) ) ;
#1097 = ORIENTED_EDGE ( 'NONE', *, *, #7266, .F. ) ;
#1098 = ORIENTED_EDGE ( 'NONE', *, *, #4926, .F. ) ;
#1099 = CARTESIAN_POINT ( 'NONE',  ( -0.3250000000000000111, 0.4249999987231686815, 2.441500001276831089 ) ) ;
#1100 = DIRECTION ( 'NONE',  ( -1.000000000000000000, 0.000000000000000000, 1.219727444046192242E-16 ) ) ;
#1101 = VECTOR ( 'NONE', #8330, 1000.000000000000000 ) ;
#1102 = CARTESIAN_POINT ( 'NONE',  ( 2.500000000000000444, 1.050000000000000044, -0.07500000000000003886 ) ) ;
#1103 = CARTESIAN_POINT ( 'NONE',  ( 1.449999999999999956, 0.6100000000000000977, -0.5550000000000003819 ) ) ;
#1104 = CARTESIAN_POINT ( 'NONE',  ( 0.1750000000000000167, 0.1000000000000001027, 0.1250000000000005551 ) ) ;
#1105 = DIRECTION ( 'NONE',  ( -1.219727444046192242E-16, -0.000000000000000000, -1.000000000000000000 ) ) ;
#1106 = DIRECTION ( 'NONE',  ( 0.000000000000000000, 0.000000000000000000, 1.000000000000000000 ) ) ;
#1107 = CARTESIAN_POINT ( 'NONE',  ( 0.8249999999999999556, 0.4197467168032661955, 2.540024382298945227 ) ) ;
#1108 = EDGE_CURVE ( 'NONE', #417, #2442, #6709, .T. ) ;
#1109 = CARTESIAN_POINT ( 'NONE',  ( 2.104999999999999982, 0.7499999999999573674, 2.129999999999999893 ) ) ;
#1110 = AXIS2_PLACEMENT_3D ( 'NONE', #4010, #6693, #6623 ) ;
#1111 = EDGE_LOOP ( 'NONE', ( #7526, #4392, #8234, #7993 ) ) ;
#1112 = DIRECTION ( 'NONE',  ( -1.000000000000000000, -0.000000000000000000, -0.000000000000000000 ) ) ;
#1113 = CYLINDRICAL_SURFACE ( 'NONE', #3860, 0.05000000000003655687 ) ;
#1114 = ORIENTED_EDGE ( 'NONE', *, *, #3511, .F. ) ;
#1115 = DIRECTION ( 'NONE',  ( 0.000000000000000000, 0.000000000000000000, -1.000000000000000000 ) ) ;
#1116 = EDGE_CURVE ( 'NONE', #9478, #949, #9249, .T. ) ;
#1117 = EDGE_CURVE ( 'NONE', #8956, #10008, #2086, .T. ) ;
#1118 = DIRECTION ( 'NONE',  ( 0.000000000000000000, 1.000000000000000000, 0.000000000000000000 ) ) ;
#1119 = ORIENTED_EDGE ( 'NONE', *, *, #10241, .F. ) ;
#1120 = LINE ( 'NONE', #11172, #7930 ) ;
#1121 = ORIENTED_EDGE ( 'NONE', *, *, #2432, .F. ) ;
#1122 = EDGE_CURVE ( 'NONE', #686, #8875, #8243, .T. ) ;
#1123 = FACE_OUTER_BOUND ( 'NONE', #3266, .T. ) ;
#1124 = FACE_OUTER_BOUND ( 'NONE', #5592, .T. ) ;
#1125 = AXIS2_PLACEMENT_3D ( 'NONE', #6786, #6598, #3169 ) ;
#1126 = DIRECTION ( 'NONE',  ( 0.000000000000000000, -1.000000000000000000, 0.000000000000000000 ) ) ;
#1127 = EDGE_CURVE ( 'NONE', #10628, #4338, #10206, .T. ) ;
#1128 = ORIENTED_EDGE ( 'NONE', *, *, #5495, .F. ) ;
#1129 = CARTESIAN_POINT ( 'NONE',  ( -2.049999999999999822, 1.050000000000000044, -0.3150000000000003908 ) ) ;
#1130 = VERTEX_POINT ( 'NONE', #7582 ) ;
#1131 = LINE ( 'NONE', #5752, #7828 ) ;
#1132 = AXIS2_PLACEMENT_3D ( 'NONE', #1825, #10828, #9049 ) ;
#1133 = ORIENTED_EDGE ( 'NONE', *, *, #6482, .F. ) ;
#1134 = ORIENTED_EDGE ( 'NONE', *, *, #5551, .T. ) ;
#1135 = CARTESIAN_POINT ( 'NONE',  ( 2.254999999999999449, 0.2900000000000002021, -0.07500000000000001110 ) ) ;
#1136 = ORIENTED_EDGE ( 'NONE', *, *, #9158, .T. ) ;
#1137 = ORIENTED_EDGE ( 'NONE', *, *, #779, .F. ) ;
#1138 = DIRECTION ( 'NONE',  ( -1.000000000000000000, -0.000000000000000000, -0.000000000000000000 ) ) ;
#1139 = ADVANCED_FACE ( 'NONE', ( #3737 ), #6522, .T. ) ;
#1140 = CARTESIAN_POINT ( 'NONE',  ( -1.175000000000000044, 0.3615000000000000990, 2.125000000000000000 ) ) ;
#1141 = VECTOR ( 'NONE', #828, 1000.000000000000000 ) ;
#1142 = PLANE ( 'NONE',  #3052 ) ;
#1143 = ORIENTED_EDGE ( 'NONE', *, *, #11101, .T. ) ;
#1144 = VECTOR ( 'NONE', #11303, 1000.000000000000000 ) ;
#1145 = VECTOR ( 'NONE', #6442, 1000.000000000000000 ) ;
#1146 = ORIENTED_EDGE ( 'NONE', *, *, #6812, .T. ) ;
#1147 = FACE_OUTER_BOUND ( 'NONE', #6831, .T. ) ;
#1148 = MECHANICAL_DESIGN_GEOMETRIC_PRESENTATION_REPRESENTATION (  '', ( #2490 ), #800 ) ;
#1149 = LINE ( 'NONE', #4770, #2877 ) ;
#1150 = AXIS2_PLACEMENT_3D ( 'NONE', #6035, #6984, #591 ) ;
#1151 = CARTESIAN_POINT ( 'NONE',  ( 2.104999999999999538, 0.5329422863405998134, 0.2200000000000001676 ) ) ;
#1152 = DIRECTION ( 'NONE',  ( -1.000000000000000000, -0.000000000000000000, -0.000000000000000000 ) ) ;
#1153 = CARTESIAN_POINT ( 'NONE',  ( -2.104999999999999982, 0.7499999999999573674, 2.124999999999999556 ) ) ;
#1154 = DIRECTION ( 'NONE',  ( 0.000000000000000000, 0.000000000000000000, -1.000000000000000000 ) ) ;
#1155 = VECTOR ( 'NONE', #8762, 1000.000000000000000 ) ;
#1156 = DIRECTION ( 'NONE',  ( 0.000000000000000000, -4.425314989736752882E-16, 1.000000000000000000 ) ) ;
#1157 = DIRECTION ( 'NONE',  ( 0.000000000000000000, -1.000000000000000000, -1.999553186960971874E-15 ) ) ;
#1158 = CIRCLE ( 'NONE', #45, 0.2999999999999998224 ) ;
#1159 = EDGE_CURVE ( 'NONE', #7080, #2970, #8352, .T. ) ;
#1160 = CARTESIAN_POINT ( 'NONE',  ( 0.9311552812808830959, 1.050000000000000044, -0.7599999999999995648 ) ) ;
#1161 = CARTESIAN_POINT ( 'NONE',  ( 1.175000000000000044, 0.6865523705165764712, 2.440090270110382598 ) ) ;
#1162 = ORIENTED_EDGE ( 'NONE', *, *, #6334, .F. ) ;
#1163 = VECTOR ( 'NONE', #2941, 1000.000000000000000 ) ;
#1164 = LINE ( 'NONE', #2884, #11644 ) ;
#1165 = AXIS2_PLACEMENT_3D ( 'NONE', #7428, #3110, #7667 ) ;
#1166 = EDGE_LOOP ( 'NONE', ( #4443, #3083, #8163, #6988 ) ) ;
#1167 = DIRECTION ( 'NONE',  ( 1.000000000000000000, 0.000000000000000000, 0.000000000000000000 ) ) ;
#1168 = PRESENTATION_STYLE_ASSIGNMENT (( #5450 ) ) ;
#1169 = ORIENTED_EDGE ( 'NONE', *, *, #1637, .F. ) ;
#1170 = CARTESIAN_POINT ( 'NONE',  ( -0.1750000000000000167, 0.6999090492244378625, 2.541666408662616394 ) ) ;
#1171 = ORIENTED_EDGE ( 'NONE', *, *, #9835, .F. ) ;
#1172 = EDGE_LOOP ( 'NONE', ( #4465, #8606, #4717, #9391 ) ) ;
#1173 = VECTOR ( 'NONE', #1816, 1000.000000000000000 ) ;
#1174 = FACE_BOUND ( 'NONE', #1626, .T. ) ;
#1175 = EDGE_LOOP ( 'NONE', ( #897, #7585, #4331, #3443 ) ) ;
#1176 = LINE ( 'NONE', #5625, #6024 ) ;
#1177 = ORIENTED_EDGE ( 'NONE', *, *, #6482, .T. ) ;
#1178 = ADVANCED_FACE ( 'NONE', ( #3025 ), #6644, .T. ) ;
#1179 = DIRECTION ( 'NONE',  ( 0.000000000000000000, -0.000000000000000000, 1.000000000000000000 ) ) ;
#1180 = CARTESIAN_POINT ( 'NONE',  ( -2.049999999999999822, 1.050000000000000044, -0.8050000000000003819 ) ) ;
#1181 = VECTOR ( 'NONE', #2355, 1000.000000000000000 ) ;
#1182 = SURFACE_STYLE_USAGE ( .BOTH. , #5164 ) ;
#1183 = ORIENTED_EDGE ( 'NONE', *, *, #8514, .F. ) ;
#1184 = VECTOR ( 'NONE', #2341, 1000.000000000000000 ) ;
#1185 = DIRECTION ( 'NONE',  ( 0.000000000000000000, 0.5735764363510453823, 0.8191520442889922426 ) ) ;
#1186 = LINE ( 'NONE', #4815, #4222 ) ;
#1187 = EDGE_CURVE ( 'NONE', #2100, #3153, #2147, .T. ) ;
#1188 = AXIS2_PLACEMENT_3D ( 'NONE', #201, #3040, #6665 ) ;
#1189 = ADVANCED_FACE ( 'NONE', ( #366 ), #11188, .F. ) ;
#1190 = ORIENTED_EDGE ( 'NONE', *, *, #4007, .T. ) ;
#1191 = VECTOR ( 'NONE', #9237, 1000.000000000000000 ) ;
#1192 = ORIENTED_EDGE ( 'NONE', *, *, #7481, .T. ) ;
#1193 = CARTESIAN_POINT ( 'NONE',  ( 1.324999999999999956, 0.3800000000000000044, -0.1749999999999994060 ) ) ;
#1194 = DIRECTION ( 'NONE',  ( 1.000000000000000000, 0.000000000000000000, 0.000000000000000000 ) ) ;
#1195 = ADVANCED_FACE ( 'NONE', ( #7471 ), #2971, .F. ) ;
#1196 = ORIENTED_EDGE ( 'NONE', *, *, #9969, .T. ) ;
#1197 = EDGE_CURVE ( 'NONE', #6215, #3132, #10088, .T. ) ;
#1198 = PLANE ( 'NONE',  #5804 ) ;
#1199 = VECTOR ( 'NONE', #4627, 1000.000000000000000 ) ;
#1200 = ORIENTED_EDGE ( 'NONE', *, *, #8877, .T. ) ;
#1201 = DIRECTION ( 'NONE',  ( 0.000000000000000000, 1.000000000000000000, 0.000000000000000000 ) ) ;
#1202 = EDGE_LOOP ( 'NONE', ( #6874, #3502, #5300, #7695 ) ) ;
#1203 = DIRECTION ( 'NONE',  ( 1.000000000000000000, 0.000000000000000000, 0.000000000000000000 ) ) ;
#1204 = AXIS2_PLACEMENT_3D ( 'NONE', #2467, #4352, #8745 ) ;
#1205 = ORIENTED_EDGE ( 'NONE', *, *, #9318, .F. ) ;
#1206 = DIRECTION ( 'NONE',  ( 1.219727444046192242E-16, 0.000000000000000000, 1.000000000000000000 ) ) ;
#1207 = EDGE_CURVE ( 'NONE', #6116, #1671, #8296, .T. ) ;
#1208 = VERTEX_POINT ( 'NONE', #250 ) ;
#1209 = VECTOR ( 'NONE', #7283, 1000.000000000000000 ) ;
#1210 = VECTOR ( 'NONE', #3481, 1000.000000000000000 ) ;
#1211 = ORIENTED_EDGE ( 'NONE', *, *, #9828, .F. ) ;
#1212 = AXIS2_PLACEMENT_3D ( 'NONE', #2526, #11462, #1640 ) ;
#1213 = PLANE ( 'NONE',  #3821 ) ;
#1214 =( LENGTH_UNIT ( ) NAMED_UNIT ( * ) SI_UNIT ( .MILLI., .METRE. ) );
#1215 = LINE ( 'NONE', #5779, #3405 ) ;
#1216 = CARTESIAN_POINT ( 'NONE',  ( 2.104999999999999538, 0.7650000000000001243, 0.7606385001764666143 ) ) ;
#1217 = FACE_OUTER_BOUND ( 'NONE', #6947, .T. ) ;
#1218 = LINE ( 'NONE', #8382, #1352 ) ;
#1219 = CARTESIAN_POINT ( 'NONE',  ( 2.500000000000000444, 0.05000000000000012768, -0.07500000000000003886 ) ) ;
#1220 = EDGE_CURVE ( 'NONE', #9478, #6092, #7652, .T. ) ;
#1221 = PLANE ( 'NONE',  #4433 ) ;
#1222 = VECTOR ( 'NONE', #8322, 1000.000000000000000 ) ;
#1223 = VECTOR ( 'NONE', #3121, 1000.000000000000000 ) ;
#1224 = PLANE ( 'NONE',  #7441 ) ;
#1225 = VERTEX_POINT ( 'NONE', #2336 ) ;
#1226 = ADVANCED_FACE ( 'NONE', ( #615 ), #6766, .T. ) ;
#1227 = DIRECTION ( 'NONE',  ( 0.000000000000000000, 1.000000000000000000, 0.000000000000000000 ) ) ;
#1228 = VECTOR ( 'NONE', #7627, 1000.000000000000227 ) ;
#1229 = LINE ( 'NONE', #7448, #1612 ) ;
#1230 = ORIENTED_EDGE ( 'NONE', *, *, #4007, .F. ) ;
#1231 = DIRECTION ( 'NONE',  ( 0.000000000000000000, 0.08715574274767397267, 0.9961946980917439909 ) ) ;
#1232 = LINE ( 'NONE', #528, #3084 ) ;
#1233 = AXIS2_PLACEMENT_3D ( 'NONE', #9028, #7959, #2793 ) ;
#1234 = ORIENTED_EDGE ( 'NONE', *, *, #3006, .T. ) ;
#1235 = DIRECTION ( 'NONE',  ( 0.000000000000000000, -1.000000000000000000, 0.000000000000000000 ) ) ;
#1236 = VERTEX_POINT ( 'NONE', #11374 ) ;
#1237 = VERTEX_POINT ( 'NONE', #4945 ) ;
#1238 = AXIS2_PLACEMENT_3D ( 'NONE', #1695, #10643, #819 ) ;
#1239 = DIRECTION ( 'NONE',  ( 0.000000000000000000, 0.000000000000000000, -1.000000000000000000 ) ) ;
#1240 = ORIENTED_EDGE ( 'NONE', *, *, #11465, .T. ) ;
#1241 = DIRECTION ( 'NONE',  ( 0.000000000000000000, -0.8660254037844389297, 0.4999999999999993339 ) ) ;
#1242 = LINE ( 'NONE', #6698, #3961 ) ;
#1243 = CARTESIAN_POINT ( 'NONE',  ( -2.254999999999999449, 0.7500000000000002220, 0.2950000000000000400 ) ) ;
#1244 = ORIENTED_EDGE ( 'NONE', *, *, #11362, .F. ) ;
#1245 = ORIENTED_EDGE ( 'NONE', *, *, #9119, .T. ) ;
#1246 = EDGE_CURVE ( 'NONE', #2412, #5882, #1677, .T. ) ;
#1247 = LINE ( 'NONE', #4877, #456 ) ;
#1248 = ORIENTED_EDGE ( 'NONE', *, *, #8647, .T. ) ;
#1249 = DIRECTION ( 'NONE',  ( 0.000000000000000000, -1.355252715606876598E-16, 1.000000000000000000 ) ) ;
#1250 = ORIENTED_EDGE ( 'NONE', *, *, #1863, .T. ) ;
#1251 = DIRECTION ( 'NONE',  ( 1.000000000000000000, -0.000000000000000000, -1.219727444046192242E-16 ) ) ;
#1252 = CARTESIAN_POINT ( 'NONE',  ( 0.3250000000000001776, 0.6800000000000001599, 0.4949999999999995515 ) ) ;
#1253 = ORIENTED_EDGE ( 'NONE', *, *, #2846, .F. ) ;
#1254 = ORIENTED_EDGE ( 'NONE', *, *, #10316, .F. ) ;
#1255 = CARTESIAN_POINT ( 'NONE',  ( 1.175000000000000044, 0.3350000000000001310, 2.709999999999999964 ) ) ;
#1256 = DIRECTION ( 'NONE',  ( 0.000000000000000000, -0.000000000000000000, 1.000000000000000000 ) ) ;
#1257 = VECTOR ( 'NONE', #2280, 1000.000000000000000 ) ;
#1258 = PLANE ( 'NONE',  #3053 ) ;
#1259 = DIRECTION ( 'NONE',  ( 0.000000000000000000, -0.7071067811865457964, -0.7071067811865492381 ) ) ;
#1260 = CARTESIAN_POINT ( 'NONE',  ( 0.3250000000000000111, 0.7250000000000001998, 2.577500000000000568 ) ) ;
#1261 = ORIENTED_EDGE ( 'NONE', *, *, #6760, .F. ) ;
#1262 = EDGE_CURVE ( 'NONE', #7355, #9986, #4030, .T. ) ;
#1263 = ORIENTED_EDGE ( 'NONE', *, *, #6484, .T. ) ;
#1264 = PRESENTATION_LAYER_ASSIGNMENT (  '', '', ( #7130 ) ) ;
#1265 = ORIENTED_EDGE ( 'NONE', *, *, #9709, .F. ) ;
#1266 = DIRECTION ( 'NONE',  ( 0.000000000000000000, 0.000000000000000000, 1.000000000000000000 ) ) ;
#1267 = ADVANCED_FACE ( 'NONE', ( #1438 ), #9500, .F. ) ;
#1268 = DIRECTION ( 'NONE',  ( 0.000000000000000000, 0.000000000000000000, -1.000000000000000000 ) ) ;
#1269 = LINE ( 'NONE', #10222, #11335 ) ;
#1270 = DIRECTION ( 'NONE',  ( 0.000000000000000000, 0.000000000000000000, 1.000000000000000000 ) ) ;
#1271 = FACE_OUTER_BOUND ( 'NONE', #9071, .T. ) ;
#1272 = CARTESIAN_POINT ( 'NONE',  ( -2.254999999999999893, 0.7249999999999575673, 2.154999999999999805 ) ) ;
#1273 = EDGE_CURVE ( 'NONE', #595, #7120, #6953, .T. ) ;
#1274 = CARTESIAN_POINT ( 'NONE',  ( -2.254999999999999893, 0.000000000000000000, 2.724999999999276667 ) ) ;
#1275 = ADVANCED_FACE ( 'NONE', ( #2449 ), #6057, .T. ) ;
#1276 = PLANE ( 'NONE',  #8541 ) ;
#1277 = EDGE_CURVE ( 'NONE', #11169, #11659, #9623, .T. ) ;
#1278 = DIRECTION ( 'NONE',  ( -1.000000000000000000, 0.000000000000000000, 1.219727444046192242E-16 ) ) ;
#1279 = FACE_OUTER_BOUND ( 'NONE', #5051, .T. ) ;
#1280 = DIRECTION ( 'NONE',  ( 0.000000000000000000, -1.000000000000000000, 0.000000000000000000 ) ) ;
#1281 = CARTESIAN_POINT ( 'NONE',  ( 0.1750000000000000167, 8.735352324927245566E-18, 0.1500000000000005496 ) ) ;
#1282 = ORIENTED_EDGE ( 'NONE', *, *, #8585, .F. ) ;
#1283 = LINE ( 'NONE', #5159, #2381 ) ;
#1284 = LINE ( 'NONE', #3122, #7781 ) ;
#1285 = LINE ( 'NONE', #8643, #471 ) ;
#1286 = ADVANCED_FACE ( 'NONE', ( #5818 ), #3264, .F. ) ;
#1287 = CARTESIAN_POINT ( 'NONE',  ( -0.3250000000000000111, 0.6800000000000001599, 0.4949999999999995515 ) ) ;
#1288 = CARTESIAN_POINT ( 'NONE',  ( -1.955000000000000071, 0.05000000000000012768, 2.125000000000000000 ) ) ;
#1289 = ORIENTED_EDGE ( 'NONE', *, *, #2584, .F. ) ;
#1290 = DIRECTION ( 'NONE',  ( 3.942553354492744024E-16, 0.000000000000000000, 1.000000000000000000 ) ) ;
#1291 = ORIENTED_EDGE ( 'NONE', *, *, #6349, .T. ) ;
#1292 = VERTEX_POINT ( 'NONE', #11494 ) ;
#1293 = AXIS2_PLACEMENT_3D ( 'NONE', #9137, #4686, #1034 ) ;
#1294 = AXIS2_PLACEMENT_3D ( 'NONE', #10399, #5140, #11456 ) ;
#1295 = CARTESIAN_POINT ( 'NONE',  ( -2.049999999999999822, 0.7500000000000002220, 0.5949999999999996403 ) ) ;
#1296 = ORIENTED_EDGE ( 'NONE', *, *, #6846, .T. ) ;
#1297 = ORIENTED_EDGE ( 'NONE', *, *, #9559, .F. ) ;
#1298 = CLOSED_SHELL ( 'NONE', ( #9023, #4654, #5427, #9029, #7933, #10591, #8768, #7333, #9764, #9156, #1343, #9761, #9528, #5930, #336, #9836, #9875, #133, #8848, #10044, #1845, #2938, #782, #701, #7159, #7092, #7420, #7519, #9800, #1914, #553, #7354, #4155, #7486, #4232, #3448, #7340, #7347, #4663, #7700, #11326, #7506, #4612, #597, #394, #6231, #32, #6347, #4463, #11041, #11549, #716, #2510, #8307, #11316, #3495, #2528, #9169, #332, #5485, #5149, #9103, #5909, #7205 ) ) ;
#1299 = CARTESIAN_POINT ( 'NONE',  ( -1.665000000000000480, 0.4099999999999999756, 0.5950000000000003064 ) ) ;
#1300 = LINE ( 'NONE', #4930, #1011 ) ;
#1301 = LINE ( 'NONE', #300, #4732 ) ;
#1302 = FILL_AREA_STYLE ('',( #713 ) ) ;
#1303 = ORIENTED_EDGE ( 'NONE', *, *, #10230, .T. ) ;
#1304 = AXIS2_PLACEMENT_3D ( 'NONE', #10839, #9961, #9061 ) ;
#1305 = CARTESIAN_POINT ( 'NONE',  ( 2.104999999999999538, 0.9000000000000002442, 0.8249999999999999556 ) ) ;
#1306 = CARTESIAN_POINT ( 'NONE',  ( -1.665000000000000480, 0.2900000000000000910, 0.8250000000000003997 ) ) ;
#1307 = EDGE_LOOP ( 'NONE', ( #8555, #11453, #3922, #1614 ) ) ;
#1308 = LINE ( 'NONE', #8419, #9725 ) ;
#1309 = ORIENTED_EDGE ( 'NONE', *, *, #1117, .T. ) ;
#1310 = EDGE_CURVE ( 'NONE', #7225, #5402, #6588, .T. ) ;
#1311 = ORIENTED_EDGE ( 'NONE', *, *, #3369, .F. ) ;
#1312 = ORIENTED_EDGE ( 'NONE', *, *, #5761, .F. ) ;
#1313 = CARTESIAN_POINT ( 'NONE',  ( -0.3250000000000000111, 0.3800000000000000044, -0.1749999999999994060 ) ) ;
#1314 = CARTESIAN_POINT ( 'NONE',  ( 2.104999999999999538, 0.9000000000000002442, 0.8249999999999996225 ) ) ;
#1315 = LINE ( 'NONE', #7657, #5002 ) ;
#1316 = SURFACE_SIDE_STYLE ('',( #5824 ) ) ;
#1317 = DIRECTION ( 'NONE',  ( -1.000000000000000000, -0.000000000000000000, -0.000000000000000000 ) ) ;
#1318 = ORIENTED_EDGE ( 'NONE', *, *, #5063, .T. ) ;
#1319 = DIRECTION ( 'NONE',  ( 0.000000000000000000, 1.000000000000000000, 1.921950934117575390E-16 ) ) ;
#1320 = EDGE_LOOP ( 'NONE', ( #5181, #543, #4076, #11626 ) ) ;
#1321 = CIRCLE ( 'NONE', #1125, 0.1499999999999999667 ) ;
#1322 = ORIENTED_EDGE ( 'NONE', *, *, #8393, .T. ) ;
#1323 = ORIENTED_EDGE ( 'NONE', *, *, #9617, .F. ) ;
#1324 = DIRECTION ( 'NONE',  ( 6.570922257487897174E-16, -0.000000000000000000, -1.000000000000000000 ) ) ;
#1325 = CARTESIAN_POINT ( 'NONE',  ( 1.175000000000000044, 0.08000000000000000167, -0.1749999999999994893 ) ) ;
#1326 = CARTESIAN_POINT ( 'NONE',  ( 2.049999999999999822, 0.7500000000000002220, 0.3949999999999995182 ) ) ;
#1327 = ADVANCED_FACE ( 'NONE', ( #11311 ), #431, .F. ) ;
#1328 = CARTESIAN_POINT ( 'NONE',  ( -1.764999999999999902, 0.8250000000000001776, 2.683578643762690508 ) ) ;
#1329 = CARTESIAN_POINT ( 'NONE',  ( 0.8250000000000001776, 0.6800000000000001599, 0.4949999999999995515 ) ) ;
#1330 = SURFACE_SIDE_STYLE ('',( #2360 ) ) ;
#1331 = AXIS2_PLACEMENT_3D ( 'NONE', #7658, #6009, #4150 ) ;
#1332 = AXIS2_PLACEMENT_3D ( 'NONE', #10436, #2326, #9555 ) ;
#1333 = CARTESIAN_POINT ( 'NONE',  ( 0.3250000000000000111, 0.6999090492244378625, 2.541666408662616394 ) ) ;
#1334 = CARTESIAN_POINT ( 'NONE',  ( 1.324999999999999956, -1.203706215242022408E-32, -0.1249999999999994588 ) ) ;
#1335 = CARTESIAN_POINT ( 'NONE',  ( -0.8249999999999999556, 0.6800000000000001599, 0.4949999999999995515 ) ) ;
#1336 = EDGE_CURVE ( 'NONE', #2151, #11156, #1372, .T. ) ;
#1337 = VECTOR ( 'NONE', #3955, 1000.000000000000000 ) ;
#1338 = AXIS2_PLACEMENT_3D ( 'NONE', #3241, #4248, #11473 ) ;
#1339 = EDGE_CURVE ( 'NONE', #784, #10188, #7706, .T. ) ;
#1340 = CARTESIAN_POINT ( 'NONE',  ( 1.324999999999999956, 0.4050000000000000266, -0.07499999999999942824 ) ) ;
#1341 = ORIENTED_EDGE ( 'NONE', *, *, #8200, .T. ) ;
#1342 = LINE ( 'NONE', #9654, #5785 ) ;
#1343 = ADVANCED_FACE ( 'NONE', ( #10676 ), #790, .F. ) ;
#1344 = DIRECTION ( 'NONE',  ( 7.228014483236695569E-16, 0.000000000000000000, -1.000000000000000000 ) ) ;
#1345 = EDGE_CURVE ( 'NONE', #5997, #4487, #2501, .T. ) ;
#1346 = LINE ( 'NONE', #9536, #11565 ) ;
#1347 = DIRECTION ( 'NONE',  ( 0.6246950475544267301, -0.7808688094430283888, -0.000000000000000000 ) ) ;
#1348 = VERTEX_POINT ( 'NONE', #4498 ) ;
#1349 = PLANE ( 'NONE',  #6842 ) ;
#1350 = VECTOR ( 'NONE', #5147, 1000.000000000000000 ) ;
#1351 = VERTEX_POINT ( 'NONE', #5458 ) ;
#1352 = VECTOR ( 'NONE', #1156, 1000.000000000000000 ) ;
#1353 = LINE ( 'NONE', #9475, #9348 ) ;
#1354 = ORIENTED_EDGE ( 'NONE', *, *, #2733, .F. ) ;
#1355 = VERTEX_POINT ( 'NONE', #3500 ) ;
#1356 = EDGE_CURVE ( 'NONE', #8430, #9222, #10729, .T. ) ;
#1357 = LINE ( 'NONE', #1295, #1101 ) ;
#1358 = VECTOR ( 'NONE', #9922, 1000.000000000000000 ) ;
#1359 = ORIENTED_EDGE ( 'NONE', *, *, #8867, .F. ) ;
#1360 = ORIENTED_EDGE ( 'NONE', *, *, #3535, .T. ) ;
#1362 = PLANE ( 'NONE',  #503 ) ;
#1361 = DIRECTION ( 'NONE',  ( 0.000000000000000000, 0.000000000000000000, -1.000000000000000000 ) ) ;
#1363 = ORIENTED_EDGE ( 'NONE', *, *, #5443, .F. ) ;
#1364 = CARTESIAN_POINT ( 'NONE',  ( 2.104999999999999538, 0.8000000000000001554, 0.8250000000000000666 ) ) ;
#1365 = ORIENTED_EDGE ( 'NONE', *, *, #4818, .T. ) ;
#1366 = VECTOR ( 'NONE', #2788, 1000.000000000000000 ) ;
#1367 = ORIENTED_EDGE ( 'NONE', *, *, #6144, .F. ) ;
#1368 = CARTESIAN_POINT ( 'NONE',  ( 1.324999999999999956, 0.4197467168032661955, 2.540024382298945227 ) ) ;
#1369 = EDGE_LOOP ( 'NONE', ( #5113, #9229, #8942, #5165 ) ) ;
#1370 = CARTESIAN_POINT ( 'NONE',  ( -1.175000000000000044, 0.4249999987231686815, 2.505000000000000338 ) ) ;
#1371 = ORIENTED_EDGE ( 'NONE', *, *, #4838, .F. ) ;
#1372 = LINE ( 'NONE', #5010, #8315 ) ;
#1373 = VECTOR ( 'NONE', #1700, 1000.000000000000000 ) ;
#1374 = VERTEX_POINT ( 'NONE', #8955 ) ;
#1375 = VECTOR ( 'NONE', #10034, 1000.000000000000000 ) ;
#1376 = ORIENTED_EDGE ( 'NONE', *, *, #8615, .F. ) ;
#1377 = LINE ( 'NONE', #10622, #442 ) ;
#1378 = EDGE_CURVE ( 'NONE', #5251, #10556, #4453, .T. ) ;
#1379 =( GEOMETRIC_REPRESENTATION_CONTEXT ( 3 ) GLOBAL_UNCERTAINTY_ASSIGNED_CONTEXT ( ( #2631 ) ) GLOBAL_UNIT_ASSIGNED_CONTEXT ( ( #1214, #2227, #7600 ) ) REPRESENTATION_CONTEXT ( 'NONE', 'WORKASPACE' ) );
#1380 = DIRECTION ( 'NONE',  ( -1.000000000000000000, 0.000000000000000000, 1.219727444046192242E-16 ) ) ;
#1381 = CARTESIAN_POINT ( 'NONE',  ( -1.764999999999999902, 0.3350000000000001310, 1.525000000000000355 ) ) ;
#1382 = ORIENTED_EDGE ( 'NONE', *, *, #3306, .F. ) ;
#1383 = PLANE ( 'NONE',  #8552 ) ;
#1384 = ORIENTED_EDGE ( 'NONE', *, *, #9265, .T. ) ;
#1385 = DIRECTION ( 'NONE',  ( 0.000000000000000000, -1.000000000000000000, 0.000000000000000000 ) ) ;
#1386 = VECTOR ( 'NONE', #3504, 1000.000000000000000 ) ;
#1387 = VECTOR ( 'NONE', #166, 1000.000000000000000 ) ;
#1388 = VERTEX_POINT ( 'NONE', #3549 ) ;
#1389 = DIRECTION ( 'NONE',  ( 0.000000000000000000, 0.000000000000000000, -1.000000000000000000 ) ) ;
#1390 = LINE ( 'NONE', #10461, #1181 ) ;
#1391 = DIRECTION ( 'NONE',  ( 0.000000000000000000, 0.000000000000000000, 1.000000000000000000 ) ) ;
#1392 = LINE ( 'NONE', #5084, #5134 ) ;
#1393 = CARTESIAN_POINT ( 'NONE',  ( 1.175000000000000044, 0.7408666514389177227, 2.512987586845043531 ) ) ;
#1394 = VECTOR ( 'NONE', #4902, 1000.000000000000000 ) ;
#1395 = DIRECTION ( 'NONE',  ( 0.000000000000000000, 0.08715574274767397267, 0.9961946980917439909 ) ) ;
#1396 = AXIS2_PLACEMENT_3D ( 'NONE', #243, #9246, #8471 ) ;
#1397 = CARTESIAN_POINT ( 'NONE',  ( -0.8249999999999999556, 0.7250000000000001998, 2.492500000000000160 ) ) ;
#1398 = FACE_OUTER_BOUND ( 'NONE', #2033, .T. ) ;
#1399 = FACE_OUTER_BOUND ( 'NONE', #7151, .T. ) ;
#1400 = EDGE_CURVE ( 'NONE', #7058, #3203, #6174, .T. ) ;
#1401 = AXIS2_PLACEMENT_3D ( 'NONE', #10862, #5536, #7308 ) ;
#1402 = DIRECTION ( 'NONE',  ( 6.570922257487897174E-16, -0.000000000000000000, -1.000000000000000000 ) ) ;
#1403 = ORIENTED_EDGE ( 'NONE', *, *, #8448, .F. ) ;
#1404 = CARTESIAN_POINT ( 'NONE',  ( 2.104999999999999982, 0.09044228633934747741, 2.158349364905389312 ) ) ;
#1405 = CARTESIAN_POINT ( 'NONE',  ( -0.1750000000000000167, 0.1000000000000001027, 0.1250000000000005551 ) ) ;
#1406 = CARTESIAN_POINT ( 'NONE',  ( -1.324999999999999956, 0.4249999987231686815, 2.505000000000000338 ) ) ;
#1407 = CARTESIAN_POINT ( 'NONE',  ( -2.254999999999999893, 0.01250000000000022968, 2.203349364904666263 ) ) ;
#1408 = DIRECTION ( 'NONE',  ( 0.000000000000000000, 0.000000000000000000, 1.000000000000000000 ) ) ;
#1409 = CYLINDRICAL_SURFACE ( 'NONE', #6121, 0.1499999999999999667 ) ;
#1411 = EDGE_CURVE ( 'NONE', #1508, #3015, #8004, .T. ) ;
#1410 = VERTEX_POINT ( 'NONE', #9063 ) ;
#1412 = DIRECTION ( 'NONE',  ( 0.000000000000000000, -1.000000000000000000, -1.999553186960971874E-15 ) ) ;
#1413 = CARTESIAN_POINT ( 'NONE',  ( -1.855000000000000870, 1.050000000000000044, 3.025000000000000355 ) ) ;
#1414 = VECTOR ( 'NONE', #3813, 1000.000000000000114 ) ;
#1415 = ORIENTED_EDGE ( 'NONE', *, *, #1310, .T. ) ;
#1416 = ORIENTED_EDGE ( 'NONE', *, *, #11318, .F. ) ;
#1417 = EDGE_CURVE ( 'NONE', #5471, #10424, #7165, .T. ) ;
#1418 = EDGE_CURVE ( 'NONE', #4145, #417, #533, .T. ) ;
#1419 = ORIENTED_EDGE ( 'NONE', *, *, #3240, .T. ) ;
#1420 = ORIENTED_EDGE ( 'NONE', *, *, #5218, .F. ) ;
#1421 = VECTOR ( 'NONE', #4098, 1000.000000000000000 ) ;
#1422 = EDGE_CURVE ( 'NONE', #7114, #7644, #3608, .T. ) ;
#1424 = CARTESIAN_POINT ( 'NONE',  ( -2.055000000000000604, 1.050000000000000044, -0.07499999999999998335 ) ) ;
#1423 = DIRECTION ( 'NONE',  ( 0.000000000000000000, -0.8949343616020276615, -0.4461978131098037204 ) ) ;
#1425 = ORIENTED_EDGE ( 'NONE', *, *, #3292, .T. ) ;
#1426 = CARTESIAN_POINT ( 'NONE',  ( -2.104999999999999982, 0.9000000000000002442, 2.124999999999999556 ) ) ;
#1427 = ORIENTED_EDGE ( 'NONE', *, *, #6014, .F. ) ;
#1428 = EDGE_CURVE ( 'NONE', #6183, #2303, #9798, .T. ) ;
#1429 = ORIENTED_EDGE ( 'NONE', *, *, #11692, .T. ) ;
#1430 = EDGE_CURVE ( 'NONE', #5713, #11229, #5411, .T. ) ;
#1431 = ORIENTED_EDGE ( 'NONE', *, *, #11425, .F. ) ;
#1432 = EDGE_CURVE ( 'NONE', #494, #6521, #9738, .T. ) ;
#1433 = VECTOR ( 'NONE', #720, 1000.000000000000000 ) ;
#1434 = FACE_OUTER_BOUND ( 'NONE', #6819, .T. ) ;
#1435 = VERTEX_POINT ( 'NONE', #7944 ) ;
#1436 = PLANE ( 'NONE',  #11209 ) ;
#1437 = ORIENTED_EDGE ( 'NONE', *, *, #7642, .T. ) ;
#1438 = FACE_OUTER_BOUND ( 'NONE', #3613, .T. ) ;
#1439 = ORIENTED_EDGE ( 'NONE', *, *, #7870, .F. ) ;
#1440 = ORIENTED_EDGE ( 'NONE', *, *, #3679, .T. ) ;
#1441 = DIRECTION ( 'NONE',  ( 0.000000000000000000, -1.000000000000000000, 0.000000000000000000 ) ) ;
#1442 = CARTESIAN_POINT ( 'NONE',  ( -1.324999999999999956, 0.6800000000000001599, 0.8249999999999999556 ) ) ;
#1443 = VECTOR ( 'NONE', #283, 1000.000000000000000 ) ;
#1444 = CARTESIAN_POINT ( 'NONE',  ( 2.049999999999999822, 0.4099999999999999756, -0.2050000000000007649 ) ) ;
#1445 = EDGE_CURVE ( 'NONE', #397, #5757, #3370, .T. ) ;
#1446 = DIRECTION ( 'NONE',  ( -1.000000000000000000, -0.000000000000000000, -0.000000000000000000 ) ) ;
#1447 = DIRECTION ( 'NONE',  ( -1.000000000000000000, -0.000000000000000000, -0.000000000000000000 ) ) ;
#1448 = CARTESIAN_POINT ( 'NONE',  ( -0.1749999999999998501, 0.6800000000000001599, 0.5949999999999996403 ) ) ;
#1449 = ORIENTED_EDGE ( 'NONE', *, *, #8237, .F. ) ;
#1450 = DIRECTION ( 'NONE',  ( 1.000000000000000000, -0.000000000000000000, -1.219727444046192242E-16 ) ) ;
#1451 = ORIENTED_EDGE ( 'NONE', *, *, #183, .T. ) ;
#1452 = AXIS2_PLACEMENT_3D ( 'NONE', #948, #10829, #2599 ) ;
#1453 = DIRECTION ( 'NONE',  ( 1.219727444046192242E-16, 0.000000000000000000, 1.000000000000000000 ) ) ;
#1454 = SURFACE_SIDE_STYLE ('',( #1568 ) ) ;
#1455 = ORIENTED_EDGE ( 'NONE', *, *, #5618, .F. ) ;
#1456 = CARTESIAN_POINT ( 'NONE',  ( -2.254999999999999449, 0.2900000000000002021, 0.8250000000000005107 ) ) ;
#1457 = ORIENTED_EDGE ( 'NONE', *, *, #8271, .T. ) ;
#1458 = FACE_OUTER_BOUND ( 'NONE', #9281, .T. ) ;
#1459 = PLANE ( 'NONE',  #4009 ) ;
#1460 = FACE_OUTER_BOUND ( 'NONE', #4182, .T. ) ;
#1461 = EDGE_CURVE ( 'NONE', #1932, #1980, #6574, .T. ) ;
#1462 = CYLINDRICAL_SURFACE ( 'NONE', #11540, 0.05000000000003655687 ) ;
#1463 = LINE ( 'NONE', #8691, #8588 ) ;
#1464 = DIRECTION ( 'NONE',  ( 0.000000000000000000, -1.000000000000000000, 0.000000000000000000 ) ) ;
#1465 = PLANE ( 'NONE',  #7393 ) ;
#1466 = DIRECTION ( 'NONE',  ( 0.000000000000000000, 0.000000000000000000, 1.000000000000000000 ) ) ;
#1467 = CARTESIAN_POINT ( 'NONE',  ( 1.175000000000000044, 0.4050000000000000266, -0.07499999999999942824 ) ) ;
#1468 = DIRECTION ( 'NONE',  ( 0.000000000000000000, 0.000000000000000000, -1.000000000000000000 ) ) ;
#1469 = DIRECTION ( 'NONE',  ( 0.000000000000000000, 0.000000000000000000, -1.000000000000000000 ) ) ;
#1470 = DIRECTION ( 'NONE',  ( 0.000000000000000000, -0.5735764363510453823, -0.8191520442889923537 ) ) ;
#1471 = DIRECTION ( 'NONE',  ( 0.000000000000000000, 0.000000000000000000, 1.000000000000000000 ) ) ;
#1472 = VERTEX_POINT ( 'NONE', #7395 ) ;
#1473 = CARTESIAN_POINT ( 'NONE',  ( 1.955000000000000959, 0.05000000000000012768, 3.024999999999999911 ) ) ;
#1474 = CARTESIAN_POINT ( 'NONE',  ( 2.104999999999999982, 0.7249999999999575673, 2.129999999999999893 ) ) ;
#1475 = DIRECTION ( 'NONE',  ( 0.000000000000000000, 0.000000000000000000, 1.000000000000000000 ) ) ;
#1476 = ORIENTED_EDGE ( 'NONE', *, *, #5422, .T. ) ;
#1477 = PLANE ( 'NONE',  #11360 ) ;
#1478 = FACE_OUTER_BOUND ( 'NONE', #9564, .T. ) ;
#1479 = EDGE_CURVE ( 'NONE', #5610, #10382, #1176, .T. ) ;
#1480 = ORIENTED_EDGE ( 'NONE', *, *, #7590, .T. ) ;
#1481 = DIRECTION ( 'NONE',  ( 1.000000000000000000, 0.000000000000000000, 0.000000000000000000 ) ) ;
#1482 = VERTEX_POINT ( 'NONE', #2070 ) ;
#1483 = ORIENTED_EDGE ( 'NONE', *, *, #5606, .T. ) ;
#1484 = ORIENTED_EDGE ( 'NONE', *, *, #5552, .T. ) ;
#1486 = CARTESIAN_POINT ( 'NONE',  ( 0.3250000000000000111, 0.000000000000000000, 0.2250000000000005052 ) ) ;
#1485 = LINE ( 'NONE', #599, #1580 ) ;
#1487 = ADVANCED_FACE ( 'NONE', ( #7335 ), #6625, .F. ) ;
#1488 = PLANE ( 'NONE',  #3589 ) ;
#1489 = EDGE_CURVE ( 'NONE', #11313, #10424, #3775, .T. ) ;
#1490 = VERTEX_POINT ( 'NONE', #6391 ) ;
#1491 = VERTEX_POINT ( 'NONE', #1888 ) ;
#1492 = EDGE_LOOP ( 'NONE', ( #6877, #9958, #4092, #4863 ) ) ;
#1493 = EDGE_CURVE ( 'NONE', #87, #6613, #8853, .T. ) ;
#1494 = LINE ( 'NONE', #6824, #2860 ) ;
#1495 = EDGE_LOOP ( 'NONE', ( #5368, #377, #5531, #6181 ) ) ;
#1496 = EDGE_CURVE ( 'NONE', #7826, #5270, #1073, .T. ) ;
#1497 = FACE_OUTER_BOUND ( 'NONE', #5239, .T. ) ;
#1498 = ORIENTED_EDGE ( 'NONE', *, *, #6508, .F. ) ;
#1499 = DIRECTION ( 'NONE',  ( 0.000000000000000000, 0.000000000000000000, 1.000000000000000000 ) ) ;
#1500 = ORIENTED_EDGE ( 'NONE', *, *, #3004, .T. ) ;
#1501 = ORIENTED_EDGE ( 'NONE', *, *, #4464, .F. ) ;
#1502 = DIRECTION ( 'NONE',  ( 0.000000000000000000, 0.4461978131098036648, -0.8949343616020275505 ) ) ;
#1503 = EDGE_CURVE ( 'NONE', #4656, #2217, #10072, .T. ) ;
#1504 = CLOSED_SHELL ( 'NONE', ( #1226, #6605, #5296, #5789, #58, #7503, #5830, #7938, #5786, #11628, #1658, #11096, #6699, #6938, #10333, #7229, #3337, #3066, #1916, #4734, #3393, #6615, #6622, #9766, #580, #8056, #9998, #10820, #1846, #7194 ) ) ;
#1505 = LINE ( 'NONE', #7842, #6900 ) ;
#1506 = ORIENTED_EDGE ( 'NONE', *, *, #1108, .T. ) ;
#1507 = DIRECTION ( 'NONE',  ( 0.000000000000000000, -1.000000000000000000, 0.000000000000000000 ) ) ;
#1508 = VERTEX_POINT ( 'NONE', #4673 ) ;
#1509 = CARTESIAN_POINT ( 'NONE',  ( -2.104999999999999982, 1.025000000000116707, 1.799999999999277289 ) ) ;
#1510 = ORIENTED_EDGE ( 'NONE', *, *, #2055, .T. ) ;
#1511 = EDGE_CURVE ( 'NONE', #5508, #8651, #6082, .T. ) ;
#1512 = DIRECTION ( 'NONE',  ( 0.000000000000000000, 0.5735764363510453823, 0.8191520442889922426 ) ) ;
#1513 = DIRECTION ( 'NONE',  ( -1.000000000000000000, -0.000000000000000000, -0.000000000000000000 ) ) ;
#1514 = PLANE ( 'NONE',  #6427 ) ;
#1515 = CARTESIAN_POINT ( 'NONE',  ( 0.3250000000000000111, 0.6865523705165764712, 2.440090270110382598 ) ) ;
#1516 = FACE_OUTER_BOUND ( 'NONE', #6179, .T. ) ;
#1517 = DIRECTION ( 'NONE',  ( -1.000000000000000000, -0.000000000000000000, -0.000000000000000000 ) ) ;
#1518 = LINE ( 'NONE', #6022, #5895 ) ;
#1519 = PLANE ( 'NONE',  #1212 ) ;
#1520 = LINE ( 'NONE', #6906, #3290 ) ;
#1521 = DIRECTION ( 'NONE',  ( -1.000000000000000000, -0.000000000000000000, -0.000000000000000000 ) ) ;
#1522 = CARTESIAN_POINT ( 'NONE',  ( 2.104999999999999982, 0.7499999999999573674, 2.129999999999999893 ) ) ;
#1523 = DIRECTION ( 'NONE',  ( 1.000000000000000000, -0.000000000000000000, -1.219727444046192242E-16 ) ) ;
#1524 = AXIS2_PLACEMENT_3D ( 'NONE', #9727, #10555, #11430 ) ;
#1525 = CARTESIAN_POINT ( 'NONE',  ( -0.1750000000000000167, 0.07500000000000001110, 0.1500000000000005496 ) ) ;
#1526 = VERTEX_POINT ( 'NONE', #172 ) ;
#1527 = PLANE ( 'NONE',  #3328 ) ;
#1528 = FACE_OUTER_BOUND ( 'NONE', #5252, .T. ) ;
#1529 = CARTESIAN_POINT ( 'NONE',  ( 0.6750000000000000444, 0.6800000000000001599, 0.4949999999999995515 ) ) ;
#1530 = DIRECTION ( 'NONE',  ( 0.000000000000000000, -0.5735764363510453823, -0.8191520442889923537 ) ) ;
#1531 = LINE ( 'NONE', #10489, #4745 ) ;
#1532 = DIRECTION ( 'NONE',  ( 0.000000000000000000, 0.000000000000000000, 1.000000000000000000 ) ) ;
#1533 = ORIENTED_EDGE ( 'NONE', *, *, #7139, .T. ) ;
#1534 = CIRCLE ( 'NONE', #10973, 0.1499999999999999667 ) ;
#1535 = VECTOR ( 'NONE', #7145, 1000.000000000000114 ) ;
#1536 = FACE_OUTER_BOUND ( 'NONE', #724, .T. ) ;
#1537 = ORIENTED_EDGE ( 'NONE', *, *, #8338, .T. ) ;
#1538 = VERTEX_POINT ( 'NONE', #11001 ) ;
#1539 = VECTOR ( 'NONE', #6919, 1000.000000000000000 ) ;
#1541 = DIRECTION ( 'NONE',  ( -0.000000000000000000, -1.000000000000000000, -0.000000000000000000 ) ) ;
#1540 = CARTESIAN_POINT ( 'NONE',  ( 2.049999999999999822, 0.8950000000000001288, 0.5327497731395587355 ) ) ;
#1542 = VECTOR ( 'NONE', #6853, 1000.000000000000000 ) ;
#1543 = DIRECTION ( 'NONE',  ( -0.000000000000000000, -1.000000000000000000, -0.000000000000000000 ) ) ;
#1544 = ORIENTED_EDGE ( 'NONE', *, *, #4129, .T. ) ;
#1545 = EDGE_LOOP ( 'NONE', ( #6390, #4659, #11602, #246 ) ) ;
#1546 = EDGE_LOOP ( 'NONE', ( #4760, #3193, #5045, #3318 ) ) ;
#1547 = CIRCLE ( 'NONE', #8155, 0.2000000000000000944 ) ;
#1548 = PRESENTATION_LAYER_ASSIGNMENT (  '', '', ( #2651 ) ) ;
#1549 = EDGE_LOOP ( 'NONE', ( #8060, #5926, #6643, #1254 ) ) ;
#1550 = AXIS2_PLACEMENT_3D ( 'NONE', #1314, #3968, #7713 ) ;
#1551 = LINE ( 'NONE', #675, #5194 ) ;
#1552 = ORIENTED_EDGE ( 'NONE', *, *, #1635, .T. ) ;
#1553 = CARTESIAN_POINT ( 'NONE',  ( 2.049999999999999822, 0.8300000000000000711, 0.3949999999999995182 ) ) ;
#1554 = ORIENTED_EDGE ( 'NONE', *, *, #7141, .F. ) ;
#1555 = EDGE_LOOP ( 'NONE', ( #9253, #3555, #4459, #1296 ) ) ;
#1556 = CARTESIAN_POINT ( 'NONE',  ( 0.1750000000000000167, 0.3350000000000001310, 2.125000000000000000 ) ) ;
#1557 = EDGE_CURVE ( 'NONE', #8066, #11599, #2897, .T. ) ;
#1558 = AXIS2_PLACEMENT_3D ( 'NONE', #9645, #10588, #2471 ) ;
#1559 = FACE_OUTER_BOUND ( 'NONE', #9620, .T. ) ;
#1560 = AXIS2_PLACEMENT_3D ( 'NONE', #9937, #9096, #2638 ) ;
#1561 = ADVANCED_FACE ( 'NONE', ( #1123 ), #4729, .F. ) ;
#1562 = FILL_AREA_STYLE_COLOUR ( '', #10225 ) ;
#1563 = VERTEX_POINT ( 'NONE', #3057 ) ;
#1564 = DIRECTION ( 'NONE',  ( -0.000000000000000000, 1.000000000000000000, 0.000000000000000000 ) ) ;
#1565 = EDGE_LOOP ( 'NONE', ( #8153, #8213, #6050, #1419 ) ) ;
#1566 = EDGE_CURVE ( 'NONE', #1410, #9307, #5384, .T. ) ;
#1567 = EDGE_CURVE ( 'NONE', #3620, #7408, #5893, .T. ) ;
#1568 = SURFACE_STYLE_FILL_AREA ( #803 ) ;
#1569 = EDGE_CURVE ( 'NONE', #9737, #9834, #4297, .T. ) ;
#1570 = CIRCLE ( 'NONE', #11191, 0.06349999872316867966 ) ;
#1571 = VERTEX_POINT ( 'NONE', #11522 ) ;
#1572 = ORIENTED_EDGE ( 'NONE', *, *, #10557, .F. ) ;
#1573 = DIRECTION ( 'NONE',  ( -1.000000000000000000, -0.000000000000000000, -1.219727444046192242E-16 ) ) ;
#1574 = PRESENTATION_LAYER_ASSIGNMENT (  '', '', ( #4582 ) ) ;
#1575 = LINE ( 'NONE', #6074, #10825 ) ;
#1576 = LINE ( 'NONE', #11458, #2835 ) ;
#1577 = CARTESIAN_POINT ( 'NONE',  ( -2.049999999999999822, 0.5300000000000002487, 0.3949999999999996847 ) ) ;
#1578 = EDGE_CURVE ( 'NONE', #8075, #7698, #3413, .T. ) ;
#1579 = CARTESIAN_POINT ( 'NONE',  ( 1.175000000000000044, 0.4249999987231686815, 2.441500001276831089 ) ) ;
#1580 = VECTOR ( 'NONE', #6754, 1000.000000000000000 ) ;
#1581 = CARTESIAN_POINT ( 'NONE',  ( 0.8249999999999999556, 0.7250000000000001998, 2.492500000000000160 ) ) ;
#1582 = EDGE_CURVE ( 'NONE', #1918, #10717, #7037, .T. ) ;
#1583 = EDGE_CURVE ( 'NONE', #8832, #9810, #9880, .T. ) ;
#1584 = DIRECTION ( 'NONE',  ( -0.000000000000000000, 0.7071067811865457964, 0.7071067811865492381 ) ) ;
#1585 = VECTOR ( 'NONE', #3156, 1000.000000000000000 ) ;
#1586 = VECTOR ( 'NONE', #7023, 1000.000000000000000 ) ;
#1587 = CARTESIAN_POINT ( 'NONE',  ( 2.104999999999999982, 0.9250000000001167288, 2.624999999999276135 ) ) ;
#1588 = CARTESIAN_POINT ( 'NONE',  ( 0.1750000000000000167, 0.8950000000000001288, 0.4949999999999995515 ) ) ;
#1589 = PLANE ( 'NONE',  #4586 ) ;
#1590 = ORIENTED_EDGE ( 'NONE', *, *, #6715, .F. ) ;
#1591 = DIRECTION ( 'NONE',  ( -9.035018104045874392E-17, 0.000000000000000000, 1.000000000000000000 ) ) ;
#1592 = VECTOR ( 'NONE', #11058, 1000.000000000000000 ) ;
#1593 = DIRECTION ( 'NONE',  ( 0.000000000000000000, 0.000000000000000000, 1.000000000000000000 ) ) ;
#1594 = LINE ( 'NONE', #4020, #7965 ) ;
#1595 = ORIENTED_EDGE ( 'NONE', *, *, #8071, .T. ) ;
#1596 = EDGE_CURVE ( 'NONE', #3840, #11116, #2532, .T. ) ;
#1597 = DIRECTION ( 'NONE',  ( 0.000000000000000000, 1.000000000000000000, -3.439160614977207662E-32 ) ) ;
#1598 = VECTOR ( 'NONE', #5264, 1000.000000000000000 ) ;
#1599 = EDGE_CURVE ( 'NONE', #8075, #1066, #9511, .T. ) ;
#1600 = DIRECTION ( 'NONE',  ( -1.000000000000000000, -0.000000000000000000, -0.000000000000000000 ) ) ;
#1601 = ORIENTED_EDGE ( 'NONE', *, *, #7565, .T. ) ;
#1602 = FACE_OUTER_BOUND ( 'NONE', #3386, .T. ) ;
#1603 = DIRECTION ( 'NONE',  ( 0.000000000000000000, 5.421010862427520198E-16, 1.000000000000000000 ) ) ;
#1605 = CARTESIAN_POINT ( 'NONE',  ( -2.104999999999999538, 0.8150000000000001688, 0.7606385001764813802 ) ) ;
#1604 = LINE ( 'NONE', #11533, #3470 ) ;
#1606 = ORIENTED_EDGE ( 'NONE', *, *, #3150, .F. ) ;
#1607 = LINE ( 'NONE', #11243, #7014 ) ;
#1608 = ORIENTED_EDGE ( 'NONE', *, *, #10046, .F. ) ;
#1609 = VERTEX_POINT ( 'NONE', #4364 ) ;
#1610 = ORIENTED_EDGE ( 'NONE', *, *, #4905, .F. ) ;
#1611 = VECTOR ( 'NONE', #1118, 1000.000000000000000 ) ;
#1612 = VECTOR ( 'NONE', #3940, 1000.000000000000000 ) ;
#1613 = CIRCLE ( 'NONE', #8802, 0.2000000000000000944 ) ;
#1614 = ORIENTED_EDGE ( 'NONE', *, *, #6199, .T. ) ;
#1615 = ORIENTED_EDGE ( 'NONE', *, *, #5613, .T. ) ;
#1616 = DIRECTION ( 'NONE',  ( 0.5547001962252284812, 0.000000000000000000, -0.8320502943378440541 ) ) ;
#1617 = ORIENTED_EDGE ( 'NONE', *, *, #333, .F. ) ;
#1618 = ORIENTED_EDGE ( 'NONE', *, *, #5093, .F. ) ;
#1619 = DIRECTION ( 'NONE',  ( 0.000000000000000000, 0.000000000000000000, 1.000000000000000000 ) ) ;
#1620 = CARTESIAN_POINT ( 'NONE',  ( 0.1750000000000000167, 0.7408666514389177227, 2.512987586845043531 ) ) ;
#1621 = SURFACE_STYLE_FILL_AREA ( #9742 ) ;
#1622 = EDGE_CURVE ( 'NONE', #8903, #9487, #2640, .T. ) ;
#1623 = AXIS2_PLACEMENT_3D ( 'NONE', #869, #1851, #8076 ) ;
#1624 = VERTEX_POINT ( 'NONE', #8814 ) ;
#1625 = CARTESIAN_POINT ( 'NONE',  ( -1.174999999999999822, 0.6800000000000001599, 0.4949999999999995515 ) ) ;
#1626 = EDGE_LOOP ( 'NONE', ( #5393, #8401, #5041 ) ) ;
#1627 = VERTEX_POINT ( 'NONE', #5327 ) ;
#1628 = AXIS2_PLACEMENT_3D ( 'NONE', #1895, #9129, #9240 ) ;
#1629 = PLANE ( 'NONE',  #6751 ) ;
#1630 = CARTESIAN_POINT ( 'NONE',  ( -0.3250000000000000111, 0.1000000000000001027, 0.1250000000000005551 ) ) ;
#1631 = DIRECTION ( 'NONE',  ( -1.000000000000000000, -0.000000000000000000, -0.000000000000000000 ) ) ;
#1632 = CARTESIAN_POINT ( 'NONE',  ( -2.049999999999999822, 0.5300000000000002487, 0.4449999999999996736 ) ) ;
#1633 = CARTESIAN_POINT ( 'NONE',  ( 0.1750000000000000167, 0.3800000000000000044, -0.1749999999999994060 ) ) ;
#1634 = ORIENTED_EDGE ( 'NONE', *, *, #1567, .T. ) ;
#1635 = EDGE_CURVE ( 'NONE', #2434, #4070, #11584, .T. ) ;
#1636 = DIRECTION ( 'NONE',  ( -1.000000000000000000, 0.000000000000000000, -0.000000000000000000 ) ) ;
#1637 = EDGE_CURVE ( 'NONE', #4029, #7690, #8992, .T. ) ;
#1638 = EDGE_CURVE ( 'NONE', #5949, #3847, #4402, .T. ) ;
#1639 = CARTESIAN_POINT ( 'NONE',  ( 2.104999999999999538, 0.3400000000000002465, 0.02000000000000009756 ) ) ;
#1640 = DIRECTION ( 'NONE',  ( 0.000000000000000000, -1.000000000000000000, 2.442094990785125153E-16 ) ) ;
#1641 = EDGE_CURVE ( 'NONE', #4494, #9446, #11468, .T. ) ;
#1642 = EDGE_CURVE ( 'NONE', #6864, #444, #11398, .T. ) ;
#1643 = LINE ( 'NONE', #2586, #4398 ) ;
#1644 = CARTESIAN_POINT ( 'NONE',  ( 2.500000000000000444, 0.1000000000000001305, 2.125000000000000000 ) ) ;
#1645 = DIRECTION ( 'NONE',  ( -0.000000000000000000, 0.7071067811865457964, 0.7071067811865492381 ) ) ;
#1646 = ORIENTED_EDGE ( 'NONE', *, *, #1992, .T. ) ;
#1647 = EDGE_CURVE ( 'NONE', #7334, #173, #7096, .T. ) ;
#1648 = CARTESIAN_POINT ( 'NONE',  ( -0.6749999999999998224, 0.7500000000000002220, 0.3949999999999995182 ) ) ;
#1649 = CARTESIAN_POINT ( 'NONE',  ( 1.764999999999999902, 0.7250000000000001998, 1.525000000000000355 ) ) ;
#1650 = AXIS2_PLACEMENT_3D ( 'NONE', #7298, #7350, #1085 ) ;
#1651 = EDGE_CURVE ( 'NONE', #10741, #10776, #4480, .T. ) ;
#1652 = CYLINDRICAL_SURFACE ( 'NONE', #3697, 0.1499999999999999667 ) ;
#1653 = ORIENTED_EDGE ( 'NONE', *, *, #8810, .F. ) ;
#1654 = CARTESIAN_POINT ( 'NONE',  ( -0.6750000000000000444, 8.735352324927245566E-18, 0.1500000000000005496 ) ) ;
#1655 = ORIENTED_EDGE ( 'NONE', *, *, #8811, .T. ) ;
#1656 = PRESENTATION_LAYER_ASSIGNMENT (  '', '', ( #3906 ) ) ;
#1657 = EDGE_LOOP ( 'NONE', ( #3429, #10971, #11061, #1303 ) ) ;
#1658 = ADVANCED_FACE ( 'NONE', ( #8040 ), #10593, .F. ) ;
#1659 = CARTESIAN_POINT ( 'NONE',  ( -2.254999999999999449, 1.000000000000000222, 1.149999999999277156 ) ) ;
#1660 = ORIENTED_EDGE ( 'NONE', *, *, #2645, .F. ) ;
#1661 = ORIENTED_EDGE ( 'NONE', *, *, #3649, .F. ) ;
#1662 = PLANE ( 'NONE',  #7676 ) ;
#1664 = CARTESIAN_POINT ( 'NONE',  ( -1.175000000000000044, 0.3350000000000001310, 2.709999999999999964 ) ) ;
#1663 = DIRECTION ( 'NONE',  ( -1.000000000000000000, -0.000000000000000000, -0.000000000000000000 ) ) ;
#1665 = VERTEX_POINT ( 'NONE', #4242 ) ;
#1666 = LINE ( 'NONE', #11600, #7202 ) ;
#1667 = VECTOR ( 'NONE', #5201, 1000.000000000000000 ) ;
#1668 = ORIENTED_EDGE ( 'NONE', *, *, #3975, .F. ) ;
#1669 = CARTESIAN_POINT ( 'NONE',  ( 0.8249999999999999556, 0.4050000000000000266, -0.07499999999999942824 ) ) ;
#1670 = VERTEX_POINT ( 'NONE', #7867 ) ;
#1671 = VERTEX_POINT ( 'NONE', #3360 ) ;
#1672 = DIRECTION ( 'NONE',  ( 6.570922257487897174E-16, -0.000000000000000000, -1.000000000000000000 ) ) ;
#1673 = ORIENTED_EDGE ( 'NONE', *, *, #3796, .T. ) ;
#1674 = DIRECTION ( 'NONE',  ( 0.000000000000000000, 0.000000000000000000, -1.000000000000000000 ) ) ;
#1675 = CARTESIAN_POINT ( 'NONE',  ( -2.049999999999999822, 0.6100000000000000977, -0.2050000000000003209 ) ) ;
#1676 = ORIENTED_EDGE ( 'NONE', *, *, #6706, .T. ) ;
#1677 = CIRCLE ( 'NONE', #2794, 0.04999999999999999584 ) ;
#1678 = CARTESIAN_POINT ( 'NONE',  ( -0.3250000000000000111, 0.6800000000000001599, 0.4949999999999995515 ) ) ;
#1679 = ORIENTED_EDGE ( 'NONE', *, *, #2847, .F. ) ;
#1680 = DIRECTION ( 'NONE',  ( 0.000000000000000000, -0.000000000000000000, 1.000000000000000000 ) ) ;
#1681 = VERTEX_POINT ( 'NONE', #2479 ) ;
#1682 = ORIENTED_EDGE ( 'NONE', *, *, #177, .T. ) ;
#1683 = ORIENTED_EDGE ( 'NONE', *, *, #11684, .F. ) ;
#1684 = CARTESIAN_POINT ( 'NONE',  ( 0.9311552812808830959, 1.000000000000000222, -0.7599999999999995648 ) ) ;
#1685 =( NAMED_UNIT ( * ) SI_UNIT ( $, .STERADIAN. ) SOLID_ANGLE_UNIT ( ) );
#1686 = CARTESIAN_POINT ( 'NONE',  ( -1.175000000000000044, 0.4050000000000000266, -0.07499999999999942824 ) ) ;
#1687 = CARTESIAN_POINT ( 'NONE',  ( -2.104999999999999538, 1.000000000000000222, 1.149999999999277156 ) ) ;
#1688 = CLOSED_SHELL ( 'NONE', ( #10988, #5468, #7879, #5439, #8660, #10686, #852, #6321, #9083 ) ) ;
#1689 = CARTESIAN_POINT ( 'NONE',  ( -0.6750000000000000444, 0.6999090492244378625, 2.541666408662616394 ) ) ;
#1690 = LINE ( 'NONE', #5085, #9543 ) ;
#1691 = CARTESIAN_POINT ( 'NONE',  ( 2.104999999999999982, 1.025000000000116707, 1.799999999999277289 ) ) ;
#1692 = ORIENTED_EDGE ( 'NONE', *, *, #5534, .F. ) ;
#1693 = DIRECTION ( 'NONE',  ( 0.000000000000000000, 0.000000000000000000, 1.000000000000000000 ) ) ;
#1694 = DIRECTION ( 'NONE',  ( 0.000000000000000000, 0.000000000000000000, -1.000000000000000000 ) ) ;
#1695 = CARTESIAN_POINT ( 'NONE',  ( -0.8249999999999999556, 0.3749999987231322773, 2.517714491643438635 ) ) ;
#1696 = CARTESIAN_POINT ( 'NONE',  ( -1.175000000000000044, 0.3800000000000000044, -0.09999999999999956146 ) ) ;
#1697 = ADVANCED_FACE ( 'NONE', ( #9707 ), #1589, .T. ) ;
#1698 = FACE_OUTER_BOUND ( 'NONE', #1307, .T. ) ;
#1699 = PRESENTATION_STYLE_ASSIGNMENT (( #6372 ) ) ;
#1700 = DIRECTION ( 'NONE',  ( 0.000000000000000000, -1.000000000000000000, -1.999553186960971874E-15 ) ) ;
#1701 = AXIS2_PLACEMENT_3D ( 'NONE', #2254, #5109, #9424 ) ;
#1702 = CARTESIAN_POINT ( 'NONE',  ( 1.324999999999999956, 0.000000000000000000, 0.2250000000000005052 ) ) ;
#1703 = FACE_OUTER_BOUND ( 'NONE', #5565, .T. ) ;
#1704 = ADVANCED_FACE ( 'NONE', ( #2872 ), #4530, .F. ) ;
#1705 = FILL_AREA_STYLE ('',( #2592 ) ) ;
#1706 = ADVANCED_FACE ( 'NONE', ( #6313 ), #268, .F. ) ;
#1707 = EDGE_LOOP ( 'NONE', ( #4125, #4643, #6258, #2954 ) ) ;
#1708 = EDGE_CURVE ( 'NONE', #567, #10900, #10165, .T. ) ;
#1709 = AXIS2_PLACEMENT_3D ( 'NONE', #8434, #2161, #6595 ) ;
#1710 = EDGE_CURVE ( 'NONE', #2922, #2333, #8377, .T. ) ;
#1711 = EDGE_CURVE ( 'NONE', #4016, #2371, #4701, .T. ) ;
#1712 = VERTEX_POINT ( 'NONE', #7314 ) ;
#1713 = EDGE_LOOP ( 'NONE', ( #91, #835, #7567, #853, #11257, #3912, #219, #432, #9905, #94, #4499 ) ) ;
#1714 = CARTESIAN_POINT ( 'NONE',  ( 1.665000000000000036, 0.5450000000000000400, 0.6900000000000016120 ) ) ;
#1715 = CARTESIAN_POINT ( 'NONE',  ( -2.254999999999999449, 0.8134073820189092752, 0.7731575003791745226 ) ) ;
#1716 = VERTEX_POINT ( 'NONE', #10922 ) ;
#1717 = FACE_OUTER_BOUND ( 'NONE', #9080, .T. ) ;
#1718 = AXIS2_PLACEMENT_3D ( 'NONE', #10911, #4521, #6363 ) ;
#1719 = VERTEX_POINT ( 'NONE', #9993 ) ;
#1720 = ORIENTED_EDGE ( 'NONE', *, *, #785, .F. ) ;
#1721 = CARTESIAN_POINT ( 'NONE',  ( 0.9311552812808830959, 1.000000000000000222, -0.7599999999999995648 ) ) ;
#1722 = EDGE_CURVE ( 'NONE', #8706, #2151, #9264, .T. ) ;
#1723 = CARTESIAN_POINT ( 'NONE',  ( -1.684999999999999831, 0.1000000000000001305, 0.4249999999999999889 ) ) ;
#1724 = VECTOR ( 'NONE', #6612, 1000.000000000000000 ) ;
#1725 = ORIENTED_EDGE ( 'NONE', *, *, #7565, .F. ) ;
#1726 = ORIENTED_EDGE ( 'NONE', *, *, #5620, .T. ) ;
#1727 = VERTEX_POINT ( 'NONE', #9155 ) ;
#1728 = LINE ( 'NONE', #5356, #9073 ) ;
#1729 = CARTESIAN_POINT ( 'NONE',  ( -2.104999999999999982, 0.7499999999999573674, 2.124999999999999556 ) ) ;
#1730 = VERTEX_POINT ( 'NONE', #7193 ) ;
#1731 = LINE ( 'NONE', #1678, #6241 ) ;
#1732 = ORIENTED_EDGE ( 'NONE', *, *, #4078, .F. ) ;
#1733 = AXIS2_PLACEMENT_3D ( 'NONE', #3291, #2470, #3175 ) ;
#1734 = LINE ( 'NONE', #4462, #6279 ) ;
#1735 = ORIENTED_EDGE ( 'NONE', *, *, #8147, .T. ) ;
#1736 = VECTOR ( 'NONE', #1052, 1000.000000000000227 ) ;
#1737 = VECTOR ( 'NONE', #6869, 1000.000000000000000 ) ;
#1738 = VERTEX_POINT ( 'NONE', #2759 ) ;
#1739 = ORIENTED_EDGE ( 'NONE', *, *, #3431, .F. ) ;
#1740 = DIRECTION ( 'NONE',  ( -1.000000000000000000, -0.000000000000000000, -0.000000000000000000 ) ) ;
#1741 = FACE_OUTER_BOUND ( 'NONE', #6226, .T. ) ;
#1742 = EDGE_CURVE ( 'NONE', #11659, #9447, #2134, .T. ) ;
#1743 = CARTESIAN_POINT ( 'NONE',  ( -0.1750000000000000167, 0.6800000000000001599, 0.8249999999999999556 ) ) ;
#1744 = AXIS2_PLACEMENT_3D ( 'NONE', #10684, #4400, #5192 ) ;
#1745 = DIRECTION ( 'NONE',  ( 0.000000000000000000, -0.000000000000000000, 1.000000000000000000 ) ) ;
#1746 = LINE ( 'NONE', #3570, #7476 ) ;
#1747 = EDGE_LOOP ( 'NONE', ( #9416, #11558, #5454, #5862 ) ) ;
#1748 = FACE_OUTER_BOUND ( 'NONE', #10312, .T. ) ;
#1749 = ADVANCED_FACE ( 'NONE', ( #2699 ), #5544, .F. ) ;
#1750 = DIRECTION ( 'NONE',  ( 1.000000000000000000, -0.000000000000000000, -1.219727444046192242E-16 ) ) ;
#1751 = CARTESIAN_POINT ( 'NONE',  ( 0.6750000000000000444, 0.6800000000000001599, 0.4949999999999995515 ) ) ;
#1752 = LINE ( 'NONE', #7251, #6735 ) ;
#1753 = DIRECTION ( 'NONE',  ( 0.000000000000000000, 0.000000000000000000, 1.000000000000000000 ) ) ;
#1754 = VECTOR ( 'NONE', #7034, 1000.000000000000000 ) ;
#1755 = COLOUR_RGB ( '',1.000000000000000000, 0.8117647058823529438, 0.5019607843137254832 ) ;
#1756 = DIRECTION ( 'NONE',  ( -1.000000000000000000, -0.000000000000000000, -0.000000000000000000 ) ) ;
#1757 = DIRECTION ( 'NONE',  ( 0.000000000000000000, 1.000000000000000000, 0.000000000000000000 ) ) ;
#1758 = CARTESIAN_POINT ( 'NONE',  ( 2.254999999999999449, 0.3400000000000002465, 0.02000000000000008715 ) ) ;
#1759 = DIRECTION ( 'NONE',  ( -0.000000000000000000, 0.7071067811865474617, 0.7071067811865474617 ) ) ;
#1760 = EDGE_CURVE ( 'NONE', #5275, #6058, #5184, .T. ) ;
#1761 = VECTOR ( 'NONE', #8425, 1000.000000000000000 ) ;
#1762 = LINE ( 'NONE', #7099, #1535 ) ;
#1763 = CARTESIAN_POINT ( 'NONE',  ( 2.254999999999999893, 0.6800000000000001599, 0.4449999999999996736 ) ) ;
#1764 = CARTESIAN_POINT ( 'NONE',  ( -1.175000000000000044, 0.6899768362638436514, 2.505000000000000338 ) ) ;
#1765 = EDGE_CURVE ( 'NONE', #8174, #10902, #8256, .T. ) ;
#1766 = ORIENTED_EDGE ( 'NONE', *, *, #2222, .T. ) ;
#1767 = VECTOR ( 'NONE', #5054, 1000.000000000000000 ) ;
#1768 = DIRECTION ( 'NONE',  ( 0.000000000000000000, -0.7071067811865490160, 0.7071067811865460184 ) ) ;
#1769 = CIRCLE ( 'NONE', #1396, 0.2000000000000000944 ) ;
#1770 = VERTEX_POINT ( 'NONE', #1866 ) ;
#1771 = DIRECTION ( 'NONE',  ( 0.000000000000000000, -0.000000000000000000, -1.000000000000000000 ) ) ;
#1772 = LINE ( 'NONE', #2491, #410 ) ;
#1773 = CARTESIAN_POINT ( 'NONE',  ( 1.324999999999999956, 0.7408666514389177227, 2.512987586845043531 ) ) ;
#1774 = ORIENTED_EDGE ( 'NONE', *, *, #10908, .T. ) ;
#1775 = CARTESIAN_POINT ( 'NONE',  ( 0.1750000000000000167, 0.1000000000000001027, 0.1250000000000005551 ) ) ;
#1776 = FILL_AREA_STYLE ('',( #10129 ) ) ;
#1777 = VECTOR ( 'NONE', #3180, 1000.000000000000000 ) ;
#1778 = EDGE_LOOP ( 'NONE', ( #6821, #6055, #7480, #5064 ) ) ;
#1779 = EDGE_CURVE ( 'NONE', #8174, #9607, #7612, .T. ) ;
#1780 = VERTEX_POINT ( 'NONE', #6539 ) ;
#1781 = EDGE_CURVE ( 'NONE', #9607, #8480, #2931, .T. ) ;
#1782 = VECTOR ( 'NONE', #10997, 1000.000000000000000 ) ;
#1783 = PLANE ( 'NONE',  #8199 ) ;
#1784 = ORIENTED_EDGE ( 'NONE', *, *, #11418, .T. ) ;
#1785 = VECTOR ( 'NONE', #11478, 1000.000000000000000 ) ;
#1786 = CYLINDRICAL_SURFACE ( 'NONE', #8291, 0.02499999999999992853 ) ;
#1787 = AXIS2_PLACEMENT_3D ( 'NONE', #7552, #11153, #8316 ) ;
#1788 = EDGE_CURVE ( 'NONE', #2024, #753, #4207, .T. ) ;
#1789 = ORIENTED_EDGE ( 'NONE', *, *, #657, .T. ) ;
#1790 = VERTEX_POINT ( 'NONE', #5436 ) ;
#1791 = DIRECTION ( 'NONE',  ( -7.228014483236695569E-16, 0.000000000000000000, -1.000000000000000000 ) ) ;
#1792 = DIRECTION ( 'NONE',  ( 0.000000000000000000, -0.08715574274767398655, -0.9961946980917439909 ) ) ;
#1793 = EDGE_CURVE ( 'NONE', #8651, #3135, #206, .T. ) ;
#1794 = CARTESIAN_POINT ( 'NONE',  ( 0.3250000000000001776, 0.6800000000000001599, 0.4449999999999996736 ) ) ;
#1795 = EDGE_CURVE ( 'NONE', #10159, #255, #11034, .T. ) ;
#1796 = VERTEX_POINT ( 'NONE', #990 ) ;
#1797 = FACE_OUTER_BOUND ( 'NONE', #9942, .T. ) ;
#1798 = VECTOR ( 'NONE', #2822, 1000.000000000000000 ) ;
#1799 = VECTOR ( 'NONE', #450, 1000.000000000000000 ) ;
#1800 = VERTEX_POINT ( 'NONE', #8202 ) ;
#1801 = VERTEX_POINT ( 'NONE', #5837 ) ;
#1802 = CARTESIAN_POINT ( 'NONE',  ( 0.1750000000000000167, 0.03000000000000000930, -0.1249999999999994310 ) ) ;
#1803 = CARTESIAN_POINT ( 'NONE',  ( 1.684999999999999831, 0.1000000000000001305, 0.4249999999999999334 ) ) ;
#1804 = PLANE ( 'NONE',  #11508 ) ;
#1805 = DIRECTION ( 'NONE',  ( -1.000000000000000000, 0.000000000000000000, -1.219727444046192242E-16 ) ) ;
#1806 = EDGE_CURVE ( 'NONE', #5242, #4219, #1321, .T. ) ;
#1807 = VECTOR ( 'NONE', #9946, 1000.000000000000000 ) ;
#1808 = FILL_AREA_STYLE ('',( #10584 ) ) ;
#1809 = ORIENTED_EDGE ( 'NONE', *, *, #10103, .F. ) ;
#1810 = CARTESIAN_POINT ( 'NONE',  ( -1.175000000000000044, 0.4249999987231686815, 2.505000000000000338 ) ) ;
#1811 = DIRECTION ( 'NONE',  ( 1.000000000000000000, 0.000000000000000000, 0.000000000000000000 ) ) ;
#1812 = DIRECTION ( 'NONE',  ( 0.000000000000000000, 0.000000000000000000, -1.000000000000000000 ) ) ;
#1813 = EDGE_CURVE ( 'NONE', #10509, #8429, #8565, .T. ) ;
#1814 = DIRECTION ( 'NONE',  ( 0.000000000000000000, -1.000000000000000000, -9.035018104045865024E-16 ) ) ;
#1815 = VECTOR ( 'NONE', #4375, 1000.000000000000000 ) ;
#1816 = DIRECTION ( 'NONE',  ( -1.000000000000000000, -0.000000000000000000, -0.000000000000000000 ) ) ;
#1817 = CARTESIAN_POINT ( 'NONE',  ( 2.104999999999999538, 0.9000000000000002442, -0.07499999999999998335 ) ) ;
#1818 = CARTESIAN_POINT ( 'NONE',  ( 2.104999999999999982, 0.1029422863393472526, 2.179999999999999716 ) ) ;
#1819 = FACE_OUTER_BOUND ( 'NONE', #9540, .T. ) ;
#1820 = DIRECTION ( 'NONE',  ( -1.000000000000000000, -0.000000000000000000, -0.000000000000000000 ) ) ;
#1821 = DIRECTION ( 'NONE',  ( -1.000000000000000000, 0.000000000000000000, 0.000000000000000000 ) ) ;
#1822 = EDGE_LOOP ( 'NONE', ( #2957, #3950, #9917, #9108 ) ) ;
#1823 = VECTOR ( 'NONE', #2517, 1000.000000000000000 ) ;
#1824 = DIRECTION ( 'NONE',  ( 0.000000000000000000, 6.994852725712934186E-16, 1.000000000000000000 ) ) ;
#1825 = CARTESIAN_POINT ( 'NONE',  ( -1.175000000000000044, 0.000000000000000000, 0.2250000000000005052 ) ) ;
#1826 = CYLINDRICAL_SURFACE ( 'NONE', #4832, 0.1499999999999999667 ) ;
#1827 = VERTEX_POINT ( 'NONE', #8497 ) ;
#1828 = CARTESIAN_POINT ( 'NONE',  ( 0.000000000000000000, 0.8950000000000001288, 0.000000000000000000 ) ) ;
#1829 = LINE ( 'NONE', #120, #10473 ) ;
#1830 = ORIENTED_EDGE ( 'NONE', *, *, #4989, .T. ) ;
#1831 = CARTESIAN_POINT ( 'NONE',  ( 2.254999999999999893, 0.6800000000000001599, 0.4449999999999996736 ) ) ;
#1832 = CARTESIAN_POINT ( 'NONE',  ( 0.000000000000000000, 0.8950000000000001288, 0.000000000000000000 ) ) ;
#1833 = DIRECTION ( 'NONE',  ( 0.000000000000000000, 1.355252715606876598E-16, -1.000000000000000000 ) ) ;
#1834 = ORIENTED_EDGE ( 'NONE', *, *, #2433, .F. ) ;
#1835 = ORIENTED_EDGE ( 'NONE', *, *, #9815, .F. ) ;
#1836 = EDGE_CURVE ( 'NONE', #11077, #8174, #5024, .T. ) ;
#1837 = ORIENTED_EDGE ( 'NONE', *, *, #4469, .F. ) ;
#1838 = CARTESIAN_POINT ( 'NONE',  ( 2.049999999999999822, 0.9500000000000002887, -0.2150000000000011624 ) ) ;
#1839 = CYLINDRICAL_SURFACE ( 'NONE', #3466, 0.05000000000003655687 ) ;
#1840 = EDGE_LOOP ( 'NONE', ( #630, #2245, #2441, #1309 ) ) ;
#1841 =( NAMED_UNIT ( * ) PLANE_ANGLE_UNIT ( ) SI_UNIT ( $, .RADIAN. ) );
#1842 = ORIENTED_EDGE ( 'NONE', *, *, #6416, .T. ) ;
#1843 = DIRECTION ( 'NONE',  ( 6.570922257487896188E-16, 0.000000000000000000, -1.000000000000000000 ) ) ;
#1844 = ORIENTED_EDGE ( 'NONE', *, *, #3080, .F. ) ;
#1845 = ADVANCED_FACE ( 'NONE', ( #4051 ), #5717, .T. ) ;
#1846 = ADVANCED_FACE ( 'NONE', ( #3221 ), #3873, .T. ) ;
#1847 = EDGE_CURVE ( 'NONE', #10731, #7470, #8628, .T. ) ;
#1848 = CARTESIAN_POINT ( 'NONE',  ( -2.254999999999999893, 0.1029422863393472526, 2.179999999999999716 ) ) ;
#1849 = ORIENTED_EDGE ( 'NONE', *, *, #4752, .F. ) ;
#1850 = FACE_OUTER_BOUND ( 'NONE', #1172, .T. ) ;
#1851 = DIRECTION ( 'NONE',  ( -1.000000000000000000, 0.000000000000000000, 0.000000000000000000 ) ) ;
#1852 = EDGE_CURVE ( 'NONE', #11160, #11067, #509, .T. ) ;
#1853 = VECTOR ( 'NONE', #8169, 1000.000000000000000 ) ;
#1854 = ORIENTED_EDGE ( 'NONE', *, *, #6996, .T. ) ;
#1855 = CARTESIAN_POINT ( 'NONE',  ( -0.8249999999999999556, 0.4050000000000000266, -0.07499999999999942824 ) ) ;
#1856 = ORIENTED_EDGE ( 'NONE', *, *, #892, .T. ) ;
#1857 = CARTESIAN_POINT ( 'NONE',  ( 2.254999999999999449, 0.3585295238724372502, 0.1991481456572266329 ) ) ;
#1858 = CYLINDRICAL_SURFACE ( 'NONE', #3988, 0.07499999999999998335 ) ;
#1859 =( NAMED_UNIT ( * ) PLANE_ANGLE_UNIT ( ) SI_UNIT ( $, .RADIAN. ) );
#1860 = CARTESIAN_POINT ( 'NONE',  ( -1.324999999999999956, 0.4249999987231686815, 2.441500001276831089 ) ) ;
#1861 = DIRECTION ( 'NONE',  ( 0.000000000000000000, 0.000000000000000000, 1.000000000000000000 ) ) ;
#1862 = DIRECTION ( 'NONE',  ( 1.000000000000000000, 0.000000000000000000, 0.000000000000000000 ) ) ;
#1863 = EDGE_CURVE ( 'NONE', #3501, #1670, #2285, .T. ) ;
#1864 = AXIS2_PLACEMENT_3D ( 'NONE', #5894, #570, #1389 ) ;
#1865 = CARTESIAN_POINT ( 'NONE',  ( 2.104999999999999538, 0.3650000000000002687, 0.1750000000000000444 ) ) ;
#1866 = CARTESIAN_POINT ( 'NONE',  ( 0.8249999999999999556, 1.792020331853238969E-17, 0.2250000000000005329 ) ) ;
#1867 = LINE ( 'NONE', #5490, #7102 ) ;
#1868 = DIRECTION ( 'NONE',  ( -0.000000000000000000, 1.000000000000000000, -0.000000000000000000 ) ) ;
#1869 = DIRECTION ( 'NONE',  ( 0.000000000000000000, -1.000000000000000000, 0.000000000000000000 ) ) ;
#1870 = CIRCLE ( 'NONE', #8490, 0.04999999999999999584 ) ;
#1871 = CARTESIAN_POINT ( 'NONE',  ( -2.254999999999999893, 0.7249999999999575673, 2.129999999999999893 ) ) ;
#1872 = CARTESIAN_POINT ( 'NONE',  ( 2.254999999999999893, 0.5300000000000002487, 0.3949999999999996847 ) ) ;
#1873 = CARTESIAN_POINT ( 'NONE',  ( 1.381155281280883163, 1.050000000000000044, -0.7599999999999997868 ) ) ;
#1874 = ORIENTED_EDGE ( 'NONE', *, *, #11149, .T. ) ;
#1875 = DIRECTION ( 'NONE',  ( 0.000000000000000000, -0.08715574274767398655, -0.9961946980917439909 ) ) ;
#1876 = PLANE ( 'NONE',  #2920 ) ;
#1877 = ORIENTED_EDGE ( 'NONE', *, *, #8301, .F. ) ;
#1878 = CARTESIAN_POINT ( 'NONE',  ( -2.104999999999999982, 0.9000000000000002442, 2.124999999999999556 ) ) ;
#1879 =( LENGTH_UNIT ( ) NAMED_UNIT ( * ) SI_UNIT ( .MILLI., .METRE. ) );
#1880 = ORIENTED_EDGE ( 'NONE', *, *, #11097, .F. ) ;
#1881 = VECTOR ( 'NONE', #9065, 1000.000000000000000 ) ;
#1882 = FACE_OUTER_BOUND ( 'NONE', #5013, .T. ) ;
#1883 = VERTEX_POINT ( 'NONE', #4109 ) ;
#1884 = PRODUCT_DEFINITION_FORMATION_WITH_SPECIFIED_SOURCE ( 'ANY', '', #11655, .NOT_KNOWN. ) ;
#1885 = CARTESIAN_POINT ( 'NONE',  ( 0.3250000000000000111, 0.07499999999999999722, 0.1250000000000005551 ) ) ;
#1886 = ORIENTED_EDGE ( 'NONE', *, *, #4669, .F. ) ;
#1887 = ORIENTED_EDGE ( 'NONE', *, *, #10041, .F. ) ;
#1888 = CARTESIAN_POINT ( 'NONE',  ( 2.254999999999999893, 0.1029422863393472526, 2.154999999999999805 ) ) ;
#1889 = LINE ( 'NONE', #6395, #7173 ) ;
#1890 = CARTESIAN_POINT ( 'NONE',  ( -1.324999999999999956, 0.7250000000000001998, 2.492500000000000160 ) ) ;
#1891 = VECTOR ( 'NONE', #483, 1000.000000000000000 ) ;
#1892 = ORIENTED_EDGE ( 'NONE', *, *, #7076, .F. ) ;
#1893 = DIRECTION ( 'NONE',  ( 0.000000000000000000, -1.000000000000000000, -1.999553186960971874E-15 ) ) ;
#1894 = CARTESIAN_POINT ( 'NONE',  ( 2.055000000000000604, 1.050000000000000044, 2.124999999999999556 ) ) ;
#1895 = CARTESIAN_POINT ( 'NONE',  ( -0.1750000000000000167, 0.1000000000000001305, -0.07500000000000003886 ) ) ;
#1896 = ORIENTED_EDGE ( 'NONE', *, *, #7220, .T. ) ;
#1897 = DIRECTION ( 'NONE',  ( 0.000000000000000000, 0.000000000000000000, 1.000000000000000000 ) ) ;
#1898 = ORIENTED_EDGE ( 'NONE', *, *, #4748, .F. ) ;
#1899 =( GEOMETRIC_REPRESENTATION_CONTEXT ( 3 ) GLOBAL_UNCERTAINTY_ASSIGNED_CONTEXT ( ( #3179 ) ) GLOBAL_UNIT_ASSIGNED_CONTEXT ( ( #239, #11065, #5574 ) ) REPRESENTATION_CONTEXT ( 'NONE', 'WORKASPACE' ) );
#1900 = AXIS2_PLACEMENT_3D ( 'NONE', #11691, #8042, #891 ) ;
#1901 = VERTEX_POINT ( 'NONE', #7727 ) ;
#1902 = DIRECTION ( 'NONE',  ( -1.000000000000000000, -0.000000000000000000, -0.000000000000000000 ) ) ;
#1903 = PLANE ( 'NONE',  #1623 ) ;
#1904 = ORIENTED_EDGE ( 'NONE', *, *, #10407, .T. ) ;
#1905 = CARTESIAN_POINT ( 'NONE',  ( -0.6750000000000000444, 0.4249999987231686815, 2.505000000000000338 ) ) ;
#1906 = VERTEX_POINT ( 'NONE', #11332 ) ;
#1907 = FACE_OUTER_BOUND ( 'NONE', #10448, .T. ) ;
#1908 = VECTOR ( 'NONE', #10296, 1000.000000000000000 ) ;
#1909 = EDGE_CURVE ( 'NONE', #10309, #6524, #7601, .T. ) ;
#1910 = CIRCLE ( 'NONE', #11369, 0.04999999999999999584 ) ;
#1911 = PRESENTATION_STYLE_ASSIGNMENT (( #979 ) ) ;
#1912 = DIRECTION ( 'NONE',  ( 0.000000000000000000, 0.000000000000000000, -1.000000000000000000 ) ) ;
#1913 = VECTOR ( 'NONE', #5823, 1000.000000000000000 ) ;
#1914 = ADVANCED_FACE ( 'NONE', ( #1460 ), #11210, .F. ) ;
#1915 = FACE_OUTER_BOUND ( 'NONE', #2322, .T. ) ;
#1916 = ADVANCED_FACE ( 'NONE', ( #4846 ), #8689, .F. ) ;
#1917 = DIRECTION ( 'NONE',  ( 0.000000000000000000, 0.000000000000000000, -1.000000000000000000 ) ) ;
#1918 = VERTEX_POINT ( 'NONE', #11277 ) ;
#1919 = DIRECTION ( 'NONE',  ( 0.000000000000000000, 5.421010862427520198E-16, 1.000000000000000000 ) ) ;
#1920 = DIRECTION ( 'NONE',  ( 0.000000000000000000, 0.000000000000000000, 1.000000000000000000 ) ) ;
#1921 = LINE ( 'NONE', #5325, #6676 ) ;
#1922 = DIRECTION ( 'NONE',  ( 1.000000000000000000, 0.000000000000000000, -0.000000000000000000 ) ) ;
#1923 = LINE ( 'NONE', #6421, #5401 ) ;
#1924 = LINE ( 'NONE', #2492, #6487 ) ;
#1925 = FACE_OUTER_BOUND ( 'NONE', #5237, .T. ) ;
#1926 = EDGE_CURVE ( 'NONE', #7690, #1355, #1269, .T. ) ;
#1927 = DIRECTION ( 'NONE',  ( 0.000000000000000000, -3.020703136098691163E-17, 1.000000000000000000 ) ) ;
#1928 = VECTOR ( 'NONE', #9397, 1000.000000000000227 ) ;
#1929 = CARTESIAN_POINT ( 'NONE',  ( 0.8249999999999999556, 0.6910569165342943521, 2.517345373982429635 ) ) ;
#1930 = AXIS2_PLACEMENT_3D ( 'NONE', #3581, #6201, #2425 ) ;
#1931 = VECTOR ( 'NONE', #2688, 1000.000000000000000 ) ;
#1932 = VERTEX_POINT ( 'NONE', #9336 ) ;
#1933 = CARTESIAN_POINT ( 'NONE',  ( 1.324999999999999956, 0.1000000000000001027, 0.1250000000000005551 ) ) ;
#1934 = DIRECTION ( 'NONE',  ( 0.000000000000000000, -1.355252715606876598E-16, 1.000000000000000000 ) ) ;
#1935 = AXIS2_PLACEMENT_3D ( 'NONE', #4584, #104, #5435 ) ;
#1936 = EDGE_CURVE ( 'NONE', #7815, #2257, #1215, .T. ) ;
#1937 = ORIENTED_EDGE ( 'NONE', *, *, #3578, .F. ) ;
#1938 = CYLINDRICAL_SURFACE ( 'NONE', #3606, 0.06349999872316867966 ) ;
#1939 = LINE ( 'NONE', #5562, #240 ) ;
#1940 = CARTESIAN_POINT ( 'NONE',  ( -0.1750000000000000167, 0.08000000000000000167, -0.1749999999999994893 ) ) ;
#1941 = VERTEX_POINT ( 'NONE', #328 ) ;
#1942 = VECTOR ( 'NONE', #5124, 1000.000000000000000 ) ;
#1943 = ORIENTED_EDGE ( 'NONE', *, *, #8411, .F. ) ;
#1944 = EDGE_CURVE ( 'NONE', #1571, #1906, #3927, .T. ) ;
#1945 = DIRECTION ( 'NONE',  ( 1.608608564518552898E-17, -0.000000000000000000, 1.000000000000000000 ) ) ;
#1946 = ORIENTED_EDGE ( 'NONE', *, *, #1742, .F. ) ;
#1947 = CARTESIAN_POINT ( 'NONE',  ( -0.1750000000000000167, 0.1000000000000001305, -0.07500000000000003886 ) ) ;
#1948 = ADVANCED_FACE ( 'NONE', ( #6667 ), #10289, .T. ) ;
#1949 = VECTOR ( 'NONE', #1868, 1000.000000000000000 ) ;
#1950 = LINE ( 'NONE', #4675, #6304 ) ;
#1951 = LINE ( 'NONE', #3954, #3412 ) ;
#1952 = VECTOR ( 'NONE', #2776, 1000.000000000000000 ) ;
#1953 = PRESENTATION_STYLE_ASSIGNMENT (( #4505 ) ) ;
#1954 = VECTOR ( 'NONE', #7264, 1000.000000000000000 ) ;
#1955 = LINE ( 'NONE', #10847, #7111 ) ;
#1956 = ORIENTED_EDGE ( 'NONE', *, *, #6854, .F. ) ;
#1957 = DIRECTION ( 'NONE',  ( 0.000000000000000000, 0.000000000000000000, 1.000000000000000000 ) ) ;
#1958 = ORIENTED_EDGE ( 'NONE', *, *, #10173, .T. ) ;
#1959 = PLANE ( 'NONE',  #10704 ) ;
#1960 = DIRECTION ( 'NONE',  ( 1.000000000000000000, 0.000000000000000000, 0.000000000000000000 ) ) ;
#1961 = VECTOR ( 'NONE', #8036, 1000.000000000000000 ) ;
#1962 = LINE ( 'NONE', #2848, #2769 ) ;
#1963 = LINE ( 'NONE', #5582, #11115 ) ;
#1964 = FACE_OUTER_BOUND ( 'NONE', #7747, .T. ) ;
#1965 = ORIENTED_EDGE ( 'NONE', *, *, #5139, .T. ) ;
#1966 = CARTESIAN_POINT ( 'NONE',  ( 2.104999999999999538, 1.000000000000000222, 1.199999999999277200 ) ) ;
#1967 = CARTESIAN_POINT ( 'NONE',  ( 2.104999999999999982, 0.7249999999999575673, 2.154999999999999805 ) ) ;
#1968 = ORIENTED_EDGE ( 'NONE', *, *, #4975, .F. ) ;
#1969 = ORIENTED_EDGE ( 'NONE', *, *, #546, .T. ) ;
#1970 = DIRECTION ( 'NONE',  ( -1.000000000000000000, -0.000000000000000000, -0.000000000000000000 ) ) ;
#1971 = EDGE_CURVE ( 'NONE', #1941, #2160, #2228, .T. ) ;
#1972 = VERTEX_POINT ( 'NONE', #2730 ) ;
#1973 = CARTESIAN_POINT ( 'NONE',  ( 0.3250000000000000111, 0.7250000000000001998, 2.577500000000000568 ) ) ;
#1974 = VECTOR ( 'NONE', #4247, 1000.000000000000000 ) ;
#1975 = AXIS2_PLACEMENT_3D ( 'NONE', #2229, #5025, #11394 ) ;
#1976 = DIRECTION ( 'NONE',  ( -1.000000000000000000, 0.000000000000000000, -0.000000000000000000 ) ) ;
#1977 = ORIENTED_EDGE ( 'NONE', *, *, #8012, .F. ) ;
#1978 = AXIS2_PLACEMENT_3D ( 'NONE', #9102, #1051, #6481 ) ;
#1979 = AXIS2_PLACEMENT_3D ( 'NONE', #4246, #1591, #2590 ) ;
#1980 = VERTEX_POINT ( 'NONE', #7168 ) ;
#1981 = DIRECTION ( 'NONE',  ( -1.000000000000000000, -0.000000000000000000, -0.000000000000000000 ) ) ;
#1982 = CARTESIAN_POINT ( 'NONE',  ( -2.104999999999999538, 1.050000000000000044, 1.149999999999277156 ) ) ;
#1983 = DIRECTION ( 'NONE',  ( 1.445602896647340100E-15, -0.000000000000000000, 1.000000000000000000 ) ) ;
#1984 = EDGE_CURVE ( 'NONE', #9577, #7711, #9465, .T. ) ;
#1985 = ADVANCED_FACE ( 'NONE', ( #10893 ), #8959, .T. ) ;
#1986 = CARTESIAN_POINT ( 'NONE',  ( -1.955000000000000071, 0.05000000000000012768, 3.025000000000000355 ) ) ;
#1987 = CARTESIAN_POINT ( 'NONE',  ( 0.6750000000000000444, 0.07499999999999999722, 0.1250000000000005551 ) ) ;
#1988 = FACE_OUTER_BOUND ( 'NONE', #1713, .T. ) ;
#1989 = DIRECTION ( 'NONE',  ( 0.000000000000000000, 0.9961946980917442129, -0.08715574274767398655 ) ) ;
#1990 =( LENGTH_UNIT ( ) NAMED_UNIT ( * ) SI_UNIT ( .MILLI., .METRE. ) );
#1991 = AXIS2_PLACEMENT_3D ( 'NONE', #10151, #9317, #2023 ) ;
#1992 = EDGE_CURVE ( 'NONE', #6774, #10420, #4336, .T. ) ;
#1993 = ADVANCED_FACE ( 'NONE', ( #2781 ), #81, .F. ) ;
#1994 = EDGE_CURVE ( 'NONE', #9132, #7232, #1889, .T. ) ;
#1995 = ORIENTED_EDGE ( 'NONE', *, *, #8245, .T. ) ;
#1996 = EDGE_CURVE ( 'NONE', #10068, #10577, #2559, .T. ) ;
#1997 = VECTOR ( 'NONE', #1412, 1000.000000000000000 ) ;
#1998 = DIRECTION ( 'NONE',  ( 0.000000000000000000, 1.000000000000000000, 0.000000000000000000 ) ) ;
#1999 = DIRECTION ( 'NONE',  ( -1.000000000000000000, 0.000000000000000000, -1.219727444046192242E-16 ) ) ;
#2000 = EDGE_LOOP ( 'NONE', ( #1363, #11137, #765, #169 ) ) ;
#2001 = FACE_OUTER_BOUND ( 'NONE', #9533, .T. ) ;
#2002 = PRESENTATION_STYLE_ASSIGNMENT (( #9224 ) ) ;
#2003 = DIRECTION ( 'NONE',  ( 0.000000000000000000, -2.710505431213760592E-16, 1.000000000000000000 ) ) ;
#2004 = ORIENTED_EDGE ( 'NONE', *, *, #9684, .T. ) ;
#2005 = ORIENTED_EDGE ( 'NONE', *, *, #122, .F. ) ;
#2006 = CARTESIAN_POINT ( 'NONE',  ( 0.3250000000000000111, 0.000000000000000000, 0.2250000000000005052 ) ) ;
#2007 = EDGE_CURVE ( 'NONE', #2043, #5116, #10017, .T. ) ;
#2008 = LINE ( 'NONE', #9360, #11680 ) ;
#2009 = ORIENTED_EDGE ( 'NONE', *, *, #8738, .T. ) ;
#2010 = DIRECTION ( 'NONE',  ( 0.000000000000000000, 6.994852725712934186E-16, 1.000000000000000000 ) ) ;
#2011 = DIRECTION ( 'NONE',  ( 0.000000000000000000, 1.000000000000000000, -3.439160614977207662E-32 ) ) ;
#2012 = PLANE ( 'NONE',  #2084 ) ;
#2013 = VERTEX_POINT ( 'NONE', #9017 ) ;
#2014 = FACE_OUTER_BOUND ( 'NONE', #8586, .T. ) ;
#2015 = ORIENTED_EDGE ( 'NONE', *, *, #3436, .T. ) ;
#2016 = MECHANICAL_DESIGN_GEOMETRIC_PRESENTATION_REPRESENTATION (  '', ( #7130 ), #7900 ) ;
#2017 = LINE ( 'NONE', #9245, #8046 ) ;
#2018 = DIRECTION ( 'NONE',  ( 0.000000000000000000, 1.000000000000000000, 0.000000000000000000 ) ) ;
#2019 = CARTESIAN_POINT ( 'NONE',  ( 1.955000000000000071, 0.1000000000000001305, 2.125000000000000000 ) ) ;
#2020 = LINE ( 'NONE', #10954, #10897 ) ;
#2021 = ORIENTED_EDGE ( 'NONE', *, *, #2708, .F. ) ;
#2022 = DIRECTION ( 'NONE',  ( 0.000000000000000000, -1.355252715606876598E-16, 1.000000000000000000 ) ) ;
#2023 = DIRECTION ( 'NONE',  ( 0.000000000000000000, 0.000000000000000000, -1.000000000000000000 ) ) ;
#2024 = VERTEX_POINT ( 'NONE', #572 ) ;
#2025 = ORIENTED_EDGE ( 'NONE', *, *, #8737, .T. ) ;
#2026 = DIRECTION ( 'NONE',  ( 0.000000000000000000, -1.000000000000000000, -1.999553186960971874E-15 ) ) ;
#2027 = ORIENTED_EDGE ( 'NONE', *, *, #11050, .T. ) ;
#2028 = DIRECTION ( 'NONE',  ( 1.000000000000000000, 0.000000000000000000, 0.000000000000000000 ) ) ;
#2029 = DIRECTION ( 'NONE',  ( -1.000000000000000000, -0.000000000000000000, -0.000000000000000000 ) ) ;
#2030 = EDGE_LOOP ( 'NONE', ( #118, #914, #5687, #8523 ) ) ;
#2031 = SURFACE_STYLE_USAGE ( .BOTH. , #4957 ) ;
#2032 = VECTOR ( 'NONE', #1672, 1000.000000000000000 ) ;
#2033 = EDGE_LOOP ( 'NONE', ( #5235, #9369, #1572, #9309, #616 ) ) ;
#2034 = FACE_OUTER_BOUND ( 'NONE', #9556, .T. ) ;
#2035 = FACE_OUTER_BOUND ( 'NONE', #744, .T. ) ;
#2036 =( LENGTH_UNIT ( ) NAMED_UNIT ( * ) SI_UNIT ( .MILLI., .METRE. ) );
#2037 = DIRECTION ( 'NONE',  ( 0.000000000000000000, -0.08715574274767398655, -0.9961946980917439909 ) ) ;
#2038 = VECTOR ( 'NONE', #11060, 1000.000000000000000 ) ;
#2039 = DIRECTION ( 'NONE',  ( 0.000000000000000000, -1.000000000000000000, 0.000000000000000000 ) ) ;
#2040 = PLANE ( 'NONE',  #10492 ) ;
#2041 = DIRECTION ( 'NONE',  ( 0.000000000000000000, 0.000000000000000000, -1.000000000000000000 ) ) ;
#2042 = CARTESIAN_POINT ( 'NONE',  ( -2.375000000000000444, 1.050000000000000044, -0.07499999999999998335 ) ) ;
#2043 = VERTEX_POINT ( 'NONE', #4393 ) ;
#2044 = LINE ( 'NONE', #9272, #2157 ) ;
#2045 = ADVANCED_FACE ( 'NONE', ( #6177 ), #854, .F. ) ;
#2046 = EDGE_CURVE ( 'NONE', #6641, #4830, #3503, .T. ) ;
#2047 = DIRECTION ( 'NONE',  ( 0.000000000000000000, 1.000000000000000000, 2.710505431213761085E-16 ) ) ;
#2048 = FILL_AREA_STYLE ('',( #6798 ) ) ;
#2049 = VERTEX_POINT ( 'NONE', #4502 ) ;
#2050 = FACE_OUTER_BOUND ( 'NONE', #6776, .T. ) ;
#2051 = ADVANCED_FACE ( 'NONE', ( #911 ), #2669, .F. ) ;
#2052 = AXIS2_PLACEMENT_3D ( 'NONE', #6784, #8687, #3219 ) ;
#2053 = CARTESIAN_POINT ( 'NONE',  ( -0.6750000000000000444, 0.1000000000000001305, -0.07500000000000003886 ) ) ;
#2054 = CARTESIAN_POINT ( 'NONE',  ( -2.104999999999999538, 0.8134073820189092752, 0.7731575003791745226 ) ) ;
#2055 = EDGE_CURVE ( 'NONE', #7579, #1236, #4354, .T. ) ;
#2056 = EDGE_LOOP ( 'NONE', ( #11026, #8815, #9217, #6233 ) ) ;
#2057 = CLOSED_SHELL ( 'NONE', ( #7722, #3118, #2397, #4718, #4534, #10474, #5910, #9221, #7291, #7462, #11242, #10117, #9970 ) ) ;
#2058 = LINE ( 'NONE', #6496, #601 ) ;
#2060 = EDGE_CURVE ( 'NONE', #8560, #3201, #1728, .T. ) ;
#2059 = ORIENTED_EDGE ( 'NONE', *, *, #4215, .F. ) ;
#2061 = VERTEX_POINT ( 'NONE', #4562 ) ;
#2062 = ADVANCED_FACE ( 'NONE', ( #8172 ), #8064, .T. ) ;
#2063 = LINE ( 'NONE', #8274, #11236 ) ;
#2064 = ORIENTED_EDGE ( 'NONE', *, *, #11109, .T. ) ;
#2065 = ORIENTED_EDGE ( 'NONE', *, *, #5866, .F. ) ;
#2066 = EDGE_CURVE ( 'NONE', #9468, #2100, #6285, .T. ) ;
#2067 = ADVANCED_FACE ( 'NONE', ( #5415 ), #7226, .F. ) ;
#2068 = DIRECTION ( 'NONE',  ( -1.000000000000000000, 0.000000000000000000, 0.000000000000000000 ) ) ;
#2069 = ORIENTED_EDGE ( 'NONE', *, *, #2444, .T. ) ;
#2070 = CARTESIAN_POINT ( 'NONE',  ( 1.175000000000000044, 0.6910569165342941300, 2.517345373982429635 ) ) ;
#2071 = ORIENTED_EDGE ( 'NONE', *, *, #3369, .T. ) ;
#2072 = EDGE_CURVE ( 'NONE', #8178, #5171, #1074, .T. ) ;
#2073 = DIRECTION ( 'NONE',  ( 0.000000000000000000, 0.000000000000000000, 1.000000000000000000 ) ) ;
#2074 = VECTOR ( 'NONE', #3673, 1000.000000000000000 ) ;
#2075 = LINE ( 'NONE', #176, #9859 ) ;
#2076 = VERTEX_POINT ( 'NONE', #2196 ) ;
#2077 = EDGE_CURVE ( 'NONE', #3153, #8225, #8509, .T. ) ;
#2078 = ORIENTED_EDGE ( 'NONE', *, *, #562, .T. ) ;
#2079 = STYLED_ITEM ( 'NONE', ( #4221 ), #4059 ) ;
#2080 = DIRECTION ( 'NONE',  ( -1.000000000000000000, -0.000000000000000000, -0.000000000000000000 ) ) ;
#2081 = VERTEX_POINT ( 'NONE', #1299 ) ;
#2082 = VECTOR ( 'NONE', #11078, 1000.000000000000000 ) ;
#2083 = DIRECTION ( 'NONE',  ( -1.000000000000000000, -0.000000000000000000, -0.000000000000000000 ) ) ;
#2084 = AXIS2_PLACEMENT_3D ( 'NONE', #9238, #4733, #9367 ) ;
#2085 = VERTEX_POINT ( 'NONE', #2436 ) ;
#2086 = LINE ( 'NONE', #4630, #6516 ) ;
#2087 = ORIENTED_EDGE ( 'NONE', *, *, #11338, .F. ) ;
#2088 = CARTESIAN_POINT ( 'NONE',  ( 1.324999999999999956, 0.7250000000000001998, 2.492500000000000160 ) ) ;
#2089 = VERTEX_POINT ( 'NONE', #2390 ) ;
#2090 = ORIENTED_EDGE ( 'NONE', *, *, #2696, .F. ) ;
#2091 = PLANE ( 'NONE',  #8369 ) ;
#2092 = EDGE_LOOP ( 'NONE', ( #3247, #2144, #4953, #10514 ) ) ;
#2093 = DIRECTION ( 'NONE',  ( -1.000000000000000000, -0.000000000000000000, -0.000000000000000000 ) ) ;
#2094 = ORIENTED_EDGE ( 'NONE', *, *, #9660, .T. ) ;
#2095 = VECTOR ( 'NONE', #2706, 1000.000000000000000 ) ;
#2096 = DIRECTION ( 'NONE',  ( 1.000000000000000000, 0.000000000000000000, 0.000000000000000000 ) ) ;
#2097 = VERTEX_POINT ( 'NONE', #4929 ) ;
#2098 = AXIS2_PLACEMENT_3D ( 'NONE', #8231, #7908, #2573 ) ;
#2099 = EDGE_CURVE ( 'NONE', #7063, #6955, #8532, .T. ) ;
#2100 = VERTEX_POINT ( 'NONE', #10431 ) ;
#2101 = LINE ( 'NONE', #7311, #4025 ) ;
#2102 = VECTOR ( 'NONE', #4971, 1000.000000000000000 ) ;
#2103 = UNCERTAINTY_MEASURE_WITH_UNIT (LENGTH_MEASURE( 1.000000000000000082E-05 ), #6454, 'distance_accuracy_value', 'NONE');
#2104 = DIRECTION ( 'NONE',  ( -0.8320502943378440541, -2.454723093165421543E-16, 0.5547001962252284812 ) ) ;
#2105 = VECTOR ( 'NONE', #3596, 1000.000000000000000 ) ;
#2106 = DIRECTION ( 'NONE',  ( 0.000000000000000000, -1.355252715606876598E-16, 1.000000000000000000 ) ) ;
#2107 = CARTESIAN_POINT ( 'NONE',  ( 0.1750000000000000167, 0.8950000000000001288, 0.4949999999999995515 ) ) ;
#2108 = DIRECTION ( 'NONE',  ( -1.000000000000000000, -0.000000000000000000, 1.608608564518552898E-17 ) ) ;
#2109 = DIRECTION ( 'NONE',  ( -0.000000000000000000, -0.000000000000000000, 1.000000000000000000 ) ) ;
#2110 = DIRECTION ( 'NONE',  ( -0.000000000000000000, -0.000000000000000000, 1.000000000000000000 ) ) ;
#2111 = FACE_OUTER_BOUND ( 'NONE', #11246, .T. ) ;
#2112 = VECTOR ( 'NONE', #10146, 1000.000000000000000 ) ;
#2113 = CIRCLE ( 'NONE', #8743, 0.06349999872316867966 ) ;
#2114 = CARTESIAN_POINT ( 'NONE',  ( -1.684999999999999831, 0.05000000000000012768, 0.4249999999999999889 ) ) ;
#2115 = ORIENTED_EDGE ( 'NONE', *, *, #3919, .T. ) ;
#2116 = CARTESIAN_POINT ( 'NONE',  ( 2.254999999999999893, 0.8300000000000000711, 0.3949999999999996292 ) ) ;
#2117 = VECTOR ( 'NONE', #2870, 1000.000000000000000 ) ;
#2118 = DIRECTION ( 'NONE',  ( 0.000000000000000000, 1.000000000000000000, 0.000000000000000000 ) ) ;
#2119 = ORIENTED_EDGE ( 'NONE', *, *, #11677, .T. ) ;
#2120 = DIRECTION ( 'NONE',  ( 0.000000000000000000, 1.000000000000000000, 0.000000000000000000 ) ) ;
#2121 = CARTESIAN_POINT ( 'NONE',  ( 2.104999999999999538, 0.3650000000000000466, -0.004999999999999878673 ) ) ;
#2122 = EDGE_CURVE ( 'NONE', #2330, #6979, #4132, .T. ) ;
#2123 = EDGE_LOOP ( 'NONE', ( #9287, #5057, #7766, #5065 ) ) ;
#2124 = CARTESIAN_POINT ( 'NONE',  ( -1.850000000000000089, 1.050000000000000044, -0.8049999999999989386 ) ) ;
#2125 = ORIENTED_EDGE ( 'NONE', *, *, #4328, .F. ) ;
#2126 = ORIENTED_EDGE ( 'NONE', *, *, #10699, .T. ) ;
#2127 = CARTESIAN_POINT ( 'NONE',  ( -0.3250000000000000111, 0.7408666514389177227, 2.512987586845043531 ) ) ;
#2128 = AXIS2_PLACEMENT_3D ( 'NONE', #11630, #9031, #923 ) ;
#2129 = DIRECTION ( 'NONE',  ( 0.000000000000000000, -3.439160614977207662E-32, -1.000000000000000000 ) ) ;
#2130 =( GEOMETRIC_REPRESENTATION_CONTEXT ( 3 ) GLOBAL_UNCERTAINTY_ASSIGNED_CONTEXT ( ( #5375 ) ) GLOBAL_UNIT_ASSIGNED_CONTEXT ( ( #2036, #2871, #9263 ) ) REPRESENTATION_CONTEXT ( 'NONE', 'WORKASPACE' ) );
#2131 = ORIENTED_EDGE ( 'NONE', *, *, #4378, .F. ) ;
#2132 = LINE ( 'NONE', #4871, #6480 ) ;
#2133 = CARTESIAN_POINT ( 'NONE',  ( 1.324999999999999956, 0.1000000000000001027, 0.1250000000000005551 ) ) ;
#2134 = CIRCLE ( 'NONE', #6115, 0.1499999999999999667 ) ;
#2135 = EDGE_CURVE ( 'NONE', #9986, #3493, #5992, .T. ) ;
#2136 = ADVANCED_FACE ( 'NONE', ( #9722 ), #3593, .F. ) ;
#2137 = AXIS2_PLACEMENT_3D ( 'NONE', #3554, #4503, #10787 ) ;
#2138 = ORIENTED_EDGE ( 'NONE', *, *, #2447, .T. ) ;
#2139 = VECTOR ( 'NONE', #11317, 1000.000000000000000 ) ;
#2140 = ORIENTED_EDGE ( 'NONE', *, *, #7642, .F. ) ;
#2141 = FACE_OUTER_BOUND ( 'NONE', #8883, .T. ) ;
#2142 = EDGE_CURVE ( 'NONE', #3024, #3666, #5446, .T. ) ;
#2143 = VECTOR ( 'NONE', #1919, 1000.000000000000000 ) ;
#2144 = ORIENTED_EDGE ( 'NONE', *, *, #2272, .F. ) ;
#2145 = CARTESIAN_POINT ( 'NONE',  ( 2.254999999999999449, 0.9000000000000002442, -0.07499999999999998335 ) ) ;
#2146 = ORIENTED_EDGE ( 'NONE', *, *, #7438, .F. ) ;
#2147 = LINE ( 'NONE', #1966, #4311 ) ;
#2148 = DIRECTION ( 'NONE',  ( 0.000000000000000000, -1.000000000000000000, 0.000000000000000000 ) ) ;
#2149 = ORIENTED_EDGE ( 'NONE', *, *, #4527, .F. ) ;
#2150 = AXIS2_PLACEMENT_3D ( 'NONE', #9293, #6388, #1070 ) ;
#2151 = VERTEX_POINT ( 'NONE', #5339 ) ;
#2152 = DIRECTION ( 'NONE',  ( 0.000000000000000000, 0.000000000000000000, 1.000000000000000000 ) ) ;
#2153 = DIRECTION ( 'NONE',  ( 0.000000000000000000, 0.000000000000000000, 1.000000000000000000 ) ) ;
#2154 = ADVANCED_FACE ( 'NONE', ( #7271 ), #3542, .F. ) ;
#2155 = FACE_OUTER_BOUND ( 'NONE', #4740, .T. ) ;
#2156 = DIRECTION ( 'NONE',  ( 0.000000000000000000, -0.7071067811865492381, 0.7071067811865457964 ) ) ;
#2157 = VECTOR ( 'NONE', #1157, 1000.000000000000000 ) ;
#2158 = EDGE_LOOP ( 'NONE', ( #1234, #11355, #8477, #3129, #2248, #7216, #792, #4106, #6950, #5183, #5870 ) ) ;
#2159 = FACE_OUTER_BOUND ( 'NONE', #2890, .T. ) ;
#2160 = VERTEX_POINT ( 'NONE', #2544 ) ;
#2161 = DIRECTION ( 'NONE',  ( 0.000000000000000000, 0.000000000000000000, 1.000000000000000000 ) ) ;
#2162 = ORIENTED_EDGE ( 'NONE', *, *, #991, .F. ) ;
#2163 = ADVANCED_FACE ( 'NONE', ( #11597 ), #8051, .F. ) ;
#2164 = VERTEX_POINT ( 'NONE', #9894 ) ;
#2165 = VERTEX_POINT ( 'NONE', #7209 ) ;
#2166 = AXIS2_PLACEMENT_3D ( 'NONE', #3936, #462, #2944 ) ;
#2167 = DIRECTION ( 'NONE',  ( 1.000000000000000000, -0.000000000000000000, 0.000000000000000000 ) ) ;
#2168 = CARTESIAN_POINT ( 'NONE',  ( -0.6750000000000000444, 0.3615000000000000990, 2.125000000000000000 ) ) ;
#2169 = CYLINDRICAL_SURFACE ( 'NONE', #2478, 0.09999999999999982514 ) ;
#2170 = DIRECTION ( 'NONE',  ( 1.000000000000000000, 1.837630800822892264E-16, 0.000000000000000000 ) ) ;
#2171 = CARTESIAN_POINT ( 'NONE',  ( 1.449999999999999956, 0.6100000000000000977, -0.2050000000000008205 ) ) ;
#2172 = CARTESIAN_POINT ( 'NONE',  ( -1.174999999999999822, 0.6800000000000001599, 0.4949999999999995515 ) ) ;
#2173 = EDGE_CURVE ( 'NONE', #8250, #11190, #1772, .T. ) ;
#2174 = CARTESIAN_POINT ( 'NONE',  ( 0.3250000000000000111, 0.08000000000000001554, -0.1749999999999994893 ) ) ;
#2175 = VECTOR ( 'NONE', #5103, 1000.000000000000000 ) ;
#2176 = DIRECTION ( 'NONE',  ( 0.000000000000000000, -3.020703136098691163E-17, 1.000000000000000000 ) ) ;
#2177 = VECTOR ( 'NONE', #9953, 1000.000000000000000 ) ;
#2178 = VECTOR ( 'NONE', #9411, 1000.000000000000000 ) ;
#2179 = DIRECTION ( 'NONE',  ( 0.000000000000000000, 0.000000000000000000, -1.000000000000000000 ) ) ;
#2180 = ORIENTED_EDGE ( 'NONE', *, *, #2579, .F. ) ;
#2181 = FACE_OUTER_BOUND ( 'NONE', #7464, .T. ) ;
#2182 = CARTESIAN_POINT ( 'NONE',  ( -0.1750000000000000167, 0.7250000000000001998, 2.492500000000000160 ) ) ;
#2183 = DIRECTION ( 'NONE',  ( -1.000000000000000000, -0.000000000000000000, -0.000000000000000000 ) ) ;
#2184 = CARTESIAN_POINT ( 'NONE',  ( 0.3250000000000000111, 0.3350000000000001310, 2.709999999999999964 ) ) ;
#2185 = VECTOR ( 'NONE', #10426, 1000.000000000000000 ) ;
#2186 = VERTEX_POINT ( 'NONE', #3657 ) ;
#2187 = CARTESIAN_POINT ( 'NONE',  ( -0.6750000000000000444, 0.3615000000000000990, 2.125000000000000000 ) ) ;
#2188 = ORIENTED_EDGE ( 'NONE', *, *, #1058, .T. ) ;
#2189 = ORIENTED_EDGE ( 'NONE', *, *, #4254, .F. ) ;
#2190 = CARTESIAN_POINT ( 'NONE',  ( 0.8249999999999999556, 0.6999090492244378625, 2.541666408662616394 ) ) ;
#2191 = ADVANCED_FACE ( 'NONE', ( #7052 ), #947, .F. ) ;
#2192 = VECTOR ( 'NONE', #4359, 1000.000000000000000 ) ;
#2193 = DIRECTION ( 'NONE',  ( -1.000000000000000000, -0.000000000000000000, -0.000000000000000000 ) ) ;
#2194 = VERTEX_POINT ( 'NONE', #6326 ) ;
#2195 = EDGE_LOOP ( 'NONE', ( #1590, #1429, #7166, #3720, #3664, #11328, #3192, #4380, #834, #2078, #1136, #1261, #1498, #3441, #8624, #7478, #1162, #7055, #3595, #8839, #10656, #734 ) ) ;
#2196 = CARTESIAN_POINT ( 'NONE',  ( 0.3250000000000000111, 0.3615000000000000990, 2.125000000000000000 ) ) ;
#2197 = CARTESIAN_POINT ( 'NONE',  ( -2.104999999999999538, 1.050000000000000044, 0.2950000000000000400 ) ) ;
#2198 = VERTEX_POINT ( 'NONE', #2657 ) ;
#2199 = DIRECTION ( 'NONE',  ( 0.000000000000000000, 1.000000000000000000, 0.000000000000000000 ) ) ;
#2200 = CARTESIAN_POINT ( 'NONE',  ( -2.049999999999999822, 0.6800000000000001599, 0.5949999999999996403 ) ) ;
#2201 = ORIENTED_EDGE ( 'NONE', *, *, #9233, .F. ) ;
#2202 = ORIENTED_EDGE ( 'NONE', *, *, #7000, .F. ) ;
#2203 = DIRECTION ( 'NONE',  ( -1.000000000000000000, 0.000000000000000000, -1.219727444046192242E-16 ) ) ;
#2204 = EDGE_CURVE ( 'NONE', #7120, #5607, #721, .T. ) ;
#2205 = EDGE_CURVE ( 'NONE', #972, #5009, #4376, .T. ) ;
#2206 = DIRECTION ( 'NONE',  ( -0.000000000000000000, 1.000000000000000000, 4.425314989736753375E-16 ) ) ;
#2207 = ORIENTED_EDGE ( 'NONE', *, *, #8966, .T. ) ;
#2208 = CYLINDRICAL_SURFACE ( 'NONE', #5935, 0.1499999999999999667 ) ;
#2209 = DIRECTION ( 'NONE',  ( 0.000000000000000000, 0.000000000000000000, -1.000000000000000000 ) ) ;
#2210 = ORIENTED_EDGE ( 'NONE', *, *, #2538, .T. ) ;
#2211 = VERTEX_POINT ( 'NONE', #5230 ) ;
#2212 = DIRECTION ( 'NONE',  ( -0.000000000000000000, 1.000000000000000000, -0.000000000000000000 ) ) ;
#2213 = CARTESIAN_POINT ( 'NONE',  ( -0.6750000000000000444, 1.792020331853238969E-17, 0.2250000000000005329 ) ) ;
#2214 = AXIS2_PLACEMENT_3D ( 'NONE', #6520, #9314, #1032 ) ;
#2215 = EDGE_CURVE ( 'NONE', #2787, #10895, #10774, .T. ) ;
#2216 = FILL_AREA_STYLE ('',( #3100 ) ) ;
#2217 = VERTEX_POINT ( 'NONE', #5395 ) ;
#2218 = CARTESIAN_POINT ( 'NONE',  ( -0.6750000000000000444, 0.7250000000000001998, 2.492500000000000160 ) ) ;
#2219 = VERTEX_POINT ( 'NONE', #4317 ) ;
#2220 = ADVANCED_FACE ( 'NONE', ( #4490 ), #7932, .T. ) ;
#2221 = EDGE_CURVE ( 'NONE', #7458, #2632, #10721, .T. ) ;
#2222 = EDGE_CURVE ( 'NONE', #9714, #4934, #4441, .T. ) ;
#2223 = ORIENTED_EDGE ( 'NONE', *, *, #8089, .T. ) ;
#2224 = VERTEX_POINT ( 'NONE', #2374 ) ;
#2225 = CARTESIAN_POINT ( 'NONE',  ( -1.764999999999999902, 0.7542893218813455647, 2.754289321881345565 ) ) ;
#2226 = DIRECTION ( 'NONE',  ( 0.000000000000000000, -1.000000000000000000, 0.000000000000000000 ) ) ;
#2227 =( NAMED_UNIT ( * ) PLANE_ANGLE_UNIT ( ) SI_UNIT ( $, .RADIAN. ) );
#2228 = LINE ( 'NONE', #3553, #11134 ) ;
#2229 = CARTESIAN_POINT ( 'NONE',  ( -0.6750000000000000444, 0.08000000000000000167, -0.1749999999999994893 ) ) ;
#2230 = DIRECTION ( 'NONE',  ( -1.000000000000000000, -0.000000000000000000, -0.000000000000000000 ) ) ;
#2231 = PLANE ( 'NONE',  #6640 ) ;
#2232 = CARTESIAN_POINT ( 'NONE',  ( 0.1750000000000000167, 0.6899768362638436514, 2.505000000000000338 ) ) ;
#2233 = EDGE_CURVE ( 'NONE', #9502, #7957, #9596, .T. ) ;
#2234 = CARTESIAN_POINT ( 'NONE',  ( 2.254999999999999449, 0.5329422863405998134, 0.2200000000000001399 ) ) ;
#2235 = AXIS2_PLACEMENT_3D ( 'NONE', #9123, #8227, #130 ) ;
#2236 = CARTESIAN_POINT ( 'NONE',  ( 1.324999999999999956, 0.6910569165342943521, 2.517345373982429635 ) ) ;
#2237 = DIRECTION ( 'NONE',  ( -1.000000000000000000, -0.000000000000000000, -0.000000000000000000 ) ) ;
#2238 = DIRECTION ( 'NONE',  ( -1.000000000000000000, -0.000000000000000000, -0.000000000000000000 ) ) ;
#2239 = DIRECTION ( 'NONE',  ( 0.000000000000000000, 0.000000000000000000, -1.000000000000000000 ) ) ;
#2240 = VERTEX_POINT ( 'NONE', #8703 ) ;
#2241 = DIRECTION ( 'NONE',  ( 1.000000000000000000, 0.000000000000000000, 6.570922257487897174E-16 ) ) ;
#2242 = FACE_OUTER_BOUND ( 'NONE', #20, .T. ) ;
#2243 = ORIENTED_EDGE ( 'NONE', *, *, #9660, .F. ) ;
#2244 = PLANE ( 'NONE',  #1150 ) ;
#2245 = ORIENTED_EDGE ( 'NONE', *, *, #6541, .F. ) ;
#2246 = DIRECTION ( 'NONE',  ( -3.684434515415973405E-33, 1.000000000000000000, 3.020703136098691163E-17 ) ) ;
#2247 = EDGE_LOOP ( 'NONE', ( #1653, #7995, #10848, #6876 ) ) ;
#2248 = ORIENTED_EDGE ( 'NONE', *, *, #1599, .T. ) ;
#2249 = EDGE_CURVE ( 'NONE', #8521, #919, #3185, .T. ) ;
#2250 = DIRECTION ( 'NONE',  ( 7.228014483236697541E-16, 7.228014483236697541E-16, -1.000000000000000000 ) ) ;
#2251 = ORIENTED_EDGE ( 'NONE', *, *, #8735, .T. ) ;
#2252 = VERTEX_POINT ( 'NONE', #655 ) ;
#2253 = AXIS2_PLACEMENT_3D ( 'NONE', #1723, #1945, #10727 ) ;
#2254 = CARTESIAN_POINT ( 'NONE',  ( 2.254999999999999449, 1.000000000000000222, 1.149999999999277156 ) ) ;
#2256 = FILL_AREA_STYLE ('',( #6942 ) ) ;
#2255 = DIRECTION ( 'NONE',  ( -0.000000000000000000, -1.000000000000000000, -0.000000000000000000 ) ) ;
#2257 = VERTEX_POINT ( 'NONE', #6683 ) ;
#2258 = CARTESIAN_POINT ( 'NONE',  ( 2.049999999999999822, 0.6100000000000000977, -0.5550000000000003819 ) ) ;
#2259 = CARTESIAN_POINT ( 'NONE',  ( 2.254999999999999449, 1.050000000000000044, 1.149999999999277156 ) ) ;
#2260 = VERTEX_POINT ( 'NONE', #7620 ) ;
#2261 = VERTEX_POINT ( 'NONE', #10305 ) ;
#2262 = VECTOR ( 'NONE', #3669, 1000.000000000000000 ) ;
#2263 = DIRECTION ( 'NONE',  ( 1.000000000000000000, 0.000000000000000000, 0.000000000000000000 ) ) ;
#2264 = ORIENTED_EDGE ( 'NONE', *, *, #2992, .F. ) ;
#2265 = FACE_OUTER_BOUND ( 'NONE', #1001, .T. ) ;
#2266 = VERTEX_POINT ( 'NONE', #6802 ) ;
#2267 = DIRECTION ( 'NONE',  ( 1.000000000000000000, 0.000000000000000000, 0.000000000000000000 ) ) ;
#2268 = ORIENTED_EDGE ( 'NONE', *, *, #5961, .F. ) ;
#2269 = ORIENTED_EDGE ( 'NONE', *, *, #7864, .T. ) ;
#2270 = LINE ( 'NONE', #5883, #8761 ) ;
#2271 = CARTESIAN_POINT ( 'NONE',  ( 2.500000000000000444, 0.05000000000000012768, -0.07500000000000003886 ) ) ;
#2272 = EDGE_CURVE ( 'NONE', #5949, #8395, #5039, .T. ) ;
#2273 = DIRECTION ( 'NONE',  ( 0.000000000000000000, -0.7071067811865492381, 0.7071067811865457964 ) ) ;
#2274 = ORIENTED_EDGE ( 'NONE', *, *, #1089, .T. ) ;
#2275 = DIRECTION ( 'NONE',  ( 0.000000000000000000, -0.000000000000000000, 1.000000000000000000 ) ) ;
#2276 = ORIENTED_EDGE ( 'NONE', *, *, #6846, .F. ) ;
#2277 = VECTOR ( 'NONE', #5966, 1000.000000000000000 ) ;
#2278 = ORIENTED_EDGE ( 'NONE', *, *, #6405, .T. ) ;
#2279 = UNCERTAINTY_MEASURE_WITH_UNIT (LENGTH_MEASURE( 1.000000000000000082E-05 ), #5543, 'distance_accuracy_value', 'NONE');
#2280 = DIRECTION ( 'NONE',  ( -1.000000000000000000, 1.837630800822892264E-16, 1.148519250514307542E-16 ) ) ;
#2281 = VERTEX_POINT ( 'NONE', #2308 ) ;
#2282 = CARTESIAN_POINT ( 'NONE',  ( 1.175000000000000044, 0.6800000000000001599, 0.8249999999999999556 ) ) ;
#2283 = EDGE_CURVE ( 'NONE', #11375, #3440, #1284, .T. ) ;
#2284 = CARTESIAN_POINT ( 'NONE',  ( 1.175000000000000044, 0.7250000000000001998, 2.577500000000000568 ) ) ;
#2285 = LINE ( 'NONE', #2168, #4531 ) ;
#2286 = LINE ( 'NONE', #5838, #4943 ) ;
#2287 = CARTESIAN_POINT ( 'NONE',  ( -0.1749999999999998224, 0.8950000000000001288, 0.4949999999999995515 ) ) ;
#2288 = CARTESIAN_POINT ( 'NONE',  ( 1.381155281280883163, 1.050000000000000044, -0.7599999999999997868 ) ) ;
#2289 =( GEOMETRIC_REPRESENTATION_CONTEXT ( 3 ) GLOBAL_UNCERTAINTY_ASSIGNED_CONTEXT ( ( #9827 ) ) GLOBAL_UNIT_ASSIGNED_CONTEXT ( ( #8616, #6835, #7589 ) ) REPRESENTATION_CONTEXT ( 'NONE', 'WORKASPACE' ) );
#2290 = CIRCLE ( 'NONE', #962, 0.05000000000003655687 ) ;
#2291 = CARTESIAN_POINT ( 'NONE',  ( -1.175000000000000044, 0.7408666514389177227, 2.512987586845043531 ) ) ;
#2292 = EDGE_CURVE ( 'NONE', #11305, #8016, #1346, .T. ) ;
#2293 = ADVANCED_FACE ( 'NONE', ( #7831 ), #9672, .F. ) ;
#2294 = CARTESIAN_POINT ( 'NONE',  ( -0.1749999999999998224, 0.8214213562373096078, 0.4949999999999995515 ) ) ;
#2295 = DIRECTION ( 'NONE',  ( 0.000000000000000000, 1.000000000000000000, 0.000000000000000000 ) ) ;
#2296 = PLANE ( 'NONE',  #3297 ) ;
#2297 = PLANE ( 'NONE',  #3059 ) ;
#2298 = AXIS2_PLACEMENT_3D ( 'NONE', #7876, #4933, #6985 ) ;
#2299 = EDGE_CURVE ( 'NONE', #8944, #6691, #4939, .T. ) ;
#2300 = CARTESIAN_POINT ( 'NONE',  ( 0.3250000000000001776, 0.6800000000000001599, 0.4949999999999995515 ) ) ;
#2301 = EDGE_CURVE ( 'NONE', #11664, #8016, #10443, .T. ) ;
#2302 = DIRECTION ( 'NONE',  ( 1.000000000000000000, 0.000000000000000000, 0.000000000000000000 ) ) ;
#2303 = VERTEX_POINT ( 'NONE', #2400 ) ;
#2304 = CARTESIAN_POINT ( 'NONE',  ( 0.8249999999999999556, 0.03000000000000000930, -0.1749999999999994615 ) ) ;
#2305 = PLANE ( 'NONE',  #689 ) ;
#2306 = EDGE_CURVE ( 'NONE', #10734, #4448, #4202, .T. ) ;
#2307 = CARTESIAN_POINT ( 'NONE',  ( -1.174999999999999822, 0.7500000000000002220, 0.3949999999999995182 ) ) ;
#2308 = CARTESIAN_POINT ( 'NONE',  ( -0.3249999999999997891, 0.7500000000000002220, 0.5949999999999996403 ) ) ;
#2309 = CARTESIAN_POINT ( 'NONE',  ( 2.104999999999999982, 1.025000000000116707, 1.799999999999277289 ) ) ;
#2310 = VERTEX_POINT ( 'NONE', #362 ) ;
#2311 = PLANE ( 'NONE',  #10975 ) ;
#2312 = VECTOR ( 'NONE', #10408, 1000.000000000000000 ) ;
#2313 = ORIENTED_EDGE ( 'NONE', *, *, #5398, .F. ) ;
#2314 = VECTOR ( 'NONE', #11146, 999.9999999999998863 ) ;
#2315 = ORIENTED_EDGE ( 'NONE', *, *, #4735, .T. ) ;
#2316 = CARTESIAN_POINT ( 'NONE',  ( 2.104999999999999538, 0.7500000000000001110, -0.004999999999999972349 ) ) ;
#2317 = VERTEX_POINT ( 'NONE', #5942 ) ;
#2318 = ORIENTED_EDGE ( 'NONE', *, *, #7640, .T. ) ;
#2319 = CARTESIAN_POINT ( 'NONE',  ( 1.175000000000000044, 0.8950000000000001288, 0.4949999999999995515 ) ) ;
#2320 = CIRCLE ( 'NONE', #7041, 0.1499999999999999667 ) ;
#2321 = EDGE_CURVE ( 'NONE', #7644, #5738, #1494, .T. ) ;
#2322 = EDGE_LOOP ( 'NONE', ( #9735, #1037, #8796, #7228 ) ) ;
#2323 = ORIENTED_EDGE ( 'NONE', *, *, #2474, .T. ) ;
#2325 = DIRECTION ( 'NONE',  ( 0.000000000000000000, 0.000000000000000000, -1.000000000000000000 ) ) ;
#2324 = CARTESIAN_POINT ( 'NONE',  ( -1.665000000000000480, 0.2900000000000000910, 0.8250000000000003997 ) ) ;
#2326 = DIRECTION ( 'NONE',  ( 0.000000000000000000, -1.000000000000000000, -0.000000000000000000 ) ) ;
#2327 = ORIENTED_EDGE ( 'NONE', *, *, #2829, .T. ) ;
#2328 = ORIENTED_EDGE ( 'NONE', *, *, #10752, .T. ) ;
#2329 = VECTOR ( 'NONE', #4362, 1000.000000000000000 ) ;
#2330 = VERTEX_POINT ( 'NONE', #6892 ) ;
#2331 = EDGE_CURVE ( 'NONE', #5738, #9965, #11184, .T. ) ;
#2332 = DIRECTION ( 'NONE',  ( 1.000000000000000000, -0.000000000000000000, -1.219727444046192242E-16 ) ) ;
#2333 = VERTEX_POINT ( 'NONE', #489 ) ;
#2334 = DIRECTION ( 'NONE',  ( -1.000000000000000000, -0.000000000000000000, -0.000000000000000000 ) ) ;
#2335 = EDGE_LOOP ( 'NONE', ( #10344, #669, #10892, #2413 ) ) ;
#2336 = CARTESIAN_POINT ( 'NONE',  ( -2.254999999999999449, 0.8000000000000001554, 0.8250000000000000666 ) ) ;
#2337 = ORIENTED_EDGE ( 'NONE', *, *, #412, .F. ) ;
#2338 = VECTOR ( 'NONE', #6526, 1000.000000000000000 ) ;
#2339 = ORIENTED_EDGE ( 'NONE', *, *, #5347, .F. ) ;
#2340 = LINE ( 'NONE', #11444, #5937 ) ;
#2341 = DIRECTION ( 'NONE',  ( -1.000000000000000000, -0.000000000000000000, -0.000000000000000000 ) ) ;
#2342 =( GEOMETRIC_REPRESENTATION_CONTEXT ( 3 ) GLOBAL_UNCERTAINTY_ASSIGNED_CONTEXT ( ( #11643 ) ) GLOBAL_UNIT_ASSIGNED_CONTEXT ( ( #10832, #2773, #3597 ) ) REPRESENTATION_CONTEXT ( 'NONE', 'WORKASPACE' ) );
#2343 = CARTESIAN_POINT ( 'NONE',  ( -1.850000000000000089, 0.000000000000000000, -0.8049999999999993827 ) ) ;
#2344 = ORIENTED_EDGE ( 'NONE', *, *, #1503, .F. ) ;
#2345 = CARTESIAN_POINT ( 'NONE',  ( 1.324999999999999956, 0.4249999987231687371, 2.517714491643439079 ) ) ;
#2346 = ORIENTED_EDGE ( 'NONE', *, *, #1569, .F. ) ;
#2347 = CIRCLE ( 'NONE', #8952, 0.1499999999999999667 ) ;
#2348 = PLANE ( 'NONE',  #1055 ) ;
#2349 = AXIS2_PLACEMENT_3D ( 'NONE', #6575, #353, #3842 ) ;
#2350 = AXIS2_PLACEMENT_3D ( 'NONE', #8551, #10389, #556 ) ;
#2351 = ORIENTED_EDGE ( 'NONE', *, *, #9393, .F. ) ;
#2352 = EDGE_CURVE ( 'NONE', #9199, #10382, #3330, .T. ) ;
#2353 = ADVANCED_FACE ( 'NONE', ( #5814 ), #6949, .F. ) ;
#2354 = DIRECTION ( 'NONE',  ( -1.000000000000000000, -0.000000000000000000, -0.000000000000000000 ) ) ;
#2355 = DIRECTION ( 'NONE',  ( 1.000000000000000000, 0.000000000000000000, 0.000000000000000000 ) ) ;
#2356 = DIRECTION ( 'NONE',  ( 0.000000000000000000, 1.000000000000000000, 9.035018104045866996E-16 ) ) ;
#2357 = CARTESIAN_POINT ( 'NONE',  ( -1.175000000000000044, 0.1000000000000001027, 0.1250000000000005551 ) ) ;
#2358 = DIRECTION ( 'NONE',  ( -0.000000000000000000, 1.000000000000000000, 0.000000000000000000 ) ) ;
#2359 = AXIS2_PLACEMENT_3D ( 'NONE', #4855, #2238, #2179 ) ;
#2360 = SURFACE_STYLE_FILL_AREA ( #7671 ) ;
#2361 = PLANE ( 'NONE',  #11166 ) ;
#2362 = CIRCLE ( 'NONE', #7253, 0.07499999999999998335 ) ;
#2363 = LINE ( 'NONE', #1397, #7970 ) ;
#2364 = DIRECTION ( 'NONE',  ( 0.9119215051751046186, 0.000000000000000000, -0.4103646773288018856 ) ) ;
#2365 = VECTOR ( 'NONE', #10537, 1000.000000000000000 ) ;
#2366 = EDGE_CURVE ( 'NONE', #190, #1130, #3088, .T. ) ;
#2367 = CARTESIAN_POINT ( 'NONE',  ( -1.175000000000000044, 0.03000000000000000930, -0.1749999999999994615 ) ) ;
#2368 = ADVANCED_FACE ( 'NONE', ( #6704 ), #10326, .T. ) ;
#2369 = DIRECTION ( 'NONE',  ( 0.000000000000000000, 0.000000000000000000, 1.000000000000000000 ) ) ;
#2370 = SURFACE_STYLE_FILL_AREA ( #2424 ) ;
#2371 = VERTEX_POINT ( 'NONE', #4085 ) ;
#2372 = LINE ( 'NONE', #3182, #9384 ) ;
#2373 = CARTESIAN_POINT ( 'NONE',  ( 0.6750000000000000444, 0.8950000000000001288, 0.8249999999999999556 ) ) ;
#2374 = CARTESIAN_POINT ( 'NONE',  ( -1.324999999999999956, 0.08000000000000001554, -0.1749999999999994893 ) ) ;
#2375 = CARTESIAN_POINT ( 'NONE',  ( 1.449999999999999956, 0.4099999999999999756, -0.5050000000000004485 ) ) ;
#2376 = DIRECTION ( 'NONE',  ( 1.000000000000000000, 0.000000000000000000, 6.570922257487897174E-16 ) ) ;
#2377 = DIRECTION ( 'NONE',  ( 0.000000000000000000, 5.421010862427520198E-16, 1.000000000000000000 ) ) ;
#2378 = ORIENTED_EDGE ( 'NONE', *, *, #5121, .F. ) ;
#2379 = ADVANCED_FACE ( 'NONE', ( #7702 ), #11307, .T. ) ;
#2380 = CARTESIAN_POINT ( 'NONE',  ( 1.324999999999999956, 0.6800000000000001599, 0.8249999999999999556 ) ) ;
#2381 = VECTOR ( 'NONE', #4916, 1000.000000000000000 ) ;
#2382 = ORIENTED_EDGE ( 'NONE', *, *, #5683, .F. ) ;
#2383 = ORIENTED_EDGE ( 'NONE', *, *, #5417, .T. ) ;
#2384 = ADVANCED_FACE ( 'NONE', ( #1434 ), #3603, .T. ) ;
#2385 = EDGE_CURVE ( 'NONE', #2085, #9436, #8000, .T. ) ;
#2386 = ORIENTED_EDGE ( 'NONE', *, *, #4976, .F. ) ;
#2387 = VERTEX_POINT ( 'NONE', #10690 ) ;
#2388 = AXIS2_PLACEMENT_3D ( 'NONE', #9996, #8443, #3704 ) ;
#2389 = AXIS2_PLACEMENT_3D ( 'NONE', #3848, #8415, #7466 ) ;
#2390 = CARTESIAN_POINT ( 'NONE',  ( 0.8250000000000001776, 0.7500000000000002220, 0.5949999999999996403 ) ) ;
#2392 = DIRECTION ( 'NONE',  ( -1.000000000000000000, 0.000000000000000000, -1.219727444046192242E-16 ) ) ;
#2391 = CARTESIAN_POINT ( 'NONE',  ( 0.8249999999999999556, 0.3800000000000000044, -0.1749999999999994060 ) ) ;
#2393 = CARTESIAN_POINT ( 'NONE',  ( -0.1749999999999998224, 0.8950000000000001288, 0.5327497731395587355 ) ) ;
#2394 = ORIENTED_EDGE ( 'NONE', *, *, #5683, .T. ) ;
#2395 = ORIENTED_EDGE ( 'NONE', *, *, #5552, .F. ) ;
#2396 = VERTEX_POINT ( 'NONE', #8186 ) ;
#2397 = ADVANCED_FACE ( 'NONE', ( #1850 ), #9077, .F. ) ;
#2398 = CIRCLE ( 'NONE', #11454, 0.05000000000003655687 ) ;
#2399 = AXIS2_PLACEMENT_3D ( 'NONE', #8622, #7779, #8370 ) ;
#2400 = CARTESIAN_POINT ( 'NONE',  ( 0.3250000000000001776, 0.6800000000000001599, 0.4949999999999995515 ) ) ;
#2401 = ORIENTED_EDGE ( 'NONE', *, *, #6350, .F. ) ;
#2402 = DIRECTION ( 'NONE',  ( -1.000000000000000000, -0.000000000000000000, -0.000000000000000000 ) ) ;
#2403 = VERTEX_POINT ( 'NONE', #806 ) ;
#2404 = DIRECTION ( 'NONE',  ( -1.219727444046192242E-16, -0.000000000000000000, -1.000000000000000000 ) ) ;
#2405 = ORIENTED_EDGE ( 'NONE', *, *, #4727, .F. ) ;
#2406 = ORIENTED_EDGE ( 'NONE', *, *, #6891, .T. ) ;
#2407 = CARTESIAN_POINT ( 'NONE',  ( -2.104999999999999538, 0.8000000000000001554, 0.8250000000000000666 ) ) ;
#2408 = AXIS2_PLACEMENT_3D ( 'NONE', #9349, #1227, #9279 ) ;
#2409 = FACE_OUTER_BOUND ( 'NONE', #5799, .T. ) ;
#2410 = ORIENTED_EDGE ( 'NONE', *, *, #11076, .T. ) ;
#2411 = CYLINDRICAL_SURFACE ( 'NONE', #8930, 0.1499999999999999667 ) ;
#2412 = VERTEX_POINT ( 'NONE', #1802 ) ;
#2413 = ORIENTED_EDGE ( 'NONE', *, *, #9546, .T. ) ;
#2414 = DIRECTION ( 'NONE',  ( -1.000000000000000000, -0.000000000000000000, -0.000000000000000000 ) ) ;
#2415 = PLANE ( 'NONE',  #5929 ) ;
#2416 = PRESENTATION_LAYER_ASSIGNMENT (  '', '', ( #6370 ) ) ;
#2417 = CARTESIAN_POINT ( 'NONE',  ( -2.104999999999999982, 0.02499999999999986261, 2.224999999999276667 ) ) ;
#2418 = CARTESIAN_POINT ( 'NONE',  ( -0.6750000000000000444, 0.08000000000000001554, -0.1749999999999994893 ) ) ;
#2419 =( NAMED_UNIT ( * ) PLANE_ANGLE_UNIT ( ) SI_UNIT ( $, .RADIAN. ) );
#2420 = DIRECTION ( 'NONE',  ( 0.000000000000000000, 0.000000000000000000, -1.000000000000000000 ) ) ;
#2421 = CARTESIAN_POINT ( 'NONE',  ( -1.955000000000000071, 0.05000000000000012768, 3.025000000000000355 ) ) ;
#2422 = CARTESIAN_POINT ( 'NONE',  ( 1.324999999999999956, 0.03000000000000000930, -0.1749999999999994615 ) ) ;
#2423 = CARTESIAN_POINT ( 'NONE',  ( -1.175000000000000044, 0.6910569165342941300, 2.517345373982429635 ) ) ;
#2424 = FILL_AREA_STYLE ('',( #8639 ) ) ;
#2425 = DIRECTION ( 'NONE',  ( 0.000000000000000000, 0.000000000000000000, -1.000000000000000000 ) ) ;
#2426 = ORIENTED_EDGE ( 'NONE', *, *, #9906, .T. ) ;
#2427 = CARTESIAN_POINT ( 'NONE',  ( 0.8249999999999999556, 0.4050000000000000266, -0.07499999999999942824 ) ) ;
#2428 = DIRECTION ( 'NONE',  ( 6.570922257487896188E-16, 0.000000000000000000, -1.000000000000000000 ) ) ;
#2429 = FACE_OUTER_BOUND ( 'NONE', #9056, .T. ) ;
#2430 = CARTESIAN_POINT ( 'NONE',  ( 0.3250000000000000111, 0.6800000000000001599, 0.8249999999999999556 ) ) ;
#2431 = DIRECTION ( 'NONE',  ( -1.000000000000000000, -0.000000000000000000, -0.000000000000000000 ) ) ;
#2432 = EDGE_CURVE ( 'NONE', #3135, #7904, #6296, .T. ) ;
#2433 = EDGE_CURVE ( 'NONE', #10541, #4029, #5253, .T. ) ;
#2434 = VERTEX_POINT ( 'NONE', #8974 ) ;
#2435 = ORIENTED_EDGE ( 'NONE', *, *, #1806, .F. ) ;
#2436 = CARTESIAN_POINT ( 'NONE',  ( 1.324999999999999956, 0.08000000000000001554, -0.1749999999999994893 ) ) ;
#2438 = PLANE ( 'NONE',  #4105 ) ;
#2437 = DIRECTION ( 'NONE',  ( 0.000000000000000000, 0.000000000000000000, 1.000000000000000000 ) ) ;
#2439 = EDGE_CURVE ( 'NONE', #10340, #3166, #8125, .T. ) ;
#2440 = LINE ( 'NONE', #2258, #5326 ) ;
#2441 = ORIENTED_EDGE ( 'NONE', *, *, #121, .F. ) ;
#2442 = VERTEX_POINT ( 'NONE', #2624 ) ;
#2443 = EDGE_CURVE ( 'NONE', #9181, #2310, #868, .T. ) ;
#2444 = EDGE_CURVE ( 'NONE', #665, #1225, #4467, .T. ) ;
#2445 = DIRECTION ( 'NONE',  ( -0.000000000000000000, 0.7071067811865457964, 0.7071067811865492381 ) ) ;
#2446 = ORIENTED_EDGE ( 'NONE', *, *, #10535, .T. ) ;
#2447 = EDGE_CURVE ( 'NONE', #8423, #5882, #5756, .T. ) ;
#2448 = ORIENTED_EDGE ( 'NONE', *, *, #7404, .F. ) ;
#2449 = FACE_OUTER_BOUND ( 'NONE', #5681, .T. ) ;
#2450 = ORIENTED_EDGE ( 'NONE', *, *, #113, .F. ) ;
#2451 = VERTEX_POINT ( 'NONE', #5816 ) ;
#2452 = DIRECTION ( 'NONE',  ( -0.000000000000000000, 1.000000000000000000, -0.000000000000000000 ) ) ;
#2453 = EDGE_CURVE ( 'NONE', #1801, #10784, #4880, .T. ) ;
#2454 = PRESENTATION_LAYER_ASSIGNMENT (  '', '', ( #7537 ) ) ;
#2455 = DIRECTION ( 'NONE',  ( 0.000000000000000000, 0.000000000000000000, -1.000000000000000000 ) ) ;
#2456 = DIRECTION ( 'NONE',  ( 0.000000000000000000, 1.000000000000000000, 0.000000000000000000 ) ) ;
#2457 = ORIENTED_EDGE ( 'NONE', *, *, #10718, .T. ) ;
#2458 = CARTESIAN_POINT ( 'NONE',  ( 0.3250000000000001776, 0.8214213562373096078, 0.4949999999999995515 ) ) ;
#2459 = VERTEX_POINT ( 'NONE', #8474 ) ;
#2460 = DIRECTION ( 'NONE',  ( 0.000000000000000000, -1.000000000000000000, 0.000000000000000000 ) ) ;
#2461 = ORIENTED_EDGE ( 'NONE', *, *, #4776, .F. ) ;
#2462 = ORIENTED_EDGE ( 'NONE', *, *, #4440, .F. ) ;
#2463 = DIRECTION ( 'NONE',  ( 1.000000000000000000, 0.000000000000000000, 0.000000000000000000 ) ) ;
#2464 = FACE_OUTER_BOUND ( 'NONE', #3215, .T. ) ;
#2465 = EDGE_CURVE ( 'NONE', #7628, #8373, #11121, .T. ) ;
#2466 = FACE_OUTER_BOUND ( 'NONE', #2960, .T. ) ;
#2467 = CARTESIAN_POINT ( 'NONE',  ( 2.254999999999999893, 0.6800000000000001599, 0.4449999999999996736 ) ) ;
#2468 = AXIS2_PLACEMENT_3D ( 'NONE', #7070, #5302, #11555 ) ;
#2469 = FACE_OUTER_BOUND ( 'NONE', #4685, .T. ) ;
#2470 = DIRECTION ( 'NONE',  ( 0.000000000000000000, 1.000000000000000000, -0.000000000000000000 ) ) ;
#2471 = DIRECTION ( 'NONE',  ( 0.000000000000000000, 0.000000000000000000, -1.000000000000000000 ) ) ;
#2472 = EDGE_CURVE ( 'NONE', #4338, #10447, #8607, .T. ) ;
#2473 = DIRECTION ( 'NONE',  ( 0.000000000000000000, 0.000000000000000000, -1.000000000000000000 ) ) ;
#2474 = EDGE_CURVE ( 'NONE', #3666, #4365, #10446, .T. ) ;
#2475 = VECTOR ( 'NONE', #8363, 1000.000000000000000 ) ;
#2476 = CYLINDRICAL_SURFACE ( 'NONE', #4572, 0.2999999999999998779 ) ;
#2477 =( NAMED_UNIT ( * ) SI_UNIT ( $, .STERADIAN. ) SOLID_ANGLE_UNIT ( ) );
#2478 = AXIS2_PLACEMENT_3D ( 'NONE', #1328, #9399, #1270 ) ;
#2479 = CARTESIAN_POINT ( 'NONE',  ( -0.8249999999999999556, 0.6999090492244378625, 2.541666408662616394 ) ) ;
#2480 = ORIENTED_EDGE ( 'NONE', *, *, #10951, .F. ) ;
#2481 = DIRECTION ( 'NONE',  ( 0.000000000000000000, -0.4461978131098036093, 0.8949343616020276615 ) ) ;
#2482 = DIRECTION ( 'NONE',  ( 0.000000000000000000, 0.000000000000000000, -1.000000000000000000 ) ) ;
#2483 = FILL_AREA_STYLE ('',( #5872 ) ) ;
#2484 = PLANE ( 'NONE',  #2723 ) ;
#2485 = AXIS2_PLACEMENT_3D ( 'NONE', #11105, #3767, #10993 ) ;
#2486 = PLANE ( 'NONE',  #6787 ) ;
#2487 = ORIENTED_EDGE ( 'NONE', *, *, #11465, .F. ) ;
#2488 = ORIENTED_EDGE ( 'NONE', *, *, #6836, .T. ) ;
#2489 = DIRECTION ( 'NONE',  ( 1.000000000000000000, -0.000000000000000000, -0.000000000000000000 ) ) ;
#2490 = STYLED_ITEM ( 'NONE', ( #9343 ), #8364 ) ;
#2491 = CARTESIAN_POINT ( 'NONE',  ( -1.175000000000000044, 0.6999090492244378625, 2.541666408662616394 ) ) ;
#2493 = DIRECTION ( 'NONE',  ( 1.000000000000000000, 0.000000000000000000, 6.570922257487897174E-16 ) ) ;
#2492 = CARTESIAN_POINT ( 'NONE',  ( 0.6750000000000000444, 0.3350000000000001310, 2.709999999999999964 ) ) ;
#2494 = AXIS2_PLACEMENT_3D ( 'NONE', #10641, #9760, #1636 ) ;
#2495 = ORIENTED_EDGE ( 'NONE', *, *, #8147, .F. ) ;
#2496 = CARTESIAN_POINT ( 'NONE',  ( 1.324999999999999956, 0.4197467168032661955, 2.540024382298945227 ) ) ;
#2497 = ORIENTED_EDGE ( 'NONE', *, *, #7656, .T. ) ;
#2498 = DIRECTION ( 'NONE',  ( -0.000000000000000000, 0.000000000000000000, 1.000000000000000000 ) ) ;
#2499 = ORIENTED_EDGE ( 'NONE', *, *, #7494, .T. ) ;
#2500 = ORIENTED_EDGE ( 'NONE', *, *, #10623, .F. ) ;
#2501 = LINE ( 'NONE', #909, #2609 ) ;
#2502 = ORIENTED_EDGE ( 'NONE', *, *, #7405, .T. ) ;
#2503 = EDGE_CURVE ( 'NONE', #10904, #9502, #429, .T. ) ;
#2504 = ORIENTED_EDGE ( 'NONE', *, *, #8734, .F. ) ;
#2505 = LINE ( 'NONE', #3154, #3633 ) ;
#2506 = FACE_OUTER_BOUND ( 'NONE', #4689, .T. ) ;
#2507 = CIRCLE ( 'NONE', #8166, 0.02499999999999984873 ) ;
#2508 = ORIENTED_EDGE ( 'NONE', *, *, #10614, .F. ) ;
#2509 = DIRECTION ( 'NONE',  ( 0.000000000000000000, 0.000000000000000000, -1.000000000000000000 ) ) ;
#2510 = ADVANCED_FACE ( 'NONE', ( #2265 ), #2208, .T. ) ;
#2511 = ORIENTED_EDGE ( 'NONE', *, *, #7424, .T. ) ;
#2512 = ADVANCED_FACE ( 'NONE', ( #5945 ), #5877, .F. ) ;
#2513 = ADVANCED_FACE ( 'NONE', ( #5066 ), #1436, .F. ) ;
#2514 = AXIS2_PLACEMENT_3D ( 'NONE', #11510, #7850, #693 ) ;
#2515 = ORIENTED_EDGE ( 'NONE', *, *, #7999, .T. ) ;
#2516 = ORIENTED_EDGE ( 'NONE', *, *, #3535, .F. ) ;
#2517 = DIRECTION ( 'NONE',  ( 0.000000000000000000, -1.000000000000000000, -1.999553186960971874E-15 ) ) ;
#2518 = VECTOR ( 'NONE', #5914, 1000.000000000000000 ) ;
#2519 = DIRECTION ( 'NONE',  ( 0.000000000000000000, 0.000000000000000000, -1.000000000000000000 ) ) ;
#2520 = DIRECTION ( 'NONE',  ( 0.000000000000000000, 0.000000000000000000, 1.000000000000000000 ) ) ;
#2521 = DIRECTION ( 'NONE',  ( 0.000000000000000000, 0.000000000000000000, -1.000000000000000000 ) ) ;
#2522 = LINE ( 'NONE', #10701, #4965 ) ;
#2523 = AXIS2_PLACEMENT_3D ( 'NONE', #4585, #154, #5488 ) ;
#2524 = VECTOR ( 'NONE', #774, 1000.000000000000000 ) ;
#2525 = DIRECTION ( 'NONE',  ( 0.000000000000000000, 1.000000000000000000, 9.035018104045866996E-16 ) ) ;
#2526 = CARTESIAN_POINT ( 'NONE',  ( 2.104999999999999538, 0.7500000000000001110, -0.004999999999999972349 ) ) ;
#2527 = AXIS2_PLACEMENT_3D ( 'NONE', #11099, #6679, #3997 ) ;
#2528 = ADVANCED_FACE ( 'NONE', ( #1497 ), #11372, .T. ) ;
#2529 = VECTOR ( 'NONE', #5839, 1000.000000000000000 ) ;
#2530 = PLANE ( 'NONE',  #8358 ) ;
#2531 = CARTESIAN_POINT ( 'NONE',  ( 2.254999999999999893, 0.8214213562373096078, 0.4949999999999995515 ) ) ;
#2532 = LINE ( 'NONE', #1758, #2876 ) ;
#2533 = VERTEX_POINT ( 'NONE', #4028 ) ;
#2534 = LINE ( 'NONE', #11641, #10123 ) ;
#2535 = AXIS2_PLACEMENT_3D ( 'NONE', #6108, #11545, #3434 ) ;
#2536 = PLANE ( 'NONE',  #6270 ) ;
#2537 = DIRECTION ( 'NONE',  ( 0.000000000000000000, 0.000000000000000000, 1.000000000000000000 ) ) ;
#2538 = EDGE_CURVE ( 'NONE', #10068, #9714, #4088, .T. ) ;
#2539 = LINE ( 'NONE', #8098, #11216 ) ;
#2540 = VECTOR ( 'NONE', #10171, 1000.000000000000000 ) ;
#2541 = ORIENTED_EDGE ( 'NONE', *, *, #1493, .F. ) ;
#2542 = ORIENTED_EDGE ( 'NONE', *, *, #1742, .T. ) ;
#2543 = PLANE ( 'NONE',  #8819 ) ;
#2544 = CARTESIAN_POINT ( 'NONE',  ( 1.175000000000000044, 0.3615000000000000990, 2.125000000000000000 ) ) ;
#2546 = LINE ( 'NONE', #6327, #5223 ) ;
#2545 = LINE ( 'NONE', #10664, #4027 ) ;
#2547 = ORIENTED_EDGE ( 'NONE', *, *, #9815, .T. ) ;
#2548 = DIRECTION ( 'NONE',  ( -1.000000000000000000, -0.000000000000000000, -0.000000000000000000 ) ) ;
#2549 = VECTOR ( 'NONE', #6269, 1000.000000000000000 ) ;
#2550 = VERTEX_POINT ( 'NONE', #548 ) ;
#2551 = ORIENTED_EDGE ( 'NONE', *, *, #10417, .T. ) ;
#2552 = ORIENTED_EDGE ( 'NONE', *, *, #10004, .T. ) ;
#2553 = CARTESIAN_POINT ( 'NONE',  ( 0.3250000000000000111, 0.4197467168032661955, 2.540024382298945227 ) ) ;
#2554 = AXIS2_PLACEMENT_3D ( 'NONE', #51, #155, #9159 ) ;
#2555 = ORIENTED_EDGE ( 'NONE', *, *, #10817, .T. ) ;
#2556 = ORIENTED_EDGE ( 'NONE', *, *, #326, .F. ) ;
#2557 = ORIENTED_EDGE ( 'NONE', *, *, #8438, .F. ) ;
#2558 = VERTEX_POINT ( 'NONE', #3262 ) ;
#2559 = LINE ( 'NONE', #5514, #2074 ) ;
#2560 = DIRECTION ( 'NONE',  ( 0.000000000000000000, -3.020703136098691163E-17, 1.000000000000000000 ) ) ;
#2561 = VERTEX_POINT ( 'NONE', #7580 ) ;
#2562 = VECTOR ( 'NONE', #10207, 1000.000000000000000 ) ;
#2563 = ORIENTED_EDGE ( 'NONE', *, *, #1711, .T. ) ;
#2564 = CARTESIAN_POINT ( 'NONE',  ( -2.104999999999999982, 1.025000000000116707, 1.799999999999277289 ) ) ;
#2565 = EDGE_CURVE ( 'NONE', #3730, #1351, #1308, .T. ) ;
#2566 = EDGE_LOOP ( 'NONE', ( #2771, #5061, #9891, #1735 ) ) ;
#2567 = VECTOR ( 'NONE', #6980, 1000.000000000000000 ) ;
#2568 = EDGE_LOOP ( 'NONE', ( #2916, #5101, #625, #1789 ) ) ;
#2569 = CARTESIAN_POINT ( 'NONE',  ( -1.175000000000000044, 0.1000000000000001027, 0.1250000000000005551 ) ) ;
#2570 = LINE ( 'NONE', #5428, #6198 ) ;
#2571 = CYLINDRICAL_SURFACE ( 'NONE', #9319, 0.04999999999999991257 ) ;
#2572 = EDGE_CURVE ( 'NONE', #9247, #5131, #11186, .T. ) ;
#2573 = DIRECTION ( 'NONE',  ( 0.000000000000000000, 0.000000000000000000, -1.000000000000000000 ) ) ;
#2574 = DIRECTION ( 'NONE',  ( 0.000000000000000000, -0.7071067811865489050, 0.7071067811865462405 ) ) ;
#2575 = LINE ( 'NONE', #1691, #6958 ) ;
#2576 = EDGE_CURVE ( 'NONE', #4755, #10730, #4942, .T. ) ;
#2577 = VERTEX_POINT ( 'NONE', #9621 ) ;
#2578 = DIRECTION ( 'NONE',  ( -0.000000000000000000, 1.000000000000000000, -0.000000000000000000 ) ) ;
#2579 = EDGE_CURVE ( 'NONE', #10723, #78, #8544, .T. ) ;
#2580 = CARTESIAN_POINT ( 'NONE',  ( 0.1750000000000000167, 0.7250000000000001998, 2.492500000000000160 ) ) ;
#2581 = DIRECTION ( 'NONE',  ( -1.000000000000000000, -0.000000000000000000, -0.000000000000000000 ) ) ;
#2582 = ADVANCED_FACE ( 'NONE', ( #6764 ), #9498, .F. ) ;
#2583 = CARTESIAN_POINT ( 'NONE',  ( -0.6750000000000000444, 0.4050000000000000266, -0.07499999999999942824 ) ) ;
#2584 = EDGE_CURVE ( 'NONE', #5379, #5131, #5180, .T. ) ;
#2585 = STYLED_ITEM ( 'NONE', ( #4113 ), #427 ) ;
#2586 = CARTESIAN_POINT ( 'NONE',  ( 0.3250000000000001776, 0.8950000000000001288, 0.4949999999999995515 ) ) ;
#2587 = CARTESIAN_POINT ( 'NONE',  ( -1.175000000000000044, 0.4050000000000000266, -0.07499999999999942824 ) ) ;
#2588 = DIRECTION ( 'NONE',  ( 1.000000000000000000, 0.000000000000000000, 0.000000000000000000 ) ) ;
#2589 = ORIENTED_EDGE ( 'NONE', *, *, #3881, .F. ) ;
#2590 = DIRECTION ( 'NONE',  ( 1.000000000000000000, 0.000000000000000000, 9.035018104045874392E-17 ) ) ;
#2591 = CARTESIAN_POINT ( 'NONE',  ( -0.1749999999999998224, 0.6800000000000001599, 0.4949999999999995515 ) ) ;
#2592 = FILL_AREA_STYLE_COLOUR ( '', #7577 ) ;
#2593 = ORIENTED_EDGE ( 'NONE', *, *, #7021, .F. ) ;
#2594 = ORIENTED_EDGE ( 'NONE', *, *, #7390, .T. ) ;
#2595 = PRESENTATION_LAYER_ASSIGNMENT (  '', '', ( #5621 ) ) ;
#2596 = ORIENTED_EDGE ( 'NONE', *, *, #3076, .F. ) ;
#2597 = CARTESIAN_POINT ( 'NONE',  ( 0.1750000000000000167, 0.08000000000000000167, -0.1749999999999994893 ) ) ;
#2598 = CARTESIAN_POINT ( 'NONE',  ( -1.955000000000000071, 0.1000000000000001305, 2.125000000000000000 ) ) ;
#2599 = DIRECTION ( 'NONE',  ( 0.000000000000000000, 5.421010862427521184E-16, -1.000000000000000000 ) ) ;
#2600 = EDGE_LOOP ( 'NONE', ( #6088, #11389, #9331, #900 ) ) ;
#2601 = CARTESIAN_POINT ( 'NONE',  ( 2.254999999999999893, 0.09044228633934728312, 2.158349364905389312 ) ) ;
#2602 = VERTEX_POINT ( 'NONE', #8787 ) ;
#2603 = VERTEX_POINT ( 'NONE', #6951 ) ;
#2604 = VERTEX_POINT ( 'NONE', #7163 ) ;
#2605 = CARTESIAN_POINT ( 'NONE',  ( 0.8249999999999999556, 0.08000000000000000167, -0.1749999999999994893 ) ) ;
#2606 = ORIENTED_EDGE ( 'NONE', *, *, #4455, .F. ) ;
#2607 = CARTESIAN_POINT ( 'NONE',  ( -2.104999999999999538, 1.050000000000000044, 1.149999999999277156 ) ) ;
#2608 = EDGE_CURVE ( 'NONE', #2965, #11192, #1551, .T. ) ;
#2609 = VECTOR ( 'NONE', #9849, 1000.000000000000000 ) ;
#2610 = FACE_OUTER_BOUND ( 'NONE', #9579, .T. ) ;
#2611 = EDGE_LOOP ( 'NONE', ( #10689, #552, #3647, #2800 ) ) ;
#2612 = VERTEX_POINT ( 'NONE', #9910 ) ;
#2613 = ORIENTED_EDGE ( 'NONE', *, *, #318, .T. ) ;
#2614 = CARTESIAN_POINT ( 'NONE',  ( 0.3250000000000000111, 0.3749999987231322773, 2.517714491643438635 ) ) ;
#2615 = DIRECTION ( 'NONE',  ( 0.3776392130206374098, 0.3913245712247693242, -0.8391982511569623382 ) ) ;
#2616 = ORIENTED_EDGE ( 'NONE', *, *, #3649, .T. ) ;
#2617 = LINE ( 'NONE', #10736, #7954 ) ;
#2618 = ORIENTED_EDGE ( 'NONE', *, *, #6349, .F. ) ;
#2619 = DIRECTION ( 'NONE',  ( -1.000000000000000000, 0.000000000000000000, 1.219727444046192242E-16 ) ) ;
#2620 = ORIENTED_EDGE ( 'NONE', *, *, #2992, .T. ) ;
#2621 = EDGE_CURVE ( 'NONE', #3107, #9861, #4270, .T. ) ;
#2622 = ORIENTED_EDGE ( 'NONE', *, *, #10685, .T. ) ;
#2623 = ORIENTED_EDGE ( 'NONE', *, *, #6259, .T. ) ;
#2624 = CARTESIAN_POINT ( 'NONE',  ( -0.8250000000000001776, 0.7500000000000002220, 0.5949999999999996403 ) ) ;
#2625 = LINE ( 'NONE', #1855, #9216 ) ;
#2626 = LINE ( 'NONE', #10796, #6879 ) ;
#2627 = CARTESIAN_POINT ( 'NONE',  ( -1.324999999999999956, 0.000000000000000000, 0.2250000000000005052 ) ) ;
#2628 = CLOSED_SHELL ( 'NONE', ( #3298, #2513, #4587, #8673, #11258, #2924, #7626, #506, #7284, #6451, #11170, #6855, #4388 ) ) ;
#2629 = DIRECTION ( 'NONE',  ( 1.219727444046192242E-16, 0.000000000000000000, -1.000000000000000000 ) ) ;
#2630 = PLANE ( 'NONE',  #6311 ) ;
#2631 = UNCERTAINTY_MEASURE_WITH_UNIT (LENGTH_MEASURE( 1.000000000000000082E-05 ), #1214, 'distance_accuracy_value', 'NONE');
#2632 = VERTEX_POINT ( 'NONE', #6536 ) ;
#2633 = CARTESIAN_POINT ( 'NONE',  ( -0.1750000000000000167, 0.4050000000000000266, -0.07499999999999942824 ) ) ;
#2634 = DIRECTION ( 'NONE',  ( -1.000000000000000000, -0.000000000000000000, -0.000000000000000000 ) ) ;
#2635 = CARTESIAN_POINT ( 'NONE',  ( 1.324999999999999956, 1.792020331853238969E-17, 0.2250000000000005329 ) ) ;
#2636 = DIRECTION ( 'NONE',  ( 0.6246950475544267301, 0.7808688094430283888, 0.000000000000000000 ) ) ;
#2637 = EDGE_CURVE ( 'NONE', #4437, #7164, #5651, .T. ) ;
#2638 = DIRECTION ( 'NONE',  ( 0.000000000000000000, 0.000000000000000000, 1.000000000000000000 ) ) ;
#2639 = LINE ( 'NONE', #7313, #9323 ) ;
#2640 = LINE ( 'NONE', #10708, #10466 ) ;
#2641 = DIRECTION ( 'NONE',  ( 0.000000000000000000, 0.000000000000000000, -1.000000000000000000 ) ) ;
#2642 = EDGE_CURVE ( 'NONE', #5624, #4613, #2101, .T. ) ;
#2643 = CARTESIAN_POINT ( 'NONE',  ( 0.1750000000000000167, 0.4197467168032661955, 2.540024382298945227 ) ) ;
#2644 = DIRECTION ( 'NONE',  ( -0.000000000000000000, 1.000000000000000000, -0.000000000000000000 ) ) ;
#2645 = EDGE_CURVE ( 'NONE', #3857, #2281, #7427, .T. ) ;
#2646 = DIRECTION ( 'NONE',  ( -1.000000000000000000, -0.000000000000000000, -0.000000000000000000 ) ) ;
#2647 = CARTESIAN_POINT ( 'NONE',  ( 1.324999999999999956, 0.3615000000000000990, 2.125000000000000000 ) ) ;
#2648 = CARTESIAN_POINT ( 'NONE',  ( 2.500000000000000444, 1.050000000000000044, 2.124999999999999556 ) ) ;
#2649 = EDGE_CURVE ( 'NONE', #2089, #8820, #10972, .T. ) ;
#2650 = VERTEX_POINT ( 'NONE', #2869 ) ;
#2651 = STYLED_ITEM ( 'NONE', ( #7532 ), #8062 ) ;
#2652 = EDGE_CURVE ( 'NONE', #2371, #4404, #3087, .T. ) ;
#2653 = EDGE_CURVE ( 'NONE', #4857, #8430, #325, .T. ) ;
#2654 = ORIENTED_EDGE ( 'NONE', *, *, #2283, .T. ) ;
#2655 = EDGE_CURVE ( 'NONE', #2604, #4338, #6302, .T. ) ;
#2656 = PLANE ( 'NONE',  #5050 ) ;
#2657 = CARTESIAN_POINT ( 'NONE',  ( 0.6750000000000000444, 0.3800000000000000044, -0.1749999999999994060 ) ) ;
#2658 = DIRECTION ( 'NONE',  ( 0.000000000000000000, 0.000000000000000000, 1.000000000000000000 ) ) ;
#2659 = ORIENTED_EDGE ( 'NONE', *, *, #3790, .T. ) ;
#2660 = CARTESIAN_POINT ( 'NONE',  ( 0.3250000000000000111, 0.07499999999999999722, 0.1250000000000005551 ) ) ;
#2661 = VECTOR ( 'NONE', #9045, 1000.000000000000000 ) ;
#2662 = ADVANCED_FACE ( 'NONE', ( #1147 ), #9207, .T. ) ;
#2663 = VECTOR ( 'NONE', #9186, 1000.000000000000000 ) ;
#2664 = PLANE ( 'NONE',  #2806 ) ;
#2665 = AXIS2_PLACEMENT_3D ( 'NONE', #5210, #10642, #7186 ) ;
#2666 = VECTOR ( 'NONE', #4546, 1000.000000000000000 ) ;
#2667 = EDGE_LOOP ( 'NONE', ( #6655, #191, #10938, #2025 ) ) ;
#2668 = ORIENTED_EDGE ( 'NONE', *, *, #3292, .F. ) ;
#2669 = PLANE ( 'NONE',  #5118 ) ;
#2670 = CARTESIAN_POINT ( 'NONE',  ( 2.254999999999999893, 0.000000000000000000, 2.724999999999276667 ) ) ;
#2671 = ORIENTED_EDGE ( 'NONE', *, *, #231, .T. ) ;
#2672 = ADVANCED_FACE ( 'NONE', ( #2034 ), #8437, .F. ) ;
#2673 = ORIENTED_EDGE ( 'NONE', *, *, #5417, .F. ) ;
#2674 = AXIS2_PLACEMENT_3D ( 'NONE', #5364, #8069, #3560 ) ;
#2675 = CARTESIAN_POINT ( 'NONE',  ( 2.254999999999999893, 0.5300000000000002487, 0.4449999999999996736 ) ) ;
#2676 = ORIENTED_EDGE ( 'NONE', *, *, #3099, .T. ) ;
#2677 = AXIS2_PLACEMENT_3D ( 'NONE', #2291, #11281, #2420 ) ;
#2678 = LINE ( 'NONE', #6128, #5589 ) ;
#2679 = ADVANCED_FACE ( 'NONE', ( #11138 ), #8495, .T. ) ;
#2680 = VECTOR ( 'NONE', #7739, 1000.000000000000000 ) ;
#2681 =( LENGTH_UNIT ( ) NAMED_UNIT ( * ) SI_UNIT ( .MILLI., .METRE. ) );
#2682 = ORIENTED_EDGE ( 'NONE', *, *, #7371, .F. ) ;
#2683 = EDGE_LOOP ( 'NONE', ( #7664, #2201, #2202, #6460 ) ) ;
#2684 = CARTESIAN_POINT ( 'NONE',  ( 0.6750000000000000444, 0.4249999987231686815, 2.505000000000000338 ) ) ;
#2685 = CIRCLE ( 'NONE', #4764, 0.02499999999999984873 ) ;
#2686 = DIRECTION ( 'NONE',  ( 6.570922257487897174E-16, -0.000000000000000000, -1.000000000000000000 ) ) ;
#2687 = VECTOR ( 'NONE', #6666, 1000.000000000000000 ) ;
#2688 = DIRECTION ( 'NONE',  ( 1.000000000000000000, 0.000000000000000000, 0.000000000000000000 ) ) ;
#2689 = DIRECTION ( 'NONE',  ( -1.000000000000000000, -0.000000000000000000, -1.219727444046192242E-16 ) ) ;
#2690 = ADVANCED_FACE ( 'NONE', ( #5777 ), #9396, .T. ) ;
#2691 = DIRECTION ( 'NONE',  ( 0.000000000000000000, 1.000000000000000000, 2.710505431213761085E-16 ) ) ;
#2692 = CARTESIAN_POINT ( 'NONE',  ( -2.254999999999999893, 0.7499999999999573674, 2.124999999999999556 ) ) ;
#2693 = ORIENTED_EDGE ( 'NONE', *, *, #3521, .F. ) ;
#2694 = CARTESIAN_POINT ( 'NONE',  ( 1.955000000000000959, 0.05000000000000012768, 2.124999999999999556 ) ) ;
#2695 = VECTOR ( 'NONE', #7303, 1000.000000000000000 ) ;
#2696 = EDGE_CURVE ( 'NONE', #6209, #3604, #10106, .T. ) ;
#2697 = AXIS2_PLACEMENT_3D ( 'NONE', #5154, #4241, #11688 ) ;
#2698 = LINE ( 'NONE', #5434, #7808 ) ;
#2699 = FACE_OUTER_BOUND ( 'NONE', #3456, .T. ) ;
#2700 = VECTOR ( 'NONE', #10976, 1000.000000000000000 ) ;
#2701 = CARTESIAN_POINT ( 'NONE',  ( -1.764999999999999902, 0.1250000000000003331, 2.125000000000000000 ) ) ;
#2702 = VECTOR ( 'NONE', #10163, 1000.000000000000000 ) ;
#2703 = CARTESIAN_POINT ( 'NONE',  ( 1.764999999999999902, 0.3350000000000001310, 2.825000000000000178 ) ) ;
#2704 = AXIS2_PLACEMENT_3D ( 'NONE', #6273, #7213, #3768 ) ;
#2705 = ORIENTED_EDGE ( 'NONE', *, *, #5747, .F. ) ;
#2706 = DIRECTION ( 'NONE',  ( -1.000000000000000000, -0.000000000000000000, -0.000000000000000000 ) ) ;
#2707 = VECTOR ( 'NONE', #2414, 1000.000000000000000 ) ;
#2708 = EDGE_CURVE ( 'NONE', #9185, #1665, #5540, .T. ) ;
#2709 = AXIS2_PLACEMENT_3D ( 'NONE', #3252, #4258, #10500 ) ;
#2710 = AXIS2_PLACEMENT_3D ( 'NONE', #5813, #9429, #11250 ) ;
#2711 = VERTEX_POINT ( 'NONE', #2282 ) ;
#2712 = CARTESIAN_POINT ( 'NONE',  ( 0.1750000000000000167, 0.3614999999999998215, 2.441500001276831089 ) ) ;
#2713 = CARTESIAN_POINT ( 'NONE',  ( 0.000000000000000000, 0.1000000000000001305, 0.000000000000000000 ) ) ;
#2714 = CARTESIAN_POINT ( 'NONE',  ( 2.254999999999999449, 0.3650000000000000466, -0.004999999999999896888 ) ) ;
#2715 = EDGE_CURVE ( 'NONE', #2577, #5251, #2347, .T. ) ;
#2716 = ORIENTED_EDGE ( 'NONE', *, *, #5172, .F. ) ;
#2717 = LINE ( 'NONE', #5291, #205 ) ;
#2718 = VECTOR ( 'NONE', #7491, 1000.000000000000000 ) ;
#2719 = EDGE_CURVE ( 'NONE', #2252, #2577, #8740, .T. ) ;
#2720 = EDGE_LOOP ( 'NONE', ( #7112, #9297, #4986, #9931 ) ) ;
#2721 = DIRECTION ( 'NONE',  ( 0.000000000000000000, -0.4461978131098036093, 0.8949343616020276615 ) ) ;
#2722 = ORIENTED_EDGE ( 'NONE', *, *, #4160, .T. ) ;
#2723 = AXIS2_PLACEMENT_3D ( 'NONE', #6093, #1597, #7982 ) ;
#2724 = DIRECTION ( 'NONE',  ( 0.000000000000000000, 1.000000000000000000, 1.999553186960971874E-15 ) ) ;
#2725 = ORIENTED_EDGE ( 'NONE', *, *, #4239, .T. ) ;
#2726 = VECTOR ( 'NONE', #2176, 1000.000000000000000 ) ;
#2727 = ORIENTED_EDGE ( 'NONE', *, *, #6192, .T. ) ;
#2728 = EDGE_LOOP ( 'NONE', ( #10327, #171, #197, #596 ) ) ;
#2729 = VERTEX_POINT ( 'NONE', #6017 ) ;
#2730 = CARTESIAN_POINT ( 'NONE',  ( -1.324999999999999956, -1.203706215242022408E-32, -0.1249999999999994588 ) ) ;
#2731 = DIRECTION ( 'NONE',  ( 0.000000000000000000, -1.000000000000000000, 0.000000000000000000 ) ) ;
#2732 = ORIENTED_EDGE ( 'NONE', *, *, #10822, .F. ) ;
#2733 = EDGE_CURVE ( 'NONE', #4251, #2252, #3832, .T. ) ;
#2734 =( NAMED_UNIT ( * ) SI_UNIT ( $, .STERADIAN. ) SOLID_ANGLE_UNIT ( ) );
#2735 = ORIENTED_EDGE ( 'NONE', *, *, #4757, .T. ) ;
#2736 = LINE ( 'NONE', #5465, #9295 ) ;
#2737 = ORIENTED_EDGE ( 'NONE', *, *, #3080, .T. ) ;
#2738 = VECTOR ( 'NONE', #4377, 1000.000000000000000 ) ;
#2739 = VECTOR ( 'NONE', #2481, 1000.000000000000227 ) ;
#2740 = SURFACE_SIDE_STYLE ('',( #3734 ) ) ;
#2741 = CARTESIAN_POINT ( 'NONE',  ( -2.104999999999999538, 0.5329422863405998134, 0.2449999999999999956 ) ) ;
#2742 = CARTESIAN_POINT ( 'NONE',  ( 1.764999999999999902, 0.7250000000000001998, 1.525000000000000355 ) ) ;
#2743 = ORIENTED_EDGE ( 'NONE', *, *, #9322, .T. ) ;
#2744 = DIRECTION ( 'NONE',  ( 0.000000000000000000, 1.000000000000000000, 2.710505431213761085E-16 ) ) ;
#2745 = CARTESIAN_POINT ( 'NONE',  ( 0.8250000000000001776, 0.8950000000000001288, 0.5327497731395587355 ) ) ;
#2746 = DIRECTION ( 'NONE',  ( -1.000000000000000000, -0.000000000000000000, -0.000000000000000000 ) ) ;
#2747 = DIRECTION ( 'NONE',  ( 0.000000000000000000, 0.000000000000000000, -1.000000000000000000 ) ) ;
#2748 = DIRECTION ( 'NONE',  ( 0.000000000000000000, -0.8949343616020276615, -0.4461978131098037204 ) ) ;
#2749 = VECTOR ( 'NONE', #1082, 1000.000000000000114 ) ;
#2750 = ORIENTED_EDGE ( 'NONE', *, *, #1246, .F. ) ;
#2751 = CARTESIAN_POINT ( 'NONE',  ( 1.175000000000000044, 0.6800000000000001599, 0.4949999999999995515 ) ) ;
#2752 = EDGE_LOOP ( 'NONE', ( #7394, #1449, #8664, #4885 ) ) ;
#2753 = CARTESIAN_POINT ( 'NONE',  ( 0.6750000000000000444, 0.6999090492244378625, 2.541666408662616394 ) ) ;
#2754 = LINE ( 'NONE', #1751, #9148 ) ;
#2755 = CARTESIAN_POINT ( 'NONE',  ( 0.8249999999999999556, 0.7408666514389177227, 2.512987586845043531 ) ) ;
#2756 = VECTOR ( 'NONE', #5394, 1000.000000000000000 ) ;
#2757 = DIRECTION ( 'NONE',  ( -1.000000000000000000, 0.000000000000000000, 1.219727444046192242E-16 ) ) ;
#2758 = LINE ( 'NONE', #2587, #8573 ) ;
#2759 = CARTESIAN_POINT ( 'NONE',  ( -0.3250000000000000111, 0.4249999987231687371, 2.517714491643439079 ) ) ;
#2760 = CARTESIAN_POINT ( 'NONE',  ( -2.049999999999999822, 0.6100000000000000977, -0.2050000000000003209 ) ) ;
#2761 = LINE ( 'NONE', #6789, #4229 ) ;
#2762 = DIRECTION ( 'NONE',  ( -1.000000000000000000, -0.000000000000000000, -0.000000000000000000 ) ) ;
#2763 = LINE ( 'NONE', #5388, #1141 ) ;
#2764 = CARTESIAN_POINT ( 'NONE',  ( 0.8249999999999999556, -1.203706215242022408E-32, -0.1249999999999994588 ) ) ;
#2765 = ORIENTED_EDGE ( 'NONE', *, *, #2474, .F. ) ;
#2766 = AXIS2_PLACEMENT_3D ( 'NONE', #2912, #6356, #5524 ) ;
#2767 = CARTESIAN_POINT ( 'NONE',  ( 2.254999999999999449, 0.7500000000000002220, 0.2950000000000000400 ) ) ;
#2768 = CARTESIAN_POINT ( 'NONE',  ( 1.175000000000000044, 0.6800000000000001599, 0.4949999999999995515 ) ) ;
#2769 = VECTOR ( 'NONE', #11013, 1000.000000000000000 ) ;
#2770 = DIRECTION ( 'NONE',  ( 0.000000000000000000, 0.000000000000000000, -1.000000000000000000 ) ) ;
#2771 = ORIENTED_EDGE ( 'NONE', *, *, #8877, .F. ) ;
#2772 = PLANE ( 'NONE',  #10434 ) ;
#2773 =( NAMED_UNIT ( * ) PLANE_ANGLE_UNIT ( ) SI_UNIT ( $, .RADIAN. ) );
#2774 = DIRECTION ( 'NONE',  ( 7.228014483236695569E-16, 0.000000000000000000, -1.000000000000000000 ) ) ;
#2775 = ORIENTED_EDGE ( 'NONE', *, *, #9111, .F. ) ;
#2776 = DIRECTION ( 'NONE',  ( 0.000000000000000000, 0.000000000000000000, -1.000000000000000000 ) ) ;
#2777 = VECTOR ( 'NONE', #600, 1000.000000000000000 ) ;
#2778 = CARTESIAN_POINT ( 'NONE',  ( -1.175000000000000044, 0.7408666514389177227, 2.512987586845043531 ) ) ;
#2779 = EDGE_CURVE ( 'NONE', #9963, #9954, #244, .T. ) ;
#2780 = ORIENTED_EDGE ( 'NONE', *, *, #9969, .F. ) ;
#2781 = FACE_OUTER_BOUND ( 'NONE', #5672, .T. ) ;
#2782 = CARTESIAN_POINT ( 'NONE',  ( -2.104999999999999982, 0.7499999999999573674, 2.129999999999999893 ) ) ;
#2783 = ORIENTED_EDGE ( 'NONE', *, *, #1582, .F. ) ;
#2784 = EDGE_CURVE ( 'NONE', #9033, #5068, #9694, .T. ) ;
#2785 = EDGE_CURVE ( 'NONE', #6967, #10397, #6727, .T. ) ;
#2786 = AXIS2_PLACEMENT_3D ( 'NONE', #6221, #9964, #1616 ) ;
#2787 = VERTEX_POINT ( 'NONE', #2225 ) ;
#2788 = DIRECTION ( 'NONE',  ( -1.000000000000000000, 0.000000000000000000, -1.219727444046192242E-16 ) ) ;
#2789 = EDGE_LOOP ( 'NONE', ( #8838, #1094, #9116, #4800 ) ) ;
#2790 = ADVANCED_FACE ( 'NONE', ( #1458 ), #10459, .F. ) ;
#2791 = PLANE ( 'NONE',  #4285 ) ;
#2792 = ORIENTED_EDGE ( 'NONE', *, *, #4264, .F. ) ;
#2793 = DIRECTION ( 'NONE',  ( 0.000000000000000000, 0.000000000000000000, -1.000000000000000000 ) ) ;
#2794 = AXIS2_PLACEMENT_3D ( 'NONE', #5182, #7835, #11441 ) ;
#2795 = ORIENTED_EDGE ( 'NONE', *, *, #10552, .F. ) ;
#2796 = ORIENTED_EDGE ( 'NONE', *, *, #2845, .F. ) ;
#2797 = CARTESIAN_POINT ( 'NONE',  ( -2.104999999999999982, 1.025000000000116929, 2.624999999999276135 ) ) ;
#2798 = DIRECTION ( 'NONE',  ( 1.219727444046192242E-16, 1.921950934117575143E-16, -1.000000000000000000 ) ) ;
#2799 = DIRECTION ( 'NONE',  ( 0.000000000000000000, 0.000000000000000000, -1.000000000000000000 ) ) ;
#2800 = ORIENTED_EDGE ( 'NONE', *, *, #10379, .T. ) ;
#2801 = VECTOR ( 'NONE', #2022, 1000.000000000000000 ) ;
#2802 = LINE ( 'NONE', #6415, #5390 ) ;
#2803 = CARTESIAN_POINT ( 'NONE',  ( -2.049999999999999822, 0.8300000000000000711, 0.3949999999999995182 ) ) ;
#2804 = CIRCLE ( 'NONE', #11474, 0.09999999999999982514 ) ;
#2805 = EDGE_CURVE ( 'NONE', #919, #2403, #6913, .T. ) ;
#2806 = AXIS2_PLACEMENT_3D ( 'NONE', #6339, #77, #847 ) ;
#2807 = VERTEX_POINT ( 'NONE', #10529 ) ;
#2808 = DIRECTION ( 'NONE',  ( -1.000000000000000000, -0.000000000000000000, -0.000000000000000000 ) ) ;
#2809 = LINE ( 'NONE', #10921, #3257 ) ;
#2810 = DIRECTION ( 'NONE',  ( -1.000000000000000000, -0.000000000000000000, -0.000000000000000000 ) ) ;
#2811 = DIRECTION ( 'NONE',  ( -1.000000000000000000, 0.000000000000000000, 1.219727444046192242E-16 ) ) ;
#2812 = PLANE ( 'NONE',  #7659 ) ;
#2813 = CARTESIAN_POINT ( 'NONE',  ( -0.8249999999999999556, 0.6910569165342941300, 2.517345373982429635 ) ) ;
#2814 = CARTESIAN_POINT ( 'NONE',  ( -0.6750000000000000444, 0.1000000000000001027, 0.1250000000000005551 ) ) ;
#2815 = CARTESIAN_POINT ( 'NONE',  ( -2.254999999999999449, 0.9000000000000002442, -0.07499999999999998335 ) ) ;
#2816 = ADVANCED_FACE ( 'NONE', ( #9515 ), #9451, .F. ) ;
#2817 = DIRECTION ( 'NONE',  ( 1.000000000000000000, 0.000000000000000000, 0.000000000000000000 ) ) ;
#2818 = VECTOR ( 'NONE', #8111, 1000.000000000000000 ) ;
#2819 = UNCERTAINTY_MEASURE_WITH_UNIT (LENGTH_MEASURE( 1.000000000000000082E-05 ), #5086, 'distance_accuracy_value', 'NONE');
#2820 = ORIENTED_EDGE ( 'NONE', *, *, #2572, .F. ) ;
#2821 = DIRECTION ( 'NONE',  ( -1.000000000000000000, 0.000000000000000000, 1.219727444046192242E-16 ) ) ;
#2822 = DIRECTION ( 'NONE',  ( 0.000000000000000000, -1.000000000000000000, -4.425314989736752389E-16 ) ) ;
#2823 = ORIENTED_EDGE ( 'NONE', *, *, #4776, .T. ) ;
#2824 = FACE_OUTER_BOUND ( 'NONE', #6161, .T. ) ;
#2825 = FILL_AREA_STYLE_COLOUR ( '', #5371 ) ;
#2826 = LINE ( 'NONE', #9228, #6154 ) ;
#2827 = ORIENTED_EDGE ( 'NONE', *, *, #5538, .F. ) ;
#2828 = VERTEX_POINT ( 'NONE', #5081 ) ;
#2829 = EDGE_CURVE ( 'NONE', #4890, #5742, #3348, .T. ) ;
#2830 = DIRECTION ( 'NONE',  ( 0.000000000000000000, 0.000000000000000000, 1.000000000000000000 ) ) ;
#2831 = ORIENTED_EDGE ( 'NONE', *, *, #9731, .T. ) ;
#2832 = ORIENTED_EDGE ( 'NONE', *, *, #565, .F. ) ;
#2833 = VECTOR ( 'NONE', #5126, 1000.000000000000000 ) ;
#2834 = DIRECTION ( 'NONE',  ( 0.000000000000000000, -0.000000000000000000, 1.000000000000000000 ) ) ;
#2835 = VECTOR ( 'NONE', #7022, 1000.000000000000000 ) ;
#2836 = FACE_OUTER_BOUND ( 'NONE', #7473, .T. ) ;
#2837 = DIRECTION ( 'NONE',  ( 0.3162277660168337223, -0.9486832980505151003, 0.000000000000000000 ) ) ;
#2838 = DIRECTION ( 'NONE',  ( 1.000000000000000000, 0.000000000000000000, 6.570922257487897174E-16 ) ) ;
#2839 = ORIENTED_EDGE ( 'NONE', *, *, #126, .F. ) ;
#2840 = CARTESIAN_POINT ( 'NONE',  ( -1.175000000000000044, -1.203706215242022408E-32, -0.1249999999999994588 ) ) ;
#2841 = ORIENTED_EDGE ( 'NONE', *, *, #6252, .T. ) ;
#2842 = LINE ( 'NONE', #6638, #4802 ) ;
#2843 = MECHANICAL_DESIGN_GEOMETRIC_PRESENTATION_REPRESENTATION (  '', ( #8138 ), #7569 ) ;
#2844 = CIRCLE ( 'NONE', #9869, 0.2000000000000000944 ) ;
#2845 = EDGE_CURVE ( 'NONE', #7596, #8820, #11207, .T. ) ;
#2846 = EDGE_CURVE ( 'NONE', #2240, #1010, #11330, .T. ) ;
#2847 = EDGE_CURVE ( 'NONE', #7457, #3024, #3284, .T. ) ;
#2848 = CARTESIAN_POINT ( 'NONE',  ( 0.1750000000000000167, 0.6800000000000001599, 0.4949999999999995515 ) ) ;
#2849 = CARTESIAN_POINT ( 'NONE',  ( 2.104999999999999538, 0.9000000000000002442, 0.8249999999999996225 ) ) ;
#2850 = EDGE_LOOP ( 'NONE', ( #1311, #7509, #3667, #8032 ) ) ;
#2851 = DIRECTION ( 'NONE',  ( 0.000000000000000000, -1.000000000000000000, 0.000000000000000000 ) ) ;
#2852 = DIRECTION ( 'NONE',  ( 0.000000000000000000, -0.7071067811865439090, 0.7071067811865512365 ) ) ;
#2853 = ORIENTED_EDGE ( 'NONE', *, *, #4518, .F. ) ;
#2854 = CARTESIAN_POINT ( 'NONE',  ( 0.6750000000000000444, 0.6800000000000001599, 0.4949999999999995515 ) ) ;
#2855 = AXIS2_PLACEMENT_3D ( 'NONE', #8279, #6506, #9236 ) ;
#2856 = VECTOR ( 'NONE', #9700, 1000.000000000000000 ) ;
#2857 = VECTOR ( 'NONE', #9104, 1000.000000000000000 ) ;
#2858 = CARTESIAN_POINT ( 'NONE',  ( -1.324999999999999956, 0.4249999987231687371, 2.517714491643439079 ) ) ;
#2859 = LINE ( 'NONE', #2978, #222 ) ;
#2860 = VECTOR ( 'NONE', #11437, 1000.000000000000000 ) ;
#2861 = ORIENTED_EDGE ( 'NONE', *, *, #4091, .F. ) ;
#2862 = ADVANCED_FACE ( 'NONE', ( #3167 ), #8563, .T. ) ;
#2863 = DIRECTION ( 'NONE',  ( 0.000000000000000000, 0.000000000000000000, 1.000000000000000000 ) ) ;
#2864 = EDGE_CURVE ( 'NONE', #11067, #11129, #3170, .T. ) ;
#2865 = UNCERTAINTY_MEASURE_WITH_UNIT (LENGTH_MEASURE( 1.000000000000000082E-05 ), #25, 'distance_accuracy_value', 'NONE');
#2866 = ADVANCED_FACE ( 'NONE', ( #6844 ), #7785, .F. ) ;
#2867 = CIRCLE ( 'NONE', #11368, 0.06499999999997957412 ) ;
#2868 = ORIENTED_EDGE ( 'NONE', *, *, #5953, .F. ) ;
#2869 = CARTESIAN_POINT ( 'NONE',  ( 0.3250000000000000111, -1.203706215242022408E-32, -0.1249999999999994588 ) ) ;
#2870 = DIRECTION ( 'NONE',  ( 0.000000000000000000, 6.994852725712934186E-16, 1.000000000000000000 ) ) ;
#2871 =( NAMED_UNIT ( * ) PLANE_ANGLE_UNIT ( ) SI_UNIT ( $, .RADIAN. ) );
#2872 = FACE_OUTER_BOUND ( 'NONE', #2000, .T. ) ;
#2873 = LINE ( 'NONE', #4532, #10697 ) ;
#2874 = CARTESIAN_POINT ( 'NONE',  ( 1.175000000000000044, 1.000000000000000000, -0.3599999999999996536 ) ) ;
#2875 = DIRECTION ( 'NONE',  ( 0.000000000000000000, 0.000000000000000000, -1.000000000000000000 ) ) ;
#2876 = VECTOR ( 'NONE', #9770, 1000.000000000000000 ) ;
#2877 = VECTOR ( 'NONE', #5836, 1000.000000000000000 ) ;
#2878 = CARTESIAN_POINT ( 'NONE',  ( 2.254999999999999449, 0.5329422863405998134, 0.2449999999999999956 ) ) ;
#2879 = ADVANCED_FACE ( 'NONE', ( #507 ), #7240, .F. ) ;
#2880 = CARTESIAN_POINT ( 'NONE',  ( 3.133372007438923732E-16, 0.3350000000000001310, 2.824999999999998401 ) ) ;
#2881 = VECTOR ( 'NONE', #2152, 1000.000000000000000 ) ;
#2882 = ORIENTED_EDGE ( 'NONE', *, *, #5195, .T. ) ;
#2883 = CARTESIAN_POINT ( 'NONE',  ( 2.104999999999999982, 0.7249999999999575673, 2.129999999999999893 ) ) ;
#2884 = CARTESIAN_POINT ( 'NONE',  ( 0.8249999999999999556, 0.1000000000000001305, -0.07500000000000003886 ) ) ;
#2885 = AXIS2_PLACEMENT_3D ( 'NONE', #3359, #9769, #8813 ) ;
#2886 = ORIENTED_EDGE ( 'NONE', *, *, #10213, .T. ) ;
#2887 = DIRECTION ( 'NONE',  ( 0.000000000000000000, -1.000000000000000000, -2.710505431213760592E-16 ) ) ;
#2888 = AXIS2_PLACEMENT_3D ( 'NONE', #11085, #5714, #10286 ) ;
#2889 = DIRECTION ( 'NONE',  ( 0.000000000000000000, 1.000000000000000000, 0.000000000000000000 ) ) ;
#2890 = EDGE_LOOP ( 'NONE', ( #6352, #1956, #1835, #4514, #2839, #3533, #10343 ) ) ;
#2891 = AXIS2_PLACEMENT_3D ( 'NONE', #6956, #4034, #1502 ) ;
#2892 = ORIENTED_EDGE ( 'NONE', *, *, #470, .F. ) ;
#2893 = LINE ( 'NONE', #8165, #1952 ) ;
#2894 = AXIS2_PLACEMENT_3D ( 'NONE', #1161, #4785, #8390 ) ;
#2895 = DIRECTION ( 'NONE',  ( -1.000000000000000000, -0.000000000000000000, -6.570922257487897174E-16 ) ) ;
#2896 = EDGE_LOOP ( 'NONE', ( #2705, #1114, #3139, #5806 ) ) ;
#2897 = LINE ( 'NONE', #10139, #9284 ) ;
#2898 = AXIS2_PLACEMENT_3D ( 'NONE', #8857, #2358, #751 ) ;
#2899 = LINE ( 'NONE', #6630, #11407 ) ;
#2900 = FACE_OUTER_BOUND ( 'NONE', #4826, .T. ) ;
#2901 = EDGE_CURVE ( 'NONE', #8295, #10447, #10693, .T. ) ;
#2902 = CIRCLE ( 'NONE', #7442, 0.1499999999999999667 ) ;
#2903 = FILL_AREA_STYLE ('',( #3781 ) ) ;
#2904 = AXIS2_PLACEMENT_3D ( 'NONE', #3245, #11295, #6749 ) ;
#2905 = ORIENTED_EDGE ( 'NONE', *, *, #11692, .F. ) ;
#2906 = CYLINDRICAL_SURFACE ( 'NONE', #5703, 0.04999999999999999584 ) ;
#2907 = ORIENTED_EDGE ( 'NONE', *, *, #2923, .F. ) ;
#2908 = DIRECTION ( 'NONE',  ( -1.000000000000000000, -0.000000000000000000, -0.000000000000000000 ) ) ;
#2909 = DIRECTION ( 'NONE',  ( 1.000000000000000000, -0.000000000000000000, -1.219727444046192242E-16 ) ) ;
#2910 =( NAMED_UNIT ( * ) SI_UNIT ( $, .STERADIAN. ) SOLID_ANGLE_UNIT ( ) );
#2911 = CARTESIAN_POINT ( 'NONE',  ( 0.3250000000000001776, 0.6800000000000001599, 0.4949999999999995515 ) ) ;
#2912 = CARTESIAN_POINT ( 'NONE',  ( 0.6750000000000000444, 8.735352324927245566E-18, 0.1500000000000005496 ) ) ;
#2913 = ORIENTED_EDGE ( 'NONE', *, *, #9855, .F. ) ;
#2914 = CARTESIAN_POINT ( 'NONE',  ( -0.8249999999999999556, 0.1000000000000001305, -0.07500000000000003886 ) ) ;
#2915 = LINE ( 'NONE', #5698, #9767 ) ;
#2916 = ORIENTED_EDGE ( 'NONE', *, *, #1852, .T. ) ;
#2917 = CARTESIAN_POINT ( 'NONE',  ( -0.1750000000000000167, 0.3749999987231322773, 2.517714491643438635 ) ) ;
#2918 = ORIENTED_EDGE ( 'NONE', *, *, #5056, .F. ) ;
#2919 = LINE ( 'NONE', #2751, #6068 ) ;
#2920 = AXIS2_PLACEMENT_3D ( 'NONE', #9006, #4491, #8105 ) ;
#2921 = DIRECTION ( 'NONE',  ( -0.000000000000000000, -0.000000000000000000, -1.000000000000000000 ) ) ;
#2922 = VERTEX_POINT ( 'NONE', #10748 ) ;
#2923 = EDGE_CURVE ( 'NONE', #5009, #1770, #8286, .T. ) ;
#2924 = ADVANCED_FACE ( 'NONE', ( #9864 ), #8912, .F. ) ;
#2925 = VECTOR ( 'NONE', #9250, 1000.000000000000000 ) ;
#2926 = ORIENTED_EDGE ( 'NONE', *, *, #9990, .F. ) ;
#2927 = CARTESIAN_POINT ( 'NONE',  ( 0.8249999999999999556, 0.6865523705165764712, 2.440090270110382598 ) ) ;
#2928 = EDGE_CURVE ( 'NONE', #6979, #10882, #2570, .T. ) ;
#2929 = CARTESIAN_POINT ( 'NONE',  ( 2.049999999999999822, 0.6800000000000001599, 0.5949999999999996403 ) ) ;
#2930 = DIRECTION ( 'NONE',  ( 0.000000000000000000, 1.000000000000000000, 0.000000000000000000 ) ) ;
#2931 = LINE ( 'NONE', #3753, #2700 ) ;
#2932 = EDGE_CURVE ( 'NONE', #11234, #5402, #6299, .T. ) ;
#2933 = DIRECTION ( 'NONE',  ( 0.000000000000000000, 0.9659258262890680902, 0.2588190451025211281 ) ) ;
#2934 = CARTESIAN_POINT ( 'NONE',  ( -2.104999999999999538, 0.7650000000000001243, 0.7606385001764666143 ) ) ;
#2935 = PLANE ( 'NONE',  #1978 ) ;
#2936 = CARTESIAN_POINT ( 'NONE',  ( -1.324999999999999734, 0.7500000000000002220, 0.5949999999999996403 ) ) ;
#2937 = EDGE_CURVE ( 'NONE', #9965, #6116, #2625, .T. ) ;
#2938 = ADVANCED_FACE ( 'NONE', ( #5370 ), #8026, .F. ) ;
#2939 = LINE ( 'NONE', #6546, #4642 ) ;
#2940 = FACE_OUTER_BOUND ( 'NONE', #10332, .T. ) ;
#2941 = DIRECTION ( 'NONE',  ( 1.000000000000000000, -0.000000000000000000, 0.000000000000000000 ) ) ;
#2942 = VECTOR ( 'NONE', #8938, 1000.000000000000000 ) ;
#2943 = DIRECTION ( 'NONE',  ( 0.000000000000000000, 0.000000000000000000, -1.000000000000000000 ) ) ;
#2944 = DIRECTION ( 'NONE',  ( 0.000000000000000000, -1.000000000000000000, -2.710505431213760592E-16 ) ) ;
#2945 = CARTESIAN_POINT ( 'NONE',  ( 0.3250000000000000111, 0.4249999987231686815, 2.441500001276831089 ) ) ;
#2946 = ORIENTED_EDGE ( 'NONE', *, *, #10822, .T. ) ;
#2947 = DIRECTION ( 'NONE',  ( 0.000000000000000000, 0.000000000000000000, 1.000000000000000000 ) ) ;
#2948 = VECTOR ( 'NONE', #10062, 1000.000000000000000 ) ;
#2949 = CARTESIAN_POINT ( 'NONE',  ( 0.3250000000000000111, 0.7250000000000001998, 2.492500000000000160 ) ) ;
#2950 = DIRECTION ( 'NONE',  ( -1.000000000000000000, -0.000000000000000000, -0.000000000000000000 ) ) ;
#2951 = ORIENTED_EDGE ( 'NONE', *, *, #1642, .T. ) ;
#2952 = DIRECTION ( 'NONE',  ( 0.000000000000000000, 1.000000000000000000, 0.000000000000000000 ) ) ;
#2953 = CARTESIAN_POINT ( 'NONE',  ( 2.254999999999999893, 0.6800000000000001599, 0.4449999999999996736 ) ) ;
#2954 = ORIENTED_EDGE ( 'NONE', *, *, #9646, .T. ) ;
#2955 = PLANE ( 'NONE',  #6325 ) ;
#2956 = VERTEX_POINT ( 'NONE', #11569 ) ;
#2957 = ORIENTED_EDGE ( 'NONE', *, *, #1277, .F. ) ;
#2958 = LINE ( 'NONE', #4993, #9226 ) ;
#2959 = PRESENTATION_LAYER_ASSIGNMENT (  '', '', ( #2585 ) ) ;
#2960 = EDGE_LOOP ( 'NONE', ( #4320, #11308, #6495, #2426 ) ) ;
#2961 = CARTESIAN_POINT ( 'NONE',  ( -2.104999999999999538, 0.3650000000000000466, -0.004999999999999878673 ) ) ;
#2962 = LINE ( 'NONE', #2133, #8905 ) ;
#2963 =( NAMED_UNIT ( * ) PLANE_ANGLE_UNIT ( ) SI_UNIT ( $, .RADIAN. ) );
#2964 = EDGE_CURVE ( 'NONE', #3385, #3440, #5255, .T. ) ;
#2965 = VERTEX_POINT ( 'NONE', #1743 ) ;
#2966 = DIRECTION ( 'NONE',  ( 0.000000000000000000, 0.000000000000000000, 1.000000000000000000 ) ) ;
#2967 = DIRECTION ( 'NONE',  ( 0.000000000000000000, 0.000000000000000000, -1.000000000000000000 ) ) ;
#2968 = ORIENTED_EDGE ( 'NONE', *, *, #10616, .F. ) ;
#2969 = CARTESIAN_POINT ( 'NONE',  ( -2.254999999999999893, 0.7499999999999573674, 2.129999999999999893 ) ) ;
#2970 = VERTEX_POINT ( 'NONE', #7019 ) ;
#2971 = PLANE ( 'NONE',  #8863 ) ;
#2972 = DIRECTION ( 'NONE',  ( 0.000000000000000000, 0.000000000000000000, 1.000000000000000000 ) ) ;
#2973 = ORIENTED_EDGE ( 'NONE', *, *, #8354, .T. ) ;
#2974 = ORIENTED_EDGE ( 'NONE', *, *, #9677, .F. ) ;
#2975 = CARTESIAN_POINT ( 'NONE',  ( 2.049999999999999822, 0.9500000000000002887, -0.2150000000000011624 ) ) ;
#2976 = ORIENTED_EDGE ( 'NONE', *, *, #1197, .F. ) ;
#2977 = CARTESIAN_POINT ( 'NONE',  ( 0.3250000000000000111, 0.1000000000000001305, -0.07500000000000003886 ) ) ;
#2978 = CARTESIAN_POINT ( 'NONE',  ( 1.764999999999999902, 0.7250000000000001998, 1.525000000000000355 ) ) ;
#2979 = VERTEX_POINT ( 'NONE', #870 ) ;
#2980 = PRESENTATION_STYLE_ASSIGNMENT (( #2031 ) ) ;
#2981 = EDGE_CURVE ( 'NONE', #7579, #1130, #6358, .T. ) ;
#2982 = ORIENTED_EDGE ( 'NONE', *, *, #2453, .F. ) ;
#2983 = LINE ( 'NONE', #3982, #10261 ) ;
#2984 = DIRECTION ( 'NONE',  ( 0.000000000000000000, -0.8660254037844389297, 0.4999999999999993339 ) ) ;
#2985 = DIRECTION ( 'NONE',  ( -1.000000000000000000, 0.000000000000000000, -0.000000000000000000 ) ) ;
#2986 = CARTESIAN_POINT ( 'NONE',  ( 0.6750000000000000444, 0.7250000000000001998, 2.492500000000000160 ) ) ;
#2987 = DIRECTION ( 'NONE',  ( 0.000000000000000000, 1.000000000000000000, 0.000000000000000000 ) ) ;
#2988 = LINE ( 'NONE', #2936, #7788 ) ;
#2989 = LINE ( 'NONE', #6548, #11562 ) ;
#2990 = DIRECTION ( 'NONE',  ( -1.000000000000000000, -0.000000000000000000, -0.000000000000000000 ) ) ;
#2991 = CARTESIAN_POINT ( 'NONE',  ( 2.049999999999999822, 0.7500000000000002220, 0.5949999999999996403 ) ) ;
#2992 = EDGE_CURVE ( 'NONE', #2632, #9180, #4408, .T. ) ;
#2993 = CARTESIAN_POINT ( 'NONE',  ( 0.8250000000000001776, 0.8214213562373096078, 0.4949999999999995515 ) ) ;
#2994 = ORIENTED_EDGE ( 'NONE', *, *, #11076, .F. ) ;
#2995 = FACE_OUTER_BOUND ( 'NONE', #6724, .T. ) ;
#2996 = LINE ( 'NONE', #2054, #7852 ) ;
#2997 = EDGE_LOOP ( 'NONE', ( #3540, #2313, #7167, #3276 ) ) ;
#2998 = CLOSED_SHELL ( 'NONE', ( #995, #7851, #6540, #3016, #9824, #10620, #3708 ) ) ;
#2999 = DIRECTION ( 'NONE',  ( -1.219727444046192242E-16, 0.000000000000000000, 1.000000000000000000 ) ) ;
#3000 = DIRECTION ( 'NONE',  ( -1.000000000000000000, -0.000000000000000000, -0.000000000000000000 ) ) ;
#3001 = ADVANCED_FACE ( 'NONE', ( #9981 ), #1804, .T. ) ;
#3002 = ORIENTED_EDGE ( 'NONE', *, *, #9616, .F. ) ;
#3003 = CARTESIAN_POINT ( 'NONE',  ( 0.3250000000000000111, 0.3800000000000000044, -0.09999999999999956146 ) ) ;
#3004 = EDGE_CURVE ( 'NONE', #4021, #10311, #8077, .T. ) ;
#3005 = EDGE_CURVE ( 'NONE', #3493, #2787, #2804, .T. ) ;
#3006 = EDGE_CURVE ( 'NONE', #7457, #4656, #11509, .T. ) ;
#3007 = CARTESIAN_POINT ( 'NONE',  ( 2.104999999999999538, 0.8134073820189092752, 0.7731575003791745226 ) ) ;
#3008 = ORIENTED_EDGE ( 'NONE', *, *, #2142, .T. ) ;
#3009 = DIRECTION ( 'NONE',  ( -0.000000000000000000, -0.000000000000000000, 1.000000000000000000 ) ) ;
#3010 = EDGE_LOOP ( 'NONE', ( #5358, #2126, #8362, #10245 ) ) ;
#3011 = DIRECTION ( 'NONE',  ( 0.000000000000000000, -0.000000000000000000, -1.000000000000000000 ) ) ;
#3012 = DIRECTION ( 'NONE',  ( 0.000000000000000000, 3.439160614977207662E-32, 1.000000000000000000 ) ) ;
#3013 = LINE ( 'NONE', #10074, #4363 ) ;
#3014 = ORIENTED_EDGE ( 'NONE', *, *, #3654, .T. ) ;
#3015 = VERTEX_POINT ( 'NONE', #6136 ) ;
#3016 = ADVANCED_FACE ( 'NONE', ( #9750 ), #1629, .F. ) ;
#3017 = VECTOR ( 'NONE', #10631, 1000.000000000000000 ) ;
#3018 = LINE ( 'NONE', #8238, #2749 ) ;
#3019 = PLANE ( 'NONE',  #5382 ) ;
#3020 = VERTEX_POINT ( 'NONE', #3459 ) ;
#3021 = AXIS2_PLACEMENT_3D ( 'NONE', #4339, #8793, #8067 ) ;
#3022 = CARTESIAN_POINT ( 'NONE',  ( -0.3250000000000000111, 0.7250000000000001998, 2.492500000000000160 ) ) ;
#3023 = VECTOR ( 'NONE', #1631, 1000.000000000000000 ) ;
#3024 = VERTEX_POINT ( 'NONE', #9252 ) ;
#3025 = FACE_OUTER_BOUND ( 'NONE', #9202, .T. ) ;
#3026 = LINE ( 'NONE', #3964, #2925 ) ;
#3027 = ORIENTED_EDGE ( 'NONE', *, *, #7127, .F. ) ;
#3028 = EDGE_LOOP ( 'NONE', ( #9501, #4208, #6067 ) ) ;
#3029 = CARTESIAN_POINT ( 'NONE',  ( 0.6750000000000000444, 0.4050000000000000266, -0.07499999999999942824 ) ) ;
#3030 = CARTESIAN_POINT ( 'NONE',  ( 0.000000000000000000, 0.6800000000000001599, 0.000000000000000000 ) ) ;
#3031 = ORIENTED_EDGE ( 'NONE', *, *, #6217, .F. ) ;
#3032 = DIRECTION ( 'NONE',  ( 0.000000000000000000, 0.000000000000000000, -1.000000000000000000 ) ) ;
#3033 = EDGE_LOOP ( 'NONE', ( #11106, #1427, #5676, #1240, #11126 ) ) ;
#3034 = VECTOR ( 'NONE', #8044, 1000.000000000000000 ) ;
#3035 = CARTESIAN_POINT ( 'NONE',  ( -0.1750000000000000167, 0.03000000000000000930, -0.1749999999999994615 ) ) ;
#3036 = EDGE_LOOP ( 'NONE', ( #4355, #7290, #9968, #5854 ) ) ;
#3037 = CIRCLE ( 'NONE', #5506, 0.05000000000003655687 ) ;
#3038 = VERTEX_POINT ( 'NONE', #6647 ) ;
#3039 = ORIENTED_EDGE ( 'NONE', *, *, #8371, .F. ) ;
#3040 = DIRECTION ( 'NONE',  ( 1.000000000000000000, -0.000000000000000000, 6.570922257487896188E-16 ) ) ;
#3041 = AXIS2_PLACEMENT_3D ( 'NONE', #6365, #1811, #9872 ) ;
#3042 = LINE ( 'NONE', #8439, #2687 ) ;
#3043 = SURFACE_STYLE_USAGE ( .BOTH. , #4964 ) ;
#3044 = AXIS2_PLACEMENT_3D ( 'NONE', #1649, #5274, #8874 ) ;
#3045 = DIRECTION ( 'NONE',  ( 0.000000000000000000, 1.000000000000000000, 0.000000000000000000 ) ) ;
#3046 = DIRECTION ( 'NONE',  ( 0.000000000000000000, -5.421010862427520198E-16, -1.000000000000000000 ) ) ;
#3047 = LINE ( 'NONE', #8442, #3652 ) ;
#3048 = LINE ( 'NONE', #1272, #11276 ) ;
#3049 = DIRECTION ( 'NONE',  ( -1.219727444046192242E-16, 0.000000000000000000, -1.000000000000000000 ) ) ;
#3050 =( NAMED_UNIT ( * ) SI_UNIT ( $, .STERADIAN. ) SOLID_ANGLE_UNIT ( ) );
#3051 = FACE_OUTER_BOUND ( 'NONE', #10675, .T. ) ;
#3052 = AXIS2_PLACEMENT_3D ( 'NONE', #10040, #1912, #1976 ) ;
#3053 = AXIS2_PLACEMENT_3D ( 'NONE', #4039, #6654, #9387 ) ;
#3054 = LINE ( 'NONE', #10299, #8164 ) ;
#3055 = VECTOR ( 'NONE', #1249, 1000.000000000000000 ) ;
#3056 = DIRECTION ( 'NONE',  ( 0.000000000000000000, -0.7071067811865457964, -0.7071067811865492381 ) ) ;
#3057 = CARTESIAN_POINT ( 'NONE',  ( -1.324999999999999956, 0.3800000000000000044, -0.1749999999999994060 ) ) ;
#3058 = ORIENTED_EDGE ( 'NONE', *, *, #7339, .F. ) ;
#3059 = AXIS2_PLACEMENT_3D ( 'NONE', #5790, #1280, #11285 ) ;
#3060 = DIRECTION ( 'NONE',  ( 1.000000000000000000, -0.000000000000000000, 6.570922257487896188E-16 ) ) ;
#3061 = CIRCLE ( 'NONE', #1165, 0.1000000000000002554 ) ;
#3062 = CARTESIAN_POINT ( 'NONE',  ( 1.175000000000000044, 0.7500000000000002220, 0.5949999999999996403 ) ) ;
#3063 = CARTESIAN_POINT ( 'NONE',  ( 2.049999999999999822, 0.4099999999999999756, 0.5949999999999996403 ) ) ;
#3064 = CARTESIAN_POINT ( 'NONE',  ( -0.1750000000000000167, 0.7408666514389177227, 2.512987586845043531 ) ) ;
#3065 = ORIENTED_EDGE ( 'NONE', *, *, #11037, .T. ) ;
#3066 = ADVANCED_FACE ( 'NONE', ( #10271 ), #4754, .T. ) ;
#3067 = ADVANCED_FACE ( 'NONE', ( #4633 ), #1198, .F. ) ;
#3068 = CARTESIAN_POINT ( 'NONE',  ( 0.3250000000000000111, 0.8950000000000001288, 0.8249999999999999556 ) ) ;
#3069 = ORIENTED_EDGE ( 'NONE', *, *, #2784, .F. ) ;
#3070 = ORIENTED_EDGE ( 'NONE', *, *, #3687, .T. ) ;
#3071 = DIRECTION ( 'NONE',  ( 0.000000000000000000, 0.000000000000000000, -1.000000000000000000 ) ) ;
#3072 = CIRCLE ( 'NONE', #5537, 0.06499999999997957412 ) ;
#3073 = CARTESIAN_POINT ( 'NONE',  ( 0.8250000000000001776, 0.6800000000000001599, 0.4449999999999996736 ) ) ;
#3074 = AXIS2_PLACEMENT_3D ( 'NONE', #8091, #887, #4479 ) ;
#3075 = EDGE_LOOP ( 'NONE', ( #6103, #4791, #3255, #1245 ) ) ;
#3076 = EDGE_CURVE ( 'NONE', #5864, #5742, #8357, .T. ) ;
#3077 = CARTESIAN_POINT ( 'NONE',  ( 0.000000000000000000, 0.05000000000000012768, 0.000000000000000000 ) ) ;
#3078 = CARTESIAN_POINT ( 'NONE',  ( -0.3250000000000000111, 0.3350000000000001310, 2.709999999999999964 ) ) ;
#3079 = AXIS2_PLACEMENT_3D ( 'NONE', #1817, #6477, #4771 ) ;
#3080 = EDGE_CURVE ( 'NONE', #8671, #7886, #3282, .T. ) ;
#3081 = VECTOR ( 'NONE', #6697, 1000.000000000000000 ) ;
#3082 = SURFACE_SIDE_STYLE ('',( #301 ) ) ;
#3083 = ORIENTED_EDGE ( 'NONE', *, *, #2215, .T. ) ;
#3084 = VECTOR ( 'NONE', #11293, 1000.000000000000000 ) ;
#3085 = EDGE_LOOP ( 'NONE', ( #10610, #1322, #10104, #5453 ) ) ;
#3086 = DIRECTION ( 'NONE',  ( -1.000000000000000000, 0.000000000000000000, -1.219727444046192242E-16 ) ) ;
#3087 = CIRCLE ( 'NONE', #11406, 0.06499999999997957412 ) ;
#3088 = LINE ( 'NONE', #5005, #3995 ) ;
#3089 = EDGE_LOOP ( 'NONE', ( #10091, #10739, #7846, #1200 ) ) ;
#3090 = VECTOR ( 'NONE', #3113, 1000.000000000000000 ) ;
#3091 = DIRECTION ( 'NONE',  ( 0.000000000000000000, 0.000000000000000000, -1.000000000000000000 ) ) ;
#3092 = ORIENTED_EDGE ( 'NONE', *, *, #39, .F. ) ;
#3093 = DIRECTION ( 'NONE',  ( 0.000000000000000000, -0.5735764363510453823, -0.8191520442889923537 ) ) ;
#3094 = DIRECTION ( 'NONE',  ( -1.000000000000000000, -0.000000000000000000, -0.000000000000000000 ) ) ;
#3095 = ORIENTED_EDGE ( 'NONE', *, *, #2847, .T. ) ;
#3096 = VECTOR ( 'NONE', #1385, 1000.000000000000000 ) ;
#3097 = ORIENTED_EDGE ( 'NONE', *, *, #6062, .T. ) ;
#3098 = CARTESIAN_POINT ( 'NONE',  ( -1.684999999999999831, 0.1000000000000001305, -0.07500000000000003886 ) ) ;
#3099 = EDGE_CURVE ( 'NONE', #5001, #8216, #9448, .T. ) ;
#3100 = FILL_AREA_STYLE_COLOUR ( '', #4723 ) ;
#3101 = CARTESIAN_POINT ( 'NONE',  ( 0.000000000000000000, 1.050000000000000044, 0.000000000000000000 ) ) ;
#3102 = AXIS2_PLACEMENT_3D ( 'NONE', #3116, #11043, #2943 ) ;
#3103 = ORIENTED_EDGE ( 'NONE', *, *, #4104, .F. ) ;
#3104 = DIRECTION ( 'NONE',  ( -1.000000000000000000, -0.000000000000000000, -0.000000000000000000 ) ) ;
#3105 = ORIENTED_EDGE ( 'NONE', *, *, #2453, .T. ) ;
#3106 = ORIENTED_EDGE ( 'NONE', *, *, #1127, .T. ) ;
#3107 = VERTEX_POINT ( 'NONE', #3978 ) ;
#3108 = STYLED_ITEM ( 'NONE', ( #2980 ), #9688 ) ;
#3109 = DIRECTION ( 'NONE',  ( 1.000000000000000000, -0.000000000000000000, 0.000000000000000000 ) ) ;
#3110 = DIRECTION ( 'NONE',  ( -1.000000000000000000, -0.000000000000000000, -1.219727444046192242E-16 ) ) ;
#3111 = CARTESIAN_POINT ( 'NONE',  ( -2.104999999999999982, 0.09044228633934747741, 2.158349364905389312 ) ) ;
#3112 = PLANE ( 'NONE',  #7955 ) ;
#3113 = DIRECTION ( 'NONE',  ( 0.000000000000000000, 1.000000000000000000, 1.921950934117575390E-16 ) ) ;
#3114 = FACE_OUTER_BOUND ( 'NONE', #7985, .T. ) ;
#3115 = CARTESIAN_POINT ( 'NONE',  ( 1.324999999999999956, 0.4050000000000000266, -0.07499999999999942824 ) ) ;
#3116 = CARTESIAN_POINT ( 'NONE',  ( -1.175000000000000044, 8.735352324927245566E-18, 0.1500000000000005496 ) ) ;
#3117 = AXIS2_PLACEMENT_3D ( 'NONE', #399, #11344, #3939 ) ;
#3118 = ADVANCED_FACE ( 'NONE', ( #9026 ), #8972, .F. ) ;
#3119 = DIRECTION ( 'NONE',  ( 0.000000000000000000, 0.000000000000000000, -1.000000000000000000 ) ) ;
#3120 = ORIENTED_EDGE ( 'NONE', *, *, #2249, .T. ) ;
#3121 = DIRECTION ( 'NONE',  ( -0.000000000000000000, 1.000000000000000000, -0.000000000000000000 ) ) ;
#3122 = CARTESIAN_POINT ( 'NONE',  ( 3.133372007438923732E-16, 0.3350000000000001310, 2.824999999999998401 ) ) ;
#3123 = CARTESIAN_POINT ( 'NONE',  ( 0.6750000000000000444, 0.7250000000000001998, 2.577500000000000568 ) ) ;
#3124 = ORIENTED_EDGE ( 'NONE', *, *, #4544, .F. ) ;
#3125 = DIRECTION ( 'NONE',  ( 0.000000000000000000, 1.000000000000000000, 2.710505431213761085E-16 ) ) ;
#3126 = DIRECTION ( 'NONE',  ( -1.000000000000000000, -0.000000000000000000, -0.000000000000000000 ) ) ;
#3127 = VECTOR ( 'NONE', #5421, 1000.000000000000000 ) ;
#3128 = ORIENTED_EDGE ( 'NONE', *, *, #3718, .F. ) ;
#3129 = ORIENTED_EDGE ( 'NONE', *, *, #9386, .T. ) ;
#3130 = FACE_OUTER_BOUND ( 'NONE', #3453, .T. ) ;
#3131 = ORIENTED_EDGE ( 'NONE', *, *, #9072, .T. ) ;
#3132 = VERTEX_POINT ( 'NONE', #11506 ) ;
#3133 = CIRCLE ( 'NONE', #11264, 0.05000000000003655687 ) ;
#3134 = CARTESIAN_POINT ( 'NONE',  ( -0.8249999999999999556, 0.8950000000000001288, 0.4949999999999995515 ) ) ;
#3135 = VERTEX_POINT ( 'NONE', #7016 ) ;
#3136 = EDGE_LOOP ( 'NONE', ( #10098, #8784, #3951, #8099 ) ) ;
#3138 = PRESENTATION_STYLE_ASSIGNMENT (( #9665 ) ) ;
#3137 = PLANE ( 'NONE',  #7614 ) ;
#3139 = ORIENTED_EDGE ( 'NONE', *, *, #5998, .T. ) ;
#3140 = DIRECTION ( 'NONE',  ( 0.000000000000000000, -0.000000000000000000, -1.000000000000000000 ) ) ;
#3141 = ORIENTED_EDGE ( 'NONE', *, *, #7864, .F. ) ;
#3142 = ORIENTED_EDGE ( 'NONE', *, *, #566, .T. ) ;
#3143 = CARTESIAN_POINT ( 'NONE',  ( -0.3250000000000000111, 0.3350000000000001310, 2.125000000000000000 ) ) ;
#3144 = EDGE_CURVE ( 'NONE', #3385, #7355, #90, .T. ) ;
#3145 =( GEOMETRIC_REPRESENTATION_CONTEXT ( 3 ) GLOBAL_UNCERTAINTY_ASSIGNED_CONTEXT ( ( #10287 ) ) GLOBAL_UNIT_ASSIGNED_CONTEXT ( ( #8692, #2419, #5028 ) ) REPRESENTATION_CONTEXT ( 'NONE', 'WORKASPACE' ) );
#3146 = DIRECTION ( 'NONE',  ( -1.000000000000000000, -0.000000000000000000, -0.000000000000000000 ) ) ;
#3147 = ORIENTED_EDGE ( 'NONE', *, *, #8334, .T. ) ;
#3148 = DIRECTION ( 'NONE',  ( -0.000000000000000000, -0.000000000000000000, 1.000000000000000000 ) ) ;
#3149 = ORIENTED_EDGE ( 'NONE', *, *, #2060, .T. ) ;
#3150 = EDGE_CURVE ( 'NONE', #3824, #6641, #712, .T. ) ;
#3151 = ORIENTED_EDGE ( 'NONE', *, *, #6059, .F. ) ;
#3152 = ADVANCED_FACE ( 'NONE', ( #11071 ), #9978, .T. ) ;
#3153 = VERTEX_POINT ( 'NONE', #8294 ) ;
#3154 = CARTESIAN_POINT ( 'NONE',  ( -0.1750000000000000167, 0.6910569165342941300, 2.517345373982429635 ) ) ;
#3155 = DIRECTION ( 'NONE',  ( 0.000000000000000000, -1.000000000000000000, 0.000000000000000000 ) ) ;
#3156 = DIRECTION ( 'NONE',  ( -1.000000000000000000, -0.000000000000000000, -0.000000000000000000 ) ) ;
#3157 = FILL_AREA_STYLE_COLOUR ( '', #9667 ) ;
#3158 = FACE_OUTER_BOUND ( 'NONE', #7062, .T. ) ;
#3159 = ORIENTED_EDGE ( 'NONE', *, *, #2222, .F. ) ;
#3160 = LINE ( 'NONE', #6775, #6858 ) ;
#3161 = EDGE_CURVE ( 'NONE', #2266, #4021, #2020, .T. ) ;
#3162 = ORIENTED_EDGE ( 'NONE', *, *, #10359, .F. ) ;
#3163 = ADVANCED_FACE ( 'NONE', ( #8350 ), #2791, .T. ) ;
#3164 = ORIENTED_EDGE ( 'NONE', *, *, #8444, .T. ) ;
#3165 = AXIS2_PLACEMENT_3D ( 'NONE', #5232, #11359, #11241 ) ;
#3166 = VERTEX_POINT ( 'NONE', #2969 ) ;
#3167 = FACE_OUTER_BOUND ( 'NONE', #6619, .T. ) ;
#3168 = CARTESIAN_POINT ( 'NONE',  ( -2.254999999999999893, 0.9250000000001167288, 2.624999999999276135 ) ) ;
#3169 = DIRECTION ( 'NONE',  ( 0.000000000000000000, -1.445602896647339508E-15, 1.000000000000000000 ) ) ;
#3170 = CIRCLE ( 'NONE', #1864, 0.04999999999999999584 ) ;
#3171 = CARTESIAN_POINT ( 'NONE',  ( -0.1750000000000000167, 0.07499999999999999722, 0.1250000000000005551 ) ) ;
#3172 = CARTESIAN_POINT ( 'NONE',  ( -2.055000000000000604, 1.050000000000000044, 0.8250000000000003997 ) ) ;
#3173 = CARTESIAN_POINT ( 'NONE',  ( -1.324999999999999956, 0.4050000000000000266, -0.07499999999999942824 ) ) ;
#3174 = DIRECTION ( 'NONE',  ( 0.000000000000000000, 1.000000000000000000, 9.035018104045866996E-16 ) ) ;
#3175 = DIRECTION ( 'NONE',  ( 0.000000000000000000, 0.000000000000000000, 1.000000000000000000 ) ) ;
#3176 = CARTESIAN_POINT ( 'NONE',  ( 2.104999999999999538, 0.8150000000000001688, 0.2450000000000000511 ) ) ;
#3177 = CARTESIAN_POINT ( 'NONE',  ( 1.324999999999999956, 0.3350000000000001310, 2.709999999999999964 ) ) ;
#3178 = EDGE_CURVE ( 'NONE', #1066, #7381, #10204, .T. ) ;
#3179 = UNCERTAINTY_MEASURE_WITH_UNIT (LENGTH_MEASURE( 1.000000000000000082E-05 ), #239, 'distance_accuracy_value', 'NONE');
#3180 = DIRECTION ( 'NONE',  ( 0.000000000000000000, 0.000000000000000000, -1.000000000000000000 ) ) ;
#3181 = ORIENTED_EDGE ( 'NONE', *, *, #849, .F. ) ;
#3182 = CARTESIAN_POINT ( 'NONE',  ( -0.6750000000000000444, 0.4050000000000000266, -0.07499999999999942824 ) ) ;
#3183 = EDGE_CURVE ( 'NONE', #4396, #9550, #4628, .T. ) ;
#3184 = LINE ( 'NONE', #6032, #2178 ) ;
#3185 = LINE ( 'NONE', #1529, #1155 ) ;
#3186 = DIRECTION ( 'NONE',  ( 0.000000000000000000, 0.000000000000000000, -1.000000000000000000 ) ) ;
#3187 = CARTESIAN_POINT ( 'NONE',  ( 1.764999999999999902, 0.7250000000000001998, 1.525000000000000355 ) ) ;
#3188 = EDGE_LOOP ( 'NONE', ( #8063, #3591, #6908, #6284 ) ) ;
#3189 = VECTOR ( 'NONE', #9924, 1000.000000000000000 ) ;
#3190 = ORIENTED_EDGE ( 'NONE', *, *, #9747, .F. ) ;
#3191 = PLANE ( 'NONE',  #2904 ) ;
#3192 = ORIENTED_EDGE ( 'NONE', *, *, #8510, .T. ) ;
#3193 = ORIENTED_EDGE ( 'NONE', *, *, #10813, .F. ) ;
#3194 = DIRECTION ( 'NONE',  ( 0.000000000000000000, 0.000000000000000000, 1.000000000000000000 ) ) ;
#3195 = ORIENTED_EDGE ( 'NONE', *, *, #10616, .T. ) ;
#3197 = CARTESIAN_POINT ( 'NONE',  ( 0.3250000000000001776, 0.6800000000000001599, 0.4949999999999995515 ) ) ;
#3196 = CARTESIAN_POINT ( 'NONE',  ( -0.1750000000000000167, 0.7250000000000001998, 2.492500000000000160 ) ) ;
#3198 = ORIENTED_EDGE ( 'NONE', *, *, #1489, .F. ) ;
#3199 = CARTESIAN_POINT ( 'NONE',  ( -0.8249999999999999556, 0.6800000000000001599, 0.4949999999999995515 ) ) ;
#3200 = ORIENTED_EDGE ( 'NONE', *, *, #6937, .T. ) ;
#3201 = VERTEX_POINT ( 'NONE', #5637 ) ;
#3202 = CARTESIAN_POINT ( 'NONE',  ( 2.104999999999999538, 0.3650000000000001577, 0.02000000000000003511 ) ) ;
#3203 = VERTEX_POINT ( 'NONE', #33 ) ;
#3204 = CARTESIAN_POINT ( 'NONE',  ( 2.254999999999999449, 0.9000000000000002442, 0.8249999999999996225 ) ) ;
#3205 = ORIENTED_EDGE ( 'NONE', *, *, #2901, .F. ) ;
#3206 = CARTESIAN_POINT ( 'NONE',  ( -2.254999999999999449, 1.050000000000000044, 1.149999999999277156 ) ) ;
#3207 = DIRECTION ( 'NONE',  ( 1.000000000000000000, -0.000000000000000000, -1.219727444046192242E-16 ) ) ;
#3208 = ORIENTED_EDGE ( 'NONE', *, *, #10367, .T. ) ;
#3209 = ORIENTED_EDGE ( 'NONE', *, *, #5056, .T. ) ;
#3210 = CARTESIAN_POINT ( 'NONE',  ( 1.324999999999999956, 0.6910569165342941300, 2.517345373982429635 ) ) ;
#3211 = PRESENTATION_STYLE_ASSIGNMENT (( #7772 ) ) ;
#3212 = CARTESIAN_POINT ( 'NONE',  ( -1.175000000000000044, 0.08000000000000000167, -0.1749999999999994893 ) ) ;
#3213 = ORIENTED_EDGE ( 'NONE', *, *, #3183, .F. ) ;
#3214 = CARTESIAN_POINT ( 'NONE',  ( -0.6750000000000000444, 0.1000000000000001027, 0.1250000000000005551 ) ) ;
#3215 = EDGE_LOOP ( 'NONE', ( #1367, #8344, #1655, #6515 ) ) ;
#3216 = ADVANCED_FACE ( 'NONE', ( #4820 ), #8184, .T. ) ;
#3217 = EDGE_CURVE ( 'NONE', #4262, #9544, #248, .T. ) ;
#3218 = ORIENTED_EDGE ( 'NONE', *, *, #6048, .T. ) ;
#3219 = DIRECTION ( 'NONE',  ( 0.000000000000000000, 0.000000000000000000, -1.000000000000000000 ) ) ;
#3220 = CARTESIAN_POINT ( 'NONE',  ( 0.3250000000000000111, 0.7250000000000001998, 2.492500000000000160 ) ) ;
#3221 = FACE_OUTER_BOUND ( 'NONE', #9428, .T. ) ;
#3222 = EDGE_CURVE ( 'NONE', #8649, #3038, #5254, .T. ) ;
#3223 = DIRECTION ( 'NONE',  ( 0.000000000000000000, 0.000000000000000000, 1.000000000000000000 ) ) ;
#3224 = CARTESIAN_POINT ( 'NONE',  ( -0.6750000000000000444, 0.000000000000000000, 0.2250000000000005052 ) ) ;
#3225 = CARTESIAN_POINT ( 'NONE',  ( 0.6750000000000000444, 0.3615000000000000990, 2.125000000000000000 ) ) ;
#3226 =( GEOMETRIC_REPRESENTATION_CONTEXT ( 3 ) GLOBAL_UNCERTAINTY_ASSIGNED_CONTEXT ( ( #11218 ) ) GLOBAL_UNIT_ASSIGNED_CONTEXT ( ( #4303, #2963, #7517 ) ) REPRESENTATION_CONTEXT ( 'NONE', 'WORKASPACE' ) );
#3227 = ADVANCED_FACE ( 'NONE', ( #1964 ), #5452, .F. ) ;
#3228 = VECTOR ( 'NONE', #5809, 1000.000000000000000 ) ;
#3229 = CARTESIAN_POINT ( 'NONE',  ( -1.175000000000000044, 0.07499999999999999722, 0.1250000000000005551 ) ) ;
#3230 = EDGE_CURVE ( 'NONE', #2261, #8936, #2826, .T. ) ;
#3231 = CARTESIAN_POINT ( 'NONE',  ( 0.8249999999999999556, 0.3350000000000001310, 2.709999999999999964 ) ) ;
#3232 = EDGE_CURVE ( 'NONE', #5990, #9487, #5564, .T. ) ;
#3233 = FACE_OUTER_BOUND ( 'NONE', #7584, .T. ) ;
#3234 = VECTOR ( 'NONE', #5449, 1000.000000000000000 ) ;
#3235 = DIRECTION ( 'NONE',  ( 1.000000000000000000, 0.000000000000000000, 0.000000000000000000 ) ) ;
#3236 = CARTESIAN_POINT ( 'NONE',  ( -0.1750000000000000167, 0.3615000000000000990, 2.125000000000000000 ) ) ;
#3237 = EDGE_LOOP ( 'NONE', ( #9444, #4629, #8775, #2682, #11198, #11120, #6583 ) ) ;
#3238 = PLANE ( 'NONE',  #4058 ) ;
#3239 = DIRECTION ( 'NONE',  ( 0.000000000000000000, 0.9961946980917442129, -0.08715574274767398655 ) ) ;
#3240 = EDGE_CURVE ( 'NONE', #2240, #494, #7386, .T. ) ;
#3241 = CARTESIAN_POINT ( 'NONE',  ( 0.000000000000000000, 0.8950000000000001288, 0.000000000000000000 ) ) ;
#3242 = VECTOR ( 'NONE', #9461, 1000.000000000000000 ) ;
#3243 = ORIENTED_EDGE ( 'NONE', *, *, #8002, .T. ) ;
#3244 = VECTOR ( 'NONE', #3989, 1000.000000000000000 ) ;
#3245 = CARTESIAN_POINT ( 'NONE',  ( -0.8249999999999999556, 0.6800000000000001599, 0.4949999999999995515 ) ) ;
#3246 = EDGE_LOOP ( 'NONE', ( #368, #2792, #8655, #1205, #10873, #8948 ) ) ;
#3247 = ORIENTED_EDGE ( 'NONE', *, *, #5534, .T. ) ;
#3248 = VECTOR ( 'NONE', #2619, 1000.000000000000000 ) ;
#3249 = ORIENTED_EDGE ( 'NONE', *, *, #3144, .T. ) ;
#3250 = VERTEX_POINT ( 'NONE', #1170 ) ;
#3251 = VECTOR ( 'NONE', #2744, 1000.000000000000000 ) ;
#3253 = LINE ( 'NONE', #11487, #7699 ) ;
#3252 = CARTESIAN_POINT ( 'NONE',  ( 0.3250000000000000111, 0.07499999999999999722, 0.1250000000000005551 ) ) ;
#3254 = DIRECTION ( 'NONE',  ( 0.000000000000000000, -1.000000000000000000, 0.000000000000000000 ) ) ;
#3255 = ORIENTED_EDGE ( 'NONE', *, *, #1445, .F. ) ;
#3256 = ORIENTED_EDGE ( 'NONE', *, *, #2864, .T. ) ;
#3257 = VECTOR ( 'NONE', #937, 1000.000000000000000 ) ;
#3258 = ORIENTED_EDGE ( 'NONE', *, *, #8072, .T. ) ;
#3259 = VECTOR ( 'NONE', #3301, 1000.000000000000000 ) ;
#3260 = CARTESIAN_POINT ( 'NONE',  ( 2.254999999999999449, 0.9000000000000002442, 2.124999999999999556 ) ) ;
#3261 = ORIENTED_EDGE ( 'NONE', *, *, #8223, .T. ) ;
#3262 = CARTESIAN_POINT ( 'NONE',  ( 1.764999999999999902, 0.7250000000000001998, 2.683578643762690508 ) ) ;
#3263 = ORIENTED_EDGE ( 'NONE', *, *, #189, .F. ) ;
#3264 = CYLINDRICAL_SURFACE ( 'NONE', #4710, 0.05000000000000002359 ) ;
#3265 = ORIENTED_EDGE ( 'NONE', *, *, #6992, .T. ) ;
#3266 = EDGE_LOOP ( 'NONE', ( #6687, #2386, #1732, #8612 ) ) ;
#3267 = AXIS2_PLACEMENT_3D ( 'NONE', #2854, #11075, #8360 ) ;
#3268 = ORIENTED_EDGE ( 'NONE', *, *, #6836, .F. ) ;
#3269 = CARTESIAN_POINT ( 'NONE',  ( 0.1750000000000000167, 0.7500000000000002220, 0.5949999999999996403 ) ) ;
#3270 =( NAMED_UNIT ( * ) SI_UNIT ( $, .STERADIAN. ) SOLID_ANGLE_UNIT ( ) );
#3271 = MECHANICAL_DESIGN_GEOMETRIC_PRESENTATION_REPRESENTATION (  '', ( #1014 ), #2342 ) ;
#3272 = CARTESIAN_POINT ( 'NONE',  ( -2.254999999999999893, 1.025000000000116707, 1.799999999999277289 ) ) ;
#3273 = DIRECTION ( 'NONE',  ( 0.000000000000000000, -0.000000000000000000, 1.000000000000000000 ) ) ;
#3274 = ORIENTED_EDGE ( 'NONE', *, *, #7482, .F. ) ;
#3275 = CARTESIAN_POINT ( 'NONE',  ( 2.254999999999999449, 0.9000000000000002442, 0.8249999999999999556 ) ) ;
#3276 = ORIENTED_EDGE ( 'NONE', *, *, #1000, .T. ) ;
#3277 = AXIS2_PLACEMENT_3D ( 'NONE', #6707, #5008, #8666 ) ;
#3278 = VECTOR ( 'NONE', #2073, 1000.000000000000000 ) ;
#3279 = CARTESIAN_POINT ( 'NONE',  ( 1.324999999999999956, 0.8950000000000001288, 0.8249999999999999556 ) ) ;
#3280 = VECTOR ( 'NONE', #2018, 1000.000000000000000 ) ;
#3281 = ORIENTED_EDGE ( 'NONE', *, *, #5203, .F. ) ;
#3282 = LINE ( 'NONE', #1456, #1257 ) ;
#3283 = VERTEX_POINT ( 'NONE', #167 ) ;
#3284 = LINE ( 'NONE', #10345, #7160 ) ;
#3285 = PLANE ( 'NONE',  #10467 ) ;
#3286 = DIRECTION ( 'NONE',  ( -1.000000000000000000, -0.000000000000000000, -0.000000000000000000 ) ) ;
#3287 = DIRECTION ( 'NONE',  ( -1.000000000000000000, -0.000000000000000000, -0.000000000000000000 ) ) ;
#3288 = AXIS2_PLACEMENT_3D ( 'NONE', #1340, #9467, #3056 ) ;
#3289 = DIRECTION ( 'NONE',  ( 0.000000000000000000, 1.999553186960971874E-15, -1.000000000000000000 ) ) ;
#3290 = VECTOR ( 'NONE', #7591, 999.9999999999998863 ) ;
#3291 = CARTESIAN_POINT ( 'NONE',  ( 2.104999999999999538, 0.8150000000000001688, 0.2450000000000000511 ) ) ;
#3292 = EDGE_CURVE ( 'NONE', #9737, #160, #9165, .T. ) ;
#3293 = EDGE_CURVE ( 'NONE', #2061, #6092, #6500, .T. ) ;
#3294 = CARTESIAN_POINT ( 'NONE',  ( 1.175000000000000044, 0.8950000000000001288, 0.4949999999999995515 ) ) ;
#3295 = UNCERTAINTY_MEASURE_WITH_UNIT (LENGTH_MEASURE( 1.000000000000000082E-05 ), #3747, 'distance_accuracy_value', 'NONE');
#3296 = EDGE_CURVE ( 'NONE', #10942, #10340, #11056, .T. ) ;
#3297 = AXIS2_PLACEMENT_3D ( 'NONE', #8449, #4972, #11217 ) ;
#3298 = ADVANCED_FACE ( 'NONE', ( #7281 ), #2955, .F. ) ;
#3299 = EDGE_CURVE ( 'NONE', #2198, #5566, #10132, .T. ) ;
#3300 = CARTESIAN_POINT ( 'NONE',  ( -2.104999999999999538, 0.9000000000000002442, 0.8250000000000003997 ) ) ;
#3301 = DIRECTION ( 'NONE',  ( -1.000000000000000000, 0.000000000000000000, 1.148519250514307542E-16 ) ) ;
#3302 = ORIENTED_EDGE ( 'NONE', *, *, #7898, .F. ) ;
#3303 = CARTESIAN_POINT ( 'NONE',  ( 0.6750000000000000444, 0.3615000000000000990, 2.125000000000000000 ) ) ;
#3304 = EDGE_CURVE ( 'NONE', #7607, #8011, #2063, .T. ) ;
#3305 = LINE ( 'NONE', #5918, #8408 ) ;
#3306 = EDGE_CURVE ( 'NONE', #6765, #9748, #4609, .T. ) ;
#3307 = DIRECTION ( 'NONE',  ( 1.000000000000000000, -0.000000000000000000, -0.000000000000000000 ) ) ;
#3308 = FACE_OUTER_BOUND ( 'NONE', #4137, .T. ) ;
#3309 = CARTESIAN_POINT ( 'NONE',  ( -0.6750000000000000444, 0.6865523705165764712, 2.440090270110382598 ) ) ;
#3310 = VECTOR ( 'NONE', #2889, 1000.000000000000000 ) ;
#3311 = AXIS2_PLACEMENT_3D ( 'NONE', #5852, #5982, #9471 ) ;
#3312 = DIRECTION ( 'NONE',  ( -0.4103646773288018856, -0.000000000000000000, 0.9119215051751046186 ) ) ;
#3313 = VECTOR ( 'NONE', #4180, 1000.000000000000000 ) ;
#3314 = EDGE_CURVE ( 'NONE', #9748, #11252, #9115, .T. ) ;
#3315 = ORIENTED_EDGE ( 'NONE', *, *, #4603, .T. ) ;
#3316 = ADVANCED_FACE ( 'NONE', ( #1882 ), #6567, .F. ) ;
#3317 = DIRECTION ( 'NONE',  ( 1.000000000000000000, 0.000000000000000000, -0.000000000000000000 ) ) ;
#3318 = ORIENTED_EDGE ( 'NONE', *, *, #4976, .T. ) ;
#3319 = ORIENTED_EDGE ( 'NONE', *, *, #6508, .T. ) ;
#3320 = VECTOR ( 'NONE', #8625, 1000.000000000000000 ) ;
#3322 = SURFACE_STYLE_FILL_AREA ( #2256 ) ;
#3321 = CARTESIAN_POINT ( 'NONE',  ( -0.1750000000000000167, 0.7408666514389177227, 2.512987586845043531 ) ) ;
#3323 = DIRECTION ( 'NONE',  ( 0.000000000000000000, 1.000000000000000000, 9.035018104045866996E-16 ) ) ;
#3324 = VERTEX_POINT ( 'NONE', #3833 ) ;
#3325 = ORIENTED_EDGE ( 'NONE', *, *, #4595, .T. ) ;
#3326 = ORIENTED_EDGE ( 'NONE', *, *, #3510, .T. ) ;
#3327 = VERTEX_POINT ( 'NONE', #10067 ) ;
#3328 = AXIS2_PLACEMENT_3D ( 'NONE', #1404, #4981, #587 ) ;
#3329 = VECTOR ( 'NONE', #10100, 1000.000000000000000 ) ;
#3330 = LINE ( 'NONE', #3260, #7203 ) ;
#3331 = EDGE_LOOP ( 'NONE', ( #357, #2515, #6822, #9921, #1510, #6184, #10264 ) ) ;
#3332 = ORIENTED_EDGE ( 'NONE', *, *, #1708, .T. ) ;
#3333 = CARTESIAN_POINT ( 'NONE',  ( -1.764999999999999902, 0.7250000000000001998, 1.525000000000000355 ) ) ;
#3334 = ORIENTED_EDGE ( 'NONE', *, *, #1926, .F. ) ;
#3335 = EDGE_LOOP ( 'NONE', ( #7445, #799, #10268, #10015, #168, #6680, #10605, #8658, #5539, #6664, #4391, #11485, #10209, #1683, #4674 ) ) ;
#3336 = DIRECTION ( 'NONE',  ( 0.000000000000000000, 1.000000000000000000, 0.000000000000000000 ) ) ;
#3337 = ADVANCED_FACE ( 'NONE', ( #1009 ), #9055, .F. ) ;
#3338 = DIRECTION ( 'NONE',  ( 0.000000000000000000, 0.000000000000000000, 1.000000000000000000 ) ) ;
#3339 = CARTESIAN_POINT ( 'NONE',  ( 2.049999999999999822, 0.4099999999999999756, -0.5050000000000004485 ) ) ;
#3340 = DIRECTION ( 'NONE',  ( 1.000000000000000000, 0.000000000000000000, 0.000000000000000000 ) ) ;
#3341 = ORIENTED_EDGE ( 'NONE', *, *, #2715, .T. ) ;
#3342 = DIRECTION ( 'NONE',  ( -0.000000000000000000, 0.7071067811865457964, 0.7071067811865492381 ) ) ;
#3343 = ORIENTED_EDGE ( 'NONE', *, *, #1996, .T. ) ;
#3344 = ORIENTED_EDGE ( 'NONE', *, *, #2439, .T. ) ;
#3345 = ORIENTED_EDGE ( 'NONE', *, *, #943, .T. ) ;
#3346 = LINE ( 'NONE', #11568, #11447 ) ;
#3347 = AXIS2_PLACEMENT_3D ( 'NONE', #3735, #10148, #6456 ) ;
#3348 = LINE ( 'NONE', #6968, #6399 ) ;
#3349 = CARTESIAN_POINT ( 'NONE',  ( -0.1750000000000000167, 0.6865523705165764712, 2.440090270110382598 ) ) ;
#3350 = CIRCLE ( 'NONE', #11476, 0.02499999999999941505 ) ;
#3351 = CARTESIAN_POINT ( 'NONE',  ( 1.175000000000000044, 0.7250000000000001998, 2.492500000000000160 ) ) ;
#3352 = FACE_OUTER_BOUND ( 'NONE', #10789, .T. ) ;
#3353 = SURFACE_STYLE_USAGE ( .BOTH. , #8031 ) ;
#3354 = DIRECTION ( 'NONE',  ( -1.000000000000000000, -0.000000000000000000, -0.000000000000000000 ) ) ;
#3355 = DIRECTION ( 'NONE',  ( -1.000000000000000000, 0.000000000000000000, 1.219727444046192242E-16 ) ) ;
#3356 = LINE ( 'NONE', #10644, #1598 ) ;
#3357 = CARTESIAN_POINT ( 'NONE',  ( 2.254999999999999893, 0.6800000000000001599, 0.3949999999999996292 ) ) ;
#3358 = DIRECTION ( 'NONE',  ( 0.000000000000000000, -1.000000000000000000, 0.000000000000000000 ) ) ;
#3359 = CARTESIAN_POINT ( 'NONE',  ( 0.8250000000000001776, 0.7500000000000002220, 0.3949999999999995182 ) ) ;
#3360 = CARTESIAN_POINT ( 'NONE',  ( -0.8249999999999999556, 0.1000000000000001027, 0.1250000000000005551 ) ) ;
#3361 = ORIENTED_EDGE ( 'NONE', *, *, #8143, .F. ) ;
#3362 = LINE ( 'NONE', #10542, #5983 ) ;
#3363 = CARTESIAN_POINT ( 'NONE',  ( -2.254999999999999449, 0.2900000000000002021, 0.8250000000000005107 ) ) ;
#3364 = LINE ( 'NONE', #5797, #10121 ) ;
#3365 = LINE ( 'NONE', #2430, #3974 ) ;
#3366 = EDGE_LOOP ( 'NONE', ( #3793, #5865, #6276, #9982 ) ) ;
#3367 = DIRECTION ( 'NONE',  ( 0.000000000000000000, 0.000000000000000000, -1.000000000000000000 ) ) ;
#3368 = ORIENTED_EDGE ( 'NONE', *, *, #6771, .F. ) ;
#3369 = EDGE_CURVE ( 'NONE', #11431, #5587, #4797, .T. ) ;
#3370 = CIRCLE ( 'NONE', #9999, 0.06349999872316867966 ) ;
#3371 = VERTEX_POINT ( 'NONE', #3003 ) ;
#3372 = ORIENTED_EDGE ( 'NONE', *, *, #3477, .F. ) ;
#3373 = ADVANCED_FACE ( 'NONE', ( #10936 ), #6616, .F. ) ;
#3375 =( NAMED_UNIT ( * ) PLANE_ANGLE_UNIT ( ) SI_UNIT ( $, .RADIAN. ) );
#3374 = DIRECTION ( 'NONE',  ( -0.000000000000000000, -2.536145432716774083E-16, -1.000000000000000000 ) ) ;
#3376 = CIRCLE ( 'NONE', #3551, 0.2000000000000000944 ) ;
#3377 = DIRECTION ( 'NONE',  ( 0.000000000000000000, -0.2503800040544424399, 0.9681476403781074103 ) ) ;
#3378 = ORIENTED_EDGE ( 'NONE', *, *, #6541, .T. ) ;
#3379 = EDGE_CURVE ( 'NONE', #731, #9307, #71, .T. ) ;
#3380 = ORIENTED_EDGE ( 'NONE', *, *, #3796, .F. ) ;
#3381 = EDGE_CURVE ( 'NONE', #791, #6065, #4005, .T. ) ;
#3382 = PLANE ( 'NONE',  #11604 ) ;
#3383 = EDGE_CURVE ( 'NONE', #4031, #8423, #100, .T. ) ;
#3384 = VECTOR ( 'NONE', #9661, 1000.000000000000000 ) ;
#3385 = VERTEX_POINT ( 'NONE', #11420 ) ;
#3386 = EDGE_LOOP ( 'NONE', ( #7757, #8834, #1537, #9662 ) ) ;
#3387 = DIRECTION ( 'NONE',  ( 0.000000000000000000, 0.000000000000000000, -1.000000000000000000 ) ) ;
#3388 = EDGE_LOOP ( 'NONE', ( #8788, #8468, #11668, #5749 ) ) ;
#3389 = ORIENTED_EDGE ( 'NONE', *, *, #11037, .F. ) ;
#3390 = DIRECTION ( 'NONE',  ( 0.000000000000000000, 1.000000000000000000, -4.336808689942016158E-15 ) ) ;
#3391 = COLOUR_RGB ( '',0.7921568627450980005, 0.8196078431372548767, 0.9333333333333333481 ) ;
#3392 = CARTESIAN_POINT ( 'NONE',  ( -0.3250000000000000111, 0.1000000000000001027, 0.1250000000000005551 ) ) ;
#3393 = ADVANCED_FACE ( 'NONE', ( #6808 ), #8522, .F. ) ;
#3394 = CARTESIAN_POINT ( 'NONE',  ( 0.000000000000000000, 0.1000000000000001305, 0.000000000000000000 ) ) ;
#3395 = ORIENTED_EDGE ( 'NONE', *, *, #7550, .T. ) ;
#3396 = DIRECTION ( 'NONE',  ( -1.000000000000000000, 0.000000000000000000, -1.219727444046192242E-16 ) ) ;
#3397 = ORIENTED_EDGE ( 'NONE', *, *, #2299, .F. ) ;
#3398 = ORIENTED_EDGE ( 'NONE', *, *, #1489, .T. ) ;
#3399 = ORIENTED_EDGE ( 'NONE', *, *, #3524, .F. ) ;
#3400 = CARTESIAN_POINT ( 'NONE',  ( 0.8249999999999999556, 0.4249999987231686815, 2.505000000000000338 ) ) ;
#3401 = CARTESIAN_POINT ( 'NONE',  ( -2.104999999999999982, 1.025000000000116707, 2.624999999999276135 ) ) ;
#3402 = ADVANCED_FACE ( 'NONE', ( #4071 ), #473, .F. ) ;
#3403 = LINE ( 'NONE', #4412, #8718 ) ;
#3404 = DIRECTION ( 'NONE',  ( -1.000000000000000000, -0.000000000000000000, -0.000000000000000000 ) ) ;
#3405 = VECTOR ( 'NONE', #8440, 1000.000000000000000 ) ;
#3406 = DIRECTION ( 'NONE',  ( 0.000000000000000000, 0.000000000000000000, 1.000000000000000000 ) ) ;
#3407 = DIRECTION ( 'NONE',  ( 0.000000000000000000, 0.000000000000000000, 1.000000000000000000 ) ) ;
#3408 = CARTESIAN_POINT ( 'NONE',  ( -1.324999999999999956, 0.07499999999999999722, 0.1250000000000005551 ) ) ;
#3409 = CARTESIAN_POINT ( 'NONE',  ( -1.175000000000000044, 0.7250000000000001998, 2.577500000000000568 ) ) ;
#3410 = LINE ( 'NONE', #6200, #10998 ) ;
#3411 = DIRECTION ( 'NONE',  ( -1.000000000000000000, 0.000000000000000000, 0.000000000000000000 ) ) ;
#3412 = VECTOR ( 'NONE', #11064, 1000.000000000000000 ) ;
#3413 = LINE ( 'NONE', #1525, #7587 ) ;
#3414 = EDGE_LOOP ( 'NONE', ( #2832, #805, #3218, #7689 ) ) ;
#3415 = DIRECTION ( 'NONE',  ( 0.000000000000000000, 0.000000000000000000, 1.000000000000000000 ) ) ;
#3416 = CARTESIAN_POINT ( 'NONE',  ( 1.324999999999999956, 0.08000000000000001554, -0.1749999999999994893 ) ) ;
#3417 = DIRECTION ( 'NONE',  ( -1.000000000000000000, -0.000000000000000000, -1.219727444046192242E-16 ) ) ;
#3418 = ORIENTED_EDGE ( 'NONE', *, *, #8601, .F. ) ;
#3419 = FACE_OUTER_BOUND ( 'NONE', #10632, .T. ) ;
#3420 = COLOUR_RGB ( '',1.000000000000000000, 0.8117647058823529438, 0.5019607843137254832 ) ;
#3421 = CIRCLE ( 'NONE', #788, 0.06349999872316867966 ) ;
#3422 = ORIENTED_EDGE ( 'NONE', *, *, #6633, .F. ) ;
#3423 = FACE_OUTER_BOUND ( 'NONE', #1822, .T. ) ;
#3424 = VECTOR ( 'NONE', #273, 1000.000000000000000 ) ;
#3425 = DIRECTION ( 'NONE',  ( -1.219727444046192242E-16, -4.336808689942016158E-15, -1.000000000000000000 ) ) ;
#3427 = CARTESIAN_POINT ( 'NONE',  ( 0.3250000000000000111, 0.4050000000000000266, -0.07499999999999942824 ) ) ;
#3426 = CARTESIAN_POINT ( 'NONE',  ( 1.324999999999999956, 0.4249999987231686815, 2.441500001276831089 ) ) ;
#3428 = VECTOR ( 'NONE', #3174, 1000.000000000000000 ) ;
#3429 = ORIENTED_EDGE ( 'NONE', *, *, #9170, .T. ) ;
#3430 = CARTESIAN_POINT ( 'NONE',  ( -1.175000000000000044, 0.7250000000000001998, 2.492500000000000160 ) ) ;
#3431 = EDGE_CURVE ( 'NONE', #1053, #6820, #5927, .T. ) ;
#3432 = VECTOR ( 'NONE', #1603, 1000.000000000000000 ) ;
#3433 = ORIENTED_EDGE ( 'NONE', *, *, #4655, .F. ) ;
#3434 = DIRECTION ( 'NONE',  ( 0.000000000000000000, -0.000000000000000000, -1.000000000000000000 ) ) ;
#3435 = VECTOR ( 'NONE', #11132, 1000.000000000000000 ) ;
#3436 = EDGE_CURVE ( 'NONE', #10788, #11156, #7688, .T. ) ;
#3437 = VERTEX_POINT ( 'NONE', #3068 ) ;
#3438 = EDGE_CURVE ( 'NONE', #9307, #5464, #11349, .T. ) ;
#3439 = CARTESIAN_POINT ( 'NONE',  ( -0.6750000000000000444, 0.1000000000000001027, 0.1250000000000005551 ) ) ;
#3440 = VERTEX_POINT ( 'NONE', #346 ) ;
#3441 = ORIENTED_EDGE ( 'NONE', *, *, #1994, .T. ) ;
#3442 = EDGE_CURVE ( 'NONE', #2979, #4021, #9542, .T. ) ;
#3443 = ORIENTED_EDGE ( 'NONE', *, *, #1430, .T. ) ;
#3444 = CARTESIAN_POINT ( 'NONE',  ( -2.049999999999999822, 0.6100000000000000977, -0.2050000000000003209 ) ) ;
#3445 = PLANE ( 'NONE',  #2137 ) ;
#3446 = ORIENTED_EDGE ( 'NONE', *, *, #9541, .T. ) ;
#3447 = EDGE_CURVE ( 'NONE', #4130, #3671, #9601, .T. ) ;
#3448 = ADVANCED_FACE ( 'NONE', ( #8587 ), #3191, .F. ) ;
#3449 = VECTOR ( 'NONE', #1470, 999.9999999999998863 ) ;
#3450 = FACE_OUTER_BOUND ( 'NONE', #5978, .T. ) ;
#3451 = VERTEX_POINT ( 'NONE', #5985 ) ;
#3452 = CARTESIAN_POINT ( 'NONE',  ( 0.1750000000000000167, 0.1000000000000001305, -0.07500000000000003886 ) ) ;
#3453 = EDGE_LOOP ( 'NONE', ( #2820, #10081, #2946, #8981 ) ) ;
#3454 = VECTOR ( 'NONE', #1138, 1000.000000000000000 ) ;
#3455 = VERTEX_POINT ( 'NONE', #7561 ) ;
#3456 = EDGE_LOOP ( 'NONE', ( #4304, #8470, #11185, #7921 ) ) ;
#3457 = PLANE ( 'NONE',  #8809 ) ;
#3458 = PRESENTATION_STYLE_ASSIGNMENT (( #9812 ) ) ;
#3459 = CARTESIAN_POINT ( 'NONE',  ( 2.254999999999999449, 1.050000000000000044, 0.2950000000000000400 ) ) ;
#3460 = CIRCLE ( 'NONE', #10653, 0.1499999999999999667 ) ;
#3461 = CARTESIAN_POINT ( 'NONE',  ( -2.104999999999999538, 0.9000000000000002442, -0.07499999999999998335 ) ) ;
#3462 = CARTESIAN_POINT ( 'NONE',  ( 1.175000000000000044, 0.4050000000000000266, -0.07499999999999942824 ) ) ;
#3463 = PLANE ( 'NONE',  #80 ) ;
#3464 = ORIENTED_EDGE ( 'NONE', *, *, #710, .T. ) ;
#3465 = DIRECTION ( 'NONE',  ( 0.000000000000000000, 1.000000000000000000, 1.999553186960971874E-15 ) ) ;
#3466 = AXIS2_PLACEMENT_3D ( 'NONE', #8960, #3611, #1619 ) ;
#3467 = CARTESIAN_POINT ( 'NONE',  ( -0.1749999999999998224, 0.6800000000000001599, 0.4949999999999995515 ) ) ;
#3468 = CARTESIAN_POINT ( 'NONE',  ( -1.665000000000000480, 0.4099999999999999756, 0.8250000000000003997 ) ) ;
#3469 = MECHANICAL_DESIGN_GEOMETRIC_PRESENTATION_REPRESENTATION (  '', ( #9893 ), #3645 ) ;
#3470 = VECTOR ( 'NONE', #993, 1000.000000000000000 ) ;
#3471 = DIRECTION ( 'NONE',  ( 0.000000000000000000, 0.000000000000000000, -1.000000000000000000 ) ) ;
#3472 = CARTESIAN_POINT ( 'NONE',  ( 0.3250000000000000111, 0.3350000000000001310, 2.709999999999999964 ) ) ;
#3473 = ORIENTED_EDGE ( 'NONE', *, *, #4905, .T. ) ;
#3474 = FACE_OUTER_BOUND ( 'NONE', #860, .T. ) ;
#3475 = DIRECTION ( 'NONE',  ( 1.000000000000000000, 0.000000000000000000, 6.570922257487897174E-16 ) ) ;
#3476 = VECTOR ( 'NONE', #5860, 1000.000000000000000 ) ;
#3477 = EDGE_CURVE ( 'NONE', #595, #308, #8708, .T. ) ;
#3478 = ORIENTED_EDGE ( 'NONE', *, *, #7721, .T. ) ;
#3479 = PLANE ( 'NONE',  #10983 ) ;
#3480 = ORIENTED_EDGE ( 'NONE', *, *, #10557, .T. ) ;
#3481 = DIRECTION ( 'NONE',  ( -1.000000000000000000, -0.000000000000000000, -0.000000000000000000 ) ) ;
#3482 = VECTOR ( 'NONE', #11403, 1000.000000000000000 ) ;
#3483 = EDGE_CURVE ( 'NONE', #2164, #10527, #3946, .T. ) ;
#3484 = ORIENTED_EDGE ( 'NONE', *, *, #6554, .F. ) ;
#3485 = ORIENTED_EDGE ( 'NONE', *, *, #5605, .T. ) ;
#3486 = PLANE ( 'NONE',  #10879 ) ;
#3487 = VECTOR ( 'NONE', #10011, 1000.000000000000000 ) ;
#3488 = CARTESIAN_POINT ( 'NONE',  ( 0.8249999999999999556, 0.07499999999999999722, 0.1250000000000005551 ) ) ;
#3489 = PLANE ( 'NONE',  #5570 ) ;
#3490 = ORIENTED_EDGE ( 'NONE', *, *, #2637, .F. ) ;
#3491 = DIRECTION ( 'NONE',  ( 0.000000000000000000, -1.000000000000000000, 2.442094990785125153E-16 ) ) ;
#3492 = VECTOR ( 'NONE', #6801, 1000.000000000000000 ) ;
#3493 = VERTEX_POINT ( 'NONE', #7817 ) ;
#3494 = ORIENTED_EDGE ( 'NONE', *, *, #6948, .F. ) ;
#3495 = ADVANCED_FACE ( 'NONE', ( #3130 ), #5737, .F. ) ;
#3496 = VECTOR ( 'NONE', #8421, 1000.000000000000000 ) ;
#3497 = VECTOR ( 'NONE', #7410, 1000.000000000000000 ) ;
#3498 = ORIENTED_EDGE ( 'NONE', *, *, #1081, .T. ) ;
#3499 = ORIENTED_EDGE ( 'NONE', *, *, #10275, .F. ) ;
#3500 = CARTESIAN_POINT ( 'NONE',  ( -1.175000000000000044, 0.1000000000000001027, 0.1250000000000005551 ) ) ;
#3501 = VERTEX_POINT ( 'NONE', #2187 ) ;
#3502 = ORIENTED_EDGE ( 'NONE', *, *, #9481, .F. ) ;
#3503 = LINE ( 'NONE', #7116, #1881 ) ;
#3504 = DIRECTION ( 'NONE',  ( 0.000000000000000000, 1.000000000000000000, 0.000000000000000000 ) ) ;
#3505 = ORIENTED_EDGE ( 'NONE', *, *, #126, .T. ) ;
#3506 = VECTOR ( 'NONE', #6710, 1000.000000000000000 ) ;
#3507 = ORIENTED_EDGE ( 'NONE', *, *, #1116, .T. ) ;
#3508 = LINE ( 'NONE', #8795, #1358 ) ;
#3509 = EDGE_CURVE ( 'NONE', #7232, #5343, #5801, .T. ) ;
#3510 = EDGE_CURVE ( 'NONE', #8328, #4203, #4922, .T. ) ;
#3511 = EDGE_CURVE ( 'NONE', #8196, #8936, #1353, .T. ) ;
#3512 = EDGE_LOOP ( 'NONE', ( #10850, #11419, #3507, #6911, #1830, #10422, #7501 ) ) ;
#3513 = ORIENTED_EDGE ( 'NONE', *, *, #9004, .T. ) ;
#3514 = CARTESIAN_POINT ( 'NONE',  ( -0.3250000000000000111, 0.6800000000000001599, 0.4949999999999995515 ) ) ;
#3515 = CIRCLE ( 'NONE', #5419, 0.04999999999999991257 ) ;
#3516 = DIRECTION ( 'NONE',  ( 0.000000000000000000, 0.000000000000000000, 1.000000000000000000 ) ) ;
#3517 = DIRECTION ( 'NONE',  ( -1.000000000000000000, -0.000000000000000000, -0.000000000000000000 ) ) ;
#3518 = DIRECTION ( 'NONE',  ( 0.000000000000000000, 1.000000000000000000, 0.000000000000000000 ) ) ;
#3519 = DIRECTION ( 'NONE',  ( -1.000000000000000000, -0.000000000000000000, -0.000000000000000000 ) ) ;
#3520 = CARTESIAN_POINT ( 'NONE',  ( 0.3250000000000000111, 0.4249999987231686815, 2.505000000000000338 ) ) ;
#3521 = EDGE_CURVE ( 'NONE', #6809, #8872, #6986, .T. ) ;
#3522 = CARTESIAN_POINT ( 'NONE',  ( -0.6750000000000000444, 0.08000000000000000167, -0.1749999999999994893 ) ) ;
#3523 = LINE ( 'NONE', #3467, #4556 ) ;
#3524 = EDGE_CURVE ( 'NONE', #7088, #5578, #11423, .T. ) ;
#3525 = PLANE ( 'NONE',  #254 ) ;
#3526 = DIRECTION ( 'NONE',  ( 0.000000000000000000, -0.4461978131098036093, 0.8949343616020276615 ) ) ;
#3527 = DIRECTION ( 'NONE',  ( 0.000000000000000000, -1.000000000000000000, -9.035018104045865024E-16 ) ) ;
#3528 = STYLED_ITEM ( 'NONE', ( #9520 ), #408 ) ;
#3529 = CARTESIAN_POINT ( 'NONE',  ( 1.324999999999999956, 0.4249999987231686815, 2.441500001276831089 ) ) ;
#3530 = CARTESIAN_POINT ( 'NONE',  ( -2.104999999999999538, 0.8134073820189092752, 0.7731575003791745226 ) ) ;
#3531 = LINE ( 'NONE', #2643, #2739 ) ;
#3532 = CARTESIAN_POINT ( 'NONE',  ( 1.324999999999999956, 8.735352324927245566E-18, 0.1500000000000005496 ) ) ;
#3533 = ORIENTED_EDGE ( 'NONE', *, *, #9689, .F. ) ;
#3534 = DIRECTION ( 'NONE',  ( 0.000000000000000000, 0.000000000000000000, 1.000000000000000000 ) ) ;
#3535 = EDGE_CURVE ( 'NONE', #3771, #7957, #5389, .T. ) ;
#3536 = CARTESIAN_POINT ( 'NONE',  ( 2.104999999999999982, 0.7249999999999575673, 2.154999999999999805 ) ) ;
#3537 = EDGE_CURVE ( 'NONE', #2632, #2922, #11528, .T. ) ;
#3538 = CARTESIAN_POINT ( 'NONE',  ( -1.175000000000000044, 8.735352324927245566E-18, 0.1500000000000005496 ) ) ;
#3539 = PLANE ( 'NONE',  #6392 ) ;
#3540 = ORIENTED_EDGE ( 'NONE', *, *, #10548, .T. ) ;
#3541 = CARTESIAN_POINT ( 'NONE',  ( 0.6750000000000000444, 0.6800000000000001599, 0.4449999999999996736 ) ) ;
#3542 = PLANE ( 'NONE',  #5695 ) ;
#3543 = FACE_OUTER_BOUND ( 'NONE', #3028, .T. ) ;
#3544 = ORIENTED_EDGE ( 'NONE', *, *, #7000, .T. ) ;
#3545 = CARTESIAN_POINT ( 'NONE',  ( 2.254999999999999893, 0.5300000000000002487, 0.3949999999999996847 ) ) ;
#3546 = ADVANCED_FACE ( 'NONE', ( #3419 ), #2484, .F. ) ;
#3547 = LINE ( 'NONE', #16, #5855 ) ;
#3548 = EDGE_LOOP ( 'NONE', ( #9841, #229, #10660, #9622 ) ) ;
#3549 = CARTESIAN_POINT ( 'NONE',  ( 0.8249999999999999556, 0.1000000000000001027, 0.1250000000000005551 ) ) ;
#3550 = EDGE_LOOP ( 'NONE', ( #7692, #5733, #6750, #2511 ) ) ;
#3551 = AXIS2_PLACEMENT_3D ( 'NONE', #6572, #2068, #7391 ) ;
#3552 = ORIENTED_EDGE ( 'NONE', *, *, #6866, .T. ) ;
#3553 = CARTESIAN_POINT ( 'NONE',  ( 1.175000000000000044, 0.3615000000000000990, 2.125000000000000000 ) ) ;
#3554 = CARTESIAN_POINT ( 'NONE',  ( 0.3250000000000000111, 0.3800000000000000044, -0.1749999999999994060 ) ) ;
#3555 = ORIENTED_EDGE ( 'NONE', *, *, #1345, .F. ) ;
#3556 = VECTOR ( 'NONE', #4272, 1000.000000000000000 ) ;
#3557 = CARTESIAN_POINT ( 'NONE',  ( -0.6750000000000000444, 0.4249999987231686815, 2.441500001276831089 ) ) ;
#3558 = ADVANCED_FACE ( 'NONE', ( #829 ), #8997, .F. ) ;
#3559 = EDGE_LOOP ( 'NONE', ( #4006, #10667, #7531, #6094 ) ) ;
#3560 = DIRECTION ( 'NONE',  ( 0.000000000000000000, -0.000000000000000000, -1.000000000000000000 ) ) ;
#3561 = ORIENTED_EDGE ( 'NONE', *, *, #4190, .F. ) ;
#3562 = CARTESIAN_POINT ( 'NONE',  ( -2.254999999999999893, 0.02499999999999986261, 2.224999999999276667 ) ) ;
#3563 = DIRECTION ( 'NONE',  ( 0.000000000000000000, 1.000000000000000000, 1.921950934117575390E-16 ) ) ;
#3564 = ORIENTED_EDGE ( 'NONE', *, *, #566, .F. ) ;
#3565 = EDGE_LOOP ( 'NONE', ( #2207, #8681, #10449, #2446 ) ) ;
#3566 = DIRECTION ( 'NONE',  ( -0.000000000000000000, -0.000000000000000000, 1.000000000000000000 ) ) ;
#3567 = AXIS2_PLACEMENT_3D ( 'NONE', #10795, #4286, #10857 ) ;
#3568 = CARTESIAN_POINT ( 'NONE',  ( -1.764999999999999902, 0.8250000000000001776, 2.683578643762690508 ) ) ;
#3569 = LINE ( 'NONE', #2797, #10076 ) ;
#3570 = CARTESIAN_POINT ( 'NONE',  ( 0.6750000000000000444, 0.7250000000000001998, 2.492500000000000160 ) ) ;
#3571 = CLOSED_SHELL ( 'NONE', ( #9460, #8951, #9215, #322, #3957, #758 ) ) ;
#3572 = CARTESIAN_POINT ( 'NONE',  ( -0.1750000000000000167, 0.03000000000000000930, -0.1749999999999994615 ) ) ;
#3573 = ADVANCED_FACE ( 'NONE', ( #5279 ), #10655, .F. ) ;
#3574 = CARTESIAN_POINT ( 'NONE',  ( 0.6750000000000000444, 0.08000000000000000167, -0.1749999999999994893 ) ) ;
#3575 = DIRECTION ( 'NONE',  ( -1.000000000000000000, -0.000000000000000000, -0.000000000000000000 ) ) ;
#3576 = FACE_OUTER_BOUND ( 'NONE', #2720, .T. ) ;
#3577 = EDGE_CURVE ( 'NONE', #160, #10156, #2539, .T. ) ;
#3578 = EDGE_CURVE ( 'NONE', #3107, #7334, #8878, .T. ) ;
#3579 = DIRECTION ( 'NONE',  ( -0.000000000000000000, 1.000000000000000000, 0.000000000000000000 ) ) ;
#3580 = FILL_AREA_STYLE_COLOUR ( '', #11589 ) ;
#3581 = CARTESIAN_POINT ( 'NONE',  ( -0.1750000000000000167, 8.735352324927245566E-18, 0.1500000000000005496 ) ) ;
#3582 = EDGE_CURVE ( 'NONE', #10382, #1906, #11592, .T. ) ;
#3583 = FACE_OUTER_BOUND ( 'NONE', #1495, .T. ) ;
#3584 = DIRECTION ( 'NONE',  ( 1.178166239237771590E-16, 0.2588190451025211836, -0.9659258262890682012 ) ) ;
#3585 = EDGE_CURVE ( 'NONE', #6058, #2729, #3, .T. ) ;
#3586 = CARTESIAN_POINT ( 'NONE',  ( -0.1750000000000000167, 0.6910569165342943521, 2.517345373982429635 ) ) ;
#3587 = VECTOR ( 'NONE', #3563, 1000.000000000000000 ) ;
#3588 = PRESENTATION_LAYER_ASSIGNMENT (  '', '', ( #778 ) ) ;
#3589 = AXIS2_PLACEMENT_3D ( 'NONE', #8833, #3254, #3140 ) ;
#3590 = EDGE_CURVE ( 'NONE', #1208, #378, #9701, .T. ) ;
#3591 = ORIENTED_EDGE ( 'NONE', *, *, #1418, .T. ) ;
#3592 = LINE ( 'NONE', #7207, #691 ) ;
#3593 = PLANE ( 'NONE',  #1132 ) ;
#3594 = CARTESIAN_POINT ( 'NONE',  ( 1.324999999999999956, 0.07500000000000001110, 0.1500000000000005496 ) ) ;
#3595 = ORIENTED_EDGE ( 'NONE', *, *, #6934, .F. ) ;
#3596 = DIRECTION ( 'NONE',  ( -1.000000000000000000, -0.000000000000000000, -0.000000000000000000 ) ) ;
#3597 =( NAMED_UNIT ( * ) SI_UNIT ( $, .STERADIAN. ) SOLID_ANGLE_UNIT ( ) );
#3598 = COLOUR_RGB ( '',1.000000000000000000, 0.8117647058823529438, 0.5019607843137254832 ) ;
#3599 = AXIS2_PLACEMENT_3D ( 'NONE', #4660, #8269, #2887 ) ;
#3600 = ORIENTED_EDGE ( 'NONE', *, *, #5133, .F. ) ;
#3601 = LINE ( 'NONE', #2605, #6488 ) ;
#3602 = EDGE_LOOP ( 'NONE', ( #5301, #3341, #8896, #604, #6003, #660, #10497, #966, #2027, #958, #1425, #8290, #411, #7103, #2542 ) ) ;
#3603 = CYLINDRICAL_SURFACE ( 'NONE', #3810, 0.05000000000003655687 ) ;
#3604 = VERTEX_POINT ( 'NONE', #4652 ) ;
#3605 = AXIS2_PLACEMENT_3D ( 'NONE', #6143, #755, #8034 ) ;
#3606 = AXIS2_PLACEMENT_3D ( 'NONE', #165, #7450, #10066 ) ;
#3607 = EDGE_LOOP ( 'NONE', ( #2622, #10906, #7830, #5410, #7887, #4821, #670 ) ) ;
#3608 = LINE ( 'NONE', #8061, #7146 ) ;
#3609 = ORIENTED_EDGE ( 'NONE', *, *, #10230, .F. ) ;
#3610 = DIRECTION ( 'NONE',  ( 0.000000000000000000, 1.000000000000000000, 0.000000000000000000 ) ) ;
#3611 = DIRECTION ( 'NONE',  ( -1.000000000000000000, -0.000000000000000000, -0.000000000000000000 ) ) ;
#3612 = ORIENTED_EDGE ( 'NONE', *, *, #8629, .T. ) ;
#3613 = EDGE_LOOP ( 'NONE', ( #1196, #10804, #1025, #1143 ) ) ;
#3614 = AXIS2_PLACEMENT_3D ( 'NONE', #5707, #5535, #1206 ) ;
#3615 = LINE ( 'NONE', #1079, #2112 ) ;
#3616 = ORIENTED_EDGE ( 'NONE', *, *, #943, .F. ) ;
#3617 = VECTOR ( 'NONE', #7910, 1000.000000000000000 ) ;
#3618 = FACE_OUTER_BOUND ( 'NONE', #241, .T. ) ;
#3619 = AXIS2_PLACEMENT_3D ( 'NONE', #4636, #2748, #10963 ) ;
#3620 = VERTEX_POINT ( 'NONE', #8261 ) ;
#3621 = DIRECTION ( 'NONE',  ( -0.000000000000000000, 1.000000000000000000, -0.000000000000000000 ) ) ;
#3622 = PLANE ( 'NONE',  #5775 ) ;
#3623 = VECTOR ( 'NONE', #7439, 1000.000000000000000 ) ;
#3624 = DIRECTION ( 'NONE',  ( -1.000000000000000000, -0.000000000000000000, -0.000000000000000000 ) ) ;
#3625 = AXIS2_PLACEMENT_3D ( 'NONE', #1865, #2757, #8255 ) ;
#3626 = FACE_OUTER_BOUND ( 'NONE', #9791, .T. ) ;
#3627 = ORIENTED_EDGE ( 'NONE', *, *, #4096, .T. ) ;
#3628 = CARTESIAN_POINT ( 'NONE',  ( 0.3250000000000000111, 0.3615000000000000990, 2.125000000000000000 ) ) ;
#3629 = ORIENTED_EDGE ( 'NONE', *, *, #2221, .F. ) ;
#3630 = DIRECTION ( 'NONE',  ( -1.000000000000000000, 0.000000000000000000, -0.000000000000000000 ) ) ;
#3631 = DIRECTION ( 'NONE',  ( -1.000000000000000000, -0.000000000000000000, -0.000000000000000000 ) ) ;
#3632 = LINE ( 'NONE', #11685, #4236 ) ;
#3633 = VECTOR ( 'NONE', #5187, 1000.000000000000000 ) ;
#3634 = COLOUR_RGB ( '',1.000000000000000000, 0.8117647058823529438, 0.5019607843137254832 ) ;
#3635 = EDGE_CURVE ( 'NONE', #7155, #4830, #7373, .T. ) ;
#3636 = CARTESIAN_POINT ( 'NONE',  ( -0.8249999999999999556, 0.7408666514389177227, 2.512987586845043531 ) ) ;
#3637 = LINE ( 'NONE', #5653, #9525 ) ;
#3638 = CARTESIAN_POINT ( 'NONE',  ( -1.175000000000000044, -1.203706215242022408E-32, -0.1249999999999994588 ) ) ;
#3639 = AXIS2_PLACEMENT_3D ( 'NONE', #6978, #2588, #9652 ) ;
#3640 = LINE ( 'NONE', #939, #1414 ) ;
#3641 = LINE ( 'NONE', #7259, #10096 ) ;
#3642 = VECTOR ( 'NONE', #736, 999.9999999999998863 ) ;
#3643 = ADVANCED_FACE ( 'NONE', ( #6378 ), #10982, .F. ) ;
#3644 = CARTESIAN_POINT ( 'NONE',  ( 0.8250000000000001776, 0.6800000000000001599, 0.4949999999999995515 ) ) ;
#3645 =( GEOMETRIC_REPRESENTATION_CONTEXT ( 3 ) GLOBAL_UNCERTAINTY_ASSIGNED_CONTEXT ( ( #876 ) ) GLOBAL_UNIT_ASSIGNED_CONTEXT ( ( #7680, #10412, #4856 ) ) REPRESENTATION_CONTEXT ( 'NONE', 'WORKASPACE' ) );
#3646 = FACE_OUTER_BOUND ( 'NONE', #7896, .T. ) ;
#3647 = ORIENTED_EDGE ( 'NONE', *, *, #1641, .F. ) ;
#3648 = CARTESIAN_POINT ( 'NONE',  ( 2.254999999999999449, 0.9000000000000002442, -0.07499999999999998335 ) ) ;
#3649 = EDGE_CURVE ( 'NONE', #3857, #5508, #275, .T. ) ;
#3650 = CARTESIAN_POINT ( 'NONE',  ( 2.104999999999999538, 0.5329422863405998134, 0.2449999999999999956 ) ) ;
#3651 = EDGE_CURVE ( 'NONE', #404, #11297, #10120, .T. ) ;
#3652 = VECTOR ( 'NONE', #7603, 1000.000000000000000 ) ;
#3653 = EDGE_CURVE ( 'NONE', #10152, #10507, #4708, .T. ) ;
#3654 = EDGE_CURVE ( 'NONE', #10424, #919, #6549, .T. ) ;
#3655 = AXIS2_PLACEMENT_3D ( 'NONE', #1831, #8109, #6275 ) ;
#3656 = CARTESIAN_POINT ( 'NONE',  ( -0.1750000000000000167, 0.4249999987231687371, 2.517714491643439079 ) ) ;
#3657 = CARTESIAN_POINT ( 'NONE',  ( -0.6750000000000000444, 0.07500000000000001110, 0.1500000000000005496 ) ) ;
#3658 = DIRECTION ( 'NONE',  ( 1.000000000000000000, -0.000000000000000000, -1.219727444046192242E-16 ) ) ;
#3659 = ORIENTED_EDGE ( 'NONE', *, *, #3679, .F. ) ;
#3660 = DIRECTION ( 'NONE',  ( 0.000000000000000000, -0.000000000000000000, 1.000000000000000000 ) ) ;
#3661 = CARTESIAN_POINT ( 'NONE',  ( 0.8249999999999999556, 0.7250000000000001998, 2.492500000000000160 ) ) ;
#3662 = VECTOR ( 'NONE', #10703, 1000.000000000000000 ) ;
#3663 = ADVANCED_FACE ( 'NONE', ( #6320 ), #9106, .T. ) ;
#3664 = ORIENTED_EDGE ( 'NONE', *, *, #1461, .F. ) ;
#3665 = CARTESIAN_POINT ( 'NONE',  ( 0.3250000000000000111, 0.4050000000000000266, -0.07499999999999942824 ) ) ;
#3666 = VERTEX_POINT ( 'NONE', #4594 ) ;
#3667 = ORIENTED_EDGE ( 'NONE', *, *, #8727, .F. ) ;
#3668 = PLANE ( 'NONE',  #11422 ) ;
#3669 = DIRECTION ( 'NONE',  ( 0.000000000000000000, 0.000000000000000000, 1.000000000000000000 ) ) ;
#3670 =( GEOMETRIC_REPRESENTATION_CONTEXT ( 3 ) GLOBAL_UNCERTAINTY_ASSIGNED_CONTEXT ( ( #3295 ) ) GLOBAL_UNIT_ASSIGNED_CONTEXT ( ( #3747, #9823, #11081 ) ) REPRESENTATION_CONTEXT ( 'NONE', 'WORKASPACE' ) );
#3671 = VERTEX_POINT ( 'NONE', #8208 ) ;
#3672 = ORIENTED_EDGE ( 'NONE', *, *, #4837, .F. ) ;
#3673 = DIRECTION ( 'NONE',  ( -1.000000000000000000, -0.000000000000000000, -0.000000000000000000 ) ) ;
#3674 = LINE ( 'NONE', #4394, #10086 ) ;
#3675 = ORIENTED_EDGE ( 'NONE', *, *, #517, .F. ) ;
#3676 = ORIENTED_EDGE ( 'NONE', *, *, #4469, .T. ) ;
#3677 = LINE ( 'NONE', #5632, #4185 ) ;
#3678 = ORIENTED_EDGE ( 'NONE', *, *, #164, .T. ) ;
#3679 = EDGE_CURVE ( 'NONE', #7989, #11234, #5168, .T. ) ;
#3680 = AXIS2_PLACEMENT_3D ( 'NONE', #11534, #7054, #5288 ) ;
#3681 = AXIS2_PLACEMENT_3D ( 'NONE', #7144, #9940, #6152 ) ;
#3682 = CARTESIAN_POINT ( 'NONE',  ( 2.254999999999999449, 0.7500000000000001110, -0.004999999999999991430 ) ) ;
#3683 = DIRECTION ( 'NONE',  ( -0.000000000000000000, 1.000000000000000000, 0.000000000000000000 ) ) ;
#3684 = ORIENTED_EDGE ( 'NONE', *, *, #5218, .T. ) ;
#3685 = CARTESIAN_POINT ( 'NONE',  ( 1.324999999999999956, 0.1000000000000001027, 0.1250000000000005551 ) ) ;
#3686 = DIRECTION ( 'NONE',  ( 0.000000000000000000, -1.000000000000000000, -0.000000000000000000 ) ) ;
#3687 = EDGE_CURVE ( 'NONE', #2729, #11664, #5089, .T. ) ;
#3688 = ORIENTED_EDGE ( 'NONE', *, *, #6621, .T. ) ;
#3689 = EDGE_LOOP ( 'NONE', ( #11111, #8247, #8022, #8424 ) ) ;
#3690 = DIRECTION ( 'NONE',  ( -1.000000000000000000, 0.000000000000000000, 0.000000000000000000 ) ) ;
#3691 = AXIS2_PLACEMENT_3D ( 'NONE', #3514, #10745, #8909 ) ;
#3692 = DIRECTION ( 'NONE',  ( 1.000000000000000000, 0.000000000000000000, 0.000000000000000000 ) ) ;
#3693 = ORIENTED_EDGE ( 'NONE', *, *, #2331, .T. ) ;
#3694 = CARTESIAN_POINT ( 'NONE',  ( 0.6750000000000000444, 0.1000000000000001027, 0.1250000000000005551 ) ) ;
#3695 = PLANE ( 'NONE',  #4601 ) ;
#3696 = CARTESIAN_POINT ( 'NONE',  ( 2.254999999999999449, 0.8150000000000001688, 0.2450000000000000511 ) ) ;
#3697 = AXIS2_PLACEMENT_3D ( 'NONE', #1763, #10000, #7980 ) ;
#3698 = ORIENTED_EDGE ( 'NONE', *, *, #8271, .F. ) ;
#3699 = CARTESIAN_POINT ( 'NONE',  ( 1.324999999999999956, 0.07499999999999999722, 0.1250000000000005551 ) ) ;
#3700 =( NAMED_UNIT ( * ) SI_UNIT ( $, .STERADIAN. ) SOLID_ANGLE_UNIT ( ) );
#3701 = CARTESIAN_POINT ( 'NONE',  ( -1.175000000000000044, 0.6865523705165764712, 2.440090270110382598 ) ) ;
#3702 = DIRECTION ( 'NONE',  ( 0.000000000000000000, -1.000000000000000000, 0.000000000000000000 ) ) ;
#3703 = CARTESIAN_POINT ( 'NONE',  ( -2.104999999999999538, 1.050000000000000044, 1.149999999999277156 ) ) ;
#3704 = DIRECTION ( 'NONE',  ( 0.000000000000000000, -0.000000000000000000, -1.000000000000000000 ) ) ;
#3705 = FACE_OUTER_BOUND ( 'NONE', #9771, .T. ) ;
#3706 = DIRECTION ( 'NONE',  ( 0.000000000000000000, 0.000000000000000000, 1.000000000000000000 ) ) ;
#3707 = LINE ( 'NONE', #6425, #9682 ) ;
#3708 = ADVANCED_FACE ( 'NONE', ( #1398 ), #6793, .F. ) ;
#3709 = LINE ( 'NONE', #11646, #11504 ) ;
#3710 = VECTOR ( 'NONE', #2083, 1000.000000000000000 ) ;
#3711 = CARTESIAN_POINT ( 'NONE',  ( 0.8249999999999999556, 0.4249999987231687371, 2.517714491643439079 ) ) ;
#3712 = LINE ( 'NONE', #7324, #1798 ) ;
#3713 = AXIS2_PLACEMENT_3D ( 'NONE', #2171, #386, #6670 ) ;
#3714 = ORIENTED_EDGE ( 'NONE', *, *, #2928, .T. ) ;
#3715 = CARTESIAN_POINT ( 'NONE',  ( -2.254999999999999893, 0.7499999999999573674, 2.124999999999999556 ) ) ;
#3716 = SURFACE_STYLE_FILL_AREA ( #9899 ) ;
#3717 = EDGE_CURVE ( 'NONE', #4988, #8455, #2685, .T. ) ;
#3718 = EDGE_CURVE ( 'NONE', #3327, #7903, #8504, .T. ) ;
#3719 = DIRECTION ( 'NONE',  ( 0.000000000000000000, 0.000000000000000000, 1.000000000000000000 ) ) ;
#3720 = ORIENTED_EDGE ( 'NONE', *, *, #8393, .F. ) ;
#3721 = ORIENTED_EDGE ( 'NONE', *, *, #2538, .F. ) ;
#3722 = DIRECTION ( 'NONE',  ( 0.000000000000000000, 0.000000000000000000, -1.000000000000000000 ) ) ;
#3723 = EDGE_CURVE ( 'NONE', #3371, #731, #3991, .T. ) ;
#3724 = EDGE_LOOP ( 'NONE', ( #2021, #5122, #1291, #9051 ) ) ;
#3725 = DIRECTION ( 'NONE',  ( 0.000000000000000000, 0.000000000000000000, 1.000000000000000000 ) ) ;
#3726 = EDGE_CURVE ( 'NONE', #5757, #7579, #6674, .T. ) ;
#3727 = DIRECTION ( 'NONE',  ( -1.000000000000000000, -0.000000000000000000, -0.000000000000000000 ) ) ;
#3728 = ADVANCED_FACE ( 'NONE', ( #7608 ), #6023, .T. ) ;
#3729 = EDGE_CURVE ( 'NONE', #1972, #9810, #3054, .T. ) ;
#3730 = VERTEX_POINT ( 'NONE', #460 ) ;
#3731 = CARTESIAN_POINT ( 'NONE',  ( 0.1750000000000000167, 0.07499999999999999722, 0.1250000000000005551 ) ) ;
#3732 = ORIENTED_EDGE ( 'NONE', *, *, #11479, .T. ) ;
#3733 = LINE ( 'NONE', #6519, #6309 ) ;
#3734 = SURFACE_STYLE_FILL_AREA ( #10903 ) ;
#3735 = CARTESIAN_POINT ( 'NONE',  ( 1.324999999999999956, 0.6865523705165764712, 2.440090270110382598 ) ) ;
#3736 = ORIENTED_EDGE ( 'NONE', *, *, #3871, .T. ) ;
#3737 = FACE_OUTER_BOUND ( 'NONE', #5826, .T. ) ;
#3738 = CARTESIAN_POINT ( 'NONE',  ( -2.049999999999999822, 0.7500000000000002220, 0.5949999999999996403 ) ) ;
#3739 = ORIENTED_EDGE ( 'NONE', *, *, #10737, .T. ) ;
#3740 = EDGE_LOOP ( 'NONE', ( #4836, #8640, #9374, #1318 ) ) ;
#3741 = DIRECTION ( 'NONE',  ( -1.219727444046192242E-16, 1.921950934117575143E-16, -1.000000000000000000 ) ) ;
#3742 = ADVANCED_FACE ( 'NONE', ( #4911 ), #2297, .F. ) ;
#3743 = CARTESIAN_POINT ( 'NONE',  ( -1.684999999999999831, 0.1000000000000001305, -0.07500000000000003886 ) ) ;
#3744 = ORIENTED_EDGE ( 'NONE', *, *, #4829, .F. ) ;
#3745 = CARTESIAN_POINT ( 'NONE',  ( 0.000000000000000000, 0.8950000000000001288, 0.000000000000000000 ) ) ;
#3746 = LINE ( 'NONE', #7421, #1060 ) ;
#3747 =( LENGTH_UNIT ( ) NAMED_UNIT ( * ) SI_UNIT ( .MILLI., .METRE. ) );
#3748 = AXIS2_PLACEMENT_3D ( 'NONE', #4225, #7598, #1512 ) ;
#3749 = CLOSED_SHELL ( 'NONE', ( #8433, #5409, #3152, #5052, #6686, #4898 ) ) ;
#3750 = CARTESIAN_POINT ( 'NONE',  ( 2.500000000000000444, 0.05000000000000012768, -0.07500000000000003886 ) ) ;
#3751 = ORIENTED_EDGE ( 'NONE', *, *, #10208, .F. ) ;
#3752 = CARTESIAN_POINT ( 'NONE',  ( 2.049999999999999822, 0.4099999999999999756, 0.5949999999999996403 ) ) ;
#3753 = CARTESIAN_POINT ( 'NONE',  ( -2.104999999999999982, 0.09044228633934728312, 2.158349364905389312 ) ) ;
#3754 = CARTESIAN_POINT ( 'NONE',  ( -1.324999999999999956, 0.3615000000000000990, 2.125000000000000000 ) ) ;
#3755 = CARTESIAN_POINT ( 'NONE',  ( -0.6750000000000000444, 0.1000000000000001305, -0.07500000000000003886 ) ) ;
#3756 = LINE ( 'NONE', #5493, #2857 ) ;
#3757 = EDGE_LOOP ( 'NONE', ( #8432, #6573, #10322, #1682 ) ) ;
#3758 = CARTESIAN_POINT ( 'NONE',  ( -1.764999999999999902, 0.3350000000000001310, 1.525000000000000355 ) ) ;
#3759 = AXIS2_PLACEMENT_3D ( 'NONE', #8276, #9908, #1833 ) ;
#3760 = DIRECTION ( 'NONE',  ( -1.000000000000000000, 0.000000000000000000, 1.219727444046192242E-16 ) ) ;
#3761 = AXIS2_PLACEMENT_3D ( 'NONE', #7947, #9802, #10786 ) ;
#3762 = ORIENTED_EDGE ( 'NONE', *, *, #9285, .F. ) ;
#3763 = CARTESIAN_POINT ( 'NONE',  ( 0.6750000000000000444, 0.6800000000000001599, 0.8249999999999999556 ) ) ;
#3764 = LINE ( 'NONE', #2116, #7483 ) ;
#3765 = DIRECTION ( 'NONE',  ( 0.000000000000000000, -0.000000000000000000, 1.000000000000000000 ) ) ;
#3766 = ORIENTED_EDGE ( 'NONE', *, *, #4513, .T. ) ;
#3767 = DIRECTION ( 'NONE',  ( -1.000000000000000000, 0.000000000000000000, -1.219727444046192242E-16 ) ) ;
#3768 = DIRECTION ( 'NONE',  ( -1.000000000000000000, 0.000000000000000000, -0.000000000000000000 ) ) ;
#3769 = CARTESIAN_POINT ( 'NONE',  ( 0.8249999999999999556, 0.4050000000000000266, -0.07499999999999942824 ) ) ;
#3770 = ORIENTED_EDGE ( 'NONE', *, *, #865, .T. ) ;
#3771 = VERTEX_POINT ( 'NONE', #8507 ) ;
#3772 = CARTESIAN_POINT ( 'NONE',  ( 0.8249999999999999556, 0.4050000000000000266, -0.07499999999999942824 ) ) ;
#3773 = CARTESIAN_POINT ( 'NONE',  ( 0.6750000000000000444, 0.4050000000000000266, -0.07499999999999942824 ) ) ;
#3774 = VERTEX_POINT ( 'NONE', #392 ) ;
#3775 = LINE ( 'NONE', #4806, #4893 ) ;
#3776 = EDGE_CURVE ( 'NONE', #4016, #2602, #7610, .T. ) ;
#3777 = CIRCLE ( 'NONE', #10423, 0.06499999999997957412 ) ;
#3778 = CARTESIAN_POINT ( 'NONE',  ( -0.6750000000000000444, 0.4197467168032661955, 2.540024382298945227 ) ) ;
#3779 = AXIS2_PLACEMENT_3D ( 'NONE', #6730, #384, #3985 ) ;
#3780 = DIRECTION ( 'NONE',  ( -1.000000000000000000, -0.000000000000000000, -0.000000000000000000 ) ) ;
#3781 = FILL_AREA_STYLE_COLOUR ( '', #3598 ) ;
#3782 = EDGE_CURVE ( 'NONE', #1563, #8841, #5847, .T. ) ;
#3783 = ORIENTED_EDGE ( 'NONE', *, *, #4455, .T. ) ;
#3784 = DIRECTION ( 'NONE',  ( 0.000000000000000000, -0.7071067811865489050, 0.7071067811865462405 ) ) ;
#3785 = ORIENTED_EDGE ( 'NONE', *, *, #6048, .F. ) ;
#3786 = EDGE_CURVE ( 'NONE', #4219, #4199, #4235, .T. ) ;
#3787 = DIRECTION ( 'NONE',  ( 1.000000000000000000, 0.000000000000000000, -0.000000000000000000 ) ) ;
#3788 = EDGE_CURVE ( 'NONE', #7115, #5828, #8427, .T. ) ;
#3789 = AXIS2_PLACEMENT_3D ( 'NONE', #11052, #5561, #2999 ) ;
#3790 = EDGE_CURVE ( 'NONE', #4177, #5464, #11464, .T. ) ;
#3791 = DIRECTION ( 'NONE',  ( -0.000000000000000000, 0.000000000000000000, 1.000000000000000000 ) ) ;
#3792 = CARTESIAN_POINT ( 'NONE',  ( -0.1750000000000000167, 0.000000000000000000, 0.2250000000000005052 ) ) ;
#3793 = ORIENTED_EDGE ( 'NONE', *, *, #379, .F. ) ;
#3794 = DIRECTION ( 'NONE',  ( 0.000000000000000000, 0.000000000000000000, 1.000000000000000000 ) ) ;
#3795 = CYLINDRICAL_SURFACE ( 'NONE', #1991, 0.02499999999999991118 ) ;
#3796 = EDGE_CURVE ( 'NONE', #5997, #761, #5150, .T. ) ;
#3797 = ORIENTED_EDGE ( 'NONE', *, *, #6262, .F. ) ;
#3798 = EDGE_CURVE ( 'NONE', #7274, #1972, #6800, .T. ) ;
#3799 = ORIENTED_EDGE ( 'NONE', *, *, #414, .T. ) ;
#3800 = CARTESIAN_POINT ( 'NONE',  ( 0.8249999999999999556, 0.3350000000000001310, 2.709999999999999964 ) ) ;
#3801 = CIRCLE ( 'NONE', #802, 0.02499999999999984873 ) ;
#3802 = EDGE_LOOP ( 'NONE', ( #8593, #8168, #7150, #1484, #10688 ) ) ;
#3803 = FILL_AREA_STYLE_COLOUR ( '', #10785 ) ;
#3804 = DIRECTION ( 'NONE',  ( -1.000000000000000000, -0.000000000000000000, -0.000000000000000000 ) ) ;
#3805 = EDGE_LOOP ( 'NONE', ( #1842, #10262, #5156, #3147 ) ) ;
#3806 = VECTOR ( 'NONE', #11412, 1000.000000000000000 ) ;
#3807 = EDGE_CURVE ( 'NONE', #11252, #2412, #3362, .T. ) ;
#3808 = VECTOR ( 'NONE', #10740, 1000.000000000000000 ) ;
#3809 = VERTEX_POINT ( 'NONE', #9866 ) ;
#3810 = AXIS2_PLACEMENT_3D ( 'NONE', #6280, #6337, #4330 ) ;
#3811 = DIRECTION ( 'NONE',  ( -1.000000000000000000, 0.000000000000000000, -1.219727444046192242E-16 ) ) ;
#3812 = DIRECTION ( 'NONE',  ( 0.000000000000000000, 0.000000000000000000, -1.000000000000000000 ) ) ;
#3813 = DIRECTION ( 'NONE',  ( 0.000000000000000000, -0.08715574274767398655, -0.9961946980917439909 ) ) ;
#3814 = CARTESIAN_POINT ( 'NONE',  ( 2.254999999999999449, 0.2900000000000002021, 0.8249999999999999556 ) ) ;
#3815 = DIRECTION ( 'NONE',  ( -0.000000000000000000, -1.000000000000000000, -0.000000000000000000 ) ) ;
#3816 = CARTESIAN_POINT ( 'NONE',  ( -1.684999999999999831, 0.1000000000000001305, 0.4249999999999999889 ) ) ;
#3817 = CIRCLE ( 'NONE', #7984, 0.06349999872316867966 ) ;
#3818 = CARTESIAN_POINT ( 'NONE',  ( 2.254999999999999449, 0.8000000000000001554, 0.8250000000000000666 ) ) ;
#3819 = DIRECTION ( 'NONE',  ( 0.000000000000000000, 0.8191520442889922426, -0.5735764363510453823 ) ) ;
#3820 = CIRCLE ( 'NONE', #5725, 0.04999999999999999584 ) ;
#3821 = AXIS2_PLACEMENT_3D ( 'NONE', #5141, #6969, #11393 ) ;
#3822 = CARTESIAN_POINT ( 'NONE',  ( 2.104999999999999982, 0.000000000000000000, 2.724999999999276667 ) ) ;
#3823 = DIRECTION ( 'NONE',  ( -0.000000000000000000, -0.000000000000000000, 1.000000000000000000 ) ) ;
#3824 = VERTEX_POINT ( 'NONE', #4179 ) ;
#3825 = DIRECTION ( 'NONE',  ( 1.000000000000000000, 0.000000000000000000, 0.000000000000000000 ) ) ;
#3826 = EDGE_CURVE ( 'NONE', #10008, #5048, #6865, .T. ) ;
#3827 = FACE_OUTER_BOUND ( 'NONE', #8895, .T. ) ;
#3828 = PRESENTATION_LAYER_ASSIGNMENT (  '', '', ( #8949 ) ) ;
#3829 = FACE_OUTER_BOUND ( 'NONE', #9809, .T. ) ;
#3830 = ORIENTED_EDGE ( 'NONE', *, *, #5207, .T. ) ;
#3831 = CARTESIAN_POINT ( 'NONE',  ( 2.104999999999999982, 0.1029422863393472526, 2.154999999999999805 ) ) ;
#3832 = CIRCLE ( 'NONE', #7245, 0.1499999999999999667 ) ;
#3833 = CARTESIAN_POINT ( 'NONE',  ( -2.254999999999999893, 0.5300000000000002487, 0.3949999999999996847 ) ) ;
#3834 = ORIENTED_EDGE ( 'NONE', *, *, #1984, .F. ) ;
#3835 = VECTOR ( 'NONE', #6396, 1000.000000000000000 ) ;
#3836 = DIRECTION ( 'NONE',  ( -1.000000000000000000, 0.000000000000000000, -0.000000000000000000 ) ) ;
#3837 = VECTOR ( 'NONE', #9011, 1000.000000000000000 ) ;
#3838 = CARTESIAN_POINT ( 'NONE',  ( -0.6749999999999998224, 0.6800000000000001599, 0.4449999999999996736 ) ) ;
#3839 = ORIENTED_EDGE ( 'NONE', *, *, #8461, .T. ) ;
#3840 = VERTEX_POINT ( 'NONE', #7869 ) ;
#3841 = VECTOR ( 'NONE', #52, 1000.000000000000000 ) ;
#3842 = DIRECTION ( 'NONE',  ( 0.000000000000000000, -0.000000000000000000, -1.000000000000000000 ) ) ;
#3843 = DIRECTION ( 'NONE',  ( 0.000000000000000000, -0.8660254037844389297, 0.4999999999999993339 ) ) ;
#3844 = EDGE_CURVE ( 'NONE', #2459, #729, #5157, .T. ) ;
#3845 = SURFACE_SIDE_STYLE ('',( #10021 ) ) ;
#3846 = DIRECTION ( 'NONE',  ( 0.000000000000000000, 0.000000000000000000, 1.000000000000000000 ) ) ;
#3847 = VERTEX_POINT ( 'NONE', #9594 ) ;
#3848 = CARTESIAN_POINT ( 'NONE',  ( 2.254999999999999893, 0.5300000000000002487, 0.4449999999999996736 ) ) ;
#3849 = EDGE_CURVE ( 'NONE', #10878, #6691, #1746, .T. ) ;
#3850 = DIRECTION ( 'NONE',  ( 1.000000000000000000, 0.000000000000000000, 0.000000000000000000 ) ) ;
#3851 = VECTOR ( 'NONE', #2047, 1000.000000000000000 ) ;
#3852 = VERTEX_POINT ( 'NONE', #7182 ) ;
#3853 = ORIENTED_EDGE ( 'NONE', *, *, #9143, .T. ) ;
#3854 = DIRECTION ( 'NONE',  ( -1.000000000000000000, -0.000000000000000000, -0.000000000000000000 ) ) ;
#3855 = DIRECTION ( 'NONE',  ( -1.000000000000000000, -0.000000000000000000, -0.000000000000000000 ) ) ;
#3856 = VERTEX_POINT ( 'NONE', #1473 ) ;
#3857 = VERTEX_POINT ( 'NONE', #4244 ) ;
#3858 = DIRECTION ( 'NONE',  ( 0.000000000000000000, 0.000000000000000000, 1.000000000000000000 ) ) ;
#3859 = CARTESIAN_POINT ( 'NONE',  ( 0.3250000000000000111, 0.3350000000000001310, 2.125000000000000000 ) ) ;
#3860 = AXIS2_PLACEMENT_3D ( 'NONE', #223, #2950, #11158 ) ;
#3861 = AXIS2_PLACEMENT_3D ( 'NONE', #8993, #11524, #7039 ) ;
#3862 = FACE_OUTER_BOUND ( 'NONE', #363, .T. ) ;
#3863 = ORIENTED_EDGE ( 'NONE', *, *, #5481, .F. ) ;
#3864 = FACE_OUTER_BOUND ( 'NONE', #9492, .T. ) ;
#3865 = ADVANCED_FACE ( 'NONE', ( #11470 ), #1527, .F. ) ;
#3866 = ADVANCED_FACE ( 'NONE', ( #4062 ), #8759, .F. ) ;
#3867 = CIRCLE ( 'NONE', #7465, 0.02499999999999941505 ) ;
#3868 = CIRCLE ( 'NONE', #8416, 0.05000000000003655687 ) ;
#3869 = ORIENTED_EDGE ( 'NONE', *, *, #1246, .T. ) ;
#3870 = CARTESIAN_POINT ( 'NONE',  ( -0.3249999999999997891, 0.7500000000000002220, 0.5949999999999996403 ) ) ;
#3871 = EDGE_CURVE ( 'NONE', #10726, #8349, #2398, .T. ) ;
#3872 = CARTESIAN_POINT ( 'NONE',  ( 1.850000000000000089, 0.000000000000000000, -0.8049999999999998268 ) ) ;
#3873 = PLANE ( 'NONE',  #10778 ) ;
#3874 = DIRECTION ( 'NONE',  ( 0.000000000000000000, 0.000000000000000000, 1.000000000000000000 ) ) ;
#3875 = DIRECTION ( 'NONE',  ( -1.000000000000000000, -1.837630800822892264E-16, 1.148519250514307542E-16 ) ) ;
#3876 = DIRECTION ( 'NONE',  ( 1.000000000000000000, 0.000000000000000000, 0.000000000000000000 ) ) ;
#3877 = EDGE_CURVE ( 'NONE', #11541, #9965, #2372, .T. ) ;
#3878 = DIRECTION ( 'NONE',  ( 0.000000000000000000, -1.445602896647339508E-15, 1.000000000000000000 ) ) ;
#3879 = EDGE_CURVE ( 'NONE', #8842, #10826, #4267, .T. ) ;
#3880 = LINE ( 'NONE', #7496, #4962 ) ;
#3881 = EDGE_CURVE ( 'NONE', #1351, #8328, #1342, .T. ) ;
#3882 = DIRECTION ( 'NONE',  ( -1.000000000000000000, -0.000000000000000000, -0.000000000000000000 ) ) ;
#3883 = AXIS2_PLACEMENT_3D ( 'NONE', #8233, #2838, #6446 ) ;
#3884 = LINE ( 'NONE', #5788, #7254 ) ;
#3885 = FACE_OUTER_BOUND ( 'NONE', #9069, .T. ) ;
#3886 = LINE ( 'NONE', #6428, #1807 ) ;
#3887 = FACE_OUTER_BOUND ( 'NONE', #2752, .T. ) ;
#3888 = CYLINDRICAL_SURFACE ( 'NONE', #2527, 0.06499999999997957412 ) ;
#3889 = ORIENTED_EDGE ( 'NONE', *, *, #4851, .F. ) ;
#3890 = DIRECTION ( 'NONE',  ( -0.000000000000000000, 0.7071067811865512365, 0.7071067811865439090 ) ) ;
#3891 = ADVANCED_FACE ( 'NONE', ( #5037 ), #2305, .T. ) ;
#3892 = ORIENTED_EDGE ( 'NONE', *, *, #6660, .T. ) ;
#3893 = DIRECTION ( 'NONE',  ( 0.000000000000000000, 0.000000000000000000, -1.000000000000000000 ) ) ;
#3894 = CARTESIAN_POINT ( 'NONE',  ( 0.8249999999999999556, 0.07500000000000001110, 0.1500000000000005496 ) ) ;
#3895 = ORIENTED_EDGE ( 'NONE', *, *, #6527, .F. ) ;
#3896 = DIRECTION ( 'NONE',  ( 0.000000000000000000, 0.000000000000000000, 1.000000000000000000 ) ) ;
#3897 = ORIENTED_EDGE ( 'NONE', *, *, #2385, .F. ) ;
#3898 = LINE ( 'NONE', #3772, #1782 ) ;
#3899 = PLANE ( 'NONE',  #4340 ) ;
#3900 = ORIENTED_EDGE ( 'NONE', *, *, #6192, .F. ) ;
#3901 = ORIENTED_EDGE ( 'NONE', *, *, #1710, .F. ) ;
#3902 = DIRECTION ( 'NONE',  ( 0.000000000000000000, -1.000000000000000000, 0.000000000000000000 ) ) ;
#3903 = LINE ( 'NONE', #7572, #10425 ) ;
#3904 = EDGE_LOOP ( 'NONE', ( #7224, #4573, #11605, #4606 ) ) ;
#3905 = ORIENTED_EDGE ( 'NONE', *, *, #4310, .F. ) ;
#3906 = STYLED_ITEM ( 'NONE', ( #8916 ), #449 ) ;
#3907 = EDGE_CURVE ( 'NONE', #4934, #258, #4120, .T. ) ;
#3908 = DIRECTION ( 'NONE',  ( 0.000000000000000000, 0.000000000000000000, -1.000000000000000000 ) ) ;
#3909 = FACE_OUTER_BOUND ( 'NONE', #3805, .T. ) ;
#3910 = ORIENTED_EDGE ( 'NONE', *, *, #8284, .T. ) ;
#3911 = DIRECTION ( 'NONE',  ( -1.000000000000000000, -0.000000000000000000, -0.000000000000000000 ) ) ;
#3912 = ORIENTED_EDGE ( 'NONE', *, *, #4912, .T. ) ;
#3913 = CARTESIAN_POINT ( 'NONE',  ( -0.3250000000000000111, 0.7250000000000001998, 2.577500000000000568 ) ) ;
#3914 = FACE_OUTER_BOUND ( 'NONE', #7917, .T. ) ;
#3915 = EDGE_LOOP ( 'NONE', ( #3105, #9671, #476, #5432 ) ) ;
#3916 = ORIENTED_EDGE ( 'NONE', *, *, #185, .F. ) ;
#3917 = DIRECTION ( 'NONE',  ( 0.000000000000000000, 0.000000000000000000, -1.000000000000000000 ) ) ;
#3918 = DIRECTION ( 'NONE',  ( 0.000000000000000000, -0.000000000000000000, -1.000000000000000000 ) ) ;
#3919 = EDGE_CURVE ( 'NONE', #5478, #2396, #8701, .T. ) ;
#3920 = ORIENTED_EDGE ( 'NONE', *, *, #769, .T. ) ;
#3921 = DIRECTION ( 'NONE',  ( 0.000000000000000000, 0.000000000000000000, -1.000000000000000000 ) ) ;
#3922 = ORIENTED_EDGE ( 'NONE', *, *, #8506, .F. ) ;
#3923 = CARTESIAN_POINT ( 'NONE',  ( 0.8249999999999999556, 0.7250000000000001998, 2.577500000000000568 ) ) ;
#3924 = VERTEX_POINT ( 'NONE', #6031 ) ;
#3925 = VERTEX_POINT ( 'NONE', #9032 ) ;
#3926 = CARTESIAN_POINT ( 'NONE',  ( 1.175000000000000044, 0.1000000000000001027, 0.1250000000000005551 ) ) ;
#3927 = LINE ( 'NONE', #11141, #11529 ) ;
#3928 = EDGE_CURVE ( 'NONE', #4449, #5610, #10035, .T. ) ;
#3929 = CARTESIAN_POINT ( 'NONE',  ( -0.6750000000000000444, 0.3614999999999998215, 2.441500001276831089 ) ) ;
#3930 = FACE_OUTER_BOUND ( 'NONE', #5079, .T. ) ;
#3931 = PLANE ( 'NONE',  #5341 ) ;
#3932 = LINE ( 'NONE', #7548, #5957 ) ;
#3933 = ADVANCED_FACE ( 'NONE', ( #7243 ), #8130, .F. ) ;
#3934 = CIRCLE ( 'NONE', #743, 0.04999999999999999584 ) ;
#3935 = ADVANCED_FACE ( 'NONE', ( #6361 ), #1858, .T. ) ;
#3936 = CARTESIAN_POINT ( 'NONE',  ( 0.3250000000000000111, 0.08000000000000000167, -0.1749999999999994893 ) ) ;
#3937 = ORIENTED_EDGE ( 'NONE', *, *, #2779, .T. ) ;
#3938 = ADVANCED_FACE ( 'NONE', ( #8426 ), #315, .F. ) ;
#3939 = DIRECTION ( 'NONE',  ( 0.000000000000000000, 0.000000000000000000, 1.000000000000000000 ) ) ;
#3940 = DIRECTION ( 'NONE',  ( -0.000000000000000000, 1.000000000000000000, -0.000000000000000000 ) ) ;
#3941 = AXIS2_PLACEMENT_3D ( 'NONE', #5456, #8059, #128 ) ;
#3942 = CYLINDRICAL_SURFACE ( 'NONE', #2485, 0.02499999999999984873 ) ;
#3943 = DIRECTION ( 'NONE',  ( -1.000000000000000000, -0.000000000000000000, -0.000000000000000000 ) ) ;
#3944 = ORIENTED_EDGE ( 'NONE', *, *, #6715, .T. ) ;
#3945 = ORIENTED_EDGE ( 'NONE', *, *, #858, .T. ) ;
#3946 = LINE ( 'NONE', #4864, #9548 ) ;
#3947 = ORIENTED_EDGE ( 'NONE', *, *, #4104, .T. ) ;
#3948 = ADVANCED_FACE ( 'NONE', ( #11128 ), #10451, .T. ) ;
#3949 = DIRECTION ( 'NONE',  ( -1.000000000000000000, 0.000000000000000000, -1.219727444046192242E-16 ) ) ;
#3950 = ORIENTED_EDGE ( 'NONE', *, *, #5158, .F. ) ;
#3951 = ORIENTED_EDGE ( 'NONE', *, *, #7551, .F. ) ;
#3952 = PLANE ( 'NONE',  #6677 ) ;
#3953 = VECTOR ( 'NONE', #1791, 1000.000000000000000 ) ;
#3954 = CARTESIAN_POINT ( 'NONE',  ( 1.175000000000000044, 1.050000000000000044, -0.3599999999999996536 ) ) ;
#3955 = DIRECTION ( 'NONE',  ( -1.000000000000000000, -0.000000000000000000, -0.000000000000000000 ) ) ;
#3956 = ORIENTED_EDGE ( 'NONE', *, *, #6340, .T. ) ;
#3957 = ADVANCED_FACE ( 'NONE', ( #11315 ), #9569, .F. ) ;
#3958 = CARTESIAN_POINT ( 'NONE',  ( -2.104999999999999982, 0.02499999999999986261, 2.224999999999276667 ) ) ;
#3959 = EDGE_LOOP ( 'NONE', ( #3944, #8327, #8436, #2180 ) ) ;
#3960 = DIRECTION ( 'NONE',  ( 0.000000000000000000, 1.355252715606876598E-16, -1.000000000000000000 ) ) ;
#3961 = VECTOR ( 'NONE', #8337, 1000.000000000000000 ) ;
#3962 = EDGE_LOOP ( 'NONE', ( #953, #11323, #6034, #11259, #3325 ) ) ;
#3963 = CARTESIAN_POINT ( 'NONE',  ( -0.8250000000000001776, 0.7500000000000002220, 0.5949999999999996403 ) ) ;
#3964 = CARTESIAN_POINT ( 'NONE',  ( 1.665000000000000924, 0.2900000000000000910, 0.8249999999999999556 ) ) ;
#3965 = ORIENTED_EDGE ( 'NONE', *, *, #8514, .T. ) ;
#3966 = ORIENTED_EDGE ( 'NONE', *, *, #7992, .T. ) ;
#3967 = CARTESIAN_POINT ( 'NONE',  ( -0.3250000000000000111, 8.735352324927245566E-18, 0.1500000000000005496 ) ) ;
#3968 = DIRECTION ( 'NONE',  ( 0.000000000000000000, 1.000000000000000000, -0.000000000000000000 ) ) ;
#3969 = LINE ( 'NONE', #3339, #7185 ) ;
#3970 = CARTESIAN_POINT ( 'NONE',  ( 2.254999999999999893, 0.6800000000000001599, 0.5949999999999996403 ) ) ;
#3971 = COLOUR_RGB ( '',1.000000000000000000, 0.8117647058823529438, 0.5019607843137254832 ) ;
#3972 = CARTESIAN_POINT ( 'NONE',  ( 2.104999999999999538, 0.7500000000000002220, 0.2950000000000000400 ) ) ;
#3973 = ORIENTED_EDGE ( 'NONE', *, *, #9704, .T. ) ;
#3974 = VECTOR ( 'NONE', #9472, 1000.000000000000000 ) ;
#3975 = EDGE_CURVE ( 'NONE', #2043, #9737, #6650, .T. ) ;
#3976 = SHAPE_DEFINITION_REPRESENTATION ( #10818, #9688 ) ;
#3977 = ORIENTED_EDGE ( 'NONE', *, *, #4215, .T. ) ;
#3978 = CARTESIAN_POINT ( 'NONE',  ( -0.6750000000000000444, 0.6800000000000001599, 0.8249999999999999556 ) ) ;
#3979 = ORIENTED_EDGE ( 'NONE', *, *, #6205, .T. ) ;
#3980 = DIRECTION ( 'NONE',  ( 0.000000000000000000, 0.000000000000000000, 1.000000000000000000 ) ) ;
#3981 = CIRCLE ( 'NONE', #10626, 0.02499999999999992853 ) ;
#3982 = CARTESIAN_POINT ( 'NONE',  ( -2.104999999999999538, 0.5264718102130367949, 0.2441481456572267561 ) ) ;
#3983 = VECTOR ( 'NONE', #6592, 1000.000000000000000 ) ;
#3984 = DIRECTION ( 'NONE',  ( 1.000000000000000000, 0.000000000000000000, 1.219727444046192242E-16 ) ) ;
#3985 = DIRECTION ( 'NONE',  ( 1.000000000000000000, 0.000000000000000000, -1.219727444046192242E-16 ) ) ;
#3986 = CARTESIAN_POINT ( 'NONE',  ( -2.254999999999999893, 0.1029422863393472526, 2.154999999999999805 ) ) ;
#3987 = DIRECTION ( 'NONE',  ( 0.000000000000000000, 0.000000000000000000, 1.000000000000000000 ) ) ;
#3988 = AXIS2_PLACEMENT_3D ( 'NONE', #4828, #9504, #5884 ) ;
#3989 = DIRECTION ( 'NONE',  ( 1.000000000000000000, -0.000000000000000000, -0.000000000000000000 ) ) ;
#3990 = FACE_OUTER_BOUND ( 'NONE', #11554, .T. ) ;
#3991 = LINE ( 'NONE', #8635, #6278 ) ;
#3992 = DIRECTION ( 'NONE',  ( 0.000000000000000000, -0.08715574274767398655, -0.9961946980917439909 ) ) ;
#3993 = AXIS2_PLACEMENT_3D ( 'NONE', #6182, #2509, #801 ) ;
#3994 = UNCERTAINTY_MEASURE_WITH_UNIT (LENGTH_MEASURE( 1.000000000000000082E-05 ), #8766, 'distance_accuracy_value', 'NONE');
#3995 = VECTOR ( 'NONE', #6762, 1000.000000000000000 ) ;
#3996 = DIRECTION ( 'NONE',  ( 0.000000000000000000, 0.000000000000000000, -1.000000000000000000 ) ) ;
#3997 = DIRECTION ( 'NONE',  ( 0.000000000000000000, 0.000000000000000000, 1.000000000000000000 ) ) ;
#3998 = ORIENTED_EDGE ( 'NONE', *, *, #10135, .T. ) ;
#3999 = CARTESIAN_POINT ( 'NONE',  ( -0.8249999999999999556, 0.1000000000000001305, -0.07500000000000003886 ) ) ;
#4000 = VECTOR ( 'NONE', #8374, 1000.000000000000114 ) ;
#4001 = CARTESIAN_POINT ( 'NONE',  ( 1.665000000000000036, 0.5450000000000000400, 0.5950000000000003064 ) ) ;
#4002 = PLANE ( 'NONE',  #1338 ) ;
#4004 = ADVANCED_FACE ( 'NONE', ( #4095 ), #371, .F. ) ;
#4003 = EDGE_LOOP ( 'NONE', ( #10087, #10071, #2589, #2823 ) ) ;
#4005 = LINE ( 'NONE', #1413, #5220 ) ;
#4006 = ORIENTED_EDGE ( 'NONE', *, *, #9689, .T. ) ;
#4007 = EDGE_CURVE ( 'NONE', #545, #8903, #8550, .T. ) ;
#4008 = EDGE_CURVE ( 'NONE', #4131, #10490, #10336, .T. ) ;
#4009 = AXIS2_PLACEMENT_3D ( 'NONE', #7907, #2519, #6018 ) ;
#4010 = CARTESIAN_POINT ( 'NONE',  ( 0.1750000000000000167, 8.735352324927245566E-18, 0.1500000000000005496 ) ) ;
#4011 = VERTEX_POINT ( 'NONE', #4950 ) ;
#4012 = VERTEX_POINT ( 'NONE', #4035 ) ;
#4013 = EDGE_CURVE ( 'NONE', #6613, #3327, #6770, .T. ) ;
#4015 = CARTESIAN_POINT ( 'NONE',  ( -1.324999999999999956, 0.6800000000000001599, 0.8249999999999999556 ) ) ;
#4014 = CARTESIAN_POINT ( 'NONE',  ( 2.254999999999999893, 0.8300000000000000711, 0.4449999999999996736 ) ) ;
#4016 = VERTEX_POINT ( 'NONE', #8792 ) ;
#4017 = CARTESIAN_POINT ( 'NONE',  ( 1.324999999999999956, 0.07499999999999999722, 0.1250000000000005551 ) ) ;
#4018 = AXIS2_PLACEMENT_3D ( 'NONE', #7460, #2011, #3012 ) ;
#4019 = ADVANCED_FACE ( 'NONE', ( #2506 ), #6120, .F. ) ;
#4020 = CARTESIAN_POINT ( 'NONE',  ( -1.665000000000000702, 0.4099999999999999756, -0.07499999999999953926 ) ) ;
#4021 = VERTEX_POINT ( 'NONE', #3279 ) ;
#4022 = VECTOR ( 'NONE', #9505, 1000.000000000000000 ) ;
#4023 = ORIENTED_EDGE ( 'NONE', *, *, #9119, .F. ) ;
#4024 = CARTESIAN_POINT ( 'NONE',  ( -2.254999999999999449, 0.9000000000000002442, -0.07499999999999946987 ) ) ;
#4025 = VECTOR ( 'NONE', #4768, 1000.000000000000000 ) ;
#4026 = ORIENTED_EDGE ( 'NONE', *, *, #1793, .F. ) ;
#4027 = VECTOR ( 'NONE', #7934, 1000.000000000000000 ) ;
#4028 = CARTESIAN_POINT ( 'NONE',  ( -1.764999999999999902, 0.8250000000000003997, 2.825000000000000178 ) ) ;
#4029 = VERTEX_POINT ( 'NONE', #7782 ) ;
#4030 = LINE ( 'NONE', #3333, #5831 ) ;
#4031 = VERTEX_POINT ( 'NONE', #6070 ) ;
#4032 = VECTOR ( 'NONE', #6216, 1000.000000000000000 ) ;
#4033 = ORIENTED_EDGE ( 'NONE', *, *, #3786, .T. ) ;
#4034 = DIRECTION ( 'NONE',  ( 0.000000000000000000, -0.8949343616020276615, -0.4461978131098037204 ) ) ;
#4035 = CARTESIAN_POINT ( 'NONE',  ( 1.175000000000000044, 0.8950000000000001288, 0.4949999999999995515 ) ) ;
#4036 = VECTOR ( 'NONE', #6256, 1000.000000000000000 ) ;
#4037 = DIRECTION ( 'NONE',  ( -1.000000000000000000, -0.000000000000000000, -0.000000000000000000 ) ) ;
#4038 = EDGE_CURVE ( 'NONE', #686, #10794, #5136, .T. ) ;
#4039 = CARTESIAN_POINT ( 'NONE',  ( -2.104999999999999982, 1.000000000000000222, 1.799999999999277289 ) ) ;
#4040 = CARTESIAN_POINT ( 'NONE',  ( -2.254999999999999449, 0.8150000000000001688, 0.2450000000000000511 ) ) ;
#4041 = AXIS2_PLACEMENT_3D ( 'NONE', #9590, #9647, #1468 ) ;
#4042 = ORIENTED_EDGE ( 'NONE', *, *, #8986, .F. ) ;
#4043 = DIRECTION ( 'NONE',  ( 0.000000000000000000, 0.000000000000000000, 1.000000000000000000 ) ) ;
#4044 = EDGE_LOOP ( 'NONE', ( #6214, #11200, #676, #6547, #4082, #9926, #2005, #7325, #6098, #10195, #7769, #6462 ) ) ;
#4045 = EDGE_CURVE ( 'NONE', #6173, #5807, #4343, .T. ) ;
#4046 = ORIENTED_EDGE ( 'NONE', *, *, #7064, .F. ) ;
#4047 = UNCERTAINTY_MEASURE_WITH_UNIT (LENGTH_MEASURE( 1.000000000000000082E-05 ), #5214, 'distance_accuracy_value', 'NONE');
#4048 = VERTEX_POINT ( 'NONE', #8906 ) ;
#4049 = DIRECTION ( 'NONE',  ( -0.000000000000000000, 1.000000000000000000, -0.000000000000000000 ) ) ;
#4050 = DIRECTION ( 'NONE',  ( -0.000000000000000000, 1.000000000000000000, -0.000000000000000000 ) ) ;
#4051 = FACE_OUTER_BOUND ( 'NONE', #8611, .T. ) ;
#4052 = CARTESIAN_POINT ( 'NONE',  ( -2.104999999999999538, 0.7500000000000001110, -0.004999999999999972349 ) ) ;
#4053 = CARTESIAN_POINT ( 'NONE',  ( 2.049999999999999822, 0.6100000000000000977, -0.2050000000000007649 ) ) ;
#4054 = CARTESIAN_POINT ( 'NONE',  ( 1.324999999999999956, 0.6910569165342941300, 2.517345373982429635 ) ) ;
#4055 = DIRECTION ( 'NONE',  ( -1.000000000000000000, -0.000000000000000000, -0.000000000000000000 ) ) ;
#4056 = LINE ( 'NONE', #6736, #10499 ) ;
#4057 = DIRECTION ( 'NONE',  ( 0.000000000000000000, 0.000000000000000000, 1.000000000000000000 ) ) ;
#4058 = AXIS2_PLACEMENT_3D ( 'NONE', #7555, #11157, #9470 ) ;
#4059 = MANIFOLD_SOLID_BREP ( 'Boss-Extrude6[4]', #6044 ) ;
#4060 = FACE_OUTER_BOUND ( 'NONE', #224, .T. ) ;
#4061 = ORIENTED_EDGE ( 'NONE', *, *, #1944, .T. ) ;
#4062 = FACE_OUTER_BOUND ( 'NONE', #9206, .T. ) ;
#4063 = DIRECTION ( 'NONE',  ( 0.000000000000000000, 0.000000000000000000, -1.000000000000000000 ) ) ;
#4064 = CARTESIAN_POINT ( 'NONE',  ( 1.325000000000000178, 0.8950000000000001288, 0.4949999999999995515 ) ) ;
#4065 = ORIENTED_EDGE ( 'NONE', *, *, #11408, .T. ) ;
#4066 = DIRECTION ( 'NONE',  ( -1.000000000000000000, -0.000000000000000000, -0.000000000000000000 ) ) ;
#4067 = DIRECTION ( 'NONE',  ( -3.336006684570783101E-16, 0.000000000000000000, 1.000000000000000000 ) ) ;
#4068 = EDGE_CURVE ( 'NONE', #8481, #136, #7956, .T. ) ;
#4069 = AXIS2_PLACEMENT_3D ( 'NONE', #1252, #4883, #188 ) ;
#4070 = VERTEX_POINT ( 'NONE', #5523 ) ;
#4071 = FACE_OUTER_BOUND ( 'NONE', #4003, .T. ) ;
#4072 = ORIENTED_EDGE ( 'NONE', *, *, #2845, .T. ) ;
#4073 = VECTOR ( 'NONE', #8828, 1000.000000000000000 ) ;
#4074 = DIRECTION ( 'NONE',  ( 0.000000000000000000, 0.000000000000000000, -1.000000000000000000 ) ) ;
#4075 = ORIENTED_EDGE ( 'NONE', *, *, #482, .T. ) ;
#4076 = ORIENTED_EDGE ( 'NONE', *, *, #6197, .T. ) ;
#4077 = CARTESIAN_POINT ( 'NONE',  ( -0.6750000000000000444, 0.3615000000000000990, 2.125000000000000000 ) ) ;
#4078 = EDGE_CURVE ( 'NONE', #10618, #7063, #5423, .T. ) ;
#4079 = ORIENTED_EDGE ( 'NONE', *, *, #5280, .T. ) ;
#4080 = FACE_OUTER_BOUND ( 'NONE', #688, .T. ) ;
#4081 = EDGE_CURVE ( 'NONE', #8649, #8351, #1963, .T. ) ;
#4082 = ORIENTED_EDGE ( 'NONE', *, *, #8301, .T. ) ;
#4083 = ORIENTED_EDGE ( 'NONE', *, *, #3521, .T. ) ;
#4084 = EDGE_CURVE ( 'NONE', #8535, #10413, #4683, .T. ) ;
#4085 = CARTESIAN_POINT ( 'NONE',  ( 0.8249999999999999556, 0.6899768362638436514, 2.505000000000000338 ) ) ;
#4086 = ORIENTED_EDGE ( 'NONE', *, *, #4677, .F. ) ;
#4087 = EDGE_CURVE ( 'NONE', #9185, #5352, #7650, .T. ) ;
#4088 = LINE ( 'NONE', #10265, #5736 ) ;
#4089 = VERTEX_POINT ( 'NONE', #6860 ) ;
#4090 = DIRECTION ( 'NONE',  ( -1.000000000000000000, -0.000000000000000000, -0.000000000000000000 ) ) ;
#4091 = EDGE_CURVE ( 'NONE', #8832, #1609, #1870, .T. ) ;
#4092 = ORIENTED_EDGE ( 'NONE', *, *, #3304, .F. ) ;
#4093 = ORIENTED_EDGE ( 'NONE', *, *, #10470, .F. ) ;
#4094 = DIRECTION ( 'NONE',  ( -0.000000000000000000, -1.000000000000000000, -0.000000000000000000 ) ) ;
#4095 = FACE_OUTER_BOUND ( 'NONE', #3915, .T. ) ;
#4096 = EDGE_CURVE ( 'NONE', #2303, #1790, #7613, .T. ) ;
#4097 = DIRECTION ( 'NONE',  ( -1.000000000000000000, 0.000000000000000000, -9.035018104045873159E-17 ) ) ;
#4098 = DIRECTION ( 'NONE',  ( -0.000000000000000000, -0.000000000000000000, 1.000000000000000000 ) ) ;
#4099 = ORIENTED_EDGE ( 'NONE', *, *, #2072, .F. ) ;
#4100 = DIRECTION ( 'NONE',  ( 0.000000000000000000, 0.000000000000000000, -1.000000000000000000 ) ) ;
#4101 = ORIENTED_EDGE ( 'NONE', *, *, #1642, .F. ) ;
#4102 = MANIFOLD_SOLID_BREP ( 'Mirror1', #1504 ) ;
#4103 = ORIENTED_EDGE ( 'NONE', *, *, #3798, .F. ) ;
#4104 = EDGE_CURVE ( 'NONE', #4199, #3809, #3460, .T. ) ;
#4105 = AXIS2_PLACEMENT_3D ( 'NONE', #1424, #6991, #4134 ) ;
#4106 = ORIENTED_EDGE ( 'NONE', *, *, #8945, .T. ) ;
#4107 = DIRECTION ( 'NONE',  ( 0.000000000000000000, 7.228014483236697541E-16, -1.000000000000000000 ) ) ;
#4108 = LINE ( 'NONE', #1630, #9127 ) ;
#4109 = CARTESIAN_POINT ( 'NONE',  ( -2.254999999999999893, 0.5300000000000002487, 0.4449999999999996736 ) ) ;
#4110 = VECTOR ( 'NONE', #9928, 1000.000000000000000 ) ;
#4111 = LINE ( 'NONE', #7729, #7765 ) ;
#4112 = FACE_OUTER_BOUND ( 'NONE', #6591, .T. ) ;
#4113 = PRESENTATION_STYLE_ASSIGNMENT (( #11280 ) ) ;
#4114 = DIRECTION ( 'NONE',  ( 0.000000000000000000, 1.000000000000000000, 1.999553186960971874E-15 ) ) ;
#4115 = CARTESIAN_POINT ( 'NONE',  ( -0.1750000000000000167, 0.3749999987231322773, 2.517714491643438635 ) ) ;
#4116 = CARTESIAN_POINT ( 'NONE',  ( 2.254999999999999893, 0.6800000000000001599, 0.4449999999999996736 ) ) ;
#4117 = DIRECTION ( 'NONE',  ( 1.000000000000000000, 0.000000000000000000, 0.000000000000000000 ) ) ;
#4118 =( NAMED_UNIT ( * ) PLANE_ANGLE_UNIT ( ) SI_UNIT ( $, .RADIAN. ) );
#4119 = ORIENTED_EDGE ( 'NONE', *, *, #5899, .T. ) ;
#4120 = LINE ( 'NONE', #3303, #2680 ) ;
#4121 = VECTOR ( 'NONE', #1087, 1000.000000000000000 ) ;
#4122 = CARTESIAN_POINT ( 'NONE',  ( 1.325000000000000178, 0.6800000000000001599, 0.4949999999999995515 ) ) ;
#4123 = CARTESIAN_POINT ( 'NONE',  ( -0.8250000000000001776, 0.7500000000000002220, 0.3949999999999995182 ) ) ;
#4124 = LINE ( 'NONE', #11227, #7778 ) ;
#4125 = ORIENTED_EDGE ( 'NONE', *, *, #1081, .F. ) ;
#4126 = DIRECTION ( 'NONE',  ( 0.000000000000000000, -3.020703136098691163E-17, 1.000000000000000000 ) ) ;
#4127 = EDGE_LOOP ( 'NONE', ( #10842, #2508, #11484, #9614 ) ) ;
#4128 = VERTEX_POINT ( 'NONE', #8025 ) ;
#4129 = EDGE_CURVE ( 'NONE', #9376, #8430, #6430, .T. ) ;
#4130 = VERTEX_POINT ( 'NONE', #11521 ) ;
#4131 = VERTEX_POINT ( 'NONE', #6977 ) ;
#4132 = LINE ( 'NONE', #537, #7560 ) ;
#4134 = DIRECTION ( 'NONE',  ( 0.3162277660168337778, 0.9486832980505152113, 0.000000000000000000 ) ) ;
#4133 = FACE_OUTER_BOUND ( 'NONE', #141, .T. ) ;
#4135 = EDGE_LOOP ( 'NONE', ( #9796, #4488, #3736, #4924, #3065 ) ) ;
#4136 = DIRECTION ( 'NONE',  ( -1.000000000000000000, -0.000000000000000000, -0.000000000000000000 ) ) ;
#4137 = EDGE_LOOP ( 'NONE', ( #4193, #6954, #8520, #2351, #5227 ) ) ;
#4138 = VERTEX_POINT ( 'NONE', #522 ) ;
#4139 = DIRECTION ( 'NONE',  ( -1.219727444046192242E-16, 0.000000000000000000, -1.000000000000000000 ) ) ;
#4140 = ORIENTED_EDGE ( 'NONE', *, *, #8454, .F. ) ;
#4141 = DIRECTION ( 'NONE',  ( 0.000000000000000000, 0.000000000000000000, -1.000000000000000000 ) ) ;
#4142 = ORIENTED_EDGE ( 'NONE', *, *, #2805, .T. ) ;
#4143 = CARTESIAN_POINT ( 'NONE',  ( -0.6750000000000000444, 8.735352324927245566E-18, 0.1500000000000005496 ) ) ;
#4144 = VERTEX_POINT ( 'NONE', #11342 ) ;
#4145 = VERTEX_POINT ( 'NONE', #9706 ) ;
#4146 = ORIENTED_EDGE ( 'NONE', *, *, #11272, .F. ) ;
#4147 = CARTESIAN_POINT ( 'NONE',  ( 1.764999999999999902, 0.3350000000000001310, 2.825000000000000178 ) ) ;
#4148 = EDGE_CURVE ( 'NONE', #1980, #1571, #10707, .T. ) ;
#4149 = EDGE_CURVE ( 'NONE', #592, #9897, #11467, .T. ) ;
#4150 = DIRECTION ( 'NONE',  ( 0.000000000000000000, 0.000000000000000000, 1.000000000000000000 ) ) ;
#4151 = FACE_OUTER_BOUND ( 'NONE', #7057, .T. ) ;
#4152 = VERTEX_POINT ( 'NONE', #7915 ) ;
#4153 = DIRECTION ( 'NONE',  ( -1.000000000000000000, 0.000000000000000000, -1.219727444046192242E-16 ) ) ;
#4154 = ORIENTED_EDGE ( 'NONE', *, *, #9888, .F. ) ;
#4155 = ADVANCED_FACE ( 'NONE', ( #8756 ), #6028, .F. ) ;
#4156 = VECTOR ( 'NONE', #9785, 1000.000000000000000 ) ;
#4157 = EDGE_CURVE ( 'NONE', #815, #4396, #704, .T. ) ;
#4158 = VECTOR ( 'NONE', #9144, 1000.000000000000000 ) ;
#4159 = EDGE_CURVE ( 'NONE', #815, #4145, #10647, .T. ) ;
#4160 = EDGE_CURVE ( 'NONE', #444, #4948, #7974, .T. ) ;
#4161 = ORIENTED_EDGE ( 'NONE', *, *, #7760, .T. ) ;
#4162 = ORIENTED_EDGE ( 'NONE', *, *, #8665, .F. ) ;
#4163 = CARTESIAN_POINT ( 'NONE',  ( -0.8249999999999999556, 0.6800000000000001599, 0.4949999999999995515 ) ) ;
#4164 = DIRECTION ( 'NONE',  ( 0.000000000000000000, 0.000000000000000000, 1.000000000000000000 ) ) ;
#4165 = DIRECTION ( 'NONE',  ( -1.000000000000000000, -0.000000000000000000, -0.000000000000000000 ) ) ;
#4166 = CARTESIAN_POINT ( 'NONE',  ( -0.6750000000000000444, 0.03000000000000000930, -0.1249999999999994310 ) ) ;
#4167 = CARTESIAN_POINT ( 'NONE',  ( 2.049999999999999822, 0.7500000000000002220, 0.5949999999999996403 ) ) ;
#4168 = STYLED_ITEM ( 'NONE', ( #10257 ), #8229 ) ;
#4169 = CIRCLE ( 'NONE', #1524, 0.07499999999999998335 ) ;
#4170 = FACE_OUTER_BOUND ( 'NONE', #10440, .T. ) ;
#4171 = CARTESIAN_POINT ( 'NONE',  ( 0.6750000000000000444, 0.8214213562373096078, 0.4949999999999995515 ) ) ;
#4172 = DIRECTION ( 'NONE',  ( -1.000000000000000000, -0.000000000000000000, -0.000000000000000000 ) ) ;
#4173 = CIRCLE ( 'NONE', #3605, 0.02499999999999991118 ) ;
#4174 = AXIS2_PLACEMENT_3D ( 'NONE', #10668, #7157, #4444 ) ;
#4175 = LINE ( 'NONE', #10538, #8935 ) ;
#4176 = CARTESIAN_POINT ( 'NONE',  ( -0.6749999999999998224, 0.6800000000000001599, 0.4949999999999995515 ) ) ;
#4177 = VERTEX_POINT ( 'NONE', #7866 ) ;
#4178 = SURFACE_STYLE_FILL_AREA ( #10303 ) ;
#4179 = CARTESIAN_POINT ( 'NONE',  ( 0.6750000000000000444, 0.07500000000000001110, 0.1500000000000005496 ) ) ;
#4180 = DIRECTION ( 'NONE',  ( 1.000000000000000000, 0.000000000000000000, 0.000000000000000000 ) ) ;
#4181 = DIRECTION ( 'NONE',  ( 1.000000000000000000, 0.000000000000000000, 0.000000000000000000 ) ) ;
#4182 = EDGE_LOOP ( 'NONE', ( #11310, #505, #4452, #8789, #11390 ) ) ;
#4183 = DIRECTION ( 'NONE',  ( 0.000000000000000000, -1.000000000000000000, -2.710505431213760592E-16 ) ) ;
#4184 = CYLINDRICAL_SURFACE ( 'NONE', #654, 0.06499999999997957412 ) ;
#4185 = VECTOR ( 'NONE', #6514, 1000.000000000000114 ) ;
#4186 = ORIENTED_EDGE ( 'NONE', *, *, #7999, .F. ) ;
#4187 = AXIS2_PLACEMENT_3D ( 'NONE', #8693, #9402, #5029 ) ;
#4188 = DIRECTION ( 'NONE',  ( -1.000000000000000000, -0.000000000000000000, -0.000000000000000000 ) ) ;
#4189 = AXIS2_PLACEMENT_3D ( 'NONE', #5496, #3760, #1106 ) ;
#4190 = EDGE_CURVE ( 'NONE', #5471, #2089, #8765, .T. ) ;
#4191 = CARTESIAN_POINT ( 'NONE',  ( -0.1750000000000000167, 0.3350000000000001310, 2.125000000000000000 ) ) ;
#4192 = AXIS2_PLACEMENT_3D ( 'NONE', #5034, #3235, #10646 ) ;
#4193 = ORIENTED_EDGE ( 'NONE', *, *, #3849, .F. ) ;
#4194 = VERTEX_POINT ( 'NONE', #5977 ) ;
#4196 = CARTESIAN_POINT ( 'NONE',  ( 0.9311552812808830959, 1.000000000000000222, -0.7599999999999995648 ) ) ;
#4195 = LINE ( 'NONE', #1540, #9339 ) ;
#4197 = DIRECTION ( 'NONE',  ( 0.000000000000000000, -3.439160614977207662E-32, -1.000000000000000000 ) ) ;
#4198 = MANIFOLD_SOLID_BREP ( 'LPattern1[13]', #9244 ) ;
#4199 = VERTEX_POINT ( 'NONE', #11410 ) ;
#4200 = EDGE_LOOP ( 'NONE', ( #5175, #6708, #8457, #719 ) ) ;
#4201 = VECTOR ( 'NONE', #7961, 1000.000000000000000 ) ;
#4202 = LINE ( 'NONE', #6052, #10244 ) ;
#4203 = VERTEX_POINT ( 'NONE', #7737 ) ;
#4204 = ORIENTED_EDGE ( 'NONE', *, *, #9330, .T. ) ;
#4205 = CARTESIAN_POINT ( 'NONE',  ( -2.104999999999999538, 0.7500000000000002220, 0.2950000000000000400 ) ) ;
#4206 = ORIENTED_EDGE ( 'NONE', *, *, #7183, .T. ) ;
#4207 = CIRCLE ( 'NONE', #4938, 0.02499999999999941505 ) ;
#4208 = ORIENTED_EDGE ( 'NONE', *, *, #517, .T. ) ;
#4209 = EDGE_CURVE ( 'NONE', #5864, #1538, #8699, .T. ) ;
#4210 = CIRCLE ( 'NONE', #10478, 0.07499999999999998335 ) ;
#4211 = CARTESIAN_POINT ( 'NONE',  ( -0.1750000000000000167, 0.7250000000000001998, 2.577500000000000568 ) ) ;
#4212 = LINE ( 'NONE', #9629, #1184 ) ;
#4213 = PRESENTATION_LAYER_ASSIGNMENT (  '', '', ( #9329 ) ) ;
#4214 = DIRECTION ( 'NONE',  ( 0.000000000000000000, 1.999553186960971874E-15, -1.000000000000000000 ) ) ;
#4215 = EDGE_CURVE ( 'NONE', #10882, #7904, #584, .T. ) ;
#4216 = DIRECTION ( 'NONE',  ( -1.000000000000000000, -0.000000000000000000, -0.000000000000000000 ) ) ;
#4217 = ORIENTED_EDGE ( 'NONE', *, *, #6554, .T. ) ;
#4218 = CARTESIAN_POINT ( 'NONE',  ( -0.3250000000000000111, 0.8950000000000001288, 0.4949999999999995515 ) ) ;
#4219 = VERTEX_POINT ( 'NONE', #9651 ) ;
#4220 = VECTOR ( 'NONE', #7289, 1000.000000000000000 ) ;
#4221 = PRESENTATION_STYLE_ASSIGNMENT (( #9635 ) ) ;
#4222 = VECTOR ( 'NONE', #8417, 1000.000000000000000 ) ;
#4223 = ORIENTED_EDGE ( 'NONE', *, *, #5004, .F. ) ;
#4224 = VERTEX_POINT ( 'NONE', #1588 ) ;
#4225 = CARTESIAN_POINT ( 'NONE',  ( 1.324999999999999956, 0.7250000000000001998, 2.577500000000000568 ) ) ;
#4226 = CARTESIAN_POINT ( 'NONE',  ( -1.174999999999999822, 0.6800000000000001599, 0.4949999999999995515 ) ) ;
#4227 = DIRECTION ( 'NONE',  ( 0.000000000000000000, -0.000000000000000000, 1.000000000000000000 ) ) ;
#4228 = CARTESIAN_POINT ( 'NONE',  ( -2.104999999999999982, 0.7249999999999575673, 2.154999999999999805 ) ) ;
#4229 = VECTOR ( 'NONE', #330, 1000.000000000000000 ) ;
#4230 = CARTESIAN_POINT ( 'NONE',  ( 1.324999999999999956, 0.4050000000000000266, -0.07499999999999942824 ) ) ;
#4231 = EDGE_CURVE ( 'NONE', #9181, #6450, #822, .T. ) ;
#4232 = ADVANCED_FACE ( 'NONE', ( #9154 ), #4529, .F. ) ;
#4233 = LINE ( 'NONE', #2421, #2856 ) ;
#4234 = CARTESIAN_POINT ( 'NONE',  ( 0.6750000000000000444, 0.7500000000000002220, 0.5949999999999996403 ) ) ;
#4235 = LINE ( 'NONE', #7862, #10526 ) ;
#4236 = VECTOR ( 'NONE', #10917, 1000.000000000000000 ) ;
#4237 = EDGE_CURVE ( 'NONE', #7882, #10912, #1921, .T. ) ;
#4238 = MANIFOLD_SOLID_BREP ( 'LPattern1[15]', #7161 ) ;
#4239 = EDGE_CURVE ( 'NONE', #4029, #428, #2758, .T. ) ;
#4240 = CARTESIAN_POINT ( 'NONE',  ( 1.324999999999999956, 0.3800000000000000044, -0.1749999999999994060 ) ) ;
#4241 = DIRECTION ( 'NONE',  ( -1.000000000000000000, 0.000000000000000000, 0.000000000000000000 ) ) ;
#4242 = CARTESIAN_POINT ( 'NONE',  ( 0.1750000000000002387, 0.8214213562373096078, 0.4949999999999995515 ) ) ;
#4243 = ORIENTED_EDGE ( 'NONE', *, *, #117, .F. ) ;
#4244 = CARTESIAN_POINT ( 'NONE',  ( -0.3249999999999997891, 0.6800000000000001599, 0.5949999999999996403 ) ) ;
#4245 = EDGE_CURVE ( 'NONE', #3371, #1410, #2639, .T. ) ;
#4246 = CARTESIAN_POINT ( 'NONE',  ( 2.049999999999999822, 0.6100000000000000977, -0.2050000000000007649 ) ) ;
#4247 = DIRECTION ( 'NONE',  ( 6.570922257487897174E-16, -0.000000000000000000, -1.000000000000000000 ) ) ;
#4248 = DIRECTION ( 'NONE',  ( 0.000000000000000000, 1.000000000000000000, 0.000000000000000000 ) ) ;
#4249 = EDGE_CURVE ( 'NONE', #3852, #10488, #4426, .T. ) ;
#4250 = AXIS2_PLACEMENT_3D ( 'NONE', #1940, #2003, #5674 ) ;
#4251 = VERTEX_POINT ( 'NONE', #8991 ) ;
#4252 = VECTOR ( 'NONE', #8093, 1000.000000000000000 ) ;
#4253 = LINE ( 'NONE', #6813, #10009 ) ;
#4254 = EDGE_CURVE ( 'NONE', #3135, #3857, #9713, .T. ) ;
#4255 = ORIENTED_EDGE ( 'NONE', *, *, #487, .F. ) ;
#4256 = EDGE_LOOP ( 'NONE', ( #6287, #3190, #11108, #469 ) ) ;
#4257 = VECTOR ( 'NONE', #8485, 1000.000000000000000 ) ;
#4259 = DIRECTION ( 'NONE',  ( 0.000000000000000000, 1.000000000000000000, -3.439160614977207662E-32 ) ) ;
#4258 = DIRECTION ( 'NONE',  ( 0.000000000000000000, -1.000000000000000000, 5.421010862427520198E-16 ) ) ;
#4260 = DIRECTION ( 'NONE',  ( -1.000000000000000000, 0.000000000000000000, -1.219727444046192242E-16 ) ) ;
#4261 = MANIFOLD_SOLID_BREP ( 'LPattern1[8]', #11511 ) ;
#4262 = VERTEX_POINT ( 'NONE', #9334 ) ;
#4263 = ORIENTED_EDGE ( 'NONE', *, *, #11171, .T. ) ;
#4264 = EDGE_CURVE ( 'NONE', #3856, #4805, #3637, .T. ) ;
#4265 = ORIENTED_EDGE ( 'NONE', *, *, #4038, .F. ) ;
#4266 = DIRECTION ( 'NONE',  ( -1.000000000000000000, 0.000000000000000000, -0.000000000000000000 ) ) ;
#4267 = CIRCLE ( 'NONE', #10877, 0.2999999999999998224 ) ;
#4268 = CIRCLE ( 'NONE', #6351, 0.05000000000003655687 ) ;
#4269 = ORIENTED_EDGE ( 'NONE', *, *, #5123, .T. ) ;
#4270 = LINE ( 'NONE', #7892, #6127 ) ;
#4271 = VERTEX_POINT ( 'NONE', #10347 ) ;
#4272 = DIRECTION ( 'NONE',  ( 0.000000000000000000, 0.000000000000000000, -1.000000000000000000 ) ) ;
#4273 = ORIENTED_EDGE ( 'NONE', *, *, #10161, .F. ) ;
#4274 = ORIENTED_EDGE ( 'NONE', *, *, #9888, .T. ) ;
#4275 = DIRECTION ( 'NONE',  ( -1.000000000000000000, 0.000000000000000000, 4.818676322157796389E-16 ) ) ;
#4276 = ORIENTED_EDGE ( 'NONE', *, *, #6552, .T. ) ;
#4277 = FILL_AREA_STYLE ('',( #1562 ) ) ;
#4278 = VERTEX_POINT ( 'NONE', #9454 ) ;
#4279 = PLANE ( 'NONE',  #2674 ) ;
#4280 = ORIENTED_EDGE ( 'NONE', *, *, #4735, .F. ) ;
#4281 = MECHANICAL_DESIGN_GEOMETRIC_PRESENTATION_REPRESENTATION (  '', ( #5621 ), #9780 ) ;
#4282 = MANIFOLD_SOLID_BREP ( 'LPattern1[7]', #1688 ) ;
#4283 = ORIENTED_EDGE ( 'NONE', *, *, #4509, .F. ) ;
#4284 = ORIENTED_EDGE ( 'NONE', *, *, #3582, .T. ) ;
#4285 = AXIS2_PLACEMENT_3D ( 'NONE', #4684, #3683, #4568 ) ;
#4286 = DIRECTION ( 'NONE',  ( 0.000000000000000000, 1.000000000000000000, -3.439160614977207662E-32 ) ) ;
#4287 = FACE_OUTER_BOUND ( 'NONE', #10181, .T. ) ;
#4288 = PLANE ( 'NONE',  #5498 ) ;
#4289 = LINE ( 'NONE', #7909, #6690 ) ;
#4290 = LINE ( 'NONE', #11634, #4759 ) ;
#4291 = LINE ( 'NONE', #6305, #4743 ) ;
#4292 = CARTESIAN_POINT ( 'NONE',  ( 1.684999999999999831, 0.1000000000000001305, -0.07500000000000006661 ) ) ;
#4293 = EDGE_CURVE ( 'NONE', #7762, #351, #3820, .T. ) ;
#4294 = EDGE_CURVE ( 'NONE', #949, #6646, #396, .T. ) ;
#4295 = MANIFOLD_SOLID_BREP ( 'Boss-Extrude7', #1298 ) ;
#4296 = CARTESIAN_POINT ( 'NONE',  ( 2.104999999999999538, 0.7500000000000002220, 0.2950000000000000400 ) ) ;
#4297 = LINE ( 'NONE', #7916, #7389 ) ;
#4298 = VERTEX_POINT ( 'NONE', #7444 ) ;
#4299 = LINE ( 'NONE', #3363, #10318 ) ;
#4300 = LINE ( 'NONE', #2703, #7966 ) ;
#4301 = VECTOR ( 'NONE', #6113, 1000.000000000000000 ) ;
#4302 = ORIENTED_EDGE ( 'NONE', *, *, #10552, .T. ) ;
#4303 =( LENGTH_UNIT ( ) NAMED_UNIT ( * ) SI_UNIT ( .MILLI., .METRE. ) );
#4304 = ORIENTED_EDGE ( 'NONE', *, *, #3524, .T. ) ;
#4305 = ADVANCED_FACE ( 'NONE', ( #11046 ), #10176, .F. ) ;
#4306 = DIRECTION ( 'NONE',  ( 1.000000000000000000, 0.000000000000000000, -1.219727444046192242E-16 ) ) ;
#4307 = EDGE_CURVE ( 'NONE', #8351, #6617, #8580, .T. ) ;
#4308 = VECTOR ( 'NONE', #11235, 1000.000000000000000 ) ;
#4309 = ADVANCED_FACE ( 'NONE', ( #281 ), #3888, .F. ) ;
#4310 = EDGE_CURVE ( 'NONE', #3203, #8730, #11265, .T. ) ;
#4311 = VECTOR ( 'NONE', #1251, 1000.000000000000000 ) ;
#4312 =( NAMED_UNIT ( * ) SI_UNIT ( $, .STERADIAN. ) SOLID_ANGLE_UNIT ( ) );
#4313 = EDGE_CURVE ( 'NONE', #10618, #7171, #9570, .T. ) ;
#4314 = ORIENTED_EDGE ( 'NONE', *, *, #3230, .T. ) ;
#4315 = ORIENTED_EDGE ( 'NONE', *, *, #7422, .F. ) ;
#4316 = DIRECTION ( 'NONE',  ( 0.000000000000000000, -0.000000000000000000, -1.000000000000000000 ) ) ;
#4317 = CARTESIAN_POINT ( 'NONE',  ( -0.6750000000000000444, 0.4249999987231687371, 2.517714491643439079 ) ) ;
#4319 = LINE ( 'NONE', #11598, #6718 ) ;
#4318 = CARTESIAN_POINT ( 'NONE',  ( 2.254999999999999449, 0.9000000000000002442, -0.07500000000000001110 ) ) ;
#4320 = ORIENTED_EDGE ( 'NONE', *, *, #9845, .F. ) ;
#4321 = COLOUR_RGB ( '',1.000000000000000000, 0.8117647058823529438, 0.5019607843137254832 ) ;
#4322 = DIRECTION ( 'NONE',  ( 0.000000000000000000, -3.439160614977207662E-32, -1.000000000000000000 ) ) ;
#4323 = MANIFOLD_SOLID_BREP ( 'Boss-Extrude6[5]', #7922 ) ;
#4324 = ORIENTED_EDGE ( 'NONE', *, *, #6332, .F. ) ;
#4325 = ORIENTED_EDGE ( 'NONE', *, *, #5504, .F. ) ;
#4326 = FACE_OUTER_BOUND ( 'NONE', #735, .T. ) ;
#4327 = EDGE_LOOP ( 'NONE', ( #11125, #5771, #4985, #2065, #2750, #5236, #24, #1080, #11527, #2162, #2775 ) ) ;
#4328 = EDGE_CURVE ( 'NONE', #9714, #34, #5125, .T. ) ;
#4329 = VECTOR ( 'NONE', #2830, 1000.000000000000000 ) ;
#4330 = DIRECTION ( 'NONE',  ( 0.000000000000000000, 0.000000000000000000, 1.000000000000000000 ) ) ;
#4331 = ORIENTED_EDGE ( 'NONE', *, *, #9386, .F. ) ;
#4332 = ORIENTED_EDGE ( 'NONE', *, *, #6208, .T. ) ;
#4333 = DIRECTION ( 'NONE',  ( 6.570922257487897174E-16, -0.000000000000000000, -1.000000000000000000 ) ) ;
#4334 = ORIENTED_EDGE ( 'NONE', *, *, #455, .T. ) ;
#4335 = EDGE_LOOP ( 'NONE', ( #10279, #7518, #5576, #3142 ) ) ;
#4336 = LINE ( 'NONE', #3444, #7002 ) ;
#4337 = CARTESIAN_POINT ( 'NONE',  ( -1.324999999999999956, 0.07499999999999999722, 0.1250000000000005551 ) ) ;
#4338 = VERTEX_POINT ( 'NONE', #619 ) ;
#4339 = CARTESIAN_POINT ( 'NONE',  ( -1.175000000000000044, 0.3749999987231322773, 2.517714491643438635 ) ) ;
#4340 = AXIS2_PLACEMENT_3D ( 'NONE', #10371, #4803, #349 ) ;
#4341 = EDGE_LOOP ( 'NONE', ( #3505, #6053, #8123, #8578 ) ) ;
#4342 = PLANE ( 'NONE',  #4765 ) ;
#4343 = LINE ( 'NONE', #11387, #3017 ) ;
#4344 = ORIENTED_EDGE ( 'NONE', *, *, #3881, .T. ) ;
#4345 = ORIENTED_EDGE ( 'NONE', *, *, #2204, .F. ) ;
#4346 = DIRECTION ( 'NONE',  ( -1.000000000000000000, 0.000000000000000000, -1.219727444046192242E-16 ) ) ;
#4347 =( NAMED_UNIT ( * ) PLANE_ANGLE_UNIT ( ) SI_UNIT ( $, .RADIAN. ) );
#4348 = EDGE_CURVE ( 'NONE', #2049, #7758, #7899, .T. ) ;
#4349 = DIRECTION ( 'NONE',  ( 0.000000000000000000, 0.9961946980917442129, -0.08715574274767398655 ) ) ;
#4350 = DIRECTION ( 'NONE',  ( 0.000000000000000000, 0.000000000000000000, 1.000000000000000000 ) ) ;
#4351 = DIRECTION ( 'NONE',  ( 1.000000000000000000, -0.000000000000000000, -1.219727444046192242E-16 ) ) ;
#4352 = DIRECTION ( 'NONE',  ( -1.000000000000000000, -0.000000000000000000, -0.000000000000000000 ) ) ;
#4353 = DIRECTION ( 'NONE',  ( 0.000000000000000000, 0.000000000000000000, 1.000000000000000000 ) ) ;
#4355 = ORIENTED_EDGE ( 'NONE', *, *, #2072, .T. ) ;
#4354 = CIRCLE ( 'NONE', #6056, 0.05000000000003655687 ) ;
#4356 = CARTESIAN_POINT ( 'NONE',  ( 1.955000000000000071, 0.05000000000000012768, -0.07499999999999942824 ) ) ;
#4357 = EDGE_CURVE ( 'NONE', #10187, #2459, #4212, .T. ) ;
#4358 = DIRECTION ( 'NONE',  ( 1.000000000000000000, -0.000000000000000000, -1.219727444046192242E-16 ) ) ;
#4359 = DIRECTION ( 'NONE',  ( -1.000000000000000000, -1.837630800822892264E-16, 1.148519250514307542E-16 ) ) ;
#4360 = LINE ( 'NONE', #7031, #3662 ) ;
#4361 = PLANE ( 'NONE',  #264 ) ;
#4362 = DIRECTION ( 'NONE',  ( -0.000000000000000000, 1.000000000000000000, -0.000000000000000000 ) ) ;
#4363 = VECTOR ( 'NONE', #9426, 1000.000000000000000 ) ;
#4364 = CARTESIAN_POINT ( 'NONE',  ( -1.175000000000000044, 0.08000000000000001554, -0.1749999999999994893 ) ) ;
#4365 = VERTEX_POINT ( 'NONE', #3392 ) ;
#4366 = PLANE ( 'NONE',  #3861 ) ;
#4367 = FACE_OUTER_BOUND ( 'NONE', #1707, .T. ) ;
#4368 = DIRECTION ( 'NONE',  ( 0.6246950475544267301, 0.7808688094430283888, 0.000000000000000000 ) ) ;
#4369 = CARTESIAN_POINT ( 'NONE',  ( -1.324999999999999956, 0.6865523705165764712, 2.440090270110382598 ) ) ;
#4370 = VECTOR ( 'NONE', #9368, 1000.000000000000000 ) ;
#4371 = VECTOR ( 'NONE', #4535, 1000.000000000000000 ) ;
#4372 = ORIENTED_EDGE ( 'NONE', *, *, #10200, .T. ) ;
#4373 = EDGE_LOOP ( 'NONE', ( #8121, #312, #983, #5441, #1610, #8797, #8971, #1896 ) ) ;
#4374 = AXIS2_PLACEMENT_3D ( 'NONE', #7803, #6927, #11155 ) ;
#4375 = DIRECTION ( 'NONE',  ( 0.000000000000000000, 1.000000000000000000, 2.710505431213761085E-16 ) ) ;
#4376 = LINE ( 'NONE', #3488, #3432 ) ;
#4377 = DIRECTION ( 'NONE',  ( -1.000000000000000000, -0.000000000000000000, -0.000000000000000000 ) ) ;
#4378 = EDGE_CURVE ( 'NONE', #6946, #5614, #5885, .T. ) ;
#4379 = VECTOR ( 'NONE', #11576, 1000.000000000000000 ) ;
#4380 = ORIENTED_EDGE ( 'NONE', *, *, #1000, .F. ) ;
#4381 = PLANE ( 'NONE',  #8325 ) ;
#4382 = ORIENTED_EDGE ( 'NONE', *, *, #1638, .F. ) ;
#4383 = EDGE_CURVE ( 'NONE', #4298, #4399, #11445, .T. ) ;
#4384 = EDGE_CURVE ( 'NONE', #4404, #10878, #1315, .T. ) ;
#4385 = ORIENTED_EDGE ( 'NONE', *, *, #350, .T. ) ;
#4386 = AXIS2_PLACEMENT_3D ( 'NONE', #2218, #7661, #10394 ) ;
#4387 = EDGE_LOOP ( 'NONE', ( #5233, #3205, #5664, #3106 ) ) ;
#4388 = ADVANCED_FACE ( 'NONE', ( #1559 ), #9440, .F. ) ;
#4389 = ORIENTED_EDGE ( 'NONE', *, *, #3718, .T. ) ;
#4390 = CARTESIAN_POINT ( 'NONE',  ( 2.049999999999999822, 0.7500000000000002220, 0.5949999999999996403 ) ) ;
#4391 = ORIENTED_EDGE ( 'NONE', *, *, #1273, .T. ) ;
#4392 = ORIENTED_EDGE ( 'NONE', *, *, #6660, .F. ) ;
#4393 = CARTESIAN_POINT ( 'NONE',  ( 2.049999999999999822, 0.9500000000000002887, -0.2150000000000011624 ) ) ;
#4394 = CARTESIAN_POINT ( 'NONE',  ( 2.049999999999999822, 0.8950000000000001288, 0.5327497731395587355 ) ) ;
#4395 = EDGE_CURVE ( 'NONE', #9550, #6323, #5954, .T. ) ;
#4396 = VERTEX_POINT ( 'NONE', #436 ) ;
#4397 = EDGE_CURVE ( 'NONE', #6768, #1883, #10659, .T. ) ;
#4398 = VECTOR ( 'NONE', #1402, 1000.000000000000000 ) ;
#4399 = VERTEX_POINT ( 'NONE', #6063 ) ;
#4400 = DIRECTION ( 'NONE',  ( -1.000000000000000000, -0.000000000000000000, -0.000000000000000000 ) ) ;
#4401 = MANIFOLD_SOLID_BREP ( 'LPattern1[4]', #2628 ) ;
#4402 = CIRCLE ( 'NONE', #11004, 0.05000000000003655687 ) ;
#4403 = CIRCLE ( 'NONE', #11401, 0.05000000000003655687 ) ;
#4404 = VERTEX_POINT ( 'NONE', #3661 ) ;
#4405 = ORIENTED_EDGE ( 'NONE', *, *, #2637, .T. ) ;
#4406 = CARTESIAN_POINT ( 'NONE',  ( -2.254999999999999893, 0.8300000000000000711, 0.3949999999999996292 ) ) ;
#4407 = SURFACE_SIDE_STYLE ('',( #10746 ) ) ;
#4408 = LINE ( 'NONE', #11629, #10742 ) ;
#4409 = STYLED_ITEM ( 'NONE', ( #6538 ), #4282 ) ;
#4410 = LINE ( 'NONE', #4472, #8570 ) ;
#4411 = EDGE_CURVE ( 'NONE', #9913, #4048, #10994, .T. ) ;
#4412 = CARTESIAN_POINT ( 'NONE',  ( -2.254999999999999893, 1.025000000000116707, 1.799999999999277289 ) ) ;
#4413 = CARTESIAN_POINT ( 'NONE',  ( 0.8249999999999999556, 0.6899768362638436514, 2.505000000000000338 ) ) ;
#4414 = LINE ( 'NONE', #3520, #6562 ) ;
#4415 = VECTOR ( 'NONE', #631, 1000.000000000000000 ) ;
#4416 = EDGE_LOOP ( 'NONE', ( #2323, #6585, #2344, #8242 ) ) ;
#4417 = DIRECTION ( 'NONE',  ( -1.000000000000000000, -0.000000000000000000, -0.000000000000000000 ) ) ;
#4418 = VECTOR ( 'NONE', #9066, 1000.000000000000000 ) ;
#4419 = CARTESIAN_POINT ( 'NONE',  ( 0.6750000000000000444, 0.6899768362638436514, 2.505000000000000338 ) ) ;
#4420 = FACE_OUTER_BOUND ( 'NONE', #10012, .T. ) ;
#4421 = CARTESIAN_POINT ( 'NONE',  ( 0.1750000000000000167, 0.6910569165342943521, 2.517345373982429635 ) ) ;
#4422 = ADVANCED_FACE ( 'NONE', ( #9957 ), #6384, .T. ) ;
#4423 = MANIFOLD_SOLID_BREP ( 'LPattern1[14]', #5107 ) ;
#4424 = AXIS2_PLACEMENT_3D ( 'NONE', #7730, #11395, #5205 ) ;
#4425 = PLANE ( 'NONE',  #230 ) ;
#4426 = LINE ( 'NONE', #9879, #4994 ) ;
#4427 = CARTESIAN_POINT ( 'NONE',  ( 1.449999999999999956, 0.6100000000000000977, -0.2050000000000008205 ) ) ;
#4428 = CARTESIAN_POINT ( 'NONE',  ( -0.8249999999999999556, 0.07499999999999999722, 0.1250000000000005551 ) ) ;
#4429 = VECTOR ( 'NONE', #7624, 1000.000000000000000 ) ;
#4430 = DIRECTION ( 'NONE',  ( 6.570922257487897174E-16, 0.000000000000000000, -1.000000000000000000 ) ) ;
#4431 = AXIS2_PLACEMENT_3D ( 'NONE', #9357, #1235, #6688 ) ;
#4432 = CARTESIAN_POINT ( 'NONE',  ( -0.1750000000000000167, 0.000000000000000000, 0.2250000000000005052 ) ) ;
#4433 = AXIS2_PLACEMENT_3D ( 'NONE', #6603, #8572, #10298 ) ;
#4434 = DIRECTION ( 'NONE',  ( 0.000000000000000000, 0.000000000000000000, -1.000000000000000000 ) ) ;
#4435 = FACE_OUTER_BOUND ( 'NONE', #5689, .T. ) ;
#4436 = ORIENTED_EDGE ( 'NONE', *, *, #1711, .F. ) ;
#4437 = VERTEX_POINT ( 'NONE', #226 ) ;
#4438 = EDGE_CURVE ( 'NONE', #10420, #7120, #1829, .T. ) ;
#4439 = DIRECTION ( 'NONE',  ( 0.000000000000000000, -1.000000000000000000, 0.000000000000000000 ) ) ;
#4440 = EDGE_CURVE ( 'NONE', #5762, #10541, #1939, .T. ) ;
#4441 = LINE ( 'NONE', #11649, #1737 ) ;
#4442 = CARTESIAN_POINT ( 'NONE',  ( -0.1750000000000000167, -1.203706215242022408E-32, -0.1249999999999994588 ) ) ;
#4443 = ORIENTED_EDGE ( 'NONE', *, *, #6298, .F. ) ;
#4444 = DIRECTION ( 'NONE',  ( 0.000000000000000000, 0.000000000000000000, -1.000000000000000000 ) ) ;
#4445 = MANIFOLD_SOLID_BREP ( 'LPattern1[10]', #7538 ) ;
#4446 = VECTOR ( 'NONE', #7790, 1000.000000000000000 ) ;
#4447 = ORIENTED_EDGE ( 'NONE', *, *, #5620, .F. ) ;
#4448 = VERTEX_POINT ( 'NONE', #5924 ) ;
#4449 = VERTEX_POINT ( 'NONE', #9473 ) ;
#4450 = VECTOR ( 'NONE', #7527, 1000.000000000000000 ) ;
#4451 = DIRECTION ( 'NONE',  ( -1.000000000000000000, 0.000000000000000000, -1.219727444046192242E-16 ) ) ;
#4452 = ORIENTED_EDGE ( 'NONE', *, *, #10143, .T. ) ;
#4453 = LINE ( 'NONE', #4390, #1853 ) ;
#4454 = EDGE_CURVE ( 'NONE', #11084, #10992, #9177, .T. ) ;
#4455 = EDGE_CURVE ( 'NONE', #3809, #10912, #1232, .T. ) ;
#4456 = ORIENTED_EDGE ( 'NONE', *, *, #1262, .T. ) ;
#4457 = DIRECTION ( 'NONE',  ( -1.000000000000000000, -0.000000000000000000, -0.000000000000000000 ) ) ;
#4458 = CARTESIAN_POINT ( 'NONE',  ( -2.104999999999999538, 0.3585295238724372502, 0.1991481456572266606 ) ) ;
#4459 = ORIENTED_EDGE ( 'NONE', *, *, #9527, .F. ) ;
#4460 = VECTOR ( 'NONE', #7504, 1000.000000000000114 ) ;
#4461 = ORIENTED_EDGE ( 'NONE', *, *, #9679, .T. ) ;
#4462 = CARTESIAN_POINT ( 'NONE',  ( 1.175000000000000044, 0.6910569165342943521, 2.517345373982429635 ) ) ;
#4463 = ADVANCED_FACE ( 'NONE', ( #9539 ), #1409, .T. ) ;
#4464 = EDGE_CURVE ( 'NONE', #7891, #3203, #8583, .T. ) ;
#4465 = ORIENTED_EDGE ( 'NONE', *, *, #9677, .T. ) ;
#4466 = ORIENTED_EDGE ( 'NONE', *, *, #1760, .T. ) ;
#4467 = LINE ( 'NONE', #11669, #7792 ) ;
#4468 = PLANE ( 'NONE',  #3691 ) ;
#4469 = EDGE_CURVE ( 'NONE', #3250, #1627, #8970, .T. ) ;
#4470 = AXIS2_PLACEMENT_3D ( 'NONE', #8214, #115, #5500 ) ;
#4471 = CARTESIAN_POINT ( 'NONE',  ( 0.3250000000000000111, 0.4249999987231687371, 2.517714491643439079 ) ) ;
#4472 = CARTESIAN_POINT ( 'NONE',  ( 0.1750000000000000167, 0.3615000000000000990, 2.125000000000000000 ) ) ;
#4473 = DIRECTION ( 'NONE',  ( -1.000000000000000000, -0.000000000000000000, -0.000000000000000000 ) ) ;
#4474 = LINE ( 'NONE', #3574, #8331 ) ;
#4475 = CARTESIAN_POINT ( 'NONE',  ( -2.049999999999999822, 0.4099999999999999756, 0.5949999999999996403 ) ) ;
#4476 = EDGE_CURVE ( 'NONE', #5009, #3824, #8646, .T. ) ;
#4477 = MECHANICAL_DESIGN_GEOMETRIC_PRESENTATION_REPRESENTATION (  '', ( #6370 ), #7499 ) ;
#4478 = CARTESIAN_POINT ( 'NONE',  ( -2.104999999999999538, 0.3585295238724372502, 0.1991481456572266884 ) ) ;
#4479 = DIRECTION ( 'NONE',  ( 0.000000000000000000, -1.445602896647339508E-15, 1.000000000000000000 ) ) ;
#4480 = LINE ( 'NONE', #4427, #8770 ) ;
#4481 = CARTESIAN_POINT ( 'NONE',  ( 0.8249999999999999556, 0.03000000000000000930, -0.1749999999999994615 ) ) ;
#4482 = LINE ( 'NONE', #3416, #9486 ) ;
#4483 = EDGE_LOOP ( 'NONE', ( #5833, #68, #11651, #2737, #4461, #9198, #614, #7617, #4622, #3889, #10211, #8684 ) ) ;
#4484 = DIRECTION ( 'NONE',  ( 0.000000000000000000, 0.000000000000000000, 1.000000000000000000 ) ) ;
#4485 =( GEOMETRIC_REPRESENTATION_CONTEXT ( 3 ) GLOBAL_UNCERTAINTY_ASSIGNED_CONTEXT ( ( #2819 ) ) GLOBAL_UNIT_ASSIGNED_CONTEXT ( ( #5086, #6732, #8568 ) ) REPRESENTATION_CONTEXT ( 'NONE', 'WORKASPACE' ) );
#4486 = DIRECTION ( 'NONE',  ( -1.000000000000000000, -0.000000000000000000, -0.000000000000000000 ) ) ;
#4487 = VERTEX_POINT ( 'NONE', #6806 ) ;
#4488 = ORIENTED_EDGE ( 'NONE', *, *, #7940, .T. ) ;
#4489 = CARTESIAN_POINT ( 'NONE',  ( 0.1750000000000000167, 0.6800000000000001599, 0.4949999999999995515 ) ) ;
#4490 = FACE_OUTER_BOUND ( 'NONE', #7329, .T. ) ;
#4491 = DIRECTION ( 'NONE',  ( -1.837630800822892264E-16, -1.000000000000000000, 2.241408719788263716E-32 ) ) ;
#4492 = EDGE_LOOP ( 'NONE', ( #11080, #9062, #8547, #585 ) ) ;
#4493 = CARTESIAN_POINT ( 'NONE',  ( -0.8249999999999999556, 0.1000000000000001027, 0.1250000000000005551 ) ) ;
#4494 = VERTEX_POINT ( 'NONE', #2184 ) ;
#4495 = FACE_OUTER_BOUND ( 'NONE', #6135, .T. ) ;
#4496 = CARTESIAN_POINT ( 'NONE',  ( 2.254999999999999449, 0.9000000000000002442, 0.8249999999999999556 ) ) ;
#4497 = ORIENTED_EDGE ( 'NONE', *, *, #9546, .F. ) ;
#4498 = CARTESIAN_POINT ( 'NONE',  ( -0.6750000000000000444, 0.3350000000000001310, 2.709999999999999964 ) ) ;
#4499 = ORIENTED_EDGE ( 'NONE', *, *, #3723, .T. ) ;
#4500 = VECTOR ( 'NONE', #3949, 1000.000000000000000 ) ;
#4501 = ORIENTED_EDGE ( 'NONE', *, *, #2122, .F. ) ;
#4502 = CARTESIAN_POINT ( 'NONE',  ( 0.6750000000000000444, 0.7500000000000002220, 0.5949999999999996403 ) ) ;
#4503 = DIRECTION ( 'NONE',  ( 0.000000000000000000, -1.000000000000000000, 0.000000000000000000 ) ) ;
#4504 = ORIENTED_EDGE ( 'NONE', *, *, #4411, .F. ) ;
#4505 = SURFACE_STYLE_USAGE ( .BOTH. , #3845 ) ;
#4506 = ORIENTED_EDGE ( 'NONE', *, *, #1583, .T. ) ;
#4507 = CARTESIAN_POINT ( 'NONE',  ( -2.500000000000000444, 0.1000000000000001305, 2.125000000000000000 ) ) ;
#4508 = CIRCLE ( 'NONE', #9052, 0.1499999999999999667 ) ;
#4509 = EDGE_CURVE ( 'NONE', #2211, #8849, #402, .T. ) ;
#4510 = DIRECTION ( 'NONE',  ( -1.000000000000000000, -0.000000000000000000, -1.219727444046192242E-16 ) ) ;
#4511 =( NAMED_UNIT ( * ) SI_UNIT ( $, .STERADIAN. ) SOLID_ANGLE_UNIT ( ) );
#4512 = ORIENTED_EDGE ( 'NONE', *, *, #1765, .F. ) ;
#4513 = EDGE_CURVE ( 'NONE', #10912, #5120, #7508, .T. ) ;
#4514 = ORIENTED_EDGE ( 'NONE', *, *, #11559, .F. ) ;
#4515 = CARTESIAN_POINT ( 'NONE',  ( 2.254999999999999449, 0.9000000000000002442, -0.07499999999999998335 ) ) ;
#4516 = DIRECTION ( 'NONE',  ( 1.000000000000000000, 0.000000000000000000, 0.000000000000000000 ) ) ;
#4517 = CARTESIAN_POINT ( 'NONE',  ( 0.1750000000000000167, 0.6800000000000001599, 0.4949999999999995515 ) ) ;
#4518 = EDGE_CURVE ( 'NONE', #3671, #617, #10238, .T. ) ;
#4519 = EDGE_CURVE ( 'NONE', #1790, #8178, #11228, .T. ) ;
#4520 = VERTEX_POINT ( 'NONE', #11162 ) ;
#4521 = DIRECTION ( 'NONE',  ( 3.093406186377055194E-32, -1.000000000000000000, 2.536145432716774083E-16 ) ) ;
#4522 = CARTESIAN_POINT ( 'NONE',  ( -1.665000000000000480, 0.2900000000000000910, 0.8250000000000003997 ) ) ;
#4523 = CARTESIAN_POINT ( 'NONE',  ( -0.8249999999999999556, 0.6800000000000001599, 0.4949999999999995515 ) ) ;
#4524 = EDGE_CURVE ( 'NONE', #9676, #10429, #7813, .T. ) ;
#4525 = DIRECTION ( 'NONE',  ( 0.000000000000000000, -9.035018104045865024E-16, 1.000000000000000000 ) ) ;
#4526 = ADVANCED_FACE ( 'NONE', ( #1478 ), #4184, .F. ) ;
#4527 = EDGE_CURVE ( 'NONE', #8512, #444, #5320, .T. ) ;
#4528 = LINE ( 'NONE', #8140, #10069 ) ;
#4529 = PLANE ( 'NONE',  #1935 ) ;
#4530 = PLANE ( 'NONE',  #3079 ) ;
#4531 = VECTOR ( 'NONE', #1391, 1000.000000000000000 ) ;
#4532 = CARTESIAN_POINT ( 'NONE',  ( 0.8249999999999999556, 0.1000000000000001027, 0.1250000000000005551 ) ) ;
#4533 = CARTESIAN_POINT ( 'NONE',  ( 2.104999999999999982, 1.025000000000116707, 1.799999999999277289 ) ) ;
#4534 = ADVANCED_FACE ( 'NONE', ( #10042 ), #9037, .T. ) ;
#4535 = DIRECTION ( 'NONE',  ( 1.000000000000000000, -0.000000000000000000, -1.219727444046192242E-16 ) ) ;
#4536 = ORIENTED_EDGE ( 'NONE', *, *, #7067, .T. ) ;
#4537 = LINE ( 'NONE', #10874, #2095 ) ;
#4538 = PRESENTATION_LAYER_ASSIGNMENT (  '', '', ( #10964 ) ) ;
#4539 = VECTOR ( 'NONE', #7641, 1000.000000000000000 ) ;
#4540 = ORIENTED_EDGE ( 'NONE', *, *, #7494, .F. ) ;
#4541 = LINE ( 'NONE', #9784, #7293 ) ;
#4542 = CARTESIAN_POINT ( 'NONE',  ( -0.3250000000000000111, 0.4050000000000000266, -0.07499999999999942824 ) ) ;
#4543 = DIRECTION ( 'NONE',  ( -1.000000000000000000, -0.000000000000000000, -0.000000000000000000 ) ) ;
#4544 = EDGE_CURVE ( 'NONE', #1010, #2828, #2754, .T. ) ;
#4545 = ORIENTED_EDGE ( 'NONE', *, *, #2447, .F. ) ;
#4546 = DIRECTION ( 'NONE',  ( 0.000000000000000000, -1.000000000000000000, 0.000000000000000000 ) ) ;
#4547 = FILL_AREA_STYLE_COLOUR ( '', #7241 ) ;
#4548 = CIRCLE ( 'NONE', #968, 0.02499999999999987649 ) ;
#4549 = ORIENTED_EDGE ( 'NONE', *, *, #7539, .T. ) ;
#4550 = VECTOR ( 'NONE', #2183, 1000.000000000000000 ) ;
#4551 = DIRECTION ( 'NONE',  ( 0.000000000000000000, 0.7071067811865475727, -0.7071067811865475727 ) ) ;
#4552 = ORIENTED_EDGE ( 'NONE', *, *, #4817, .F. ) ;
#4553 = DIRECTION ( 'NONE',  ( 0.000000000000000000, 1.000000000000000000, 0.000000000000000000 ) ) ;
#4554 = EDGE_CURVE ( 'NONE', #4487, #11411, #7307, .T. ) ;
#4555 = LINE ( 'NONE', #8167, #2262 ) ;
#4556 = VECTOR ( 'NONE', #10756, 1000.000000000000000 ) ;
#4557 = VECTOR ( 'NONE', #2109, 1000.000000000000000 ) ;
#4558 = ORIENTED_EDGE ( 'NONE', *, *, #3381, .T. ) ;
#4559 = ORIENTED_EDGE ( 'NONE', *, *, #8941, .F. ) ;
#4560 = ADVANCED_FACE ( 'NONE', ( #4420 ), #3695, .F. ) ;
#4561 = ORIENTED_EDGE ( 'NONE', *, *, #6778, .T. ) ;
#4562 = CARTESIAN_POINT ( 'NONE',  ( 1.665000000000000702, 0.2900000000000000910, -0.07499999999999994171 ) ) ;
#4563 = DIRECTION ( 'NONE',  ( 1.000000000000000000, -0.000000000000000000, -1.219727444046192242E-16 ) ) ;
#4564 = ORIENTED_EDGE ( 'NONE', *, *, #3577, .F. ) ;
#4565 = ORIENTED_EDGE ( 'NONE', *, *, #7721, .F. ) ;
#4566 = LINE ( 'NONE', #965, #10815 ) ;
#4567 = EDGE_LOOP ( 'NONE', ( #2547, #8007, #3002, #8302 ) ) ;
#4568 = DIRECTION ( 'NONE',  ( 0.000000000000000000, -0.000000000000000000, 1.000000000000000000 ) ) ;
#4569 = ORIENTED_EDGE ( 'NONE', *, *, #3877, .F. ) ;
#4570 = LINE ( 'NONE', #1803, #4637 ) ;
#4571 = VECTOR ( 'NONE', #10819, 1000.000000000000000 ) ;
#4572 = AXIS2_PLACEMENT_3D ( 'NONE', #4296, #8812, #11466 ) ;
#4573 = ORIENTED_EDGE ( 'NONE', *, *, #2503, .F. ) ;
#4574 = LINE ( 'NONE', #5429, #1375 ) ;
#4575 = ORIENTED_EDGE ( 'NONE', *, *, #9311, .F. ) ;
#4576 = FILL_AREA_STYLE ('',( #3803 ) ) ;
#4577 = ORIENTED_EDGE ( 'NONE', *, *, #7201, .F. ) ;
#4578 = DIRECTION ( 'NONE',  ( 0.000000000000000000, 0.000000000000000000, -1.000000000000000000 ) ) ;
#4579 = ORIENTED_EDGE ( 'NONE', *, *, #257, .F. ) ;
#4580 = CARTESIAN_POINT ( 'NONE',  ( -0.6750000000000000444, -1.203706215242022408E-32, -0.1249999999999994588 ) ) ;
#4581 = CIRCLE ( 'NONE', #9711, 0.04999999999999999584 ) ;
#4582 = STYLED_ITEM ( 'NONE', ( #1699 ), #4238 ) ;
#4583 = LINE ( 'NONE', #9878, #11182 ) ;
#4584 = CARTESIAN_POINT ( 'NONE',  ( 0.000000000000000000, 0.8950000000000001288, 0.000000000000000000 ) ) ;
#4585 = CARTESIAN_POINT ( 'NONE',  ( -2.104999999999999982, 0.1029422863393472526, 2.179999999999999716 ) ) ;
#4586 = AXIS2_PLACEMENT_3D ( 'NONE', #5215, #10052, #1922 ) ;
#4587 = ADVANCED_FACE ( 'NONE', ( #7187 ), #3525, .F. ) ;
#4588 = DIRECTION ( 'NONE',  ( -0.000000000000000000, -1.000000000000000000, -0.000000000000000000 ) ) ;
#4589 = CARTESIAN_POINT ( 'NONE',  ( 0.3250000000000000111, 0.6999090492244378625, 2.541666408662616394 ) ) ;
#4590 = AXIS2_PLACEMENT_3D ( 'NONE', #538, #11486, #5173 ) ;
#4591 = CARTESIAN_POINT ( 'NONE',  ( 0.1749999999999998224, 0.6800000000000001599, 0.4449999999999996736 ) ) ;
#4592 = CARTESIAN_POINT ( 'NONE',  ( -1.324999999999999956, 0.8950000000000001288, 0.4949999999999995515 ) ) ;
#4593 = DIRECTION ( 'NONE',  ( 0.000000000000000000, 1.000000000000000000, -3.439160614977207662E-32 ) ) ;
#4594 = CARTESIAN_POINT ( 'NONE',  ( -0.3250000000000000111, 0.1000000000000001305, -0.07500000000000003886 ) ) ;
#4595 = EDGE_CURVE ( 'NONE', #5828, #10619, #845, .T. ) ;
#4596 = VECTOR ( 'NONE', #7485, 1000.000000000000000 ) ;
#4597 = VECTOR ( 'NONE', #2574, 1000.000000000000000 ) ;
#4598 = EDGE_CURVE ( 'NONE', #6955, #6765, #2362, .T. ) ;
#4599 = EDGE_CURVE ( 'NONE', #9777, #10661, #3601, .T. ) ;
#4600 = CARTESIAN_POINT ( 'NONE',  ( -1.175000000000000044, 0.1000000000000001027, 0.1250000000000005551 ) ) ;
#4601 = AXIS2_PLACEMENT_3D ( 'NONE', #9821, #10915, #8861 ) ;
#4602 = ORIENTED_EDGE ( 'NONE', *, *, #4697, .F. ) ;
#4603 = EDGE_CURVE ( 'NONE', #11523, #4144, #783, .T. ) ;
#4604 = PLANE ( 'NONE',  #8049 ) ;
#4605 = DIRECTION ( 'NONE',  ( 3.942553354492744024E-16, 0.000000000000000000, 1.000000000000000000 ) ) ;
#4606 = ORIENTED_EDGE ( 'NONE', *, *, #6262, .T. ) ;
#4607 = LINE ( 'NONE', #3715, #1724 ) ;
#4608 = CIRCLE ( 'NONE', #4041, 0.05000000000003655687 ) ;
#4609 = LINE ( 'NONE', #9179, #3487 ) ;
#4610 = ORIENTED_EDGE ( 'NONE', *, *, #318, .F. ) ;
#4611 = ORIENTED_EDGE ( 'NONE', *, *, #6332, .T. ) ;
#4612 = ADVANCED_FACE ( 'NONE', ( #9904 ), #1783, .F. ) ;
#4613 = VERTEX_POINT ( 'NONE', #11653 ) ;
#4614 = COLOUR_RGB ( '',0.7921568627450980005, 0.8196078431372548767, 0.9333333333333333481 ) ;
#4615 = EDGE_LOOP ( 'NONE', ( #9818, #6239, #3249, #4456 ) ) ;
#4616 = CARTESIAN_POINT ( 'NONE',  ( 1.955000000000000071, 0.1000000000000001305, -0.07499999999999942824 ) ) ;
#4617 = AXIS2_PLACEMENT_3D ( 'NONE', #7684, #11290, #3186 ) ;
#4618 = CARTESIAN_POINT ( 'NONE',  ( -0.8249999999999999556, 1.792020331853238969E-17, 0.2250000000000005329 ) ) ;
#4619 = CARTESIAN_POINT ( 'NONE',  ( 0.3250000000000000111, 0.6865523705165764712, 2.440090270110382598 ) ) ;
#4620 = CARTESIAN_POINT ( 'NONE',  ( -2.104999999999999538, 0.3650000000000001577, 0.02000000000000003511 ) ) ;
#4621 = DIRECTION ( 'NONE',  ( 0.000000000000000000, 1.000000000000000000, 9.035018104045866996E-16 ) ) ;
#4622 = ORIENTED_EDGE ( 'NONE', *, *, #7136, .F. ) ;
#4623 = DIRECTION ( 'NONE',  ( 0.000000000000000000, 1.000000000000000000, 0.000000000000000000 ) ) ;
#4624 = ORIENTED_EDGE ( 'NONE', *, *, #7484, .F. ) ;
#4625 = CIRCLE ( 'NONE', #3311, 0.02499999999999991118 ) ;
#4626 = AXIS2_PLACEMENT_3D ( 'NONE', #1474, #465, #7683 ) ;
#4627 = DIRECTION ( 'NONE',  ( -1.000000000000000000, -0.000000000000000000, -0.000000000000000000 ) ) ;
#4628 = LINE ( 'NONE', #8241, #3710 ) ;
#4629 = ORIENTED_EDGE ( 'NONE', *, *, #7925, .F. ) ;
#4630 = CARTESIAN_POINT ( 'NONE',  ( -0.1750000000000000167, 0.3800000000000000044, -0.1749999999999994060 ) ) ;
#4631 = FACE_OUTER_BOUND ( 'NONE', #963, .T. ) ;
#4632 = ORIENTED_EDGE ( 'NONE', *, *, #936, .T. ) ;
#4633 = FACE_OUTER_BOUND ( 'NONE', #7279, .T. ) ;
#4634 = ORIENTED_EDGE ( 'NONE', *, *, #8868, .T. ) ;
#4635 = PLANE ( 'NONE',  #2128 ) ;
#4636 = CARTESIAN_POINT ( 'NONE',  ( 0.8249999999999999556, 0.4197467168032661955, 2.540024382298945227 ) ) ;
#4637 = VECTOR ( 'NONE', #9078, 1000.000000000000000 ) ;
#4638 = CARTESIAN_POINT ( 'NONE',  ( -2.104999999999999538, 0.5329422863405998134, 0.2449999999999999956 ) ) ;
#4639 = DIRECTION ( 'NONE',  ( 0.000000000000000000, -0.7071067811865462405, -0.7071067811865489050 ) ) ;
#4640 = CARTESIAN_POINT ( 'NONE',  ( 2.104999999999999538, 0.3400000000000002465, 0.02000000000000010450 ) ) ;
#4641 = VECTOR ( 'NONE', #4057, 1000.000000000000000 ) ;
#4642 = VECTOR ( 'NONE', #6467, 1000.000000000000000 ) ;
#4643 = ORIENTED_EDGE ( 'NONE', *, *, #1909, .F. ) ;
#4644 = CARTESIAN_POINT ( 'NONE',  ( -0.3250000000000000111, 0.6865523705165764712, 2.440090270110382598 ) ) ;
#4645 = DIRECTION ( 'NONE',  ( 1.000000000000000000, 0.000000000000000000, 0.000000000000000000 ) ) ;
#4646 = DIRECTION ( 'NONE',  ( 0.000000000000000000, 0.000000000000000000, 1.000000000000000000 ) ) ;
#4647 = DIRECTION ( 'NONE',  ( 0.000000000000000000, -1.000000000000000000, 0.000000000000000000 ) ) ;
#4648 = DIRECTION ( 'NONE',  ( -1.000000000000000000, -0.000000000000000000, -0.000000000000000000 ) ) ;
#4649 = CARTESIAN_POINT ( 'NONE',  ( 0.8250000000000001776, 0.6800000000000001599, 0.4949999999999995515 ) ) ;
#4650 = FACE_OUTER_BOUND ( 'NONE', #7524, .T. ) ;
#4651 = SURFACE_STYLE_USAGE ( .BOTH. , #5722 ) ;
#4652 = CARTESIAN_POINT ( 'NONE',  ( -0.8249999999999999556, 0.07500000000000001110, 0.1500000000000005496 ) ) ;
#4653 = VECTOR ( 'NONE', #1464, 1000.000000000000000 ) ;
#4654 = ADVANCED_FACE ( 'NONE', ( #7888 ), #10779, .T. ) ;
#4655 = EDGE_CURVE ( 'NONE', #3015, #9021, #9734, .T. ) ;
#4656 = VERTEX_POINT ( 'NONE', #6998 ) ;
#4657 = DIRECTION ( 'NONE',  ( 0.000000000000000000, 0.000000000000000000, 1.000000000000000000 ) ) ;
#4658 = ADVANCED_FACE ( 'NONE', ( #4495 ), #3382, .F. ) ;
#4659 = ORIENTED_EDGE ( 'NONE', *, *, #4157, .T. ) ;
#4660 = CARTESIAN_POINT ( 'NONE',  ( 0.8249999999999999556, 0.08000000000000000167, -0.1749999999999994893 ) ) ;
#4661 = DIRECTION ( 'NONE',  ( 0.000000000000000000, 0.000000000000000000, 1.000000000000000000 ) ) ;
#4662 = EDGE_CURVE ( 'NONE', #1236, #4494, #7060, .T. ) ;
#4663 = ADVANCED_FACE ( 'NONE', ( #4326 ), #6335, .F. ) ;
#4664 = DIRECTION ( 'NONE',  ( 0.000000000000000000, -3.439160614977207662E-32, -1.000000000000000000 ) ) ;
#4665 = ORIENTED_EDGE ( 'NONE', *, *, #565, .T. ) ;
#4666 = ORIENTED_EDGE ( 'NONE', *, *, #9896, .F. ) ;
#4667 = LINE ( 'NONE', #2006, #8782 ) ;
#4668 = ADVANCED_FACE ( 'NONE', ( #671 ), #10613, .F. ) ;
#4669 = EDGE_CURVE ( 'NONE', #9356, #1491, #6170, .T. ) ;
#4670 = AXIS2_PLACEMENT_3D ( 'NONE', #3197, #2493, #8657 ) ;
#4671 = FACE_OUTER_BOUND ( 'NONE', #11304, .T. ) ;
#4672 = ORIENTED_EDGE ( 'NONE', *, *, #5754, .F. ) ;
#4673 = CARTESIAN_POINT ( 'NONE',  ( 1.665000000000000924, 0.2900000000000000910, 0.8249999999999999556 ) ) ;
#4674 = ORIENTED_EDGE ( 'NONE', *, *, #164, .F. ) ;
#4675 = CARTESIAN_POINT ( 'NONE',  ( -0.3250000000000000111, 0.8950000000000001288, 0.8249999999999999556 ) ) ;
#4676 = CARTESIAN_POINT ( 'NONE',  ( -0.6750000000000000444, -1.203706215242022408E-32, -0.1249999999999994588 ) ) ;
#4677 = EDGE_CURVE ( 'NONE', #8480, #856, #9167, .T. ) ;
#4678 = DIRECTION ( 'NONE',  ( 6.570922257487897174E-16, -0.000000000000000000, -1.000000000000000000 ) ) ;
#4679 = VERTEX_POINT ( 'NONE', #215 ) ;
#4680 = CARTESIAN_POINT ( 'NONE',  ( -2.049999999999999822, 0.8300000000000000711, 0.4449999999999996736 ) ) ;
#4681 = VERTEX_POINT ( 'NONE', #1109 ) ;
#4682 = CARTESIAN_POINT ( 'NONE',  ( -1.324999999999999956, 0.7408666514389177227, 2.512987586845043531 ) ) ;
#4683 = LINE ( 'NONE', #8293, #6039 ) ;
#4684 = CARTESIAN_POINT ( 'NONE',  ( 0.000000000000000000, 0.3350000000000001310, 0.000000000000000000 ) ) ;
#4685 = EDGE_LOOP ( 'NONE', ( #3141, #422, #4389, #11507 ) ) ;
#4686 = DIRECTION ( 'NONE',  ( 0.000000000000000000, -0.7071067811865492381, 0.7071067811865457964 ) ) ;
#4687 = CARTESIAN_POINT ( 'NONE',  ( 2.254999999999999893, 0.8300000000000000711, 0.4449999999999996736 ) ) ;
#4688 = VECTOR ( 'NONE', #8668, 1000.000000000000000 ) ;
#4689 = EDGE_LOOP ( 'NONE', ( #9658, #4995, #10033, #9432, #10386 ) ) ;
#4690 = DIRECTION ( 'NONE',  ( 0.000000000000000000, -0.000000000000000000, -1.000000000000000000 ) ) ;
#4691 = ORIENTED_EDGE ( 'NONE', *, *, #9265, .F. ) ;
#4692 = DIRECTION ( 'NONE',  ( 1.000000000000000000, 0.000000000000000000, 0.000000000000000000 ) ) ;
#4693 = FACE_OUTER_BOUND ( 'NONE', #9358, .T. ) ;
#4694 = ORIENTED_EDGE ( 'NONE', *, *, #10657, .F. ) ;
#4695 = CARTESIAN_POINT ( 'NONE',  ( -1.324999999999999956, 0.3800000000000000044, -0.09999999999999956146 ) ) ;
#4696 = ORIENTED_EDGE ( 'NONE', *, *, #4307, .T. ) ;
#4697 = EDGE_CURVE ( 'NONE', #5999, #5772, #6129, .T. ) ;
#4698 = CLOSED_SHELL ( 'NONE', ( #8119, #63, #2582, #4840, #8348, #3546, #11637, #1267, #6491, #5906, #520, #1275, #6156 ) ) ;
#4699 = ORIENTED_EDGE ( 'NONE', *, *, #10143, .F. ) ;
#4700 = CARTESIAN_POINT ( 'NONE',  ( 2.049999999999999822, 0.9500000000000002887, 0.3949999999999995182 ) ) ;
#4701 = LINE ( 'NONE', #10868, #10280 ) ;
#4702 = PLANE ( 'NONE',  #5026 ) ;
#4703 = DIRECTION ( 'NONE',  ( -1.000000000000000000, -0.000000000000000000, -0.000000000000000000 ) ) ;
#4704 = FACE_OUTER_BOUND ( 'NONE', #4387, .T. ) ;
#4705 = DIRECTION ( 'NONE',  ( -0.7808688094430283888, -0.6246950475544267301, 0.000000000000000000 ) ) ;
#4706 = ORIENTED_EDGE ( 'NONE', *, *, #10943, .F. ) ;
#4707 = LINE ( 'NONE', #9271, #1908 ) ;
#4708 = LINE ( 'NONE', #11042, #11180 ) ;
#4709 = CARTESIAN_POINT ( 'NONE',  ( 1.175000000000000044, 0.4249999987231687371, 2.517714491643439079 ) ) ;
#4710 = AXIS2_PLACEMENT_3D ( 'NONE', #6897, #5119, #7894 ) ;
#4711 = EDGE_CURVE ( 'NONE', #7058, #10942, #8736, .T. ) ;
#4712 = LINE ( 'NONE', #6797, #10674 ) ;
#4713 = VERTEX_POINT ( 'NONE', #687 ) ;
#4714 = CARTESIAN_POINT ( 'NONE',  ( -0.3250000000000000111, 0.6800000000000001599, 0.8249999999999999556 ) ) ;
#4715 = PLANE ( 'NONE',  #6330 ) ;
#4716 = PRESENTATION_LAYER_ASSIGNMENT (  '', '', ( #2079 ) ) ;
#4717 = ORIENTED_EDGE ( 'NONE', *, *, #6761, .F. ) ;
#4718 = ADVANCED_FACE ( 'NONE', ( #3909 ), #10147, .F. ) ;
#4719 = FACE_OUTER_BOUND ( 'NONE', #7804, .T. ) ;
#4720 = ORIENTED_EDGE ( 'NONE', *, *, #8879, .T. ) ;
#4721 = CARTESIAN_POINT ( 'NONE',  ( -1.324999999999999956, 0.8950000000000001288, 0.8249999999999999556 ) ) ;
#4722 = ORIENTED_EDGE ( 'NONE', *, *, #5080, .T. ) ;
#4723 = COLOUR_RGB ( '',0.7921568627450980005, 0.8196078431372548767, 0.9333333333333333481 ) ;
#4724 = ORIENTED_EDGE ( 'NONE', *, *, #10908, .F. ) ;
#4725 = PLANE ( 'NONE',  #6692 ) ;
#4726 = CARTESIAN_POINT ( 'NONE',  ( -2.104999999999999982, 0.9250000000001167288, 2.724999999999276667 ) ) ;
#4727 = EDGE_CURVE ( 'NONE', #804, #4152, #1769, .T. ) ;
#4728 = ORIENTED_EDGE ( 'NONE', *, *, #9311, .T. ) ;
#4729 = PLANE ( 'NONE',  #4374 ) ;
#4730 = CIRCLE ( 'NONE', #7024, 0.02499999999999990771 ) ;
#4731 = FACE_OUTER_BOUND ( 'NONE', #1546, .T. ) ;
#4732 = VECTOR ( 'NONE', #6576, 1000.000000000000000 ) ;
#4733 = DIRECTION ( 'NONE',  ( 1.000000000000000000, 0.000000000000000000, 0.000000000000000000 ) ) ;
#4734 = ADVANCED_FACE ( 'NONE', ( #9372 ), #10083, .T. ) ;
#4735 = EDGE_CURVE ( 'NONE', #3324, #5379, #2902, .T. ) ;
#4736 = PRESENTATION_STYLE_ASSIGNMENT (( #10946 ) ) ;
#4737 = LINE ( 'NONE', #1024, #8428 ) ;
#4738 = EDGE_LOOP ( 'NONE', ( #9685, #8603, #5583, #3181, #1097, #1297, #4061, #5294 ) ) ;
#4739 = DIRECTION ( 'NONE',  ( -1.000000000000000000, -0.000000000000000000, -0.000000000000000000 ) ) ;
#4740 = EDGE_LOOP ( 'NONE', ( #7363, #926, #3031, #8954 ) ) ;
#4741 = CARTESIAN_POINT ( 'NONE',  ( -1.175000000000000044, 0.3749999987231322773, 2.517714491643438635 ) ) ;
#4742 = CARTESIAN_POINT ( 'NONE',  ( 2.104999999999999538, 1.050000000000000044, 0.2950000000000000400 ) ) ;
#4743 = VECTOR ( 'NONE', #2525, 1000.000000000000000 ) ;
#4744 = EDGE_CURVE ( 'NONE', #2828, #4089, #7521, .T. ) ;
#4745 = VECTOR ( 'NONE', #8764, 1000.000000000000000 ) ;
#4746 = ORIENTED_EDGE ( 'NONE', *, *, #10379, .F. ) ;
#4747 = VECTOR ( 'NONE', #8939, 1000.000000000000000 ) ;
#4748 = EDGE_CURVE ( 'NONE', #10429, #9745, #6582, .T. ) ;
#4749 = ORIENTED_EDGE ( 'NONE', *, *, #1806, .T. ) ;
#4750 = LINE ( 'NONE', #3913, #6157 ) ;
#4751 = LINE ( 'NONE', #8353, #5407 ) ;
#4752 = EDGE_CURVE ( 'NONE', #255, #7058, #305, .T. ) ;
#4753 = VERTEX_POINT ( 'NONE', #11183 ) ;
#4754 = CYLINDRICAL_SURFACE ( 'NONE', #4867, 0.02499999999999941505 ) ;
#4755 = VERTEX_POINT ( 'NONE', #6452 ) ;
#4756 = CARTESIAN_POINT ( 'NONE',  ( 0.000000000000000000, 1.050000000000000044, 0.000000000000000000 ) ) ;
#4757 = EDGE_CURVE ( 'NONE', #11190, #1712, #9918, .T. ) ;
#4758 = VECTOR ( 'NONE', #7437, 1000.000000000000000 ) ;
#4759 = VECTOR ( 'NONE', #6191, 1000.000000000000000 ) ;
#4760 = ORIENTED_EDGE ( 'NONE', *, *, #5360, .T. ) ;
#4761 = CARTESIAN_POINT ( 'NONE',  ( 0.3250000000000000111, 0.4197467168032661955, 2.540024382298945227 ) ) ;
#4762 = PLANE ( 'NONE',  #6091 ) ;
#4763 = ORIENTED_EDGE ( 'NONE', *, *, #487, .T. ) ;
#4764 = AXIS2_PLACEMENT_3D ( 'NONE', #2234, #1278, #9406 ) ;
#4765 = AXIS2_PLACEMENT_3D ( 'NONE', #2675, #1564, #1680 ) ;
#4766 = ADVANCED_FACE ( 'NONE', ( #9133 ), #3019, .T. ) ;
#4767 = EDGE_LOOP ( 'NONE', ( #2009, #8268, #5755, #5053 ) ) ;
#4768 = DIRECTION ( 'NONE',  ( -1.000000000000000000, -0.000000000000000000, -0.000000000000000000 ) ) ;
#4769 = VECTOR ( 'NONE', #4346, 1000.000000000000000 ) ;
#4770 = CARTESIAN_POINT ( 'NONE',  ( 2.049999999999999822, 1.050000000000000044, -0.8050000000000003819 ) ) ;
#4771 = DIRECTION ( 'NONE',  ( 0.000000000000000000, -0.000000000000000000, -1.000000000000000000 ) ) ;
#4772 = PLANE ( 'NONE',  #5968 ) ;
#4773 = DIRECTION ( 'NONE',  ( 0.000000000000000000, 0.000000000000000000, 1.000000000000000000 ) ) ;
#4774 = DIRECTION ( 'NONE',  ( 0.000000000000000000, 0.9659258262890680902, 0.2588190451025211281 ) ) ;
#4775 = CARTESIAN_POINT ( 'NONE',  ( 2.254999999999999893, 0.7499999999999573674, 2.124999999999999556 ) ) ;
#4776 = EDGE_CURVE ( 'NONE', #1351, #1941, #2842, .T. ) ;
#4777 = AXIS2_PLACEMENT_3D ( 'NONE', #9040, #6312, #10050 ) ;
#4778 = LINE ( 'NONE', #3818, #3424 ) ;
#4779 = CARTESIAN_POINT ( 'NONE',  ( 2.049999999999999822, 0.6800000000000001599, 0.5949999999999996403 ) ) ;
#4780 = CARTESIAN_POINT ( 'NONE',  ( -0.3250000000000000111, 0.6800000000000001599, 0.4949999999999995515 ) ) ;
#4781 = PRESENTATION_LAYER_ASSIGNMENT (  '', '', ( #9893 ) ) ;
#4782 = LINE ( 'NONE', #4600, #6923 ) ;
#4783 = AXIS2_PLACEMENT_3D ( 'NONE', #8300, #3741, #9437 ) ;
#4784 = LINE ( 'NONE', #5848, #8969 ) ;
#4785 = DIRECTION ( 'NONE',  ( -1.000000000000000000, -0.000000000000000000, -0.000000000000000000 ) ) ;
#4786 = ORIENTED_EDGE ( 'NONE', *, *, #4669, .T. ) ;
#4787 = CARTESIAN_POINT ( 'NONE',  ( -1.324999999999999956, 0.8950000000000001288, 0.8249999999999999556 ) ) ;
#4788 = VECTOR ( 'NONE', #3338, 1000.000000000000000 ) ;
#4789 = PLANE ( 'NONE',  #10317 ) ;
#4791 = ORIENTED_EDGE ( 'NONE', *, *, #477, .F. ) ;
#4790 = EDGE_CURVE ( 'NONE', #321, #11084, #5555, .T. ) ;
#4792 = LINE ( 'NONE', #6564, #4550 ) ;
#4793 =( NAMED_UNIT ( * ) PLANE_ANGLE_UNIT ( ) SI_UNIT ( $, .RADIAN. ) );
#4794 = VERTEX_POINT ( 'NONE', #10263 ) ;
#4795 = VECTOR ( 'NONE', #10920, 1000.000000000000114 ) ;
#4796 = ORIENTED_EDGE ( 'NONE', *, *, #730, .T. ) ;
#4797 = LINE ( 'NONE', #292, #5764 ) ;
#4798 = ORIENTED_EDGE ( 'NONE', *, *, #6471, .T. ) ;
#4799 = VECTOR ( 'NONE', #2731, 1000.000000000000000 ) ;
#4800 = ORIENTED_EDGE ( 'NONE', *, *, #7131, .T. ) ;
#4801 = DIRECTION ( 'NONE',  ( 0.000000000000000000, -3.439160614977207662E-32, -1.000000000000000000 ) ) ;
#4802 = VECTOR ( 'NONE', #7346, 1000.000000000000000 ) ;
#4803 = DIRECTION ( 'NONE',  ( 0.000000000000000000, -1.000000000000000000, -4.425314989736753375E-16 ) ) ;
#4804 = ADVANCED_FACE ( 'NONE', ( #2141 ), #11069, .T. ) ;
#4805 = VERTEX_POINT ( 'NONE', #10202 ) ;
#4806 = CARTESIAN_POINT ( 'NONE',  ( 0.8250000000000001776, 0.6800000000000001599, 0.4949999999999995515 ) ) ;
#4807 = ORIENTED_EDGE ( 'NONE', *, *, #8372, .T. ) ;
#4808 = CIRCLE ( 'NONE', #10852, 0.05000000000000002359 ) ;
#4809 = DIRECTION ( 'NONE',  ( 0.000000000000000000, 1.000000000000000000, 0.000000000000000000 ) ) ;
#4810 = DIRECTION ( 'NONE',  ( 0.000000000000000000, 0.000000000000000000, -1.000000000000000000 ) ) ;
#4811 = VECTOR ( 'NONE', #4889, 1000.000000000000000 ) ;
#4812 = ORIENTED_EDGE ( 'NONE', *, *, #117, .T. ) ;
#4813 = ORIENTED_EDGE ( 'NONE', *, *, #4603, .F. ) ;
#4814 = DIRECTION ( 'NONE',  ( -1.000000000000000000, -0.000000000000000000, -0.000000000000000000 ) ) ;
#4815 = CARTESIAN_POINT ( 'NONE',  ( 0.1750000000000000167, 0.8950000000000001288, 0.8249999999999999556 ) ) ;
#4816 = AXIS2_PLACEMENT_3D ( 'NONE', #6974, #10589, #2473 ) ;
#4817 = EDGE_CURVE ( 'NONE', #10826, #7958, #3733, .T. ) ;
#4818 = EDGE_CURVE ( 'NONE', #2076, #10507, #1131, .T. ) ;
#4819 = ORIENTED_EDGE ( 'NONE', *, *, #857, .F. ) ;
#4820 = FACE_OUTER_BOUND ( 'NONE', #9204, .T. ) ;
#4821 = ORIENTED_EDGE ( 'NONE', *, *, #11381, .T. ) ;
#4822 = LINE ( 'NONE', #7525, #9572 ) ;
#4823 = ORIENTED_EDGE ( 'NONE', *, *, #2805, .F. ) ;
#4824 = PLANE ( 'NONE',  #9573 ) ;
#4825 = ORIENTED_EDGE ( 'NONE', *, *, #4395, .F. ) ;
#4826 = EDGE_LOOP ( 'NONE', ( #10435, #3600, #9084, #4162, #7122, #9260, #4540 ) ) ;
#4827 = LINE ( 'NONE', #4886, #1761 ) ;
#4828 = CARTESIAN_POINT ( 'NONE',  ( -1.175000000000000044, 8.735352324927245566E-18, 0.1500000000000005496 ) ) ;
#4829 = EDGE_CURVE ( 'NONE', #8216, #3020, #6702, .T. ) ;
#4830 = VERTEX_POINT ( 'NONE', #5691 ) ;
#4831 = CARTESIAN_POINT ( 'NONE',  ( 2.104999999999999538, 0.3400000000000002465, 0.02000000000000009756 ) ) ;
#4832 = AXIS2_PLACEMENT_3D ( 'NONE', #5447, #4543, #8157 ) ;
#4833 = VECTOR ( 'NONE', #7366, 1000.000000000000000 ) ;
#4834 = ORIENTED_EDGE ( 'NONE', *, *, #2331, .F. ) ;
#4835 = CARTESIAN_POINT ( 'NONE',  ( 2.049999999999999822, 1.050000000000000044, -0.3150000000000003908 ) ) ;
#4836 = ORIENTED_EDGE ( 'NONE', *, *, #9731, .F. ) ;
#4837 = EDGE_CURVE ( 'NONE', #8679, #8892, #1247, .T. ) ;
#4838 = EDGE_CURVE ( 'NONE', #5171, #3437, #1186, .T. ) ;
#4839 = FILL_AREA_STYLE_COLOUR ( '', #4614 ) ;
#4840 = ADVANCED_FACE ( 'NONE', ( #4937 ), #7648, .F. ) ;
#4841 = AXIS2_PLACEMENT_3D ( 'NONE', #11320, #1447, #5247 ) ;
#4842 = ORIENTED_EDGE ( 'NONE', *, *, #1567, .F. ) ;
#4843 = DIRECTION ( 'NONE',  ( -0.000000000000000000, -0.000000000000000000, 1.000000000000000000 ) ) ;
#4844 = CARTESIAN_POINT ( 'NONE',  ( -1.324999999999999956, 0.7250000000000001998, 2.577500000000000568 ) ) ;
#4845 = CARTESIAN_POINT ( 'NONE',  ( -0.6750000000000000444, 0.03000000000000000930, -0.1749999999999994615 ) ) ;
#4846 = FACE_OUTER_BOUND ( 'NONE', #5815, .T. ) ;
#4847 = DIRECTION ( 'NONE',  ( -1.000000000000000000, 0.000000000000000000, -0.000000000000000000 ) ) ;
#4848 = PLANE ( 'NONE',  #647 ) ;
#4849 = CARTESIAN_POINT ( 'NONE',  ( -1.324999999999999956, 0.03000000000000000930, -0.1749999999999994615 ) ) ;
#4850 = DIRECTION ( 'NONE',  ( 0.000000000000000000, 0.9961946980917442129, -0.08715574274767398655 ) ) ;
#4851 = EDGE_CURVE ( 'NONE', #78, #6215, #426, .T. ) ;
#4852 = VECTOR ( 'NONE', #1998, 1000.000000000000000 ) ;
#4853 = LINE ( 'NONE', #7498, #2726 ) ;
#4854 = UNCERTAINTY_MEASURE_WITH_UNIT (LENGTH_MEASURE( 1.000000000000000082E-05 ), #6289, 'distance_accuracy_value', 'NONE');
#4855 = CARTESIAN_POINT ( 'NONE',  ( 0.1750000000000000167, 0.4249999987231686815, 2.441500001276831089 ) ) ;
#4856 =( NAMED_UNIT ( * ) SI_UNIT ( $, .STERADIAN. ) SOLID_ANGLE_UNIT ( ) );
#4857 = VERTEX_POINT ( 'NONE', #4024 ) ;
#4858 = LINE ( 'NONE', #10125, #893 ) ;
#4859 = LINE ( 'NONE', #1062, #9746 ) ;
#4860 = ORIENTED_EDGE ( 'NONE', *, *, #8941, .T. ) ;
#4861 = FACE_OUTER_BOUND ( 'NONE', #3962, .T. ) ;
#4862 = DIRECTION ( 'NONE',  ( 1.000000000000000000, -0.000000000000000000, -1.219727444046192242E-16 ) ) ;
#4863 = ORIENTED_EDGE ( 'NONE', *, *, #6475, .T. ) ;
#4864 = CARTESIAN_POINT ( 'NONE',  ( 1.855000000000000870, 1.050000000000000044, 3.025000000000000355 ) ) ;
#4865 = ORIENTED_EDGE ( 'NONE', *, *, #3726, .F. ) ;
#4866 = LINE ( 'NONE', #9420, #6171 ) ;
#4867 = AXIS2_PLACEMENT_3D ( 'NONE', #10032, #5699, #5472 ) ;
#4868 = FACE_OUTER_BOUND ( 'NONE', #4327, .T. ) ;
#4869 = ORIENTED_EDGE ( 'NONE', *, *, #1069, .T. ) ;
#4870 = ORIENTED_EDGE ( 'NONE', *, *, #1207, .T. ) ;
#4871 = CARTESIAN_POINT ( 'NONE',  ( 2.049999999999999822, 0.8950000000000001288, 0.5327497731395587355 ) ) ;
#4872 = LINE ( 'NONE', #11114, #6827 ) ;
#4873 = PLANE ( 'NONE',  #6077 ) ;
#4874 = EDGE_LOOP ( 'NONE', ( #5631, #1533, #5298, #424 ) ) ;
#4875 = ORIENTED_EDGE ( 'NONE', *, *, #7007, .F. ) ;
#4876 = VECTOR ( 'NONE', #4353, 1000.000000000000000 ) ;
#4877 = CARTESIAN_POINT ( 'NONE',  ( -1.665000000000000036, 0.5450000000000000400, 0.6900000000000016120 ) ) ;
#4878 = CARTESIAN_POINT ( 'NONE',  ( 0.8249999999999999556, 0.7250000000000001998, 2.577500000000000568 ) ) ;
#4879 = ORIENTED_EDGE ( 'NONE', *, *, #1569, .T. ) ;
#4880 = LINE ( 'NONE', #3204, #5708 ) ;
#4881 = ORIENTED_EDGE ( 'NONE', *, *, #5443, .T. ) ;
#4882 = CARTESIAN_POINT ( 'NONE',  ( 1.175000000000000044, 0.6800000000000001599, 0.8249999999999999556 ) ) ;
#4883 = DIRECTION ( 'NONE',  ( 1.000000000000000000, -0.000000000000000000, 6.570922257487896188E-16 ) ) ;
#4884 = ORIENTED_EDGE ( 'NONE', *, *, #9687, .T. ) ;
#4885 = ORIENTED_EDGE ( 'NONE', *, *, #8479, .T. ) ;
#4886 = CARTESIAN_POINT ( 'NONE',  ( 2.254999999999999893, 0.9000000000000002442, 2.124999999999999556 ) ) ;
#4887 = DIRECTION ( 'NONE',  ( 0.000000000000000000, 0.000000000000000000, 1.000000000000000000 ) ) ;
#4888 = DIRECTION ( 'NONE',  ( 0.000000000000000000, -0.4461978131098036093, 0.8949343616020276615 ) ) ;
#4889 = DIRECTION ( 'NONE',  ( 0.000000000000000000, 1.000000000000000000, 2.710505431213761085E-16 ) ) ;
#4890 = VERTEX_POINT ( 'NONE', #3143 ) ;
#4891 = CARTESIAN_POINT ( 'NONE',  ( -0.3250000000000000111, 0.3749999987231322773, 2.517714491643438635 ) ) ;
#4892 = ORIENTED_EDGE ( 'NONE', *, *, #7789, .T. ) ;
#4893 = VECTOR ( 'NONE', #8405, 1000.000000000000000 ) ;
#4894 = EDGE_LOOP ( 'NONE', ( #6611, #10127, #9079, #5292 ) ) ;
#4895 = ORIENTED_EDGE ( 'NONE', *, *, #3776, .T. ) ;
#4896 = ORIENTED_EDGE ( 'NONE', *, *, #8087, .T. ) ;
#4897 = DIRECTION ( 'NONE',  ( 0.000000000000000000, 1.000000000000000000, 0.000000000000000000 ) ) ;
#4898 = ADVANCED_FACE ( 'NONE', ( #6759 ), #10380, .T. ) ;
#4899 = DIRECTION ( 'NONE',  ( -1.000000000000000000, 0.000000000000000000, -1.219727444046192242E-16 ) ) ;
#4900 = DIRECTION ( 'NONE',  ( 1.000000000000000000, -0.000000000000000000, -1.219727444046192242E-16 ) ) ;
#4901 = FACE_OUTER_BOUND ( 'NONE', #2600, .T. ) ;
#4902 = DIRECTION ( 'NONE',  ( -0.000000000000000000, 0.7071067811865457964, 0.7071067811865492381 ) ) ;
#4903 = DIRECTION ( 'NONE',  ( 0.000000000000000000, -1.000000000000000000, 0.000000000000000000 ) ) ;
#4904 = DIRECTION ( 'NONE',  ( 6.570922257487897174E-16, 0.000000000000000000, -1.000000000000000000 ) ) ;
#4905 = EDGE_CURVE ( 'NONE', #4399, #8359, #2893, .T. ) ;
#4906 = ADVANCED_FACE ( 'NONE', ( #5677 ), #5455, .F. ) ;
#4907 = CARTESIAN_POINT ( 'NONE',  ( 2.049999999999999822, 0.7500000000000002220, 0.5949999999999996403 ) ) ;
#4908 = CARTESIAN_POINT ( 'NONE',  ( -1.324999999999999956, 0.6800000000000001599, 0.4949999999999995515 ) ) ;
#4909 = AXIS2_PLACEMENT_3D ( 'NONE', #8976, #4516, #8854 ) ;
#4910 = CYLINDRICAL_SURFACE ( 'NONE', #11031, 0.05000000000003655687 ) ;
#4911 = FACE_OUTER_BOUND ( 'NONE', #3550, .T. ) ;
#4912 = EDGE_CURVE ( 'NONE', #6765, #2650, #4667, .T. ) ;
#4913 = DIRECTION ( 'NONE',  ( 0.000000000000000000, 1.000000000000000000, 0.000000000000000000 ) ) ;
#4914 = ORIENTED_EDGE ( 'NONE', *, *, #326, .T. ) ;
#4915 = ADVANCED_FACE ( 'NONE', ( #5619 ), #4725, .F. ) ;
#4916 = DIRECTION ( 'NONE',  ( -1.000000000000000000, 1.837630800822892264E-16, 1.148519250514307542E-16 ) ) ;
#4917 = CARTESIAN_POINT ( 'NONE',  ( 0.6750000000000000444, 0.8950000000000001288, 0.4949999999999995515 ) ) ;
#4918 = CARTESIAN_POINT ( 'NONE',  ( -0.6749999999999998224, 0.6800000000000001599, 0.4949999999999995515 ) ) ;
#4919 = CARTESIAN_POINT ( 'NONE',  ( -1.324999999999999956, 0.8950000000000001288, 0.4949999999999995515 ) ) ;
#4920 = VERTEX_POINT ( 'NONE', #8402 ) ;
#4921 = EDGE_LOOP ( 'NONE', ( #9562, #2059, #6489, #4501 ) ) ;
#4922 = LINE ( 'NONE', #11232, #11029 ) ;
#4923 = ORIENTED_EDGE ( 'NONE', *, *, #358, .F. ) ;
#4924 = ORIENTED_EDGE ( 'NONE', *, *, #5961, .T. ) ;
#4925 = CARTESIAN_POINT ( 'NONE',  ( -0.3250000000000000111, 8.735352324927245566E-18, 0.1500000000000005496 ) ) ;
#4926 = EDGE_CURVE ( 'NONE', #1388, #8844, #7455, .T. ) ;
#4927 = ORIENTED_EDGE ( 'NONE', *, *, #10241, .T. ) ;
#4928 = EDGE_LOOP ( 'NONE', ( #4334, #8539, #11206, #10560 ) ) ;
#4929 = CARTESIAN_POINT ( 'NONE',  ( -2.104999999999999538, 1.050000000000000044, 1.149999999999277156 ) ) ;
#4930 = CARTESIAN_POINT ( 'NONE',  ( 1.955000000000000071, 0.1000000000000001305, 2.125000000000000000 ) ) ;
#4931 = VECTOR ( 'NONE', #2356, 1000.000000000000000 ) ;
#4932 = PLANE ( 'NONE',  #10226 ) ;
#4933 = DIRECTION ( 'NONE',  ( -1.000000000000000000, 0.000000000000000000, 0.000000000000000000 ) ) ;
#4934 = VERTEX_POINT ( 'NONE', #6570 ) ;
#4935 = EDGE_CURVE ( 'NONE', #5478, #11566, #3898, .T. ) ;
#4936 = ORIENTED_EDGE ( 'NONE', *, *, #11135, .T. ) ;
#4937 = FACE_OUTER_BOUND ( 'NONE', #7124, .T. ) ;
#4938 = AXIS2_PLACEMENT_3D ( 'NONE', #6420, #1100, #8310 ) ;
#4939 = LINE ( 'NONE', #4878, #6443 ) ;
#4940 = ORIENTED_EDGE ( 'NONE', *, *, #3222, .F. ) ;
#4941 =( GEOMETRIC_REPRESENTATION_CONTEXT ( 3 ) GLOBAL_UNCERTAINTY_ASSIGNED_CONTEXT ( ( #5667 ) ) GLOBAL_UNIT_ASSIGNED_CONTEXT ( ( #5246, #11500, #5190 ) ) REPRESENTATION_CONTEXT ( 'NONE', 'WORKASPACE' ) );
#4942 = LINE ( 'NONE', #6004, #10666 ) ;
#4943 = VECTOR ( 'NONE', #9518, 1000.000000000000000 ) ;
#4944 = ORIENTED_EDGE ( 'NONE', *, *, #9303, .T. ) ;
#4945 = CARTESIAN_POINT ( 'NONE',  ( -2.254999999999999449, 0.8150000000000001688, 0.7606385001764813802 ) ) ;
#4946 = DIRECTION ( 'NONE',  ( 0.000000000000000000, -1.355252715606876598E-16, 1.000000000000000000 ) ) ;
#4947 = ORIENTED_EDGE ( 'NONE', *, *, #9687, .F. ) ;
#4948 = VERTEX_POINT ( 'NONE', #6502 ) ;
#4949 = FACE_OUTER_BOUND ( 'NONE', #7206, .T. ) ;
#4950 = CARTESIAN_POINT ( 'NONE',  ( -1.684999999999999831, 0.05000000000000012768, -0.07500000000000003886 ) ) ;
#4951 = SURFACE_STYLE_USAGE ( .BOTH. , #1316 ) ;
#4952 = PLANE ( 'NONE',  #6162 ) ;
#4953 = ORIENTED_EDGE ( 'NONE', *, *, #11181, .F. ) ;
#4954 = FACE_OUTER_BOUND ( 'NONE', #3335, .T. ) ;
#4955 = EDGE_LOOP ( 'NONE', ( #8391, #8108, #2905, #677, #4881 ) ) ;
#4956 = AXIS2_PLACEMENT_3D ( 'NONE', #7108, #8107, #10724 ) ;
#4957 = SURFACE_SIDE_STYLE ('',( #8306 ) ) ;
#4958 = ORIENTED_EDGE ( 'NONE', *, *, #4084, .F. ) ;
#4959 = VERTEX_POINT ( 'NONE', #10134 ) ;
#4960 = ADVANCED_FACE ( 'NONE', ( #7331 ), #3668, .F. ) ;
#4961 = DIRECTION ( 'NONE',  ( -1.000000000000000000, -0.000000000000000000, -0.000000000000000000 ) ) ;
#4962 = VECTOR ( 'NONE', #2817, 1000.000000000000000 ) ;
#4963 = LINE ( 'NONE', #11275, #1928 ) ;
#4964 = SURFACE_SIDE_STYLE ('',( #8375 ) ) ;
#4965 = VECTOR ( 'NONE', #2578, 1000.000000000000000 ) ;
#4966 = CARTESIAN_POINT ( 'NONE',  ( -0.3250000000000000111, -1.203706215242022408E-32, -0.1249999999999994588 ) ) ;
#4967 = DIRECTION ( 'NONE',  ( -1.219727444046192242E-16, 2.442094990785125153E-16, 1.000000000000000000 ) ) ;
#4968 = CARTESIAN_POINT ( 'NONE',  ( -0.1750000000000000167, 0.4050000000000000266, -0.07499999999999942824 ) ) ;
#4969 = AXIS2_PLACEMENT_3D ( 'NONE', #11532, #8887, #773 ) ;
#4970 = DIRECTION ( 'NONE',  ( 0.000000000000000000, -5.421010862427520198E-16, -1.000000000000000000 ) ) ;
#4971 = DIRECTION ( 'NONE',  ( -1.000000000000000000, -0.000000000000000000, -0.000000000000000000 ) ) ;
#4972 = DIRECTION ( 'NONE',  ( -4.818676322157796389E-16, 4.425314989736753375E-16, -1.000000000000000000 ) ) ;
#4973 = UNCERTAINTY_MEASURE_WITH_UNIT (LENGTH_MEASURE( 1.000000000000000082E-05 ), #1990, 'distance_accuracy_value', 'NONE');
#4974 = CARTESIAN_POINT ( 'NONE',  ( -1.324999999999999956, 0.3800000000000000044, -0.1749999999999994060 ) ) ;
#4975 = EDGE_CURVE ( 'NONE', #8841, #428, #9059, .T. ) ;
#4976 = EDGE_CURVE ( 'NONE', #7063, #9255, #10013, .T. ) ;
#4977 = ADVANCED_FACE ( 'NONE', ( #9118 ), #4361, .T. ) ;
#4978 = DIRECTION ( 'NONE',  ( -1.000000000000000000, -0.000000000000000000, -0.000000000000000000 ) ) ;
#4979 = ORIENTED_EDGE ( 'NONE', *, *, #7558, .F. ) ;
#4980 = PRESENTATION_STYLE_ASSIGNMENT (( #7805 ) ) ;
#4981 = DIRECTION ( 'NONE',  ( 1.056314952237065730E-16, 0.4999999999999993894, 0.8660254037844390407 ) ) ;
#4982 = LINE ( 'NONE', #1405, #9561 ) ;
#4983 = CARTESIAN_POINT ( 'NONE',  ( 0.3250000000000000111, 0.6910569165342943521, 2.517345373982429635 ) ) ;
#4984 = CARTESIAN_POINT ( 'NONE',  ( 1.324999999999999956, 0.4050000000000000266, -0.07499999999999942824 ) ) ;
#4985 = ORIENTED_EDGE ( 'NONE', *, *, #455, .F. ) ;
#4986 = ORIENTED_EDGE ( 'NONE', *, *, #7183, .F. ) ;
#4987 = DIRECTION ( 'NONE',  ( -1.000000000000000000, 0.000000000000000000, -1.219727444046192242E-16 ) ) ;
#4988 = VERTEX_POINT ( 'NONE', #6921 ) ;
#4989 = EDGE_CURVE ( 'NONE', #6646, #3015, #1520, .T. ) ;
#4990 = ADVANCED_FACE ( 'NONE', ( #622 ), #9388, .T. ) ;
#4991 = AXIS2_PLACEMENT_3D ( 'NONE', #4756, #1201, #6714 ) ;
#4992 = EDGE_CURVE ( 'NONE', #8623, #6432, #6316, .T. ) ;
#4993 = CARTESIAN_POINT ( 'NONE',  ( -0.3250000000000000111, 0.000000000000000000, 0.2250000000000005052 ) ) ;
#4994 = VECTOR ( 'NONE', #1757, 1000.000000000000000 ) ;
#4995 = ORIENTED_EDGE ( 'NONE', *, *, #4992, .F. ) ;
#4997 = CARTESIAN_POINT ( 'NONE',  ( -0.8249999999999999556, 0.8950000000000001288, 0.8249999999999999556 ) ) ;
#4996 = CARTESIAN_POINT ( 'NONE',  ( 0.6750000000000000444, 0.6800000000000001599, 0.4949999999999995515 ) ) ;
#4998 = ORIENTED_EDGE ( 'NONE', *, *, #10110, .F. ) ;
#4999 = FACE_OUTER_BOUND ( 'NONE', #4492, .T. ) ;
#5000 = VECTOR ( 'NONE', #10073, 1000.000000000000000 ) ;
#5001 = VERTEX_POINT ( 'NONE', #11197 ) ;
#5002 = VECTOR ( 'NONE', #11499, 1000.000000000000000 ) ;
#5003 = ORIENTED_EDGE ( 'NONE', *, *, #9218, .T. ) ;
#5004 = EDGE_CURVE ( 'NONE', #6774, #2260, #6010, .T. ) ;
#5005 = CARTESIAN_POINT ( 'NONE',  ( 0.1750000000000000167, 0.4249999987231686815, 2.505000000000000338 ) ) ;
#5006 = ORIENTED_EDGE ( 'NONE', *, *, #2621, .T. ) ;
#5007 = AXIS2_PLACEMENT_3D ( 'NONE', #1393, #9457, #6543 ) ;
#5008 = DIRECTION ( 'NONE',  ( -1.000000000000000000, -0.000000000000000000, -0.000000000000000000 ) ) ;
#5009 = VERTEX_POINT ( 'NONE', #438 ) ;
#5010 = CARTESIAN_POINT ( 'NONE',  ( -0.6750000000000000444, 0.6899768362638436514, 2.505000000000000338 ) ) ;
#5011 = ORIENTED_EDGE ( 'NONE', *, *, #5575, .T. ) ;
#5012 = VECTOR ( 'NONE', #3943, 1000.000000000000000 ) ;
#5013 = EDGE_LOOP ( 'NONE', ( #9779, #7073, #10124, #7581 ) ) ;
#5014 = CARTESIAN_POINT ( 'NONE',  ( 1.324999999999999956, 0.1000000000000001305, -0.07500000000000003886 ) ) ;
#5015 = SURFACE_SIDE_STYLE ('',( #8675 ) ) ;
#5016 = CARTESIAN_POINT ( 'NONE',  ( -2.254999999999999449, 0.9000000000000002442, 0.8250000000000005107 ) ) ;
#5017 = CARTESIAN_POINT ( 'NONE',  ( -0.3250000000000000111, 0.8950000000000001288, 0.8249999999999999556 ) ) ;
#5018 = AXIS2_PLACEMENT_3D ( 'NONE', #4640, #10805, #9147 ) ;
#5019 = LINE ( 'NONE', #1260, #10636 ) ;
#5020 = ORIENTED_EDGE ( 'NONE', *, *, #11181, .T. ) ;
#5021 = ORIENTED_EDGE ( 'NONE', *, *, #4068, .T. ) ;
#5022 = CARTESIAN_POINT ( 'NONE',  ( -1.764999999999999902, 0.7250000000000001998, 1.525000000000000355 ) ) ;
#5023 = CARTESIAN_POINT ( 'NONE',  ( -0.6750000000000000444, 0.8950000000000001288, 0.8249999999999999556 ) ) ;
#5024 = LINE ( 'NONE', #9455, #10026 ) ;
#5025 = DIRECTION ( 'NONE',  ( 0.000000000000000000, -2.710505431213760592E-16, 1.000000000000000000 ) ) ;
#5026 = AXIS2_PLACEMENT_3D ( 'NONE', #1986, #7490, #5600 ) ;
#5027 = LINE ( 'NONE', #9400, #2718 ) ;
#5028 =( NAMED_UNIT ( * ) SI_UNIT ( $, .STERADIAN. ) SOLID_ANGLE_UNIT ( ) );
#5029 = DIRECTION ( 'NONE',  ( 0.000000000000000000, 0.000000000000000000, -1.000000000000000000 ) ) ;
#5030 = EDGE_CURVE ( 'NONE', #1609, #5762, #5127, .T. ) ;
#5031 = CARTESIAN_POINT ( 'NONE',  ( -2.104999999999999538, 0.5329422863405998134, 0.2449999999999999956 ) ) ;
#5032 = DIRECTION ( 'NONE',  ( 0.000000000000000000, 0.000000000000000000, 1.000000000000000000 ) ) ;
#5033 = VECTOR ( 'NONE', #5585, 1000.000000000000000 ) ;
#5034 = CARTESIAN_POINT ( 'NONE',  ( -2.049999999999999822, 0.7500000000000002220, 0.3949999999999995182 ) ) ;
#5035 = CARTESIAN_POINT ( 'NONE',  ( 2.104999999999999538, 0.3585295238724372502, 0.1991481456572266606 ) ) ;
#5036 = ORIENTED_EDGE ( 'NONE', *, *, #6254, .T. ) ;
#5037 = FACE_OUTER_BOUND ( 'NONE', #6290, .T. ) ;
#5038 = CARTESIAN_POINT ( 'NONE',  ( 1.665000000000000702, 0.4099999999999999756, -0.07499999999999994171 ) ) ;
#5039 = LINE ( 'NONE', #5796, #603 ) ;
#5040 = CARTESIAN_POINT ( 'NONE',  ( 2.254999999999999893, 0.1029422863393472526, 2.179999999999999716 ) ) ;
#5041 = ORIENTED_EDGE ( 'NONE', *, *, #6725, .F. ) ;
#5042 = CARTESIAN_POINT ( 'NONE',  ( -1.449999999999999956, 0.5599999999999999423, -0.5050000000000004485 ) ) ;
#5043 = CARTESIAN_POINT ( 'NONE',  ( -2.254999999999999449, 0.9000000000000002442, 0.8249999999999996225 ) ) ;
#5044 = VECTOR ( 'NONE', #10234, 1000.000000000000000 ) ;
#5045 = ORIENTED_EDGE ( 'NONE', *, *, #2099, .F. ) ;
#5046 = CARTESIAN_POINT ( 'NONE',  ( 0.3250000000000000111, 0.03000000000000000930, -0.1749999999999994615 ) ) ;
#5047 = VERTEX_POINT ( 'NONE', #4040 ) ;
#5048 = VERTEX_POINT ( 'NONE', #7773 ) ;
#5049 = EDGE_CURVE ( 'NONE', #5807, #1738, #1505, .T. ) ;
#5050 = AXIS2_PLACEMENT_3D ( 'NONE', #7051, #836, #1771 ) ;
#5051 = EDGE_LOOP ( 'NONE', ( #347, #7520, #6533, #1086 ) ) ;
#5052 = ADVANCED_FACE ( 'NONE', ( #5956 ), #7716, .T. ) ;
#5053 = ORIENTED_EDGE ( 'NONE', *, *, #6000, .T. ) ;
#5055 = CARTESIAN_POINT ( 'NONE',  ( -2.104999999999999982, 1.025000000000116707, 1.799999999999277289 ) ) ;
#5054 = DIRECTION ( 'NONE',  ( 0.000000000000000000, -1.000000000000000000, 0.000000000000000000 ) ) ;
#5056 = EDGE_CURVE ( 'NONE', #3501, #7356, #6960, .T. ) ;
#5057 = ORIENTED_EDGE ( 'NONE', *, *, #10135, .F. ) ;
#5058 = CARTESIAN_POINT ( 'NONE',  ( 2.104999999999999538, 0.8134073820189092752, 0.7731575003791745226 ) ) ;
#5059 = EDGE_CURVE ( 'NONE', #4753, #6209, #7660, .T. ) ;
#5060 = ORIENTED_EDGE ( 'NONE', *, *, #5972, .T. ) ;
#5061 = ORIENTED_EDGE ( 'NONE', *, *, #10251, .F. ) ;
#5062 = ADVANCED_FACE ( 'NONE', ( #2409 ), #559, .F. ) ;
#5063 = EDGE_CURVE ( 'NONE', #5607, #308, #11267, .T. ) ;
#5064 = ORIENTED_EDGE ( 'NONE', *, *, #9313, .T. ) ;
#5065 = ORIENTED_EDGE ( 'NONE', *, *, #9960, .T. ) ;
#5066 = FACE_OUTER_BOUND ( 'NONE', #611, .T. ) ;
#5067 = CARTESIAN_POINT ( 'NONE',  ( -0.6750000000000000444, 0.03000000000000000930, -0.1749999999999994615 ) ) ;
#5068 = VERTEX_POINT ( 'NONE', #5017 ) ;
#5069 = ORIENTED_EDGE ( 'NONE', *, *, #3788, .F. ) ;
#5070 = DIRECTION ( 'NONE',  ( -1.000000000000000000, -0.000000000000000000, -0.000000000000000000 ) ) ;
#5071 = ADVANCED_FACE ( 'NONE', ( #3158 ), #9574, .F. ) ;
#5072 = FILL_AREA_STYLE ('',( #6834 ) ) ;
#5073 =( GEOMETRIC_REPRESENTATION_CONTEXT ( 3 ) GLOBAL_UNCERTAINTY_ASSIGNED_CONTEXT ( ( #7819 ) ) GLOBAL_UNIT_ASSIGNED_CONTEXT ( ( #7087, #9757, #875 ) ) REPRESENTATION_CONTEXT ( 'NONE', 'WORKASPACE' ) );
#5074 = SURFACE_SIDE_STYLE ('',( #5886 ) ) ;
#5075 = DIRECTION ( 'NONE',  ( 0.000000000000000000, 0.000000000000000000, -1.000000000000000000 ) ) ;
#5076 = VERTEX_POINT ( 'NONE', #373 ) ;
#5077 = CARTESIAN_POINT ( 'NONE',  ( 2.254999999999999893, 0.6800000000000001599, 0.4449999999999996736 ) ) ;
#5078 = ORIENTED_EDGE ( 'NONE', *, *, #9225, .F. ) ;
#5079 = EDGE_LOOP ( 'NONE', ( #2892, #9496, #531, #4447, #2913 ) ) ;
#5080 = EDGE_CURVE ( 'NONE', #4251, #5251, #5825, .T. ) ;
#5081 = CARTESIAN_POINT ( 'NONE',  ( 0.6750000000000000444, 0.6800000000000001599, 0.4949999999999995515 ) ) ;
#5082 = DIRECTION ( 'NONE',  ( 0.000000000000000000, -0.000000000000000000, 1.000000000000000000 ) ) ;
#5083 = DIRECTION ( 'NONE',  ( 0.000000000000000000, 0.000000000000000000, 1.000000000000000000 ) ) ;
#5084 = CARTESIAN_POINT ( 'NONE',  ( 0.1750000000000000167, 0.6800000000000001599, 0.8249999999999999556 ) ) ;
#5085 = CARTESIAN_POINT ( 'NONE',  ( -0.6750000000000000444, -1.203706215242022408E-32, -0.1249999999999994588 ) ) ;
#5086 =( LENGTH_UNIT ( ) NAMED_UNIT ( * ) SI_UNIT ( .MILLI., .METRE. ) );
#5087 = CARTESIAN_POINT ( 'NONE',  ( -2.104999999999999538, 0.8000000000000001554, 0.8250000000000000666 ) ) ;
#5088 = DIRECTION ( 'NONE',  ( 0.000000000000000000, -0.000000000000000000, 1.000000000000000000 ) ) ;
#5089 = LINE ( 'NONE', #3176, #55 ) ;
#5090 = ADVANCED_FACE ( 'NONE', ( #4151 ), #4952, .F. ) ;
#5091 = CARTESIAN_POINT ( 'NONE',  ( 0.8249999999999999556, 0.1000000000000001305, -0.07500000000000003886 ) ) ;
#5092 = PRODUCT_DEFINITION_CONTEXT ( 'detailed design', #10783, 'design' ) ;
#5093 = EDGE_CURVE ( 'NONE', #2612, #11375, #9508, .T. ) ;
#5094 = DIRECTION ( 'NONE',  ( -0.000000000000000000, -1.000000000000000000, -0.000000000000000000 ) ) ;
#5095 = ORIENTED_EDGE ( 'NONE', *, *, #4818, .F. ) ;
#5096 = FACE_OUTER_BOUND ( 'NONE', #1018, .T. ) ;
#5097 = DIRECTION ( 'NONE',  ( 0.000000000000000000, 0.000000000000000000, 1.000000000000000000 ) ) ;
#5098 = AXIS2_PLACEMENT_3D ( 'NONE', #4143, #7767, #3387 ) ;
#5099 = LINE ( 'NONE', #7807, #11438 ) ;
#5100 = PLANE ( 'NONE',  #8218 ) ;
#5101 = ORIENTED_EDGE ( 'NONE', *, *, #6778, .F. ) ;
#5102 = FACE_OUTER_BOUND ( 'NONE', #5513, .T. ) ;
#5103 = DIRECTION ( 'NONE',  ( -1.000000000000000000, -0.000000000000000000, -0.000000000000000000 ) ) ;
#5104 = EDGE_CURVE ( 'NONE', #5251, #11169, #10131, .T. ) ;
#5105 = LINE ( 'NONE', #4191, #3384 ) ;
#5106 = EDGE_LOOP ( 'NONE', ( #5690, #339, #8901, #369 ) ) ;
#5107 = CLOSED_SHELL ( 'NONE', ( #9172, #6051, #11681, #8366, #4309, #2368, #7349 ) ) ;
#5108 = ADVANCED_FACE ( 'NONE', ( #7847 ), #2348, .F. ) ;
#5109 = DIRECTION ( 'NONE',  ( -1.000000000000000000, 0.000000000000000000, 1.219727444046192242E-16 ) ) ;
#5111 = LINE ( 'NONE', #4997, #9214 ) ;
#5110 = DIRECTION ( 'NONE',  ( 1.000000000000000000, 0.000000000000000000, 0.000000000000000000 ) ) ;
#5112 = LINE ( 'NONE', #11488, #388 ) ;
#5113 = ORIENTED_EDGE ( 'NONE', *, *, #4084, .T. ) ;
#5114 = ORIENTED_EDGE ( 'NONE', *, *, #8685, .F. ) ;
#5115 = ORIENTED_EDGE ( 'NONE', *, *, #10208, .T. ) ;
#5116 = VERTEX_POINT ( 'NONE', #8682 ) ;
#5117 = ORIENTED_EDGE ( 'NONE', *, *, #6259, .F. ) ;
#5118 = AXIS2_PLACEMENT_3D ( 'NONE', #9853, #10732, #960 ) ;
#5119 = DIRECTION ( 'NONE',  ( 1.000000000000000000, -0.000000000000000000, -1.219727444046192242E-16 ) ) ;
#5120 = VERTEX_POINT ( 'NONE', #6355 ) ;
#5121 = EDGE_CURVE ( 'NONE', #4755, #10673, #2678, .T. ) ;
#5122 = ORIENTED_EDGE ( 'NONE', *, *, #4087, .T. ) ;
#5123 = EDGE_CURVE ( 'NONE', #4278, #4144, #9975, .T. ) ;
#5124 = DIRECTION ( 'NONE',  ( 0.000000000000000000, 1.000000000000000000, 0.000000000000000000 ) ) ;
#5125 = LINE ( 'NONE', #10452, #7436 ) ;
#5126 = DIRECTION ( 'NONE',  ( -1.000000000000000000, -0.000000000000000000, -0.000000000000000000 ) ) ;
#5127 = LINE ( 'NONE', #3212, #4811 ) ;
#5128 = ORIENTED_EDGE ( 'NONE', *, *, #10535, .F. ) ;
#5129 = FACE_OUTER_BOUND ( 'NONE', #9794, .T. ) ;
#5130 = ADVANCED_FACE ( 'NONE', ( #3618 ), #6517, .T. ) ;
#5131 = VERTEX_POINT ( 'NONE', #10082 ) ;
#5132 = MECHANICAL_DESIGN_GEOMETRIC_PRESENTATION_REPRESENTATION (  '', ( #9087 ), #6653 ) ;
#5133 = EDGE_CURVE ( 'NONE', #10031, #1941, #2017, .T. ) ;
#5134 = VECTOR ( 'NONE', #8690, 1000.000000000000000 ) ;
#5135 = ADVANCED_FACE ( 'NONE', ( #10201 ), #1959, .F. ) ;
#5136 = LINE ( 'NONE', #9690, #8129 ) ;
#5137 = ORIENTED_EDGE ( 'NONE', *, *, #8006, .F. ) ;
#5138 = ORIENTED_EDGE ( 'NONE', *, *, #6861, .F. ) ;
#5139 = EDGE_CURVE ( 'NONE', #10418, #1208, #3018, .T. ) ;
#5140 = DIRECTION ( 'NONE',  ( 0.000000000000000000, 0.8191520442889922426, -0.5735764363510453823 ) ) ;
#5141 = CARTESIAN_POINT ( 'NONE',  ( -0.8249999999999999556, 0.6800000000000001599, 0.4949999999999995515 ) ) ;
#5142 = FACE_OUTER_BOUND ( 'NONE', #3757, .T. ) ;
#5143 = CARTESIAN_POINT ( 'NONE',  ( -2.049999999999999822, 0.9500000000000002887, -0.2150000000000011624 ) ) ;
#5144 = DIRECTION ( 'NONE',  ( 0.000000000000000000, 1.000000000000000000, 9.035018104045866996E-16 ) ) ;
#5145 = VECTOR ( 'NONE', #10419, 1000.000000000000000 ) ;
#5146 = CARTESIAN_POINT ( 'NONE',  ( -0.6750000000000000444, 0.03000000000000000930, -0.1249999999999994310 ) ) ;
#5147 = DIRECTION ( 'NONE',  ( 0.000000000000000000, 0.000000000000000000, -1.000000000000000000 ) ) ;
#5148 = FACE_OUTER_BOUND ( 'NONE', #2997, .T. ) ;
#5149 = ADVANCED_FACE ( 'NONE', ( #967 ), #7402, .F. ) ;
#5150 = LINE ( 'NONE', #646, #497 ) ;
#5151 = VECTOR ( 'NONE', #7372, 1000.000000000000000 ) ;
#5152 = AXIS2_PLACEMENT_3D ( 'NONE', #3572, #4417, #9932 ) ;
#5153 = LINE ( 'NONE', #8869, #8559 ) ;
#5154 = CARTESIAN_POINT ( 'NONE',  ( 0.1750000000000000167, 0.7500000000000002220, 0.3949999999999995182 ) ) ;
#5155 = DIRECTION ( 'NONE',  ( 0.000000000000000000, 0.000000000000000000, -1.000000000000000000 ) ) ;
#5156 = ORIENTED_EDGE ( 'NONE', *, *, #6866, .F. ) ;
#5157 = LINE ( 'NONE', #464, #10711 ) ;
#5158 = EDGE_CURVE ( 'NONE', #10619, #11169, #8181, .T. ) ;
#5159 = CARTESIAN_POINT ( 'NONE',  ( -2.254999999999999449, 0.2900000000000002021, -0.07499999999999946987 ) ) ;
#5160 = CARTESIAN_POINT ( 'NONE',  ( 2.104999999999999538, 0.8150000000000001688, 0.2450000000000000511 ) ) ;
#5161 = CARTESIAN_POINT ( 'NONE',  ( -2.104999999999999982, 0.000000000000000000, 2.724999999999276667 ) ) ;
#5162 = DIRECTION ( 'NONE',  ( 0.000000000000000000, 0.000000000000000000, 1.000000000000000000 ) ) ;
#5163 = CIRCLE ( 'NONE', #6651, 0.05000000000000002359 ) ;
#5164 = SURFACE_SIDE_STYLE ('',( #5221 ) ) ;
#5165 = ORIENTED_EDGE ( 'NONE', *, *, #5405, .T. ) ;
#5166 = VECTOR ( 'NONE', #1927, 1000.000000000000000 ) ;
#5167 = ORIENTED_EDGE ( 'NONE', *, *, #767, .F. ) ;
#5168 = CIRCLE ( 'NONE', #6659, 0.06349999872316867966 ) ;
#5169 = VECTOR ( 'NONE', #381, 1000.000000000000000 ) ;
#5170 = ORIENTED_EDGE ( 'NONE', *, *, #9617, .T. ) ;
#5171 = VERTEX_POINT ( 'NONE', #11124 ) ;
#5172 = EDGE_CURVE ( 'NONE', #1508, #2061, #3026, .T. ) ;
#5173 = DIRECTION ( 'NONE',  ( 0.000000000000000000, 0.08715574274767397267, 0.9961946980917439909 ) ) ;
#5174 = CARTESIAN_POINT ( 'NONE',  ( -0.6750000000000000444, 0.4197467168032661955, 2.540024382298945227 ) ) ;
#5175 = ORIENTED_EDGE ( 'NONE', *, *, #6334, .T. ) ;
#5176 = ORIENTED_EDGE ( 'NONE', *, *, #8818, .F. ) ;
#5177 = VECTOR ( 'NONE', #2452, 1000.000000000000000 ) ;
#5178 = VECTOR ( 'NONE', #7036, 1000.000000000000000 ) ;
#5179 = ORIENTED_EDGE ( 'NONE', *, *, #10608, .T. ) ;
#5180 = LINE ( 'NONE', #6219, #8191 ) ;
#5181 = ORIENTED_EDGE ( 'NONE', *, *, #3230, .F. ) ;
#5182 = CARTESIAN_POINT ( 'NONE',  ( 0.1750000000000000167, 0.03000000000000000930, -0.1749999999999994615 ) ) ;
#5183 = ORIENTED_EDGE ( 'NONE', *, *, #121, .T. ) ;
#5184 = CIRCLE ( 'NONE', #9717, 0.02499999999999987649 ) ;
#5185 = VERTEX_POINT ( 'NONE', #7583 ) ;
#5186 = VECTOR ( 'NONE', #3390, 1000.000000000000000 ) ;
#5187 = DIRECTION ( 'NONE',  ( -1.000000000000000000, -0.000000000000000000, -0.000000000000000000 ) ) ;
#5188 = CARTESIAN_POINT ( 'NONE',  ( 0.3250000000000000111, 0.1000000000000001027, 0.1250000000000005551 ) ) ;
#5189 =( GEOMETRIC_REPRESENTATION_CONTEXT ( 3 ) GLOBAL_UNCERTAINTY_ASSIGNED_CONTEXT ( ( #5278 ) ) GLOBAL_UNIT_ASSIGNED_CONTEXT ( ( #8519, #4793, #9354 ) ) REPRESENTATION_CONTEXT ( 'NONE', 'WORKASPACE' ) );
#5190 =( NAMED_UNIT ( * ) SI_UNIT ( $, .STERADIAN. ) SOLID_ANGLE_UNIT ( ) );
#5191 = VERTEX_POINT ( 'NONE', #7353 ) ;
#5192 = DIRECTION ( 'NONE',  ( 0.000000000000000000, 0.000000000000000000, 1.000000000000000000 ) ) ;
#5193 = VERTEX_POINT ( 'NONE', #1135 ) ;
#5194 = VECTOR ( 'NONE', #10781, 1000.000000000000000 ) ;
#5195 = EDGE_CURVE ( 'NONE', #6695, #9356, #11073, .T. ) ;
#5196 = VECTOR ( 'NONE', #3875, 1000.000000000000000 ) ;
#5197 = VECTOR ( 'NONE', #5857, 1000.000000000000000 ) ;
#5198 = ORIENTED_EDGE ( 'NONE', *, *, #484, .F. ) ;
#5199 = ORIENTED_EDGE ( 'NONE', *, *, #1622, .T. ) ;
#5200 = LINE ( 'NONE', #6783, #3320 ) ;
#5201 = DIRECTION ( 'NONE',  ( 0.000000000000000000, 0.000000000000000000, 1.000000000000000000 ) ) ;
#5202 = CARTESIAN_POINT ( 'NONE',  ( -0.8249999999999999556, 0.3615000000000000990, 2.125000000000000000 ) ) ;
#5203 = EDGE_CURVE ( 'NONE', #4031, #2412, #8244, .T. ) ;
#5204 = CARTESIAN_POINT ( 'NONE',  ( -2.104999999999999538, 0.9000000000000002442, 0.8249999999999996225 ) ) ;
#5205 = DIRECTION ( 'NONE',  ( 0.000000000000000000, 1.000000000000000000, -4.336808689942016158E-15 ) ) ;
#5206 = VECTOR ( 'NONE', #518, 1000.000000000000000 ) ;
#5207 = EDGE_CURVE ( 'NONE', #9487, #10558, #10269, .T. ) ;
#5208 = CARTESIAN_POINT ( 'NONE',  ( 0.8249999999999999556, 0.07499999999999999722, 0.1250000000000005551 ) ) ;
#5209 = ADVANCED_FACE ( 'NONE', ( #10957 ), #4824, .T. ) ;
#5210 = CARTESIAN_POINT ( 'NONE',  ( 0.8249999999999999556, 0.07499999999999999722, 0.1250000000000005551 ) ) ;
#5211 = DIRECTION ( 'NONE',  ( 0.000000000000000000, 0.000000000000000000, -1.000000000000000000 ) ) ;
#5212 = PRESENTATION_LAYER_ASSIGNMENT (  '', '', ( #3108 ) ) ;
#5213 = CARTESIAN_POINT ( 'NONE',  ( 0.6750000000000000444, 0.7408666514389177227, 2.512987586845043531 ) ) ;
#5214 =( LENGTH_UNIT ( ) NAMED_UNIT ( * ) SI_UNIT ( .MILLI., .METRE. ) );
#5215 = CARTESIAN_POINT ( 'NONE',  ( -0.8249999999999999556, 0.6800000000000001599, 0.8249999999999999556 ) ) ;
#5216 = ORIENTED_EDGE ( 'NONE', *, *, #7244, .F. ) ;
#5217 = LINE ( 'NONE', #6089, #11044 ) ;
#5218 = EDGE_CURVE ( 'NONE', #9436, #1716, #5819, .T. ) ;
#5219 = CARTESIAN_POINT ( 'NONE',  ( 2.104999999999999982, 1.000000000000000222, 1.799999999999277289 ) ) ;
#5220 = VECTOR ( 'NONE', #3312, 1000.000000000000000 ) ;
#5221 = SURFACE_STYLE_FILL_AREA ( #2483 ) ;
#5222 = ORIENTED_EDGE ( 'NONE', *, *, #6408, .T. ) ;
#5223 = VECTOR ( 'NONE', #10665, 1000.000000000000000 ) ;
#5224 = DIRECTION ( 'NONE',  ( 1.219727444046192242E-16, 0.000000000000000000, 1.000000000000000000 ) ) ;
#5225 = VECTOR ( 'NONE', #3874, 1000.000000000000000 ) ;
#5226 =( NAMED_UNIT ( * ) PLANE_ANGLE_UNIT ( ) SI_UNIT ( $, .RADIAN. ) );
#5227 = ORIENTED_EDGE ( 'NONE', *, *, #858, .F. ) ;
#5228 = VECTOR ( 'NONE', #7126, 1000.000000000000000 ) ;
#5229 = CARTESIAN_POINT ( 'NONE',  ( 0.8249999999999999556, 0.6999090492244378625, 2.541666408662616394 ) ) ;
#5230 = CARTESIAN_POINT ( 'NONE',  ( -1.955000000000000071, 0.05000000000000012768, -0.07499999999999949762 ) ) ;
#5232 = CARTESIAN_POINT ( 'NONE',  ( -0.6750000000000000444, 0.4050000000000000266, -0.07499999999999942824 ) ) ;
#5231 = CARTESIAN_POINT ( 'NONE',  ( 0.3250000000000000111, 0.07500000000000001110, 0.1500000000000005496 ) ) ;
#5233 = ORIENTED_EDGE ( 'NONE', *, *, #2472, .T. ) ;
#5234 = CARTESIAN_POINT ( 'NONE',  ( 1.955000000000000959, 1.050000000000000044, 2.124999999999999556 ) ) ;
#5235 = ORIENTED_EDGE ( 'NONE', *, *, #2472, .F. ) ;
#5236 = ORIENTED_EDGE ( 'NONE', *, *, #3807, .F. ) ;
#5237 = EDGE_LOOP ( 'NONE', ( #6202, #5527, #1937, #10837 ) ) ;
#5238 = CIRCLE ( 'NONE', #3883, 0.2000000000000000944 ) ;
#5239 = EDGE_LOOP ( 'NONE', ( #2732, #11621, #9419, #2315 ) ) ;
#5240 = ORIENTED_EDGE ( 'NONE', *, *, #10103, .T. ) ;
#5241 = CARTESIAN_POINT ( 'NONE',  ( 1.665000000000000924, 0.2900000000000000910, 0.8249999999999999556 ) ) ;
#5242 = VERTEX_POINT ( 'NONE', #6587 ) ;
#5243 = ADVANCED_FACE ( 'NONE', ( #3914 ), #251, .F. ) ;
#5244 = ORIENTED_EDGE ( 'NONE', *, *, #1722, .T. ) ;
#5245 = LINE ( 'NONE', #8843, #3642 ) ;
#5246 =( LENGTH_UNIT ( ) NAMED_UNIT ( * ) SI_UNIT ( .MILLI., .METRE. ) );
#5247 = DIRECTION ( 'NONE',  ( 0.000000000000000000, 0.000000000000000000, -1.000000000000000000 ) ) ;
#5248 = VERTEX_POINT ( 'NONE', #10089 ) ;
#5249 = DIRECTION ( 'NONE',  ( 1.000000000000000000, -0.000000000000000000, 6.570922257487896188E-16 ) ) ;
#5250 = ORIENTED_EDGE ( 'NONE', *, *, #4677, .T. ) ;
#5251 = VERTEX_POINT ( 'NONE', #7472 ) ;
#5252 = EDGE_LOOP ( 'NONE', ( #8548, #4834, #7522, #10670, #2780, #5114, #6563, #502, #2090, #10931, #6413 ) ) ;
#5253 = LINE ( 'NONE', #8851, #6657 ) ;
#5254 = CIRCLE ( 'NONE', #3347, 0.06499999999997957412 ) ;
#5255 = LINE ( 'NONE', #6186, #7701 ) ;
#5256 = CARTESIAN_POINT ( 'NONE',  ( -1.665000000000000702, 0.4099999999999999756, -0.07499999999999953926 ) ) ;
#5257 = VECTOR ( 'NONE', #453, 1000.000000000000000 ) ;
#5258 = CARTESIAN_POINT ( 'NONE',  ( 1.325000000000000178, 0.8214213562373096078, 0.4949999999999995515 ) ) ;
#5259 = PLANE ( 'NONE',  #2898 ) ;
#5260 = VERTEX_POINT ( 'NONE', #11017 ) ;
#5261 = FACE_OUTER_BOUND ( 'NONE', #10715, .T. ) ;
#5262 = LINE ( 'NONE', #11577, #40 ) ;
#5263 = CARTESIAN_POINT ( 'NONE',  ( 2.254999999999999449, 0.2900000000000002021, -0.07500000000000001110 ) ) ;
#5264 = DIRECTION ( 'NONE',  ( 6.570922257487897174E-16, -0.000000000000000000, -1.000000000000000000 ) ) ;
#5265 = EDGE_CURVE ( 'NONE', #6123, #3371, #2915, .T. ) ;
#5266 = AXIS2_PLACEMENT_3D ( 'NONE', #809, #6235, #9030 ) ;
#5267 = DIRECTION ( 'NONE',  ( 0.000000000000000000, -0.000000000000000000, 1.000000000000000000 ) ) ;
#5268 = CARTESIAN_POINT ( 'NONE',  ( -0.3250000000000000111, 0.6800000000000001599, 0.4949999999999995515 ) ) ;
#5269 = DIRECTION ( 'NONE',  ( -0.000000000000000000, -0.000000000000000000, 1.000000000000000000 ) ) ;
#5270 = VERTEX_POINT ( 'NONE', #9434 ) ;
#5271 = EDGE_CURVE ( 'NONE', #1730, #8236, #6459, .T. ) ;
#5272 = FACE_OUTER_BOUND ( 'NONE', #6409, .T. ) ;
#5273 = EDGE_CURVE ( 'NONE', #10511, #9076, #311, .T. ) ;
#5274 = DIRECTION ( 'NONE',  ( 1.000000000000000000, 0.000000000000000000, 0.000000000000000000 ) ) ;
#5275 = VERTEX_POINT ( 'NONE', #6523 ) ;
#5276 = CARTESIAN_POINT ( 'NONE',  ( -2.104999999999999982, 0.000000000000000000, 2.724999999999276667 ) ) ;
#5277 = ORIENTED_EDGE ( 'NONE', *, *, #50, .F. ) ;
#5278 = UNCERTAINTY_MEASURE_WITH_UNIT (LENGTH_MEASURE( 1.000000000000000082E-05 ), #8519, 'distance_accuracy_value', 'NONE');
#5279 = FACE_OUTER_BOUND ( 'NONE', #6469, .T. ) ;
#5280 = EDGE_CURVE ( 'NONE', #3038, #6617, #5758, .T. ) ;
#5281 = ADVANCED_FACE ( 'NONE', ( #4631 ), #9379, .T. ) ;
#5282 = DIRECTION ( 'NONE',  ( -1.000000000000000000, -0.000000000000000000, -1.219727444046192242E-16 ) ) ;
#5283 = ORIENTED_EDGE ( 'NONE', *, *, #1336, .T. ) ;
#5284 = ORIENTED_EDGE ( 'NONE', *, *, #6350, .T. ) ;
#5285 = DIRECTION ( 'NONE',  ( 8.531813836613377604E-32, 1.000000000000000000, -6.994852725712934186E-16 ) ) ;
#5286 = DIRECTION ( 'NONE',  ( 1.000000000000000000, -0.000000000000000000, -0.000000000000000000 ) ) ;
#5288 = DIRECTION ( 'NONE',  ( 0.000000000000000000, 0.000000000000000000, 1.000000000000000000 ) ) ;
#5287 = DIRECTION ( 'NONE',  ( -1.000000000000000000, -0.000000000000000000, -0.000000000000000000 ) ) ;
#5289 = ORIENTED_EDGE ( 'NONE', *, *, #5622, .T. ) ;
#5290 = STYLED_ITEM ( 'NONE', ( #6160 ), #293 ) ;
#5291 = CARTESIAN_POINT ( 'NONE',  ( 0.8249999999999999556, 0.000000000000000000, 0.2250000000000005052 ) ) ;
#5292 = ORIENTED_EDGE ( 'NONE', *, *, #4748, .T. ) ;
#5293 = ORIENTED_EDGE ( 'NONE', *, *, #904, .T. ) ;
#5294 = ORIENTED_EDGE ( 'NONE', *, *, #3582, .F. ) ;
#5295 = DIRECTION ( 'NONE',  ( -0.000000000000000000, -0.000000000000000000, 1.000000000000000000 ) ) ;
#5296 = ADVANCED_FACE ( 'NONE', ( #10330 ), #3795, .T. ) ;
#5297 = ORIENTED_EDGE ( 'NONE', *, *, #9302, .T. ) ;
#5298 = ORIENTED_EDGE ( 'NONE', *, *, #3509, .F. ) ;
#5299 = DIRECTION ( 'NONE',  ( -1.000000000000000000, -0.000000000000000000, -0.000000000000000000 ) ) ;
#5300 = ORIENTED_EDGE ( 'NONE', *, *, #5504, .T. ) ;
#5301 = ORIENTED_EDGE ( 'NONE', *, *, #112, .T. ) ;
#5302 = DIRECTION ( 'NONE',  ( 1.000000000000000000, 0.000000000000000000, 0.000000000000000000 ) ) ;
#5303 = DIRECTION ( 'NONE',  ( 0.000000000000000000, 1.000000000000000000, 0.000000000000000000 ) ) ;
#5304 = ORIENTED_EDGE ( 'NONE', *, *, #1760, .F. ) ;
#5305 = EDGE_CURVE ( 'NONE', #6636, #8706, #3868, .T. ) ;
#5306 = CARTESIAN_POINT ( 'NONE',  ( 1.665000000000000036, 0.5450000000000000400, 0.6900000000000016120 ) ) ;
#5307 = EDGE_LOOP ( 'NONE', ( #10273, #3395, #6910, #5444 ) ) ;
#5308 = CARTESIAN_POINT ( 'NONE',  ( -1.175000000000000044, 0.08000000000000000167, -0.1749999999999994893 ) ) ;
#5309 = EDGE_CURVE ( 'NONE', #3925, #8535, #4751, .T. ) ;
#5310 = ORIENTED_EDGE ( 'NONE', *, *, #8211, .T. ) ;
#5311 = ORIENTED_EDGE ( 'NONE', *, *, #10174, .T. ) ;
#5312 = CARTESIAN_POINT ( 'NONE',  ( -0.1750000000000000167, 0.7250000000000001998, 2.577500000000000568 ) ) ;
#5313 = FACE_OUTER_BOUND ( 'NONE', #2611, .T. ) ;
#5314 = DIRECTION ( 'NONE',  ( -1.000000000000000000, -0.000000000000000000, -0.000000000000000000 ) ) ;
#5315 = DIRECTION ( 'NONE',  ( 1.219727444046192242E-16, 0.000000000000000000, 1.000000000000000000 ) ) ;
#5316 = DIRECTION ( 'NONE',  ( 1.000000000000000000, -0.000000000000000000, -1.219727444046192242E-16 ) ) ;
#5317 = ORIENTED_EDGE ( 'NONE', *, *, #8143, .T. ) ;
#5318 = CYLINDRICAL_SURFACE ( 'NONE', #609, 0.06349999872316867966 ) ;
#5319 = DIRECTION ( 'NONE',  ( -1.000000000000000000, -0.000000000000000000, -0.000000000000000000 ) ) ;
#5320 = LINE ( 'NONE', #2635, #8591 ) ;
#5321 = FACE_OUTER_BOUND ( 'NONE', #9121, .T. ) ;
#5322 = CARTESIAN_POINT ( 'NONE',  ( -1.324999999999999956, 0.4197467168032661955, 2.540024382298945227 ) ) ;
#5323 = AXIS2_PLACEMENT_3D ( 'NONE', #11663, #4214, #10570 ) ;
#5324 = CARTESIAN_POINT ( 'NONE',  ( -2.254999999999999449, 0.3400000000000002465, 0.02000000000000008715 ) ) ;
#5325 = CARTESIAN_POINT ( 'NONE',  ( -1.174999999999999822, 0.8950000000000001288, 0.4949999999999995515 ) ) ;
#5326 = VECTOR ( 'NONE', #6047, 1000.000000000000000 ) ;
#5327 = CARTESIAN_POINT ( 'NONE',  ( -0.1750000000000000167, 0.6910569165342941300, 2.517345373982429635 ) ) ;
#5328 = LINE ( 'NONE', #8041, #7277 ) ;
#5329 = CARTESIAN_POINT ( 'NONE',  ( -2.104999999999999538, 0.3585295238724372502, 0.1991481456572266884 ) ) ;
#5330 = SURFACE_STYLE_FILL_AREA ( #1705 ) ;
#5331 = ORIENTED_EDGE ( 'NONE', *, *, #7926, .T. ) ;
#5332 = CIRCLE ( 'NONE', #29, 0.2999999999999998224 ) ;
#5333 = VECTOR ( 'NONE', #8582, 1000.000000000000000 ) ;
#5334 = ADVANCED_FACE ( 'NONE', ( #8610 ), #11496, .T. ) ;
#5335 = EDGE_CURVE ( 'NONE', #9615, #7107, #9945, .T. ) ;
#5336 = ORIENTED_EDGE ( 'NONE', *, *, #10057, .F. ) ;
#5337 = LINE ( 'NONE', #6, #6528 ) ;
#5338 = PRESENTATION_LAYER_ASSIGNMENT (  '', '', ( #2490 ) ) ;
#5339 = CARTESIAN_POINT ( 'NONE',  ( -0.6750000000000000444, 0.6899768362638436514, 2.505000000000000338 ) ) ;
#5340 = FACE_OUTER_BOUND ( 'NONE', #11168, .T. ) ;
#5341 = AXIS2_PLACEMENT_3D ( 'NONE', #209, #108, #6376 ) ;
#5342 = ADVANCED_FACE ( 'NONE', ( #663 ), #10823, .T. ) ;
#5343 = VERTEX_POINT ( 'NONE', #6040 ) ;
#5344 = CARTESIAN_POINT ( 'NONE',  ( 2.049999999999999822, 0.6100000000000000977, -0.8050000000000003819 ) ) ;
#5345 = EDGE_CURVE ( 'NONE', #1355, #9676, #4782, .T. ) ;
#5346 = EDGE_LOOP ( 'NONE', ( #2189, #5730, #542, #3263, #1660 ) ) ;
#5347 = EDGE_CURVE ( 'NONE', #1472, #3153, #3886, .T. ) ;
#5348 = EDGE_CURVE ( 'NONE', #4520, #5578, #5200, .T. ) ;
#5349 = AXIS2_PLACEMENT_3D ( 'NONE', #4891, #6722, #5889 ) ;
#5350 = CARTESIAN_POINT ( 'NONE',  ( 1.325000000000000178, 0.6800000000000001599, 0.5949999999999996403 ) ) ;
#5351 = DIRECTION ( 'NONE',  ( -0.000000000000000000, -0.000000000000000000, 1.000000000000000000 ) ) ;
#5352 = VERTEX_POINT ( 'NONE', #11329 ) ;
#5353 = DIRECTION ( 'NONE',  ( 0.000000000000000000, 1.000000000000000000, 2.710505431213761085E-16 ) ) ;
#5354 = ORIENTED_EDGE ( 'NONE', *, *, #7405, .F. ) ;
#5355 = ORIENTED_EDGE ( 'NONE', *, *, #10687, .T. ) ;
#5356 = CARTESIAN_POINT ( 'NONE',  ( 2.049999999999999822, 1.050000000000000044, -0.3150000000000003908 ) ) ;
#5357 = CARTESIAN_POINT ( 'NONE',  ( -2.104999999999999982, 0.7499999999999573674, 2.124999999999999556 ) ) ;
#5358 = ORIENTED_EDGE ( 'NONE', *, *, #9559, .T. ) ;
#5359 = CIRCLE ( 'NONE', #7412, 0.05000000000003655687 ) ;
#5360 = EDGE_CURVE ( 'NONE', #9255, #10886, #3346, .T. ) ;
#5361 = DIRECTION ( 'NONE',  ( -0.000000000000000000, 1.000000000000000000, 0.000000000000000000 ) ) ;
#5362 = COLOUR_RGB ( '',0.2509803921568627416, 0.2509803921568627416, 0.2509803921568627416 ) ;
#5363 = ORIENTED_EDGE ( 'NONE', *, *, #9225, .T. ) ;
#5364 = CARTESIAN_POINT ( 'NONE',  ( 0.8249999999999999556, 0.7250000000000001998, 2.492500000000000160 ) ) ;
#5365 = ORIENTED_EDGE ( 'NONE', *, *, #7273, .F. ) ;
#5366 = VECTOR ( 'NONE', #6847, 1000.000000000000227 ) ;
#5367 = ORIENTED_EDGE ( 'NONE', *, *, #7196, .T. ) ;
#5368 = ORIENTED_EDGE ( 'NONE', *, *, #6002, .T. ) ;
#5369 = DIRECTION ( 'NONE',  ( 0.000000000000000000, -0.000000000000000000, -1.000000000000000000 ) ) ;
#5370 = FACE_OUTER_BOUND ( 'NONE', #9352, .T. ) ;
#5371 = COLOUR_RGB ( '',1.000000000000000000, 0.8117647058823529438, 0.5019607843137254832 ) ;
#5372 = CARTESIAN_POINT ( 'NONE',  ( 1.324999999999999956, 0.3615000000000000990, 2.125000000000000000 ) ) ;
#5373 = LINE ( 'NONE', #1633, #11654 ) ;
#5374 = VECTOR ( 'NONE', #10220, 1000.000000000000000 ) ;
#5375 = UNCERTAINTY_MEASURE_WITH_UNIT (LENGTH_MEASURE( 1.000000000000000082E-05 ), #2036, 'distance_accuracy_value', 'NONE');
#5376 = PLANE ( 'NONE',  #10807 ) ;
#5377 = AXIS2_PLACEMENT_3D ( 'NONE', #3077, #4809, #2834 ) ;
#5378 = LINE ( 'NONE', #2580, #5692 ) ;
#5379 = VERTEX_POINT ( 'NONE', #4406 ) ;
#5380 = DIRECTION ( 'NONE',  ( 0.000000000000000000, 0.000000000000000000, -1.000000000000000000 ) ) ;
#5381 = PLANE ( 'NONE',  #5018 ) ;
#5382 = AXIS2_PLACEMENT_3D ( 'NONE', #8292, #182, #3787 ) ;
#5383 = LINE ( 'NONE', #8990, #1173 ) ;
#5384 = LINE ( 'NONE', #6150, #10798 ) ;
#5385 = DIRECTION ( 'NONE',  ( 5.421010862427519212E-16, 0.000000000000000000, -1.000000000000000000 ) ) ;
#5386 = VECTOR ( 'NONE', #5509, 1000.000000000000000 ) ;
#5387 = CARTESIAN_POINT ( 'NONE',  ( 1.324999999999999956, 0.3800000000000000044, -0.1749999999999994060 ) ) ;
#5388 = CARTESIAN_POINT ( 'NONE',  ( -0.8249999999999999556, 0.6800000000000001599, 0.8249999999999999556 ) ) ;
#5389 = LINE ( 'NONE', #8823, #1210 ) ;
#5390 = VECTOR ( 'NONE', #1753, 1000.000000000000000 ) ;
#5391 = ORIENTED_EDGE ( 'NONE', *, *, #1765, .T. ) ;
#5392 = DIRECTION ( 'NONE',  ( -0.000000000000000000, 0.7071067811865460184, 0.7071067811865490160 ) ) ;
#5393 = ORIENTED_EDGE ( 'NONE', *, *, #5843, .F. ) ;
#5394 = DIRECTION ( 'NONE',  ( -1.000000000000000000, -0.000000000000000000, -0.000000000000000000 ) ) ;
#5395 = CARTESIAN_POINT ( 'NONE',  ( -0.1750000000000000167, 0.1000000000000001027, 0.1250000000000005551 ) ) ;
#5396 = LINE ( 'NONE', #899, #2549 ) ;
#5397 = ORIENTED_EDGE ( 'NONE', *, *, #2715, .F. ) ;
#5398 = EDGE_CURVE ( 'NONE', #2970, #249, #4570, .T. ) ;
#5399 = LINE ( 'NONE', #5344, #10800 ) ;
#5400 =( NAMED_UNIT ( * ) SI_UNIT ( $, .STERADIAN. ) SOLID_ANGLE_UNIT ( ) );
#5401 = VECTOR ( 'NONE', #10053, 1000.000000000000000 ) ;
#5402 = VERTEX_POINT ( 'NONE', #2684 ) ;
#5403 = CARTESIAN_POINT ( 'NONE',  ( 1.665000000000000036, 0.6800000000000000488, 0.8250000000000001776 ) ) ;
#5404 = ORIENTED_EDGE ( 'NONE', *, *, #7362, .T. ) ;
#5405 = EDGE_CURVE ( 'NONE', #1355, #8535, #9980, .T. ) ;
#5406 = AXIS2_PLACEMENT_3D ( 'NONE', #5492, #3876, #1154 ) ;
#5407 = VECTOR ( 'NONE', #4946, 1000.000000000000000 ) ;
#5408 = CARTESIAN_POINT ( 'NONE',  ( 2.049999999999999822, 0.5300000000000002487, 0.3949999999999995182 ) ) ;
#5409 = ADVANCED_FACE ( 'NONE', ( #9138 ), #4468, .T. ) ;
#5410 = ORIENTED_EDGE ( 'NONE', *, *, #7889, .T. ) ;
#5411 = LINE ( 'NONE', #7223, #11671 ) ;
#5412 = ORIENTED_EDGE ( 'NONE', *, *, #1566, .T. ) ;
#5413 = EDGE_CURVE ( 'NONE', #7334, #6967, #8024, .T. ) ;
#5414 = ORIENTED_EDGE ( 'NONE', *, *, #2465, .F. ) ;
#5415 = FACE_OUTER_BOUND ( 'NONE', #9378, .T. ) ;
#5416 = LINE ( 'NONE', #7227, #3835 ) ;
#5417 = EDGE_CURVE ( 'NONE', #8944, #5569, #6297, .T. ) ;
#5418 = ADVANCED_FACE ( 'NONE', ( #36 ), #1903, .T. ) ;
#5419 = AXIS2_PLACEMENT_3D ( 'NONE', #1659, #5282, #280 ) ;
#5420 = LINE ( 'NONE', #3452, #3808 ) ;
#5421 = DIRECTION ( 'NONE',  ( -1.000000000000000000, -0.000000000000000000, -0.000000000000000000 ) ) ;
#5422 = EDGE_CURVE ( 'NONE', #10270, #11297, #8126, .T. ) ;
#5423 = LINE ( 'NONE', #6455, #355 ) ;
#5424 = ORIENTED_EDGE ( 'NONE', *, *, #5987, .F. ) ;
#5425 = ORIENTED_EDGE ( 'NONE', *, *, #1356, .T. ) ;
#5426 = DIRECTION ( 'NONE',  ( 0.000000000000000000, -0.5735764363510453823, -0.8191520442889923537 ) ) ;
#5427 = ADVANCED_FACE ( 'NONE', ( #11670 ), #7300, .T. ) ;
#5428 = CARTESIAN_POINT ( 'NONE',  ( -0.1749999999999998224, 0.8950000000000001288, 0.4949999999999995515 ) ) ;
#5429 = CARTESIAN_POINT ( 'NONE',  ( -0.6750000000000000444, 0.6999090492244378625, 2.541666408662616394 ) ) ;
#5430 = CARTESIAN_POINT ( 'NONE',  ( -2.254999999999999449, 0.9000000000000002442, 0.8249999999999996225 ) ) ;
#5431 = CARTESIAN_POINT ( 'NONE',  ( 2.104999999999999538, 0.7500000000000001110, -0.004999999999999972349 ) ) ;
#5432 = ORIENTED_EDGE ( 'NONE', *, *, #9231, .T. ) ;
#5433 = DIRECTION ( 'NONE',  ( 0.000000000000000000, -0.08715574274767398655, -0.9961946980917439909 ) ) ;
#5434 = CARTESIAN_POINT ( 'NONE',  ( -1.665000000000000036, 0.5450000000000000400, 0.5950000000000003064 ) ) ;
#5435 = DIRECTION ( 'NONE',  ( 0.000000000000000000, -0.000000000000000000, 1.000000000000000000 ) ) ;
#5436 = CARTESIAN_POINT ( 'NONE',  ( 0.3250000000000001776, 0.8950000000000001288, 0.4949999999999995515 ) ) ;
#5437 = DIRECTION ( 'NONE',  ( -1.000000000000000000, -0.000000000000000000, -0.000000000000000000 ) ) ;
#5438 = PLANE ( 'NONE',  #8150 ) ;
#5439 = ADVANCED_FACE ( 'NONE', ( #6234 ), #3457, .F. ) ;
#5440 = DIRECTION ( 'NONE',  ( 0.000000000000000000, 0.000000000000000000, -1.000000000000000000 ) ) ;
#5441 = ORIENTED_EDGE ( 'NONE', *, *, #8110, .F. ) ;
#5442 = FACE_OUTER_BOUND ( 'NONE', #4955, .T. ) ;
#5443 = EDGE_CURVE ( 'NONE', #78, #9199, #10691, .T. ) ;
#5444 = ORIENTED_EDGE ( 'NONE', *, *, #8212, .T. ) ;
#5445 = LINE ( 'NONE', #4489, #2756 ) ;
#5446 = LINE ( 'NONE', #4542, #4156 ) ;
#5447 = CARTESIAN_POINT ( 'NONE',  ( 2.254999999999999893, 0.6800000000000001599, 0.4449999999999996736 ) ) ;
#5448 = ORIENTED_EDGE ( 'NONE', *, *, #7339, .T. ) ;
#5449 = DIRECTION ( 'NONE',  ( 0.000000000000000000, 0.000000000000000000, 1.000000000000000000 ) ) ;
#5450 = SURFACE_STYLE_USAGE ( .BOTH. , #902 ) ;
#5451 = ORIENTED_EDGE ( 'NONE', *, *, #10184, .T. ) ;
#5452 = PLANE ( 'NONE',  #9972 ) ;
#5453 = ORIENTED_EDGE ( 'NONE', *, *, #1944, .F. ) ;
#5454 = ORIENTED_EDGE ( 'NONE', *, *, #3178, .F. ) ;
#5455 = PLANE ( 'NONE',  #2150 ) ;
#5456 = CARTESIAN_POINT ( 'NONE',  ( -0.1750000000000000167, 0.4249999987231686815, 2.441500001276831089 ) ) ;
#5457 = ORIENTED_EDGE ( 'NONE', *, *, #6014, .T. ) ;
#5458 = CARTESIAN_POINT ( 'NONE',  ( 1.324999999999999956, 0.3350000000000001310, 2.125000000000000000 ) ) ;
#5459 = ORIENTED_EDGE ( 'NONE', *, *, #379, .T. ) ;
#5460 = CARTESIAN_POINT ( 'NONE',  ( -1.175000000000000044, 0.7250000000000001998, 2.492500000000000160 ) ) ;
#5461 = CARTESIAN_POINT ( 'NONE',  ( -1.175000000000000044, 0.6910569165342943521, 2.517345373982429635 ) ) ;
#5462 = ORIENTED_EDGE ( 'NONE', *, *, #4160, .F. ) ;
#5463 = CARTESIAN_POINT ( 'NONE',  ( 0.1750000000000000167, 0.8950000000000001288, 0.4949999999999995515 ) ) ;
#5464 = VERTEX_POINT ( 'NONE', #7239 ) ;
#5465 = CARTESIAN_POINT ( 'NONE',  ( 2.500000000000000444, 1.050000000000000044, -0.07500000000000003886 ) ) ;
#5466 = ORIENTED_EDGE ( 'NONE', *, *, #2301, .F. ) ;
#5467 = PRESENTATION_LAYER_ASSIGNMENT (  '', '', ( #5290 ) ) ;
#5468 = ADVANCED_FACE ( 'NONE', ( #1741 ), #3622, .F. ) ;
#5469 = ORIENTED_EDGE ( 'NONE', *, *, #11253, .F. ) ;
#5470 = CARTESIAN_POINT ( 'NONE',  ( 2.104999999999999982, 1.025000000000116707, 2.624999999999276135 ) ) ;
#5471 = VERTEX_POINT ( 'NONE', #2745 ) ;
#5472 = DIRECTION ( 'NONE',  ( 0.000000000000000000, 0.000000000000000000, -1.000000000000000000 ) ) ;
#5473 = ORIENTED_EDGE ( 'NONE', *, *, #10755, .F. ) ;
#5474 = LINE ( 'NONE', #4517, #2695 ) ;
#5475 = ADVANCED_FACE ( 'NONE', ( #8975 ), #7178, .F. ) ;
#5476 = ORIENTED_EDGE ( 'NONE', *, *, #1417, .T. ) ;
#5477 = CARTESIAN_POINT ( 'NONE',  ( -1.764999999999999902, 0.7250000000000001998, 2.683578643762690508 ) ) ;
#5478 = VERTEX_POINT ( 'NONE', #1669 ) ;
#5479 = DIRECTION ( 'NONE',  ( -1.000000000000000000, -0.000000000000000000, -0.000000000000000000 ) ) ;
#5480 = ORIENTED_EDGE ( 'NONE', *, *, #3509, .T. ) ;
#5481 = EDGE_CURVE ( 'NONE', #2097, #8842, #9844, .T. ) ;
#5482 = DIRECTION ( 'NONE',  ( -0.000000000000000000, 1.000000000000000000, -0.000000000000000000 ) ) ;
#5483 = EDGE_CURVE ( 'NONE', #8192, #1827, #10323, .T. ) ;
#5484 = LINE ( 'NONE', #8921, #1961 ) ;
#5485 = ADVANCED_FACE ( 'NONE', ( #3646 ), #1652, .T. ) ;
#5486 = CARTESIAN_POINT ( 'NONE',  ( -0.8249999999999999556, 0.6800000000000001599, 0.8249999999999999556 ) ) ;
#5487 = SURFACE_SIDE_STYLE ('',( #7256 ) ) ;
#5488 = DIRECTION ( 'NONE',  ( 0.000000000000000000, 0.000000000000000000, 1.000000000000000000 ) ) ;
#5489 = VECTOR ( 'NONE', #6628, 1000.000000000000000 ) ;
#5490 = CARTESIAN_POINT ( 'NONE',  ( -1.684999999999999831, 0.1000000000000001305, 0.4249999999999999889 ) ) ;
#5491 = DIRECTION ( 'NONE',  ( -1.000000000000000000, -0.000000000000000000, -0.000000000000000000 ) ) ;
#5492 = CARTESIAN_POINT ( 'NONE',  ( -0.8249999999999999556, 8.735352324927245566E-18, 0.1500000000000005496 ) ) ;
#5493 = CARTESIAN_POINT ( 'NONE',  ( -0.6750000000000000444, 0.4249999987231687371, 2.517714491643439079 ) ) ;
#5494 = PLANE ( 'NONE',  #5511 ) ;
#5495 = EDGE_CURVE ( 'NONE', #5120, #11514, #8931, .T. ) ;
#5496 = CARTESIAN_POINT ( 'NONE',  ( 2.104999999999999982, 0.02499999999999986261, 2.224999999999276667 ) ) ;
#5497 = VECTOR ( 'NONE', #10390, 1000.000000000000000 ) ;
#5498 = AXIS2_PLACEMENT_3D ( 'NONE', #7338, #2629, #10696 ) ;
#5499 = ORIENTED_EDGE ( 'NONE', *, *, #3717, .F. ) ;
#5500 = DIRECTION ( 'NONE',  ( 0.000000000000000000, 0.000000000000000000, 1.000000000000000000 ) ) ;
#5501 = CARTESIAN_POINT ( 'NONE',  ( 2.104999999999999538, 1.000000000000000222, 1.149999999999277156 ) ) ;
#5502 = ORIENTED_EDGE ( 'NONE', *, *, #9015, .F. ) ;
#5503 = LINE ( 'NONE', #6383, #7571 ) ;
#5504 = EDGE_CURVE ( 'NONE', #4271, #10731, #2939, .T. ) ;
#5505 = CIRCLE ( 'NONE', #8531, 0.1499999999999999667 ) ;
#5506 = AXIS2_PLACEMENT_3D ( 'NONE', #9044, #9941, #7197 ) ;
#5507 = DIRECTION ( 'NONE',  ( 0.000000000000000000, 0.000000000000000000, -1.000000000000000000 ) ) ;
#5508 = VERTEX_POINT ( 'NONE', #1448 ) ;
#5509 = DIRECTION ( 'NONE',  ( -1.000000000000000000, -0.000000000000000000, -0.000000000000000000 ) ) ;
#5510 = PLANE ( 'NONE',  #2253 ) ;
#5511 = AXIS2_PLACEMENT_3D ( 'NONE', #4432, #4593, #9832 ) ;
#5512 = AXIS2_PLACEMENT_3D ( 'NONE', #1140, #5591, #2028 ) ;
#5513 = EDGE_LOOP ( 'NONE', ( #4026, #1177, #3977, #1121 ) ) ;
#5514 = CARTESIAN_POINT ( 'NONE',  ( 0.8249999999999999556, 0.3350000000000001310, 2.709999999999999964 ) ) ;
#5515 = AXIS2_PLACEMENT_3D ( 'NONE', #2713, #8156, #66 ) ;
#5516 = DIRECTION ( 'NONE',  ( 1.000000000000000000, 0.000000000000000000, 0.000000000000000000 ) ) ;
#5517 = DIRECTION ( 'NONE',  ( 1.000000000000000000, 0.000000000000000000, 0.000000000000000000 ) ) ;
#5518 = FILL_AREA_STYLE ('',( #134 ) ) ;
#5519 = VERTEX_POINT ( 'NONE', #8678 ) ;
#5520 = VECTOR ( 'NONE', #5958, 1000.000000000000000 ) ;
#5521 = LINE ( 'NONE', #1026, #5712 ) ;
#5522 = CARTESIAN_POINT ( 'NONE',  ( 2.104999999999999982, 2.846030702774449139E-16, 2.224999999999276667 ) ) ;
#5523 = CARTESIAN_POINT ( 'NONE',  ( 2.055000000000000604, 1.050000000000000044, 2.124999999999999556 ) ) ;
#5524 = DIRECTION ( 'NONE',  ( 0.000000000000000000, 0.000000000000000000, -1.000000000000000000 ) ) ;
#5525 = VERTEX_POINT ( 'NONE', #10571 ) ;
#5526 = DIRECTION ( 'NONE',  ( 0.000000000000000000, 0.000000000000000000, 1.000000000000000000 ) ) ;
#5527 = ORIENTED_EDGE ( 'NONE', *, *, #5413, .F. ) ;
#5528 = VECTOR ( 'NONE', #2226, 1000.000000000000000 ) ;
#5529 = ORIENTED_EDGE ( 'NONE', *, *, #8772, .F. ) ;
#5530 = CARTESIAN_POINT ( 'NONE',  ( -0.8249999999999999556, 0.03000000000000000930, -0.1749999999999994615 ) ) ;
#5531 = ORIENTED_EDGE ( 'NONE', *, *, #1992, .F. ) ;
#5532 = LINE ( 'NONE', #1973, #9107 ) ;
#5533 = ADVANCED_FACE ( 'NONE', ( #9920 ), #10738, .F. ) ;
#5534 = EDGE_CURVE ( 'NONE', #5402, #8395, #8120, .T. ) ;
#5535 = DIRECTION ( 'NONE',  ( -1.000000000000000000, 0.000000000000000000, 1.219727444046192242E-16 ) ) ;
#5536 = DIRECTION ( 'NONE',  ( -1.000000000000000000, 0.000000000000000000, 0.000000000000000000 ) ) ;
#5537 = AXIS2_PLACEMENT_3D ( 'NONE', #6300, #8913, #2747 ) ;
#5538 = EDGE_CURVE ( 'NONE', #11229, #7698, #1955, .T. ) ;
#5539 = ORIENTED_EDGE ( 'NONE', *, *, #9227, .F. ) ;
#5540 = LINE ( 'NONE', #446, #4415 ) ;
#5541 = ADVANCED_FACE ( 'NONE', ( #10022 ), #10947, .F. ) ;
#5542 = FACE_OUTER_BOUND ( 'NONE', #6169, .T. ) ;
#5543 =( LENGTH_UNIT ( ) NAMED_UNIT ( * ) SI_UNIT ( .MILLI., .METRE. ) );
#5544 = CYLINDRICAL_SURFACE ( 'NONE', #9328, 0.06499999999997957412 ) ;
#5545 = EDGE_CURVE ( 'NONE', #6266, #8832, #4737, .T. ) ;
#5546 = LINE ( 'NONE', #106, #9178 ) ;
#5547 = LINE ( 'NONE', #7316, #9135 ) ;
#5548 = VECTOR ( 'NONE', #11314, 999.9999999999998863 ) ;
#5549 = CARTESIAN_POINT ( 'NONE',  ( 0.000000000000000000, 0.6800000000000001599, 0.000000000000000000 ) ) ;
#5550 = LINE ( 'NONE', #9162, #1736 ) ;
#5551 = EDGE_CURVE ( 'NONE', #2317, #7758, #5238, .T. ) ;
#5552 = EDGE_CURVE ( 'NONE', #7834, #4396, #9190, .T. ) ;
#5553 = FACE_OUTER_BOUND ( 'NONE', #6928, .T. ) ;
#5554 = VECTOR ( 'NONE', #11334, 1000.000000000000000 ) ;
#5555 = CIRCLE ( 'NONE', #9547, 0.1499999999999999667 ) ;
#5556 = EDGE_CURVE ( 'NONE', #10490, #1719, #8287, .T. ) ;
#5557 = ORIENTED_EDGE ( 'NONE', *, *, #4328, .T. ) ;
#5558 = VECTOR ( 'NONE', #10310, 1000.000000000000000 ) ;
#5559 = DIRECTION ( 'NONE',  ( 1.000000000000000000, 0.000000000000000000, -0.000000000000000000 ) ) ;
#5560 = ORIENTED_EDGE ( 'NONE', *, *, #7760, .F. ) ;
#5561 = DIRECTION ( 'NONE',  ( 1.000000000000000000, 0.000000000000000000, 1.219727444046192242E-16 ) ) ;
#5562 = CARTESIAN_POINT ( 'NONE',  ( -1.175000000000000044, 0.3800000000000000044, -0.1749999999999994060 ) ) ;
#5563 = CIRCLE ( 'NONE', #3102, 0.07499999999999998335 ) ;
#5564 = LINE ( 'NONE', #4721, #9749 ) ;
#5565 = EDGE_LOOP ( 'NONE', ( #7222, #2968, #4691, #3714, #1133 ) ) ;
#5566 = VERTEX_POINT ( 'NONE', #10630 ) ;
#5567 = ORIENTED_EDGE ( 'NONE', *, *, #5305, .T. ) ;
#5568 = ORIENTED_EDGE ( 'NONE', *, *, #1984, .T. ) ;
#5569 = VERTEX_POINT ( 'NONE', #2190 ) ;
#5570 = AXIS2_PLACEMENT_3D ( 'NONE', #2768, #11650, #6381 ) ;
#5571 = DIRECTION ( 'NONE',  ( 0.000000000000000000, -1.000000000000000000, 0.000000000000000000 ) ) ;
#5572 = CARTESIAN_POINT ( 'NONE',  ( 0.6750000000000000444, 0.8950000000000001288, 0.4949999999999995515 ) ) ;
#5573 = DIRECTION ( 'NONE',  ( -1.000000000000000000, -0.000000000000000000, -0.000000000000000000 ) ) ;
#5574 =( NAMED_UNIT ( * ) SI_UNIT ( $, .STERADIAN. ) SOLID_ANGLE_UNIT ( ) );
#5575 = EDGE_CURVE ( 'NONE', #4753, #2186, #4866, .T. ) ;
#5576 = ORIENTED_EDGE ( 'NONE', *, *, #9004, .F. ) ;
#5577 = CARTESIAN_POINT ( 'NONE',  ( -2.254999999999999449, 0.9000000000000002442, 2.124999999999999556 ) ) ;
#5578 = VERTEX_POINT ( 'NONE', #10494 ) ;
#5579 = AXIS2_PLACEMENT_3D ( 'NONE', #11089, #2985, #207 ) ;
#5580 = DIRECTION ( 'NONE',  ( 0.000000000000000000, 0.000000000000000000, -1.000000000000000000 ) ) ;
#5581 = DIRECTION ( 'NONE',  ( 1.000000000000000000, 0.000000000000000000, 0.000000000000000000 ) ) ;
#5582 = CARTESIAN_POINT ( 'NONE',  ( 1.324999999999999956, 0.6899768362638436514, 2.505000000000000338 ) ) ;
#5583 = ORIENTED_EDGE ( 'NONE', *, *, #8182, .F. ) ;
#5584 = CARTESIAN_POINT ( 'NONE',  ( 2.104999999999999538, 0.9000000000000002442, -0.07499999999999998335 ) ) ;
#5585 = DIRECTION ( 'NONE',  ( 6.570922257487897174E-16, -0.000000000000000000, -1.000000000000000000 ) ) ;
#5586 = EDGE_LOOP ( 'NONE', ( #9067, #1676, #7218, #430 ) ) ;
#5587 = VERTEX_POINT ( 'NONE', #10861 ) ;
#5588 = CARTESIAN_POINT ( 'NONE',  ( -1.175000000000000044, 0.6910569165342941300, 2.517345373982429635 ) ) ;
#5589 = VECTOR ( 'NONE', #6292, 1000.000000000000000 ) ;
#5590 = ORIENTED_EDGE ( 'NONE', *, *, #2864, .F. ) ;
#5591 = DIRECTION ( 'NONE',  ( -0.000000000000000000, 0.000000000000000000, 1.000000000000000000 ) ) ;
#5592 = EDGE_LOOP ( 'NONE', ( #3698, #265, #1995, #7881 ) ) ;
#5593 = FACE_OUTER_BOUND ( 'NONE', #8720, .T. ) ;
#5594 = ORIENTED_EDGE ( 'NONE', *, *, #9604, .F. ) ;
#5595 = VECTOR ( 'NONE', #881, 1000.000000000000000 ) ;
#5596 = VERTEX_POINT ( 'NONE', #9873 ) ;
#5597 = CARTESIAN_POINT ( 'NONE',  ( 2.254999999999999449, 0.8134073820189092752, 0.7731575003791745226 ) ) ;
#5598 = DIRECTION ( 'NONE',  ( -1.000000000000000000, -0.000000000000000000, -0.000000000000000000 ) ) ;
#5599 = DIRECTION ( 'NONE',  ( -1.000000000000000000, 0.000000000000000000, -1.219727444046192242E-16 ) ) ;
#5600 = DIRECTION ( 'NONE',  ( 1.000000000000000000, 0.000000000000000000, -1.109158232721743510E-16 ) ) ;
#5601 = CARTESIAN_POINT ( 'NONE',  ( 1.855000000000000870, 0.3350000000000001310, 3.025000000000000355 ) ) ;
#5602 = LINE ( 'NONE', #9160, #7248 ) ;
#5603 = CARTESIAN_POINT ( 'NONE',  ( -2.104999999999999538, 0.8134073820189092752, 0.7731575003791745226 ) ) ;
#5604 = CARTESIAN_POINT ( 'NONE',  ( 1.324999999999999956, 0.3800000000000000044, -0.09999999999999956146 ) ) ;
#5605 = EDGE_CURVE ( 'NONE', #5185, #10031, #1752, .T. ) ;
#5606 = EDGE_CURVE ( 'NONE', #10413, #9745, #932, .T. ) ;
#5607 = VERTEX_POINT ( 'NONE', #6194 ) ;
#5608 = CARTESIAN_POINT ( 'NONE',  ( 2.049999999999999822, 0.4099999999999999756, -0.5050000000000004485 ) ) ;
#5609 = CIRCLE ( 'NONE', #7320, 0.02499999999999984873 ) ;
#5610 = VERTEX_POINT ( 'NONE', #8862 ) ;
#5611 = CARTESIAN_POINT ( 'NONE',  ( -1.175000000000000044, 0.4249999987231686815, 2.441500001276831089 ) ) ;
#5612 = SURFACE_STYLE_FILL_AREA ( #8161 ) ;
#5613 = EDGE_CURVE ( 'NONE', #761, #4679, #3133, .T. ) ;
#5614 = VERTEX_POINT ( 'NONE', #9988 ) ;
#5615 = DIRECTION ( 'NONE',  ( 0.000000000000000000, 0.000000000000000000, -1.000000000000000000 ) ) ;
#5616 = ORIENTED_EDGE ( 'NONE', *, *, #5273, .F. ) ;
#5617 = EDGE_LOOP ( 'NONE', ( #7654, #143, #2831, #3372, #906, #10834 ) ) ;
#5618 = EDGE_CURVE ( 'NONE', #11116, #9897, #7477, .T. ) ;
#5619 = FACE_OUTER_BOUND ( 'NONE', #11018, .T. ) ;
#5620 = EDGE_CURVE ( 'NONE', #4794, #1482, #4268, .T. ) ;
#5621 = STYLED_ITEM ( 'NONE', ( #3138 ), #573 ) ;
#5622 = EDGE_CURVE ( 'NONE', #4145, #9550, #7188, .T. ) ;
#5623 = CARTESIAN_POINT ( 'NONE',  ( 1.381155281280883163, 1.000000000000000222, -0.7599999999999997868 ) ) ;
#5624 = VERTEX_POINT ( 'NONE', #6307 ) ;
#5625 = CARTESIAN_POINT ( 'NONE',  ( 2.375000000000000444, 1.050000000000000044, -0.07499999999999998335 ) ) ;
#5626 = VERTEX_POINT ( 'NONE', #9091 ) ;
#5627 = CARTESIAN_POINT ( 'NONE',  ( 1.684999999999999831, 0.05000000000000012768, -0.07500000000000006661 ) ) ;
#5628 = CARTESIAN_POINT ( 'NONE',  ( -1.449999999999999956, 0.6100000000000000977, -0.2050000000000003764 ) ) ;
#5629 = DIRECTION ( 'NONE',  ( 1.000000000000000000, 0.000000000000000000, -1.198328716957662588E-16 ) ) ;
#5630 = VECTOR ( 'NONE', #851, 1000.000000000000000 ) ;
#5631 = ORIENTED_EDGE ( 'NONE', *, *, #9693, .F. ) ;
#5632 = CARTESIAN_POINT ( 'NONE',  ( 1.841217857196018270, 0.2560200655585178620, 2.994373015991150133 ) ) ;
#5633 = EDGE_LOOP ( 'NONE', ( #4896, #3484, #8933, #4914 ) ) ;
#5634 = ADVANCED_FACE ( 'NONE', ( #5321 ), #7029, .F. ) ;
#5635 = CARTESIAN_POINT ( 'NONE',  ( 0.8249999999999999556, 0.3749999987231322773, 2.517714491643438635 ) ) ;
#5636 = ORIENTED_EDGE ( 'NONE', *, *, #10172, .F. ) ;
#5637 = CARTESIAN_POINT ( 'NONE',  ( -2.049999999999999822, 1.050000000000000044, -0.3150000000000003908 ) ) ;
#5638 = ORIENTED_EDGE ( 'NONE', *, *, #4149, .F. ) ;
#5639 = DIRECTION ( 'NONE',  ( 0.000000000000000000, 0.9659258262890680902, 0.2588190451025211281 ) ) ;
#5640 = CARTESIAN_POINT ( 'NONE',  ( -0.6750000000000000444, 0.7408666514389177227, 2.512987586845043531 ) ) ;
#5641 = EDGE_CURVE ( 'NONE', #5193, #2061, #9763, .T. ) ;
#5642 = ORIENTED_EDGE ( 'NONE', *, *, #8663, .T. ) ;
#5643 = ORIENTED_EDGE ( 'NONE', *, *, #2719, .T. ) ;
#5644 = LINE ( 'NONE', #144, #9903 ) ;
#5645 = EDGE_LOOP ( 'NONE', ( #1359, #1289, #4280, #6828, #9606 ) ) ;
#5646 = DIRECTION ( 'NONE',  ( 0.000000000000000000, 0.000000000000000000, 1.000000000000000000 ) ) ;
#5647 = LINE ( 'NONE', #9088, #416 ) ;
#5648 = ORIENTED_EDGE ( 'NONE', *, *, #3907, .F. ) ;
#5649 = CLOSED_SHELL ( 'NONE', ( #5418, #9795, #6072, #1139, #9962, #2062 ) ) ;
#5650 = ORIENTED_EDGE ( 'NONE', *, *, #4711, .F. ) ;
#5651 = LINE ( 'NONE', #5597, #4795 ) ;
#5652 = PLANE ( 'NONE',  #11587 ) ;
#5653 = CARTESIAN_POINT ( 'NONE',  ( 1.955000000000000959, 0.05000000000000012768, 3.024999999999999911 ) ) ;
#5654 = DIRECTION ( 'NONE',  ( 0.000000000000000000, 0.000000000000000000, 1.000000000000000000 ) ) ;
#5655 = PLANE ( 'NONE',  #5579 ) ;
#5656 = CARTESIAN_POINT ( 'NONE',  ( -2.254999999999999449, 0.5329422863405998134, 0.2449999999999999956 ) ) ;
#5657 = FACE_OUTER_BOUND ( 'NONE', #3036, .T. ) ;
#5658 = DIRECTION ( 'NONE',  ( 0.000000000000000000, 0.000000000000000000, 1.000000000000000000 ) ) ;
#5659 = DIRECTION ( 'NONE',  ( -0.000000000000000000, 1.000000000000000000, -0.000000000000000000 ) ) ;
#5660 = CARTESIAN_POINT ( 'NONE',  ( 0.3250000000000000111, 0.7250000000000001998, 2.577500000000000568 ) ) ;
#5661 = EDGE_CURVE ( 'NONE', #2828, #3852, #3746, .T. ) ;
#5662 = AXIS2_PLACEMENT_3D ( 'NONE', #9433, #8609, #8546 ) ;
#5663 = CARTESIAN_POINT ( 'NONE',  ( 0.8249999999999999556, 8.735352324927245566E-18, 0.1500000000000005496 ) ) ;
#5664 = ORIENTED_EDGE ( 'NONE', *, *, #796, .F. ) ;
#5665 = CARTESIAN_POINT ( 'NONE',  ( 0.8249999999999999556, 0.7250000000000001998, 2.577500000000000568 ) ) ;
#5666 = DIRECTION ( 'NONE',  ( -0.000000000000000000, -0.000000000000000000, 1.000000000000000000 ) ) ;
#5667 = UNCERTAINTY_MEASURE_WITH_UNIT (LENGTH_MEASURE( 1.000000000000000082E-05 ), #5246, 'distance_accuracy_value', 'NONE');
#5668 = VECTOR ( 'NONE', #8962, 1000.000000000000000 ) ;
#5669 = VERTEX_POINT ( 'NONE', #10160 ) ;
#5670 = CARTESIAN_POINT ( 'NONE',  ( -2.500000000000000444, 1.050000000000000044, -0.07499999999999942824 ) ) ;
#5671 = VERTEX_POINT ( 'NONE', #6470 ) ;
#5672 = EDGE_LOOP ( 'NONE', ( #3869, #4545, #10840, #10887 ) ) ;
#5673 = ADVANCED_FACE ( 'NONE', ( #3864 ), #564, .F. ) ;
#5674 = DIRECTION ( 'NONE',  ( 0.000000000000000000, -1.000000000000000000, -2.710505431213760592E-16 ) ) ;
#5675 = EDGE_LOOP ( 'NONE', ( #5802, #5289, #9089, #8413, #6328 ) ) ;
#5676 = ORIENTED_EDGE ( 'NONE', *, *, #5551, .F. ) ;
#5677 = FACE_OUTER_BOUND ( 'NONE', #2728, .T. ) ;
#5678 = CARTESIAN_POINT ( 'NONE',  ( -2.049999999999999822, 0.6800000000000001599, 0.4449999999999996736 ) ) ;
#5679 = EDGE_LOOP ( 'NONE', ( #3920, #4223, #6151, #10258, #4559 ) ) ;
#5680 = EDGE_CURVE ( 'NONE', #9247, #321, #11082, .T. ) ;
#5681 = EDGE_LOOP ( 'NONE', ( #4075, #7388, #11346, #5011, #2551, #10250, #9860, #11666, #8117, #7777, #6172 ) ) ;
#5682 = CARTESIAN_POINT ( 'NONE',  ( 2.049999999999999822, 0.4099999999999999756, 0.5949999999999996403 ) ) ;
#5683 = EDGE_CURVE ( 'NONE', #8844, #5739, #8252, .T. ) ;
#5684 = VECTOR ( 'NONE', #6104, 1000.000000000000000 ) ;
#5685 = LINE ( 'NONE', #11177, #7377 ) ;
#5686 = ADVANCED_FACE ( 'NONE', ( #11519 ), #8037, .F. ) ;
#5687 = ORIENTED_EDGE ( 'NONE', *, *, #1042, .F. ) ;
#5688 = ADVANCED_FACE ( 'NONE', ( #6310 ), #8865, .F. ) ;
#5689 = EDGE_LOOP ( 'NONE', ( #3258, #11296, #10065, #3973 ) ) ;
#5690 = ORIENTED_EDGE ( 'NONE', *, *, #9259, .F. ) ;
#5691 = CARTESIAN_POINT ( 'NONE',  ( 0.6750000000000000444, -1.203706215242022408E-32, -0.1249999999999994588 ) ) ;
#5692 = VECTOR ( 'NONE', #7911, 1000.000000000000000 ) ;
#5693 = VECTOR ( 'NONE', #10883, 1000.000000000000000 ) ;
#5694 = ORIENTED_EDGE ( 'NONE', *, *, #11481, .T. ) ;
#5695 = AXIS2_PLACEMENT_3D ( 'NONE', #9952, #3425, #10663 ) ;
#5696 = ORIENTED_EDGE ( 'NONE', *, *, #4378, .T. ) ;
#5697 = LINE ( 'NONE', #1193, #11238 ) ;
#5698 = CARTESIAN_POINT ( 'NONE',  ( 0.3250000000000000111, 0.3800000000000000044, -0.1749999999999994060 ) ) ;
#5699 = DIRECTION ( 'NONE',  ( -1.000000000000000000, 0.000000000000000000, -1.219727444046192242E-16 ) ) ;
#5700 = ORIENTED_EDGE ( 'NONE', *, *, #10161, .T. ) ;
#5701 = LINE ( 'NONE', #370, #2881 ) ;
#5702 = ADVANCED_FACE ( 'NONE', ( #3885 ), #10122, .F. ) ;
#5703 = AXIS2_PLACEMENT_3D ( 'NONE', #10080, #8343, #1957 ) ;
#5704 = VECTOR ( 'NONE', #2691, 1000.000000000000000 ) ;
#5705 = ORIENTED_EDGE ( 'NONE', *, *, #6144, .T. ) ;
#5706 = LINE ( 'NONE', #4761, #2475 ) ;
#5707 = CARTESIAN_POINT ( 'NONE',  ( 2.104999999999999538, 0.7500000000000002220, 0.2950000000000000400 ) ) ;
#5708 = VECTOR ( 'NONE', #7704, 1000.000000000000000 ) ;
#5709 = VERTEX_POINT ( 'NONE', #11150 ) ;
#5710 = AXIS2_PLACEMENT_3D ( 'NONE', #6833, #3155, #3918 ) ;
#5711 = VECTOR ( 'NONE', #212, 1000.000000000000000 ) ;
#5712 = VECTOR ( 'NONE', #4623, 1000.000000000000000 ) ;
#5713 = VERTEX_POINT ( 'NONE', #5791 ) ;
#5714 = DIRECTION ( 'NONE',  ( 0.000000000000000000, 0.000000000000000000, -1.000000000000000000 ) ) ;
#5715 = DIRECTION ( 'NONE',  ( 0.5547001962252284812, 0.000000000000000000, 0.8320502943378440541 ) ) ;
#5716 = PRESENTATION_STYLE_ASSIGNMENT (( #9097 ) ) ;
#5717 = CYLINDRICAL_SURFACE ( 'NONE', #175, 0.2000000000000000944 ) ;
#5718 = DIRECTION ( 'NONE',  ( 0.000000000000000000, 0.000000000000000000, 1.000000000000000000 ) ) ;
#5719 = LINE ( 'NONE', #8379, #8019 ) ;
#5720 = CARTESIAN_POINT ( 'NONE',  ( -0.6750000000000000444, 0.3749999987231322773, 2.517714491643438635 ) ) ;
#5721 = VECTOR ( 'NONE', #7083, 1000.000000000000000 ) ;
#5722 = SURFACE_SIDE_STYLE ('',( #5330 ) ) ;
#5723 = DIRECTION ( 'NONE',  ( -0.000000000000000000, 0.7071067811865457964, 0.7071067811865492381 ) ) ;
#5724 = LINE ( 'NONE', #2991, #7637 ) ;
#5725 = AXIS2_PLACEMENT_3D ( 'NONE', #4845, #6742, #2239 ) ;
#5726 = VECTOR ( 'NONE', #1983, 1000.000000000000000 ) ;
#5727 = EDGE_CURVE ( 'NONE', #9370, #10311, #7611, .T. ) ;
#5728 = VECTOR ( 'NONE', #2255, 1000.000000000000000 ) ;
#5729 = FACE_OUTER_BOUND ( 'NONE', #5645, .T. ) ;
#5730 = ORIENTED_EDGE ( 'NONE', *, *, #2432, .T. ) ;
#5731 = CARTESIAN_POINT ( 'NONE',  ( 1.324999999999999956, 0.4249999987231686815, 2.505000000000000338 ) ) ;
#5732 = DIRECTION ( 'NONE',  ( 0.000000000000000000, 1.000000000000000000, 0.000000000000000000 ) ) ;
#5733 = ORIENTED_EDGE ( 'NONE', *, *, #1187, .F. ) ;
#5734 = DIRECTION ( 'NONE',  ( 0.000000000000000000, 0.9961946980917442129, -0.08715574274767398655 ) ) ;
#5735 = ORIENTED_EDGE ( 'NONE', *, *, #6652, .T. ) ;
#5736 = VECTOR ( 'NONE', #10328, 1000.000000000000000 ) ;
#5737 = PLANE ( 'NONE',  #4431 ) ;
#5738 = VERTEX_POINT ( 'NONE', #9947 ) ;
#5739 = VERTEX_POINT ( 'NONE', #7268 ) ;
#5740 = VECTOR ( 'NONE', #5295, 1000.000000000000000 ) ;
#5741 = PLANE ( 'NONE',  #1110 ) ;
#5742 = VERTEX_POINT ( 'NONE', #9781 ) ;
#5743 = DIRECTION ( 'NONE',  ( 0.000000000000000000, -1.000000000000000000, -1.355252715606876598E-16 ) ) ;
#5744 = VECTOR ( 'NONE', #1050, 1000.000000000000000 ) ;
#5745 = LINE ( 'NONE', #1020, #7825 ) ;
#5746 = CARTESIAN_POINT ( 'NONE',  ( -2.254999999999999893, 0.6800000000000001599, 0.5949999999999996403 ) ) ;
#5747 = EDGE_CURVE ( 'NONE', #8936, #784, #3515, .T. ) ;
#5748 = CARTESIAN_POINT ( 'NONE',  ( -1.175000000000000044, 0.6999090492244378625, 2.541666408662616394 ) ) ;
#5749 = ORIENTED_EDGE ( 'NONE', *, *, #5121, .T. ) ;
#5750 = VERTEX_POINT ( 'NONE', #7553 ) ;
#5751 = ADVANCED_FACE ( 'NONE', ( #9150 ), #1043, .T. ) ;
#5752 = CARTESIAN_POINT ( 'NONE',  ( 0.3250000000000000111, 0.3615000000000000990, 2.125000000000000000 ) ) ;
#5753 = AXIS2_PLACEMENT_3D ( 'NONE', #2755, #8251, #9989 ) ;
#5754 = EDGE_CURVE ( 'NONE', #7628, #2164, #10112, .T. ) ;
#5755 = ORIENTED_EDGE ( 'NONE', *, *, #9830, .F. ) ;
#5756 = LINE ( 'NONE', #9375, #9299 ) ;
#5757 = VERTEX_POINT ( 'NONE', #516 ) ;
#5758 = LINE ( 'NONE', #2088, #3506 ) ;
#5759 = EDGE_CURVE ( 'NONE', #2956, #1292, #10469, .T. ) ;
#5760 = ORIENTED_EDGE ( 'NONE', *, *, #2272, .T. ) ;
#5761 = EDGE_CURVE ( 'NONE', #6624, #2459, #7674, .T. ) ;
#5762 = VERTEX_POINT ( 'NONE', #8707 ) ;
#5763 = FACE_OUTER_BOUND ( 'NONE', #1492, .T. ) ;
#5764 = VECTOR ( 'NONE', #3896, 1000.000000000000000 ) ;
#5765 = LINE ( 'NONE', #500, #5497 ) ;
#5766 = AXIS2_PLACEMENT_3D ( 'NONE', #4123, #10544, #1475 ) ;
#5767 = AXIS2_PLACEMENT_3D ( 'NONE', #1818, #7977, #3415 ) ;
#5768 = DIRECTION ( 'NONE',  ( -1.000000000000000000, -0.000000000000000000, -0.000000000000000000 ) ) ;
#5769 = ORIENTED_EDGE ( 'NONE', *, *, #8647, .F. ) ;
#5770 = CARTESIAN_POINT ( 'NONE',  ( 0.1750000000000000167, 0.6800000000000001599, 0.4949999999999995515 ) ) ;
#5771 = ORIENTED_EDGE ( 'NONE', *, *, #1566, .F. ) ;
#5772 = VERTEX_POINT ( 'NONE', #7816 ) ;
#5773 = CARTESIAN_POINT ( 'NONE',  ( 2.104999999999999538, 1.050000000000000044, 1.149999999999277156 ) ) ;
#5774 = ORIENTED_EDGE ( 'NONE', *, *, #323, .T. ) ;
#5775 = AXIS2_PLACEMENT_3D ( 'NONE', #10855, #92, #5369 ) ;
#5776 = ORIENTED_EDGE ( 'NONE', *, *, #8498, .T. ) ;
#5777 = FACE_OUTER_BOUND ( 'NONE', #9347, .T. ) ;
#5778 = CARTESIAN_POINT ( 'NONE',  ( 0.8249999999999999556, 0.3350000000000001310, 2.125000000000000000 ) ) ;
#5779 = CARTESIAN_POINT ( 'NONE',  ( -2.104999999999999982, 2.846030702774449139E-16, 2.224999999999276667 ) ) ;
#5780 = DIRECTION ( 'NONE',  ( -1.000000000000000000, -0.000000000000000000, -0.000000000000000000 ) ) ;
#5781 = CARTESIAN_POINT ( 'NONE',  ( -0.1749999999999998224, 0.8950000000000001288, 0.4949999999999995515 ) ) ;
#5782 = CARTESIAN_POINT ( 'NONE',  ( -0.6749999999999998224, 0.7500000000000002220, 0.5949999999999996403 ) ) ;
#5783 = PLANE ( 'NONE',  #2677 ) ;
#5784 = CARTESIAN_POINT ( 'NONE',  ( 2.049999999999999822, 1.050000000000000044, -0.5049999999999993383 ) ) ;
#5785 = VECTOR ( 'NONE', #5916, 1000.000000000000000 ) ;
#5786 = ADVANCED_FACE ( 'NONE', ( #10581 ), #9753, .F. ) ;
#5787 = VECTOR ( 'NONE', #2295, 1000.000000000000000 ) ;
#5788 = CARTESIAN_POINT ( 'NONE',  ( -1.175000000000000044, 0.4197467168032661955, 2.540024382298945227 ) ) ;
#5789 = ADVANCED_FACE ( 'NONE', ( #8050 ), #1662, .F. ) ;
#5790 = CARTESIAN_POINT ( 'NONE',  ( 2.104999999999999982, 1.000000000000000222, 1.799999999999277289 ) ) ;
#5791 = CARTESIAN_POINT ( 'NONE',  ( -0.1750000000000000167, 0.07499999999999999722, 0.1250000000000005551 ) ) ;
#5792 = DIRECTION ( 'NONE',  ( 0.000000000000000000, 0.000000000000000000, 1.000000000000000000 ) ) ;
#5793 = VERTEX_POINT ( 'NONE', #898 ) ;
#5794 = ADVANCED_FACE ( 'NONE', ( #7105 ), #3486, .F. ) ;
#5795 = CARTESIAN_POINT ( 'NONE',  ( 2.104999999999999982, 0.7499999999999573674, 2.124999999999999556 ) ) ;
#5796 = CARTESIAN_POINT ( 'NONE',  ( 0.8249999999999999556, 0.4249999987231687371, 2.517714491643439079 ) ) ;
#5797 = CARTESIAN_POINT ( 'NONE',  ( -2.254999999999999449, 0.9000000000000002442, -0.07499999999999998335 ) ) ;
#5798 = DIRECTION ( 'NONE',  ( 1.000000000000000000, 0.000000000000000000, 6.570922257487897174E-16 ) ) ;
#5799 = EDGE_LOOP ( 'NONE', ( #7474, #4497, #2125, #1766 ) ) ;
#5800 = VECTOR ( 'NONE', #7272, 1000.000000000000000 ) ;
#5801 = LINE ( 'NONE', #9417, #7446 ) ;
#5802 = ORIENTED_EDGE ( 'NONE', *, *, #1418, .F. ) ;
#5803 = ORIENTED_EDGE ( 'NONE', *, *, #8137, .F. ) ;
#5804 = AXIS2_PLACEMENT_3D ( 'NONE', #1905, #8246, #4690 ) ;
#5805 = CARTESIAN_POINT ( 'NONE',  ( 0.6750000000000000444, 0.3615000000000000990, 2.125000000000000000 ) ) ;
#5806 = ORIENTED_EDGE ( 'NONE', *, *, #9752, .T. ) ;
#5807 = VERTEX_POINT ( 'NONE', #3656 ) ;
#5808 = DIRECTION ( 'NONE',  ( 0.000000000000000000, 0.000000000000000000, -1.000000000000000000 ) ) ;
#5809 = DIRECTION ( 'NONE',  ( 0.000000000000000000, -4.425314989736752882E-16, 1.000000000000000000 ) ) ;
#5810 = SURFACE_STYLE_USAGE ( .BOTH. , #3082 ) ;
#5811 = VERTEX_POINT ( 'NONE', #946 ) ;
#5812 = EDGE_LOOP ( 'NONE', ( #10602, #6357, #4042, #9567 ) ) ;
#5813 = CARTESIAN_POINT ( 'NONE',  ( -0.6750000000000000444, 0.07499999999999999722, 0.1250000000000005551 ) ) ;
#5814 = FACE_OUTER_BOUND ( 'NONE', #7529, .T. ) ;
#5815 = EDGE_LOOP ( 'NONE', ( #4086, #8602, #8124, #2328 ) ) ;
#5816 = CARTESIAN_POINT ( 'NONE',  ( 0.6750000000000000444, 0.08000000000000001554, -0.1749999999999994893 ) ) ;
#5817 = EDGE_LOOP ( 'NONE', ( #732, #150, #1554, #5735 ) ) ;
#5818 = FACE_OUTER_BOUND ( 'NONE', #1111, .T. ) ;
#5819 = LINE ( 'NONE', #142, #5975 ) ;
#5820 = ORIENTED_EDGE ( 'NONE', *, *, #6274, .T. ) ;
#5821 = ORIENTED_EDGE ( 'NONE', *, *, #5080, .F. ) ;
#5822 = FACE_OUTER_BOUND ( 'NONE', #3565, .T. ) ;
#5823 = DIRECTION ( 'NONE',  ( -1.000000000000000000, -0.000000000000000000, -0.000000000000000000 ) ) ;
#5824 = SURFACE_STYLE_FILL_AREA ( #2216 ) ;
#5825 = LINE ( 'NONE', #3970, #11054 ) ;
#5826 = EDGE_LOOP ( 'NONE', ( #8491, #5138, #10145, #9278 ) ) ;
#5827 = CARTESIAN_POINT ( 'NONE',  ( -2.049999999999999822, 0.7500000000000002220, 0.3949999999999995182 ) ) ;
#5828 = VERTEX_POINT ( 'NONE', #9048 ) ;
#5829 = EDGE_CURVE ( 'NONE', #2303, #8967, #5445, .T. ) ;
#5830 = ADVANCED_FACE ( 'NONE', ( #1602 ), #10662, .T. ) ;
#5831 = VECTOR ( 'NONE', #9565, 1000.000000000000000 ) ;
#5832 = ORIENTED_EDGE ( 'NONE', *, *, #4357, .T. ) ;
#5833 = ORIENTED_EDGE ( 'NONE', *, *, #1411, .T. ) ;
#5834 = DIRECTION ( 'NONE',  ( 0.000000000000000000, 0.000000000000000000, -1.000000000000000000 ) ) ;
#5835 = EDGE_CURVE ( 'NONE', #5569, #8724, #9892, .T. ) ;
#5836 = DIRECTION ( 'NONE',  ( -1.000000000000000000, -0.000000000000000000, -0.000000000000000000 ) ) ;
#5837 = CARTESIAN_POINT ( 'NONE',  ( 2.254999999999999449, 0.9000000000000002442, 0.8249999999999996225 ) ) ;
#5838 = CARTESIAN_POINT ( 'NONE',  ( -0.1750000000000000167, 0.3800000000000000044, -0.09999999999999956146 ) ) ;
#5839 = DIRECTION ( 'NONE',  ( -0.3162277660168337778, -0.9486832980505152113, 3.631936768174677402E-17 ) ) ;
#5840 = FILL_AREA_STYLE_COLOUR ( '', #8070 ) ;
#5841 = EDGE_CURVE ( 'NONE', #8521, #7596, #8232, .T. ) ;
#5842 = FACE_OUTER_BOUND ( 'NONE', #10266, .T. ) ;
#5843 = EDGE_CURVE ( 'NONE', #11297, #4448, #5337, .T. ) ;
#5844 = LINE ( 'NONE', #1334, #2102 ) ;
#5845 = EDGE_CURVE ( 'NONE', #7958, #9076, #3592, .T. ) ;
#5846 = DIRECTION ( 'NONE',  ( -0.9486832980505152113, -0.3162277660168337778, 0.000000000000000000 ) ) ;
#5847 = LINE ( 'NONE', #4974, #4641 ) ;
#5848 = CARTESIAN_POINT ( 'NONE',  ( 0.8249999999999999556, 0.4249999987231686815, 2.505000000000000338 ) ) ;
#5849 = ORIENTED_EDGE ( 'NONE', *, *, #9977, .F. ) ;
#5850 =( NAMED_UNIT ( * ) SI_UNIT ( $, .STERADIAN. ) SOLID_ANGLE_UNIT ( ) );
#5851 = FACE_OUTER_BOUND ( 'NONE', #4483, .T. ) ;
#5852 = CARTESIAN_POINT ( 'NONE',  ( 2.254999999999999449, 0.3650000000000001577, 0.02000000000000001776 ) ) ;
#5853 = EDGE_CURVE ( 'NONE', #10900, #10741, #4541, .T. ) ;
#5854 = ORIENTED_EDGE ( 'NONE', *, *, #4519, .T. ) ;
#5855 = VECTOR ( 'NONE', #7221, 1000.000000000000000 ) ;
#5856 = DIRECTION ( 'NONE',  ( 0.000000000000000000, 0.000000000000000000, -1.000000000000000000 ) ) ;
#5857 = DIRECTION ( 'NONE',  ( -1.000000000000000000, -0.000000000000000000, -0.000000000000000000 ) ) ;
#5858 = VERTEX_POINT ( 'NONE', #2712 ) ;
#5859 = ORIENTED_EDGE ( 'NONE', *, *, #5398, .T. ) ;
#5860 = DIRECTION ( 'NONE',  ( 0.000000000000000000, -1.000000000000000000, -1.999553186960971874E-15 ) ) ;
#5861 = ORIENTED_EDGE ( 'NONE', *, *, #10407, .F. ) ;
#5862 = ORIENTED_EDGE ( 'NONE', *, *, #9351, .T. ) ;
#5863 = CARTESIAN_POINT ( 'NONE',  ( -0.6749999999999998224, 0.8950000000000001288, 0.4949999999999995515 ) ) ;
#5864 = VERTEX_POINT ( 'NONE', #10773 ) ;
#5865 = ORIENTED_EDGE ( 'NONE', *, *, #10752, .F. ) ;
#5866 = EDGE_CURVE ( 'NONE', #5882, #1017, #772, .T. ) ;
#5868 = DIRECTION ( 'NONE',  ( -1.000000000000000000, 0.000000000000000000, -1.219727444046192242E-16 ) ) ;
#5867 = CARTESIAN_POINT ( 'NONE',  ( -2.254999999999999449, 0.2900000000000002021, -0.07499999999999946987 ) ) ;
#5869 = AXIS2_PLACEMENT_3D ( 'NONE', #7668, #9583, #5083 ) ;
#5870 = ORIENTED_EDGE ( 'NONE', *, *, #10896, .T. ) ;
#5871 = CARTESIAN_POINT ( 'NONE',  ( 1.175000000000000044, 0.07499999999999999722, 0.1250000000000005551 ) ) ;
#5872 = FILL_AREA_STYLE_COLOUR ( '', #3420 ) ;
#5873 = EDGE_LOOP ( 'NONE', ( #11007, #9418, #4875, #3965 ) ) ;
#5874 = DIRECTION ( 'NONE',  ( 0.000000000000000000, 0.000000000000000000, -1.000000000000000000 ) ) ;
#5875 = ORIENTED_EDGE ( 'NONE', *, *, #5613, .F. ) ;
#5876 = COLOUR_RGB ( '',1.000000000000000000, 0.8117647058823529438, 0.5019607843137254832 ) ;
#5877 = PLANE ( 'NONE',  #8376 ) ;
#5878 = CIRCLE ( 'NONE', #780, 0.06499999999997957412 ) ;
#5879 = ORIENTED_EDGE ( 'NONE', *, *, #4926, .T. ) ;
#5880 = DIRECTION ( 'NONE',  ( 0.000000000000000000, 0.000000000000000000, -1.000000000000000000 ) ) ;
#5881 = ORIENTED_EDGE ( 'NONE', *, *, #10614, .T. ) ;
#5882 = VERTEX_POINT ( 'NONE', #6267 ) ;
#5883 = CARTESIAN_POINT ( 'NONE',  ( 0.1750000000000000167, 0.8950000000000001288, 0.4949999999999995515 ) ) ;
#5884 = DIRECTION ( 'NONE',  ( 0.000000000000000000, 0.000000000000000000, 1.000000000000000000 ) ) ;
#5885 = LINE ( 'NONE', #7008, #4022 ) ;
#5886 = SURFACE_STYLE_FILL_AREA ( #6772 ) ;
#5887 = DIRECTION ( 'NONE',  ( 0.000000000000000000, -0.7071067811865457964, -0.7071067811865492381 ) ) ;
#5888 = PRESENTATION_LAYER_ASSIGNMENT (  '', '', ( #8138 ) ) ;
#5889 = DIRECTION ( 'NONE',  ( 0.000000000000000000, 0.000000000000000000, -1.000000000000000000 ) ) ;
#5890 = ORIENTED_EDGE ( 'NONE', *, *, #9302, .F. ) ;
#5891 = AXIS2_PLACEMENT_3D ( 'NONE', #8456, #10307, #1115 ) ;
#5892 = ORIENTED_EDGE ( 'NONE', *, *, #9758, .F. ) ;
#5893 = CIRCLE ( 'NONE', #798, 0.1499999999999999667 ) ;
#5894 = CARTESIAN_POINT ( 'NONE',  ( -0.3250000000000000111, 0.03000000000000000930, -0.1749999999999994615 ) ) ;
#5895 = VECTOR ( 'NONE', #7733, 1000.000000000000000 ) ;
#5896 = DIRECTION ( 'NONE',  ( 0.000000000000000000, -0.5735764363510453823, -0.8191520442889923537 ) ) ;
#5897 = AXIS2_PLACEMENT_3D ( 'NONE', #4591, #7370, #3878 ) ;
#5898 = CARTESIAN_POINT ( 'NONE',  ( -2.104999999999999538, 0.7500000000000002220, 0.2950000000000000400 ) ) ;
#5899 = EDGE_CURVE ( 'NONE', #786, #8398, #7152, .T. ) ;
#5900 = DIRECTION ( 'NONE',  ( 0.000000000000000000, 0.000000000000000000, -1.000000000000000000 ) ) ;
#5901 = PLANE ( 'NONE',  #5007 ) ;
#5902 = CARTESIAN_POINT ( 'NONE',  ( 2.500000000000000444, 0.05000000000000012768, 2.124999999999999556 ) ) ;
#5903 = CYLINDRICAL_SURFACE ( 'NONE', #9868, 0.05000000000003655687 ) ;
#5904 = EDGE_LOOP ( 'NONE', ( #5648, #9482, #11268, #83, #1692, #6336, #10205 ) ) ;
#5905 = CARTESIAN_POINT ( 'NONE',  ( 1.175000000000000044, 0.8950000000000001288, 0.4949999999999995515 ) ) ;
#5906 = ADVANCED_FACE ( 'NONE', ( #8154 ), #6099, .F. ) ;
#5907 = DIRECTION ( 'NONE',  ( -1.000000000000000000, -0.000000000000000000, -0.000000000000000000 ) ) ;
#5908 = AXIS2_PLACEMENT_3D ( 'NONE', #9576, #1450, #6656 ) ;
#5909 = ADVANCED_FACE ( 'NONE', ( #3423 ), #2656, .F. ) ;
#5910 = ADVANCED_FACE ( 'NONE', ( #9951 ), #2543, .F. ) ;
#5911 = CARTESIAN_POINT ( 'NONE',  ( -1.174999999999999822, 0.6800000000000001599, 0.4449999999999996736 ) ) ;
#5912 = EDGE_CURVE ( 'NONE', #9777, #2451, #11596, .T. ) ;
#5913 = LINE ( 'NONE', #218, #1777 ) ;
#5914 = DIRECTION ( 'NONE',  ( -0.000000000000000000, -0.000000000000000000, 1.000000000000000000 ) ) ;
#5915 = ORIENTED_EDGE ( 'NONE', *, *, #11614, .F. ) ;
#5916 = DIRECTION ( 'NONE',  ( -0.000000000000000000, 1.000000000000000000, -0.000000000000000000 ) ) ;
#5917 = EDGE_CURVE ( 'NONE', #11566, #4959, #1164, .T. ) ;
#5918 = CARTESIAN_POINT ( 'NONE',  ( 1.324999999999999956, 0.4197467168032661955, 2.540024382298945227 ) ) ;
#5919 = EDGE_CURVE ( 'NONE', #4048, #9243, #6380, .T. ) ;
#5920 = AXIS2_PLACEMENT_3D ( 'NONE', #1587, #521, #11583 ) ;
#5921 = DIRECTION ( 'NONE',  ( 0.000000000000000000, -1.000000000000000000, 0.000000000000000000 ) ) ;
#5922 = ORIENTED_EDGE ( 'NONE', *, *, #7675, .T. ) ;
#5923 = CARTESIAN_POINT ( 'NONE',  ( 0.6750000000000000444, 0.6800000000000001599, 0.4949999999999995515 ) ) ;
#5924 = CARTESIAN_POINT ( 'NONE',  ( 1.175000000000000044, 1.050000000000000044, -0.3599999999999996536 ) ) ;
#5925 = STYLED_ITEM ( 'NONE', ( #649 ), #4198 ) ;
#5926 = ORIENTED_EDGE ( 'NONE', *, *, #6527, .T. ) ;
#5927 = LINE ( 'NONE', #530, #1228 ) ;
#5928 = ORIENTED_EDGE ( 'NONE', *, *, #8734, .T. ) ;
#5929 = AXIS2_PLACEMENT_3D ( 'NONE', #7020, #633, #5082 ) ;
#5930 = ADVANCED_FACE ( 'NONE', ( #11048 ), #4604, .F. ) ;
#5931 = CYLINDRICAL_SURFACE ( 'NONE', #11306, 0.1499999999999999667 ) ;
#5932 = ORIENTED_EDGE ( 'NONE', *, *, #11516, .T. ) ;
#5934 = PLANE ( 'NONE',  #6196 ) ;
#5933 = CARTESIAN_POINT ( 'NONE',  ( -0.8249999999999999556, 0.4249999987231686815, 2.505000000000000338 ) ) ;
#5935 = AXIS2_PLACEMENT_3D ( 'NONE', #7764, #3911, #364 ) ;
#5936 = FACE_OUTER_BOUND ( 'NONE', #6417, .T. ) ;
#5937 = VECTOR ( 'NONE', #3336, 1000.000000000000000 ) ;
#5938 = ORIENTED_EDGE ( 'NONE', *, *, #9491, .F. ) ;
#5939 = ORIENTED_EDGE ( 'NONE', *, *, #9545, .T. ) ;
#5940 =( GEOMETRIC_REPRESENTATION_CONTEXT ( 3 ) GLOBAL_UNCERTAINTY_ASSIGNED_CONTEXT ( ( #8929 ) ) GLOBAL_UNIT_ASSIGNED_CONTEXT ( ( #6957, #6903, #3270 ) ) REPRESENTATION_CONTEXT ( 'NONE', 'WORKASPACE' ) );
#5941 = ORIENTED_EDGE ( 'NONE', *, *, #5641, .T. ) ;
#5942 = CARTESIAN_POINT ( 'NONE',  ( 0.3250000000000001776, 0.8950000000000001288, 0.5327497731395587355 ) ) ;
#5943 = ORIENTED_EDGE ( 'NONE', *, *, #5841, .T. ) ;
#5944 = AXIS2_PLACEMENT_3D ( 'NONE', #10464, #10583, #10639 ) ;
#5945 = FACE_OUTER_BOUND ( 'NONE', #737, .T. ) ;
#5946 = ORIENTED_EDGE ( 'NONE', *, *, #122, .T. ) ;
#5947 = DIRECTION ( 'NONE',  ( 0.000000000000000000, 0.000000000000000000, -1.000000000000000000 ) ) ;
#5948 = EDGE_LOOP ( 'NONE', ( #7936, #8180, #5567, #5244, #7924 ) ) ;
#5949 = VERTEX_POINT ( 'NONE', #3711 ) ;
#5950 = VECTOR ( 'NONE', #1861, 1000.000000000000000 ) ;
#5951 = ORIENTED_EDGE ( 'NONE', *, *, #11027, .T. ) ;
#5952 = LINE ( 'NONE', #6007, #7069 ) ;
#5953 = EDGE_CURVE ( 'NONE', #8892, #9021, #1061, .T. ) ;
#5954 = LINE ( 'NONE', #11379, #4788 ) ;
#5955 = DIRECTION ( 'NONE',  ( 1.219727444046192242E-16, 0.000000000000000000, 1.000000000000000000 ) ) ;
#5956 = FACE_OUTER_BOUND ( 'NONE', #9551, .T. ) ;
#5957 = VECTOR ( 'NONE', #6795, 1000.000000000000000 ) ;
#5958 = DIRECTION ( 'NONE',  ( 1.000000000000000000, 0.000000000000000000, 0.000000000000000000 ) ) ;
#5959 = EDGE_LOOP ( 'NONE', ( #8464, #5198, #7017, #5832 ) ) ;
#5960 = DIRECTION ( 'NONE',  ( -1.000000000000000000, 0.000000000000000000, 1.219727444046192242E-16 ) ) ;
#5961 = EDGE_CURVE ( 'NONE', #8349, #2194, #6560, .T. ) ;
#5962 = ORIENTED_EDGE ( 'NONE', *, *, #8599, .F. ) ;
#5963 = ORIENTED_EDGE ( 'NONE', *, *, #1339, .T. ) ;
#5964 = CARTESIAN_POINT ( 'NONE',  ( 2.254999999999999893, 0.6800000000000001599, 0.4449999999999996736 ) ) ;
#5965 = LINE ( 'NONE', #10530, #5366 ) ;
#5966 = DIRECTION ( 'NONE',  ( -1.000000000000000000, 0.000000000000000000, -1.219727444046192242E-16 ) ) ;
#5967 = LINE ( 'NONE', #8566, #278 ) ;
#5968 = AXIS2_PLACEMENT_3D ( 'NONE', #7431, #3702, #8257 ) ;
#5969 = CARTESIAN_POINT ( 'NONE',  ( 1.764999999999999902, 0.8250000000000001776, 2.683578643762690508 ) ) ;
#5970 = CARTESIAN_POINT ( 'NONE',  ( 0.3250000000000000111, 0.3614999999999998215, 2.441500001276831089 ) ) ;
#5971 = DIRECTION ( 'NONE',  ( 0.000000000000000000, -1.000000000000000000, 5.421010862427520198E-16 ) ) ;
#5972 = EDGE_CURVE ( 'NONE', #1712, #7088, #8394, .T. ) ;
#5973 = CARTESIAN_POINT ( 'NONE',  ( 0.6750000000000000444, 0.8950000000000001288, 0.4949999999999995515 ) ) ;
#5974 = DIRECTION ( 'NONE',  ( -0.4103646773288018856, 0.000000000000000000, -0.9119215051751046186 ) ) ;
#5975 = VECTOR ( 'NONE', #3094, 1000.000000000000000 ) ;
#5976 = CARTESIAN_POINT ( 'NONE',  ( -1.175000000000000044, 0.4197467168032661955, 2.540024382298945227 ) ) ;
#5977 = CARTESIAN_POINT ( 'NONE',  ( -0.6749999999999998224, 0.7500000000000002220, 0.5949999999999996403 ) ) ;
#5978 = EDGE_LOOP ( 'NONE', ( #7868, #8406, #1036, #10744 ) ) ;
#5979 = DIRECTION ( 'NONE',  ( 0.000000000000000000, 0.000000000000000000, 1.000000000000000000 ) ) ;
#5980 = CARTESIAN_POINT ( 'NONE',  ( -0.3250000000000000111, 0.3800000000000000044, -0.1749999999999994060 ) ) ;
#5981 = PLANE ( 'NONE',  #11623 ) ;
#5982 = DIRECTION ( 'NONE',  ( -1.000000000000000000, 0.000000000000000000, 1.219727444046192242E-16 ) ) ;
#5983 = VECTOR ( 'NONE', #8079, 1000.000000000000000 ) ;
#5984 = CARTESIAN_POINT ( 'NONE',  ( -1.955000000000000071, 1.050000000000000044, 3.025000000000000355 ) ) ;
#5985 = CARTESIAN_POINT ( 'NONE',  ( 1.381155281280883163, 1.000000000000000222, -0.7599999999999997868 ) ) ;
#5986 = EDGE_LOOP ( 'NONE', ( #9740, #6228, #8275, #4079 ) ) ;
#5987 = EDGE_CURVE ( 'NONE', #5587, #5068, #10006, .T. ) ;
#5988 = EDGE_CURVE ( 'NONE', #6382, #8398, #9219, .T. ) ;
#5989 = VECTOR ( 'NONE', #340, 1000.000000000000000 ) ;
#5990 = VERTEX_POINT ( 'NONE', #4787 ) ;
#5991 = ORIENTED_EDGE ( 'NONE', *, *, #6761, .T. ) ;
#5992 = LINE ( 'NONE', #9608, #6038 ) ;
#5993 = EDGE_CURVE ( 'NONE', #5828, #11659, #3764, .T. ) ;
#5995 = FACE_OUTER_BOUND ( 'NONE', #10438, .T. ) ;
#5994 = FACE_OUTER_BOUND ( 'NONE', #4567, .T. ) ;
#5996 = CARTESIAN_POINT ( 'NONE',  ( 2.104999999999999982, 1.025000000000116707, 1.799999999999277289 ) ) ;
#5997 = VERTEX_POINT ( 'NONE', #5731 ) ;
#5998 = EDGE_CURVE ( 'NONE', #8196, #2097, #9589, .T. ) ;
#5999 = VERTEX_POINT ( 'NONE', #11102 ) ;
#6000 = EDGE_CURVE ( 'NONE', #6220, #6432, #7379, .T. ) ;
#6001 = ORIENTED_EDGE ( 'NONE', *, *, #5348, .T. ) ;
#6002 = EDGE_CURVE ( 'NONE', #2260, #975, #10179, .T. ) ;
#6003 = ORIENTED_EDGE ( 'NONE', *, *, #10174, .F. ) ;
#6004 = CARTESIAN_POINT ( 'NONE',  ( 2.104999999999999982, 1.025000000000116707, 2.624999999999276135 ) ) ;
#6005 = EDGE_LOOP ( 'NONE', ( #3480, #8399, #8420, #5700 ) ) ;
#6006 = ORIENTED_EDGE ( 'NONE', *, *, #10184, .F. ) ;
#6007 = CARTESIAN_POINT ( 'NONE',  ( 1.381155281280883163, 1.000000000000000222, -0.7599999999999997868 ) ) ;
#6008 = EDGE_CURVE ( 'NONE', #5793, #9007, #10989, .T. ) ;
#6009 = DIRECTION ( 'NONE',  ( 1.000000000000000000, -0.000000000000000000, -1.219727444046192242E-16 ) ) ;
#6010 = LINE ( 'NONE', #6837, #10495 ) ;
#6011 = ORIENTED_EDGE ( 'NONE', *, *, #4727, .T. ) ;
#6012 = CARTESIAN_POINT ( 'NONE',  ( -1.175000000000000044, 0.3350000000000001310, 2.709999999999999964 ) ) ;
#6013 = ORIENTED_EDGE ( 'NONE', *, *, #7267, .T. ) ;
#6014 = EDGE_CURVE ( 'NONE', #7758, #10940, #10932, .T. ) ;
#6015 = DIRECTION ( 'NONE',  ( 0.000000000000000000, 0.000000000000000000, -1.000000000000000000 ) ) ;
#6016 = EDGE_LOOP ( 'NONE', ( #2504, #5616, #1341, #28 ) ) ;
#6017 = CARTESIAN_POINT ( 'NONE',  ( 2.104999999999999538, 0.8150000000000001688, 0.2450000000000000511 ) ) ;
#6018 = DIRECTION ( 'NONE',  ( -1.000000000000000000, 0.000000000000000000, -0.000000000000000000 ) ) ;
#6019 = DIRECTION ( 'NONE',  ( 0.000000000000000000, 0.000000000000000000, 1.000000000000000000 ) ) ;
#6020 = DIRECTION ( 'NONE',  ( 0.000000000000000000, 0.000000000000000000, -1.000000000000000000 ) ) ;
#6021 = CARTESIAN_POINT ( 'NONE',  ( -0.3250000000000000111, 0.07500000000000001110, 0.1500000000000005496 ) ) ;
#6022 = CARTESIAN_POINT ( 'NONE',  ( 0.1750000000000000167, 0.6800000000000001599, 0.8249999999999999556 ) ) ;
#6023 = PLANE ( 'NONE',  #1558 ) ;
#6024 = VECTOR ( 'NONE', #3009, 1000.000000000000000 ) ;
#6025 = CARTESIAN_POINT ( 'NONE',  ( 2.049999999999999822, 0.4099999999999999756, 0.5949999999999996403 ) ) ;
#6026 = DIRECTION ( 'NONE',  ( 0.000000000000000000, 0.000000000000000000, -1.000000000000000000 ) ) ;
#6027 = CARTESIAN_POINT ( 'NONE',  ( -0.1750000000000000167, 1.792020331853238969E-17, 0.2250000000000005329 ) ) ;
#6028 = PLANE ( 'NONE',  #9128 ) ;
#6029 = CARTESIAN_POINT ( 'NONE',  ( 2.055000000000000604, 1.050000000000000044, -0.07499999999999998335 ) ) ;
#6030 = ORIENTED_EDGE ( 'NONE', *, *, #2204, .T. ) ;
#6031 = CARTESIAN_POINT ( 'NONE',  ( 1.175000000000000044, 0.6800000000000001599, 0.4949999999999995515 ) ) ;
#6032 = CARTESIAN_POINT ( 'NONE',  ( 1.175000000000000044, 0.8950000000000001288, 0.4949999999999995515 ) ) ;
#6033 = PLANE ( 'NONE',  #6915 ) ;
#6034 = ORIENTED_EDGE ( 'NONE', *, *, #8528, .T. ) ;
#6035 = CARTESIAN_POINT ( 'NONE',  ( 0.000000000000000000, 0.8950000000000001288, 0.000000000000000000 ) ) ;
#6036 = ADVANCED_FACE ( 'NONE', ( #2995 ), #1002, .F. ) ;
#6037 = ORIENTED_EDGE ( 'NONE', *, *, #6905, .F. ) ;
#6038 = VECTOR ( 'NONE', #8714, 1000.000000000000000 ) ;
#6039 = VECTOR ( 'NONE', #184, 1000.000000000000000 ) ;
#6040 = CARTESIAN_POINT ( 'NONE',  ( -2.499999999999999556, 1.050000000000000044, 2.125000000000000000 ) ) ;
#6041 = DIRECTION ( 'NONE',  ( 0.000000000000000000, 0.000000000000000000, 1.000000000000000000 ) ) ;
#6042 = ORIENTED_EDGE ( 'NONE', *, *, #5917, .T. ) ;
#6043 = ORIENTED_EDGE ( 'NONE', *, *, #5998, .F. ) ;
#6044 = CLOSED_SHELL ( 'NONE', ( #9603, #4422, #5281, #8345, #10547, #1059 ) ) ;
#6046 = SURFACE_SIDE_STYLE ('',( #3322 ) ) ;
#6045 = CARTESIAN_POINT ( 'NONE',  ( -0.1750000000000000167, 0.4197467168032661955, 2.540024382298945227 ) ) ;
#6047 = DIRECTION ( 'NONE',  ( -1.000000000000000000, -0.000000000000000000, -0.000000000000000000 ) ) ;
#6048 = EDGE_CURVE ( 'NONE', #1374, #5999, #4858, .T. ) ;
#6049 = ORIENTED_EDGE ( 'NONE', *, *, #2652, .T. ) ;
#6050 = ORIENTED_EDGE ( 'NONE', *, *, #486, .T. ) ;
#6051 = ADVANCED_FACE ( 'NONE', ( #3827 ), #8452, .F. ) ;
#6052 = CARTESIAN_POINT ( 'NONE',  ( 1.175000000000000044, 1.000000000000000000, -0.3599999999999996536 ) ) ;
#6053 = ORIENTED_EDGE ( 'NONE', *, *, #5049, .F. ) ;
#6054 = EDGE_CURVE ( 'NONE', #3020, #1796, #6534, .T. ) ;
#6055 = ORIENTED_EDGE ( 'NONE', *, *, #5759, .F. ) ;
#6056 = AXIS2_PLACEMENT_3D ( 'NONE', #2614, #8115, #6223 ) ;
#6057 = PLANE ( 'NONE',  #5098 ) ;
#6058 = VERTEX_POINT ( 'NONE', #10484 ) ;
#6059 = EDGE_CURVE ( 'NONE', #11514, #7882, #10543, .T. ) ;
#6060 = ORIENTED_EDGE ( 'NONE', *, *, #10606, .T. ) ;
#6061 = CARTESIAN_POINT ( 'NONE',  ( -2.254999999999999449, 1.050000000000000044, 0.2950000000000000400 ) ) ;
#6062 = EDGE_CURVE ( 'NONE', #7882, #6767, #1613, .T. ) ;
#6063 = CARTESIAN_POINT ( 'NONE',  ( 1.449999999999999956, 0.4099999999999999756, -0.2050000000000008205 ) ) ;
#6064 = SURFACE_STYLE_USAGE ( .BOTH. , #859 ) ;
#6065 = VERTEX_POINT ( 'NONE', #10415 ) ;
#6066 = CARTESIAN_POINT ( 'NONE',  ( 2.254999999999999449, 0.9000000000000002442, 2.124999999999999556 ) ) ;
#6067 = ORIENTED_EDGE ( 'NONE', *, *, #9015, .T. ) ;
#6068 = VECTOR ( 'NONE', #5646, 1000.000000000000000 ) ;
#6069 = AXIS2_PLACEMENT_3D ( 'NONE', #2417, #9816, #6019 ) ;
#6070 = CARTESIAN_POINT ( 'NONE',  ( 0.3250000000000000111, 0.03000000000000000930, -0.1249999999999994310 ) ) ;
#6071 = ORIENTED_EDGE ( 'NONE', *, *, #10172, .T. ) ;
#6072 = ADVANCED_FACE ( 'NONE', ( #7741 ), #589, .T. ) ;
#6073 = CARTESIAN_POINT ( 'NONE',  ( -0.3250000000000000111, 0.8950000000000001288, 0.4949999999999995515 ) ) ;
#6074 = CARTESIAN_POINT ( 'NONE',  ( 2.104999999999999982, 2.846030702774449139E-16, 2.224999999999276667 ) ) ;
#6075 = CARTESIAN_POINT ( 'NONE',  ( 2.104999999999999982, 0.7249999999999575673, 2.154999999999999805 ) ) ;
#6076 = LINE ( 'NONE', #2418, #11213 ) ;
#6077 = AXIS2_PLACEMENT_3D ( 'NONE', #8467, #356, #6700 ) ;
#6078 = VECTOR ( 'NONE', #11161, 1000.000000000000000 ) ;
#6079 = DIRECTION ( 'NONE',  ( 0.000000000000000000, 0.8191520442889922426, -0.5735764363510453823 ) ) ;
#6080 = LINE ( 'NONE', #8503, #10799 ) ;
#6081 = LINE ( 'NONE', #3409, #7843 ) ;
#6082 = CIRCLE ( 'NONE', #2855, 0.1499999999999999667 ) ;
#6083 = AXIS2_PLACEMENT_3D ( 'NONE', #11682, #1694, #3630 ) ;
#6084 = AXIS2_PLACEMENT_3D ( 'NONE', #2633, #698, #3465 ) ;
#6085 = CARTESIAN_POINT ( 'NONE',  ( 1.325000000000000178, 0.6800000000000001599, 0.4949999999999995515 ) ) ;
#6086 = SURFACE_STYLE_USAGE ( .BOTH. , #6926 ) ;
#6087 = DIRECTION ( 'NONE',  ( -1.000000000000000000, -0.000000000000000000, -0.000000000000000000 ) ) ;
#6088 = ORIENTED_EDGE ( 'NONE', *, *, #10046, .T. ) ;
#6089 = CARTESIAN_POINT ( 'NONE',  ( -1.665000000000000480, 0.2900000000000000910, 0.8250000000000003997 ) ) ;
#6090 = CARTESIAN_POINT ( 'NONE',  ( 1.175000000000000044, 0.7250000000000001998, 2.577500000000000568 ) ) ;
#6091 = AXIS2_PLACEMENT_3D ( 'NONE', #4835, #4639, #8365 ) ;
#6092 = VERTEX_POINT ( 'NONE', #5038 ) ;
#6093 = CARTESIAN_POINT ( 'NONE',  ( -0.6750000000000000444, 0.000000000000000000, 0.2250000000000005052 ) ) ;
#6094 = ORIENTED_EDGE ( 'NONE', *, *, #9275, .T. ) ;
#6095 = SURFACE_SIDE_STYLE ('',( #8773 ) ) ;
#6096 = VECTOR ( 'NONE', #10346, 1000.000000000000000 ) ;
#6097 = EDGE_LOOP ( 'NONE', ( #9248, #439, #8103, #2339, #7832, #4146, #6893, #11497, #3162, #11492, #6726, #714, #1886, #9449, #3092, #1608, #2982, #2557, #3490, #3499, #5466, #9151, #5499, #2146, #1455, #10240, #7818, #9850 ) ) ;
#6098 = ORIENTED_EDGE ( 'NONE', *, *, #7415, .T. ) ;
#6099 = PLANE ( 'NONE',  #10713 ) ;
#6100 = CARTESIAN_POINT ( 'NONE',  ( -0.7653846153846183276, 0.6100000000000000977, -2.431923076923076188 ) ) ;
#6102 = LINE ( 'NONE', #4196, #2777 ) ;
#6101 = CARTESIAN_POINT ( 'NONE',  ( 2.254999999999999893, 0.8214213562373096078, 0.4949999999999995515 ) ) ;
#6103 = ORIENTED_EDGE ( 'NONE', *, *, #11178, .T. ) ;
#6104 = DIRECTION ( 'NONE',  ( -1.000000000000000000, -0.000000000000000000, -0.000000000000000000 ) ) ;
#6105 = ORIENTED_EDGE ( 'NONE', *, *, #274, .F. ) ;
#6106 = VERTEX_POINT ( 'NONE', #6744 ) ;
#6107 = CIRCLE ( 'NONE', #999, 0.1000000000000002554 ) ;
#6108 = CARTESIAN_POINT ( 'NONE',  ( 0.8249999999999999556, 0.3615000000000000990, 2.125000000000000000 ) ) ;
#6109 =( GEOMETRIC_REPRESENTATION_CONTEXT ( 3 ) GLOBAL_UNCERTAINTY_ASSIGNED_CONTEXT ( ( #4047 ) ) GLOBAL_UNIT_ASSIGNED_CONTEXT ( ( #5214, #4118, #2477 ) ) REPRESENTATION_CONTEXT ( 'NONE', 'WORKASPACE' ) );
#6110 = DIRECTION ( 'NONE',  ( 0.000000000000000000, 1.000000000000000000, 0.000000000000000000 ) ) ;
#6111 = ORIENTED_EDGE ( 'NONE', *, *, #1030, .F. ) ;
#6112 = ORIENTED_EDGE ( 'NONE', *, *, #1926, .T. ) ;
#6113 = DIRECTION ( 'NONE',  ( 0.000000000000000000, 1.000000000000000000, 0.000000000000000000 ) ) ;
#6114 = ORIENTED_EDGE ( 'NONE', *, *, #3436, .F. ) ;
#6115 = AXIS2_PLACEMENT_3D ( 'NONE', #7365, #49, #3812 ) ;
#6116 = VERTEX_POINT ( 'NONE', #3999 ) ;
#6117 = AXIS2_PLACEMENT_3D ( 'NONE', #480, #9425, #2437 ) ;
#6118 = ORIENTED_EDGE ( 'NONE', *, *, #6652, .F. ) ;
#6119 = LINE ( 'NONE', #8549, #5186 ) ;
#6120 = PLANE ( 'NONE',  #9846 ) ;
#6121 = AXIS2_PLACEMENT_3D ( 'NONE', #2953, #3126, #6565 ) ;
#6122 = LINE ( 'NONE', #1894, #7384 ) ;
#6123 = VERTEX_POINT ( 'NONE', #8760 ) ;
#6124 = CARTESIAN_POINT ( 'NONE',  ( -2.500000000000000444, 0.1000000000000001305, -0.07499999999999942824 ) ) ;
#6125 = ORIENTED_EDGE ( 'NONE', *, *, #113, .T. ) ;
#6126 = EDGE_CURVE ( 'NONE', #11547, #7594, #6681, .T. ) ;
#6127 = VECTOR ( 'NONE', #4897, 1000.000000000000000 ) ;
#6128 = CARTESIAN_POINT ( 'NONE',  ( 2.104999999999999982, 1.025000000000116929, 2.624999999999276135 ) ) ;
#6129 = LINE ( 'NONE', #1509, #3096 ) ;
#6130 = CIRCLE ( 'NONE', #7629, 0.09999999999999982514 ) ;
#6131 = EDGE_CURVE ( 'NONE', #2049, #2403, #8038, .T. ) ;
#6132 = EDGE_CURVE ( 'NONE', #9446, #2076, #10304, .T. ) ;
#6133 = AXIS2_PLACEMENT_3D ( 'NONE', #8783, #7941, #9959 ) ;
#6134 = ORIENTED_EDGE ( 'NONE', *, *, #5953, .T. ) ;
#6135 = EDGE_LOOP ( 'NONE', ( #5170, #3616, #8824, #1457 ) ) ;
#6136 = CARTESIAN_POINT ( 'NONE',  ( 1.665000000000000036, 0.6799999999999998268, 0.8249999999999999556 ) ) ;
#6137 = CARTESIAN_POINT ( 'NONE',  ( -0.8249999999999999556, 0.8950000000000001288, 0.4949999999999995515 ) ) ;
#6138 = CARTESIAN_POINT ( 'NONE',  ( -1.684999999999999831, 0.1000000000000001305, -0.07500000000000003886 ) ) ;
#6139 = CYLINDRICAL_SURFACE ( 'NONE', #1204, 0.1499999999999999667 ) ;
#6140 = CIRCLE ( 'NONE', #461, 0.04999999999999999584 ) ;
#6141 = EDGE_CURVE ( 'NONE', #8790, #10612, #1283, .T. ) ;
#6142 = CARTESIAN_POINT ( 'NONE',  ( 0.6750000000000000444, -1.203706215242022408E-32, -0.1249999999999994588 ) ) ;
#6143 = CARTESIAN_POINT ( 'NONE',  ( -2.254999999999999449, 0.3650000000000001577, 0.02000000000000001776 ) ) ;
#6144 = EDGE_CURVE ( 'NONE', #10311, #4012, #3184, .T. ) ;
#6145 = DIRECTION ( 'NONE',  ( 0.000000000000000000, -0.4461978131098036093, 0.8949343616020276615 ) ) ;
#6146 = DIRECTION ( 'NONE',  ( -1.000000000000000000, -0.000000000000000000, -1.219727444046192242E-16 ) ) ;
#6147 = CARTESIAN_POINT ( 'NONE',  ( -0.1750000000000000167, -1.203706215242022408E-32, -0.1249999999999994588 ) ) ;
#6148 = CARTESIAN_POINT ( 'NONE',  ( 0.000000000000000000, 1.050000000000000044, 0.000000000000000000 ) ) ;
#6149 = CARTESIAN_POINT ( 'NONE',  ( 1.175000000000000044, 0.000000000000000000, 0.2250000000000005052 ) ) ;
#6150 = CARTESIAN_POINT ( 'NONE',  ( 0.1750000000000000167, 0.4050000000000000266, -0.07499999999999942824 ) ) ;
#6151 = ORIENTED_EDGE ( 'NONE', *, *, #6340, .F. ) ;
#6152 = DIRECTION ( 'NONE',  ( 0.000000000000000000, 0.000000000000000000, 1.000000000000000000 ) ) ;
#6153 = PLANE ( 'NONE',  #7025 ) ;
#6154 = VECTOR ( 'NONE', #2774, 1000.000000000000000 ) ;
#6155 = DIRECTION ( 'NONE',  ( 0.7808688094430283888, -0.6246950475544267301, 0.000000000000000000 ) ) ;
#6156 = ADVANCED_FACE ( 'NONE', ( #1528 ), #5981, .F. ) ;
#6157 = VECTOR ( 'NONE', #3093, 999.9999999999998863 ) ;
#6158 = AXIS2_PLACEMENT_3D ( 'NONE', #4481, #6982, #8816 ) ;
#6159 = ADVANCED_FACE ( 'NONE', ( #5851 ), #3238, .F. ) ;
#6160 = PRESENTATION_STYLE_ASSIGNMENT (( #8881 ) ) ;
#6161 = EDGE_LOOP ( 'NONE', ( #1415, #11030, #3659, #3739 ) ) ;
#6162 = AXIS2_PLACEMENT_3D ( 'NONE', #8618, #2273, #5887 ) ;
#6163 = DIRECTION ( 'NONE',  ( 0.000000000000000000, -9.035018104045865024E-16, 1.000000000000000000 ) ) ;
#6164 = CARTESIAN_POINT ( 'NONE',  ( 1.764999999999999902, 0.7542893218813454537, 2.754289321881345565 ) ) ;
#6166 = FACE_OUTER_BOUND ( 'NONE', #8621, .T. ) ;
#6165 = PLANE ( 'NONE',  #9345 ) ;
#6167 = ORIENTED_EDGE ( 'NONE', *, *, #9072, .F. ) ;
#6168 = DIRECTION ( 'NONE',  ( 0.000000000000000000, 0.000000000000000000, 1.000000000000000000 ) ) ;
#6169 = EDGE_LOOP ( 'NONE', ( #4099, #8543, #4274, #4276 ) ) ;
#6170 = LINE ( 'NONE', #9793, #844 ) ;
#6171 = VECTOR ( 'NONE', #8526, 1000.000000000000000 ) ;
#6172 = ORIENTED_EDGE ( 'NONE', *, *, #8411, .T. ) ;
#6173 = VERTEX_POINT ( 'NONE', #9595 ) ;
#6174 = LINE ( 'NONE', #8113, #5630 ) ;
#6175 = ORIENTED_EDGE ( 'NONE', *, *, #7992, .F. ) ;
#6176 = ORIENTED_EDGE ( 'NONE', *, *, #6948, .T. ) ;
#6177 = FACE_OUTER_BOUND ( 'NONE', #8188, .T. ) ;
#6178 = DIRECTION ( 'NONE',  ( 1.000000000000000000, 0.000000000000000000, 0.000000000000000000 ) ) ;
#6179 = EDGE_LOOP ( 'NONE', ( #11503, #10506, #6569, #3473, #4819 ) ) ;
#6180 = FACE_OUTER_BOUND ( 'NONE', #3607, .T. ) ;
#6181 = ORIENTED_EDGE ( 'NONE', *, *, #5004, .T. ) ;
#6182 = CARTESIAN_POINT ( 'NONE',  ( -1.324999999999999956, 0.6800000000000001599, 0.4949999999999995515 ) ) ;
#6183 = VERTEX_POINT ( 'NONE', #10360 ) ;
#6184 = ORIENTED_EDGE ( 'NONE', *, *, #4662, .T. ) ;
#6185 = DIRECTION ( 'NONE',  ( 0.000000000000000000, 0.000000000000000000, -1.000000000000000000 ) ) ;
#6186 = CARTESIAN_POINT ( 'NONE',  ( 1.764999999999999902, 0.3350000000000001310, 1.525000000000000355 ) ) ;
#6187 = CARTESIAN_POINT ( 'NONE',  ( 2.049999999999999822, 0.8950000000000001288, 0.5327497731395587355 ) ) ;
#6188 = DIRECTION ( 'NONE',  ( 0.000000000000000000, 0.000000000000000000, 1.000000000000000000 ) ) ;
#6189 = DIRECTION ( 'NONE',  ( 1.000000000000000000, -0.000000000000000000, -1.219727444046192242E-16 ) ) ;
#6190 = ADVANCED_FACE ( 'NONE', ( #2181 ), #8515, .F. ) ;
#6191 = DIRECTION ( 'NONE',  ( -1.000000000000000000, -0.000000000000000000, -0.000000000000000000 ) ) ;
#6192 = EDGE_CURVE ( 'NONE', #4679, #5185, #3305, .T. ) ;
#6193 = CARTESIAN_POINT ( 'NONE',  ( -1.665000000000000036, 0.5450000000000000400, 0.5950000000000003064 ) ) ;
#6194 = CARTESIAN_POINT ( 'NONE',  ( -1.850000000000000089, 0.6100000000000000977, -0.8049999999999991607 ) ) ;
#6195 = LINE ( 'NONE', #4475, #9552 ) ;
#6196 = AXIS2_PLACEMENT_3D ( 'NONE', #1486, #4259, #10554 ) ;
#6197 = EDGE_CURVE ( 'NONE', #5772, #8196, #7618, .T. ) ;
#6198 = VECTOR ( 'NONE', #2686, 1000.000000000000000 ) ;
#6199 = EDGE_CURVE ( 'NONE', #2217, #4365, #4982, .T. ) ;
#6200 = CARTESIAN_POINT ( 'NONE',  ( 2.049999999999999822, 0.7500000000000002220, 0.5949999999999996403 ) ) ;
#6201 = DIRECTION ( 'NONE',  ( 1.000000000000000000, 0.000000000000000000, 0.000000000000000000 ) ) ;
#6202 = ORIENTED_EDGE ( 'NONE', *, *, #2785, .F. ) ;
#6203 = LINE ( 'NONE', #2701, #673 ) ;
#6204 = DIRECTION ( 'NONE',  ( -0.000000000000000000, 1.000000000000000000, -0.000000000000000000 ) ) ;
#6205 = EDGE_CURVE ( 'NONE', #10488, #494, #525, .T. ) ;
#6206 = FACE_OUTER_BOUND ( 'NONE', #1747, .T. ) ;
#6207 = ORIENTED_EDGE ( 'NONE', *, *, #3654, .F. ) ;
#6208 = EDGE_CURVE ( 'NONE', #2979, #9370, #5099, .T. ) ;
#6209 = VERTEX_POINT ( 'NONE', #4428 ) ;
#6210 = CARTESIAN_POINT ( 'NONE',  ( 1.324999999999999956, -1.203706215242022408E-32, -0.1249999999999994588 ) ) ;
#6211 = DIRECTION ( 'NONE',  ( -1.000000000000000000, -0.000000000000000000, -0.000000000000000000 ) ) ;
#6212 = EDGE_LOOP ( 'NONE', ( #324, #6167, #5448, #492 ) ) ;
#6213 = CARTESIAN_POINT ( 'NONE',  ( 1.325000000000000178, 0.6800000000000001599, 0.4949999999999995515 ) ) ;
#6214 = ORIENTED_EDGE ( 'NONE', *, *, #8209, .F. ) ;
#6215 = VERTEX_POINT ( 'NONE', #8873 ) ;
#6216 = DIRECTION ( 'NONE',  ( 0.000000000000000000, 0.000000000000000000, -1.000000000000000000 ) ) ;
#6217 = EDGE_CURVE ( 'NONE', #302, #10418, #8989, .T. ) ;
#6218 = CARTESIAN_POINT ( 'NONE',  ( -2.104999999999999538, 0.3650000000000002687, 0.1750000000000000444 ) ) ;
#6219 = CARTESIAN_POINT ( 'NONE',  ( -2.254999999999999893, 0.8300000000000000711, 0.4449999999999996736 ) ) ;
#6220 = VERTEX_POINT ( 'NONE', #10710 ) ;
#6221 = CARTESIAN_POINT ( 'NONE',  ( -1.850000000000000089, 0.000000000000000000, -0.8049999999999993827 ) ) ;
#6222 = ORIENTED_EDGE ( 'NONE', *, *, #425, .T. ) ;
#6223 = DIRECTION ( 'NONE',  ( 0.000000000000000000, 0.000000000000000000, -1.000000000000000000 ) ) ;
#6224 = FACE_OUTER_BOUND ( 'NONE', #4928, .T. ) ;
#6225 = CARTESIAN_POINT ( 'NONE',  ( 1.325000000000000178, 0.6800000000000001599, 0.4949999999999995515 ) ) ;
#6226 = EDGE_LOOP ( 'NONE', ( #10780, #8171, #9290, #7820 ) ) ;
#6227 = PRESENTATION_STYLE_ASSIGNMENT (( #6064 ) ) ;
#6228 = ORIENTED_EDGE ( 'NONE', *, *, #6992, .F. ) ;
#6229 = DIRECTION ( 'NONE',  ( 0.000000000000000000, 0.000000000000000000, -1.000000000000000000 ) ) ;
#6230 = VERTEX_POINT ( 'NONE', #9829 ) ;
#6231 = ADVANCED_FACE ( 'NONE', ( #11471 ), #9710, .F. ) ;
#6232 = ORIENTED_EDGE ( 'NONE', *, *, #6059, .T. ) ;
#6233 = ORIENTED_EDGE ( 'NONE', *, *, #9233, .T. ) ;
#6234 = FACE_OUTER_BOUND ( 'NONE', #4341, .T. ) ;
#6235 = DIRECTION ( 'NONE',  ( 0.000000000000000000, 0.000000000000000000, -1.000000000000000000 ) ) ;
#6236 = DIRECTION ( 'NONE',  ( 0.000000000000000000, 0.000000000000000000, -1.000000000000000000 ) ) ;
#6237 = LINE ( 'NONE', #7084, #198 ) ;
#6238 = CARTESIAN_POINT ( 'NONE',  ( 1.665000000000000924, 0.2900000000000000910, 0.8249999999999999556 ) ) ;
#6239 = ORIENTED_EDGE ( 'NONE', *, *, #8454, .T. ) ;
#6240 = FACE_OUTER_BOUND ( 'NONE', #8713, .T. ) ;
#6241 = VECTOR ( 'NONE', #2456, 1000.000000000000000 ) ;
#6242 = LINE ( 'NONE', #7090, #7200 ) ;
#6243 = LINE ( 'NONE', #1696, #1029 ) ;
#6244 = VECTOR ( 'NONE', #6342, 1000.000000000000000 ) ;
#6245 = VECTOR ( 'NONE', #9099, 1000.000000000000000 ) ;
#6246 = AXIS2_PLACEMENT_3D ( 'NONE', #3648, #6155, #4368 ) ;
#6247 = CARTESIAN_POINT ( 'NONE',  ( 0.1750000000000000167, 0.6800000000000001599, 0.4949999999999995515 ) ) ;
#6248 = VECTOR ( 'NONE', #4351, 1000.000000000000000 ) ;
#6249 = DIRECTION ( 'NONE',  ( -3.053953623856004041E-17, 0.9681476403781075213, 0.2503800040544424954 ) ) ;
#6250 = DIRECTION ( 'NONE',  ( 0.000000000000000000, -0.8949343616020276615, -0.4461978131098037204 ) ) ;
#6251 = DIRECTION ( 'NONE',  ( 0.000000000000000000, 0.000000000000000000, 1.000000000000000000 ) ) ;
#6252 = EDGE_CURVE ( 'NONE', #8671, #8790, #5217, .T. ) ;
#6253 = CARTESIAN_POINT ( 'NONE',  ( -2.254999999999999449, 0.3400000000000003575, 0.1750000000000000167 ) ) ;
#6254 = EDGE_CURVE ( 'NONE', #1435, #1490, #3531, .T. ) ;
#6255 = DIRECTION ( 'NONE',  ( 0.000000000000000000, 0.000000000000000000, 1.000000000000000000 ) ) ;
#6256 = DIRECTION ( 'NONE',  ( 1.000000000000000000, -0.000000000000000000, -0.000000000000000000 ) ) ;
#6257 = VECTOR ( 'NONE', #4358, 1000.000000000000000 ) ;
#6258 = ORIENTED_EDGE ( 'NONE', *, *, #9613, .T. ) ;
#6259 = EDGE_CURVE ( 'NONE', #6809, #9777, #6331, .T. ) ;
#6260 = AXIS2_PLACEMENT_3D ( 'NONE', #7991, #2548, #6168 ) ;
#6261 = ADVANCED_FACE ( 'NONE', ( #7195 ), #709, .F. ) ;
#6262 = EDGE_CURVE ( 'NONE', #6694, #10199, #2534, .T. ) ;
#6263 = DIRECTION ( 'NONE',  ( 0.000000000000000000, 0.000000000000000000, -1.000000000000000000 ) ) ;
#6264 = ADVANCED_FACE ( 'NONE', ( #5272 ), #10595, .F. ) ;
#6265 = UNCERTAINTY_MEASURE_WITH_UNIT (LENGTH_MEASURE( 1.000000000000000082E-05 ), #398, 'distance_accuracy_value', 'NONE');
#6266 = VERTEX_POINT ( 'NONE', #8927 ) ;
#6267 = CARTESIAN_POINT ( 'NONE',  ( 0.1750000000000000167, 0.08000000000000001554, -0.1749999999999994893 ) ) ;
#6268 = VECTOR ( 'NONE', #2029, 1000.000000000000000 ) ;
#6269 = DIRECTION ( 'NONE',  ( 0.5547001962252284812, 0.000000000000000000, 0.8320502943378440541 ) ) ;
#6270 = AXIS2_PLACEMENT_3D ( 'NONE', #5329, #3584, #7040 ) ;
#6271 = ORIENTED_EDGE ( 'NONE', *, *, #1909, .T. ) ;
#6272 = CARTESIAN_POINT ( 'NONE',  ( -0.8249999999999999556, 0.8950000000000001288, 0.4949999999999995515 ) ) ;
#6273 = CARTESIAN_POINT ( 'NONE',  ( 0.1750000000000000167, 0.6800000000000001599, 0.4949999999999995515 ) ) ;
#6274 = EDGE_CURVE ( 'NONE', #3038, #5248, #10812, .T. ) ;
#6275 = DIRECTION ( 'NONE',  ( 0.000000000000000000, 0.000000000000000000, 1.000000000000000000 ) ) ;
#6276 = ORIENTED_EDGE ( 'NONE', *, *, #6629, .T. ) ;
#6277 = EDGE_CURVE ( 'NONE', #7886, #10612, #4299, .T. ) ;
#6278 = VECTOR ( 'NONE', #5723, 1000.000000000000000 ) ;
#6279 = VECTOR ( 'NONE', #6962, 1000.000000000000114 ) ;
#6280 = CARTESIAN_POINT ( 'NONE',  ( 0.8249999999999999556, 0.3749999987231322773, 2.517714491643438635 ) ) ;
#6281 = DIRECTION ( 'NONE',  ( 0.000000000000000000, -0.5735764363510453823, -0.8191520442889923537 ) ) ;
#6282 = ORIENTED_EDGE ( 'NONE', *, *, #10608, .F. ) ;
#6283 = DIRECTION ( 'NONE',  ( -0.000000000000000000, -0.000000000000000000, 1.000000000000000000 ) ) ;
#6284 = ORIENTED_EDGE ( 'NONE', *, *, #170, .T. ) ;
#6285 = LINE ( 'NONE', #9915, #3953 ) ;
#6286 = LINE ( 'NONE', #961, #8771 ) ;
#6287 = ORIENTED_EDGE ( 'NONE', *, *, #8498, .F. ) ;
#6288 = CIRCLE ( 'NONE', #3625, 0.02499999999999992853 ) ;
#6289 =( LENGTH_UNIT ( ) NAMED_UNIT ( * ) SI_UNIT ( .MILLI., .METRE. ) );
#6290 = EDGE_LOOP ( 'NONE', ( #7109, #9025, #7177, #2264, #7703, #10634, #1739, #5560 ) ) ;
#6291 = CARTESIAN_POINT ( 'NONE',  ( -0.6750000000000000444, 0.6865523705165764712, 2.440090270110382598 ) ) ;
#6292 = DIRECTION ( 'NONE',  ( 1.000000000000000000, -0.000000000000000000, -1.219727444046192242E-16 ) ) ;
#6293 = AXIS2_PLACEMENT_3D ( 'NONE', #3349, #1513, #4350 ) ;
#6294 = ORIENTED_EDGE ( 'NONE', *, *, #2233, .T. ) ;
#6295 = ORIENTED_EDGE ( 'NONE', *, *, #5987, .T. ) ;
#6296 = LINE ( 'NONE', #10029, #227 ) ;
#6297 = LINE ( 'NONE', #9811, #9371 ) ;
#6298 = EDGE_CURVE ( 'NONE', #2787, #2533, #6203, .T. ) ;
#6299 = LINE ( 'NONE', #3400, #9439 ) ;
#6300 = CARTESIAN_POINT ( 'NONE',  ( -0.1750000000000000167, 0.6865523705165764712, 2.440090270110382598 ) ) ;
#6301 = DIRECTION ( 'NONE',  ( 0.000000000000000000, 0.000000000000000000, 1.000000000000000000 ) ) ;
#6302 = CIRCLE ( 'NONE', #9335, 0.06499999999997957412 ) ;
#6303 = LINE ( 'NONE', #1810, #7578 ) ;
#6304 = VECTOR ( 'NONE', #10944, 1000.000000000000000 ) ;
#6305 = CARTESIAN_POINT ( 'NONE',  ( -0.8249999999999999556, -1.203706215242022408E-32, -0.1249999999999994588 ) ) ;
#6306 = EDGE_LOOP ( 'NONE', ( #1244, #7125, #5694, #163 ) ) ;
#6307 = CARTESIAN_POINT ( 'NONE',  ( -0.1750000000000000167, 0.4197467168032661955, 2.540024382298945227 ) ) ;
#6308 = DIRECTION ( 'NONE',  ( 0.000000000000000000, 0.000000000000000000, -1.000000000000000000 ) ) ;
#6309 = VECTOR ( 'NONE', #3086, 1000.000000000000000 ) ;
#6310 = FACE_OUTER_BOUND ( 'NONE', #10801, .T. ) ;
#6311 = AXIS2_PLACEMENT_3D ( 'NONE', #6238, #9867, #5315 ) ;
#6312 = DIRECTION ( 'NONE',  ( 0.000000000000000000, 0.000000000000000000, -1.000000000000000000 ) ) ;
#6313 = FACE_OUTER_BOUND ( 'NONE', #2056, .T. ) ;
#6314 = PLANE ( 'NONE',  #2554 ) ;
#6315 = EDGE_CURVE ( 'NONE', #7834, #4194, #9365, .T. ) ;
#6316 = CIRCLE ( 'NONE', #9925, 0.06499999999997957412 ) ;
#6317 = DIRECTION ( 'NONE',  ( 0.000000000000000000, -1.000000000000000000, 0.000000000000000000 ) ) ;
#6318 = AXIS2_PLACEMENT_3D ( 'NONE', #4369, #4486, #3367 ) ;
#6319 = CARTESIAN_POINT ( 'NONE',  ( 0.3250000000000000111, 0.6910569165342941300, 2.517345373982429635 ) ) ;
#6320 = FACE_OUTER_BOUND ( 'NONE', #7015, .T. ) ;
#6321 = ADVANCED_FACE ( 'NONE', ( #3474 ), #4366, .T. ) ;
#6322 = VECTOR ( 'NONE', #1584, 1000.000000000000000 ) ;
#6323 = VERTEX_POINT ( 'NONE', #11586 ) ;
#6324 = CARTESIAN_POINT ( 'NONE',  ( -1.175000000000000044, 0.3615000000000000990, 2.125000000000000000 ) ) ;
#6325 = AXIS2_PLACEMENT_3D ( 'NONE', #3769, #7328, #10186 ) ;
#6326 = CARTESIAN_POINT ( 'NONE',  ( 0.3250000000000000111, 0.6899768362638436514, 2.505000000000000338 ) ) ;
#6327 = CARTESIAN_POINT ( 'NONE',  ( -0.3250000000000000111, 0.8950000000000001288, 0.4949999999999995515 ) ) ;
#6328 = ORIENTED_EDGE ( 'NONE', *, *, #1108, .F. ) ;
#6329 = DIRECTION ( 'NONE',  ( 0.000000000000000000, 1.000000000000000000, 0.000000000000000000 ) ) ;
#6330 = AXIS2_PLACEMENT_3D ( 'NONE', #8453, #9350, #3765 ) ;
#6331 = CIRCLE ( 'NONE', #6158, 0.04999999999999999584 ) ;
#6332 = EDGE_CURVE ( 'NONE', #8512, #6946, #890, .T. ) ;
#6333 = ORIENTED_EDGE ( 'NONE', *, *, #10898, .F. ) ;
#6334 = EDGE_CURVE ( 'NONE', #10612, #4857, #11690, .T. ) ;
#6335 = PLANE ( 'NONE',  #6133 ) ;
#6336 = ORIENTED_EDGE ( 'NONE', *, *, #1310, .F. ) ;
#6337 = DIRECTION ( 'NONE',  ( -1.000000000000000000, -0.000000000000000000, -0.000000000000000000 ) ) ;
#6338 = VECTOR ( 'NONE', #10030, 1000.000000000000000 ) ;
#6339 = CARTESIAN_POINT ( 'NONE',  ( -1.449999999999999956, 0.6100000000000000977, -0.2050000000000003764 ) ) ;
#6340 = EDGE_CURVE ( 'NONE', #9298, #6774, #5328, .T. ) ;
#6341 = ORIENTED_EDGE ( 'NONE', *, *, #10960, .F. ) ;
#6342 = DIRECTION ( 'NONE',  ( -0.000000000000000000, -2.536145432716774083E-16, -1.000000000000000000 ) ) ;
#6343 = ORIENTED_EDGE ( 'NONE', *, *, #1651, .T. ) ;
#6344 = EDGE_LOOP ( 'NONE', ( #2499, #2276, #6830, #2552 ) ) ;
#6345 = CARTESIAN_POINT ( 'NONE',  ( -0.6750000000000000444, 0.7408666514389177227, 2.512987586845043531 ) ) ;
#6346 = CARTESIAN_POINT ( 'NONE',  ( -1.764999999999999902, 0.7250000000000001998, 1.525000000000000355 ) ) ;
#6347 = ADVANCED_FACE ( 'NONE', ( #3583 ), #6314, .F. ) ;
#6348 = EDGE_LOOP ( 'NONE', ( #13, #3120, #4142, #419, #6354 ) ) ;
#6349 = EDGE_CURVE ( 'NONE', #5352, #4224, #10923, .T. ) ;
#6350 = EDGE_CURVE ( 'NONE', #3730, #10031, #9210, .T. ) ;
#6351 = AXIS2_PLACEMENT_3D ( 'NONE', #8086, #1862, #1812 ) ;
#6352 = ORIENTED_EDGE ( 'NONE', *, *, #2829, .F. ) ;
#6353 = LINE ( 'NONE', #9131, #1366 ) ;
#6354 = ORIENTED_EDGE ( 'NONE', *, *, #11516, .F. ) ;
#6355 = CARTESIAN_POINT ( 'NONE',  ( -1.324999999999999956, 0.8950000000000001288, 0.4949999999999995515 ) ) ;
#6356 = DIRECTION ( 'NONE',  ( 1.000000000000000000, 0.000000000000000000, 0.000000000000000000 ) ) ;
#6357 = ORIENTED_EDGE ( 'NONE', *, *, #8735, .F. ) ;
#6358 = LINE ( 'NONE', #4471, #4110 ) ;
#6359 = CARTESIAN_POINT ( 'NONE',  ( 0.000000000000000000, 0.6800000000000001599, 0.000000000000000000 ) ) ;
#6360 = EDGE_CURVE ( 'NONE', #10525, #7232, #9266, .T. ) ;
#6361 = FACE_OUTER_BOUND ( 'NONE', #4894, .T. ) ;
#6362 = EDGE_LOOP ( 'NONE', ( #8355, #5095, #6757, #11051 ) ) ;
#6363 = DIRECTION ( 'NONE',  ( 0.000000000000000000, -2.536145432716774083E-16, -1.000000000000000000 ) ) ;
#6364 = ORIENTED_EDGE ( 'NONE', *, *, #1400, .T. ) ;
#6365 = CARTESIAN_POINT ( 'NONE',  ( 1.175000000000000044, 0.3749999987231322773, 2.517714491643438635 ) ) ;
#6366 = CARTESIAN_POINT ( 'NONE',  ( 1.175000000000000044, 0.4249999987231686815, 2.505000000000000338 ) ) ;
#6367 = CARTESIAN_POINT ( 'NONE',  ( 1.324999999999999956, 0.3749999987231322773, 2.517714491643438635 ) ) ;
#6368 = LINE ( 'NONE', #148, #266 ) ;
#6369 = VECTOR ( 'NONE', #9075, 1000.000000000000000 ) ;
#6370 = STYLED_ITEM ( 'NONE', ( #1031 ), #383 ) ;
#6371 = DIRECTION ( 'NONE',  ( -1.000000000000000000, -0.000000000000000000, -0.000000000000000000 ) ) ;
#6372 = SURFACE_STYLE_USAGE ( .BOTH. , #10761 ) ;
#6373 = DIRECTION ( 'NONE',  ( 0.000000000000000000, 0.000000000000000000, 1.000000000000000000 ) ) ;
#6374 = DIRECTION ( 'NONE',  ( -0.000000000000000000, -1.000000000000000000, -0.000000000000000000 ) ) ;
#6375 = DIRECTION ( 'NONE',  ( -3.093406186377055194E-32, -1.000000000000000000, 2.536145432716774083E-16 ) ) ;
#6376 = DIRECTION ( 'NONE',  ( 0.000000000000000000, -1.000000000000000000, -9.035018104045865024E-16 ) ) ;
#6377 = DIRECTION ( 'NONE',  ( 0.000000000000000000, -0.08715574274767398655, -0.9961946980917439909 ) ) ;
#6378 = FACE_OUTER_BOUND ( 'NONE', #6362, .T. ) ;
#6379 = ORIENTED_EDGE ( 'NONE', *, *, #7362, .F. ) ;
#6380 = LINE ( 'NONE', #9109, #5044 ) ;
#6381 = DIRECTION ( 'NONE',  ( 0.000000000000000000, 0.000000000000000000, 1.000000000000000000 ) ) ;
#6382 = VERTEX_POINT ( 'NONE', #7315 ) ;
#6383 = CARTESIAN_POINT ( 'NONE',  ( 2.055000000000000604, 1.050000000000000044, 0.8249999999999999556 ) ) ;
#6384 = PLANE ( 'NONE',  #2704 ) ;
#6385 = DIRECTION ( 'NONE',  ( 1.000000000000000000, 0.000000000000000000, 0.000000000000000000 ) ) ;
#6386 = ORIENTED_EDGE ( 'NONE', *, *, #7076, .T. ) ;
#6387 = EDGE_LOOP ( 'NONE', ( #4345, #9423, #8055, #8661 ) ) ;
#6388 = DIRECTION ( 'NONE',  ( 0.000000000000000000, -0.8949343616020276615, -0.4461978131098037204 ) ) ;
#6389 = CARTESIAN_POINT ( 'NONE',  ( 2.254999999999999893, 0.7499999999999573674, 2.124999999999999556 ) ) ;
#6390 = ORIENTED_EDGE ( 'NONE', *, *, #4159, .F. ) ;
#6391 = CARTESIAN_POINT ( 'NONE',  ( 0.1750000000000000167, 0.3350000000000001310, 2.709999999999999964 ) ) ;
#6392 = AXIS2_PLACEMENT_3D ( 'NONE', #9889, #5392, #1768 ) ;
#6393 = EDGE_CURVE ( 'NONE', #1388, #972, #2873, .T. ) ;
#6394 = EDGE_CURVE ( 'NONE', #8398, #10199, #8378, .T. ) ;
#6395 = CARTESIAN_POINT ( 'NONE',  ( -2.500000000000000444, 0.05000000000000012768, -0.07499999999999942824 ) ) ;
#6396 = DIRECTION ( 'NONE',  ( -1.000000000000000000, -0.000000000000000000, -0.000000000000000000 ) ) ;
#6397 = VERTEX_POINT ( 'NONE', #1049 ) ;
#6398 = PRESENTATION_STYLE_ASSIGNMENT (( #797 ) ) ;
#6399 = VECTOR ( 'NONE', #4049, 1000.000000000000000 ) ;
#6400 = ORIENTED_EDGE ( 'NONE', *, *, #333, .T. ) ;
#6401 = DIRECTION ( 'NONE',  ( 1.000000000000000000, -0.000000000000000000, 0.000000000000000000 ) ) ;
#6402 = ADVANCED_FACE ( 'NONE', ( #11035 ), #4702, .T. ) ;
#6403 = CLOSED_SHELL ( 'NONE', ( #2879, #1487, #6494, #7718, #3935, #2136, #1706, #6264, #9095, #3938, #5090, #5342, #11327 ) ) ;
#6404 = ADVANCED_FACE ( 'NONE', ( #8311 ), #2812, .F. ) ;
#6405 = EDGE_CURVE ( 'NONE', #9544, #11547, #5546, .T. ) ;
#6406 = ORIENTED_EDGE ( 'NONE', *, *, #10200, .F. ) ;
#6407 = DIRECTION ( 'NONE',  ( 0.000000000000000000, 5.421010862427520198E-16, 1.000000000000000000 ) ) ;
#6408 = EDGE_CURVE ( 'NONE', #2807, #6713, #1923, .T. ) ;
#6409 = EDGE_LOOP ( 'NONE', ( #1480, #5892, #2861, #4506 ) ) ;
#6410 = ADVANCED_FACE ( 'NONE', ( #6542 ), #5655, .F. ) ;
#6411 = ORIENTED_EDGE ( 'NONE', *, *, #3006, .F. ) ;
#6412 = CARTESIAN_POINT ( 'NONE',  ( 0.3250000000000000111, 0.3350000000000001310, 2.709999999999999964 ) ) ;
#6413 = ORIENTED_EDGE ( 'NONE', *, *, #1207, .F. ) ;
#6414 = FACE_OUTER_BOUND ( 'NONE', #2247, .T. ) ;
#6415 = CARTESIAN_POINT ( 'NONE',  ( -1.175000000000000044, 0.3615000000000000990, 2.125000000000000000 ) ) ;
#6416 = EDGE_CURVE ( 'NONE', #6987, #6864, #9994, .T. ) ;
#6417 = EDGE_LOOP ( 'NONE', ( #3905, #10090, #9019, #10782 ) ) ;
#6418 = CARTESIAN_POINT ( 'NONE',  ( -0.8249999999999999556, 0.07499999999999999722, 0.1250000000000005551 ) ) ;
#6419 = DIRECTION ( 'NONE',  ( -1.000000000000000000, -0.000000000000000000, -0.000000000000000000 ) ) ;
#6420 = CARTESIAN_POINT ( 'NONE',  ( 2.254999999999999893, 0.02499999999999986261, 2.224999999999276667 ) ) ;
#6421 = CARTESIAN_POINT ( 'NONE',  ( -0.1750000000000000167, 0.3350000000000001310, 2.709999999999999964 ) ) ;
#6422 = LINE ( 'NONE', #5231, #5744 ) ;
#6423 = CARTESIAN_POINT ( 'NONE',  ( -2.104999999999999538, 0.9000000000000002442, 2.124999999999999556 ) ) ;
#6424 = LINE ( 'NONE', #10055, #5166 ) ;
#6425 = CARTESIAN_POINT ( 'NONE',  ( 1.175000000000000044, 0.3800000000000000044, -0.1749999999999994060 ) ) ;
#6426 = MECHANICAL_DESIGN_GEOMETRIC_PRESENTATION_REPRESENTATION (  '', ( #7013 ), #8158 ) ;
#6427 = AXIS2_PLACEMENT_3D ( 'NONE', #635, #813, #4227 ) ;
#6428 = CARTESIAN_POINT ( 'NONE',  ( 2.254999999999999893, 1.000000000000000222, 1.799999999999277289 ) ) ;
#6429 = EDGE_LOOP ( 'NONE', ( #1128, #7994, #6513, #3151 ) ) ;
#6430 = LINE ( 'NONE', #9532, #3259 ) ;
#6431 = DIRECTION ( 'NONE',  ( 0.000000000000000000, 0.000000000000000000, 1.000000000000000000 ) ) ;
#6432 = VERTEX_POINT ( 'NONE', #10977 ) ;
#6433 = FACE_OUTER_BOUND ( 'NONE', #9410, .T. ) ;
#6434 = CARTESIAN_POINT ( 'NONE',  ( -0.6750000000000000444, 0.7250000000000001998, 2.492500000000000160 ) ) ;
#6435 = VECTOR ( 'NONE', #10182, 1000.000000000000000 ) ;
#6436 = CARTESIAN_POINT ( 'NONE',  ( 0.1750000000000000167, 0.000000000000000000, 0.2250000000000005052 ) ) ;
#6437 = ORIENTED_EDGE ( 'NONE', *, *, #7558, .T. ) ;
#6438 = DIRECTION ( 'NONE',  ( -0.000000000000000000, 0.7071067811865457964, 0.7071067811865492381 ) ) ;
#6439 = AXIS2_PLACEMENT_3D ( 'NONE', #3231, #8694, #5088 ) ;
#6440 = CIRCLE ( 'NONE', #9494, 0.1499999999999999667 ) ;
#6441 = EDGE_LOOP ( 'NONE', ( #1072, #3783, #3766, #8557 ) ) ;
#6442 = DIRECTION ( 'NONE',  ( 0.000000000000000000, 1.000000000000000000, 0.000000000000000000 ) ) ;
#6443 = VECTOR ( 'NONE', #3146, 1000.000000000000000 ) ;
#6444 = CARTESIAN_POINT ( 'NONE',  ( -1.174999999999999822, 0.8950000000000001288, 0.4949999999999995515 ) ) ;
#6445 = CARTESIAN_POINT ( 'NONE',  ( -2.055000000000000604, 1.050000000000000044, 2.125000000000000000 ) ) ;
#6446 = DIRECTION ( 'NONE',  ( 5.421010862427519212E-16, 0.000000000000000000, -1.000000000000000000 ) ) ;
#6447 = ORIENTED_EDGE ( 'NONE', *, *, #3578, .T. ) ;
#6448 = VECTOR ( 'NONE', #1507, 1000.000000000000000 ) ;
#6449 = CARTESIAN_POINT ( 'NONE',  ( 2.104999999999999538, 0.3400000000000003575, 0.1750000000000000444 ) ) ;
#6450 = VERTEX_POINT ( 'NONE', #8144 ) ;
#6451 = ADVANCED_FACE ( 'NONE', ( #10223 ), #4772, .F. ) ;
#6452 = CARTESIAN_POINT ( 'NONE',  ( 2.104999999999999982, 1.025000000000116929, 2.624999999999276135 ) ) ;
#6453 = AXIS2_PLACEMENT_3D ( 'NONE', #3202, #2332, #9560 ) ;
#6454 =( LENGTH_UNIT ( ) NAMED_UNIT ( * ) SI_UNIT ( .MILLI., .METRE. ) );
#6455 = CARTESIAN_POINT ( 'NONE',  ( 0.3250000000000000111, 0.1000000000000001027, 0.1250000000000005551 ) ) ;
#6456 = DIRECTION ( 'NONE',  ( 0.000000000000000000, 0.000000000000000000, -1.000000000000000000 ) ) ;
#6457 = ORIENTED_EDGE ( 'NONE', *, *, #6298, .T. ) ;
#6458 = DIRECTION ( 'NONE',  ( 0.000000000000000000, -0.000000000000000000, -1.000000000000000000 ) ) ;
#6459 = LINE ( 'NONE', #3738, #8998 ) ;
#6460 = ORIENTED_EDGE ( 'NONE', *, *, #11477, .T. ) ;
#6461 = VECTOR ( 'NONE', #6401, 1000.000000000000000 ) ;
#6462 = ORIENTED_EDGE ( 'NONE', *, *, #1635, .F. ) ;
#6463 = DIRECTION ( 'NONE',  ( 1.000000000000000000, 0.000000000000000000, 0.000000000000000000 ) ) ;
#6464 = EDGE_CURVE ( 'NONE', #2602, #8725, #3640, .T. ) ;
#6465 = ORIENTED_EDGE ( 'NONE', *, *, #6131, .T. ) ;
#6466 = CARTESIAN_POINT ( 'NONE',  ( -2.254999999999999449, 0.7500000000000001110, -0.004999999999999991430 ) ) ;
#6467 = DIRECTION ( 'NONE',  ( 0.000000000000000000, 6.994852725712934186E-16, 1.000000000000000000 ) ) ;
#6468 = LINE ( 'NONE', #320, #3435 ) ;
#6469 = EDGE_LOOP ( 'NONE', ( #10321, #3797, #10914, #4119 ) ) ;
#6470 = CARTESIAN_POINT ( 'NONE',  ( 1.175000000000000044, 0.3800000000000000044, -0.09999999999999956146 ) ) ;
#6471 = EDGE_CURVE ( 'NONE', #11547, #4681, #7258, .T. ) ;
#6472 = EDGE_CURVE ( 'NONE', #10420, #975, #10111, .T. ) ;
#6473 = VECTOR ( 'NONE', #2026, 1000.000000000000000 ) ;
#6474 = DIRECTION ( 'NONE',  ( 0.000000000000000000, 0.000000000000000000, 1.000000000000000000 ) ) ;
#6475 = EDGE_CURVE ( 'NONE', #7607, #11175, #1867, .T. ) ;
#6476 = CARTESIAN_POINT ( 'NONE',  ( 0.1750000000000000167, 1.792020331853238969E-17, 0.2250000000000005329 ) ) ;
#6477 = DIRECTION ( 'NONE',  ( 0.000000000000000000, -1.000000000000000000, 0.000000000000000000 ) ) ;
#6478 = DIRECTION ( 'NONE',  ( 0.000000000000000000, 0.000000000000000000, 1.000000000000000000 ) ) ;
#6479 = FACE_OUTER_BOUND ( 'NONE', #1555, .T. ) ;
#6480 = VECTOR ( 'NONE', #5516, 1000.000000000000000 ) ;
#6481 = DIRECTION ( 'NONE',  ( 0.000000000000000000, -0.000000000000000000, 1.000000000000000000 ) ) ;
#6482 = EDGE_CURVE ( 'NONE', #8651, #10882, #8203, .T. ) ;
#6483 = CARTESIAN_POINT ( 'NONE',  ( 0.3250000000000000111, 0.4249999987231687371, 2.517714491643439079 ) ) ;
#6484 = EDGE_CURVE ( 'NONE', #11305, #235, #8617, .T. ) ;
#6485 = VECTOR ( 'NONE', #4097, 1000.000000000000000 ) ;
#6486 = DIRECTION ( 'NONE',  ( -0.000000000000000000, 0.000000000000000000, 1.000000000000000000 ) ) ;
#6487 = VECTOR ( 'NONE', #6990, 1000.000000000000000 ) ;
#6488 = VECTOR ( 'NONE', #8836, 1000.000000000000000 ) ;
#6489 = ORIENTED_EDGE ( 'NONE', *, *, #2928, .F. ) ;
#6490 = DIRECTION ( 'NONE',  ( 1.000000000000000000, -0.000000000000000000, -1.219727444046192242E-16 ) ) ;
#6491 = ADVANCED_FACE ( 'NONE', ( #6850 ), #10463, .F. ) ;
#6492 = CARTESIAN_POINT ( 'NONE',  ( 0.3250000000000001776, 0.7500000000000002220, 0.5949999999999996403 ) ) ;
#6493 = DIRECTION ( 'NONE',  ( 0.000000000000000000, 0.000000000000000000, 1.000000000000000000 ) ) ;
#6494 = ADVANCED_FACE ( 'NONE', ( #8630 ), #11142, .F. ) ;
#6495 = ORIENTED_EDGE ( 'NONE', *, *, #9626, .T. ) ;
#6496 = CARTESIAN_POINT ( 'NONE',  ( -1.174999999999999822, 0.6800000000000001599, 0.4949999999999995515 ) ) ;
#6497 =( NAMED_UNIT ( * ) PLANE_ANGLE_UNIT ( ) SI_UNIT ( $, .RADIAN. ) );
#6498 = AXIS2_PLACEMENT_3D ( 'NONE', #4580, #4525, #1814 ) ;
#6499 = ORIENTED_EDGE ( 'NONE', *, *, #925, .T. ) ;
#6500 = LINE ( 'NONE', #10885, #1611 ) ;
#6501 = ORIENTED_EDGE ( 'NONE', *, *, #6711, .T. ) ;
#6502 = CARTESIAN_POINT ( 'NONE',  ( 1.175000000000000044, -1.203706215242022408E-32, -0.1249999999999994588 ) ) ;
#6503 = LINE ( 'NONE', #5623, #8866 ) ;
#6504 = AXIS2_PLACEMENT_3D ( 'NONE', #8221, #8326, #9289 ) ;
#6505 = ORIENTED_EDGE ( 'NONE', *, *, #2503, .T. ) ;
#6506 = DIRECTION ( 'NONE',  ( -1.000000000000000000, -0.000000000000000000, -6.570922257487897174E-16 ) ) ;
#6507 = ORIENTED_EDGE ( 'NONE', *, *, #4935, .T. ) ;
#6508 = EDGE_CURVE ( 'NONE', #9132, #7458, #11333, .T. ) ;
#6509 = VECTOR ( 'NONE', #10349, 1000.000000000000000 ) ;
#6510 = DIRECTION ( 'NONE',  ( 0.000000000000000000, 1.000000000000000000, 0.000000000000000000 ) ) ;
#6511 = FACE_OUTER_BOUND ( 'NONE', #7238, .T. ) ;
#6512 = DIRECTION ( 'NONE',  ( 0.000000000000000000, 0.000000000000000000, 1.000000000000000000 ) ) ;
#6513 = ORIENTED_EDGE ( 'NONE', *, *, #4237, .F. ) ;
#6514 = DIRECTION ( 'NONE',  ( 0.3776392130206374098, -0.3913245712247693242, 0.8391982511569623382 ) ) ;
#6515 = ORIENTED_EDGE ( 'NONE', *, *, #10057, .T. ) ;
#6516 = VECTOR ( 'NONE', #3854, 1000.000000000000000 ) ;
#6517 = CYLINDRICAL_SURFACE ( 'NONE', #11249, 0.05000000000003655687 ) ;
#6518 = AXIS2_PLACEMENT_3D ( 'NONE', #889, #10811, #4434 ) ;
#6519 = CARTESIAN_POINT ( 'NONE',  ( -2.104999999999999538, 0.7500000000000001110, -0.004999999999999972349 ) ) ;
#6520 = CARTESIAN_POINT ( 'NONE',  ( -0.1749999999999998224, 0.6800000000000001599, 0.4949999999999995515 ) ) ;
#6521 = VERTEX_POINT ( 'NONE', #8441 ) ;
#6522 = PLANE ( 'NONE',  #9232 ) ;
#6523 = CARTESIAN_POINT ( 'NONE',  ( 2.104999999999999538, 0.5264718102130367949, 0.2441481456572267561 ) ) ;
#6524 = VERTEX_POINT ( 'NONE', #329 ) ;
#6525 = ORIENTED_EDGE ( 'NONE', *, *, #5843, .T. ) ;
#6526 = DIRECTION ( 'NONE',  ( 0.000000000000000000, 1.000000000000000000, 0.000000000000000000 ) ) ;
#6527 = EDGE_CURVE ( 'NONE', #8236, #6768, #5967, .T. ) ;
#6528 = VECTOR ( 'NONE', #64, 1000.000000000000000 ) ;
#6529 = EDGE_CURVE ( 'NONE', #3856, #7856, #10290, .T. ) ;
#6530 = VERTEX_POINT ( 'NONE', #7669 ) ;
#6531 = LINE ( 'NONE', #10859, #3983 ) ;
#6532 = CARTESIAN_POINT ( 'NONE',  ( -2.254999999999999449, 1.000000000000000222, 1.199999999999277200 ) ) ;
#6533 = ORIENTED_EDGE ( 'NONE', *, *, #10189, .F. ) ;
#6534 = CIRCLE ( 'NONE', #8058, 0.2999999999999998224 ) ;
#6535 = EDGE_LOOP ( 'NONE', ( #10133, #4552, #6386, #7296 ) ) ;
#6536 = CARTESIAN_POINT ( 'NONE',  ( -1.955000000000000071, 0.1000000000000001305, 2.125000000000000000 ) ) ;
#6537 = CARTESIAN_POINT ( 'NONE',  ( -0.1750000000000000167, 0.03000000000000000930, -0.1249999999999994310 ) ) ;
#6538 = PRESENTATION_STYLE_ASSIGNMENT (( #3043 ) ) ;
#6539 = CARTESIAN_POINT ( 'NONE',  ( -0.1749999999999998224, 0.6800000000000001599, 0.4949999999999995515 ) ) ;
#6540 = ADVANCED_FACE ( 'NONE', ( #9584 ), #1462, .T. ) ;
#6541 = EDGE_CURVE ( 'NONE', #2165, #5048, #2286, .T. ) ;
#6542 = FACE_OUTER_BOUND ( 'NONE', #11104, .T. ) ;
#6543 = DIRECTION ( 'NONE',  ( 0.000000000000000000, 0.000000000000000000, -1.000000000000000000 ) ) ;
#6544 = DIRECTION ( 'NONE',  ( 1.000000000000000000, 0.000000000000000000, 0.000000000000000000 ) ) ;
#6545 = DIRECTION ( 'NONE',  ( 1.000000000000000000, -0.000000000000000000, 1.219727444046192242E-16 ) ) ;
#6546 = CARTESIAN_POINT ( 'NONE',  ( -2.104999999999999538, 0.3400000000000002465, 0.02000000000000010450 ) ) ;
#6547 = ORIENTED_EDGE ( 'NONE', *, *, #1710, .T. ) ;
#6548 = CARTESIAN_POINT ( 'NONE',  ( 2.254999999999999449, 1.050000000000000044, 1.149999999999277156 ) ) ;
#6549 = LINE ( 'NONE', #7199, #4571 ) ;
#6550 = FACE_OUTER_BOUND ( 'NONE', #11057, .T. ) ;
#6551 = COLOUR_RGB ( '',1.000000000000000000, 0.8117647058823529438, 0.5019607843137254832 ) ;
#6552 = EDGE_CURVE ( 'NONE', #9733, #5171, #1392, .T. ) ;
#6553 = EDGE_CURVE ( 'NONE', #1670, #3283, #574, .T. ) ;
#6554 = EDGE_CURVE ( 'NONE', #1348, #11523, #4111, .T. ) ;
#6555 = CARTESIAN_POINT ( 'NONE',  ( 0.1750000000000000167, -1.203706215242022408E-32, -0.1249999999999994588 ) ) ;
#6556 = DIRECTION ( 'NONE',  ( -1.000000000000000000, -0.000000000000000000, -0.000000000000000000 ) ) ;
#6557 = ORIENTED_EDGE ( 'NONE', *, *, #8879, .F. ) ;
#6558 = CARTESIAN_POINT ( 'NONE',  ( 0.8249999999999999556, 0.8950000000000001288, 0.8249999999999999556 ) ) ;
#6559 = ADVANCED_FACE ( 'NONE', ( #9456 ), #7543, .F. ) ;
#6560 = LINE ( 'NONE', #6609, #9580 ) ;
#6561 = FACE_OUTER_BOUND ( 'NONE', #4874, .T. ) ;
#6562 = VECTOR ( 'NONE', #7134, 1000.000000000000000 ) ;
#6563 = ORIENTED_EDGE ( 'NONE', *, *, #5556, .F. ) ;
#6564 = CARTESIAN_POINT ( 'NONE',  ( -0.6750000000000000444, 0.1000000000000001027, 0.1250000000000005551 ) ) ;
#6565 = DIRECTION ( 'NONE',  ( 0.000000000000000000, 0.000000000000000000, 1.000000000000000000 ) ) ;
#6566 = EDGE_LOOP ( 'NONE', ( #2269, #1634, #5297, #474 ) ) ;
#6567 = PLANE ( 'NONE',  #4250 ) ;
#6568 = ORIENTED_EDGE ( 'NONE', *, *, #981, .T. ) ;
#6569 = ORIENTED_EDGE ( 'NONE', *, *, #10953, .T. ) ;
#6570 = CARTESIAN_POINT ( 'NONE',  ( 0.6750000000000000444, 0.3350000000000001310, 2.125000000000000000 ) ) ;
#6571 = ADVANCED_FACE ( 'NONE', ( #9337 ), #2169, .T. ) ;
#6572 = CARTESIAN_POINT ( 'NONE',  ( -0.3249999999999997891, 0.7500000000000002220, 0.3949999999999995182 ) ) ;
#6573 = ORIENTED_EDGE ( 'NONE', *, *, #8273, .F. ) ;
#6574 = LINE ( 'NONE', #4616, #9628 ) ;
#6575 = CARTESIAN_POINT ( 'NONE',  ( -1.665000000000000480, 0.4099999999999999756, 0.8250000000000003997 ) ) ;
#6576 = DIRECTION ( 'NONE',  ( 0.000000000000000000, -1.000000000000000000, 0.000000000000000000 ) ) ;
#6577 = DIRECTION ( 'NONE',  ( 7.228014483236697541E-16, 7.228014483236697541E-16, -1.000000000000000000 ) ) ;
#6578 = ORIENTED_EDGE ( 'NONE', *, *, #3299, .F. ) ;
#6579 = VECTOR ( 'NONE', #4333, 1000.000000000000000 ) ;
#6580 = EDGE_LOOP ( 'NONE', ( #771, #7743, #74, #5881 ) ) ;
#6581 = ORIENTED_EDGE ( 'NONE', *, *, #10367, .F. ) ;
#6582 = LINE ( 'NONE', #7576, #1199 ) ;
#6583 = ORIENTED_EDGE ( 'NONE', *, *, #6394, .F. ) ;
#6584 = DIRECTION ( 'NONE',  ( -0.000000000000000000, 1.000000000000000000, -0.000000000000000000 ) ) ;
#6585 = ORIENTED_EDGE ( 'NONE', *, *, #6199, .F. ) ;
#6586 = CARTESIAN_POINT ( 'NONE',  ( 1.665000000000000036, 0.5450000000000000400, 0.5950000000000003064 ) ) ;
#6587 = CARTESIAN_POINT ( 'NONE',  ( -1.324999999999999734, 0.8214213562373096078, 0.4949999999999995515 ) ) ;
#6588 = CIRCLE ( 'NONE', #5662, 0.06349999872316867966 ) ;
#6589 = ORIENTED_EDGE ( 'NONE', *, *, #9693, .T. ) ;
#6590 = CARTESIAN_POINT ( 'NONE',  ( -0.6750000000000000444, 0.4249999987231686815, 2.441500001276831089 ) ) ;
#6591 = EDGE_LOOP ( 'NONE', ( #6006, #10236, #7647, #3478 ) ) ;
#6592 = DIRECTION ( 'NONE',  ( -1.000000000000000000, -0.000000000000000000, -0.000000000000000000 ) ) ;
#6593 = DIRECTION ( 'NONE',  ( -0.000000000000000000, -0.000000000000000000, 1.000000000000000000 ) ) ;
#6594 = ORIENTED_EDGE ( 'NONE', *, *, #5309, .F. ) ;
#6595 = DIRECTION ( 'NONE',  ( 1.000000000000000000, 0.000000000000000000, 0.000000000000000000 ) ) ;
#6596 = CLOSED_SHELL ( 'NONE', ( #337, #10716, #10116, #3067, #10404, #6261, #11039, #2220, #5634 ) ) ;
#6597 = DIRECTION ( 'NONE',  ( -0.000000000000000000, 1.000000000000000000, -0.000000000000000000 ) ) ;
#6598 = DIRECTION ( 'NONE',  ( 1.000000000000000000, -0.000000000000000000, -0.000000000000000000 ) ) ;
#6599 = CARTESIAN_POINT ( 'NONE',  ( 1.175000000000000044, 0.07499999999999999722, 0.1250000000000005551 ) ) ;
#6600 = DIRECTION ( 'NONE',  ( 0.000000000000000000, 0.000000000000000000, -1.000000000000000000 ) ) ;
#6601 = CARTESIAN_POINT ( 'NONE',  ( -0.8249999999999999556, 0.3800000000000000044, -0.1749999999999994060 ) ) ;
#6602 = DIRECTION ( 'NONE',  ( 0.000000000000000000, -2.536145432716774083E-16, -1.000000000000000000 ) ) ;
#6603 = CARTESIAN_POINT ( 'NONE',  ( -1.324999999999999956, 8.735352324927245566E-18, 0.1500000000000005496 ) ) ;
#6604 = ADVANCED_FACE ( 'NONE', ( #4901 ), #8499, .F. ) ;
#6605 = ADVANCED_FACE ( 'NONE', ( #7602 ), #3112, .F. ) ;
#6606 = CARTESIAN_POINT ( 'NONE',  ( 2.049999999999999822, 0.8300000000000000711, 0.4449999999999996736 ) ) ;
#6607 = ORIENTED_EDGE ( 'NONE', *, *, #5754, .T. ) ;
#6608 = DIRECTION ( 'NONE',  ( -1.000000000000000000, -0.000000000000000000, -0.000000000000000000 ) ) ;
#6609 = CARTESIAN_POINT ( 'NONE',  ( 0.3250000000000000111, 0.6910569165342943521, 2.517345373982429635 ) ) ;
#6610 = EDGE_CURVE ( 'NONE', #2970, #7607, #1576, .T. ) ;
#6611 = ORIENTED_EDGE ( 'NONE', *, *, #6889, .T. ) ;
#6612 = DIRECTION ( 'NONE',  ( 0.000000000000000000, 0.000000000000000000, 1.000000000000000000 ) ) ;
#6614 = ADVANCED_FACE ( 'NONE', ( #7853 ), #9126, .F. ) ;
#6613 = VERTEX_POINT ( 'NONE', #5258 ) ;
#6615 = ADVANCED_FACE ( 'NONE', ( #5142 ), #4288, .F. ) ;
#6616 = PLANE ( 'NONE',  #7270 ) ;
#6617 = VERTEX_POINT ( 'NONE', #3351 ) ;
#6618 = MECHANICAL_DESIGN_GEOMETRIC_PRESENTATION_REPRESENTATION (  '', ( #10964 ), #4941 ) ;
#6619 = EDGE_LOOP ( 'NONE', ( #4344, #3326, #1012, #1673, #1615, #6176, #10285 ) ) ;
#6620 = VECTOR ( 'NONE', #9754, 1000.000000000000000 ) ;
#6621 = EDGE_CURVE ( 'NONE', #5191, #2387, #2290, .T. ) ;
#6622 = ADVANCED_FACE ( 'NONE', ( #2466 ), #1021, .T. ) ;
#6623 = DIRECTION ( 'NONE',  ( 0.000000000000000000, 0.000000000000000000, -1.000000000000000000 ) ) ;
#6624 = VERTEX_POINT ( 'NONE', #3462 ) ;
#6625 = PLANE ( 'NONE',  #921 ) ;
#6626 = EDGE_LOOP ( 'NONE', ( #8662, #342, #1439, #11366 ) ) ;
#6627 = VECTOR ( 'NONE', #5629, 1000.000000000000000 ) ;
#6628 = DIRECTION ( 'NONE',  ( 0.000000000000000000, 0.000000000000000000, 1.000000000000000000 ) ) ;
#6629 = EDGE_CURVE ( 'NONE', #2550, #7815, #9274, .T. ) ;
#6630 = CARTESIAN_POINT ( 'NONE',  ( 2.254999999999999893, 1.025000000000116707, 1.799999999999277289 ) ) ;
#6631 = VECTOR ( 'NONE', #8817, 1000.000000000000000 ) ;
#6632 = LINE ( 'NONE', #10255, #10611 ) ;
#6633 = EDGE_CURVE ( 'NONE', #731, #4177, #6237, .T. ) ;
#6634 = FACE_OUTER_BOUND ( 'NONE', #6344, .T. ) ;
#6635 = ORIENTED_EDGE ( 'NONE', *, *, #10824, .T. ) ;
#6636 = VERTEX_POINT ( 'NONE', #1689 ) ;
#6637 = DIRECTION ( 'NONE',  ( 0.000000000000000000, -3.439160614977207662E-32, -1.000000000000000000 ) ) ;
#6638 = CARTESIAN_POINT ( 'NONE',  ( 1.324999999999999956, 0.3350000000000001310, 2.125000000000000000 ) ) ;
#6639 = VECTOR ( 'NONE', #5319, 1000.000000000000000 ) ;
#6640 = AXIS2_PLACEMENT_3D ( 'NONE', #5902, #7672, #6791 ) ;
#6641 = VERTEX_POINT ( 'NONE', #10020 ) ;
#6642 = DIRECTION ( 'NONE',  ( 0.000000000000000000, -1.000000000000000000, -1.355252715606876598E-16 ) ) ;
#6643 = ORIENTED_EDGE ( 'NONE', *, *, #4397, .T. ) ;
#6644 = CYLINDRICAL_SURFACE ( 'NONE', #6981, 0.07499999999999998335 ) ;
#6645 = CARTESIAN_POINT ( 'NONE',  ( 0.3250000000000000111, 0.03000000000000000930, -0.1249999999999994310 ) ) ;
#6646 = VERTEX_POINT ( 'NONE', #8856 ) ;
#6647 = CARTESIAN_POINT ( 'NONE',  ( 1.324999999999999956, 0.7250000000000001998, 2.492500000000000160 ) ) ;
#6648 = ORIENTED_EDGE ( 'NONE', *, *, #5919, .F. ) ;
#6649 = DIRECTION ( 'NONE',  ( 0.000000000000000000, -0.000000000000000000, -1.000000000000000000 ) ) ;
#6650 = LINE ( 'NONE', #11262, #48 ) ;
#6651 = AXIS2_PLACEMENT_3D ( 'NONE', #8289, #7233, #3846 ) ;
#6652 = EDGE_CURVE ( 'NONE', #1770, #6641, #8914, .T. ) ;
#6653 =( GEOMETRIC_REPRESENTATION_CONTEXT ( 3 ) GLOBAL_UNCERTAINTY_ASSIGNED_CONTEXT ( ( #706 ) ) GLOBAL_UNIT_ASSIGNED_CONTEXT ( ( #740, #8728, #621 ) ) REPRESENTATION_CONTEXT ( 'NONE', 'WORKASPACE' ) );
#6654 = DIRECTION ( 'NONE',  ( 0.000000000000000000, -1.000000000000000000, -0.000000000000000000 ) ) ;
#6655 = ORIENTED_EDGE ( 'NONE', *, *, #1596, .T. ) ;
#6656 = DIRECTION ( 'NONE',  ( 0.000000000000000000, 0.000000000000000000, -1.000000000000000000 ) ) ;
#6657 = VECTOR ( 'NONE', #746, 1000.000000000000000 ) ;
#6658 = ORIENTED_EDGE ( 'NONE', *, *, #4598, .F. ) ;
#6659 = AXIS2_PLACEMENT_3D ( 'NONE', #110, #3882, #11283 ) ;
#6660 = EDGE_CURVE ( 'NONE', #235, #4437, #11512, .T. ) ;
#6661 = CIRCLE ( 'NONE', #9703, 0.06349999872316867966 ) ;
#6662 = ORIENTED_EDGE ( 'NONE', *, *, #231, .F. ) ;
#6663 = ORIENTED_EDGE ( 'NONE', *, *, #6711, .F. ) ;
#6664 = ORIENTED_EDGE ( 'NONE', *, *, #6739, .F. ) ;
#6665 = DIRECTION ( 'NONE',  ( 6.570922257487896188E-16, 0.000000000000000000, -1.000000000000000000 ) ) ;
#6666 = DIRECTION ( 'NONE',  ( 0.000000000000000000, 0.000000000000000000, -1.000000000000000000 ) ) ;
#6667 = FACE_OUTER_BOUND ( 'NONE', #9726, .T. ) ;
#6668 = DIRECTION ( 'NONE',  ( 1.000000000000000000, -0.000000000000000000, -1.219727444046192242E-16 ) ) ;
#6669 = LINE ( 'NONE', #11090, #7833 ) ;
#6670 = DIRECTION ( 'NONE',  ( 0.000000000000000000, 0.000000000000000000, 1.000000000000000000 ) ) ;
#6671 = CARTESIAN_POINT ( 'NONE',  ( -0.6750000000000000444, 0.3800000000000000044, -0.1749999999999994060 ) ) ;
#6672 = AXIS2_PLACEMENT_3D ( 'NONE', #1092, #4692, #9321 ) ;
#6673 = CARTESIAN_POINT ( 'NONE',  ( -2.055000000000000604, 1.050000000000000044, -0.07499999999999998335 ) ) ;
#6674 = LINE ( 'NONE', #10297, #9305 ) ;
#6675 = DIRECTION ( 'NONE',  ( 0.000000000000000000, 0.5735764363510453823, 0.8191520442889922426 ) ) ;
#6676 = VECTOR ( 'NONE', #10809, 1000.000000000000000 ) ;
#6677 = AXIS2_PLACEMENT_3D ( 'NONE', #7570, #6510, #1179 ) ;
#6678 = FACE_OUTER_BOUND ( 'NONE', #1005, .T. ) ;
#6679 = DIRECTION ( 'NONE',  ( -1.000000000000000000, -0.000000000000000000, -0.000000000000000000 ) ) ;
#6680 = ORIENTED_EDGE ( 'NONE', *, *, #5271, .F. ) ;
#6681 = LINE ( 'NONE', #5795, #8219 ) ;
#6682 = MECHANICAL_DESIGN_GEOMETRIC_PRESENTATION_REPRESENTATION (  '', ( #8949 ), #443 ) ;
#6683 = CARTESIAN_POINT ( 'NONE',  ( -2.254999999999999893, 2.846030702774449139E-16, 2.224999999999276667 ) ) ;
#6684 = PLANE ( 'NONE',  #9168 ) ;
#6685 = DIRECTION ( 'NONE',  ( -1.000000000000000000, -0.000000000000000000, -0.000000000000000000 ) ) ;
#6686 = ADVANCED_FACE ( 'NONE', ( #8744 ), #1514, .F. ) ;
#6687 = ORIENTED_EDGE ( 'NONE', *, *, #991, .T. ) ;
#6688 = DIRECTION ( 'NONE',  ( 0.000000000000000000, -0.000000000000000000, -1.000000000000000000 ) ) ;
#6689 = ORIENTED_EDGE ( 'NONE', *, *, #9758, .T. ) ;
#6690 = VECTOR ( 'NONE', #10532, 1000.000000000000000 ) ;
#6691 = VERTEX_POINT ( 'NONE', #6970 ) ;
#6692 = AXIS2_PLACEMENT_3D ( 'NONE', #75, #125, #3836 ) ;
#6693 = DIRECTION ( 'NONE',  ( 1.000000000000000000, 0.000000000000000000, 0.000000000000000000 ) ) ;
#6694 = VERTEX_POINT ( 'NONE', #10582 ) ;
#6695 = VERTEX_POINT ( 'NONE', #6075 ) ;
#6696 = AXIS2_PLACEMENT_3D ( 'NONE', #11094, #5846, #459 ) ;
#6697 = DIRECTION ( 'NONE',  ( -0.000000000000000000, 1.000000000000000000, -0.000000000000000000 ) ) ;
#6698 = CARTESIAN_POINT ( 'NONE',  ( 1.175000000000000044, 0.6800000000000001599, 0.4949999999999995515 ) ) ;
#6699 = ADVANCED_FACE ( 'NONE', ( #9697 ), #695, .F. ) ;
#6700 = DIRECTION ( 'NONE',  ( 0.000000000000000000, -0.000000000000000000, -1.000000000000000000 ) ) ;
#6701 = ORIENTED_EDGE ( 'NONE', *, *, #7390, .F. ) ;
#6702 = LINE ( 'NONE', #4742, #1022 ) ;
#6703 = EDGE_CURVE ( 'NONE', #8047, #2261, #3403, .T. ) ;
#6704 = FACE_OUTER_BOUND ( 'NONE', #896, .T. ) ;
#6705 = ORIENTED_EDGE ( 'NONE', *, *, #3723, .F. ) ;
#6706 = EDGE_CURVE ( 'NONE', #8011, #7080, #8028, .T. ) ;
#6707 = CARTESIAN_POINT ( 'NONE',  ( 2.254999999999999893, 0.6800000000000001599, 0.3949999999999996292 ) ) ;
#6708 = ORIENTED_EDGE ( 'NONE', *, *, #2653, .T. ) ;
#6709 = LINE ( 'NONE', #3963, #6922 ) ;
#6710 = DIRECTION ( 'NONE',  ( -1.000000000000000000, -0.000000000000000000, -0.000000000000000000 ) ) ;
#6711 = EDGE_CURVE ( 'NONE', #9577, #4794, #7132, .T. ) ;
#6712 = VERTEX_POINT ( 'NONE', #10750 ) ;
#6713 = VERTEX_POINT ( 'NONE', #750 ) ;
#6714 = DIRECTION ( 'NONE',  ( 0.000000000000000000, -0.000000000000000000, 1.000000000000000000 ) ) ;
#6715 = EDGE_CURVE ( 'NONE', #10723, #5193, #11573, .T. ) ;
#6716 = AXIS2_PLACEMENT_3D ( 'NONE', #5046, #4188, #8458 ) ;
#6717 = LINE ( 'NONE', #8676, #11538 ) ;
#6718 = VECTOR ( 'NONE', #2658, 1000.000000000000000 ) ;
#6719 = AXIS2_PLACEMENT_3D ( 'NONE', #4122, #3060, #2428 ) ;
#6720 = CARTESIAN_POINT ( 'NONE',  ( -0.6750000000000000444, 0.3615000000000000990, 2.125000000000000000 ) ) ;
#6721 = ORIENTED_EDGE ( 'NONE', *, *, #785, .T. ) ;
#6722 = DIRECTION ( 'NONE',  ( 1.000000000000000000, 0.000000000000000000, 0.000000000000000000 ) ) ;
#6723 = ORIENTED_EDGE ( 'NONE', *, *, #2173, .F. ) ;
#6724 = EDGE_LOOP ( 'NONE', ( #10185, #2620, #6589, #3319 ) ) ;
#6725 = EDGE_CURVE ( 'NONE', #4448, #404, #1951, .T. ) ;
#6726 = ORIENTED_EDGE ( 'NONE', *, *, #6812, .F. ) ;
#6727 = LINE ( 'NONE', #4163, #1667 ) ;
#6728 = LINE ( 'NONE', #1325, #5169 ) ;
#6729 = DIRECTION ( 'NONE',  ( -1.056314952237065730E-16, 0.4999999999999993894, 0.8660254037844390407 ) ) ;
#6730 = CARTESIAN_POINT ( 'NONE',  ( 2.104999999999999982, 0.9000000000000002442, 2.124999999999999556 ) ) ;
#6731 = CARTESIAN_POINT ( 'NONE',  ( 0.3250000000000001221, 0.6800000000000001599, 0.5949999999999996403 ) ) ;
#6732 =( NAMED_UNIT ( * ) PLANE_ANGLE_UNIT ( ) SI_UNIT ( $, .RADIAN. ) );
#6733 = DIRECTION ( 'NONE',  ( -1.000000000000000000, 0.000000000000000000, 1.219727444046192242E-16 ) ) ;
#6734 = LINE ( 'NONE', #3115, #1539 ) ;
#6735 = VECTOR ( 'NONE', #6145, 1000.000000000000227 ) ;
#6736 = CARTESIAN_POINT ( 'NONE',  ( -1.175000000000000044, 0.1000000000000001305, -0.07500000000000003886 ) ) ;
#6737 = UNCERTAINTY_MEASURE_WITH_UNIT (LENGTH_MEASURE( 1.000000000000000082E-05 ), #8368, 'distance_accuracy_value', 'NONE');
#6738 = CARTESIAN_POINT ( 'NONE',  ( 0.8249999999999999556, 0.6910569165342941300, 2.517345373982429635 ) ) ;
#6739 = EDGE_CURVE ( 'NONE', #595, #3201, #354, .T. ) ;
#6740 = DIRECTION ( 'NONE',  ( 0.000000000000000000, 1.000000000000000000, 0.000000000000000000 ) ) ;
#6741 = DIRECTION ( 'NONE',  ( 0.000000000000000000, 0.000000000000000000, 1.000000000000000000 ) ) ;
#6742 = DIRECTION ( 'NONE',  ( -1.000000000000000000, -0.000000000000000000, -0.000000000000000000 ) ) ;
#6743 = ORIENTED_EDGE ( 'NONE', *, *, #4013, .F. ) ;
#6744 = CARTESIAN_POINT ( 'NONE',  ( 0.8249999999999999556, 0.3800000000000000044, -0.09999999999999956146 ) ) ;
#6745 = DIRECTION ( 'NONE',  ( 0.000000000000000000, -0.000000000000000000, 1.000000000000000000 ) ) ;
#6746 = ORIENTED_EDGE ( 'NONE', *, *, #8629, .F. ) ;
#6747 = LINE ( 'NONE', #4984, #5333 ) ;
#6748 = ORIENTED_EDGE ( 'NONE', *, *, #1793, .T. ) ;
#6749 = DIRECTION ( 'NONE',  ( 0.000000000000000000, 0.000000000000000000, 1.000000000000000000 ) ) ;
#6750 = ORIENTED_EDGE ( 'NONE', *, *, #2066, .F. ) ;
#6751 = AXIS2_PLACEMENT_3D ( 'NONE', #747, #4349, #7960 ) ;
#6752 = DIRECTION ( 'NONE',  ( 0.000000000000000000, 0.000000000000000000, -1.000000000000000000 ) ) ;
#6753 = EDGE_LOOP ( 'NONE', ( #2722, #6746, #4324, #7625 ) ) ;
#6755 =( LENGTH_UNIT ( ) NAMED_UNIT ( * ) SI_UNIT ( .MILLI., .METRE. ) );
#6754 = DIRECTION ( 'NONE',  ( 1.000000000000000000, -0.000000000000000000, -1.219727444046192242E-16 ) ) ;
#6756 = CARTESIAN_POINT ( 'NONE',  ( -1.175000000000000044, 1.792020331853238969E-17, 0.2250000000000005329 ) ) ;
#6757 = ORIENTED_EDGE ( 'NONE', *, *, #6132, .F. ) ;
#6758 = ORIENTED_EDGE ( 'NONE', *, *, #8152, .T. ) ;
#6759 = FACE_OUTER_BOUND ( 'NONE', #3089, .T. ) ;
#6760 = EDGE_CURVE ( 'NONE', #7458, #2211, #2075, .T. ) ;
#6761 = EDGE_CURVE ( 'NONE', #8305, #9558, #2962, .T. ) ;
#6762 = DIRECTION ( 'NONE',  ( 0.000000000000000000, 0.000000000000000000, 1.000000000000000000 ) ) ;
#6763 = ORIENTED_EDGE ( 'NONE', *, *, #7710, .F. ) ;
#6764 = FACE_OUTER_BOUND ( 'NONE', #2030, .T. ) ;
#6765 = VERTEX_POINT ( 'NONE', #10141 ) ;
#6766 = CYLINDRICAL_SURFACE ( 'NONE', #10927, 0.2999999999999998779 ) ;
#6767 = VERTEX_POINT ( 'NONE', #8283 ) ;
#6768 = VERTEX_POINT ( 'NONE', #5746 ) ;
#6769 = LINE ( 'NONE', #9568, #8175 ) ;
#6770 = LINE ( 'NONE', #6225, #5668 ) ;
#6771 = EDGE_CURVE ( 'NONE', #11566, #1388, #3013, .T. ) ;
#6772 = FILL_AREA_STYLE ('',( #3157 ) ) ;
#6773 = CARTESIAN_POINT ( 'NONE',  ( 0.8249999999999999556, 0.3615000000000000990, 2.125000000000000000 ) ) ;
#6774 = VERTEX_POINT ( 'NONE', #5628 ) ;
#6775 = CARTESIAN_POINT ( 'NONE',  ( 0.8249999999999999556, 0.3800000000000000044, -0.1749999999999994060 ) ) ;
#6776 = EDGE_LOOP ( 'NONE', ( #9175, #180, #5117, #4083 ) ) ;
#6777 = EDGE_CURVE ( 'NONE', #6695, #302, #1301, .T. ) ;
#6778 = EDGE_CURVE ( 'NONE', #9673, #11067, #3903, .T. ) ;
#6779 = ADVANCED_FACE ( 'NONE', ( #2900 ), #4932, .F. ) ;
#6780 = ORIENTED_EDGE ( 'NONE', *, *, #3379, .F. ) ;
#6781 = UNCERTAINTY_MEASURE_WITH_UNIT (LENGTH_MEASURE( 1.000000000000000082E-05 ), #8852, 'distance_accuracy_value', 'NONE');
#6782 = ORIENTED_EDGE ( 'NONE', *, *, #7590, .F. ) ;
#6783 = CARTESIAN_POINT ( 'NONE',  ( -1.175000000000000044, 0.7250000000000001998, 2.492500000000000160 ) ) ;
#6784 = CARTESIAN_POINT ( 'NONE',  ( 1.324999999999999956, 0.3749999987231322773, 2.517714491643438635 ) ) ;
#6785 = LINE ( 'NONE', #2284, #7230 ) ;
#6786 = CARTESIAN_POINT ( 'NONE',  ( -1.324999999999999734, 0.6800000000000001599, 0.4449999999999996736 ) ) ;
#6787 = AXIS2_PLACEMENT_3D ( 'NONE', #11424, #3194, #3317 ) ;
#6788 = DIRECTION ( 'NONE',  ( 0.000000000000000000, -1.000000000000000000, 2.442094990785125153E-16 ) ) ;
#6789 = CARTESIAN_POINT ( 'NONE',  ( -0.1750000000000000167, -1.203706215242022408E-32, -0.1249999999999994588 ) ) ;
#6790 = CARTESIAN_POINT ( 'NONE',  ( -0.6749999999999999334, 0.6800000000000001599, 0.5949999999999996403 ) ) ;
#6791 = DIRECTION ( 'NONE',  ( 1.000000000000000000, 0.000000000000000000, -0.000000000000000000 ) ) ;
#6792 = CARTESIAN_POINT ( 'NONE',  ( 1.324999999999999956, 0.6899768362638436514, 2.505000000000000338 ) ) ;
#6793 = PLANE ( 'NONE',  #7796 ) ;
#6794 = AXIS2_PLACEMENT_3D ( 'NONE', #5022, #11391, #8626 ) ;
#6795 = DIRECTION ( 'NONE',  ( 0.6246950475544267301, -0.7808688094430283888, -0.000000000000000000 ) ) ;
#6796 = VECTOR ( 'NONE', #6281, 999.9999999999998863 ) ;
#6797 = CARTESIAN_POINT ( 'NONE',  ( 2.104999999999999982, 0.9000000000000002442, 2.124999999999999556 ) ) ;
#6798 = FILL_AREA_STYLE_COLOUR ( '', #5362 ) ;
#6799 = ORIENTED_EDGE ( 'NONE', *, *, #4008, .T. ) ;
#6800 = LINE ( 'NONE', #2627, #2567 ) ;
#6801 = DIRECTION ( 'NONE',  ( 1.000000000000000000, 0.000000000000000000, 0.000000000000000000 ) ) ;
#6802 = CARTESIAN_POINT ( 'NONE',  ( 1.175000000000000044, 0.8950000000000001288, 0.8249999999999999556 ) ) ;
#6803 = LINE ( 'NONE', #2309, #11231 ) ;
#6804 = ORIENTED_EDGE ( 'NONE', *, *, #9587, .F. ) ;
#6805 = LINE ( 'NONE', #467, #10231 ) ;
#6806 = CARTESIAN_POINT ( 'NONE',  ( 1.175000000000000044, 0.4249999987231686815, 2.505000000000000338 ) ) ;
#6807 = EDGE_LOOP ( 'NONE', ( #908, #11440, #9258, #4243, #10253, #9213, #10966 ) ) ;
#6808 = FACE_OUTER_BOUND ( 'NONE', #6306, .T. ) ;
#6809 = VERTEX_POINT ( 'NONE', #7516 ) ;
#6810 = ORIENTED_EDGE ( 'NONE', *, *, #1847, .F. ) ;
#6811 = VECTOR ( 'NONE', #7488, 1000.000000000000000 ) ;
#6812 = EDGE_CURVE ( 'NONE', #7104, #2024, #4872, .T. ) ;
#6813 = CARTESIAN_POINT ( 'NONE',  ( 2.104999999999999982, 0.000000000000000000, 2.724999999999276667 ) ) ;
#6814 = VERTEX_POINT ( 'NONE', #4676 ) ;
#6815 = DIRECTION ( 'NONE',  ( 0.000000000000000000, 5.421010862427520198E-16, 1.000000000000000000 ) ) ;
#6817 = LINE ( 'NONE', #7884, #9805 ) ;
#6816 = LINE ( 'NONE', #9609, #1767 ) ;
#6818 = PLANE ( 'NONE',  #1332 ) ;
#6819 = EDGE_LOOP ( 'NONE', ( #9380, #7079, #4382, #5760 ) ) ;
#6820 = VERTEX_POINT ( 'NONE', #6445 ) ;
#6821 = ORIENTED_EDGE ( 'NONE', *, *, #9549, .F. ) ;
#6822 = ORIENTED_EDGE ( 'NONE', *, *, #1445, .T. ) ;
#6823 = AXIS2_PLACEMENT_3D ( 'NONE', #493, #2267, #5880 ) ;
#6824 = CARTESIAN_POINT ( 'NONE',  ( -0.8249999999999999556, 0.3800000000000000044, -0.1749999999999994060 ) ) ;
#6825 = ORIENTED_EDGE ( 'NONE', *, *, #8528, .F. ) ;
#6826 = DIRECTION ( 'NONE',  ( -1.000000000000000000, 0.000000000000000000, 1.109158232721743510E-16 ) ) ;
#6827 = VECTOR ( 'NONE', #3843, 1000.000000000000114 ) ;
#6828 = ORIENTED_EDGE ( 'NONE', *, *, #11196, .F. ) ;
#6829 = DIRECTION ( 'NONE',  ( -1.000000000000000000, 0.000000000000000000, -1.219727444046192242E-16 ) ) ;
#6830 = ORIENTED_EDGE ( 'NONE', *, *, #3510, .F. ) ;
#6831 = EDGE_LOOP ( 'NONE', ( #4579, #146, #10458, #1784 ) ) ;
#6832 = LINE ( 'NONE', #10450, #1942 ) ;
#6833 = CARTESIAN_POINT ( 'NONE',  ( -1.175000000000000044, 0.3800000000000000044, -0.1749999999999994060 ) ) ;
#6834 = FILL_AREA_STYLE_COLOUR ( '', #8014 ) ;
#6835 =( NAMED_UNIT ( * ) PLANE_ANGLE_UNIT ( ) SI_UNIT ( $, .RADIAN. ) );
#6836 = EDGE_CURVE ( 'NONE', #5275, #4988, #6632, .T. ) ;
#6837 = CARTESIAN_POINT ( 'NONE',  ( -1.449999999999999956, 0.6100000000000000977, -0.2050000000000003764 ) ) ;
#6838 = EDGE_LOOP ( 'NONE', ( #2541, #8253, #10678, #3770, #6743 ) ) ;
#6839 = MECHANICAL_DESIGN_GEOMETRIC_PRESENTATION_REPRESENTATION (  '', ( #8722 ), #3226 ) ;
#6840 = LINE ( 'NONE', #2345, #11380 ) ;
#6841 = VERTEX_POINT ( 'NONE', #10197 ) ;
#6842 = AXIS2_PLACEMENT_3D ( 'NONE', #401, #8518, #4183 ) ;
#6843 = ORIENTED_EDGE ( 'NONE', *, *, #8110, .T. ) ;
#6844 = FACE_OUTER_BOUND ( 'NONE', #11567, .T. ) ;
#6845 = VECTOR ( 'NONE', #6377, 1000.000000000000114 ) ;
#6846 = EDGE_CURVE ( 'NONE', #4203, #9122, #5685, .T. ) ;
#6847 = DIRECTION ( 'NONE',  ( 0.000000000000000000, -0.4461978131098036093, 0.8949343616020276615 ) ) ;
#6848 = CIRCLE ( 'NONE', #5897, 0.1499999999999999667 ) ;
#6849 = CARTESIAN_POINT ( 'NONE',  ( -2.104999999999999538, 0.3585295238724372502, 0.1991481456572266606 ) ) ;
#6850 = FACE_OUTER_BOUND ( 'NONE', #6626, .T. ) ;
#6851 = FACE_OUTER_BOUND ( 'NONE', #10302, .T. ) ;
#6852 = VECTOR ( 'NONE', #9142, 1000.000000000000000 ) ;
#6853 = DIRECTION ( 'NONE',  ( -1.000000000000000000, 0.000000000000000000, -1.219727444046192242E-16 ) ) ;
#6854 = EDGE_CURVE ( 'NONE', #6713, #4890, #8466, .T. ) ;
#6855 = ADVANCED_FACE ( 'NONE', ( #6511 ), #2012, .T. ) ;
#6856 = DIRECTION ( 'NONE',  ( 1.000000000000000000, -0.000000000000000000, -1.219727444046192242E-16 ) ) ;
#6857 = PLANE ( 'NONE',  #9736 ) ;
#6858 = VECTOR ( 'NONE', #8732, 1000.000000000000000 ) ;
#6859 = EDGE_CURVE ( 'NONE', #3620, #7903, #1242, .T. ) ;
#6860 = CARTESIAN_POINT ( 'NONE',  ( 0.6750000000000000444, 0.8950000000000001288, 0.4949999999999995515 ) ) ;
#6861 = EDGE_CURVE ( 'NONE', #2711, #2266, #10320, .T. ) ;
#6862 = LINE ( 'NONE', #9592, #3449 ) ;
#6863 = DIRECTION ( 'NONE',  ( 0.000000000000000000, -3.439160614977207662E-32, -1.000000000000000000 ) ) ;
#6864 = VERTEX_POINT ( 'NONE', #8536 ) ;
#6865 = LINE ( 'NONE', #5980, #884 ) ;
#6866 = EDGE_CURVE ( 'NONE', #9558, #5076, #420, .T. ) ;
#6867 = CARTESIAN_POINT ( 'NONE',  ( -2.104999999999999982, 1.000000000000000222, 1.799999999999277289 ) ) ;
#6868 = AXIS2_PLACEMENT_3D ( 'NONE', #6148, #6976, #5267 ) ;
#6869 = DIRECTION ( 'NONE',  ( -1.000000000000000000, -0.000000000000000000, -0.000000000000000000 ) ) ;
#6870 = DIRECTION ( 'NONE',  ( -1.000000000000000000, -0.000000000000000000, -0.000000000000000000 ) ) ;
#6871 = FACE_OUTER_BOUND ( 'NONE', #6348, .T. ) ;
#6872 = CARTESIAN_POINT ( 'NONE',  ( -1.175000000000000044, 0.07499999999999999722, 0.1250000000000005551 ) ) ;
#6873 = PRESENTATION_LAYER_ASSIGNMENT (  '', '', ( #5925 ) ) ;
#6874 = ORIENTED_EDGE ( 'NONE', *, *, #9541, .F. ) ;
#6875 = DIRECTION ( 'NONE',  ( -0.000000000000000000, 0.000000000000000000, 1.000000000000000000 ) ) ;
#6876 = ORIENTED_EDGE ( 'NONE', *, *, #5759, .T. ) ;
#6877 = ORIENTED_EDGE ( 'NONE', *, *, #7872, .T. ) ;
#6878 = VECTOR ( 'NONE', #10540, 1000.000000000000000 ) ;
#6879 = VECTOR ( 'NONE', #3517, 1000.000000000000000 ) ;
#6880 = ADVANCED_FACE ( 'NONE', ( #2836 ), #1488, .F. ) ;
#6881 = ORIENTED_EDGE ( 'NONE', *, *, #199, .T. ) ;
#6882 = ORIENTED_EDGE ( 'NONE', *, *, #7837, .F. ) ;
#6883 = DIRECTION ( 'NONE',  ( 1.000000000000000000, 0.000000000000000000, 0.000000000000000000 ) ) ;
#6884 = AXIS2_PLACEMENT_3D ( 'NONE', #9581, #1573, #7725 ) ;
#6885 = LINE ( 'NONE', #5058, #7564 ) ;
#6886 = AXIS2_PLACEMENT_3D ( 'NONE', #4996, #1361, #9664 ) ;
#6887 = ORIENTED_EDGE ( 'NONE', *, *, #7422, .T. ) ;
#6888 = ORIENTED_EDGE ( 'NONE', *, *, #2366, .T. ) ;
#6889 = EDGE_CURVE ( 'NONE', #9745, #7274, #4169, .T. ) ;
#6890 = ORIENTED_EDGE ( 'NONE', *, *, #5853, .F. ) ;
#6891 = EDGE_CURVE ( 'NONE', #10776, #9298, #2440, .T. ) ;
#6892 = CARTESIAN_POINT ( 'NONE',  ( -0.3250000000000000111, 0.8950000000000001288, 0.5327497731395587355 ) ) ;
#6893 = ORIENTED_EDGE ( 'NONE', *, *, #10687, .F. ) ;
#6894 = CIRCLE ( 'NONE', #2359, 0.06349999872316867966 ) ;
#6895 = CARTESIAN_POINT ( 'NONE',  ( 2.254999999999999893, 0.8300000000000000711, 0.4449999999999996736 ) ) ;
#6896 = ORIENTED_EDGE ( 'NONE', *, *, #7735, .T. ) ;
#6897 = CARTESIAN_POINT ( 'NONE',  ( 2.104999999999999538, 0.7650000000000001243, 0.7606385001764666143 ) ) ;
#6898 = ORIENTED_EDGE ( 'NONE', *, *, #7204, .F. ) ;
#6899 = VERTEX_POINT ( 'NONE', #6756 ) ;
#6900 = VECTOR ( 'NONE', #9443, 1000.000000000000000 ) ;
#6901 = EDGE_LOOP ( 'NONE', ( #365, #1679, #10615, #3378 ) ) ;
#6902 = LINE ( 'NONE', #9680, #10281 ) ;
#6903 =( NAMED_UNIT ( * ) PLANE_ANGLE_UNIT ( ) SI_UNIT ( $, .RADIAN. ) );
#6904 = DIRECTION ( 'NONE',  ( 0.000000000000000000, 0.000000000000000000, -1.000000000000000000 ) ) ;
#6905 = EDGE_CURVE ( 'NONE', #2650, #4031, #9666, .T. ) ;
#6906 = CARTESIAN_POINT ( 'NONE',  ( 1.665000000000000036, 0.6800000000000000488, 0.8250000000000001776 ) ) ;
#6907 = VECTOR ( 'NONE', #3119, 1000.000000000000000 ) ;
#6908 = ORIENTED_EDGE ( 'NONE', *, *, #9709, .T. ) ;
#6909 = CARTESIAN_POINT ( 'NONE',  ( 1.175000000000000044, 1.000000000000000000, -0.3599999999999996536 ) ) ;
#6910 = ORIENTED_EDGE ( 'NONE', *, *, #8818, .T. ) ;
#6911 = ORIENTED_EDGE ( 'NONE', *, *, #4294, .T. ) ;
#6912 = ORIENTED_EDGE ( 'NONE', *, *, #2205, .F. ) ;
#6913 = LINE ( 'NONE', #380, #161 ) ;
#6914 = DIRECTION ( 'NONE',  ( 0.000000000000000000, 0.000000000000000000, -1.000000000000000000 ) ) ;
#6915 = AXIS2_PLACEMENT_3D ( 'NONE', #656, #11472, #8704 ) ;
#6916 = CARTESIAN_POINT ( 'NONE',  ( 1.955000000000000959, 0.05000000000000012768, 2.124999999999999556 ) ) ;
#6917 = LINE ( 'NONE', #8915, #11024 ) ;
#6918 = LINE ( 'NONE', #9643, #3244 ) ;
#6919 = DIRECTION ( 'NONE',  ( -0.000000000000000000, 0.7071067811865457964, 0.7071067811865492381 ) ) ;
#6920 = DIRECTION ( 'NONE',  ( 0.000000000000000000, -0.5735764363510453823, -0.8191520442889923537 ) ) ;
#6921 = CARTESIAN_POINT ( 'NONE',  ( 2.254999999999999449, 0.5264718102130367949, 0.2441481456572267561 ) ) ;
#6922 = VECTOR ( 'NONE', #9377, 1000.000000000000000 ) ;
#6923 = VECTOR ( 'NONE', #8387, 1000.000000000000000 ) ;
#6924 = EDGE_CURVE ( 'NONE', #2186, #3604, #7696, .T. ) ;
#6925 = LINE ( 'NONE', #648, #2329 ) ;
#6926 = SURFACE_SIDE_STYLE ('',( #2370 ) ) ;
#6927 = DIRECTION ( 'NONE',  ( 0.000000000000000000, 0.000000000000000000, -1.000000000000000000 ) ) ;
#6928 = EDGE_LOOP ( 'NONE', ( #10233, #11187, #4436, #4895 ) ) ;
#6929 = DIRECTION ( 'NONE',  ( 1.000000000000000000, -0.000000000000000000, -1.219727444046192242E-16 ) ) ;
#6930 = FACE_OUTER_BOUND ( 'NONE', #2092, .T. ) ;
#6931 = AXIS2_PLACEMENT_3D ( 'NONE', #3357, #10590, #6026 ) ;
#6932 = CARTESIAN_POINT ( 'NONE',  ( -0.8249999999999999556, 0.3615000000000000990, 2.125000000000000000 ) ) ;
#6933 = AXIS2_PLACEMENT_3D ( 'NONE', #935, #11463, #8574 ) ;
#6934 = EDGE_CURVE ( 'NONE', #9797, #8790, #5112, .T. ) ;
#6935 = CARTESIAN_POINT ( 'NONE',  ( -0.8249999999999999556, 0.6910569165342943521, 2.517345373982429635 ) ) ;
#6936 = ORIENTED_EDGE ( 'NONE', *, *, #8002, .F. ) ;
#6937 = EDGE_CURVE ( 'NONE', #9676, #10413, #6943, .T. ) ;
#6938 = ADVANCED_FACE ( 'NONE', ( #5936 ), #10376, .F. ) ;
#6939 = VERTEX_POINT ( 'NONE', #5174 ) ;
#6940 = ORIENTED_EDGE ( 'NONE', *, *, #257, .T. ) ;
#6942 = FILL_AREA_STYLE_COLOUR ( '', #10735 ) ;
#6941 = PLANE ( 'NONE',  #2709 ) ;
#6943 = LINE ( 'NONE', #8716, #4539 ) ;
#6944 = ORIENTED_EDGE ( 'NONE', *, *, #5139, .F. ) ;
#6945 = ORIENTED_EDGE ( 'NONE', *, *, #486, .F. ) ;
#6946 = VERTEX_POINT ( 'NONE', #8778 ) ;
#6947 = EDGE_LOOP ( 'NONE', ( #5941, #2716, #2480, #4549 ) ) ;
#6948 = EDGE_CURVE ( 'NONE', #4679, #3730, #668, .T. ) ;
#6949 = PLANE ( 'NONE',  #11575 ) ;
#6950 = ORIENTED_EDGE ( 'NONE', *, *, #10561, .T. ) ;
#6951 = CARTESIAN_POINT ( 'NONE',  ( 1.850000000000000089, 0.6100000000000000977, -0.8049999999999996048 ) ) ;
#6952 = ORIENTED_EDGE ( 'NONE', *, *, #9330, .F. ) ;
#6953 = LINE ( 'NONE', #550, #4688 ) ;
#6954 = ORIENTED_EDGE ( 'NONE', *, *, #11479, .F. ) ;
#6955 = VERTEX_POINT ( 'NONE', #7885 ) ;
#6956 = CARTESIAN_POINT ( 'NONE',  ( 0.3250000000000000111, 0.4197467168032661955, 2.540024382298945227 ) ) ;
#6957 =( LENGTH_UNIT ( ) NAMED_UNIT ( * ) SI_UNIT ( .MILLI., .METRE. ) );
#6958 = VECTOR ( 'NONE', #5316, 1000.000000000000000 ) ;
#6959 = DIRECTION ( 'NONE',  ( 0.000000000000000000, 0.000000000000000000, -1.000000000000000000 ) ) ;
#6960 = LINE ( 'NONE', #6720, #7467 ) ;
#6961 = ORIENTED_EDGE ( 'NONE', *, *, #10396, .T. ) ;
#6962 = DIRECTION ( 'NONE',  ( 0.000000000000000000, -0.08715574274767398655, -0.9961946980917439909 ) ) ;
#6963 = ORIENTED_EDGE ( 'NONE', *, *, #6529, .F. ) ;
#6964 = CARTESIAN_POINT ( 'NONE',  ( 2.254999999999999449, 0.7500000000000002220, 0.2950000000000000400 ) ) ;
#6965 = CARTESIAN_POINT ( 'NONE',  ( -2.104999999999999982, 0.9000000000000002442, 2.124999999999999556 ) ) ;
#6966 = EDGE_LOOP ( 'NONE', ( #2394, #7705, #10329, #5879 ) ) ;
#6967 = VERTEX_POINT ( 'NONE', #3199 ) ;
#6968 = CARTESIAN_POINT ( 'NONE',  ( -0.3250000000000000111, 0.3615000000000000990, 2.125000000000000000 ) ) ;
#6969 = DIRECTION ( 'NONE',  ( 0.000000000000000000, 0.000000000000000000, -1.000000000000000000 ) ) ;
#6970 = CARTESIAN_POINT ( 'NONE',  ( 0.6750000000000000444, 0.7250000000000001998, 2.577500000000000568 ) ) ;
#6971 = DIRECTION ( 'NONE',  ( 1.000000000000000000, 0.000000000000000000, 0.000000000000000000 ) ) ;
#6972 = PLANE ( 'NONE',  #6084 ) ;
#6973 = CARTESIAN_POINT ( 'NONE',  ( 2.254999999999999893, 0.5300000000000002487, 0.4449999999999996736 ) ) ;
#6974 = CARTESIAN_POINT ( 'NONE',  ( 0.6750000000000000444, 0.6865523705165764712, 2.440090270110382598 ) ) ;
#6975 = DIRECTION ( 'NONE',  ( 1.000000000000000000, -0.000000000000000000, 0.000000000000000000 ) ) ;
#6976 = DIRECTION ( 'NONE',  ( 0.000000000000000000, 1.000000000000000000, 0.000000000000000000 ) ) ;
#6977 = CARTESIAN_POINT ( 'NONE',  ( -0.6750000000000000444, 1.792020331853238969E-17, 0.2250000000000005329 ) ) ;
#6978 = CARTESIAN_POINT ( 'NONE',  ( 1.175000000000000044, 8.735352324927245566E-18, 0.1500000000000005496 ) ) ;
#6979 = VERTEX_POINT ( 'NONE', #2393 ) ;
#6980 = DIRECTION ( 'NONE',  ( 0.000000000000000000, -3.439160614977207662E-32, -1.000000000000000000 ) ) ;
#6981 = AXIS2_PLACEMENT_3D ( 'NONE', #10267, #7409, #5526 ) ;
#6982 = DIRECTION ( 'NONE',  ( -1.000000000000000000, -0.000000000000000000, -0.000000000000000000 ) ) ;
#6983 = CARTESIAN_POINT ( 'NONE',  ( 2.104999999999999982, 0.9250000000001167288, 2.724999999999276667 ) ) ;
#6984 = DIRECTION ( 'NONE',  ( 0.000000000000000000, 1.000000000000000000, 0.000000000000000000 ) ) ;
#6985 = DIRECTION ( 'NONE',  ( 0.000000000000000000, 0.000000000000000000, 1.000000000000000000 ) ) ;
#6986 = LINE ( 'NONE', #7923, #1785 ) ;
#6987 = VERTEX_POINT ( 'NONE', #5871 ) ;
#6988 = ORIENTED_EDGE ( 'NONE', *, *, #936, .F. ) ;
#6989 = ORIENTED_EDGE ( 'NONE', *, *, #1996, .F. ) ;
#6991 = DIRECTION ( 'NONE',  ( 0.9486832980505152113, -0.3162277660168337778, 0.000000000000000000 ) ) ;
#6990 = DIRECTION ( 'NONE',  ( 0.000000000000000000, 0.000000000000000000, -1.000000000000000000 ) ) ;
#6992 = EDGE_CURVE ( 'NONE', #5248, #7533, #9488, .T. ) ;
#6993 = PLANE ( 'NONE',  #594 ) ;
#6994 = ORIENTED_EDGE ( 'NONE', *, *, #4384, .F. ) ;
#6995 = ORIENTED_EDGE ( 'NONE', *, *, #5335, .F. ) ;
#6996 = EDGE_CURVE ( 'NONE', #235, #11530, #6885, .T. ) ;
#6997 = ADVANCED_FACE ( 'NONE', ( #4999 ), #6993, .F. ) ;
#6998 = CARTESIAN_POINT ( 'NONE',  ( -0.1750000000000000167, 0.1000000000000001305, -0.07500000000000003886 ) ) ;
#6999 = ORIENTED_EDGE ( 'NONE', *, *, #11579, .T. ) ;
#7000 = EDGE_CURVE ( 'NONE', #6899, #6266, #1607, .T. ) ;
#7001 = VERTEX_POINT ( 'NONE', #5234 ) ;
#7002 = VECTOR ( 'NONE', #9966, 1000.000000000000000 ) ;
#7003 = DIRECTION ( 'NONE',  ( -1.000000000000000000, -0.000000000000000000, -0.000000000000000000 ) ) ;
#7004 = ORIENTED_EDGE ( 'NONE', *, *, #1788, .T. ) ;
#7005 = ORIENTED_EDGE ( 'NONE', *, *, #6416, .F. ) ;
#7006 = LINE ( 'NONE', #4147, #5177 ) ;
#7007 = EDGE_CURVE ( 'NONE', #11530, #4262, #8598, .T. ) ;
#7008 = CARTESIAN_POINT ( 'NONE',  ( 1.324999999999999956, -1.203706215242022408E-32, -0.1249999999999994588 ) ) ;
#7009 = FILL_AREA_STYLE_COLOUR ( '', #5876 ) ;
#7010 = ORIENTED_EDGE ( 'NONE', *, *, #1432, .T. ) ;
#7011 = FACE_OUTER_BOUND ( 'NONE', #7663, .T. ) ;
#7012 = ORIENTED_EDGE ( 'NONE', *, *, #5104, .F. ) ;
#7013 = STYLED_ITEM ( 'NONE', ( #1911 ), #7983 ) ;
#7014 = VECTOR ( 'NONE', #4197, 1000.000000000000000 ) ;
#7015 = EDGE_LOOP ( 'NONE', ( #3901, #7709, #3629, #10378, #8538, #11020 ) ) ;
#7016 = CARTESIAN_POINT ( 'NONE',  ( -0.3249999999999997891, 0.8214213562373096078, 0.4949999999999995515 ) ) ;
#7017 = ORIENTED_EDGE ( 'NONE', *, *, #8211, .F. ) ;
#7018 = ADVANCED_FACE ( 'NONE', ( #4080 ), #6818, .F. ) ;
#7019 = CARTESIAN_POINT ( 'NONE',  ( 1.684999999999999831, 0.1000000000000001305, 0.4249999999999999334 ) ) ;
#7020 = CARTESIAN_POINT ( 'NONE',  ( 2.049999999999999822, 0.6100000000000000977, -0.5550000000000003819 ) ) ;
#7021 = EDGE_CURVE ( 'NONE', #11156, #4128, #5878, .T. ) ;
#7022 = DIRECTION ( 'NONE',  ( -1.000000000000000000, -0.000000000000000000, 1.608608564518552898E-17 ) ) ;
#7023 = DIRECTION ( 'NONE',  ( 0.000000000000000000, 0.000000000000000000, 1.000000000000000000 ) ) ;
#7024 = AXIS2_PLACEMENT_3D ( 'NONE', #4620, #9239, #6512 ) ;
#7025 = AXIS2_PLACEMENT_3D ( 'NONE', #2591, #3475, #4430 ) ;
#7026 = ORIENTED_EDGE ( 'NONE', *, *, #8648, .T. ) ;
#7027 = LINE ( 'NONE', #5208, #41 ) ;
#7028 = DIRECTION ( 'NONE',  ( 0.000000000000000000, 1.000000000000000000, 2.710505431213761085E-16 ) ) ;
#7029 = PLANE ( 'NONE',  #1238 ) ;
#7030 = ADVANCED_FACE ( 'NONE', ( #11361 ), #7056, .F. ) ;
#7031 = CARTESIAN_POINT ( 'NONE',  ( -2.104999999999999982, 1.510351568049345582E-17, 2.224999999999276667 ) ) ;
#7032 = VECTOR ( 'NONE', #9164, 1000.000000000000000 ) ;
#7033 = CIRCLE ( 'NONE', #405, 0.05000000000003655687 ) ;
#7034 = DIRECTION ( 'NONE',  ( 1.000000000000000000, -0.000000000000000000, -1.219727444046192242E-16 ) ) ;
#7035 = VECTOR ( 'NONE', #11194, 1000.000000000000000 ) ;
#7036 = DIRECTION ( 'NONE',  ( -0.000000000000000000, 1.000000000000000000, -0.000000000000000000 ) ) ;
#7037 = LINE ( 'NONE', #10648, #11578 ) ;
#7038 = ORIENTED_EDGE ( 'NONE', *, *, #6217, .T. ) ;
#7039 = DIRECTION ( 'NONE',  ( 0.000000000000000000, 0.000000000000000000, -1.000000000000000000 ) ) ;
#7040 = DIRECTION ( 'NONE',  ( 0.000000000000000000, 0.9659258262890680902, 0.2588190451025211281 ) ) ;
#7041 = AXIS2_PLACEMENT_3D ( 'NONE', #196, #2096, #4578 ) ;
#7042 = ORIENTED_EDGE ( 'NONE', *, *, #4357, .F. ) ;
#7043 = CARTESIAN_POINT ( 'NONE',  ( 2.254999999999999893, 0.6800000000000001599, 0.4449999999999996736 ) ) ;
#7044 = ORIENTED_EDGE ( 'NONE', *, *, #9990, .T. ) ;
#7045 = DIRECTION ( 'NONE',  ( 0.000000000000000000, -0.000000000000000000, -1.000000000000000000 ) ) ;
#7046 = ORIENTED_EDGE ( 'NONE', *, *, #8805, .T. ) ;
#7047 = LINE ( 'NONE', #2319, #10580 ) ;
#7048 = VECTOR ( 'NONE', #8698, 1000.000000000000000 ) ;
#7049 = ORIENTED_EDGE ( 'NONE', *, *, #634, .T. ) ;
#7050 = ORIENTED_EDGE ( 'NONE', *, *, #4599, .T. ) ;
#7051 = CARTESIAN_POINT ( 'NONE',  ( 2.254999999999999893, 0.8300000000000000711, 0.4449999999999996736 ) ) ;
#7052 = FACE_OUTER_BOUND ( 'NONE', #5586, .T. ) ;
#7054 = DIRECTION ( 'NONE',  ( -1.000000000000000000, 0.000000000000000000, 1.219727444046192242E-16 ) ) ;
#7053 = DIRECTION ( 'NONE',  ( -1.000000000000000000, -0.000000000000000000, -0.000000000000000000 ) ) ;
#7055 = ORIENTED_EDGE ( 'NONE', *, *, #6141, .F. ) ;
#7056 = PLANE ( 'NONE',  #4174 ) ;
#7057 = EDGE_LOOP ( 'NONE', ( #7505, #10079, #1834, #8459 ) ) ;
#7058 = VERTEX_POINT ( 'NONE', #1878 ) ;
#7059 = VECTOR ( 'NONE', #8977, 1000.000000000000000 ) ;
#7060 = LINE ( 'NONE', #2553, #7631 ) ;
#7061 = VECTOR ( 'NONE', #8870, 1000.000000000000000 ) ;
#7062 = EDGE_LOOP ( 'NONE', ( #5412, #6780, #6705, #7426 ) ) ;
#7063 = VERTEX_POINT ( 'NONE', #2660 ) ;
#7064 = EDGE_CURVE ( 'NONE', #4520, #6397, #9790, .T. ) ;
#7065 = VERTEX_POINT ( 'NONE', #11652 ) ;
#7066 = ADVANCED_FACE ( 'NONE', ( #8160 ), #9008, .T. ) ;
#7067 = EDGE_CURVE ( 'NONE', #9837, #4920, #950, .T. ) ;
#7068 = ORIENTED_EDGE ( 'NONE', *, *, #1428, .F. ) ;
#7069 = VECTOR ( 'NONE', #4275, 1000.000000000000000 ) ;
#7070 = CARTESIAN_POINT ( 'NONE',  ( 1.324999999999999956, 0.7408666514389177227, 2.512987586845043531 ) ) ;
#7071 = LINE ( 'NONE', #5461, #8958 ) ;
#7072 = EDGE_LOOP ( 'NONE', ( #11364, #6648, #4504, #2064 ) ) ;
#7073 = ORIENTED_EDGE ( 'NONE', *, *, #1117, .F. ) ;
#7074 = FACE_OUTER_BOUND ( 'NONE', #3237, .T. ) ;
#7075 = VECTOR ( 'NONE', #5287, 1000.000000000000000 ) ;
#7076 = EDGE_CURVE ( 'NONE', #10826, #10511, #1666, .T. ) ;
#7077 = EDGE_CURVE ( 'NONE', #1671, #6209, #9053, .T. ) ;
#7078 = VECTOR ( 'NONE', #2460, 1000.000000000000000 ) ;
#7079 = ORIENTED_EDGE ( 'NONE', *, *, #11408, .F. ) ;
#7080 = VERTEX_POINT ( 'NONE', #9956 ) ;
#7081 = ADVANCED_FACE ( 'NONE', ( #9842 ), #901, .F. ) ;
#7082 = DIRECTION ( 'NONE',  ( 0.000000000000000000, 1.000000000000000000, 1.999553186960971874E-15 ) ) ;
#7083 = DIRECTION ( 'NONE',  ( -0.000000000000000000, -0.000000000000000000, 1.000000000000000000 ) ) ;
#7084 = CARTESIAN_POINT ( 'NONE',  ( 0.3250000000000000111, 0.4050000000000000266, -0.07499999999999942824 ) ) ;
#7085 = FACE_OUTER_BOUND ( 'NONE', #3188, .T. ) ;
#7086 = AXIS2_PLACEMENT_3D ( 'NONE', #2694, #99, #44 ) ;
#7087 =( LENGTH_UNIT ( ) NAMED_UNIT ( * ) SI_UNIT ( .MILLI., .METRE. ) );
#7088 = VERTEX_POINT ( 'NONE', #69 ) ;
#7089 = DIRECTION ( 'NONE',  ( -0.000000000000000000, -0.000000000000000000, -1.000000000000000000 ) ) ;
#7090 = CARTESIAN_POINT ( 'NONE',  ( -1.175000000000000044, 0.6899768362638436514, 2.505000000000000338 ) ) ;
#7091 = DIRECTION ( 'NONE',  ( 0.000000000000000000, 0.000000000000000000, -1.000000000000000000 ) ) ;
#7092 = ADVANCED_FACE ( 'NONE', ( #1717 ), #2772, .F. ) ;
#7093 = AXIS2_PLACEMENT_3D ( 'NONE', #228, #8400, #5507 ) ;
#7094 = VECTOR ( 'NONE', #10416, 1000.000000000000000 ) ;
#7095 = CARTESIAN_POINT ( 'NONE',  ( -1.324999999999999956, 0.6800000000000001599, 0.4949999999999995515 ) ) ;
#7096 = LINE ( 'NONE', #9826, #70 ) ;
#7097 = EDGE_LOOP ( 'NONE', ( #11678, #8835, #291, #3684 ) ) ;
#7098 = CARTESIAN_POINT ( 'NONE',  ( -2.254999999999999449, 0.9000000000000002442, -0.07499999999999946987 ) ) ;
#7099 = CARTESIAN_POINT ( 'NONE',  ( 2.254999999999999449, 0.3585295238724372502, 0.1991481456572266606 ) ) ;
#7100 = CARTESIAN_POINT ( 'NONE',  ( 0.1750000000000000167, 0.6800000000000001599, 0.8249999999999999556 ) ) ;
#7101 = ORIENTED_EDGE ( 'NONE', *, *, #403, .T. ) ;
#7102 = VECTOR ( 'NONE', #4588, 1000.000000000000000 ) ;
#7103 = ORIENTED_EDGE ( 'NONE', *, *, #1277, .T. ) ;
#7104 = VERTEX_POINT ( 'NONE', #2601 ) ;
#7105 = FACE_OUTER_BOUND ( 'NONE', #10841, .T. ) ;
#7106 = LINE ( 'NONE', #3594, #2177 ) ;
#7107 = VERTEX_POINT ( 'NONE', #8943 ) ;
#7108 = CARTESIAN_POINT ( 'NONE',  ( 2.104999999999999538, 0.8134073820189092752, 0.7731575003791745226 ) ) ;
#7109 = ORIENTED_EDGE ( 'NONE', *, *, #11399, .F. ) ;
#7110 = CARTESIAN_POINT ( 'NONE',  ( 2.254999999999999893, 0.8300000000000000711, 0.4449999999999996736 ) ) ;
#7111 = VECTOR ( 'NONE', #7341, 1000.000000000000000 ) ;
#7112 = ORIENTED_EDGE ( 'NONE', *, *, #9393, .T. ) ;
#7113 = EDGE_LOOP ( 'NONE', ( #1146, #6333, #6944, #6060 ) ) ;
#7114 = VERTEX_POINT ( 'NONE', #7275 ) ;
#7115 = VERTEX_POINT ( 'NONE', #3545 ) ;
#7116 = CARTESIAN_POINT ( 'NONE',  ( 0.6750000000000000444, 0.000000000000000000, 0.2250000000000005052 ) ) ;
#7117 = CARTESIAN_POINT ( 'NONE',  ( 0.9311552812808830959, 1.000000000000000222, -0.7599999999999995648 ) ) ;
#7118 = ORIENTED_EDGE ( 'NONE', *, *, #8868, .F. ) ;
#7119 = DIRECTION ( 'NONE',  ( -1.000000000000000000, -0.000000000000000000, -0.000000000000000000 ) ) ;
#7120 = VERTEX_POINT ( 'NONE', #777 ) ;
#7121 = DIRECTION ( 'NONE',  ( 0.000000000000000000, -2.710505431213760592E-16, 1.000000000000000000 ) ) ;
#7122 = ORIENTED_EDGE ( 'NONE', *, *, #4554, .F. ) ;
#7123 = COLOUR_RGB ( '',1.000000000000000000, 0.8117647058823529438, 0.5019607843137254832 ) ;
#7124 = EDGE_LOOP ( 'NONE', ( #8850, #11367, #10439, #9708 ) ) ;
#7125 = ORIENTED_EDGE ( 'NONE', *, *, #1936, .F. ) ;
#7126 = DIRECTION ( 'NONE',  ( -1.000000000000000000, -0.000000000000000000, -0.000000000000000000 ) ) ;
#7127 = EDGE_CURVE ( 'NONE', #2603, #5607, #5399, .T. ) ;
#7128 = CARTESIAN_POINT ( 'NONE',  ( -0.1750000000000000167, 0.4050000000000000266, -0.07499999999999942824 ) ) ;
#7129 = DIRECTION ( 'NONE',  ( 0.000000000000000000, 0.000000000000000000, 1.000000000000000000 ) ) ;
#7130 = STYLED_ITEM ( 'NONE', ( #4980 ), #510 ) ;
#7131 = EDGE_CURVE ( 'NONE', #5525, #2604, #10831, .T. ) ;
#7132 = LINE ( 'NONE', #7963, #3023 ) ;
#7133 = CARTESIAN_POINT ( 'NONE',  ( -0.8249999999999999556, 0.6899768362638436514, 2.505000000000000338 ) ) ;
#7134 = DIRECTION ( 'NONE',  ( -1.000000000000000000, -0.000000000000000000, -0.000000000000000000 ) ) ;
#7135 = LINE ( 'NONE', #6142, #3617 ) ;
#7136 = EDGE_CURVE ( 'NONE', #6215, #2434, #5503, .T. ) ;
#7137 = LINE ( 'NONE', #7479, #6268 ) ;
#7138 = CARTESIAN_POINT ( 'NONE',  ( 0.8249999999999999556, 0.1000000000000001027, 0.1250000000000005551 ) ) ;
#7139 = EDGE_CURVE ( 'NONE', #9180, #5343, #10010, .T. ) ;
#7140 = FACE_OUTER_BOUND ( 'NONE', #5106, .T. ) ;
#7141 = EDGE_CURVE ( 'NONE', #1770, #7155, #2717, .T. ) ;
#7142 = CARTESIAN_POINT ( 'NONE',  ( -1.324999999999999956, 0.4249999987231686815, 2.505000000000000338 ) ) ;
#7143 = DIRECTION ( 'NONE',  ( -1.000000000000000000, -0.000000000000000000, -0.000000000000000000 ) ) ;
#7144 = CARTESIAN_POINT ( 'NONE',  ( -1.175000000000000044, 0.03000000000000000930, -0.1749999999999994615 ) ) ;
#7145 = DIRECTION ( 'NONE',  ( 0.000000000000000000, 0.9659258262890680902, 0.2588190451025211281 ) ) ;
#7146 = VECTOR ( 'NONE', #5353, 1000.000000000000000 ) ;
#7147 = ORIENTED_EDGE ( 'NONE', *, *, #3447, .T. ) ;
#7148 = PLANE ( 'NONE',  #6246 ) ;
#7149 = DIRECTION ( 'NONE',  ( 0.000000000000000000, -1.000000000000000000, 0.000000000000000000 ) ) ;
#7150 = ORIENTED_EDGE ( 'NONE', *, *, #6315, .F. ) ;
#7151 = EDGE_LOOP ( 'NONE', ( #6748, #952, #2616, #11312 ) ) ;
#7152 = LINE ( 'NONE', #6324, #4073 ) ;
#7153 = CARTESIAN_POINT ( 'NONE',  ( -0.1750000000000000167, 0.3800000000000000044, -0.1749999999999994060 ) ) ;
#7154 = DIRECTION ( 'NONE',  ( 0.000000000000000000, -0.7071067811865474617, -0.7071067811865474617 ) ) ;
#7155 = VERTEX_POINT ( 'NONE', #8891 ) ;
#7156 = AXIS2_PLACEMENT_3D ( 'NONE', #1848, #8240, #7348 ) ;
#7157 = DIRECTION ( 'NONE',  ( 1.000000000000000000, 0.000000000000000000, 0.000000000000000000 ) ) ;
#7158 = ORIENTED_EDGE ( 'NONE', *, *, #846, .T. ) ;
#7159 = ADVANCED_FACE ( 'NONE', ( #7937 ), #4381, .F. ) ;
#7160 = VECTOR ( 'NONE', #4961, 1000.000000000000000 ) ;
#7161 = CLOSED_SHELL ( 'NONE', ( #2051, #2816, #588, #7280, #738, #980, #10884 ) ) ;
#7162 = ORIENTED_EDGE ( 'NONE', *, *, #1417, .F. ) ;
#7163 = CARTESIAN_POINT ( 'NONE',  ( -0.3250000000000000111, 0.6899768362638436514, 2.505000000000000338 ) ) ;
#7164 = VERTEX_POINT ( 'NONE', #10777 ) ;
#7165 = LINE ( 'NONE', #8840, #8674 ) ;
#7166 = ORIENTED_EDGE ( 'NONE', *, *, #3928, .F. ) ;
#7167 = ORIENTED_EDGE ( 'NONE', *, *, #1159, .F. ) ;
#7168 = CARTESIAN_POINT ( 'NONE',  ( 2.500000000000000444, 0.1000000000000001305, -0.07499999999999942824 ) ) ;
#7169 = CARTESIAN_POINT ( 'NONE',  ( 1.325000000000000178, 0.8950000000000001288, 0.4949999999999995515 ) ) ;
#7170 = ORIENTED_EDGE ( 'NONE', *, *, #9351, .F. ) ;
#7171 = VERTEX_POINT ( 'NONE', #1775 ) ;
#7172 = CARTESIAN_POINT ( 'NONE',  ( 0.8249999999999999556, 0.4050000000000000266, -0.07499999999999942824 ) ) ;
#7173 = VECTOR ( 'NONE', #10679, 1000.000000000000000 ) ;
#7174 = DIRECTION ( 'NONE',  ( 0.000000000000000000, 0.000000000000000000, 1.000000000000000000 ) ) ;
#7175 = ADVANCED_FACE ( 'NONE', ( #2824 ), #1938, .F. ) ;
#7176 = ORIENTED_EDGE ( 'NONE', *, *, #6725, .T. ) ;
#7177 = ORIENTED_EDGE ( 'NONE', *, *, #7139, .F. ) ;
#7178 = PLANE ( 'NONE',  #7285 ) ;
#7179 = DIRECTION ( 'NONE',  ( 0.000000000000000000, -1.000000000000000000, -1.999553186960971874E-15 ) ) ;
#7180 = DIRECTION ( 'NONE',  ( 0.000000000000000000, -0.000000000000000000, 1.000000000000000000 ) ) ;
#7181 = COLOUR_RGB ( '',1.000000000000000000, 0.8117647058823529438, 0.5019607843137254832 ) ;
#7182 = CARTESIAN_POINT ( 'NONE',  ( 0.6750000000000000444, 0.6800000000000001599, 0.8249999999999999556 ) ) ;
#7183 = EDGE_CURVE ( 'NONE', #5569, #4016, #9675, .T. ) ;
#7184 = LINE ( 'NONE', #10585, #4379 ) ;
#7185 = VECTOR ( 'NONE', #7119, 1000.000000000000000 ) ;
#7186 = DIRECTION ( 'NONE',  ( 0.000000000000000000, -5.421010862427520198E-16, -1.000000000000000000 ) ) ;
#7187 = FACE_OUTER_BOUND ( 'NONE', #6966, .T. ) ;
#7188 = LINE ( 'NONE', #4523, #11059 ) ;
#7189 = STYLED_ITEM ( 'NONE', ( #4736 ), #8210 ) ;
#7190 = CARTESIAN_POINT ( 'NONE',  ( 1.175000000000000044, 0.03000000000000000930, -0.1249999999999994310 ) ) ;
#7191 = FILL_AREA_STYLE ('',( #3580 ) ) ;
#7192 = AXIS2_PLACEMENT_3D ( 'NONE', #4619, #5314, #6188 ) ;
#7193 = CARTESIAN_POINT ( 'NONE',  ( -2.049999999999999822, 0.7500000000000002220, 0.5949999999999996403 ) ) ;
#7194 = ADVANCED_FACE ( 'NONE', ( #2001 ), #10128, .F. ) ;
#7195 = FACE_OUTER_BOUND ( 'NONE', #5633, .T. ) ;
#7196 = EDGE_CURVE ( 'NONE', #9783, #10558, #2058, .T. ) ;
#7197 = DIRECTION ( 'NONE',  ( 0.000000000000000000, 0.000000000000000000, -1.000000000000000000 ) ) ;
#7198 = CARTESIAN_POINT ( 'NONE',  ( -2.104999999999999538, 0.3650000000000002687, 0.1750000000000000444 ) ) ;
#7199 = CARTESIAN_POINT ( 'NONE',  ( 0.6750000000000000444, 0.8950000000000001288, 0.4949999999999995515 ) ) ;
#7200 = VECTOR ( 'NONE', #7250, 1000.000000000000000 ) ;
#7201 = EDGE_CURVE ( 'NONE', #9007, #1671, #4792, .T. ) ;
#7202 = VECTOR ( 'NONE', #3491, 1000.000000000000000 ) ;
#7203 = VECTOR ( 'NONE', #8472, 1000.000000000000000 ) ;
#7204 = EDGE_CURVE ( 'NONE', #302, #1491, #8217, .T. ) ;
#7205 = ADVANCED_FACE ( 'NONE', ( #4861 ), #8324, .T. ) ;
#7206 = EDGE_LOOP ( 'NONE', ( #5036, #4746, #10016, #7636 ) ) ;
#7207 = CARTESIAN_POINT ( 'NONE',  ( -2.254999999999999449, 0.7500000000000001110, -0.004999999999999991430 ) ) ;
#7208 = VECTOR ( 'NONE', #3784, 1000.000000000000000 ) ;
#7209 = CARTESIAN_POINT ( 'NONE',  ( -0.1750000000000000167, 0.3800000000000000044, -0.09999999999999956146 ) ) ;
#7210 = CARTESIAN_POINT ( 'NONE',  ( 2.104999999999999538, 0.3585295238724372502, 0.1991481456572266606 ) ) ;
#7211 = EDGE_LOOP ( 'NONE', ( #10564, #5167, #2094, #4892 ) ) ;
#7212 = DIRECTION ( 'NONE',  ( 0.000000000000000000, 1.000000000000000000, 0.000000000000000000 ) ) ;
#7213 = DIRECTION ( 'NONE',  ( 0.000000000000000000, 0.000000000000000000, -1.000000000000000000 ) ) ;
#7214 = VECTOR ( 'NONE', #10383, 1000.000000000000000 ) ;
#7215 = ORIENTED_EDGE ( 'NONE', *, *, #10718, .F. ) ;
#7216 = ORIENTED_EDGE ( 'NONE', *, *, #3178, .T. ) ;
#7217 = DIRECTION ( 'NONE',  ( 1.000000000000000000, 0.000000000000000000, 0.000000000000000000 ) ) ;
#7218 = ORIENTED_EDGE ( 'NONE', *, *, #1159, .T. ) ;
#7219 = VECTOR ( 'NONE', #10808, 1000.000000000000227 ) ;
#7220 = EDGE_CURVE ( 'NONE', #10556, #4713, #9176, .T. ) ;
#7221 = DIRECTION ( 'NONE',  ( 0.000000000000000000, 0.000000000000000000, 1.000000000000000000 ) ) ;
#7222 = ORIENTED_EDGE ( 'NONE', *, *, #1511, .F. ) ;
#7223 = CARTESIAN_POINT ( 'NONE',  ( -0.1750000000000000167, 0.07499999999999999722, 0.1250000000000005551 ) ) ;
#7224 = ORIENTED_EDGE ( 'NONE', *, *, #8946, .T. ) ;
#7225 = VERTEX_POINT ( 'NONE', #343 ) ;
#7226 = PLANE ( 'NONE',  #10600 ) ;
#7227 = CARTESIAN_POINT ( 'NONE',  ( 2.254999999999999893, 0.5300000000000002487, 0.4449999999999996736 ) ) ;
#7228 = ORIENTED_EDGE ( 'NONE', *, *, #4249, .T. ) ;
#7229 = ADVANCED_FACE ( 'NONE', ( #6433 ), #3942, .F. ) ;
#7230 = VECTOR ( 'NONE', #5896, 999.9999999999998863 ) ;
#7231 = MECHANICAL_DESIGN_GEOMETRIC_PRESENTATION_REPRESENTATION (  '', ( #5925 ), #6109 ) ;
#7232 = VERTEX_POINT ( 'NONE', #5670 ) ;
#7233 = DIRECTION ( 'NONE',  ( 1.000000000000000000, -0.000000000000000000, 1.219727444046192242E-16 ) ) ;
#7234 = ORIENTED_EDGE ( 'NONE', *, *, #9855, .T. ) ;
#7235 = VECTOR ( 'NONE', #8142, 1000.000000000000114 ) ;
#7236 = CARTESIAN_POINT ( 'NONE',  ( -2.375000000000000444, 1.050000000000000044, 2.124999999999999556 ) ) ;
#7237 = AXIS2_PLACEMENT_3D ( 'NONE', #912, #4563, #10844 ) ;
#7238 = EDGE_LOOP ( 'NONE', ( #6507, #298, #485, #10933, #10198, #8412, #9476, #2623, #7050, #3513, #3853 ) ) ;
#7239 = CARTESIAN_POINT ( 'NONE',  ( 0.1750000000000000167, 0.1000000000000001305, -0.07500000000000003886 ) ) ;
#7240 = PLANE ( 'NONE',  #8695 ) ;
#7241 = COLOUR_RGB ( '',1.000000000000000000, 0.8117647058823529438, 0.5019607843137254832 ) ;
#7242 = CARTESIAN_POINT ( 'NONE',  ( -0.8249999999999999556, 0.4249999987231686815, 2.441500001276831089 ) ) ;
#7243 = FACE_OUTER_BOUND ( 'NONE', #62, .T. ) ;
#7244 = EDGE_CURVE ( 'NONE', #8730, #3166, #4607, .T. ) ;
#7245 = AXIS2_PLACEMENT_3D ( 'NONE', #5964, #2463, #5834 ) ;
#7246 = ORIENTED_EDGE ( 'NONE', *, *, #10316, .T. ) ;
#7247 = LINE ( 'NONE', #2977, #9477 ) ;
#7248 = VECTOR ( 'NONE', #4703, 1000.000000000000000 ) ;
#7249 = ORIENTED_EDGE ( 'NONE', *, *, #1813, .T. ) ;
#7250 = DIRECTION ( 'NONE',  ( -1.000000000000000000, -0.000000000000000000, -0.000000000000000000 ) ) ;
#7251 = CARTESIAN_POINT ( 'NONE',  ( 1.175000000000000044, 0.4197467168032661955, 2.540024382298945227 ) ) ;
#7252 = PLANE ( 'NONE',  #6498 ) ;
#7253 = AXIS2_PLACEMENT_3D ( 'NONE', #10672, #11606, #905 ) ;
#7254 = VECTOR ( 'NONE', #9407, 1000.000000000000227 ) ;
#7255 = DIRECTION ( 'NONE',  ( 0.000000000000000000, 1.000000000000000000, 0.000000000000000000 ) ) ;
#7256 = SURFACE_STYLE_FILL_AREA ( #7191 ) ;
#7257 = CARTESIAN_POINT ( 'NONE',  ( 2.049999999999999822, 0.6100000000000000977, -0.2050000000000007649 ) ) ;
#7258 = LINE ( 'NONE', #10869, #479 ) ;
#7259 = CARTESIAN_POINT ( 'NONE',  ( -0.1749999999999998224, 0.8950000000000001288, 0.4949999999999995515 ) ) ;
#7260 = DIRECTION ( 'NONE',  ( 1.000000000000000000, 0.000000000000000000, 6.570922257487897174E-16 ) ) ;
#7261 = AXIS2_PLACEMENT_3D ( 'NONE', #9886, #7149, #7045 ) ;
#7262 = ORIENTED_EDGE ( 'NONE', *, *, #5866, .T. ) ;
#7263 = FACE_OUTER_BOUND ( 'NONE', #10513, .T. ) ;
#7264 = DIRECTION ( 'NONE',  ( 0.000000000000000000, 1.000000000000000000, 1.921950934117575390E-16 ) ) ;
#7265 = AXIS2_PLACEMENT_3D ( 'NONE', #3177, #10229, #8385 ) ;
#7266 = EDGE_CURVE ( 'NONE', #359, #7001, #7557, .T. ) ;
#7267 = EDGE_CURVE ( 'NONE', #8908, #10156, #2844, .T. ) ;
#7268 = CARTESIAN_POINT ( 'NONE',  ( 0.6750000000000000444, 0.07499999999999999722, 0.1250000000000005551 ) ) ;
#7269 = DIRECTION ( 'NONE',  ( 0.000000000000000000, 0.8191520442889922426, -0.5735764363510453823 ) ) ;
#7270 = AXIS2_PLACEMENT_3D ( 'NONE', #10242, #4551, #8162 ) ;
#7271 = FACE_OUTER_BOUND ( 'NONE', #5873, .T. ) ;
#7272 = DIRECTION ( 'NONE',  ( -1.000000000000000000, -0.000000000000000000, -0.000000000000000000 ) ) ;
#7273 = EDGE_CURVE ( 'NONE', #11129, #10008, #1006, .T. ) ;
#7274 = VERTEX_POINT ( 'NONE', #286 ) ;
#7275 = CARTESIAN_POINT ( 'NONE',  ( -0.8249999999999999556, 0.08000000000000001554, -0.1749999999999994893 ) ) ;
#7276 = VECTOR ( 'NONE', #1530, 999.9999999999998863 ) ;
#7277 = VECTOR ( 'NONE', #10764, 1000.000000000000000 ) ;
#7278 = EDGE_CURVE ( 'NONE', #6694, #10904, #3421, .T. ) ;
#7279 = EDGE_LOOP ( 'NONE', ( #9510, #9578, #8669, #7928 ) ) ;
#7280 = ADVANCED_FACE ( 'NONE', ( #9223 ), #1064, .F. ) ;
#7281 = FACE_OUTER_BOUND ( 'NONE', #10772, .T. ) ;
#7282 = ORIENTED_EDGE ( 'NONE', *, *, #10213, .F. ) ;
#7283 = DIRECTION ( 'NONE',  ( -0.000000000000000000, 0.7071067811865457964, 0.7071067811865492381 ) ) ;
#7284 = ADVANCED_FACE ( 'NONE', ( #10935 ), #7382, .F. ) ;
#7285 = AXIS2_PLACEMENT_3D ( 'NONE', #5470, #3686, #11546 ) ;
#7286 = LINE ( 'NONE', #9421, #8885 ) ;
#7287 = ORIENTED_EDGE ( 'NONE', *, *, #1781, .T. ) ;
#7288 = DIRECTION ( 'NONE',  ( -0.000000000000000000, 1.000000000000000000, -0.000000000000000000 ) ) ;
#7289 = DIRECTION ( 'NONE',  ( -1.000000000000000000, -0.000000000000000000, -0.000000000000000000 ) ) ;
#7290 = ORIENTED_EDGE ( 'NONE', *, *, #4838, .T. ) ;
#7291 = ADVANCED_FACE ( 'NONE', ( #4719 ), #1349, .F. ) ;
#7292 = VECTOR ( 'NONE', #2237, 1000.000000000000000 ) ;
#7293 = VECTOR ( 'NONE', #7931, 1000.000000000000000 ) ;
#7294 = ORIENTED_EDGE ( 'NONE', *, *, #50, .T. ) ;
#7295 = CARTESIAN_POINT ( 'NONE',  ( 0.1750000000000000167, 0.4050000000000000266, -0.07499999999999942824 ) ) ;
#7296 = ORIENTED_EDGE ( 'NONE', *, *, #5273, .T. ) ;
#7297 = CARTESIAN_POINT ( 'NONE',  ( -0.6750000000000000444, 0.08000000000000001554, -0.1749999999999994893 ) ) ;
#7298 = CARTESIAN_POINT ( 'NONE',  ( -0.1750000000000000167, 8.735352324927245566E-18, 0.1500000000000005496 ) ) ;
#7299 = EDGE_LOOP ( 'NONE', ( #10649, #7042, #2448, #11000 ) ) ;
#7300 = PLANE ( 'NONE',  #1233 ) ;
#7301 = ORIENTED_EDGE ( 'NONE', *, *, #2439, .F. ) ;
#7302 = ORIENTED_EDGE ( 'NONE', *, *, #9828, .T. ) ;
#7303 = DIRECTION ( 'NONE',  ( 0.000000000000000000, 0.000000000000000000, 1.000000000000000000 ) ) ;
#7304 = PLANE ( 'NONE',  #1718 ) ;
#7305 = ORIENTED_EDGE ( 'NONE', *, *, #3635, .T. ) ;
#7306 = CARTESIAN_POINT ( 'NONE',  ( 0.6750000000000000444, 0.03000000000000000930, -0.1249999999999994310 ) ) ;
#7307 = LINE ( 'NONE', #6366, #5950 ) ;
#7308 = DIRECTION ( 'NONE',  ( 0.000000000000000000, 0.000000000000000000, 1.000000000000000000 ) ) ;
#7309 = VECTOR ( 'NONE', #7407, 1000.000000000000000 ) ;
#7310 = EDGE_LOOP ( 'NONE', ( #7774, #5128, #5304, #2488 ) ) ;
#7311 = CARTESIAN_POINT ( 'NONE',  ( -0.1750000000000000167, 0.4197467168032661955, 2.540024382298945227 ) ) ;
#7312 = CARTESIAN_POINT ( 'NONE',  ( -0.1750000000000000167, 0.4197467168032661955, 2.540024382298945227 ) ) ;
#7313 = CARTESIAN_POINT ( 'NONE',  ( 0.3250000000000000111, 0.3800000000000000044, -0.09999999999999956146 ) ) ;
#7314 = CARTESIAN_POINT ( 'NONE',  ( -1.324999999999999956, 0.6910569165342941300, 2.517345373982429635 ) ) ;
#7315 = CARTESIAN_POINT ( 'NONE',  ( -1.324999999999999956, 0.3350000000000001310, 2.125000000000000000 ) ) ;
#7316 = CARTESIAN_POINT ( 'NONE',  ( 0.8249999999999999556, 0.3614999999999998215, 2.441500001276831089 ) ) ;
#7317 = CARTESIAN_POINT ( 'NONE',  ( 1.684999999999999831, 0.1000000000000001305, -0.07500000000000006661 ) ) ;
#7318 = DIRECTION ( 'NONE',  ( 0.000000000000000000, 7.228014483236697541E-16, -1.000000000000000000 ) ) ;
#7319 = DIRECTION ( 'NONE',  ( 0.000000000000000000, 0.000000000000000000, 1.000000000000000000 ) ) ;
#7320 = AXIS2_PLACEMENT_3D ( 'NONE', #2883, #6490, #2947 ) ;
#7321 = DIRECTION ( 'NONE',  ( 1.000000000000000000, -0.000000000000000000, -1.219727444046192242E-16 ) ) ;
#7322 = ORIENTED_EDGE ( 'NONE', *, *, #2649, .T. ) ;
#7323 = DIRECTION ( 'NONE',  ( -1.000000000000000000, -0.000000000000000000, -0.000000000000000000 ) ) ;
#7324 = CARTESIAN_POINT ( 'NONE',  ( 2.049999999999999822, 0.7500000000000006661, -0.5049999999999993383 ) ) ;
#7325 = ORIENTED_EDGE ( 'NONE', *, *, #3483, .F. ) ;
#7326 = CARTESIAN_POINT ( 'NONE',  ( -0.3250000000000000111, 0.08000000000000000167, -0.1749999999999994893 ) ) ;
#7327 = DIRECTION ( 'NONE',  ( 0.000000000000000000, 0.000000000000000000, -1.000000000000000000 ) ) ;
#7328 = DIRECTION ( 'NONE',  ( 0.000000000000000000, 1.999553186960971874E-15, -1.000000000000000000 ) ) ;
#7329 = EDGE_LOOP ( 'NONE', ( #10005, #1250, #10683, #6881, #6437, #9499, #2004 ) ) ;
#7330 = ORIENTED_EDGE ( 'NONE', *, *, #1836, .F. ) ;
#7331 = FACE_OUTER_BOUND ( 'NONE', #9670, .T. ) ;
#7332 = CARTESIAN_POINT ( 'NONE',  ( 0.8249999999999999556, 0.3615000000000000990, 2.125000000000000000 ) ) ;
#7333 = ADVANCED_FACE ( 'NONE', ( #5102 ), #8705, .F. ) ;
#7334 = VERTEX_POINT ( 'NONE', #4918 ) ;
#7335 = FACE_OUTER_BOUND ( 'NONE', #375, .T. ) ;
#7336 = AXIS2_PLACEMENT_3D ( 'NONE', #10084, #3791, #5581 ) ;
#7337 = LINE ( 'NONE', #299, #11593 ) ;
#7338 = CARTESIAN_POINT ( 'NONE',  ( -2.104999999999999982, 0.000000000000000000, 2.724999999999276667 ) ) ;
#7339 = EDGE_CURVE ( 'NONE', #136, #563, #1531, .T. ) ;
#7340 = ADVANCED_FACE ( 'NONE', ( #10545 ), #658, .F. ) ;
#7341 = DIRECTION ( 'NONE',  ( 0.000000000000000000, 5.421010862427520198E-16, 1.000000000000000000 ) ) ;
#7342 = VERTEX_POINT ( 'NONE', #5042 ) ;
#7343 = DIRECTION ( 'NONE',  ( -0.000000000000000000, -0.000000000000000000, -1.000000000000000000 ) ) ;
#7344 = ORIENTED_EDGE ( 'NONE', *, *, #10930, .F. ) ;
#7345 = CLOSED_SHELL ( 'NONE', ( #7859, #5541, #9529, #6559, #3216, #8356, #5686, #7877, #3316, #2163, #1189, #11203, #10095 ) ) ;
#7346 = DIRECTION ( 'NONE',  ( -1.000000000000000000, -0.000000000000000000, -0.000000000000000000 ) ) ;
#7347 = ADVANCED_FACE ( 'NONE', ( #10364 ), #4002, .F. ) ;
#7348 = DIRECTION ( 'NONE',  ( 0.000000000000000000, 0.000000000000000000, 1.000000000000000000 ) ) ;
#7349 = ADVANCED_FACE ( 'NONE', ( #3308 ), #1477, .F. ) ;
#7350 = DIRECTION ( 'NONE',  ( -1.000000000000000000, -0.000000000000000000, -0.000000000000000000 ) ) ;
#7351 = EDGE_LOOP ( 'NONE', ( #8404, #9320, #11615, #8463 ) ) ;
#7352 = DIRECTION ( 'NONE',  ( 0.000000000000000000, 0.000000000000000000, 1.000000000000000000 ) ) ;
#7353 = CARTESIAN_POINT ( 'NONE',  ( 0.1750000000000000167, 0.6999090492244378625, 2.541666408662616394 ) ) ;
#7354 = ADVANCED_FACE ( 'NONE', ( #7874 ), #2244, .F. ) ;
#7355 = VERTEX_POINT ( 'NONE', #3187 ) ;
#7356 = VERTEX_POINT ( 'NONE', #6932 ) ;
#7357 = DIRECTION ( 'NONE',  ( 0.000000000000000000, 0.000000000000000000, -1.000000000000000000 ) ) ;
#7358 = CIRCLE ( 'NONE', #1304, 0.05000000000003655687 ) ;
#7359 = DIRECTION ( 'NONE',  ( 0.000000000000000000, 1.000000000000000000, 1.921950934117575143E-16 ) ) ;
#7360 = DIRECTION ( 'NONE',  ( 0.000000000000000000, 1.000000000000000000, 0.000000000000000000 ) ) ;
#7361 = CYLINDRICAL_SURFACE ( 'NONE', #5753, 0.05000000000003655687 ) ;
#7362 = EDGE_CURVE ( 'NONE', #6183, #3437, #3365, .T. ) ;
#7363 = ORIENTED_EDGE ( 'NONE', *, *, #987, .T. ) ;
#7364 = PLANE ( 'NONE',  #4777 ) ;
#7365 = CARTESIAN_POINT ( 'NONE',  ( 2.049999999999999822, 0.6800000000000001599, 0.3949999999999996292 ) ) ;
#7366 = DIRECTION ( 'NONE',  ( 0.000000000000000000, 5.421010862427520198E-16, 1.000000000000000000 ) ) ;
#7367 = CARTESIAN_POINT ( 'NONE',  ( -2.104999999999999538, 0.7500000000000001110, -0.004999999999999972349 ) ) ;
#7368 = LINE ( 'NONE', #7317, #11053 ) ;
#7369 =( GEOMETRIC_REPRESENTATION_CONTEXT ( 3 ) GLOBAL_UNCERTAINTY_ASSIGNED_CONTEXT ( ( #6737 ) ) GLOBAL_UNIT_ASSIGNED_CONTEXT ( ( #8368, #7423, #11136 ) ) REPRESENTATION_CONTEXT ( 'NONE', 'WORKASPACE' ) );
#7370 = DIRECTION ( 'NONE',  ( 1.000000000000000000, -0.000000000000000000, -0.000000000000000000 ) ) ;
#7371 = EDGE_CURVE ( 'NONE', #7957, #7065, #10617, .T. ) ;
#7372 = DIRECTION ( 'NONE',  ( 1.000000000000000000, 0.000000000000000000, 0.000000000000000000 ) ) ;
#7373 = LINE ( 'NONE', #2764, #5711 ) ;
#7374 = DIRECTION ( 'NONE',  ( 0.000000000000000000, -1.000000000000000000, 0.000000000000000000 ) ) ;
#7375 = DIRECTION ( 'NONE',  ( 1.000000000000000000, 0.000000000000000000, -1.109158232721743510E-16 ) ) ;
#7376 = CIRCLE ( 'NONE', #1331, 0.02499999999999984873 ) ;
#7377 = VECTOR ( 'NONE', #3780, 1000.000000000000000 ) ;
#7378 = VERTEX_POINT ( 'NONE', #5161 ) ;
#7379 = LINE ( 'NONE', #2949, #2948 ) ;
#7380 = LINE ( 'NONE', #2182, #1222 ) ;
#7381 = VERTEX_POINT ( 'NONE', #7623 ) ;
#7382 = PLANE ( 'NONE',  #3599 ) ;
#7383 = SURFACE_STYLE_USAGE ( .BOTH. , #9054 ) ;
#7384 = VECTOR ( 'NONE', #2837, 1000.000000000000227 ) ;
#7385 = AXIS2_PLACEMENT_3D ( 'NONE', #5387, #6317, #711 ) ;
#7386 = LINE ( 'NONE', #10995, #3310 ) ;
#7387 = ORIENTED_EDGE ( 'NONE', *, *, #11559, .T. ) ;
#7388 = ORIENTED_EDGE ( 'NONE', *, *, #6008, .T. ) ;
#7389 = VECTOR ( 'NONE', #10762, 1000.000000000000000 ) ;
#7390 = EDGE_CURVE ( 'NONE', #2224, #1563, #4124, .T. ) ;
#7391 = DIRECTION ( 'NONE',  ( 0.000000000000000000, 0.000000000000000000, 1.000000000000000000 ) ) ;
#7392 = VECTOR ( 'NONE', #159, 1000.000000000000000 ) ;
#7393 = AXIS2_PLACEMENT_3D ( 'NONE', #4230, #3289, #4114 ) ;
#7394 = ORIENTED_EDGE ( 'NONE', *, *, #178, .T. ) ;
#7395 = CARTESIAN_POINT ( 'NONE',  ( 2.254999999999999893, 1.000000000000000222, 1.799999999999277289 ) ) ;
#7396 = DIRECTION ( 'NONE',  ( 0.000000000000000000, -0.08715574274767398655, -0.9961946980917439909 ) ) ;
#7397 = DIRECTION ( 'NONE',  ( -0.000000000000000000, -1.000000000000000000, -0.000000000000000000 ) ) ;
#7398 = ORIENTED_EDGE ( 'NONE', *, *, #11614, .T. ) ;
#7399 = VECTOR ( 'NONE', #3804, 1000.000000000000000 ) ;
#7400 = CARTESIAN_POINT ( 'NONE',  ( 2.254999999999999449, 0.2900000000000002021, 0.8249999999999999556 ) ) ;
#7401 = ORIENTED_EDGE ( 'NONE', *, *, #59, .F. ) ;
#7402 = PLANE ( 'NONE',  #2389 ) ;
#7403 = DIRECTION ( 'NONE',  ( 0.000000000000000000, -5.421010862427520198E-16, -1.000000000000000000 ) ) ;
#7404 = EDGE_CURVE ( 'NONE', #6230, #10187, #6747, .T. ) ;
#7405 = EDGE_CURVE ( 'NONE', #5762, #1563, #6805, .T. ) ;
#7406 = DIRECTION ( 'NONE',  ( 0.000000000000000000, 1.000000000000000000, 0.000000000000000000 ) ) ;
#7407 = DIRECTION ( 'NONE',  ( 0.000000000000000000, -3.439160614977207662E-32, -1.000000000000000000 ) ) ;
#7408 = VERTEX_POINT ( 'NONE', #8645 ) ;
#7409 = DIRECTION ( 'NONE',  ( -1.000000000000000000, -0.000000000000000000, -0.000000000000000000 ) ) ;
#7410 = DIRECTION ( 'NONE',  ( -1.000000000000000000, -0.000000000000000000, -0.000000000000000000 ) ) ;
#7411 = ORIENTED_EDGE ( 'NONE', *, *, #10766, .F. ) ;
#7412 = AXIS2_PLACEMENT_3D ( 'NONE', #5213, #4117, #3471 ) ;
#7413 = ORIENTED_EDGE ( 'NONE', *, *, #641, .T. ) ;
#7414 = LINE ( 'NONE', #5588, #3454 ) ;
#7415 = EDGE_CURVE ( 'NONE', #2164, #4805, #11347, .T. ) ;
#7416 = ORIENTED_EDGE ( 'NONE', *, *, #6610, .F. ) ;
#7417 = DIRECTION ( 'NONE',  ( -1.000000000000000000, -0.000000000000000000, -0.000000000000000000 ) ) ;
#7418 = CARTESIAN_POINT ( 'NONE',  ( -1.175000000000000044, 0.6800000000000001599, 0.8249999999999999556 ) ) ;
#7419 = ORIENTED_EDGE ( 'NONE', *, *, #2249, .F. ) ;
#7420 = ADVANCED_FACE ( 'NONE', ( #6871 ), #2311, .F. ) ;
#7421 = CARTESIAN_POINT ( 'NONE',  ( 0.6750000000000000444, 0.6800000000000001599, 0.4949999999999995515 ) ) ;
#7422 = EDGE_CURVE ( 'NONE', #11077, #10243, #527, .T. ) ;
#7423 =( NAMED_UNIT ( * ) PLANE_ANGLE_UNIT ( ) SI_UNIT ( $, .RADIAN. ) );
#7424 = EDGE_CURVE ( 'NONE', #9468, #1472, #9882, .T. ) ;
#7425 = AXIS2_PLACEMENT_3D ( 'NONE', #10517, #10568, #2455 ) ;
#7426 = ORIENTED_EDGE ( 'NONE', *, *, #4245, .T. ) ;
#7427 = LINE ( 'NONE', #3870, #5374 ) ;
#7428 = CARTESIAN_POINT ( 'NONE',  ( -2.104999999999999982, 0.9250000000001167288, 2.624999999999276135 ) ) ;
#7429 = VECTOR ( 'NONE', #3148, 1000.000000000000000 ) ;
#7430 = CARTESIAN_POINT ( 'NONE',  ( 2.254999999999999893, 0.8214213562373096078, 0.4949999999999995515 ) ) ;
#7431 = CARTESIAN_POINT ( 'NONE',  ( 0.8249999999999999556, 0.3800000000000000044, -0.1749999999999994060 ) ) ;
#7432 = DIRECTION ( 'NONE',  ( 1.000000000000000000, -0.000000000000000000, -1.219727444046192242E-16 ) ) ;
#7433 = VECTOR ( 'NONE', #2615, 1000.000000000000114 ) ;
#7434 = CARTESIAN_POINT ( 'NONE',  ( 0.1750000000000000167, 0.3800000000000000044, -0.1749999999999994060 ) ) ;
#7435 = DIRECTION ( 'NONE',  ( 3.684434515415973405E-33, 1.000000000000000000, 3.020703136098691163E-17 ) ) ;
#7436 = VECTOR ( 'NONE', #7714, 1000.000000000000000 ) ;
#7437 = DIRECTION ( 'NONE',  ( -1.000000000000000000, -0.000000000000000000, -0.000000000000000000 ) ) ;
#7438 = EDGE_CURVE ( 'NONE', #9897, #4988, #1762, .T. ) ;
#7439 = DIRECTION ( 'NONE',  ( -1.000000000000000000, 0.000000000000000000, 4.818676322157796389E-16 ) ) ;
#7440 = PLANE ( 'NONE',  #666 ) ;
#7441 = AXIS2_PLACEMENT_3D ( 'NONE', #10356, #10301, #395 ) ;
#7442 = AXIS2_PLACEMENT_3D ( 'NONE', #9195, #1960, #1083 ) ;
#7443 = DIRECTION ( 'NONE',  ( 1.000000000000000000, 0.000000000000000000, 0.000000000000000000 ) ) ;
#7444 = CARTESIAN_POINT ( 'NONE',  ( 2.049999999999999822, 0.4099999999999999756, -0.2050000000000007649 ) ) ;
#7445 = ORIENTED_EDGE ( 'NONE', *, *, #7646, .F. ) ;
#7446 = VECTOR ( 'NONE', #1290, 1000.000000000000000 ) ;
#7447 = CARTESIAN_POINT ( 'NONE',  ( -1.324999999999999956, 0.6910569165342943521, 2.517345373982429635 ) ) ;
#7448 = CARTESIAN_POINT ( 'NONE',  ( -1.855000000000000870, 0.3350000000000001310, 3.025000000000000355 ) ) ;
#7449 = ORIENTED_EDGE ( 'NONE', *, *, #11095, .F. ) ;
#7450 = DIRECTION ( 'NONE',  ( -1.000000000000000000, -0.000000000000000000, -0.000000000000000000 ) ) ;
#7451 = AXIS2_PLACEMENT_3D ( 'NONE', #8864, #6146, #5032 ) ;
#7452 = ORIENTED_EDGE ( 'NONE', *, *, #8338, .F. ) ;
#7453 = DIRECTION ( 'NONE',  ( 1.000000000000000000, 0.000000000000000000, 0.000000000000000000 ) ) ;
#7454 = VERTEX_POINT ( 'NONE', #8094 ) ;
#7455 = LINE ( 'NONE', #1013, #1592 ) ;
#7456 = CARTESIAN_POINT ( 'NONE',  ( 1.175000000000000044, 0.4050000000000000266, -0.07499999999999942824 ) ) ;
#7457 = VERTEX_POINT ( 'NONE', #10765 ) ;
#7458 = VERTEX_POINT ( 'NONE', #9712 ) ;
#7459 = AXIS2_PLACEMENT_3D ( 'NONE', #1216, #6668, #3223 ) ;
#7460 = CARTESIAN_POINT ( 'NONE',  ( 1.324999999999999956, 0.000000000000000000, 0.2250000000000005052 ) ) ;
#7461 = DIRECTION ( 'NONE',  ( 1.000000000000000000, -0.000000000000000000, -1.219727444046192242E-16 ) ) ;
#7462 = ADVANCED_FACE ( 'NONE', ( #7919 ), #827, .F. ) ;
#7463 = LINE ( 'NONE', #10142, #6627 ) ;
#7464 = EDGE_LOOP ( 'NONE', ( #1595, #11475, #4255, #4204 ) ) ;
#7465 = AXIS2_PLACEMENT_3D ( 'NONE', #5040, #526, #6251 ) ;
#7466 = DIRECTION ( 'NONE',  ( 0.000000000000000000, -0.000000000000000000, 1.000000000000000000 ) ) ;
#7467 = VECTOR ( 'NONE', #5768, 1000.000000000000000 ) ;
#7468 = DIRECTION ( 'NONE',  ( 0.000000000000000000, 0.000000000000000000, -1.000000000000000000 ) ) ;
#7469 = ORIENTED_EDGE ( 'NONE', *, *, #2321, .T. ) ;
#7470 = VERTEX_POINT ( 'NONE', #6253 ) ;
#7471 = FACE_OUTER_BOUND ( 'NONE', #4767, .T. ) ;
#7472 = CARTESIAN_POINT ( 'NONE',  ( 2.049999999999999822, 0.6800000000000001599, 0.5949999999999996403 ) ) ;
#7473 = EDGE_LOOP ( 'NONE', ( #6294, #2516, #10725, #6505 ) ) ;
#7474 = ORIENTED_EDGE ( 'NONE', *, *, #3907, .T. ) ;
#7475 = FACE_OUTER_BOUND ( 'NONE', #11055, .T. ) ;
#7476 = VECTOR ( 'NONE', #7806, 1000.000000000000000 ) ;
#7477 = CIRCLE ( 'NONE', #8636, 0.02499999999999990424 ) ;
#7478 = ORIENTED_EDGE ( 'NONE', *, *, #917, .T. ) ;
#7479 = CARTESIAN_POINT ( 'NONE',  ( -1.324999999999999956, 0.6800000000000001599, 0.4949999999999995515 ) ) ;
#7480 = ORIENTED_EDGE ( 'NONE', *, *, #9024, .T. ) ;
#7481 = EDGE_CURVE ( 'NONE', #5076, #8512, #8141, .T. ) ;
#7482 = EDGE_CURVE ( 'NONE', #3440, #1624, #4300, .T. ) ;
#7483 = VECTOR ( 'NONE', #1112, 1000.000000000000000 ) ;
#7484 = EDGE_CURVE ( 'NONE', #8341, #8767, #3037, .T. ) ;
#7485 = DIRECTION ( 'NONE',  ( 0.000000000000000000, -1.000000000000000000, 0.000000000000000000 ) ) ;
#7486 = ADVANCED_FACE ( 'NONE', ( #1703 ), #6153, .F. ) ;
#7487 = LINE ( 'NONE', #3926, #5528 ) ;
#7488 = DIRECTION ( 'NONE',  ( -1.000000000000000000, 0.000000000000000000, -1.219727444046192242E-16 ) ) ;
#7489 = ADVANCED_FACE ( 'NONE', ( #8994 ), #11525, .F. ) ;
#7490 = DIRECTION ( 'NONE',  ( 1.109158232721743510E-16, -0.000000000000000000, 1.000000000000000000 ) ) ;
#7491 = DIRECTION ( 'NONE',  ( -1.000000000000000000, -0.000000000000000000, -0.000000000000000000 ) ) ;
#7492 = LINE ( 'NONE', #2814, #10130 ) ;
#7493 = DIRECTION ( 'NONE',  ( 0.000000000000000000, 1.000000000000000000, 0.000000000000000000 ) ) ;
#7494 = EDGE_CURVE ( 'NONE', #2160, #9122, #11642, .T. ) ;
#7495 = EDGE_CURVE ( 'NONE', #2085, #7107, #4482, .T. ) ;
#7496 = CARTESIAN_POINT ( 'NONE',  ( -2.499999999999999556, 1.050000000000000044, 2.125000000000000000 ) ) ;
#7497 = DIRECTION ( 'NONE',  ( 1.000000000000000000, -0.000000000000000000, -1.219727444046192242E-16 ) ) ;
#7498 = CARTESIAN_POINT ( 'NONE',  ( -2.254999999999999893, 1.510351568049345582E-17, 2.224999999999276667 ) ) ;
#7499 =( GEOMETRIC_REPRESENTATION_CONTEXT ( 3 ) GLOBAL_UNCERTAINTY_ASSIGNED_CONTEXT ( ( #2103 ) ) GLOBAL_UNIT_ASSIGNED_CONTEXT ( ( #6454, #31, #2910 ) ) REPRESENTATION_CONTEXT ( 'NONE', 'WORKASPACE' ) );
#7500 = CYLINDRICAL_SURFACE ( 'NONE', #8397, 0.07499999999999998335 ) ;
#7501 = ORIENTED_EDGE ( 'NONE', *, *, #5172, .T. ) ;
#7502 = CARTESIAN_POINT ( 'NONE',  ( -2.104999999999999538, 0.5264718102130367949, 0.2441481456572267561 ) ) ;
#7503 = ADVANCED_FACE ( 'NONE', ( #4367 ), #2536, .F. ) ;
#7504 = DIRECTION ( 'NONE',  ( 0.000000000000000000, -0.08715574274767398655, -0.9961946980917439909 ) ) ;
#7505 = ORIENTED_EDGE ( 'NONE', *, *, #4975, .T. ) ;
#7506 = ADVANCED_FACE ( 'NONE', ( #1819 ), #5438, .F. ) ;
#7507 = CARTESIAN_POINT ( 'NONE',  ( 1.324999999999999956, 0.6910569165342943521, 2.517345373982429635 ) ) ;
#7508 = LINE ( 'NONE', #4919, #8021 ) ;
#7509 = ORIENTED_EDGE ( 'NONE', *, *, #10763, .F. ) ;
#7510 = CARTESIAN_POINT ( 'NONE',  ( -1.324999999999999956, 0.7408666514389177227, 2.512987586845043531 ) ) ;
#7511 = EDGE_LOOP ( 'NONE', ( #549, #7976, #7246, #910 ) ) ;
#7512 = CARTESIAN_POINT ( 'NONE',  ( 0.1750000000000000167, 0.4249999987231686815, 2.505000000000000338 ) ) ;
#7513 = ORIENTED_EDGE ( 'NONE', *, *, #5158, .T. ) ;
#7514 = ORIENTED_EDGE ( 'NONE', *, *, #6889, .F. ) ;
#7515 = DIRECTION ( 'NONE',  ( 0.000000000000000000, 0.000000000000000000, 1.000000000000000000 ) ) ;
#7516 = CARTESIAN_POINT ( 'NONE',  ( 0.8249999999999999556, 0.03000000000000000930, -0.1249999999999994310 ) ) ;
#7517 =( NAMED_UNIT ( * ) SI_UNIT ( $, .STERADIAN. ) SOLID_ANGLE_UNIT ( ) );
#7518 = ORIENTED_EDGE ( 'NONE', *, *, #11135, .F. ) ;
#7519 = ADVANCED_FACE ( 'NONE', ( #7978 ), #10652, .F. ) ;
#7520 = ORIENTED_EDGE ( 'NONE', *, *, #5422, .F. ) ;
#7521 = LINE ( 'NONE', #360, #3280 ) ;
#7522 = ORIENTED_EDGE ( 'NONE', *, *, #2321, .F. ) ;
#7523 = DIRECTION ( 'NONE',  ( 0.000000000000000000, -1.000000000000000000, -1.355252715606876598E-16 ) ) ;
#7524 = EDGE_LOOP ( 'NONE', ( #2015, #8525, #10572, #3998 ) ) ;
#7525 = CARTESIAN_POINT ( 'NONE',  ( -2.254999999999999449, 0.3585295238724372502, 0.1991481456572266606 ) ) ;
#7526 = ORIENTED_EDGE ( 'NONE', *, *, #10275, .T. ) ;
#7527 = DIRECTION ( 'NONE',  ( 1.000000000000000000, -0.000000000000000000, -1.219727444046192242E-16 ) ) ;
#7528 = ORIENTED_EDGE ( 'NONE', *, *, #3232, .F. ) ;
#7529 = EDGE_LOOP ( 'NONE', ( #3485, #2401, #3494, #2727 ) ) ;
#7530 = FACE_OUTER_BOUND ( 'NONE', #9327, .T. ) ;
#7531 = ORIENTED_EDGE ( 'NONE', *, *, #15, .F. ) ;
#7532 = PRESENTATION_STYLE_ASSIGNMENT (( #557 ) ) ;
#7533 = VERTEX_POINT ( 'NONE', #6090 ) ;
#7534 = LINE ( 'NONE', #8197, #11173 ) ;
#7535 = ORIENTED_EDGE ( 'NONE', *, *, #3296, .T. ) ;
#7536 = ADVANCED_FACE ( 'NONE', ( #11588 ), #9774, .F. ) ;
#7537 = STYLED_ITEM ( 'NONE', ( #3458 ), #4102 ) ;
#7538 = CLOSED_SHELL ( 'NONE', ( #3402, #8270, #10759, #4560, #3948, #2353, #11353, #2862, #6779 ) ) ;
#7539 = EDGE_CURVE ( 'NONE', #9235, #5193, #763, .T. ) ;
#7540 = DIRECTION ( 'NONE',  ( 0.000000000000000000, 1.000000000000000000, -0.000000000000000000 ) ) ;
#7541 = CARTESIAN_POINT ( 'NONE',  ( -1.175000000000000044, 0.08000000000000001554, -0.1749999999999994893 ) ) ;
#7542 = CARTESIAN_POINT ( 'NONE',  ( -2.104999999999999538, 0.3400000000000003575, 0.1750000000000000444 ) ) ;
#7543 = PLANE ( 'NONE',  #23 ) ;
#7544 = CARTESIAN_POINT ( 'NONE',  ( 2.104999999999999538, 0.5329422863405998134, 0.2200000000000001676 ) ) ;
#7545 = CARTESIAN_POINT ( 'NONE',  ( -0.8249999999999997335, 0.6800000000000001599, 0.5949999999999996403 ) ) ;
#7546 = DIRECTION ( 'NONE',  ( 0.000000000000000000, 1.000000000000000000, 9.035018104045866996E-16 ) ) ;
#7547 =( NAMED_UNIT ( * ) PLANE_ANGLE_UNIT ( ) SI_UNIT ( $, .RADIAN. ) );
#7548 = CARTESIAN_POINT ( 'NONE',  ( -2.254999999999999449, 0.9000000000000002442, 2.124999999999999556 ) ) ;
#7549 = AXIS2_PLACEMENT_3D ( 'NONE', #3111, #6729, #2984 ) ;
#7550 = EDGE_CURVE ( 'NONE', #1665, #4138, #6848, .T. ) ;
#7551 = EDGE_CURVE ( 'NONE', #6814, #7762, #9270, .T. ) ;
#7552 = CARTESIAN_POINT ( 'NONE',  ( -2.254999999999999893, 0.6800000000000001599, 0.4449999999999996736 ) ) ;
#7553 = CARTESIAN_POINT ( 'NONE',  ( 0.3250000000000000111, 0.7250000000000001998, 2.577500000000000568 ) ) ;
#7554 = ORIENTED_EDGE ( 'NONE', *, *, #1795, .F. ) ;
#7555 = CARTESIAN_POINT ( 'NONE',  ( 1.011615755853000211E-16, 0.000000000000000000, 0.8250000000000001776 ) ) ;
#7556 = CARTESIAN_POINT ( 'NONE',  ( -1.175000000000000044, 0.3615000000000000990, 2.125000000000000000 ) ) ;
#7557 = LINE ( 'NONE', #8396, #8918 ) ;
#7558 = EDGE_CURVE ( 'NONE', #2219, #6939, #7033, .T. ) ;
#7559 = ORIENTED_EDGE ( 'NONE', *, *, #10041, .T. ) ;
#7560 = VECTOR ( 'NONE', #7753, 1000.000000000000000 ) ;
#7561 = CARTESIAN_POINT ( 'NONE',  ( 0.1750000000000000167, 0.7250000000000001998, 2.577500000000000568 ) ) ;
#7562 = ORIENTED_EDGE ( 'NONE', *, *, #2299, .T. ) ;
#7563 = ADVANCED_FACE ( 'NONE', ( #3705 ), #9340, .F. ) ;
#7564 = VECTOR ( 'NONE', #3377, 1000.000000000000114 ) ;
#7565 = EDGE_CURVE ( 'NONE', #4219, #1727, #2988, .T. ) ;
#7566 = LINE ( 'NONE', #7456, #2038 ) ;
#7567 = ORIENTED_EDGE ( 'NONE', *, *, #4078, .T. ) ;
#7568 = EDGE_LOOP ( 'NONE', ( #2994, #7836, #4, #6175 ) ) ;
#7569 =( GEOMETRIC_REPRESENTATION_CONTEXT ( 3 ) GLOBAL_UNCERTAINTY_ASSIGNED_CONTEXT ( ( #4854 ) ) GLOBAL_UNIT_ASSIGNED_CONTEXT ( ( #6289, #1841, #2734 ) ) REPRESENTATION_CONTEXT ( 'NONE', 'WORKASPACE' ) );
#7570 = CARTESIAN_POINT ( 'NONE',  ( 0.000000000000000000, 0.6800000000000001599, 0.000000000000000000 ) ) ;
#7571 = VECTOR ( 'NONE', #11537, 1000.000000000000000 ) ;
#7572 = CARTESIAN_POINT ( 'NONE',  ( -0.1750000000000000167, 0.03000000000000000930, -0.1249999999999994310 ) ) ;
#7573 = CARTESIAN_POINT ( 'NONE',  ( 1.324999999999999956, 0.1000000000000001305, -0.07500000000000003886 ) ) ;
#7574 = ORIENTED_EDGE ( 'NONE', *, *, #11418, .F. ) ;
#7575 = EDGE_CURVE ( 'NONE', #8429, #8560, #1218, .T. ) ;
#7576 = CARTESIAN_POINT ( 'NONE',  ( -1.175000000000000044, 0.07500000000000001110, 0.1500000000000005496 ) ) ;
#7577 = COLOUR_RGB ( '',1.000000000000000000, 0.8117647058823529438, 0.5019607843137254832 ) ;
#7578 = VECTOR ( 'NONE', #3406, 1000.000000000000000 ) ;
#7579 = VERTEX_POINT ( 'NONE', #6483 ) ;
#7580 = CARTESIAN_POINT ( 'NONE',  ( 1.684999999999999831, 0.05000000000000012768, -0.07499999999999994171 ) ) ;
#7581 = ORIENTED_EDGE ( 'NONE', *, *, #7997, .T. ) ;
#7582 = CARTESIAN_POINT ( 'NONE',  ( 0.1750000000000000167, 0.4249999987231687371, 2.517714491643439079 ) ) ;
#7583 = CARTESIAN_POINT ( 'NONE',  ( 1.175000000000000044, 0.4197467168032661955, 2.540024382298945227 ) ) ;
#7584 = EDGE_LOOP ( 'NONE', ( #11452, #1033, #3274, #5363, #6607 ) ) ;
#7585 = ORIENTED_EDGE ( 'NONE', *, *, #1578, .F. ) ;
#7586 = FACE_OUTER_BOUND ( 'NONE', #4256, .T. ) ;
#7587 = VECTOR ( 'NONE', #8926, 1000.000000000000000 ) ;
#7588 = VECTOR ( 'NONE', #1319, 1000.000000000000000 ) ;
#7589 =( NAMED_UNIT ( * ) SI_UNIT ( $, .STERADIAN. ) SOLID_ANGLE_UNIT ( ) );
#7590 = EDGE_CURVE ( 'NONE', #9810, #2224, #1910, .T. ) ;
#7591 = DIRECTION ( 'NONE',  ( -0.000000000000000000, 0.7071067811865512365, 0.7071067811865439090 ) ) ;
#7592 = EDGE_LOOP ( 'NONE', ( #10504, #5336, #3243, #9355 ) ) ;
#7593 = DIRECTION ( 'NONE',  ( -0.000000000000000000, 1.000000000000000000, 0.000000000000000000 ) ) ;
#7594 = VERTEX_POINT ( 'NONE', #4775 ) ;
#7595 = VECTOR ( 'NONE', #5094, 1000.000000000000000 ) ;
#7596 = VERTEX_POINT ( 'NONE', #11091 ) ;
#7597 = EDGE_LOOP ( 'NONE', ( #4696, #9027, #4940, #11174 ) ) ;
#7598 = DIRECTION ( 'NONE',  ( 0.000000000000000000, 0.8191520442889922426, -0.5735764363510453823 ) ) ;
#7599 = CARTESIAN_POINT ( 'NONE',  ( -1.175000000000000044, 0.07499999999999999722, 0.1250000000000005551 ) ) ;
#7600 =( NAMED_UNIT ( * ) SI_UNIT ( $, .STERADIAN. ) SOLID_ANGLE_UNIT ( ) );
#7601 = LINE ( 'NONE', #6849, #2277 ) ;
#7602 = FACE_OUTER_BOUND ( 'NONE', #6535, .T. ) ;
#7603 = DIRECTION ( 'NONE',  ( 1.000000000000000000, -0.000000000000000000, -1.219727444046192242E-16 ) ) ;
#7604 = LINE ( 'NONE', #8569, #2314 ) ;
#7605 = AXIS2_PLACEMENT_3D ( 'NONE', #9582, #4164, #7787 ) ;
#7606 = DIRECTION ( 'NONE',  ( -1.000000000000000000, -0.000000000000000000, -0.000000000000000000 ) ) ;
#7607 = VERTEX_POINT ( 'NONE', #3816 ) ;
#7608 = FACE_OUTER_BOUND ( 'NONE', #4135, .T. ) ;
#7609 = LINE ( 'NONE', #1107, #11427 ) ;
#7610 = LINE ( 'NONE', #6738, #7292 ) ;
#7611 = LINE ( 'NONE', #11219, #10528 ) ;
#7612 = CIRCLE ( 'NONE', #2523, 0.02499999999999941505 ) ;
#7613 = LINE ( 'NONE', #2300, #940 ) ;
#7614 = AXIS2_PLACEMENT_3D ( 'NONE', #4077, #7694, #11301 ) ;
#7615 = CARTESIAN_POINT ( 'NONE',  ( 0.8249999999999999556, 0.4249999987231686815, 2.505000000000000338 ) ) ;
#7616 = SURFACE_STYLE_FILL_AREA ( #2048 ) ;
#7617 = ORIENTED_EDGE ( 'NONE', *, *, #8209, .T. ) ;
#7618 = LINE ( 'NONE', #6867, #7854 ) ;
#7619 = VECTOR ( 'NONE', #4037, 1000.000000000000000 ) ;
#7620 = CARTESIAN_POINT ( 'NONE',  ( -1.449999999999999956, 0.4099999999999999756, -0.2050000000000003764 ) ) ;
#7621 = CARTESIAN_POINT ( 'NONE',  ( 1.665000000000000036, 0.5450000000000000400, 0.5950000000000003064 ) ) ;
#7622 = VERTEX_POINT ( 'NONE', #5603 ) ;
#7623 = CARTESIAN_POINT ( 'NONE',  ( -0.1750000000000000167, -1.203706215242022408E-32, -0.1249999999999994588 ) ) ;
#7624 = DIRECTION ( 'NONE',  ( 0.000000000000000000, 0.000000000000000000, 1.000000000000000000 ) ) ;
#7625 = ORIENTED_EDGE ( 'NONE', *, *, #4527, .T. ) ;
#7626 = ADVANCED_FACE ( 'NONE', ( #8445 ), #3931, .F. ) ;
#7627 = DIRECTION ( 'NONE',  ( 0.3162277660168337223, 0.9486832980505151003, -0.000000000000000000 ) ) ;
#7628 = VERTEX_POINT ( 'NONE', #9997 ) ;
#7629 = AXIS2_PLACEMENT_3D ( 'NONE', #5969, #6971, #6020 ) ;
#7630 = ORIENTED_EDGE ( 'NONE', *, *, #4209, .T. ) ;
#7631 = VECTOR ( 'NONE', #2721, 1000.000000000000227 ) ;
#7632 = VECTOR ( 'NONE', #10491, 1000.000000000000000 ) ;
#7633 = LINE ( 'NONE', #3134, #7913 ) ;
#7634 = ORIENTED_EDGE ( 'NONE', *, *, #3590, .T. ) ;
#7635 = ADVANCED_FACE ( 'NONE', ( #10115 ), #8259, .F. ) ;
#7636 = ORIENTED_EDGE ( 'NONE', *, *, #8012, .T. ) ;
#7637 = VECTOR ( 'NONE', #9344, 1000.000000000000000 ) ;
#7639 = PLANE ( 'NONE',  #4670 ) ;
#7638 = PLANE ( 'NONE',  #10835 ) ;
#7640 = EDGE_CURVE ( 'NONE', #10525, #345, #9212, .T. ) ;
#7641 = DIRECTION ( 'NONE',  ( -1.000000000000000000, -0.000000000000000000, -0.000000000000000000 ) ) ;
#7642 = EDGE_CURVE ( 'NONE', #3166, #10243, #3801, .T. ) ;
#7643 = DIRECTION ( 'NONE',  ( -1.000000000000000000, -0.000000000000000000, -1.219727444046192242E-16 ) ) ;
#7644 = VERTEX_POINT ( 'NONE', #6601 ) ;
#7645 = EDGE_CURVE ( 'NONE', #2219, #8341, #3756, .T. ) ;
#7646 = EDGE_CURVE ( 'NONE', #10992, #8236, #6440, .T. ) ;
#7647 = ORIENTED_EDGE ( 'NONE', *, *, #1795, .T. ) ;
#7648 = PLANE ( 'NONE',  #2710 ) ;
#7649 = VERTEX_POINT ( 'NONE', #10926 ) ;
#7650 = LINE ( 'NONE', #2911, #10587 ) ;
#7651 = ORIENTED_EDGE ( 'NONE', *, *, #4068, .F. ) ;
#7652 = LINE ( 'NONE', #11256, #739 ) ;
#7653 = ORIENTED_EDGE ( 'NONE', *, *, #9392, .F. ) ;
#7654 = ORIENTED_EDGE ( 'NONE', *, *, #7575, .F. ) ;
#7655 = LINE ( 'NONE', #3269, #1386 ) ;
#7656 = EDGE_CURVE ( 'NONE', #378, #5596, #6424, .T. ) ;
#7657 = CARTESIAN_POINT ( 'NONE',  ( 0.8249999999999999556, 0.7250000000000001998, 2.492500000000000160 ) ) ;
#7658 = CARTESIAN_POINT ( 'NONE',  ( 2.254999999999999893, 0.7249999999999575673, 2.129999999999999893 ) ) ;
#7659 = AXIS2_PLACEMENT_3D ( 'NONE', #9100, #9043, #2933 ) ;
#7660 = LINE ( 'NONE', #8677, #4257 ) ;
#7661 = DIRECTION ( 'NONE',  ( 0.000000000000000000, -1.000000000000000000, 0.000000000000000000 ) ) ;
#7662 = ORIENTED_EDGE ( 'NONE', *, *, #3849, .T. ) ;
#7663 = EDGE_LOOP ( 'NONE', ( #10854, #9394, #4807, #5367 ) ) ;
#7664 = ORIENTED_EDGE ( 'NONE', *, *, #3798, .T. ) ;
#7665 = AXIS2_PLACEMENT_3D ( 'NONE', #8478, #2852, #9197 ) ;
#7666 = CARTESIAN_POINT ( 'NONE',  ( 2.049999999999999822, 0.6800000000000001599, 0.4449999999999996736 ) ) ;
#7667 = DIRECTION ( 'NONE',  ( 0.000000000000000000, 0.000000000000000000, 1.000000000000000000 ) ) ;
#7668 = CARTESIAN_POINT ( 'NONE',  ( 0.1750000000000000167, 0.6800000000000001599, 0.4949999999999995515 ) ) ;
#7669 = CARTESIAN_POINT ( 'NONE',  ( -2.254999999999999449, 0.3400000000000002465, 0.02000000000000008021 ) ) ;
#7670 = LINE ( 'NONE', #4968, #1394 ) ;
#7671 = FILL_AREA_STYLE ('',( #5840 ) ) ;
#7672 = DIRECTION ( 'NONE',  ( 0.000000000000000000, -0.000000000000000000, 1.000000000000000000 ) ) ;
#7673 = DIRECTION ( 'NONE',  ( 0.000000000000000000, 0.000000000000000000, 1.000000000000000000 ) ) ;
#7674 = LINE ( 'NONE', #1467, #1997 ) ;
#7675 = EDGE_CURVE ( 'NONE', #664, #10577, #5550, .T. ) ;
#7676 = AXIS2_PLACEMENT_3D ( 'NONE', #8886, #5285, #1824 ) ;
#7677 = PLANE ( 'NONE',  #7265 ) ;
#7678 = ADVANCED_FACE ( 'NONE', ( #4650 ), #158, .F. ) ;
#7679 = PLANE ( 'NONE',  #3288 ) ;
#7680 =( LENGTH_UNIT ( ) NAMED_UNIT ( * ) SI_UNIT ( .MILLI., .METRE. ) );
#7681 = ORIENTED_EDGE ( 'NONE', *, *, #9313, .F. ) ;
#7682 = CARTESIAN_POINT ( 'NONE',  ( 0.3250000000000000111, 0.4249999987231686815, 2.505000000000000338 ) ) ;
#7683 = DIRECTION ( 'NONE',  ( 0.000000000000000000, 0.000000000000000000, -1.000000000000000000 ) ) ;
#7684 = CARTESIAN_POINT ( 'NONE',  ( 1.324999999999999956, 0.7408666514389177227, 2.512987586845043531 ) ) ;
#7685 = CARTESIAN_POINT ( 'NONE',  ( -0.6749999999999998224, 0.6800000000000001599, 0.4949999999999995515 ) ) ;
#7686 = ORIENTED_EDGE ( 'NONE', *, *, #1779, .F. ) ;
#7687 = VECTOR ( 'NONE', #3987, 1000.000000000000000 ) ;
#7688 = LINE ( 'NONE', #6935, #458 ) ;
#7689 = ORIENTED_EDGE ( 'NONE', *, *, #9166, .T. ) ;
#7690 = VERTEX_POINT ( 'NONE', #8502 ) ;
#7691 = ORIENTED_EDGE ( 'NONE', *, *, #2283, .F. ) ;
#7692 = ORIENTED_EDGE ( 'NONE', *, *, #5347, .T. ) ;
#7693 = CARTESIAN_POINT ( 'NONE',  ( 0.3250000000000000111, 0.07499999999999999722, 0.1250000000000005551 ) ) ;
#7694 = DIRECTION ( 'NONE',  ( 0.000000000000000000, -1.000000000000000000, 0.000000000000000000 ) ) ;
#7695 = ORIENTED_EDGE ( 'NONE', *, *, #1847, .T. ) ;
#7696 = LINE ( 'NONE', #725, #1144 ) ;
#7697 = ORIENTED_EDGE ( 'NONE', *, *, #5345, .T. ) ;
#7698 = VERTEX_POINT ( 'NONE', #6021 ) ;
#7699 = VECTOR ( 'NONE', #10374, 1000.000000000000000 ) ;
#7700 = ADVANCED_FACE ( 'NONE', ( #5842 ), #11397, .F. ) ;
#7701 = VECTOR ( 'NONE', #8799, 1000.000000000000000 ) ;
#7702 = FACE_OUTER_BOUND ( 'NONE', #10377, .T. ) ;
#7703 = ORIENTED_EDGE ( 'NONE', *, *, #3537, .T. ) ;
#7704 = DIRECTION ( 'NONE',  ( 3.336006684570783101E-16, 0.000000000000000000, 1.000000000000000000 ) ) ;
#7705 = ORIENTED_EDGE ( 'NONE', *, *, #7926, .F. ) ;
#7706 = LINE ( 'NONE', #3206, #6244 ) ;
#7707 = CARTESIAN_POINT ( 'NONE',  ( 2.104999999999999982, 0.9250000000001167288, 2.624999999999276135 ) ) ;
#7708 = EDGE_CURVE ( 'NONE', #10726, #5191, #9458, .T. ) ;
#7709 = ORIENTED_EDGE ( 'NONE', *, *, #3537, .F. ) ;
#7710 = EDGE_CURVE ( 'NONE', #7155, #6809, #10465, .T. ) ;
#7711 = VERTEX_POINT ( 'NONE', #4054 ) ;
#7712 = LINE ( 'NONE', #8672, #10272 ) ;
#7713 = DIRECTION ( 'NONE',  ( 0.000000000000000000, 0.000000000000000000, 1.000000000000000000 ) ) ;
#7714 = DIRECTION ( 'NONE',  ( -0.000000000000000000, 1.000000000000000000, -0.000000000000000000 ) ) ;
#7715 = FACE_OUTER_BOUND ( 'NONE', #4200, .T. ) ;
#7716 = PLANE ( 'NONE',  #10520 ) ;
#7717 = LINE ( 'NONE', #7845, #9110 ) ;
#7718 = ADVANCED_FACE ( 'NONE', ( #4170 ), #2361, .F. ) ;
#7719 = ORIENTED_EDGE ( 'NONE', *, *, #3807, .T. ) ;
#7720 = AXIS2_PLACEMENT_3D ( 'NONE', #3838, #232, #2250 ) ;
#7721 = EDGE_CURVE ( 'NONE', #255, #7891, #9586, .T. ) ;
#7722 = ADVANCED_FACE ( 'NONE', ( #7794 ), #1465, .F. ) ;
#7723 = ORIENTED_EDGE ( 'NONE', *, *, #1779, .T. ) ;
#7724 = ORIENTED_EDGE ( 'NONE', *, *, #11338, .T. ) ;
#7725 = DIRECTION ( 'NONE',  ( 0.000000000000000000, 0.000000000000000000, 1.000000000000000000 ) ) ;
#7726 = FACE_OUTER_BOUND ( 'NONE', #10498, .T. ) ;
#7727 = CARTESIAN_POINT ( 'NONE',  ( 1.449999999999999956, 0.5599999999999999423, -0.5050000000000004485 ) ) ;
#7728 = CIRCLE ( 'NONE', #7156, 0.02499999999999941505 ) ;
#7729 = CARTESIAN_POINT ( 'NONE',  ( -0.6750000000000000444, 0.3350000000000001310, 2.709999999999999964 ) ) ;
#7730 = CARTESIAN_POINT ( 'NONE',  ( -2.104999999999999538, 0.8000000000000001554, 0.8250000000000000666 ) ) ;
#7731 = SURFACE_STYLE_FILL_AREA ( #8632 ) ;
#7732 = LINE ( 'NONE', #9871, #10629 ) ;
#7733 = DIRECTION ( 'NONE',  ( 1.000000000000000000, 0.000000000000000000, 0.000000000000000000 ) ) ;
#7734 = DIRECTION ( 'NONE',  ( -1.000000000000000000, -0.000000000000000000, -0.000000000000000000 ) ) ;
#7735 = EDGE_CURVE ( 'NONE', #5811, #7644, #11214, .T. ) ;
#7736 = DIRECTION ( 'NONE',  ( 0.000000000000000000, 5.421010862427520198E-16, 1.000000000000000000 ) ) ;
#7737 = CARTESIAN_POINT ( 'NONE',  ( 1.324999999999999956, 0.3614999999999998215, 2.441500001276831089 ) ) ;
#7738 = ORIENTED_EDGE ( 'NONE', *, *, #5988, .T. ) ;
#7739 = DIRECTION ( 'NONE',  ( -0.000000000000000000, 1.000000000000000000, -0.000000000000000000 ) ) ;
#7740 = ADVANCED_FACE ( 'NONE', ( #10534 ), #5783, .T. ) ;
#7741 = FACE_OUTER_BOUND ( 'NONE', #781, .T. ) ;
#7742 = DIRECTION ( 'NONE',  ( 0.000000000000000000, -1.000000000000000000, 0.000000000000000000 ) ) ;
#7743 = ORIENTED_EDGE ( 'NONE', *, *, #9752, .F. ) ;
#7744 = CARTESIAN_POINT ( 'NONE',  ( -2.104999999999999982, 0.7249999999999575673, 2.154999999999999805 ) ) ;
#7745 = ORIENTED_EDGE ( 'NONE', *, *, #11362, .T. ) ;
#7746 = DIRECTION ( 'NONE',  ( 0.000000000000000000, -0.08715574274767398655, -0.9961946980917439909 ) ) ;
#7747 = EDGE_LOOP ( 'NONE', ( #2795, #3399, #8277, #9490, #5861 ) ) ;
#7748 = ORIENTED_EDGE ( 'NONE', *, *, #933, .T. ) ;
#7749 = AXIS2_PLACEMENT_3D ( 'NONE', #9398, #4900, #10348 ) ;
#7750 = CARTESIAN_POINT ( 'NONE',  ( 2.104999999999999982, 0.1029422863393472526, 2.154999999999999805 ) ) ;
#7751 = ORIENTED_EDGE ( 'NONE', *, *, #3447, .F. ) ;
#7752 = ORIENTED_EDGE ( 'NONE', *, *, #6315, .T. ) ;
#7753 = DIRECTION ( 'NONE',  ( 1.000000000000000000, 0.000000000000000000, 0.000000000000000000 ) ) ;
#7754 = DIRECTION ( 'NONE',  ( 0.000000000000000000, 0.000000000000000000, -1.000000000000000000 ) ) ;
#7755 = DIRECTION ( 'NONE',  ( 0.000000000000000000, 0.000000000000000000, -1.000000000000000000 ) ) ;
#7756 = VECTOR ( 'NONE', #7417, 1000.000000000000000 ) ;
#7757 = ORIENTED_EDGE ( 'NONE', *, *, #2779, .F. ) ;
#7758 = VERTEX_POINT ( 'NONE', #8748 ) ;
#7759 = ORIENTED_EDGE ( 'NONE', *, *, #9919, .T. ) ;
#7760 = EDGE_CURVE ( 'NONE', #9222, #1053, #6918, .T. ) ;
#7761 = CARTESIAN_POINT ( 'NONE',  ( -0.8249999999999999556, 0.4050000000000000266, -0.07499999999999942824 ) ) ;
#7762 = VERTEX_POINT ( 'NONE', #5146 ) ;
#7763 = MECHANICAL_DESIGN_GEOMETRIC_PRESENTATION_REPRESENTATION (  '', ( #7189 ), #1899 ) ;
#7764 = CARTESIAN_POINT ( 'NONE',  ( 2.254999999999999893, 0.6800000000000001599, 0.4449999999999996736 ) ) ;
#7765 = VECTOR ( 'NONE', #4165, 1000.000000000000000 ) ;
#7766 = ORIENTED_EDGE ( 'NONE', *, *, #5305, .F. ) ;
#7767 = DIRECTION ( 'NONE',  ( 1.000000000000000000, 0.000000000000000000, 0.000000000000000000 ) ) ;
#7768 = ORIENTED_EDGE ( 'NONE', *, *, #11542, .T. ) ;
#7769 = ORIENTED_EDGE ( 'NONE', *, *, #849, .T. ) ;
#7770 = ORIENTED_EDGE ( 'NONE', *, *, #8262, .F. ) ;
#7771 = CARTESIAN_POINT ( 'NONE',  ( -2.254999999999999893, 0.7249999999999575673, 2.154999999999999805 ) ) ;
#7772 = SURFACE_STYLE_USAGE ( .BOTH. , #5015 ) ;
#7773 = CARTESIAN_POINT ( 'NONE',  ( -0.3250000000000000111, 0.3800000000000000044, -0.09999999999999956146 ) ) ;
#7774 = ORIENTED_EDGE ( 'NONE', *, *, #3717, .T. ) ;
#7775 = VECTOR ( 'NONE', #6856, 1000.000000000000000 ) ;
#7776 = LINE ( 'NONE', #9633, #5520 ) ;
#7777 = ORIENTED_EDGE ( 'NONE', *, *, #11010, .T. ) ;
#7778 = VECTOR ( 'NONE', #3125, 1000.000000000000000 ) ;
#7779 = DIRECTION ( 'NONE',  ( -0.9119215051751046186, 0.000000000000000000, -0.4103646773288018856 ) ) ;
#7780 = EDGE_CURVE ( 'NONE', #3455, #5191, #7604, .T. ) ;
#7781 = VECTOR ( 'NONE', #10361, 1000.000000000000000 ) ;
#7782 = CARTESIAN_POINT ( 'NONE',  ( -1.175000000000000044, 0.4050000000000000266, -0.07499999999999942824 ) ) ;
#7783 = ORIENTED_EDGE ( 'NONE', *, *, #3004, .F. ) ;
#7784 = ORIENTED_EDGE ( 'NONE', *, *, #11572, .T. ) ;
#7785 = PLANE ( 'NONE',  #6794 ) ;
#7786 = AXIS2_PLACEMENT_3D ( 'NONE', #1625, #5249, #1843 ) ;
#7787 = DIRECTION ( 'NONE',  ( 1.000000000000000000, 0.000000000000000000, -0.000000000000000000 ) ) ;
#7788 = VECTOR ( 'NONE', #7493, 1000.000000000000000 ) ;
#7789 = EDGE_CURVE ( 'NONE', #10159, #1225, #8633, .T. ) ;
#7790 = DIRECTION ( 'NONE',  ( -0.000000000000000000, 1.000000000000000000, -0.000000000000000000 ) ) ;
#7791 = LINE ( 'NONE', #4166, #452 ) ;
#7792 = VECTOR ( 'NONE', #11309, 1000.000000000000114 ) ;
#7793 = ADVANCED_FACE ( 'NONE', ( #3114 ), #10294, .F. ) ;
#7794 = FACE_OUTER_BOUND ( 'NONE', #7299, .T. ) ;
#7795 = PLANE ( 'NONE',  #1733 ) ;
#7796 = AXIS2_PLACEMENT_3D ( 'NONE', #11093, #11147, #10409 ) ;
#7797 = EDGE_CURVE ( 'NONE', #8395, #664, #9877, .T. ) ;
#7798 = LINE ( 'NONE', #3468, #3482 ) ;
#7799 = CIRCLE ( 'NONE', #10645, 0.05000000000003655687 ) ;
#7800 = FILL_AREA_STYLE_COLOUR ( '', #3391 ) ;
#7801 = DIRECTION ( 'NONE',  ( -1.000000000000000000, 0.000000000000000000, -1.219727444046192242E-16 ) ) ;
#7802 = CARTESIAN_POINT ( 'NONE',  ( -0.3250000000000000111, 0.8950000000000001288, 0.4949999999999995515 ) ) ;
#7803 = CARTESIAN_POINT ( 'NONE',  ( 0.3250000000000000111, 0.1000000000000001027, 0.1250000000000005551 ) ) ;
#7804 = EDGE_LOOP ( 'NONE', ( #4884, #1420, #3897, #10384 ) ) ;
#7805 = SURFACE_STYLE_USAGE ( .BOTH. , #8513 ) ;
#7806 = DIRECTION ( 'NONE',  ( 0.000000000000000000, 0.000000000000000000, 1.000000000000000000 ) ) ;
#7807 = CARTESIAN_POINT ( 'NONE',  ( 1.325000000000000178, 0.6800000000000001599, 0.4949999999999995515 ) ) ;
#7808 = VECTOR ( 'NONE', #4050, 1000.000000000000000 ) ;
#7809 = LINE ( 'NONE', #4064, #862 ) ;
#7810 = ADVANCED_FACE ( 'NONE', ( #10351 ), #2231, .T. ) ;
#7811 = ORIENTED_EDGE ( 'NONE', *, *, #7925, .T. ) ;
#7812 = DIRECTION ( 'NONE',  ( 6.570922257487897174E-16, 0.000000000000000000, -1.000000000000000000 ) ) ;
#7813 = LINE ( 'NONE', #6872, #10099 ) ;
#7814 = VECTOR ( 'NONE', #10480, 1000.000000000000000 ) ;
#7815 = VERTEX_POINT ( 'NONE', #514 ) ;
#7816 = CARTESIAN_POINT ( 'NONE',  ( -2.104999999999999982, 1.000000000000000222, 1.799999999999277289 ) ) ;
#7817 = CARTESIAN_POINT ( 'NONE',  ( -1.764999999999999902, 0.7250000000000001998, 2.683578643762690508 ) ) ;
#7818 = ORIENTED_EDGE ( 'NONE', *, *, #933, .F. ) ;
#7819 = UNCERTAINTY_MEASURE_WITH_UNIT (LENGTH_MEASURE( 1.000000000000000082E-05 ), #7087, 'distance_accuracy_value', 'NONE');
#7820 = ORIENTED_EDGE ( 'NONE', *, *, #3076, .T. ) ;
#7821 = ORIENTED_EDGE ( 'NONE', *, *, #5495, .T. ) ;
#7823 = FACE_OUTER_BOUND ( 'NONE', #3033, .T. ) ;
#7822 = LINE ( 'NONE', #2324, #5728 ) ;
#7824 = CARTESIAN_POINT ( 'NONE',  ( 0.3250000000000000111, -1.203706215242022408E-32, -0.1249999999999994588 ) ) ;
#7825 = VECTOR ( 'NONE', #1241, 1000.000000000000114 ) ;
#7826 = VERTEX_POINT ( 'NONE', #1274 ) ;
#7827 = ORIENTED_EDGE ( 'NONE', *, *, #2292, .F. ) ;
#7828 = VECTOR ( 'NONE', #2080, 1000.000000000000000 ) ;
#7829 = ORIENTED_EDGE ( 'NONE', *, *, #4912, .F. ) ;
#7830 = ORIENTED_EDGE ( 'NONE', *, *, #7278, .T. ) ;
#7831 = FACE_OUTER_BOUND ( 'NONE', #9653, .T. ) ;
#7832 = ORIENTED_EDGE ( 'NONE', *, *, #10475, .F. ) ;
#7833 = VECTOR ( 'NONE', #11036, 1000.000000000000000 ) ;
#7834 = VERTEX_POINT ( 'NONE', #10406 ) ;
#7835 = DIRECTION ( 'NONE',  ( -1.000000000000000000, -0.000000000000000000, -0.000000000000000000 ) ) ;
#7836 = ORIENTED_EDGE ( 'NONE', *, *, #2215, .F. ) ;
#7837 = EDGE_CURVE ( 'NONE', #1526, #5738, #7732, .T. ) ;
#7838 = ORIENTED_EDGE ( 'NONE', *, *, #7371, .T. ) ;
#7839 = DIRECTION ( 'NONE',  ( 1.000000000000000000, 0.000000000000000000, -1.219727444046192242E-16 ) ) ;
#7840 = VECTOR ( 'NONE', #715, 1000.000000000000000 ) ;
#7841 = PLANE ( 'NONE',  #3021 ) ;
#7842 = CARTESIAN_POINT ( 'NONE',  ( -0.1750000000000000167, 0.4249999987231687371, 2.517714491643439079 ) ) ;
#7843 = VECTOR ( 'NONE', #6920, 999.9999999999998863 ) ;
#7844 = ORIENTED_EDGE ( 'NONE', *, *, #8867, .T. ) ;
#7845 = CARTESIAN_POINT ( 'NONE',  ( -1.324999999999999956, 0.6800000000000001599, 0.4949999999999995515 ) ) ;
#7846 = ORIENTED_EDGE ( 'NONE', *, *, #10856, .T. ) ;
#7847 = FACE_OUTER_BOUND ( 'NONE', #6097, .T. ) ;
#7848 = ORIENTED_EDGE ( 'NONE', *, *, #263, .F. ) ;
#7849 = CARTESIAN_POINT ( 'NONE',  ( 2.254999999999999893, 0.5300000000000002487, 0.4449999999999996736 ) ) ;
#7850 = DIRECTION ( 'NONE',  ( 0.000000000000000000, 1.000000000000000000, 0.000000000000000000 ) ) ;
#7851 = ADVANCED_FACE ( 'NONE', ( #10802 ), #5376, .F. ) ;
#7852 = VECTOR ( 'NONE', #1999, 1000.000000000000000 ) ;
#7853 = FACE_OUTER_BOUND ( 'NONE', #9395, .T. ) ;
#7854 = VECTOR ( 'NONE', #1344, 1000.000000000000000 ) ;
#7855 = PLANE ( 'NONE',  #4424 ) ;
#7856 = VERTEX_POINT ( 'NONE', #4356 ) ;
#7857 = DIRECTION ( 'NONE',  ( 0.000000000000000000, 0.000000000000000000, -1.000000000000000000 ) ) ;
#7858 = LINE ( 'NONE', #5973, #9286 ) ;
#7859 = ADVANCED_FACE ( 'NONE', ( #1748 ), #6972, .F. ) ;
#7860 = FACE_OUTER_BOUND ( 'NONE', #9513, .T. ) ;
#7861 = EDGE_CURVE ( 'NONE', #3132, #9199, #7184, .T. ) ;
#7862 = CARTESIAN_POINT ( 'NONE',  ( 2.049999999999999822, 0.6800000000000001599, 0.5949999999999996403 ) ) ;
#7863 = VECTOR ( 'NONE', #3566, 1000.000000000000000 ) ;
#7864 = EDGE_CURVE ( 'NONE', #6613, #3620, #4290, .T. ) ;
#7865 = CARTESIAN_POINT ( 'NONE',  ( 2.049999999999999822, 0.5300000000000002487, 0.3949999999999996847 ) ) ;
#7866 = CARTESIAN_POINT ( 'NONE',  ( 0.3250000000000000111, 0.1000000000000001305, -0.07500000000000003886 ) ) ;
#7867 = CARTESIAN_POINT ( 'NONE',  ( -0.6750000000000000444, 0.3614999999999998215, 2.441500001276831089 ) ) ;
#7868 = ORIENTED_EDGE ( 'NONE', *, *, #2937, .T. ) ;
#7869 = CARTESIAN_POINT ( 'NONE',  ( 2.254999999999999449, 0.3400000000000002465, 0.02000000000000008021 ) ) ;
#7870 = EDGE_CURVE ( 'NONE', #351, #5811, #9699, .T. ) ;
#7871 = CARTESIAN_POINT ( 'NONE',  ( 1.324999999999999956, 0.7250000000000001998, 2.492500000000000160 ) ) ;
#7872 = EDGE_CURVE ( 'NONE', #11175, #4011, #8982, .T. ) ;
#7873 = CARTESIAN_POINT ( 'NONE',  ( -0.1750000000000000167, 0.3350000000000001310, 2.709999999999999964 ) ) ;
#7874 = FACE_OUTER_BOUND ( 'NONE', #4921, .T. ) ;
#7875 = AXIS2_PLACEMENT_3D ( 'NONE', #3750, #10970, #10870 ) ;
#7876 = CARTESIAN_POINT ( 'NONE',  ( -1.324999999999999734, 0.7500000000000002220, 0.3949999999999995182 ) ) ;
#7877 = ADVANCED_FACE ( 'NONE', ( #6240 ), #878, .F. ) ;
#7878 = EDGE_CURVE ( 'NONE', #1665, #4224, #2522, .T. ) ;
#7879 = ADVANCED_FACE ( 'NONE', ( #754 ), #5318, .F. ) ;
#7880 = FILL_AREA_STYLE_COLOUR ( '', #4321 ) ;
#7881 = ORIENTED_EDGE ( 'NONE', *, *, #11542, .F. ) ;
#7882 = VERTEX_POINT ( 'NONE', #8919 ) ;
#7884 = CARTESIAN_POINT ( 'NONE',  ( -2.104999999999999538, 0.8150000000000001688, 0.7606385001764813802 ) ) ;
#7883 = CARTESIAN_POINT ( 'NONE',  ( 0.6750000000000000444, 0.3350000000000001310, 2.709999999999999964 ) ) ;
#7885 = CARTESIAN_POINT ( 'NONE',  ( 0.3250000000000000111, 0.07500000000000001110, 0.1500000000000005496 ) ) ;
#7886 = VERTEX_POINT ( 'NONE', #8082 ) ;
#7887 = ORIENTED_EDGE ( 'NONE', *, *, #10657, .T. ) ;
#7888 = FACE_OUTER_BOUND ( 'NONE', #1549, .T. ) ;
#7889 = EDGE_CURVE ( 'NONE', #10904, #3771, #6303, .T. ) ;
#7890 = EDGE_CURVE ( 'NONE', #9122, #4487, #2113, .T. ) ;
#7891 = VERTEX_POINT ( 'NONE', #5430 ) ;
#7892 = CARTESIAN_POINT ( 'NONE',  ( -0.6750000000000000444, 0.6800000000000001599, 0.8249999999999999556 ) ) ;
#7893 = EDGE_LOOP ( 'NONE', ( #8308, #6112, #7697, #9241, #11233, #3544, #789, #8973, #334, #8999, #9324 ) ) ;
#7894 = DIRECTION ( 'NONE',  ( 0.000000000000000000, 0.000000000000000000, -1.000000000000000000 ) ) ;
#7895 = ORIENTED_EDGE ( 'NONE', *, *, #10014, .T. ) ;
#7896 = EDGE_LOOP ( 'NONE', ( #5821, #7770, #7513, #7012 ) ) ;
#7897 = LINE ( 'NONE', #10515, #11014 ) ;
#7898 = EDGE_CURVE ( 'NONE', #4830, #8872, #7135, .T. ) ;
#7899 = LINE ( 'NONE', #499, #1585 ) ;
#7900 =( GEOMETRIC_REPRESENTATION_CONTEXT ( 3 ) GLOBAL_UNCERTAINTY_ASSIGNED_CONTEXT ( ( #6265 ) ) GLOBAL_UNIT_ASSIGNED_CONTEXT ( ( #398, #10358, #5850 ) ) REPRESENTATION_CONTEXT ( 'NONE', 'WORKASPACE' ) );
#7901 = EDGE_LOOP ( 'NONE', ( #11595, #310, #11450, #9949 ) ) ;
#7902 = DIRECTION ( 'NONE',  ( 0.000000000000000000, 0.000000000000000000, -1.000000000000000000 ) ) ;
#7903 = VERTEX_POINT ( 'NONE', #11460 ) ;
#7904 = VERTEX_POINT ( 'NONE', #9034 ) ;
#7905 = ORIENTED_EDGE ( 'NONE', *, *, #11672, .T. ) ;
#7906 = DIRECTION ( 'NONE',  ( -1.000000000000000000, 0.000000000000000000, 0.000000000000000000 ) ) ;
#7907 = CARTESIAN_POINT ( 'NONE',  ( 1.175000000000000044, 0.6800000000000001599, 0.4949999999999995515 ) ) ;
#7908 = DIRECTION ( 'NONE',  ( -1.000000000000000000, 0.000000000000000000, -1.219727444046192242E-16 ) ) ;
#7909 = CARTESIAN_POINT ( 'NONE',  ( -0.6750000000000000444, 0.3800000000000000044, -0.1749999999999994060 ) ) ;
#7910 = DIRECTION ( 'NONE',  ( 0.000000000000000000, 1.000000000000000000, 9.035018104045866996E-16 ) ) ;
#7911 = DIRECTION ( 'NONE',  ( 0.000000000000000000, 0.000000000000000000, 1.000000000000000000 ) ) ;
#7912 = CARTESIAN_POINT ( 'NONE',  ( 2.104999999999999982, 0.7499999999999573674, 2.124999999999999556 ) ) ;
#7913 = VECTOR ( 'NONE', #2193, 1000.000000000000000 ) ;
#7914 = FACE_OUTER_BOUND ( 'NONE', #5812, .T. ) ;
#7915 = CARTESIAN_POINT ( 'NONE',  ( 1.175000000000000044, 0.8950000000000001288, 0.5327497731395587355 ) ) ;
#7916 = CARTESIAN_POINT ( 'NONE',  ( 2.049999999999999822, 0.9500000000000002887, 0.3949999999999995182 ) ) ;
#7917 = EDGE_LOOP ( 'NONE', ( #6134, #3433, #441, #6758 ) ) ;
#7918 = DIRECTION ( 'NONE',  ( -1.219727444046192242E-16, -0.000000000000000000, -1.000000000000000000 ) ) ;
#7919 = FACE_OUTER_BOUND ( 'NONE', #7097, .T. ) ;
#7920 = VECTOR ( 'NONE', #11673, 1000.000000000000000 ) ;
#7921 = ORIENTED_EDGE ( 'NONE', *, *, #8772, .T. ) ;
#7922 = CLOSED_SHELL ( 'NONE', ( #11667, #10102, #10916, #4766, #7489, #3001 ) ) ;
#7923 = CARTESIAN_POINT ( 'NONE',  ( 0.8249999999999999556, 0.03000000000000000930, -0.1249999999999994310 ) ) ;
#7924 = ORIENTED_EDGE ( 'NONE', *, *, #9182, .T. ) ;
#7925 = EDGE_CURVE ( 'NONE', #8875, #6382, #10753, .T. ) ;
#7926 = EDGE_CURVE ( 'NONE', #972, #5739, #7027, .T. ) ;
#7927 = DIRECTION ( 'NONE',  ( 1.000000000000000000, -0.000000000000000000, -1.219727444046192242E-16 ) ) ;
#7928 = ORIENTED_EDGE ( 'NONE', *, *, #1582, .T. ) ;
#7929 = ORIENTED_EDGE ( 'NONE', *, *, #8152, .F. ) ;
#7930 = VECTOR ( 'NONE', #10137, 1000.000000000000000 ) ;
#7931 = DIRECTION ( 'NONE',  ( -1.000000000000000000, 0.000000000000000000, -9.035018104045873159E-17 ) ) ;
#7932 = PLANE ( 'NONE',  #4969 ) ;
#7933 = ADVANCED_FACE ( 'NONE', ( #2469 ), #11515, .F. ) ;
#7935 = CARTESIAN_POINT ( 'NONE',  ( 1.175000000000000044, 0.1000000000000001027, 0.1250000000000005551 ) ) ;
#7934 = DIRECTION ( 'NONE',  ( -1.000000000000000000, -0.000000000000000000, -0.000000000000000000 ) ) ;
#7936 = ORIENTED_EDGE ( 'NONE', *, *, #4411, .T. ) ;
#7937 = FACE_OUTER_BOUND ( 'NONE', #6838, .T. ) ;
#7938 = ADVANCED_FACE ( 'NONE', ( #5261 ), #10157, .F. ) ;
#7939 = ORIENTED_EDGE ( 'NONE', *, *, #3919, .F. ) ;
#7940 = EDGE_CURVE ( 'NONE', #5750, #10726, #5532, .T. ) ;
#7941 = DIRECTION ( 'NONE',  ( -1.000000000000000000, 0.000000000000000000, 0.000000000000000000 ) ) ;
#7942 = ORIENTED_EDGE ( 'NONE', *, *, #11491, .T. ) ;
#7943 = ORIENTED_EDGE ( 'NONE', *, *, #1479, .T. ) ;
#7944 = CARTESIAN_POINT ( 'NONE',  ( 0.1750000000000000167, 0.4197467168032661955, 2.540024382298945227 ) ) ;
#7945 = ORIENTED_EDGE ( 'NONE', *, *, #6208, .F. ) ;
#7946 = ORIENTED_EDGE ( 'NONE', *, *, #8220, .T. ) ;
#7947 = CARTESIAN_POINT ( 'NONE',  ( 0.3250000000000000111, 0.03000000000000000930, -0.1749999999999994615 ) ) ;
#7948 = DIRECTION ( 'NONE',  ( 1.000000000000000000, 0.000000000000000000, 0.000000000000000000 ) ) ;
#7949 = ORIENTED_EDGE ( 'NONE', *, *, #112, .F. ) ;
#7950 = EDGE_CURVE ( 'NONE', #6123, #1017, #6531, .T. ) ;
#7951 = DIRECTION ( 'NONE',  ( -1.000000000000000000, -0.000000000000000000, -0.000000000000000000 ) ) ;
#7952 = ORIENTED_EDGE ( 'NONE', *, *, #3150, .T. ) ;
#7953 = FACE_OUTER_BOUND ( 'NONE', #9806, .T. ) ;
#7954 = VECTOR ( 'NONE', #7951, 1000.000000000000000 ) ;
#7955 = AXIS2_PLACEMENT_3D ( 'NONE', #4052, #4967, #6788 ) ;
#7956 = LINE ( 'NONE', #2741, #3587 ) ;
#7957 = VERTEX_POINT ( 'NONE', #2858 ) ;
#7958 = VERTEX_POINT ( 'NONE', #6466 ) ;
#7959 = DIRECTION ( 'NONE',  ( 1.000000000000000000, 0.000000000000000000, 0.000000000000000000 ) ) ;
#7960 = DIRECTION ( 'NONE',  ( 0.000000000000000000, 0.08715574274767397267, 0.9961946980917439909 ) ) ;
#7961 = DIRECTION ( 'NONE',  ( -0.000000000000000000, 1.000000000000000000, -0.000000000000000000 ) ) ;
#7962 = ADVANCED_FACE ( 'NONE', ( #4693 ), #194, .F. ) ;
#7963 = CARTESIAN_POINT ( 'NONE',  ( 1.324999999999999956, 0.6999090492244378625, 2.541666408662616394 ) ) ;
#7964 = LINE ( 'NONE', #11574, #4597 ) ;
#7965 = VECTOR ( 'NONE', #8821, 1000.000000000000000 ) ;
#7966 = VECTOR ( 'NONE', #6204, 1000.000000000000000 ) ;
#7967 = CARTESIAN_POINT ( 'NONE',  ( -0.1750000000000000167, 0.7250000000000001998, 2.577500000000000568 ) ) ;
#7968 = PLANE ( 'NONE',  #6083 ) ;
#7969 = CARTESIAN_POINT ( 'NONE',  ( -0.3250000000000000111, 0.4050000000000000266, -0.07499999999999942824 ) ) ;
#7970 = VECTOR ( 'NONE', #1466, 1000.000000000000000 ) ;
#7971 = AXIS2_PLACEMENT_3D ( 'NONE', #10227, #7435, #11038 ) ;
#7972 = VECTOR ( 'NONE', #11370, 1000.000000000000000 ) ;
#7973 = FACE_OUTER_BOUND ( 'NONE', #4044, .T. ) ;
#7974 = LINE ( 'NONE', #6149, #11392 ) ;
#7975 = DIRECTION ( 'NONE',  ( 0.000000000000000000, -1.445602896647339508E-15, 1.000000000000000000 ) ) ;
#7976 = ORIENTED_EDGE ( 'NONE', *, *, #4454, .T. ) ;
#7977 = DIRECTION ( 'NONE',  ( -1.000000000000000000, 0.000000000000000000, 1.219727444046192242E-16 ) ) ;
#7978 = FACE_OUTER_BOUND ( 'NONE', #129, .T. ) ;
#7979 = AXIS2_PLACEMENT_3D ( 'NONE', #9807, #685, #6229 ) ;
#7980 = DIRECTION ( 'NONE',  ( 0.000000000000000000, 0.000000000000000000, 1.000000000000000000 ) ) ;
#7981 = CARTESIAN_POINT ( 'NONE',  ( -0.8249999999999999556, 0.4249999987231687371, 2.517714491643439079 ) ) ;
#7982 = DIRECTION ( 'NONE',  ( 0.000000000000000000, 3.439160614977207662E-32, 1.000000000000000000 ) ) ;
#7983 = MANIFOLD_SOLID_BREP ( 'LPattern1[9]', #558 ) ;
#7984 = AXIS2_PLACEMENT_3D ( 'NONE', #3529, #6419, #9991 ) ;
#7985 = EDGE_LOOP ( 'NONE', ( #6961, #1617, #9, #5774 ) ) ;
#7986 = DIRECTION ( 'NONE',  ( 0.000000000000000000, -1.000000000000000000, -9.035018104045865024E-16 ) ) ;
#7987 = DIRECTION ( 'NONE',  ( -1.000000000000000000, -0.000000000000000000, -0.000000000000000000 ) ) ;
#7988 = CYLINDRICAL_SURFACE ( 'NONE', #11436, 0.06499999999997957412 ) ;
#7989 = VERTEX_POINT ( 'NONE', #145 ) ;
#7990 = EDGE_CURVE ( 'NONE', #9446, #10152, #10094, .T. ) ;
#7991 = CARTESIAN_POINT ( 'NONE',  ( -1.175000000000000044, 0.7408666514389177227, 2.512987586845043531 ) ) ;
#7992 = EDGE_CURVE ( 'NONE', #2558, #3493, #9201, .T. ) ;
#7993 = ORIENTED_EDGE ( 'NONE', *, *, #2292, .T. ) ;
#7994 = ORIENTED_EDGE ( 'NONE', *, *, #4513, .F. ) ;
#7995 = ORIENTED_EDGE ( 'NONE', *, *, #7196, .F. ) ;
#7996 = AXIS2_PLACEMENT_3D ( 'NONE', #2975, #9200, #6649 ) ;
#7997 = EDGE_CURVE ( 'NONE', #1090, #11129, #8303, .T. ) ;
#7998 = VECTOR ( 'NONE', #1523, 1000.000000000000000 ) ;
#7999 = EDGE_CURVE ( 'NONE', #2076, #397, #96, .T. ) ;
#8000 = LINE ( 'NONE', #35, #3251 ) ;
#8001 = ORIENTED_EDGE ( 'NONE', *, *, #9626, .F. ) ;
#8002 = EDGE_CURVE ( 'NONE', #3924, #2711, #2919, .T. ) ;
#8003 = ORIENTED_EDGE ( 'NONE', *, *, #10260, .T. ) ;
#8004 = LINE ( 'NONE', #5241, #4301 ) ;
#8005 = EDGE_LOOP ( 'NONE', ( #3839, #3744, #10792, #918 ) ) ;
#8006 = EDGE_CURVE ( 'NONE', #4177, #10618, #7247, .T. ) ;
#8007 = ORIENTED_EDGE ( 'NONE', *, *, #6408, .F. ) ;
#8008 = VECTOR ( 'NONE', #7515, 1000.000000000000000 ) ;
#8009 = DIRECTION ( 'NONE',  ( 0.000000000000000000, -1.000000000000000000, 0.000000000000000000 ) ) ;
#8010 = CARTESIAN_POINT ( 'NONE',  ( -1.175000000000000044, 0.07500000000000001110, 0.1500000000000005496 ) ) ;
#8011 = VERTEX_POINT ( 'NONE', #3743 ) ;
#8012 = EDGE_CURVE ( 'NONE', #1236, #1435, #5706, .T. ) ;
#8013 = ADVANCED_FACE ( 'NONE', ( #9325 ), #7304, .F. ) ;
#8014 = COLOUR_RGB ( '',1.000000000000000000, 0.8117647058823529438, 0.5019607843137254832 ) ;
#8015 = FACE_OUTER_BOUND ( 'NONE', #3010, .T. ) ;
#8016 = VERTEX_POINT ( 'NONE', #9985 ) ;
#8017 = FACE_OUTER_BOUND ( 'NONE', #10550, .T. ) ;
#8018 = CARTESIAN_POINT ( 'NONE',  ( -0.6750000000000000444, 0.3350000000000001310, 2.125000000000000000 ) ) ;
#8019 = VECTOR ( 'NONE', #2108, 1000.000000000000000 ) ;
#8020 = FILL_AREA_STYLE_COLOUR ( '', #7181 ) ;
#8021 = VECTOR ( 'NONE', #3000, 1000.000000000000000 ) ;
#8022 = ORIENTED_EDGE ( 'NONE', *, *, #5829, .T. ) ;
#8023 = EDGE_LOOP ( 'NONE', ( #7943, #4284, #5003, #10770 ) ) ;
#8024 = LINE ( 'NONE', #1035, #5228 ) ;
#8025 = CARTESIAN_POINT ( 'NONE',  ( -0.8249999999999999556, 0.7250000000000001998, 2.492500000000000160 ) ) ;
#8026 = PLANE ( 'NONE',  #5266 ) ;
#8027 = DIRECTION ( 'NONE',  ( -1.000000000000000000, 0.000000000000000000, -1.219727444046192242E-16 ) ) ;
#8028 = LINE ( 'NONE', #6138, #6620 ) ;
#8029 = LINE ( 'NONE', #4413, #842 ) ;
#8030 = VECTOR ( 'NONE', #5433, 1000.000000000000114 ) ;
#8031 = SURFACE_SIDE_STYLE ('',( #697 ) ) ;
#8032 = ORIENTED_EDGE ( 'NONE', *, *, #9833, .F. ) ;
#8033 = DIRECTION ( 'NONE',  ( 0.000000000000000000, 0.000000000000000000, -1.000000000000000000 ) ) ;
#8034 = DIRECTION ( 'NONE',  ( 0.000000000000000000, 0.000000000000000000, 1.000000000000000000 ) ) ;
#8035 = CARTESIAN_POINT ( 'NONE',  ( 1.324999999999999956, 8.735352324927245566E-18, 0.1500000000000005496 ) ) ;
#8036 = DIRECTION ( 'NONE',  ( -1.000000000000000000, -0.000000000000000000, -0.000000000000000000 ) ) ;
#8037 = PLANE ( 'NONE',  #9002 ) ;
#8038 = CIRCLE ( 'NONE', #3117, 0.2000000000000000944 ) ;
#8039 = FACE_OUTER_BOUND ( 'NONE', #4373, .T. ) ;
#8040 = FACE_OUTER_BOUND ( 'NONE', #7211, .T. ) ;
#8041 = CARTESIAN_POINT ( 'NONE',  ( -1.449999999999999956, 0.6100000000000000977, -0.2050000000000003764 ) ) ;
#8042 = DIRECTION ( 'NONE',  ( 0.000000000000000000, 1.000000000000000000, 0.000000000000000000 ) ) ;
#8043 = ADVANCED_FACE ( 'NONE', ( #7715 ), #11266, .F. ) ;
#8044 = DIRECTION ( 'NONE',  ( -1.000000000000000000, -0.000000000000000000, -0.000000000000000000 ) ) ;
#8045 = AXIS2_PLACEMENT_3D ( 'NONE', #5549, #2987, #157 ) ;
#8046 = VECTOR ( 'NONE', #3908, 1000.000000000000000 ) ;
#8047 = VERTEX_POINT ( 'NONE', #3272 ) ;
#8048 = ORIENTED_EDGE ( 'NONE', *, *, #5835, .F. ) ;
#8049 = AXIS2_PLACEMENT_3D ( 'NONE', #5608, #4657, #5559 ) ;
#8050 = FACE_OUTER_BOUND ( 'NONE', #1202, .T. ) ;
#8051 = PLANE ( 'NONE',  #10445 ) ;
#8052 = CYLINDRICAL_SURFACE ( 'NONE', #702, 0.04999999999999991257 ) ;
#8053 = ORIENTED_EDGE ( 'NONE', *, *, #7136, .T. ) ;
#8054 = DIRECTION ( 'NONE',  ( 6.570922257487897174E-16, 0.000000000000000000, -1.000000000000000000 ) ) ;
#8055 = ORIENTED_EDGE ( 'NONE', *, *, #3477, .T. ) ;
#8056 = ADVANCED_FACE ( 'NONE', ( #10276 ), #1258, .F. ) ;
#8057 = DIRECTION ( 'NONE',  ( -0.8538509376029433939, -2.303454356596169612E-16, 0.5205176042696101346 ) ) ;
#8058 = AXIS2_PLACEMENT_3D ( 'NONE', #2767, #2821, #6431 ) ;
#8059 = DIRECTION ( 'NONE',  ( -1.000000000000000000, -0.000000000000000000, -0.000000000000000000 ) ) ;
#8060 = ORIENTED_EDGE ( 'NONE', *, *, #7646, .T. ) ;
#8061 = CARTESIAN_POINT ( 'NONE',  ( -0.8249999999999999556, 0.08000000000000000167, -0.1749999999999994893 ) ) ;
#8062 = MANIFOLD_SOLID_BREP ( 'LPattern1[11]', #9442 ) ;
#8063 = ORIENTED_EDGE ( 'NONE', *, *, #4159, .T. ) ;
#8064 = PLANE ( 'NONE',  #10405 ) ;
#8065 = FACE_OUTER_BOUND ( 'NONE', #11100, .T. ) ;
#8066 = VERTEX_POINT ( 'NONE', #4831 ) ;
#8067 = DIRECTION ( 'NONE',  ( 0.000000000000000000, 0.000000000000000000, -1.000000000000000000 ) ) ;
#8068 = ORIENTED_EDGE ( 'NONE', *, *, #5483, .T. ) ;
#8069 = DIRECTION ( 'NONE',  ( 0.000000000000000000, -1.000000000000000000, 0.000000000000000000 ) ) ;
#8070 = COLOUR_RGB ( '',1.000000000000000000, 1.000000000000000000, 1.000000000000000000 ) ;
#8071 = EDGE_CURVE ( 'NONE', #6712, #9356, #7376, .T. ) ;
#8072 = EDGE_CURVE ( 'NONE', #1901, #7342, #5765, .T. ) ;
#8073 = ORIENTED_EDGE ( 'NONE', *, *, #477, .T. ) ;
#8074 = DIRECTION ( 'NONE',  ( 0.000000000000000000, -1.000000000000000000, -1.355252715606876598E-16 ) ) ;
#8075 = VERTEX_POINT ( 'NONE', #9571 ) ;
#8076 = DIRECTION ( 'NONE',  ( 0.000000000000000000, 0.000000000000000000, 1.000000000000000000 ) ) ;
#8077 = LINE ( 'NONE', #10635, #7920 ) ;
#8078 = CARTESIAN_POINT ( 'NONE',  ( -2.254999999999999449, 0.5329422863405998134, 0.2449999999999999956 ) ) ;
#8079 = DIRECTION ( 'NONE',  ( 0.000000000000000000, 1.000000000000000000, 9.035018104045866996E-16 ) ) ;
#8080 = CARTESIAN_POINT ( 'NONE',  ( -2.104999999999999538, 0.8150000000000001688, 0.2450000000000000511 ) ) ;
#8081 = EDGE_CURVE ( 'NONE', #2711, #2979, #6717, .T. ) ;
#8082 = CARTESIAN_POINT ( 'NONE',  ( -2.254999999999999449, 0.2900000000000002021, 0.8250000000000005107 ) ) ;
#8083 = LINE ( 'NONE', #929, #598 ) ;
#8084 = ORIENTED_EDGE ( 'NONE', *, *, #9166, .F. ) ;
#8085 = ADVANCED_FACE ( 'NONE', ( #9507 ), #11130, .T. ) ;
#8086 = CARTESIAN_POINT ( 'NONE',  ( 1.175000000000000044, 0.7408666514389177227, 2.512987586845043531 ) ) ;
#8087 = EDGE_CURVE ( 'NONE', #8767, #11523, #317, .T. ) ;
#8088 = FACE_OUTER_BOUND ( 'NONE', #3246, .T. ) ;
#8089 = EDGE_CURVE ( 'NONE', #8323, #4520, #3777, .T. ) ;
#8090 = DIRECTION ( 'NONE',  ( 0.000000000000000000, 0.9659258262890680902, 0.2588190451025211281 ) ) ;
#8091 = CARTESIAN_POINT ( 'NONE',  ( -0.3249999999999997891, 0.6800000000000001599, 0.4449999999999996736 ) ) ;
#8092 = CARTESIAN_POINT ( 'NONE',  ( -1.175000000000000044, 0.4050000000000000266, -0.07499999999999942824 ) ) ;
#8093 = DIRECTION ( 'NONE',  ( 0.000000000000000000, -3.439160614977207662E-32, -1.000000000000000000 ) ) ;
#8094 = CARTESIAN_POINT ( 'NONE',  ( -2.104999999999999982, 0.9250000000001167288, 2.724999999999276667 ) ) ;
#8095 = DIRECTION ( 'NONE',  ( 1.000000000000000000, 0.000000000000000000, -0.000000000000000000 ) ) ;
#8096 = ADVANCED_FACE ( 'NONE', ( #2155 ), #8483, .T. ) ;
#8097 = UNCERTAINTY_MEASURE_WITH_UNIT (LENGTH_MEASURE( 1.000000000000000082E-05 ), #10212, 'distance_accuracy_value', 'NONE');
#8098 = CARTESIAN_POINT ( 'NONE',  ( 2.049999999999999822, 0.7500000000000002220, 0.5949999999999996403 ) ) ;
#8099 = ORIENTED_EDGE ( 'NONE', *, *, #11095, .T. ) ;
#8100 = CIRCLE ( 'NONE', #7720, 0.1499999999999999667 ) ;
#8101 = MANIFOLD_SOLID_BREP ( 'Boss-Extrude3', #8697 ) ;
#8102 = FACE_OUTER_BOUND ( 'NONE', #11247, .T. ) ;
#8103 = ORIENTED_EDGE ( 'NONE', *, *, #2077, .F. ) ;
#8104 = DIRECTION ( 'NONE',  ( -1.000000000000000000, 0.000000000000000000, -1.219727444046192242E-16 ) ) ;
#8105 = DIRECTION ( 'NONE',  ( 1.000000000000000000, -1.837630800822892264E-16, 0.000000000000000000 ) ) ;
#8106 = ORIENTED_EDGE ( 'NONE', *, *, #3438, .T. ) ;
#8107 = DIRECTION ( 'NONE',  ( 3.053953623856004041E-17, 0.9681476403781075213, 0.2503800040544424954 ) ) ;
#8108 = ORIENTED_EDGE ( 'NONE', *, *, #1479, .F. ) ;
#8109 = DIRECTION ( 'NONE',  ( -1.000000000000000000, -0.000000000000000000, -0.000000000000000000 ) ) ;
#8110 = EDGE_CURVE ( 'NONE', #8359, #3774, #3969, .T. ) ;
#8111 = DIRECTION ( 'NONE',  ( 0.000000000000000000, -0.000000000000000000, 1.000000000000000000 ) ) ;
#8112 = EDGE_LOOP ( 'NONE', ( #9618, #1403, #7829, #880 ) ) ;
#8113 = CARTESIAN_POINT ( 'NONE',  ( -2.104999999999999982, 0.9000000000000002442, 2.124999999999999556 ) ) ;
#8114 = ORIENTED_EDGE ( 'NONE', *, *, #6854, .T. ) ;
#8115 = DIRECTION ( 'NONE',  ( 1.000000000000000000, 0.000000000000000000, 0.000000000000000000 ) ) ;
#8116 = CARTESIAN_POINT ( 'NONE',  ( -0.8249999999999999556, 0.6800000000000001599, 0.8249999999999999556 ) ) ;
#8117 = ORIENTED_EDGE ( 'NONE', *, *, #7870, .T. ) ;
#8118 =( NAMED_UNIT ( * ) PLANE_ANGLE_UNIT ( ) SI_UNIT ( $, .RADIAN. ) );
#8119 = ADVANCED_FACE ( 'NONE', ( #3450 ), #8900, .F. ) ;
#8120 = LINE ( 'NONE', #26, #10337 ) ;
#8121 = ORIENTED_EDGE ( 'NONE', *, *, #11684, .T. ) ;
#8122 = DIRECTION ( 'NONE',  ( -1.000000000000000000, -0.000000000000000000, -0.000000000000000000 ) ) ;
#8123 = ORIENTED_EDGE ( 'NONE', *, *, #4045, .F. ) ;
#8124 = ORIENTED_EDGE ( 'NONE', *, *, #10485, .T. ) ;
#8125 = LINE ( 'NONE', #11627, #4769 ) ;
#8126 = LINE ( 'NONE', #1684, #10876 ) ;
#8127 = DIRECTION ( 'NONE',  ( -1.000000000000000000, -0.000000000000000000, -0.000000000000000000 ) ) ;
#8128 = CARTESIAN_POINT ( 'NONE',  ( -0.8249999999999999556, 0.6800000000000001599, 0.4949999999999995515 ) ) ;
#8129 = VECTOR ( 'NONE', #6015, 1000.000000000000000 ) ;
#8130 = PLANE ( 'NONE',  #3619 ) ;
#8131 = ORIENTED_EDGE ( 'NONE', *, *, #9182, .F. ) ;
#8132 = SURFACE_STYLE_FILL_AREA ( #4576 ) ;
#8133 = ADVANCED_FACE ( 'NONE', ( #6180 ), #7841, .T. ) ;
#8134 = AXIS2_PLACEMENT_3D ( 'NONE', #2271, #372, #6904 ) ;
#8135 = CARTESIAN_POINT ( 'NONE',  ( -0.6750000000000000444, 0.6910569165342941300, 2.517345373982429635 ) ) ;
#8136 = DIRECTION ( 'NONE',  ( -1.000000000000000000, 0.000000000000000000, -1.219727444046192242E-16 ) ) ;
#8137 = EDGE_CURVE ( 'NONE', #1670, #1918, #10039, .T. ) ;
#8138 = STYLED_ITEM ( 'NONE', ( #1953 ), #8194 ) ;
#8139 = ADVANCED_FACE ( 'NONE', ( #8015 ), #10624, .F. ) ;
#8140 = CARTESIAN_POINT ( 'NONE',  ( 1.955000000000000071, 0.1000000000000001305, 2.125000000000000000 ) ) ;
#8141 = CIRCLE ( 'NONE', #10051, 0.07499999999999998335 ) ;
#8142 = DIRECTION ( 'NONE',  ( 0.000000000000000000, -0.08715574274767398655, -0.9961946980917439909 ) ) ;
#8143 = EDGE_CURVE ( 'NONE', #8349, #2387, #2617, .T. ) ;
#8144 = CARTESIAN_POINT ( 'NONE',  ( 0.1750000000000000167, 0.8950000000000001288, 0.5327497731395587355 ) ) ;
#8145 = CARTESIAN_POINT ( 'NONE',  ( 2.254999999999999893, 0.8300000000000000711, 0.3949999999999996292 ) ) ;
#8146 = DIRECTION ( 'NONE',  ( 0.8888888888888889506, -2.027337903257085151E-16, 0.4581228472908511207 ) ) ;
#8147 = EDGE_CURVE ( 'NONE', #11431, #9033, #1731, .T. ) ;
#8148 = CARTESIAN_POINT ( 'NONE',  ( -2.104999999999999538, 0.5329422863405998134, 0.2200000000000001676 ) ) ;
#8149 = CIRCLE ( 'NONE', #3041, 0.05000000000003655687 ) ;
#8150 = AXIS2_PLACEMENT_3D ( 'NONE', #941, #8146, #54 ) ;
#8151 = MANIFOLD_SOLID_BREP ( 'Boss-Extrude2[2]', #11118 ) ;
#8152 = EDGE_CURVE ( 'NONE', #6646, #8892, #9630, .T. ) ;
#8153 = ORIENTED_EDGE ( 'NONE', *, *, #6205, .F. ) ;
#8154 = FACE_OUTER_BOUND ( 'NONE', #8984, .T. ) ;
#8155 = AXIS2_PLACEMENT_3D ( 'NONE', #27, #181, #11008 ) ;
#8156 = DIRECTION ( 'NONE',  ( -0.000000000000000000, 1.000000000000000000, 0.000000000000000000 ) ) ;
#8157 = DIRECTION ( 'NONE',  ( 0.000000000000000000, 0.000000000000000000, 1.000000000000000000 ) ) ;
#8158 =( GEOMETRIC_REPRESENTATION_CONTEXT ( 3 ) GLOBAL_UNCERTAINTY_ASSIGNED_CONTEXT ( ( #8097 ) ) GLOBAL_UNIT_ASSIGNED_CONTEXT ( ( #10212, #1859, #10038 ) ) REPRESENTATION_CONTEXT ( 'NONE', 'WORKASPACE' ) );
#8159 = ORIENTED_EDGE ( 'NONE', *, *, #2642, .F. ) ;
#8160 = FACE_OUTER_BOUND ( 'NONE', #10594, .T. ) ;
#8161 = FILL_AREA_STYLE ('',( #4547 ) ) ;
#8162 = DIRECTION ( 'NONE',  ( -1.000000000000000000, 0.000000000000000000, 0.000000000000000000 ) ) ;
#8163 = ORIENTED_EDGE ( 'NONE', *, *, #634, .F. ) ;
#8164 = VECTOR ( 'NONE', #9408, 1000.000000000000000 ) ;
#8165 = CARTESIAN_POINT ( 'NONE',  ( 1.449999999999999956, 0.4099999999999999756, -0.2050000000000008205 ) ) ;
#8166 = AXIS2_PLACEMENT_3D ( 'NONE', #10901, #10024, #1897 ) ;
#8167 = CARTESIAN_POINT ( 'NONE',  ( -0.1750000000000000167, 0.3800000000000000044, -0.1749999999999994060 ) ) ;
#8168 = ORIENTED_EDGE ( 'NONE', *, *, #414, .F. ) ;
#8169 = DIRECTION ( 'NONE',  ( 0.000000000000000000, -1.000000000000000000, 0.000000000000000000 ) ) ;
#8170 = MANIFOLD_SOLID_BREP ( 'Boss-Extrude6[3]', #3749 ) ;
#8171 = ORIENTED_EDGE ( 'NONE', *, *, #9275, .F. ) ;
#8172 = FACE_OUTER_BOUND ( 'NONE', #11074, .T. ) ;
#8173 = DIRECTION ( 'NONE',  ( 0.000000000000000000, 0.000000000000000000, 1.000000000000000000 ) ) ;
#8174 = VERTEX_POINT ( 'NONE', #8285 ) ;
#8175 = VECTOR ( 'NONE', #4094, 1000.000000000000000 ) ;
#8176 = LINE ( 'NONE', #7573, #4370 ) ;
#8177 =( GEOMETRIC_REPRESENTATION_CONTEXT ( 3 ) GLOBAL_UNCERTAINTY_ASSIGNED_CONTEXT ( ( #2279 ) ) GLOBAL_UNIT_ASSIGNED_CONTEXT ( ( #5543, #9041, #3700 ) ) REPRESENTATION_CONTEXT ( 'NONE', 'WORKASPACE' ) );
#8178 = VERTEX_POINT ( 'NONE', #5463 ) ;
#8179 = CARTESIAN_POINT ( 'NONE',  ( 2.049999999999999822, 0.6800000000000001599, 0.5949999999999996403 ) ) ;
#8180 = ORIENTED_EDGE ( 'NONE', *, *, #9469, .T. ) ;
#8181 = LINE ( 'NONE', #4687, #3497 ) ;
#8182 = EDGE_CURVE ( 'NONE', #4070, #3132, #6122, .T. ) ;
#8183 = VECTOR ( 'NONE', #418, 1000.000000000000000 ) ;
#8184 = CYLINDRICAL_SURFACE ( 'NONE', #1650, 0.07499999999999998335 ) ;
#8185 = ORIENTED_EDGE ( 'NONE', *, *, #5133, .T. ) ;
#8186 = CARTESIAN_POINT ( 'NONE',  ( 0.6750000000000000444, 0.4050000000000000266, -0.07499999999999942824 ) ) ;
#8187 = CARTESIAN_POINT ( 'NONE',  ( -0.1750000000000000167, 0.4249999987231686815, 2.505000000000000338 ) ) ;
#8188 = EDGE_LOOP ( 'NONE', ( #4302, #5915, #4046, #6001 ) ) ;
#8189 = VERTEX_POINT ( 'NONE', #8339 ) ;
#8190 = CARTESIAN_POINT ( 'NONE',  ( -1.764999999999999902, 0.7250000000000001998, 1.525000000000000355 ) ) ;
#8191 = VECTOR ( 'NONE', #5351, 1000.000000000000000 ) ;
#8192 = VERTEX_POINT ( 'NONE', #9971 ) ;
#8193 = CARTESIAN_POINT ( 'NONE',  ( -0.1750000000000000167, 0.08000000000000001554, -0.1749999999999994893 ) ) ;
#8194 = MANIFOLD_SOLID_BREP ( 'LPattern1[12]', #2998 ) ;
#8195 = VECTOR ( 'NONE', #10924, 1000.000000000000000 ) ;
#8196 = VERTEX_POINT ( 'NONE', #10077 ) ;
#8197 = CARTESIAN_POINT ( 'NONE',  ( 1.324999999999999956, 0.7250000000000001998, 2.577500000000000568 ) ) ;
#8198 = PLANE ( 'NONE',  #7086 ) ;
#8199 = AXIS2_PLACEMENT_3D ( 'NONE', #1721, #8057, #10836 ) ;
#8200 = EDGE_CURVE ( 'NONE', #10511, #4271, #4730, .T. ) ;
#8201 = CARTESIAN_POINT ( 'NONE',  ( -2.104999999999999982, 0.09044228633934728312, 2.158349364905389312 ) ) ;
#8202 = CARTESIAN_POINT ( 'NONE',  ( -2.254999999999999893, 1.025000000000116929, 2.624999999999276135 ) ) ;
#8203 = LINE ( 'NONE', #511, #4446 ) ;
#8204 = FACE_OUTER_BOUND ( 'NONE', #6580, .T. ) ;
#8205 = DIRECTION ( 'NONE',  ( 0.000000000000000000, -1.000000000000000000, 0.000000000000000000 ) ) ;
#8206 = DIRECTION ( 'NONE',  ( -1.000000000000000000, -0.000000000000000000, -0.000000000000000000 ) ) ;
#8207 = CARTESIAN_POINT ( 'NONE',  ( -0.3250000000000000111, 0.6800000000000001599, 0.4949999999999995515 ) ) ;
#8208 = CARTESIAN_POINT ( 'NONE',  ( 2.104999999999999538, 0.3650000000000000466, -0.004999999999999878673 ) ) ;
#8209 = EDGE_CURVE ( 'NONE', #2013, #2434, #7463, .T. ) ;
#8210 = MANIFOLD_SOLID_BREP ( 'Boss-Extrude6[2]', #9649 ) ;
#8211 = EDGE_CURVE ( 'NONE', #10187, #8305, #8176, .T. ) ;
#8212 = EDGE_CURVE ( 'NONE', #10940, #9185, #5505, .T. ) ;
#8213 = ORIENTED_EDGE ( 'NONE', *, *, #4249, .F. ) ;
#8214 = CARTESIAN_POINT ( 'NONE',  ( -2.104999999999999538, 1.000000000000000222, 1.149999999999277156 ) ) ;
#8215 = VECTOR ( 'NONE', #1067, 1000.000000000000000 ) ;
#8216 = VERTEX_POINT ( 'NONE', #9489 ) ;
#8217 = LINE ( 'NONE', #3831, #11152 ) ;
#8218 = AXIS2_PLACEMENT_3D ( 'NONE', #7873, #400, #6745 ) ;
#8219 = VECTOR ( 'NONE', #6929, 1000.000000000000000 ) ;
#8220 = EDGE_CURVE ( 'NONE', #10188, #7958, #5332, .T. ) ;
#8221 = CARTESIAN_POINT ( 'NONE',  ( -2.104999999999999982, 0.7249999999999575673, 2.154999999999999805 ) ) ;
#8222 = ORIENTED_EDGE ( 'NONE', *, *, #3161, .T. ) ;
#8223 = EDGE_CURVE ( 'NONE', #1727, #11514, #11151, .T. ) ;
#8224 = VECTOR ( 'NONE', #3706, 1000.000000000000000 ) ;
#8225 = VERTEX_POINT ( 'NONE', #2259 ) ;
#8226 = ORIENTED_EDGE ( 'NONE', *, *, #9514, .F. ) ;
#8227 = DIRECTION ( 'NONE',  ( -1.000000000000000000, -0.000000000000000000, -6.570922257487897174E-16 ) ) ;
#8228 = ORIENTED_EDGE ( 'NONE', *, *, #5556, .T. ) ;
#8229 = MANIFOLD_SOLID_BREP ( 'LPattern1[2]', #7345 ) ;
#8230 = CARTESIAN_POINT ( 'NONE',  ( 1.850000000000000089, 1.050000000000000044, -0.8049999999999993827 ) ) ;
#8231 = CARTESIAN_POINT ( 'NONE',  ( -2.104999999999999982, 0.9250000000001167288, 2.624999999999276135 ) ) ;
#8232 = CIRCLE ( 'NONE', #9189, 0.1499999999999999667 ) ;
#8233 = CARTESIAN_POINT ( 'NONE',  ( 0.3250000000000001776, 0.7500000000000002220, 0.3949999999999995182 ) ) ;
#8234 = ORIENTED_EDGE ( 'NONE', *, *, #6484, .F. ) ;
#8235 = LINE ( 'NONE', #137, #7595 ) ;
#8236 = VERTEX_POINT ( 'NONE', #2200 ) ;
#8237 = EDGE_CURVE ( 'NONE', #6230, #6624, #9715, .T. ) ;
#8238 = CARTESIAN_POINT ( 'NONE',  ( 2.104999999999999982, 0.09044228633934747741, 2.158349364905389312 ) ) ;
#8239 = DIRECTION ( 'NONE',  ( 1.000000000000000000, 0.000000000000000000, 0.000000000000000000 ) ) ;
#8240 = DIRECTION ( 'NONE',  ( -1.000000000000000000, -0.000000000000000000, -1.219727444046192242E-16 ) ) ;
#8241 = CARTESIAN_POINT ( 'NONE',  ( -0.8249999999999999556, 0.8950000000000001288, 0.4949999999999995515 ) ) ;
#8242 = ORIENTED_EDGE ( 'NONE', *, *, #10755, .T. ) ;
#8243 = LINE ( 'NONE', #309, #9046 ) ;
#8244 = LINE ( 'NONE', #6645, #874 ) ;
#8245 = EDGE_CURVE ( 'NONE', #6092, #9797, #1594, .T. ) ;
#8246 = DIRECTION ( 'NONE',  ( 0.000000000000000000, -1.000000000000000000, 0.000000000000000000 ) ) ;
#8247 = ORIENTED_EDGE ( 'NONE', *, *, #4096, .F. ) ;
#8248 = CARTESIAN_POINT ( 'NONE',  ( 1.175000000000000044, 0.6800000000000001599, 0.4949999999999995515 ) ) ;
#8249 = CARTESIAN_POINT ( 'NONE',  ( -1.665000000000000036, 0.5450000000000000400, 0.6900000000000016120 ) ) ;
#8250 = VERTEX_POINT ( 'NONE', #5748 ) ;
#8251 = DIRECTION ( 'NONE',  ( -1.000000000000000000, -0.000000000000000000, -0.000000000000000000 ) ) ;
#8252 = LINE ( 'NONE', #10968, #3329 ) ;
#8253 = ORIENTED_EDGE ( 'NONE', *, *, #9322, .F. ) ;
#8254 = DIRECTION ( 'NONE',  ( -1.000000000000000000, -0.000000000000000000, -0.000000000000000000 ) ) ;
#8255 = DIRECTION ( 'NONE',  ( 0.000000000000000000, 0.000000000000000000, 1.000000000000000000 ) ) ;
#8256 = LINE ( 'NONE', #9938, #1008 ) ;
#8257 = DIRECTION ( 'NONE',  ( 0.000000000000000000, -0.000000000000000000, -1.000000000000000000 ) ) ;
#8258 = CARTESIAN_POINT ( 'NONE',  ( -2.104999999999999538, 0.3400000000000003575, 0.1750000000000000444 ) ) ;
#8259 = PLANE ( 'NONE',  #7971 ) ;
#8260 = DIRECTION ( 'NONE',  ( -1.000000000000000000, 0.000000000000000000, 0.000000000000000000 ) ) ;
#8261 = CARTESIAN_POINT ( 'NONE',  ( 1.175000000000000044, 0.8214213562373096078, 0.4949999999999995515 ) ) ;
#8262 = EDGE_CURVE ( 'NONE', #10619, #4251, #1534, .T. ) ;
#8263 = MANIFOLD_SOLID_BREP ( 'Boss-Extrude2[3]', #8494 ) ;
#8264 = ORIENTED_EDGE ( 'NONE', *, *, #11405, .T. ) ;
#8265 = DIRECTION ( 'NONE',  ( 0.000000000000000000, -1.000000000000000000, -1.999553186960971874E-15 ) ) ;
#8266 = DIRECTION ( 'NONE',  ( -0.000000000000000000, 1.000000000000000000, -0.000000000000000000 ) ) ;
#8267 = LINE ( 'NONE', #10235, #101 ) ;
#8268 = ORIENTED_EDGE ( 'NONE', *, *, #8978, .F. ) ;
#8269 = DIRECTION ( 'NONE',  ( 0.000000000000000000, -2.710505431213760592E-16, 1.000000000000000000 ) ) ;
#8270 = ADVANCED_FACE ( 'NONE', ( #6634 ), #4873, .F. ) ;
#8271 = EDGE_CURVE ( 'NONE', #9478, #2081, #11645, .T. ) ;
#8272 = ORIENTED_EDGE ( 'NONE', *, *, #9039, .F. ) ;
#8273 = EDGE_CURVE ( 'NONE', #7378, #7826, #1, .T. ) ;
#8274 = CARTESIAN_POINT ( 'NONE',  ( -1.684999999999999831, 0.1000000000000001305, -0.07500000000000003886 ) ) ;
#8275 = ORIENTED_EDGE ( 'NONE', *, *, #6274, .F. ) ;
#8276 = CARTESIAN_POINT ( 'NONE',  ( -0.6750000000000000444, 0.1000000000000001305, -0.07500000000000003886 ) ) ;
#8277 = ORIENTED_EDGE ( 'NONE', *, *, #5972, .F. ) ;
#8278 = ADVANCED_FACE ( 'NONE', ( #5442 ), #7148, .F. ) ;
#8279 = CARTESIAN_POINT ( 'NONE',  ( -0.1749999999999998224, 0.6800000000000001599, 0.4449999999999996736 ) ) ;
#8280 = MECHANICAL_DESIGN_GEOMETRIC_PRESENTATION_REPRESENTATION (  '', ( #5290 ), #8484 ) ;
#8281 = CARTESIAN_POINT ( 'NONE',  ( -2.375000000000000444, 1.050000000000000044, -0.07499999999999998335 ) ) ;
#8282 = EDGE_CURVE ( 'NONE', #11084, #3324, #997, .T. ) ;
#8283 = CARTESIAN_POINT ( 'NONE',  ( -1.174999999999999822, 0.7500000000000002220, 0.5949999999999996403 ) ) ;
#8284 = EDGE_CURVE ( 'NONE', #10397, #3107, #2763, .T. ) ;
#8285 = CARTESIAN_POINT ( 'NONE',  ( -2.104999999999999982, 0.1029422863393472526, 2.154999999999999805 ) ) ;
#8286 = CIRCLE ( 'NONE', #4909, 0.07499999999999998335 ) ;
#8287 = LINE ( 'NONE', #179, #885 ) ;
#8288 = ORIENTED_EDGE ( 'NONE', *, *, #4752, .T. ) ;
#8289 = CARTESIAN_POINT ( 'NONE',  ( -2.254999999999999449, 0.7650000000000001243, 0.7606385001764666143 ) ) ;
#8290 = ORIENTED_EDGE ( 'NONE', *, *, #8601, .T. ) ;
#8291 = AXIS2_PLACEMENT_3D ( 'NONE', #6218, #4451, #9184 ) ;
#8292 = CARTESIAN_POINT ( 'NONE',  ( 0.6750000000000000444, 0.6800000000000001599, 0.8249999999999999556 ) ) ;
#8293 = CARTESIAN_POINT ( 'NONE',  ( -1.324999999999999956, 0.1000000000000001027, 0.1250000000000005551 ) ) ;
#8294 = CARTESIAN_POINT ( 'NONE',  ( 2.254999999999999449, 1.000000000000000222, 1.199999999999277200 ) ) ;
#8295 = VERTEX_POINT ( 'NONE', #11591 ) ;
#8296 = LINE ( 'NONE', #2914, #2801 ) ;
#8297 = DIRECTION ( 'NONE',  ( -0.000000000000000000, 0.000000000000000000, 1.000000000000000000 ) ) ;
#8298 = ORIENTED_EDGE ( 'NONE', *, *, #10548, .F. ) ;
#8299 = ORIENTED_EDGE ( 'NONE', *, *, #2007, .T. ) ;
#8300 = CARTESIAN_POINT ( 'NONE',  ( 2.104999999999999538, 0.5329422863405998134, 0.2449999999999999956 ) ) ;
#8301 = EDGE_CURVE ( 'NONE', #2333, #6065, #8995, .T. ) ;
#8302 = ORIENTED_EDGE ( 'NONE', *, *, #2642, .T. ) ;
#8303 = LINE ( 'NONE', #8193, #2082 ) ;
#8304 = LINE ( 'NONE', #3275, #6448 ) ;
#8305 = VERTEX_POINT ( 'NONE', #895 ) ;
#8306 = SURFACE_STYLE_FILL_AREA ( #8558 ) ;
#8307 = ADVANCED_FACE ( 'NONE', ( #8876 ), #10768, .T. ) ;
#8308 = ORIENTED_EDGE ( 'NONE', *, *, #1637, .T. ) ;
#8309 = CARTESIAN_POINT ( 'NONE',  ( 0.8250000000000001776, 0.6800000000000001599, 0.4949999999999995515 ) ) ;
#8310 = DIRECTION ( 'NONE',  ( 0.000000000000000000, 0.000000000000000000, 1.000000000000000000 ) ) ;
#8311 = FACE_OUTER_BOUND ( 'NONE', #11657, .T. ) ;
#8312 = CARTESIAN_POINT ( 'NONE',  ( -1.175000000000000044, 0.3350000000000001310, 2.125000000000000000 ) ) ;
#8313 = DIRECTION ( 'NONE',  ( 0.6246950475544267301, -0.7808688094430283888, 0.000000000000000000 ) ) ;
#8314 = CARTESIAN_POINT ( 'NONE',  ( 0.6750000000000000444, 0.4249999987231687371, 2.517714491643439079 ) ) ;
#8315 = VECTOR ( 'NONE', #4090, 1000.000000000000000 ) ;
#8316 = DIRECTION ( 'NONE',  ( 0.000000000000000000, 0.000000000000000000, -1.000000000000000000 ) ) ;
#8317 = VECTOR ( 'NONE', #11278, 1000.000000000000000 ) ;
#8318 = LINE ( 'NONE', #3822, #260 ) ;
#8319 = SURFACE_SIDE_STYLE ('',( #7616 ) ) ;
#8320 = ORIENTED_EDGE ( 'NONE', *, *, #2306, .T. ) ;
#8321 = CARTESIAN_POINT ( 'NONE',  ( -2.049999999999999822, 0.4099999999999999756, -0.2050000000000003209 ) ) ;
#8322 = DIRECTION ( 'NONE',  ( 0.000000000000000000, 0.000000000000000000, 1.000000000000000000 ) ) ;
#8323 = VERTEX_POINT ( 'NONE', #1764 ) ;
#8324 = PLANE ( 'NONE',  #5891 ) ;
#8325 = AXIS2_PLACEMENT_3D ( 'NONE', #6213, #841, #8054 ) ;
#8326 = DIRECTION ( 'NONE',  ( -1.219727444046192242E-16, 0.000000000000000000, 1.000000000000000000 ) ) ;
#8327 = ORIENTED_EDGE ( 'NONE', *, *, #7539, .F. ) ;
#8328 = VERTEX_POINT ( 'NONE', #2647 ) ;
#8329 = DIRECTION ( 'NONE',  ( 0.000000000000000000, -0.000000000000000000, 1.000000000000000000 ) ) ;
#8330 = DIRECTION ( 'NONE',  ( 0.000000000000000000, -1.000000000000000000, 0.000000000000000000 ) ) ;
#8331 = VECTOR ( 'NONE', #7028, 1000.000000000000000 ) ;
#8332 = AXIS2_PLACEMENT_3D ( 'NONE', #2172, #577, #4904 ) ;
#8333 = ORIENTED_EDGE ( 'NONE', *, *, #9024, .F. ) ;
#8334 = EDGE_CURVE ( 'NONE', #9558, #6987, #4537, .T. ) ;
#8335 = CARTESIAN_POINT ( 'NONE',  ( 0.1750000000000000167, 0.8950000000000001288, 0.4949999999999995515 ) ) ;
#8336 = FACE_OUTER_BOUND ( 'NONE', #9692, .T. ) ;
#8337 = DIRECTION ( 'NONE',  ( -0.000000000000000000, 1.000000000000000000, -0.000000000000000000 ) ) ;
#8338 = EDGE_CURVE ( 'NONE', #504, #8481, #4548, .T. ) ;
#8339 = CARTESIAN_POINT ( 'NONE',  ( 2.254999999999999893, 1.025000000000116707, 1.799999999999277289 ) ) ;
#8340 = EDGE_CURVE ( 'NONE', #10731, #10309, #3981, .T. ) ;
#8341 = VERTEX_POINT ( 'NONE', #7981 ) ;
#8342 = VECTOR ( 'NONE', #3342, 1000.000000000000000 ) ;
#8343 = DIRECTION ( 'NONE',  ( -1.000000000000000000, -0.000000000000000000, -0.000000000000000000 ) ) ;
#8344 = ORIENTED_EDGE ( 'NONE', *, *, #5727, .F. ) ;
#8345 = ADVANCED_FACE ( 'NONE', ( #8932 ), #3479, .T. ) ;
#8346 = DIRECTION ( 'NONE',  ( 0.000000000000000000, 0.8191520442889922426, -0.5735764363510453823 ) ) ;
#8347 = DIRECTION ( 'NONE',  ( 1.000000000000000000, -0.000000000000000000, -1.219727444046192242E-16 ) ) ;
#8348 = ADVANCED_FACE ( 'NONE', ( #7263 ), #9776, .T. ) ;
#8349 = VERTEX_POINT ( 'NONE', #6319 ) ;
#8350 = FACE_OUTER_BOUND ( 'NONE', #9251, .T. ) ;
#8351 = VERTEX_POINT ( 'NONE', #9105 ) ;
#8352 = LINE ( 'NONE', #8476, #10575 ) ;
#8353 = CARTESIAN_POINT ( 'NONE',  ( -1.324999999999999956, 0.1000000000000001305, -0.07500000000000003886 ) ) ;
#8354 = EDGE_CURVE ( 'NONE', #1627, #5525, #10654, .T. ) ;
#8355 = ORIENTED_EDGE ( 'NONE', *, *, #3653, .T. ) ;
#8356 = ADVANCED_FACE ( 'NONE', ( #6206 ), #5494, .F. ) ;
#8357 = LINE ( 'NONE', #253, #8837 ) ;
#8358 = AXIS2_PLACEMENT_3D ( 'NONE', #7095, #11341, #2369 ) ;
#8359 = VERTEX_POINT ( 'NONE', #11526 ) ;
#8360 = DIRECTION ( 'NONE',  ( -1.000000000000000000, 0.000000000000000000, -0.000000000000000000 ) ) ;
#8361 = STYLED_ITEM ( 'NONE', ( #5716 ), #4261 ) ;
#8362 = ORIENTED_EDGE ( 'NONE', *, *, #1461, .T. ) ;
#8363 = DIRECTION ( 'NONE',  ( -1.000000000000000000, -0.000000000000000000, -0.000000000000000000 ) ) ;
#8364 = MANIFOLD_SOLID_BREP ( 'LPattern1[3]', #2 ) ;
#8365 = DIRECTION ( 'NONE',  ( 0.000000000000000000, 0.7071067811865489050, -0.7071067811865462405 ) ) ;
#8366 = ADVANCED_FACE ( 'NONE', ( #5553 ), #10714, .F. ) ;
#8367 = ORIENTED_EDGE ( 'NONE', *, *, #2785, .T. ) ;
#8368 =( LENGTH_UNIT ( ) NAMED_UNIT ( * ) SI_UNIT ( .MILLI., .METRE. ) );
#8369 = AXIS2_PLACEMENT_3D ( 'NONE', #3098, #10335, #11127 ) ;
#8370 = DIRECTION ( 'NONE',  ( -0.4103646773288018856, 0.000000000000000000, 0.9119215051751046186 ) ) ;
#8371 = EDGE_CURVE ( 'NONE', #2013, #6820, #8446, .T. ) ;
#8372 = EDGE_CURVE ( 'NONE', #8903, #9783, #10981, .T. ) ;
#8373 = VERTEX_POINT ( 'NONE', #11040 ) ;
#8374 = DIRECTION ( 'NONE',  ( 0.000000000000000000, -0.2503800040544424399, 0.9681476403781074103 ) ) ;
#8375 = SURFACE_STYLE_FILL_AREA ( #11140 ) ;
#8376 = AXIS2_PLACEMENT_3D ( 'NONE', #9563, #7523, #9431 ) ;
#8377 = LINE ( 'NONE', #10810, #640 ) ;
#8378 = LINE ( 'NONE', #3754, #5225 ) ;
#8379 = CARTESIAN_POINT ( 'NONE',  ( -1.684999999999999831, 0.05000000000000012768, 0.4249999999999999889 ) ) ;
#8380 = CIRCLE ( 'NONE', #642, 0.05000000000003655687 ) ;
#8381 = CARTESIAN_POINT ( 'NONE',  ( 2.104999999999999538, 0.3585295238724372502, 0.1991481456572266884 ) ) ;
#8382 = CARTESIAN_POINT ( 'NONE',  ( 2.049999999999999822, 1.050000000000000044, -0.8050000000000003819 ) ) ;
#8383 = VECTOR ( 'NONE', #4862, 1000.000000000000000 ) ;
#8384 = DIRECTION ( 'NONE',  ( 0.000000000000000000, 0.08715574274767397267, 0.9961946980917439909 ) ) ;
#8385 = DIRECTION ( 'NONE',  ( 0.000000000000000000, -0.000000000000000000, 1.000000000000000000 ) ) ;
#8386 = AXIS2_PLACEMENT_3D ( 'NONE', #11045, #7443, #3996 ) ;
#8387 = DIRECTION ( 'NONE',  ( 0.000000000000000000, -1.000000000000000000, 0.000000000000000000 ) ) ;
#8388 = AXIS2_PLACEMENT_3D ( 'NONE', #3101, #11382, #3273 ) ;
#8389 = CARTESIAN_POINT ( 'NONE',  ( -1.324999999999999956, 0.6999090492244378625, 2.541666408662616394 ) ) ;
#8390 = DIRECTION ( 'NONE',  ( 0.000000000000000000, 0.000000000000000000, -1.000000000000000000 ) ) ;
#8391 = ORIENTED_EDGE ( 'NONE', *, *, #2352, .T. ) ;
#8392 = CYLINDRICAL_SURFACE ( 'NONE', #519, 0.04999999999999999584 ) ;
#8393 = EDGE_CURVE ( 'NONE', #1980, #4449, #10928, .T. ) ;
#8394 = LINE ( 'NONE', #7447, #4460 ) ;
#8395 = VERTEX_POINT ( 'NONE', #8314 ) ;
#8396 = CARTESIAN_POINT ( 'NONE',  ( 1.955000000000000959, 0.05000000000000012768, 2.124999999999999556 ) ) ;
#8397 = AXIS2_PLACEMENT_3D ( 'NONE', #5663, #4978, #6741 ) ;
#8398 = VERTEX_POINT ( 'NONE', #9403 ) ;
#8399 = ORIENTED_EDGE ( 'NONE', *, *, #7131, .F. ) ;
#8400 = DIRECTION ( 'NONE',  ( 1.000000000000000000, 0.000000000000000000, 0.000000000000000000 ) ) ;
#8401 = ORIENTED_EDGE ( 'NONE', *, *, #3651, .F. ) ;
#8402 = CARTESIAN_POINT ( 'NONE',  ( -0.8249999999999999556, 0.8950000000000001288, 0.8249999999999999556 ) ) ;
#8403 = DIRECTION ( 'NONE',  ( -0.000000000000000000, 1.000000000000000000, -0.000000000000000000 ) ) ;
#8404 = ORIENTED_EDGE ( 'NONE', *, *, #1432, .F. ) ;
#8405 = DIRECTION ( 'NONE',  ( -0.000000000000000000, 1.000000000000000000, -0.000000000000000000 ) ) ;
#8406 = ORIENTED_EDGE ( 'NONE', *, *, #10824, .F. ) ;
#8407 = AXIS2_PLACEMENT_3D ( 'NONE', #4983, #3239, #9537 ) ;
#8408 = VECTOR ( 'NONE', #9535, 1000.000000000000000 ) ;
#8409 = CARTESIAN_POINT ( 'NONE',  ( 1.764999999999999902, 1.050000000000000044, 2.825000000000000178 ) ) ;
#8410 = CARTESIAN_POINT ( 'NONE',  ( 1.175000000000000044, 0.3749999987231322773, 2.517714491643438635 ) ) ;
#8411 = EDGE_CURVE ( 'NONE', #1526, #11541, #4707, .T. ) ;
#8412 = ORIENTED_EDGE ( 'NONE', *, *, #7141, .T. ) ;
#8413 = ORIENTED_EDGE ( 'NONE', *, *, #925, .F. ) ;
#8414 = ORIENTED_EDGE ( 'NONE', *, *, #2652, .F. ) ;
#8415 = DIRECTION ( 'NONE',  ( -0.000000000000000000, 1.000000000000000000, 0.000000000000000000 ) ) ;
#8416 = AXIS2_PLACEMENT_3D ( 'NONE', #5640, #1194, #2209 ) ;
#8417 = DIRECTION ( 'NONE',  ( 1.000000000000000000, 0.000000000000000000, 0.000000000000000000 ) ) ;
#8418 = EDGE_LOOP ( 'NONE', ( #9782, #3979, #7010, #5776 ) ) ;
#8419 = CARTESIAN_POINT ( 'NONE',  ( 1.324999999999999956, 0.3350000000000001310, 2.709999999999999964 ) ) ;
#8420 = ORIENTED_EDGE ( 'NONE', *, *, #8354, .F. ) ;
#8421 = DIRECTION ( 'NONE',  ( -0.000000000000000000, 1.000000000000000000, -0.000000000000000000 ) ) ;
#8422 = DIRECTION ( 'NONE',  ( 1.000000000000000000, 0.000000000000000000, 0.000000000000000000 ) ) ;
#8423 = VERTEX_POINT ( 'NONE', #2174 ) ;
#8424 = ORIENTED_EDGE ( 'NONE', *, *, #361, .T. ) ;
#8425 = DIRECTION ( 'NONE',  ( 0.000000000000000000, -1.000000000000000000, 0.000000000000000000 ) ) ;
#8426 = FACE_OUTER_BOUND ( 'NONE', #11469, .T. ) ;
#8427 = CIRCLE ( 'NONE', #6931, 0.1499999999999999667 ) ;
#8428 = VECTOR ( 'NONE', #4621, 1000.000000000000000 ) ;
#8429 = VERTEX_POINT ( 'NONE', #5784 ) ;
#8430 = VERTEX_POINT ( 'NONE', #1054 ) ;
#8431 = DIRECTION ( 'NONE',  ( -1.000000000000000000, -0.000000000000000000, -0.000000000000000000 ) ) ;
#8432 = ORIENTED_EDGE ( 'NONE', *, *, #1496, .F. ) ;
#8433 = ADVANCED_FACE ( 'NONE', ( #2940 ), #1276, .T. ) ;
#8434 = CARTESIAN_POINT ( 'NONE',  ( 0.000000000000000000, 0.000000000000000000, 0.000000000000000000 ) ) ;
#8435 = EDGE_CURVE ( 'NONE', #1716, #5671, #3707, .T. ) ;
#8436 = ORIENTED_EDGE ( 'NONE', *, *, #8964, .F. ) ;
#8437 = PLANE ( 'NONE',  #9526 ) ;
#8438 = EDGE_CURVE ( 'NONE', #7164, #1801, #4778, .T. ) ;
#8439 = CARTESIAN_POINT ( 'NONE',  ( -0.6750000000000000444, 0.3350000000000001310, 2.709999999999999964 ) ) ;
#8440 = DIRECTION ( 'NONE',  ( -1.000000000000000000, 0.000000000000000000, -1.219727444046192242E-16 ) ) ;
#8441 = CARTESIAN_POINT ( 'NONE',  ( 0.8250000000000001776, 0.8950000000000001288, 0.4949999999999995515 ) ) ;
#8442 = CARTESIAN_POINT ( 'NONE',  ( 2.104999999999999982, 0.01250000000000022968, 2.203349364904666263 ) ) ;
#8443 = DIRECTION ( 'NONE',  ( 0.000000000000000000, -1.000000000000000000, 0.000000000000000000 ) ) ;
#8444 = EDGE_CURVE ( 'NONE', #5343, #345, #3880, .T. ) ;
#8445 = FACE_OUTER_BOUND ( 'NONE', #10522, .T. ) ;
#8446 = LINE ( 'NONE', #6673, #9876 ) ;
#8447 = VECTOR ( 'NONE', #140, 1000.000000000000000 ) ;
#8448 = EDGE_CURVE ( 'NONE', #2650, #11252, #10056, .T. ) ;
#8449 = CARTESIAN_POINT ( 'NONE',  ( 1.381155281280883163, 1.000000000000000222, -0.7599999999999997868 ) ) ;
#8450 = LINE ( 'NONE', #11286, #3851 ) ;
#8451 = ORIENTED_EDGE ( 'NONE', *, *, #10766, .T. ) ;
#8452 = PLANE ( 'NONE',  #9012 ) ;
#8453 = CARTESIAN_POINT ( 'NONE',  ( 0.000000000000000000, 0.8950000000000001288, 0.000000000000000000 ) ) ;
#8454 = EDGE_CURVE ( 'NONE', #2612, #3385, #11092, .T. ) ;
#8455 = VERTEX_POINT ( 'NONE', #2878 ) ;
#8456 = CARTESIAN_POINT ( 'NONE',  ( 2.254999999999999893, 0.6800000000000001599, 0.4449999999999996736 ) ) ;
#8457 = ORIENTED_EDGE ( 'NONE', *, *, #9679, .F. ) ;
#8458 = DIRECTION ( 'NONE',  ( 0.000000000000000000, 0.000000000000000000, -1.000000000000000000 ) ) ;
#8459 = ORIENTED_EDGE ( 'NONE', *, *, #11582, .T. ) ;
#8460 = ORIENTED_EDGE ( 'NONE', *, *, #6629, .F. ) ;
#8461 = EDGE_CURVE ( 'NONE', #8225, #3020, #2989, .T. ) ;
#8462 = CARTESIAN_POINT ( 'NONE',  ( 1.684999999999999831, 0.05000000000000012768, 0.4249999999999999334 ) ) ;
#8463 = ORIENTED_EDGE ( 'NONE', *, *, #9747, .T. ) ;
#8464 = ORIENTED_EDGE ( 'NONE', *, *, #3844, .T. ) ;
#8465 = FACE_OUTER_BOUND ( 'NONE', #9759, .T. ) ;
#8466 = LINE ( 'NONE', #3078, #8723 ) ;
#8467 = CARTESIAN_POINT ( 'NONE',  ( 1.324999999999999956, 0.3615000000000000990, 2.125000000000000000 ) ) ;
#8468 = ORIENTED_EDGE ( 'NONE', *, *, #472, .F. ) ;
#8469 = AXIS2_PLACEMENT_3D ( 'NONE', #957, #9912, #79 ) ;
#8470 = ORIENTED_EDGE ( 'NONE', *, *, #5348, .F. ) ;
#8471 = DIRECTION ( 'NONE',  ( 0.000000000000000000, 0.000000000000000000, 1.000000000000000000 ) ) ;
#8472 = DIRECTION ( 'NONE',  ( 0.6246950475544267301, 0.7808688094430283888, 0.000000000000000000 ) ) ;
#8473 = EDGE_LOOP ( 'NONE', ( #1371, #535, #10456, #5404 ) ) ;
#8474 = CARTESIAN_POINT ( 'NONE',  ( 1.175000000000000044, 0.1000000000000001305, -0.07500000000000003886 ) ) ;
#8475 = ORIENTED_EDGE ( 'NONE', *, *, #9833, .T. ) ;
#8476 = CARTESIAN_POINT ( 'NONE',  ( 1.684999999999999831, 0.1000000000000001305, -0.07500000000000006661 ) ) ;
#8477 = ORIENTED_EDGE ( 'NONE', *, *, #8506, .T. ) ;
#8478 = CARTESIAN_POINT ( 'NONE',  ( 1.665000000000000036, 0.6800000000000000488, 0.8250000000000001776 ) ) ;
#8479 = EDGE_CURVE ( 'NONE', #8957, #5671, #10228, .T. ) ;
#8480 = VERTEX_POINT ( 'NONE', #11402 ) ;
#8481 = VERTEX_POINT ( 'NONE', #5031 ) ;
#8482 = PLANE ( 'NONE',  #61 ) ;
#8483 = CYLINDRICAL_SURFACE ( 'NONE', #9852, 0.02499999999999941505 ) ;
#8484 =( GEOMETRIC_REPRESENTATION_CONTEXT ( 3 ) GLOBAL_UNCERTAINTY_ASSIGNED_CONTEXT ( ( #203 ) ) GLOBAL_UNIT_ASSIGNED_CONTEXT ( ( #534, #5226, #4312 ) ) REPRESENTATION_CONTEXT ( 'NONE', 'WORKASPACE' ) );
#8485 = DIRECTION ( 'NONE',  ( -1.000000000000000000, -0.000000000000000000, -0.000000000000000000 ) ) ;
#8486 = ORIENTED_EDGE ( 'NONE', *, *, #8516, .F. ) ;
#8487 = FACE_OUTER_BOUND ( 'NONE', #7072, .T. ) ;
#8488 = ORIENTED_EDGE ( 'NONE', *, *, #3232, .T. ) ;
#8489 = APPLICATION_PROTOCOL_DEFINITION ( 'draft international standard', 'automotive_design', 1998, #11611 ) ;
#8490 = AXIS2_PLACEMENT_3D ( 'NONE', #2367, #581, #1469 ) ;
#8491 = ORIENTED_EDGE ( 'NONE', *, *, #3161, .F. ) ;
#8492 = DIRECTION ( 'NONE',  ( 0.000000000000000000, -2.536145432716774083E-16, -1.000000000000000000 ) ) ;
#8493 = ORIENTED_EDGE ( 'NONE', *, *, #8340, .F. ) ;
#8494 = CLOSED_SHELL ( 'NONE', ( #2045, #2790, #7066, #10633, #1749, #7740, #3227 ) ) ;
#8495 = PLANE ( 'NONE',  #1188 ) ;
#8496 = LINE ( 'NONE', #1982, #826 ) ;
#8497 = CARTESIAN_POINT ( 'NONE',  ( -0.3250000000000000111, 0.6910569165342941300, 2.517345373982429635 ) ) ;
#8498 = EDGE_CURVE ( 'NONE', #6521, #4089, #7858, .T. ) ;
#8499 = PLANE ( 'NONE',  #3779 ) ;
#8500 = CARTESIAN_POINT ( 'NONE',  ( 0.1750000000000000167, 0.07500000000000001110, 0.1500000000000005496 ) ) ;
#8501 = CARTESIAN_POINT ( 'NONE',  ( 1.175000000000000044, 1.792020331853238969E-17, 0.2250000000000005329 ) ) ;
#8502 = CARTESIAN_POINT ( 'NONE',  ( -1.175000000000000044, 0.1000000000000001305, -0.07500000000000003886 ) ) ;
#8503 = CARTESIAN_POINT ( 'NONE',  ( 2.500000000000000444, 0.05000000000000012768, -0.07500000000000003886 ) ) ;
#8504 = LINE ( 'NONE', #5905, #11378 ) ;
#8505 = CARTESIAN_POINT ( 'NONE',  ( 0.3250000000000000111, 0.7408666514389177227, 2.512987586845043531 ) ) ;
#8506 = EDGE_CURVE ( 'NONE', #2217, #5713, #9523, .T. ) ;
#8507 = CARTESIAN_POINT ( 'NONE',  ( -1.175000000000000044, 0.4249999987231687371, 2.517714491643439079 ) ) ;
#8508 = ADVANCED_FACE ( 'NONE', ( #3990 ), #11215, .F. ) ;
#8509 = CIRCLE ( 'NONE', #1701, 0.04999999999999991257 ) ;
#8510 = EDGE_CURVE ( 'NONE', #7856, #2561, #6080, .T. ) ;
#8511 = DIRECTION ( 'NONE',  ( 0.000000000000000000, 0.000000000000000000, -1.000000000000000000 ) ) ;
#8512 = VERTEX_POINT ( 'NONE', #11461 ) ;
#8513 = SURFACE_SIDE_STYLE ('',( #4178 ) ) ;
#8514 = EDGE_CURVE ( 'NONE', #11530, #7164, #9588, .T. ) ;
#8515 = CYLINDRICAL_SURFACE ( 'NONE', #4626, 0.02499999999999984873 ) ;
#8516 = EDGE_CURVE ( 'NONE', #9733, #6183, #1518, .T. ) ;
#8517 = CARTESIAN_POINT ( 'NONE',  ( -1.764999999999999902, 0.8250000000000003997, 2.825000000000000178 ) ) ;
#8518 = DIRECTION ( 'NONE',  ( 0.000000000000000000, -2.710505431213760592E-16, 1.000000000000000000 ) ) ;
#8519 =( LENGTH_UNIT ( ) NAMED_UNIT ( * ) SI_UNIT ( .MILLI., .METRE. ) );
#8520 = ORIENTED_EDGE ( 'NONE', *, *, #6464, .F. ) ;
#8521 = VERTEX_POINT ( 'NONE', #4171 ) ;
#8522 = PLANE ( 'NONE',  #10518 ) ;
#8523 = ORIENTED_EDGE ( 'NONE', *, *, #7201, .T. ) ;
#8524 = AXIS2_PLACEMENT_3D ( 'NONE', #5016, #1380, #5955 ) ;
#8525 = ORIENTED_EDGE ( 'NONE', *, *, #1336, .F. ) ;
#8526 = DIRECTION ( 'NONE',  ( 0.000000000000000000, 5.421010862427520198E-16, 1.000000000000000000 ) ) ;
#8527 = VECTOR ( 'NONE', #3727, 1000.000000000000000 ) ;
#8528 = EDGE_CURVE ( 'NONE', #2252, #7115, #10468, .T. ) ;
#8529 = DIRECTION ( 'NONE',  ( 1.000000000000000000, 0.000000000000000000, 0.000000000000000000 ) ) ;
#8530 = ORIENTED_EDGE ( 'NONE', *, *, #11579, .F. ) ;
#8531 = AXIS2_PLACEMENT_3D ( 'NONE', #1794, #9304, #6577 ) ;
#8532 = LINE ( 'NONE', #7693, #10037 ) ;
#8533 = DIRECTION ( 'NONE',  ( 0.000000000000000000, 0.000000000000000000, -1.000000000000000000 ) ) ;
#8534 = VECTOR ( 'NONE', #1593, 1000.000000000000000 ) ;
#8535 = VERTEX_POINT ( 'NONE', #8749 ) ;
#8536 = CARTESIAN_POINT ( 'NONE',  ( 1.175000000000000044, 0.07500000000000001110, 0.1500000000000005496 ) ) ;
#8537 = CARTESIAN_POINT ( 'NONE',  ( 1.324999999999999956, 0.4050000000000000266, -0.07499999999999942824 ) ) ;
#8538 = ORIENTED_EDGE ( 'NONE', *, *, #4509, .T. ) ;
#8539 = ORIENTED_EDGE ( 'NONE', *, *, #4245, .F. ) ;
#8540 = DIRECTION ( 'NONE',  ( -1.000000000000000000, 0.000000000000000000, 1.148519250514307542E-16 ) ) ;
#8541 = AXIS2_PLACEMENT_3D ( 'NONE', #8207, #8260, #109 ) ;
#8542 = VECTOR ( 'NONE', #7546, 1000.000000000000000 ) ;
#8543 = ORIENTED_EDGE ( 'NONE', *, *, #361, .F. ) ;
#8544 = LINE ( 'NONE', #2145, #7429 ) ;
#8545 = ORIENTED_EDGE ( 'NONE', *, *, #8595, .T. ) ;
#8546 = DIRECTION ( 'NONE',  ( 0.000000000000000000, 0.000000000000000000, -1.000000000000000000 ) ) ;
#8547 = ORIENTED_EDGE ( 'NONE', *, *, #981, .F. ) ;
#8548 = ORIENTED_EDGE ( 'NONE', *, *, #2937, .F. ) ;
#8549 = CARTESIAN_POINT ( 'NONE',  ( -2.254999999999999449, 0.8000000000000001554, 0.8250000000000000666 ) ) ;
#8550 = LINE ( 'NONE', #1442, #7035 ) ;
#8551 = CARTESIAN_POINT ( 'NONE',  ( 0.6750000000000000444, 8.735352324927245566E-18, 0.1500000000000005496 ) ) ;
#8552 = AXIS2_PLACEMENT_3D ( 'NONE', #5827, #501, #4100 ) ;
#8553 = PRESENTATION_STYLE_ASSIGNMENT (( #4951 ) ) ;
#8554 = DIRECTION ( 'NONE',  ( 1.000000000000000000, 0.000000000000000000, -0.000000000000000000 ) ) ;
#8555 = ORIENTED_EDGE ( 'NONE', *, *, #9773, .T. ) ;
#8556 = CYLINDRICAL_SURFACE ( 'NONE', #5908, 0.02499999999999992853 ) ;
#8557 = ORIENTED_EDGE ( 'NONE', *, *, #149, .F. ) ;
#8558 = FILL_AREA_STYLE ('',( #4839 ) ) ;
#8559 = VECTOR ( 'NONE', #3358, 1000.000000000000000 ) ;
#8560 = VERTEX_POINT ( 'NONE', #11282 ) ;
#8561 = UNCERTAINTY_MEASURE_WITH_UNIT (LENGTH_MEASURE( 1.000000000000000082E-05 ), #2681, 'distance_accuracy_value', 'NONE');
#8562 = ORIENTED_EDGE ( 'NONE', *, *, #8340, .T. ) ;
#8563 = PLANE ( 'NONE',  #2052 ) ;
#8564 = CARTESIAN_POINT ( 'NONE',  ( -2.104999999999999538, 0.8134073820189092752, 0.7731575003791745226 ) ) ;
#8565 = LINE ( 'NONE', #382, #12 ) ;
#8566 = CARTESIAN_POINT ( 'NONE',  ( 2.254999999999999893, 0.6800000000000001599, 0.5949999999999996403 ) ) ;
#8567 = DIRECTION ( 'NONE',  ( 6.570922257487896188E-16, 0.000000000000000000, -1.000000000000000000 ) ) ;
#8568 =( NAMED_UNIT ( * ) SI_UNIT ( $, .STERADIAN. ) SOLID_ANGLE_UNIT ( ) );
#8569 = CARTESIAN_POINT ( 'NONE',  ( 0.1750000000000000167, 0.7250000000000001998, 2.577500000000000568 ) ) ;
#8570 = VECTOR ( 'NONE', #7129, 1000.000000000000000 ) ;
#8571 = LINE ( 'NONE', #457, #8922 ) ;
#8572 = DIRECTION ( 'NONE',  ( 1.000000000000000000, 0.000000000000000000, 0.000000000000000000 ) ) ;
#8573 = VECTOR ( 'NONE', #9992, 1000.000000000000000 ) ;
#8574 = DIRECTION ( 'NONE',  ( 0.000000000000000000, -1.000000000000000000, -9.035018104045865024E-16 ) ) ;
#8575 = VECTOR ( 'NONE', #10254, 1000.000000000000227 ) ;
#8576 = PLANE ( 'NONE',  #8386 ) ;
#8577 = CARTESIAN_POINT ( 'NONE',  ( 1.665000000000000036, 0.5450000000000000400, 0.6900000000000016120 ) ) ;
#8578 = ORIENTED_EDGE ( 'NONE', *, *, #9611, .T. ) ;
#8579 = CARTESIAN_POINT ( 'NONE',  ( 0.3250000000000000111, 0.3615000000000000990, 2.125000000000000000 ) ) ;
#8580 = CIRCLE ( 'NONE', #2894, 0.06499999999997957412 ) ;
#8581 = CARTESIAN_POINT ( 'NONE',  ( 0.8249999999999999556, 0.07499999999999999722, 0.1250000000000005551 ) ) ;
#8582 = DIRECTION ( 'NONE',  ( 0.000000000000000000, -1.000000000000000000, -1.999553186960971874E-15 ) ) ;
#8583 = LINE ( 'NONE', #5043, #11204 ) ;
#8585 = EDGE_CURVE ( 'NONE', #4128, #9243, #2363, .T. ) ;
#8584 = ORIENTED_EDGE ( 'NONE', *, *, #7021, .T. ) ;
#8586 = EDGE_LOOP ( 'NONE', ( #9838, #9902, #8530, #1248 ) ) ;
#8587 = FACE_OUTER_BOUND ( 'NONE', #5675, .T. ) ;
#8588 = VECTOR ( 'NONE', #3287, 1000.000000000000000 ) ;
#8589 = ORIENTED_EDGE ( 'NONE', *, *, #1599, .F. ) ;
#8590 = ADVANCED_FACE ( 'NONE', ( #10586 ), #7795, .F. ) ;
#8591 = VECTOR ( 'NONE', #3575, 1000.000000000000000 ) ;
#8592 = CARTESIAN_POINT ( 'NONE',  ( -2.104999999999999538, 0.8150000000000001688, 0.2450000000000000511 ) ) ;
#8593 = ORIENTED_EDGE ( 'NONE', *, *, #170, .F. ) ;
#8594 = VECTOR ( 'NONE', #4172, 1000.000000000000000 ) ;
#8595 = EDGE_CURVE ( 'NONE', #8957, #6230, #6734, .T. ) ;
#8597 = DIRECTION ( 'NONE',  ( 1.000000000000000000, 0.000000000000000000, 0.000000000000000000 ) ) ;
#8596 = CARTESIAN_POINT ( 'NONE',  ( -1.175000000000000044, 0.3749999987231322773, 2.517714491643438635 ) ) ;
#8598 = LINE ( 'NONE', #1364, #1891 ) ;
#8599 = EDGE_CURVE ( 'NONE', #8849, #2333, #4233, .T. ) ;
#8600 = ORIENTED_EDGE ( 'NONE', *, *, #2621, .F. ) ;
#8601 = EDGE_CURVE ( 'NONE', #160, #5251, #643, .T. ) ;
#8602 = ORIENTED_EDGE ( 'NONE', *, *, #1781, .F. ) ;
#8603 = ORIENTED_EDGE ( 'NONE', *, *, #7861, .F. ) ;
#8604 = DIRECTION ( 'NONE',  ( 0.000000000000000000, -0.8949343616020276615, -0.4461978131098037204 ) ) ;
#8605 = AXIS2_PLACEMENT_3D ( 'NONE', #2357, #5900, #4847 ) ;
#8606 = ORIENTED_EDGE ( 'NONE', *, *, #8334, .F. ) ;
#8607 = LINE ( 'NONE', #3022, #7214 ) ;
#8608 = ORIENTED_EDGE ( 'NONE', *, *, #2964, .T. ) ;
#8609 = DIRECTION ( 'NONE',  ( -1.000000000000000000, -0.000000000000000000, -0.000000000000000000 ) ) ;
#8610 = FACE_OUTER_BOUND ( 'NONE', #8822, .T. ) ;
#8611 = EDGE_LOOP ( 'NONE', ( #11321, #3261, #6232, #3097, #11619, #6499, #8963, #7752, #1416, #638, #10743, #1384, #8721, #10700, #5179, #1134, #8670, #6465, #10363, #11294, #9117, #6011, #3208, #6013, #4564, #2668, #4879, #9230 ) ) ;
#8612 = ORIENTED_EDGE ( 'NONE', *, *, #4313, .T. ) ;
#8613 = DIRECTION ( 'NONE',  ( -0.000000000000000000, 1.000000000000000000, -0.000000000000000000 ) ) ;
#8614 = CARTESIAN_POINT ( 'NONE',  ( 1.324999999999999956, 0.3749999987231322773, 2.517714491643438635 ) ) ;
#8615 = EDGE_CURVE ( 'NONE', #10717, #8341, #390, .T. ) ;
#8616 =( LENGTH_UNIT ( ) NAMED_UNIT ( * ) SI_UNIT ( .MILLI., .METRE. ) );
#8617 = CIRCLE ( 'NONE', #7459, 0.05000000000000002359 ) ;
#8618 = CARTESIAN_POINT ( 'NONE',  ( -1.175000000000000044, 0.4050000000000000266, -0.07499999999999942824 ) ) ;
#8619 = ORIENTED_EDGE ( 'NONE', *, *, #4348, .T. ) ;
#8620 = DIRECTION ( 'NONE',  ( -1.000000000000000000, 0.000000000000000000, 1.219727444046192242E-16 ) ) ;
#8621 = EDGE_LOOP ( 'NONE', ( #4842, #10681, #9064, #2405, #1119 ) ) ;
#8622 = CARTESIAN_POINT ( 'NONE',  ( -1.855000000000000870, 0.3350000000000001310, 3.025000000000000355 ) ) ;
#8623 = VERTEX_POINT ( 'NONE', #2232 ) ;
#8624 = ORIENTED_EDGE ( 'NONE', *, *, #6360, .F. ) ;
#8625 = DIRECTION ( 'NONE',  ( -1.000000000000000000, -0.000000000000000000, -0.000000000000000000 ) ) ;
#8626 = DIRECTION ( 'NONE',  ( 0.000000000000000000, -0.000000000000000000, 1.000000000000000000 ) ) ;
#8627 = PLANE ( 'NONE',  #7605 ) ;
#8628 = LINE ( 'NONE', #7542, #6811 ) ;
#8629 = EDGE_CURVE ( 'NONE', #6946, #4948, #5844, .T. ) ;
#8630 = FACE_OUTER_BOUND ( 'NONE', #1369, .T. ) ;
#8631 = DIRECTION ( 'NONE',  ( -1.000000000000000000, -0.000000000000000000, -0.000000000000000000 ) ) ;
#8632 = FILL_AREA_STYLE ('',( #10533 ) ) ;
#8633 = LINE ( 'NONE', #5087, #8923 ) ;
#8634 = LINE ( 'NONE', #11337, #10239 ) ;
#8635 = CARTESIAN_POINT ( 'NONE',  ( 0.3250000000000000111, 0.4050000000000000266, -0.07499999999999942824 ) ) ;
#8636 = AXIS2_PLACEMENT_3D ( 'NONE', #11683, #8985, #984 ) ;
#8637 = CYLINDRICAL_SURFACE ( 'NONE', #10105, 0.1499999999999999667 ) ;
#8638 = CARTESIAN_POINT ( 'NONE',  ( 2.104999999999999982, 1.000000000000000222, 1.799999999999277289 ) ) ;
#8639 = FILL_AREA_STYLE_COLOUR ( '', #1755 ) ;
#8640 = ORIENTED_EDGE ( 'NONE', *, *, #11672, .F. ) ;
#8641 = CARTESIAN_POINT ( 'NONE',  ( -2.499999999999999556, 0.05000000000000012768, 2.125000000000000000 ) ) ;
#8642 = DIRECTION ( 'NONE',  ( -1.000000000000000000, -0.000000000000000000, -0.000000000000000000 ) ) ;
#8643 = CARTESIAN_POINT ( 'NONE',  ( 2.500000000000000444, 1.050000000000000044, 2.124999999999999556 ) ) ;
#8644 = EDGE_LOOP ( 'NONE', ( #8785, #348, #11352, #10028 ) ) ;
#8645 = CARTESIAN_POINT ( 'NONE',  ( 1.175000000000000266, 0.6800000000000001599, 0.5949999999999996403 ) ) ;
#8646 = LINE ( 'NONE', #3894, #5197 ) ;
#8647 = EDGE_CURVE ( 'NONE', #5614, #9615, #8571, .T. ) ;
#8648 = EDGE_CURVE ( 'NONE', #5047, #1237, #8634, .T. ) ;
#8649 = VERTEX_POINT ( 'NONE', #6792 ) ;
#8650 = CARTESIAN_POINT ( 'NONE',  ( -2.104999999999999982, 1.510351568049345582E-17, 2.224999999999276667 ) ) ;
#8651 = VERTEX_POINT ( 'NONE', #2294 ) ;
#8652 = ORIENTED_EDGE ( 'NONE', *, *, #1345, .T. ) ;
#8653 = CARTESIAN_POINT ( 'NONE',  ( 0.6750000000000000444, 0.03000000000000000930, -0.1749999999999994615 ) ) ;
#8654 = ORIENTED_EDGE ( 'NONE', *, *, #2572, .T. ) ;
#8655 = ORIENTED_EDGE ( 'NONE', *, *, #6529, .T. ) ;
#8657 = DIRECTION ( 'NONE',  ( 6.570922257487897174E-16, 0.000000000000000000, -1.000000000000000000 ) ) ;
#8656 = DIRECTION ( 'NONE',  ( 1.000000000000000000, 0.000000000000000000, 0.000000000000000000 ) ) ;
#8658 = ORIENTED_EDGE ( 'NONE', *, *, #11027, .F. ) ;
#8659 = CARTESIAN_POINT ( 'NONE',  ( -0.8249999999999999556, 0.6865523705165764712, 2.440090270110382598 ) ) ;
#8660 = ADVANCED_FACE ( 'NONE', ( #515 ), #5903, .T. ) ;
#8661 = ORIENTED_EDGE ( 'NONE', *, *, #5063, .F. ) ;
#8662 = ORIENTED_EDGE ( 'NONE', *, *, #1422, .T. ) ;
#8663 = EDGE_CURVE ( 'NONE', #2451, #2198, #4474, .T. ) ;
#8664 = ORIENTED_EDGE ( 'NONE', *, *, #8595, .F. ) ;
#8665 = EDGE_CURVE ( 'NONE', #11411, #5185, #8149, .T. ) ;
#8666 = DIRECTION ( 'NONE',  ( 0.000000000000000000, 0.000000000000000000, 1.000000000000000000 ) ) ;
#8667 = ORIENTED_EDGE ( 'NONE', *, *, #127, .T. ) ;
#8668 = DIRECTION ( 'NONE',  ( 0.000000000000000000, -1.000000000000000000, -4.425314989736752389E-16 ) ) ;
#8669 = ORIENTED_EDGE ( 'NONE', *, *, #199, .F. ) ;
#8670 = ORIENTED_EDGE ( 'NONE', *, *, #4348, .F. ) ;
#8671 = VERTEX_POINT ( 'NONE', #4522 ) ;
#8672 = CARTESIAN_POINT ( 'NONE',  ( -1.764999999999999902, 0.3350000000000001310, 2.825000000000000178 ) ) ;
#8673 = ADVANCED_FACE ( 'NONE', ( #10803 ), #879, .F. ) ;
#8674 = VECTOR ( 'NONE', #11612, 1000.000000000000000 ) ;
#8675 = SURFACE_STYLE_FILL_AREA ( #5072 ) ;
#8676 = CARTESIAN_POINT ( 'NONE',  ( 1.175000000000000044, 0.6800000000000001599, 0.8249999999999999556 ) ) ;
#8677 = CARTESIAN_POINT ( 'NONE',  ( -0.6750000000000000444, 0.07499999999999999722, 0.1250000000000005551 ) ) ;
#8678 = CARTESIAN_POINT ( 'NONE',  ( -1.175000000000000044, 0.4197467168032661955, 2.540024382298945227 ) ) ;
#8679 = VERTEX_POINT ( 'NONE', #6193 ) ;
#8680 = CARTESIAN_POINT ( 'NONE',  ( 2.254999999999999449, 0.5329422863405998134, 0.2449999999999999956 ) ) ;
#8681 = ORIENTED_EDGE ( 'NONE', *, *, #3687, .F. ) ;
#8682 = CARTESIAN_POINT ( 'NONE',  ( -2.049999999999999822, 0.9500000000000002887, -0.2150000000000011624 ) ) ;
#8683 = AXIS2_PLACEMENT_3D ( 'NONE', #5067, #10385, #1499 ) ;
#8684 = ORIENTED_EDGE ( 'NONE', *, *, #10951, .T. ) ;
#8685 = EDGE_CURVE ( 'NONE', #1719, #6841, #4291, .T. ) ;
#8686 = ORIENTED_EDGE ( 'NONE', *, *, #10110, .T. ) ;
#8687 = DIRECTION ( 'NONE',  ( 1.000000000000000000, 0.000000000000000000, 0.000000000000000000 ) ) ;
#8688 = FACE_OUTER_BOUND ( 'NONE', #3740, .T. ) ;
#8689 = PLANE ( 'NONE',  #7549 ) ;
#8690 = DIRECTION ( 'NONE',  ( 0.000000000000000000, 1.000000000000000000, 0.000000000000000000 ) ) ;
#8691 = CARTESIAN_POINT ( 'NONE',  ( -0.6750000000000000444, 0.7250000000000001998, 2.492500000000000160 ) ) ;
#8692 =( LENGTH_UNIT ( ) NAMED_UNIT ( * ) SI_UNIT ( .MILLI., .METRE. ) );
#8693 = CARTESIAN_POINT ( 'NONE',  ( 0.6750000000000000444, 0.3749999987231322773, 2.517714491643438635 ) ) ;
#8694 = DIRECTION ( 'NONE',  ( -0.000000000000000000, 1.000000000000000000, 0.000000000000000000 ) ) ;
#8695 = AXIS2_PLACEMENT_3D ( 'NONE', #1686, #37, #7082 ) ;
#8696 = LINE ( 'NONE', #3294, #2365 ) ;
#8697 = CLOSED_SHELL ( 'NONE', ( #9459, #11433, #2379, #11622, #9082, #6404, #10918, #10107, #8590, #1286, #7081, #2154, #4004, #6604, #2672, #6190, #3558, #8096, #3865, #1948, #7635, #7793, #5334, #5475, #6997, #3742, #607, #8013, #8880, #5108 ) ) ;
#8698 = DIRECTION ( 'NONE',  ( -1.000000000000000000, -0.000000000000000000, -0.000000000000000000 ) ) ;
#8699 = LINE ( 'NONE', #3236, #7814 ) ;
#8700 = ORIENTED_EDGE ( 'NONE', *, *, #10354, .F. ) ;
#8701 = LINE ( 'NONE', #2427, #3806 ) ;
#8702 = DIRECTION ( 'NONE',  ( 1.084202172485503842E-15, 0.000000000000000000, -1.000000000000000000 ) ) ;
#8703 = CARTESIAN_POINT ( 'NONE',  ( 0.8249999999999999556, 0.6800000000000001599, 0.8249999999999999556 ) ) ;
#8704 = DIRECTION ( 'NONE',  ( 0.000000000000000000, -0.000000000000000000, -1.000000000000000000 ) ) ;
#8705 = PLANE ( 'NONE',  #9098 ) ;
#8706 = VERTEX_POINT ( 'NONE', #8135 ) ;
#8707 = CARTESIAN_POINT ( 'NONE',  ( -1.175000000000000044, 0.3800000000000000044, -0.1749999999999994060 ) ) ;
#8708 = LINE ( 'NONE', #2124, #10101 ) ;
#8709 = VECTOR ( 'NONE', #8897, 1000.000000000000000 ) ;
#8710 = CARTESIAN_POINT ( 'NONE',  ( -2.049999999999999822, 0.8300000000000000711, 0.3949999999999996292 ) ) ;
#8711 =( GEOMETRIC_REPRESENTATION_CONTEXT ( 3 ) GLOBAL_UNCERTAINTY_ASSIGNED_CONTEXT ( ( #8561 ) ) GLOBAL_UNIT_ASSIGNED_CONTEXT ( ( #2681, #9074, #4511 ) ) REPRESENTATION_CONTEXT ( 'NONE', 'WORKASPACE' ) );
#8712 = EDGE_LOOP ( 'NONE', ( #4405, #1183, #10283, #3892 ) ) ;
#8713 = EDGE_LOOP ( 'NONE', ( #3256, #10551, #9979, #4561 ) ) ;
#8714 = DIRECTION ( 'NONE',  ( -0.000000000000000000, -0.000000000000000000, 1.000000000000000000 ) ) ;
#8715 = FACE_OUTER_BOUND ( 'NONE', #10677, .T. ) ;
#8716 = CARTESIAN_POINT ( 'NONE',  ( -1.175000000000000044, 0.07499999999999999722, 0.1250000000000005551 ) ) ;
#8717 = ORIENTED_EDGE ( 'NONE', *, *, #6360, .T. ) ;
#8718 = VECTOR ( 'NONE', #10638, 1000.000000000000000 ) ;
#8719 = ORIENTED_EDGE ( 'NONE', *, *, #10256, .T. ) ;
#8720 = EDGE_LOOP ( 'NONE', ( #4536, #1969, #5293, #6940 ) ) ;
#8721 = ORIENTED_EDGE ( 'NONE', *, *, #2443, .F. ) ;
#8722 = STYLED_ITEM ( 'NONE', ( #9427 ), #8263 ) ;
#8723 = VECTOR ( 'NONE', #11003, 1000.000000000000000 ) ;
#8724 = VERTEX_POINT ( 'NONE', #2753 ) ;
#8725 = VERTEX_POINT ( 'NONE', #4419 ) ;
#8726 = CARTESIAN_POINT ( 'NONE',  ( 1.325000000000000178, 0.7500000000000002220, 0.5949999999999996403 ) ) ;
#8727 = EDGE_CURVE ( 'NONE', #2965, #1780, #3523, .T. ) ;
#8728 =( NAMED_UNIT ( * ) PLANE_ANGLE_UNIT ( ) SI_UNIT ( $, .RADIAN. ) );
#8729 = CARTESIAN_POINT ( 'NONE',  ( 0.1750000000000000167, 0.6865523705165764712, 2.440090270110382598 ) ) ;
#8730 = VERTEX_POINT ( 'NONE', #2692 ) ;
#8731 = VECTOR ( 'NONE', #8806, 1000.000000000000000 ) ;
#8732 = DIRECTION ( 'NONE',  ( 0.000000000000000000, 0.000000000000000000, 1.000000000000000000 ) ) ;
#8733 = ORIENTED_EDGE ( 'NONE', *, *, #1122, .T. ) ;
#8734 = EDGE_CURVE ( 'NONE', #9076, #6530, #4173, .T. ) ;
#8735 = EDGE_CURVE ( 'NONE', #4130, #1796, #9762, .T. ) ;
#8736 = LINE ( 'NONE', #6965, #7078 ) ;
#8737 = EDGE_CURVE ( 'NONE', #8066, #3840, #9035, .T. ) ;
#8738 = EDGE_CURVE ( 'NONE', #6432, #3455, #5378, .T. ) ;
#8739 = ORIENTED_EDGE ( 'NONE', *, *, #5271, .T. ) ;
#8740 = LINE ( 'NONE', #7849, #2707 ) ;
#8741 = VECTOR ( 'NONE', #4739, 1000.000000000000000 ) ;
#8742 = DIRECTION ( 'NONE',  ( 0.000000000000000000, 0.000000000000000000, 1.000000000000000000 ) ) ;
#8743 = AXIS2_PLACEMENT_3D ( 'NONE', #1579, #11679, #8033 ) ;
#8744 = FACE_OUTER_BOUND ( 'NONE', #2850, .T. ) ;
#8745 = DIRECTION ( 'NONE',  ( 0.000000000000000000, 0.000000000000000000, 1.000000000000000000 ) ) ;
#8746 = LINE ( 'NONE', #3225, #7687 ) ;
#8747 = EDGE_CURVE ( 'NONE', #3847, #10068, #8083, .T. ) ;
#8748 = CARTESIAN_POINT ( 'NONE',  ( 0.3250000000000001776, 0.7500000000000002220, 0.5949999999999996403 ) ) ;
#8749 = CARTESIAN_POINT ( 'NONE',  ( -1.324999999999999956, 0.1000000000000001027, 0.1250000000000005551 ) ) ;
#8750 = AXIS2_PLACEMENT_3D ( 'NONE', #10002, #6486, #10929 ) ;
#8751 = VECTOR ( 'NONE', #6087, 1000.000000000000000 ) ;
#8752 = DIRECTION ( 'NONE',  ( -1.000000000000000000, -0.000000000000000000, -0.000000000000000000 ) ) ;
#8753 = VECTOR ( 'NONE', #88, 1000.000000000000000 ) ;
#8754 = DIRECTION ( 'NONE',  ( 0.000000000000000000, 0.000000000000000000, 1.000000000000000000 ) ) ;
#8755 = PLANE ( 'NONE',  #6868 ) ;
#8756 = FACE_OUTER_BOUND ( 'NONE', #5346, .T. ) ;
#8757 = CARTESIAN_POINT ( 'NONE',  ( 1.175000000000000044, 0.6800000000000001599, 0.4449999999999996736 ) ) ;
#8758 = ORIENTED_EDGE ( 'NONE', *, *, #904, .F. ) ;
#8759 = PLANE ( 'NONE',  #9948 ) ;
#8760 = CARTESIAN_POINT ( 'NONE',  ( 0.3250000000000000111, 0.3800000000000000044, -0.1749999999999994060 ) ) ;
#8761 = VECTOR ( 'NONE', #11261, 1000.000000000000000 ) ;
#8762 = DIRECTION ( 'NONE',  ( -0.000000000000000000, 1.000000000000000000, -0.000000000000000000 ) ) ;
#8763 = LINE ( 'NONE', #2375, #277 ) ;
#8764 = DIRECTION ( 'NONE',  ( 0.000000000000000000, 0.000000000000000000, 1.000000000000000000 ) ) ;
#8765 = CIRCLE ( 'NONE', #2885, 0.2000000000000000944 ) ;
#8766 =( LENGTH_UNIT ( ) NAMED_UNIT ( * ) SI_UNIT ( .MILLI., .METRE. ) );
#8767 = VERTEX_POINT ( 'NONE', #9933 ) ;
#8768 = ADVANCED_FACE ( 'NONE', ( #43 ), #7968, .F. ) ;
#8769 = ORIENTED_EDGE ( 'NONE', *, *, #5747, .T. ) ;
#8770 = VECTOR ( 'NONE', #5155, 1000.000000000000000 ) ;
#8771 = VECTOR ( 'NONE', #2560, 1000.000000000000000 ) ;
#8772 = EDGE_CURVE ( 'NONE', #8323, #7088, #6242, .T. ) ;
#8773 = SURFACE_STYLE_FILL_AREA ( #9719 ) ;
#8774 = ORIENTED_EDGE ( 'NONE', *, *, #5917, .F. ) ;
#8775 = ORIENTED_EDGE ( 'NONE', *, *, #11624, .F. ) ;
#8776 = CARTESIAN_POINT ( 'NONE',  ( 0.3250000000000000111, 0.1000000000000001027, 0.1250000000000005551 ) ) ;
#8777 = VECTOR ( 'NONE', #9638, 1000.000000000000000 ) ;
#8778 = CARTESIAN_POINT ( 'NONE',  ( 1.324999999999999956, -1.203706215242022408E-32, -0.1249999999999994588 ) ) ;
#8779 = VECTOR ( 'NONE', #7053, 1000.000000000000000 ) ;
#8780 = EDGE_LOOP ( 'NONE', ( #4923, #4512, #7723, #7287 ) ) ;
#8781 = ORIENTED_EDGE ( 'NONE', *, *, #9587, .T. ) ;
#8782 = VECTOR ( 'NONE', #4801, 1000.000000000000000 ) ;
#8783 = CARTESIAN_POINT ( 'NONE',  ( -1.324999999999999956, 0.6800000000000001599, 0.4949999999999995515 ) ) ;
#8784 = ORIENTED_EDGE ( 'NONE', *, *, #11101, .F. ) ;
#8785 = ORIENTED_EDGE ( 'NONE', *, *, #10856, .F. ) ;
#8786 = VECTOR ( 'NONE', #5211, 1000.000000000000000 ) ;
#8787 = CARTESIAN_POINT ( 'NONE',  ( 0.6750000000000000444, 0.6910569165342941300, 2.517345373982429635 ) ) ;
#8788 = ORIENTED_EDGE ( 'NONE', *, *, #11272, .T. ) ;
#8789 = ORIENTED_EDGE ( 'NONE', *, *, #4231, .F. ) ;
#8790 = VERTEX_POINT ( 'NONE', #10860 ) ;
#8791 = DIRECTION ( 'NONE',  ( 0.000000000000000000, 0.000000000000000000, -1.000000000000000000 ) ) ;
#8792 = CARTESIAN_POINT ( 'NONE',  ( 0.8249999999999999556, 0.6910569165342941300, 2.517345373982429635 ) ) ;
#8793 = DIRECTION ( 'NONE',  ( 1.000000000000000000, 0.000000000000000000, 0.000000000000000000 ) ) ;
#8794 = ORIENTED_EDGE ( 'NONE', *, *, #9111, .T. ) ;
#8795 = CARTESIAN_POINT ( 'NONE',  ( -2.104999999999999982, 1.000000000000000222, 1.799999999999277289 ) ) ;
#8796 = ORIENTED_EDGE ( 'NONE', *, *, #5661, .T. ) ;
#8797 = ORIENTED_EDGE ( 'NONE', *, *, #4383, .F. ) ;
#8798 = ORIENTED_EDGE ( 'NONE', *, *, #2173, .T. ) ;
#8799 = DIRECTION ( 'NONE',  ( -0.000000000000000000, -0.000000000000000000, 1.000000000000000000 ) ) ;
#8800 = FACE_OUTER_BOUND ( 'NONE', #3414, .T. ) ;
#8801 = CARTESIAN_POINT ( 'NONE',  ( 0.1750000000000000167, 0.7408666514389177227, 2.512987586845043531 ) ) ;
#8802 = AXIS2_PLACEMENT_3D ( 'NONE', #2307, #2241, #8702 ) ;
#8803 = LINE ( 'NONE', #3224, #5554 ) ;
#8804 = DIRECTION ( 'NONE',  ( -1.000000000000000000, -0.000000000000000000, -0.000000000000000000 ) ) ;
#8805 = EDGE_CURVE ( 'NONE', #4404, #8944, #10702, .T. ) ;
#8806 = DIRECTION ( 'NONE',  ( 0.000000000000000000, 0.000000000000000000, 1.000000000000000000 ) ) ;
#8807 = CARTESIAN_POINT ( 'NONE',  ( -0.8249999999999999556, 0.3350000000000001310, 2.709999999999999964 ) ) ;
#8808 = CARTESIAN_POINT ( 'NONE',  ( 0.3250000000000000111, 0.3749999987231322773, 2.517714491643438635 ) ) ;
#8809 = AXIS2_PLACEMENT_3D ( 'NONE', #8187, #973, #807 ) ;
#8810 = EDGE_CURVE ( 'NONE', #10558, #1292, #5262, .T. ) ;
#8811 = EDGE_CURVE ( 'NONE', #9370, #3924, #699, .T. ) ;
#8812 = DIRECTION ( 'NONE',  ( 1.000000000000000000, -0.000000000000000000, -1.219727444046192242E-16 ) ) ;
#8813 = DIRECTION ( 'NONE',  ( 5.421010862427519212E-16, 0.000000000000000000, -1.000000000000000000 ) ) ;
#8814 = CARTESIAN_POINT ( 'NONE',  ( 1.764999999999999902, 0.8250000000000003997, 2.825000000000000178 ) ) ;
#8815 = ORIENTED_EDGE ( 'NONE', *, *, #1583, .F. ) ;
#8816 = DIRECTION ( 'NONE',  ( 0.000000000000000000, 0.000000000000000000, -1.000000000000000000 ) ) ;
#8817 = DIRECTION ( 'NONE',  ( -1.000000000000000000, 0.000000000000000000, -1.219727444046192242E-16 ) ) ;
#8818 = EDGE_CURVE ( 'NONE', #4138, #10940, #8920, .T. ) ;
#8819 = AXIS2_PLACEMENT_3D ( 'NONE', #6210, #6163, #7986 ) ;
#8820 = VERTEX_POINT ( 'NONE', #11635 ) ;
#8821 = DIRECTION ( 'NONE',  ( -1.000000000000000000, -0.000000000000000000, 1.220948392438630609E-16 ) ) ;
#8822 = EDGE_LOOP ( 'NONE', ( #5355, #2378, #7653, #6400 ) ) ;
#8823 = CARTESIAN_POINT ( 'NONE',  ( -1.175000000000000044, 0.4249999987231687371, 2.517714491643439079 ) ) ;
#8824 = ORIENTED_EDGE ( 'NONE', *, *, #1116, .F. ) ;
#8825 = DIRECTION ( 'NONE',  ( 1.000000000000000000, 0.000000000000000000, 0.000000000000000000 ) ) ;
#8826 = EDGE_CURVE ( 'NONE', #9783, #2956, #7137, .T. ) ;
#8827 = ORIENTED_EDGE ( 'NONE', *, *, #11425, .T. ) ;
#8828 = DIRECTION ( 'NONE',  ( -1.000000000000000000, -0.000000000000000000, -0.000000000000000000 ) ) ;
#8830 = FACE_OUTER_BOUND ( 'NONE', #8112, .T. ) ;
#8829 = LINE ( 'NONE', #9211, #1949 ) ;
#8831 = VECTOR ( 'NONE', #7154, 1000.000000000000114 ) ;
#8832 = VERTEX_POINT ( 'NONE', #9326 ) ;
#8833 = CARTESIAN_POINT ( 'NONE',  ( -1.175000000000000044, 0.4249999987231686815, 2.505000000000000338 ) ) ;
#8834 = ORIENTED_EDGE ( 'NONE', *, *, #9646, .F. ) ;
#8835 = ORIENTED_EDGE ( 'NONE', *, *, #8479, .F. ) ;
#8836 = DIRECTION ( 'NONE',  ( 0.000000000000000000, 1.000000000000000000, 2.710505431213761085E-16 ) ) ;
#8837 = VECTOR ( 'NONE', #629, 1000.000000000000000 ) ;
#8838 = ORIENTED_EDGE ( 'NONE', *, *, #2655, .T. ) ;
#8839 = ORIENTED_EDGE ( 'NONE', *, *, #8245, .F. ) ;
#8840 = CARTESIAN_POINT ( 'NONE',  ( 0.8250000000000001776, 0.8950000000000001288, 0.4949999999999995515 ) ) ;
#8841 = VERTEX_POINT ( 'NONE', #4695 ) ;
#8842 = VERTEX_POINT ( 'NONE', #10158 ) ;
#8843 = CARTESIAN_POINT ( 'NONE',  ( -1.324999999999999956, 0.7250000000000001998, 2.577500000000000568 ) ) ;
#8844 = VERTEX_POINT ( 'NONE', #3694 ) ;
#8845 = SURFACE_SIDE_STYLE ('',( #1621 ) ) ;
#8846 = ORIENTED_EDGE ( 'NONE', *, *, #2901, .T. ) ;
#8847 = PLANE ( 'NONE',  #810 ) ;
#8848 = ADVANCED_FACE ( 'NONE', ( #3862 ), #4762, .F. ) ;
#8849 = VERTEX_POINT ( 'NONE', #11079 ) ;
#8850 = ORIENTED_EDGE ( 'NONE', *, *, #2696, .T. ) ;
#8851 = CARTESIAN_POINT ( 'NONE',  ( -1.175000000000000044, 0.4050000000000000266, -0.07499999999999942824 ) ) ;
#8852 =( LENGTH_UNIT ( ) NAMED_UNIT ( * ) SI_UNIT ( .MILLI., .METRE. ) );
#8853 = CIRCLE ( 'NONE', #2235, 0.1499999999999999667 ) ;
#8854 = DIRECTION ( 'NONE',  ( 0.000000000000000000, 0.000000000000000000, -1.000000000000000000 ) ) ;
#8855 = DIRECTION ( 'NONE',  ( -1.000000000000000000, -0.000000000000000000, -1.219727444046192242E-16 ) ) ;
#8856 = CARTESIAN_POINT ( 'NONE',  ( 1.665000000000000036, 0.5450000000000000400, 0.6900000000000016120 ) ) ;
#8857 = CARTESIAN_POINT ( 'NONE',  ( -0.6750000000000000444, 0.3350000000000001310, 2.709999999999999964 ) ) ;
#8858 = DIRECTION ( 'NONE',  ( 0.000000000000000000, 0.000000000000000000, 1.000000000000000000 ) ) ;
#8859 = DIRECTION ( 'NONE',  ( 0.000000000000000000, 0.5735764363510453823, 0.8191520442889922426 ) ) ;
#8860 = DIRECTION ( 'NONE',  ( -1.000000000000000000, -0.000000000000000000, -0.000000000000000000 ) ) ;
#8861 = DIRECTION ( 'NONE',  ( 0.000000000000000000, -0.000000000000000000, -1.000000000000000000 ) ) ;
#8862 = CARTESIAN_POINT ( 'NONE',  ( 2.375000000000000444, 1.050000000000000044, -0.07499999999999998335 ) ) ;
#8863 = AXIS2_PLACEMENT_3D ( 'NONE', #10956, #2851, #6458 ) ;
#8864 = CARTESIAN_POINT ( 'NONE',  ( -2.254999999999999449, 0.3650000000000002687, 0.1750000000000000167 ) ) ;
#8865 = PLANE ( 'NONE',  #6933 ) ;
#8866 = VECTOR ( 'NONE', #9234, 1000.000000000000000 ) ;
#8867 = EDGE_CURVE ( 'NONE', #5131, #6768, #2320, .T. ) ;
#8868 = EDGE_CURVE ( 'NONE', #7355, #2558, #2859, .T. ) ;
#8869 = CARTESIAN_POINT ( 'NONE',  ( 1.325000000000000178, 0.7500000000000002220, 0.5949999999999996403 ) ) ;
#8870 = DIRECTION ( 'NONE',  ( -1.000000000000000000, -0.000000000000000000, -0.000000000000000000 ) ) ;
#8871 = DIRECTION ( 'NONE',  ( 1.000000000000000000, 0.000000000000000000, 0.000000000000000000 ) ) ;
#8872 = VERTEX_POINT ( 'NONE', #7306 ) ;
#8873 = CARTESIAN_POINT ( 'NONE',  ( 2.104999999999999538, 0.9000000000000002442, 0.8249999999999999556 ) ) ;
#8874 = DIRECTION ( 'NONE',  ( 0.000000000000000000, 0.000000000000000000, -1.000000000000000000 ) ) ;
#8875 = VERTEX_POINT ( 'NONE', #261 ) ;
#8876 = FACE_OUTER_BOUND ( 'NONE', #6566, .T. ) ;
#8877 = EDGE_CURVE ( 'NONE', #10987, #9033, #5647, .T. ) ;
#8878 = LINE ( 'NONE', #766, #9149 ) ;
#8879 = EDGE_CURVE ( 'NONE', #5248, #9577, #7534, .T. ) ;
#8880 = ADVANCED_FACE ( 'NONE', ( #10965 ), #98, .T. ) ;
#8881 = SURFACE_STYLE_USAGE ( .BOTH. , #6095 ) ;
#8882 = EDGE_CURVE ( 'NONE', #804, #2089, #9257, .T. ) ;
#8883 = EDGE_LOOP ( 'NONE', ( #5557, #7413, #1440, #5020, #10149, #9663, #2210 ) ) ;
#8884 = ORIENTED_EDGE ( 'NONE', *, *, #8737, .F. ) ;
#8885 = VECTOR ( 'NONE', #9480, 1000.000000000000000 ) ;
#8886 = CARTESIAN_POINT ( 'NONE',  ( -2.104999999999999538, 0.3400000000000002465, 0.02000000000000010450 ) ) ;
#8887 = DIRECTION ( 'NONE',  ( 1.000000000000000000, 0.000000000000000000, 0.000000000000000000 ) ) ;
#8889 = FACE_OUTER_BOUND ( 'NONE', #7597, .T. ) ;
#8888 = CARTESIAN_POINT ( 'NONE',  ( -1.955000000000000071, 0.05000000000000012768, 3.025000000000000355 ) ) ;
#8890 = ORIENTED_EDGE ( 'NONE', *, *, #10417, .F. ) ;
#8891 = CARTESIAN_POINT ( 'NONE',  ( 0.8249999999999999556, -1.203706215242022408E-32, -0.1249999999999994588 ) ) ;
#8892 = VERTEX_POINT ( 'NONE', #8249 ) ;
#8893 = ORIENTED_EDGE ( 'NONE', *, *, #2964, .F. ) ;
#8894 = ORIENTED_EDGE ( 'NONE', *, *, #4383, .T. ) ;
#8895 = EDGE_LOOP ( 'NONE', ( #3945, #8048, #2673, #7562 ) ) ;
#8896 = ORIENTED_EDGE ( 'NONE', *, *, #1378, .T. ) ;
#8897 = DIRECTION ( 'NONE',  ( -1.000000000000000000, -0.000000000000000000, -0.000000000000000000 ) ) ;
#8898 = CARTESIAN_POINT ( 'NONE',  ( 0.8250000000000001776, 0.8950000000000001288, 0.4949999999999995515 ) ) ;
#8899 = ORIENTED_EDGE ( 'NONE', *, *, #10930, .T. ) ;
#8900 = PLANE ( 'NONE',  #5323 ) ;
#8901 = ORIENTED_EDGE ( 'NONE', *, *, #10958, .T. ) ;
#8902 = FACE_OUTER_BOUND ( 'NONE', #6441, .T. ) ;
#8903 = VERTEX_POINT ( 'NONE', #7418 ) ;
#8904 = MECHANICAL_DESIGN_GEOMETRIC_PRESENTATION_REPRESENTATION (  '', ( #2651 ), #2289 ) ;
#8905 = VECTOR ( 'NONE', #9301, 1000.000000000000000 ) ;
#8906 = CARTESIAN_POINT ( 'NONE',  ( -0.6750000000000000444, 0.7250000000000001998, 2.577500000000000568 ) ) ;
#8907 = ORIENTED_EDGE ( 'NONE', *, *, #19, .T. ) ;
#8908 = VERTEX_POINT ( 'NONE', #1096 ) ;
#8909 = DIRECTION ( 'NONE',  ( -1.000000000000000000, 0.000000000000000000, -0.000000000000000000 ) ) ;
#8910 = DIRECTION ( 'NONE',  ( -1.000000000000000000, -0.000000000000000000, -6.570922257487897174E-16 ) ) ;
#8911 = EDGE_CURVE ( 'NONE', #4805, #7001, #11025, .T. ) ;
#8912 = PLANE ( 'NONE',  #3567 ) ;
#8913 = DIRECTION ( 'NONE',  ( -1.000000000000000000, -0.000000000000000000, -0.000000000000000000 ) ) ;
#8914 = LINE ( 'NONE', #132, #8527 ) ;
#8915 = CARTESIAN_POINT ( 'NONE',  ( 0.8249999999999999556, 0.3800000000000000044, -0.09999999999999956146 ) ) ;
#8916 = PRESENTATION_STYLE_ASSIGNMENT (( #3353 ) ) ;
#8917 = PRESENTATION_LAYER_ASSIGNMENT (  '', '', ( #8722 ) ) ;
#8918 = VECTOR ( 'NONE', #2120, 1000.000000000000000 ) ;
#8919 = CARTESIAN_POINT ( 'NONE',  ( -1.174999999999999822, 0.8950000000000001288, 0.5327497731395587355 ) ) ;
#8920 = LINE ( 'NONE', #8983, #11163 ) ;
#8921 = CARTESIAN_POINT ( 'NONE',  ( -1.175000000000000044, 0.7250000000000001998, 2.577500000000000568 ) ) ;
#8922 = VECTOR ( 'NONE', #4055, 1000.000000000000000 ) ;
#8923 = VECTOR ( 'NONE', #9521, 1000.000000000000000 ) ;
#8924 = CARTESIAN_POINT ( 'NONE',  ( -1.324999999999999956, 0.8950000000000001288, 0.4949999999999995515 ) ) ;
#8925 = FILL_AREA_STYLE ('',( #10867 ) ) ;
#8926 = DIRECTION ( 'NONE',  ( -1.000000000000000000, -0.000000000000000000, -0.000000000000000000 ) ) ;
#8927 = CARTESIAN_POINT ( 'NONE',  ( -1.175000000000000044, -1.203706215242022408E-32, -0.1249999999999994588 ) ) ;
#8928 = CARTESIAN_POINT ( 'NONE',  ( 1.175000000000000044, 0.3615000000000000990, 2.125000000000000000 ) ) ;
#8929 = UNCERTAINTY_MEASURE_WITH_UNIT (LENGTH_MEASURE( 1.000000000000000082E-05 ), #6957, 'distance_accuracy_value', 'NONE');
#8930 = AXIS2_PLACEMENT_3D ( 'NONE', #5077, #3104, #10455 ) ;
#8931 = LINE ( 'NONE', #4592, #8224 ) ;
#8932 = FACE_OUTER_BOUND ( 'NONE', #8473, .T. ) ;
#8933 = ORIENTED_EDGE ( 'NONE', *, *, #10477, .F. ) ;
#8934 = AXIS2_PLACEMENT_3D ( 'NONE', #3685, #6185, #920 ) ;
#8935 = VECTOR ( 'NONE', #7801, 1000.000000000000000 ) ;
#8936 = VERTEX_POINT ( 'NONE', #6532 ) ;
#8937 = ORIENTED_EDGE ( 'NONE', *, *, #2385, .T. ) ;
#8938 = DIRECTION ( 'NONE',  ( -1.000000000000000000, -0.000000000000000000, -0.000000000000000000 ) ) ;
#8939 = DIRECTION ( 'NONE',  ( -0.000000000000000000, -0.000000000000000000, 1.000000000000000000 ) ) ;
#8940 = CARTESIAN_POINT ( 'NONE',  ( -0.1750000000000000167, 0.6999090492244378625, 2.541666408662616394 ) ) ;
#8941 = EDGE_CURVE ( 'NONE', #3774, #7342, #6468, .T. ) ;
#8942 = ORIENTED_EDGE ( 'NONE', *, *, #5345, .F. ) ;
#8943 = CARTESIAN_POINT ( 'NONE',  ( 1.175000000000000044, 0.08000000000000001554, -0.1749999999999994893 ) ) ;
#8944 = VERTEX_POINT ( 'NONE', #3923 ) ;
#8945 = EDGE_CURVE ( 'NONE', #9673, #1090, #10806, .T. ) ;
#8946 = EDGE_CURVE ( 'NONE', #10199, #9502, #10063, .T. ) ;
#8947 = VECTOR ( 'NONE', #327, 1000.000000000000000 ) ;
#8948 = ORIENTED_EDGE ( 'NONE', *, *, #7266, .T. ) ;
#8949 = STYLED_ITEM ( 'NONE', ( #1007 ), #4423 ) ;
#8950 = LINE ( 'NONE', #5408, #2818 ) ;
#8951 = ADVANCED_FACE ( 'NONE', ( #6414 ), #1142, .T. ) ;
#8952 = AXIS2_PLACEMENT_3D ( 'NONE', #7666, #2354, #4107 ) ;
#8953 = DIRECTION ( 'NONE',  ( -1.000000000000000000, 0.000000000000000000, -0.000000000000000000 ) ) ;
#8954 = ORIENTED_EDGE ( 'NONE', *, *, #7204, .T. ) ;
#8955 = CARTESIAN_POINT ( 'NONE',  ( -2.104999999999999982, 1.025000000000116929, 2.624999999999276135 ) ) ;
#8956 = VERTEX_POINT ( 'NONE', #10097 ) ;
#8957 = VERTEX_POINT ( 'NONE', #9146 ) ;
#8958 = VECTOR ( 'NONE', #1792, 1000.000000000000114 ) ;
#8959 = PLANE ( 'NONE',  #576 ) ;
#8960 = CARTESIAN_POINT ( 'NONE',  ( -0.6750000000000000444, 0.3749999987231322773, 2.517714491643438635 ) ) ;
#8961 = ADVANCED_FACE ( 'NONE', ( #5593 ), #1040, .T. ) ;
#8962 = DIRECTION ( 'NONE',  ( -0.000000000000000000, 1.000000000000000000, -0.000000000000000000 ) ) ;
#8963 = ORIENTED_EDGE ( 'NONE', *, *, #9896, .T. ) ;
#8964 = EDGE_CURVE ( 'NONE', #78, #9235, #8304, .T. ) ;
#8965 = AXIS2_PLACEMENT_3D ( 'NONE', #4682, #8239, #7468 ) ;
#8966 = EDGE_CURVE ( 'NONE', #8455, #11664, #9445, .T. ) ;
#8967 = VERTEX_POINT ( 'NONE', #5770 ) ;
#8968 = LINE ( 'NONE', #2564, #9884 ) ;
#8969 = VECTOR ( 'NONE', #5792, 1000.000000000000000 ) ;
#8970 = CIRCLE ( 'NONE', #11028, 0.05000000000003655687 ) ;
#8971 = ORIENTED_EDGE ( 'NONE', *, *, #11446, .F. ) ;
#8972 = PLANE ( 'NONE',  #135 ) ;
#8973 = ORIENTED_EDGE ( 'NONE', *, *, #4091, .T. ) ;
#8974 = CARTESIAN_POINT ( 'NONE',  ( 2.055000000000000604, 1.050000000000000044, 0.8249999999999999556 ) ) ;
#8975 = FACE_OUTER_BOUND ( 'NONE', #3388, .T. ) ;
#8976 = CARTESIAN_POINT ( 'NONE',  ( 0.8249999999999999556, 8.735352324927245566E-18, 0.1500000000000005496 ) ) ;
#8977 = DIRECTION ( 'NONE',  ( -1.000000000000000000, -0.000000000000000000, -0.000000000000000000 ) ) ;
#8978 = EDGE_CURVE ( 'NONE', #5750, #3455, #5019, .T. ) ;
#8979 = CARTESIAN_POINT ( 'NONE',  ( -2.104999999999999538, 0.7500000000000002220, 0.2950000000000000400 ) ) ;
#8980 = AXIS2_PLACEMENT_3D ( 'NONE', #8987, #8136, #10758 ) ;
#8981 = ORIENTED_EDGE ( 'NONE', *, *, #2584, .T. ) ;
#8982 = LINE ( 'NONE', #816, #10059 ) ;
#8983 = CARTESIAN_POINT ( 'NONE',  ( 2.049999999999999822, 0.6800000000000001599, 0.5949999999999996403 ) ) ;
#8984 = EDGE_LOOP ( 'NONE', ( #7469, #6882, #10215, #6896 ) ) ;
#8985 = DIRECTION ( 'NONE',  ( -1.000000000000000000, 0.000000000000000000, 1.219727444046192242E-16 ) ) ;
#8986 = EDGE_CURVE ( 'NONE', #8216, #4130, #1158, .T. ) ;
#8987 = CARTESIAN_POINT ( 'NONE',  ( -2.104999999999999538, 0.7650000000000001243, 0.7606385001764666143 ) ) ;
#8988 = CIRCLE ( 'NONE', #3680, 0.04999999999999991257 ) ;
#8989 = CIRCLE ( 'NONE', #5767, 0.02499999999999941505 ) ;
#8990 = CARTESIAN_POINT ( 'NONE',  ( -0.1750000000000000167, 0.4249999987231686815, 2.505000000000000338 ) ) ;
#8991 = CARTESIAN_POINT ( 'NONE',  ( 2.254999999999999893, 0.6800000000000001599, 0.5949999999999996403 ) ) ;
#8992 = LINE ( 'NONE', #8092, #1373 ) ;
#8993 = CARTESIAN_POINT ( 'NONE',  ( -0.1750000000000000167, 0.3749999987231322773, 2.517714491643438635 ) ) ;
#8994 = FACE_OUTER_BOUND ( 'NONE', #10961, .T. ) ;
#8995 = LINE ( 'NONE', #10001, #2661 ) ;
#8996 = ADVANCED_FACE ( 'NONE', ( #5129 ), #11322, .F. ) ;
#8997 = PLANE ( 'NONE',  #662 ) ;
#8998 = VECTOR ( 'NONE', #2148, 1000.000000000000000 ) ;
#8999 = ORIENTED_EDGE ( 'NONE', *, *, #4440, .T. ) ;
#9000 = PLANE ( 'NONE',  #7336 ) ;
#9001 = ORIENTED_EDGE ( 'NONE', *, *, #7404, .T. ) ;
#9002 = AXIS2_PLACEMENT_3D ( 'NONE', #6147, #883, #3527 ) ;
#9003 = DIRECTION ( 'NONE',  ( 0.000000000000000000, -1.445602896647339508E-15, 1.000000000000000000 ) ) ;
#9004 = EDGE_CURVE ( 'NONE', #10661, #6106, #3160, .T. ) ;
#9005 = DIRECTION ( 'NONE',  ( 0.000000000000000000, -1.000000000000000000, 0.000000000000000000 ) ) ;
#9006 = CARTESIAN_POINT ( 'NONE',  ( -2.254999999999999449, 0.2900000000000002021, 0.8250000000000005107 ) ) ;
#9007 = VERTEX_POINT ( 'NONE', #3214 ) ;
#9008 = CYLINDRICAL_SURFACE ( 'NONE', #6260, 0.05000000000003655687 ) ;
#9009 = SURFACE_STYLE_FILL_AREA ( #1776 ) ;
#9010 = ORIENTED_EDGE ( 'NONE', *, *, #3844, .F. ) ;
#9011 = DIRECTION ( 'NONE',  ( -1.000000000000000000, -0.000000000000000000, -0.000000000000000000 ) ) ;
#9012 = AXIS2_PLACEMENT_3D ( 'NONE', #5665, #7269, #10880 ) ;
#9013 = FACE_OUTER_BOUND ( 'NONE', #5679, .T. ) ;
#9014 = ORIENTED_EDGE ( 'NONE', *, *, #7415, .F. ) ;
#9015 = EDGE_CURVE ( 'NONE', #10734, #3451, #10523, .T. ) ;
#9016 = ORIENTED_EDGE ( 'NONE', *, *, #4149, .T. ) ;
#9017 = CARTESIAN_POINT ( 'NONE',  ( -2.055000000000000604, 1.050000000000000044, 0.8250000000000003997 ) ) ;
#9018 = LINE ( 'NONE', #82, #4220 ) ;
#9019 = ORIENTED_EDGE ( 'NONE', *, *, #4711, .T. ) ;
#9020 = CARTESIAN_POINT ( 'NONE',  ( 1.175000000000000044, 0.3614999999999998215, 2.441500001276831089 ) ) ;
#9021 = VERTEX_POINT ( 'NONE', #624 ) ;
#9022 = EDGE_CURVE ( 'NONE', #6820, #2922, #7776, .T. ) ;
#9023 = ADVANCED_FACE ( 'NONE', ( #11199 ), #2411, .T. ) ;
#9024 = EDGE_CURVE ( 'NONE', #2956, #545, #7717, .T. ) ;
#9025 = ORIENTED_EDGE ( 'NONE', *, *, #8444, .F. ) ;
#9026 = FACE_OUTER_BOUND ( 'NONE', #5959, .T. ) ;
#9027 = ORIENTED_EDGE ( 'NONE', *, *, #5280, .F. ) ;
#9028 = CARTESIAN_POINT ( 'NONE',  ( 2.049999999999999822, 0.7500000000000002220, 0.3949999999999995182 ) ) ;
#9029 = ADVANCED_FACE ( 'NONE', ( #4954 ), #1383, .F. ) ;
#9030 = DIRECTION ( 'NONE',  ( -1.000000000000000000, 0.000000000000000000, -0.000000000000000000 ) ) ;
#9031 = DIRECTION ( 'NONE',  ( 1.000000000000000000, 0.000000000000000000, 0.000000000000000000 ) ) ;
#9032 = CARTESIAN_POINT ( 'NONE',  ( -1.324999999999999956, 0.1000000000000001305, -0.07500000000000003886 ) ) ;
#9033 = VERTEX_POINT ( 'NONE', #4218 ) ;
#9034 = CARTESIAN_POINT ( 'NONE',  ( -0.3250000000000000111, 0.8950000000000001288, 0.4949999999999995515 ) ) ;
#9035 = LINE ( 'NONE', #1639, #6257 ) ;
#9036 = EDGE_LOOP ( 'NONE', ( #5820, #4720, #5568, #8264, #9057 ) ) ;
#9037 = CYLINDRICAL_SURFACE ( 'NONE', #10295, 0.07499999999999998335 ) ;
#9038 = DIRECTION ( 'NONE',  ( 0.000000000000000000, 0.000000000000000000, -1.000000000000000000 ) ) ;
#9039 = EDGE_CURVE ( 'NONE', #761, #11411, #6840, .T. ) ;
#9040 = CARTESIAN_POINT ( 'NONE',  ( -0.1750000000000000167, 0.1000000000000001027, 0.1250000000000005551 ) ) ;
#9041 =( NAMED_UNIT ( * ) PLANE_ANGLE_UNIT ( ) SI_UNIT ( $, .RADIAN. ) );
#9042 = DIRECTION ( 'NONE',  ( -1.000000000000000000, -0.000000000000000000, -0.000000000000000000 ) ) ;
#9043 = DIRECTION ( 'NONE',  ( -1.178166239237771590E-16, 0.2588190451025211836, -0.9659258262890682012 ) ) ;
#9044 = CARTESIAN_POINT ( 'NONE',  ( -0.8249999999999999556, 0.3749999987231322773, 2.517714491643438635 ) ) ;
#9045 = DIRECTION ( 'NONE',  ( 1.000000000000000000, 0.000000000000000000, -1.109158232721743386E-16 ) ) ;
#9046 = VECTOR ( 'NONE', #1902, 1000.000000000000000 ) ;
#9047 = ORIENTED_EDGE ( 'NONE', *, *, #1378, .F. ) ;
#9048 = CARTESIAN_POINT ( 'NONE',  ( 2.254999999999999893, 0.8300000000000000711, 0.3949999999999996292 ) ) ;
#9049 = DIRECTION ( 'NONE',  ( 0.000000000000000000, 3.439160614977207662E-32, 1.000000000000000000 ) ) ;
#9050 = CARTESIAN_POINT ( 'NONE',  ( 0.6750000000000000444, 0.4197467168032661955, 2.540024382298945227 ) ) ;
#9051 = ORIENTED_EDGE ( 'NONE', *, *, #7878, .F. ) ;
#9052 = AXIS2_PLACEMENT_3D ( 'NONE', #3073, #2895, #11110 ) ;
#9053 = LINE ( 'NONE', #4493, #2666 ) ;
#9054 = SURFACE_SIDE_STYLE ('',( #5612 ) ) ;
#9055 = PLANE ( 'NONE',  #6504 ) ;
#9056 = EDGE_LOOP ( 'NONE', ( #8114, #4610, #3751, #5222 ) ) ;
#9057 = ORIENTED_EDGE ( 'NONE', *, *, #3222, .T. ) ;
#9058 = MECHANICAL_DESIGN_GEOMETRIC_PRESENTATION_REPRESENTATION (  '', ( #7537 ), #65 ) ;
#9059 = LINE ( 'NONE', #954, #1209 ) ;
#9060 = CIRCLE ( 'NONE', #3941, 0.06349999872316867966 ) ;
#9061 = DIRECTION ( 'NONE',  ( 0.000000000000000000, 0.000000000000000000, -1.000000000000000000 ) ) ;
#9062 = ORIENTED_EDGE ( 'NONE', *, *, #7424, .F. ) ;
#9063 = CARTESIAN_POINT ( 'NONE',  ( 0.1750000000000000167, 0.3800000000000000044, -0.09999999999999956146 ) ) ;
#9064 = ORIENTED_EDGE ( 'NONE', *, *, #274, .T. ) ;
#9065 = DIRECTION ( 'NONE',  ( 0.000000000000000000, -3.439160614977207662E-32, -1.000000000000000000 ) ) ;
#9066 = DIRECTION ( 'NONE',  ( -1.000000000000000000, 0.000000000000000000, -1.219727444046192242E-16 ) ) ;
#9067 = ORIENTED_EDGE ( 'NONE', *, *, #3304, .T. ) ;
#9068 = SURFACE_STYLE_FILL_AREA ( #5518 ) ;
#9069 = EDGE_LOOP ( 'NONE', ( #4093, #5414, #5078, #7691 ) ) ;
#9070 = LINE ( 'NONE', #8179, #6461 ) ;
#9071 = EDGE_LOOP ( 'NONE', ( #2327, #2596, #1809, #2613 ) ) ;
#9072 = EDGE_CURVE ( 'NONE', #136, #5047, #561, .T. ) ;
#9073 = VECTOR ( 'NONE', #4457, 1000.000000000000000 ) ;
#9074 =( NAMED_UNIT ( * ) PLANE_ANGLE_UNIT ( ) SI_UNIT ( $, .RADIAN. ) );
#9075 = DIRECTION ( 'NONE',  ( -0.000000000000000000, 1.000000000000000000, -0.000000000000000000 ) ) ;
#9076 = VERTEX_POINT ( 'NONE', #11384 ) ;
#9077 = PLANE ( 'NONE',  #8934 ) ;
#9078 = DIRECTION ( 'NONE',  ( -0.000000000000000000, -1.000000000000000000, -0.000000000000000000 ) ) ;
#9079 = ORIENTED_EDGE ( 'NONE', *, *, #11413, .F. ) ;
#9080 = EDGE_LOOP ( 'NONE', ( #4823, #6207, #7162, #10950 ) ) ;
#9081 = DIRECTION ( 'NONE',  ( 0.000000000000000000, 0.000000000000000000, 1.000000000000000000 ) ) ;
#9082 = ADVANCED_FACE ( 'NONE', ( #11269 ), #8556, .T. ) ;
#9083 = ADVANCED_FACE ( 'NONE', ( #2159 ), #9390, .F. ) ;
#9084 = ORIENTED_EDGE ( 'NONE', *, *, #5605, .F. ) ;
#9085 = VECTOR ( 'NONE', #9042, 1000.000000000000000 ) ;
#9086 = ORIENTED_EDGE ( 'NONE', *, *, #2565, .F. ) ;
#9087 = STYLED_ITEM ( 'NONE', ( #8553 ), #8101 ) ;
#9088 = CARTESIAN_POINT ( 'NONE',  ( -0.3250000000000000111, 0.8950000000000001288, 0.4949999999999995515 ) ) ;
#9089 = ORIENTED_EDGE ( 'NONE', *, *, #4395, .T. ) ;
#9090 = AXIS2_PLACEMENT_3D ( 'NONE', #5204, #3518, #2520 ) ;
#9091 = CARTESIAN_POINT ( 'NONE',  ( -0.3250000000000000111, 0.3614999999999998215, 2.441500001276831089 ) ) ;
#9092 = ADVANCED_FACE ( 'NONE', ( #8487 ), #10341, .F. ) ;
#9093 = EDGE_CURVE ( 'NONE', #5772, #2261, #3508, .T. ) ;
#9094 =( GEOMETRIC_REPRESENTATION_CONTEXT ( 3 ) GLOBAL_UNCERTAINTY_ASSIGNED_CONTEXT ( ( #2865 ) ) GLOBAL_UNIT_ASSIGNED_CONTEXT ( ( #25, #8118, #86 ) ) REPRESENTATION_CONTEXT ( 'NONE', 'WORKASPACE' ) );
#9095 = ADVANCED_FACE ( 'NONE', ( #1797 ), #8847, .F. ) ;
#9096 = DIRECTION ( 'NONE',  ( -1.000000000000000000, 0.000000000000000000, 1.219727444046192242E-16 ) ) ;
#9097 = SURFACE_STYLE_USAGE ( .BOTH. , #5487 ) ;
#9098 = AXIS2_PLACEMENT_3D ( 'NONE', #1287, #5856, #9599 ) ;
#9099 = DIRECTION ( 'NONE',  ( 0.000000000000000000, 1.000000000000000000, -4.336808689942016158E-15 ) ) ;
#9100 = CARTESIAN_POINT ( 'NONE',  ( 2.104999999999999538, 0.3585295238724372502, 0.1991481456572266884 ) ) ;
#9101 = DIRECTION ( 'NONE',  ( 0.000000000000000000, 0.000000000000000000, 1.000000000000000000 ) ) ;
#9102 = CARTESIAN_POINT ( 'NONE',  ( 0.000000000000000000, 0.8950000000000001288, 0.000000000000000000 ) ) ;
#9103 = ADVANCED_FACE ( 'NONE', ( #7953 ), #11502, .T. ) ;
#9104 = DIRECTION ( 'NONE',  ( -1.000000000000000000, -0.000000000000000000, -0.000000000000000000 ) ) ;
#9105 = CARTESIAN_POINT ( 'NONE',  ( 1.175000000000000044, 0.6899768362638436514, 2.505000000000000338 ) ) ;
#9106 = PLANE ( 'NONE',  #10259 ) ;
#9107 = VECTOR ( 'NONE', #259, 999.9999999999998863 ) ;
#9108 = ORIENTED_EDGE ( 'NONE', *, *, #5993, .T. ) ;
#9109 = CARTESIAN_POINT ( 'NONE',  ( -0.6750000000000000444, 0.7250000000000001998, 2.577500000000000568 ) ) ;
#9110 = VECTOR ( 'NONE', #440, 1000.000000000000000 ) ;
#9111 = EDGE_CURVE ( 'NONE', #5464, #7171, #5420, .T. ) ;
#9112 = ORIENTED_EDGE ( 'NONE', *, *, #8510, .F. ) ;
#9113 = CARTESIAN_POINT ( 'NONE',  ( -2.499999999999999556, 0.05000000000000012768, 2.125000000000000000 ) ) ;
#9114 = SURFACE_SIDE_STYLE ('',( #3716 ) ) ;
#9115 = LINE ( 'NONE', #6436, #10863 ) ;
#9116 = ORIENTED_EDGE ( 'NONE', *, *, #9919, .F. ) ;
#9117 = ORIENTED_EDGE ( 'NONE', *, *, #8882, .F. ) ;
#9118 = FACE_OUTER_BOUND ( 'NONE', #3331, .T. ) ;
#9119 = EDGE_CURVE ( 'NONE', #397, #5858, #9857, .T. ) ;
#9120 = VECTOR ( 'NONE', #9262, 1000.000000000000227 ) ;
#9121 = EDGE_LOOP ( 'NONE', ( #1211, #4813, #741, #4624, #1376, #5849, #2450 ) ) ;
#9122 = VERTEX_POINT ( 'NONE', #9020 ) ;
#9123 = CARTESIAN_POINT ( 'NONE',  ( 1.325000000000000178, 0.6800000000000001599, 0.4449999999999996736 ) ) ;
#9124 = ORIENTED_EDGE ( 'NONE', *, *, #2306, .F. ) ;
#9125 = CARTESIAN_POINT ( 'NONE',  ( 0.1750000000000000167, 0.3615000000000000990, 2.125000000000000000 ) ) ;
#9126 = CYLINDRICAL_SURFACE ( 'NONE', #7192, 0.06499999999997957412 ) ;
#9127 = VECTOR ( 'NONE', #571, 1000.000000000000000 ) ;
#9128 = AXIS2_PLACEMENT_3D ( 'NONE', #5268, #3411, #1471 ) ;
#9129 = DIRECTION ( 'NONE',  ( 0.000000000000000000, -1.000000000000000000, -1.355252715606876598E-16 ) ) ;
#9130 = ORIENTED_EDGE ( 'NONE', *, *, #4697, .T. ) ;
#9131 = CARTESIAN_POINT ( 'NONE',  ( -2.104999999999999538, 0.5329422863405998134, 0.2449999999999999956 ) ) ;
#9132 = VERTEX_POINT ( 'NONE', #6124 ) ;
#9133 = FACE_OUTER_BOUND ( 'NONE', #1565, .T. ) ;
#9134 = SURFACE_STYLE_USAGE ( .BOTH. , #2740 ) ;
#9135 = VECTOR ( 'NONE', #1663, 1000.000000000000000 ) ;
#9136 = ORIENTED_EDGE ( 'NONE', *, *, #149, .T. ) ;
#9137 = CARTESIAN_POINT ( 'NONE',  ( -0.1750000000000000167, 0.4050000000000000266, -0.07499999999999942824 ) ) ;
#9138 = FACE_OUTER_BOUND ( 'NONE', #2566, .T. ) ;
#9139 = PRESENTATION_LAYER_ASSIGNMENT (  '', '', ( #11019 ) ) ;
#9140 = ORIENTED_EDGE ( 'NONE', *, *, #7780, .T. ) ;
#9141 = DIRECTION ( 'NONE',  ( 0.000000000000000000, 1.000000000000000000, 0.000000000000000000 ) ) ;
#9142 = DIRECTION ( 'NONE',  ( -1.000000000000000000, 0.000000000000000000, 1.219727444046192242E-16 ) ) ;
#9143 = EDGE_CURVE ( 'NONE', #6106, #5478, #742, .T. ) ;
#9144 = DIRECTION ( 'NONE',  ( 0.000000000000000000, 0.000000000000000000, 1.000000000000000000 ) ) ;
#9145 = AXIS2_PLACEMENT_3D ( 'NONE', #1515, #9756, #2521 ) ;
#9146 = CARTESIAN_POINT ( 'NONE',  ( 1.324999999999999956, 0.3800000000000000044, -0.09999999999999956146 ) ) ;
#9147 = DIRECTION ( 'NONE',  ( 0.000000000000000000, 6.994852725712934186E-16, 1.000000000000000000 ) ) ;
#9148 = VECTOR ( 'NONE', #2581, 1000.000000000000000 ) ;
#9149 = VECTOR ( 'NONE', #10769, 1000.000000000000000 ) ;
#9150 = FACE_OUTER_BOUND ( 'NONE', #2195, .T. ) ;
#9151 = ORIENTED_EDGE ( 'NONE', *, *, #8966, .F. ) ;
#9152 = AXIS2_PLACEMENT_3D ( 'NONE', #4292, #9524, #7091 ) ;
#9153 = DIRECTION ( 'NONE',  ( -1.000000000000000000, 0.000000000000000000, 0.000000000000000000 ) ) ;
#9154 = FACE_OUTER_BOUND ( 'NONE', #10334, .T. ) ;
#9155 = CARTESIAN_POINT ( 'NONE',  ( -1.324999999999999734, 0.7500000000000002220, 0.5949999999999996403 ) ) ;
#9156 = ADVANCED_FACE ( 'NONE', ( #8902 ), #9683, .F. ) ;
#9157 = ADVANCED_FACE ( 'NONE', ( #7074 ), #9744, .F. ) ;
#9158 = EDGE_CURVE ( 'NONE', #4011, #2211, #11620, .T. ) ;
#9159 = DIRECTION ( 'NONE',  ( 1.000000000000000000, 0.000000000000000000, -9.035018104045874392E-17 ) ) ;
#9160 = CARTESIAN_POINT ( 'NONE',  ( -0.3250000000000000111, 0.6800000000000001599, 0.4949999999999995515 ) ) ;
#9161 = CARTESIAN_POINT ( 'NONE',  ( 0.3250000000000000111, 8.735352324927245566E-18, 0.1500000000000005496 ) ) ;
#9162 = CARTESIAN_POINT ( 'NONE',  ( 0.6750000000000000444, 0.4197467168032661955, 2.540024382298945227 ) ) ;
#9163 = ORIENTED_EDGE ( 'NONE', *, *, #2077, .T. ) ;
#9164 = DIRECTION ( 'NONE',  ( 0.000000000000000000, 1.000000000000000000, 0.000000000000000000 ) ) ;
#9165 = CIRCLE ( 'NONE', #7093, 0.2000000000000000944 ) ;
#9166 = EDGE_CURVE ( 'NONE', #5999, #8047, #8968, .T. ) ;
#9167 = LINE ( 'NONE', #1056, #10671 ) ;
#9168 = AXIS2_PLACEMENT_3D ( 'NONE', #10306, #1004, #4605 ) ;
#9169 = ADVANCED_FACE ( 'NONE', ( #861 ), #4342, .F. ) ;
#9170 = EDGE_CURVE ( 'NONE', #1482, #8351, #1734, .T. ) ;
#9171 = LINE ( 'NONE', #3763, #10909 ) ;
#9172 = ADVANCED_FACE ( 'NONE', ( #8017 ), #4279, .F. ) ;
#9173 = CARTESIAN_POINT ( 'NONE',  ( -1.665000000000000036, 0.6800000000000000488, 0.8250000000000001776 ) ) ;
#9174 = CARTESIAN_POINT ( 'NONE',  ( 1.324999999999999956, 0.6865523705165764712, 2.440090270110382598 ) ) ;
#9175 = ORIENTED_EDGE ( 'NONE', *, *, #263, .T. ) ;
#9176 = LINE ( 'NONE', #3063, #6435 ) ;
#9177 = LINE ( 'NONE', #9283, #76 ) ;
#9178 = VECTOR ( 'NONE', #2039, 1000.000000000000000 ) ;
#9179 = CARTESIAN_POINT ( 'NONE',  ( 0.3250000000000000111, 1.792020331853238969E-17, 0.2250000000000005329 ) ) ;
#9180 = VERTEX_POINT ( 'NONE', #4507 ) ;
#9181 = VERTEX_POINT ( 'NONE', #10790 ) ;
#9182 = EDGE_CURVE ( 'NONE', #2151, #9913, #2867, .T. ) ;
#9183 = AXIS2_PLACEMENT_3D ( 'NONE', #6773, #10454, #3340 ) ;
#9184 = DIRECTION ( 'NONE',  ( 0.000000000000000000, 0.000000000000000000, -1.000000000000000000 ) ) ;
#9185 = VERTEX_POINT ( 'NONE', #2458 ) ;
#9186 = DIRECTION ( 'NONE',  ( 0.000000000000000000, -1.355252715606876598E-16, 1.000000000000000000 ) ) ;
#9187 = CARTESIAN_POINT ( 'NONE',  ( -0.1750000000000000167, 0.08000000000000000167, -0.1749999999999994893 ) ) ;
#9188 = DIRECTION ( 'NONE',  ( 1.000000000000000000, 0.000000000000000000, 0.000000000000000000 ) ) ;
#9189 = AXIS2_PLACEMENT_3D ( 'NONE', #3541, #2489, #9003 ) ;
#9190 = LINE ( 'NONE', #1077, #114 ) ;
#9191 = EDGE_LOOP ( 'NONE', ( #10284, #830, #1844, #2841 ) ) ;
#9192 = LINE ( 'NONE', #1129, #7208 ) ;
#9193 = ORIENTED_EDGE ( 'NONE', *, *, #1852, .F. ) ;
#9194 = CARTESIAN_POINT ( 'NONE',  ( -0.6750000000000000444, 0.7250000000000001998, 2.577500000000000568 ) ) ;
#9195 = CARTESIAN_POINT ( 'NONE',  ( -2.254999999999999893, 0.6800000000000001599, 0.3949999999999996292 ) ) ;
#9196 = ORIENTED_EDGE ( 'NONE', *, *, #8826, .F. ) ;
#9197 = DIRECTION ( 'NONE',  ( 0.000000000000000000, -0.7071067811865512365, -0.7071067811865439090 ) ) ;
#9198 = ORIENTED_EDGE ( 'NONE', *, *, #4129, .F. ) ;
#9199 = VERTEX_POINT ( 'NONE', #6066 ) ;
#9200 = DIRECTION ( 'NONE',  ( 0.000000000000000000, -1.000000000000000000, 0.000000000000000000 ) ) ;
#9201 = LINE ( 'NONE', #5477, #7756 ) ;
#9202 = EDGE_LOOP ( 'NONE', ( #11068, #1382, #6658, #93 ) ) ;
#9203 = DIRECTION ( 'NONE',  ( 0.000000000000000000, -0.000000000000000000, 1.000000000000000000 ) ) ;
#9204 = EDGE_LOOP ( 'NONE', ( #1451, #7170, #8589, #9678 ) ) ;
#9205 = COLOUR_RGB ( '',1.000000000000000000, 0.8117647058823529438, 0.5019607843137254832 ) ;
#9206 = EDGE_LOOP ( 'NONE', ( #6888, #867, #4865, #8073 ) ) ;
#9207 = PLANE ( 'NONE',  #2888 ) ;
#9208 = LINE ( 'NONE', #11208, #423 ) ;
#9209 = CARTESIAN_POINT ( 'NONE',  ( -0.6750000000000000444, 0.6910569165342943521, 2.517345373982429635 ) ) ;
#9210 = LINE ( 'NONE', #992, #10508 ) ;
#9211 = CARTESIAN_POINT ( 'NONE',  ( -0.6750000000000000444, 0.3615000000000000990, 2.125000000000000000 ) ) ;
#9212 = LINE ( 'NONE', #2042, #4557 ) ;
#9213 = ORIENTED_EDGE ( 'NONE', *, *, #11178, .F. ) ;
#9214 = VECTOR ( 'NONE', #8597, 1000.000000000000000 ) ;
#9215 = ADVANCED_FACE ( 'NONE', ( #7011 ), #10627, .T. ) ;
#9216 = VECTOR ( 'NONE', #7179, 1000.000000000000000 ) ;
#9217 = ORIENTED_EDGE ( 'NONE', *, *, #5545, .F. ) ;
#9218 = EDGE_CURVE ( 'NONE', #1906, #4449, #2736, .T. ) ;
#9219 = LINE ( 'NONE', #162, #9385 ) ;
#9220 = DIRECTION ( 'NONE',  ( -1.000000000000000000, -0.000000000000000000, -0.000000000000000000 ) ) ;
#9221 = ADVANCED_FACE ( 'NONE', ( #2014 ), #2906, .F. ) ;
#9222 = VERTEX_POINT ( 'NONE', #5577 ) ;
#9223 = FACE_OUTER_BOUND ( 'NONE', #1657, .T. ) ;
#9224 = SURFACE_STYLE_USAGE ( .BOTH. , #9114 ) ;
#9225 = EDGE_CURVE ( 'NONE', #3440, #7628, #3677, .T. ) ;
#9226 = VECTOR ( 'NONE', #2129, 1000.000000000000000 ) ;
#9227 = EDGE_CURVE ( 'NONE', #3201, #5116, #9192, .T. ) ;
#9228 = CARTESIAN_POINT ( 'NONE',  ( -2.254999999999999893, 1.000000000000000222, 1.799999999999277289 ) ) ;
#9229 = ORIENTED_EDGE ( 'NONE', *, *, #6937, .F. ) ;
#9230 = ORIENTED_EDGE ( 'NONE', *, *, #9341, .T. ) ;
#9231 = EDGE_CURVE ( 'NONE', #4262, #1801, #3615, .T. ) ;
#9232 = AXIS2_PLACEMENT_3D ( 'NONE', #4882, #187, #11123 ) ;
#9233 = EDGE_CURVE ( 'NONE', #6266, #1972, #9242, .T. ) ;
#9234 = DIRECTION ( 'NONE',  ( -0.000000000000000000, 1.000000000000000000, 4.425314989736753375E-16 ) ) ;
#9235 = VERTEX_POINT ( 'NONE', #7400 ) ;
#9236 = DIRECTION ( 'NONE',  ( 7.228014483236697541E-16, 7.228014483236697541E-16, -1.000000000000000000 ) ) ;
#9237 = DIRECTION ( 'NONE',  ( 0.000000000000000000, 1.000000000000000000, 2.710505431213761085E-16 ) ) ;
#9238 = CARTESIAN_POINT ( 'NONE',  ( 0.8249999999999999556, 8.735352324927245566E-18, 0.1500000000000005496 ) ) ;
#9239 = DIRECTION ( 'NONE',  ( -1.000000000000000000, -0.000000000000000000, -1.219727444046192242E-16 ) ) ;
#9240 = DIRECTION ( 'NONE',  ( 0.000000000000000000, 1.355252715606876598E-16, -1.000000000000000000 ) ) ;
#9241 = ORIENTED_EDGE ( 'NONE', *, *, #4524, .T. ) ;
#9242 = LINE ( 'NONE', #2840, #8741 ) ;
#9243 = VERTEX_POINT ( 'NONE', #242 ) ;
#9244 = CLOSED_SHELL ( 'NONE', ( #1195, #11325, #11400, #931, #6614, #3728, #4019 ) ) ;
#9245 = CARTESIAN_POINT ( 'NONE',  ( 1.175000000000000044, 0.3350000000000001310, 2.709999999999999964 ) ) ;
#9246 = DIRECTION ( 'NONE',  ( -1.000000000000000000, 0.000000000000000000, 0.000000000000000000 ) ) ;
#9247 = VERTEX_POINT ( 'NONE', #4680 ) ;
#9248 = ORIENTED_EDGE ( 'NONE', *, *, #6054, .F. ) ;
#9249 = LINE ( 'NONE', #6586, #3496 ) ;
#9250 = DIRECTION ( 'NONE',  ( -1.219727444046192242E-16, -0.000000000000000000, -1.000000000000000000 ) ) ;
#9251 = EDGE_LOOP ( 'NONE', ( #313, #2654, #8893, #4140 ) ) ;
#9252 = CARTESIAN_POINT ( 'NONE',  ( -0.3250000000000000111, 0.4050000000000000266, -0.07499999999999942824 ) ) ;
#9253 = ORIENTED_EDGE ( 'NONE', *, *, #7890, .T. ) ;
#9254 = PLANE ( 'NONE',  #4783 ) ;
#9255 = VERTEX_POINT ( 'NONE', #3731 ) ;
#9256 = DIRECTION ( 'NONE',  ( 0.000000000000000000, -1.355252715606876598E-16, 1.000000000000000000 ) ) ;
#9257 = LINE ( 'NONE', #982, #7399 ) ;
#9258 = ORIENTED_EDGE ( 'NONE', *, *, #6254, .F. ) ;
#9259 = EDGE_CURVE ( 'NONE', #1237, #665, #5163, .T. ) ;
#9260 = ORIENTED_EDGE ( 'NONE', *, *, #7890, .F. ) ;
#9261 = CARTESIAN_POINT ( 'NONE',  ( -2.254999999999999449, 0.9000000000000002442, -0.07499999999999998335 ) ) ;
#9262 = DIRECTION ( 'NONE',  ( 0.000000000000000000, 0.7071067811865490160, -0.7071067811865460184 ) ) ;
#9263 =( NAMED_UNIT ( * ) SI_UNIT ( $, .STERADIAN. ) SOLID_ANGLE_UNIT ( ) );
#9264 = LINE ( 'NONE', #9209, #7235 ) ;
#9265 = EDGE_CURVE ( 'NONE', #6979, #2310, #1547, .T. ) ;
#9266 = LINE ( 'NONE', #1102, #11239 ) ;
#9267 = DIRECTION ( 'NONE',  ( 1.000000000000000000, -0.000000000000000000, 1.219727444046192242E-16 ) ) ;
#9268 = CARTESIAN_POINT ( 'NONE',  ( -0.1750000000000000167, 1.792020331853238969E-17, 0.2250000000000005329 ) ) ;
#9269 = AXIS2_PLACEMENT_3D ( 'NONE', #3557, #10682, #6959 ) ;
#9270 = LINE ( 'NONE', #331, #8542 ) ;
#9271 = CARTESIAN_POINT ( 'NONE',  ( -0.6750000000000000444, 0.4050000000000000266, -0.07499999999999942824 ) ) ;
#9272 = CARTESIAN_POINT ( 'NONE',  ( -1.324999999999999956, 0.4050000000000000266, -0.07499999999999942824 ) ) ;
#9273 = MECHANICAL_DESIGN_GEOMETRIC_PRESENTATION_REPRESENTATION (  '', ( #4168 ), #10049 ) ;
#9274 = CIRCLE ( 'NONE', #6069, 0.02499999999999941505 ) ;
#9275 = EDGE_CURVE ( 'NONE', #1538, #5626, #4566, .T. ) ;
#9276 = CARTESIAN_POINT ( 'NONE',  ( 2.254999999999999893, 1.025000000000116707, 2.624999999999276135 ) ) ;
#9277 = DIRECTION ( 'NONE',  ( 0.000000000000000000, 0.000000000000000000, 1.000000000000000000 ) ) ;
#9278 = ORIENTED_EDGE ( 'NONE', *, *, #3442, .T. ) ;
#9279 = DIRECTION ( 'NONE',  ( 0.000000000000000000, -0.000000000000000000, 1.000000000000000000 ) ) ;
#9280 = CARTESIAN_POINT ( 'NONE',  ( 0.000000000000000000, 0.8950000000000001288, 0.000000000000000000 ) ) ;
#9281 = EDGE_LOOP ( 'NONE', ( #1904, #6723, #9624, #7398 ) ) ;
#9282 = CARTESIAN_POINT ( 'NONE',  ( 1.325000000000000178, 0.7500000000000002220, 0.3949999999999995182 ) ) ;
#9283 = CARTESIAN_POINT ( 'NONE',  ( -2.049999999999999822, 0.5300000000000002487, 0.3949999999999995182 ) ) ;
#9284 = VECTOR ( 'NONE', #2010, 1000.000000000000000 ) ;
#9285 = EDGE_CURVE ( 'NONE', #8481, #9954, #6353, .T. ) ;
#9286 = VECTOR ( 'NONE', #7606, 1000.000000000000000 ) ;
#9287 = ORIENTED_EDGE ( 'NONE', *, *, #9491, .T. ) ;
#9288 = AXIS2_PLACEMENT_3D ( 'NONE', #9353, #1167, #119 ) ;
#9289 = DIRECTION ( 'NONE',  ( -1.000000000000000000, 0.000000000000000000, -1.219727444046192242E-16 ) ) ;
#9290 = ORIENTED_EDGE ( 'NONE', *, *, #4209, .F. ) ;
#9291 = AXIS2_PLACEMENT_3D ( 'NONE', #1306, #9495, #4139 ) ;
#9292 = ORIENTED_EDGE ( 'NONE', *, *, #6553, .T. ) ;
#9293 = CARTESIAN_POINT ( 'NONE',  ( -1.175000000000000044, 0.4197467168032661955, 2.540024382298945227 ) ) ;
#9294 = FACE_OUTER_BOUND ( 'NONE', #5617, .T. ) ;
#9295 = VECTOR ( 'NONE', #7343, 1000.000000000000000 ) ;
#9296 = AXIS2_PLACEMENT_3D ( 'NONE', #10980, #1989, #1395 ) ;
#9297 = ORIENTED_EDGE ( 'NONE', *, *, #3776, .F. ) ;
#9298 = VERTEX_POINT ( 'NONE', #9974 ) ;
#9299 = VECTOR ( 'NONE', #491, 1000.000000000000000 ) ;
#9300 = PLANE ( 'NONE',  #4018 ) ;
#9301 = DIRECTION ( 'NONE',  ( 0.000000000000000000, -1.000000000000000000, 0.000000000000000000 ) ) ;
#9302 = EDGE_CURVE ( 'NONE', #7408, #87, #9070, .T. ) ;
#9303 = EDGE_CURVE ( 'NONE', #11599, #11116, #10949, .T. ) ;
#9304 = DIRECTION ( 'NONE',  ( -1.000000000000000000, -0.000000000000000000, -6.570922257487897174E-16 ) ) ;
#9305 = VECTOR ( 'NONE', #9462, 1000.000000000000000 ) ;
#9306 = DIRECTION ( 'NONE',  ( 0.000000000000000000, 0.000000000000000000, 1.000000000000000000 ) ) ;
#9307 = VERTEX_POINT ( 'NONE', #7295 ) ;
#9308 = VECTOR ( 'NONE', #9768, 1000.000000000000000 ) ;
#9309 = ORIENTED_EDGE ( 'NONE', *, *, #5483, .F. ) ;
#9310 = DIRECTION ( 'NONE',  ( -0.000000000000000000, -0.000000000000000000, 1.000000000000000000 ) ) ;
#9311 = EDGE_CURVE ( 'NONE', #10340, #11077, #2507, .T. ) ;
#9312 = ORIENTED_EDGE ( 'NONE', *, *, #5606, .F. ) ;
#9313 = EDGE_CURVE ( 'NONE', #545, #5990, #5521, .T. ) ;
#9314 = DIRECTION ( 'NONE',  ( 1.000000000000000000, -0.000000000000000000, 6.570922257487896188E-16 ) ) ;
#9315 = ORIENTED_EDGE ( 'NONE', *, *, #9227, .T. ) ;
#9316 = DIRECTION ( 'NONE',  ( -1.000000000000000000, -0.000000000000000000, -0.000000000000000000 ) ) ;
#9317 = DIRECTION ( 'NONE',  ( -1.000000000000000000, 0.000000000000000000, -1.219727444046192242E-16 ) ) ;
#9318 = EDGE_CURVE ( 'NONE', #1932, #7856, #8235, .T. ) ;
#9319 = AXIS2_PLACEMENT_3D ( 'NONE', #1687, #8027, #6236 ) ;
#9320 = ORIENTED_EDGE ( 'NONE', *, *, #3240, .F. ) ;
#9321 = DIRECTION ( 'NONE',  ( 0.000000000000000000, 0.000000000000000000, -1.000000000000000000 ) ) ;
#9322 = EDGE_CURVE ( 'NONE', #10156, #87, #5153, .T. ) ;
#9323 = VECTOR ( 'NONE', #2810, 1000.000000000000000 ) ;
#9324 = ORIENTED_EDGE ( 'NONE', *, *, #2433, .T. ) ;
#9325 = FACE_OUTER_BOUND ( 'NONE', #8005, .T. ) ;
#9326 = CARTESIAN_POINT ( 'NONE',  ( -1.175000000000000044, 0.03000000000000000930, -0.1249999999999994310 ) ) ;
#9327 = EDGE_LOOP ( 'NONE', ( #11273, #8717, #5480, #3164 ) ) ;
#9328 = AXIS2_PLACEMENT_3D ( 'NONE', #3701, #1048, #4646 ) ;
#9329 = STYLED_ITEM ( 'NONE', ( #1168 ), #4445 ) ;
#9330 = EDGE_CURVE ( 'NONE', #4681, #6712, #9650, .T. ) ;
#9331 = ORIENTED_EDGE ( 'NONE', *, *, #6405, .F. ) ;
#9332 = CARTESIAN_POINT ( 'NONE',  ( 2.104999999999999982, 0.7499999999999573674, 2.124999999999999556 ) ) ;
#9333 = FACE_OUTER_BOUND ( 'NONE', #1545, .T. ) ;
#9334 = CARTESIAN_POINT ( 'NONE',  ( 2.104999999999999538, 0.9000000000000002442, 0.8249999999999996225 ) ) ;
#9335 = AXIS2_PLACEMENT_3D ( 'NONE', #4644, #8254, #10048 ) ;
#9336 = CARTESIAN_POINT ( 'NONE',  ( 1.955000000000000071, 0.1000000000000001305, -0.07499999999999942824 ) ) ;
#9337 = FACE_OUTER_BOUND ( 'NONE', #7568, .T. ) ;
#9338 = LINE ( 'NONE', #3172, #2529 ) ;
#9339 = VECTOR ( 'NONE', #5110, 1000.000000000000000 ) ;
#9340 = PLANE ( 'NONE',  #9686 ) ;
#9341 = EDGE_CURVE ( 'NONE', #9834, #1730, #9512, .T. ) ;
#9342 = VECTOR ( 'NONE', #8540, 1000.000000000000000 ) ;
#9343 = PRESENTATION_STYLE_ASSIGNMENT (( #4651 ) ) ;
#9344 = DIRECTION ( 'NONE',  ( -1.000000000000000000, -0.000000000000000000, -0.000000000000000000 ) ) ;
#9345 = AXIS2_PLACEMENT_3D ( 'NONE', #3703, #6375, #3374 ) ;
#9346 = PLANE ( 'NONE',  #1787 ) ;
#9347 = EDGE_LOOP ( 'NONE', ( #4812, #1977, #10481, #252 ) ) ;
#9348 = VECTOR ( 'NONE', #4987, 1000.000000000000000 ) ;
#9349 = CARTESIAN_POINT ( 'NONE',  ( 0.000000000000000000, 0.1000000000000001305, 0.000000000000000000 ) ) ;
#9350 = DIRECTION ( 'NONE',  ( 0.000000000000000000, 1.000000000000000000, 0.000000000000000000 ) ) ;
#9352 = EDGE_LOOP ( 'NONE', ( #2743, #5890, #4927, #10621, #7322, #2796, #5932, #8619, #5457, #5176, #8719, #913, #3195, #1661, #186, #11434, #3799, #1265, #1506, #7101, #4372, #72, #1601, #10830, #8739, #3678, #10565, #9047, #3418, #9743 ) ) ;
#9351 = EDGE_CURVE ( 'NONE', #1066, #5709, #10479, .T. ) ;
#9353 = CARTESIAN_POINT ( 'NONE',  ( 0.8249999999999999556, 0.7408666514389177227, 2.512987586845043531 ) ) ;
#9354 =( NAMED_UNIT ( * ) SI_UNIT ( $, .STERADIAN. ) SOLID_ANGLE_UNIT ( ) );
#9355 = ORIENTED_EDGE ( 'NONE', *, *, #6861, .T. ) ;
#9356 = VERTEX_POINT ( 'NONE', #11409 ) ;
#9357 = CARTESIAN_POINT ( 'NONE',  ( 2.254999999999999893, 0.8300000000000000711, 0.4449999999999996736 ) ) ;
#9358 = EDGE_LOOP ( 'NONE', ( #7738, #11493, #11350, #1774 ) ) ;
#9359 = EDGE_LOOP ( 'NONE', ( #8185, #2461, #9086, #5284 ) ) ;
#9360 = CARTESIAN_POINT ( 'NONE',  ( -1.324999999999999956, 0.6800000000000001599, 0.4949999999999995515 ) ) ;
#9361 = VECTOR ( 'NONE', #3719, 1000.000000000000000 ) ;
#9362 = ORIENTED_EDGE ( 'NONE', *, *, #4310, .T. ) ;
#9363 = DIRECTION ( 'NONE',  ( 0.000000000000000000, 1.355252715606876598E-16, -1.000000000000000000 ) ) ;
#9364 = ORIENTED_EDGE ( 'NONE', *, *, #425, .F. ) ;
#9365 = CIRCLE ( 'NONE', #9936, 0.2000000000000000944 ) ;
#9366 = PLANE ( 'NONE',  #2349 ) ;
#9367 = DIRECTION ( 'NONE',  ( 0.000000000000000000, 0.000000000000000000, -1.000000000000000000 ) ) ;
#9368 = DIRECTION ( 'NONE',  ( 0.000000000000000000, -1.355252715606876598E-16, 1.000000000000000000 ) ) ;
#9369 = ORIENTED_EDGE ( 'NONE', *, *, #2655, .F. ) ;
#9370 = VERTEX_POINT ( 'NONE', #6085 ) ;
#9371 = VECTOR ( 'NONE', #5426, 999.9999999999998863 ) ;
#9372 = FACE_OUTER_BOUND ( 'NONE', #3366, .T. ) ;
#9373 = ADVANCED_FACE ( 'NONE', ( #7973 ), #8755, .T. ) ;
#9374 = ORIENTED_EDGE ( 'NONE', *, *, #7127, .T. ) ;
#9375 = CARTESIAN_POINT ( 'NONE',  ( 0.3250000000000000111, 0.08000000000000001554, -0.1749999999999994893 ) ) ;
#9376 = VERTEX_POINT ( 'NONE', #3300 ) ;
#9377 = DIRECTION ( 'NONE',  ( 0.000000000000000000, 1.000000000000000000, 0.000000000000000000 ) ) ;
#9378 = EDGE_LOOP ( 'NONE', ( #9848, #4023, #4186, #1365 ) ) ;
#9379 = PLANE ( 'NONE',  #4069 ) ;
#9380 = ORIENTED_EDGE ( 'NONE', *, *, #7797, .T. ) ;
#9381 = ORIENTED_EDGE ( 'NONE', *, *, #8435, .F. ) ;
#9382 = FACE_OUTER_BOUND ( 'NONE', #11561, .T. ) ;
#9383 = DIRECTION ( 'NONE',  ( -1.000000000000000000, -0.000000000000000000, -0.000000000000000000 ) ) ;
#9384 = VECTOR ( 'NONE', #10414, 1000.000000000000000 ) ;
#9385 = VECTOR ( 'NONE', #8266, 1000.000000000000000 ) ;
#9386 = EDGE_CURVE ( 'NONE', #5713, #8075, #703, .T. ) ;
#9387 = DIRECTION ( 'NONE',  ( -0.000000000000000000, 0.000000000000000000, -1.000000000000000000 ) ) ;
#9388 = PLANE ( 'NONE',  #8388 ) ;
#9389 = ORIENTED_EDGE ( 'NONE', *, *, #5661, .F. ) ;
#9390 = PLANE ( 'NONE',  #5349 ) ;
#9391 = ORIENTED_EDGE ( 'NONE', *, *, #484, .T. ) ;
#9392 = EDGE_CURVE ( 'NONE', #864, #4755, #10457, .T. ) ;
#9393 = EDGE_CURVE ( 'NONE', #8724, #2602, #5359, .T. ) ;
#9394 = ORIENTED_EDGE ( 'NONE', *, *, #1622, .F. ) ;
#9395 = EDGE_LOOP ( 'NONE', ( #11260, #11383, #3389, #11501 ) ) ;
#9396 = CYLINDRICAL_SURFACE ( 'NONE', #831, 0.05000000000003655687 ) ;
#9397 = DIRECTION ( 'NONE',  ( 0.000000000000000000, -0.7071067811865490160, 0.7071067811865460184 ) ) ;
#9398 = CARTESIAN_POINT ( 'NONE',  ( 2.104999999999999982, 0.02499999999999986261, 2.224999999999276667 ) ) ;
#9399 = DIRECTION ( 'NONE',  ( -1.000000000000000000, 0.000000000000000000, 0.000000000000000000 ) ) ;
#9400 = CARTESIAN_POINT ( 'NONE',  ( -1.175000000000000044, 0.3350000000000001310, 2.125000000000000000 ) ) ;
#9401 = SURFACE_SIDE_STYLE ('',( #7731 ) ) ;
#9402 = DIRECTION ( 'NONE',  ( 1.000000000000000000, 0.000000000000000000, 0.000000000000000000 ) ) ;
#9403 = CARTESIAN_POINT ( 'NONE',  ( -1.324999999999999956, 0.3615000000000000990, 2.125000000000000000 ) ) ;
#9404 = EDGE_CURVE ( 'NONE', #11375, #2533, #6925, .T. ) ;
#9405 = VECTOR ( 'NONE', #8492, 1000.000000000000000 ) ;
#9406 = DIRECTION ( 'NONE',  ( 0.000000000000000000, 0.000000000000000000, 1.000000000000000000 ) ) ;
#9407 = DIRECTION ( 'NONE',  ( 0.000000000000000000, -0.4461978131098036093, 0.8949343616020276615 ) ) ;
#9408 = DIRECTION ( 'NONE',  ( 0.000000000000000000, 1.000000000000000000, 9.035018104045866996E-16 ) ) ;
#9409 = CARTESIAN_POINT ( 'NONE',  ( -0.1750000000000000167, 0.8950000000000001288, 0.8249999999999999556 ) ) ;
#9410 = EDGE_LOOP ( 'NONE', ( #2140, #7301, #4728, #6887 ) ) ;
#9411 = DIRECTION ( 'NONE',  ( -1.000000000000000000, -0.000000000000000000, -0.000000000000000000 ) ) ;
#9412 = DIRECTION ( 'NONE',  ( -1.000000000000000000, -0.000000000000000000, -0.000000000000000000 ) ) ;
#9413 = CARTESIAN_POINT ( 'NONE',  ( -0.6749999999999998224, 0.8950000000000001288, 0.4949999999999995515 ) ) ;
#9414 = DIRECTION ( 'NONE',  ( 0.000000000000000000, 0.000000000000000000, -1.000000000000000000 ) ) ;
#9415 = ORIENTED_EDGE ( 'NONE', *, *, #8665, .T. ) ;
#9416 = ORIENTED_EDGE ( 'NONE', *, *, #185, .T. ) ;
#9417 = CARTESIAN_POINT ( 'NONE',  ( -2.500000000000000444, 1.050000000000000044, -0.07499999999999942824 ) ) ;
#9418 = ORIENTED_EDGE ( 'NONE', *, *, #9231, .F. ) ;
#9419 = ORIENTED_EDGE ( 'NONE', *, *, #8282, .T. ) ;
#9420 = CARTESIAN_POINT ( 'NONE',  ( -0.6750000000000000444, 0.07499999999999999722, 0.1250000000000005551 ) ) ;
#9421 = CARTESIAN_POINT ( 'NONE',  ( -1.764999999999999902, 1.050000000000000044, 2.825000000000000178 ) ) ;
#9422 = ORIENTED_EDGE ( 'NONE', *, *, #8805, .F. ) ;
#9423 = ORIENTED_EDGE ( 'NONE', *, *, #1273, .F. ) ;
#9424 = DIRECTION ( 'NONE',  ( 0.000000000000000000, 0.000000000000000000, 1.000000000000000000 ) ) ;
#9425 = DIRECTION ( 'NONE',  ( -1.000000000000000000, 0.000000000000000000, 1.219727444046192242E-16 ) ) ;
#9426 = DIRECTION ( 'NONE',  ( 0.000000000000000000, -1.355252715606876598E-16, 1.000000000000000000 ) ) ;
#9427 = PRESENTATION_STYLE_ASSIGNMENT (( #5810 ) ) ;
#9428 = EDGE_LOOP ( 'NONE', ( #10437, #3863, #6043, #1015, #4602, #3785, #8001, #1137, #684, #8460, #10395, #7686, #7330, #4575, #9720, #5650, #1849, #7554, #2243, #9435, #3058, #7651, #7452, #11495, #8493, #4325, #11585, #1892 ) ) ;
#9429 = DIRECTION ( 'NONE',  ( 0.000000000000000000, -1.000000000000000000, 5.421010862427520198E-16 ) ) ;
#9430 = ORIENTED_EDGE ( 'NONE', *, *, #1557, .T. ) ;
#9431 = DIRECTION ( 'NONE',  ( 0.000000000000000000, 1.355252715606876598E-16, -1.000000000000000000 ) ) ;
#9432 = ORIENTED_EDGE ( 'NONE', *, *, #6621, .F. ) ;
#9433 = CARTESIAN_POINT ( 'NONE',  ( 0.6750000000000000444, 0.4249999987231686815, 2.441500001276831089 ) ) ;
#9434 = CARTESIAN_POINT ( 'NONE',  ( -2.254999999999999893, 0.9250000000001167288, 2.724999999999276667 ) ) ;
#9435 = ORIENTED_EDGE ( 'NONE', *, *, #10958, .F. ) ;
#9436 = VERTEX_POINT ( 'NONE', #4240 ) ;
#9437 = DIRECTION ( 'NONE',  ( 0.000000000000000000, 1.000000000000000000, 1.921950934117575143E-16 ) ) ;
#9438 = DIRECTION ( 'NONE',  ( 0.000000000000000000, 1.000000000000000000, 0.000000000000000000 ) ) ;
#9439 = VECTOR ( 'NONE', #2746, 1000.000000000000000 ) ;
#9440 = PLANE ( 'NONE',  #2350 ) ;
#9441 = CARTESIAN_POINT ( 'NONE',  ( 2.104999999999999982, 0.1029422863393472526, 2.179999999999999716 ) ) ;
#9442 = CLOSED_SHELL ( 'NONE', ( #9092, #5135, #768, #7678, #4526, #1985, #11032 ) ) ;
#9443 = DIRECTION ( 'NONE',  ( -1.000000000000000000, -0.000000000000000000, -0.000000000000000000 ) ) ;
#9444 = ORIENTED_EDGE ( 'NONE', *, *, #5988, .F. ) ;
#9445 = LINE ( 'NONE', #8680, #7588 ) ;
#9446 = VERTEX_POINT ( 'NONE', #10592 ) ;
#9447 = VERTEX_POINT ( 'NONE', #7865 ) ;
#9448 = LINE ( 'NONE', #5773, #9405 ) ;
#9449 = ORIENTED_EDGE ( 'NONE', *, *, #8071, .F. ) ;
#9450 = AXIS2_PLACEMENT_3D ( 'NONE', #5678, #10247, #1239 ) ;
#9451 = PLANE ( 'NONE',  #3748 ) ;
#9452 = EDGE_CURVE ( 'NONE', #1727, #1730, #3410, .T. ) ;
#9453 = CARTESIAN_POINT ( 'NONE',  ( 0.1750000000000000167, 0.6800000000000001599, 0.8249999999999999556 ) ) ;
#9454 = CARTESIAN_POINT ( 'NONE',  ( -0.6750000000000000444, 0.3350000000000001310, 2.125000000000000000 ) ) ;
#9455 = CARTESIAN_POINT ( 'NONE',  ( -2.104999999999999982, 0.7249999999999575673, 2.154999999999999805 ) ) ;
#9456 = FACE_OUTER_BOUND ( 'NONE', #1175, .T. ) ;
#9457 = DIRECTION ( 'NONE',  ( 1.000000000000000000, 0.000000000000000000, 0.000000000000000000 ) ) ;
#9458 = LINE ( 'NONE', #1333, #10442 ) ;
#9459 = ADVANCED_FACE ( 'NONE', ( #7914 ), #2476, .T. ) ;
#9460 = ADVANCED_FACE ( 'NONE', ( #11520 ), #2530, .T. ) ;
#9461 = DIRECTION ( 'NONE',  ( 0.000000000000000000, -1.000000000000000000, 0.000000000000000000 ) ) ;
#9462 = DIRECTION ( 'NONE',  ( 0.000000000000000000, 0.000000000000000000, 1.000000000000000000 ) ) ;
#9463 = LINE ( 'NONE', #2236, #9930 ) ;
#9464 = EDGE_CURVE ( 'NONE', #5519, #7065, #10706, .T. ) ;
#9465 = CIRCLE ( 'NONE', #2468, 0.05000000000003655687 ) ;
#9466 = EDGE_CURVE ( 'NONE', #3437, #1790, #1643, .T. ) ;
#9467 = DIRECTION ( 'NONE',  ( 0.000000000000000000, -0.7071067811865492381, 0.7071067811865457964 ) ) ;
#9468 = VERTEX_POINT ( 'NONE', #8638 ) ;
#9469 = EDGE_CURVE ( 'NONE', #4048, #6636, #6862, .T. ) ;
#9470 = DIRECTION ( 'NONE',  ( 1.000000000000000000, 0.000000000000000000, -1.148519250514307542E-16 ) ) ;
#9471 = DIRECTION ( 'NONE',  ( 0.000000000000000000, 0.000000000000000000, 1.000000000000000000 ) ) ;
#9472 = DIRECTION ( 'NONE',  ( 0.000000000000000000, 1.000000000000000000, 0.000000000000000000 ) ) ;
#9473 = CARTESIAN_POINT ( 'NONE',  ( 2.500000000000000444, 1.050000000000000044, -0.07500000000000003886 ) ) ;
#9474 = ORIENTED_EDGE ( 'NONE', *, *, #9684, .F. ) ;
#9475 = CARTESIAN_POINT ( 'NONE',  ( -2.104999999999999538, 1.000000000000000222, 1.199999999999277200 ) ) ;
#9476 = ORIENTED_EDGE ( 'NONE', *, *, #7710, .T. ) ;
#9477 = VECTOR ( 'NONE', #9256, 1000.000000000000000 ) ;
#9478 = VERTEX_POINT ( 'NONE', #583 ) ;
#9479 = VECTOR ( 'NONE', #1126, 1000.000000000000000 ) ;
#9480 = DIRECTION ( 'NONE',  ( -1.000000000000000000, -0.000000000000000000, -0.000000000000000000 ) ) ;
#9481 = EDGE_CURVE ( 'NONE', #4271, #6530, #4175, .T. ) ;
#9482 = ORIENTED_EDGE ( 'NONE', *, *, #10821, .F. ) ;
#9483 = VERTEX_POINT ( 'NONE', #2423 ) ;
#9485 = CARTESIAN_POINT ( 'NONE',  ( -1.684999999999999831, 0.1000000000000001305, -0.07500000000000003886 ) ) ;
#9484 = PLANE ( 'NONE',  #6886 ) ;
#9486 = VECTOR ( 'NONE', #2646, 1000.000000000000000 ) ;
#9487 = VERTEX_POINT ( 'NONE', #823 ) ;
#9488 = LINE ( 'NONE', #602, #5684 ) ;
#9489 = CARTESIAN_POINT ( 'NONE',  ( 2.104999999999999538, 1.050000000000000044, 0.2950000000000000400 ) ) ;
#9490 = ORIENTED_EDGE ( 'NONE', *, *, #4757, .F. ) ;
#9491 = EDGE_CURVE ( 'NONE', #1681, #10788, #7799, .T. ) ;
#9492 = EDGE_LOOP ( 'NONE', ( #4558, #1720, #10342, #9973, #6071 ) ) ;
#9493 = VECTOR ( 'NONE', #10170, 1000.000000000000000 ) ;
#9494 = AXIS2_PLACEMENT_3D ( 'NONE', #994, #8206, #7318 ) ;
#9495 = DIRECTION ( 'NONE',  ( 1.000000000000000000, 0.000000000000000000, -1.219727444046192242E-16 ) ) ;
#9496 = ORIENTED_EDGE ( 'NONE', *, *, #4307, .F. ) ;
#9497 = VECTOR ( 'NONE', #2445, 1000.000000000000000 ) ;
#9498 = PLANE ( 'NONE',  #9909 ) ;
#9499 = ORIENTED_EDGE ( 'NONE', *, *, #10477, .T. ) ;
#9500 = CYLINDRICAL_SURFACE ( 'NONE', #8683, 0.04999999999999999584 ) ;
#9501 = ORIENTED_EDGE ( 'NONE', *, *, #10189, .T. ) ;
#9502 = VERTEX_POINT ( 'NONE', #7142 ) ;
#9503 = CARTESIAN_POINT ( 'NONE',  ( 2.254999999999999449, 0.9000000000000002442, 0.8249999999999999556 ) ) ;
#9504 = DIRECTION ( 'NONE',  ( -1.000000000000000000, -0.000000000000000000, -0.000000000000000000 ) ) ;
#9505 = DIRECTION ( 'NONE',  ( 0.000000000000000000, 1.000000000000000000, 9.035018104045866996E-16 ) ) ;
#9506 = AXIS2_PLACEMENT_3D ( 'NONE', #3035, #10913, #9987 ) ;
#9507 = FACE_OUTER_BOUND ( 'NONE', #3085, .T. ) ;
#9508 = LINE ( 'NONE', #1381, #1421 ) ;
#9509 = DIRECTION ( 'NONE',  ( -1.000000000000000000, -0.000000000000000000, -0.000000000000000000 ) ) ;
#9510 = ORIENTED_EDGE ( 'NONE', *, *, #8615, .T. ) ;
#9511 = CIRCLE ( 'NONE', #1930, 0.07499999999999998335 ) ;
#9512 = CIRCLE ( 'NONE', #4192, 0.2000000000000000944 ) ;
#9513 = EDGE_LOOP ( 'NONE', ( #4385, #2853, #7751, #2251 ) ) ;
#9514 = EDGE_CURVE ( 'NONE', #11599, #592, #6288, .T. ) ;
#9515 = FACE_OUTER_BOUND ( 'NONE', #9716, .T. ) ;
#9516 = LINE ( 'NONE', #3220, #433 ) ;
#9517 = DIRECTION ( 'NONE',  ( -1.219727444046192242E-16, 0.000000000000000000, 1.000000000000000000 ) ) ;
#9518 = DIRECTION ( 'NONE',  ( -1.000000000000000000, -0.000000000000000000, -0.000000000000000000 ) ) ;
#9519 = CARTESIAN_POINT ( 'NONE',  ( -1.175000000000000044, 0.4249999987231686815, 2.505000000000000338 ) ) ;
#9520 = PRESENTATION_STYLE_ASSIGNMENT (( #10293 ) ) ;
#9521 = DIRECTION ( 'NONE',  ( -1.000000000000000000, 0.000000000000000000, -1.219727444046192242E-16 ) ) ;
#9522 = AXIS2_PLACEMENT_3D ( 'NONE', #6359, #9141, #1745 ) ;
#9523 = LINE ( 'NONE', #9644, #214 ) ;
#9524 = DIRECTION ( 'NONE',  ( 1.000000000000000000, 0.000000000000000000, 0.000000000000000000 ) ) ;
#9525 = VECTOR ( 'NONE', #2930, 1000.000000000000000 ) ;
#9526 = AXIS2_PLACEMENT_3D ( 'NONE', #9332, #7540, #1266 ) ;
#9527 = EDGE_CURVE ( 'NONE', #4203, #5997, #3817, .T. ) ;
#9528 = ADVANCED_FACE ( 'NONE', ( #8039 ), #4425, .F. ) ;
#9529 = ADVANCED_FACE ( 'NONE', ( #1698 ), #7364, .F. ) ;
#9530 = VECTOR ( 'NONE', #9625, 1000.000000000000000 ) ;
#9531 = CARTESIAN_POINT ( 'NONE',  ( -0.3250000000000000111, 0.07499999999999999722, 0.1250000000000005551 ) ) ;
#9532 = CARTESIAN_POINT ( 'NONE',  ( -2.104999999999999538, 0.9000000000000002442, 0.8250000000000003997 ) ) ;
#9533 = EDGE_LOOP ( 'NONE', ( #7946, #10502, #5928, #3446, #7942, #3498, #3937, #8899, #7026, #290, #2069, #5451, #10566, #9362, #9634, #1437, #6222, #296, #5250, #5459, #7745, #9600, #9799, #4665, #10369, #4314, #8769, #5963 ) ) ;
#9534 = DIRECTION ( 'NONE',  ( 0.000000000000000000, -1.000000000000000000, 0.000000000000000000 ) ) ;
#9535 = DIRECTION ( 'NONE',  ( -1.000000000000000000, -0.000000000000000000, -0.000000000000000000 ) ) ;
#9536 = CARTESIAN_POINT ( 'NONE',  ( 2.104999999999999538, 0.8150000000000001688, 0.7606385001764813802 ) ) ;
#9537 = DIRECTION ( 'NONE',  ( 0.000000000000000000, 0.08715574274767397267, 0.9961946980917439909 ) ) ;
#9538 = DIRECTION ( 'NONE',  ( -1.000000000000000000, 0.000000000000000000, 0.000000000000000000 ) ) ;
#9539 = FACE_OUTER_BOUND ( 'NONE', #10019, .T. ) ;
#9540 = EDGE_LOOP ( 'NONE', ( #7176, #11539, #5502, #8320 ) ) ;
#9541 = EDGE_CURVE ( 'NONE', #6530, #7470, #10974, .T. ) ;
#9542 = LINE ( 'NONE', #2380, #7632 ) ;
#9543 = VECTOR ( 'NONE', #8631, 1000.000000000000000 ) ;
#9544 = VERTEX_POINT ( 'NONE', #9825 ) ;
#9545 = EDGE_CURVE ( 'NONE', #10397, #4920, #10866, .T. ) ;
#9546 = EDGE_CURVE ( 'NONE', #34, #258, #2809, .T. ) ;
#9547 = AXIS2_PLACEMENT_3D ( 'NONE', #1028, #2908, #139 ) ;
#9548 = VECTOR ( 'NONE', #593, 1000.000000000000000 ) ;
#9549 = EDGE_CURVE ( 'NONE', #1292, #5990, #11687, .T. ) ;
#9550 = VERTEX_POINT ( 'NONE', #11639 ) ;
#9551 = EDGE_LOOP ( 'NONE', ( #11356, #5424, #8475, #10277 ) ) ;
#9552 = VECTOR ( 'NONE', #9038, 1000.000000000000000 ) ;
#9554 = CARTESIAN_POINT ( 'NONE',  ( 2.049999999999998934, 0.6100000000000000977, -0.5050000000000005596 ) ) ;
#9553 = PLANE ( 'NONE',  #4590 ) ;
#9555 = DIRECTION ( 'NONE',  ( 0.000000000000000000, 0.000000000000000000, -1.000000000000000000 ) ) ;
#9556 = EDGE_LOOP ( 'NONE', ( #1068, #6952, #10177, #726 ) ) ;
#9557 = ORIENTED_EDGE ( 'NONE', *, *, #5853, .T. ) ;
#9558 = VERTEX_POINT ( 'NONE', #3699 ) ;
#9559 = EDGE_CURVE ( 'NONE', #1571, #359, #4528, .T. ) ;
#9560 = DIRECTION ( 'NONE',  ( 0.000000000000000000, 0.000000000000000000, -1.000000000000000000 ) ) ;
#9561 = VECTOR ( 'NONE', #8642, 1000.000000000000000 ) ;
#9562 = ORIENTED_EDGE ( 'NONE', *, *, #694, .F. ) ;
#9563 = CARTESIAN_POINT ( 'NONE',  ( 0.3250000000000000111, 0.1000000000000001305, -0.07500000000000003886 ) ) ;
#9564 = EDGE_LOOP ( 'NONE', ( #8584, #770, #8131, #5283 ) ) ;
#9565 = DIRECTION ( 'NONE',  ( -1.000000000000000000, -0.000000000000000000, -0.000000000000000000 ) ) ;
#9566 = ORIENTED_EDGE ( 'NONE', *, *, #2007, .F. ) ;
#9567 = ORIENTED_EDGE ( 'NONE', *, *, #4829, .T. ) ;
#9568 = CARTESIAN_POINT ( 'NONE',  ( 2.049999999999999822, 0.6100000000000000977, -0.2050000000000007649 ) ) ;
#9569 = PLANE ( 'NONE',  #613 ) ;
#9570 = LINE ( 'NONE', #5188, #7619 ) ;
#9571 = CARTESIAN_POINT ( 'NONE',  ( -0.1750000000000000167, 0.07500000000000001110, 0.1500000000000005496 ) ) ;
#9572 = VECTOR ( 'NONE', #5639, 1000.000000000000114 ) ;
#9573 = AXIS2_PLACEMENT_3D ( 'NONE', #367, #8297, #8422 ) ;
#9574 = PLANE ( 'NONE',  #682 ) ;
#9575 = ORIENTED_EDGE ( 'NONE', *, *, #7708, .T. ) ;
#9576 = CARTESIAN_POINT ( 'NONE',  ( 2.104999999999999538, 0.3650000000000002687, 0.1750000000000000444 ) ) ;
#9577 = VERTEX_POINT ( 'NONE', #10760 ) ;
#9578 = ORIENTED_EDGE ( 'NONE', *, *, #7645, .F. ) ;
#9579 = EDGE_LOOP ( 'NONE', ( #9984, #6810, #8562, #6271 ) ) ;
#9580 = VECTOR ( 'NONE', #1875, 1000.000000000000114 ) ;
#9581 = CARTESIAN_POINT ( 'NONE',  ( -2.254999999999999449, 0.5329422863405998134, 0.2200000000000001399 ) ) ;
#9582 = CARTESIAN_POINT ( 'NONE',  ( 2.049999999999999822, 0.6100000000000000977, -0.8050000000000003819 ) ) ;
#9583 = DIRECTION ( 'NONE',  ( -1.000000000000000000, 0.000000000000000000, 0.000000000000000000 ) ) ;
#9584 = FACE_OUTER_BOUND ( 'NONE', #10375, .T. ) ;
#9585 = DIRECTION ( 'NONE',  ( -1.000000000000000000, -0.000000000000000000, -0.000000000000000000 ) ) ;
#9586 = LINE ( 'NONE', #11336, #1542 ) ;
#9587 = EDGE_CURVE ( 'NONE', #3671, #8066, #56, .T. ) ;
#9588 = LINE ( 'NONE', #578, #7775 ) ;
#9589 = CIRCLE ( 'NONE', #4470, 0.04999999999999991257 ) ;
#9590 = CARTESIAN_POINT ( 'NONE',  ( -0.3250000000000000111, 0.3749999987231322773, 2.517714491643438635 ) ) ;
#9591 = AXIS2_PLACEMENT_3D ( 'NONE', #1773, #6211, #67 ) ;
#9592 = CARTESIAN_POINT ( 'NONE',  ( -0.6750000000000000444, 0.7250000000000001998, 2.577500000000000568 ) ) ;
#9593 = ORIENTED_EDGE ( 'NONE', *, *, #8978, .T. ) ;
#9594 = CARTESIAN_POINT ( 'NONE',  ( 0.8249999999999999556, 0.4197467168032661955, 2.540024382298945227 ) ) ;
#9595 = CARTESIAN_POINT ( 'NONE',  ( -0.1750000000000000167, 0.4249999987231686815, 2.505000000000000338 ) ) ;
#9596 = LINE ( 'NONE', #1406, #11363 ) ;
#9597 = LINE ( 'NONE', #4001, #672 ) ;
#9598 = ORIENTED_EDGE ( 'NONE', *, *, #10851, .F. ) ;
#9599 = DIRECTION ( 'NONE',  ( -1.000000000000000000, 0.000000000000000000, -0.000000000000000000 ) ) ;
#9600 = ORIENTED_EDGE ( 'NONE', *, *, #1496, .T. ) ;
#9601 = LINE ( 'NONE', #2316, #5558 ) ;
#9602 = ORIENTED_EDGE ( 'NONE', *, *, #10898, .T. ) ;
#9603 = ADVANCED_FACE ( 'NONE', ( #5542 ), #989, .T. ) ;
#9604 = EDGE_CURVE ( 'NONE', #2194, #8623, #4583, .T. ) ;
#9605 = VECTOR ( 'NONE', #6608, 1000.000000000000000 ) ;
#9606 = ORIENTED_EDGE ( 'NONE', *, *, #4397, .F. ) ;
#9607 = VERTEX_POINT ( 'NONE', #8201 ) ;
#9608 = CARTESIAN_POINT ( 'NONE',  ( -1.764999999999999902, 0.7250000000000001998, 1.525000000000000355 ) ) ;
#9610 = PLANE ( 'NONE',  #3165 ) ;
#9609 = CARTESIAN_POINT ( 'NONE',  ( -0.1749999999999998224, 0.7500000000000002220, 0.5949999999999996403 ) ) ;
#9611 = EDGE_CURVE ( 'NONE', #6173, #5260, #5383, .T. ) ;
#9612 = DIRECTION ( 'NONE',  ( 0.000000000000000000, -0.4461978131098036093, 0.8949343616020276615 ) ) ;
#9613 = EDGE_CURVE ( 'NONE', #10309, #504, #886, .T. ) ;
#9614 = ORIENTED_EDGE ( 'NONE', *, *, #4817, .T. ) ;
#9615 = VERTEX_POINT ( 'NONE', #7190 ) ;
#9616 = EDGE_CURVE ( 'NONE', #5624, #2807, #103, .T. ) ;
#9617 = EDGE_CURVE ( 'NONE', #2081, #8679, #2698, .T. ) ;
#9618 = ORIENTED_EDGE ( 'NONE', *, *, #3314, .T. ) ;
#9619 = EDGE_LOOP ( 'NONE', ( #8333, #9196, #463, #1230 ) ) ;
#9620 = EDGE_LOOP ( 'NONE', ( #1887, #5277, #6578, #11300, #7848, #3302, #690, #1606, #7215, #2382, #7411 ) ) ;
#9621 = CARTESIAN_POINT ( 'NONE',  ( 2.049999999999999822, 0.5300000000000002487, 0.4449999999999996736 ) ) ;
#9622 = ORIENTED_EDGE ( 'NONE', *, *, #9835, .T. ) ;
#9623 = LINE ( 'NONE', #1553, #3556 ) ;
#9624 = ORIENTED_EDGE ( 'NONE', *, *, #11480, .F. ) ;
#9625 = DIRECTION ( 'NONE',  ( -1.000000000000000000, -0.000000000000000000, -0.000000000000000000 ) ) ;
#9626 = EDGE_CURVE ( 'NONE', #7454, #1374, #3061, .T. ) ;
#9627 = EDGE_CURVE ( 'NONE', #7342, #9298, #10108, .T. ) ;
#9628 = VECTOR ( 'NONE', #297, 1000.000000000000000 ) ;
#9629 = CARTESIAN_POINT ( 'NONE',  ( 1.324999999999999956, 0.1000000000000001305, -0.07500000000000003886 ) ) ;
#9630 = LINE ( 'NONE', #5306, #2833 ) ;
#9631 = DIRECTION ( 'NONE',  ( -0.000000000000000000, -1.000000000000000000, -0.000000000000000000 ) ) ;
#9632 = VERTEX_POINT ( 'NONE', #4844 ) ;
#9633 = CARTESIAN_POINT ( 'NONE',  ( -2.499999999999999556, 1.050000000000000044, 2.125000000000000000 ) ) ;
#9634 = ORIENTED_EDGE ( 'NONE', *, *, #7244, .T. ) ;
#9635 = SURFACE_STYLE_USAGE ( .BOTH. , #1454 ) ;
#9636 = EDGE_LOOP ( 'NONE', ( #4786, #6898, #9911, #2882 ) ) ;
#9637 = EDGE_LOOP ( 'NONE', ( #7387, #8159, #4998, #9739 ) ) ;
#9638 = DIRECTION ( 'NONE',  ( 0.000000000000000000, 0.000000000000000000, 1.000000000000000000 ) ) ;
#9639 = FACE_OUTER_BOUND ( 'NONE', #2789, .T. ) ;
#9640 = CARTESIAN_POINT ( 'NONE',  ( 2.104999999999999538, 0.8134073820189092752, 0.7731575003791745226 ) ) ;
#9641 = LINE ( 'NONE', #5143, #1586 ) ;
#9642 = CARTESIAN_POINT ( 'NONE',  ( 1.175000000000000044, -1.203706215242022408E-32, -0.1249999999999994588 ) ) ;
#9643 = CARTESIAN_POINT ( 'NONE',  ( -2.104999999999999538, 0.9000000000000002442, 2.124999999999999556 ) ) ;
#9644 = CARTESIAN_POINT ( 'NONE',  ( -0.1750000000000000167, 0.1000000000000001027, 0.1250000000000005551 ) ) ;
#9645 = CARTESIAN_POINT ( 'NONE',  ( 0.3250000000000000111, 0.7408666514389177227, 2.512987586845043531 ) ) ;
#9646 = EDGE_CURVE ( 'NONE', #504, #9963, #2983, .T. ) ;
#9647 = DIRECTION ( 'NONE',  ( 1.000000000000000000, 0.000000000000000000, 0.000000000000000000 ) ) ;
#9648 = CARTESIAN_POINT ( 'NONE',  ( 0.3250000000000000111, 0.1000000000000001305, -0.07500000000000003886 ) ) ;
#9649 = CLOSED_SHELL ( 'NONE', ( #9901, #2662, #2679, #1697, #1057, #8961 ) ) ;
#9650 = LINE ( 'NONE', #1522, #1754 ) ;
#9651 = CARTESIAN_POINT ( 'NONE',  ( -1.324999999999999734, 0.6800000000000001599, 0.5949999999999996403 ) ) ;
#9652 = DIRECTION ( 'NONE',  ( 0.000000000000000000, 0.000000000000000000, -1.000000000000000000 ) ) ;
#9653 = EDGE_LOOP ( 'NONE', ( #840, #11426, #2500, #2868, #3672, #1323, #7768 ) ) ;
#9654 = CARTESIAN_POINT ( 'NONE',  ( 1.324999999999999956, 0.3615000000000000990, 2.125000000000000000 ) ) ;
#9655 = DIRECTION ( 'NONE',  ( 1.000000000000000000, 0.000000000000000000, 0.000000000000000000 ) ) ;
#9656 = DIRECTION ( 'NONE',  ( 0.000000000000000000, 0.000000000000000000, 1.000000000000000000 ) ) ;
#9657 = LINE ( 'NONE', #8517, #9935 ) ;
#9658 = ORIENTED_EDGE ( 'NONE', *, *, #8738, .F. ) ;
#9659 = CARTESIAN_POINT ( 'NONE',  ( -1.324999999999999956, 0.3749999987231322773, 2.517714491643438635 ) ) ;
#9660 = EDGE_CURVE ( 'NONE', #7622, #10159, #11139, .T. ) ;
#9661 = DIRECTION ( 'NONE',  ( -1.000000000000000000, -0.000000000000000000, -0.000000000000000000 ) ) ;
#9662 = ORIENTED_EDGE ( 'NONE', *, *, #9285, .T. ) ;
#9663 = ORIENTED_EDGE ( 'NONE', *, *, #8747, .T. ) ;
#9665 = SURFACE_STYLE_USAGE ( .BOTH. , #6046 ) ;
#9664 = DIRECTION ( 'NONE',  ( -1.000000000000000000, 0.000000000000000000, -0.000000000000000000 ) ) ;
#9666 = LINE ( 'NONE', #7824, #9669 ) ;
#9667 = COLOUR_RGB ( '',1.000000000000000000, 0.8117647058823529438, 0.5019607843137254832 ) ;
#9668 = ORIENTED_EDGE ( 'NONE', *, *, #8182, .T. ) ;
#9669 = VECTOR ( 'NONE', #3323, 1000.000000000000000 ) ;
#9670 = EDGE_LOOP ( 'NONE', ( #8106, #11610, #3422, #11489 ) ) ;
#9671 = ORIENTED_EDGE ( 'NONE', *, *, #11251, .F. ) ;
#9672 = PLANE ( 'NONE',  #9291 ) ;
#9673 = VERTEX_POINT ( 'NONE', #6537 ) ;
#9674 = AXIS2_PLACEMENT_3D ( 'NONE', #7043, #764, #942 ) ;
#9675 = CIRCLE ( 'NONE', #9288, 0.05000000000003655687 ) ;
#9676 = VERTEX_POINT ( 'NONE', #7599 ) ;
#9677 = EDGE_CURVE ( 'NONE', #729, #6987, #7487, .T. ) ;
#9678 = ORIENTED_EDGE ( 'NONE', *, *, #1578, .T. ) ;
#9679 = EDGE_CURVE ( 'NONE', #7886, #8430, #9208, .T. ) ;
#9680 = CARTESIAN_POINT ( 'NONE',  ( 0.1750000000000000167, 0.3350000000000001310, 2.709999999999999964 ) ) ;
#9681 = ORIENTED_EDGE ( 'NONE', *, *, #5405, .F. ) ;
#9682 = VECTOR ( 'NONE', #7319, 1000.000000000000000 ) ;
#9683 = PLANE ( 'NONE',  #3993 ) ;
#9684 = EDGE_CURVE ( 'NONE', #1348, #4278, #3042, .T. ) ;
#9685 = ORIENTED_EDGE ( 'NONE', *, *, #2352, .F. ) ;
#9686 = AXIS2_PLACEMENT_3D ( 'NONE', #2815, #4705, #8313 ) ;
#9687 = EDGE_CURVE ( 'NONE', #7107, #1716, #6728, .T. ) ;
#9688 = ADVANCED_BREP_SHAPE_REPRESENTATION ( '2328702-6', ( #383, #8151, #8263, #449, #8229, #8364, #4401, #573, #510, #4282, #4261, #7983, #4445, #8062, #8194, #4198, #4423, #4238, #8101, #4102, #427, #408, #8210, #8170, #4059, #4323, #293, #4295, #1709 ), #3670 ) ;
#9689 = EDGE_CURVE ( 'NONE', #5626, #5260, #6661, .T. ) ;
#9690 = CARTESIAN_POINT ( 'NONE',  ( -1.175000000000000044, 0.3350000000000001310, 2.709999999999999964 ) ) ;
#9691 = ORIENTED_EDGE ( 'NONE', *, *, #11480, .T. ) ;
#9692 = EDGE_LOOP ( 'NONE', ( #4283, #10023, #11070, #6341, #8298, #9112, #6963, #9598 ) ) ;
#9693 = EDGE_CURVE ( 'NONE', #9180, #9132, #11086, .T. ) ;
#9694 = LINE ( 'NONE', #6073, #8777 ) ;
#9695 = VECTOR ( 'NONE', #8122, 1000.000000000000000 ) ;
#9696 = DIRECTION ( 'NONE',  ( 1.000000000000000000, -0.000000000000000000, -1.219727444046192242E-16 ) ) ;
#9697 = FACE_OUTER_BOUND ( 'NONE', #10937, .T. ) ;
#9698 = PLANE ( 'NONE',  #5944 ) ;
#9699 = LINE ( 'NONE', #3522, #5704 ) ;
#9700 = DIRECTION ( 'NONE',  ( 0.000000000000000000, 1.000000000000000000, 0.000000000000000000 ) ) ;
#9701 = CIRCLE ( 'NONE', #4189, 0.02499999999999941505 ) ;
#9702 = LINE ( 'NONE', #7969, #6322 ) ;
#9703 = AXIS2_PLACEMENT_3D ( 'NONE', #1099, #5598, #1268 ) ;
#9704 = EDGE_CURVE ( 'NONE', #10776, #1901, #4963, .T. ) ;
#9705 = DIRECTION ( 'NONE',  ( -1.000000000000000000, -0.000000000000000000, -0.000000000000000000 ) ) ;
#9706 = CARTESIAN_POINT ( 'NONE',  ( -0.8249999999999997335, 0.8214213562373096078, 0.4949999999999995515 ) ) ;
#9707 = FACE_OUTER_BOUND ( 'NONE', #11435, .T. ) ;
#9708 = ORIENTED_EDGE ( 'NONE', *, *, #5059, .T. ) ;
#9709 = EDGE_CURVE ( 'NONE', #417, #434, #11033, .T. ) ;
#9710 = PLANE ( 'NONE',  #1979 ) ;
#9711 = AXIS2_PLACEMENT_3D ( 'NONE', #5530, #976, #11674 ) ;
#9712 = CARTESIAN_POINT ( 'NONE',  ( -1.955000000000000071, 0.1000000000000001305, -0.07499999999999942824 ) ) ;
#9713 = CIRCLE ( 'NONE', #3074, 0.1499999999999999667 ) ;
#9714 = VERTEX_POINT ( 'NONE', #5778 ) ;
#9715 = LINE ( 'NONE', #8537, #1337 ) ;
#9716 = EDGE_LOOP ( 'NONE', ( #7234, #6663, #6557, #3265 ) ) ;
#9717 = AXIS2_PLACEMENT_3D ( 'NONE', #1151, #2811, #6373 ) ;
#9718 = AXIS2_PLACEMENT_3D ( 'NONE', #6045, #1423, #10319 ) ;
#9719 = FILL_AREA_STYLE ('',( #7880 ) ) ;
#9720 = ORIENTED_EDGE ( 'NONE', *, *, #3296, .F. ) ;
#9721 = DIRECTION ( 'NONE',  ( 0.000000000000000000, -0.000000000000000000, -1.000000000000000000 ) ) ;
#9722 = FACE_OUTER_BOUND ( 'NONE', #2683, .T. ) ;
#9724 =( NAMED_UNIT ( * ) SI_UNIT ( $, .STERADIAN. ) SOLID_ANGLE_UNIT ( ) );
#9723 = CARTESIAN_POINT ( 'NONE',  ( -2.104999999999999982, 0.01250000000000022968, 2.203349364904666263 ) ) ;
#9725 = VECTOR ( 'NONE', #4141, 1000.000000000000000 ) ;
#9726 = EDGE_LOOP ( 'NONE', ( #7004, #1171, #11553, #9602 ) ) ;
#9727 = CARTESIAN_POINT ( 'NONE',  ( -1.324999999999999956, 8.735352324927245566E-18, 0.1500000000000005496 ) ) ;
#9728 = CIRCLE ( 'NONE', #9145, 0.06499999999997957412 ) ;
#9729 = ORIENTED_EDGE ( 'NONE', *, *, #9616, .T. ) ;
#9730 = ORIENTED_EDGE ( 'NONE', *, *, #11399, .T. ) ;
#9731 = EDGE_CURVE ( 'NONE', #10509, #308, #1149, .T. ) ;
#9732 = VECTOR ( 'NONE', #10952, 1000.000000000000000 ) ;
#9733 = VERTEX_POINT ( 'NONE', #9453 ) ;
#9734 = LINE ( 'NONE', #5403, #3837 ) ;
#9735 = ORIENTED_EDGE ( 'NONE', *, *, #10559, .F. ) ;
#9736 = AXIS2_PLACEMENT_3D ( 'NONE', #10472, #2364, #5974 ) ;
#9737 = VERTEX_POINT ( 'NONE', #4700 ) ;
#9738 = LINE ( 'NONE', #733, #6579 ) ;
#9739 = ORIENTED_EDGE ( 'NONE', *, *, #5049, .T. ) ;
#9740 = ORIENTED_EDGE ( 'NONE', *, *, #470, .T. ) ;
#9741 = DIRECTION ( 'NONE',  ( 0.000000000000000000, 0.000000000000000000, -1.000000000000000000 ) ) ;
#9742 = FILL_AREA_STYLE ('',( #7009 ) ) ;
#9743 = ORIENTED_EDGE ( 'NONE', *, *, #3577, .T. ) ;
#9744 = PLANE ( 'NONE',  #7979 ) ;
#9745 = VERTEX_POINT ( 'NONE', #267 ) ;
#9746 = VECTOR ( 'NONE', #5666, 1000.000000000000000 ) ;
#9747 = EDGE_CURVE ( 'NONE', #1010, #6521, #447, .T. ) ;
#9748 = VERTEX_POINT ( 'NONE', #6476 ) ;
#9749 = VECTOR ( 'NONE', #7453, 1000.000000000000000 ) ;
#9750 = FACE_OUTER_BOUND ( 'NONE', #6005, .T. ) ;
#9751 = LINE ( 'NONE', #5202, #4201 ) ;
#9752 = EDGE_CURVE ( 'NONE', #2097, #784, #8496, .T. ) ;
#9753 = PLANE ( 'NONE',  #10144 ) ;
#9754 = DIRECTION ( 'NONE',  ( 1.000000000000000000, 0.000000000000000000, -8.043042822592764491E-18 ) ) ;
#9755 = AXIS2_PLACEMENT_3D ( 'NONE', #653, #6250, #762 ) ;
#9756 = DIRECTION ( 'NONE',  ( -1.000000000000000000, -0.000000000000000000, -0.000000000000000000 ) ) ;
#9757 =( NAMED_UNIT ( * ) PLANE_ANGLE_UNIT ( ) SI_UNIT ( $, .RADIAN. ) );
#9758 = EDGE_CURVE ( 'NONE', #1609, #2224, #204, .T. ) ;
#9759 = EDGE_LOOP ( 'NONE', ( #4154, #11230, #7068, #8486 ) ) ;
#9760 = DIRECTION ( 'NONE',  ( 0.000000000000000000, 0.000000000000000000, -1.000000000000000000 ) ) ;
#9761 = ADVANCED_FACE ( 'NONE', ( #2035 ), #5652, .F. ) ;
#9762 = LINE ( 'NONE', #5431, #11357 ) ;
#9763 = LINE ( 'NONE', #5263, #2192 ) ;
#9764 = ADVANCED_FACE ( 'NONE', ( #9333 ), #1213, .F. ) ;
#9765 = LINE ( 'NONE', #4234, #5206 ) ;
#9766 = ADVANCED_FACE ( 'NONE', ( #8800 ), #3285, .F. ) ;
#9767 = VECTOR ( 'NONE', #2972, 1000.000000000000000 ) ;
#9768 = DIRECTION ( 'NONE',  ( -1.000000000000000000, -0.000000000000000000, -0.000000000000000000 ) ) ;
#9769 = DIRECTION ( 'NONE',  ( 1.000000000000000000, 0.000000000000000000, 6.570922257487897174E-16 ) ) ;
#9770 = DIRECTION ( 'NONE',  ( 0.000000000000000000, 6.994852725712934186E-16, 1.000000000000000000 ) ) ;
#9771 = EDGE_LOOP ( 'NONE', ( #10428, #11603, #554, #2318, #9730 ) ) ;
#9772 = DIRECTION ( 'NONE',  ( 0.000000000000000000, 0.000000000000000000, 1.000000000000000000 ) ) ;
#9773 = EDGE_CURVE ( 'NONE', #4365, #11229, #4108, .T. ) ;
#9774 = PLANE ( 'NONE',  #3044 ) ;
#9775 = AXIS2_PLACEMENT_3D ( 'NONE', #10603, #8104, #10720 ) ;
#9776 = CYLINDRICAL_SURFACE ( 'NONE', #10441, 0.07499999999999998335 ) ;
#9777 = VERTEX_POINT ( 'NONE', #10400 ) ;
#9778 = DIRECTION ( 'NONE',  ( -1.000000000000000000, -0.000000000000000000, -0.000000000000000000 ) ) ;
#9779 = ORIENTED_EDGE ( 'NONE', *, *, #7273, .T. ) ;
#9780 =( GEOMETRIC_REPRESENTATION_CONTEXT ( 3 ) GLOBAL_UNCERTAINTY_ASSIGNED_CONTEXT ( ( #10692 ) ) GLOBAL_UNIT_ASSIGNED_CONTEXT ( ( #6755, #3375, #9724 ) ) REPRESENTATION_CONTEXT ( 'NONE', 'WORKASPACE' ) );
#9781 = CARTESIAN_POINT ( 'NONE',  ( -0.3250000000000000111, 0.3615000000000000990, 2.125000000000000000 ) ) ;
#9782 = ORIENTED_EDGE ( 'NONE', *, *, #10559, .T. ) ;
#9783 = VERTEX_POINT ( 'NONE', #4226 ) ;
#9784 = CARTESIAN_POINT ( 'NONE',  ( 2.049999999999999822, 0.6100000000000000977, -0.2050000000000007649 ) ) ;
#9785 = DIRECTION ( 'NONE',  ( 0.000000000000000000, -1.000000000000000000, -1.999553186960971874E-15 ) ) ;
#9787 = FACE_OUTER_BOUND ( 'NONE', #11442, .T. ) ;
#9786 = LINE ( 'NONE', #8145, #661 ) ;
#9788 = VECTOR ( 'NONE', #5144, 1000.000000000000000 ) ;
#9789 = ORIENTED_EDGE ( 'NONE', *, *, #5727, .T. ) ;
#9790 = LINE ( 'NONE', #3430, #5693 ) ;
#9791 = EDGE_LOOP ( 'NONE', ( #1312, #623, #9381, #4947, #6995, #2337, #5462, #4101, #7005, #2974, #9010 ) ) ;
#9792 = ORIENTED_EDGE ( 'NONE', *, *, #1187, .T. ) ;
#9793 = CARTESIAN_POINT ( 'NONE',  ( 2.254999999999999893, 0.7249999999999575673, 2.154999999999999805 ) ) ;
#9794 = EDGE_LOOP ( 'NONE', ( #7811, #4724, #4265, #8733 ) ) ;
#9795 = ADVANCED_FACE ( 'NONE', ( #2464 ), #1459, .T. ) ;
#9796 = ORIENTED_EDGE ( 'NONE', *, *, #9830, .T. ) ;
#9797 = VERTEX_POINT ( 'NONE', #5256 ) ;
#9798 = LINE ( 'NONE', #18, #2032 ) ;
#9799 = ORIENTED_EDGE ( 'NONE', *, *, #9845, .T. ) ;
#9800 = ADVANCED_FACE ( 'NONE', ( #7726 ), #10579, .F. ) ;
#9801 = ORIENTED_EDGE ( 'NONE', *, *, #183, .F. ) ;
#9802 = DIRECTION ( 'NONE',  ( -1.000000000000000000, -0.000000000000000000, -0.000000000000000000 ) ) ;
#9803 = CARTESIAN_POINT ( 'NONE',  ( 2.104999999999999982, 0.09044228633934728312, 2.158349364905389312 ) ) ;
#9804 = ORIENTED_EDGE ( 'NONE', *, *, #10771, .F. ) ;
#9805 = VECTOR ( 'NONE', #5868, 1000.000000000000000 ) ;
#9806 = EDGE_LOOP ( 'NONE', ( #1946, #9843, #5069, #11439 ) ) ;
#9807 = CARTESIAN_POINT ( 'NONE',  ( -1.324999999999999956, 0.3749999987231322773, 2.517714491643438635 ) ) ;
#9808 = VECTOR ( 'NONE', #3624, 1000.000000000000000 ) ;
#9809 = EDGE_LOOP ( 'NONE', ( #6105, #3128, #11536, #6581 ) ) ;
#9810 = VERTEX_POINT ( 'NONE', #10637 ) ;
#9811 = CARTESIAN_POINT ( 'NONE',  ( 0.8249999999999999556, 0.7250000000000001998, 2.577500000000000568 ) ) ;
#9812 = SURFACE_STYLE_USAGE ( .BOTH. , #4407 ) ;
#9813 = DIRECTION ( 'NONE',  ( 0.000000000000000000, -0.000000000000000000, 1.000000000000000000 ) ) ;
#9814 = PLANE ( 'NONE',  #9522 ) ;
#9815 = EDGE_CURVE ( 'NONE', #4613, #6713, #5965, .T. ) ;
#9816 = DIRECTION ( 'NONE',  ( -1.000000000000000000, -0.000000000000000000, -1.219727444046192242E-16 ) ) ;
#9817 = LINE ( 'NONE', #512, #10669 ) ;
#9818 = ORIENTED_EDGE ( 'NONE', *, *, #10331, .T. ) ;
#9819 = CARTESIAN_POINT ( 'NONE',  ( -0.1750000000000000167, 0.4249999987231686815, 2.441500001276831089 ) ) ;
#9820 = DIRECTION ( 'NONE',  ( 0.000000000000000000, -0.4461978131098036093, 0.8949343616020276615 ) ) ;
#9821 = CARTESIAN_POINT ( 'NONE',  ( 1.324999999999999956, 0.4249999987231686815, 2.505000000000000338 ) ) ;
#9822 = DIRECTION ( 'NONE',  ( 1.000000000000000000, 0.000000000000000000, 0.000000000000000000 ) ) ;
#9823 =( NAMED_UNIT ( * ) PLANE_ANGLE_UNIT ( ) SI_UNIT ( $, .RADIAN. ) );
#9824 = ADVANCED_FACE ( 'NONE', ( #9639 ), #11331, .F. ) ;
#9825 = CARTESIAN_POINT ( 'NONE',  ( 2.104999999999999982, 0.9000000000000002442, 2.124999999999999556 ) ) ;
#9826 = CARTESIAN_POINT ( 'NONE',  ( -0.6749999999999998224, 0.6800000000000001599, 0.4949999999999995515 ) ) ;
#9827 = UNCERTAINTY_MEASURE_WITH_UNIT (LENGTH_MEASURE( 1.000000000000000082E-05 ), #8616, 'distance_accuracy_value', 'NONE');
#9828 = EDGE_CURVE ( 'NONE', #4144, #7356, #9751, .T. ) ;
#9829 = CARTESIAN_POINT ( 'NONE',  ( 1.324999999999999956, 0.4050000000000000266, -0.07499999999999942824 ) ) ;
#9830 = EDGE_CURVE ( 'NONE', #6220, #5750, #9516, .T. ) ;
#9831 = DIRECTION ( 'NONE',  ( 1.000000000000000000, 0.000000000000000000, 0.000000000000000000 ) ) ;
#9832 = DIRECTION ( 'NONE',  ( 0.000000000000000000, 3.439160614977207662E-32, 1.000000000000000000 ) ) ;
#9833 = EDGE_CURVE ( 'NONE', #5587, #2965, #1390, .T. ) ;
#9834 = VERTEX_POINT ( 'NONE', #11457 ) ;
#9835 = EDGE_CURVE ( 'NONE', #378, #753, #1575, .T. ) ;
#9836 = ADVANCED_FACE ( 'NONE', ( #4287 ), #2415, .F. ) ;
#9837 = VERTEX_POINT ( 'NONE', #6137 ) ;
#9838 = ORIENTED_EDGE ( 'NONE', *, *, #5335, .T. ) ;
#9839 = CARTESIAN_POINT ( 'NONE',  ( 0.8249999999999999556, 0.08000000000000001554, -0.1749999999999994893 ) ) ;
#9840 = PLANE ( 'NONE',  #1452 ) ;
#9841 = ORIENTED_EDGE ( 'NONE', *, *, #10359, .T. ) ;
#9842 = FACE_OUTER_BOUND ( 'NONE', #8712, .T. ) ;
#9843 = ORIENTED_EDGE ( 'NONE', *, *, #5993, .F. ) ;
#9844 = LINE ( 'NONE', #2607, #2185 ) ;
#9845 = EDGE_CURVE ( 'NONE', #5270, #1800, #6107, .T. ) ;
#9846 = AXIS2_PLACEMENT_3D ( 'NONE', #1620, #839, #2770 ) ;
#9847 = PLANE ( 'NONE',  #3759 ) ;
#9848 = ORIENTED_EDGE ( 'NONE', *, *, #9976, .T. ) ;
#9849 = DIRECTION ( 'NONE',  ( -1.000000000000000000, -0.000000000000000000, -0.000000000000000000 ) ) ;
#9850 = ORIENTED_EDGE ( 'NONE', *, *, #350, .F. ) ;
#9851 = ORIENTED_EDGE ( 'NONE', *, *, #10890, .T. ) ;
#9852 = AXIS2_PLACEMENT_3D ( 'NONE', #9441, #10338, #3032 ) ;
#9853 = CARTESIAN_POINT ( 'NONE',  ( 1.324999999999999956, 0.7250000000000001998, 2.492500000000000160 ) ) ;
#9854 = LINE ( 'NONE', #6346, #4799 ) ;
#9855 = EDGE_CURVE ( 'NONE', #7533, #4794, #6785, .T. ) ;
#9856 = ORIENTED_EDGE ( 'NONE', *, *, #7482, .T. ) ;
#9857 = LINE ( 'NONE', #915, #9695 ) ;
#9858 = VECTOR ( 'NONE', #1820, 1000.000000000000000 ) ;
#9859 = VECTOR ( 'NONE', #7397, 1000.000000000000000 ) ;
#9860 = ORIENTED_EDGE ( 'NONE', *, *, #7551, .T. ) ;
#9861 = VERTEX_POINT ( 'NONE', #5023 ) ;
#9862 = CARTESIAN_POINT ( 'NONE',  ( 2.049999999999999822, 0.7500000000000002220, 0.5949999999999996403 ) ) ;
#9863 = DIRECTION ( 'NONE',  ( -0.000000000000000000, 1.000000000000000000, 4.425314989736753375E-16 ) ) ;
#9864 = FACE_OUTER_BOUND ( 'NONE', #5817, .T. ) ;
#9865 = LINE ( 'NONE', #5372, #7059 ) ;
#9866 = CARTESIAN_POINT ( 'NONE',  ( -1.174999999999999822, 0.8214213562373096078, 0.4949999999999995515 ) ) ;
#9867 = DIRECTION ( 'NONE',  ( -1.000000000000000000, 0.000000000000000000, 1.219727444046192242E-16 ) ) ;
#9868 = AXIS2_PLACEMENT_3D ( 'NONE', #4115, #2634, #3407 ) ;
#9869 = AXIS2_PLACEMENT_3D ( 'NONE', #9282, #5798, #225 ) ;
#9870 = EDGE_LOOP ( 'NONE', ( #3895, #8667, #8654, #7844 ) ) ;
#9871 = CARTESIAN_POINT ( 'NONE',  ( -0.6750000000000000444, 0.3800000000000000044, -0.09999999999999956146 ) ) ;
#9872 = DIRECTION ( 'NONE',  ( 0.000000000000000000, 0.000000000000000000, -1.000000000000000000 ) ) ;
#9873 = CARTESIAN_POINT ( 'NONE',  ( 2.104999999999999982, 0.000000000000000000, 2.724999999999276667 ) ) ;
#9874 = LINE ( 'NONE', #5322, #11608 ) ;
#9875 = ADVANCED_FACE ( 'NONE', ( #8688 ), #8627, .F. ) ;
#9876 = VECTOR ( 'NONE', #2110, 1000.000000000000000 ) ;
#9877 = CIRCLE ( 'NONE', #4187, 0.05000000000003655687 ) ;
#9878 = CARTESIAN_POINT ( 'NONE',  ( 0.3250000000000000111, 0.6899768362638436514, 2.505000000000000338 ) ) ;
#9879 = CARTESIAN_POINT ( 'NONE',  ( 0.6750000000000000444, 0.6800000000000001599, 0.8249999999999999556 ) ) ;
#9880 = LINE ( 'NONE', #888, #8751 ) ;
#9881 = DIRECTION ( 'NONE',  ( -1.219727444046192242E-16, -0.000000000000000000, -1.000000000000000000 ) ) ;
#9882 = LINE ( 'NONE', #5219, #4371 ) ;
#9883 = UNCERTAINTY_MEASURE_WITH_UNIT (LENGTH_MEASURE( 1.000000000000000082E-05 ), #1879, 'distance_accuracy_value', 'NONE');
#9884 = VECTOR ( 'NONE', #3396, 1000.000000000000000 ) ;
#9885 = DIRECTION ( 'NONE',  ( -1.000000000000000000, -0.000000000000000000, -0.000000000000000000 ) ) ;
#9886 = CARTESIAN_POINT ( 'NONE',  ( -1.175000000000000044, 0.3615000000000000990, 2.125000000000000000 ) ) ;
#9887 = ORIENTED_EDGE ( 'NONE', *, *, #644, .T. ) ;
#9888 = EDGE_CURVE ( 'NONE', #8967, #9733, #5474, .T. ) ;
#9889 = CARTESIAN_POINT ( 'NONE',  ( 2.049999999999999822, 0.5599999999999999423, -0.5050000000000004485 ) ) ;
#9890 = VECTOR ( 'NONE', #1920, 1000.000000000000000 ) ;
#9891 = ORIENTED_EDGE ( 'NONE', *, *, #10763, .T. ) ;
#9892 = LINE ( 'NONE', #5229, #1433 ) ;
#9893 = STYLED_ITEM ( 'NONE', ( #11154 ), #4295 ) ;
#9894 = CARTESIAN_POINT ( 'NONE',  ( 1.855000000000001092, 1.050000000000000044, 3.024999999999999911 ) ) ;
#9895 = FACE_OUTER_BOUND ( 'NONE', #9191, .T. ) ;
#9896 = EDGE_CURVE ( 'NONE', #6323, #7834, #9929, .T. ) ;
#9897 = VERTEX_POINT ( 'NONE', #1857 ) ;
#9898 = DIRECTION ( 'NONE',  ( -1.000000000000000000, -0.000000000000000000, -0.000000000000000000 ) ) ;
#9899 = FILL_AREA_STYLE ('',( #2825 ) ) ;
#9900 = VECTOR ( 'NONE', #5269, 1000.000000000000000 ) ;
#9901 = ADVANCED_FACE ( 'NONE', ( #10907 ), #10749, .T. ) ;
#9902 = ORIENTED_EDGE ( 'NONE', *, *, #7495, .F. ) ;
#9903 = VECTOR ( 'NONE', #2212, 1000.000000000000000 ) ;
#9904 = FACE_OUTER_BOUND ( 'NONE', #495, .T. ) ;
#9905 = ORIENTED_EDGE ( 'NONE', *, *, #11253, .T. ) ;
#9906 = EDGE_CURVE ( 'NONE', #1374, #1800, #3569, .T. ) ;
#9907 = COLOUR_RGB ( '',1.000000000000000000, 0.8117647058823529438, 0.5019607843137254832 ) ;
#9908 = DIRECTION ( 'NONE',  ( 0.000000000000000000, -1.000000000000000000, -1.355252715606876598E-16 ) ) ;
#9909 = AXIS2_PLACEMENT_3D ( 'NONE', #3439, #11609, #8953 ) ;
#9910 = CARTESIAN_POINT ( 'NONE',  ( -1.764999999999999902, 0.3350000000000001310, 1.525000000000000355 ) ) ;
#9911 = ORIENTED_EDGE ( 'NONE', *, *, #6777, .F. ) ;
#9912 = DIRECTION ( 'NONE',  ( 1.000000000000000000, -0.000000000000000000, -0.000000000000000000 ) ) ;
#9913 = VERTEX_POINT ( 'NONE', #10858 ) ;
#9914 = CIRCLE ( 'NONE', #7237, 0.05000000000000002359 ) ;
#9915 = CARTESIAN_POINT ( 'NONE',  ( 2.104999999999999982, 1.000000000000000222, 1.799999999999277289 ) ) ;
#9916 = DIRECTION ( 'NONE',  ( 0.000000000000000000, 1.000000000000000000, 0.000000000000000000 ) ) ;
#9917 = ORIENTED_EDGE ( 'NONE', *, *, #4595, .F. ) ;
#9918 = CIRCLE ( 'NONE', #8965, 0.05000000000003655687 ) ;
#9919 = EDGE_CURVE ( 'NONE', #5525, #10628, #3072, .T. ) ;
#9920 = FACE_OUTER_BOUND ( 'NONE', #3904, .T. ) ;
#9921 = ORIENTED_EDGE ( 'NONE', *, *, #3726, .T. ) ;
#9922 = DIRECTION ( 'NONE',  ( -1.000000000000000000, 0.000000000000000000, -1.219727444046192242E-16 ) ) ;
#9923 = CIRCLE ( 'NONE', #11421, 0.07499999999999998335 ) ;
#9924 = DIRECTION ( 'NONE',  ( 0.000000000000000000, -1.000000000000000000, 2.442094990785125153E-16 ) ) ;
#9925 = AXIS2_PLACEMENT_3D ( 'NONE', #8729, #4216, #5075 ) ;
#9926 = ORIENTED_EDGE ( 'NONE', *, *, #3381, .F. ) ;
#9927 = EDGE_LOOP ( 'NONE', ( #10959, #8084, #9130, #707 ) ) ;
#9928 = DIRECTION ( 'NONE',  ( -1.000000000000000000, -0.000000000000000000, -0.000000000000000000 ) ) ;
#9929 = LINE ( 'NONE', #6187, #1931 ) ;
#9930 = VECTOR ( 'NONE', #3992, 1000.000000000000114 ) ;
#9931 = ORIENTED_EDGE ( 'NONE', *, *, #5835, .T. ) ;
#9932 = DIRECTION ( 'NONE',  ( 0.000000000000000000, 0.000000000000000000, 1.000000000000000000 ) ) ;
#9933 = CARTESIAN_POINT ( 'NONE',  ( -0.8249999999999999556, 0.4197467168032661955, 2.540024382298945227 ) ) ;
#9934 = FACE_OUTER_BOUND ( 'NONE', #2667, .T. ) ;
#9935 = VECTOR ( 'NONE', #4181, 1000.000000000000000 ) ;
#9936 = AXIS2_PLACEMENT_3D ( 'NONE', #1648, #10650, #5385 ) ;
#9937 = CARTESIAN_POINT ( 'NONE',  ( 2.104999999999999538, 0.3650000000000001577, 0.02000000000000003511 ) ) ;
#9938 = CARTESIAN_POINT ( 'NONE',  ( -2.104999999999999982, 0.1029422863393472526, 2.154999999999999805 ) ) ;
#9939 = ADVANCED_FACE ( 'NONE', ( #5313 ), #871, .F. ) ;
#9940 = DIRECTION ( 'NONE',  ( -1.000000000000000000, -0.000000000000000000, -0.000000000000000000 ) ) ;
#9941 = DIRECTION ( 'NONE',  ( 1.000000000000000000, 0.000000000000000000, 0.000000000000000000 ) ) ;
#9942 = EDGE_LOOP ( 'NONE', ( #2594, #5354, #488, #6689 ) ) ;
#9943 = DIRECTION ( 'NONE',  ( -1.000000000000000000, 0.000000000000000000, -1.219727444046192242E-16 ) ) ;
#9944 = CARTESIAN_POINT ( 'NONE',  ( -1.955000000000000071, 0.05000000000000012768, 2.125000000000000000 ) ) ;
#9945 = CIRCLE ( 'NONE', #6518, 0.04999999999999999584 ) ;
#9946 = DIRECTION ( 'NONE',  ( -7.228014483236695569E-16, 0.000000000000000000, -1.000000000000000000 ) ) ;
#9947 = CARTESIAN_POINT ( 'NONE',  ( -0.8249999999999999556, 0.3800000000000000044, -0.09999999999999956146 ) ) ;
#9948 = AXIS2_PLACEMENT_3D ( 'NONE', #7682, #9534, #652 ) ;
#9949 = ORIENTED_EDGE ( 'NONE', *, *, #5919, .T. ) ;
#9950 = VECTOR ( 'NONE', #3890, 999.9999999999998863 ) ;
#9951 = FACE_OUTER_BOUND ( 'NONE', #10370, .T. ) ;
#9952 = CARTESIAN_POINT ( 'NONE',  ( 2.104999999999999538, 0.8000000000000001554, 0.8250000000000000666 ) ) ;
#9953 = DIRECTION ( 'NONE',  ( -1.000000000000000000, -0.000000000000000000, -0.000000000000000000 ) ) ;
#9954 = VERTEX_POINT ( 'NONE', #8078 ) ;
#9955 = EDGE_CURVE ( 'NONE', #7115, #9447, #2626, .T. ) ;
#9956 = CARTESIAN_POINT ( 'NONE',  ( 1.684999999999999831, 0.1000000000000001305, -0.07500000000000006661 ) ) ;
#9957 = FACE_OUTER_BOUND ( 'NONE', #3689, .T. ) ;
#9958 = ORIENTED_EDGE ( 'NONE', *, *, #562, .F. ) ;
#9959 = DIRECTION ( 'NONE',  ( 0.000000000000000000, 0.000000000000000000, 1.000000000000000000 ) ) ;
#9960 = EDGE_CURVE ( 'NONE', #6636, #1681, #4574, .T. ) ;
#9961 = DIRECTION ( 'NONE',  ( 1.000000000000000000, 0.000000000000000000, 0.000000000000000000 ) ) ;
#9962 = ADVANCED_FACE ( 'NONE', ( #1907 ), #9814, .F. ) ;
#9963 = VERTEX_POINT ( 'NONE', #38 ) ;
#9964 = DIRECTION ( 'NONE',  ( 0.8320502943378440541, -2.454723093165421543E-16, 0.5547001962252284812 ) ) ;
#9965 = VERTEX_POINT ( 'NONE', #811 ) ;
#9966 = DIRECTION ( 'NONE',  ( -1.000000000000000000, -0.000000000000000000, 9.035018104045873159E-17 ) ) ;
#9967 = LINE ( 'NONE', #2670, #832 ) ;
#9968 = ORIENTED_EDGE ( 'NONE', *, *, #9466, .T. ) ;
#9969 = EDGE_CURVE ( 'NONE', #6841, #7114, #4581, .T. ) ;
#9970 = ADVANCED_FACE ( 'NONE', ( #3626 ), #4635, .F. ) ;
#9971 = CARTESIAN_POINT ( 'NONE',  ( -0.3250000000000000111, 0.6999090492244378625, 2.541666408662616394 ) ) ;
#9972 = AXIS2_PLACEMENT_3D ( 'NONE', #7510, #6385, #5615 ) ;
#9973 = ORIENTED_EDGE ( 'NONE', *, *, #9404, .T. ) ;
#9974 = CARTESIAN_POINT ( 'NONE',  ( -1.449999999999999956, 0.6100000000000000977, -0.5550000000000003819 ) ) ;
#9975 = LINE ( 'NONE', #8018, #3127 ) ;
#9976 = EDGE_CURVE ( 'NONE', #10507, #5858, #4410, .T. ) ;
#9977 = EDGE_CURVE ( 'NONE', #3283, #10717, #1570, .T. ) ;
#9978 = PLANE ( 'NONE',  #2214 ) ;
#9979 = ORIENTED_EDGE ( 'NONE', *, *, #8945, .F. ) ;
#9980 = LINE ( 'NONE', #2569, #6338 ) ;
#9981 = FACE_OUTER_BOUND ( 'NONE', #8418, .T. ) ;
#9982 = ORIENTED_EDGE ( 'NONE', *, *, #1936, .T. ) ;
#9983 = DIRECTION ( 'NONE',  ( -1.000000000000000000, -0.000000000000000000, -0.000000000000000000 ) ) ;
#9984 = ORIENTED_EDGE ( 'NONE', *, *, #11491, .F. ) ;
#9985 = CARTESIAN_POINT ( 'NONE',  ( 2.254999999999999449, 0.8150000000000001688, 0.7606385001764813802 ) ) ;
#9986 = VERTEX_POINT ( 'NONE', #8190 ) ;
#9987 = DIRECTION ( 'NONE',  ( 0.000000000000000000, 0.000000000000000000, -1.000000000000000000 ) ) ;
#9988 = CARTESIAN_POINT ( 'NONE',  ( 1.324999999999999956, 0.03000000000000000930, -0.1249999999999994310 ) ) ;
#9989 = DIRECTION ( 'NONE',  ( 0.000000000000000000, 0.000000000000000000, 1.000000000000000000 ) ) ;
#9990 = EDGE_CURVE ( 'NONE', #9376, #1053, #95, .T. ) ;
#9991 = DIRECTION ( 'NONE',  ( 0.000000000000000000, 0.000000000000000000, -1.000000000000000000 ) ) ;
#9992 = DIRECTION ( 'NONE',  ( -1.000000000000000000, -0.000000000000000000, -0.000000000000000000 ) ) ;
#9993 = CARTESIAN_POINT ( 'NONE',  ( -0.8249999999999999556, -1.203706215242022408E-32, -0.1249999999999994588 ) ) ;
#9994 = LINE ( 'NONE', #6599, #4833 ) ;
#9995 = CARTESIAN_POINT ( 'NONE',  ( 1.449999999999999956, 0.6100000000000000977, -0.2050000000000008205 ) ) ;
#9996 = CARTESIAN_POINT ( 'NONE',  ( -0.1750000000000000167, 0.7250000000000001998, 2.492500000000000160 ) ) ;
#9997 = CARTESIAN_POINT ( 'NONE',  ( 1.855000000000000870, 0.2417384683690006197, 3.024999999999999911 ) ) ;
#9998 = ADVANCED_FACE ( 'NONE', ( #10694 ), #2571, .T. ) ;
#9999 = AXIS2_PLACEMENT_3D ( 'NONE', #11552, #5299, #11062 ) ;
#10000 = DIRECTION ( 'NONE',  ( -1.000000000000000000, -0.000000000000000000, -0.000000000000000000 ) ) ;
#10001 = CARTESIAN_POINT ( 'NONE',  ( -1.955000000000000071, 1.050000000000000044, 3.025000000000000355 ) ) ;
#10002 = CARTESIAN_POINT ( 'NONE',  ( 0.3250000000000000111, 0.3615000000000000990, 2.125000000000000000 ) ) ;
#10003 = VECTOR ( 'NONE', #1600, 1000.000000000000000 ) ;
#10004 = EDGE_CURVE ( 'NONE', #8328, #2160, #9865, .T. ) ;
#10005 = ORIENTED_EDGE ( 'NONE', *, *, #10771, .T. ) ;
#10006 = LINE ( 'NONE', #4714, #4852 ) ;
#10007 = FACE_OUTER_BOUND ( 'NONE', #5307, .T. ) ;
#10008 = VERTEX_POINT ( 'NONE', #1313 ) ;
#10009 = VECTOR ( 'NONE', #7927, 1000.000000000000000 ) ;
#10010 = LINE ( 'NONE', #9113, #11550 ) ;
#10011 = DIRECTION ( 'NONE',  ( -1.000000000000000000, -0.000000000000000000, -0.000000000000000000 ) ) ;
#10012 = EDGE_LOOP ( 'NONE', ( #10640, #8272, #3380, #8652 ) ) ;
#10013 = LINE ( 'NONE', #1885, #5386 ) ;
#10014 = EDGE_CURVE ( 'NONE', #9483, #1712, #7414, .T. ) ;
#10015 = ORIENTED_EDGE ( 'NONE', *, *, #5680, .F. ) ;
#10016 = ORIENTED_EDGE ( 'NONE', *, *, #4662, .F. ) ;
#10017 = LINE ( 'NONE', #1838, #8709 ) ;
#10018 = LINE ( 'NONE', #5627, #3278 ) ;
#10019 = EDGE_LOOP ( 'NONE', ( #4749, #4033, #3947, #2555 ) ) ;
#10020 = CARTESIAN_POINT ( 'NONE',  ( 0.6750000000000000444, 1.792020331853238969E-17, 0.2250000000000005329 ) ) ;
#10021 = SURFACE_STYLE_FILL_AREA ( #2903 ) ;
#10022 = FACE_OUTER_BOUND ( 'NONE', #4416, .T. ) ;
#10023 = ORIENTED_EDGE ( 'NONE', *, *, #9158, .F. ) ;
#10024 = DIRECTION ( 'NONE',  ( 1.000000000000000000, -0.000000000000000000, 1.219727444046192242E-16 ) ) ;
#10025 = ORIENTED_EDGE ( 'NONE', *, *, #7484, .T. ) ;
#10026 = VECTOR ( 'NONE', #10462, 1000.000000000000000 ) ;
#10027 = ADVANCED_FACE ( 'NONE', ( #5763 ), #2091, .F. ) ;
#10028 = ORIENTED_EDGE ( 'NONE', *, *, #10251, .T. ) ;
#10029 = CARTESIAN_POINT ( 'NONE',  ( -0.3250000000000000111, 0.6800000000000001599, 0.4949999999999995515 ) ) ;
#10030 = DIRECTION ( 'NONE',  ( -1.000000000000000000, -0.000000000000000000, -0.000000000000000000 ) ) ;
#10031 = VERTEX_POINT ( 'NONE', #1255 ) ;
#10032 = CARTESIAN_POINT ( 'NONE',  ( -2.104999999999999982, 0.1029422863393472526, 2.179999999999999716 ) ) ;
#10033 = ORIENTED_EDGE ( 'NONE', *, *, #11677, .F. ) ;
#10034 = DIRECTION ( 'NONE',  ( -1.000000000000000000, -0.000000000000000000, -0.000000000000000000 ) ) ;
#10035 = LINE ( 'NONE', #924, #6852 ) ;
#10036 = ADVANCED_FACE ( 'NONE', ( #7530 ), #192, .T. ) ;
#10037 = VECTOR ( 'NONE', #6815, 1000.000000000000000 ) ;
#10038 =( NAMED_UNIT ( * ) SI_UNIT ( $, .STERADIAN. ) SOLID_ANGLE_UNIT ( ) );
#10039 = CIRCLE ( 'NONE', #9269, 0.06349999872316867966 ) ;
#10040 = CARTESIAN_POINT ( 'NONE',  ( -1.324999999999999956, 0.6800000000000001599, 0.4949999999999995515 ) ) ;
#10041 = EDGE_CURVE ( 'NONE', #2396, #4959, #10154, .T. ) ;
#10042 = FACE_OUTER_BOUND ( 'NONE', #678, .T. ) ;
#10043 = VECTOR ( 'NONE', #2199, 1000.000000000000000 ) ;
#10044 = ADVANCED_FACE ( 'NONE', ( #314 ), #11021, .F. ) ;
#10045 = CARTESIAN_POINT ( 'NONE',  ( 2.104999999999999538, 0.3400000000000003575, 0.1750000000000000444 ) ) ;
#10046 = EDGE_CURVE ( 'NONE', #10784, #7594, #4827, .T. ) ;
#10047 = ORIENTED_EDGE ( 'NONE', *, *, #626, .T. ) ;
#10048 = DIRECTION ( 'NONE',  ( 0.000000000000000000, 0.000000000000000000, -1.000000000000000000 ) ) ;
#10049 =( GEOMETRIC_REPRESENTATION_CONTEXT ( 3 ) GLOBAL_UNCERTAINTY_ASSIGNED_CONTEXT ( ( #3994 ) ) GLOBAL_UNIT_ASSIGNED_CONTEXT ( ( #8766, #10598, #11245 ) ) REPRESENTATION_CONTEXT ( 'NONE', 'WORKASPACE' ) );
#10050 = DIRECTION ( 'NONE',  ( -1.000000000000000000, 0.000000000000000000, -0.000000000000000000 ) ) ;
#10051 = AXIS2_PLACEMENT_3D ( 'NONE', #3532, #9831, #10814 ) ;
#10052 = DIRECTION ( 'NONE',  ( 0.000000000000000000, 0.000000000000000000, 1.000000000000000000 ) ) ;
#10053 = DIRECTION ( 'NONE',  ( -1.000000000000000000, -0.000000000000000000, -0.000000000000000000 ) ) ;
#10054 = LINE ( 'NONE', #6101, #8779 ) ;
#10055 = CARTESIAN_POINT ( 'NONE',  ( 2.104999999999999982, 1.510351568049345582E-17, 2.224999999999276667 ) ) ;
#10056 = LINE ( 'NONE', #10119, #4758 ) ;
#10057 = EDGE_CURVE ( 'NONE', #3924, #4012, #10274, .T. ) ;
#10058 = AXIS2_PLACEMENT_3D ( 'NONE', #1929, #4850, #8384 ) ;
#10059 = VECTOR ( 'NONE', #7089, 1000.000000000000000 ) ;
#10060 = VECTOR ( 'NONE', #5286, 1000.000000000000000 ) ;
#10061 = LINE ( 'NONE', #220, #11483 ) ;
#10062 = DIRECTION ( 'NONE',  ( -1.000000000000000000, -0.000000000000000000, -0.000000000000000000 ) ) ;
#10063 = CIRCLE ( 'NONE', #10990, 0.06349999872316867966 ) ;
#10064 = CARTESIAN_POINT ( 'NONE',  ( -1.764999999999999902, 1.050000000000000044, 2.825000000000000178 ) ) ;
#10065 = ORIENTED_EDGE ( 'NONE', *, *, #6891, .F. ) ;
#10066 = DIRECTION ( 'NONE',  ( 0.000000000000000000, 0.000000000000000000, 1.000000000000000000 ) ) ;
#10067 = CARTESIAN_POINT ( 'NONE',  ( 1.325000000000000178, 0.8950000000000001288, 0.4949999999999995515 ) ) ;
#10068 = VERTEX_POINT ( 'NONE', #3800 ) ;
#10069 = VECTOR ( 'NONE', #6371, 1000.000000000000000 ) ;
#10070 = FACE_OUTER_BOUND ( 'NONE', #10444, .T. ) ;
#10071 = ORIENTED_EDGE ( 'NONE', *, *, #10004, .F. ) ;
#10072 = LINE ( 'NONE', #1947, #2663 ) ;
#10073 = DIRECTION ( 'NONE',  ( 1.000000000000000000, -0.000000000000000000, -1.219727444046192242E-16 ) ) ;
#10074 = CARTESIAN_POINT ( 'NONE',  ( 0.8249999999999999556, 0.1000000000000001305, -0.07500000000000003886 ) ) ;
#10075 = EDGE_CURVE ( 'NONE', #5742, #5626, #5701, .T. ) ;
#10076 = VECTOR ( 'NONE', #1805, 1000.000000000000000 ) ;
#10077 = CARTESIAN_POINT ( 'NONE',  ( -2.104999999999999538, 1.000000000000000222, 1.199999999999277200 ) ) ;
#10078 = MECHANICAL_DESIGN_GEOMETRIC_PRESENTATION_REPRESENTATION (  '', ( #4582 ), #8177 ) ;
#10079 = ORIENTED_EDGE ( 'NONE', *, *, #4239, .F. ) ;
#10080 = CARTESIAN_POINT ( 'NONE',  ( 1.324999999999999956, 0.03000000000000000930, -0.1749999999999994615 ) ) ;
#10081 = ORIENTED_EDGE ( 'NONE', *, *, #5680, .T. ) ;
#10082 = CARTESIAN_POINT ( 'NONE',  ( -2.254999999999999893, 0.8300000000000000711, 0.4449999999999996736 ) ) ;
#10083 = CYLINDRICAL_SURFACE ( 'NONE', #85, 0.02499999999999941505 ) ;
#10084 = CARTESIAN_POINT ( 'NONE',  ( -0.6750000000000000444, 0.3615000000000000990, 2.125000000000000000 ) ) ;
#10085 = DIRECTION ( 'NONE',  ( 0.000000000000000000, -1.000000000000000000, 0.000000000000000000 ) ) ;
#10086 = VECTOR ( 'NONE', #6178, 1000.000000000000000 ) ;
#10087 = ORIENTED_EDGE ( 'NONE', *, *, #1971, .T. ) ;
#10088 = LINE ( 'NONE', #5584, #4121 ) ;
#10089 = CARTESIAN_POINT ( 'NONE',  ( 1.324999999999999956, 0.7250000000000001998, 2.577500000000000568 ) ) ;
#10090 = ORIENTED_EDGE ( 'NONE', *, *, #1400, .F. ) ;
#10091 = ORIENTED_EDGE ( 'NONE', *, *, #2784, .T. ) ;
#10092 = CYLINDRICAL_SURFACE ( 'NONE', #11005, 0.06349999872316867966 ) ;
#10093 = ORIENTED_EDGE ( 'NONE', *, *, #2301, .T. ) ;
#10094 = LINE ( 'NONE', #3859, #195 ) ;
#10095 = ADVANCED_FACE ( 'NONE', ( #9382 ), #8482, .F. ) ;
#10096 = VECTOR ( 'NONE', #10871, 1000.000000000000000 ) ;
#10097 = CARTESIAN_POINT ( 'NONE',  ( -0.1750000000000000167, 0.3800000000000000044, -0.1749999999999994060 ) ) ;
#10098 = ORIENTED_EDGE ( 'NONE', *, *, #8685, .T. ) ;
#10099 = VECTOR ( 'NONE', #2377, 1000.000000000000000 ) ;
#10100 = DIRECTION ( 'NONE',  ( 0.000000000000000000, -1.000000000000000000, 0.000000000000000000 ) ) ;
#10101 = VECTOR ( 'NONE', #11167, 1000.000000000000114 ) ;
#10102 = ADVANCED_FACE ( 'NONE', ( #7586 ), #10962, .T. ) ;
#10103 = EDGE_CURVE ( 'NONE', #5669, #5864, #5644, .T. ) ;
#10104 = ORIENTED_EDGE ( 'NONE', *, *, #9218, .F. ) ;
#10105 = AXIS2_PLACEMENT_3D ( 'NONE', #4116, #7734, #11339 ) ;
#10106 = LINE ( 'NONE', #6418, #2143 ) ;
#10107 = ADVANCED_FACE ( 'NONE', ( #5822 ), #9254, .F. ) ;
#10108 = LINE ( 'NONE', #10288, #9120 ) ;
#10109 = DIRECTION ( 'NONE',  ( 0.000000000000000000, -1.000000000000000000, -9.035018104045865024E-16 ) ) ;
#10110 = EDGE_CURVE ( 'NONE', #5807, #5624, #4403, .T. ) ;
#10111 = LINE ( 'NONE', #2760, #863 ) ;
#10112 = LINE ( 'NONE', #5601, #295 ) ;
#10113 = CYLINDRICAL_SURFACE ( 'NONE', #10292, 0.06349999872316867966 ) ;
#10114 = PLANE ( 'NONE',  #288 ) ;
#10115 = FACE_OUTER_BOUND ( 'NONE', #3548, .T. ) ;
#10116 = ADVANCED_FACE ( 'NONE', ( #256 ), #10092, .F. ) ;
#10117 = ADVANCED_FACE ( 'NONE', ( #7475 ), #10210, .T. ) ;
#10118 = EDGE_LOOP ( 'NONE', ( #8827, #2087, #1169, #2725 ) ) ;
#10119 = CARTESIAN_POINT ( 'NONE',  ( 0.3250000000000000111, -1.203706215242022408E-32, -0.1249999999999994588 ) ) ;
#10120 = LINE ( 'NONE', #1873, #3623 ) ;
#10121 = VECTOR ( 'NONE', #1347, 1000.000000000000000 ) ;
#10122 = PLANE ( 'NONE',  #11638 ) ;
#10123 = VECTOR ( 'NONE', #5437, 1000.000000000000000 ) ;
#10124 = ORIENTED_EDGE ( 'NONE', *, *, #10561, .F. ) ;
#10125 = CARTESIAN_POINT ( 'NONE',  ( -2.104999999999999982, 1.025000000000116707, 2.624999999999276135 ) ) ;
#10126 = CARTESIAN_POINT ( 'NONE',  ( 1.324999999999999956, 0.4249999987231687371, 2.517714491643439079 ) ) ;
#10127 = ORIENTED_EDGE ( 'NONE', *, *, #11477, .F. ) ;
#10128 = PLANE ( 'NONE',  #3789 ) ;
#10129 = FILL_AREA_STYLE_COLOUR ( '', #9907 ) ;
#10130 = VECTOR ( 'NONE', #1869, 1000.000000000000000 ) ;
#10131 = CIRCLE ( 'NONE', #4841, 0.1499999999999999667 ) ;
#10132 = LINE ( 'NONE', #951, #8215 ) ;
#10133 = ORIENTED_EDGE ( 'NONE', *, *, #5845, .F. ) ;
#10134 = CARTESIAN_POINT ( 'NONE',  ( 0.6750000000000000444, 0.1000000000000001305, -0.07500000000000003886 ) ) ;
#10135 = EDGE_CURVE ( 'NONE', #8706, #10788, #679, .T. ) ;
#10136 = VECTOR ( 'NONE', #10339, 1000.000000000000000 ) ;
#10137 = DIRECTION ( 'NONE',  ( 0.000000000000000000, 0.000000000000000000, 1.000000000000000000 ) ) ;
#10138 = ORIENTED_EDGE ( 'NONE', *, *, #7064, .T. ) ;
#10139 = CARTESIAN_POINT ( 'NONE',  ( 2.104999999999999538, 0.3400000000000002465, 0.02000000000000010450 ) ) ;
#10140 = LINE ( 'NONE', #5572, #8008 ) ;
#10141 = CARTESIAN_POINT ( 'NONE',  ( 0.3250000000000000111, 1.792020331853238969E-17, 0.2250000000000005329 ) ) ;
#10142 = CARTESIAN_POINT ( 'NONE',  ( -2.375000000000000444, 1.050000000000000044, 0.8250000000000005107 ) ) ;
#10143 = EDGE_CURVE ( 'NONE', #4224, #6450, #2270, .T. ) ;
#10144 = AXIS2_PLACEMENT_3D ( 'NONE', #8080, #7406, #10705 ) ;
#10145 = ORIENTED_EDGE ( 'NONE', *, *, #8081, .T. ) ;
#10146 = DIRECTION ( 'NONE',  ( 1.000000000000000000, -0.000000000000000000, -1.219727444046192242E-16 ) ) ;
#10147 = PLANE ( 'NONE',  #10486 ) ;
#10148 = DIRECTION ( 'NONE',  ( -1.000000000000000000, -0.000000000000000000, -0.000000000000000000 ) ) ;
#10149 = ORIENTED_EDGE ( 'NONE', *, *, #1638, .T. ) ;
#10150 = CARTESIAN_POINT ( 'NONE',  ( -0.1750000000000000167, 0.7250000000000001998, 2.492500000000000160 ) ) ;
#10151 = CARTESIAN_POINT ( 'NONE',  ( -2.104999999999999538, 0.3650000000000001577, 0.02000000000000003511 ) ) ;
#10152 = VERTEX_POINT ( 'NONE', #1556 ) ;
#10153 = EDGE_LOOP ( 'NONE', ( #7294, #7939, #42, #4936 ) ) ;
#10154 = LINE ( 'NONE', #3029, #6473 ) ;
#10155 = MECHANICAL_DESIGN_GEOMETRIC_PRESENTATION_REPRESENTATION (  '', ( #3528 ), #3145 ) ;
#10156 = VERTEX_POINT ( 'NONE', #8726 ) ;
#10157 = PLANE ( 'NONE',  #11564 ) ;
#10158 = CARTESIAN_POINT ( 'NONE',  ( -2.104999999999999538, 1.050000000000000044, 0.2950000000000000400 ) ) ;
#10159 = VERTEX_POINT ( 'NONE', #2407 ) ;
#10160 = CARTESIAN_POINT ( 'NONE',  ( -0.1750000000000000167, 0.3350000000000001310, 2.125000000000000000 ) ) ;
#10161 = EDGE_CURVE ( 'NONE', #1627, #1827, #2505, .T. ) ;
#10162 = DIRECTION ( 'NONE',  ( 0.000000000000000000, 0.000000000000000000, -1.000000000000000000 ) ) ;
#10163 = DIRECTION ( 'NONE',  ( -1.000000000000000000, -0.000000000000000000, -0.000000000000000000 ) ) ;
#10164 = FILL_AREA_STYLE_COLOUR ( '', #632 ) ;
#10165 = LINE ( 'NONE', #7257, #5726 ) ;
#10166 = DIRECTION ( 'NONE',  ( -1.000000000000000000, 0.000000000000000000, 1.219727444046192242E-16 ) ) ;
#10167 = DIRECTION ( 'NONE',  ( 1.000000000000000000, -0.000000000000000000, 6.570922257487896188E-16 ) ) ;
#10168 = PLANE ( 'NONE',  #2388 ) ;
#10169 = DIRECTION ( 'NONE',  ( 0.000000000000000000, 0.000000000000000000, -1.000000000000000000 ) ) ;
#10170 = DIRECTION ( 'NONE',  ( -1.000000000000000000, -0.000000000000000000, -0.000000000000000000 ) ) ;
#10171 = DIRECTION ( 'NONE',  ( 0.000000000000000000, 1.000000000000000000, 0.000000000000000000 ) ) ;
#10172 = EDGE_CURVE ( 'NONE', #2533, #791, #7712, .T. ) ;
#10173 = EDGE_CURVE ( 'NONE', #1624, #10527, #7006, .T. ) ;
#10174 = EDGE_CURVE ( 'NONE', #10900, #4298, #6769, .T. ) ;
#10175 = CARTESIAN_POINT ( 'NONE',  ( 2.254999999999999893, 0.9250000000001167288, 2.724999999999276667 ) ) ;
#10176 = CYLINDRICAL_SURFACE ( 'NONE', #10282, 0.06349999872316867966 ) ;
#10177 = ORIENTED_EDGE ( 'NONE', *, *, #6471, .F. ) ;
#10178 = LINE ( 'NONE', #1933, #9605 ) ;
#10179 = LINE ( 'NONE', #8321, #1443 ) ;
#10180 = FACE_OUTER_BOUND ( 'NONE', #2123, .T. ) ;
#10181 = EDGE_LOOP ( 'NONE', ( #2406, #3956, #1646, #11248, #6030, #3027, #9887, #3332, #9557, #6343 ) ) ;
#10182 = DIRECTION ( 'NONE',  ( -1.000000000000000000, -0.000000000000000000, -0.000000000000000000 ) ) ;
#10183 = DIRECTION ( 'NONE',  ( 1.000000000000000000, 0.000000000000000000, 0.000000000000000000 ) ) ;
#10184 = EDGE_CURVE ( 'NONE', #1225, #7891, #6119, .T. ) ;
#10185 = ORIENTED_EDGE ( 'NONE', *, *, #2221, .T. ) ;
#10186 = DIRECTION ( 'NONE',  ( 0.000000000000000000, 1.000000000000000000, 1.999553186960971874E-15 ) ) ;
#10187 = VERTEX_POINT ( 'NONE', #5014 ) ;
#10188 = VERTEX_POINT ( 'NONE', #6061 ) ;
#10189 = EDGE_CURVE ( 'NONE', #3451, #10270, #5952, .T. ) ;
#10190 = DIRECTION ( 'NONE',  ( 0.000000000000000000, 1.999553186960971874E-15, -1.000000000000000000 ) ) ;
#10191 = ADVANCED_FACE ( 'NONE', ( #10388 ), #11377, .F. ) ;
#10192 = EDGE_CURVE ( 'NONE', #1490, #10152, #6902, .T. ) ;
#10193 = CARTESIAN_POINT ( 'NONE',  ( 2.049999999999999822, 0.7500000000000002220, 0.5949999999999996403 ) ) ;
#10194 = EDGE_LOOP ( 'NONE', ( #6125, #10393, #10709, #3209 ) ) ;
#10195 = ORIENTED_EDGE ( 'NONE', *, *, #8911, .T. ) ;
#10196 = PLANE ( 'NONE',  #5377 ) ;
#10197 = CARTESIAN_POINT ( 'NONE',  ( -0.8249999999999999556, 0.03000000000000000930, -0.1249999999999994310 ) ) ;
#10198 = ORIENTED_EDGE ( 'NONE', *, *, #2923, .T. ) ;
#10199 = VERTEX_POINT ( 'NONE', #555 ) ;
#10200 = EDGE_CURVE ( 'NONE', #6767, #4199, #7897, .T. ) ;
#10201 = FACE_OUTER_BOUND ( 'NONE', #7901, .T. ) ;
#10202 = CARTESIAN_POINT ( 'NONE',  ( 1.955000000000000959, 1.050000000000000044, 3.024999999999999911 ) ) ;
#10203 = ORIENTED_EDGE ( 'NONE', *, *, #8747, .F. ) ;
#10204 = LINE ( 'NONE', #3792, #7309 ) ;
#10205 = ORIENTED_EDGE ( 'NONE', *, *, #413, .F. ) ;
#10206 = LINE ( 'NONE', #10150, #544 ) ;
#10207 = DIRECTION ( 'NONE',  ( -1.000000000000000000, 0.000000000000000000, -1.219727444046192242E-16 ) ) ;
#10208 = EDGE_CURVE ( 'NONE', #2807, #5669, #1377, .T. ) ;
#10209 = ORIENTED_EDGE ( 'NONE', *, *, #6472, .T. ) ;
#10210 = PLANE ( 'NONE',  #6672 ) ;
#10211 = ORIENTED_EDGE ( 'NONE', *, *, #8964, .T. ) ;
#10212 =( LENGTH_UNIT ( ) NAMED_UNIT ( * ) SI_UNIT ( .MILLI., .METRE. ) );
#10213 = EDGE_CURVE ( 'NONE', #8295, #3250, #435, .T. ) ;
#10214 = DIRECTION ( 'NONE',  ( 0.000000000000000000, -0.5735764363510453823, -0.8191520442889923537 ) ) ;
#10215 = ORIENTED_EDGE ( 'NONE', *, *, #11010, .F. ) ;
#10216 = AXIS2_PLACEMENT_3D ( 'NONE', #5460, #8009, #11616 ) ;
#10217 = PRODUCT_CONTEXT ( 'NONE', #11611, 'mechanical' ) ;
#10218 = ADVANCED_FACE ( 'NONE', ( #4949 ), #10567, .F. ) ;
#10219 = ORIENTED_EDGE ( 'NONE', *, *, #4935, .F. ) ;
#10220 = DIRECTION ( 'NONE',  ( 0.000000000000000000, 1.000000000000000000, 0.000000000000000000 ) ) ;
#10221 = CARTESIAN_POINT ( 'NONE',  ( -2.500000000000000444, 0.1000000000000001305, 2.125000000000000000 ) ) ;
#10222 = CARTESIAN_POINT ( 'NONE',  ( -1.175000000000000044, 0.1000000000000001305, -0.07500000000000003886 ) ) ;
#10223 = FACE_OUTER_BOUND ( 'NONE', #4335, .T. ) ;
#10224 = CARTESIAN_POINT ( 'NONE',  ( -1.174999999999999822, 0.8950000000000001288, 0.4949999999999995515 ) ) ;
#10225 = COLOUR_RGB ( '',1.000000000000000000, 0.8117647058823529438, 0.5019607843137254832 ) ;
#10226 = AXIS2_PLACEMENT_3D ( 'NONE', #8410, #9188, #4810 ) ;
#10227 = CARTESIAN_POINT ( 'NONE',  ( 2.104999999999999982, 1.510351568049345582E-17, 2.224999999999276667 ) ) ;
#10228 = LINE ( 'NONE', #5604, #9493 ) ;
#10229 = DIRECTION ( 'NONE',  ( -0.000000000000000000, 1.000000000000000000, 0.000000000000000000 ) ) ;
#10230 = EDGE_CURVE ( 'NONE', #7711, #1482, #496, .T. ) ;
#10231 = VECTOR ( 'NONE', #4066, 1000.000000000000000 ) ;
#10232 = PLANE ( 'NONE',  #2166 ) ;
#10233 = ORIENTED_EDGE ( 'NONE', *, *, #6464, .T. ) ;
#10234 = DIRECTION ( 'NONE',  ( -1.000000000000000000, -0.000000000000000000, -0.000000000000000000 ) ) ;
#10235 = CARTESIAN_POINT ( 'NONE',  ( -2.104999999999999982, 0.000000000000000000, 2.724999999999276667 ) ) ;
#10236 = ORIENTED_EDGE ( 'NONE', *, *, #7789, .F. ) ;
#10237 = DIRECTION ( 'NONE',  ( 1.000000000000000000, -0.000000000000000000, -1.219727444046192242E-16 ) ) ;
#10238 = LINE ( 'NONE', #2121, #8383 ) ;
#10239 = VECTOR ( 'NONE', #7673, 1000.000000000000000 ) ;
#10240 = ORIENTED_EDGE ( 'NONE', *, *, #1596, .F. ) ;
#10241 = EDGE_CURVE ( 'NONE', #7408, #804, #6832, .T. ) ;
#10242 = CARTESIAN_POINT ( 'NONE',  ( -1.764999999999999902, 0.7250000000000001998, 2.725000000000000089 ) ) ;
#10243 = VERTEX_POINT ( 'NONE', #7771 ) ;
#10244 = VECTOR ( 'NONE', #2206, 1000.000000000000000 ) ;
#10245 = ORIENTED_EDGE ( 'NONE', *, *, #4148, .T. ) ;
#10246 = DIRECTION ( 'NONE',  ( 1.000000000000000000, 0.000000000000000000, 0.000000000000000000 ) ) ;
#10247 = DIRECTION ( 'NONE',  ( -1.000000000000000000, -0.000000000000000000, -0.000000000000000000 ) ) ;
#10248 = VECTOR ( 'NONE', #4153, 1000.000000000000000 ) ;
#10249 = VECTOR ( 'NONE', #7857, 1000.000000000000000 ) ;
#10250 = ORIENTED_EDGE ( 'NONE', *, *, #11097, .T. ) ;
#10251 = EDGE_CURVE ( 'NONE', #1780, #10987, #2340, .T. ) ;
#10252 = CARTESIAN_POINT ( 'NONE',  ( -1.175000000000000044, 0.1000000000000001305, -0.07500000000000003886 ) ) ;
#10253 = ORIENTED_EDGE ( 'NONE', *, *, #2366, .F. ) ;
#10254 = DIRECTION ( 'NONE',  ( 0.000000000000000000, -0.4461978131098036093, 0.8949343616020276615 ) ) ;
#10255 = CARTESIAN_POINT ( 'NONE',  ( 2.104999999999999538, 0.5264718102130367949, 0.2441481456572267561 ) ) ;
#10256 = EDGE_CURVE ( 'NONE', #4138, #9181, #7655, .T. ) ;
#10257 = PRESENTATION_STYLE_ASSIGNMENT (( #1182 ) ) ;
#10258 = ORIENTED_EDGE ( 'NONE', *, *, #9627, .F. ) ;
#10259 = AXIS2_PLACEMENT_3D ( 'NONE', #9944, #1821, #998 ) ;
#10260 = EDGE_CURVE ( 'NONE', #9483, #8323, #7071, .T. ) ;
#10261 = VECTOR ( 'NONE', #3811, 1000.000000000000000 ) ;
#10262 = ORIENTED_EDGE ( 'NONE', *, *, #710, .F. ) ;
#10263 = CARTESIAN_POINT ( 'NONE',  ( 1.175000000000000044, 0.6999090492244378625, 2.541666408662616394 ) ) ;
#10264 = ORIENTED_EDGE ( 'NONE', *, *, #1641, .T. ) ;
#10265 = CARTESIAN_POINT ( 'NONE',  ( 0.8249999999999999556, 0.3350000000000001310, 2.709999999999999964 ) ) ;
#10266 = EDGE_LOOP ( 'NONE', ( #3103, #6406, #10919, #560, #2606 ) ) ;
#10267 = CARTESIAN_POINT ( 'NONE',  ( 0.3250000000000000111, 8.735352324927245566E-18, 0.1500000000000005496 ) ) ;
#10268 = ORIENTED_EDGE ( 'NONE', *, *, #4790, .F. ) ;
#10269 = LINE ( 'NONE', #11189, #5033 ) ;
#10270 = VERTEX_POINT ( 'NONE', #7117 ) ;
#10271 = FACE_OUTER_BOUND ( 'NONE', #8780, .T. ) ;
#10272 = VECTOR ( 'NONE', #8613, 1000.000000000000000 ) ;
#10273 = ORIENTED_EDGE ( 'NONE', *, *, #2708, .T. ) ;
#10274 = LINE ( 'NONE', #8248, #2338 ) ;
#10275 = EDGE_CURVE ( 'NONE', #8016, #4437, #9914, .T. ) ;
#10276 = FACE_OUTER_BOUND ( 'NONE', #1320, .T. ) ;
#10277 = ORIENTED_EDGE ( 'NONE', *, *, #2608, .T. ) ;
#10278 = DIRECTION ( 'NONE',  ( -1.000000000000000000, -0.000000000000000000, -0.000000000000000000 ) ) ;
#10279 = ORIENTED_EDGE ( 'NONE', *, *, #3299, .T. ) ;
#10280 = VECTOR ( 'NONE', #2037, 1000.000000000000114 ) ;
#10281 = VECTOR ( 'NONE', #8791, 1000.000000000000000 ) ;
#10282 = AXIS2_PLACEMENT_3D ( 'NONE', #2945, #6556, #9277 ) ;
#10283 = ORIENTED_EDGE ( 'NONE', *, *, #6996, .F. ) ;
#10284 = ORIENTED_EDGE ( 'NONE', *, *, #6141, .T. ) ;
#10285 = ORIENTED_EDGE ( 'NONE', *, *, #2565, .T. ) ;
#10286 = DIRECTION ( 'NONE',  ( -1.000000000000000000, 0.000000000000000000, -0.000000000000000000 ) ) ;
#10287 = UNCERTAINTY_MEASURE_WITH_UNIT (LENGTH_MEASURE( 1.000000000000000082E-05 ), #8692, 'distance_accuracy_value', 'NONE');
#10288 = CARTESIAN_POINT ( 'NONE',  ( -1.449999999999999956, 0.5599999999999999423, -0.5050000000000004485 ) ) ;
#10289 = CYLINDRICAL_SURFACE ( 'NONE', #7749, 0.02499999999999941505 ) ;
#10290 = LINE ( 'NONE', #6916, #1799 ) ;
#10291 = DIRECTION ( 'NONE',  ( 1.837630800822892264E-16, -1.000000000000000000, -2.241408719788263716E-32 ) ) ;
#10292 = AXIS2_PLACEMENT_3D ( 'NONE', #3426, #5491, #9101 ) ;
#10293 = SURFACE_STYLE_USAGE ( .BOTH. , #9401 ) ;
#10294 = PLANE ( 'NONE',  #46 ) ;
#10295 = AXIS2_PLACEMENT_3D ( 'NONE', #8035, #3631, #818 ) ;
#10296 = DIRECTION ( 'NONE',  ( -0.000000000000000000, 0.7071067811865457964, 0.7071067811865492381 ) ) ;
#10297 = CARTESIAN_POINT ( 'NONE',  ( 0.3250000000000000111, 0.4249999987231686815, 2.505000000000000338 ) ) ;
#10298 = DIRECTION ( 'NONE',  ( 0.000000000000000000, 0.000000000000000000, -1.000000000000000000 ) ) ;
#10299 = CARTESIAN_POINT ( 'NONE',  ( -1.324999999999999956, -1.203706215242022408E-32, -0.1249999999999994588 ) ) ;
#10300 = DIRECTION ( 'NONE',  ( -4.687505243082454722E-17, -0.9063077870366517130, -0.4226182617406958886 ) ) ;
#10301 = DIRECTION ( 'NONE',  ( 0.000000000000000000, -0.7071067811865492381, 0.7071067811865457964 ) ) ;
#10302 = EDGE_LOOP ( 'NONE', ( #1282, #2593, #6114, #5938, #7401 ) ) ;
#10303 = FILL_AREA_STYLE ('',( #586 ) ) ;
#10304 = LINE ( 'NONE', #8579, #1223 ) ;
#10305 = CARTESIAN_POINT ( 'NONE',  ( -2.254999999999999893, 1.000000000000000222, 1.799999999999277289 ) ) ;
#10306 = CARTESIAN_POINT ( 'NONE',  ( -2.500000000000000444, 0.05000000000000012768, -0.07499999999999942824 ) ) ;
#10307 = DIRECTION ( 'NONE',  ( 1.000000000000000000, 0.000000000000000000, 0.000000000000000000 ) ) ;
#10308 = MECHANICAL_DESIGN_GEOMETRIC_PRESENTATION_REPRESENTATION (  '', ( #3108 ), #7369 ) ;
#10309 = VERTEX_POINT ( 'NONE', #4458 ) ;
#10310 = DIRECTION ( 'NONE',  ( 0.000000000000000000, -1.000000000000000000, 2.442094990785125153E-16 ) ) ;
#10311 = VERTEX_POINT ( 'NONE', #7169 ) ;
#10312 = EDGE_LOOP ( 'NONE', ( #3008, #5473, #6411, #3095 ) ) ;
#10313 = CARTESIAN_POINT ( 'NONE',  ( -2.104999999999999538, 0.9000000000000002442, 0.8249999999999996225 ) ) ;
#10314 = ORIENTED_EDGE ( 'NONE', *, *, #6475, .F. ) ;
#10315 = ORIENTED_EDGE ( 'NONE', *, *, #3871, .F. ) ;
#10316 = EDGE_CURVE ( 'NONE', #10992, #1883, #5416, .T. ) ;
#10317 = AXIS2_PLACEMENT_3D ( 'NONE', #9280, #2118, #11049 ) ;
#10318 = VECTOR ( 'NONE', #7918, 1000.000000000000000 ) ;
#10319 = DIRECTION ( 'NONE',  ( 0.000000000000000000, 0.4461978131098036648, -0.8949343616020275505 ) ) ;
#10320 = LINE ( 'NONE', #237, #10043 ) ;
#10321 = ORIENTED_EDGE ( 'NONE', *, *, #6394, .T. ) ;
#10322 = ORIENTED_EDGE ( 'NONE', *, *, #779, .T. ) ;
#10323 = CIRCLE ( 'NONE', #111, 0.05000000000003655687 ) ;
#10324 = CARTESIAN_POINT ( 'NONE',  ( 1.324999999999999956, 0.07499999999999999722, 0.1250000000000005551 ) ) ;
#10325 = ADVANCED_FACE ( 'NONE', ( #6224 ), #3445, .F. ) ;
#10326 = PLANE ( 'NONE',  #988 ) ;
#10327 = ORIENTED_EDGE ( 'NONE', *, *, #11624, .T. ) ;
#10328 = DIRECTION ( 'NONE',  ( 0.000000000000000000, 0.000000000000000000, -1.000000000000000000 ) ) ;
#10329 = ORIENTED_EDGE ( 'NONE', *, *, #6393, .F. ) ;
#10330 = FACE_OUTER_BOUND ( 'NONE', #6016, .T. ) ;
#10331 = EDGE_CURVE ( 'NONE', #9986, #2612, #9854, .T. ) ;
#10332 = EDGE_LOOP ( 'NONE', ( #3069, #2495, #2071, #6295 ) ) ;
#10333 = ADVANCED_FACE ( 'NONE', ( #8065 ), #10680, .F. ) ;
#10334 = EDGE_LOOP ( 'NONE', ( #4825, #3213, #2395, #4666 ) ) ;
#10335 = DIRECTION ( 'NONE',  ( -1.000000000000000000, 0.000000000000000000, 0.000000000000000000 ) ) ;
#10336 = LINE ( 'NONE', #2213, #1913 ) ;
#10337 = VECTOR ( 'NONE', #10899, 1000.000000000000000 ) ;
#10338 = DIRECTION ( 'NONE',  ( 1.000000000000000000, -0.000000000000000000, -1.219727444046192242E-16 ) ) ;
#10339 = DIRECTION ( 'NONE',  ( -0.000000000000000000, 1.000000000000000000, 4.425314989736753375E-16 ) ) ;
#10340 = VERTEX_POINT ( 'NONE', #2782 ) ;
#10341 = PLANE ( 'NONE',  #4386 ) ;
#10342 = ORIENTED_EDGE ( 'NONE', *, *, #10470, .T. ) ;
#10343 = ORIENTED_EDGE ( 'NONE', *, *, #10075, .F. ) ;
#10344 = ORIENTED_EDGE ( 'NONE', *, *, #413, .T. ) ;
#10345 = CARTESIAN_POINT ( 'NONE',  ( -0.1750000000000000167, 0.4050000000000000266, -0.07499999999999942824 ) ) ;
#10346 = DIRECTION ( 'NONE',  ( 0.000000000000000000, 0.000000000000000000, -1.000000000000000000 ) ) ;
#10347 = CARTESIAN_POINT ( 'NONE',  ( -2.104999999999999538, 0.3400000000000002465, 0.02000000000000009756 ) ) ;
#10348 = DIRECTION ( 'NONE',  ( 0.000000000000000000, 0.000000000000000000, -1.000000000000000000 ) ) ;
#10349 = DIRECTION ( 'NONE',  ( 1.000000000000000000, -0.000000000000000000, -0.000000000000000000 ) ) ;
#10350 = CARTESIAN_POINT ( 'NONE',  ( 2.254999999999999893, 0.8214213562373096078, 0.4949999999999995515 ) ) ;
#10351 = FACE_OUTER_BOUND ( 'NONE', #4738, .T. ) ;
#10352 = CARTESIAN_POINT ( 'NONE',  ( -0.8249999999999999556, 0.4249999987231686815, 2.505000000000000338 ) ) ;
#10353 = LINE ( 'NONE', #1335, #2540 ) ;
#10354 = EDGE_CURVE ( 'NONE', #10942, #8730, #794, .T. ) ;
#10355 = FILL_AREA_STYLE ('',( #7800 ) ) ;
#10356 = CARTESIAN_POINT ( 'NONE',  ( 0.8249999999999999556, 0.4050000000000000266, -0.07499999999999942824 ) ) ;
#10357 = ORIENTED_EDGE ( 'NONE', *, *, #3442, .F. ) ;
#10358 =( NAMED_UNIT ( * ) PLANE_ANGLE_UNIT ( ) SI_UNIT ( $, .RADIAN. ) );
#10359 = EDGE_CURVE ( 'NONE', #753, #7649, #6286, .T. ) ;
#10360 = CARTESIAN_POINT ( 'NONE',  ( 0.3250000000000000111, 0.6800000000000001599, 0.8249999999999999556 ) ) ;
#10361 = DIRECTION ( 'NONE',  ( 1.000000000000000000, 0.000000000000000000, -1.109158232721743510E-16 ) ) ;
#10362 = LINE ( 'NONE', #3123, #7276 ) ;
#10363 = ORIENTED_EDGE ( 'NONE', *, *, #10471, .T. ) ;
#10364 = FACE_OUTER_BOUND ( 'NONE', #6429, .T. ) ;
#10365 = ORIENTED_EDGE ( 'NONE', *, *, #796, .T. ) ;
#10366 = VECTOR ( 'NONE', #3109, 1000.000000000000000 ) ;
#10367 = EDGE_CURVE ( 'NONE', #4152, #8908, #3674, .T. ) ;
#10368 = DIRECTION ( 'NONE',  ( 0.000000000000000000, 0.000000000000000000, 1.000000000000000000 ) ) ;
#10369 = ORIENTED_EDGE ( 'NONE', *, *, #6703, .T. ) ;
#10370 = EDGE_LOOP ( 'NONE', ( #11299, #5769, #2131, #3612 ) ) ;
#10371 = CARTESIAN_POINT ( 'NONE',  ( 2.049999999999999822, 1.050000000000000044, -0.8050000000000003819 ) ) ;
#10372 = ORIENTED_EDGE ( 'NONE', *, *, #1030, .T. ) ;
#10374 = DIRECTION ( 'NONE',  ( -1.000000000000000000, -0.000000000000000000, -0.000000000000000000 ) ) ;
#10373 = LINE ( 'NONE', #2197, #8183 ) ;
#10375 = EDGE_LOOP ( 'NONE', ( #8068, #4273, #1837, #10047 ) ) ;
#10376 = PLANE ( 'NONE',  #11145 ) ;
#10377 = EDGE_LOOP ( 'NONE', ( #7748, #8884, #6804, #10563 ) ) ;
#10378 = ORIENTED_EDGE ( 'NONE', *, *, #6760, .T. ) ;
#10379 = EDGE_CURVE ( 'NONE', #4494, #1490, #9018, .T. ) ;
#10380 = PLANE ( 'NONE',  #10846 ) ;
#10381 = CARTESIAN_POINT ( 'NONE',  ( 0.8249999999999999556, 0.7408666514389177227, 2.512987586845043531 ) ) ;
#10382 = VERTEX_POINT ( 'NONE', #10894 ) ;
#10383 = DIRECTION ( 'NONE',  ( 0.000000000000000000, 0.000000000000000000, 1.000000000000000000 ) ) ;
#10384 = ORIENTED_EDGE ( 'NONE', *, *, #7495, .T. ) ;
#10385 = DIRECTION ( 'NONE',  ( -1.000000000000000000, -0.000000000000000000, -0.000000000000000000 ) ) ;
#10386 = ORIENTED_EDGE ( 'NONE', *, *, #7780, .F. ) ;
#10387 = ORIENTED_EDGE ( 'NONE', *, *, #10331, .F. ) ;
#10388 = FACE_OUTER_BOUND ( 'NONE', #3959, .T. ) ;
#10389 = DIRECTION ( 'NONE',  ( 1.000000000000000000, 0.000000000000000000, 0.000000000000000000 ) ) ;
#10390 = DIRECTION ( 'NONE',  ( -1.000000000000000000, -0.000000000000000000, -0.000000000000000000 ) ) ;
#10391 = CIRCLE ( 'NONE', #749, 0.05000000000003655687 ) ;
#10392 = CARTESIAN_POINT ( 'NONE',  ( 0.3250000000000000111, 0.4050000000000000266, -0.07499999999999942824 ) ) ;
#10393 = ORIENTED_EDGE ( 'NONE', *, *, #6553, .F. ) ;
#10394 = DIRECTION ( 'NONE',  ( 0.000000000000000000, -0.000000000000000000, -1.000000000000000000 ) ) ;
#10395 = ORIENTED_EDGE ( 'NONE', *, *, #10485, .F. ) ;
#10396 = EDGE_CURVE ( 'NONE', #7649, #11237, #9967, .T. ) ;
#10397 = VERTEX_POINT ( 'NONE', #8116 ) ;
#10398 = EDGE_LOOP ( 'NONE', ( #3732, #6994, #8414, #1874 ) ) ;
#10399 = CARTESIAN_POINT ( 'NONE',  ( -1.175000000000000044, 0.7250000000000001998, 2.577500000000000568 ) ) ;
#10400 = CARTESIAN_POINT ( 'NONE',  ( 0.8249999999999999556, 0.08000000000000001554, -0.1749999999999994893 ) ) ;
#10401 = DIRECTION ( 'NONE',  ( -1.000000000000000000, -0.000000000000000000, -0.000000000000000000 ) ) ;
#10402 = CARTESIAN_POINT ( 'NONE',  ( -1.955000000000000071, 0.1000000000000001305, -0.07499999999999942824 ) ) ;
#10403 = CARTESIAN_POINT ( 'NONE',  ( 1.764999999999999902, 0.7542893218813455647, 2.754289321881345565 ) ) ;
#10404 = ADVANCED_FACE ( 'NONE', ( #22 ), #1839, .T. ) ;
#10405 = AXIS2_PLACEMENT_3D ( 'NONE', #11660, #3610, #21 ) ;
#10406 = CARTESIAN_POINT ( 'NONE',  ( -0.6749999999999998224, 0.8950000000000001288, 0.5327497731395587355 ) ) ;
#10407 = EDGE_CURVE ( 'NONE', #9632, #11190, #5245, .T. ) ;
#10408 = DIRECTION ( 'NONE',  ( 0.000000000000000000, 0.000000000000000000, 1.000000000000000000 ) ) ;
#10409 = DIRECTION ( 'NONE',  ( 0.000000000000000000, 0.000000000000000000, -1.000000000000000000 ) ) ;
#10410 = DIRECTION ( 'NONE',  ( -1.000000000000000000, -0.000000000000000000, -0.000000000000000000 ) ) ;
#10411 = DIRECTION ( 'NONE',  ( 1.000000000000000000, -0.000000000000000000, -1.219727444046192242E-16 ) ) ;
#10412 =( NAMED_UNIT ( * ) PLANE_ANGLE_UNIT ( ) SI_UNIT ( $, .RADIAN. ) );
#10413 = VERTEX_POINT ( 'NONE', #4337 ) ;
#10414 = DIRECTION ( 'NONE',  ( -1.000000000000000000, -0.000000000000000000, -0.000000000000000000 ) ) ;
#10415 = CARTESIAN_POINT ( 'NONE',  ( -1.855000000000000870, 1.050000000000000044, 3.025000000000000355 ) ) ;
#10416 = DIRECTION ( 'NONE',  ( 0.000000000000000000, 0.000000000000000000, 1.000000000000000000 ) ) ;
#10417 = EDGE_CURVE ( 'NONE', #2186, #4131, #4210, .T. ) ;
#10418 = VERTEX_POINT ( 'NONE', #9803 ) ;
#10419 = DIRECTION ( 'NONE',  ( 1.000000000000000000, 0.000000000000000000, -1.109158232721743386E-16 ) ) ;
#10420 = VERTEX_POINT ( 'NONE', #1675 ) ;
#10421 = CARTESIAN_POINT ( 'NONE',  ( 0.1750000000000000167, 0.4050000000000000266, -0.07499999999999942824 ) ) ;
#10422 = ORIENTED_EDGE ( 'NONE', *, *, #1411, .F. ) ;
#10423 = AXIS2_PLACEMENT_3D ( 'NONE', #11319, #1446, #3921 ) ;
#10424 = VERTEX_POINT ( 'NONE', #8898 ) ;
#10425 = VECTOR ( 'NONE', #5573, 1000.000000000000000 ) ;
#10426 = DIRECTION ( 'NONE',  ( -0.000000000000000000, -2.536145432716774083E-16, -1.000000000000000000 ) ) ;
#10427 = CARTESIAN_POINT ( 'NONE',  ( -0.6750000000000000444, 0.4197467168032661955, 2.540024382298945227 ) ) ;
#10428 = ORIENTED_EDGE ( 'NONE', *, *, #1356, .F. ) ;
#10429 = VERTEX_POINT ( 'NONE', #8010 ) ;
#10430 = MECHANICAL_DESIGN_GEOMETRIC_PRESENTATION_REPRESENTATION (  '', ( #778 ), #9094 ) ;
#10431 = CARTESIAN_POINT ( 'NONE',  ( 2.104999999999999538, 1.000000000000000222, 1.199999999999277200 ) ) ;
#10433 = LINE ( 'NONE', #11429, #11291 ) ;
#10432 = FACE_OUTER_BOUND ( 'NONE', #10948, .T. ) ;
#10434 = AXIS2_PLACEMENT_3D ( 'NONE', #1828, #6329, #3660 ) ;
#10435 = ORIENTED_EDGE ( 'NONE', *, *, #1971, .F. ) ;
#10436 = CARTESIAN_POINT ( 'NONE',  ( -2.104999999999999538, 0.9000000000000002442, -0.07499999999999998335 ) ) ;
#10437 = ORIENTED_EDGE ( 'NONE', *, *, #3879, .F. ) ;
#10438 = EDGE_LOOP ( 'NONE', ( #3039, #9851, #7044, #850 ) ) ;
#10439 = ORIENTED_EDGE ( 'NONE', *, *, #5575, .F. ) ;
#10440 = EDGE_LOOP ( 'NONE', ( #1483, #1898, #11505, #3200 ) ) ;
#10441 = AXIS2_PLACEMENT_3D ( 'NONE', #1654, #9885, #3534 ) ;
#10442 = VECTOR ( 'NONE', #1517, 1000.000000000000000 ) ;
#10443 = LINE ( 'NONE', #610, #7972 ) ;
#10444 = EDGE_LOOP ( 'NONE', ( #11371, #10314, #7416, #5859 ) ) ;
#10445 = AXIS2_PLACEMENT_3D ( 'NONE', #7153, #9005, #837 ) ;
#10446 = LINE ( 'NONE', #11254, #3055 ) ;
#10447 = VERTEX_POINT ( 'NONE', #11661 ) ;
#10448 = EDGE_LOOP ( 'NONE', ( #6936, #11255, #7945, #124 ) ) ;
#10449 = ORIENTED_EDGE ( 'NONE', *, *, #3585, .F. ) ;
#10450 = CARTESIAN_POINT ( 'NONE',  ( 1.175000000000000044, 0.7500000000000002220, 0.5949999999999996403 ) ) ;
#10451 = CYLINDRICAL_SURFACE ( 'NONE', #10986, 0.05000000000003655687 ) ;
#10452 = CARTESIAN_POINT ( 'NONE',  ( 0.8249999999999999556, 0.3615000000000000990, 2.125000000000000000 ) ) ;
#10453 = AXIS2_PLACEMENT_3D ( 'NONE', #6012, #7593, #2275 ) ;
#10454 = DIRECTION ( 'NONE',  ( -0.000000000000000000, 0.000000000000000000, 1.000000000000000000 ) ) ;
#10455 = DIRECTION ( 'NONE',  ( 0.000000000000000000, 0.000000000000000000, 1.000000000000000000 ) ) ;
#10456 = ORIENTED_EDGE ( 'NONE', *, *, #8516, .T. ) ;
#10457 = CIRCLE ( 'NONE', #5920, 0.1000000000000002554 ) ;
#10458 = ORIENTED_EDGE ( 'NONE', *, *, #5413, .T. ) ;
#10459 = PLANE ( 'NONE',  #1294 ) ;
#10460 = VECTOR ( 'NONE', #3823, 1000.000000000000000 ) ;
#10461 = CARTESIAN_POINT ( 'NONE',  ( -0.3250000000000000111, 0.6800000000000001599, 0.8249999999999999556 ) ) ;
#10462 = DIRECTION ( 'NONE',  ( 0.000000000000000000, -1.000000000000000000, 0.000000000000000000 ) ) ;
#10463 = PLANE ( 'NONE',  #1975 ) ;
#10464 = CARTESIAN_POINT ( 'NONE',  ( -0.8249999999999999556, 0.7408666514389177227, 2.512987586845043531 ) ) ;
#10465 = LINE ( 'NONE', #454, #3428 ) ;
#10466 = VECTOR ( 'NONE', #11640, 1000.000000000000000 ) ;
#10467 = AXIS2_PLACEMENT_3D ( 'NONE', #3401, #508, #6914 ) ;
#10468 = LINE ( 'NONE', #6973, #1350 ) ;
#10469 = LINE ( 'NONE', #4908, #5787 ) ;
#10470 = EDGE_CURVE ( 'NONE', #8373, #11375, #11617, .T. ) ;
#10471 = EDGE_CURVE ( 'NONE', #2403, #5471, #2132, .T. ) ;
#10472 = CARTESIAN_POINT ( 'NONE',  ( 1.855000000000000870, 0.3350000000000001310, 3.025000000000000355 ) ) ;
#10473 = VECTOR ( 'NONE', #7327, 1000.000000000000000 ) ;
#10474 = ADVANCED_FACE ( 'NONE', ( #11002 ), #9300, .F. ) ;
#10475 = EDGE_CURVE ( 'NONE', #8189, #1472, #2899, .T. ) ;
#10476 = VECTOR ( 'NONE', #2334, 1000.000000000000000 ) ;
#10477 = EDGE_CURVE ( 'NONE', #6939, #1348, #174, .T. ) ;
#10478 = AXIS2_PLACEMENT_3D ( 'NONE', #855, #7948, #11556 ) ;
#10479 = LINE ( 'NONE', #6027, #7048 ) ;
#10480 = DIRECTION ( 'NONE',  ( 0.000000000000000000, 0.000000000000000000, 1.000000000000000000 ) ) ;
#10481 = ORIENTED_EDGE ( 'NONE', *, *, #2055, .F. ) ;
#10482 = CARTESIAN_POINT ( 'NONE',  ( 0.3250000000000000111, 0.7408666514389177227, 2.512987586845043531 ) ) ;
#10483 = EDGE_CURVE ( 'NONE', #5068, #11192, #1950, .T. ) ;
#10484 = CARTESIAN_POINT ( 'NONE',  ( 2.104999999999999538, 0.5329422863405998134, 0.2449999999999999956 ) ) ;
#10485 = EDGE_CURVE ( 'NONE', #9607, #2550, #5745, .T. ) ;
#10486 = AXIS2_PLACEMENT_3D ( 'NONE', #10324, #11011, #7403 ) ;
#10487 = CARTESIAN_POINT ( 'NONE',  ( -2.049999999999999822, 0.4099999999999999756, -0.2050000000000003209 ) ) ;
#10488 = VERTEX_POINT ( 'NONE', #11063 ) ;
#10489 = CARTESIAN_POINT ( 'NONE',  ( -2.104999999999999538, 0.8150000000000001688, 0.2450000000000000511 ) ) ;
#10490 = VERTEX_POINT ( 'NONE', #4618 ) ;
#10491 = DIRECTION ( 'NONE',  ( 0.000000000000000000, 1.000000000000000000, 0.000000000000000000 ) ) ;
#10492 = AXIS2_PLACEMENT_3D ( 'NONE', #1329, #10167, #8567 ) ;
#10493 = ADVANCED_FACE ( 'NONE', ( #1124 ), #9366, .F. ) ;
#10494 = CARTESIAN_POINT ( 'NONE',  ( -1.324999999999999956, 0.7250000000000001998, 2.492500000000000160 ) ) ;
#10495 = VECTOR ( 'NONE', #9631, 1000.000000000000000 ) ;
#10496 = CARTESIAN_POINT ( 'NONE',  ( 2.254999999999999893, 0.6800000000000001599, 0.4449999999999996736 ) ) ;
#10497 = ORIENTED_EDGE ( 'NONE', *, *, #846, .F. ) ;
#10498 = EDGE_LOOP ( 'NONE', ( #4699, #2618, #2487, #6282 ) ) ;
#10499 = VECTOR ( 'NONE', #5907, 1000.000000000000000 ) ;
#10501 = DIRECTION ( 'NONE',  ( -1.219727444046192242E-16, 0.000000000000000000, 1.000000000000000000 ) ) ;
#10500 = DIRECTION ( 'NONE',  ( 0.000000000000000000, -5.421010862427520198E-16, -1.000000000000000000 ) ) ;
#10502 = ORIENTED_EDGE ( 'NONE', *, *, #5845, .T. ) ;
#10503 = DIRECTION ( 'NONE',  ( 1.000000000000000000, 0.000000000000000000, -1.219727444046192242E-16 ) ) ;
#10504 = ORIENTED_EDGE ( 'NONE', *, *, #11572, .F. ) ;
#10505 = ORIENTED_EDGE ( 'NONE', *, *, #8223, .F. ) ;
#10506 = ORIENTED_EDGE ( 'NONE', *, *, #1651, .F. ) ;
#10507 = VERTEX_POINT ( 'NONE', #9125 ) ;
#10508 = VECTOR ( 'NONE', #269, 1000.000000000000000 ) ;
#10509 = VERTEX_POINT ( 'NONE', #8230 ) ;
#10510 = CARTESIAN_POINT ( 'NONE',  ( 0.8249999999999999556, 0.1000000000000001305, -0.07500000000000003886 ) ) ;
#10511 = VERTEX_POINT ( 'NONE', #2961 ) ;
#10512 = ORIENTED_EDGE ( 'NONE', *, *, #4045, .T. ) ;
#10513 = EDGE_LOOP ( 'NONE', ( #2188, #11551, #8890, #306 ) ) ;
#10514 = ORIENTED_EDGE ( 'NONE', *, *, #2932, .T. ) ;
#10515 = CARTESIAN_POINT ( 'NONE',  ( -1.174999999999999822, 0.7500000000000002220, 0.5949999999999996403 ) ) ;
#10516 = ADVANCED_FACE ( 'NONE', ( #8336 ), #10196, .F. ) ;
#10517 = CARTESIAN_POINT ( 'NONE',  ( -2.254999999999999893, 0.6800000000000001599, 0.4449999999999996736 ) ) ;
#10518 = AXIS2_PLACEMENT_3D ( 'NONE', #8650, #2246, #4126 ) ;
#10519 = CARTESIAN_POINT ( 'NONE',  ( -0.8249999999999999556, 0.4197467168032661955, 2.540024382298945227 ) ) ;
#10520 = AXIS2_PLACEMENT_3D ( 'NONE', #11448, #10521, #8554 ) ;
#10521 = DIRECTION ( 'NONE',  ( 0.000000000000000000, 0.000000000000000000, 1.000000000000000000 ) ) ;
#10522 = EDGE_LOOP ( 'NONE', ( #11647, #2693, #6763, #7305 ) ) ;
#10523 = LINE ( 'NONE', #6909, #11570 ) ;
#10524 = EDGE_LOOP ( 'NONE', ( #5642, #3564, #11343, #11590 ) ) ;
#10525 = VERTEX_POINT ( 'NONE', #8281 ) ;
#10526 = VECTOR ( 'NONE', #6975, 1000.000000000000000 ) ;
#10527 = VERTEX_POINT ( 'NONE', #8409 ) ;
#10528 = VECTOR ( 'NONE', #6110, 1000.000000000000000 ) ;
#10529 = CARTESIAN_POINT ( 'NONE',  ( -0.1750000000000000167, 0.3350000000000001310, 2.709999999999999964 ) ) ;
#10530 = CARTESIAN_POINT ( 'NONE',  ( -0.3250000000000000111, 0.4197467168032661955, 2.540024382298945227 ) ) ;
#10531 = DIRECTION ( 'NONE',  ( 0.000000000000000000, -1.000000000000000000, 5.421010862427520198E-16 ) ) ;
#10532 = DIRECTION ( 'NONE',  ( 0.000000000000000000, 0.000000000000000000, 1.000000000000000000 ) ) ;
#10533 = FILL_AREA_STYLE_COLOUR ( '', #7123 ) ;
#10534 = FACE_OUTER_BOUND ( 'NONE', #285, .T. ) ;
#10535 = EDGE_CURVE ( 'NONE', #6058, #8455, #131, .T. ) ;
#10536 = DIRECTION ( 'NONE',  ( 0.000000000000000000, -1.000000000000000000, 0.000000000000000000 ) ) ;
#10537 = DIRECTION ( 'NONE',  ( 0.000000000000000000, 0.000000000000000000, 1.000000000000000000 ) ) ;
#10538 = CARTESIAN_POINT ( 'NONE',  ( -2.104999999999999538, 0.3400000000000002465, 0.02000000000000009756 ) ) ;
#10539 = DIRECTION ( 'NONE',  ( -1.000000000000000000, -0.000000000000000000, -0.000000000000000000 ) ) ;
#10540 = DIRECTION ( 'NONE',  ( 0.000000000000000000, 0.000000000000000000, -1.000000000000000000 ) ) ;
#10541 = VERTEX_POINT ( 'NONE', #236 ) ;
#10542 = CARTESIAN_POINT ( 'NONE',  ( 0.1750000000000000167, -1.203706215242022408E-32, -0.1249999999999994588 ) ) ;
#10543 = LINE ( 'NONE', #11289, #3492 ) ;
#10544 = DIRECTION ( 'NONE',  ( -1.000000000000000000, 0.000000000000000000, 0.000000000000000000 ) ) ;
#10545 = FACE_OUTER_BOUND ( 'NONE', #3802, .T. ) ;
#10546 = EDGE_LOOP ( 'NONE', ( #945, #5638, #8226, #4944 ) ) ;
#10547 = ADVANCED_FACE ( 'NONE', ( #8465 ), #3952, .F. ) ;
#10548 = EDGE_CURVE ( 'NONE', #2561, #249, #10018, .T. ) ;
#10549 = MECHANICAL_DESIGN_GEOMETRIC_PRESENTATION_REPRESENTATION (  '', ( #3906 ), #5073 ) ;
#10550 = EDGE_LOOP ( 'NONE', ( #7662, #3397, #9422, #10845 ) ) ;
#10551 = ORIENTED_EDGE ( 'NONE', *, *, #7997, .F. ) ;
#10552 = EDGE_CURVE ( 'NONE', #5578, #9632, #1075, .T. ) ;
#10554 = DIRECTION ( 'NONE',  ( 0.000000000000000000, 3.439160614977207662E-32, 1.000000000000000000 ) ) ;
#10553 = PLANE ( 'NONE',  #9718 ) ;
#10555 = DIRECTION ( 'NONE',  ( 1.000000000000000000, 0.000000000000000000, 0.000000000000000000 ) ) ;
#10556 = VERTEX_POINT ( 'NONE', #5682 ) ;
#10557 = EDGE_CURVE ( 'NONE', #1827, #2604, #7337, .T. ) ;
#10558 = VERTEX_POINT ( 'NONE', #6444 ) ;
#10559 = EDGE_CURVE ( 'NONE', #4089, #10488, #10140, .T. ) ;
#10560 = ORIENTED_EDGE ( 'NONE', *, *, #7950, .T. ) ;
#10561 = EDGE_CURVE ( 'NONE', #1090, #8956, #11113, .T. ) ;
#10562 = DIRECTION ( 'NONE',  ( 0.000000000000000000, 0.4461978131098036648, -0.8949343616020275505 ) ) ;
#10563 = ORIENTED_EDGE ( 'NONE', *, *, #4518, .T. ) ;
#10564 = ORIENTED_EDGE ( 'NONE', *, *, #2444, .F. ) ;
#10565 = ORIENTED_EDGE ( 'NONE', *, *, #7220, .F. ) ;
#10566 = ORIENTED_EDGE ( 'NONE', *, *, #4464, .T. ) ;
#10567 = PLANE ( 'NONE',  #2891 ) ;
#10568 = DIRECTION ( 'NONE',  ( 1.000000000000000000, 0.000000000000000000, 0.000000000000000000 ) ) ;
#10569 = ADVANCED_FACE ( 'NONE', ( #4731 ), #6941, .F. ) ;
#10570 = DIRECTION ( 'NONE',  ( 0.000000000000000000, 1.000000000000000000, 1.999553186960971874E-15 ) ) ;
#10571 = CARTESIAN_POINT ( 'NONE',  ( -0.1750000000000000167, 0.6899768362638436514, 2.505000000000000338 ) ) ;
#10572 = ORIENTED_EDGE ( 'NONE', *, *, #1722, .F. ) ;
#10573 = DIRECTION ( 'NONE',  ( -1.000000000000000000, -0.000000000000000000, -0.000000000000000000 ) ) ;
#10574 = ORIENTED_EDGE ( 'NONE', *, *, #9392, .T. ) ;
#10575 = VECTOR ( 'NONE', #7352, 1000.000000000000000 ) ;
#10576 = ORIENTED_EDGE ( 'NONE', *, *, #9545, .F. ) ;
#10577 = VERTEX_POINT ( 'NONE', #7883 ) ;
#10578 = CARTESIAN_POINT ( 'NONE',  ( 2.049999999999999822, 0.6800000000000001599, 0.5949999999999996403 ) ) ;
#10579 = PLANE ( 'NONE',  #2514 ) ;
#10580 = VECTOR ( 'NONE', #6041, 1000.000000000000000 ) ;
#10581 = FACE_OUTER_BOUND ( 'NONE', #6212, .T. ) ;
#10582 = CARTESIAN_POINT ( 'NONE',  ( -1.175000000000000044, 0.3614999999999998215, 2.441500001276831089 ) ) ;
#10583 = DIRECTION ( 'NONE',  ( 1.000000000000000000, 0.000000000000000000, 0.000000000000000000 ) ) ;
#10584 = FILL_AREA_STYLE_COLOUR ( '', #718 ) ;
#10585 = CARTESIAN_POINT ( 'NONE',  ( 2.104999999999999538, 0.9000000000000002442, 2.124999999999999556 ) ) ;
#10586 = FACE_OUTER_BOUND ( 'NONE', #89, .T. ) ;
#10587 = VECTOR ( 'NONE', #6584, 1000.000000000000000 ) ;
#10588 = DIRECTION ( 'NONE',  ( 1.000000000000000000, 0.000000000000000000, 0.000000000000000000 ) ) ;
#10589 = DIRECTION ( 'NONE',  ( -1.000000000000000000, -0.000000000000000000, -0.000000000000000000 ) ) ;
#10590 = DIRECTION ( 'NONE',  ( 1.000000000000000000, 0.000000000000000000, 0.000000000000000000 ) ) ;
#10591 = ADVANCED_FACE ( 'NONE', ( #4133 ), #9484, .F. ) ;
#10592 = CARTESIAN_POINT ( 'NONE',  ( 0.3250000000000000111, 0.3350000000000001310, 2.125000000000000000 ) ) ;
#10593 = PLANE ( 'NONE',  #10833 ) ;
#10594 = EDGE_LOOP ( 'NONE', ( #2735, #628, #523, #8798 ) ) ;
#10595 = CYLINDRICAL_SURFACE ( 'NONE', #3681, 0.04999999999999999584 ) ;
#10596 = LINE ( 'NONE', #9413, #1974 ) ;
#10597 = DIRECTION ( 'NONE',  ( 1.000000000000000000, 0.000000000000000000, 0.000000000000000000 ) ) ;
#10598 =( NAMED_UNIT ( * ) PLANE_ANGLE_UNIT ( ) SI_UNIT ( $, .RADIAN. ) );
#10599 = CARTESIAN_POINT ( 'NONE',  ( -1.955000000000000071, 0.05000000000000012768, 2.125000000000000000 ) ) ;
#10600 = AXIS2_PLACEMENT_3D ( 'NONE', #10843, #5571, #3011 ) ;
#10601 = ORIENTED_EDGE ( 'NONE', *, *, #11582, .F. ) ;
#10602 = ORIENTED_EDGE ( 'NONE', *, *, #6054, .T. ) ;
#10603 = CARTESIAN_POINT ( 'NONE',  ( -2.104999999999999538, 0.5329422863405998134, 0.2200000000000001676 ) ) ;
#10604 = LINE ( 'NONE', #3755, #7075 ) ;
#10605 = ORIENTED_EDGE ( 'NONE', *, *, #9341, .F. ) ;
#10606 = EDGE_CURVE ( 'NONE', #10418, #7104, #1485, .T. ) ;
#10607 = DIRECTION ( 'NONE',  ( -1.219727444046192242E-16, 0.000000000000000000, 1.000000000000000000 ) ) ;
#10608 = EDGE_CURVE ( 'NONE', #6450, #2317, #4195, .T. ) ;
#10609 = AXIS2_PLACEMENT_3D ( 'NONE', #3394, #5361, #11560 ) ;
#10610 = ORIENTED_EDGE ( 'NONE', *, *, #4148, .F. ) ;
#10611 = VECTOR ( 'NONE', #7461, 1000.000000000000000 ) ;
#10612 = VERTEX_POINT ( 'NONE', #5867 ) ;
#10613 = PLANE ( 'NONE',  #2535 ) ;
#10614 = EDGE_CURVE ( 'NONE', #8842, #10188, #10373, .T. ) ;
#10615 = ORIENTED_EDGE ( 'NONE', *, *, #10896, .F. ) ;
#10616 = EDGE_CURVE ( 'NONE', #2310, #5508, #6816, .T. ) ;
#10617 = CIRCLE ( 'NONE', #30, 0.05000000000003655687 ) ;
#10618 = VERTEX_POINT ( 'NONE', #8776 ) ;
#10619 = VERTEX_POINT ( 'NONE', #4014 ) ;
#10620 = ADVANCED_FACE ( 'NONE', ( #8715 ), #7638, .T. ) ;
#10621 = ORIENTED_EDGE ( 'NONE', *, *, #8882, .T. ) ;
#10622 = CARTESIAN_POINT ( 'NONE',  ( -0.1750000000000000167, 0.3350000000000001310, 2.709999999999999964 ) ) ;
#10623 = EDGE_CURVE ( 'NONE', #9021, #8671, #7822, .T. ) ;
#10624 = PLANE ( 'NONE',  #10609 ) ;
#10625 = ORIENTED_EDGE ( 'NONE', *, *, #3005, .T. ) ;
#10626 = AXIS2_PLACEMENT_3D ( 'NONE', #7198, #57, #2537 ) ;
#10627 = PLANE ( 'NONE',  #7786 ) ;
#10628 = VERTEX_POINT ( 'NONE', #3196 ) ;
#10629 = VECTOR ( 'NONE', #8804, 1000.000000000000000 ) ;
#10630 = CARTESIAN_POINT ( 'NONE',  ( 0.6750000000000000444, 0.3800000000000000044, -0.09999999999999956146 ) ) ;
#10631 = DIRECTION ( 'NONE',  ( 0.000000000000000000, 0.000000000000000000, 1.000000000000000000 ) ) ;
#10632 = EDGE_LOOP ( 'NONE', ( #8228, #7449, #1880, #6799 ) ) ;
#10633 = ADVANCED_FACE ( 'NONE', ( #10432 ), #9553, .F. ) ;
#10634 = ORIENTED_EDGE ( 'NONE', *, *, #9022, .F. ) ;
#10635 = CARTESIAN_POINT ( 'NONE',  ( 1.325000000000000178, 0.8950000000000001288, 0.4949999999999995515 ) ) ;
#10636 = VECTOR ( 'NONE', #9509, 1000.000000000000000 ) ;
#10637 = CARTESIAN_POINT ( 'NONE',  ( -1.324999999999999956, 0.03000000000000000930, -0.1249999999999994310 ) ) ;
#10638 = DIRECTION ( 'NONE',  ( 0.000000000000000000, -1.000000000000000000, 0.000000000000000000 ) ) ;
#10639 = DIRECTION ( 'NONE',  ( 0.000000000000000000, 0.000000000000000000, -1.000000000000000000 ) ) ;
#10640 = ORIENTED_EDGE ( 'NONE', *, *, #4554, .T. ) ;
#10641 = CARTESIAN_POINT ( 'NONE',  ( 1.175000000000000044, 0.6800000000000001599, 0.4949999999999995515 ) ) ;
#10642 = DIRECTION ( 'NONE',  ( 0.000000000000000000, -1.000000000000000000, 5.421010862427520198E-16 ) ) ;
#10643 = DIRECTION ( 'NONE',  ( 1.000000000000000000, 0.000000000000000000, 0.000000000000000000 ) ) ;
#10644 = CARTESIAN_POINT ( 'NONE',  ( 0.3250000000000001776, 0.8950000000000001288, 0.4949999999999995515 ) ) ;
#10645 = AXIS2_PLACEMENT_3D ( 'NONE', #3636, #4645, #152 ) ;
#10646 = DIRECTION ( 'NONE',  ( 0.000000000000000000, 0.000000000000000000, -1.000000000000000000 ) ) ;
#10647 = LINE ( 'NONE', #2531, #7061 ) ;
#10648 = CARTESIAN_POINT ( 'NONE',  ( -0.6750000000000000444, 0.4249999987231686815, 2.505000000000000338 ) ) ;
#10649 = ORIENTED_EDGE ( 'NONE', *, *, #5761, .T. ) ;
#10650 = DIRECTION ( 'NONE',  ( 1.000000000000000000, 0.000000000000000000, 6.570922257487897174E-16 ) ) ;
#10651 = AXIS2_PLACEMENT_3D ( 'NONE', #8128, #3690, #9081 ) ;
#10652 = PLANE ( 'NONE',  #216 ) ;
#10653 = AXIS2_PLACEMENT_3D ( 'NONE', #5911, #8910, #808 ) ;
#10654 = LINE ( 'NONE', #3586, #6845 ) ;
#10655 = PLANE ( 'NONE',  #7261 ) ;
#10656 = ORIENTED_EDGE ( 'NONE', *, *, #3293, .F. ) ;
#10657 = EDGE_CURVE ( 'NONE', #3771, #5519, #8380, .T. ) ;
#10658 = AXIS2_PLACEMENT_3D ( 'NONE', #5357, #5303, #8173 ) ;
#10659 = CIRCLE ( 'NONE', #7425, 0.1499999999999999667 ) ;
#10660 = ORIENTED_EDGE ( 'NONE', *, *, #7656, .F. ) ;
#10661 = VERTEX_POINT ( 'NONE', #2391 ) ;
#10662 = CYLINDRICAL_SURFACE ( 'NONE', #9775, 0.02499999999999987649 ) ;
#10663 = DIRECTION ( 'NONE',  ( 0.000000000000000000, 1.000000000000000000, -4.336808689942016158E-15 ) ) ;
#10665 = DIRECTION ( 'NONE',  ( 0.000000000000000000, 0.000000000000000000, 1.000000000000000000 ) ) ;
#10664 = CARTESIAN_POINT ( 'NONE',  ( -0.1750000000000000167, 0.1000000000000001305, -0.07500000000000003886 ) ) ;
#10666 = VECTOR ( 'NONE', #3091, 1000.000000000000000 ) ;
#10667 = ORIENTED_EDGE ( 'NONE', *, *, #9611, .F. ) ;
#10668 = CARTESIAN_POINT ( 'NONE',  ( 0.6750000000000000444, 0.3749999987231322773, 2.517714491643438635 ) ) ;
#10669 = VECTOR ( 'NONE', #6189, 1000.000000000000000 ) ;
#10670 = ORIENTED_EDGE ( 'NONE', *, *, #1422, .F. ) ;
#10671 = VECTOR ( 'NONE', #10984, 1000.000000000000114 ) ;
#10672 = CARTESIAN_POINT ( 'NONE',  ( 0.3250000000000000111, 8.735352324927245566E-18, 0.1500000000000005496 ) ) ;
#10673 = VERTEX_POINT ( 'NONE', #11358 ) ;
#10674 = VECTOR ( 'NONE', #10411, 1000.000000000000000 ) ;
#10675 = EDGE_LOOP ( 'NONE', ( #2976, #8053, #1552, #9668 ) ) ;
#10676 = FACE_OUTER_BOUND ( 'NONE', #6387, .T. ) ;
#10677 = EDGE_LOOP ( 'NONE', ( #10365, #2886, #3676, #2973, #7759 ) ) ;
#10678 = ORIENTED_EDGE ( 'NONE', *, *, #7267, .F. ) ;
#10679 = DIRECTION ( 'NONE',  ( 0.000000000000000000, 1.000000000000000000, 0.000000000000000000 ) ) ;
#10680 = PLANE ( 'NONE',  #10658 ) ;
#10681 = ORIENTED_EDGE ( 'NONE', *, *, #6859, .T. ) ;
#10682 = DIRECTION ( 'NONE',  ( -1.000000000000000000, -0.000000000000000000, -0.000000000000000000 ) ) ;
#10683 = ORIENTED_EDGE ( 'NONE', *, *, #8137, .T. ) ;
#10684 = CARTESIAN_POINT ( 'NONE',  ( 2.254999999999999893, 0.6800000000000001599, 0.3949999999999996292 ) ) ;
#10685 = EDGE_CURVE ( 'NONE', #10794, #786, #667, .T. ) ;
#10686 = ADVANCED_FACE ( 'NONE', ( #5994 ), #10553, .F. ) ;
#10687 = EDGE_CURVE ( 'NONE', #11237, #10673, #11202, .T. ) ;
#10688 = ORIENTED_EDGE ( 'NONE', *, *, #4157, .F. ) ;
#10689 = ORIENTED_EDGE ( 'NONE', *, *, #10192, .T. ) ;
#10690 = CARTESIAN_POINT ( 'NONE',  ( 0.1750000000000000167, 0.6910569165342941300, 2.517345373982429635 ) ) ;
#10691 = LINE ( 'NONE', #4515, #7863 ) ;
#10692 = UNCERTAINTY_MEASURE_WITH_UNIT (LENGTH_MEASURE( 1.000000000000000082E-05 ), #6755, 'distance_accuracy_value', 'NONE');
#10693 = LINE ( 'NONE', #5312, #9808 ) ;
#10694 = FACE_OUTER_BOUND ( 'NONE', #2896, .T. ) ;
#10695 = VECTOR ( 'NONE', #8205, 1000.000000000000000 ) ;
#10696 = DIRECTION ( 'NONE',  ( 1.000000000000000000, 0.000000000000000000, 1.219727444046192242E-16 ) ) ;
#10697 = VECTOR ( 'NONE', #4647, 1000.000000000000000 ) ;
#10698 = CARTESIAN_POINT ( 'NONE',  ( -0.1750000000000000167, 0.3615000000000000990, 2.125000000000000000 ) ) ;
#10699 = EDGE_CURVE ( 'NONE', #359, #1932, #1300, .T. ) ;
#10700 = ORIENTED_EDGE ( 'NONE', *, *, #4231, .T. ) ;
#10701 = CARTESIAN_POINT ( 'NONE',  ( 0.1750000000000000167, 0.6800000000000001599, 0.4949999999999995515 ) ) ;
#10702 = LINE ( 'NONE', #1581, #8731 ) ;
#10703 = DIRECTION ( 'NONE',  ( 0.000000000000000000, -3.020703136098691163E-17, 1.000000000000000000 ) ) ;
#10704 = AXIS2_PLACEMENT_3D ( 'NONE', #9194, #8346, #1185 ) ;
#10705 = DIRECTION ( 'NONE',  ( 0.000000000000000000, 0.000000000000000000, 1.000000000000000000 ) ) ;
#10706 = LINE ( 'NONE', #5976, #9308 ) ;
#10707 = LINE ( 'NONE', #1644, #2518 ) ;
#10708 = CARTESIAN_POINT ( 'NONE',  ( -1.175000000000000044, 0.6800000000000001599, 0.8249999999999999556 ) ) ;
#10709 = ORIENTED_EDGE ( 'NONE', *, *, #1863, .F. ) ;
#10710 = CARTESIAN_POINT ( 'NONE',  ( 0.3250000000000000111, 0.7250000000000001998, 2.492500000000000160 ) ) ;
#10711 = VECTOR ( 'NONE', #11675, 1000.000000000000000 ) ;
#10712 = CARTESIAN_POINT ( 'NONE',  ( 2.254999999999999449, 0.2900000000000002021, 0.8249999999999999556 ) ) ;
#10713 = AXIS2_PLACEMENT_3D ( 'NONE', #11648, #11531, #4316 ) ;
#10714 = PLANE ( 'NONE',  #10058 ) ;
#10715 = EDGE_LOOP ( 'NONE', ( #7344, #3762, #5021, #3131 ) ) ;
#10716 = ADVANCED_FACE ( 'NONE', ( #11240 ), #3137, .F. ) ;
#10717 = VERTEX_POINT ( 'NONE', #5933 ) ;
#10718 = EDGE_CURVE ( 'NONE', #5739, #3824, #722, .T. ) ;
#10719 = ORIENTED_EDGE ( 'NONE', *, *, #4476, .F. ) ;
#10720 = DIRECTION ( 'NONE',  ( 0.000000000000000000, 0.000000000000000000, -1.000000000000000000 ) ) ;
#10721 = LINE ( 'NONE', #2598, #4747 ) ;
#10722 = LINE ( 'NONE', #8940, #5800 ) ;
#10723 = VERTEX_POINT ( 'NONE', #4318 ) ;
#10724 = DIRECTION ( 'NONE',  ( 0.000000000000000000, -0.2503800040544424399, 0.9681476403781074103 ) ) ;
#10725 = ORIENTED_EDGE ( 'NONE', *, *, #7889, .F. ) ;
#10726 = VERTEX_POINT ( 'NONE', #4589 ) ;
#10727 = DIRECTION ( 'NONE',  ( 1.000000000000000000, 0.000000000000000000, -1.608608564518552898E-17 ) ) ;
#10728 = ORIENTED_EDGE ( 'NONE', *, *, #8448, .T. ) ;
#10729 = LINE ( 'NONE', #11658, #10747 ) ;
#10730 = VERTEX_POINT ( 'NONE', #4533 ) ;
#10731 = VERTEX_POINT ( 'NONE', #8258 ) ;
#10732 = DIRECTION ( 'NONE',  ( 0.000000000000000000, -1.000000000000000000, 0.000000000000000000 ) ) ;
#10733 = CARTESIAN_POINT ( 'NONE',  ( -1.841217857196018270, 0.2560200655585179730, 2.994373015991150133 ) ) ;
#10734 = VERTEX_POINT ( 'NONE', #2874 ) ;
#10735 = COLOUR_RGB ( '',1.000000000000000000, 0.8117647058823529438, 0.5019607843137254832 ) ;
#10736 = CARTESIAN_POINT ( 'NONE',  ( 0.3250000000000000111, 0.6910569165342941300, 2.517345373982429635 ) ) ;
#10737 = EDGE_CURVE ( 'NONE', #7989, #7225, #5547, .T. ) ;
#10738 = CYLINDRICAL_SURFACE ( 'NONE', #498, 0.06349999872316867966 ) ;
#10739 = ORIENTED_EDGE ( 'NONE', *, *, #10483, .T. ) ;
#10740 = DIRECTION ( 'NONE',  ( 0.000000000000000000, -1.355252715606876598E-16, 1.000000000000000000 ) ) ;
#10741 = VERTEX_POINT ( 'NONE', #9995 ) ;
#10742 = VECTOR ( 'NONE', #7906, 1000.000000000000000 ) ;
#10743 = ORIENTED_EDGE ( 'NONE', *, *, #2122, .T. ) ;
#10744 = ORIENTED_EDGE ( 'NONE', *, *, #3877, .T. ) ;
#10745 = DIRECTION ( 'NONE',  ( 0.000000000000000000, 0.000000000000000000, -1.000000000000000000 ) ) ;
#10746 = SURFACE_STYLE_FILL_AREA ( #10355 ) ;
#10747 = VECTOR ( 'NONE', #6283, 1000.000000000000000 ) ;
#10748 = CARTESIAN_POINT ( 'NONE',  ( -1.955000000000000071, 1.050000000000000044, 2.125000000000000000 ) ) ;
#10749 = PLANE ( 'NONE',  #10651 ) ;
#10750 = CARTESIAN_POINT ( 'NONE',  ( 2.254999999999999893, 0.7499999999999573674, 2.129999999999999893 ) ) ;
#10751 = FACE_OUTER_BOUND ( 'NONE', #3512, .T. ) ;
#10752 = EDGE_CURVE ( 'NONE', #2550, #856, #107, .T. ) ;
#10753 = LINE ( 'NONE', #927, #10249 ) ;
#10754 = AXIS2_PLACEMENT_3D ( 'NONE', #4925, #8529, #6752 ) ;
#10755 = EDGE_CURVE ( 'NONE', #4656, #3666, #2545, .T. ) ;
#10756 = DIRECTION ( 'NONE',  ( 6.570922257487897174E-16, -0.000000000000000000, -1.000000000000000000 ) ) ;
#10757 = DIRECTION ( 'NONE',  ( 0.000000000000000000, 0.000000000000000000, -1.000000000000000000 ) ) ;
#10758 = DIRECTION ( 'NONE',  ( 0.000000000000000000, 0.000000000000000000, -1.000000000000000000 ) ) ;
#10759 = ADVANCED_FACE ( 'NONE', ( #6479 ), #10113, .F. ) ;
#10760 = CARTESIAN_POINT ( 'NONE',  ( 1.324999999999999956, 0.6999090492244378625, 2.541666408662616394 ) ) ;
#10761 = SURFACE_SIDE_STYLE ('',( #153 ) ) ;
#10762 = DIRECTION ( 'NONE',  ( -1.000000000000000000, -0.000000000000000000, -0.000000000000000000 ) ) ;
#10763 = EDGE_CURVE ( 'NONE', #1780, #11431, #5602, .T. ) ;
#10764 = DIRECTION ( 'NONE',  ( -0.000000000000000000, -0.000000000000000000, 1.000000000000000000 ) ) ;
#10765 = CARTESIAN_POINT ( 'NONE',  ( -0.1750000000000000167, 0.4050000000000000266, -0.07499999999999942824 ) ) ;
#10766 = EDGE_CURVE ( 'NONE', #4959, #8844, #1604, .T. ) ;
#10767 = VECTOR ( 'NONE', #1324, 1000.000000000000000 ) ;
#10768 = CYLINDRICAL_SURFACE ( 'NONE', #9674, 0.1499999999999999667 ) ;
#10769 = DIRECTION ( 'NONE',  ( 6.570922257487897174E-16, -0.000000000000000000, -1.000000000000000000 ) ) ;
#10770 = ORIENTED_EDGE ( 'NONE', *, *, #3928, .T. ) ;
#10771 = EDGE_CURVE ( 'NONE', #4278, #3501, #8829, .T. ) ;
#10772 = EDGE_LOOP ( 'NONE', ( #7559, #8774, #10219, #2115 ) ) ;
#10773 = CARTESIAN_POINT ( 'NONE',  ( -0.1750000000000000167, 0.3615000000000000990, 2.125000000000000000 ) ) ;
#10774 = LINE ( 'NONE', #6164, #10060 ) ;
#10775 = CARTESIAN_POINT ( 'NONE',  ( 1.764999999999999902, 0.1250000000000003331, 2.125000000000000000 ) ) ;
#10776 = VERTEX_POINT ( 'NONE', #1103 ) ;
#10777 = CARTESIAN_POINT ( 'NONE',  ( 2.254999999999999449, 0.8000000000000001554, 0.8250000000000000666 ) ) ;
#10778 = AXIS2_PLACEMENT_3D ( 'NONE', #5898, #3984, #9517 ) ;
#10779 = CYLINDRICAL_SURFACE ( 'NONE', #3655, 0.1499999999999999667 ) ;
#10780 = ORIENTED_EDGE ( 'NONE', *, *, #10075, .T. ) ;
#10781 = DIRECTION ( 'NONE',  ( 0.000000000000000000, 1.000000000000000000, 0.000000000000000000 ) ) ;
#10782 = ORIENTED_EDGE ( 'NONE', *, *, #10354, .T. ) ;
#10783 = APPLICATION_CONTEXT ( 'automotive_design' ) ;
#10784 = VERTEX_POINT ( 'NONE', #156 ) ;
#10785 = COLOUR_RGB ( '',1.000000000000000000, 0.8117647058823529438, 0.5019607843137254832 ) ;
#10786 = DIRECTION ( 'NONE',  ( 0.000000000000000000, 0.000000000000000000, 1.000000000000000000 ) ) ;
#10787 = DIRECTION ( 'NONE',  ( 0.000000000000000000, -0.000000000000000000, -1.000000000000000000 ) ) ;
#10788 = VERTEX_POINT ( 'NONE', #2813 ) ;
#10789 = EDGE_LOOP ( 'NONE', ( #3315, #11373, #9474, #4217 ) ) ;
#10790 = CARTESIAN_POINT ( 'NONE',  ( 0.1750000000000000167, 0.7500000000000002220, 0.5949999999999996403 ) ) ;
#10791 = VECTOR ( 'NONE', #9612, 1000.000000000000227 ) ;
#10792 = ORIENTED_EDGE ( 'NONE', *, *, #3099, .F. ) ;
#10793 = DIRECTION ( 'NONE',  ( 0.000000000000000000, 1.355252715606876598E-16, -1.000000000000000000 ) ) ;
#10794 = VERTEX_POINT ( 'NONE', #8312 ) ;
#10795 = CARTESIAN_POINT ( 'NONE',  ( 0.8249999999999999556, 0.000000000000000000, 0.2250000000000005052 ) ) ;
#10796 = CARTESIAN_POINT ( 'NONE',  ( 2.254999999999999893, 0.5300000000000002487, 0.3949999999999996847 ) ) ;
#10797 = DIRECTION ( 'NONE',  ( 1.000000000000000000, 0.000000000000000000, 0.000000000000000000 ) ) ;
#10798 = VECTOR ( 'NONE', #1645, 1000.000000000000000 ) ;
#10799 = VECTOR ( 'NONE', #3355, 1000.000000000000000 ) ;
#10800 = VECTOR ( 'NONE', #9898, 1000.000000000000000 ) ;
#10801 = EDGE_LOOP ( 'NONE', ( #7719, #3281, #6037, #10728 ) ) ;
#10802 = FACE_OUTER_BOUND ( 'NONE', #978, .T. ) ;
#10803 = FACE_OUTER_BOUND ( 'NONE', #303, .T. ) ;
#10804 = ORIENTED_EDGE ( 'NONE', *, *, #11022, .F. ) ;
#10805 = DIRECTION ( 'NONE',  ( -8.531813836613377604E-32, 1.000000000000000000, -6.994852725712934186E-16 ) ) ;
#10806 = CIRCLE ( 'NONE', #9506, 0.04999999999999999584 ) ;
#10807 = AXIS2_PLACEMENT_3D ( 'NONE', #7967, #6079, #8859 ) ;
#10808 = DIRECTION ( 'NONE',  ( 0.000000000000000000, -0.4461978131098036093, 0.8949343616020276615 ) ) ;
#10809 = DIRECTION ( 'NONE',  ( 6.570922257487897174E-16, -0.000000000000000000, -1.000000000000000000 ) ) ;
#10810 = CARTESIAN_POINT ( 'NONE',  ( -1.955000000000000071, 1.050000000000000044, 2.125000000000000000 ) ) ;
#10811 = DIRECTION ( 'NONE',  ( -1.000000000000000000, -0.000000000000000000, -0.000000000000000000 ) ) ;
#10812 = LINE ( 'NONE', #7871, #10865 ) ;
#10813 = EDGE_CURVE ( 'NONE', #6955, #10886, #6422, .T. ) ;
#10814 = DIRECTION ( 'NONE',  ( 0.000000000000000000, 0.000000000000000000, -1.000000000000000000 ) ) ;
#10815 = VECTOR ( 'NONE', #10849, 1000.000000000000000 ) ;
#10816 = CARTESIAN_POINT ( 'NONE',  ( 1.665000000000000036, 0.4099999999999999756, 0.5950000000000003064 ) ) ;
#10817 = EDGE_CURVE ( 'NONE', #3809, #5242, #10054, .T. ) ;
#10818 = PRODUCT_DEFINITION_SHAPE ( 'NONE', 'NONE',  #84 ) ;
#10819 = DIRECTION ( 'NONE',  ( -1.000000000000000000, -0.000000000000000000, -0.000000000000000000 ) ) ;
#10820 = ADVANCED_FACE ( 'NONE', ( #8204 ), #6165, .F. ) ;
#10821 = EDGE_CURVE ( 'NONE', #10577, #4934, #1924, .T. ) ;
#10822 = EDGE_CURVE ( 'NONE', #321, #5379, #9786, .T. ) ;
#10823 = PLANE ( 'NONE',  #289 ) ;
#10824 = EDGE_CURVE ( 'NONE', #5793, #6116, #10604, .T. ) ;
#10825 = VECTOR ( 'NONE', #9696, 1000.000000000000000 ) ;
#10826 = VERTEX_POINT ( 'NONE', #7367 ) ;
#10827 = DIRECTION ( 'NONE',  ( 0.000000000000000000, -1.000000000000000000, 2.442094990785125153E-16 ) ) ;
#10828 = DIRECTION ( 'NONE',  ( 0.000000000000000000, 1.000000000000000000, -3.439160614977207662E-32 ) ) ;
#10829 = DIRECTION ( 'NONE',  ( -2.612209668493971121E-31, -1.000000000000000000, -5.421010862427521184E-16 ) ) ;
#10830 = ORIENTED_EDGE ( 'NONE', *, *, #9452, .T. ) ;
#10831 = LINE ( 'NONE', #10, #2105 ) ;
#10832 =( LENGTH_UNIT ( ) NAMED_UNIT ( * ) SI_UNIT ( .MILLI., .METRE. ) );
#10833 = AXIS2_PLACEMENT_3D ( 'NONE', #3530, #6249, #650 ) ;
#10834 = ORIENTED_EDGE ( 'NONE', *, *, #2060, .F. ) ;
#10835 = AXIS2_PLACEMENT_3D ( 'NONE', #3321, #6883, #5808 ) ;
#10836 = DIRECTION ( 'NONE',  ( 0.5205176042696101346, 0.000000000000000000, 0.8538509376029433939 ) ) ;
#10837 = ORIENTED_EDGE ( 'NONE', *, *, #8284, .F. ) ;
#10838 = MECHANICAL_DESIGN_GEOMETRIC_PRESENTATION_REPRESENTATION (  '', ( #9329 ), #5189 ) ;
#10839 = CARTESIAN_POINT ( 'NONE',  ( 0.1750000000000000167, 0.3749999987231322773, 2.517714491643438635 ) ) ;
#10840 = ORIENTED_EDGE ( 'NONE', *, *, #3383, .F. ) ;
#10841 = EDGE_LOOP ( 'NONE', ( #11205, #7929, #956, #3345 ) ) ;
#10842 = ORIENTED_EDGE ( 'NONE', *, *, #8220, .F. ) ;
#10843 = CARTESIAN_POINT ( 'NONE',  ( 0.3250000000000000111, 0.3615000000000000990, 2.125000000000000000 ) ) ;
#10844 = DIRECTION ( 'NONE',  ( 0.000000000000000000, 0.000000000000000000, 1.000000000000000000 ) ) ;
#10845 = ORIENTED_EDGE ( 'NONE', *, *, #4384, .T. ) ;
#10846 = AXIS2_PLACEMENT_3D ( 'NONE', #1832, #4553, #8329 ) ;
#10847 = CARTESIAN_POINT ( 'NONE',  ( -0.3250000000000000111, 0.07499999999999999722, 0.1250000000000005551 ) ) ;
#10848 = ORIENTED_EDGE ( 'NONE', *, *, #8826, .T. ) ;
#10849 = DIRECTION ( 'NONE',  ( -1.000000000000000000, -0.000000000000000000, -0.000000000000000000 ) ) ;
#10850 = ORIENTED_EDGE ( 'NONE', *, *, #3293, .T. ) ;
#10851 = EDGE_CURVE ( 'NONE', #8849, #3856, #10978, .T. ) ;
#10852 = AXIS2_PLACEMENT_3D ( 'NONE', #2934, #9267, #4773 ) ;
#10853 = FILL_AREA_STYLE_COLOUR ( '', #6551 ) ;
#10854 = ORIENTED_EDGE ( 'NONE', *, *, #5207, .F. ) ;
#10855 = CARTESIAN_POINT ( 'NONE',  ( -0.1750000000000000167, 0.3615000000000000990, 2.125000000000000000 ) ) ;
#10856 = EDGE_CURVE ( 'NONE', #11192, #10987, #3641, .T. ) ;
#10857 = DIRECTION ( 'NONE',  ( 0.000000000000000000, 3.439160614977207662E-32, 1.000000000000000000 ) ) ;
#10858 = CARTESIAN_POINT ( 'NONE',  ( -0.6750000000000000444, 0.7250000000000001998, 2.492500000000000160 ) ) ;
#10859 = CARTESIAN_POINT ( 'NONE',  ( 0.3250000000000000111, 0.3800000000000000044, -0.1749999999999994060 ) ) ;
#10860 = CARTESIAN_POINT ( 'NONE',  ( -1.665000000000000702, 0.2900000000000000910, -0.07499999999999953926 ) ) ;
#10861 = CARTESIAN_POINT ( 'NONE',  ( -0.3250000000000000111, 0.6800000000000001599, 0.8249999999999999556 ) ) ;
#10862 = CARTESIAN_POINT ( 'NONE',  ( 0.6750000000000000444, 0.6800000000000001599, 0.4949999999999995515 ) ) ;
#10863 = VECTOR ( 'NONE', #4664, 1000.000000000000000 ) ;
#10864 = CIRCLE ( 'NONE', #5766, 0.2000000000000000944 ) ;
#10865 = VECTOR ( 'NONE', #9772, 1000.000000000000000 ) ;
#10866 = LINE ( 'NONE', #5486, #620 ) ;
#10867 = FILL_AREA_STYLE_COLOUR ( '', #3634 ) ;
#10868 = CARTESIAN_POINT ( 'NONE',  ( 0.8249999999999999556, 0.6910569165342943521, 2.517345373982429635 ) ) ;
#10869 = CARTESIAN_POINT ( 'NONE',  ( 2.104999999999999982, 0.7499999999999573674, 2.124999999999999556 ) ) ;
#10870 = DIRECTION ( 'NONE',  ( -1.000000000000000000, 0.000000000000000000, 1.219727444046192242E-16 ) ) ;
#10871 = DIRECTION ( 'NONE',  ( 6.570922257487897174E-16, -0.000000000000000000, -1.000000000000000000 ) ) ;
#10872 = DIRECTION ( 'NONE',  ( 6.570922257487897174E-16, 0.000000000000000000, -1.000000000000000000 ) ) ;
#10873 = ORIENTED_EDGE ( 'NONE', *, *, #10699, .F. ) ;
#10874 = CARTESIAN_POINT ( 'NONE',  ( 1.324999999999999956, 0.07499999999999999722, 0.1250000000000005551 ) ) ;
#10875 = EDGE_CURVE ( 'NONE', #7381, #9673, #2761, .T. ) ;
#10876 = VECTOR ( 'NONE', #9863, 1000.000000000000000 ) ;
#10877 = AXIS2_PLACEMENT_3D ( 'NONE', #8979, #2689, #6301 ) ;
#10878 = VERTEX_POINT ( 'NONE', #2986 ) ;
#10879 = AXIS2_PLACEMENT_3D ( 'NONE', #1714, #4439, #9721 ) ;
#10880 = DIRECTION ( 'NONE',  ( 0.000000000000000000, 0.5735764363510453823, 0.8191520442889922426 ) ) ;
#10881 = LINE ( 'NONE', #10775, #8831 ) ;
#10882 = VERTEX_POINT ( 'NONE', #2287 ) ;
#10883 = DIRECTION ( 'NONE',  ( 0.000000000000000000, 0.000000000000000000, 1.000000000000000000 ) ) ;
#10884 = ADVANCED_FACE ( 'NONE', ( #3930 ), #5901, .F. ) ;
#10885 = CARTESIAN_POINT ( 'NONE',  ( 1.665000000000000702, 0.2900000000000000910, -0.07499999999999994171 ) ) ;
#10886 = VERTEX_POINT ( 'NONE', #8500 ) ;
#10887 = ORIENTED_EDGE ( 'NONE', *, *, #5203, .T. ) ;
#10888 = CARTESIAN_POINT ( 'NONE',  ( 0.3250000000000000111, 0.4050000000000000266, -0.07499999999999942824 ) ) ;
#10889 = DIRECTION ( 'NONE',  ( 1.000000000000000000, 0.000000000000000000, 0.000000000000000000 ) ) ;
#10890 = EDGE_CURVE ( 'NONE', #2013, #9376, #9338, .T. ) ;
#10891 = ORIENTED_EDGE ( 'NONE', *, *, #7067, .F. ) ;
#10892 = ORIENTED_EDGE ( 'NONE', *, *, #641, .F. ) ;
#10893 = FACE_OUTER_BOUND ( 'NONE', #5948, .T. ) ;
#10894 = CARTESIAN_POINT ( 'NONE',  ( 2.375000000000000444, 1.050000000000000044, 2.124999999999999556 ) ) ;
#10895 = VERTEX_POINT ( 'NONE', #10403 ) ;
#10896 = EDGE_CURVE ( 'NONE', #2165, #7457, #7670, .T. ) ;
#10897 = VECTOR ( 'NONE', #971, 1000.000000000000000 ) ;
#10898 = EDGE_CURVE ( 'NONE', #1208, #2024, #3047, .T. ) ;
#10899 = DIRECTION ( 'NONE',  ( 0.000000000000000000, 0.000000000000000000, 1.000000000000000000 ) ) ;
#10900 = VERTEX_POINT ( 'NONE', #4053 ) ;
#10901 = CARTESIAN_POINT ( 'NONE',  ( -2.104999999999999982, 0.7249999999999575673, 2.129999999999999893 ) ) ;
#10902 = VERTEX_POINT ( 'NONE', #3986 ) ;
#10903 = FILL_AREA_STYLE ('',( #10853 ) ) ;
#10904 = VERTEX_POINT ( 'NONE', #9519 ) ;
#10905 = ORIENTED_EDGE ( 'NONE', *, *, #9549, .T. ) ;
#10906 = ORIENTED_EDGE ( 'NONE', *, *, #11686, .T. ) ;
#10907 = FACE_OUTER_BOUND ( 'NONE', #1095, .T. ) ;
#10908 = EDGE_CURVE ( 'NONE', #10794, #6382, #5027, .T. ) ;
#10909 = VECTOR ( 'NONE', #3825, 1000.000000000000000 ) ;
#10910 = ORIENTED_EDGE ( 'NONE', *, *, #2649, .F. ) ;
#10911 = CARTESIAN_POINT ( 'NONE',  ( 2.104999999999999538, 1.050000000000000044, 1.149999999999277156 ) ) ;
#10912 = VERTEX_POINT ( 'NONE', #10224 ) ;
#10913 = DIRECTION ( 'NONE',  ( -1.000000000000000000, -0.000000000000000000, -0.000000000000000000 ) ) ;
#10914 = ORIENTED_EDGE ( 'NONE', *, *, #11686, .F. ) ;
#10915 = DIRECTION ( 'NONE',  ( 0.000000000000000000, -1.000000000000000000, 0.000000000000000000 ) ) ;
#10916 = ADVANCED_FACE ( 'NONE', ( #208 ), #2040, .T. ) ;
#10917 = DIRECTION ( 'NONE',  ( -0.000000000000000000, 1.000000000000000000, 4.425314989736753375E-16 ) ) ;
#10918 = ADVANCED_FACE ( 'NONE', ( #385 ), #451, .T. ) ;
#10919 = ORIENTED_EDGE ( 'NONE', *, *, #6062, .F. ) ;
#10920 = DIRECTION ( 'NONE',  ( 0.000000000000000000, -0.2503800040544424399, 0.9681476403781074103 ) ) ;
#10921 = CARTESIAN_POINT ( 'NONE',  ( 0.8249999999999999556, 0.3615000000000000990, 2.125000000000000000 ) ) ;
#10922 = CARTESIAN_POINT ( 'NONE',  ( 1.175000000000000044, 0.3800000000000000044, -0.1749999999999994060 ) ) ;
#10923 = LINE ( 'NONE', #2107, #1044 ) ;
#10924 = DIRECTION ( 'NONE',  ( -1.000000000000000000, 0.000000000000000000, -1.219727444046192242E-16 ) ) ;
#10925 = LINE ( 'NONE', #8381, #873 ) ;
#10926 = CARTESIAN_POINT ( 'NONE',  ( 2.254999999999999893, 0.000000000000000000, 2.724999999999276667 ) ) ;
#10927 = AXIS2_PLACEMENT_3D ( 'NONE', #4205, #6829, #5947 ) ;
#10928 = LINE ( 'NONE', #1219, #7032 ) ;
#10929 = DIRECTION ( 'NONE',  ( 1.000000000000000000, 0.000000000000000000, 0.000000000000000000 ) ) ;
#10930 = EDGE_CURVE ( 'NONE', #9954, #5047, #11212, .T. ) ;
#10931 = ORIENTED_EDGE ( 'NONE', *, *, #7077, .F. ) ;
#10932 = LINE ( 'NONE', #6492, #5989 ) ;
#10933 = ORIENTED_EDGE ( 'NONE', *, *, #2205, .T. ) ;
#10934 = VECTOR ( 'NONE', #6438, 1000.000000000000000 ) ;
#10935 = FACE_OUTER_BOUND ( 'NONE', #10524, .T. ) ;
#10936 = FACE_OUTER_BOUND ( 'NONE', #1166, .T. ) ;
#10937 = EDGE_LOOP ( 'NONE', ( #1501, #4565, #8288, #6364 ) ) ;
#10938 = ORIENTED_EDGE ( 'NONE', *, *, #1557, .F. ) ;
#10939 = LINE ( 'NONE', #6389, #4329 ) ;
#10940 = VERTEX_POINT ( 'NONE', #6731 ) ;
#10941 = CARTESIAN_POINT ( 'NONE',  ( -2.254999999999999893, 0.000000000000000000, 2.724999999999276667 ) ) ;
#10942 = VERTEX_POINT ( 'NONE', #1153 ) ;
#10943 = EDGE_CURVE ( 'NONE', #11313, #8521, #270, .T. ) ;
#10944 = DIRECTION ( 'NONE',  ( 1.000000000000000000, 0.000000000000000000, 0.000000000000000000 ) ) ;
#10945 = DIRECTION ( 'NONE',  ( 0.000000000000000000, 5.421010862427520198E-16, 1.000000000000000000 ) ) ;
#10946 = SURFACE_STYLE_USAGE ( .BOTH. , #1023 ) ;
#10947 = PLANE ( 'NONE',  #1628 ) ;
#10948 = EDGE_LOOP ( 'NONE', ( #5060, #5529, #445, #7895 ) ) ;
#10949 = LINE ( 'NONE', #6449, #8753 ) ;
#10950 = ORIENTED_EDGE ( 'NONE', *, *, #10471, .F. ) ;
#10951 = EDGE_CURVE ( 'NONE', #9235, #1508, #11279, .T. ) ;
#10952 = DIRECTION ( 'NONE',  ( -3.336006684570783101E-16, 0.000000000000000000, 1.000000000000000000 ) ) ;
#10953 = EDGE_CURVE ( 'NONE', #10741, #4399, #6669, .T. ) ;
#10954 = CARTESIAN_POINT ( 'NONE',  ( 1.175000000000000044, 0.8950000000000001288, 0.8249999999999999556 ) ) ;
#10955 = ORIENTED_EDGE ( 'NONE', *, *, #1428, .T. ) ;
#10956 = CARTESIAN_POINT ( 'NONE',  ( 0.3250000000000000111, 0.7250000000000001998, 2.492500000000000160 ) ) ;
#10957 = FACE_OUTER_BOUND ( 'NONE', #4615, .T. ) ;
#10958 = EDGE_CURVE ( 'NONE', #563, #7622, #4808, .T. ) ;
#10959 = ORIENTED_EDGE ( 'NONE', *, *, #6703, .F. ) ;
#10960 = EDGE_CURVE ( 'NONE', #249, #11175, #5719, .T. ) ;
#10961 = EDGE_LOOP ( 'NONE', ( #9389, #3124, #1253, #6945 ) ) ;
#10962 = PLANE ( 'NONE',  #3267 ) ;
#10963 = DIRECTION ( 'NONE',  ( 0.000000000000000000, 0.4461978131098036648, -0.8949343616020275505 ) ) ;
#10964 = STYLED_ITEM ( 'NONE', ( #6227 ), #8151 ) ;
#10965 = FACE_OUTER_BOUND ( 'NONE', #282, .T. ) ;
#10966 = ORIENTED_EDGE ( 'NONE', *, *, #9976, .F. ) ;
#10967 = VECTOR ( 'NONE', #10945, 1000.000000000000000 ) ;
#10968 = CARTESIAN_POINT ( 'NONE',  ( 0.6750000000000000444, 0.1000000000000001027, 0.1250000000000005551 ) ) ;
#10969 = ADVANCED_FACE ( 'NONE', ( #1217 ), #4848, .F. ) ;
#10970 = DIRECTION ( 'NONE',  ( -1.219727444046192242E-16, 0.000000000000000000, -1.000000000000000000 ) ) ;
#10971 = ORIENTED_EDGE ( 'NONE', *, *, #4081, .F. ) ;
#10972 = LINE ( 'NONE', #1046, #4596 ) ;
#10973 = AXIS2_PLACEMENT_3D ( 'NONE', #421, #659, #11179 ) ;
#10974 = LINE ( 'NONE', #5324, #2117 ) ;
#10975 = AXIS2_PLACEMENT_3D ( 'NONE', #5923, #9538, #1408 ) ;
#10976 = DIRECTION ( 'NONE',  ( -1.000000000000000000, 0.000000000000000000, -1.219727444046192242E-16 ) ) ;
#10977 = CARTESIAN_POINT ( 'NONE',  ( 0.1750000000000000167, 0.7250000000000001998, 2.492500000000000160 ) ) ;
#10978 = LINE ( 'NONE', #8888, #3841 ) ;
#10979 = LINE ( 'NONE', #1104, #10695 ) ;
#10980 = CARTESIAN_POINT ( 'NONE',  ( -0.6750000000000000444, 0.6910569165342943521, 2.517345373982429635 ) ) ;
#10981 = LINE ( 'NONE', #211, #7392 ) ;
#10982 = PLANE ( 'NONE',  #8750 ) ;
#10983 = AXIS2_PLACEMENT_3D ( 'NONE', #7100, #6255, #8095 ) ;
#10984 = DIRECTION ( 'NONE',  ( 0.000000000000000000, -0.8660254037844389297, 0.4999999999999993339 ) ) ;
#10985 = VECTOR ( 'NONE', #1105, 1000.000000000000000 ) ;
#10986 = AXIS2_PLACEMENT_3D ( 'NONE', #8614, #9383, #4887 ) ;
#10987 = VERTEX_POINT ( 'NONE', #5781 ) ;
#10988 = ADVANCED_FACE ( 'NONE', ( #1271 ), #3463, .F. ) ;
#10989 = LINE ( 'NONE', #2053, #11066 ) ;
#10990 = AXIS2_PLACEMENT_3D ( 'NONE', #1860, #5479, #2799 ) ;
#10991 = CARTESIAN_POINT ( 'NONE',  ( -2.254999999999999449, 1.050000000000000044, 1.149999999999277156 ) ) ;
#10992 = VERTEX_POINT ( 'NONE', #1632 ) ;
#10993 = DIRECTION ( 'NONE',  ( 0.000000000000000000, 0.000000000000000000, -1.000000000000000000 ) ) ;
#10994 = LINE ( 'NONE', #6434, #1387 ) ;
#10995 = CARTESIAN_POINT ( 'NONE',  ( 0.8249999999999999556, 0.6800000000000001599, 0.8249999999999999556 ) ) ;
#10996 = ORIENTED_EDGE ( 'NONE', *, *, #9773, .F. ) ;
#10997 = DIRECTION ( 'NONE',  ( 0.000000000000000000, -1.000000000000000000, -1.999553186960971874E-15 ) ) ;
#10998 = VECTOR ( 'NONE', #9705, 1000.000000000000000 ) ;
#10999 = CARTESIAN_POINT ( 'NONE',  ( -0.6750000000000000444, 0.4249999987231686815, 2.505000000000000338 ) ) ;
#11000 = ORIENTED_EDGE ( 'NONE', *, *, #8237, .T. ) ;
#11001 = CARTESIAN_POINT ( 'NONE',  ( -0.1750000000000000167, 0.3614999999999998215, 2.441500001276831089 ) ) ;
#11002 = FACE_OUTER_BOUND ( 'NONE', #6753, .T. ) ;
#11003 = DIRECTION ( 'NONE',  ( 0.000000000000000000, 0.000000000000000000, -1.000000000000000000 ) ) ;
#11004 = AXIS2_PLACEMENT_3D ( 'NONE', #11689, #8871, #760 ) ;
#11005 = AXIS2_PLACEMENT_3D ( 'NONE', #6590, #1970, #3858 ) ;
#11006 = MECHANICAL_DESIGN_GEOMETRIC_PRESENTATION_REPRESENTATION (  '', ( #4409 ), #2130 ) ;
#11007 = ORIENTED_EDGE ( 'NONE', *, *, #8438, .T. ) ;
#11008 = DIRECTION ( 'NONE',  ( 6.776263578034399754E-16, 0.000000000000000000, -1.000000000000000000 ) ) ;
#11009 = ORIENTED_EDGE ( 'NONE', *, *, #7645, .T. ) ;
#11010 = EDGE_CURVE ( 'NONE', #5811, #1526, #4289, .T. ) ;
#11011 = DIRECTION ( 'NONE',  ( 0.000000000000000000, -1.000000000000000000, 5.421010862427520198E-16 ) ) ;
#11012 = VECTOR ( 'NONE', #2402, 1000.000000000000000 ) ;
#11013 = DIRECTION ( 'NONE',  ( 0.000000000000000000, 1.000000000000000000, 0.000000000000000000 ) ) ;
#11014 = VECTOR ( 'NONE', #1441, 1000.000000000000000 ) ;
#11015 = EDGE_LOOP ( 'NONE', ( #8758, #8600, #6447, #352 ) ) ;
#11016 = CARTESIAN_POINT ( 'NONE',  ( -0.1750000000000000167, 0.08000000000000001554, -0.1749999999999994893 ) ) ;
#11017 = CARTESIAN_POINT ( 'NONE',  ( -0.3250000000000000111, 0.4249999987231686815, 2.505000000000000338 ) ) ;
#11018 = EDGE_LOOP ( 'NONE', ( #5636, #4632, #1958, #5946 ) ) ;
#11019 = STYLED_ITEM ( 'NONE', ( #3211 ), #4323 ) ;
#11020 = ORIENTED_EDGE ( 'NONE', *, *, #8599, .T. ) ;
#11021 = PLANE ( 'NONE',  #7996 ) ;
#11022 = EDGE_CURVE ( 'NONE', #351, #7114, #6076, .T. ) ;
#11023 = EDGE_LOOP ( 'NONE', ( #9415, #3900, #5875, #1091 ) ) ;
#11024 = VECTOR ( 'NONE', #11633, 1000.000000000000000 ) ;
#11025 = LINE ( 'NONE', #147, #986 ) ;
#11026 = ORIENTED_EDGE ( 'NONE', *, *, #3729, .T. ) ;
#11027 = EDGE_CURVE ( 'NONE', #5116, #9834, #9641, .T. ) ;
#11028 = AXIS2_PLACEMENT_3D ( 'NONE', #3064, #10183, #287 ) ;
#11029 = VECTOR ( 'NONE', #10368, 1000.000000000000000 ) ;
#11030 = ORIENTED_EDGE ( 'NONE', *, *, #2932, .F. ) ;
#11031 = AXIS2_PLACEMENT_3D ( 'NONE', #8505, #11284, #391 ) ;
#11032 = ADVANCED_FACE ( 'NONE', ( #6851 ), #9698, .F. ) ;
#11033 = LINE ( 'NONE', #2929, #996 ) ;
#11034 = LINE ( 'NONE', #938, #6245 ) ;
#11035 = FACE_OUTER_BOUND ( 'NONE', #11365, .T. ) ;
#11036 = DIRECTION ( 'NONE',  ( -0.000000000000000000, -1.000000000000000000, -0.000000000000000000 ) ) ;
#11037 = EDGE_CURVE ( 'NONE', #2194, #6220, #9728, .T. ) ;
#11038 = DIRECTION ( 'NONE',  ( 0.000000000000000000, -3.020703136098691163E-17, 1.000000000000000000 ) ) ;
#11039 = ADVANCED_FACE ( 'NONE', ( #3352 ), #5259, .F. ) ;
#11040 = CARTESIAN_POINT ( 'NONE',  ( -1.855000000000000870, 0.2417384683690006197, 3.025000000000000355 ) ) ;
#11041 = ADVANCED_FACE ( 'NONE', ( #7085 ), #6139, .T. ) ;
#11042 = CARTESIAN_POINT ( 'NONE',  ( 0.1750000000000000167, 0.3615000000000000990, 2.125000000000000000 ) ) ;
#11043 = DIRECTION ( 'NONE',  ( 1.000000000000000000, 0.000000000000000000, 0.000000000000000000 ) ) ;
#11044 = VECTOR ( 'NONE', #9881, 1000.000000000000000 ) ;
#11045 = CARTESIAN_POINT ( 'NONE',  ( -0.1750000000000000167, 8.735352324927245566E-18, 0.1500000000000005496 ) ) ;
#11046 = FACE_OUTER_BOUND ( 'NONE', #3075, .T. ) ;
#11047 = ORIENTED_EDGE ( 'NONE', *, *, #4476, .T. ) ;
#11048 = FACE_OUTER_BOUND ( 'NONE', #294, .T. ) ;
#11049 = DIRECTION ( 'NONE',  ( 0.000000000000000000, -0.000000000000000000, 1.000000000000000000 ) ) ;
#11050 = EDGE_CURVE ( 'NONE', #8560, #2043, #7964, .T. ) ;
#11051 = ORIENTED_EDGE ( 'NONE', *, *, #7990, .T. ) ;
#11052 = CARTESIAN_POINT ( 'NONE',  ( -2.254999999999999449, 0.7500000000000002220, 0.2950000000000000400 ) ) ;
#11053 = VECTOR ( 'NONE', #3815, 1000.000000000000000 ) ;
#11054 = VECTOR ( 'NONE', #1317, 1000.000000000000000 ) ;
#11055 = EDGE_LOOP ( 'NONE', ( #9001, #5310, #5991, #3552, #1192, #4611, #5696, #6999, #8937, #2274, #8545 ) ) ;
#11056 = LINE ( 'NONE', #123, #9361 ) ;
#11057 = EDGE_LOOP ( 'NONE', ( #3688, #3361, #10315, #9575 ) ) ;
#11058 = DIRECTION ( 'NONE',  ( -1.000000000000000000, -0.000000000000000000, -0.000000000000000000 ) ) ;
#11059 = VECTOR ( 'NONE', #5482, 1000.000000000000000 ) ;
#11060 = DIRECTION ( 'NONE',  ( -0.000000000000000000, 0.7071067811865457964, 0.7071067811865492381 ) ) ;
#11061 = ORIENTED_EDGE ( 'NONE', *, *, #11405, .F. ) ;
#11062 = DIRECTION ( 'NONE',  ( 0.000000000000000000, 0.000000000000000000, -1.000000000000000000 ) ) ;
#11063 = CARTESIAN_POINT ( 'NONE',  ( 0.6750000000000000444, 0.8950000000000001288, 0.8249999999999999556 ) ) ;
#11064 = DIRECTION ( 'NONE',  ( 0.4581228472908511207, 4.818676322157795403E-16, -0.8888888888888889506 ) ) ;
#11065 =( NAMED_UNIT ( * ) PLANE_ANGLE_UNIT ( ) SI_UNIT ( $, .RADIAN. ) );
#11066 = VECTOR ( 'NONE', #1934, 1000.000000000000000 ) ;
#11067 = VERTEX_POINT ( 'NONE', #636 ) ;
#11068 = ORIENTED_EDGE ( 'NONE', *, *, #11165, .T. ) ;
#11069 = PLANE ( 'NONE',  #11415 ) ;
#11070 = ORIENTED_EDGE ( 'NONE', *, *, #7872, .F. ) ;
#11071 = FACE_OUTER_BOUND ( 'NONE', #8644, .T. ) ;
#11072 = ORIENTED_EDGE ( 'NONE', *, *, #892, .F. ) ;
#11073 = LINE ( 'NONE', #1967, #4450 ) ;
#11074 = EDGE_LOOP ( 'NONE', ( #7784, #8222, #1500, #5705 ) ) ;
#11075 = DIRECTION ( 'NONE',  ( 0.000000000000000000, 0.000000000000000000, -1.000000000000000000 ) ) ;
#11076 = EDGE_CURVE ( 'NONE', #10895, #2558, #6130, .T. ) ;
#11077 = VERTEX_POINT ( 'NONE', #4228 ) ;
#11078 = DIRECTION ( 'NONE',  ( -1.000000000000000000, -0.000000000000000000, -0.000000000000000000 ) ) ;
#11079 = CARTESIAN_POINT ( 'NONE',  ( -1.955000000000000071, 0.05000000000000012768, 3.025000000000000355 ) ) ;
#11080 = ORIENTED_EDGE ( 'NONE', *, *, #10475, .T. ) ;
#11081 =( NAMED_UNIT ( * ) SI_UNIT ( $, .STERADIAN. ) SOLID_ANGLE_UNIT ( ) );
#11082 = LINE ( 'NONE', #2803, #11455 ) ;
#11083 = MECHANICAL_DESIGN_GEOMETRIC_PRESENTATION_REPRESENTATION (  '', ( #2585 ), #4485 ) ;
#11084 = VERTEX_POINT ( 'NONE', #1577 ) ;
#11085 = CARTESIAN_POINT ( 'NONE',  ( -0.8249999999999999556, 0.6800000000000001599, 0.4949999999999995515 ) ) ;
#11086 = LINE ( 'NONE', #10221, #6096 ) ;
#11087 = DIRECTION ( 'NONE',  ( 0.000000000000000000, 0.000000000000000000, 1.000000000000000000 ) ) ;
#11088 = EDGE_CURVE ( 'NONE', #5001, #8225, #9817, .T. ) ;
#11089 = CARTESIAN_POINT ( 'NONE',  ( -1.764999999999999902, 0.7250000000000001998, 1.525000000000000355 ) ) ;
#11090 = CARTESIAN_POINT ( 'NONE',  ( 1.449999999999999956, 0.6100000000000000977, -0.2050000000000008205 ) ) ;
#11091 = CARTESIAN_POINT ( 'NONE',  ( 0.6750000000000000444, 0.6800000000000001599, 0.5949999999999996403 ) ) ;
#11092 = LINE ( 'NONE', #3758, #5151 ) ;
#11093 = CARTESIAN_POINT ( 'NONE',  ( -0.3250000000000000111, 0.7408666514389177227, 2.512987586845043531 ) ) ;
#11094 = CARTESIAN_POINT ( 'NONE',  ( 2.055000000000000604, 1.050000000000000044, -0.07499999999999998335 ) ) ;
#11095 = EDGE_CURVE ( 'NONE', #6814, #1719, #1690, .T. ) ;
#11096 = ADVANCED_FACE ( 'NONE', ( #4112 ), #7855, .F. ) ;
#11097 = EDGE_CURVE ( 'NONE', #4131, #6814, #8803, .T. ) ;
#11098 = CARTESIAN_POINT ( 'NONE',  ( 2.104999999999999538, 0.8150000000000001688, 0.7606385001764813802 ) ) ;
#11099 = CARTESIAN_POINT ( 'NONE',  ( 0.8249999999999999556, 0.6865523705165764712, 2.440090270110382598 ) ) ;
#11100 = EDGE_LOOP ( 'NONE', ( #5216, #8700, #7535, #3344 ) ) ;
#11101 = EDGE_CURVE ( 'NONE', #7762, #6841, #7791, .T. ) ;
#11102 = CARTESIAN_POINT ( 'NONE',  ( -2.104999999999999982, 1.025000000000116707, 1.799999999999277289 ) ) ;
#11103 = CARTESIAN_POINT ( 'NONE',  ( 2.254999999999999893, 2.846030702774449139E-16, 2.224999999999276667 ) ) ;
#11104 = EDGE_LOOP ( 'NONE', ( #5, #1618, #10387, #193, #10625, #6457 ) ) ;
#11105 = CARTESIAN_POINT ( 'NONE',  ( -2.104999999999999982, 0.7249999999999575673, 2.129999999999999893 ) ) ;
#11106 = ORIENTED_EDGE ( 'NONE', *, *, #8212, .F. ) ;
#11107 = DIRECTION ( 'NONE',  ( -0.000000000000000000, -0.000000000000000000, -1.000000000000000000 ) ) ;
#11108 = ORIENTED_EDGE ( 'NONE', *, *, #4544, .T. ) ;
#11109 = EDGE_CURVE ( 'NONE', #9913, #4128, #1463, .T. ) ;
#11110 = DIRECTION ( 'NONE',  ( 7.228014483236697541E-16, 7.228014483236697541E-16, -1.000000000000000000 ) ) ;
#11111 = ORIENTED_EDGE ( 'NONE', *, *, #4519, .F. ) ;
#11112 = EDGE_LOOP ( 'NONE', ( #9856, #7049, #2410, #7118, #955, #8608 ) ) ;
#11113 = LINE ( 'NONE', #9187, #1191 ) ;
#11114 = CARTESIAN_POINT ( 'NONE',  ( 2.254999999999999893, 0.09044228633934747741, 2.158349364905389312 ) ) ;
#11115 = VECTOR ( 'NONE', #1084, 1000.000000000000000 ) ;
#11116 = VERTEX_POINT ( 'NONE', #11459 ) ;
#11117 = ORIENTED_EDGE ( 'NONE', *, *, #2465, .T. ) ;
#11118 = CLOSED_SHELL ( 'NONE', ( #7962, #3573, #5533, #6880, #5130, #4906, #8996, #8133, #9157 ) ) ;
#11119 = CARTESIAN_POINT ( 'NONE',  ( -2.104999999999999538, 0.9000000000000002442, 0.8249999999999996225 ) ) ;
#11120 = ORIENTED_EDGE ( 'NONE', *, *, #8946, .F. ) ;
#11121 = LINE ( 'NONE', #307, #612 ) ;
#11122 = ORIENTED_EDGE ( 'NONE', *, *, #626, .F. ) ;
#11123 = DIRECTION ( 'NONE',  ( 1.000000000000000000, 0.000000000000000000, -0.000000000000000000 ) ) ;
#11124 = CARTESIAN_POINT ( 'NONE',  ( 0.1750000000000000167, 0.8950000000000001288, 0.8249999999999999556 ) ) ;
#11125 = ORIENTED_EDGE ( 'NONE', *, *, #3438, .F. ) ;
#11126 = ORIENTED_EDGE ( 'NONE', *, *, #4087, .F. ) ;
#11127 = DIRECTION ( 'NONE',  ( 0.000000000000000000, 0.000000000000000000, 1.000000000000000000 ) ) ;
#11128 = FACE_OUTER_BOUND ( 'NONE', #11023, .T. ) ;
#11129 = VERTEX_POINT ( 'NONE', #575 ) ;
#11130 = PLANE ( 'NONE',  #8134 ) ;
#11131 = ORIENTED_EDGE ( 'NONE', *, *, #2576, .T. ) ;
#11132 = DIRECTION ( 'NONE',  ( 0.000000000000000000, 1.000000000000000000, -0.000000000000000000 ) ) ;
#11133 = ORIENTED_EDGE ( 'NONE', *, *, #7481, .F. ) ;
#11134 = VECTOR ( 'NONE', #7288, 1000.000000000000000 ) ;
#11135 = EDGE_CURVE ( 'NONE', #6106, #5566, #6917, .T. ) ;
#11136 =( NAMED_UNIT ( * ) SI_UNIT ( $, .STERADIAN. ) SOLID_ANGLE_UNIT ( ) );
#11137 = ORIENTED_EDGE ( 'NONE', *, *, #4851, .T. ) ;
#11138 = FACE_OUTER_BOUND ( 'NONE', #11015, .T. ) ;
#11139 = LINE ( 'NONE', #8564, #4000 ) ;
#11140 = FILL_AREA_STYLE ('',( #10164 ) ) ;
#11141 = CARTESIAN_POINT ( 'NONE',  ( 2.500000000000000444, 0.05000000000000012768, 2.124999999999999556 ) ) ;
#11142 = PLANE ( 'NONE',  #8605 ) ;
#11143 = CARTESIAN_POINT ( 'NONE',  ( 2.254999999999999449, 0.2900000000000002021, 0.8249999999999999556 ) ) ;
#11144 = LINE ( 'NONE', #5782, #4653 ) ;
#11145 = AXIS2_PLACEMENT_3D ( 'NONE', #1426, #10607, #4260 ) ;
#11146 = DIRECTION ( 'NONE',  ( 0.000000000000000000, -0.5735764363510453823, -0.8191520442889923537 ) ) ;
#11147 = DIRECTION ( 'NONE',  ( 1.000000000000000000, 0.000000000000000000, 0.000000000000000000 ) ) ;
#11148 = PLANE ( 'NONE',  #6696 ) ;
#11149 = EDGE_CURVE ( 'NONE', #2371, #8725, #8029, .T. ) ;
#11150 = CARTESIAN_POINT ( 'NONE',  ( -0.3250000000000000111, 1.792020331853238969E-17, 0.2250000000000005329 ) ) ;
#11151 = CIRCLE ( 'NONE', #2298, 0.2000000000000000944 ) ;
#11152 = VECTOR ( 'NONE', #10237, 1000.000000000000000 ) ;
#11153 = DIRECTION ( 'NONE',  ( 1.000000000000000000, 0.000000000000000000, 0.000000000000000000 ) ) ;
#11154 = PRESENTATION_STYLE_ASSIGNMENT (( #11222 ) ) ;
#11155 = DIRECTION ( 'NONE',  ( -1.000000000000000000, 0.000000000000000000, -0.000000000000000000 ) ) ;
#11156 = VERTEX_POINT ( 'NONE', #7133 ) ;
#11157 = DIRECTION ( 'NONE',  ( 1.148519250514307542E-16, -0.000000000000000000, 1.000000000000000000 ) ) ;
#11158 = DIRECTION ( 'NONE',  ( 0.000000000000000000, 0.000000000000000000, 1.000000000000000000 ) ) ;
#11159 = ADVANCED_FACE ( 'NONE', ( #10751 ), #2630, .F. ) ;
#11160 = VERTEX_POINT ( 'NONE', #814 ) ;
#11161 = DIRECTION ( 'NONE',  ( 0.000000000000000000, 1.000000000000000000, 2.710505431213761085E-16 ) ) ;
#11162 = CARTESIAN_POINT ( 'NONE',  ( -1.175000000000000044, 0.7250000000000001998, 2.492500000000000160 ) ) ;
#11163 = VECTOR ( 'NONE', #817, 1000.000000000000000 ) ;
#11165 = EDGE_CURVE ( 'NONE', #10886, #9748, #9923, .T. ) ;
#11164 = EDGE_LOOP ( 'NONE', ( #10025, #2556, #4979, #11009 ) ) ;
#11166 = AXIS2_PLACEMENT_3D ( 'NONE', #3229, #5971, #4970 ) ;
#11167 = DIRECTION ( 'NONE',  ( 0.5547001962252284812, 6.014071578255292344E-16, -0.8320502943378441651 ) ) ;
#11168 = EDGE_LOOP ( 'NONE', ( #1726, #3609, #3834, #6501 ) ) ;
#11169 = VERTEX_POINT ( 'NONE', #6606 ) ;
#11170 = ADVANCED_FACE ( 'NONE', ( #279 ), #1224, .F. ) ;
#11171 = EDGE_CURVE ( 'NONE', #5596, #864, #8318, .T. ) ;
#11172 = CARTESIAN_POINT ( 'NONE',  ( -0.3250000000000000111, 0.4249999987231686815, 2.505000000000000338 ) ) ;
#11173 = VECTOR ( 'NONE', #10214, 999.9999999999998863 ) ;
#11174 = ORIENTED_EDGE ( 'NONE', *, *, #4081, .T. ) ;
#11175 = VERTEX_POINT ( 'NONE', #2114 ) ;
#11176 = CARTESIAN_POINT ( 'NONE',  ( 2.104999999999999538, 0.5329422863405998134, 0.2449999999999999956 ) ) ;
#11177 = CARTESIAN_POINT ( 'NONE',  ( 1.324999999999999956, 0.3614999999999998215, 2.441500001276831089 ) ) ;
#11178 = EDGE_CURVE ( 'NONE', #5858, #190, #6894, .T. ) ;
#11179 = DIRECTION ( 'NONE',  ( 0.000000000000000000, 0.000000000000000000, -1.000000000000000000 ) ) ;
#11180 = VECTOR ( 'NONE', #5659, 1000.000000000000000 ) ;
#11181 = EDGE_CURVE ( 'NONE', #11234, #5949, #4784, .T. ) ;
#11182 = VECTOR ( 'NONE', #1756, 1000.000000000000000 ) ;
#11183 = CARTESIAN_POINT ( 'NONE',  ( -0.6750000000000000444, 0.07499999999999999722, 0.1250000000000005551 ) ) ;
#11184 = LINE ( 'NONE', #7761, #9497 ) ;
#11185 = ORIENTED_EDGE ( 'NONE', *, *, #8089, .F. ) ;
#11186 = LINE ( 'NONE', #6895, #11012 ) ;
#11187 = ORIENTED_EDGE ( 'NONE', *, *, #11149, .F. ) ;
#11188 = PLANE ( 'NONE',  #1293 ) ;
#11189 = CARTESIAN_POINT ( 'NONE',  ( -1.174999999999999822, 0.8950000000000001288, 0.4949999999999995515 ) ) ;
#11190 = VERTEX_POINT ( 'NONE', #8389 ) ;
#11191 = AXIS2_PLACEMENT_3D ( 'NONE', #7242, #9983, #11571 ) ;
#11192 = VERTEX_POINT ( 'NONE', #9409 ) ;
#11193 = DIRECTION ( 'NONE',  ( 1.000000000000000000, 0.000000000000000000, 0.000000000000000000 ) ) ;
#11194 = DIRECTION ( 'NONE',  ( 1.000000000000000000, 0.000000000000000000, 0.000000000000000000 ) ) ;
#11195 = MECHANICAL_DESIGN_GEOMETRIC_PRESENTATION_REPRESENTATION (  '', ( #8361 ), #1379 ) ;
#11196 = EDGE_CURVE ( 'NONE', #1883, #3324, #5913, .T. ) ;
#11197 = CARTESIAN_POINT ( 'NONE',  ( 2.104999999999999538, 1.050000000000000044, 1.149999999999277156 ) ) ;
#11198 = ORIENTED_EDGE ( 'NONE', *, *, #2233, .F. ) ;
#11199 = FACE_OUTER_BOUND ( 'NONE', #903, .T. ) ;
#11200 = ORIENTED_EDGE ( 'NONE', *, *, #8371, .T. ) ;
#11201 = AXIS2_PLACEMENT_3D ( 'NONE', #3638, #105, #10109 ) ;
#11202 = CIRCLE ( 'NONE', #6117, 0.1000000000000002554 ) ;
#11203 = ADVANCED_FACE ( 'NONE', ( #338 ), #8576, .T. ) ;
#11204 = VECTOR ( 'NONE', #4067, 1000.000000000000000 ) ;
#11205 = ORIENTED_EDGE ( 'NONE', *, *, #4837, .T. ) ;
#11206 = ORIENTED_EDGE ( 'NONE', *, *, #5265, .F. ) ;
#11207 = LINE ( 'NONE', #10578, #10366 ) ;
#11208 = CARTESIAN_POINT ( 'NONE',  ( -2.254999999999999449, 0.9000000000000002442, 0.8250000000000005107 ) ) ;
#11209 = AXIS2_PLACEMENT_3D ( 'NONE', #10510, #6642, #3960 ) ;
#11210 = PLANE ( 'NONE',  #5869 ) ;
#11211 = CARTESIAN_POINT ( 'NONE',  ( -0.1750000000000000167, 0.7408666514389177227, 2.512987586845043531 ) ) ;
#11212 = LINE ( 'NONE', #5656, #3090 ) ;
#11213 = VECTOR ( 'NONE', #3404, 1000.000000000000000 ) ;
#11214 = LINE ( 'NONE', #6671, #977 ) ;
#11215 = PLANE ( 'NONE',  #6439 ) ;
#11216 = VECTOR ( 'NONE', #9778, 1000.000000000000000 ) ;
#11217 = DIRECTION ( 'NONE',  ( -1.000000000000000000, 0.000000000000000000, 4.818676322157796389E-16 ) ) ;
#11218 = UNCERTAINTY_MEASURE_WITH_UNIT (LENGTH_MEASURE( 1.000000000000000082E-05 ), #4303, 'distance_accuracy_value', 'NONE');
#11219 = CARTESIAN_POINT ( 'NONE',  ( 1.325000000000000178, 0.6800000000000001599, 0.4949999999999995515 ) ) ;
#11220 = CIRCLE ( 'NONE', #4816, 0.06499999999997957412 ) ;
#11221 = LINE ( 'NONE', #9276, #6907 ) ;
#11222 = SURFACE_STYLE_USAGE ( .BOTH. , #8319 ) ;
#11223 = EDGE_LOOP ( 'NONE', ( #9140, #17, #11271, #9593 ) ) ;
#11224 = DIRECTION ( 'NONE',  ( -1.000000000000000000, -0.000000000000000000, -0.000000000000000000 ) ) ;
#11225 = CARTESIAN_POINT ( 'NONE',  ( -0.8249999999999999556, 8.735352324927245566E-18, 0.1500000000000005496 ) ) ;
#11226 = FACE_OUTER_BOUND ( 'NONE', #9036, .T. ) ;
#11227 = CARTESIAN_POINT ( 'NONE',  ( -1.324999999999999956, 0.08000000000000000167, -0.1749999999999994893 ) ) ;
#11228 = LINE ( 'NONE', #344, #5012 ) ;
#11229 = VERTEX_POINT ( 'NONE', #9531 ) ;
#11230 = ORIENTED_EDGE ( 'NONE', *, *, #5829, .F. ) ;
#11231 = VECTOR ( 'NONE', #5921, 1000.000000000000000 ) ;
#11232 = CARTESIAN_POINT ( 'NONE',  ( 1.324999999999999956, 0.3615000000000000990, 2.125000000000000000 ) ) ;
#11233 = ORIENTED_EDGE ( 'NONE', *, *, #11413, .T. ) ;
#11234 = VERTEX_POINT ( 'NONE', #7615 ) ;
#11235 = DIRECTION ( 'NONE',  ( 0.000000000000000000, 0.000000000000000000, 1.000000000000000000 ) ) ;
#11236 = VECTOR ( 'NONE', #11107, 1000.000000000000000 ) ;
#11237 = VERTEX_POINT ( 'NONE', #10175 ) ;
#11238 = VECTOR ( 'NONE', #3794, 1000.000000000000000 ) ;
#11239 = VECTOR ( 'NONE', #10166, 1000.000000000000000 ) ;
#11241 = DIRECTION ( 'NONE',  ( 0.000000000000000000, -0.7071067811865457964, -0.7071067811865492381 ) ) ;
#11240 = FACE_OUTER_BOUND ( 'NONE', #10194, .T. ) ;
#11242 = ADVANCED_FACE ( 'NONE', ( #3887 ), #7679, .F. ) ;
#11243 = CARTESIAN_POINT ( 'NONE',  ( -1.175000000000000044, 0.000000000000000000, 0.2250000000000005052 ) ) ;
#11244 = ADVANCED_FACE ( 'NONE', ( #4060 ), #10232, .F. ) ;
#11245 =( NAMED_UNIT ( * ) SI_UNIT ( $, .STERADIAN. ) SOLID_ANGLE_UNIT ( ) );
#11246 = EDGE_LOOP ( 'NONE', ( #1431, #1968, #894, #6701, #6782, #316, #4103, #7514, #9312, #4958, #6594 ) ) ;
#11247 = EDGE_LOOP ( 'NONE', ( #7302, #2918, #9804, #4269 ) ) ;
#11248 = ORIENTED_EDGE ( 'NONE', *, *, #4438, .T. ) ;
#11249 = AXIS2_PLACEMENT_3D ( 'NONE', #4741, #4814, #2966 ) ;
#11250 = DIRECTION ( 'NONE',  ( 0.000000000000000000, -5.421010862427520198E-16, -1.000000000000000000 ) ) ;
#11251 = EDGE_CURVE ( 'NONE', #9544, #10784, #4712, .T. ) ;
#11252 = VERTEX_POINT ( 'NONE', #6555 ) ;
#11253 = EDGE_CURVE ( 'NONE', #8423, #6123, #8450, .T. ) ;
#11254 = CARTESIAN_POINT ( 'NONE',  ( -0.3250000000000000111, 0.1000000000000001305, -0.07500000000000003886 ) ) ;
#11255 = ORIENTED_EDGE ( 'NONE', *, *, #8811, .F. ) ;
#11256 = CARTESIAN_POINT ( 'NONE',  ( 1.665000000000000924, 0.4099999999999999756, 0.8249999999999999556 ) ) ;
#11257 = ORIENTED_EDGE ( 'NONE', *, *, #4598, .T. ) ;
#11258 = ADVANCED_FACE ( 'NONE', ( #6678 ), #7500, .T. ) ;
#11259 = ORIENTED_EDGE ( 'NONE', *, *, #3788, .T. ) ;
#11260 = ORIENTED_EDGE ( 'NONE', *, *, #4992, .T. ) ;
#11261 = DIRECTION ( 'NONE',  ( 0.000000000000000000, 0.000000000000000000, 1.000000000000000000 ) ) ;
#11262 = CARTESIAN_POINT ( 'NONE',  ( 2.049999999999999822, 0.9500000000000002887, -0.2150000000000011624 ) ) ;
#11263 = VECTOR ( 'NONE', #1521, 1000.000000000000000 ) ;
#11264 = AXIS2_PLACEMENT_3D ( 'NONE', #6367, #9822, #5380 ) ;
#11265 = LINE ( 'NONE', #680, #2139 ) ;
#11266 = PLANE ( 'NONE',  #8524 ) ;
#11267 = LINE ( 'NONE', #2343, #10136 ) ;
#11268 = ORIENTED_EDGE ( 'NONE', *, *, #7675, .F. ) ;
#11269 = FACE_OUTER_BOUND ( 'NONE', #10546, .T. ) ;
#11270 = ORIENTED_EDGE ( 'NONE', *, *, #10821, .T. ) ;
#11271 = ORIENTED_EDGE ( 'NONE', *, *, #7940, .F. ) ;
#11272 = EDGE_CURVE ( 'NONE', #10673, #8189, #11221, .T. ) ;
#11273 = ORIENTED_EDGE ( 'NONE', *, *, #7640, .F. ) ;
#11274 = CARTESIAN_POINT ( 'NONE',  ( 0.8250000000000001776, 0.6800000000000001599, 0.4949999999999995515 ) ) ;
#11275 = CARTESIAN_POINT ( 'NONE',  ( 1.449999999999999956, 0.5599999999999999423, -0.5050000000000004485 ) ) ;
#11276 = VECTOR ( 'NONE', #4903, 1000.000000000000000 ) ;
#11277 = CARTESIAN_POINT ( 'NONE',  ( -0.6750000000000000444, 0.4249999987231686815, 2.505000000000000338 ) ) ;
#11278 = DIRECTION ( 'NONE',  ( -1.000000000000000000, -0.000000000000000000, -0.000000000000000000 ) ) ;
#11279 = LINE ( 'NONE', #3814, #5196 ) ;
#11280 = SURFACE_STYLE_USAGE ( .BOTH. , #1330 ) ;
#11281 = DIRECTION ( 'NONE',  ( 1.000000000000000000, 0.000000000000000000, 0.000000000000000000 ) ) ;
#11282 = CARTESIAN_POINT ( 'NONE',  ( 2.049999999999999822, 1.050000000000000044, -0.3150000000000003908 ) ) ;
#11283 = DIRECTION ( 'NONE',  ( 0.000000000000000000, 0.000000000000000000, -1.000000000000000000 ) ) ;
#11284 = DIRECTION ( 'NONE',  ( -1.000000000000000000, -0.000000000000000000, -0.000000000000000000 ) ) ;
#11285 = DIRECTION ( 'NONE',  ( 0.000000000000000000, -0.000000000000000000, -1.000000000000000000 ) ) ;
#11286 = CARTESIAN_POINT ( 'NONE',  ( 0.3250000000000000111, 0.08000000000000000167, -0.1749999999999994893 ) ) ;
#11287 = ORIENTED_EDGE ( 'NONE', *, *, #8072, .F. ) ;
#11288 = DIRECTION ( 'NONE',  ( 0.000000000000000000, 0.000000000000000000, -1.000000000000000000 ) ) ;
#11289 = CARTESIAN_POINT ( 'NONE',  ( 2.049999999999999822, 0.8950000000000001288, 0.5327497731395587355 ) ) ;
#11290 = DIRECTION ( 'NONE',  ( 1.000000000000000000, 0.000000000000000000, 0.000000000000000000 ) ) ;
#11291 = VECTOR ( 'NONE', #2325, 1000.000000000000000 ) ;
#11292 = DIRECTION ( 'NONE',  ( 1.000000000000000000, 0.000000000000000000, 0.000000000000000000 ) ) ;
#11293 = DIRECTION ( 'NONE',  ( -0.000000000000000000, 1.000000000000000000, -0.000000000000000000 ) ) ;
#11294 = ORIENTED_EDGE ( 'NONE', *, *, #4190, .T. ) ;
#11295 = DIRECTION ( 'NONE',  ( -1.000000000000000000, 0.000000000000000000, 0.000000000000000000 ) ) ;
#11296 = ORIENTED_EDGE ( 'NONE', *, *, #9627, .T. ) ;
#11297 = VERTEX_POINT ( 'NONE', #1160 ) ;
#11298 = CARTESIAN_POINT ( 'NONE',  ( -1.850000000000000089, 1.050000000000000044, -0.8049999999999989386 ) ) ;
#11299 = ORIENTED_EDGE ( 'NONE', *, *, #412, .T. ) ;
#11300 = ORIENTED_EDGE ( 'NONE', *, *, #8663, .F. ) ;
#11301 = DIRECTION ( 'NONE',  ( 0.000000000000000000, -0.000000000000000000, -1.000000000000000000 ) ) ;
#11302 = ORIENTED_EDGE ( 'NONE', *, *, #5309, .T. ) ;
#11303 = DIRECTION ( 'NONE',  ( -1.000000000000000000, -0.000000000000000000, -0.000000000000000000 ) ) ;
#11304 = EDGE_LOOP ( 'NONE', ( #4870, #4577, #776, #6635 ) ) ;
#11305 = VERTEX_POINT ( 'NONE', #11098 ) ;
#11306 = AXIS2_PLACEMENT_3D ( 'NONE', #10496, #60, #833 ) ;
#11307 = CYLINDRICAL_SURFACE ( 'NONE', #6453, 0.02499999999999991118 ) ;
#11308 = ORIENTED_EDGE ( 'NONE', *, *, #177, .F. ) ;
#11309 = DIRECTION ( 'NONE',  ( 0.000000000000000000, -0.2503800040544424399, 0.9681476403781074103 ) ) ;
#11310 = ORIENTED_EDGE ( 'NONE', *, *, #7550, .F. ) ;
#11311 = FACE_OUTER_BOUND ( 'NONE', #6807, .T. ) ;
#11312 = ORIENTED_EDGE ( 'NONE', *, *, #1511, .T. ) ;
#11313 = VERTEX_POINT ( 'NONE', #2993 ) ;
#11314 = DIRECTION ( 'NONE',  ( 0.000000000000000000, -0.5735764363510453823, -0.8191520442889923537 ) ) ;
#11315 = FACE_OUTER_BOUND ( 'NONE', #9619, .T. ) ;
#11316 = ADVANCED_FACE ( 'NONE', ( #5729 ), #9346, .F. ) ;
#11317 = DIRECTION ( 'NONE',  ( 0.000000000000000000, -1.000000000000000000, 0.000000000000000000 ) ) ;
#11318 = EDGE_CURVE ( 'NONE', #2281, #4194, #5724, .T. ) ;
#11319 = CARTESIAN_POINT ( 'NONE',  ( -1.175000000000000044, 0.6865523705165764712, 2.440090270110382598 ) ) ;
#11320 = CARTESIAN_POINT ( 'NONE',  ( 2.049999999999999822, 0.6800000000000001599, 0.4449999999999996736 ) ) ;
#11321 = ORIENTED_EDGE ( 'NONE', *, *, #9452, .F. ) ;
#11322 = PLANE ( 'NONE',  #10453 ) ;
#11323 = ORIENTED_EDGE ( 'NONE', *, *, #2733, .T. ) ;
#11324 = ADVANCED_FACE ( 'NONE', ( #3051 ), #11148, .F. ) ;
#11325 = ADVANCED_FACE ( 'NONE', ( #213 ), #7440, .F. ) ;
#11326 = ADVANCED_FACE ( 'NONE', ( #1279 ), #2296, .F. ) ;
#11327 = ADVANCED_FACE ( 'NONE', ( #2111 ), #1221, .F. ) ;
#11328 = ORIENTED_EDGE ( 'NONE', *, *, #9318, .T. ) ;
#11329 = CARTESIAN_POINT ( 'NONE',  ( 0.3250000000000001776, 0.8950000000000001288, 0.4949999999999995515 ) ) ;
#11330 = LINE ( 'NONE', #11274, #10767 ) ;
#11331 = CYLINDRICAL_SURFACE ( 'NONE', #6293, 0.06499999999997957412 ) ;
#11332 = CARTESIAN_POINT ( 'NONE',  ( 2.500000000000000444, 1.050000000000000044, 2.124999999999999556 ) ) ;
#11333 = LINE ( 'NONE', #10402, #6509 ) ;
#11334 = DIRECTION ( 'NONE',  ( 0.000000000000000000, -3.439160614977207662E-32, -1.000000000000000000 ) ) ;
#11335 = VECTOR ( 'NONE', #2106, 1000.000000000000000 ) ;
#11336 = CARTESIAN_POINT ( 'NONE',  ( -2.104999999999999538, 0.9000000000000002442, 0.8249999999999996225 ) ) ;
#11337 = CARTESIAN_POINT ( 'NONE',  ( -2.254999999999999449, 0.8150000000000001688, 0.2450000000000000511 ) ) ;
#11338 = EDGE_CURVE ( 'NONE', #7690, #3925, #4056, .T. ) ;
#11339 = DIRECTION ( 'NONE',  ( 0.000000000000000000, 0.000000000000000000, 1.000000000000000000 ) ) ;
#11340 = MECHANICAL_DESIGN_GEOMETRIC_PRESENTATION_REPRESENTATION (  '', ( #2079 ), #8711 ) ;
#11341 = DIRECTION ( 'NONE',  ( -1.000000000000000000, 0.000000000000000000, 0.000000000000000000 ) ) ;
#11342 = CARTESIAN_POINT ( 'NONE',  ( -0.8249999999999999556, 0.3350000000000001310, 2.125000000000000000 ) ) ;
#11343 = ORIENTED_EDGE ( 'NONE', *, *, #4599, .F. ) ;
#11344 = DIRECTION ( 'NONE',  ( -1.000000000000000000, 0.000000000000000000, 0.000000000000000000 ) ) ;
#11345 = PLANE ( 'NONE',  #8407 ) ;
#11346 = ORIENTED_EDGE ( 'NONE', *, *, #1042, .T. ) ;
#11347 = LINE ( 'NONE', #5984, #5145 ) ;
#11348 = ORIENTED_EDGE ( 'NONE', *, *, #10953, .F. ) ;
#11349 = LINE ( 'NONE', #10421, #3476 ) ;
#11350 = ORIENTED_EDGE ( 'NONE', *, *, #10685, .F. ) ;
#11351 = VECTOR ( 'NONE', #9943, 1000.000000000000000 ) ;
#11352 = ORIENTED_EDGE ( 'NONE', *, *, #8727, .T. ) ;
#11353 = ADVANCED_FACE ( 'NONE', ( #335 ), #7677, .F. ) ;
#11354 = FACE_OUTER_BOUND ( 'NONE', #9870, .T. ) ;
#11355 = ORIENTED_EDGE ( 'NONE', *, *, #1503, .T. ) ;
#11356 = ORIENTED_EDGE ( 'NONE', *, *, #10483, .F. ) ;
#11357 = VECTOR ( 'NONE', #1750, 1000.000000000000000 ) ;
#11359 = DIRECTION ( 'NONE',  ( 0.000000000000000000, -0.7071067811865492381, 0.7071067811865457964 ) ) ;
#11358 = CARTESIAN_POINT ( 'NONE',  ( 2.254999999999999893, 1.025000000000116929, 2.624999999999276135 ) ) ;
#11360 = AXIS2_PLACEMENT_3D ( 'NONE', #11417, #11292, #2482 ) ;
#11361 = FACE_OUTER_BOUND ( 'NONE', #5904, .T. ) ;
#11362 = EDGE_CURVE ( 'NONE', #2257, #7826, #4853, .T. ) ;
#11363 = VECTOR ( 'NONE', #9656, 1000.000000000000000 ) ;
#11364 = ORIENTED_EDGE ( 'NONE', *, *, #8585, .T. ) ;
#11365 = EDGE_LOOP ( 'NONE', ( #4672, #11117, #6721, #1877, #5962, #409, #651, #9014 ) ) ;
#11366 = ORIENTED_EDGE ( 'NONE', *, *, #11022, .T. ) ;
#11367 = ORIENTED_EDGE ( 'NONE', *, *, #6924, .F. ) ;
#11368 = AXIS2_PLACEMENT_3D ( 'NONE', #6291, #10573, #7902 ) ;
#11369 = AXIS2_PLACEMENT_3D ( 'NONE', #4849, #2762, #10169 ) ;
#11370 = DIRECTION ( 'NONE',  ( 0.000000000000000000, 0.000000000000000000, 1.000000000000000000 ) ) ;
#11371 = ORIENTED_EDGE ( 'NONE', *, *, #10960, .T. ) ;
#11372 = CYLINDRICAL_SURFACE ( 'NONE', #3277, 0.1499999999999999667 ) ;
#11373 = ORIENTED_EDGE ( 'NONE', *, *, #5123, .F. ) ;
#11374 = CARTESIAN_POINT ( 'NONE',  ( 0.3250000000000000111, 0.4197467168032661955, 2.540024382298945227 ) ) ;
#11375 = VERTEX_POINT ( 'NONE', #276 ) ;
#11376 = EDGE_LOOP ( 'NONE', ( #11544, #2783, #5803, #9292 ) ) ;
#11377 = PLANE ( 'NONE',  #73 ) ;
#11378 = VECTOR ( 'NONE', #2990, 1000.000000000000000 ) ;
#11379 = CARTESIAN_POINT ( 'NONE',  ( -0.8249999999999999556, 0.8950000000000001288, 0.4949999999999995515 ) ) ;
#11380 = VECTOR ( 'NONE', #10278, 1000.000000000000000 ) ;
#11381 = EDGE_CURVE ( 'NONE', #5519, #686, #3884, .T. ) ;
#11382 = DIRECTION ( 'NONE',  ( 0.000000000000000000, 1.000000000000000000, 0.000000000000000000 ) ) ;
#11383 = ORIENTED_EDGE ( 'NONE', *, *, #6000, .F. ) ;
#11384 = CARTESIAN_POINT ( 'NONE',  ( -2.254999999999999449, 0.3650000000000000466, -0.004999999999999896888 ) ) ;
#11385 = VECTOR ( 'NONE', #1740, 1000.000000000000000 ) ;
#11386 = ORIENTED_EDGE ( 'NONE', *, *, #2066, .T. ) ;
#11387 = CARTESIAN_POINT ( 'NONE',  ( -0.1750000000000000167, 0.4249999987231686815, 2.505000000000000338 ) ) ;
#11388 = AXIS2_PLACEMENT_3D ( 'NONE', #6247, #9153, #1047 ) ;
#11389 = ORIENTED_EDGE ( 'NONE', *, *, #6126, .F. ) ;
#11390 = ORIENTED_EDGE ( 'NONE', *, *, #10256, .F. ) ;
#11391 = DIRECTION ( 'NONE',  ( -0.000000000000000000, 1.000000000000000000, 0.000000000000000000 ) ) ;
#11392 = VECTOR ( 'NONE', #6863, 1000.000000000000000 ) ;
#11393 = DIRECTION ( 'NONE',  ( -1.000000000000000000, 0.000000000000000000, -0.000000000000000000 ) ) ;
#11394 = DIRECTION ( 'NONE',  ( 0.000000000000000000, -1.000000000000000000, -2.710505431213760592E-16 ) ) ;
#11395 = DIRECTION ( 'NONE',  ( 1.219727444046192242E-16, -4.336808689942016158E-15, -1.000000000000000000 ) ) ;
#11396 = PLANE ( 'NONE',  #3713 ) ;
#11397 = PLANE ( 'NONE',  #8332 ) ;
#11398 = CIRCLE ( 'NONE', #3639, 0.07499999999999998335 ) ;
#11399 = EDGE_CURVE ( 'NONE', #345, #9222, #3932, .T. ) ;
#11400 = ADVANCED_FACE ( 'NONE', ( #6550 ), #4910, .T. ) ;
#11401 = AXIS2_PLACEMENT_3D ( 'NONE', #2917, #6463, #7357 ) ;
#11402 = CARTESIAN_POINT ( 'NONE',  ( -2.254999999999999893, 0.09044228633934728312, 2.158349364905389312 ) ) ;
#11403 = DIRECTION ( 'NONE',  ( -1.219727444046192242E-16, -0.000000000000000000, -1.000000000000000000 ) ) ;
#11404 = MECHANICAL_DESIGN_GEOMETRIC_PRESENTATION_REPRESENTATION (  '', ( #11019 ), #5940 ) ;
#11405 = EDGE_CURVE ( 'NONE', #7711, #8649, #9463, .T. ) ;
#11406 = AXIS2_PLACEMENT_3D ( 'NONE', #2927, #1981, #10162 ) ;
#11407 = VECTOR ( 'NONE', #3902, 1000.000000000000000 ) ;
#11408 = EDGE_CURVE ( 'NONE', #3847, #664, #7609, .T. ) ;
#11409 = CARTESIAN_POINT ( 'NONE',  ( 2.254999999999999893, 0.7249999999999575673, 2.154999999999999805 ) ) ;
#11410 = CARTESIAN_POINT ( 'NONE',  ( -1.174999999999999822, 0.6800000000000001599, 0.5949999999999996403 ) ) ;
#11411 = VERTEX_POINT ( 'NONE', #4709 ) ;
#11412 = DIRECTION ( 'NONE',  ( -1.000000000000000000, -0.000000000000000000, -0.000000000000000000 ) ) ;
#11413 = EDGE_CURVE ( 'NONE', #10429, #6899, #5563, .T. ) ;
#11414 = DIRECTION ( 'NONE',  ( 6.570922257487897174E-16, -0.000000000000000000, -1.000000000000000000 ) ) ;
#11415 = AXIS2_PLACEMENT_3D ( 'NONE', #5635, #3850, #2967 ) ;
#11416 = DIRECTION ( 'NONE',  ( 6.570922257487897174E-16, -0.000000000000000000, -1.000000000000000000 ) ) ;
#11417 = CARTESIAN_POINT ( 'NONE',  ( 0.6750000000000000444, 0.7408666514389177227, 2.512987586845043531 ) ) ;
#11418 = EDGE_CURVE ( 'NONE', #6967, #9837, #10353, .T. ) ;
#11419 = ORIENTED_EDGE ( 'NONE', *, *, #1220, .F. ) ;
#11420 = CARTESIAN_POINT ( 'NONE',  ( 1.764999999999999902, 0.3350000000000001310, 1.525000000000000355 ) ) ;
#11421 = AXIS2_PLACEMENT_3D ( 'NONE', #1281, #2302, #8511 ) ;
#11422 = AXIS2_PLACEMENT_3D ( 'NONE', #10888, #10190, #2724 ) ;
#11423 = CIRCLE ( 'NONE', #6318, 0.06499999999997957412 ) ;
#11424 = CARTESIAN_POINT ( 'NONE',  ( -1.324999999999999956, 0.6800000000000001599, 0.8249999999999999556 ) ) ;
#11425 = EDGE_CURVE ( 'NONE', #428, #3925, #2044, .T. ) ;
#11426 = ORIENTED_EDGE ( 'NONE', *, *, #6252, .F. ) ;
#11427 = VECTOR ( 'NONE', #10410, 1000.000000000000000 ) ;
#11429 = CARTESIAN_POINT ( 'NONE',  ( -2.254999999999999893, 1.025000000000116707, 2.624999999999276135 ) ) ;
#11428 = CARTESIAN_POINT ( 'NONE',  ( -1.175000000000000044, 0.3615000000000000990, 2.125000000000000000 ) ) ;
#11430 = DIRECTION ( 'NONE',  ( 0.000000000000000000, 0.000000000000000000, -1.000000000000000000 ) ) ;
#11431 = VERTEX_POINT ( 'NONE', #4780 ) ;
#11432 = ORIENTED_EDGE ( 'NONE', *, *, #1836, .T. ) ;
#11433 = ADVANCED_FACE ( 'NONE', ( #7860 ), #1519, .F. ) ;
#11434 = ORIENTED_EDGE ( 'NONE', *, *, #11318, .T. ) ;
#11435 = EDGE_LOOP ( 'NONE', ( #1078, #10576, #3910, #5006 ) ) ;
#11436 = AXIS2_PLACEMENT_3D ( 'NONE', #9174, #9220, #6493 ) ;
#11437 = DIRECTION ( 'NONE',  ( 0.000000000000000000, 0.000000000000000000, 1.000000000000000000 ) ) ;
#11438 = VECTOR ( 'NONE', #11414, 1000.000000000000000 ) ;
#11439 = ORIENTED_EDGE ( 'NONE', *, *, #9955, .T. ) ;
#11440 = ORIENTED_EDGE ( 'NONE', *, *, #10192, .F. ) ;
#11441 = DIRECTION ( 'NONE',  ( 0.000000000000000000, 0.000000000000000000, -1.000000000000000000 ) ) ;
#11442 = EDGE_LOOP ( 'NONE', ( #9163, #262, #1063, #9792 ) ) ;
#11443 = ORIENTED_EDGE ( 'NONE', *, *, #9464, .F. ) ;
#11444 = CARTESIAN_POINT ( 'NONE',  ( -0.1749999999999998224, 0.6800000000000001599, 0.4949999999999995515 ) ) ;
#11445 = LINE ( 'NONE', #1444, #6485 ) ;
#11446 = EDGE_CURVE ( 'NONE', #10556, #4298, #645, .T. ) ;
#11447 = VECTOR ( 'NONE', #6407, 1000.000000000000000 ) ;
#11448 = CARTESIAN_POINT ( 'NONE',  ( -0.3250000000000000111, 0.6800000000000001599, 0.8249999999999999556 ) ) ;
#11449 = CARTESIAN_POINT ( 'NONE',  ( -1.175000000000000044, 0.4249999987231686815, 2.441500001276831089 ) ) ;
#11450 = ORIENTED_EDGE ( 'NONE', *, *, #9469, .F. ) ;
#11451 = CARTESIAN_POINT ( 'NONE',  ( -2.104999999999999538, 0.8150000000000001688, 0.2450000000000000511 ) ) ;
#11452 = ORIENTED_EDGE ( 'NONE', *, *, #3483, .T. ) ;
#11453 = ORIENTED_EDGE ( 'NONE', *, *, #1430, .F. ) ;
#11454 = AXIS2_PLACEMENT_3D ( 'NONE', #10482, #10797, #11288 ) ;
#11455 = VECTOR ( 'NONE', #1917, 1000.000000000000000 ) ;
#11456 = DIRECTION ( 'NONE',  ( 0.000000000000000000, 0.5735764363510453823, 0.8191520442889922426 ) ) ;
#11457 = CARTESIAN_POINT ( 'NONE',  ( -2.049999999999999822, 0.9500000000000002887, 0.3949999999999995182 ) ) ;
#11458 = CARTESIAN_POINT ( 'NONE',  ( -1.684999999999999831, 0.1000000000000001305, 0.4249999999999999889 ) ) ;
#11459 = CARTESIAN_POINT ( 'NONE',  ( 2.254999999999999449, 0.3400000000000003575, 0.1750000000000000167 ) ) ;
#11460 = CARTESIAN_POINT ( 'NONE',  ( 1.175000000000000044, 0.8950000000000001288, 0.4949999999999995515 ) ) ;
#11461 = CARTESIAN_POINT ( 'NONE',  ( 1.324999999999999956, 1.792020331853238969E-17, 0.2250000000000005329 ) ) ;
#11462 = DIRECTION ( 'NONE',  ( 1.219727444046192242E-16, 2.442094990785125153E-16, 1.000000000000000000 ) ) ;
#11463 = DIRECTION ( 'NONE',  ( 0.000000000000000000, -9.035018104045865024E-16, 1.000000000000000000 ) ) ;
#11464 = LINE ( 'NONE', #9648, #11263 ) ;
#11465 = EDGE_CURVE ( 'NONE', #2317, #5352, #3356, .T. ) ;
#11466 = DIRECTION ( 'NONE',  ( 0.000000000000000000, 0.000000000000000000, -1.000000000000000000 ) ) ;
#11467 = LINE ( 'NONE', #5035, #7998 ) ;
#11468 = LINE ( 'NONE', #3472, #6878 ) ;
#11469 = EDGE_LOOP ( 'NONE', ( #11625, #10601, #2462, #2502 ) ) ;
#11470 = FACE_OUTER_BOUND ( 'NONE', #7113, .T. ) ;
#11471 = FACE_OUTER_BOUND ( 'NONE', #319, .T. ) ;
#11472 = DIRECTION ( 'NONE',  ( 0.000000000000000000, -1.000000000000000000, 0.000000000000000000 ) ) ;
#11473 = DIRECTION ( 'NONE',  ( 0.000000000000000000, -0.000000000000000000, 1.000000000000000000 ) ) ;
#11474 = AXIS2_PLACEMENT_3D ( 'NONE', #3568, #8127, #3516 ) ;
#11475 = ORIENTED_EDGE ( 'NONE', *, *, #5195, .F. ) ;
#11476 = AXIS2_PLACEMENT_3D ( 'NONE', #3562, #4510, #7174 ) ;
#11477 = EDGE_CURVE ( 'NONE', #6899, #7274, #579, .T. ) ;
#11478 = DIRECTION ( 'NONE',  ( -1.000000000000000000, -0.000000000000000000, -0.000000000000000000 ) ) ;
#11479 = EDGE_CURVE ( 'NONE', #8725, #10878, #11220, .T. ) ;
#11480 = EDGE_CURVE ( 'NONE', #6397, #8250, #6081, .T. ) ;
#11481 = EDGE_CURVE ( 'NONE', #7815, #7378, #4360, .T. ) ;
#11482 = LINE ( 'NONE', #10427, #10003 ) ;
#11483 = VECTOR ( 'NONE', #8265, 1000.000000000000000 ) ;
#11484 = ORIENTED_EDGE ( 'NONE', *, *, #3879, .T. ) ;
#11485 = ORIENTED_EDGE ( 'NONE', *, *, #4438, .F. ) ;
#11487 = CARTESIAN_POINT ( 'NONE',  ( 0.8249999999999999556, 0.3800000000000000044, -0.1749999999999994060 ) ) ;
#11486 = DIRECTION ( 'NONE',  ( 0.000000000000000000, 0.9961946980917442129, -0.08715574274767398655 ) ) ;
#11488 = CARTESIAN_POINT ( 'NONE',  ( -1.665000000000000702, 0.2900000000000000910, -0.07499999999999953926 ) ) ;
#11489 = ORIENTED_EDGE ( 'NONE', *, *, #3379, .T. ) ;
#11490 = ORIENTED_EDGE ( 'NONE', *, *, #7438, .T. ) ;
#11491 = EDGE_CURVE ( 'NONE', #7470, #6524, #848, .T. ) ;
#11492 = ORIENTED_EDGE ( 'NONE', *, *, #1788, .F. ) ;
#11493 = ORIENTED_EDGE ( 'NONE', *, *, #5899, .F. ) ;
#11494 = CARTESIAN_POINT ( 'NONE',  ( -1.324999999999999956, 0.8950000000000001288, 0.4949999999999995515 ) ) ;
#11495 = ORIENTED_EDGE ( 'NONE', *, *, #9613, .F. ) ;
#11496 = CYLINDRICAL_SURFACE ( 'NONE', #11632, 0.1000000000000002554 ) ;
#11497 = ORIENTED_EDGE ( 'NONE', *, *, #10396, .F. ) ;
#11498 = CARTESIAN_POINT ( 'NONE',  ( -0.6750000000000000444, 0.6910569165342941300, 2.517345373982429635 ) ) ;
#11499 = DIRECTION ( 'NONE',  ( -1.000000000000000000, -0.000000000000000000, -0.000000000000000000 ) ) ;
#11500 =( NAMED_UNIT ( * ) PLANE_ANGLE_UNIT ( ) SI_UNIT ( $, .RADIAN. ) );
#11501 = ORIENTED_EDGE ( 'NONE', *, *, #9604, .T. ) ;
#11502 = CYLINDRICAL_SURFACE ( 'NONE', #1744, 0.1499999999999999667 ) ;
#11503 = ORIENTED_EDGE ( 'NONE', *, *, #9704, .F. ) ;
#11504 = VECTOR ( 'NONE', #7321, 1000.000000000000000 ) ;
#11505 = ORIENTED_EDGE ( 'NONE', *, *, #4524, .F. ) ;
#11506 = CARTESIAN_POINT ( 'NONE',  ( 2.104999999999999538, 0.9000000000000002442, 2.124999999999999556 ) ) ;
#11507 = ORIENTED_EDGE ( 'NONE', *, *, #6859, .F. ) ;
#11508 = AXIS2_PLACEMENT_3D ( 'NONE', #922, #692, #9813 ) ;
#11509 = LINE ( 'NONE', #7128, #1823 ) ;
#11510 = CARTESIAN_POINT ( 'NONE',  ( 0.000000000000000000, 0.8950000000000001288, 0.000000000000000000 ) ) ;
#11511 = CLOSED_SHELL ( 'NONE', ( #3643, #2067, #4305, #3866, #2690, #10218, #9939, #4977, #1327 ) ) ;
#11512 = LINE ( 'NONE', #9640, #6248 ) ;
#11513 = DIRECTION ( 'NONE',  ( -0.000000000000000000, 0.000000000000000000, 1.000000000000000000 ) ) ;
#11514 = VERTEX_POINT ( 'NONE', #11580 ) ;
#11515 = PLANE ( 'NONE',  #2494 ) ;
#11516 = EDGE_CURVE ( 'NONE', #7596, #2049, #9765, .T. ) ;
#11517 = CARTESIAN_POINT ( 'NONE',  ( 1.175000000000000044, 0.6800000000000001599, 0.4949999999999995515 ) ) ;
#11518 = CARTESIAN_POINT ( 'NONE',  ( -1.175000000000000044, 1.792020331853238969E-17, 0.2250000000000005329 ) ) ;
#11519 = FACE_OUTER_BOUND ( 'NONE', #2568, .T. ) ;
#11520 = FACE_OUTER_BOUND ( 'NONE', #1778, .T. ) ;
#11521 = CARTESIAN_POINT ( 'NONE',  ( 2.104999999999999538, 0.7500000000000001110, -0.004999999999999972349 ) ) ;
#11522 = CARTESIAN_POINT ( 'NONE',  ( 2.500000000000000444, 0.1000000000000001305, 2.125000000000000000 ) ) ;
#11523 = VERTEX_POINT ( 'NONE', #8807 ) ;
#11524 = DIRECTION ( 'NONE',  ( 1.000000000000000000, 0.000000000000000000, 0.000000000000000000 ) ) ;
#11525 = PLANE ( 'NONE',  #1900 ) ;
#11526 = CARTESIAN_POINT ( 'NONE',  ( 1.449999999999999956, 0.4099999999999999756, -0.5050000000000004485 ) ) ;
#11527 = ORIENTED_EDGE ( 'NONE', *, *, #5360, .F. ) ;
#11528 = LINE ( 'NONE', #10599, #7840 ) ;
#11529 = VECTOR ( 'NONE', #3045, 1000.000000000000000 ) ;
#11530 = VERTEX_POINT ( 'NONE', #756 ) ;
#11531 = DIRECTION ( 'NONE',  ( 0.000000000000000000, -1.000000000000000000, 0.000000000000000000 ) ) ;
#11532 = CARTESIAN_POINT ( 'NONE',  ( -0.6750000000000000444, 0.3749999987231322773, 2.517714491643438635 ) ) ;
#11534 = CARTESIAN_POINT ( 'NONE',  ( 2.104999999999999538, 1.000000000000000222, 1.149999999999277156 ) ) ;
#11533 = CARTESIAN_POINT ( 'NONE',  ( 0.6750000000000000444, 0.1000000000000001305, -0.07500000000000003886 ) ) ;
#11535 = EDGE_CURVE ( 'NONE', #5048, #3024, #9702, .T. ) ;
#11536 = ORIENTED_EDGE ( 'NONE', *, *, #865, .F. ) ;
#11537 = DIRECTION ( 'NONE',  ( -0.3162277660168337778, 0.9486832980505152113, 3.631936768174677402E-17 ) ) ;
#11538 = VECTOR ( 'NONE', #1203, 1000.000000000000000 ) ;
#11539 = ORIENTED_EDGE ( 'NONE', *, *, #233, .F. ) ;
#11540 = AXIS2_PLACEMENT_3D ( 'NONE', #11211, #5780, #5718 ) ;
#11541 = VERTEX_POINT ( 'NONE', #2583 ) ;
#11542 = EDGE_CURVE ( 'NONE', #2081, #9797, #7798, .T. ) ;
#11543 = ADVANCED_FACE ( 'NONE', ( #5148 ), #700, .F. ) ;
#11544 = ORIENTED_EDGE ( 'NONE', *, *, #9977, .T. ) ;
#11545 = DIRECTION ( 'NONE',  ( 0.000000000000000000, -1.000000000000000000, 0.000000000000000000 ) ) ;
#11546 = DIRECTION ( 'NONE',  ( 0.000000000000000000, 0.000000000000000000, -1.000000000000000000 ) ) ;
#11547 = VERTEX_POINT ( 'NONE', #7912 ) ;
#11548 = PRESENTATION_LAYER_ASSIGNMENT (  '', '', ( #7189 ) ) ;
#11549 = ADVANCED_FACE ( 'NONE', ( #1399 ), #8637, .T. ) ;
#11550 = VECTOR ( 'NONE', #7212, 1000.000000000000000 ) ;
#11551 = ORIENTED_EDGE ( 'NONE', *, *, #4008, .F. ) ;
#11552 = CARTESIAN_POINT ( 'NONE',  ( 0.3250000000000000111, 0.4249999987231686815, 2.441500001276831089 ) ) ;
#11553 = ORIENTED_EDGE ( 'NONE', *, *, #3590, .F. ) ;
#11554 = EDGE_LOOP ( 'NONE', ( #11270, #3159, #3721, #3343 ) ) ;
#11555 = DIRECTION ( 'NONE',  ( 0.000000000000000000, 0.000000000000000000, -1.000000000000000000 ) ) ;
#11556 = DIRECTION ( 'NONE',  ( 0.000000000000000000, 0.000000000000000000, -1.000000000000000000 ) ) ;
#11557 = ADVANCED_FACE ( 'NONE', ( #3233 ), #6857, .F. ) ;
#11558 = ORIENTED_EDGE ( 'NONE', *, *, #657, .F. ) ;
#11559 = EDGE_CURVE ( 'NONE', #1738, #4613, #4608, .T. ) ;
#11560 = DIRECTION ( 'NONE',  ( 0.000000000000000000, -0.000000000000000000, 1.000000000000000000 ) ) ;
#11561 = EDGE_LOOP ( 'NONE', ( #1045, #540, #1027, #5365, #5590, #9193, #3916, #9801, #2827, #10996, #2765 ) ) ;
#11562 = VECTOR ( 'NONE', #6602, 1000.000000000000000 ) ;
#11563 = DIRECTION ( 'NONE',  ( 0.000000000000000000, -1.000000000000000000, -2.710505431213760592E-16 ) ) ;
#11564 = AXIS2_PLACEMENT_3D ( 'NONE', #4638, #2798, #7359 ) ;
#11565 = VECTOR ( 'NONE', #2909, 1000.000000000000000 ) ;
#11566 = VERTEX_POINT ( 'NONE', #5091 ) ;
#11567 = EDGE_LOOP ( 'NONE', ( #4634, #3966, #795, #674 ) ) ;
#11568 = CARTESIAN_POINT ( 'NONE',  ( 0.1750000000000000167, 0.07499999999999999722, 0.1250000000000005551 ) ) ;
#11569 = CARTESIAN_POINT ( 'NONE',  ( -1.324999999999999956, 0.6800000000000001599, 0.4949999999999995515 ) ) ;
#11570 = VECTOR ( 'NONE', #374, 1000.000000000000000 ) ;
#11571 = DIRECTION ( 'NONE',  ( 0.000000000000000000, 0.000000000000000000, -1.000000000000000000 ) ) ;
#11572 = EDGE_CURVE ( 'NONE', #4012, #2266, #8696, .T. ) ;
#11573 = LINE ( 'NONE', #1076, #9479 ) ;
#11574 = CARTESIAN_POINT ( 'NONE',  ( 2.049999999999999822, 1.050000000000000044, -0.3150000000000003908 ) ) ;
#11575 = AXIS2_PLACEMENT_3D ( 'NONE', #1368, #8604, #10562 ) ;
#11576 = DIRECTION ( 'NONE',  ( 1.000000000000000000, 0.000000000000000000, 0.000000000000000000 ) ) ;
#11577 = CARTESIAN_POINT ( 'NONE',  ( -1.324999999999999956, 0.8950000000000001288, 0.4949999999999995515 ) ) ;
#11578 = VECTOR ( 'NONE', #7143, 1000.000000000000000 ) ;
#11579 = EDGE_CURVE ( 'NONE', #5614, #2085, #6140, .T. ) ;
#11580 = CARTESIAN_POINT ( 'NONE',  ( -1.324999999999999956, 0.8950000000000001288, 0.5327497731395587355 ) ) ;
#11581 = VECTOR ( 'NONE', #8090, 1000.000000000000114 ) ;
#11582 = EDGE_CURVE ( 'NONE', #10541, #8841, #6243, .T. ) ;
#11583 = DIRECTION ( 'NONE',  ( 0.000000000000000000, 0.000000000000000000, 1.000000000000000000 ) ) ;
#11584 = LINE ( 'NONE', #6029, #9900 ) ;
#11585 = ORIENTED_EDGE ( 'NONE', *, *, #8200, .F. ) ;
#11586 = CARTESIAN_POINT ( 'NONE',  ( -0.8249999999999999556, 0.8950000000000001288, 0.5327497731395587355 ) ) ;
#11587 = AXIS2_PLACEMENT_3D ( 'NONE', #3872, #2104, #5715 ) ;
#11588 = FACE_OUTER_BOUND ( 'NONE', #11112, .T. ) ;
#11589 = COLOUR_RGB ( '',1.000000000000000000, 0.8117647058823529438, 0.5019607843137254832 ) ;
#11590 = ORIENTED_EDGE ( 'NONE', *, *, #5912, .T. ) ;
#11591 = CARTESIAN_POINT ( 'NONE',  ( -0.1750000000000000167, 0.7250000000000001998, 2.577500000000000568 ) ) ;
#11592 = LINE ( 'NONE', #2648, #4036 ) ;
#11593 = VECTOR ( 'NONE', #7396, 1000.000000000000114 ) ;
#11594 = PRESENTATION_LAYER_ASSIGNMENT (  '', '', ( #1014 ) ) ;
#11595 = ORIENTED_EDGE ( 'NONE', *, *, #59, .T. ) ;
#11596 = LINE ( 'NONE', #9839, #2942 ) ;
#11597 = FACE_OUTER_BOUND ( 'NONE', #1840, .T. ) ;
#11598 = CARTESIAN_POINT ( 'NONE',  ( 0.8249999999999999556, 0.3615000000000000990, 2.125000000000000000 ) ) ;
#11599 = VERTEX_POINT ( 'NONE', #10045 ) ;
#11600 = CARTESIAN_POINT ( 'NONE',  ( -2.104999999999999538, 0.7500000000000001110, -0.004999999999999972349 ) ) ;
#11601 = AXIS2_PLACEMENT_3D ( 'NONE', #7544, #7432, #6600 ) ;
#11602 = ORIENTED_EDGE ( 'NONE', *, *, #3183, .T. ) ;
#11603 = ORIENTED_EDGE ( 'NONE', *, *, #2653, .F. ) ;
#11604 = AXIS2_PLACEMENT_3D ( 'NONE', #14, #2498, #7217 ) ;
#11605 = ORIENTED_EDGE ( 'NONE', *, *, #7278, .F. ) ;
#11606 = DIRECTION ( 'NONE',  ( 1.000000000000000000, 0.000000000000000000, 0.000000000000000000 ) ) ;
#11607 = ORIENTED_EDGE ( 'NONE', *, *, #9466, .F. ) ;
#11608 = VECTOR ( 'NONE', #3526, 1000.000000000000227 ) ;
#11609 = DIRECTION ( 'NONE',  ( 0.000000000000000000, 0.000000000000000000, -1.000000000000000000 ) ) ;
#11610 = ORIENTED_EDGE ( 'NONE', *, *, #3790, .F. ) ;
#11611 = APPLICATION_CONTEXT ( 'automotive_design' ) ;
#11612 = DIRECTION ( 'NONE',  ( 6.570922257487897174E-16, -0.000000000000000000, -1.000000000000000000 ) ) ;
#11613 = ADVANCED_FACE ( 'NONE', ( #8088 ), #8198, .T. ) ;
#11614 = EDGE_CURVE ( 'NONE', #6397, #9632, #5484, .T. ) ;
#11615 = ORIENTED_EDGE ( 'NONE', *, *, #2846, .T. ) ;
#11616 = DIRECTION ( 'NONE',  ( 0.000000000000000000, -0.000000000000000000, -1.000000000000000000 ) ) ;
#11617 = LINE ( 'NONE', #10733, #7433 ) ;
#11618 = ORIENTED_EDGE ( 'NONE', *, *, #4313, .F. ) ;
#11619 = ORIENTED_EDGE ( 'NONE', *, *, #403, .F. ) ;
#11620 = LINE ( 'NONE', #11665, #3248 ) ;
#11621 = ORIENTED_EDGE ( 'NONE', *, *, #4790, .T. ) ;
#11622 = ADVANCED_FACE ( 'NONE', ( #9934 ), #5381, .F. ) ;
#11623 = AXIS2_PLACEMENT_3D ( 'NONE', #11225, #9655, #4063 ) ;
#11624 = EDGE_CURVE ( 'NONE', #7065, #8875, #9874, .T. ) ;
#11625 = ORIENTED_EDGE ( 'NONE', *, *, #3782, .T. ) ;
#11626 = ORIENTED_EDGE ( 'NONE', *, *, #3511, .T. ) ;
#11627 = CARTESIAN_POINT ( 'NONE',  ( -2.104999999999999982, 0.7499999999999573674, 2.129999999999999893 ) ) ;
#11628 = ADVANCED_FACE ( 'NONE', ( #7140 ), #820, .F. ) ;
#11629 = CARTESIAN_POINT ( 'NONE',  ( -1.955000000000000071, 0.1000000000000001305, 2.125000000000000000 ) ) ;
#11630 = CARTESIAN_POINT ( 'NONE',  ( 1.175000000000000044, 8.735352324927245566E-18, 0.1500000000000005496 ) ) ;
#11631 = DIRECTION ( 'NONE',  ( 0.000000000000000000, 0.000000000000000000, -1.000000000000000000 ) ) ;
#11632 = AXIS2_PLACEMENT_3D ( 'NONE', #7707, #3207, #2641 ) ;
#11633 = DIRECTION ( 'NONE',  ( -1.000000000000000000, -0.000000000000000000, -0.000000000000000000 ) ) ;
#11634 = CARTESIAN_POINT ( 'NONE',  ( 2.254999999999999893, 0.8214213562373096078, 0.4949999999999995515 ) ) ;
#11635 = CARTESIAN_POINT ( 'NONE',  ( 0.8250000000000000666, 0.6800000000000001599, 0.5949999999999996403 ) ) ;
#11636 = DIRECTION ( 'NONE',  ( -1.000000000000000000, -0.000000000000000000, -0.000000000000000000 ) ) ;
#11637 = ADVANCED_FACE ( 'NONE', ( #985 ), #7252, .F. ) ;
#11638 = AXIS2_PLACEMENT_3D ( 'NONE', #2880, #10300, #7375 ) ;
#11639 = CARTESIAN_POINT ( 'NONE',  ( -0.8249999999999999556, 0.8950000000000001288, 0.4949999999999995515 ) ) ;
#11640 = DIRECTION ( 'NONE',  ( 0.000000000000000000, 1.000000000000000000, 0.000000000000000000 ) ) ;
#11641 = CARTESIAN_POINT ( 'NONE',  ( -1.175000000000000044, 0.3614999999999998215, 2.441500001276831089 ) ) ;
#11642 = LINE ( 'NONE', #8928, #8534 ) ;
#11643 = UNCERTAINTY_MEASURE_WITH_UNIT (LENGTH_MEASURE( 1.000000000000000082E-05 ), #10832, 'distance_accuracy_value', 'NONE');
#11644 = VECTOR ( 'NONE', #7323, 1000.000000000000000 ) ;
#11645 = LINE ( 'NONE', #10816, #9858 ) ;
#11646 = CARTESIAN_POINT ( 'NONE',  ( 2.104999999999999982, 0.9250000000001167288, 2.724999999999276667 ) ) ;
#11647 = ORIENTED_EDGE ( 'NONE', *, *, #7898, .T. ) ;
#11648 = CARTESIAN_POINT ( 'NONE',  ( -0.6750000000000000444, 0.3800000000000000044, -0.1749999999999994060 ) ) ;
#11649 = CARTESIAN_POINT ( 'NONE',  ( 0.8249999999999999556, 0.3350000000000001310, 2.125000000000000000 ) ) ;
#11650 = DIRECTION ( 'NONE',  ( -1.000000000000000000, 0.000000000000000000, 0.000000000000000000 ) ) ;
#11651 = ORIENTED_EDGE ( 'NONE', *, *, #10623, .T. ) ;
#11652 = CARTESIAN_POINT ( 'NONE',  ( -1.324999999999999956, 0.4197467168032661955, 2.540024382298945227 ) ) ;
#11653 = CARTESIAN_POINT ( 'NONE',  ( -0.3250000000000000111, 0.4197467168032661955, 2.540024382298945227 ) ) ;
#11654 = VECTOR ( 'NONE', #8858, 1000.000000000000000 ) ;
#11655 = PRODUCT ( '2328702-6', '2328702-6', '', ( #10217 ) ) ;
#11656 = CARTESIAN_POINT ( 'NONE',  ( -0.8249999999999999556, 0.7250000000000001998, 2.577500000000000568 ) ) ;
#11657 = EDGE_LOOP ( 'NONE', ( #11490, #3268, #6111, #9016 ) ) ;
#11658 = CARTESIAN_POINT ( 'NONE',  ( -2.254999999999999449, 0.9000000000000002442, -0.07499999999999998335 ) ) ;
#11659 = VERTEX_POINT ( 'NONE', #934 ) ;
#11660 = CARTESIAN_POINT ( 'NONE',  ( 0.000000000000000000, 0.8950000000000001288, 0.000000000000000000 ) ) ;
#11661 = CARTESIAN_POINT ( 'NONE',  ( -0.3250000000000000111, 0.7250000000000001998, 2.577500000000000568 ) ) ;
#11662 = EDGE_LOOP ( 'NONE', ( #7949, #727, #6825, #5643 ) ) ;
#11663 = CARTESIAN_POINT ( 'NONE',  ( -0.6750000000000000444, 0.4050000000000000266, -0.07499999999999942824 ) ) ;
#11664 = VERTEX_POINT ( 'NONE', #3696 ) ;
#11665 = CARTESIAN_POINT ( 'NONE',  ( 2.500000000000000444, 0.05000000000000012768, -0.07500000000000003886 ) ) ;
#11666 = ORIENTED_EDGE ( 'NONE', *, *, #4293, .T. ) ;
#11667 = ADVANCED_FACE ( 'NONE', ( #1915 ), #882, .T. ) ;
#11668 = ORIENTED_EDGE ( 'NONE', *, *, #2576, .F. ) ;
#11669 = CARTESIAN_POINT ( 'NONE',  ( -2.254999999999999449, 0.8134073820189092752, 0.7731575003791745226 ) ) ;
#11670 = FACE_OUTER_BOUND ( 'NONE', #3602, .T. ) ;
#11671 = VECTOR ( 'NONE', #7003, 1000.000000000000000 ) ;
#11672 = EDGE_CURVE ( 'NONE', #2603, #10509, #3632, .T. ) ;
#11673 = DIRECTION ( 'NONE',  ( 6.570922257487897174E-16, -0.000000000000000000, -1.000000000000000000 ) ) ;
#11674 = DIRECTION ( 'NONE',  ( 0.000000000000000000, 0.000000000000000000, -1.000000000000000000 ) ) ;
#11675 = DIRECTION ( 'NONE',  ( 0.000000000000000000, -1.355252715606876598E-16, 1.000000000000000000 ) ) ;
#11676 = CARTESIAN_POINT ( 'NONE',  ( 1.175000000000000044, 0.7250000000000001998, 2.492500000000000160 ) ) ;
#11677 = EDGE_CURVE ( 'NONE', #2387, #8623, #1041, .T. ) ;
#11678 = ORIENTED_EDGE ( 'NONE', *, *, #8435, .T. ) ;
#11679 = DIRECTION ( 'NONE',  ( -1.000000000000000000, -0.000000000000000000, -0.000000000000000000 ) ) ;
#11680 = VECTOR ( 'NONE', #8403, 1000.000000000000000 ) ;
#11681 = ADVANCED_FACE ( 'NONE', ( #3576 ), #7361, .T. ) ;
#11682 = CARTESIAN_POINT ( 'NONE',  ( 0.1750000000000000167, 0.6800000000000001599, 0.4949999999999995515 ) ) ;
#11683 = CARTESIAN_POINT ( 'NONE',  ( 2.254999999999999449, 0.3650000000000002687, 0.1750000000000000167 ) ) ;
#11684 = EDGE_CURVE ( 'NONE', #4713, #975, #6195, .T. ) ;
#11685 = CARTESIAN_POINT ( 'NONE',  ( 1.850000000000000089, 0.000000000000000000, -0.8049999999999998268 ) ) ;
#11686 = EDGE_CURVE ( 'NONE', #786, #6694, #2802, .T. ) ;
#11687 = LINE ( 'NONE', #8924, #9890 ) ;
#11688 = DIRECTION ( 'NONE',  ( 0.000000000000000000, 0.000000000000000000, 1.000000000000000000 ) ) ;
#11689 = CARTESIAN_POINT ( 'NONE',  ( 0.8249999999999999556, 0.3749999987231322773, 2.517714491643438635 ) ) ;
#11690 = LINE ( 'NONE', #7098, #102 ) ;
#11691 = CARTESIAN_POINT ( 'NONE',  ( 0.000000000000000000, 0.6800000000000001599, 0.000000000000000000 ) ) ;
#11692 = EDGE_CURVE ( 'NONE', #10723, #5610, #6368, .T. ) ;
ENDSEC;
END-ISO-10303-21;
