ISO-10303-21;
HEADER;
/* Generated by software containing ST-Developer
 * from STEP Tools, Inc. (www.steptools.com) 
 */

FILE_DESCRIPTION(
/* description */ (''),
/* implementation_level */ '2;1');

FILE_NAME(
/* name */ 'BL-R8723DS1.step',
/* time_stamp */ '2025-09-16T14:57:13+03:00',
/* author */ (''),
/* organization */ (''),
/* preprocessor_version */ 'ST-DEVELOPER v20.1',
/* originating_system */ 'Autodesk Translation Framework v14.10.0.0',
/* authorisation */ '');

FILE_SCHEMA (('AUTOMOTIVE_DESIGN { 1 0 10303 214 3 1 1 }'));
ENDSEC;

DATA;
#10=MECHANICAL_DESIGN_GEOMETRIC_PRESENTATION_REPRESENTATION('',(#13),#3220);
#11=SHAPE_REPRESENTATION_RELATIONSHIP('SRR','None',#3227,#12);
#12=ADVANCED_BREP_SHAPE_REPRESENTATION('',(#14),#3219);
#13=STYLED_ITEM('',(#3236),#14);
#14=MANIFOLD_SOLID_BREP('Body1',#1892);
#15=FACE_BOUND('',#255,.T.);
#16=PLANE('',#1909);
#17=PLANE('',#2039);
#18=PLANE('',#2040);
#19=PLANE('',#2041);
#20=PLANE('',#2042);
#21=PLANE('',#2043);
#22=PLANE('',#2044);
#23=PLANE('',#2045);
#24=PLANE('',#2046);
#25=PLANE('',#2047);
#26=PLANE('',#2048);
#27=PLANE('',#2049);
#28=PLANE('',#2050);
#29=PLANE('',#2051);
#30=PLANE('',#2052);
#31=PLANE('',#2053);
#32=PLANE('',#2054);
#33=PLANE('',#2055);
#34=PLANE('',#2056);
#35=PLANE('',#2057);
#36=PLANE('',#2058);
#37=PLANE('',#2059);
#38=PLANE('',#2060);
#39=PLANE('',#2061);
#40=PLANE('',#2062);
#41=PLANE('',#2063);
#42=PLANE('',#2064);
#43=PLANE('',#2065);
#44=PLANE('',#2066);
#45=PLANE('',#2067);
#46=PLANE('',#2068);
#47=PLANE('',#2069);
#48=PLANE('',#2070);
#49=PLANE('',#2071);
#50=PLANE('',#2072);
#51=PLANE('',#2074);
#52=PLANE('',#2075);
#53=PLANE('',#2076);
#54=PLANE('',#2077);
#55=PLANE('',#2078);
#56=PLANE('',#2079);
#57=PLANE('',#2080);
#58=PLANE('',#2081);
#59=PLANE('',#2082);
#60=PLANE('',#2083);
#61=PLANE('',#2084);
#62=PLANE('',#2087);
#63=PLANE('',#2088);
#64=PLANE('',#2089);
#65=PLANE('',#2090);
#66=PLANE('',#2091);
#67=FACE_OUTER_BOUND('',#163,.T.);
#68=FACE_OUTER_BOUND('',#164,.T.);
#69=FACE_OUTER_BOUND('',#165,.T.);
#70=FACE_OUTER_BOUND('',#166,.T.);
#71=FACE_OUTER_BOUND('',#167,.T.);
#72=FACE_OUTER_BOUND('',#168,.T.);
#73=FACE_OUTER_BOUND('',#169,.T.);
#74=FACE_OUTER_BOUND('',#170,.T.);
#75=FACE_OUTER_BOUND('',#171,.T.);
#76=FACE_OUTER_BOUND('',#172,.T.);
#77=FACE_OUTER_BOUND('',#173,.T.);
#78=FACE_OUTER_BOUND('',#174,.T.);
#79=FACE_OUTER_BOUND('',#175,.T.);
#80=FACE_OUTER_BOUND('',#176,.T.);
#81=FACE_OUTER_BOUND('',#177,.T.);
#82=FACE_OUTER_BOUND('',#178,.T.);
#83=FACE_OUTER_BOUND('',#179,.T.);
#84=FACE_OUTER_BOUND('',#180,.T.);
#85=FACE_OUTER_BOUND('',#181,.T.);
#86=FACE_OUTER_BOUND('',#182,.T.);
#87=FACE_OUTER_BOUND('',#183,.T.);
#88=FACE_OUTER_BOUND('',#184,.T.);
#89=FACE_OUTER_BOUND('',#185,.T.);
#90=FACE_OUTER_BOUND('',#186,.T.);
#91=FACE_OUTER_BOUND('',#187,.T.);
#92=FACE_OUTER_BOUND('',#188,.T.);
#93=FACE_OUTER_BOUND('',#189,.T.);
#94=FACE_OUTER_BOUND('',#190,.T.);
#95=FACE_OUTER_BOUND('',#191,.T.);
#96=FACE_OUTER_BOUND('',#192,.T.);
#97=FACE_OUTER_BOUND('',#193,.T.);
#98=FACE_OUTER_BOUND('',#194,.T.);
#99=FACE_OUTER_BOUND('',#195,.T.);
#100=FACE_OUTER_BOUND('',#196,.T.);
#101=FACE_OUTER_BOUND('',#197,.T.);
#102=FACE_OUTER_BOUND('',#198,.T.);
#103=FACE_OUTER_BOUND('',#199,.T.);
#104=FACE_OUTER_BOUND('',#200,.T.);
#105=FACE_OUTER_BOUND('',#201,.T.);
#106=FACE_OUTER_BOUND('',#202,.T.);
#107=FACE_OUTER_BOUND('',#203,.T.);
#108=FACE_OUTER_BOUND('',#204,.T.);
#109=FACE_OUTER_BOUND('',#205,.T.);
#110=FACE_OUTER_BOUND('',#206,.T.);
#111=FACE_OUTER_BOUND('',#207,.T.);
#112=FACE_OUTER_BOUND('',#208,.T.);
#113=FACE_OUTER_BOUND('',#209,.T.);
#114=FACE_OUTER_BOUND('',#210,.T.);
#115=FACE_OUTER_BOUND('',#211,.T.);
#116=FACE_OUTER_BOUND('',#212,.T.);
#117=FACE_OUTER_BOUND('',#213,.T.);
#118=FACE_OUTER_BOUND('',#214,.T.);
#119=FACE_OUTER_BOUND('',#215,.T.);
#120=FACE_OUTER_BOUND('',#216,.T.);
#121=FACE_OUTER_BOUND('',#217,.T.);
#122=FACE_OUTER_BOUND('',#218,.T.);
#123=FACE_OUTER_BOUND('',#219,.T.);
#124=FACE_OUTER_BOUND('',#220,.T.);
#125=FACE_OUTER_BOUND('',#221,.T.);
#126=FACE_OUTER_BOUND('',#222,.T.);
#127=FACE_OUTER_BOUND('',#223,.T.);
#128=FACE_OUTER_BOUND('',#224,.T.);
#129=FACE_OUTER_BOUND('',#225,.T.);
#130=FACE_OUTER_BOUND('',#226,.T.);
#131=FACE_OUTER_BOUND('',#227,.T.);
#132=FACE_OUTER_BOUND('',#228,.T.);
#133=FACE_OUTER_BOUND('',#229,.T.);
#134=FACE_OUTER_BOUND('',#230,.T.);
#135=FACE_OUTER_BOUND('',#231,.T.);
#136=FACE_OUTER_BOUND('',#232,.T.);
#137=FACE_OUTER_BOUND('',#233,.T.);
#138=FACE_OUTER_BOUND('',#234,.T.);
#139=FACE_OUTER_BOUND('',#235,.T.);
#140=FACE_OUTER_BOUND('',#236,.T.);
#141=FACE_OUTER_BOUND('',#237,.T.);
#142=FACE_OUTER_BOUND('',#238,.T.);
#143=FACE_OUTER_BOUND('',#239,.T.);
#144=FACE_OUTER_BOUND('',#240,.T.);
#145=FACE_OUTER_BOUND('',#241,.T.);
#146=FACE_OUTER_BOUND('',#242,.T.);
#147=FACE_OUTER_BOUND('',#243,.T.);
#148=FACE_OUTER_BOUND('',#244,.T.);
#149=FACE_OUTER_BOUND('',#245,.T.);
#150=FACE_OUTER_BOUND('',#246,.T.);
#151=FACE_OUTER_BOUND('',#247,.T.);
#152=FACE_OUTER_BOUND('',#248,.T.);
#153=FACE_OUTER_BOUND('',#249,.T.);
#154=FACE_OUTER_BOUND('',#250,.T.);
#155=FACE_OUTER_BOUND('',#251,.T.);
#156=FACE_OUTER_BOUND('',#252,.T.);
#157=FACE_OUTER_BOUND('',#253,.T.);
#158=FACE_OUTER_BOUND('',#254,.T.);
#159=FACE_OUTER_BOUND('',#256,.T.);
#160=FACE_OUTER_BOUND('',#257,.T.);
#161=FACE_OUTER_BOUND('',#258,.T.);
#162=FACE_OUTER_BOUND('',#259,.T.);
#163=EDGE_LOOP('',(#1193,#1194,#1195,#1196));
#164=EDGE_LOOP('',(#1197));
#165=EDGE_LOOP('',(#1198,#1199,#1200,#1201));
#166=EDGE_LOOP('',(#1202,#1203,#1204,#1205));
#167=EDGE_LOOP('',(#1206,#1207,#1208,#1209));
#168=EDGE_LOOP('',(#1210,#1211,#1212,#1213));
#169=EDGE_LOOP('',(#1214,#1215,#1216,#1217));
#170=EDGE_LOOP('',(#1218,#1219,#1220,#1221));
#171=EDGE_LOOP('',(#1222,#1223,#1224,#1225));
#172=EDGE_LOOP('',(#1226,#1227,#1228,#1229));
#173=EDGE_LOOP('',(#1230,#1231,#1232,#1233));
#174=EDGE_LOOP('',(#1234,#1235,#1236,#1237));
#175=EDGE_LOOP('',(#1238,#1239,#1240,#1241));
#176=EDGE_LOOP('',(#1242,#1243,#1244,#1245));
#177=EDGE_LOOP('',(#1246,#1247,#1248,#1249));
#178=EDGE_LOOP('',(#1250,#1251,#1252,#1253));
#179=EDGE_LOOP('',(#1254,#1255,#1256,#1257));
#180=EDGE_LOOP('',(#1258,#1259,#1260,#1261));
#181=EDGE_LOOP('',(#1262,#1263,#1264,#1265));
#182=EDGE_LOOP('',(#1266,#1267,#1268,#1269));
#183=EDGE_LOOP('',(#1270,#1271,#1272,#1273));
#184=EDGE_LOOP('',(#1274,#1275,#1276,#1277));
#185=EDGE_LOOP('',(#1278,#1279,#1280,#1281));
#186=EDGE_LOOP('',(#1282,#1283,#1284,#1285));
#187=EDGE_LOOP('',(#1286,#1287,#1288,#1289));
#188=EDGE_LOOP('',(#1290,#1291,#1292,#1293));
#189=EDGE_LOOP('',(#1294,#1295,#1296,#1297));
#190=EDGE_LOOP('',(#1298,#1299,#1300,#1301));
#191=EDGE_LOOP('',(#1302,#1303,#1304,#1305));
#192=EDGE_LOOP('',(#1306,#1307,#1308,#1309));
#193=EDGE_LOOP('',(#1310,#1311,#1312,#1313));
#194=EDGE_LOOP('',(#1314,#1315,#1316,#1317));
#195=EDGE_LOOP('',(#1318,#1319,#1320,#1321));
#196=EDGE_LOOP('',(#1322,#1323,#1324,#1325));
#197=EDGE_LOOP('',(#1326,#1327,#1328,#1329));
#198=EDGE_LOOP('',(#1330,#1331,#1332,#1333));
#199=EDGE_LOOP('',(#1334,#1335,#1336,#1337));
#200=EDGE_LOOP('',(#1338,#1339,#1340,#1341));
#201=EDGE_LOOP('',(#1342,#1343,#1344,#1345));
#202=EDGE_LOOP('',(#1346,#1347,#1348,#1349));
#203=EDGE_LOOP('',(#1350,#1351,#1352,#1353));
#204=EDGE_LOOP('',(#1354,#1355,#1356,#1357));
#205=EDGE_LOOP('',(#1358,#1359,#1360,#1361));
#206=EDGE_LOOP('',(#1362,#1363,#1364,#1365));
#207=EDGE_LOOP('',(#1366,#1367,#1368,#1369));
#208=EDGE_LOOP('',(#1370,#1371,#1372,#1373));
#209=EDGE_LOOP('',(#1374,#1375,#1376,#1377));
#210=EDGE_LOOP('',(#1378,#1379,#1380,#1381));
#211=EDGE_LOOP('',(#1382,#1383,#1384,#1385));
#212=EDGE_LOOP('',(#1386,#1387,#1388,#1389));
#213=EDGE_LOOP('',(#1390,#1391,#1392,#1393));
#214=EDGE_LOOP('',(#1394,#1395,#1396,#1397));
#215=EDGE_LOOP('',(#1398,#1399,#1400,#1401));
#216=EDGE_LOOP('',(#1402,#1403,#1404,#1405));
#217=EDGE_LOOP('',(#1406,#1407,#1408,#1409));
#218=EDGE_LOOP('',(#1410,#1411,#1412,#1413));
#219=EDGE_LOOP('',(#1414,#1415,#1416,#1417));
#220=EDGE_LOOP('',(#1418,#1419,#1420,#1421));
#221=EDGE_LOOP('',(#1422,#1423,#1424,#1425));
#222=EDGE_LOOP('',(#1426,#1427,#1428,#1429));
#223=EDGE_LOOP('',(#1430,#1431,#1432,#1433));
#224=EDGE_LOOP('',(#1434,#1435,#1436,#1437));
#225=EDGE_LOOP('',(#1438,#1439,#1440,#1441));
#226=EDGE_LOOP('',(#1442,#1443,#1444,#1445));
#227=EDGE_LOOP('',(#1446,#1447,#1448,#1449));
#228=EDGE_LOOP('',(#1450,#1451,#1452,#1453));
#229=EDGE_LOOP('',(#1454,#1455,#1456,#1457));
#230=EDGE_LOOP('',(#1458,#1459,#1460,#1461));
#231=EDGE_LOOP('',(#1462,#1463,#1464,#1465));
#232=EDGE_LOOP('',(#1466,#1467,#1468,#1469));
#233=EDGE_LOOP('',(#1470,#1471,#1472,#1473));
#234=EDGE_LOOP('',(#1474,#1475,#1476,#1477));
#235=EDGE_LOOP('',(#1478,#1479,#1480,#1481));
#236=EDGE_LOOP('',(#1482,#1483,#1484,#1485));
#237=EDGE_LOOP('',(#1486,#1487,#1488,#1489));
#238=EDGE_LOOP('',(#1490,#1491,#1492,#1493));
#239=EDGE_LOOP('',(#1494,#1495,#1496,#1497));
#240=EDGE_LOOP('',(#1498,#1499,#1500,#1501));
#241=EDGE_LOOP('',(#1502,#1503,#1504,#1505,#1506,#1507,#1508,#1509,#1510,
#1511,#1512,#1513,#1514,#1515,#1516,#1517,#1518,#1519,#1520,#1521,#1522,
#1523,#1524,#1525,#1526,#1527,#1528,#1529,#1530,#1531,#1532,#1533,#1534,
#1535,#1536,#1537,#1538,#1539,#1540,#1541,#1542,#1543,#1544,#1545,#1546,
#1547,#1548,#1549,#1550,#1551,#1552,#1553,#1554,#1555,#1556,#1557,#1558,
#1559,#1560,#1561,#1562,#1563,#1564,#1565,#1566,#1567,#1568,#1569,#1570,
#1571,#1572,#1573,#1574,#1575,#1576,#1577,#1578,#1579,#1580,#1581,#1582,
#1583,#1584,#1585,#1586,#1587,#1588,#1589,#1590,#1591,#1592,#1593));
#242=EDGE_LOOP('',(#1594,#1595,#1596,#1597));
#243=EDGE_LOOP('',(#1598,#1599,#1600,#1601));
#244=EDGE_LOOP('',(#1602,#1603,#1604,#1605));
#245=EDGE_LOOP('',(#1606,#1607,#1608,#1609));
#246=EDGE_LOOP('',(#1610,#1611,#1612,#1613));
#247=EDGE_LOOP('',(#1614,#1615,#1616,#1617));
#248=EDGE_LOOP('',(#1618,#1619,#1620,#1621));
#249=EDGE_LOOP('',(#1622,#1623,#1624,#1625));
#250=EDGE_LOOP('',(#1626,#1627,#1628,#1629));
#251=EDGE_LOOP('',(#1630,#1631,#1632,#1633));
#252=EDGE_LOOP('',(#1634,#1635,#1636,#1637));
#253=EDGE_LOOP('',(#1638,#1639,#1640,#1641));
#254=EDGE_LOOP('',(#1642,#1643,#1644,#1645,#1646,#1647,#1648,#1649,#1650,
#1651,#1652,#1653,#1654,#1655,#1656,#1657,#1658,#1659,#1660,#1661,#1662,
#1663,#1664,#1665,#1666,#1667,#1668,#1669,#1670,#1671,#1672,#1673,#1674,
#1675,#1676,#1677,#1678,#1679,#1680,#1681,#1682,#1683,#1684,#1685,#1686,
#1687,#1688,#1689,#1690,#1691,#1692,#1693,#1694,#1695,#1696,#1697,#1698,
#1699,#1700,#1701,#1702,#1703,#1704,#1705,#1706,#1707,#1708,#1709,#1710,
#1711,#1712,#1713,#1714,#1715,#1716,#1717,#1718,#1719,#1720,#1721,#1722,
#1723,#1724,#1725,#1726,#1727,#1728,#1729,#1730,#1731,#1732,#1733));
#255=EDGE_LOOP('',(#1734));
#256=EDGE_LOOP('',(#1735,#1736,#1737,#1738));
#257=EDGE_LOOP('',(#1739,#1740,#1741,#1742));
#258=EDGE_LOOP('',(#1743,#1744,#1745,#1746));
#259=EDGE_LOOP('',(#1747,#1748,#1749,#1750));
#260=LINE('',#2660,#449);
#261=LINE('',#2666,#450);
#262=LINE('',#2670,#451);
#263=LINE('',#2675,#452);
#264=LINE('',#2679,#453);
#265=LINE('',#2684,#454);
#266=LINE('',#2688,#455);
#267=LINE('',#2693,#456);
#268=LINE('',#2697,#457);
#269=LINE('',#2702,#458);
#270=LINE('',#2706,#459);
#271=LINE('',#2711,#460);
#272=LINE('',#2715,#461);
#273=LINE('',#2720,#462);
#274=LINE('',#2724,#463);
#275=LINE('',#2729,#464);
#276=LINE('',#2733,#465);
#277=LINE('',#2738,#466);
#278=LINE('',#2742,#467);
#279=LINE('',#2747,#468);
#280=LINE('',#2751,#469);
#281=LINE('',#2756,#470);
#282=LINE('',#2760,#471);
#283=LINE('',#2765,#472);
#284=LINE('',#2769,#473);
#285=LINE('',#2774,#474);
#286=LINE('',#2778,#475);
#287=LINE('',#2783,#476);
#288=LINE('',#2787,#477);
#289=LINE('',#2792,#478);
#290=LINE('',#2796,#479);
#291=LINE('',#2801,#480);
#292=LINE('',#2805,#481);
#293=LINE('',#2810,#482);
#294=LINE('',#2814,#483);
#295=LINE('',#2819,#484);
#296=LINE('',#2823,#485);
#297=LINE('',#2828,#486);
#298=LINE('',#2832,#487);
#299=LINE('',#2837,#488);
#300=LINE('',#2841,#489);
#301=LINE('',#2846,#490);
#302=LINE('',#2850,#491);
#303=LINE('',#2855,#492);
#304=LINE('',#2859,#493);
#305=LINE('',#2864,#494);
#306=LINE('',#2868,#495);
#307=LINE('',#2873,#496);
#308=LINE('',#2877,#497);
#309=LINE('',#2882,#498);
#310=LINE('',#2886,#499);
#311=LINE('',#2891,#500);
#312=LINE('',#2895,#501);
#313=LINE('',#2900,#502);
#314=LINE('',#2904,#503);
#315=LINE('',#2909,#504);
#316=LINE('',#2913,#505);
#317=LINE('',#2918,#506);
#318=LINE('',#2922,#507);
#319=LINE('',#2927,#508);
#320=LINE('',#2931,#509);
#321=LINE('',#2936,#510);
#322=LINE('',#2940,#511);
#323=LINE('',#2945,#512);
#324=LINE('',#2949,#513);
#325=LINE('',#2954,#514);
#326=LINE('',#2958,#515);
#327=LINE('',#2963,#516);
#328=LINE('',#2967,#517);
#329=LINE('',#2972,#518);
#330=LINE('',#2976,#519);
#331=LINE('',#2981,#520);
#332=LINE('',#2985,#521);
#333=LINE('',#2990,#522);
#334=LINE('',#2994,#523);
#335=LINE('',#2999,#524);
#336=LINE('',#3003,#525);
#337=LINE('',#3008,#526);
#338=LINE('',#3012,#527);
#339=LINE('',#3017,#528);
#340=LINE('',#3021,#529);
#341=LINE('',#3026,#530);
#342=LINE('',#3030,#531);
#343=LINE('',#3035,#532);
#344=LINE('',#3039,#533);
#345=LINE('',#3044,#534);
#346=LINE('',#3048,#535);
#347=LINE('',#3052,#536);
#348=LINE('',#3054,#537);
#349=LINE('',#3055,#538);
#350=LINE('',#3057,#539);
#351=LINE('',#3058,#540);
#352=LINE('',#3060,#541);
#353=LINE('',#3061,#542);
#354=LINE('',#3063,#543);
#355=LINE('',#3064,#544);
#356=LINE('',#3066,#545);
#357=LINE('',#3067,#546);
#358=LINE('',#3069,#547);
#359=LINE('',#3070,#548);
#360=LINE('',#3072,#549);
#361=LINE('',#3073,#550);
#362=LINE('',#3076,#551);
#363=LINE('',#3078,#552);
#364=LINE('',#3079,#553);
#365=LINE('',#3081,#554);
#366=LINE('',#3082,#555);
#367=LINE('',#3084,#556);
#368=LINE('',#3085,#557);
#369=LINE('',#3087,#558);
#370=LINE('',#3088,#559);
#371=LINE('',#3092,#560);
#372=LINE('',#3094,#561);
#373=LINE('',#3096,#562);
#374=LINE('',#3097,#563);
#375=LINE('',#3099,#564);
#376=LINE('',#3100,#565);
#377=LINE('',#3102,#566);
#378=LINE('',#3103,#567);
#379=LINE('',#3106,#568);
#380=LINE('',#3108,#569);
#381=LINE('',#3109,#570);
#382=LINE('',#3111,#571);
#383=LINE('',#3112,#572);
#384=LINE('',#3114,#573);
#385=LINE('',#3115,#574);
#386=LINE('',#3117,#575);
#387=LINE('',#3118,#576);
#388=LINE('',#3122,#577);
#389=LINE('',#3123,#578);
#390=LINE('',#3124,#579);
#391=LINE('',#3126,#580);
#392=LINE('',#3127,#581);
#393=LINE('',#3129,#582);
#394=LINE('',#3130,#583);
#395=LINE('',#3132,#584);
#396=LINE('',#3133,#585);
#397=LINE('',#3135,#586);
#398=LINE('',#3136,#587);
#399=LINE('',#3138,#588);
#400=LINE('',#3139,#589);
#401=LINE('',#3141,#590);
#402=LINE('',#3142,#591);
#403=LINE('',#3144,#592);
#404=LINE('',#3145,#593);
#405=LINE('',#3147,#594);
#406=LINE('',#3148,#595);
#407=LINE('',#3150,#596);
#408=LINE('',#3151,#597);
#409=LINE('',#3153,#598);
#410=LINE('',#3154,#599);
#411=LINE('',#3156,#600);
#412=LINE('',#3157,#601);
#413=LINE('',#3159,#602);
#414=LINE('',#3160,#603);
#415=LINE('',#3162,#604);
#416=LINE('',#3163,#605);
#417=LINE('',#3165,#606);
#418=LINE('',#3166,#607);
#419=LINE('',#3168,#608);
#420=LINE('',#3170,#609);
#421=LINE('',#3171,#610);
#422=LINE('',#3172,#611);
#423=LINE('',#3173,#612);
#424=LINE('',#3174,#613);
#425=LINE('',#3175,#614);
#426=LINE('',#3176,#615);
#427=LINE('',#3177,#616);
#428=LINE('',#3178,#617);
#429=LINE('',#3179,#618);
#430=LINE('',#3180,#619);
#431=LINE('',#3181,#620);
#432=LINE('',#3182,#621);
#433=LINE('',#3183,#622);
#434=LINE('',#3185,#623);
#435=LINE('',#3187,#624);
#436=LINE('',#3189,#625);
#437=LINE('',#3191,#626);
#438=LINE('',#3193,#627);
#439=LINE('',#3195,#628);
#440=LINE('',#3197,#629);
#441=LINE('',#3199,#630);
#442=LINE('',#3201,#631);
#443=LINE('',#3203,#632);
#444=LINE('',#3205,#633);
#445=LINE('',#3209,#634);
#446=LINE('',#3210,#635);
#447=LINE('',#3211,#636);
#448=LINE('',#3212,#637);
#449=VECTOR('',#2098,0.25);
#450=VECTOR('',#2105,10.);
#451=VECTOR('',#2108,10.);
#452=VECTOR('',#2113,10.);
#453=VECTOR('',#2116,10.);
#454=VECTOR('',#2121,10.);
#455=VECTOR('',#2124,10.);
#456=VECTOR('',#2129,10.);
#457=VECTOR('',#2132,10.);
#458=VECTOR('',#2137,10.);
#459=VECTOR('',#2140,10.);
#460=VECTOR('',#2145,10.);
#461=VECTOR('',#2148,10.);
#462=VECTOR('',#2153,10.);
#463=VECTOR('',#2156,10.);
#464=VECTOR('',#2161,10.);
#465=VECTOR('',#2164,10.);
#466=VECTOR('',#2169,10.);
#467=VECTOR('',#2172,10.);
#468=VECTOR('',#2177,10.);
#469=VECTOR('',#2180,10.);
#470=VECTOR('',#2185,10.);
#471=VECTOR('',#2188,10.);
#472=VECTOR('',#2193,10.);
#473=VECTOR('',#2196,10.);
#474=VECTOR('',#2201,10.);
#475=VECTOR('',#2204,10.);
#476=VECTOR('',#2209,10.);
#477=VECTOR('',#2212,10.);
#478=VECTOR('',#2217,10.);
#479=VECTOR('',#2220,10.);
#480=VECTOR('',#2225,10.);
#481=VECTOR('',#2228,10.);
#482=VECTOR('',#2233,10.);
#483=VECTOR('',#2236,10.);
#484=VECTOR('',#2241,10.);
#485=VECTOR('',#2244,10.);
#486=VECTOR('',#2249,10.);
#487=VECTOR('',#2252,10.);
#488=VECTOR('',#2257,10.);
#489=VECTOR('',#2260,10.);
#490=VECTOR('',#2265,10.);
#491=VECTOR('',#2268,10.);
#492=VECTOR('',#2273,10.);
#493=VECTOR('',#2276,10.);
#494=VECTOR('',#2281,10.);
#495=VECTOR('',#2284,10.);
#496=VECTOR('',#2289,10.);
#497=VECTOR('',#2292,10.);
#498=VECTOR('',#2297,10.);
#499=VECTOR('',#2300,10.);
#500=VECTOR('',#2305,10.);
#501=VECTOR('',#2308,10.);
#502=VECTOR('',#2313,10.);
#503=VECTOR('',#2316,10.);
#504=VECTOR('',#2321,10.);
#505=VECTOR('',#2324,10.);
#506=VECTOR('',#2329,10.);
#507=VECTOR('',#2332,10.);
#508=VECTOR('',#2337,10.);
#509=VECTOR('',#2340,10.);
#510=VECTOR('',#2345,10.);
#511=VECTOR('',#2348,10.);
#512=VECTOR('',#2353,10.);
#513=VECTOR('',#2356,10.);
#514=VECTOR('',#2361,10.);
#515=VECTOR('',#2364,10.);
#516=VECTOR('',#2369,10.);
#517=VECTOR('',#2372,10.);
#518=VECTOR('',#2377,10.);
#519=VECTOR('',#2380,10.);
#520=VECTOR('',#2385,10.);
#521=VECTOR('',#2388,10.);
#522=VECTOR('',#2393,10.);
#523=VECTOR('',#2396,10.);
#524=VECTOR('',#2401,10.);
#525=VECTOR('',#2404,10.);
#526=VECTOR('',#2409,10.);
#527=VECTOR('',#2412,10.);
#528=VECTOR('',#2417,10.);
#529=VECTOR('',#2420,10.);
#530=VECTOR('',#2425,10.);
#531=VECTOR('',#2428,10.);
#532=VECTOR('',#2433,10.);
#533=VECTOR('',#2436,10.);
#534=VECTOR('',#2441,10.);
#535=VECTOR('',#2444,10.);
#536=VECTOR('',#2449,10.);
#537=VECTOR('',#2450,10.);
#538=VECTOR('',#2451,10.);
#539=VECTOR('',#2454,10.);
#540=VECTOR('',#2455,10.);
#541=VECTOR('',#2458,10.);
#542=VECTOR('',#2459,10.);
#543=VECTOR('',#2462,10.);
#544=VECTOR('',#2463,10.);
#545=VECTOR('',#2466,10.);
#546=VECTOR('',#2467,10.);
#547=VECTOR('',#2470,10.);
#548=VECTOR('',#2471,10.);
#549=VECTOR('',#2474,10.);
#550=VECTOR('',#2475,10.);
#551=VECTOR('',#2478,10.);
#552=VECTOR('',#2479,10.);
#553=VECTOR('',#2480,10.);
#554=VECTOR('',#2483,10.);
#555=VECTOR('',#2484,10.);
#556=VECTOR('',#2487,10.);
#557=VECTOR('',#2488,10.);
#558=VECTOR('',#2491,10.);
#559=VECTOR('',#2492,10.);
#560=VECTOR('',#2495,10.);
#561=VECTOR('',#2496,10.);
#562=VECTOR('',#2497,10.);
#563=VECTOR('',#2498,10.);
#564=VECTOR('',#2501,10.);
#565=VECTOR('',#2502,10.);
#566=VECTOR('',#2505,10.);
#567=VECTOR('',#2506,10.);
#568=VECTOR('',#2509,10.);
#569=VECTOR('',#2510,10.);
#570=VECTOR('',#2511,10.);
#571=VECTOR('',#2514,10.);
#572=VECTOR('',#2515,10.);
#573=VECTOR('',#2518,10.);
#574=VECTOR('',#2519,10.);
#575=VECTOR('',#2522,10.);
#576=VECTOR('',#2523,10.);
#577=VECTOR('',#2526,10.);
#578=VECTOR('',#2527,10.);
#579=VECTOR('',#2528,10.);
#580=VECTOR('',#2531,10.);
#581=VECTOR('',#2532,10.);
#582=VECTOR('',#2535,10.);
#583=VECTOR('',#2536,10.);
#584=VECTOR('',#2539,10.);
#585=VECTOR('',#2540,10.);
#586=VECTOR('',#2543,10.);
#587=VECTOR('',#2544,10.);
#588=VECTOR('',#2547,10.);
#589=VECTOR('',#2548,10.);
#590=VECTOR('',#2551,10.);
#591=VECTOR('',#2552,10.);
#592=VECTOR('',#2555,10.);
#593=VECTOR('',#2556,10.);
#594=VECTOR('',#2559,10.);
#595=VECTOR('',#2560,10.);
#596=VECTOR('',#2563,10.);
#597=VECTOR('',#2564,10.);
#598=VECTOR('',#2567,10.);
#599=VECTOR('',#2568,10.);
#600=VECTOR('',#2571,10.);
#601=VECTOR('',#2572,10.);
#602=VECTOR('',#2575,10.);
#603=VECTOR('',#2576,10.);
#604=VECTOR('',#2579,10.);
#605=VECTOR('',#2580,10.);
#606=VECTOR('',#2583,10.);
#607=VECTOR('',#2584,10.);
#608=VECTOR('',#2587,10.);
#609=VECTOR('',#2590,10.);
#610=VECTOR('',#2591,10.);
#611=VECTOR('',#2592,10.);
#612=VECTOR('',#2593,10.);
#613=VECTOR('',#2594,10.);
#614=VECTOR('',#2595,10.);
#615=VECTOR('',#2596,10.);
#616=VECTOR('',#2597,10.);
#617=VECTOR('',#2598,10.);
#618=VECTOR('',#2599,10.);
#619=VECTOR('',#2600,10.);
#620=VECTOR('',#2601,10.);
#621=VECTOR('',#2602,10.);
#622=VECTOR('',#2603,10.);
#623=VECTOR('',#2606,10.);
#624=VECTOR('',#2609,10.);
#625=VECTOR('',#2612,10.);
#626=VECTOR('',#2615,10.);
#627=VECTOR('',#2618,10.);
#628=VECTOR('',#2621,10.);
#629=VECTOR('',#2624,10.);
#630=VECTOR('',#2627,10.);
#631=VECTOR('',#2630,10.);
#632=VECTOR('',#2633,10.);
#633=VECTOR('',#2636,10.);
#634=VECTOR('',#2643,10.);
#635=VECTOR('',#2644,10.);
#636=VECTOR('',#2645,10.);
#637=VECTOR('',#2646,10.);
#638=CIRCLE('',#1907,0.25);
#639=CIRCLE('',#1908,0.25);
#640=CIRCLE('',#1911,0.175);
#641=CIRCLE('',#1912,0.175);
#642=CIRCLE('',#1914,0.175000000000001);
#643=CIRCLE('',#1915,0.175000000000001);
#644=CIRCLE('',#1917,0.175);
#645=CIRCLE('',#1918,0.175);
#646=CIRCLE('',#1920,0.175);
#647=CIRCLE('',#1921,0.175);
#648=CIRCLE('',#1923,0.175);
#649=CIRCLE('',#1924,0.175);
#650=CIRCLE('',#1926,0.175000000000001);
#651=CIRCLE('',#1927,0.175000000000001);
#652=CIRCLE('',#1929,0.175);
#653=CIRCLE('',#1930,0.175);
#654=CIRCLE('',#1932,0.175);
#655=CIRCLE('',#1933,0.175);
#656=CIRCLE('',#1935,0.175);
#657=CIRCLE('',#1936,0.175);
#658=CIRCLE('',#1938,0.175);
#659=CIRCLE('',#1939,0.175);
#660=CIRCLE('',#1941,0.175);
#661=CIRCLE('',#1942,0.175);
#662=CIRCLE('',#1944,0.175000000000001);
#663=CIRCLE('',#1945,0.175000000000001);
#664=CIRCLE('',#1947,0.175);
#665=CIRCLE('',#1948,0.175);
#666=CIRCLE('',#1950,0.175);
#667=CIRCLE('',#1951,0.175);
#668=CIRCLE('',#1953,0.175);
#669=CIRCLE('',#1954,0.175);
#670=CIRCLE('',#1956,0.175);
#671=CIRCLE('',#1957,0.175);
#672=CIRCLE('',#1959,0.175);
#673=CIRCLE('',#1960,0.175);
#674=CIRCLE('',#1962,0.175000000000001);
#675=CIRCLE('',#1963,0.175000000000001);
#676=CIRCLE('',#1965,0.175);
#677=CIRCLE('',#1966,0.175);
#678=CIRCLE('',#1968,0.175000000000001);
#679=CIRCLE('',#1969,0.175000000000001);
#680=CIRCLE('',#1971,0.175000000000001);
#681=CIRCLE('',#1972,0.175000000000001);
#682=CIRCLE('',#1974,0.175);
#683=CIRCLE('',#1975,0.175);
#684=CIRCLE('',#1977,0.175000000000001);
#685=CIRCLE('',#1978,0.175000000000001);
#686=CIRCLE('',#1980,0.175);
#687=CIRCLE('',#1981,0.175);
#688=CIRCLE('',#1983,0.175);
#689=CIRCLE('',#1984,0.175);
#690=CIRCLE('',#1986,0.175);
#691=CIRCLE('',#1987,0.175);
#692=CIRCLE('',#1989,0.175);
#693=CIRCLE('',#1990,0.175);
#694=CIRCLE('',#1992,0.175);
#695=CIRCLE('',#1993,0.175);
#696=CIRCLE('',#1995,0.175000000000001);
#697=CIRCLE('',#1996,0.175000000000001);
#698=CIRCLE('',#1998,0.175);
#699=CIRCLE('',#1999,0.175);
#700=CIRCLE('',#2001,0.175);
#701=CIRCLE('',#2002,0.175);
#702=CIRCLE('',#2004,0.175);
#703=CIRCLE('',#2005,0.175);
#704=CIRCLE('',#2007,0.175);
#705=CIRCLE('',#2008,0.175);
#706=CIRCLE('',#2010,0.175000000000001);
#707=CIRCLE('',#2011,0.175000000000001);
#708=CIRCLE('',#2013,0.175);
#709=CIRCLE('',#2014,0.175);
#710=CIRCLE('',#2016,0.175);
#711=CIRCLE('',#2017,0.175);
#712=CIRCLE('',#2019,0.175000000000001);
#713=CIRCLE('',#2020,0.175000000000001);
#714=CIRCLE('',#2022,0.175);
#715=CIRCLE('',#2023,0.175);
#716=CIRCLE('',#2025,0.175000000000001);
#717=CIRCLE('',#2026,0.175000000000001);
#718=CIRCLE('',#2028,0.175);
#719=CIRCLE('',#2029,0.175);
#720=CIRCLE('',#2031,0.175);
#721=CIRCLE('',#2032,0.175);
#722=CIRCLE('',#2034,0.175);
#723=CIRCLE('',#2035,0.175);
#724=CIRCLE('',#2037,0.175000000000001);
#725=CIRCLE('',#2038,0.175000000000001);
#726=CIRCLE('',#2073,0.175);
#727=CIRCLE('',#2086,0.175);
#728=VERTEX_POINT('',#2657);
#729=VERTEX_POINT('',#2659);
#730=VERTEX_POINT('',#2664);
#731=VERTEX_POINT('',#2665);
#732=VERTEX_POINT('',#2667);
#733=VERTEX_POINT('',#2669);
#734=VERTEX_POINT('',#2673);
#735=VERTEX_POINT('',#2674);
#736=VERTEX_POINT('',#2676);
#737=VERTEX_POINT('',#2678);
#738=VERTEX_POINT('',#2682);
#739=VERTEX_POINT('',#2683);
#740=VERTEX_POINT('',#2685);
#741=VERTEX_POINT('',#2687);
#742=VERTEX_POINT('',#2691);
#743=VERTEX_POINT('',#2692);
#744=VERTEX_POINT('',#2694);
#745=VERTEX_POINT('',#2696);
#746=VERTEX_POINT('',#2700);
#747=VERTEX_POINT('',#2701);
#748=VERTEX_POINT('',#2703);
#749=VERTEX_POINT('',#2705);
#750=VERTEX_POINT('',#2709);
#751=VERTEX_POINT('',#2710);
#752=VERTEX_POINT('',#2712);
#753=VERTEX_POINT('',#2714);
#754=VERTEX_POINT('',#2718);
#755=VERTEX_POINT('',#2719);
#756=VERTEX_POINT('',#2721);
#757=VERTEX_POINT('',#2723);
#758=VERTEX_POINT('',#2727);
#759=VERTEX_POINT('',#2728);
#760=VERTEX_POINT('',#2730);
#761=VERTEX_POINT('',#2732);
#762=VERTEX_POINT('',#2736);
#763=VERTEX_POINT('',#2737);
#764=VERTEX_POINT('',#2739);
#765=VERTEX_POINT('',#2741);
#766=VERTEX_POINT('',#2745);
#767=VERTEX_POINT('',#2746);
#768=VERTEX_POINT('',#2748);
#769=VERTEX_POINT('',#2750);
#770=VERTEX_POINT('',#2754);
#771=VERTEX_POINT('',#2755);
#772=VERTEX_POINT('',#2757);
#773=VERTEX_POINT('',#2759);
#774=VERTEX_POINT('',#2763);
#775=VERTEX_POINT('',#2764);
#776=VERTEX_POINT('',#2766);
#777=VERTEX_POINT('',#2768);
#778=VERTEX_POINT('',#2772);
#779=VERTEX_POINT('',#2773);
#780=VERTEX_POINT('',#2775);
#781=VERTEX_POINT('',#2777);
#782=VERTEX_POINT('',#2781);
#783=VERTEX_POINT('',#2782);
#784=VERTEX_POINT('',#2784);
#785=VERTEX_POINT('',#2786);
#786=VERTEX_POINT('',#2790);
#787=VERTEX_POINT('',#2791);
#788=VERTEX_POINT('',#2793);
#789=VERTEX_POINT('',#2795);
#790=VERTEX_POINT('',#2799);
#791=VERTEX_POINT('',#2800);
#792=VERTEX_POINT('',#2802);
#793=VERTEX_POINT('',#2804);
#794=VERTEX_POINT('',#2808);
#795=VERTEX_POINT('',#2809);
#796=VERTEX_POINT('',#2811);
#797=VERTEX_POINT('',#2813);
#798=VERTEX_POINT('',#2817);
#799=VERTEX_POINT('',#2818);
#800=VERTEX_POINT('',#2820);
#801=VERTEX_POINT('',#2822);
#802=VERTEX_POINT('',#2826);
#803=VERTEX_POINT('',#2827);
#804=VERTEX_POINT('',#2829);
#805=VERTEX_POINT('',#2831);
#806=VERTEX_POINT('',#2835);
#807=VERTEX_POINT('',#2836);
#808=VERTEX_POINT('',#2838);
#809=VERTEX_POINT('',#2840);
#810=VERTEX_POINT('',#2844);
#811=VERTEX_POINT('',#2845);
#812=VERTEX_POINT('',#2847);
#813=VERTEX_POINT('',#2849);
#814=VERTEX_POINT('',#2853);
#815=VERTEX_POINT('',#2854);
#816=VERTEX_POINT('',#2856);
#817=VERTEX_POINT('',#2858);
#818=VERTEX_POINT('',#2862);
#819=VERTEX_POINT('',#2863);
#820=VERTEX_POINT('',#2865);
#821=VERTEX_POINT('',#2867);
#822=VERTEX_POINT('',#2871);
#823=VERTEX_POINT('',#2872);
#824=VERTEX_POINT('',#2874);
#825=VERTEX_POINT('',#2876);
#826=VERTEX_POINT('',#2880);
#827=VERTEX_POINT('',#2881);
#828=VERTEX_POINT('',#2883);
#829=VERTEX_POINT('',#2885);
#830=VERTEX_POINT('',#2889);
#831=VERTEX_POINT('',#2890);
#832=VERTEX_POINT('',#2892);
#833=VERTEX_POINT('',#2894);
#834=VERTEX_POINT('',#2898);
#835=VERTEX_POINT('',#2899);
#836=VERTEX_POINT('',#2901);
#837=VERTEX_POINT('',#2903);
#838=VERTEX_POINT('',#2907);
#839=VERTEX_POINT('',#2908);
#840=VERTEX_POINT('',#2910);
#841=VERTEX_POINT('',#2912);
#842=VERTEX_POINT('',#2916);
#843=VERTEX_POINT('',#2917);
#844=VERTEX_POINT('',#2919);
#845=VERTEX_POINT('',#2921);
#846=VERTEX_POINT('',#2925);
#847=VERTEX_POINT('',#2926);
#848=VERTEX_POINT('',#2928);
#849=VERTEX_POINT('',#2930);
#850=VERTEX_POINT('',#2934);
#851=VERTEX_POINT('',#2935);
#852=VERTEX_POINT('',#2937);
#853=VERTEX_POINT('',#2939);
#854=VERTEX_POINT('',#2943);
#855=VERTEX_POINT('',#2944);
#856=VERTEX_POINT('',#2946);
#857=VERTEX_POINT('',#2948);
#858=VERTEX_POINT('',#2952);
#859=VERTEX_POINT('',#2953);
#860=VERTEX_POINT('',#2955);
#861=VERTEX_POINT('',#2957);
#862=VERTEX_POINT('',#2961);
#863=VERTEX_POINT('',#2962);
#864=VERTEX_POINT('',#2964);
#865=VERTEX_POINT('',#2966);
#866=VERTEX_POINT('',#2970);
#867=VERTEX_POINT('',#2971);
#868=VERTEX_POINT('',#2973);
#869=VERTEX_POINT('',#2975);
#870=VERTEX_POINT('',#2979);
#871=VERTEX_POINT('',#2980);
#872=VERTEX_POINT('',#2982);
#873=VERTEX_POINT('',#2984);
#874=VERTEX_POINT('',#2988);
#875=VERTEX_POINT('',#2989);
#876=VERTEX_POINT('',#2991);
#877=VERTEX_POINT('',#2993);
#878=VERTEX_POINT('',#2997);
#879=VERTEX_POINT('',#2998);
#880=VERTEX_POINT('',#3000);
#881=VERTEX_POINT('',#3002);
#882=VERTEX_POINT('',#3006);
#883=VERTEX_POINT('',#3007);
#884=VERTEX_POINT('',#3009);
#885=VERTEX_POINT('',#3011);
#886=VERTEX_POINT('',#3015);
#887=VERTEX_POINT('',#3016);
#888=VERTEX_POINT('',#3018);
#889=VERTEX_POINT('',#3020);
#890=VERTEX_POINT('',#3024);
#891=VERTEX_POINT('',#3025);
#892=VERTEX_POINT('',#3027);
#893=VERTEX_POINT('',#3029);
#894=VERTEX_POINT('',#3033);
#895=VERTEX_POINT('',#3034);
#896=VERTEX_POINT('',#3036);
#897=VERTEX_POINT('',#3038);
#898=VERTEX_POINT('',#3042);
#899=VERTEX_POINT('',#3043);
#900=VERTEX_POINT('',#3045);
#901=VERTEX_POINT('',#3047);
#902=VERTEX_POINT('',#3051);
#903=VERTEX_POINT('',#3053);
#904=VERTEX_POINT('',#3075);
#905=VERTEX_POINT('',#3077);
#906=VERTEX_POINT('',#3090);
#907=VERTEX_POINT('',#3091);
#908=VERTEX_POINT('',#3093);
#909=VERTEX_POINT('',#3095);
#910=VERTEX_POINT('',#3105);
#911=VERTEX_POINT('',#3107);
#912=VERTEX_POINT('',#3120);
#913=VERTEX_POINT('',#3121);
#914=EDGE_CURVE('',#728,#728,#638,.T.);
#915=EDGE_CURVE('',#728,#729,#260,.T.);
#916=EDGE_CURVE('',#729,#729,#639,.T.);
#917=EDGE_CURVE('',#730,#731,#261,.T.);
#918=EDGE_CURVE('',#732,#730,#640,.T.);
#919=EDGE_CURVE('',#733,#732,#262,.T.);
#920=EDGE_CURVE('',#731,#733,#641,.T.);
#921=EDGE_CURVE('',#734,#735,#263,.T.);
#922=EDGE_CURVE('',#736,#734,#642,.T.);
#923=EDGE_CURVE('',#737,#736,#264,.T.);
#924=EDGE_CURVE('',#735,#737,#643,.T.);
#925=EDGE_CURVE('',#738,#739,#265,.T.);
#926=EDGE_CURVE('',#740,#738,#644,.T.);
#927=EDGE_CURVE('',#741,#740,#266,.T.);
#928=EDGE_CURVE('',#739,#741,#645,.T.);
#929=EDGE_CURVE('',#742,#743,#267,.T.);
#930=EDGE_CURVE('',#744,#742,#646,.T.);
#931=EDGE_CURVE('',#745,#744,#268,.T.);
#932=EDGE_CURVE('',#743,#745,#647,.T.);
#933=EDGE_CURVE('',#746,#747,#269,.T.);
#934=EDGE_CURVE('',#748,#746,#648,.T.);
#935=EDGE_CURVE('',#749,#748,#270,.T.);
#936=EDGE_CURVE('',#747,#749,#649,.T.);
#937=EDGE_CURVE('',#750,#751,#271,.T.);
#938=EDGE_CURVE('',#752,#750,#650,.T.);
#939=EDGE_CURVE('',#753,#752,#272,.T.);
#940=EDGE_CURVE('',#751,#753,#651,.T.);
#941=EDGE_CURVE('',#754,#755,#273,.T.);
#942=EDGE_CURVE('',#756,#754,#652,.T.);
#943=EDGE_CURVE('',#757,#756,#274,.T.);
#944=EDGE_CURVE('',#755,#757,#653,.T.);
#945=EDGE_CURVE('',#758,#759,#275,.T.);
#946=EDGE_CURVE('',#760,#758,#654,.T.);
#947=EDGE_CURVE('',#761,#760,#276,.T.);
#948=EDGE_CURVE('',#759,#761,#655,.T.);
#949=EDGE_CURVE('',#762,#763,#277,.T.);
#950=EDGE_CURVE('',#764,#762,#656,.T.);
#951=EDGE_CURVE('',#765,#764,#278,.T.);
#952=EDGE_CURVE('',#763,#765,#657,.T.);
#953=EDGE_CURVE('',#766,#767,#279,.T.);
#954=EDGE_CURVE('',#768,#766,#658,.T.);
#955=EDGE_CURVE('',#769,#768,#280,.T.);
#956=EDGE_CURVE('',#767,#769,#659,.T.);
#957=EDGE_CURVE('',#770,#771,#281,.T.);
#958=EDGE_CURVE('',#772,#770,#660,.T.);
#959=EDGE_CURVE('',#773,#772,#282,.T.);
#960=EDGE_CURVE('',#771,#773,#661,.T.);
#961=EDGE_CURVE('',#774,#775,#283,.T.);
#962=EDGE_CURVE('',#776,#774,#662,.T.);
#963=EDGE_CURVE('',#777,#776,#284,.T.);
#964=EDGE_CURVE('',#775,#777,#663,.T.);
#965=EDGE_CURVE('',#778,#779,#285,.T.);
#966=EDGE_CURVE('',#780,#778,#664,.T.);
#967=EDGE_CURVE('',#781,#780,#286,.T.);
#968=EDGE_CURVE('',#779,#781,#665,.T.);
#969=EDGE_CURVE('',#782,#783,#287,.T.);
#970=EDGE_CURVE('',#784,#782,#666,.T.);
#971=EDGE_CURVE('',#785,#784,#288,.T.);
#972=EDGE_CURVE('',#783,#785,#667,.T.);
#973=EDGE_CURVE('',#786,#787,#289,.T.);
#974=EDGE_CURVE('',#788,#786,#668,.T.);
#975=EDGE_CURVE('',#789,#788,#290,.T.);
#976=EDGE_CURVE('',#787,#789,#669,.T.);
#977=EDGE_CURVE('',#790,#791,#291,.T.);
#978=EDGE_CURVE('',#792,#790,#670,.T.);
#979=EDGE_CURVE('',#793,#792,#292,.T.);
#980=EDGE_CURVE('',#791,#793,#671,.T.);
#981=EDGE_CURVE('',#794,#795,#293,.T.);
#982=EDGE_CURVE('',#796,#794,#672,.T.);
#983=EDGE_CURVE('',#797,#796,#294,.T.);
#984=EDGE_CURVE('',#795,#797,#673,.T.);
#985=EDGE_CURVE('',#798,#799,#295,.T.);
#986=EDGE_CURVE('',#800,#798,#674,.T.);
#987=EDGE_CURVE('',#801,#800,#296,.T.);
#988=EDGE_CURVE('',#799,#801,#675,.T.);
#989=EDGE_CURVE('',#802,#803,#297,.T.);
#990=EDGE_CURVE('',#804,#802,#676,.T.);
#991=EDGE_CURVE('',#805,#804,#298,.T.);
#992=EDGE_CURVE('',#803,#805,#677,.T.);
#993=EDGE_CURVE('',#806,#807,#299,.T.);
#994=EDGE_CURVE('',#808,#806,#678,.T.);
#995=EDGE_CURVE('',#809,#808,#300,.T.);
#996=EDGE_CURVE('',#807,#809,#679,.T.);
#997=EDGE_CURVE('',#810,#811,#301,.T.);
#998=EDGE_CURVE('',#812,#810,#680,.T.);
#999=EDGE_CURVE('',#813,#812,#302,.T.);
#1000=EDGE_CURVE('',#811,#813,#681,.T.);
#1001=EDGE_CURVE('',#814,#815,#303,.T.);
#1002=EDGE_CURVE('',#816,#814,#682,.T.);
#1003=EDGE_CURVE('',#817,#816,#304,.T.);
#1004=EDGE_CURVE('',#815,#817,#683,.T.);
#1005=EDGE_CURVE('',#818,#819,#305,.T.);
#1006=EDGE_CURVE('',#820,#818,#684,.T.);
#1007=EDGE_CURVE('',#821,#820,#306,.T.);
#1008=EDGE_CURVE('',#819,#821,#685,.T.);
#1009=EDGE_CURVE('',#822,#823,#307,.T.);
#1010=EDGE_CURVE('',#824,#822,#686,.T.);
#1011=EDGE_CURVE('',#825,#824,#308,.T.);
#1012=EDGE_CURVE('',#823,#825,#687,.T.);
#1013=EDGE_CURVE('',#826,#827,#309,.T.);
#1014=EDGE_CURVE('',#828,#826,#688,.T.);
#1015=EDGE_CURVE('',#829,#828,#310,.T.);
#1016=EDGE_CURVE('',#827,#829,#689,.T.);
#1017=EDGE_CURVE('',#830,#831,#311,.T.);
#1018=EDGE_CURVE('',#832,#830,#690,.T.);
#1019=EDGE_CURVE('',#833,#832,#312,.T.);
#1020=EDGE_CURVE('',#831,#833,#691,.T.);
#1021=EDGE_CURVE('',#834,#835,#313,.T.);
#1022=EDGE_CURVE('',#836,#834,#692,.T.);
#1023=EDGE_CURVE('',#837,#836,#314,.T.);
#1024=EDGE_CURVE('',#835,#837,#693,.T.);
#1025=EDGE_CURVE('',#838,#839,#315,.T.);
#1026=EDGE_CURVE('',#840,#838,#694,.T.);
#1027=EDGE_CURVE('',#841,#840,#316,.T.);
#1028=EDGE_CURVE('',#839,#841,#695,.T.);
#1029=EDGE_CURVE('',#842,#843,#317,.T.);
#1030=EDGE_CURVE('',#844,#842,#696,.T.);
#1031=EDGE_CURVE('',#845,#844,#318,.T.);
#1032=EDGE_CURVE('',#843,#845,#697,.T.);
#1033=EDGE_CURVE('',#846,#847,#319,.T.);
#1034=EDGE_CURVE('',#848,#846,#698,.T.);
#1035=EDGE_CURVE('',#849,#848,#320,.T.);
#1036=EDGE_CURVE('',#847,#849,#699,.T.);
#1037=EDGE_CURVE('',#850,#851,#321,.T.);
#1038=EDGE_CURVE('',#852,#850,#700,.T.);
#1039=EDGE_CURVE('',#853,#852,#322,.T.);
#1040=EDGE_CURVE('',#851,#853,#701,.T.);
#1041=EDGE_CURVE('',#854,#855,#323,.T.);
#1042=EDGE_CURVE('',#856,#854,#702,.T.);
#1043=EDGE_CURVE('',#857,#856,#324,.T.);
#1044=EDGE_CURVE('',#855,#857,#703,.T.);
#1045=EDGE_CURVE('',#858,#859,#325,.T.);
#1046=EDGE_CURVE('',#860,#858,#704,.T.);
#1047=EDGE_CURVE('',#861,#860,#326,.T.);
#1048=EDGE_CURVE('',#859,#861,#705,.T.);
#1049=EDGE_CURVE('',#862,#863,#327,.T.);
#1050=EDGE_CURVE('',#864,#862,#706,.T.);
#1051=EDGE_CURVE('',#865,#864,#328,.T.);
#1052=EDGE_CURVE('',#863,#865,#707,.T.);
#1053=EDGE_CURVE('',#866,#867,#329,.T.);
#1054=EDGE_CURVE('',#868,#866,#708,.T.);
#1055=EDGE_CURVE('',#869,#868,#330,.T.);
#1056=EDGE_CURVE('',#867,#869,#709,.T.);
#1057=EDGE_CURVE('',#870,#871,#331,.T.);
#1058=EDGE_CURVE('',#872,#870,#710,.T.);
#1059=EDGE_CURVE('',#873,#872,#332,.T.);
#1060=EDGE_CURVE('',#871,#873,#711,.T.);
#1061=EDGE_CURVE('',#874,#875,#333,.T.);
#1062=EDGE_CURVE('',#876,#874,#712,.T.);
#1063=EDGE_CURVE('',#877,#876,#334,.T.);
#1064=EDGE_CURVE('',#875,#877,#713,.T.);
#1065=EDGE_CURVE('',#878,#879,#335,.T.);
#1066=EDGE_CURVE('',#880,#878,#714,.T.);
#1067=EDGE_CURVE('',#881,#880,#336,.T.);
#1068=EDGE_CURVE('',#879,#881,#715,.T.);
#1069=EDGE_CURVE('',#882,#883,#337,.T.);
#1070=EDGE_CURVE('',#884,#882,#716,.T.);
#1071=EDGE_CURVE('',#885,#884,#338,.T.);
#1072=EDGE_CURVE('',#883,#885,#717,.T.);
#1073=EDGE_CURVE('',#886,#887,#339,.T.);
#1074=EDGE_CURVE('',#888,#886,#718,.T.);
#1075=EDGE_CURVE('',#889,#888,#340,.T.);
#1076=EDGE_CURVE('',#887,#889,#719,.T.);
#1077=EDGE_CURVE('',#890,#891,#341,.T.);
#1078=EDGE_CURVE('',#892,#890,#720,.T.);
#1079=EDGE_CURVE('',#893,#892,#342,.T.);
#1080=EDGE_CURVE('',#891,#893,#721,.T.);
#1081=EDGE_CURVE('',#894,#895,#343,.T.);
#1082=EDGE_CURVE('',#896,#894,#722,.T.);
#1083=EDGE_CURVE('',#897,#896,#344,.T.);
#1084=EDGE_CURVE('',#895,#897,#723,.T.);
#1085=EDGE_CURVE('',#898,#899,#345,.T.);
#1086=EDGE_CURVE('',#900,#898,#724,.T.);
#1087=EDGE_CURVE('',#901,#900,#346,.T.);
#1088=EDGE_CURVE('',#899,#901,#725,.T.);
#1089=EDGE_CURVE('',#902,#760,#347,.T.);
#1090=EDGE_CURVE('',#903,#902,#348,.T.);
#1091=EDGE_CURVE('',#903,#761,#349,.T.);
#1092=EDGE_CURVE('',#866,#832,#350,.T.);
#1093=EDGE_CURVE('',#867,#833,#351,.T.);
#1094=EDGE_CURVE('',#838,#796,#352,.T.);
#1095=EDGE_CURVE('',#839,#797,#353,.T.);
#1096=EDGE_CURVE('',#830,#764,#354,.T.);
#1097=EDGE_CURVE('',#831,#765,#355,.T.);
#1098=EDGE_CURVE('',#826,#804,#356,.T.);
#1099=EDGE_CURVE('',#827,#805,#357,.T.);
#1100=EDGE_CURVE('',#822,#816,#358,.T.);
#1101=EDGE_CURVE('',#823,#817,#359,.T.);
#1102=EDGE_CURVE('',#814,#744,#360,.T.);
#1103=EDGE_CURVE('',#815,#745,#361,.T.);
#1104=EDGE_CURVE('',#803,#904,#362,.T.);
#1105=EDGE_CURVE('',#904,#905,#363,.T.);
#1106=EDGE_CURVE('',#802,#905,#364,.T.);
#1107=EDGE_CURVE('',#795,#869,#365,.T.);
#1108=EDGE_CURVE('',#794,#868,#366,.T.);
#1109=EDGE_CURVE('',#763,#825,#367,.T.);
#1110=EDGE_CURVE('',#762,#824,#368,.T.);
#1111=EDGE_CURVE('',#759,#841,#369,.T.);
#1112=EDGE_CURVE('',#758,#840,#370,.T.);
#1113=EDGE_CURVE('',#906,#907,#371,.T.);
#1114=EDGE_CURVE('',#908,#907,#372,.T.);
#1115=EDGE_CURVE('',#909,#908,#373,.T.);
#1116=EDGE_CURVE('',#909,#906,#374,.T.);
#1117=EDGE_CURVE('',#878,#784,#375,.T.);
#1118=EDGE_CURVE('',#879,#785,#376,.T.);
#1119=EDGE_CURVE('',#871,#881,#377,.T.);
#1120=EDGE_CURVE('',#870,#880,#378,.T.);
#1121=EDGE_CURVE('',#859,#910,#379,.T.);
#1122=EDGE_CURVE('',#910,#911,#380,.T.);
#1123=EDGE_CURVE('',#858,#911,#381,.T.);
#1124=EDGE_CURVE('',#854,#780,#382,.T.);
#1125=EDGE_CURVE('',#855,#781,#383,.T.);
#1126=EDGE_CURVE('',#851,#861,#384,.T.);
#1127=EDGE_CURVE('',#850,#860,#385,.T.);
#1128=EDGE_CURVE('',#835,#873,#386,.T.);
#1129=EDGE_CURVE('',#834,#872,#387,.T.);
#1130=EDGE_CURVE('',#912,#913,#388,.T.);
#1131=EDGE_CURVE('',#913,#837,#389,.T.);
#1132=EDGE_CURVE('',#912,#836,#390,.T.);
#1133=EDGE_CURVE('',#782,#756,#391,.T.);
#1134=EDGE_CURVE('',#783,#757,#392,.T.);
#1135=EDGE_CURVE('',#778,#768,#393,.T.);
#1136=EDGE_CURVE('',#779,#769,#394,.T.);
#1137=EDGE_CURVE('',#767,#853,#395,.T.);
#1138=EDGE_CURVE('',#766,#852,#396,.T.);
#1139=EDGE_CURVE('',#911,#776,#397,.T.);
#1140=EDGE_CURVE('',#910,#777,#398,.T.);
#1141=EDGE_CURVE('',#894,#732,#399,.T.);
#1142=EDGE_CURVE('',#895,#733,#400,.T.);
#1143=EDGE_CURVE('',#883,#903,#401,.T.);
#1144=EDGE_CURVE('',#882,#902,#402,.T.);
#1145=EDGE_CURVE('',#862,#844,#403,.T.);
#1146=EDGE_CURVE('',#863,#845,#404,.T.);
#1147=EDGE_CURVE('',#842,#748,#405,.T.);
#1148=EDGE_CURVE('',#843,#749,#406,.T.);
#1149=EDGE_CURVE('',#806,#800,#407,.T.);
#1150=EDGE_CURVE('',#807,#801,#408,.T.);
#1151=EDGE_CURVE('',#799,#885,#409,.T.);
#1152=EDGE_CURVE('',#798,#884,#410,.T.);
#1153=EDGE_CURVE('',#791,#897,#411,.T.);
#1154=EDGE_CURVE('',#790,#896,#412,.T.);
#1155=EDGE_CURVE('',#787,#793,#413,.T.);
#1156=EDGE_CURVE('',#786,#792,#414,.T.);
#1157=EDGE_CURVE('',#775,#865,#415,.T.);
#1158=EDGE_CURVE('',#774,#864,#416,.T.);
#1159=EDGE_CURVE('',#747,#789,#417,.T.);
#1160=EDGE_CURVE('',#746,#788,#418,.T.);
#1161=EDGE_CURVE('',#755,#857,#419,.T.);
#1162=EDGE_CURVE('',#913,#906,#726,.T.);
#1163=EDGE_CURVE('',#751,#909,#420,.T.);
#1164=EDGE_CURVE('',#819,#753,#421,.T.);
#1165=EDGE_CURVE('',#899,#821,#422,.T.);
#1166=EDGE_CURVE('',#891,#901,#423,.T.);
#1167=EDGE_CURVE('',#887,#893,#424,.T.);
#1168=EDGE_CURVE('',#739,#889,#425,.T.);
#1169=EDGE_CURVE('',#847,#741,#426,.T.);
#1170=EDGE_CURVE('',#771,#849,#427,.T.);
#1171=EDGE_CURVE('',#875,#773,#428,.T.);
#1172=EDGE_CURVE('',#811,#877,#429,.T.);
#1173=EDGE_CURVE('',#735,#813,#430,.T.);
#1174=EDGE_CURVE('',#904,#737,#431,.T.);
#1175=EDGE_CURVE('',#743,#829,#432,.T.);
#1176=EDGE_CURVE('',#731,#809,#433,.T.);
#1177=EDGE_CURVE('',#905,#736,#434,.T.);
#1178=EDGE_CURVE('',#898,#820,#435,.T.);
#1179=EDGE_CURVE('',#890,#900,#436,.T.);
#1180=EDGE_CURVE('',#886,#892,#437,.T.);
#1181=EDGE_CURVE('',#874,#772,#438,.T.);
#1182=EDGE_CURVE('',#846,#740,#439,.T.);
#1183=EDGE_CURVE('',#818,#752,#440,.T.);
#1184=EDGE_CURVE('',#810,#876,#441,.T.);
#1185=EDGE_CURVE('',#770,#848,#442,.T.);
#1186=EDGE_CURVE('',#750,#908,#443,.T.);
#1187=EDGE_CURVE('',#738,#888,#444,.T.);
#1188=EDGE_CURVE('',#907,#912,#727,.T.);
#1189=EDGE_CURVE('',#730,#808,#445,.T.);
#1190=EDGE_CURVE('',#742,#828,#446,.T.);
#1191=EDGE_CURVE('',#734,#812,#447,.T.);
#1192=EDGE_CURVE('',#754,#856,#448,.T.);
#1193=ORIENTED_EDGE('',*,*,#914,.F.);
#1194=ORIENTED_EDGE('',*,*,#915,.T.);
#1195=ORIENTED_EDGE('',*,*,#916,.T.);
#1196=ORIENTED_EDGE('',*,*,#915,.F.);
#1197=ORIENTED_EDGE('',*,*,#916,.F.);
#1198=ORIENTED_EDGE('',*,*,#917,.F.);
#1199=ORIENTED_EDGE('',*,*,#918,.F.);
#1200=ORIENTED_EDGE('',*,*,#919,.F.);
#1201=ORIENTED_EDGE('',*,*,#920,.F.);
#1202=ORIENTED_EDGE('',*,*,#921,.F.);
#1203=ORIENTED_EDGE('',*,*,#922,.F.);
#1204=ORIENTED_EDGE('',*,*,#923,.F.);
#1205=ORIENTED_EDGE('',*,*,#924,.F.);
#1206=ORIENTED_EDGE('',*,*,#925,.F.);
#1207=ORIENTED_EDGE('',*,*,#926,.F.);
#1208=ORIENTED_EDGE('',*,*,#927,.F.);
#1209=ORIENTED_EDGE('',*,*,#928,.F.);
#1210=ORIENTED_EDGE('',*,*,#929,.F.);
#1211=ORIENTED_EDGE('',*,*,#930,.F.);
#1212=ORIENTED_EDGE('',*,*,#931,.F.);
#1213=ORIENTED_EDGE('',*,*,#932,.F.);
#1214=ORIENTED_EDGE('',*,*,#933,.F.);
#1215=ORIENTED_EDGE('',*,*,#934,.F.);
#1216=ORIENTED_EDGE('',*,*,#935,.F.);
#1217=ORIENTED_EDGE('',*,*,#936,.F.);
#1218=ORIENTED_EDGE('',*,*,#937,.F.);
#1219=ORIENTED_EDGE('',*,*,#938,.F.);
#1220=ORIENTED_EDGE('',*,*,#939,.F.);
#1221=ORIENTED_EDGE('',*,*,#940,.F.);
#1222=ORIENTED_EDGE('',*,*,#941,.F.);
#1223=ORIENTED_EDGE('',*,*,#942,.F.);
#1224=ORIENTED_EDGE('',*,*,#943,.F.);
#1225=ORIENTED_EDGE('',*,*,#944,.F.);
#1226=ORIENTED_EDGE('',*,*,#945,.F.);
#1227=ORIENTED_EDGE('',*,*,#946,.F.);
#1228=ORIENTED_EDGE('',*,*,#947,.F.);
#1229=ORIENTED_EDGE('',*,*,#948,.F.);
#1230=ORIENTED_EDGE('',*,*,#949,.F.);
#1231=ORIENTED_EDGE('',*,*,#950,.F.);
#1232=ORIENTED_EDGE('',*,*,#951,.F.);
#1233=ORIENTED_EDGE('',*,*,#952,.F.);
#1234=ORIENTED_EDGE('',*,*,#953,.F.);
#1235=ORIENTED_EDGE('',*,*,#954,.F.);
#1236=ORIENTED_EDGE('',*,*,#955,.F.);
#1237=ORIENTED_EDGE('',*,*,#956,.F.);
#1238=ORIENTED_EDGE('',*,*,#957,.F.);
#1239=ORIENTED_EDGE('',*,*,#958,.F.);
#1240=ORIENTED_EDGE('',*,*,#959,.F.);
#1241=ORIENTED_EDGE('',*,*,#960,.F.);
#1242=ORIENTED_EDGE('',*,*,#961,.F.);
#1243=ORIENTED_EDGE('',*,*,#962,.F.);
#1244=ORIENTED_EDGE('',*,*,#963,.F.);
#1245=ORIENTED_EDGE('',*,*,#964,.F.);
#1246=ORIENTED_EDGE('',*,*,#965,.F.);
#1247=ORIENTED_EDGE('',*,*,#966,.F.);
#1248=ORIENTED_EDGE('',*,*,#967,.F.);
#1249=ORIENTED_EDGE('',*,*,#968,.F.);
#1250=ORIENTED_EDGE('',*,*,#969,.F.);
#1251=ORIENTED_EDGE('',*,*,#970,.F.);
#1252=ORIENTED_EDGE('',*,*,#971,.F.);
#1253=ORIENTED_EDGE('',*,*,#972,.F.);
#1254=ORIENTED_EDGE('',*,*,#973,.F.);
#1255=ORIENTED_EDGE('',*,*,#974,.F.);
#1256=ORIENTED_EDGE('',*,*,#975,.F.);
#1257=ORIENTED_EDGE('',*,*,#976,.F.);
#1258=ORIENTED_EDGE('',*,*,#977,.F.);
#1259=ORIENTED_EDGE('',*,*,#978,.F.);
#1260=ORIENTED_EDGE('',*,*,#979,.F.);
#1261=ORIENTED_EDGE('',*,*,#980,.F.);
#1262=ORIENTED_EDGE('',*,*,#981,.F.);
#1263=ORIENTED_EDGE('',*,*,#982,.F.);
#1264=ORIENTED_EDGE('',*,*,#983,.F.);
#1265=ORIENTED_EDGE('',*,*,#984,.F.);
#1266=ORIENTED_EDGE('',*,*,#985,.F.);
#1267=ORIENTED_EDGE('',*,*,#986,.F.);
#1268=ORIENTED_EDGE('',*,*,#987,.F.);
#1269=ORIENTED_EDGE('',*,*,#988,.F.);
#1270=ORIENTED_EDGE('',*,*,#989,.F.);
#1271=ORIENTED_EDGE('',*,*,#990,.F.);
#1272=ORIENTED_EDGE('',*,*,#991,.F.);
#1273=ORIENTED_EDGE('',*,*,#992,.F.);
#1274=ORIENTED_EDGE('',*,*,#993,.F.);
#1275=ORIENTED_EDGE('',*,*,#994,.F.);
#1276=ORIENTED_EDGE('',*,*,#995,.F.);
#1277=ORIENTED_EDGE('',*,*,#996,.F.);
#1278=ORIENTED_EDGE('',*,*,#997,.F.);
#1279=ORIENTED_EDGE('',*,*,#998,.F.);
#1280=ORIENTED_EDGE('',*,*,#999,.F.);
#1281=ORIENTED_EDGE('',*,*,#1000,.F.);
#1282=ORIENTED_EDGE('',*,*,#1001,.F.);
#1283=ORIENTED_EDGE('',*,*,#1002,.F.);
#1284=ORIENTED_EDGE('',*,*,#1003,.F.);
#1285=ORIENTED_EDGE('',*,*,#1004,.F.);
#1286=ORIENTED_EDGE('',*,*,#1005,.F.);
#1287=ORIENTED_EDGE('',*,*,#1006,.F.);
#1288=ORIENTED_EDGE('',*,*,#1007,.F.);
#1289=ORIENTED_EDGE('',*,*,#1008,.F.);
#1290=ORIENTED_EDGE('',*,*,#1009,.F.);
#1291=ORIENTED_EDGE('',*,*,#1010,.F.);
#1292=ORIENTED_EDGE('',*,*,#1011,.F.);
#1293=ORIENTED_EDGE('',*,*,#1012,.F.);
#1294=ORIENTED_EDGE('',*,*,#1013,.F.);
#1295=ORIENTED_EDGE('',*,*,#1014,.F.);
#1296=ORIENTED_EDGE('',*,*,#1015,.F.);
#1297=ORIENTED_EDGE('',*,*,#1016,.F.);
#1298=ORIENTED_EDGE('',*,*,#1017,.F.);
#1299=ORIENTED_EDGE('',*,*,#1018,.F.);
#1300=ORIENTED_EDGE('',*,*,#1019,.F.);
#1301=ORIENTED_EDGE('',*,*,#1020,.F.);
#1302=ORIENTED_EDGE('',*,*,#1021,.F.);
#1303=ORIENTED_EDGE('',*,*,#1022,.F.);
#1304=ORIENTED_EDGE('',*,*,#1023,.F.);
#1305=ORIENTED_EDGE('',*,*,#1024,.F.);
#1306=ORIENTED_EDGE('',*,*,#1025,.F.);
#1307=ORIENTED_EDGE('',*,*,#1026,.F.);
#1308=ORIENTED_EDGE('',*,*,#1027,.F.);
#1309=ORIENTED_EDGE('',*,*,#1028,.F.);
#1310=ORIENTED_EDGE('',*,*,#1029,.F.);
#1311=ORIENTED_EDGE('',*,*,#1030,.F.);
#1312=ORIENTED_EDGE('',*,*,#1031,.F.);
#1313=ORIENTED_EDGE('',*,*,#1032,.F.);
#1314=ORIENTED_EDGE('',*,*,#1033,.F.);
#1315=ORIENTED_EDGE('',*,*,#1034,.F.);
#1316=ORIENTED_EDGE('',*,*,#1035,.F.);
#1317=ORIENTED_EDGE('',*,*,#1036,.F.);
#1318=ORIENTED_EDGE('',*,*,#1037,.F.);
#1319=ORIENTED_EDGE('',*,*,#1038,.F.);
#1320=ORIENTED_EDGE('',*,*,#1039,.F.);
#1321=ORIENTED_EDGE('',*,*,#1040,.F.);
#1322=ORIENTED_EDGE('',*,*,#1041,.F.);
#1323=ORIENTED_EDGE('',*,*,#1042,.F.);
#1324=ORIENTED_EDGE('',*,*,#1043,.F.);
#1325=ORIENTED_EDGE('',*,*,#1044,.F.);
#1326=ORIENTED_EDGE('',*,*,#1045,.F.);
#1327=ORIENTED_EDGE('',*,*,#1046,.F.);
#1328=ORIENTED_EDGE('',*,*,#1047,.F.);
#1329=ORIENTED_EDGE('',*,*,#1048,.F.);
#1330=ORIENTED_EDGE('',*,*,#1049,.F.);
#1331=ORIENTED_EDGE('',*,*,#1050,.F.);
#1332=ORIENTED_EDGE('',*,*,#1051,.F.);
#1333=ORIENTED_EDGE('',*,*,#1052,.F.);
#1334=ORIENTED_EDGE('',*,*,#1053,.F.);
#1335=ORIENTED_EDGE('',*,*,#1054,.F.);
#1336=ORIENTED_EDGE('',*,*,#1055,.F.);
#1337=ORIENTED_EDGE('',*,*,#1056,.F.);
#1338=ORIENTED_EDGE('',*,*,#1057,.F.);
#1339=ORIENTED_EDGE('',*,*,#1058,.F.);
#1340=ORIENTED_EDGE('',*,*,#1059,.F.);
#1341=ORIENTED_EDGE('',*,*,#1060,.F.);
#1342=ORIENTED_EDGE('',*,*,#1061,.F.);
#1343=ORIENTED_EDGE('',*,*,#1062,.F.);
#1344=ORIENTED_EDGE('',*,*,#1063,.F.);
#1345=ORIENTED_EDGE('',*,*,#1064,.F.);
#1346=ORIENTED_EDGE('',*,*,#1065,.F.);
#1347=ORIENTED_EDGE('',*,*,#1066,.F.);
#1348=ORIENTED_EDGE('',*,*,#1067,.F.);
#1349=ORIENTED_EDGE('',*,*,#1068,.F.);
#1350=ORIENTED_EDGE('',*,*,#1069,.F.);
#1351=ORIENTED_EDGE('',*,*,#1070,.F.);
#1352=ORIENTED_EDGE('',*,*,#1071,.F.);
#1353=ORIENTED_EDGE('',*,*,#1072,.F.);
#1354=ORIENTED_EDGE('',*,*,#1073,.F.);
#1355=ORIENTED_EDGE('',*,*,#1074,.F.);
#1356=ORIENTED_EDGE('',*,*,#1075,.F.);
#1357=ORIENTED_EDGE('',*,*,#1076,.F.);
#1358=ORIENTED_EDGE('',*,*,#1077,.F.);
#1359=ORIENTED_EDGE('',*,*,#1078,.F.);
#1360=ORIENTED_EDGE('',*,*,#1079,.F.);
#1361=ORIENTED_EDGE('',*,*,#1080,.F.);
#1362=ORIENTED_EDGE('',*,*,#1081,.F.);
#1363=ORIENTED_EDGE('',*,*,#1082,.F.);
#1364=ORIENTED_EDGE('',*,*,#1083,.F.);
#1365=ORIENTED_EDGE('',*,*,#1084,.F.);
#1366=ORIENTED_EDGE('',*,*,#1085,.F.);
#1367=ORIENTED_EDGE('',*,*,#1086,.F.);
#1368=ORIENTED_EDGE('',*,*,#1087,.F.);
#1369=ORIENTED_EDGE('',*,*,#1088,.F.);
#1370=ORIENTED_EDGE('',*,*,#947,.T.);
#1371=ORIENTED_EDGE('',*,*,#1089,.F.);
#1372=ORIENTED_EDGE('',*,*,#1090,.F.);
#1373=ORIENTED_EDGE('',*,*,#1091,.T.);
#1374=ORIENTED_EDGE('',*,*,#1019,.T.);
#1375=ORIENTED_EDGE('',*,*,#1092,.F.);
#1376=ORIENTED_EDGE('',*,*,#1053,.T.);
#1377=ORIENTED_EDGE('',*,*,#1093,.T.);
#1378=ORIENTED_EDGE('',*,*,#983,.T.);
#1379=ORIENTED_EDGE('',*,*,#1094,.F.);
#1380=ORIENTED_EDGE('',*,*,#1025,.T.);
#1381=ORIENTED_EDGE('',*,*,#1095,.T.);
#1382=ORIENTED_EDGE('',*,*,#951,.T.);
#1383=ORIENTED_EDGE('',*,*,#1096,.F.);
#1384=ORIENTED_EDGE('',*,*,#1017,.T.);
#1385=ORIENTED_EDGE('',*,*,#1097,.T.);
#1386=ORIENTED_EDGE('',*,*,#991,.T.);
#1387=ORIENTED_EDGE('',*,*,#1098,.F.);
#1388=ORIENTED_EDGE('',*,*,#1013,.T.);
#1389=ORIENTED_EDGE('',*,*,#1099,.T.);
#1390=ORIENTED_EDGE('',*,*,#1003,.T.);
#1391=ORIENTED_EDGE('',*,*,#1100,.F.);
#1392=ORIENTED_EDGE('',*,*,#1009,.T.);
#1393=ORIENTED_EDGE('',*,*,#1101,.T.);
#1394=ORIENTED_EDGE('',*,*,#931,.T.);
#1395=ORIENTED_EDGE('',*,*,#1102,.F.);
#1396=ORIENTED_EDGE('',*,*,#1001,.T.);
#1397=ORIENTED_EDGE('',*,*,#1103,.T.);
#1398=ORIENTED_EDGE('',*,*,#989,.T.);
#1399=ORIENTED_EDGE('',*,*,#1104,.T.);
#1400=ORIENTED_EDGE('',*,*,#1105,.T.);
#1401=ORIENTED_EDGE('',*,*,#1106,.F.);
#1402=ORIENTED_EDGE('',*,*,#981,.T.);
#1403=ORIENTED_EDGE('',*,*,#1107,.T.);
#1404=ORIENTED_EDGE('',*,*,#1055,.T.);
#1405=ORIENTED_EDGE('',*,*,#1108,.F.);
#1406=ORIENTED_EDGE('',*,*,#949,.T.);
#1407=ORIENTED_EDGE('',*,*,#1109,.T.);
#1408=ORIENTED_EDGE('',*,*,#1011,.T.);
#1409=ORIENTED_EDGE('',*,*,#1110,.F.);
#1410=ORIENTED_EDGE('',*,*,#945,.T.);
#1411=ORIENTED_EDGE('',*,*,#1111,.T.);
#1412=ORIENTED_EDGE('',*,*,#1027,.T.);
#1413=ORIENTED_EDGE('',*,*,#1112,.F.);
#1414=ORIENTED_EDGE('',*,*,#1113,.T.);
#1415=ORIENTED_EDGE('',*,*,#1114,.F.);
#1416=ORIENTED_EDGE('',*,*,#1115,.F.);
#1417=ORIENTED_EDGE('',*,*,#1116,.T.);
#1418=ORIENTED_EDGE('',*,*,#971,.T.);
#1419=ORIENTED_EDGE('',*,*,#1117,.F.);
#1420=ORIENTED_EDGE('',*,*,#1065,.T.);
#1421=ORIENTED_EDGE('',*,*,#1118,.T.);
#1422=ORIENTED_EDGE('',*,*,#1057,.T.);
#1423=ORIENTED_EDGE('',*,*,#1119,.T.);
#1424=ORIENTED_EDGE('',*,*,#1067,.T.);
#1425=ORIENTED_EDGE('',*,*,#1120,.F.);
#1426=ORIENTED_EDGE('',*,*,#1045,.T.);
#1427=ORIENTED_EDGE('',*,*,#1121,.T.);
#1428=ORIENTED_EDGE('',*,*,#1122,.T.);
#1429=ORIENTED_EDGE('',*,*,#1123,.F.);
#1430=ORIENTED_EDGE('',*,*,#967,.T.);
#1431=ORIENTED_EDGE('',*,*,#1124,.F.);
#1432=ORIENTED_EDGE('',*,*,#1041,.T.);
#1433=ORIENTED_EDGE('',*,*,#1125,.T.);
#1434=ORIENTED_EDGE('',*,*,#1037,.T.);
#1435=ORIENTED_EDGE('',*,*,#1126,.T.);
#1436=ORIENTED_EDGE('',*,*,#1047,.T.);
#1437=ORIENTED_EDGE('',*,*,#1127,.F.);
#1438=ORIENTED_EDGE('',*,*,#1021,.T.);
#1439=ORIENTED_EDGE('',*,*,#1128,.T.);
#1440=ORIENTED_EDGE('',*,*,#1059,.T.);
#1441=ORIENTED_EDGE('',*,*,#1129,.F.);
#1442=ORIENTED_EDGE('',*,*,#1130,.T.);
#1443=ORIENTED_EDGE('',*,*,#1131,.T.);
#1444=ORIENTED_EDGE('',*,*,#1023,.T.);
#1445=ORIENTED_EDGE('',*,*,#1132,.F.);
#1446=ORIENTED_EDGE('',*,*,#943,.T.);
#1447=ORIENTED_EDGE('',*,*,#1133,.F.);
#1448=ORIENTED_EDGE('',*,*,#969,.T.);
#1449=ORIENTED_EDGE('',*,*,#1134,.T.);
#1450=ORIENTED_EDGE('',*,*,#955,.T.);
#1451=ORIENTED_EDGE('',*,*,#1135,.F.);
#1452=ORIENTED_EDGE('',*,*,#965,.T.);
#1453=ORIENTED_EDGE('',*,*,#1136,.T.);
#1454=ORIENTED_EDGE('',*,*,#953,.T.);
#1455=ORIENTED_EDGE('',*,*,#1137,.T.);
#1456=ORIENTED_EDGE('',*,*,#1039,.T.);
#1457=ORIENTED_EDGE('',*,*,#1138,.F.);
#1458=ORIENTED_EDGE('',*,*,#963,.T.);
#1459=ORIENTED_EDGE('',*,*,#1139,.F.);
#1460=ORIENTED_EDGE('',*,*,#1122,.F.);
#1461=ORIENTED_EDGE('',*,*,#1140,.T.);
#1462=ORIENTED_EDGE('',*,*,#919,.T.);
#1463=ORIENTED_EDGE('',*,*,#1141,.F.);
#1464=ORIENTED_EDGE('',*,*,#1081,.T.);
#1465=ORIENTED_EDGE('',*,*,#1142,.T.);
#1466=ORIENTED_EDGE('',*,*,#1069,.T.);
#1467=ORIENTED_EDGE('',*,*,#1143,.T.);
#1468=ORIENTED_EDGE('',*,*,#1090,.T.);
#1469=ORIENTED_EDGE('',*,*,#1144,.F.);
#1470=ORIENTED_EDGE('',*,*,#1031,.T.);
#1471=ORIENTED_EDGE('',*,*,#1145,.F.);
#1472=ORIENTED_EDGE('',*,*,#1049,.T.);
#1473=ORIENTED_EDGE('',*,*,#1146,.T.);
#1474=ORIENTED_EDGE('',*,*,#935,.T.);
#1475=ORIENTED_EDGE('',*,*,#1147,.F.);
#1476=ORIENTED_EDGE('',*,*,#1029,.T.);
#1477=ORIENTED_EDGE('',*,*,#1148,.T.);
#1478=ORIENTED_EDGE('',*,*,#987,.T.);
#1479=ORIENTED_EDGE('',*,*,#1149,.F.);
#1480=ORIENTED_EDGE('',*,*,#993,.T.);
#1481=ORIENTED_EDGE('',*,*,#1150,.T.);
#1482=ORIENTED_EDGE('',*,*,#985,.T.);
#1483=ORIENTED_EDGE('',*,*,#1151,.T.);
#1484=ORIENTED_EDGE('',*,*,#1071,.T.);
#1485=ORIENTED_EDGE('',*,*,#1152,.F.);
#1486=ORIENTED_EDGE('',*,*,#977,.T.);
#1487=ORIENTED_EDGE('',*,*,#1153,.T.);
#1488=ORIENTED_EDGE('',*,*,#1083,.T.);
#1489=ORIENTED_EDGE('',*,*,#1154,.F.);
#1490=ORIENTED_EDGE('',*,*,#973,.T.);
#1491=ORIENTED_EDGE('',*,*,#1155,.T.);
#1492=ORIENTED_EDGE('',*,*,#979,.T.);
#1493=ORIENTED_EDGE('',*,*,#1156,.F.);
#1494=ORIENTED_EDGE('',*,*,#961,.T.);
#1495=ORIENTED_EDGE('',*,*,#1157,.T.);
#1496=ORIENTED_EDGE('',*,*,#1051,.T.);
#1497=ORIENTED_EDGE('',*,*,#1158,.F.);
#1498=ORIENTED_EDGE('',*,*,#933,.T.);
#1499=ORIENTED_EDGE('',*,*,#1159,.T.);
#1500=ORIENTED_EDGE('',*,*,#975,.T.);
#1501=ORIENTED_EDGE('',*,*,#1160,.F.);
#1502=ORIENTED_EDGE('',*,*,#920,.T.);
#1503=ORIENTED_EDGE('',*,*,#1142,.F.);
#1504=ORIENTED_EDGE('',*,*,#1084,.T.);
#1505=ORIENTED_EDGE('',*,*,#1153,.F.);
#1506=ORIENTED_EDGE('',*,*,#980,.T.);
#1507=ORIENTED_EDGE('',*,*,#1155,.F.);
#1508=ORIENTED_EDGE('',*,*,#976,.T.);
#1509=ORIENTED_EDGE('',*,*,#1159,.F.);
#1510=ORIENTED_EDGE('',*,*,#936,.T.);
#1511=ORIENTED_EDGE('',*,*,#1148,.F.);
#1512=ORIENTED_EDGE('',*,*,#1032,.T.);
#1513=ORIENTED_EDGE('',*,*,#1146,.F.);
#1514=ORIENTED_EDGE('',*,*,#1052,.T.);
#1515=ORIENTED_EDGE('',*,*,#1157,.F.);
#1516=ORIENTED_EDGE('',*,*,#964,.T.);
#1517=ORIENTED_EDGE('',*,*,#1140,.F.);
#1518=ORIENTED_EDGE('',*,*,#1121,.F.);
#1519=ORIENTED_EDGE('',*,*,#1048,.T.);
#1520=ORIENTED_EDGE('',*,*,#1126,.F.);
#1521=ORIENTED_EDGE('',*,*,#1040,.T.);
#1522=ORIENTED_EDGE('',*,*,#1137,.F.);
#1523=ORIENTED_EDGE('',*,*,#956,.T.);
#1524=ORIENTED_EDGE('',*,*,#1136,.F.);
#1525=ORIENTED_EDGE('',*,*,#968,.T.);
#1526=ORIENTED_EDGE('',*,*,#1125,.F.);
#1527=ORIENTED_EDGE('',*,*,#1044,.T.);
#1528=ORIENTED_EDGE('',*,*,#1161,.F.);
#1529=ORIENTED_EDGE('',*,*,#944,.T.);
#1530=ORIENTED_EDGE('',*,*,#1134,.F.);
#1531=ORIENTED_EDGE('',*,*,#972,.T.);
#1532=ORIENTED_EDGE('',*,*,#1118,.F.);
#1533=ORIENTED_EDGE('',*,*,#1068,.T.);
#1534=ORIENTED_EDGE('',*,*,#1119,.F.);
#1535=ORIENTED_EDGE('',*,*,#1060,.T.);
#1536=ORIENTED_EDGE('',*,*,#1128,.F.);
#1537=ORIENTED_EDGE('',*,*,#1024,.T.);
#1538=ORIENTED_EDGE('',*,*,#1131,.F.);
#1539=ORIENTED_EDGE('',*,*,#1162,.T.);
#1540=ORIENTED_EDGE('',*,*,#1116,.F.);
#1541=ORIENTED_EDGE('',*,*,#1163,.F.);
#1542=ORIENTED_EDGE('',*,*,#940,.T.);
#1543=ORIENTED_EDGE('',*,*,#1164,.F.);
#1544=ORIENTED_EDGE('',*,*,#1008,.T.);
#1545=ORIENTED_EDGE('',*,*,#1165,.F.);
#1546=ORIENTED_EDGE('',*,*,#1088,.T.);
#1547=ORIENTED_EDGE('',*,*,#1166,.F.);
#1548=ORIENTED_EDGE('',*,*,#1080,.T.);
#1549=ORIENTED_EDGE('',*,*,#1167,.F.);
#1550=ORIENTED_EDGE('',*,*,#1076,.T.);
#1551=ORIENTED_EDGE('',*,*,#1168,.F.);
#1552=ORIENTED_EDGE('',*,*,#928,.T.);
#1553=ORIENTED_EDGE('',*,*,#1169,.F.);
#1554=ORIENTED_EDGE('',*,*,#1036,.T.);
#1555=ORIENTED_EDGE('',*,*,#1170,.F.);
#1556=ORIENTED_EDGE('',*,*,#960,.T.);
#1557=ORIENTED_EDGE('',*,*,#1171,.F.);
#1558=ORIENTED_EDGE('',*,*,#1064,.T.);
#1559=ORIENTED_EDGE('',*,*,#1172,.F.);
#1560=ORIENTED_EDGE('',*,*,#1000,.T.);
#1561=ORIENTED_EDGE('',*,*,#1173,.F.);
#1562=ORIENTED_EDGE('',*,*,#924,.T.);
#1563=ORIENTED_EDGE('',*,*,#1174,.F.);
#1564=ORIENTED_EDGE('',*,*,#1104,.F.);
#1565=ORIENTED_EDGE('',*,*,#992,.T.);
#1566=ORIENTED_EDGE('',*,*,#1099,.F.);
#1567=ORIENTED_EDGE('',*,*,#1016,.T.);
#1568=ORIENTED_EDGE('',*,*,#1175,.F.);
#1569=ORIENTED_EDGE('',*,*,#932,.T.);
#1570=ORIENTED_EDGE('',*,*,#1103,.F.);
#1571=ORIENTED_EDGE('',*,*,#1004,.T.);
#1572=ORIENTED_EDGE('',*,*,#1101,.F.);
#1573=ORIENTED_EDGE('',*,*,#1012,.T.);
#1574=ORIENTED_EDGE('',*,*,#1109,.F.);
#1575=ORIENTED_EDGE('',*,*,#952,.T.);
#1576=ORIENTED_EDGE('',*,*,#1097,.F.);
#1577=ORIENTED_EDGE('',*,*,#1020,.T.);
#1578=ORIENTED_EDGE('',*,*,#1093,.F.);
#1579=ORIENTED_EDGE('',*,*,#1056,.T.);
#1580=ORIENTED_EDGE('',*,*,#1107,.F.);
#1581=ORIENTED_EDGE('',*,*,#984,.T.);
#1582=ORIENTED_EDGE('',*,*,#1095,.F.);
#1583=ORIENTED_EDGE('',*,*,#1028,.T.);
#1584=ORIENTED_EDGE('',*,*,#1111,.F.);
#1585=ORIENTED_EDGE('',*,*,#948,.T.);
#1586=ORIENTED_EDGE('',*,*,#1091,.F.);
#1587=ORIENTED_EDGE('',*,*,#1143,.F.);
#1588=ORIENTED_EDGE('',*,*,#1072,.T.);
#1589=ORIENTED_EDGE('',*,*,#1151,.F.);
#1590=ORIENTED_EDGE('',*,*,#988,.T.);
#1591=ORIENTED_EDGE('',*,*,#1150,.F.);
#1592=ORIENTED_EDGE('',*,*,#996,.T.);
#1593=ORIENTED_EDGE('',*,*,#1176,.F.);
#1594=ORIENTED_EDGE('',*,*,#923,.T.);
#1595=ORIENTED_EDGE('',*,*,#1177,.F.);
#1596=ORIENTED_EDGE('',*,*,#1105,.F.);
#1597=ORIENTED_EDGE('',*,*,#1174,.T.);
#1598=ORIENTED_EDGE('',*,*,#1007,.T.);
#1599=ORIENTED_EDGE('',*,*,#1178,.F.);
#1600=ORIENTED_EDGE('',*,*,#1085,.T.);
#1601=ORIENTED_EDGE('',*,*,#1165,.T.);
#1602=ORIENTED_EDGE('',*,*,#1077,.T.);
#1603=ORIENTED_EDGE('',*,*,#1166,.T.);
#1604=ORIENTED_EDGE('',*,*,#1087,.T.);
#1605=ORIENTED_EDGE('',*,*,#1179,.F.);
#1606=ORIENTED_EDGE('',*,*,#1073,.T.);
#1607=ORIENTED_EDGE('',*,*,#1167,.T.);
#1608=ORIENTED_EDGE('',*,*,#1079,.T.);
#1609=ORIENTED_EDGE('',*,*,#1180,.F.);
#1610=ORIENTED_EDGE('',*,*,#959,.T.);
#1611=ORIENTED_EDGE('',*,*,#1181,.F.);
#1612=ORIENTED_EDGE('',*,*,#1061,.T.);
#1613=ORIENTED_EDGE('',*,*,#1171,.T.);
#1614=ORIENTED_EDGE('',*,*,#927,.T.);
#1615=ORIENTED_EDGE('',*,*,#1182,.F.);
#1616=ORIENTED_EDGE('',*,*,#1033,.T.);
#1617=ORIENTED_EDGE('',*,*,#1169,.T.);
#1618=ORIENTED_EDGE('',*,*,#939,.T.);
#1619=ORIENTED_EDGE('',*,*,#1183,.F.);
#1620=ORIENTED_EDGE('',*,*,#1005,.T.);
#1621=ORIENTED_EDGE('',*,*,#1164,.T.);
#1622=ORIENTED_EDGE('',*,*,#997,.T.);
#1623=ORIENTED_EDGE('',*,*,#1172,.T.);
#1624=ORIENTED_EDGE('',*,*,#1063,.T.);
#1625=ORIENTED_EDGE('',*,*,#1184,.F.);
#1626=ORIENTED_EDGE('',*,*,#957,.T.);
#1627=ORIENTED_EDGE('',*,*,#1170,.T.);
#1628=ORIENTED_EDGE('',*,*,#1035,.T.);
#1629=ORIENTED_EDGE('',*,*,#1185,.F.);
#1630=ORIENTED_EDGE('',*,*,#937,.T.);
#1631=ORIENTED_EDGE('',*,*,#1163,.T.);
#1632=ORIENTED_EDGE('',*,*,#1115,.T.);
#1633=ORIENTED_EDGE('',*,*,#1186,.F.);
#1634=ORIENTED_EDGE('',*,*,#925,.T.);
#1635=ORIENTED_EDGE('',*,*,#1168,.T.);
#1636=ORIENTED_EDGE('',*,*,#1075,.T.);
#1637=ORIENTED_EDGE('',*,*,#1187,.F.);
#1638=ORIENTED_EDGE('',*,*,#1113,.F.);
#1639=ORIENTED_EDGE('',*,*,#1162,.F.);
#1640=ORIENTED_EDGE('',*,*,#1130,.F.);
#1641=ORIENTED_EDGE('',*,*,#1188,.F.);
#1642=ORIENTED_EDGE('',*,*,#918,.T.);
#1643=ORIENTED_EDGE('',*,*,#1189,.T.);
#1644=ORIENTED_EDGE('',*,*,#994,.T.);
#1645=ORIENTED_EDGE('',*,*,#1149,.T.);
#1646=ORIENTED_EDGE('',*,*,#986,.T.);
#1647=ORIENTED_EDGE('',*,*,#1152,.T.);
#1648=ORIENTED_EDGE('',*,*,#1070,.T.);
#1649=ORIENTED_EDGE('',*,*,#1144,.T.);
#1650=ORIENTED_EDGE('',*,*,#1089,.T.);
#1651=ORIENTED_EDGE('',*,*,#946,.T.);
#1652=ORIENTED_EDGE('',*,*,#1112,.T.);
#1653=ORIENTED_EDGE('',*,*,#1026,.T.);
#1654=ORIENTED_EDGE('',*,*,#1094,.T.);
#1655=ORIENTED_EDGE('',*,*,#982,.T.);
#1656=ORIENTED_EDGE('',*,*,#1108,.T.);
#1657=ORIENTED_EDGE('',*,*,#1054,.T.);
#1658=ORIENTED_EDGE('',*,*,#1092,.T.);
#1659=ORIENTED_EDGE('',*,*,#1018,.T.);
#1660=ORIENTED_EDGE('',*,*,#1096,.T.);
#1661=ORIENTED_EDGE('',*,*,#950,.T.);
#1662=ORIENTED_EDGE('',*,*,#1110,.T.);
#1663=ORIENTED_EDGE('',*,*,#1010,.T.);
#1664=ORIENTED_EDGE('',*,*,#1100,.T.);
#1665=ORIENTED_EDGE('',*,*,#1002,.T.);
#1666=ORIENTED_EDGE('',*,*,#1102,.T.);
#1667=ORIENTED_EDGE('',*,*,#930,.T.);
#1668=ORIENTED_EDGE('',*,*,#1190,.T.);
#1669=ORIENTED_EDGE('',*,*,#1014,.T.);
#1670=ORIENTED_EDGE('',*,*,#1098,.T.);
#1671=ORIENTED_EDGE('',*,*,#990,.T.);
#1672=ORIENTED_EDGE('',*,*,#1106,.T.);
#1673=ORIENTED_EDGE('',*,*,#1177,.T.);
#1674=ORIENTED_EDGE('',*,*,#922,.T.);
#1675=ORIENTED_EDGE('',*,*,#1191,.T.);
#1676=ORIENTED_EDGE('',*,*,#998,.T.);
#1677=ORIENTED_EDGE('',*,*,#1184,.T.);
#1678=ORIENTED_EDGE('',*,*,#1062,.T.);
#1679=ORIENTED_EDGE('',*,*,#1181,.T.);
#1680=ORIENTED_EDGE('',*,*,#958,.T.);
#1681=ORIENTED_EDGE('',*,*,#1185,.T.);
#1682=ORIENTED_EDGE('',*,*,#1034,.T.);
#1683=ORIENTED_EDGE('',*,*,#1182,.T.);
#1684=ORIENTED_EDGE('',*,*,#926,.T.);
#1685=ORIENTED_EDGE('',*,*,#1187,.T.);
#1686=ORIENTED_EDGE('',*,*,#1074,.T.);
#1687=ORIENTED_EDGE('',*,*,#1180,.T.);
#1688=ORIENTED_EDGE('',*,*,#1078,.T.);
#1689=ORIENTED_EDGE('',*,*,#1179,.T.);
#1690=ORIENTED_EDGE('',*,*,#1086,.T.);
#1691=ORIENTED_EDGE('',*,*,#1178,.T.);
#1692=ORIENTED_EDGE('',*,*,#1006,.T.);
#1693=ORIENTED_EDGE('',*,*,#1183,.T.);
#1694=ORIENTED_EDGE('',*,*,#938,.T.);
#1695=ORIENTED_EDGE('',*,*,#1186,.T.);
#1696=ORIENTED_EDGE('',*,*,#1114,.T.);
#1697=ORIENTED_EDGE('',*,*,#1188,.T.);
#1698=ORIENTED_EDGE('',*,*,#1132,.T.);
#1699=ORIENTED_EDGE('',*,*,#1022,.T.);
#1700=ORIENTED_EDGE('',*,*,#1129,.T.);
#1701=ORIENTED_EDGE('',*,*,#1058,.T.);
#1702=ORIENTED_EDGE('',*,*,#1120,.T.);
#1703=ORIENTED_EDGE('',*,*,#1066,.T.);
#1704=ORIENTED_EDGE('',*,*,#1117,.T.);
#1705=ORIENTED_EDGE('',*,*,#970,.T.);
#1706=ORIENTED_EDGE('',*,*,#1133,.T.);
#1707=ORIENTED_EDGE('',*,*,#942,.T.);
#1708=ORIENTED_EDGE('',*,*,#1192,.T.);
#1709=ORIENTED_EDGE('',*,*,#1042,.T.);
#1710=ORIENTED_EDGE('',*,*,#1124,.T.);
#1711=ORIENTED_EDGE('',*,*,#966,.T.);
#1712=ORIENTED_EDGE('',*,*,#1135,.T.);
#1713=ORIENTED_EDGE('',*,*,#954,.T.);
#1714=ORIENTED_EDGE('',*,*,#1138,.T.);
#1715=ORIENTED_EDGE('',*,*,#1038,.T.);
#1716=ORIENTED_EDGE('',*,*,#1127,.T.);
#1717=ORIENTED_EDGE('',*,*,#1046,.T.);
#1718=ORIENTED_EDGE('',*,*,#1123,.T.);
#1719=ORIENTED_EDGE('',*,*,#1139,.T.);
#1720=ORIENTED_EDGE('',*,*,#962,.T.);
#1721=ORIENTED_EDGE('',*,*,#1158,.T.);
#1722=ORIENTED_EDGE('',*,*,#1050,.T.);
#1723=ORIENTED_EDGE('',*,*,#1145,.T.);
#1724=ORIENTED_EDGE('',*,*,#1030,.T.);
#1725=ORIENTED_EDGE('',*,*,#1147,.T.);
#1726=ORIENTED_EDGE('',*,*,#934,.T.);
#1727=ORIENTED_EDGE('',*,*,#1160,.T.);
#1728=ORIENTED_EDGE('',*,*,#974,.T.);
#1729=ORIENTED_EDGE('',*,*,#1156,.T.);
#1730=ORIENTED_EDGE('',*,*,#978,.T.);
#1731=ORIENTED_EDGE('',*,*,#1154,.T.);
#1732=ORIENTED_EDGE('',*,*,#1082,.T.);
#1733=ORIENTED_EDGE('',*,*,#1141,.T.);
#1734=ORIENTED_EDGE('',*,*,#914,.T.);
#1735=ORIENTED_EDGE('',*,*,#917,.T.);
#1736=ORIENTED_EDGE('',*,*,#1176,.T.);
#1737=ORIENTED_EDGE('',*,*,#995,.T.);
#1738=ORIENTED_EDGE('',*,*,#1189,.F.);
#1739=ORIENTED_EDGE('',*,*,#941,.T.);
#1740=ORIENTED_EDGE('',*,*,#1161,.T.);
#1741=ORIENTED_EDGE('',*,*,#1043,.T.);
#1742=ORIENTED_EDGE('',*,*,#1192,.F.);
#1743=ORIENTED_EDGE('',*,*,#921,.T.);
#1744=ORIENTED_EDGE('',*,*,#1173,.T.);
#1745=ORIENTED_EDGE('',*,*,#999,.T.);
#1746=ORIENTED_EDGE('',*,*,#1191,.F.);
#1747=ORIENTED_EDGE('',*,*,#929,.T.);
#1748=ORIENTED_EDGE('',*,*,#1175,.T.);
#1749=ORIENTED_EDGE('',*,*,#1015,.T.);
#1750=ORIENTED_EDGE('',*,*,#1190,.F.);
#1751=CYLINDRICAL_SURFACE('',#1906,0.25);
#1752=CYLINDRICAL_SURFACE('',#1910,0.175);
#1753=CYLINDRICAL_SURFACE('',#1913,0.175000000000001);
#1754=CYLINDRICAL_SURFACE('',#1916,0.175);
#1755=CYLINDRICAL_SURFACE('',#1919,0.175);
#1756=CYLINDRICAL_SURFACE('',#1922,0.175);
#1757=CYLINDRICAL_SURFACE('',#1925,0.175000000000001);
#1758=CYLINDRICAL_SURFACE('',#1928,0.175);
#1759=CYLINDRICAL_SURFACE('',#1931,0.175);
#1760=CYLINDRICAL_SURFACE('',#1934,0.175);
#1761=CYLINDRICAL_SURFACE('',#1937,0.175);
#1762=CYLINDRICAL_SURFACE('',#1940,0.175);
#1763=CYLINDRICAL_SURFACE('',#1943,0.175000000000001);
#1764=CYLINDRICAL_SURFACE('',#1946,0.175);
#1765=CYLINDRICAL_SURFACE('',#1949,0.175);
#1766=CYLINDRICAL_SURFACE('',#1952,0.175);
#1767=CYLINDRICAL_SURFACE('',#1955,0.175);
#1768=CYLINDRICAL_SURFACE('',#1958,0.175);
#1769=CYLINDRICAL_SURFACE('',#1961,0.175000000000001);
#1770=CYLINDRICAL_SURFACE('',#1964,0.175);
#1771=CYLINDRICAL_SURFACE('',#1967,0.175000000000001);
#1772=CYLINDRICAL_SURFACE('',#1970,0.175000000000001);
#1773=CYLINDRICAL_SURFACE('',#1973,0.175);
#1774=CYLINDRICAL_SURFACE('',#1976,0.175000000000001);
#1775=CYLINDRICAL_SURFACE('',#1979,0.175);
#1776=CYLINDRICAL_SURFACE('',#1982,0.175);
#1777=CYLINDRICAL_SURFACE('',#1985,0.175);
#1778=CYLINDRICAL_SURFACE('',#1988,0.175);
#1779=CYLINDRICAL_SURFACE('',#1991,0.175);
#1780=CYLINDRICAL_SURFACE('',#1994,0.175000000000001);
#1781=CYLINDRICAL_SURFACE('',#1997,0.175);
#1782=CYLINDRICAL_SURFACE('',#2000,0.175);
#1783=CYLINDRICAL_SURFACE('',#2003,0.175);
#1784=CYLINDRICAL_SURFACE('',#2006,0.175);
#1785=CYLINDRICAL_SURFACE('',#2009,0.175000000000001);
#1786=CYLINDRICAL_SURFACE('',#2012,0.175);
#1787=CYLINDRICAL_SURFACE('',#2015,0.175);
#1788=CYLINDRICAL_SURFACE('',#2018,0.175000000000001);
#1789=CYLINDRICAL_SURFACE('',#2021,0.175);
#1790=CYLINDRICAL_SURFACE('',#2024,0.175000000000001);
#1791=CYLINDRICAL_SURFACE('',#2027,0.175);
#1792=CYLINDRICAL_SURFACE('',#2030,0.175);
#1793=CYLINDRICAL_SURFACE('',#2033,0.175);
#1794=CYLINDRICAL_SURFACE('',#2036,0.175000000000001);
#1795=CYLINDRICAL_SURFACE('',#2085,0.175);
#1796=ADVANCED_FACE('',(#67),#1751,.F.);
#1797=ADVANCED_FACE('',(#68),#16,.T.);
#1798=ADVANCED_FACE('',(#69),#1752,.F.);
#1799=ADVANCED_FACE('',(#70),#1753,.F.);
#1800=ADVANCED_FACE('',(#71),#1754,.F.);
#1801=ADVANCED_FACE('',(#72),#1755,.F.);
#1802=ADVANCED_FACE('',(#73),#1756,.F.);
#1803=ADVANCED_FACE('',(#74),#1757,.F.);
#1804=ADVANCED_FACE('',(#75),#1758,.F.);
#1805=ADVANCED_FACE('',(#76),#1759,.F.);
#1806=ADVANCED_FACE('',(#77),#1760,.F.);
#1807=ADVANCED_FACE('',(#78),#1761,.F.);
#1808=ADVANCED_FACE('',(#79),#1762,.F.);
#1809=ADVANCED_FACE('',(#80),#1763,.F.);
#1810=ADVANCED_FACE('',(#81),#1764,.F.);
#1811=ADVANCED_FACE('',(#82),#1765,.F.);
#1812=ADVANCED_FACE('',(#83),#1766,.F.);
#1813=ADVANCED_FACE('',(#84),#1767,.F.);
#1814=ADVANCED_FACE('',(#85),#1768,.F.);
#1815=ADVANCED_FACE('',(#86),#1769,.F.);
#1816=ADVANCED_FACE('',(#87),#1770,.F.);
#1817=ADVANCED_FACE('',(#88),#1771,.F.);
#1818=ADVANCED_FACE('',(#89),#1772,.F.);
#1819=ADVANCED_FACE('',(#90),#1773,.F.);
#1820=ADVANCED_FACE('',(#91),#1774,.F.);
#1821=ADVANCED_FACE('',(#92),#1775,.F.);
#1822=ADVANCED_FACE('',(#93),#1776,.F.);
#1823=ADVANCED_FACE('',(#94),#1777,.F.);
#1824=ADVANCED_FACE('',(#95),#1778,.F.);
#1825=ADVANCED_FACE('',(#96),#1779,.F.);
#1826=ADVANCED_FACE('',(#97),#1780,.F.);
#1827=ADVANCED_FACE('',(#98),#1781,.F.);
#1828=ADVANCED_FACE('',(#99),#1782,.F.);
#1829=ADVANCED_FACE('',(#100),#1783,.F.);
#1830=ADVANCED_FACE('',(#101),#1784,.F.);
#1831=ADVANCED_FACE('',(#102),#1785,.F.);
#1832=ADVANCED_FACE('',(#103),#1786,.F.);
#1833=ADVANCED_FACE('',(#104),#1787,.F.);
#1834=ADVANCED_FACE('',(#105),#1788,.F.);
#1835=ADVANCED_FACE('',(#106),#1789,.F.);
#1836=ADVANCED_FACE('',(#107),#1790,.F.);
#1837=ADVANCED_FACE('',(#108),#1791,.F.);
#1838=ADVANCED_FACE('',(#109),#1792,.F.);
#1839=ADVANCED_FACE('',(#110),#1793,.F.);
#1840=ADVANCED_FACE('',(#111),#1794,.F.);
#1841=ADVANCED_FACE('',(#112),#17,.T.);
#1842=ADVANCED_FACE('',(#113),#18,.T.);
#1843=ADVANCED_FACE('',(#114),#19,.T.);
#1844=ADVANCED_FACE('',(#115),#20,.T.);
#1845=ADVANCED_FACE('',(#116),#21,.T.);
#1846=ADVANCED_FACE('',(#117),#22,.T.);
#1847=ADVANCED_FACE('',(#118),#23,.T.);
#1848=ADVANCED_FACE('',(#119),#24,.T.);
#1849=ADVANCED_FACE('',(#120),#25,.T.);
#1850=ADVANCED_FACE('',(#121),#26,.T.);
#1851=ADVANCED_FACE('',(#122),#27,.T.);
#1852=ADVANCED_FACE('',(#123),#28,.T.);
#1853=ADVANCED_FACE('',(#124),#29,.T.);
#1854=ADVANCED_FACE('',(#125),#30,.T.);
#1855=ADVANCED_FACE('',(#126),#31,.T.);
#1856=ADVANCED_FACE('',(#127),#32,.T.);
#1857=ADVANCED_FACE('',(#128),#33,.T.);
#1858=ADVANCED_FACE('',(#129),#34,.T.);
#1859=ADVANCED_FACE('',(#130),#35,.T.);
#1860=ADVANCED_FACE('',(#131),#36,.T.);
#1861=ADVANCED_FACE('',(#132),#37,.T.);
#1862=ADVANCED_FACE('',(#133),#38,.T.);
#1863=ADVANCED_FACE('',(#134),#39,.T.);
#1864=ADVANCED_FACE('',(#135),#40,.T.);
#1865=ADVANCED_FACE('',(#136),#41,.T.);
#1866=ADVANCED_FACE('',(#137),#42,.T.);
#1867=ADVANCED_FACE('',(#138),#43,.T.);
#1868=ADVANCED_FACE('',(#139),#44,.T.);
#1869=ADVANCED_FACE('',(#140),#45,.T.);
#1870=ADVANCED_FACE('',(#141),#46,.T.);
#1871=ADVANCED_FACE('',(#142),#47,.T.);
#1872=ADVANCED_FACE('',(#143),#48,.T.);
#1873=ADVANCED_FACE('',(#144),#49,.T.);
#1874=ADVANCED_FACE('',(#145),#50,.F.);
#1875=ADVANCED_FACE('',(#146),#51,.T.);
#1876=ADVANCED_FACE('',(#147),#52,.T.);
#1877=ADVANCED_FACE('',(#148),#53,.T.);
#1878=ADVANCED_FACE('',(#149),#54,.T.);
#1879=ADVANCED_FACE('',(#150),#55,.T.);
#1880=ADVANCED_FACE('',(#151),#56,.T.);
#1881=ADVANCED_FACE('',(#152),#57,.T.);
#1882=ADVANCED_FACE('',(#153),#58,.T.);
#1883=ADVANCED_FACE('',(#154),#59,.T.);
#1884=ADVANCED_FACE('',(#155),#60,.T.);
#1885=ADVANCED_FACE('',(#156),#61,.T.);
#1886=ADVANCED_FACE('',(#157),#1795,.F.);
#1887=ADVANCED_FACE('',(#158,#15),#62,.T.);
#1888=ADVANCED_FACE('',(#159),#63,.T.);
#1889=ADVANCED_FACE('',(#160),#64,.T.);
#1890=ADVANCED_FACE('',(#161),#65,.T.);
#1891=ADVANCED_FACE('',(#162),#66,.T.);
#1892=CLOSED_SHELL('',(#1796,#1797,#1798,#1799,#1800,#1801,#1802,#1803,
#1804,#1805,#1806,#1807,#1808,#1809,#1810,#1811,#1812,#1813,#1814,#1815,
#1816,#1817,#1818,#1819,#1820,#1821,#1822,#1823,#1824,#1825,#1826,#1827,
#1828,#1829,#1830,#1831,#1832,#1833,#1834,#1835,#1836,#1837,#1838,#1839,
#1840,#1841,#1842,#1843,#1844,#1845,#1846,#1847,#1848,#1849,#1850,#1851,
#1852,#1853,#1854,#1855,#1856,#1857,#1858,#1859,#1860,#1861,#1862,#1863,
#1864,#1865,#1866,#1867,#1868,#1869,#1870,#1871,#1872,#1873,#1874,#1875,
#1876,#1877,#1878,#1879,#1880,#1881,#1882,#1883,#1884,#1885,#1886,#1887,
#1888,#1889,#1890,#1891));
#1893=DERIVED_UNIT_ELEMENT(#1895,1.);
#1894=DERIVED_UNIT_ELEMENT(#3222,-3.);
#1895=(
MASS_UNIT()
NAMED_UNIT(*)
SI_UNIT(.KILO.,.GRAM.)
);
#1896=DERIVED_UNIT((#1893,#1894));
#1897=MEASURE_REPRESENTATION_ITEM('density measure',
POSITIVE_RATIO_MEASURE(7850.),#1896);
#1898=PROPERTY_DEFINITION_REPRESENTATION(#1903,#1900);
#1899=PROPERTY_DEFINITION_REPRESENTATION(#1904,#1901);
#1900=REPRESENTATION('material name',(#1902),#3219);
#1901=REPRESENTATION('density',(#1897),#3219);
#1902=DESCRIPTIVE_REPRESENTATION_ITEM('Steel','Steel');
#1903=PROPERTY_DEFINITION('material property','material name',#3229);
#1904=PROPERTY_DEFINITION('material property','density of part',#3229);
#1905=AXIS2_PLACEMENT_3D('',#2655,#2092,#2093);
#1906=AXIS2_PLACEMENT_3D('',#2656,#2094,#2095);
#1907=AXIS2_PLACEMENT_3D('',#2658,#2096,#2097);
#1908=AXIS2_PLACEMENT_3D('',#2661,#2099,#2100);
#1909=AXIS2_PLACEMENT_3D('',#2662,#2101,#2102);
#1910=AXIS2_PLACEMENT_3D('',#2663,#2103,#2104);
#1911=AXIS2_PLACEMENT_3D('',#2668,#2106,#2107);
#1912=AXIS2_PLACEMENT_3D('',#2671,#2109,#2110);
#1913=AXIS2_PLACEMENT_3D('',#2672,#2111,#2112);
#1914=AXIS2_PLACEMENT_3D('',#2677,#2114,#2115);
#1915=AXIS2_PLACEMENT_3D('',#2680,#2117,#2118);
#1916=AXIS2_PLACEMENT_3D('',#2681,#2119,#2120);
#1917=AXIS2_PLACEMENT_3D('',#2686,#2122,#2123);
#1918=AXIS2_PLACEMENT_3D('',#2689,#2125,#2126);
#1919=AXIS2_PLACEMENT_3D('',#2690,#2127,#2128);
#1920=AXIS2_PLACEMENT_3D('',#2695,#2130,#2131);
#1921=AXIS2_PLACEMENT_3D('',#2698,#2133,#2134);
#1922=AXIS2_PLACEMENT_3D('',#2699,#2135,#2136);
#1923=AXIS2_PLACEMENT_3D('',#2704,#2138,#2139);
#1924=AXIS2_PLACEMENT_3D('',#2707,#2141,#2142);
#1925=AXIS2_PLACEMENT_3D('',#2708,#2143,#2144);
#1926=AXIS2_PLACEMENT_3D('',#2713,#2146,#2147);
#1927=AXIS2_PLACEMENT_3D('',#2716,#2149,#2150);
#1928=AXIS2_PLACEMENT_3D('',#2717,#2151,#2152);
#1929=AXIS2_PLACEMENT_3D('',#2722,#2154,#2155);
#1930=AXIS2_PLACEMENT_3D('',#2725,#2157,#2158);
#1931=AXIS2_PLACEMENT_3D('',#2726,#2159,#2160);
#1932=AXIS2_PLACEMENT_3D('',#2731,#2162,#2163);
#1933=AXIS2_PLACEMENT_3D('',#2734,#2165,#2166);
#1934=AXIS2_PLACEMENT_3D('',#2735,#2167,#2168);
#1935=AXIS2_PLACEMENT_3D('',#2740,#2170,#2171);
#1936=AXIS2_PLACEMENT_3D('',#2743,#2173,#2174);
#1937=AXIS2_PLACEMENT_3D('',#2744,#2175,#2176);
#1938=AXIS2_PLACEMENT_3D('',#2749,#2178,#2179);
#1939=AXIS2_PLACEMENT_3D('',#2752,#2181,#2182);
#1940=AXIS2_PLACEMENT_3D('',#2753,#2183,#2184);
#1941=AXIS2_PLACEMENT_3D('',#2758,#2186,#2187);
#1942=AXIS2_PLACEMENT_3D('',#2761,#2189,#2190);
#1943=AXIS2_PLACEMENT_3D('',#2762,#2191,#2192);
#1944=AXIS2_PLACEMENT_3D('',#2767,#2194,#2195);
#1945=AXIS2_PLACEMENT_3D('',#2770,#2197,#2198);
#1946=AXIS2_PLACEMENT_3D('',#2771,#2199,#2200);
#1947=AXIS2_PLACEMENT_3D('',#2776,#2202,#2203);
#1948=AXIS2_PLACEMENT_3D('',#2779,#2205,#2206);
#1949=AXIS2_PLACEMENT_3D('',#2780,#2207,#2208);
#1950=AXIS2_PLACEMENT_3D('',#2785,#2210,#2211);
#1951=AXIS2_PLACEMENT_3D('',#2788,#2213,#2214);
#1952=AXIS2_PLACEMENT_3D('',#2789,#2215,#2216);
#1953=AXIS2_PLACEMENT_3D('',#2794,#2218,#2219);
#1954=AXIS2_PLACEMENT_3D('',#2797,#2221,#2222);
#1955=AXIS2_PLACEMENT_3D('',#2798,#2223,#2224);
#1956=AXIS2_PLACEMENT_3D('',#2803,#2226,#2227);
#1957=AXIS2_PLACEMENT_3D('',#2806,#2229,#2230);
#1958=AXIS2_PLACEMENT_3D('',#2807,#2231,#2232);
#1959=AXIS2_PLACEMENT_3D('',#2812,#2234,#2235);
#1960=AXIS2_PLACEMENT_3D('',#2815,#2237,#2238);
#1961=AXIS2_PLACEMENT_3D('',#2816,#2239,#2240);
#1962=AXIS2_PLACEMENT_3D('',#2821,#2242,#2243);
#1963=AXIS2_PLACEMENT_3D('',#2824,#2245,#2246);
#1964=AXIS2_PLACEMENT_3D('',#2825,#2247,#2248);
#1965=AXIS2_PLACEMENT_3D('',#2830,#2250,#2251);
#1966=AXIS2_PLACEMENT_3D('',#2833,#2253,#2254);
#1967=AXIS2_PLACEMENT_3D('',#2834,#2255,#2256);
#1968=AXIS2_PLACEMENT_3D('',#2839,#2258,#2259);
#1969=AXIS2_PLACEMENT_3D('',#2842,#2261,#2262);
#1970=AXIS2_PLACEMENT_3D('',#2843,#2263,#2264);
#1971=AXIS2_PLACEMENT_3D('',#2848,#2266,#2267);
#1972=AXIS2_PLACEMENT_3D('',#2851,#2269,#2270);
#1973=AXIS2_PLACEMENT_3D('',#2852,#2271,#2272);
#1974=AXIS2_PLACEMENT_3D('',#2857,#2274,#2275);
#1975=AXIS2_PLACEMENT_3D('',#2860,#2277,#2278);
#1976=AXIS2_PLACEMENT_3D('',#2861,#2279,#2280);
#1977=AXIS2_PLACEMENT_3D('',#2866,#2282,#2283);
#1978=AXIS2_PLACEMENT_3D('',#2869,#2285,#2286);
#1979=AXIS2_PLACEMENT_3D('',#2870,#2287,#2288);
#1980=AXIS2_PLACEMENT_3D('',#2875,#2290,#2291);
#1981=AXIS2_PLACEMENT_3D('',#2878,#2293,#2294);
#1982=AXIS2_PLACEMENT_3D('',#2879,#2295,#2296);
#1983=AXIS2_PLACEMENT_3D('',#2884,#2298,#2299);
#1984=AXIS2_PLACEMENT_3D('',#2887,#2301,#2302);
#1985=AXIS2_PLACEMENT_3D('',#2888,#2303,#2304);
#1986=AXIS2_PLACEMENT_3D('',#2893,#2306,#2307);
#1987=AXIS2_PLACEMENT_3D('',#2896,#2309,#2310);
#1988=AXIS2_PLACEMENT_3D('',#2897,#2311,#2312);
#1989=AXIS2_PLACEMENT_3D('',#2902,#2314,#2315);
#1990=AXIS2_PLACEMENT_3D('',#2905,#2317,#2318);
#1991=AXIS2_PLACEMENT_3D('',#2906,#2319,#2320);
#1992=AXIS2_PLACEMENT_3D('',#2911,#2322,#2323);
#1993=AXIS2_PLACEMENT_3D('',#2914,#2325,#2326);
#1994=AXIS2_PLACEMENT_3D('',#2915,#2327,#2328);
#1995=AXIS2_PLACEMENT_3D('',#2920,#2330,#2331);
#1996=AXIS2_PLACEMENT_3D('',#2923,#2333,#2334);
#1997=AXIS2_PLACEMENT_3D('',#2924,#2335,#2336);
#1998=AXIS2_PLACEMENT_3D('',#2929,#2338,#2339);
#1999=AXIS2_PLACEMENT_3D('',#2932,#2341,#2342);
#2000=AXIS2_PLACEMENT_3D('',#2933,#2343,#2344);
#2001=AXIS2_PLACEMENT_3D('',#2938,#2346,#2347);
#2002=AXIS2_PLACEMENT_3D('',#2941,#2349,#2350);
#2003=AXIS2_PLACEMENT_3D('',#2942,#2351,#2352);
#2004=AXIS2_PLACEMENT_3D('',#2947,#2354,#2355);
#2005=AXIS2_PLACEMENT_3D('',#2950,#2357,#2358);
#2006=AXIS2_PLACEMENT_3D('',#2951,#2359,#2360);
#2007=AXIS2_PLACEMENT_3D('',#2956,#2362,#2363);
#2008=AXIS2_PLACEMENT_3D('',#2959,#2365,#2366);
#2009=AXIS2_PLACEMENT_3D('',#2960,#2367,#2368);
#2010=AXIS2_PLACEMENT_3D('',#2965,#2370,#2371);
#2011=AXIS2_PLACEMENT_3D('',#2968,#2373,#2374);
#2012=AXIS2_PLACEMENT_3D('',#2969,#2375,#2376);
#2013=AXIS2_PLACEMENT_3D('',#2974,#2378,#2379);
#2014=AXIS2_PLACEMENT_3D('',#2977,#2381,#2382);
#2015=AXIS2_PLACEMENT_3D('',#2978,#2383,#2384);
#2016=AXIS2_PLACEMENT_3D('',#2983,#2386,#2387);
#2017=AXIS2_PLACEMENT_3D('',#2986,#2389,#2390);
#2018=AXIS2_PLACEMENT_3D('',#2987,#2391,#2392);
#2019=AXIS2_PLACEMENT_3D('',#2992,#2394,#2395);
#2020=AXIS2_PLACEMENT_3D('',#2995,#2397,#2398);
#2021=AXIS2_PLACEMENT_3D('',#2996,#2399,#2400);
#2022=AXIS2_PLACEMENT_3D('',#3001,#2402,#2403);
#2023=AXIS2_PLACEMENT_3D('',#3004,#2405,#2406);
#2024=AXIS2_PLACEMENT_3D('',#3005,#2407,#2408);
#2025=AXIS2_PLACEMENT_3D('',#3010,#2410,#2411);
#2026=AXIS2_PLACEMENT_3D('',#3013,#2413,#2414);
#2027=AXIS2_PLACEMENT_3D('',#3014,#2415,#2416);
#2028=AXIS2_PLACEMENT_3D('',#3019,#2418,#2419);
#2029=AXIS2_PLACEMENT_3D('',#3022,#2421,#2422);
#2030=AXIS2_PLACEMENT_3D('',#3023,#2423,#2424);
#2031=AXIS2_PLACEMENT_3D('',#3028,#2426,#2427);
#2032=AXIS2_PLACEMENT_3D('',#3031,#2429,#2430);
#2033=AXIS2_PLACEMENT_3D('',#3032,#2431,#2432);
#2034=AXIS2_PLACEMENT_3D('',#3037,#2434,#2435);
#2035=AXIS2_PLACEMENT_3D('',#3040,#2437,#2438);
#2036=AXIS2_PLACEMENT_3D('',#3041,#2439,#2440);
#2037=AXIS2_PLACEMENT_3D('',#3046,#2442,#2443);
#2038=AXIS2_PLACEMENT_3D('',#3049,#2445,#2446);
#2039=AXIS2_PLACEMENT_3D('',#3050,#2447,#2448);
#2040=AXIS2_PLACEMENT_3D('',#3056,#2452,#2453);
#2041=AXIS2_PLACEMENT_3D('',#3059,#2456,#2457);
#2042=AXIS2_PLACEMENT_3D('',#3062,#2460,#2461);
#2043=AXIS2_PLACEMENT_3D('',#3065,#2464,#2465);
#2044=AXIS2_PLACEMENT_3D('',#3068,#2468,#2469);
#2045=AXIS2_PLACEMENT_3D('',#3071,#2472,#2473);
#2046=AXIS2_PLACEMENT_3D('',#3074,#2476,#2477);
#2047=AXIS2_PLACEMENT_3D('',#3080,#2481,#2482);
#2048=AXIS2_PLACEMENT_3D('',#3083,#2485,#2486);
#2049=AXIS2_PLACEMENT_3D('',#3086,#2489,#2490);
#2050=AXIS2_PLACEMENT_3D('',#3089,#2493,#2494);
#2051=AXIS2_PLACEMENT_3D('',#3098,#2499,#2500);
#2052=AXIS2_PLACEMENT_3D('',#3101,#2503,#2504);
#2053=AXIS2_PLACEMENT_3D('',#3104,#2507,#2508);
#2054=AXIS2_PLACEMENT_3D('',#3110,#2512,#2513);
#2055=AXIS2_PLACEMENT_3D('',#3113,#2516,#2517);
#2056=AXIS2_PLACEMENT_3D('',#3116,#2520,#2521);
#2057=AXIS2_PLACEMENT_3D('',#3119,#2524,#2525);
#2058=AXIS2_PLACEMENT_3D('',#3125,#2529,#2530);
#2059=AXIS2_PLACEMENT_3D('',#3128,#2533,#2534);
#2060=AXIS2_PLACEMENT_3D('',#3131,#2537,#2538);
#2061=AXIS2_PLACEMENT_3D('',#3134,#2541,#2542);
#2062=AXIS2_PLACEMENT_3D('',#3137,#2545,#2546);
#2063=AXIS2_PLACEMENT_3D('',#3140,#2549,#2550);
#2064=AXIS2_PLACEMENT_3D('',#3143,#2553,#2554);
#2065=AXIS2_PLACEMENT_3D('',#3146,#2557,#2558);
#2066=AXIS2_PLACEMENT_3D('',#3149,#2561,#2562);
#2067=AXIS2_PLACEMENT_3D('',#3152,#2565,#2566);
#2068=AXIS2_PLACEMENT_3D('',#3155,#2569,#2570);
#2069=AXIS2_PLACEMENT_3D('',#3158,#2573,#2574);
#2070=AXIS2_PLACEMENT_3D('',#3161,#2577,#2578);
#2071=AXIS2_PLACEMENT_3D('',#3164,#2581,#2582);
#2072=AXIS2_PLACEMENT_3D('',#3167,#2585,#2586);
#2073=AXIS2_PLACEMENT_3D('',#3169,#2588,#2589);
#2074=AXIS2_PLACEMENT_3D('',#3184,#2604,#2605);
#2075=AXIS2_PLACEMENT_3D('',#3186,#2607,#2608);
#2076=AXIS2_PLACEMENT_3D('',#3188,#2610,#2611);
#2077=AXIS2_PLACEMENT_3D('',#3190,#2613,#2614);
#2078=AXIS2_PLACEMENT_3D('',#3192,#2616,#2617);
#2079=AXIS2_PLACEMENT_3D('',#3194,#2619,#2620);
#2080=AXIS2_PLACEMENT_3D('',#3196,#2622,#2623);
#2081=AXIS2_PLACEMENT_3D('',#3198,#2625,#2626);
#2082=AXIS2_PLACEMENT_3D('',#3200,#2628,#2629);
#2083=AXIS2_PLACEMENT_3D('',#3202,#2631,#2632);
#2084=AXIS2_PLACEMENT_3D('',#3204,#2634,#2635);
#2085=AXIS2_PLACEMENT_3D('',#3206,#2637,#2638);
#2086=AXIS2_PLACEMENT_3D('',#3207,#2639,#2640);
#2087=AXIS2_PLACEMENT_3D('',#3208,#2641,#2642);
#2088=AXIS2_PLACEMENT_3D('',#3213,#2647,#2648);
#2089=AXIS2_PLACEMENT_3D('',#3214,#2649,#2650);
#2090=AXIS2_PLACEMENT_3D('',#3215,#2651,#2652);
#2091=AXIS2_PLACEMENT_3D('',#3216,#2653,#2654);
#2092=DIRECTION('axis',(0.,0.,1.));
#2093=DIRECTION('refdir',(1.,0.,0.));
#2094=DIRECTION('center_axis',(0.,-1.,0.));
#2095=DIRECTION('ref_axis',(-1.,0.,0.));
#2096=DIRECTION('center_axis',(0.,-1.,0.));
#2097=DIRECTION('ref_axis',(-1.,0.,0.));
#2098=DIRECTION('',(0.,-1.,0.));
#2099=DIRECTION('center_axis',(0.,-1.,0.));
#2100=DIRECTION('ref_axis',(-1.,0.,0.));
#2101=DIRECTION('center_axis',(0.,1.,0.));
#2102=DIRECTION('ref_axis',(-1.,0.,0.));
#2103=DIRECTION('center_axis',(0.,-1.,0.));
#2104=DIRECTION('ref_axis',(-1.,0.,0.));
#2105=DIRECTION('',(0.,-1.,0.));
#2106=DIRECTION('center_axis',(0.,-1.,0.));
#2107=DIRECTION('ref_axis',(-1.,0.,0.));
#2108=DIRECTION('',(0.,1.,0.));
#2109=DIRECTION('center_axis',(0.,1.,0.));
#2110=DIRECTION('ref_axis',(-1.,0.,0.));
#2111=DIRECTION('center_axis',(0.,-1.,0.));
#2112=DIRECTION('ref_axis',(-1.,0.,0.));
#2113=DIRECTION('',(0.,-1.,0.));
#2114=DIRECTION('center_axis',(0.,-1.,0.));
#2115=DIRECTION('ref_axis',(-1.,0.,0.));
#2116=DIRECTION('',(0.,1.,0.));
#2117=DIRECTION('center_axis',(0.,1.,0.));
#2118=DIRECTION('ref_axis',(-1.,0.,0.));
#2119=DIRECTION('center_axis',(0.,-1.,0.));
#2120=DIRECTION('ref_axis',(-1.,0.,0.));
#2121=DIRECTION('',(0.,-1.,0.));
#2122=DIRECTION('center_axis',(0.,-1.,0.));
#2123=DIRECTION('ref_axis',(-1.,0.,0.));
#2124=DIRECTION('',(0.,1.,0.));
#2125=DIRECTION('center_axis',(0.,1.,0.));
#2126=DIRECTION('ref_axis',(-1.,0.,0.));
#2127=DIRECTION('center_axis',(0.,-1.,0.));
#2128=DIRECTION('ref_axis',(-1.,0.,0.));
#2129=DIRECTION('',(0.,-1.,0.));
#2130=DIRECTION('center_axis',(0.,-1.,0.));
#2131=DIRECTION('ref_axis',(-1.,0.,0.));
#2132=DIRECTION('',(0.,1.,0.));
#2133=DIRECTION('center_axis',(0.,1.,0.));
#2134=DIRECTION('ref_axis',(-1.,0.,0.));
#2135=DIRECTION('center_axis',(0.,-1.,0.));
#2136=DIRECTION('ref_axis',(-1.,0.,0.));
#2137=DIRECTION('',(0.,-1.,0.));
#2138=DIRECTION('center_axis',(0.,-1.,0.));
#2139=DIRECTION('ref_axis',(-1.,0.,0.));
#2140=DIRECTION('',(0.,1.,0.));
#2141=DIRECTION('center_axis',(0.,1.,0.));
#2142=DIRECTION('ref_axis',(-1.,0.,0.));
#2143=DIRECTION('center_axis',(0.,-1.,0.));
#2144=DIRECTION('ref_axis',(-1.,0.,0.));
#2145=DIRECTION('',(0.,-1.,0.));
#2146=DIRECTION('center_axis',(0.,-1.,0.));
#2147=DIRECTION('ref_axis',(-1.,0.,0.));
#2148=DIRECTION('',(0.,1.,0.));
#2149=DIRECTION('center_axis',(0.,1.,0.));
#2150=DIRECTION('ref_axis',(-1.,0.,0.));
#2151=DIRECTION('center_axis',(0.,-1.,0.));
#2152=DIRECTION('ref_axis',(1.,0.,1.22464679914735E-16));
#2153=DIRECTION('',(0.,-1.,0.));
#2154=DIRECTION('center_axis',(0.,-1.,0.));
#2155=DIRECTION('ref_axis',(-1.,0.,0.));
#2156=DIRECTION('',(0.,1.,0.));
#2157=DIRECTION('center_axis',(0.,1.,0.));
#2158=DIRECTION('ref_axis',(-1.,0.,0.));
#2159=DIRECTION('center_axis',(0.,-1.,0.));
#2160=DIRECTION('ref_axis',(-1.,0.,0.));
#2161=DIRECTION('',(0.,-1.,0.));
#2162=DIRECTION('center_axis',(0.,-1.,0.));
#2163=DIRECTION('ref_axis',(-1.,0.,0.));
#2164=DIRECTION('',(0.,1.,0.));
#2165=DIRECTION('center_axis',(0.,1.,0.));
#2166=DIRECTION('ref_axis',(-1.,0.,0.));
#2167=DIRECTION('center_axis',(0.,-1.,0.));
#2168=DIRECTION('ref_axis',(-1.,0.,0.));
#2169=DIRECTION('',(0.,-1.,0.));
#2170=DIRECTION('center_axis',(0.,-1.,0.));
#2171=DIRECTION('ref_axis',(-1.,0.,0.));
#2172=DIRECTION('',(0.,1.,0.));
#2173=DIRECTION('center_axis',(0.,1.,0.));
#2174=DIRECTION('ref_axis',(-1.,0.,0.));
#2175=DIRECTION('center_axis',(0.,-1.,0.));
#2176=DIRECTION('ref_axis',(1.,0.,1.22464679914735E-16));
#2177=DIRECTION('',(0.,-1.,0.));
#2178=DIRECTION('center_axis',(0.,-1.,0.));
#2179=DIRECTION('ref_axis',(-1.,0.,0.));
#2180=DIRECTION('',(0.,1.,0.));
#2181=DIRECTION('center_axis',(0.,1.,0.));
#2182=DIRECTION('ref_axis',(-1.,0.,0.));
#2183=DIRECTION('center_axis',(0.,-1.,0.));
#2184=DIRECTION('ref_axis',(-1.,0.,0.));
#2185=DIRECTION('',(0.,-1.,0.));
#2186=DIRECTION('center_axis',(0.,-1.,0.));
#2187=DIRECTION('ref_axis',(-1.,0.,0.));
#2188=DIRECTION('',(0.,1.,0.));
#2189=DIRECTION('center_axis',(0.,1.,0.));
#2190=DIRECTION('ref_axis',(-1.,0.,0.));
#2191=DIRECTION('center_axis',(0.,-1.,0.));
#2192=DIRECTION('ref_axis',(-1.,0.,0.));
#2193=DIRECTION('',(0.,-1.,0.));
#2194=DIRECTION('center_axis',(0.,-1.,0.));
#2195=DIRECTION('ref_axis',(-1.,0.,0.));
#2196=DIRECTION('',(0.,1.,0.));
#2197=DIRECTION('center_axis',(0.,1.,0.));
#2198=DIRECTION('ref_axis',(-1.,0.,0.));
#2199=DIRECTION('center_axis',(0.,-1.,0.));
#2200=DIRECTION('ref_axis',(1.,0.,1.22464679914735E-16));
#2201=DIRECTION('',(0.,-1.,0.));
#2202=DIRECTION('center_axis',(0.,-1.,0.));
#2203=DIRECTION('ref_axis',(-1.,0.,0.));
#2204=DIRECTION('',(0.,1.,0.));
#2205=DIRECTION('center_axis',(0.,1.,0.));
#2206=DIRECTION('ref_axis',(-1.,0.,0.));
#2207=DIRECTION('center_axis',(0.,-1.,0.));
#2208=DIRECTION('ref_axis',(1.,0.,1.22464679914735E-16));
#2209=DIRECTION('',(0.,-1.,0.));
#2210=DIRECTION('center_axis',(0.,-1.,0.));
#2211=DIRECTION('ref_axis',(-1.,0.,0.));
#2212=DIRECTION('',(0.,1.,0.));
#2213=DIRECTION('center_axis',(0.,1.,0.));
#2214=DIRECTION('ref_axis',(-1.,0.,0.));
#2215=DIRECTION('center_axis',(0.,-1.,0.));
#2216=DIRECTION('ref_axis',(-1.,0.,0.));
#2217=DIRECTION('',(0.,-1.,0.));
#2218=DIRECTION('center_axis',(0.,-1.,0.));
#2219=DIRECTION('ref_axis',(-1.,0.,0.));
#2220=DIRECTION('',(0.,1.,0.));
#2221=DIRECTION('center_axis',(0.,1.,0.));
#2222=DIRECTION('ref_axis',(-1.,0.,0.));
#2223=DIRECTION('center_axis',(0.,-1.,0.));
#2224=DIRECTION('ref_axis',(-1.,0.,0.));
#2225=DIRECTION('',(0.,-1.,0.));
#2226=DIRECTION('center_axis',(0.,-1.,0.));
#2227=DIRECTION('ref_axis',(-1.,0.,0.));
#2228=DIRECTION('',(0.,1.,0.));
#2229=DIRECTION('center_axis',(0.,1.,0.));
#2230=DIRECTION('ref_axis',(-1.,0.,0.));
#2231=DIRECTION('center_axis',(0.,-1.,0.));
#2232=DIRECTION('ref_axis',(-1.,0.,0.));
#2233=DIRECTION('',(0.,-1.,0.));
#2234=DIRECTION('center_axis',(0.,-1.,0.));
#2235=DIRECTION('ref_axis',(-1.,0.,0.));
#2236=DIRECTION('',(0.,1.,0.));
#2237=DIRECTION('center_axis',(0.,1.,0.));
#2238=DIRECTION('ref_axis',(-1.,0.,0.));
#2239=DIRECTION('center_axis',(0.,-1.,0.));
#2240=DIRECTION('ref_axis',(-1.,0.,0.));
#2241=DIRECTION('',(0.,-1.,0.));
#2242=DIRECTION('center_axis',(0.,-1.,0.));
#2243=DIRECTION('ref_axis',(-1.,0.,0.));
#2244=DIRECTION('',(0.,1.,0.));
#2245=DIRECTION('center_axis',(0.,1.,0.));
#2246=DIRECTION('ref_axis',(-1.,0.,0.));
#2247=DIRECTION('center_axis',(0.,-1.,0.));
#2248=DIRECTION('ref_axis',(-1.,0.,0.));
#2249=DIRECTION('',(0.,-1.,0.));
#2250=DIRECTION('center_axis',(0.,-1.,0.));
#2251=DIRECTION('ref_axis',(-1.,0.,0.));
#2252=DIRECTION('',(0.,1.,0.));
#2253=DIRECTION('center_axis',(0.,1.,0.));
#2254=DIRECTION('ref_axis',(-1.,0.,0.));
#2255=DIRECTION('center_axis',(0.,-1.,0.));
#2256=DIRECTION('ref_axis',(-1.,0.,0.));
#2257=DIRECTION('',(0.,-1.,0.));
#2258=DIRECTION('center_axis',(0.,-1.,0.));
#2259=DIRECTION('ref_axis',(-1.,0.,0.));
#2260=DIRECTION('',(0.,1.,0.));
#2261=DIRECTION('center_axis',(0.,1.,0.));
#2262=DIRECTION('ref_axis',(-1.,0.,0.));
#2263=DIRECTION('center_axis',(0.,-1.,0.));
#2264=DIRECTION('ref_axis',(-1.,0.,0.));
#2265=DIRECTION('',(0.,-1.,0.));
#2266=DIRECTION('center_axis',(0.,-1.,0.));
#2267=DIRECTION('ref_axis',(-1.,0.,0.));
#2268=DIRECTION('',(0.,1.,0.));
#2269=DIRECTION('center_axis',(0.,1.,0.));
#2270=DIRECTION('ref_axis',(-1.,0.,0.));
#2271=DIRECTION('center_axis',(0.,-1.,0.));
#2272=DIRECTION('ref_axis',(-1.,0.,0.));
#2273=DIRECTION('',(0.,-1.,0.));
#2274=DIRECTION('center_axis',(0.,-1.,0.));
#2275=DIRECTION('ref_axis',(-1.,0.,0.));
#2276=DIRECTION('',(0.,1.,0.));
#2277=DIRECTION('center_axis',(0.,1.,0.));
#2278=DIRECTION('ref_axis',(-1.,0.,0.));
#2279=DIRECTION('center_axis',(0.,-1.,0.));
#2280=DIRECTION('ref_axis',(-1.,0.,0.));
#2281=DIRECTION('',(0.,-1.,0.));
#2282=DIRECTION('center_axis',(0.,-1.,0.));
#2283=DIRECTION('ref_axis',(-1.,0.,0.));
#2284=DIRECTION('',(0.,1.,0.));
#2285=DIRECTION('center_axis',(0.,1.,0.));
#2286=DIRECTION('ref_axis',(-1.,0.,0.));
#2287=DIRECTION('center_axis',(0.,-1.,0.));
#2288=DIRECTION('ref_axis',(-1.,0.,0.));
#2289=DIRECTION('',(0.,-1.,0.));
#2290=DIRECTION('center_axis',(0.,-1.,0.));
#2291=DIRECTION('ref_axis',(-1.,0.,0.));
#2292=DIRECTION('',(0.,1.,0.));
#2293=DIRECTION('center_axis',(0.,1.,0.));
#2294=DIRECTION('ref_axis',(-1.,0.,0.));
#2295=DIRECTION('center_axis',(0.,-1.,0.));
#2296=DIRECTION('ref_axis',(-1.,0.,0.));
#2297=DIRECTION('',(0.,-1.,0.));
#2298=DIRECTION('center_axis',(0.,-1.,0.));
#2299=DIRECTION('ref_axis',(-1.,0.,0.));
#2300=DIRECTION('',(0.,1.,0.));
#2301=DIRECTION('center_axis',(0.,1.,0.));
#2302=DIRECTION('ref_axis',(-1.,0.,0.));
#2303=DIRECTION('center_axis',(0.,-1.,0.));
#2304=DIRECTION('ref_axis',(-1.,0.,0.));
#2305=DIRECTION('',(0.,-1.,0.));
#2306=DIRECTION('center_axis',(0.,-1.,0.));
#2307=DIRECTION('ref_axis',(-1.,0.,0.));
#2308=DIRECTION('',(0.,1.,0.));
#2309=DIRECTION('center_axis',(0.,1.,0.));
#2310=DIRECTION('ref_axis',(-1.,0.,0.));
#2311=DIRECTION('center_axis',(0.,-1.,0.));
#2312=DIRECTION('ref_axis',(1.,0.,1.22464679914735E-16));
#2313=DIRECTION('',(0.,-1.,0.));
#2314=DIRECTION('center_axis',(0.,-1.,0.));
#2315=DIRECTION('ref_axis',(-1.,0.,0.));
#2316=DIRECTION('',(0.,1.,0.));
#2317=DIRECTION('center_axis',(0.,1.,0.));
#2318=DIRECTION('ref_axis',(-1.,0.,0.));
#2319=DIRECTION('center_axis',(0.,-1.,0.));
#2320=DIRECTION('ref_axis',(-1.,0.,0.));
#2321=DIRECTION('',(0.,-1.,0.));
#2322=DIRECTION('center_axis',(0.,-1.,0.));
#2323=DIRECTION('ref_axis',(-1.,0.,0.));
#2324=DIRECTION('',(0.,1.,0.));
#2325=DIRECTION('center_axis',(0.,1.,0.));
#2326=DIRECTION('ref_axis',(-1.,0.,0.));
#2327=DIRECTION('center_axis',(0.,-1.,0.));
#2328=DIRECTION('ref_axis',(-1.,0.,0.));
#2329=DIRECTION('',(0.,-1.,0.));
#2330=DIRECTION('center_axis',(0.,-1.,0.));
#2331=DIRECTION('ref_axis',(-1.,0.,0.));
#2332=DIRECTION('',(0.,1.,0.));
#2333=DIRECTION('center_axis',(0.,1.,0.));
#2334=DIRECTION('ref_axis',(-1.,0.,0.));
#2335=DIRECTION('center_axis',(0.,-1.,0.));
#2336=DIRECTION('ref_axis',(-1.,0.,0.));
#2337=DIRECTION('',(0.,-1.,0.));
#2338=DIRECTION('center_axis',(0.,-1.,0.));
#2339=DIRECTION('ref_axis',(-1.,0.,0.));
#2340=DIRECTION('',(0.,1.,0.));
#2341=DIRECTION('center_axis',(0.,1.,0.));
#2342=DIRECTION('ref_axis',(-1.,0.,0.));
#2343=DIRECTION('center_axis',(0.,-1.,0.));
#2344=DIRECTION('ref_axis',(1.,0.,1.22464679914735E-16));
#2345=DIRECTION('',(0.,-1.,0.));
#2346=DIRECTION('center_axis',(0.,-1.,0.));
#2347=DIRECTION('ref_axis',(-1.,0.,0.));
#2348=DIRECTION('',(0.,1.,0.));
#2349=DIRECTION('center_axis',(0.,1.,0.));
#2350=DIRECTION('ref_axis',(-1.,0.,0.));
#2351=DIRECTION('center_axis',(0.,-1.,0.));
#2352=DIRECTION('ref_axis',(1.,0.,1.22464679914735E-16));
#2353=DIRECTION('',(0.,-1.,0.));
#2354=DIRECTION('center_axis',(0.,-1.,0.));
#2355=DIRECTION('ref_axis',(-1.,0.,0.));
#2356=DIRECTION('',(0.,1.,0.));
#2357=DIRECTION('center_axis',(0.,1.,0.));
#2358=DIRECTION('ref_axis',(-1.,0.,0.));
#2359=DIRECTION('center_axis',(0.,-1.,0.));
#2360=DIRECTION('ref_axis',(1.,0.,1.22464679914735E-16));
#2361=DIRECTION('',(0.,-1.,0.));
#2362=DIRECTION('center_axis',(0.,-1.,0.));
#2363=DIRECTION('ref_axis',(-1.,0.,0.));
#2364=DIRECTION('',(0.,1.,0.));
#2365=DIRECTION('center_axis',(0.,1.,0.));
#2366=DIRECTION('ref_axis',(-1.,0.,0.));
#2367=DIRECTION('center_axis',(0.,-1.,0.));
#2368=DIRECTION('ref_axis',(-1.,0.,0.));
#2369=DIRECTION('',(0.,-1.,0.));
#2370=DIRECTION('center_axis',(0.,-1.,0.));
#2371=DIRECTION('ref_axis',(-1.,0.,0.));
#2372=DIRECTION('',(0.,1.,0.));
#2373=DIRECTION('center_axis',(0.,1.,0.));
#2374=DIRECTION('ref_axis',(-1.,0.,0.));
#2375=DIRECTION('center_axis',(0.,-1.,0.));
#2376=DIRECTION('ref_axis',(-1.,0.,0.));
#2377=DIRECTION('',(0.,-1.,0.));
#2378=DIRECTION('center_axis',(0.,-1.,0.));
#2379=DIRECTION('ref_axis',(-1.,0.,0.));
#2380=DIRECTION('',(0.,1.,0.));
#2381=DIRECTION('center_axis',(0.,1.,0.));
#2382=DIRECTION('ref_axis',(-1.,0.,0.));
#2383=DIRECTION('center_axis',(0.,-1.,0.));
#2384=DIRECTION('ref_axis',(1.,0.,1.22464679914735E-16));
#2385=DIRECTION('',(0.,-1.,0.));
#2386=DIRECTION('center_axis',(0.,-1.,0.));
#2387=DIRECTION('ref_axis',(-1.,0.,0.));
#2388=DIRECTION('',(0.,1.,0.));
#2389=DIRECTION('center_axis',(0.,1.,0.));
#2390=DIRECTION('ref_axis',(-1.,0.,0.));
#2391=DIRECTION('center_axis',(0.,-1.,0.));
#2392=DIRECTION('ref_axis',(-1.,0.,0.));
#2393=DIRECTION('',(0.,-1.,0.));
#2394=DIRECTION('center_axis',(0.,-1.,0.));
#2395=DIRECTION('ref_axis',(-1.,0.,0.));
#2396=DIRECTION('',(0.,1.,0.));
#2397=DIRECTION('center_axis',(0.,1.,0.));
#2398=DIRECTION('ref_axis',(-1.,0.,0.));
#2399=DIRECTION('center_axis',(0.,-1.,0.));
#2400=DIRECTION('ref_axis',(1.,0.,1.22464679914735E-16));
#2401=DIRECTION('',(0.,-1.,0.));
#2402=DIRECTION('center_axis',(0.,-1.,0.));
#2403=DIRECTION('ref_axis',(-1.,0.,0.));
#2404=DIRECTION('',(0.,1.,0.));
#2405=DIRECTION('center_axis',(0.,1.,0.));
#2406=DIRECTION('ref_axis',(-1.,0.,0.));
#2407=DIRECTION('center_axis',(0.,-1.,0.));
#2408=DIRECTION('ref_axis',(-1.,0.,0.));
#2409=DIRECTION('',(0.,-1.,0.));
#2410=DIRECTION('center_axis',(0.,-1.,0.));
#2411=DIRECTION('ref_axis',(-1.,0.,0.));
#2412=DIRECTION('',(0.,1.,0.));
#2413=DIRECTION('center_axis',(0.,1.,0.));
#2414=DIRECTION('ref_axis',(-1.,0.,0.));
#2415=DIRECTION('center_axis',(0.,-1.,0.));
#2416=DIRECTION('ref_axis',(-1.,0.,0.));
#2417=DIRECTION('',(0.,-1.,0.));
#2418=DIRECTION('center_axis',(0.,-1.,0.));
#2419=DIRECTION('ref_axis',(-1.,0.,0.));
#2420=DIRECTION('',(0.,1.,0.));
#2421=DIRECTION('center_axis',(0.,1.,0.));
#2422=DIRECTION('ref_axis',(-1.,0.,0.));
#2423=DIRECTION('center_axis',(0.,-1.,0.));
#2424=DIRECTION('ref_axis',(-1.,0.,0.));
#2425=DIRECTION('',(0.,-1.,0.));
#2426=DIRECTION('center_axis',(0.,-1.,0.));
#2427=DIRECTION('ref_axis',(-1.,0.,0.));
#2428=DIRECTION('',(0.,1.,0.));
#2429=DIRECTION('center_axis',(0.,1.,0.));
#2430=DIRECTION('ref_axis',(-1.,0.,0.));
#2431=DIRECTION('center_axis',(0.,-1.,0.));
#2432=DIRECTION('ref_axis',(-1.,0.,0.));
#2433=DIRECTION('',(0.,-1.,0.));
#2434=DIRECTION('center_axis',(0.,-1.,0.));
#2435=DIRECTION('ref_axis',(-1.,0.,0.));
#2436=DIRECTION('',(0.,1.,0.));
#2437=DIRECTION('center_axis',(0.,1.,0.));
#2438=DIRECTION('ref_axis',(-1.,0.,0.));
#2439=DIRECTION('center_axis',(0.,-1.,0.));
#2440=DIRECTION('ref_axis',(-1.,0.,0.));
#2441=DIRECTION('',(0.,-1.,0.));
#2442=DIRECTION('center_axis',(0.,-1.,0.));
#2443=DIRECTION('ref_axis',(-1.,0.,0.));
#2444=DIRECTION('',(0.,1.,0.));
#2445=DIRECTION('center_axis',(0.,1.,0.));
#2446=DIRECTION('ref_axis',(-1.,0.,0.));
#2447=DIRECTION('center_axis',(1.,0.,0.));
#2448=DIRECTION('ref_axis',(0.,0.,-1.));
#2449=DIRECTION('',(0.,0.,-1.));
#2450=DIRECTION('',(0.,1.,0.));
#2451=DIRECTION('',(0.,0.,-1.));
#2452=DIRECTION('center_axis',(1.,0.,0.));
#2453=DIRECTION('ref_axis',(0.,0.,-1.));
#2454=DIRECTION('',(0.,0.,-1.));
#2455=DIRECTION('',(0.,0.,-1.));
#2456=DIRECTION('center_axis',(1.,0.,0.));
#2457=DIRECTION('ref_axis',(0.,0.,-1.));
#2458=DIRECTION('',(0.,0.,-1.));
#2459=DIRECTION('',(0.,0.,-1.));
#2460=DIRECTION('center_axis',(1.,0.,0.));
#2461=DIRECTION('ref_axis',(0.,0.,-1.));
#2462=DIRECTION('',(0.,0.,-1.));
#2463=DIRECTION('',(0.,0.,-1.));
#2464=DIRECTION('center_axis',(1.,0.,0.));
#2465=DIRECTION('ref_axis',(0.,0.,-1.));
#2466=DIRECTION('',(0.,0.,-1.));
#2467=DIRECTION('',(0.,0.,-1.));
#2468=DIRECTION('center_axis',(1.,0.,0.));
#2469=DIRECTION('ref_axis',(0.,0.,-1.));
#2470=DIRECTION('',(0.,0.,-1.));
#2471=DIRECTION('',(0.,0.,-1.));
#2472=DIRECTION('center_axis',(1.,0.,0.));
#2473=DIRECTION('ref_axis',(0.,0.,-1.));
#2474=DIRECTION('',(0.,0.,-1.));
#2475=DIRECTION('',(0.,0.,-1.));
#2476=DIRECTION('center_axis',(1.,0.,0.));
#2477=DIRECTION('ref_axis',(0.,0.,-1.));
#2478=DIRECTION('',(0.,0.,-1.));
#2479=DIRECTION('',(0.,1.,0.));
#2480=DIRECTION('',(0.,0.,-1.));
#2481=DIRECTION('center_axis',(1.,0.,0.));
#2482=DIRECTION('ref_axis',(0.,0.,-1.));
#2483=DIRECTION('',(0.,0.,-1.));
#2484=DIRECTION('',(0.,0.,-1.));
#2485=DIRECTION('center_axis',(1.,0.,0.));
#2486=DIRECTION('ref_axis',(0.,0.,-1.));
#2487=DIRECTION('',(0.,0.,-1.));
#2488=DIRECTION('',(0.,0.,-1.));
#2489=DIRECTION('center_axis',(1.,0.,0.));
#2490=DIRECTION('ref_axis',(0.,0.,-1.));
#2491=DIRECTION('',(0.,0.,-1.));
#2492=DIRECTION('',(0.,0.,-1.));
#2493=DIRECTION('center_axis',(-1.,0.,0.));
#2494=DIRECTION('ref_axis',(0.,0.,1.));
#2495=DIRECTION('',(0.,1.,0.));
#2496=DIRECTION('',(0.,0.,1.));
#2497=DIRECTION('',(0.,1.,0.));
#2498=DIRECTION('',(0.,0.,1.));
#2499=DIRECTION('center_axis',(-1.,0.,0.));
#2500=DIRECTION('ref_axis',(0.,0.,1.));
#2501=DIRECTION('',(0.,0.,1.));
#2502=DIRECTION('',(0.,0.,1.));
#2503=DIRECTION('center_axis',(-1.,0.,0.));
#2504=DIRECTION('ref_axis',(0.,0.,1.));
#2505=DIRECTION('',(0.,0.,1.));
#2506=DIRECTION('',(0.,0.,1.));
#2507=DIRECTION('center_axis',(-1.,0.,0.));
#2508=DIRECTION('ref_axis',(0.,0.,1.));
#2509=DIRECTION('',(0.,0.,1.));
#2510=DIRECTION('',(0.,1.,0.));
#2511=DIRECTION('',(0.,0.,1.));
#2512=DIRECTION('center_axis',(-1.,0.,0.));
#2513=DIRECTION('ref_axis',(0.,0.,1.));
#2514=DIRECTION('',(0.,0.,1.));
#2515=DIRECTION('',(0.,0.,1.));
#2516=DIRECTION('center_axis',(-1.,0.,0.));
#2517=DIRECTION('ref_axis',(0.,0.,1.));
#2518=DIRECTION('',(0.,0.,1.));
#2519=DIRECTION('',(0.,0.,1.));
#2520=DIRECTION('center_axis',(-1.,0.,0.));
#2521=DIRECTION('ref_axis',(0.,0.,1.));
#2522=DIRECTION('',(0.,0.,1.));
#2523=DIRECTION('',(0.,0.,1.));
#2524=DIRECTION('center_axis',(-1.,0.,0.));
#2525=DIRECTION('ref_axis',(0.,0.,1.));
#2526=DIRECTION('',(0.,-1.,0.));
#2527=DIRECTION('',(0.,0.,1.));
#2528=DIRECTION('',(0.,0.,1.));
#2529=DIRECTION('center_axis',(-1.,0.,0.));
#2530=DIRECTION('ref_axis',(0.,0.,1.));
#2531=DIRECTION('',(0.,0.,1.));
#2532=DIRECTION('',(0.,0.,1.));
#2533=DIRECTION('center_axis',(-1.,0.,0.));
#2534=DIRECTION('ref_axis',(0.,0.,1.));
#2535=DIRECTION('',(0.,0.,1.));
#2536=DIRECTION('',(0.,0.,1.));
#2537=DIRECTION('center_axis',(-1.,0.,0.));
#2538=DIRECTION('ref_axis',(0.,0.,1.));
#2539=DIRECTION('',(0.,0.,1.));
#2540=DIRECTION('',(0.,0.,1.));
#2541=DIRECTION('center_axis',(0.,0.,1.));
#2542=DIRECTION('ref_axis',(1.,0.,0.));
#2543=DIRECTION('',(1.,0.,0.));
#2544=DIRECTION('',(1.,0.,0.));
#2545=DIRECTION('center_axis',(0.,0.,1.));
#2546=DIRECTION('ref_axis',(1.,0.,0.));
#2547=DIRECTION('',(1.,0.,0.));
#2548=DIRECTION('',(1.,0.,0.));
#2549=DIRECTION('center_axis',(0.,0.,1.));
#2550=DIRECTION('ref_axis',(1.,0.,0.));
#2551=DIRECTION('',(1.,0.,0.));
#2552=DIRECTION('',(1.,0.,0.));
#2553=DIRECTION('center_axis',(0.,0.,1.));
#2554=DIRECTION('ref_axis',(1.,0.,0.));
#2555=DIRECTION('',(1.,0.,0.));
#2556=DIRECTION('',(1.,0.,0.));
#2557=DIRECTION('center_axis',(0.,0.,1.));
#2558=DIRECTION('ref_axis',(1.,0.,0.));
#2559=DIRECTION('',(1.,0.,0.));
#2560=DIRECTION('',(1.,0.,0.));
#2561=DIRECTION('center_axis',(0.,0.,1.));
#2562=DIRECTION('ref_axis',(1.,0.,0.));
#2563=DIRECTION('',(1.,0.,0.));
#2564=DIRECTION('',(1.,0.,0.));
#2565=DIRECTION('center_axis',(0.,0.,1.));
#2566=DIRECTION('ref_axis',(1.,0.,0.));
#2567=DIRECTION('',(1.,0.,0.));
#2568=DIRECTION('',(1.,0.,0.));
#2569=DIRECTION('center_axis',(0.,0.,1.));
#2570=DIRECTION('ref_axis',(1.,0.,0.));
#2571=DIRECTION('',(1.,0.,0.));
#2572=DIRECTION('',(1.,0.,0.));
#2573=DIRECTION('center_axis',(0.,0.,1.));
#2574=DIRECTION('ref_axis',(1.,0.,0.));
#2575=DIRECTION('',(1.,0.,0.));
#2576=DIRECTION('',(1.,0.,0.));
#2577=DIRECTION('center_axis',(0.,0.,1.));
#2578=DIRECTION('ref_axis',(1.,0.,0.));
#2579=DIRECTION('',(1.,0.,0.));
#2580=DIRECTION('',(1.,0.,0.));
#2581=DIRECTION('center_axis',(0.,0.,1.));
#2582=DIRECTION('ref_axis',(1.,0.,0.));
#2583=DIRECTION('',(1.,0.,0.));
#2584=DIRECTION('',(1.,0.,0.));
#2585=DIRECTION('center_axis',(0.,1.,0.));
#2586=DIRECTION('ref_axis',(1.,0.,0.));
#2587=DIRECTION('',(0.,0.,1.));
#2588=DIRECTION('center_axis',(0.,1.,0.));
#2589=DIRECTION('ref_axis',(-1.,0.,0.));
#2590=DIRECTION('',(-1.,0.,0.));
#2591=DIRECTION('',(-1.,0.,0.));
#2592=DIRECTION('',(-1.,0.,0.));
#2593=DIRECTION('',(-1.,0.,0.));
#2594=DIRECTION('',(-1.,0.,0.));
#2595=DIRECTION('',(-1.,0.,0.));
#2596=DIRECTION('',(-1.,0.,0.));
#2597=DIRECTION('',(-1.,0.,0.));
#2598=DIRECTION('',(-1.,0.,0.));
#2599=DIRECTION('',(-1.,0.,0.));
#2600=DIRECTION('',(-1.,0.,0.));
#2601=DIRECTION('',(-1.,0.,0.));
#2602=DIRECTION('',(0.,0.,-1.));
#2603=DIRECTION('',(1.,0.,0.));
#2604=DIRECTION('center_axis',(0.,0.,-1.));
#2605=DIRECTION('ref_axis',(-1.,0.,0.));
#2606=DIRECTION('',(-1.,0.,0.));
#2607=DIRECTION('center_axis',(0.,0.,-1.));
#2608=DIRECTION('ref_axis',(-1.,0.,0.));
#2609=DIRECTION('',(-1.,0.,0.));
#2610=DIRECTION('center_axis',(0.,0.,-1.));
#2611=DIRECTION('ref_axis',(-1.,0.,0.));
#2612=DIRECTION('',(-1.,0.,0.));
#2613=DIRECTION('center_axis',(0.,0.,-1.));
#2614=DIRECTION('ref_axis',(-1.,0.,0.));
#2615=DIRECTION('',(-1.,0.,0.));
#2616=DIRECTION('center_axis',(0.,0.,-1.));
#2617=DIRECTION('ref_axis',(-1.,0.,0.));
#2618=DIRECTION('',(-1.,0.,0.));
#2619=DIRECTION('center_axis',(0.,0.,-1.));
#2620=DIRECTION('ref_axis',(-1.,0.,0.));
#2621=DIRECTION('',(-1.,0.,0.));
#2622=DIRECTION('center_axis',(0.,0.,-1.));
#2623=DIRECTION('ref_axis',(-1.,0.,0.));
#2624=DIRECTION('',(-1.,0.,0.));
#2625=DIRECTION('center_axis',(0.,0.,-1.));
#2626=DIRECTION('ref_axis',(-1.,0.,0.));
#2627=DIRECTION('',(-1.,0.,0.));
#2628=DIRECTION('center_axis',(0.,0.,-1.));
#2629=DIRECTION('ref_axis',(-1.,0.,0.));
#2630=DIRECTION('',(-1.,0.,0.));
#2631=DIRECTION('center_axis',(0.,0.,-1.));
#2632=DIRECTION('ref_axis',(-1.,0.,0.));
#2633=DIRECTION('',(-1.,0.,0.));
#2634=DIRECTION('center_axis',(0.,0.,-1.));
#2635=DIRECTION('ref_axis',(-1.,0.,0.));
#2636=DIRECTION('',(-1.,0.,0.));
#2637=DIRECTION('center_axis',(0.,-1.,0.));
#2638=DIRECTION('ref_axis',(1.,0.,-1.22464679914735E-16));
#2639=DIRECTION('center_axis',(0.,-1.,0.));
#2640=DIRECTION('ref_axis',(-1.,0.,0.));
#2641=DIRECTION('center_axis',(0.,1.,0.));
#2642=DIRECTION('ref_axis',(0.,0.,1.));
#2643=DIRECTION('',(1.,0.,0.));
#2644=DIRECTION('',(0.,0.,-1.));
#2645=DIRECTION('',(-1.,0.,0.));
#2646=DIRECTION('',(0.,0.,1.));
#2647=DIRECTION('center_axis',(0.,0.,1.));
#2648=DIRECTION('ref_axis',(1.,0.,0.));
#2649=DIRECTION('center_axis',(-1.,0.,0.));
#2650=DIRECTION('ref_axis',(0.,0.,1.));
#2651=DIRECTION('center_axis',(0.,0.,-1.));
#2652=DIRECTION('ref_axis',(-1.,0.,0.));
#2653=DIRECTION('center_axis',(1.,0.,0.));
#2654=DIRECTION('ref_axis',(0.,0.,-1.));
#2655=CARTESIAN_POINT('',(0.,0.,0.));
#2656=CARTESIAN_POINT('Origin',(-5.3,1.6,-4.5));
#2657=CARTESIAN_POINT('',(-5.05,1.6,-4.5));
#2658=CARTESIAN_POINT('Origin',(-5.3,1.6,-4.5));
#2659=CARTESIAN_POINT('',(-5.05,1.4,-4.5));
#2660=CARTESIAN_POINT('',(-5.05,1.6,-4.5));
#2661=CARTESIAN_POINT('Origin',(-5.3,1.4,-4.5));
#2662=CARTESIAN_POINT('Origin',(-5.3,1.4,-4.5));
#2663=CARTESIAN_POINT('Origin',(1.8,1.6,6.));
#2664=CARTESIAN_POINT('',(1.975,1.6,6.));
#2665=CARTESIAN_POINT('',(1.975,0.,6.));
#2666=CARTESIAN_POINT('',(1.975,1.6,6.));
#2667=CARTESIAN_POINT('',(1.625,1.6,6.));
#2668=CARTESIAN_POINT('Origin',(1.8,1.6,6.));
#2669=CARTESIAN_POINT('',(1.625,0.,6.));
#2670=CARTESIAN_POINT('',(1.625,1.6,6.));
#2671=CARTESIAN_POINT('Origin',(1.8,0.,6.));
#2672=CARTESIAN_POINT('Origin',(4.5,1.6,-6.));
#2673=CARTESIAN_POINT('',(4.325,1.6,-6.));
#2674=CARTESIAN_POINT('',(4.325,0.,-6.));
#2675=CARTESIAN_POINT('',(4.325,1.6,-6.));
#2676=CARTESIAN_POINT('',(4.675,1.6,-6.));
#2677=CARTESIAN_POINT('Origin',(4.5,1.6,-6.));
#2678=CARTESIAN_POINT('',(4.675,0.,-6.));
#2679=CARTESIAN_POINT('',(4.675,1.6,-6.));
#2680=CARTESIAN_POINT('Origin',(4.5,0.,-6.));
#2681=CARTESIAN_POINT('Origin',(-1.11022302462516E-15,1.6,-6.));
#2682=CARTESIAN_POINT('',(-0.175000000000002,1.6,-6.));
#2683=CARTESIAN_POINT('',(-0.175000000000002,0.,-6.));
#2684=CARTESIAN_POINT('',(-0.175000000000002,1.6,-6.));
#2685=CARTESIAN_POINT('',(0.174999999999999,1.6,-6.));
#2686=CARTESIAN_POINT('Origin',(-1.11022302462516E-15,1.6,-6.));
#2687=CARTESIAN_POINT('',(0.174999999999999,0.,-6.));
#2688=CARTESIAN_POINT('',(0.174999999999999,1.6,-6.));
#2689=CARTESIAN_POINT('Origin',(-1.11022302462516E-15,0.,-6.));
#2690=CARTESIAN_POINT('Origin',(6.,1.6,-2.7));
#2691=CARTESIAN_POINT('',(6.,1.6,-2.875));
#2692=CARTESIAN_POINT('',(6.,0.,-2.875));
#2693=CARTESIAN_POINT('',(6.,1.6,-2.875));
#2694=CARTESIAN_POINT('',(6.,1.6,-2.525));
#2695=CARTESIAN_POINT('Origin',(6.,1.6,-2.7));
#2696=CARTESIAN_POINT('',(6.,0.,-2.525));
#2697=CARTESIAN_POINT('',(6.,1.6,-2.525));
#2698=CARTESIAN_POINT('Origin',(6.,0.,-2.7));
#2699=CARTESIAN_POINT('Origin',(-1.8,1.6,6.));
#2700=CARTESIAN_POINT('',(-1.625,1.6,6.));
#2701=CARTESIAN_POINT('',(-1.625,0.,6.));
#2702=CARTESIAN_POINT('',(-1.625,1.6,6.));
#2703=CARTESIAN_POINT('',(-1.975,1.6,6.));
#2704=CARTESIAN_POINT('Origin',(-1.8,1.6,6.));
#2705=CARTESIAN_POINT('',(-1.975,0.,6.));
#2706=CARTESIAN_POINT('',(-1.975,1.6,6.));
#2707=CARTESIAN_POINT('Origin',(-1.8,0.,6.));
#2708=CARTESIAN_POINT('Origin',(-4.5,1.6,-6.));
#2709=CARTESIAN_POINT('',(-4.675,1.6,-6.));
#2710=CARTESIAN_POINT('',(-4.675,0.,-6.));
#2711=CARTESIAN_POINT('',(-4.675,1.6,-6.));
#2712=CARTESIAN_POINT('',(-4.325,1.6,-6.));
#2713=CARTESIAN_POINT('Origin',(-4.5,1.6,-6.));
#2714=CARTESIAN_POINT('',(-4.325,0.,-6.));
#2715=CARTESIAN_POINT('',(-4.325,1.6,-6.));
#2716=CARTESIAN_POINT('Origin',(-4.5,0.,-6.));
#2717=CARTESIAN_POINT('Origin',(-6.,1.6,-1.11022302462516E-15));
#2718=CARTESIAN_POINT('',(-6.,1.6,0.174999999999998));
#2719=CARTESIAN_POINT('',(-6.,0.,0.174999999999998));
#2720=CARTESIAN_POINT('',(-6.,1.6,0.174999999999998));
#2721=CARTESIAN_POINT('',(-6.,1.6,-0.175000000000001));
#2722=CARTESIAN_POINT('Origin',(-6.,1.6,-1.11022302462516E-15));
#2723=CARTESIAN_POINT('',(-6.,0.,-0.175000000000001));
#2724=CARTESIAN_POINT('',(-6.,1.6,-0.175000000000001));
#2725=CARTESIAN_POINT('Origin',(-6.,0.,-1.11022302462516E-15));
#2726=CARTESIAN_POINT('Origin',(6.,1.6,4.5));
#2727=CARTESIAN_POINT('',(6.,1.6,4.325));
#2728=CARTESIAN_POINT('',(6.,0.,4.325));
#2729=CARTESIAN_POINT('',(6.,1.6,4.325));
#2730=CARTESIAN_POINT('',(6.,1.6,4.675));
#2731=CARTESIAN_POINT('Origin',(6.,1.6,4.5));
#2732=CARTESIAN_POINT('',(6.,0.,4.675));
#2733=CARTESIAN_POINT('',(6.,1.6,4.675));
#2734=CARTESIAN_POINT('Origin',(6.,0.,4.5));
#2735=CARTESIAN_POINT('Origin',(6.,1.6,-1.11022302462516E-15));
#2736=CARTESIAN_POINT('',(6.,1.6,-0.175000000000001));
#2737=CARTESIAN_POINT('',(6.,0.,-0.175000000000001));
#2738=CARTESIAN_POINT('',(6.,1.6,-0.175000000000001));
#2739=CARTESIAN_POINT('',(6.,1.6,0.174999999999998));
#2740=CARTESIAN_POINT('Origin',(6.,1.6,-1.11022302462516E-15));
#2741=CARTESIAN_POINT('',(6.,0.,0.174999999999998));
#2742=CARTESIAN_POINT('',(6.,1.6,0.174999999999998));
#2743=CARTESIAN_POINT('Origin',(6.,0.,-1.11022302462516E-15));
#2744=CARTESIAN_POINT('Origin',(-6.,1.6,2.7));
#2745=CARTESIAN_POINT('',(-6.,1.6,2.875));
#2746=CARTESIAN_POINT('',(-6.,0.,2.875));
#2747=CARTESIAN_POINT('',(-6.,1.6,2.875));
#2748=CARTESIAN_POINT('',(-6.,1.6,2.525));
#2749=CARTESIAN_POINT('Origin',(-6.,1.6,2.7));
#2750=CARTESIAN_POINT('',(-6.,0.,2.525));
#2751=CARTESIAN_POINT('',(-6.,1.6,2.525));
#2752=CARTESIAN_POINT('Origin',(-6.,0.,2.7));
#2753=CARTESIAN_POINT('Origin',(1.8,1.6,-6.));
#2754=CARTESIAN_POINT('',(1.625,1.6,-6.));
#2755=CARTESIAN_POINT('',(1.625,0.,-6.));
#2756=CARTESIAN_POINT('',(1.625,1.6,-6.));
#2757=CARTESIAN_POINT('',(1.975,1.6,-6.));
#2758=CARTESIAN_POINT('Origin',(1.8,1.6,-6.));
#2759=CARTESIAN_POINT('',(1.975,0.,-6.));
#2760=CARTESIAN_POINT('',(1.975,1.6,-6.));
#2761=CARTESIAN_POINT('Origin',(1.8,0.,-6.));
#2762=CARTESIAN_POINT('Origin',(-4.5,1.6,6.));
#2763=CARTESIAN_POINT('',(-4.325,1.6,6.));
#2764=CARTESIAN_POINT('',(-4.325,0.,6.));
#2765=CARTESIAN_POINT('',(-4.325,1.6,6.));
#2766=CARTESIAN_POINT('',(-4.675,1.6,6.));
#2767=CARTESIAN_POINT('Origin',(-4.5,1.6,6.));
#2768=CARTESIAN_POINT('',(-4.675,0.,6.));
#2769=CARTESIAN_POINT('',(-4.675,1.6,6.));
#2770=CARTESIAN_POINT('Origin',(-4.5,0.,6.));
#2771=CARTESIAN_POINT('Origin',(-6.,1.6,1.8));
#2772=CARTESIAN_POINT('',(-6.,1.6,1.975));
#2773=CARTESIAN_POINT('',(-6.,0.,1.975));
#2774=CARTESIAN_POINT('',(-6.,1.6,1.975));
#2775=CARTESIAN_POINT('',(-6.,1.6,1.625));
#2776=CARTESIAN_POINT('Origin',(-6.,1.6,1.8));
#2777=CARTESIAN_POINT('',(-6.,0.,1.625));
#2778=CARTESIAN_POINT('',(-6.,1.6,1.625));
#2779=CARTESIAN_POINT('Origin',(-6.,0.,1.8));
#2780=CARTESIAN_POINT('Origin',(-6.,1.6,-0.900000000000001));
#2781=CARTESIAN_POINT('',(-6.,1.6,-0.725000000000001));
#2782=CARTESIAN_POINT('',(-6.,0.,-0.725000000000001));
#2783=CARTESIAN_POINT('',(-6.,1.6,-0.725000000000001));
#2784=CARTESIAN_POINT('',(-6.,1.6,-1.075));
#2785=CARTESIAN_POINT('Origin',(-6.,1.6,-0.900000000000001));
#2786=CARTESIAN_POINT('',(-6.,0.,-1.075));
#2787=CARTESIAN_POINT('',(-6.,1.6,-1.075));
#2788=CARTESIAN_POINT('Origin',(-6.,0.,-0.900000000000001));
#2789=CARTESIAN_POINT('Origin',(-0.900000000000001,1.6,6.));
#2790=CARTESIAN_POINT('',(-0.725,1.6,6.));
#2791=CARTESIAN_POINT('',(-0.725,0.,6.));
#2792=CARTESIAN_POINT('',(-0.725,1.6,6.));
#2793=CARTESIAN_POINT('',(-1.075,1.6,6.));
#2794=CARTESIAN_POINT('Origin',(-0.900000000000001,1.6,6.));
#2795=CARTESIAN_POINT('',(-1.075,0.,6.));
#2796=CARTESIAN_POINT('',(-1.075,1.6,6.));
#2797=CARTESIAN_POINT('Origin',(-0.900000000000001,0.,6.));
#2798=CARTESIAN_POINT('Origin',(-1.11022302462516E-15,1.6,6.));
#2799=CARTESIAN_POINT('',(0.174999999999999,1.6,6.));
#2800=CARTESIAN_POINT('',(0.174999999999999,0.,6.));
#2801=CARTESIAN_POINT('',(0.174999999999999,1.6,6.));
#2802=CARTESIAN_POINT('',(-0.175000000000002,1.6,6.));
#2803=CARTESIAN_POINT('Origin',(-1.11022302462516E-15,1.6,6.));
#2804=CARTESIAN_POINT('',(-0.175000000000002,0.,6.));
#2805=CARTESIAN_POINT('',(-0.175000000000002,1.6,6.));
#2806=CARTESIAN_POINT('Origin',(-1.11022302462516E-15,0.,6.));
#2807=CARTESIAN_POINT('Origin',(6.,1.6,2.7));
#2808=CARTESIAN_POINT('',(6.,1.6,2.525));
#2809=CARTESIAN_POINT('',(6.,0.,2.525));
#2810=CARTESIAN_POINT('',(6.,1.6,2.525));
#2811=CARTESIAN_POINT('',(6.,1.6,2.875));
#2812=CARTESIAN_POINT('Origin',(6.,1.6,2.7));
#2813=CARTESIAN_POINT('',(6.,0.,2.875));
#2814=CARTESIAN_POINT('',(6.,1.6,2.875));
#2815=CARTESIAN_POINT('Origin',(6.,0.,2.7));
#2816=CARTESIAN_POINT('Origin',(3.6,1.6,6.));
#2817=CARTESIAN_POINT('',(3.775,1.6,6.));
#2818=CARTESIAN_POINT('',(3.775,0.,6.));
#2819=CARTESIAN_POINT('',(3.775,1.6,6.));
#2820=CARTESIAN_POINT('',(3.425,1.6,6.));
#2821=CARTESIAN_POINT('Origin',(3.6,1.6,6.));
#2822=CARTESIAN_POINT('',(3.425,0.,6.));
#2823=CARTESIAN_POINT('',(3.425,1.6,6.));
#2824=CARTESIAN_POINT('Origin',(3.6,0.,6.));
#2825=CARTESIAN_POINT('Origin',(6.,1.6,-4.5));
#2826=CARTESIAN_POINT('',(6.,1.6,-4.675));
#2827=CARTESIAN_POINT('',(6.,0.,-4.675));
#2828=CARTESIAN_POINT('',(6.,1.6,-4.675));
#2829=CARTESIAN_POINT('',(6.,1.6,-4.325));
#2830=CARTESIAN_POINT('Origin',(6.,1.6,-4.5));
#2831=CARTESIAN_POINT('',(6.,0.,-4.325));
#2832=CARTESIAN_POINT('',(6.,1.6,-4.325));
#2833=CARTESIAN_POINT('Origin',(6.,0.,-4.5));
#2834=CARTESIAN_POINT('Origin',(2.7,1.6,6.));
#2835=CARTESIAN_POINT('',(2.875,1.6,6.));
#2836=CARTESIAN_POINT('',(2.875,0.,6.));
#2837=CARTESIAN_POINT('',(2.875,1.6,6.));
#2838=CARTESIAN_POINT('',(2.525,1.6,6.));
#2839=CARTESIAN_POINT('Origin',(2.7,1.6,6.));
#2840=CARTESIAN_POINT('',(2.525,0.,6.));
#2841=CARTESIAN_POINT('',(2.525,1.6,6.));
#2842=CARTESIAN_POINT('Origin',(2.7,0.,6.));
#2843=CARTESIAN_POINT('Origin',(3.6,1.6,-6.));
#2844=CARTESIAN_POINT('',(3.425,1.6,-6.));
#2845=CARTESIAN_POINT('',(3.425,0.,-6.));
#2846=CARTESIAN_POINT('',(3.425,1.6,-6.));
#2847=CARTESIAN_POINT('',(3.775,1.6,-6.));
#2848=CARTESIAN_POINT('Origin',(3.6,1.6,-6.));
#2849=CARTESIAN_POINT('',(3.775,0.,-6.));
#2850=CARTESIAN_POINT('',(3.775,1.6,-6.));
#2851=CARTESIAN_POINT('Origin',(3.6,0.,-6.));
#2852=CARTESIAN_POINT('Origin',(6.,1.6,-1.8));
#2853=CARTESIAN_POINT('',(6.,1.6,-1.975));
#2854=CARTESIAN_POINT('',(6.,0.,-1.975));
#2855=CARTESIAN_POINT('',(6.,1.6,-1.975));
#2856=CARTESIAN_POINT('',(6.,1.6,-1.625));
#2857=CARTESIAN_POINT('Origin',(6.,1.6,-1.8));
#2858=CARTESIAN_POINT('',(6.,0.,-1.625));
#2859=CARTESIAN_POINT('',(6.,1.6,-1.625));
#2860=CARTESIAN_POINT('Origin',(6.,0.,-1.8));
#2861=CARTESIAN_POINT('Origin',(-3.6,1.6,-6.));
#2862=CARTESIAN_POINT('',(-3.775,1.6,-6.));
#2863=CARTESIAN_POINT('',(-3.775,0.,-6.));
#2864=CARTESIAN_POINT('',(-3.775,1.6,-6.));
#2865=CARTESIAN_POINT('',(-3.425,1.6,-6.));
#2866=CARTESIAN_POINT('Origin',(-3.6,1.6,-6.));
#2867=CARTESIAN_POINT('',(-3.425,0.,-6.));
#2868=CARTESIAN_POINT('',(-3.425,1.6,-6.));
#2869=CARTESIAN_POINT('Origin',(-3.6,0.,-6.));
#2870=CARTESIAN_POINT('Origin',(6.,1.6,-0.900000000000001));
#2871=CARTESIAN_POINT('',(6.,1.6,-1.075));
#2872=CARTESIAN_POINT('',(6.,0.,-1.075));
#2873=CARTESIAN_POINT('',(6.,1.6,-1.075));
#2874=CARTESIAN_POINT('',(6.,1.6,-0.725000000000001));
#2875=CARTESIAN_POINT('Origin',(6.,1.6,-0.900000000000001));
#2876=CARTESIAN_POINT('',(6.,0.,-0.725000000000001));
#2877=CARTESIAN_POINT('',(6.,1.6,-0.725000000000001));
#2878=CARTESIAN_POINT('Origin',(6.,0.,-0.900000000000001));
#2879=CARTESIAN_POINT('Origin',(6.,1.6,-3.6));
#2880=CARTESIAN_POINT('',(6.,1.6,-3.775));
#2881=CARTESIAN_POINT('',(6.,0.,-3.775));
#2882=CARTESIAN_POINT('',(6.,1.6,-3.775));
#2883=CARTESIAN_POINT('',(6.,1.6,-3.425));
#2884=CARTESIAN_POINT('Origin',(6.,1.6,-3.6));
#2885=CARTESIAN_POINT('',(6.,0.,-3.425));
#2886=CARTESIAN_POINT('',(6.,1.6,-3.425));
#2887=CARTESIAN_POINT('Origin',(6.,0.,-3.6));
#2888=CARTESIAN_POINT('Origin',(6.,1.6,0.9));
#2889=CARTESIAN_POINT('',(6.,1.6,0.725));
#2890=CARTESIAN_POINT('',(6.,0.,0.725));
#2891=CARTESIAN_POINT('',(6.,1.6,0.725));
#2892=CARTESIAN_POINT('',(6.,1.6,1.075));
#2893=CARTESIAN_POINT('Origin',(6.,1.6,0.9));
#2894=CARTESIAN_POINT('',(6.,0.,1.075));
#2895=CARTESIAN_POINT('',(6.,1.6,1.075));
#2896=CARTESIAN_POINT('Origin',(6.,0.,0.9));
#2897=CARTESIAN_POINT('Origin',(-6.,1.6,-3.6));
#2898=CARTESIAN_POINT('',(-6.,1.6,-3.425));
#2899=CARTESIAN_POINT('',(-6.,0.,-3.425));
#2900=CARTESIAN_POINT('',(-6.,1.6,-3.425));
#2901=CARTESIAN_POINT('',(-6.,1.6,-3.775));
#2902=CARTESIAN_POINT('Origin',(-6.,1.6,-3.6));
#2903=CARTESIAN_POINT('',(-6.,0.,-3.775));
#2904=CARTESIAN_POINT('',(-6.,1.6,-3.775));
#2905=CARTESIAN_POINT('Origin',(-6.,0.,-3.6));
#2906=CARTESIAN_POINT('Origin',(6.,1.6,3.6));
#2907=CARTESIAN_POINT('',(6.,1.6,3.425));
#2908=CARTESIAN_POINT('',(6.,0.,3.425));
#2909=CARTESIAN_POINT('',(6.,1.6,3.425));
#2910=CARTESIAN_POINT('',(6.,1.6,3.775));
#2911=CARTESIAN_POINT('Origin',(6.,1.6,3.6));
#2912=CARTESIAN_POINT('',(6.,0.,3.775));
#2913=CARTESIAN_POINT('',(6.,1.6,3.775));
#2914=CARTESIAN_POINT('Origin',(6.,0.,3.6));
#2915=CARTESIAN_POINT('Origin',(-2.7,1.6,6.));
#2916=CARTESIAN_POINT('',(-2.525,1.6,6.));
#2917=CARTESIAN_POINT('',(-2.525,0.,6.));
#2918=CARTESIAN_POINT('',(-2.525,1.6,6.));
#2919=CARTESIAN_POINT('',(-2.875,1.6,6.));
#2920=CARTESIAN_POINT('Origin',(-2.7,1.6,6.));
#2921=CARTESIAN_POINT('',(-2.875,0.,6.));
#2922=CARTESIAN_POINT('',(-2.875,1.6,6.));
#2923=CARTESIAN_POINT('Origin',(-2.7,0.,6.));
#2924=CARTESIAN_POINT('Origin',(0.9,1.6,-6.));
#2925=CARTESIAN_POINT('',(0.724999999999999,1.6,-6.));
#2926=CARTESIAN_POINT('',(0.724999999999999,0.,-6.));
#2927=CARTESIAN_POINT('',(0.724999999999999,1.6,-6.));
#2928=CARTESIAN_POINT('',(1.075,1.6,-6.));
#2929=CARTESIAN_POINT('Origin',(0.9,1.6,-6.));
#2930=CARTESIAN_POINT('',(1.075,0.,-6.));
#2931=CARTESIAN_POINT('',(1.075,1.6,-6.));
#2932=CARTESIAN_POINT('Origin',(0.9,0.,-6.));
#2933=CARTESIAN_POINT('Origin',(-6.,1.6,3.6));
#2934=CARTESIAN_POINT('',(-6.,1.6,3.775));
#2935=CARTESIAN_POINT('',(-6.,0.,3.775));
#2936=CARTESIAN_POINT('',(-6.,1.6,3.775));
#2937=CARTESIAN_POINT('',(-6.,1.6,3.425));
#2938=CARTESIAN_POINT('Origin',(-6.,1.6,3.6));
#2939=CARTESIAN_POINT('',(-6.,0.,3.425));
#2940=CARTESIAN_POINT('',(-6.,1.6,3.425));
#2941=CARTESIAN_POINT('Origin',(-6.,0.,3.6));
#2942=CARTESIAN_POINT('Origin',(-6.,1.6,0.9));
#2943=CARTESIAN_POINT('',(-6.,1.6,1.075));
#2944=CARTESIAN_POINT('',(-6.,0.,1.075));
#2945=CARTESIAN_POINT('',(-6.,1.6,1.075));
#2946=CARTESIAN_POINT('',(-6.,1.6,0.725));
#2947=CARTESIAN_POINT('Origin',(-6.,1.6,0.9));
#2948=CARTESIAN_POINT('',(-6.,0.,0.725));
#2949=CARTESIAN_POINT('',(-6.,1.6,0.725));
#2950=CARTESIAN_POINT('Origin',(-6.,0.,0.9));
#2951=CARTESIAN_POINT('Origin',(-6.,1.6,4.5));
#2952=CARTESIAN_POINT('',(-6.,1.6,4.675));
#2953=CARTESIAN_POINT('',(-6.,0.,4.675));
#2954=CARTESIAN_POINT('',(-6.,1.6,4.675));
#2955=CARTESIAN_POINT('',(-6.,1.6,4.325));
#2956=CARTESIAN_POINT('Origin',(-6.,1.6,4.5));
#2957=CARTESIAN_POINT('',(-6.,0.,4.325));
#2958=CARTESIAN_POINT('',(-6.,1.6,4.325));
#2959=CARTESIAN_POINT('Origin',(-6.,0.,4.5));
#2960=CARTESIAN_POINT('Origin',(-3.6,1.6,6.));
#2961=CARTESIAN_POINT('',(-3.425,1.6,6.));
#2962=CARTESIAN_POINT('',(-3.425,0.,6.));
#2963=CARTESIAN_POINT('',(-3.425,1.6,6.));
#2964=CARTESIAN_POINT('',(-3.775,1.6,6.));
#2965=CARTESIAN_POINT('Origin',(-3.6,1.6,6.));
#2966=CARTESIAN_POINT('',(-3.775,0.,6.));
#2967=CARTESIAN_POINT('',(-3.775,1.6,6.));
#2968=CARTESIAN_POINT('Origin',(-3.6,0.,6.));
#2969=CARTESIAN_POINT('Origin',(6.,1.6,1.8));
#2970=CARTESIAN_POINT('',(6.,1.6,1.625));
#2971=CARTESIAN_POINT('',(6.,0.,1.625));
#2972=CARTESIAN_POINT('',(6.,1.6,1.625));
#2973=CARTESIAN_POINT('',(6.,1.6,1.975));
#2974=CARTESIAN_POINT('Origin',(6.,1.6,1.8));
#2975=CARTESIAN_POINT('',(6.,0.,1.975));
#2976=CARTESIAN_POINT('',(6.,1.6,1.975));
#2977=CARTESIAN_POINT('Origin',(6.,0.,1.8));
#2978=CARTESIAN_POINT('Origin',(-6.,1.6,-2.7));
#2979=CARTESIAN_POINT('',(-6.,1.6,-2.525));
#2980=CARTESIAN_POINT('',(-6.,0.,-2.525));
#2981=CARTESIAN_POINT('',(-6.,1.6,-2.525));
#2982=CARTESIAN_POINT('',(-6.,1.6,-2.875));
#2983=CARTESIAN_POINT('Origin',(-6.,1.6,-2.7));
#2984=CARTESIAN_POINT('',(-6.,0.,-2.875));
#2985=CARTESIAN_POINT('',(-6.,1.6,-2.875));
#2986=CARTESIAN_POINT('Origin',(-6.,0.,-2.7));
#2987=CARTESIAN_POINT('Origin',(2.7,1.6,-6.));
#2988=CARTESIAN_POINT('',(2.525,1.6,-6.));
#2989=CARTESIAN_POINT('',(2.525,0.,-6.));
#2990=CARTESIAN_POINT('',(2.525,1.6,-6.));
#2991=CARTESIAN_POINT('',(2.875,1.6,-6.));
#2992=CARTESIAN_POINT('Origin',(2.7,1.6,-6.));
#2993=CARTESIAN_POINT('',(2.875,0.,-6.));
#2994=CARTESIAN_POINT('',(2.875,1.6,-6.));
#2995=CARTESIAN_POINT('Origin',(2.7,0.,-6.));
#2996=CARTESIAN_POINT('Origin',(-6.,1.6,-1.8));
#2997=CARTESIAN_POINT('',(-6.,1.6,-1.625));
#2998=CARTESIAN_POINT('',(-6.,0.,-1.625));
#2999=CARTESIAN_POINT('',(-6.,1.6,-1.625));
#3000=CARTESIAN_POINT('',(-6.,1.6,-1.975));
#3001=CARTESIAN_POINT('Origin',(-6.,1.6,-1.8));
#3002=CARTESIAN_POINT('',(-6.,0.,-1.975));
#3003=CARTESIAN_POINT('',(-6.,1.6,-1.975));
#3004=CARTESIAN_POINT('Origin',(-6.,0.,-1.8));
#3005=CARTESIAN_POINT('Origin',(4.5,1.6,6.));
#3006=CARTESIAN_POINT('',(4.675,1.6,6.));
#3007=CARTESIAN_POINT('',(4.675,0.,6.));
#3008=CARTESIAN_POINT('',(4.675,1.6,6.));
#3009=CARTESIAN_POINT('',(4.325,1.6,6.));
#3010=CARTESIAN_POINT('Origin',(4.5,1.6,6.));
#3011=CARTESIAN_POINT('',(4.325,0.,6.));
#3012=CARTESIAN_POINT('',(4.325,1.6,6.));
#3013=CARTESIAN_POINT('Origin',(4.5,0.,6.));
#3014=CARTESIAN_POINT('Origin',(-0.900000000000001,1.6,-6.));
#3015=CARTESIAN_POINT('',(-1.075,1.6,-6.));
#3016=CARTESIAN_POINT('',(-1.075,0.,-6.));
#3017=CARTESIAN_POINT('',(-1.075,1.6,-6.));
#3018=CARTESIAN_POINT('',(-0.725,1.6,-6.));
#3019=CARTESIAN_POINT('Origin',(-0.900000000000001,1.6,-6.));
#3020=CARTESIAN_POINT('',(-0.725,0.,-6.));
#3021=CARTESIAN_POINT('',(-0.725,1.6,-6.));
#3022=CARTESIAN_POINT('Origin',(-0.900000000000001,0.,-6.));
#3023=CARTESIAN_POINT('Origin',(-1.8,1.6,-6.));
#3024=CARTESIAN_POINT('',(-1.975,1.6,-6.));
#3025=CARTESIAN_POINT('',(-1.975,0.,-6.));
#3026=CARTESIAN_POINT('',(-1.975,1.6,-6.));
#3027=CARTESIAN_POINT('',(-1.625,1.6,-6.));
#3028=CARTESIAN_POINT('Origin',(-1.8,1.6,-6.));
#3029=CARTESIAN_POINT('',(-1.625,0.,-6.));
#3030=CARTESIAN_POINT('',(-1.625,1.6,-6.));
#3031=CARTESIAN_POINT('Origin',(-1.8,0.,-6.));
#3032=CARTESIAN_POINT('Origin',(0.9,1.6,6.));
#3033=CARTESIAN_POINT('',(1.075,1.6,6.));
#3034=CARTESIAN_POINT('',(1.075,0.,6.));
#3035=CARTESIAN_POINT('',(1.075,1.6,6.));
#3036=CARTESIAN_POINT('',(0.724999999999999,1.6,6.));
#3037=CARTESIAN_POINT('Origin',(0.9,1.6,6.));
#3038=CARTESIAN_POINT('',(0.724999999999999,0.,6.));
#3039=CARTESIAN_POINT('',(0.724999999999999,1.6,6.));
#3040=CARTESIAN_POINT('Origin',(0.9,0.,6.));
#3041=CARTESIAN_POINT('Origin',(-2.7,1.6,-6.));
#3042=CARTESIAN_POINT('',(-2.875,1.6,-6.));
#3043=CARTESIAN_POINT('',(-2.875,0.,-6.));
#3044=CARTESIAN_POINT('',(-2.875,1.6,-6.));
#3045=CARTESIAN_POINT('',(-2.525,1.6,-6.));
#3046=CARTESIAN_POINT('Origin',(-2.7,1.6,-6.));
#3047=CARTESIAN_POINT('',(-2.525,0.,-6.));
#3048=CARTESIAN_POINT('',(-2.525,1.6,-6.));
#3049=CARTESIAN_POINT('Origin',(-2.7,0.,-6.));
#3050=CARTESIAN_POINT('Origin',(6.,0.,6.));
#3051=CARTESIAN_POINT('',(6.,1.6,6.));
#3052=CARTESIAN_POINT('',(6.,1.6,6.));
#3053=CARTESIAN_POINT('',(6.,0.,6.));
#3054=CARTESIAN_POINT('',(6.,0.,6.));
#3055=CARTESIAN_POINT('',(6.,0.,6.));
#3056=CARTESIAN_POINT('Origin',(6.,0.,6.));
#3057=CARTESIAN_POINT('',(6.,1.6,6.));
#3058=CARTESIAN_POINT('',(6.,0.,6.));
#3059=CARTESIAN_POINT('Origin',(6.,0.,6.));
#3060=CARTESIAN_POINT('',(6.,1.6,6.));
#3061=CARTESIAN_POINT('',(6.,0.,6.));
#3062=CARTESIAN_POINT('Origin',(6.,0.,6.));
#3063=CARTESIAN_POINT('',(6.,1.6,6.));
#3064=CARTESIAN_POINT('',(6.,0.,6.));
#3065=CARTESIAN_POINT('Origin',(6.,0.,6.));
#3066=CARTESIAN_POINT('',(6.,1.6,6.));
#3067=CARTESIAN_POINT('',(6.,0.,6.));
#3068=CARTESIAN_POINT('Origin',(6.,0.,6.));
#3069=CARTESIAN_POINT('',(6.,1.6,6.));
#3070=CARTESIAN_POINT('',(6.,0.,6.));
#3071=CARTESIAN_POINT('Origin',(6.,0.,6.));
#3072=CARTESIAN_POINT('',(6.,1.6,6.));
#3073=CARTESIAN_POINT('',(6.,0.,6.));
#3074=CARTESIAN_POINT('Origin',(6.,0.,6.));
#3075=CARTESIAN_POINT('',(6.,0.,-6.));
#3076=CARTESIAN_POINT('',(6.,0.,6.));
#3077=CARTESIAN_POINT('',(6.,1.6,-6.));
#3078=CARTESIAN_POINT('',(6.,0.,-6.));
#3079=CARTESIAN_POINT('',(6.,1.6,6.));
#3080=CARTESIAN_POINT('Origin',(6.,0.,6.));
#3081=CARTESIAN_POINT('',(6.,0.,6.));
#3082=CARTESIAN_POINT('',(6.,1.6,6.));
#3083=CARTESIAN_POINT('Origin',(6.,0.,6.));
#3084=CARTESIAN_POINT('',(6.,0.,6.));
#3085=CARTESIAN_POINT('',(6.,1.6,6.));
#3086=CARTESIAN_POINT('Origin',(6.,0.,6.));
#3087=CARTESIAN_POINT('',(6.,0.,6.));
#3088=CARTESIAN_POINT('',(6.,1.6,6.));
#3089=CARTESIAN_POINT('Origin',(-6.,0.,-6.));
#3090=CARTESIAN_POINT('',(-6.,0.,-4.675));
#3091=CARTESIAN_POINT('',(-6.,1.6,-4.675));
#3092=CARTESIAN_POINT('',(-6.,1.6,-4.675));
#3093=CARTESIAN_POINT('',(-6.,1.6,-6.));
#3094=CARTESIAN_POINT('',(-6.,1.6,-6.));
#3095=CARTESIAN_POINT('',(-6.,0.,-6.));
#3096=CARTESIAN_POINT('',(-6.,0.,-6.));
#3097=CARTESIAN_POINT('',(-6.,0.,-6.));
#3098=CARTESIAN_POINT('Origin',(-6.,0.,-6.));
#3099=CARTESIAN_POINT('',(-6.,1.6,-6.));
#3100=CARTESIAN_POINT('',(-6.,0.,-6.));
#3101=CARTESIAN_POINT('Origin',(-6.,0.,-6.));
#3102=CARTESIAN_POINT('',(-6.,0.,-6.));
#3103=CARTESIAN_POINT('',(-6.,1.6,-6.));
#3104=CARTESIAN_POINT('Origin',(-6.,0.,-6.));
#3105=CARTESIAN_POINT('',(-6.,0.,6.));
#3106=CARTESIAN_POINT('',(-6.,0.,-6.));
#3107=CARTESIAN_POINT('',(-6.,1.6,6.));
#3108=CARTESIAN_POINT('',(-6.,0.,6.));
#3109=CARTESIAN_POINT('',(-6.,1.6,-6.));
#3110=CARTESIAN_POINT('Origin',(-6.,0.,-6.));
#3111=CARTESIAN_POINT('',(-6.,1.6,-6.));
#3112=CARTESIAN_POINT('',(-6.,0.,-6.));
#3113=CARTESIAN_POINT('Origin',(-6.,0.,-6.));
#3114=CARTESIAN_POINT('',(-6.,0.,-6.));
#3115=CARTESIAN_POINT('',(-6.,1.6,-6.));
#3116=CARTESIAN_POINT('Origin',(-6.,0.,-6.));
#3117=CARTESIAN_POINT('',(-6.,0.,-6.));
#3118=CARTESIAN_POINT('',(-6.,1.6,-6.));
#3119=CARTESIAN_POINT('Origin',(-6.,0.,-6.));
#3120=CARTESIAN_POINT('',(-6.,1.6,-4.325));
#3121=CARTESIAN_POINT('',(-6.,0.,-4.325));
#3122=CARTESIAN_POINT('',(-6.,1.6,-4.325));
#3123=CARTESIAN_POINT('',(-6.,0.,-6.));
#3124=CARTESIAN_POINT('',(-6.,1.6,-6.));
#3125=CARTESIAN_POINT('Origin',(-6.,0.,-6.));
#3126=CARTESIAN_POINT('',(-6.,1.6,-6.));
#3127=CARTESIAN_POINT('',(-6.,0.,-6.));
#3128=CARTESIAN_POINT('Origin',(-6.,0.,-6.));
#3129=CARTESIAN_POINT('',(-6.,1.6,-6.));
#3130=CARTESIAN_POINT('',(-6.,0.,-6.));
#3131=CARTESIAN_POINT('Origin',(-6.,0.,-6.));
#3132=CARTESIAN_POINT('',(-6.,0.,-6.));
#3133=CARTESIAN_POINT('',(-6.,1.6,-6.));
#3134=CARTESIAN_POINT('Origin',(-6.,0.,6.));
#3135=CARTESIAN_POINT('',(-6.,1.6,6.));
#3136=CARTESIAN_POINT('',(-6.,0.,6.));
#3137=CARTESIAN_POINT('Origin',(-6.,0.,6.));
#3138=CARTESIAN_POINT('',(-6.,1.6,6.));
#3139=CARTESIAN_POINT('',(-6.,0.,6.));
#3140=CARTESIAN_POINT('Origin',(-6.,0.,6.));
#3141=CARTESIAN_POINT('',(-6.,0.,6.));
#3142=CARTESIAN_POINT('',(-6.,1.6,6.));
#3143=CARTESIAN_POINT('Origin',(-6.,0.,6.));
#3144=CARTESIAN_POINT('',(-6.,1.6,6.));
#3145=CARTESIAN_POINT('',(-6.,0.,6.));
#3146=CARTESIAN_POINT('Origin',(-6.,0.,6.));
#3147=CARTESIAN_POINT('',(-6.,1.6,6.));
#3148=CARTESIAN_POINT('',(-6.,0.,6.));
#3149=CARTESIAN_POINT('Origin',(-6.,0.,6.));
#3150=CARTESIAN_POINT('',(-6.,1.6,6.));
#3151=CARTESIAN_POINT('',(-6.,0.,6.));
#3152=CARTESIAN_POINT('Origin',(-6.,0.,6.));
#3153=CARTESIAN_POINT('',(-6.,0.,6.));
#3154=CARTESIAN_POINT('',(-6.,1.6,6.));
#3155=CARTESIAN_POINT('Origin',(-6.,0.,6.));
#3156=CARTESIAN_POINT('',(-6.,0.,6.));
#3157=CARTESIAN_POINT('',(-6.,1.6,6.));
#3158=CARTESIAN_POINT('Origin',(-6.,0.,6.));
#3159=CARTESIAN_POINT('',(-6.,0.,6.));
#3160=CARTESIAN_POINT('',(-6.,1.6,6.));
#3161=CARTESIAN_POINT('Origin',(-6.,0.,6.));
#3162=CARTESIAN_POINT('',(-6.,0.,6.));
#3163=CARTESIAN_POINT('',(-6.,1.6,6.));
#3164=CARTESIAN_POINT('Origin',(-6.,0.,6.));
#3165=CARTESIAN_POINT('',(-6.,0.,6.));
#3166=CARTESIAN_POINT('',(-6.,1.6,6.));
#3167=CARTESIAN_POINT('Origin',(0.,0.,0.));
#3168=CARTESIAN_POINT('',(-6.,0.,-6.));
#3169=CARTESIAN_POINT('Origin',(-6.,0.,-4.5));
#3170=CARTESIAN_POINT('',(6.,0.,-6.));
#3171=CARTESIAN_POINT('',(6.,0.,-6.));
#3172=CARTESIAN_POINT('',(6.,0.,-6.));
#3173=CARTESIAN_POINT('',(6.,0.,-6.));
#3174=CARTESIAN_POINT('',(6.,0.,-6.));
#3175=CARTESIAN_POINT('',(6.,0.,-6.));
#3176=CARTESIAN_POINT('',(6.,0.,-6.));
#3177=CARTESIAN_POINT('',(6.,0.,-6.));
#3178=CARTESIAN_POINT('',(6.,0.,-6.));
#3179=CARTESIAN_POINT('',(6.,0.,-6.));
#3180=CARTESIAN_POINT('',(6.,0.,-6.));
#3181=CARTESIAN_POINT('',(6.,0.,-6.));
#3182=CARTESIAN_POINT('',(6.,0.,6.));
#3183=CARTESIAN_POINT('',(-6.,0.,6.));
#3184=CARTESIAN_POINT('Origin',(6.,0.,-6.));
#3185=CARTESIAN_POINT('',(6.,1.6,-6.));
#3186=CARTESIAN_POINT('Origin',(6.,0.,-6.));
#3187=CARTESIAN_POINT('',(6.,1.6,-6.));
#3188=CARTESIAN_POINT('Origin',(6.,0.,-6.));
#3189=CARTESIAN_POINT('',(6.,1.6,-6.));
#3190=CARTESIAN_POINT('Origin',(6.,0.,-6.));
#3191=CARTESIAN_POINT('',(6.,1.6,-6.));
#3192=CARTESIAN_POINT('Origin',(6.,0.,-6.));
#3193=CARTESIAN_POINT('',(6.,1.6,-6.));
#3194=CARTESIAN_POINT('Origin',(6.,0.,-6.));
#3195=CARTESIAN_POINT('',(6.,1.6,-6.));
#3196=CARTESIAN_POINT('Origin',(6.,0.,-6.));
#3197=CARTESIAN_POINT('',(6.,1.6,-6.));
#3198=CARTESIAN_POINT('Origin',(6.,0.,-6.));
#3199=CARTESIAN_POINT('',(6.,1.6,-6.));
#3200=CARTESIAN_POINT('Origin',(6.,0.,-6.));
#3201=CARTESIAN_POINT('',(6.,1.6,-6.));
#3202=CARTESIAN_POINT('Origin',(6.,0.,-6.));
#3203=CARTESIAN_POINT('',(6.,1.6,-6.));
#3204=CARTESIAN_POINT('Origin',(6.,0.,-6.));
#3205=CARTESIAN_POINT('',(6.,1.6,-6.));
#3206=CARTESIAN_POINT('Origin',(-6.,1.6,-4.5));
#3207=CARTESIAN_POINT('Origin',(-6.,1.6,-4.5));
#3208=CARTESIAN_POINT('Origin',(0.,1.6,0.));
#3209=CARTESIAN_POINT('',(-6.,1.6,6.));
#3210=CARTESIAN_POINT('',(6.,1.6,6.));
#3211=CARTESIAN_POINT('',(6.,1.6,-6.));
#3212=CARTESIAN_POINT('',(-6.,1.6,-6.));
#3213=CARTESIAN_POINT('Origin',(-6.,0.,6.));
#3214=CARTESIAN_POINT('Origin',(-6.,0.,-6.));
#3215=CARTESIAN_POINT('Origin',(6.,0.,-6.));
#3216=CARTESIAN_POINT('Origin',(6.,0.,6.));
#3217=UNCERTAINTY_MEASURE_WITH_UNIT(LENGTH_MEASURE(0.01),#3221,
'DISTANCE_ACCURACY_VALUE',
'Maximum model space distance between geometric entities at asserted c
onnectivities');
#3218=UNCERTAINTY_MEASURE_WITH_UNIT(LENGTH_MEASURE(0.01),#3221,
'DISTANCE_ACCURACY_VALUE',
'Maximum model space distance between geometric entities at asserted c
onnectivities');
#3219=(
GEOMETRIC_REPRESENTATION_CONTEXT(3)
GLOBAL_UNCERTAINTY_ASSIGNED_CONTEXT((#3217))
GLOBAL_UNIT_ASSIGNED_CONTEXT((#3221,#3223,#3224))
REPRESENTATION_CONTEXT('','3D')
);
#3220=(
GEOMETRIC_REPRESENTATION_CONTEXT(3)
GLOBAL_UNCERTAINTY_ASSIGNED_CONTEXT((#3218))
GLOBAL_UNIT_ASSIGNED_CONTEXT((#3221,#3223,#3224))
REPRESENTATION_CONTEXT('','3D')
);
#3221=(
LENGTH_UNIT()
NAMED_UNIT(*)
SI_UNIT(.MILLI.,.METRE.)
);
#3222=(
LENGTH_UNIT()
NAMED_UNIT(*)
SI_UNIT($,.METRE.)
);
#3223=(
NAMED_UNIT(*)
PLANE_ANGLE_UNIT()
SI_UNIT($,.RADIAN.)
);
#3224=(
NAMED_UNIT(*)
SI_UNIT($,.STERADIAN.)
SOLID_ANGLE_UNIT()
);
#3225=SHAPE_DEFINITION_REPRESENTATION(#3226,#3227);
#3226=PRODUCT_DEFINITION_SHAPE('',$,#3229);
#3227=SHAPE_REPRESENTATION('',(#1905),#3219);
#3228=PRODUCT_DEFINITION_CONTEXT('part definition',#3233,'design');
#3229=PRODUCT_DEFINITION('(Unsaved)','(Unsaved)',#3230,#3228);
#3230=PRODUCT_DEFINITION_FORMATION('',$,#3235);
#3231=PRODUCT_RELATED_PRODUCT_CATEGORY('(Unsaved)','(Unsaved)',(#3235));
#3232=APPLICATION_PROTOCOL_DEFINITION('international standard',
'automotive_design',2009,#3233);
#3233=APPLICATION_CONTEXT(
'Core Data for Automotive Mechanical Design Process');
#3234=PRODUCT_CONTEXT('part definition',#3233,'mechanical');
#3235=PRODUCT('(Unsaved)','(Unsaved)',$,(#3234));
#3236=PRESENTATION_STYLE_ASSIGNMENT((#3237));
#3237=SURFACE_STYLE_USAGE(.BOTH.,#3238);
#3238=SURFACE_SIDE_STYLE('',(#3239));
#3239=SURFACE_STYLE_FILL_AREA(#3240);
#3240=FILL_AREA_STYLE('Steel - Satin',(#3241));
#3241=FILL_AREA_STYLE_COLOUR('Steel - Satin',#3242);
#3242=COLOUR_RGB('Steel - Satin',0.627450980392157,0.627450980392157,0.627450980392157);
ENDSEC;
END-ISO-10303-21;
