ISO-10303-21;
HEADER;
FILE_DESCRIPTION(('Creo Elements/Direct Modeling STEP Export'),'2;1');
FILE_NAME('2DS.stp','2025-12-26T13:30:38',(''),(''),
'Creo Elements/Direct Modeling STEP processor for AP214 (Solid Model)',
'Creo Elements/Direct Modeling 19.0F  14-Feb-2017 (C) Parametric Technol
ogy GmbH','');
FILE_SCHEMA(('AUTOMOTIVE_DESIGN { 1 0 10303 214 1 1 1 1 }'));
ENDSEC;
DATA;
#10=CARTESIAN_POINT('',(-0.895000000000312,0.0950000001926281,
0.290419423076462));
#20=DIRECTION('',(0.707106781185227,7.01898208684771E-13,
0.707106781187868));
#30=DIRECTION('',(-0.707106781187868,7.01898208682131E-13,
0.707106781185227));
#40=AXIS2_PLACEMENT_3D('',#10,#20,#30);
#50=PLANE('',#40);
#60=CARTESIAN_POINT('',(-0.895000000000316,0.0649999998078934,
0.290419423076654));
#70=DIRECTION('',(0.707106781187866,0.,-0.707106781185229));
#80=VECTOR('',#70,1.);
#90=LINE('',#60,#80);
#100=CARTESIAN_POINT('',(-0.895000000000324,0.0649999998078934,
0.290419423076633));
#110=VERTEX_POINT('',#100);
#120=CARTESIAN_POINT('',(-0.874999999971138,0.0649999998078934,
0.270419423047504));
#130=VERTEX_POINT('',#120);
#140=EDGE_CURVE('',#110,#130,#90,.T.);
#150=ORIENTED_EDGE('',*,*,#140,.T.);
#160=CARTESIAN_POINT('',(-0.895000000000318,0.0650000001926448,
0.290419423076562));
#170=DIRECTION('',(0.,-1.,0.));
#180=VECTOR('',#170,1.);
#190=LINE('',#160,#180);
#200=CARTESIAN_POINT('',(-0.895000000000324,-0.0649999998073414,
0.290419423076633));
#210=VERTEX_POINT('',#200);
#220=EDGE_CURVE('',#110,#210,#190,.T.);
#230=ORIENTED_EDGE('',*,*,#220,.F.);
#240=CARTESIAN_POINT('',(-0.895000000000316,-0.0649999998073414,
0.290419423076654));
#250=DIRECTION('',(0.707106781187866,0.,-0.707106781185229));
#260=VECTOR('',#250,1.);
#270=LINE('',#240,#260);
#280=CARTESIAN_POINT('',(-0.874999999971138,-0.0649999998073414,
0.270419423047504));
#290=VERTEX_POINT('',#280);
#300=EDGE_CURVE('',#210,#290,#270,.T.);
#310=ORIENTED_EDGE('',*,*,#300,.F.);
#320=CARTESIAN_POINT('',(-0.874999999971138,-0.0649999998073414,
0.270419423047458));
#330=DIRECTION('',(-8.54017711250277E-16,1.,0.));
#340=VECTOR('',#330,1.);
#350=LINE('',#320,#340);
#360=EDGE_CURVE('',#290,#130,#350,.T.);
#370=ORIENTED_EDGE('',*,*,#360,.F.);
#380=EDGE_LOOP('',(#370,#310,#230,#150));
#390=FACE_OUTER_BOUND('',#380,.T.);
#400=ADVANCED_FACE('',(#390),#50,.F.);
#410=COLOUR_RGB('',0.368627458810806,0.384313762187958,0.466666698455811
);
#420=FILL_AREA_STYLE_COLOUR('',#410);
#430=FILL_AREA_STYLE('',(#420));
#440=SURFACE_STYLE_FILL_AREA(#430);
#450=SURFACE_SIDE_STYLE('',(#440));
#460=SURFACE_STYLE_USAGE(.BOTH.,#450);
#470=PRESENTATION_STYLE_ASSIGNMENT((#460));
#480=CARTESIAN_POINT('',(0.740000000000191,-0.214999999999771,
0.289999999985553));
#490=DIRECTION('',(0.,-1.,0.));
#500=DIRECTION('',(0.,0.,1.));
#510=AXIS2_PLACEMENT_3D('',#480,#490,#500);
#520=PLANE('',#510);
#530=CARTESIAN_POINT('',(-0.635000000000201,-0.214999999999771,
0.139999999986313));
#540=DIRECTION('',(0.,0.,1.));
#550=VECTOR('',#540,1.);
#560=LINE('',#530,#550);
#570=CARTESIAN_POINT('',(-0.635000000000199,-0.215000000000077,
0.139999999972283));
#580=VERTEX_POINT('',#570);
#590=CARTESIAN_POINT('',(-0.635000000000201,-0.215000000000077,
0.319999999971809));
#600=VERTEX_POINT('',#590);
#610=EDGE_CURVE('',#580,#600,#560,.T.);
#620=ORIENTED_EDGE('',*,*,#610,.T.);
#630=CARTESIAN_POINT('',(-0.635000000000199,-0.215000000000077,
0.139999999986313));
#640=DIRECTION('',(1.,3.49676543188916E-16,0.));
#650=VECTOR('',#640,1.);
#660=LINE('',#630,#650);
#670=CARTESIAN_POINT('',(0.635000000000199,-0.215000000000077,
0.139999999986313));
#680=VERTEX_POINT('',#670);
#690=EDGE_CURVE('',#580,#680,#660,.T.);
#700=ORIENTED_EDGE('',*,*,#690,.F.);
#710=CARTESIAN_POINT('',(0.635000000000201,-0.214999999999771,
0.319999999971809));
#720=DIRECTION('',(0.,0.,-1.));
#730=VECTOR('',#720,1.);
#740=LINE('',#710,#730);
#750=CARTESIAN_POINT('',(0.635000000000201,-0.214999999999771,
0.319999999956937));
#760=VERTEX_POINT('',#750);
#770=EDGE_CURVE('',#760,#680,#740,.T.);
#780=ORIENTED_EDGE('',*,*,#770,.T.);
#790=CARTESIAN_POINT('',(0.635000000000202,-0.215000000000077,
0.319999999971809));
#800=DIRECTION('',(-1.,-3.49676543188915E-16,0.));
#810=VECTOR('',#800,1.);
#820=LINE('',#790,#810);
#830=EDGE_CURVE('',#760,#600,#820,.T.);
#840=ORIENTED_EDGE('',*,*,#830,.F.);
#850=EDGE_LOOP('',(#840,#780,#700,#620));
#860=FACE_OUTER_BOUND('',#850,.T.);
#870=ADVANCED_FACE('',(#860),#520,.F.);
#880=COLOUR_RGB('',0.368627458810806,0.384313762187958,0.466666698455811
);
#890=FILL_AREA_STYLE_COLOUR('',#880);
#900=FILL_AREA_STYLE('',(#890));
#910=SURFACE_STYLE_FILL_AREA(#900);
#920=SURFACE_SIDE_STYLE('',(#910));
#930=SURFACE_STYLE_USAGE(.BOTH.,#920);
#940=PRESENTATION_STYLE_ASSIGNMENT((#930));
#950=CARTESIAN_POINT('',(0.279999999999938,-0.364999999999772,
0.319999999999942));
#960=DIRECTION('',(-1.,0.,0.));
#970=DIRECTION('',(0.,-1.,0.));
#980=AXIS2_PLACEMENT_3D('',#950,#960,#970);
#990=CYLINDRICAL_SURFACE('',#980,0.09);
#1000=CARTESIAN_POINT('',(0.279999999999938,-0.454999999999772,
0.319999999999942));
#1010=DIRECTION('',(1.,0.,0.));
#1020=VECTOR('',#1010,1.);
#1030=LINE('',#1000,#1020);
#1040=CARTESIAN_POINT('',(0.279999999999938,-0.454999999999772,
0.319999999999944));
#1050=VERTEX_POINT('',#1040);
#1060=CARTESIAN_POINT('',(0.700000000000176,-0.454999999999772,
0.319999999999943));
#1070=VERTEX_POINT('',#1060);
#1080=EDGE_CURVE('',#1050,#1070,#1030,.T.);
#1090=ORIENTED_EDGE('',*,*,#1080,.T.);
#1100=CARTESIAN_POINT('',(0.279999999999938,-0.364999999999772,
0.319999999999942));
#1110=DIRECTION('',(-1.,0.,0.));
#1120=DIRECTION('',(0.,-1.,5.36607795235492E-14));
#1130=AXIS2_PLACEMENT_3D('',#1100,#1110,#1120);
#1140=CIRCLE('',#1130,0.09);
#1150=CARTESIAN_POINT('',(0.279999999999938,-0.36499999624851,
0.409999999999942));
#1160=VERTEX_POINT('',#1150);
#1170=EDGE_CURVE('',#1050,#1160,#1140,.T.);
#1180=ORIENTED_EDGE('',*,*,#1170,.F.);
#1190=CARTESIAN_POINT('',(0.700000000000176,-0.364999999999772,
0.409999999999942));
#1200=DIRECTION('',(-1.,0.,0.));
#1210=VECTOR('',#1200,1.);
#1220=LINE('',#1190,#1210);
#1230=CARTESIAN_POINT('',(0.700002083333509,-0.364999999999997,
0.409999999971809));
#1240=VERTEX_POINT('',#1230);
#1250=EDGE_CURVE('',#1240,#1160,#1220,.T.);
#1260=ORIENTED_EDGE('',*,*,#1250,.T.);
#1270=CARTESIAN_POINT('',(0.700000000000176,-0.364999999999772,
0.319999999999942));
#1280=DIRECTION('',(1.,0.,0.));
#1290=DIRECTION('',(0.,-8.34750546463425E-8,0.999999999999997));
#1300=AXIS2_PLACEMENT_3D('',#1270,#1280,#1290);
#1310=CIRCLE('',#1300,0.09);
#1320=EDGE_CURVE('',#1240,#1070,#1310,.T.);
#1330=ORIENTED_EDGE('',*,*,#1320,.F.);
#1340=EDGE_LOOP('',(#1330,#1260,#1180,#1090));
#1350=FACE_OUTER_BOUND('',#1340,.T.);
#1360=ADVANCED_FACE('',(#1350),#990,.T.);
#1370=COLOUR_RGB('',0.368627458810806,0.384313762187958,
0.466666698455811);
#1380=FILL_AREA_STYLE_COLOUR('',#1370);
#1390=FILL_AREA_STYLE('',(#1380));
#1400=SURFACE_STYLE_FILL_AREA(#1390);
#1410=SURFACE_SIDE_STYLE('',(#1400));
#1420=SURFACE_STYLE_USAGE(.BOTH.,#1410);
#1430=PRESENTATION_STYLE_ASSIGNMENT((#1420));
#1440=CARTESIAN_POINT('',(-0.880864605501775,-0.430864605708323,
0.369514351039481));
#1450=CARTESIAN_POINT('',(-0.878262090437471,-0.431276885643703,
0.371373380620817));
#1460=CARTESIAN_POINT('',(-0.874071582339871,-0.431762801612448,
0.373955256013639));
#1470=CARTESIAN_POINT('',(-0.868476860143743,-0.431907043740458,
0.376800360616717));
#1480=CARTESIAN_POINT('',(-0.864284379026585,-0.431742208444196,
0.378631473210621));
#1490=CARTESIAN_POINT('',(-0.86004140957201,-0.431300722501389,
0.38017502427428));
#1500=CARTESIAN_POINT('',(-0.855606027675537,-0.430604125865116,
0.381473652753608));
#1510=CARTESIAN_POINT('',(-0.850755540362188,-0.429697089078259,
0.382595258298085));
#1520=CARTESIAN_POINT('',(-0.847041584737999,-0.428997674053395,
0.383287478839764));
#1530=CARTESIAN_POINT('',(-0.844999941182674,-0.428639598675488,
0.383639618882093));
#1540=CARTESIAN_POINT('',(-0.881276885437155,-0.428262090644019,
0.371373380620817));
#1550=CARTESIAN_POINT('',(-0.878709277003378,-0.428709277209926,
0.373239610407063));
#1560=CARTESIAN_POINT('',(-0.874269805277088,-0.429223547879105,
0.37614513438873));
#1570=CARTESIAN_POINT('',(-0.868093500762679,-0.429225772893158,
0.379584738784817));
#1580=CARTESIAN_POINT('',(-0.863431966007311,-0.428848526838758,
0.381856252153614));
#1590=CARTESIAN_POINT('',(-0.858730325132345,-0.428099569122929,
0.383777068947515));
#1600=CARTESIAN_POINT('',(-0.853854628881118,-0.427040200424511,
0.385363397280849));
#1610=CARTESIAN_POINT('',(-0.84858073848899,-0.42577856978572,
0.386678554452198));
#1620=CARTESIAN_POINT('',(-0.844624316546001,-0.424898209643874,
0.387437826586507));
#1630=CARTESIAN_POINT('',(-0.842499938799746,-0.424474428081306,
0.387804788010685));
#1640=CARTESIAN_POINT('',(-0.88192621094521,-0.422669728380425,
0.374817450659321));
#1650=CARTESIAN_POINT('',(-0.879263883466674,-0.422870520720797,
0.376964326441816));
#1660=CARTESIAN_POINT('',(-0.87433262562258,-0.423057237665821,
0.38054926723078));
#1670=CARTESIAN_POINT('',(-0.867121701572562,-0.422553255782917,
0.384970131905482));
#1680=CARTESIAN_POINT('',(-0.86159877580274,-0.421735393101552,
0.387929786024535));
#1690=CARTESIAN_POINT('',(-0.856013913464086,-0.420483258261307,
0.390432724913244));
#1700=CARTESIAN_POINT('',(-0.850272435986284,-0.418882330002369,
0.39246510851126));
#1710=CARTESIAN_POINT('',(-0.844187981165429,-0.417085760938159,
0.394078782169905));
#1720=CARTESIAN_POINT('',(-0.839786525336731,-0.415888898319242,
0.394932349521642));
#1730=CARTESIAN_POINT('',(-0.837499934127646,-0.415323736898572,
0.395314547748189));
#1740=CARTESIAN_POINT('',(-0.881884282248291,-0.414296537653815,
0.378779346787262));
#1750=CARTESIAN_POINT('',(-0.878770708235407,-0.413578286837654,
0.38175497606597));
#1760=CARTESIAN_POINT('',(-0.873155780153548,-0.412478297841511,
0.386322177792749));
#1770=CARTESIAN_POINT('',(-0.864766013101749,-0.410546064851535,
0.391731452804949));
#1780=CARTESIAN_POINT('',(-0.858219309187598,-0.408805814864967,
0.395299594246448));
#1790=CARTESIAN_POINT('',(-0.851507878330215,-0.406768572601469,
0.398289218072931));
#1800=CARTESIAN_POINT('',(-0.844620334759697,-0.40448800908608,
0.40067708431992));
#1810=CARTESIAN_POINT('',(-0.837482762092232,-0.402067897571236,
0.402488456322998));
#1820=CARTESIAN_POINT('',(-0.832519036853039,-0.400451018110767,
0.403342646642633));
#1830=CARTESIAN_POINT('',(-0.829999927430629,-0.39966346492217,
0.403685212004986));
#1840=CARTESIAN_POINT('',(-0.880713258997385,-0.405799909200575,
0.381566439552855));
#1850=CARTESIAN_POINT('',(-0.877023699510107,-0.404012334194024,
0.385387654459206));
#1860=CARTESIAN_POINT('',(-0.870779348597498,-0.401334388424107,
0.390738262214666));
#1870=CARTESIAN_POINT('',(-0.861488799313515,-0.397636732442953,
0.396725335570695));
#1880=CARTESIAN_POINT('',(-0.854154091056672,-0.394779777560099,
0.40057534562709));
#1890=CARTESIAN_POINT('',(-0.846539560751107,-0.391834534296593,
0.403738986777787));
#1900=CARTESIAN_POINT('',(-0.838704762771528,-0.388814035796786,
0.406193778792806));
#1910=CARTESIAN_POINT('',(-0.830686620719889,-0.38574605653219,
0.407933831820413));
#1920=CARTESIAN_POINT('',(-0.825239710364749,-0.383693421637994,
0.408618026417399));
#1930=CARTESIAN_POINT('',(-0.822499922076361,-0.382671047508877,
0.408839878604802));
#1940=CARTESIAN_POINT('',(-0.879355752885192,-0.399083243701143,
0.38293533509962));
#1950=CARTESIAN_POINT('',(-0.875321996380187,-0.396748712192027,
0.387070860477969));
#1960=CARTESIAN_POINT('',(-0.868670789317148,-0.393242032119179,
0.392680006971978));
#1970=CARTESIAN_POINT('',(-0.858846757455473,-0.388555655961563,
0.398775637796331));
#1980=CARTESIAN_POINT('',(-0.851075076131862,-0.385035213207899,
0.402618085478571));
#1990=CARTESIAN_POINT('',(-0.8429771328206,-0.381508850553161,
0.405698628505565));
#2000=CARTESIAN_POINT('',(-0.83463293848074,-0.377976308738782,
0.407991495049429));
#2010=CARTESIAN_POINT('',(-0.82611987272961,-0.374437317186441,
0.409476618209823));
#2020=CARTESIAN_POINT('',(-0.820378242102035,-0.372073520559151,
0.40991819135348));
#2030=CARTESIAN_POINT('',(-0.817499919088013,-0.370890457064051,
0.41000000183519));
#2040=CARTESIAN_POINT('',(-0.878639609643133,-0.395000005101254,
0.383639607893117));
#2050=CARTESIAN_POINT('',(-0.874474441099403,-0.392500005300164,
0.387804776559183));
#2060=CARTESIAN_POINT('',(-0.867611253127188,-0.388750005592659,
0.393436750590264));
#2070=CARTESIAN_POINT('',(-0.857493909967291,-0.383750005969669,
0.399500444260354));
#2080=CARTESIAN_POINT('',(-0.849496845757422,-0.380000006245621,
0.403282891598854));
#2090=CARTESIAN_POINT('',(-0.841167495437735,-0.376250006514456,
0.406263202794561));
#2100=CARTESIAN_POINT('',(-0.832586211411836,-0.372500006775863,
0.40841271724716));
#2110=CARTESIAN_POINT('',(-0.823835623067245,-0.368749995028542,
0.409710686601165));
#2120=CARTESIAN_POINT('',(-0.81794518947121,-0.366249983191299,
0.410000002623017));
#2130=CARTESIAN_POINT('',(-0.814999918161512,-0.364999971270791,
0.409999999943665));
#2140=B_SPLINE_SURFACE_WITH_KNOTS('',3,3,((#1440,#1540,#1640,#1740,#1840
,#1940,#2040),(#1450,#1550,#1650,#1750,#1850,#1950,#2050),(#1460,#1560,
#1660,#1760,#1860,#1960,#2060),(#1470,#1570,#1670,#1770,#1870,#1970,
#2070),(#1480,#1580,#1680,#1780,#1880,#1980,#2080),(#1490,#1590,#1690,
#1790,#1890,#1990,#2090),(#1500,#1600,#1700,#1800,#1900,#2000,#2100),(
#1510,#1610,#1710,#1810,#1910,#2010,#2110),(#1520,#1620,#1720,#1820,
#1920,#2020,#2120),(#1530,#1630,#1730,#1830,#1930,#2030,#2130)),
.UNSPECIFIED.,.F.,.F.,.F.,(4,1,1,1,1,1,1,4),(4,1,1,1,4),(
-6.46752116647911E-17,0.25,0.375,0.5,0.625,0.75,0.875,1.00000120009872),
(-5.55111512312578E-16,0.25,0.5,0.75,0.999999899824825),.UNSPECIFIED.);
#2150=CARTESIAN_POINT('',(-0.880864605501775,-0.430864605708323,
0.369514351039481));
#2160=CARTESIAN_POINT('',(-0.878262090437471,-0.431276885643703,
0.371373380620817));
#2170=CARTESIAN_POINT('',(-0.874071582339871,-0.431762801612448,
0.373955256013639));
#2180=CARTESIAN_POINT('',(-0.868476860143743,-0.431907043740458,
0.376800360616717));
#2190=CARTESIAN_POINT('',(-0.864284379026585,-0.431742208444196,
0.378631473210621));
#2200=CARTESIAN_POINT('',(-0.86004140957201,-0.431300722501389,
0.38017502427428));
#2210=CARTESIAN_POINT('',(-0.855606027675537,-0.430604125865116,
0.381473652753608));
#2220=CARTESIAN_POINT('',(-0.850755540362188,-0.429697089078259,
0.382595258298085));
#2230=CARTESIAN_POINT('',(-0.847041584737999,-0.428997674053395,
0.383287478839764));
#2240=CARTESIAN_POINT('',(-0.844999941182674,-0.428639598675488,
0.383639618882093));
#2250=B_SPLINE_CURVE_WITH_KNOTS('',3,(#2150,#2160,#2170,#2180,#2190,
#2200,#2210,#2220,#2230,#2240),.UNSPECIFIED.,.F.,.F.,(4,1,1,1,1,1,1,4),(
-6.46752116647911E-17,0.25,0.375,0.5,0.625,0.75,0.875,1.00000120009872),
.UNSPECIFIED.);
#2260=CARTESIAN_POINT('',(-0.880864605501555,-0.430864605709712,
0.369514351038489));
#2270=VERTEX_POINT('',#2260);
#2280=CARTESIAN_POINT('',(-0.844999956750681,-0.428639602980724,
0.38363961776934));
#2290=VERTEX_POINT('',#2280);
#2300=EDGE_CURVE('',#2270,#2290,#2250,.T.);
#2310=ORIENTED_EDGE('',*,*,#2300,.T.);
#2320=CARTESIAN_POINT('',(-0.880864077573043,-0.430864077779591,
0.36951524722074));
#2330=CARTESIAN_POINT('',(-0.881070215129601,-0.4295628074253,
0.370444752330142));
#2340=CARTESIAN_POINT('',(-0.881440627700207,-0.426856592190663,
0.37223740731122));
#2350=CARTESIAN_POINT('',(-0.881797619250808,-0.422674531764909,
0.374666692770863));
#2360=CARTESIAN_POINT('',(-0.881906508733931,-0.418475752738384,
0.376801376096347));
#2370=CARTESIAN_POINT('',(-0.881741381955034,-0.414284019618668,
0.378632274343368));
#2380=CARTESIAN_POINT('',(-0.881299883051747,-0.410040847763882,
0.38017592501758));
#2390=CARTESIAN_POINT('',(-0.88060321393646,-0.405605502810069,
0.381474586187631));
#2400=CARTESIAN_POINT('',(-0.879696135743109,-0.40075499467953,
0.382596238370914));
#2410=CARTESIAN_POINT('',(-0.878996692849367,-0.397041040145588,
0.383288472159886));
#2420=CARTESIAN_POINT('',(-0.878638605453491,-0.394999401218204,
0.383640612063131));
#2430=B_SPLINE_CURVE_WITH_KNOTS('',3,(#2320,#2330,#2340,#2350,#2360,
#2370,#2380,#2390,#2400,#2410,#2420),.UNSPECIFIED.,.F.,.F.,(4,1,1,1,1,1,
1,1,4),(-4.73225459496549E-16,0.125,0.25,0.375,0.5,0.625,0.75,0.875,
0.999999926224065),.UNSPECIFIED.);
#2440=CARTESIAN_POINT('',(-0.87863936504233,-0.394999856521336,
0.383639855485504));
#2450=VERTEX_POINT('',#2440);
#2460=EDGE_CURVE('',#2270,#2450,#2430,.T.);
#2470=ORIENTED_EDGE('',*,*,#2460,.F.);
#2480=CARTESIAN_POINT('',(-0.878639609643133,-0.395000005101254,
0.383639607893117));
#2490=CARTESIAN_POINT('',(-0.874474441099403,-0.392500005300164,
0.387804776559183));
#2500=CARTESIAN_POINT('',(-0.867611253127188,-0.388750005592659,
0.393436750590264));
#2510=CARTESIAN_POINT('',(-0.857493909967291,-0.383750005969669,
0.399500444260354));
#2520=CARTESIAN_POINT('',(-0.849496845757422,-0.380000006245621,
0.403282891598854));
#2530=CARTESIAN_POINT('',(-0.841167495437735,-0.376250006514456,
0.406263202794561));
#2540=CARTESIAN_POINT('',(-0.832586211411836,-0.372500006775863,
0.40841271724716));
#2550=CARTESIAN_POINT('',(-0.823835623067245,-0.368749995028542,
0.409710686601165));
#2560=CARTESIAN_POINT('',(-0.81794518947121,-0.366249983191299,
0.410000002623017));
#2570=CARTESIAN_POINT('',(-0.814999918161512,-0.364999971270791,
0.409999999943665));
#2580=B_SPLINE_CURVE_WITH_KNOTS('',3,(#2480,#2490,#2500,#2510,#2520,
#2530,#2540,#2550,#2560,#2570),.UNSPECIFIED.,.F.,.F.,(4,1,1,1,1,1,1,4),(
-6.46752116647911E-17,0.25,0.375,0.5,0.625,0.75,0.875,1.00000120009872),
.UNSPECIFIED.);
#2590=CARTESIAN_POINT('',(-0.815000001035821,-0.365000000192879,
0.409999999971809));
#2600=VERTEX_POINT('',#2590);
#2610=EDGE_CURVE('',#2450,#2600,#2580,.T.);
#2620=ORIENTED_EDGE('',*,*,#2610,.F.);
#2630=CARTESIAN_POINT('',(-0.815000001035821,-0.365000000192879,
0.409999999971809));
#2640=CARTESIAN_POINT('',(-0.815549219281812,-0.36547933612537,
0.4099999999155));
#2650=CARTESIAN_POINT('',(-0.816647244258365,-0.366437394364689,
0.409987468486742));
#2660=CARTESIAN_POINT('',(-0.818292337691373,-0.367872476486389,
0.409931196918561));
#2670=CARTESIAN_POINT('',(-0.819387178898609,-0.368827883008553,
0.409868717865147));
#2680=CARTESIAN_POINT('',(-0.819934350221173,-0.369304841452664,
0.40983127152434));
#2690=B_SPLINE_CURVE_WITH_KNOTS('',3,(#2630,#2640,#2650,#2660,#2670,
#2680),.UNSPECIFIED.,.F.,.F.,(4,1,1,4),(0.,0.333333333333333,
0.666666666666667,1.),.UNSPECIFIED.);
#2700=CARTESIAN_POINT('',(-0.819933713700617,-0.369305571442423,
0.409831214207445));
#2710=VERTEX_POINT('',#2700);
#2720=EDGE_CURVE('',#2600,#2710,#2690,.T.);
#2730=ORIENTED_EDGE('',*,*,#2720,.F.);
#2740=CARTESIAN_POINT('',(-0.82000002173731,-0.376747253443142,
0.409230073104446));
#2750=CARTESIAN_POINT('',(-0.819999698033222,-0.375925434550532,
0.409337940115438));
#2760=CARTESIAN_POINT('',(-0.819994316277413,-0.374277374405263,
0.409526379155999));
#2770=CARTESIAN_POINT('',(-0.81997250400366,-0.371795143784008,
0.40972706396417));
#2780=CARTESIAN_POINT('',(-0.81994853684997,-0.370135438636779,
0.409805661364995));
#2790=CARTESIAN_POINT('',(-0.819934351531616,-0.369304888662271,
0.409831261335042));
#2800=B_SPLINE_CURVE_WITH_KNOTS('',3,(#2740,#2750,#2760,#2770,#2780,
#2790),.UNSPECIFIED.,.F.,.F.,(4,1,1,4),(0.,0.333333333333333,
0.666666666666667,1.),.UNSPECIFIED.);
#2810=CARTESIAN_POINT('',(-0.819999789156588,-0.376747381224626,
0.409229821694093));
#2820=VERTEX_POINT('',#2810);
#2830=EDGE_CURVE('',#2820,#2710,#2800,.T.);
#2840=ORIENTED_EDGE('',*,*,#2830,.T.);
#2850=CARTESIAN_POINT('',(-0.814999918161512,-0.364999971270791,
0.409999999943665));
#2860=CARTESIAN_POINT('',(-0.817499919088013,-0.370890457064051,
0.41000000183519));
#2870=CARTESIAN_POINT('',(-0.822499922076361,-0.382671047508877,
0.408839878604802));
#2880=CARTESIAN_POINT('',(-0.829999927430629,-0.39966346492217,
0.403685212004986));
#2890=CARTESIAN_POINT('',(-0.837499934127646,-0.415323736898572,
0.395314547748189));
#2900=CARTESIAN_POINT('',(-0.842499938799746,-0.424474428081306,
0.387804788010685));
#2910=CARTESIAN_POINT('',(-0.844999941182674,-0.428639598675488,
0.383639618882093));
#2920=B_SPLINE_CURVE_WITH_KNOTS('',3,(#2850,#2860,#2870,#2880,#2890,
#2900,#2910),.UNSPECIFIED.,.F.,.F.,(4,1,1,1,4),(-5.55111512312578E-16,
0.249999899824824,0.499999899824824,0.749999899824824,0.999999899824825)
,.UNSPECIFIED.);
#2930=EDGE_CURVE('',#2820,#2290,#2920,.T.);
#2940=ORIENTED_EDGE('',*,*,#2930,.F.);
#2950=EDGE_LOOP('',(#2940,#2840,#2730,#2620,#2470,#2310));
#2960=FACE_OUTER_BOUND('',#2950,.T.);
#2970=ADVANCED_FACE('',(#2960),#2140,.T.);
#2980=COLOUR_RGB('',0.368627458810806,0.384313762187958,
0.466666698455811);
#2990=FILL_AREA_STYLE_COLOUR('',#2980);
#3000=FILL_AREA_STYLE('',(#2990));
#3010=SURFACE_STYLE_FILL_AREA(#3000);
#3020=SURFACE_SIDE_STYLE('',(#3010));
#3030=SURFACE_STYLE_USAGE(.BOTH.,#3020);
#3040=PRESENTATION_STYLE_ASSIGNMENT((#3030));
#3050=CARTESIAN_POINT('',(-2.32749999994273,7.18508585961786E-13,
0.0899999999718244));
#3060=DIRECTION('',(0.,0.,1.));
#3070=DIRECTION('',(5.89805981832114E-17,-1.,0.));
#3080=AXIS2_PLACEMENT_3D('',#3050,#3060,#3070);
#3090=PLANE('',#3080);
#3100=CARTESIAN_POINT('',(-0.774999999942275,0.145000000000014,
0.0899999999718244));
#3110=DIRECTION('',(-1.,0.,0.));
#3120=VECTOR('',#3110,1.);
#3130=LINE('',#3100,#3120);
#3140=CARTESIAN_POINT('',(-0.774999999942275,0.145000000000014,
0.0899999999718244));
#3150=VERTEX_POINT('',#3140);
#3160=CARTESIAN_POINT('',(-0.874999999971138,0.145000000000014,
0.0899999999718244));
#3170=VERTEX_POINT('',#3160);
#3180=EDGE_CURVE('',#3150,#3170,#3130,.T.);
#3190=ORIENTED_EDGE('',*,*,#3180,.F.);
#3200=CARTESIAN_POINT('',(-0.874999999971138,-0.144999999999462,
0.0899999999718244));
#3210=DIRECTION('',(0.,1.,0.));
#3220=VECTOR('',#3210,1.);
#3230=LINE('',#3200,#3220);
#3240=CARTESIAN_POINT('',(-0.874999999971138,-0.144999999999462,
0.0899999999718244));
#3250=VERTEX_POINT('',#3240);
#3260=EDGE_CURVE('',#3250,#3170,#3230,.T.);
#3270=ORIENTED_EDGE('',*,*,#3260,.T.);
#3280=CARTESIAN_POINT('',(-0.774999999942275,-0.144999999999462,
0.0899999999718244));
#3290=DIRECTION('',(-1.,0.,0.));
#3300=VECTOR('',#3290,1.);
#3310=LINE('',#3280,#3300);
#3320=CARTESIAN_POINT('',(-0.774999999942275,-0.144999999999462,
0.0899999999718244));
#3330=VERTEX_POINT('',#3320);
#3340=EDGE_CURVE('',#3330,#3250,#3310,.T.);
#3350=ORIENTED_EDGE('',*,*,#3340,.T.);
#3360=CARTESIAN_POINT('',(-0.774999999942275,0.144999999999996,
0.0899999999718244));
#3370=DIRECTION('',(0.,-1.,0.));
#3380=VECTOR('',#3370,1.);
#3390=LINE('',#3360,#3380);
#3400=EDGE_CURVE('',#3150,#3330,#3390,.T.);
#3410=ORIENTED_EDGE('',*,*,#3400,.T.);
#3420=EDGE_LOOP('',(#3410,#3350,#3270,#3190));
#3430=FACE_OUTER_BOUND('',#3420,.T.);
#3440=ADVANCED_FACE('',(#3430),#3090,.F.);
#3450=COLOUR_RGB('',0.368627458810806,0.384313762187958,
0.466666698455811);
#3460=FILL_AREA_STYLE_COLOUR('',#3450);
#3470=FILL_AREA_STYLE('',(#3460));
#3480=SURFACE_STYLE_FILL_AREA(#3470);
#3490=SURFACE_SIDE_STYLE('',(#3480));
#3500=SURFACE_STYLE_USAGE(.BOTH.,#3490);
#3510=PRESENTATION_STYLE_ASSIGNMENT((#3500));
#3520=CARTESIAN_POINT('',(-0.650000000000199,-4.52970994047064E-14,
0.39499999995062));
#3530=DIRECTION('',(0.707106781024616,2.50610911620768E-16,
0.707106781348479));
#3540=DIRECTION('',(0.707106781348479,-6.54205191268058E-16,
-0.707106781024616));
#3550=AXIS2_PLACEMENT_3D('',#3520,#3530,#3540);
#3560=PLANE('',#3550);
#3570=CARTESIAN_POINT('',(-0.574999999987037,0.305000000000629,
0.319999999971809));
#3580=DIRECTION('',(-0.707106781024616,2.50610911620768E-16,
-0.707106781348479));
#3590=DIRECTION('',(-0.707106781348479,2.50610911735551E-16,
0.707106781024616));
#3600=AXIS2_PLACEMENT_3D('',#3570,#3580,#3590);
#3610=ELLIPSE('',#3600,0.127279220642726,0.0899999999999999);
#3620=CARTESIAN_POINT('',(-0.635000000000201,0.237917960662904,
0.379999999957575));
#3630=VERTEX_POINT('',#3620);
#3640=CARTESIAN_POINT('',(-0.665000000014219,0.305000000000629,
0.409999999971809));
#3650=VERTEX_POINT('',#3640);
#3660=EDGE_CURVE('',#3630,#3650,#3610,.T.);
#3670=ORIENTED_EDGE('',*,*,#3660,.T.);
#3680=CARTESIAN_POINT('',(-0.635000000000201,-0.237917960660824,
0.379999999957493));
#3690=DIRECTION('',(2.33320557531581E-16,1.,-6.99961672594744E-16));
#3700=VECTOR('',#3690,1.);
#3710=LINE('',#3680,#3700);
#3720=CARTESIAN_POINT('',(-0.635000000000201,-0.237917960662352,
0.379999999957575));
#3730=VERTEX_POINT('',#3720);
#3740=EDGE_CURVE('',#3730,#3630,#3710,.T.);
#3750=ORIENTED_EDGE('',*,*,#3740,.T.);
#3760=CARTESIAN_POINT('',(-0.574999999987037,-0.305000000000077,
0.319999999971809));
#3770=DIRECTION('',(0.707106781024616,2.50610911620768E-16,
0.707106781348479));
#3780=DIRECTION('',(-0.707106781348479,-2.50610911735551E-16,
0.707106781024616));
#3790=AXIS2_PLACEMENT_3D('',#3760,#3770,#3780);
#3800=ELLIPSE('',#3790,0.127279220642726,0.0899999999999999);
#3810=CARTESIAN_POINT('',(-0.665000000014219,-0.305000000000077,
0.409999999971809));
#3820=VERTEX_POINT('',#3810);
#3830=EDGE_CURVE('',#3730,#3820,#3800,.T.);
#3840=ORIENTED_EDGE('',*,*,#3830,.F.);
#3850=CARTESIAN_POINT('',(-0.665000000000199,-0.304999999999838,
0.409999999971809));
#3860=DIRECTION('',(0.,1.,0.));
#3870=VECTOR('',#3860,1.);
#3880=LINE('',#3850,#3870);
#3890=EDGE_CURVE('',#3820,#3650,#3880,.T.);
#3900=ORIENTED_EDGE('',*,*,#3890,.F.);
#3910=EDGE_LOOP('',(#3900,#3840,#3750,#3670));
#3920=FACE_OUTER_BOUND('',#3910,.T.);
#3930=ADVANCED_FACE('',(#3920),#3560,.T.);
#3940=COLOUR_RGB('',0.368627458810806,0.384313762187958,
0.466666698455811);
#3950=FILL_AREA_STYLE_COLOUR('',#3940);
#3960=FILL_AREA_STYLE('',(#3950));
#3970=SURFACE_STYLE_FILL_AREA(#3960);
#3980=SURFACE_SIDE_STYLE('',(#3970));
#3990=SURFACE_STYLE_USAGE(.BOTH.,#3980);
#4000=PRESENTATION_STYLE_ASSIGNMENT((#3990));
#4010=CARTESIAN_POINT('',(-0.175000000000026,2.22044604925031E-16,
0.00999999997182438));
#4020=DIRECTION('',(0.,0.,1.));
#4030=DIRECTION('',(0.,-1.,0.));
#4040=AXIS2_PLACEMENT_3D('',#4010,#4020,#4030);
#4050=PLANE('',#4040);
#4060=CARTESIAN_POINT('',(0.874999999971134,-0.144999999999453,
0.00999999997182438));
#4070=DIRECTION('',(-1.,0.,0.));
#4080=VECTOR('',#4070,1.);
#4090=LINE('',#4060,#4080);
#4100=CARTESIAN_POINT('',(0.874999999971134,-0.144999999999453,
0.00999999997182438));
#4110=VERTEX_POINT('',#4100);
#4120=CARTESIAN_POINT('',(0.774999999942271,-0.144999999999453,
0.00999999997182438));
#4130=VERTEX_POINT('',#4120);
#4140=EDGE_CURVE('',#4110,#4130,#4090,.T.);
#4150=ORIENTED_EDGE('',*,*,#4140,.F.);
#4160=CARTESIAN_POINT('',(0.774999999942271,-0.144999999999453,
0.00999999997182438));
#4170=DIRECTION('',(0.,1.,0.));
#4180=VECTOR('',#4170,1.);
#4190=LINE('',#4160,#4180);
#4200=CARTESIAN_POINT('',(0.774999999942271,0.145000000000005,
0.00999999997182438));
#4210=VERTEX_POINT('',#4200);
#4220=EDGE_CURVE('',#4130,#4210,#4190,.T.);
#4230=ORIENTED_EDGE('',*,*,#4220,.F.);
#4240=CARTESIAN_POINT('',(0.874999999971134,0.145000000000005,
0.00999999997182438));
#4250=DIRECTION('',(-1.,0.,0.));
#4260=VECTOR('',#4250,1.);
#4270=LINE('',#4240,#4260);
#4280=CARTESIAN_POINT('',(0.874999999971134,0.145000000000005,
0.00999999997182438));
#4290=VERTEX_POINT('',#4280);
#4300=EDGE_CURVE('',#4290,#4210,#4270,.T.);
#4310=ORIENTED_EDGE('',*,*,#4300,.T.);
#4320=CARTESIAN_POINT('',(0.874999999971134,0.145000000000005,
0.00999999997182438));
#4330=DIRECTION('',(0.,1.,0.));
#4340=VECTOR('',#4330,1.);
#4350=LINE('',#4320,#4340);
#4360=CARTESIAN_POINT('',(0.874999999971134,0.380000000000548,
0.00999999997182438));
#4370=VERTEX_POINT('',#4360);
#4380=EDGE_CURVE('',#4290,#4370,#4350,.T.);
#4390=ORIENTED_EDGE('',*,*,#4380,.F.);
#4400=CARTESIAN_POINT('',(0.480000000000234,0.380000000000548,
0.00999999997182438));
#4410=DIRECTION('',(1.,-0.,0.));
#4420=VECTOR('',#4410,1.);
#4430=LINE('',#4400,#4420);
#4440=CARTESIAN_POINT('',(0.480000000000234,0.380000000000548,
0.00999999997182438));
#4450=VERTEX_POINT('',#4440);
#4460=EDGE_CURVE('',#4450,#4370,#4430,.T.);
#4470=ORIENTED_EDGE('',*,*,#4460,.T.);
#4480=CARTESIAN_POINT('',(0.480000000000234,0.380000000000548,
0.00999999997182438));
#4490=DIRECTION('',(0.,-1.,0.));
#4500=VECTOR('',#4490,1.);
#4510=LINE('',#4480,#4500);
#4520=CARTESIAN_POINT('',(0.480000000000234,0.266411010660864,
0.00999999997182448));
#4530=VERTEX_POINT('',#4520);
#4540=EDGE_CURVE('',#4450,#4530,#4510,.T.);
#4550=ORIENTED_EDGE('',*,*,#4540,.F.);
#4560=CARTESIAN_POINT('',(0.491032148805198,0.266411010660864,
0.00999999997182448));
#4570=DIRECTION('',(-1.,0.,0.));
#4580=VECTOR('',#4570,1.);
#4590=LINE('',#4560,#4580);
#4600=CARTESIAN_POINT('',(0.28999999999996,0.266411010660864,
0.00999999997182448));
#4610=VERTEX_POINT('',#4600);
#4620=EDGE_CURVE('',#4530,#4610,#4590,.T.);
#4630=ORIENTED_EDGE('',*,*,#4620,.F.);
#4640=CARTESIAN_POINT('',(0.28999999999996,0.271411010660863,
0.00999999997182438));
#4650=DIRECTION('',(0.,1.,0.));
#4660=VECTOR('',#4650,1.);
#4670=LINE('',#4640,#4660);
#4680=CARTESIAN_POINT('',(0.28999999999996,0.380000000000549,
0.00999999997182438));
#4690=VERTEX_POINT('',#4680);
#4700=EDGE_CURVE('',#4610,#4690,#4670,.T.);
#4710=ORIENTED_EDGE('',*,*,#4700,.F.);
#4720=CARTESIAN_POINT('',(0.28999999999996,0.380000000000549,
0.00999999997182438));
#4730=DIRECTION('',(-1.,0.,0.));
#4740=VECTOR('',#4730,1.);
#4750=LINE('',#4720,#4740);
#4760=CARTESIAN_POINT('',(0.0599999999999489,0.380000000000549,
0.00999999997182438));
#4770=VERTEX_POINT('',#4760);
#4780=EDGE_CURVE('',#4690,#4770,#4750,.T.);
#4790=ORIENTED_EDGE('',*,*,#4780,.F.);
#4800=CARTESIAN_POINT('',(0.0599999999999489,0.380000000000549,
0.00999999997182438));
#4810=DIRECTION('',(0.,-1.,0.));
#4820=VECTOR('',#4810,1.);
#4830=LINE('',#4800,#4820);
#4840=CARTESIAN_POINT('',(0.0599999999999489,0.266411010660864,
0.00999999997182437));
#4850=VERTEX_POINT('',#4840);
#4860=EDGE_CURVE('',#4770,#4850,#4830,.T.);
#4870=ORIENTED_EDGE('',*,*,#4860,.F.);
#4880=CARTESIAN_POINT('',(0.0668999999999489,0.266411010660864,
0.00999999997182437));
#4890=DIRECTION('',(-1.,0.,0.));
#4900=VECTOR('',#4890,1.);
#4910=LINE('',#4880,#4900);
#4920=CARTESIAN_POINT('',(-0.0600000000000511,0.266411010660864,
0.00999999997182437));
#4930=VERTEX_POINT('',#4920);
#4940=EDGE_CURVE('',#4850,#4930,#4910,.T.);
#4950=ORIENTED_EDGE('',*,*,#4940,.F.);
#4960=CARTESIAN_POINT('',(-0.0600000000000511,0.380000000000549,
0.00999999997182438));
#4970=DIRECTION('',(0.,-1.,0.));
#4980=VECTOR('',#4970,1.);
#4990=LINE('',#4960,#4980);
#5000=CARTESIAN_POINT('',(-0.0600000000000511,0.380000000000549,
0.00999999997182438));
#5010=VERTEX_POINT('',#5000);
#5020=EDGE_CURVE('',#5010,#4930,#4990,.T.);
#5030=ORIENTED_EDGE('',*,*,#5020,.T.);
#5040=CARTESIAN_POINT('',(-0.29000000000002,0.380000000000549,
0.00999999997182438));
#5050=DIRECTION('',(1.,-0.,0.));
#5060=VECTOR('',#5050,1.);
#5070=LINE('',#5040,#5060);
#5080=CARTESIAN_POINT('',(-0.29000000000002,0.380000000000549,
0.00999999997182438));
#5090=VERTEX_POINT('',#5080);
#5100=EDGE_CURVE('',#5090,#5010,#5070,.T.);
#5110=ORIENTED_EDGE('',*,*,#5100,.T.);
#5120=CARTESIAN_POINT('',(-0.29000000000002,0.38000000019343,
0.00999999997182438));
#5130=DIRECTION('',(0.,-1.,0.));
#5140=VECTOR('',#5130,1.);
#5150=LINE('',#5120,#5140);
#5160=CARTESIAN_POINT('',(-0.29000000000002,0.266411010623196,
0.00999999997192086));
#5170=VERTEX_POINT('',#5160);
#5180=EDGE_CURVE('',#5090,#5170,#5150,.T.);
#5190=ORIENTED_EDGE('',*,*,#5180,.F.);
#5200=CARTESIAN_POINT('',(-0.283100000000017,0.266411010623196,
0.00999999997192086));
#5210=DIRECTION('',(-1.,0.,-9.36308058671331E-17));
#5220=VECTOR('',#5210,1.);
#5230=LINE('',#5200,#5220);
#5240=CARTESIAN_POINT('',(-0.480000000000267,0.266411010623196,
0.00999999997192084));
#5250=VERTEX_POINT('',#5240);
#5260=EDGE_CURVE('',#5170,#5250,#5230,.T.);
#5270=ORIENTED_EDGE('',*,*,#5260,.F.);
#5280=CARTESIAN_POINT('',(-0.480000000000267,0.271411010623397,
0.00999999997182438));
#5290=DIRECTION('',(0.,1.,0.));
#5300=VECTOR('',#5290,1.);
#5310=LINE('',#5280,#5300);
#5320=CARTESIAN_POINT('',(-0.480000000000267,0.380000000000557,
0.00999999997182438));
#5330=VERTEX_POINT('',#5320);
#5340=EDGE_CURVE('',#5250,#5330,#5310,.T.);
#5350=ORIENTED_EDGE('',*,*,#5340,.F.);
#5360=CARTESIAN_POINT('',(-0.874999999971138,0.380000000000557,
0.00999999997182438));
#5370=DIRECTION('',(1.,-0.,0.));
#5380=VECTOR('',#5370,1.);
#5390=LINE('',#5360,#5380);
#5400=CARTESIAN_POINT('',(-0.874999999971138,0.380000000000557,
0.00999999997182438));
#5410=VERTEX_POINT('',#5400);
#5420=EDGE_CURVE('',#5410,#5330,#5390,.T.);
#5430=ORIENTED_EDGE('',*,*,#5420,.T.);
#5440=CARTESIAN_POINT('',(-0.874999999971138,0.380000000000557,
0.00999999997182438));
#5450=DIRECTION('',(0.,-1.,0.));
#5460=VECTOR('',#5450,1.);
#5470=LINE('',#5440,#5460);
#5480=CARTESIAN_POINT('',(-0.874999999971138,0.145000000000014,
0.00999999997182438));
#5490=VERTEX_POINT('',#5480);
#5500=EDGE_CURVE('',#5410,#5490,#5470,.T.);
#5510=ORIENTED_EDGE('',*,*,#5500,.F.);
#5520=CARTESIAN_POINT('',(-0.774999999942275,0.145000000000014,
0.00999999997182438));
#5530=DIRECTION('',(-1.,0.,0.));
#5540=VECTOR('',#5530,1.);
#5550=LINE('',#5520,#5540);
#5560=CARTESIAN_POINT('',(-0.774999999942275,0.145000000000014,
0.00999999997182438));
#5570=VERTEX_POINT('',#5560);
#5580=EDGE_CURVE('',#5570,#5490,#5550,.T.);
#5590=ORIENTED_EDGE('',*,*,#5580,.T.);
#5600=CARTESIAN_POINT('',(-0.774999999942275,0.144999999999996,
0.00999999997182438));
#5610=DIRECTION('',(0.,-1.,0.));
#5620=VECTOR('',#5610,1.);
#5630=LINE('',#5600,#5620);
#5640=CARTESIAN_POINT('',(-0.774999999942275,-0.144999999999462,
0.00999999997182438));
#5650=VERTEX_POINT('',#5640);
#5660=EDGE_CURVE('',#5570,#5650,#5630,.T.);
#5670=ORIENTED_EDGE('',*,*,#5660,.F.);
#5680=CARTESIAN_POINT('',(-0.774999999942275,-0.144999999999462,
0.00999999997182438));
#5690=DIRECTION('',(-1.,0.,0.));
#5700=VECTOR('',#5690,1.);
#5710=LINE('',#5680,#5700);
#5720=CARTESIAN_POINT('',(-0.874999999971138,-0.144999999999462,
0.00999999997182438));
#5730=VERTEX_POINT('',#5720);
#5740=EDGE_CURVE('',#5650,#5730,#5710,.T.);
#5750=ORIENTED_EDGE('',*,*,#5740,.F.);
#5760=CARTESIAN_POINT('',(-0.874999999971138,-0.380000000000005,
0.00999999997182438));
#5770=DIRECTION('',(0.,1.,0.));
#5780=VECTOR('',#5770,1.);
#5790=LINE('',#5760,#5780);
#5800=CARTESIAN_POINT('',(-0.874999999971138,-0.380000000000005,
0.00999999997182438));
#5810=VERTEX_POINT('',#5800);
#5820=EDGE_CURVE('',#5810,#5730,#5790,.T.);
#5830=ORIENTED_EDGE('',*,*,#5820,.T.);
#5840=CARTESIAN_POINT('',(-0.874999999971138,-0.380000000000005,
0.00999999997182438));
#5850=DIRECTION('',(1.,0.,0.));
#5860=VECTOR('',#5850,1.);
#5870=LINE('',#5840,#5860);
#5880=CARTESIAN_POINT('',(-0.480000000000267,-0.380000000000005,
0.00999999997182438));
#5890=VERTEX_POINT('',#5880);
#5900=EDGE_CURVE('',#5810,#5890,#5870,.T.);
#5910=ORIENTED_EDGE('',*,*,#5900,.F.);
#5920=CARTESIAN_POINT('',(-0.480000000000267,-0.271411010622845,
0.00999999997182438));
#5930=DIRECTION('',(0.,-1.,0.));
#5940=VECTOR('',#5930,1.);
#5950=LINE('',#5920,#5940);
#5960=CARTESIAN_POINT('',(-0.480000000000267,-0.266411010622644,
0.00999999997192084));
#5970=VERTEX_POINT('',#5960);
#5980=EDGE_CURVE('',#5970,#5890,#5950,.T.);
#5990=ORIENTED_EDGE('',*,*,#5980,.T.);
#6000=CARTESIAN_POINT('',(-0.283100000000017,-0.266411010622644,
0.00999999997192086));
#6010=DIRECTION('',(-1.,0.,-9.36308058671331E-17));
#6020=VECTOR('',#6010,1.);
#6030=LINE('',#6000,#6020);
#6040=CARTESIAN_POINT('',(-0.29000000000002,-0.266411010622644,
0.00999999997192086));
#6050=VERTEX_POINT('',#6040);
#6060=EDGE_CURVE('',#6050,#5970,#6030,.T.);
#6070=ORIENTED_EDGE('',*,*,#6060,.T.);
#6080=CARTESIAN_POINT('',(-0.29000000000002,-0.380000000192878,
0.00999999997182438));
#6090=DIRECTION('',(0.,1.,0.));
#6100=VECTOR('',#6090,1.);
#6110=LINE('',#6080,#6100);
#6120=CARTESIAN_POINT('',(-0.29000000000002,-0.379999999999997,
0.00999999997182438));
#6130=VERTEX_POINT('',#6120);
#6140=EDGE_CURVE('',#6130,#6050,#6110,.T.);
#6150=ORIENTED_EDGE('',*,*,#6140,.T.);
#6160=CARTESIAN_POINT('',(-0.29000000000002,-0.379999999999997,
0.00999999997182438));
#6170=DIRECTION('',(1.,0.,0.));
#6180=VECTOR('',#6170,1.);
#6190=LINE('',#6160,#6180);
#6200=CARTESIAN_POINT('',(-0.0600000000000511,-0.379999999999997,
0.00999999997182438));
#6210=VERTEX_POINT('',#6200);
#6220=EDGE_CURVE('',#6130,#6210,#6190,.T.);
#6230=ORIENTED_EDGE('',*,*,#6220,.F.);
#6240=CARTESIAN_POINT('',(-0.0600000000000511,-0.379999999999997,
0.00999999997182438));
#6250=DIRECTION('',(0.,1.,0.));
#6260=VECTOR('',#6250,1.);
#6270=LINE('',#6240,#6260);
#6280=CARTESIAN_POINT('',(-0.0600000000000511,-0.266411010660312,
0.00999999997182437));
#6290=VERTEX_POINT('',#6280);
#6300=EDGE_CURVE('',#6210,#6290,#6270,.T.);
#6310=ORIENTED_EDGE('',*,*,#6300,.F.);
#6320=CARTESIAN_POINT('',(0.0668999999999489,-0.266411010660312,
0.00999999997182437));
#6330=DIRECTION('',(-1.,0.,0.));
#6340=VECTOR('',#6330,1.);
#6350=LINE('',#6320,#6340);
#6360=CARTESIAN_POINT('',(0.0599999999999489,-0.266411010660312,
0.00999999997182437));
#6370=VERTEX_POINT('',#6360);
#6380=EDGE_CURVE('',#6370,#6290,#6350,.T.);
#6390=ORIENTED_EDGE('',*,*,#6380,.T.);
#6400=CARTESIAN_POINT('',(0.0599999999999489,-0.379999999999997,
0.00999999997182438));
#6410=DIRECTION('',(0.,1.,0.));
#6420=VECTOR('',#6410,1.);
#6430=LINE('',#6400,#6420);
#6440=CARTESIAN_POINT('',(0.0599999999999489,-0.379999999999997,
0.00999999997182438));
#6450=VERTEX_POINT('',#6440);
#6460=EDGE_CURVE('',#6450,#6370,#6430,.T.);
#6470=ORIENTED_EDGE('',*,*,#6460,.T.);
#6480=CARTESIAN_POINT('',(0.28999999999996,-0.379999999999997,
0.00999999997182438));
#6490=DIRECTION('',(-1.,0.,0.));
#6500=VECTOR('',#6490,1.);
#6510=LINE('',#6480,#6500);
#6520=CARTESIAN_POINT('',(0.28999999999996,-0.379999999999997,
0.00999999997182438));
#6530=VERTEX_POINT('',#6520);
#6540=EDGE_CURVE('',#6530,#6450,#6510,.T.);
#6550=ORIENTED_EDGE('',*,*,#6540,.T.);
#6560=CARTESIAN_POINT('',(0.28999999999996,-0.271411010660311,
0.00999999997182438));
#6570=DIRECTION('',(0.,-1.,0.));
#6580=VECTOR('',#6570,1.);
#6590=LINE('',#6560,#6580);
#6600=CARTESIAN_POINT('',(0.28999999999996,-0.266411010660312,
0.00999999997182448));
#6610=VERTEX_POINT('',#6600);
#6620=EDGE_CURVE('',#6610,#6530,#6590,.T.);
#6630=ORIENTED_EDGE('',*,*,#6620,.T.);
#6640=CARTESIAN_POINT('',(0.491032148805198,-0.266411010660312,
0.00999999997182448));
#6650=DIRECTION('',(-1.,0.,0.));
#6660=VECTOR('',#6650,1.);
#6670=LINE('',#6640,#6660);
#6680=CARTESIAN_POINT('',(0.480000000000234,-0.266411010660312,
0.00999999997182448));
#6690=VERTEX_POINT('',#6680);
#6700=EDGE_CURVE('',#6690,#6610,#6670,.T.);
#6710=ORIENTED_EDGE('',*,*,#6700,.T.);
#6720=CARTESIAN_POINT('',(0.480000000000234,-0.379999999999996,
0.00999999997182438));
#6730=DIRECTION('',(0.,1.,0.));
#6740=VECTOR('',#6730,1.);
#6750=LINE('',#6720,#6740);
#6760=CARTESIAN_POINT('',(0.480000000000234,-0.379999999999996,
0.00999999997182438));
#6770=VERTEX_POINT('',#6760);
#6780=EDGE_CURVE('',#6770,#6690,#6750,.T.);
#6790=ORIENTED_EDGE('',*,*,#6780,.T.);
#6800=CARTESIAN_POINT('',(0.480000000000234,-0.379999999999996,
0.00999999997182438));
#6810=DIRECTION('',(1.,0.,0.));
#6820=VECTOR('',#6810,1.);
#6830=LINE('',#6800,#6820);
#6840=CARTESIAN_POINT('',(0.874999999971134,-0.379999999999996,
0.00999999997182438));
#6850=VERTEX_POINT('',#6840);
#6860=EDGE_CURVE('',#6770,#6850,#6830,.T.);
#6870=ORIENTED_EDGE('',*,*,#6860,.F.);
#6880=CARTESIAN_POINT('',(0.874999999971134,-0.144999999999453,
0.00999999997182438));
#6890=DIRECTION('',(0.,-1.,0.));
#6900=VECTOR('',#6890,1.);
#6910=LINE('',#6880,#6900);
#6920=EDGE_CURVE('',#4110,#6850,#6910,.T.);
#6930=ORIENTED_EDGE('',*,*,#6920,.T.);
#6940=EDGE_LOOP('',(#6930,#6870,#6790,#6710,#6630,#6550,#6470,#6390,
#6310,#6230,#6150,#6070,#5990,#5910,#5830,#5750,#5670,#5590,#5510,#5430,
#5350,#5270,#5190,#5110,#5030,#4950,#4870,#4790,#4710,#4630,#4550,#4470,
#4390,#4310,#4230,#4150));
#6950=FACE_OUTER_BOUND('',#6940,.T.);
#6960=ADVANCED_FACE('',(#6950),#4050,.F.);
#6970=COLOUR_RGB('',0.368627458810806,0.384313762187958,
0.466666698455811);
#6980=FILL_AREA_STYLE_COLOUR('',#6970);
#6990=FILL_AREA_STYLE('',(#6980));
#7000=SURFACE_STYLE_FILL_AREA(#6990);
#7010=SURFACE_SIDE_STYLE('',(#7000));
#7020=SURFACE_STYLE_USAGE(.BOTH.,#7010);
#7030=PRESENTATION_STYLE_ASSIGNMENT((#7020));
#7040=CARTESIAN_POINT('',(0.874999999971134,-0.414999999999905,
0.0449999999581844));
#7050=DIRECTION('',(1.,0.,-8.32667268468867E-17));
#7060=DIRECTION('',(8.32667268468867E-17,0.,1.));
#7070=AXIS2_PLACEMENT_3D('',#7040,#7050,#7060);
#7080=PLANE('',#7070);
#7090=CARTESIAN_POINT('',(0.874999999971133,-0.285000379160173,
0.319999999971809));
#7100=DIRECTION('',(0.,1.,0.));
#7110=VECTOR('',#7100,1.);
#7120=LINE('',#7090,#7110);
#7130=CARTESIAN_POINT('',(0.874999999971133,-0.285000379160174,
0.319999999971809));
#7140=VERTEX_POINT('',#7130);
#7150=CARTESIAN_POINT('',(0.874999999971134,-0.0649999999997771,
0.319999999971802));
#7160=VERTEX_POINT('',#7150);
#7170=EDGE_CURVE('',#7140,#7160,#7120,.T.);
#7180=ORIENTED_EDGE('',*,*,#7170,.F.);
#7190=CARTESIAN_POINT('',(0.874999999971134,-0.0649999999997771,
0.319999999971794));
#7200=DIRECTION('',(0.,9.92538583597695E-13,-1.));
#7210=VECTOR('',#7200,1.);
#7220=LINE('',#7190,#7210);
#7230=CARTESIAN_POINT('',(0.874999999971134,-0.0649999999997403,
0.270419423075595));
#7240=VERTEX_POINT('',#7230);
#7250=EDGE_CURVE('',#7160,#7240,#7220,.T.);
#7260=ORIENTED_EDGE('',*,*,#7250,.F.);
#7270=CARTESIAN_POINT('',(0.874999999971134,0.0650000000002218,
0.27041942307566));
#7280=DIRECTION('',(0.,-1.,0.));
#7290=VECTOR('',#7280,1.);
#7300=LINE('',#7270,#7290);
#7310=CARTESIAN_POINT('',(0.874999999971134,0.0650000000002923,
0.270419423075595));
#7320=VERTEX_POINT('',#7310);
#7330=EDGE_CURVE('',#7320,#7240,#7300,.T.);
#7340=ORIENTED_EDGE('',*,*,#7330,.T.);
#7350=CARTESIAN_POINT('',(0.874999999971134,0.0650000000003291,
0.319999999971794));
#7360=DIRECTION('',(0.,-9.92538583597695E-13,-1.));
#7370=VECTOR('',#7360,1.);
#7380=LINE('',#7350,#7370);
#7390=CARTESIAN_POINT('',(0.874999999971134,0.0650000000003291,
0.319999999971802));
#7400=VERTEX_POINT('',#7390);
#7410=EDGE_CURVE('',#7400,#7320,#7380,.T.);
#7420=ORIENTED_EDGE('',*,*,#7410,.T.);
#7430=CARTESIAN_POINT('',(0.874999999971133,0.285000379160725,
0.319999999971809));
#7440=DIRECTION('',(0.,-1.,0.));
#7450=VECTOR('',#7440,1.);
#7460=LINE('',#7430,#7450);
#7470=CARTESIAN_POINT('',(0.874999999971133,0.285000379160726,
0.319999999971809));
#7480=VERTEX_POINT('',#7470);
#7490=EDGE_CURVE('',#7480,#7400,#7460,.T.);
#7500=ORIENTED_EDGE('',*,*,#7490,.T.);
#7510=CARTESIAN_POINT('',(0.874999999971134,0.285000379160726,
0.319999999971809));
#7520=DIRECTION('',(0.,0.,-1.));
#7530=VECTOR('',#7520,1.);
#7540=LINE('',#7510,#7530);
#7550=CARTESIAN_POINT('',(0.874999999971134,0.285000379160726,
0.0899999999718716));
#7560=VERTEX_POINT('',#7550);
#7570=EDGE_CURVE('',#7480,#7560,#7540,.T.);
#7580=ORIENTED_EDGE('',*,*,#7570,.F.);
#7590=CARTESIAN_POINT('',(0.874999999971134,0.380000000000548,
0.0899999999718716));
#7600=DIRECTION('',(0.,-1.,0.));
#7610=VECTOR('',#7600,1.);
#7620=LINE('',#7590,#7610);
#7630=CARTESIAN_POINT('',(0.874999999971134,0.380000000000548,
0.0899999999718716));
#7640=VERTEX_POINT('',#7630);
#7650=EDGE_CURVE('',#7640,#7560,#7620,.T.);
#7660=ORIENTED_EDGE('',*,*,#7650,.T.);
#7670=CARTESIAN_POINT('',(0.874999999971134,0.380000000000548,
0.0899999999718716));
#7680=DIRECTION('',(0.,0.,-1.));
#7690=VECTOR('',#7680,1.);
#7700=LINE('',#7670,#7690);
#7710=EDGE_CURVE('',#7640,#4370,#7700,.T.);
#7720=ORIENTED_EDGE('',*,*,#7710,.F.);
#7730=ORIENTED_EDGE('',*,*,#4380,.T.);
#7740=CARTESIAN_POINT('',(0.874999999971134,0.145000000000005,
0.00999999997182438));
#7750=DIRECTION('',(0.,-0.,1.));
#7760=VECTOR('',#7750,1.);
#7770=LINE('',#7740,#7760);
#7780=CARTESIAN_POINT('',(0.874999999971134,0.145000000000005,
0.0899999999156683));
#7790=VERTEX_POINT('',#7780);
#7800=EDGE_CURVE('',#4290,#7790,#7770,.T.);
#7810=ORIENTED_EDGE('',*,*,#7800,.F.);
#7820=CARTESIAN_POINT('',(0.874999999971134,-0.144999999999453,
0.0899999999156683));
#7830=DIRECTION('',(0.,1.,0.));
#7840=VECTOR('',#7830,1.);
#7850=LINE('',#7820,#7840);
#7860=CARTESIAN_POINT('',(0.874999999971134,-0.144999999999453,
0.0899999999156683));
#7870=VERTEX_POINT('',#7860);
#7880=EDGE_CURVE('',#7870,#7790,#7850,.T.);
#7890=ORIENTED_EDGE('',*,*,#7880,.T.);
#7900=CARTESIAN_POINT('',(0.874999999971134,-0.144999999999453,
0.00999999997182438));
#7910=DIRECTION('',(0.,0.,1.));
#7920=VECTOR('',#7910,1.);
#7930=LINE('',#7900,#7920);
#7940=EDGE_CURVE('',#4110,#7870,#7930,.T.);
#7950=ORIENTED_EDGE('',*,*,#7940,.T.);
#7960=ORIENTED_EDGE('',*,*,#6920,.F.);
#7970=CARTESIAN_POINT('',(0.874999999971134,-0.379999999999996,
0.0899999999718716));
#7980=DIRECTION('',(0.,0.,-1.));
#7990=VECTOR('',#7980,1.);
#8000=LINE('',#7970,#7990);
#8010=CARTESIAN_POINT('',(0.874999999971134,-0.379999999999996,
0.0899999999718716));
#8020=VERTEX_POINT('',#8010);
#8030=EDGE_CURVE('',#8020,#6850,#8000,.T.);
#8040=ORIENTED_EDGE('',*,*,#8030,.T.);
#8050=CARTESIAN_POINT('',(0.874999999971134,-0.379999999999996,
0.0899999999718716));
#8060=DIRECTION('',(0.,1.,0.));
#8070=VECTOR('',#8060,1.);
#8080=LINE('',#8050,#8070);
#8090=CARTESIAN_POINT('',(0.874999999971134,-0.285000379160174,
0.0899999999718716));
#8100=VERTEX_POINT('',#8090);
#8110=EDGE_CURVE('',#8020,#8100,#8080,.T.);
#8120=ORIENTED_EDGE('',*,*,#8110,.F.);
#8130=CARTESIAN_POINT('',(0.874999999971134,-0.285000379160174,
0.319999999971809));
#8140=DIRECTION('',(0.,0.,-1.));
#8150=VECTOR('',#8140,1.);
#8160=LINE('',#8130,#8150);
#8170=EDGE_CURVE('',#7140,#8100,#8160,.T.);
#8180=ORIENTED_EDGE('',*,*,#8170,.T.);
#8190=EDGE_LOOP('',(#8180,#8120,#8040,#7960,#7950,#7890,#7810,#7730,
#7720,#7660,#7580,#7500,#7420,#7340,#7260,#7180));
#8200=FACE_OUTER_BOUND('',#8190,.T.);
#8210=ADVANCED_FACE('',(#8200),#7080,.T.);
#8220=COLOUR_RGB('',0.368627458810806,0.384313762187958,
0.466666698455811);
#8230=FILL_AREA_STYLE_COLOUR('',#8220);
#8240=FILL_AREA_STYLE('',(#8230));
#8250=SURFACE_STYLE_FILL_AREA(#8240);
#8260=SURFACE_SIDE_STYLE('',(#8250));
#8270=SURFACE_STYLE_USAGE(.BOTH.,#8260);
#8280=PRESENTATION_STYLE_ASSIGNMENT((#8270));
#8290=CARTESIAN_POINT('',(0.889999999971133,-0.300000379160173,
0.20499999997184));
#8300=DIRECTION('',(0.707106781186548,0.707106781186548,
-5.88784672006416E-17));
#8310=DIRECTION('',(0.707106781186548,-0.707106781186548,0.));
#8320=AXIS2_PLACEMENT_3D('',#8290,#8300,#8310);
#8330=PLANE('',#8320);
#8340=CARTESIAN_POINT('',(0.874999999971134,-0.285000379160173,
0.0899999999718716));
#8350=DIRECTION('',(0.707106781186549,-0.707106781186546,0.));
#8360=VECTOR('',#8350,1.);
#8370=LINE('',#8340,#8360);
#8380=CARTESIAN_POINT('',(0.904999999971452,-0.315000379160492,
0.0899999999718162));
#8390=VERTEX_POINT('',#8380);
#8400=EDGE_CURVE('',#8100,#8390,#8370,.T.);
#8410=ORIENTED_EDGE('',*,*,#8400,.F.);
#8420=CARTESIAN_POINT('',(0.904999999971452,-0.315000379175275,
0.0899999999717609));
#8430=DIRECTION('',(0.,0.,1.));
#8440=VECTOR('',#8430,1.);
#8450=LINE('',#8420,#8440);
#8460=CARTESIAN_POINT('',(0.904999999971452,-0.315000379167884,
0.319999999971809));
#8470=VERTEX_POINT('',#8460);
#8480=EDGE_CURVE('',#8390,#8470,#8450,.T.);
#8490=ORIENTED_EDGE('',*,*,#8480,.F.);
#8500=CARTESIAN_POINT('',(0.904999999971453,-0.315000379160489,
0.319999999971809));
#8510=DIRECTION('',(-0.707106781186547,0.707106781186548,0.));
#8520=VECTOR('',#8510,1.);
#8530=LINE('',#8500,#8520);
#8540=EDGE_CURVE('',#8470,#7140,#8530,.T.);
#8550=ORIENTED_EDGE('',*,*,#8540,.F.);
#8560=ORIENTED_EDGE('',*,*,#8170,.F.);
#8570=EDGE_LOOP('',(#8560,#8550,#8490,#8410));
#8580=FACE_OUTER_BOUND('',#8570,.T.);
#8590=ADVANCED_FACE('',(#8580),#8330,.T.);
#8600=COLOUR_RGB('',0.368627458810806,0.384313762187958,
0.466666698455811);
#8610=FILL_AREA_STYLE_COLOUR('',#8600);
#8620=FILL_AREA_STYLE('',(#8610));
#8630=SURFACE_STYLE_FILL_AREA(#8620);
#8640=SURFACE_SIDE_STYLE('',(#8630));
#8650=SURFACE_STYLE_USAGE(.BOTH.,#8640);
#8660=PRESENTATION_STYLE_ASSIGNMENT((#8650));
#8670=CARTESIAN_POINT('',(0.640000000000252,-0.414999999999995,
0.0899999999718716));
#8680=DIRECTION('',(0.,0.,-1.));
#8690=DIRECTION('',(-1.,0.,0.));
#8700=AXIS2_PLACEMENT_3D('',#8670,#8680,#8690);
#8710=PLANE('',#8700);
#8720=CARTESIAN_POINT('',(0.509999999999959,-0.419999999999997,
0.0899999999718716));
#8730=DIRECTION('',(1.,0.,0.));
#8740=VECTOR('',#8730,1.);
#8750=LINE('',#8720,#8740);
#8760=CARTESIAN_POINT('',(0.509999999999959,-0.419999999999997,
0.0899999999718716));
#8770=VERTEX_POINT('',#8760);
#8780=CARTESIAN_POINT('',(0.784999620922385,-0.419999999903559,
0.0899999999718716));
#8790=VERTEX_POINT('',#8780);
#8800=EDGE_CURVE('',#8770,#8790,#8750,.T.);
#8810=ORIENTED_EDGE('',*,*,#8800,.F.);
#8820=CARTESIAN_POINT('',(0.819999999986216,-0.45500037896739,
0.0899999999718716));
#8830=DIRECTION('',(-0.707106781186545,0.70710678118655,0.));
#8840=VECTOR('',#8830,1.);
#8850=LINE('',#8820,#8840);
#8860=CARTESIAN_POINT('',(0.819999999986216,-0.45500037896739,
0.0899999999718716));
#8870=VERTEX_POINT('',#8860);
#8880=EDGE_CURVE('',#8870,#8790,#8850,.T.);
#8890=ORIENTED_EDGE('',*,*,#8880,.T.);
#8900=CARTESIAN_POINT('',(0.874999999986254,-0.45500037896739,
0.0899999999718716));
#8910=DIRECTION('',(-1.,0.,0.));
#8920=VECTOR('',#8910,1.);
#8930=LINE('',#8900,#8920);
#8940=CARTESIAN_POINT('',(0.874999999986244,-0.45500037896739,
0.0899999999718716));
#8950=VERTEX_POINT('',#8940);
#8960=EDGE_CURVE('',#8950,#8870,#8930,.T.);
#8970=ORIENTED_EDGE('',*,*,#8960,.T.);
#8980=CARTESIAN_POINT('',(0.874999999986235,-0.42500037896739,
0.0899999999718239));
#8990=DIRECTION('',(0.,-0.,-1.));
#9000=DIRECTION('',(1.,-3.09993882415445E-9,0.));
#9010=AXIS2_PLACEMENT_3D('',#8980,#8990,#9000);
#9020=CIRCLE('',#9010,0.03);
#9030=CARTESIAN_POINT('',(0.904999999971452,-0.425000379013889,
0.0899999999718716));
#9040=VERTEX_POINT('',#9030);
#9050=EDGE_CURVE('',#9040,#8950,#9020,.T.);
#9060=ORIENTED_EDGE('',*,*,#9050,.T.);
#9070=CARTESIAN_POINT('',(0.904999999971452,-0.315000379160491,
0.0899999999718716));
#9080=DIRECTION('',(0.,-1.,0.));
#9090=VECTOR('',#9080,1.);
#9100=LINE('',#9070,#9090);
#9110=EDGE_CURVE('',#8390,#9040,#9100,.T.);
#9120=ORIENTED_EDGE('',*,*,#9110,.T.);
#9130=ORIENTED_EDGE('',*,*,#8400,.T.);
#9140=ORIENTED_EDGE('',*,*,#8110,.T.);
#9150=CARTESIAN_POINT('',(0.874999999971134,-0.379999999999996,
0.0899999999718716));
#9160=DIRECTION('',(-1.,0.,0.));
#9170=VECTOR('',#9160,1.);
#9180=LINE('',#9150,#9170);
#9190=CARTESIAN_POINT('',(0.509999999999959,-0.379999999999996,
0.0899999999718717));
#9200=VERTEX_POINT('',#9190);
#9210=EDGE_CURVE('',#8020,#9200,#9180,.T.);
#9220=ORIENTED_EDGE('',*,*,#9210,.F.);
#9230=CARTESIAN_POINT('',(0.509999999999959,-0.41999999980712,
0.0899999999718716));
#9240=DIRECTION('',(0.,1.,0.));
#9250=VECTOR('',#9240,1.);
#9260=LINE('',#9230,#9250);
#9270=EDGE_CURVE('',#8770,#9200,#9260,.T.);
#9280=ORIENTED_EDGE('',*,*,#9270,.T.);
#9290=EDGE_LOOP('',(#9280,#9220,#9140,#9130,#9120,#9060,#8970,#8890,
#8810));
#9300=FACE_OUTER_BOUND('',#9290,.T.);
#9310=ADVANCED_FACE('',(#9300),#8710,.T.);
#9320=COLOUR_RGB('',0.368627458810806,0.384313762187958,
0.466666698455811);
#9330=FILL_AREA_STYLE_COLOUR('',#9320);
#9340=FILL_AREA_STYLE('',(#9330));
#9350=SURFACE_STYLE_FILL_AREA(#9340);
#9360=SURFACE_SIDE_STYLE('',(#9350));
#9370=SURFACE_STYLE_USAGE(.BOTH.,#9360);
#9380=PRESENTATION_STYLE_ASSIGNMENT((#9370));
#9390=CARTESIAN_POINT('',(0.494999999999959,-0.399999999999996,
0.0749999999718716));
#9400=DIRECTION('',(0.707106781186548,0.,-0.707106781186548));
#9410=DIRECTION('',(0.707106781186548,0.,0.707106781186548));
#9420=AXIS2_PLACEMENT_3D('',#9390,#9400,#9410);
#9430=PLANE('',#9420);
#9440=CARTESIAN_POINT('',(0.480000000028093,-0.419999999999997,
0.0600000000000052));
#9450=DIRECTION('',(0.707106781186547,0.,0.707106781186549));
#9460=VECTOR('',#9450,1.);
#9470=LINE('',#9440,#9460);
#9480=CARTESIAN_POINT('',(0.480000000028093,-0.419999999999997,
0.0600000000000055));
#9490=VERTEX_POINT('',#9480);
#9500=EDGE_CURVE('',#9490,#8770,#9470,.T.);
#9510=ORIENTED_EDGE('',*,*,#9500,.F.);
#9520=ORIENTED_EDGE('',*,*,#9270,.F.);
#9530=CARTESIAN_POINT('',(0.509999999999959,-0.379999999999996,
0.0899999999718716));
#9540=DIRECTION('',(-0.707106781186547,0.,-0.707106781186548));
#9550=VECTOR('',#9540,1.);
#9560=LINE('',#9530,#9550);
#9570=CARTESIAN_POINT('',(0.480000000000234,-0.379999999999996,
0.059999999986076));
#9580=VERTEX_POINT('',#9570);
#9590=EDGE_CURVE('',#9200,#9580,#9560,.T.);
#9600=ORIENTED_EDGE('',*,*,#9590,.F.);
#9610=CARTESIAN_POINT('',(0.480000000000234,-0.379999999999996,
0.0600000000000054));
#9620=DIRECTION('',(0.,-1.,-2.60208522651221E-15));
#9630=VECTOR('',#9620,1.);
#9640=LINE('',#9610,#9630);
#9650=EDGE_CURVE('',#9580,#9490,#9640,.T.);
#9660=ORIENTED_EDGE('',*,*,#9650,.F.);
#9670=EDGE_LOOP('',(#9660,#9600,#9520,#9510));
#9680=FACE_OUTER_BOUND('',#9670,.T.);
#9690=ADVANCED_FACE('',(#9680),#9430,.T.);
#9700=COLOUR_RGB('',0.368627458810806,0.384313762187958,
0.466666698455811);
#9710=FILL_AREA_STYLE_COLOUR('',#9700);
#9720=FILL_AREA_STYLE('',(#9710));
#9730=SURFACE_STYLE_FILL_AREA(#9720);
#9740=SURFACE_SIDE_STYLE('',(#9730));
#9750=SURFACE_STYLE_USAGE(.BOTH.,#9740);
#9760=PRESENTATION_STYLE_ASSIGNMENT((#9750));
#9770=CARTESIAN_POINT('',(0.480000000000234,-0.26499999999977,
0.100000115231632));
#9780=DIRECTION('',(1.,0.,0.));
#9790=DIRECTION('',(0.,0.,-1.));
#9800=AXIS2_PLACEMENT_3D('',#9770,#9780,#9790);
#9810=PLANE('',#9800);
#9820=ORIENTED_EDGE('',*,*,#6780,.F.);
#9830=CARTESIAN_POINT('',(0.480000000000228,-0.309999999999771,
0.100000000018294));
#9840=DIRECTION('',(1.,0.,0.));
#9850=DIRECTION('',(0.,-4.85667672744938E-9,-1.));
#9860=AXIS2_PLACEMENT_3D('',#9830,#9840,#9850);
#9870=CIRCLE('',#9860,0.1);
#9880=CARTESIAN_POINT('',(0.480000000000234,-0.310000000000077,
1.8293991321805E-11));
#9890=VERTEX_POINT('',#9880);
#9900=EDGE_CURVE('',#9890,#6690,#9870,.T.);
#9910=ORIENTED_EDGE('',*,*,#9900,.T.);
#9920=CARTESIAN_POINT('',(0.480000000000234,-0.700000000000005,
5.32907051820075E-15));
#9930=DIRECTION('',(0.,1.,0.));
#9940=VECTOR('',#9930,1.);
#9950=LINE('',#9920,#9940);
#9960=CARTESIAN_POINT('',(0.480000000000234,-0.700000000000005,
5.32907051820075E-15));
#9970=VERTEX_POINT('',#9960);
#9980=EDGE_CURVE('',#9970,#9890,#9950,.T.);
#9990=ORIENTED_EDGE('',*,*,#9980,.T.);
#10000=CARTESIAN_POINT('',(0.480000000000234,-0.700000000000005,
5.32907051820075E-15));
#10010=DIRECTION('',(0.,0.,1.));
#10020=VECTOR('',#10010,1.);
#10030=LINE('',#10000,#10020);
#10040=CARTESIAN_POINT('',(0.480000000000234,-0.700000000000005,
0.0600000000000052));
#10050=VERTEX_POINT('',#10040);
#10060=EDGE_CURVE('',#9970,#10050,#10030,.T.);
#10070=ORIENTED_EDGE('',*,*,#10060,.F.);
#10080=CARTESIAN_POINT('',(0.480000000000234,-0.700000000000005,
0.0600000000000052));
#10090=DIRECTION('',(0.,1.,0.));
#10100=VECTOR('',#10090,1.);
#10110=LINE('',#10080,#10100);
#10120=EDGE_CURVE('',#10050,#9490,#10110,.T.);
#10130=ORIENTED_EDGE('',*,*,#10120,.F.);
#10140=ORIENTED_EDGE('',*,*,#9650,.T.);
#10150=CARTESIAN_POINT('',(0.480000000000234,-0.379999999999996,
0.00999999997182438));
#10160=DIRECTION('',(0.,0.,1.));
#10170=VECTOR('',#10160,1.);
#10180=LINE('',#10150,#10170);
#10190=EDGE_CURVE('',#6770,#9580,#10180,.T.);
#10200=ORIENTED_EDGE('',*,*,#10190,.T.);
#10210=EDGE_LOOP('',(#10200,#10140,#10130,#10070,#9990,#9910,#9820));
#10220=FACE_OUTER_BOUND('',#10210,.T.);
#10230=ADVANCED_FACE('',(#10220),#9810,.T.);
#10240=COLOUR_RGB('',0.368627458810806,0.384313762187958,
0.466666698455811);
#10250=FILL_AREA_STYLE_COLOUR('',#10240);
#10260=FILL_AREA_STYLE('',(#10250));
#10270=SURFACE_STYLE_FILL_AREA(#10260);
#10280=SURFACE_SIDE_STYLE('',(#10270));
#10290=SURFACE_STYLE_USAGE(.BOTH.,#10280);
#10300=PRESENTATION_STYLE_ASSIGNMENT((#10290));
#10310=CARTESIAN_POINT('',(0.664999999999941,-0.379999999999996,
0.0874999999859044));
#10320=DIRECTION('',(0.,-1.,0.));
#10330=DIRECTION('',(1.,0.,0.));
#10340=AXIS2_PLACEMENT_3D('',#10310,#10320,#10330);
#10350=PLANE('',#10340);
#10360=ORIENTED_EDGE('',*,*,#9590,.T.);
#10370=ORIENTED_EDGE('',*,*,#9210,.T.);
#10380=ORIENTED_EDGE('',*,*,#8030,.F.);
#10390=ORIENTED_EDGE('',*,*,#6860,.T.);
#10400=ORIENTED_EDGE('',*,*,#10190,.F.);
#10410=EDGE_LOOP('',(#10400,#10390,#10380,#10370,#10360));
#10420=FACE_OUTER_BOUND('',#10410,.T.);
#10430=ADVANCED_FACE('',(#10420),#10350,.T.);
#10440=COLOUR_RGB('',0.368627458810806,0.384313762187958,
0.466666698455811);
#10450=FILL_AREA_STYLE_COLOUR('',#10440);
#10460=FILL_AREA_STYLE('',(#10450));
#10470=SURFACE_STYLE_FILL_AREA(#10460);
#10480=SURFACE_SIDE_STYLE('',(#10470));
#10490=SURFACE_STYLE_USAGE(.BOTH.,#10480);
#10500=PRESENTATION_STYLE_ASSIGNMENT((#10490));
#10510=CARTESIAN_POINT('',(-0.580000000000267,-0.310000000000077,0.1));
#10520=DIRECTION('',(-1.,0.,-9.56594024318546E-17));
#10530=DIRECTION('',(9.56594024318546E-17,0.,-1.));
#10540=AXIS2_PLACEMENT_3D('',#10510,#10520,#10530);
#10550=CYLINDRICAL_SURFACE('',#10540,0.100000000000001);
#10560=CARTESIAN_POINT('',(-0.480000000000262,-0.310000000000077,0.1));
#10570=DIRECTION('',(-1.,-3.75272701007107E-17,-1.81752864148697E-17));
#10580=DIRECTION('',(0.,0.435889893788287,-0.90000000027402));
#10590=AXIS2_PLACEMENT_3D('',#10560,#10570,#10580);
#10600=CIRCLE('',#10590,0.100000000000001);
#10610=CARTESIAN_POINT('',(-0.480000000000267,-0.310000000000077,
-9.85322934354826E-16));
#10620=VERTEX_POINT('',#10610);
#10630=EDGE_CURVE('',#5970,#10620,#10600,.T.);
#10640=ORIENTED_EDGE('',*,*,#10630,.F.);
#10650=CARTESIAN_POINT('',(-0.283100000000017,-0.310000000000077,
-9.70799445580599E-16));
#10660=DIRECTION('',(-1.,0.,-9.5659402431855E-17));
#10670=VECTOR('',#10660,1.);
#10680=LINE('',#10650,#10670);
#10690=CARTESIAN_POINT('',(-0.290000000000017,-0.310000000000077,
-9.71459495457379E-16));
#10700=VERTEX_POINT('',#10690);
#10710=EDGE_CURVE('',#10700,#10620,#10680,.T.);
#10720=ORIENTED_EDGE('',*,*,#10710,.T.);
#10730=CARTESIAN_POINT('',(-0.290000000000014,-0.310000000000077,0.1));
#10740=DIRECTION('',(1.,1.55056775808522E-29,2.51335499835071E-42));
#10750=DIRECTION('',(0.,1.62092561595271E-13,-1.));
#10760=AXIS2_PLACEMENT_3D('',#10730,#10740,#10750);
#10770=CIRCLE('',#10760,0.100000000000001);
#10780=EDGE_CURVE('',#10700,#6050,#10770,.T.);
#10790=ORIENTED_EDGE('',*,*,#10780,.F.);
#10800=ORIENTED_EDGE('',*,*,#6060,.F.);
#10810=EDGE_LOOP('',(#10800,#10790,#10720,#10640));
#10820=FACE_OUTER_BOUND('',#10810,.T.);
#10830=ADVANCED_FACE('',(#10820),#10550,.T.);
#10840=COLOUR_RGB('',0.368627458810806,0.384313762187958,
0.466666698455811);
#10850=FILL_AREA_STYLE_COLOUR('',#10840);
#10860=FILL_AREA_STYLE('',(#10850));
#10870=SURFACE_STYLE_FILL_AREA(#10860);
#10880=SURFACE_SIDE_STYLE('',(#10870));
#10890=SURFACE_STYLE_USAGE(.BOTH.,#10880);
#10900=PRESENTATION_STYLE_ASSIGNMENT((#10890));
#10910=CARTESIAN_POINT('',(0.435000000000093,-0.374999999903298,
5.32907051820075E-15));
#10920=DIRECTION('',(0.,0.,-1.));
#10930=DIRECTION('',(0.,1.,0.));
#10940=AXIS2_PLACEMENT_3D('',#10910,#10920,#10930);
#10950=PLANE('',#10940);
#10960=ORIENTED_EDGE('',*,*,#9980,.F.);
#10970=CARTESIAN_POINT('',(0.289999999999954,-0.309999999999771,
1.8293991321805E-11));
#10980=DIRECTION('',(-1.,0.,0.));
#10990=VECTOR('',#10980,1.);
#11000=LINE('',#10970,#10990);
#11010=CARTESIAN_POINT('',(0.28999999999996,-0.309999999999771,
1.8293991321805E-11));
#11020=VERTEX_POINT('',#11010);
#11030=EDGE_CURVE('',#9890,#11020,#11000,.T.);
#11040=ORIENTED_EDGE('',*,*,#11030,.F.);
#11050=CARTESIAN_POINT('',(0.28999999999996,-0.700000000000005,
5.32907051820075E-15));
#11060=DIRECTION('',(0.,1.,0.));
#11070=VECTOR('',#11060,1.);
#11080=LINE('',#11050,#11070);
#11090=CARTESIAN_POINT('',(0.28999999999996,-0.700000000000005,
5.32907051820075E-15));
#11100=VERTEX_POINT('',#11090);
#11110=EDGE_CURVE('',#11100,#11020,#11080,.T.);
#11120=ORIENTED_EDGE('',*,*,#11110,.T.);
#11130=CARTESIAN_POINT('',(0.28999999999996,-0.700000000000005,
5.32907051820075E-15));
#11140=DIRECTION('',(1.,0.,0.));
#11150=VECTOR('',#11140,1.);
#11160=LINE('',#11130,#11150);
#11170=EDGE_CURVE('',#11100,#9970,#11160,.T.);
#11180=ORIENTED_EDGE('',*,*,#11170,.F.);
#11190=EDGE_LOOP('',(#11180,#11120,#11040,#10960));
#11200=FACE_OUTER_BOUND('',#11190,.T.);
#11210=ADVANCED_FACE('',(#11200),#10950,.T.);
#11220=COLOUR_RGB('',0.368627458810806,0.384313762187958,
0.466666698455811);
#11230=FILL_AREA_STYLE_COLOUR('',#11220);
#11240=FILL_AREA_STYLE('',(#11230));
#11250=SURFACE_STYLE_FILL_AREA(#11240);
#11260=SURFACE_SIDE_STYLE('',(#11250));
#11270=SURFACE_STYLE_USAGE(.BOTH.,#11260);
#11280=PRESENTATION_STYLE_ASSIGNMENT((#11270));
#11290=CARTESIAN_POINT('',(1.49841378982221,-0.700000000000005,
-0.0415520005651537));
#11300=DIRECTION('',(0.,-1.,0.));
#11310=DIRECTION('',(-1.,0.,0.));
#11320=AXIS2_PLACEMENT_3D('',#11290,#11300,#11310);
#11330=PLANE('',#11320);
#11340=ORIENTED_EDGE('',*,*,#10060,.T.);
#11350=ORIENTED_EDGE('',*,*,#11170,.T.);
#11360=CARTESIAN_POINT('',(0.28999999999996,-0.700000000000005,
0.0600000000000052));
#11370=DIRECTION('',(0.,0.,-1.));
#11380=VECTOR('',#11370,1.);
#11390=LINE('',#11360,#11380);
#11400=CARTESIAN_POINT('',(0.28999999999996,-0.700000000000005,
0.0600000000000052));
#11410=VERTEX_POINT('',#11400);
#11420=EDGE_CURVE('',#11410,#11100,#11390,.T.);
#11430=ORIENTED_EDGE('',*,*,#11420,.T.);
#11440=CARTESIAN_POINT('',(0.480000000000234,-0.700000000000005,
0.0600000000000052));
#11450=DIRECTION('',(-1.,0.,0.));
#11460=VECTOR('',#11450,1.);
#11470=LINE('',#11440,#11460);
#11480=EDGE_CURVE('',#10050,#11410,#11470,.T.);
#11490=ORIENTED_EDGE('',*,*,#11480,.T.);
#11500=EDGE_LOOP('',(#11490,#11430,#11350,#11340));
#11510=FACE_OUTER_BOUND('',#11500,.T.);
#11520=ADVANCED_FACE('',(#11510),#11330,.T.);
#11530=COLOUR_RGB('',0.368627458810806,0.384313762187958,
0.466666698455811);
#11540=FILL_AREA_STYLE_COLOUR('',#11530);
#11550=FILL_AREA_STYLE('',(#11540));
#11560=SURFACE_STYLE_FILL_AREA(#11550);
#11570=SURFACE_SIDE_STYLE('',(#11560));
#11580=SURFACE_STYLE_USAGE(.BOTH.,#11570);
#11590=PRESENTATION_STYLE_ASSIGNMENT((#11580));
#11600=CARTESIAN_POINT('',(0.41000000000021,-0.397499999999828,
0.0600000000000052));
#11610=DIRECTION('',(0.,0.,1.));
#11620=DIRECTION('',(-1.,0.,0.));
#11630=AXIS2_PLACEMENT_3D('',#11600,#11610,#11620);
#11640=PLANE('',#11630);
#11650=ORIENTED_EDGE('',*,*,#10120,.T.);
#11660=ORIENTED_EDGE('',*,*,#11480,.F.);
#11670=CARTESIAN_POINT('',(0.28999999999996,-0.700000000000005,
0.0600000000000052));
#11680=DIRECTION('',(0.,1.,1.73472347537928E-16));
#11690=VECTOR('',#11680,1.);
#11700=LINE('',#11670,#11690);
#11710=CARTESIAN_POINT('',(0.289999999990723,-0.419999999999997,
0.0600000000000052));
#11720=VERTEX_POINT('',#11710);
#11730=EDGE_CURVE('',#11410,#11720,#11700,.T.);
#11740=ORIENTED_EDGE('',*,*,#11730,.F.);
#11750=CARTESIAN_POINT('',(0.480000000000234,-0.419999999999997,
0.0600000000000052));
#11760=DIRECTION('',(-1.,0.,0.));
#11770=VECTOR('',#11760,1.);
#11780=LINE('',#11750,#11770);
#11790=EDGE_CURVE('',#9490,#11720,#11780,.T.);
#11800=ORIENTED_EDGE('',*,*,#11790,.T.);
#11810=EDGE_LOOP('',(#11800,#11740,#11660,#11650));
#11820=FACE_OUTER_BOUND('',#11810,.T.);
#11830=ADVANCED_FACE('',(#11820),#11640,.T.);
#11840=COLOUR_RGB('',0.368627458810806,0.384313762187958,
0.466666698455811);
#11850=FILL_AREA_STYLE_COLOUR('',#11840);
#11860=FILL_AREA_STYLE('',(#11850));
#11870=SURFACE_STYLE_FILL_AREA(#11860);
#11880=SURFACE_SIDE_STYLE('',(#11870));
#11890=SURFACE_STYLE_USAGE(.BOTH.,#11880);
#11900=PRESENTATION_STYLE_ASSIGNMENT((#11890));
#11910=CARTESIAN_POINT('',(-0.735000000000028,-0.419999999999997,
0.0699999999718714));
#11920=DIRECTION('',(0.,-1.,0.));
#11930=DIRECTION('',(1.,0.,0.));
#11940=AXIS2_PLACEMENT_3D('',#11910,#11920,#11930);
#11950=PLANE('',#11940);
#11960=CARTESIAN_POINT('',(0.784999621018823,-0.419999999999997,
0.319999999918009));
#11970=CARTESIAN_POINT('',(0.784999621018823,-0.419999999999997,
0.323478964332296));
#11980=CARTESIAN_POINT('',(0.785656354706383,-0.419999999999997,
0.33071063393397));
#11990=CARTESIAN_POINT('',(0.789100111070611,-0.419999999999997,
0.342578873130501));
#12000=CARTESIAN_POINT('',(0.792924472088927,-0.419999999999997,
0.350776992058597));
#12010=CARTESIAN_POINT('',(0.795191713962184,-0.419999999999997,
0.354999999943749));
#12020=B_SPLINE_CURVE_WITH_KNOTS('',3,(#11960,#11970,#11980,#11990,
#12000,#12010),.UNSPECIFIED.,.F.,.F.,(4,1,1,4),(0.,0.333333333333333,
0.666666666666667,1.),.UNSPECIFIED.);
#12030=CARTESIAN_POINT('',(0.784999621018823,-0.419999999999997,
0.319999999944885));
#12040=VERTEX_POINT('',#12030);
#12050=CARTESIAN_POINT('',(0.795191713391059,-0.419999999999997,
0.35500001687073));
#12060=VERTEX_POINT('',#12050);
#12070=EDGE_CURVE('',#12040,#12060,#12020,.T.);
#12080=ORIENTED_EDGE('',*,*,#12070,.T.);
#12090=CARTESIAN_POINT('',(0.784999621018823,-0.419999999999997,
0.319999999971761));
#12100=DIRECTION('',(0.,0.,-1.));
#12110=VECTOR('',#12100,1.);
#12120=LINE('',#12090,#12110);
#12130=EDGE_CURVE('',#12040,#8790,#12120,.T.);
#12140=ORIENTED_EDGE('',*,*,#12130,.F.);
#12150=ORIENTED_EDGE('',*,*,#8800,.T.);
#12160=ORIENTED_EDGE('',*,*,#9500,.T.);
#12170=ORIENTED_EDGE('',*,*,#11790,.F.);
#12180=CARTESIAN_POINT('',(0.269999999999986,-0.419999999999997,
0.0899999999718716));
#12190=DIRECTION('',(0.554700196225227,0.,-0.832050294337845));
#12200=VECTOR('',#12190,1.);
#12210=LINE('',#12180,#12200);
#12220=CARTESIAN_POINT('',(0.269999999999986,-0.419999999999997,
0.0899999999718716));
#12230=VERTEX_POINT('',#12220);
#12240=EDGE_CURVE('',#12230,#11720,#12210,.T.);
#12250=ORIENTED_EDGE('',*,*,#12240,.T.);
#12260=CARTESIAN_POINT('',(0.269999999999986,-0.419999999999997,
0.0899999999718716));
#12270=DIRECTION('',(-1.,0.,0.));
#12280=VECTOR('',#12270,1.);
#12290=LINE('',#12260,#12280);
#12300=CARTESIAN_POINT('',(0.080000000012494,-0.419999999999997,
0.0899999999761989));
#12310=VERTEX_POINT('',#12300);
#12320=EDGE_CURVE('',#12230,#12310,#12290,.T.);
#12330=ORIENTED_EDGE('',*,*,#12320,.F.);
#12340=CARTESIAN_POINT('',(0.0600000000471166,-0.419999999999997,
0.0600000000000052));
#12350=DIRECTION('',(0.554700196225229,0.,0.832050294337844));
#12360=VECTOR('',#12350,1.);
#12370=LINE('',#12340,#12360);
#12380=CARTESIAN_POINT('',(0.0600000000235328,-0.419999999999997,
0.0600000000000052));
#12390=VERTEX_POINT('',#12380);
#12400=EDGE_CURVE('',#12390,#12310,#12370,.T.);
#12410=ORIENTED_EDGE('',*,*,#12400,.T.);
#12420=CARTESIAN_POINT('',(-0.0600000000470654,-0.419999999999997,
0.0600000000000052));
#12430=DIRECTION('',(1.,0.,0.));
#12440=VECTOR('',#12430,1.);
#12450=LINE('',#12420,#12440);
#12460=CARTESIAN_POINT('',(-0.0600000000220469,-0.419999999999997,
0.0599999999904686));
#12470=VERTEX_POINT('',#12460);
#12480=EDGE_CURVE('',#12470,#12390,#12450,.T.);
#12490=ORIENTED_EDGE('',*,*,#12480,.T.);
#12500=CARTESIAN_POINT('',(-0.0800000000283094,-0.419999999999997,
0.0899999999718714));
#12510=DIRECTION('',(0.554700196225227,0.,-0.832050294337845));
#12520=VECTOR('',#12510,1.);
#12530=LINE('',#12500,#12520);
#12540=CARTESIAN_POINT('',(-0.0800000000189791,-0.419999999999997,
0.0899999999718714));
#12550=VERTEX_POINT('',#12540);
#12560=EDGE_CURVE('',#12550,#12470,#12530,.T.);
#12570=ORIENTED_EDGE('',*,*,#12560,.T.);
#12580=CARTESIAN_POINT('',(-0.0800000000096487,-0.419999999999997,
0.0899999999718714));
#12590=DIRECTION('',(-1.,0.,0.));
#12600=VECTOR('',#12590,1.);
#12610=LINE('',#12580,#12600);
#12620=CARTESIAN_POINT('',(-0.26999999998128,-0.419999999999997,
0.0899999999718716));
#12630=VERTEX_POINT('',#12620);
#12640=EDGE_CURVE('',#12550,#12630,#12610,.T.);
#12650=ORIENTED_EDGE('',*,*,#12640,.F.);
#12660=CARTESIAN_POINT('',(-0.289999999962527,-0.419999999999997,
0.0600000000000001));
#12670=DIRECTION('',(0.554700196225229,0.,0.832050294337844));
#12680=VECTOR('',#12670,1.);
#12690=LINE('',#12660,#12680);
#12700=CARTESIAN_POINT('',(-0.289999999981274,-0.419999999999997,
0.0600000000000001));
#12710=VERTEX_POINT('',#12700);
#12720=EDGE_CURVE('',#12710,#12630,#12690,.T.);
#12730=ORIENTED_EDGE('',*,*,#12720,.T.);
#12740=CARTESIAN_POINT('',(-0.480000000056147,-0.419999999999997,
0.0600000000000001));
#12750=DIRECTION('',(1.,0.,0.));
#12760=VECTOR('',#12750,1.);
#12770=LINE('',#12740,#12760);
#12780=CARTESIAN_POINT('',(-0.480000000035162,-0.419999999999997,
0.0599999999790153));
#12790=VERTEX_POINT('',#12780);
#12800=EDGE_CURVE('',#12790,#12710,#12770,.T.);
#12810=ORIENTED_EDGE('',*,*,#12800,.T.);
#12820=CARTESIAN_POINT('',(-0.509999999999959,-0.419999999999997,
0.0899999999438122));
#12830=DIRECTION('',(0.707106781186546,0.,-0.707106781186549));
#12840=VECTOR('',#12830,1.);
#12850=LINE('',#12820,#12840);
#12860=CARTESIAN_POINT('',(-0.510000000013989,-0.419999999999997,
0.0899999999438122));
#12870=VERTEX_POINT('',#12860);
#12880=EDGE_CURVE('',#12870,#12790,#12850,.T.);
#12890=ORIENTED_EDGE('',*,*,#12880,.T.);
#12900=CARTESIAN_POINT('',(-0.784999999793418,-0.419999999999997,
0.0899999999438122));
#12910=DIRECTION('',(1.,0.,0.));
#12920=VECTOR('',#12910,1.);
#12930=LINE('',#12900,#12920);
#12940=CARTESIAN_POINT('',(-0.784999999793414,-0.419999999999997,
0.0899999999438122));
#12950=VERTEX_POINT('',#12940);
#12960=EDGE_CURVE('',#12950,#12870,#12930,.T.);
#12970=ORIENTED_EDGE('',*,*,#12960,.T.);
#12980=CARTESIAN_POINT('',(-0.784999999793418,-0.419999999999997,
0.31999999995218));
#12990=DIRECTION('',(0.,0.,-1.));
#13000=VECTOR('',#12990,1.);
#13010=LINE('',#12980,#13000);
#13020=CARTESIAN_POINT('',(-0.784999999793416,-0.419999999999997,
0.319999999947941));
#13030=VERTEX_POINT('',#13020);
#13040=EDGE_CURVE('',#13030,#12950,#13010,.T.);
#13050=ORIENTED_EDGE('',*,*,#13040,.T.);
#13060=CARTESIAN_POINT('',(-0.795192023880414,-0.419999999999997,
0.354999999943749));
#13070=CARTESIAN_POINT('',(-0.792921806924816,-0.419999999999997,
0.350771427431424));
#13080=CARTESIAN_POINT('',(-0.78909393923091,-0.419999999999997,
0.342565554305886));
#13090=CARTESIAN_POINT('',(-0.785649023573971,-0.419999999999997,
0.330672213697193));
#13100=CARTESIAN_POINT('',(-0.784999999793418,-0.419999999999997,
0.323462408602436));
#13110=CARTESIAN_POINT('',(-0.784999999793418,-0.419999999999997,
0.31999999995218));
#13120=B_SPLINE_CURVE_WITH_KNOTS('',3,(#13060,#13070,#13080,#13090,
#13100,#13110),.UNSPECIFIED.,.F.,.F.,(4,1,1,4),(0.,0.333333333333333,
0.666666666666667,1.),.UNSPECIFIED.);
#13130=CARTESIAN_POINT('',(-0.795192023881919,-0.419999999999997,
0.354999999955505));
#13140=VERTEX_POINT('',#13130);
#13150=EDGE_CURVE('',#13140,#13030,#13120,.T.);
#13160=ORIENTED_EDGE('',*,*,#13150,.T.);
#13170=CARTESIAN_POINT('',(-0.795192023875521,-0.419999999999997,
0.354999999943749));
#13180=DIRECTION('',(1.,0.,0.));
#13190=VECTOR('',#13180,1.);
#13200=LINE('',#13170,#13190);
#13210=CARTESIAN_POINT('',(-0.700000000000235,-0.419999999999997,
0.355000001287772));
#13220=VERTEX_POINT('',#13210);
#13230=EDGE_CURVE('',#13140,#13220,#13200,.T.);
#13240=ORIENTED_EDGE('',*,*,#13230,.F.);
#13250=CARTESIAN_POINT('',(-0.700000000000235,-0.419999999999997,
0.355000002631796));
#13260=DIRECTION('',(0.,0.,-1.));
#13270=VECTOR('',#13260,1.);
#13280=LINE('',#13250,#13270);
#13290=CARTESIAN_POINT('',(-0.700000000000235,-0.419999999999997,
0.194999999999937));
#13300=VERTEX_POINT('',#13290);
#13310=EDGE_CURVE('',#13220,#13300,#13280,.T.);
#13320=ORIENTED_EDGE('',*,*,#13310,.F.);
#13330=CARTESIAN_POINT('',(-0.670000000000235,-0.419999999999997,
0.194999999999937));
#13340=DIRECTION('',(0.,1.,0.));
#13350=DIRECTION('',(0.,0.,-1.));
#13360=AXIS2_PLACEMENT_3D('',#13330,#13340,#13350);
#13370=CIRCLE('',#13360,0.03);
#13380=CARTESIAN_POINT('',(-0.670000000000235,-0.419999999999997,
0.164999999999937));
#13390=VERTEX_POINT('',#13380);
#13400=EDGE_CURVE('',#13390,#13300,#13370,.T.);
#13410=ORIENTED_EDGE('',*,*,#13400,.T.);
#13420=CARTESIAN_POINT('',(-0.309999999999998,-0.419999999999997,
0.164999999999937));
#13430=DIRECTION('',(-1.,0.,0.));
#13440=VECTOR('',#13430,1.);
#13450=LINE('',#13420,#13440);
#13460=CARTESIAN_POINT('',(-0.309999999999998,-0.419999999999997,
0.164999999999937));
#13470=VERTEX_POINT('',#13460);
#13480=EDGE_CURVE('',#13470,#13390,#13450,.T.);
#13490=ORIENTED_EDGE('',*,*,#13480,.T.);
#13500=CARTESIAN_POINT('',(-0.309999999999998,-0.419999999999997,
0.194999999999937));
#13510=DIRECTION('',(-0.,1.,0.));
#13520=DIRECTION('',(1.,0.,2.40548322002117E-14));
#13530=AXIS2_PLACEMENT_3D('',#13500,#13510,#13520);
#13540=CIRCLE('',#13530,0.03);
#13550=CARTESIAN_POINT('',(-0.279999999999998,-0.419999999999997,
0.194999999999937));
#13560=VERTEX_POINT('',#13550);
#13570=EDGE_CURVE('',#13560,#13470,#13540,.T.);
#13580=ORIENTED_EDGE('',*,*,#13570,.T.);
#13590=CARTESIAN_POINT('',(-0.279999999999998,-0.419999999999997,
0.354999999943749));
#13600=DIRECTION('',(0.,0.,-1.));
#13610=VECTOR('',#13600,1.);
#13620=LINE('',#13590,#13610);
#13630=CARTESIAN_POINT('',(-0.279999999999998,-0.419999999999997,
0.354999999971809));
#13640=VERTEX_POINT('',#13630);
#13650=EDGE_CURVE('',#13640,#13560,#13620,.T.);
#13660=ORIENTED_EDGE('',*,*,#13650,.T.);
#13670=CARTESIAN_POINT('',(-0.279999999999998,-0.419999999999997,
0.354999999943749));
#13680=DIRECTION('',(1.,0.,0.));
#13690=VECTOR('',#13680,1.);
#13700=LINE('',#13670,#13690);
#13710=CARTESIAN_POINT('',(-0.0700000000000511,-0.419999999999997,
0.355000001173334));
#13720=VERTEX_POINT('',#13710);
#13730=EDGE_CURVE('',#13640,#13720,#13700,.T.);
#13740=ORIENTED_EDGE('',*,*,#13730,.F.);
#13750=CARTESIAN_POINT('',(-0.0700000000000511,-0.419999999999997,
0.355000002402918));
#13760=DIRECTION('',(0.,0.,-1.));
#13770=VECTOR('',#13760,1.);
#13780=LINE('',#13750,#13770);
#13790=CARTESIAN_POINT('',(-0.0700000000000511,-0.419999999999997,
0.194999999999942));
#13800=VERTEX_POINT('',#13790);
#13810=EDGE_CURVE('',#13720,#13800,#13780,.T.);
#13820=ORIENTED_EDGE('',*,*,#13810,.F.);
#13830=CARTESIAN_POINT('',(-0.0400000000000511,-0.419999999999997,
0.194999999999942));
#13840=DIRECTION('',(0.,1.,0.));
#13850=DIRECTION('',(-2.31296463463574E-16,0.,-1.));
#13860=AXIS2_PLACEMENT_3D('',#13830,#13840,#13850);
#13870=CIRCLE('',#13860,0.03);
#13880=CARTESIAN_POINT('',(-0.0400000000000511,-0.419999999999997,
0.164999999999942));
#13890=VERTEX_POINT('',#13880);
#13900=EDGE_CURVE('',#13890,#13800,#13870,.T.);
#13910=ORIENTED_EDGE('',*,*,#13900,.T.);
#13920=CARTESIAN_POINT('',(0.0399999999999483,-0.419999999999997,
0.164999999999942));
#13930=DIRECTION('',(-1.,0.,0.));
#13940=VECTOR('',#13930,1.);
#13950=LINE('',#13920,#13940);
#13960=CARTESIAN_POINT('',(0.0399999999999486,-0.419999999999997,
0.164999999999942));
#13970=VERTEX_POINT('',#13960);
#13980=EDGE_CURVE('',#13970,#13890,#13950,.T.);
#13990=ORIENTED_EDGE('',*,*,#13980,.T.);
#14000=CARTESIAN_POINT('',(0.039999999999949,-0.419999999999997,
0.194999999999942));
#14010=DIRECTION('',(0.,1.,0.));
#14020=DIRECTION('',(1.,0.,-4.62592926927149E-14));
#14030=AXIS2_PLACEMENT_3D('',#14000,#14010,#14020);
#14040=CIRCLE('',#14030,0.03);
#14050=CARTESIAN_POINT('',(0.0699999999999489,-0.419999999999997,
0.194999999999941));
#14060=VERTEX_POINT('',#14050);
#14070=EDGE_CURVE('',#14060,#13970,#14040,.T.);
#14080=ORIENTED_EDGE('',*,*,#14070,.T.);
#14090=CARTESIAN_POINT('',(0.0699999999999489,-0.419999999999997,
0.354999999943749));
#14100=DIRECTION('',(0.,0.,-1.));
#14110=VECTOR('',#14100,1.);
#14120=LINE('',#14090,#14110);
#14130=CARTESIAN_POINT('',(0.0699999999999489,-0.419999999999997,
0.354999999971809));
#14140=VERTEX_POINT('',#14130);
#14150=EDGE_CURVE('',#14140,#14060,#14120,.T.);
#14160=ORIENTED_EDGE('',*,*,#14150,.T.);
#14170=CARTESIAN_POINT('',(0.0699999999999489,-0.419999999999997,
0.354999999943749));
#14180=DIRECTION('',(1.,0.,0.));
#14190=VECTOR('',#14180,1.);
#14200=LINE('',#14170,#14190);
#14210=CARTESIAN_POINT('',(0.279999999999938,-0.419999999999997,
0.355000000705914));
#14220=VERTEX_POINT('',#14210);
#14230=EDGE_CURVE('',#14140,#14220,#14200,.T.);
#14240=ORIENTED_EDGE('',*,*,#14230,.F.);
#14250=CARTESIAN_POINT('',(0.279999999999938,-0.419999999999997,
0.35500000146808));
#14260=DIRECTION('',(0.,0.,-1.));
#14270=VECTOR('',#14260,1.);
#14280=LINE('',#14250,#14270);
#14290=CARTESIAN_POINT('',(0.279999999999938,-0.419999999999997,
0.194999999999942));
#14300=VERTEX_POINT('',#14290);
#14310=EDGE_CURVE('',#14220,#14300,#14280,.T.);
#14320=ORIENTED_EDGE('',*,*,#14310,.F.);
#14330=CARTESIAN_POINT('',(0.309999999999938,-0.419999999999997,
0.194999999999942));
#14340=DIRECTION('',(0.,1.,0.));
#14350=DIRECTION('',(0.,0.,-1.));
#14360=AXIS2_PLACEMENT_3D('',#14330,#14340,#14350);
#14370=CIRCLE('',#14360,0.03);
#14380=CARTESIAN_POINT('',(0.309999999999938,-0.419999999999997,
0.164999999999942));
#14390=VERTEX_POINT('',#14380);
#14400=EDGE_CURVE('',#14390,#14300,#14370,.T.);
#14410=ORIENTED_EDGE('',*,*,#14400,.T.);
#14420=CARTESIAN_POINT('',(0.670000000000176,-0.419999999999997,
0.164999999999942));
#14430=DIRECTION('',(-1.,0.,0.));
#14440=VECTOR('',#14430,1.);
#14450=LINE('',#14420,#14440);
#14460=CARTESIAN_POINT('',(0.670000000000176,-0.419999999999997,
0.164999999999942));
#14470=VERTEX_POINT('',#14460);
#14480=EDGE_CURVE('',#14470,#14390,#14450,.T.);
#14490=ORIENTED_EDGE('',*,*,#14480,.T.);
#14500=CARTESIAN_POINT('',(0.670000000000176,-0.419999999999997,
0.194999999999942));
#14510=DIRECTION('',(-0.,1.,0.));
#14520=DIRECTION('',(1.,0.,0.));
#14530=AXIS2_PLACEMENT_3D('',#14500,#14510,#14520);
#14540=CIRCLE('',#14530,0.03);
#14550=CARTESIAN_POINT('',(0.700000000000176,-0.419999999999997,
0.194999999999942));
#14560=VERTEX_POINT('',#14550);
#14570=EDGE_CURVE('',#14560,#14470,#14540,.T.);
#14580=ORIENTED_EDGE('',*,*,#14570,.T.);
#14590=CARTESIAN_POINT('',(0.700000000000176,-0.419999999999997,
0.354999999943749));
#14600=DIRECTION('',(0.,0.,-1.));
#14610=VECTOR('',#14600,1.);
#14620=LINE('',#14590,#14610);
#14630=CARTESIAN_POINT('',(0.700000000000176,-0.419999999999997,
0.354999999957779));
#14640=VERTEX_POINT('',#14630);
#14650=EDGE_CURVE('',#14640,#14560,#14620,.T.);
#14660=ORIENTED_EDGE('',*,*,#14650,.T.);
#14670=CARTESIAN_POINT('',(0.700000000000176,-0.419999999999997,
0.354999999943749));
#14680=DIRECTION('',(1.,0.,0.));
#14690=VECTOR('',#14680,1.);
#14700=LINE('',#14670,#14690);
#14710=EDGE_CURVE('',#14640,#12060,#14700,.T.);
#14720=ORIENTED_EDGE('',*,*,#14710,.F.);
#14730=EDGE_LOOP('',(#14720,#14660,#14580,#14490,#14410,#14320,#14240,
#14160,#14080,#13990,#13910,#13820,#13740,#13660,#13580,#13490,#13410,
#13320,#13240,#13160,#13050,#12970,#12890,#12810,#12730,#12650,#12570,
#12490,#12410,#12330,#12250,#12170,#12160,#12150,#12140,#12080));
#14740=FACE_OUTER_BOUND('',#14730,.T.);
#14750=ADVANCED_FACE('',(#14740),#11950,.T.);
#14760=COLOUR_RGB('',0.368627458810806,0.384313762187958,
0.466666698455811);
#14770=FILL_AREA_STYLE_COLOUR('',#14760);
#14780=FILL_AREA_STYLE('',(#14770));
#14790=SURFACE_STYLE_FILL_AREA(#14780);
#14800=SURFACE_SIDE_STYLE('',(#14790));
#14810=SURFACE_STYLE_USAGE(.BOTH.,#14800);
#14820=PRESENTATION_STYLE_ASSIGNMENT((#14810));
#14830=CARTESIAN_POINT('',(0.274999999999986,-0.364999999999997,
0.354999999971809));
#14840=DIRECTION('',(-1.,0.,0.));
#14850=DIRECTION('',(0.,1.,0.));
#14860=AXIS2_PLACEMENT_3D('',#14830,#14840,#14850);
#14870=CYLINDRICAL_SURFACE('',#14860,0.055);
#14880=CARTESIAN_POINT('',(0.700000000000176,-0.364999999999997,
0.354999999971809));
#14890=DIRECTION('',(-1.,0.,0.));
#14900=DIRECTION('',(0.,-1.,0.));
#14910=AXIS2_PLACEMENT_3D('',#14880,#14890,#14900);
#14920=CIRCLE('',#14910,0.055);
#14930=EDGE_CURVE('',#14640,#1240,#14920,.T.);
#14940=ORIENTED_EDGE('',*,*,#14930,.F.);
#14950=CARTESIAN_POINT('',(0.814999565956539,-0.365000000192879,
0.409999999971809));
#14960=DIRECTION('',(-1.,0.,0.));
#14970=VECTOR('',#14960,1.);
#14980=LINE('',#14950,#14970);
#14990=CARTESIAN_POINT('',(0.815000006600139,-0.36500038771257,
0.409999999971809));
#15000=VERTEX_POINT('',#14990);
#15010=EDGE_CURVE('',#15000,#1240,#14980,.T.);
#15020=ORIENTED_EDGE('',*,*,#15010,.T.);
#15030=CARTESIAN_POINT('',(0.819934360123661,-0.369304302434624,
0.409831313840357));
#15040=CARTESIAN_POINT('',(0.819387281939511,-0.368827270188079,
0.409868761257086));
#15050=CARTESIAN_POINT('',(0.818292155418731,-0.367872234322806,
0.409931207547354));
#15060=CARTESIAN_POINT('',(0.816647070204199,-0.366437119097697,
0.409987472976094));
#15070=CARTESIAN_POINT('',(0.815548678901423,-0.365479467746233,
0.40999999992062));
#15080=CARTESIAN_POINT('',(0.814999565956539,-0.365000000192879,
0.409999999971809));
#15090=B_SPLINE_CURVE_WITH_KNOTS('',3,(#15030,#15040,#15050,#15060,
#15070,#15080),.UNSPECIFIED.,.F.,.F.,(4,1,1,4),(0.,0.333333333333333,
0.666666666666667,1.),.UNSPECIFIED.);
#15100=CARTESIAN_POINT('',(0.819934349392514,-0.369304576350128,
0.409831292337081));
#15110=VERTEX_POINT('',#15100);
#15120=EDGE_CURVE('',#15110,#15000,#15090,.T.);
#15130=ORIENTED_EDGE('',*,*,#15120,.T.);
#15140=CARTESIAN_POINT('',(0.815000003431522,-0.399910129575548,
0.397500386476149));
#15150=CARTESIAN_POINT('',(0.815975731575711,-0.397025331461696,
0.399869980831334));
#15160=CARTESIAN_POINT('',(0.817649422382527,-0.390779210800946,
0.404018566102808));
#15170=CARTESIAN_POINT('',(0.819311634658199,-0.38028672744121,
0.408228994212404));
#15180=CARTESIAN_POINT('',(0.819822252065468,-0.372974143624916,
0.409543228342207));
#15190=CARTESIAN_POINT('',(0.819934360123661,-0.369304302434624,
0.409831313840357));
#15200=B_SPLINE_CURVE_WITH_KNOTS('',3,(#15140,#15150,#15160,#15170,
#15180,#15190),.UNSPECIFIED.,.F.,.F.,(4,1,1,4),(0.,0.333333333333333,
0.666666666666667,1.),.UNSPECIFIED.);
#15210=CARTESIAN_POINT('',(0.815000003487421,-0.399910129586837,
0.397500386466875));
#15220=VERTEX_POINT('',#15210);
#15230=EDGE_CURVE('',#15220,#15110,#15200,.T.);
#15240=ORIENTED_EDGE('',*,*,#15230,.T.);
#15250=CARTESIAN_POINT('',(0.795191708122139,-0.419999999999997,
0.354999999943749));
#15260=CARTESIAN_POINT('',(0.797437174333507,-0.420000000002131,
0.359182448063069));
#15270=CARTESIAN_POINT('',(0.801647367149088,-0.419009911825083,
0.367465699985524));
#15280=CARTESIAN_POINT('',(0.806884397131837,-0.415171883635119,
0.378614263943687));
#15290=CARTESIAN_POINT('',(0.811637046928149,-0.408506136712555,
0.38940885072445));
#15300=CARTESIAN_POINT('',(0.813982270933484,-0.402919116052191,
0.395028782887791));
#15310=CARTESIAN_POINT('',(0.815000003431522,-0.399910129575548,
0.397500386476149));
#15320=B_SPLINE_CURVE_WITH_KNOTS('',3,(#15250,#15260,#15270,#15280,
#15290,#15300,#15310),.UNSPECIFIED.,.F.,.F.,(4,1,1,1,4),(0.,0.25,0.5,
0.75,1.),.UNSPECIFIED.);
#15330=EDGE_CURVE('',#12060,#15220,#15320,.T.);
#15340=ORIENTED_EDGE('',*,*,#15330,.T.);
#15350=ORIENTED_EDGE('',*,*,#14710,.T.);
#15360=EDGE_LOOP('',(#15350,#15340,#15240,#15130,#15020,#14940));
#15370=FACE_OUTER_BOUND('',#15360,.T.);
#15380=ADVANCED_FACE('',(#15370),#14870,.T.);
#15390=COLOUR_RGB('',0.368627458810806,0.384313762187958,
0.466666698455811);
#15400=FILL_AREA_STYLE_COLOUR('',#15390);
#15410=FILL_AREA_STYLE('',(#15400));
#15420=SURFACE_STYLE_FILL_AREA(#15410);
#15430=SURFACE_SIDE_STYLE('',(#15420));
#15440=SURFACE_STYLE_USAGE(.BOTH.,#15430);
#15450=PRESENTATION_STYLE_ASSIGNMENT((#15440));
#15460=CARTESIAN_POINT('',(0.700000000000176,-0.374999999999771,
0.464823001646866));
#15470=DIRECTION('',(-1.,0.,0.));
#15480=DIRECTION('',(0.,0.,-1.));
#15490=AXIS2_PLACEMENT_3D('',#15460,#15470,#15480);
#15500=PLANE('',#15490);
#15510=CARTESIAN_POINT('',(0.700000000000176,-0.419999999999997,
0.194999999999942));
#15520=DIRECTION('',(0.,-1.,0.));
#15530=VECTOR('',#15520,1.);
#15540=LINE('',#15510,#15530);
#15550=CARTESIAN_POINT('',(0.700000000000176,-0.429999999999772,
0.194999999999942));
#15560=VERTEX_POINT('',#15550);
#15570=EDGE_CURVE('',#14560,#15560,#15540,.T.);
#15580=ORIENTED_EDGE('',*,*,#15570,.F.);
#15590=CARTESIAN_POINT('',(0.700000000000176,-0.429999999999772,
0.194999999999942));
#15600=DIRECTION('',(0.,0.,1.));
#15610=VECTOR('',#15600,1.);
#15620=LINE('',#15590,#15610);
#15630=CARTESIAN_POINT('',(0.700000000000176,-0.429999999999771,
0.269999999999942));
#15640=VERTEX_POINT('',#15630);
#15650=EDGE_CURVE('',#15560,#15640,#15620,.T.);
#15660=ORIENTED_EDGE('',*,*,#15650,.F.);
#15670=CARTESIAN_POINT('',(0.700000000000176,-0.454999999999772,
0.294999999999942));
#15680=DIRECTION('',(0.,0.707106781186549,-0.707106781186546));
#15690=VECTOR('',#15680,1.);
#15700=LINE('',#15670,#15690);
#15710=CARTESIAN_POINT('',(0.700000000000176,-0.454999999999772,
0.294999999999942));
#15720=VERTEX_POINT('',#15710);
#15730=EDGE_CURVE('',#15720,#15640,#15700,.T.);
#15740=ORIENTED_EDGE('',*,*,#15730,.T.);
#15750=CARTESIAN_POINT('',(0.700000000000176,-0.454999999999772,
0.319999999999943));
#15760=DIRECTION('',(0.,0.,-1.));
#15770=VECTOR('',#15760,1.);
#15780=LINE('',#15750,#15770);
#15790=EDGE_CURVE('',#1070,#15720,#15780,.T.);
#15800=ORIENTED_EDGE('',*,*,#15790,.T.);
#15810=ORIENTED_EDGE('',*,*,#1320,.T.);
#15820=ORIENTED_EDGE('',*,*,#14930,.T.);
#15830=ORIENTED_EDGE('',*,*,#14650,.F.);
#15840=EDGE_LOOP('',(#15830,#15820,#15810,#15800,#15740,#15660,#15580));
#15850=FACE_OUTER_BOUND('',#15840,.T.);
#15860=ADVANCED_FACE('',(#15850),#15500,.F.);
#15870=COLOUR_RGB('',0.368627458810806,0.384313762187958,
0.466666698455811);
#15880=FILL_AREA_STYLE_COLOUR('',#15870);
#15890=FILL_AREA_STYLE('',(#15880));
#15900=SURFACE_STYLE_FILL_AREA(#15890);
#15910=SURFACE_SIDE_STYLE('',(#15900));
#15920=SURFACE_STYLE_USAGE(.BOTH.,#15910);
#15930=PRESENTATION_STYLE_ASSIGNMENT((#15920));
#15940=CARTESIAN_POINT('',(0.670000000000176,-0.322499999999731,
0.194999999999942));
#15950=DIRECTION('',(0.,1.,0.));
#15960=DIRECTION('',(0.,0.,1.));
#15970=AXIS2_PLACEMENT_3D('',#15940,#15950,#15960);
#15980=CYLINDRICAL_SURFACE('',#15970,0.03);
#15990=CARTESIAN_POINT('',(0.670000000000176,-0.429999999999772,
0.164999999999942));
#16000=DIRECTION('',(0.,1.,0.));
#16010=VECTOR('',#16000,1.);
#16020=LINE('',#15990,#16010);
#16030=CARTESIAN_POINT('',(0.670000000000176,-0.429999999999772,
0.164999999999942));
#16040=VERTEX_POINT('',#16030);
#16050=EDGE_CURVE('',#16040,#14470,#16020,.T.);
#16060=ORIENTED_EDGE('',*,*,#16050,.T.);
#16070=CARTESIAN_POINT('',(0.670000000000176,-0.429999999999772,
0.194999999999942));
#16080=DIRECTION('',(0.,-1.,-0.));
#16090=DIRECTION('',(0.,0.,-1.));
#16100=AXIS2_PLACEMENT_3D('',#16070,#16080,#16090);
#16110=CIRCLE('',#16100,0.03);
#16120=EDGE_CURVE('',#16040,#15560,#16110,.T.);
#16130=ORIENTED_EDGE('',*,*,#16120,.F.);
#16140=ORIENTED_EDGE('',*,*,#15570,.T.);
#16150=ORIENTED_EDGE('',*,*,#14570,.F.);
#16160=EDGE_LOOP('',(#16150,#16140,#16130,#16060));
#16170=FACE_OUTER_BOUND('',#16160,.T.);
#16180=ADVANCED_FACE('',(#16170),#15980,.T.);
#16190=COLOUR_RGB('',0.368627458810806,0.384313762187958,
0.466666698455811);
#16200=FILL_AREA_STYLE_COLOUR('',#16190);
#16210=FILL_AREA_STYLE('',(#16200));
#16220=SURFACE_STYLE_FILL_AREA(#16210);
#16230=SURFACE_SIDE_STYLE('',(#16220));
#16240=SURFACE_STYLE_USAGE(.BOTH.,#16230);
#16250=PRESENTATION_STYLE_ASSIGNMENT((#16240));
#16260=CARTESIAN_POINT('',(0.615000000000191,-0.429999999999772,
0.164999999999942));
#16270=DIRECTION('',(0.,0.,1.));
#16280=DIRECTION('',(0.,1.,0.));
#16290=AXIS2_PLACEMENT_3D('',#16260,#16270,#16280);
#16300=PLANE('',#16290);
#16310=CARTESIAN_POINT('',(0.670000000000176,-0.429999999999772,
0.164999999999942));
#16320=DIRECTION('',(-1.,0.,0.));
#16330=VECTOR('',#16320,1.);
#16340=LINE('',#16310,#16330);
#16350=CARTESIAN_POINT('',(0.309999999999938,-0.429999999999772,
0.164999999999942));
#16360=VERTEX_POINT('',#16350);
#16370=EDGE_CURVE('',#16040,#16360,#16340,.T.);
#16380=ORIENTED_EDGE('',*,*,#16370,.T.);
#16390=ORIENTED_EDGE('',*,*,#16050,.F.);
#16400=ORIENTED_EDGE('',*,*,#14480,.F.);
#16410=CARTESIAN_POINT('',(0.309999999999938,-0.419999999999997,
0.164999999999942));
#16420=DIRECTION('',(0.,-1.,0.));
#16430=VECTOR('',#16420,1.);
#16440=LINE('',#16410,#16430);
#16450=EDGE_CURVE('',#14390,#16360,#16440,.T.);
#16460=ORIENTED_EDGE('',*,*,#16450,.F.);
#16470=EDGE_LOOP('',(#16460,#16400,#16390,#16380));
#16480=FACE_OUTER_BOUND('',#16470,.T.);
#16490=ADVANCED_FACE('',(#16480),#16300,.F.);
#16500=COLOUR_RGB('',0.368627458810806,0.384313762187958,
0.466666698455811);
#16510=FILL_AREA_STYLE_COLOUR('',#16500);
#16520=FILL_AREA_STYLE('',(#16510));
#16530=SURFACE_STYLE_FILL_AREA(#16520);
#16540=SURFACE_SIDE_STYLE('',(#16530));
#16550=SURFACE_STYLE_USAGE(.BOTH.,#16540);
#16560=PRESENTATION_STYLE_ASSIGNMENT((#16550));
#16570=CARTESIAN_POINT('',(0.309999999999938,-0.322499999999731,
0.194999999999942));
#16580=DIRECTION('',(0.,-1.,0.));
#16590=DIRECTION('',(0.,0.,-1.));
#16600=AXIS2_PLACEMENT_3D('',#16570,#16580,#16590);
#16610=CYLINDRICAL_SURFACE('',#16600,0.03);
#16620=ORIENTED_EDGE('',*,*,#14400,.F.);
#16630=CARTESIAN_POINT('',(0.279999999999938,-0.429999999999772,
0.194999999999942));
#16640=DIRECTION('',(0.,1.,0.));
#16650=VECTOR('',#16640,1.);
#16660=LINE('',#16630,#16650);
#16670=CARTESIAN_POINT('',(0.279999999999938,-0.429999999999772,
0.194999999999942));
#16680=VERTEX_POINT('',#16670);
#16690=EDGE_CURVE('',#16680,#14300,#16660,.T.);
#16700=ORIENTED_EDGE('',*,*,#16690,.T.);
#16710=CARTESIAN_POINT('',(0.309999999999938,-0.429999999999772,
0.194999999999942));
#16720=DIRECTION('',(0.,-1.,-0.));
#16730=DIRECTION('',(-1.,0.,-2.40548322002117E-14));
#16740=AXIS2_PLACEMENT_3D('',#16710,#16720,#16730);
#16750=CIRCLE('',#16740,0.03);
#16760=EDGE_CURVE('',#16680,#16360,#16750,.T.);
#16770=ORIENTED_EDGE('',*,*,#16760,.F.);
#16780=ORIENTED_EDGE('',*,*,#16450,.T.);
#16790=EDGE_LOOP('',(#16780,#16770,#16700,#16620));
#16800=FACE_OUTER_BOUND('',#16790,.T.);
#16810=ADVANCED_FACE('',(#16800),#16610,.T.);
#16820=COLOUR_RGB('',0.368627458810806,0.384313762187958,
0.466666698455811);
#16830=FILL_AREA_STYLE_COLOUR('',#16820);
#16840=FILL_AREA_STYLE('',(#16830));
#16850=SURFACE_STYLE_FILL_AREA(#16840);
#16860=SURFACE_SIDE_STYLE('',(#16850));
#16870=SURFACE_STYLE_USAGE(.BOTH.,#16860);
#16880=PRESENTATION_STYLE_ASSIGNMENT((#16870));
#16890=CARTESIAN_POINT('',(0.279999999999938,-0.59464600329362,
0.349999999999943));
#16900=DIRECTION('',(-1.,0.,0.));
#16910=DIRECTION('',(0.,-1.,0.));
#16920=AXIS2_PLACEMENT_3D('',#16890,#16900,#16910);
#16930=PLANE('',#16920);
#16940=CARTESIAN_POINT('',(0.279999999999938,-0.364999999999997,
0.354999999971809));
#16950=DIRECTION('',(1.,0.,-0.));
#16960=DIRECTION('',(0.,1.3641360162676E-7,0.999999999999991));
#16970=AXIS2_PLACEMENT_3D('',#16940,#16950,#16960);
#16980=CIRCLE('',#16970,0.055);
#16990=EDGE_CURVE('',#1160,#14220,#16980,.T.);
#17000=ORIENTED_EDGE('',*,*,#16990,.T.);
#17010=ORIENTED_EDGE('',*,*,#1170,.T.);
#17020=CARTESIAN_POINT('',(0.279999999999938,-0.454999999999772,
0.294999999999942));
#17030=DIRECTION('',(0.,0.,1.));
#17040=VECTOR('',#17030,1.);
#17050=LINE('',#17020,#17040);
#17060=CARTESIAN_POINT('',(0.279999999999938,-0.454999999999771,
0.294999999999942));
#17070=VERTEX_POINT('',#17060);
#17080=EDGE_CURVE('',#17070,#1050,#17050,.T.);
#17090=ORIENTED_EDGE('',*,*,#17080,.T.);
#17100=CARTESIAN_POINT('',(0.279999999999938,-0.429999999999772,
0.269999999999942));
#17110=DIRECTION('',(0.,-0.707106781186548,0.707106781186548));
#17120=VECTOR('',#17110,1.);
#17130=LINE('',#17100,#17120);
#17140=CARTESIAN_POINT('',(0.279999999999938,-0.429999999999772,
0.269999999999942));
#17150=VERTEX_POINT('',#17140);
#17160=EDGE_CURVE('',#17150,#17070,#17130,.T.);
#17170=ORIENTED_EDGE('',*,*,#17160,.T.);
#17180=CARTESIAN_POINT('',(0.279999999999938,-0.429999999999772,
0.194999999999942));
#17190=DIRECTION('',(0.,0.,1.));
#17200=VECTOR('',#17190,1.);
#17210=LINE('',#17180,#17200);
#17220=EDGE_CURVE('',#16680,#17150,#17210,.T.);
#17230=ORIENTED_EDGE('',*,*,#17220,.T.);
#17240=ORIENTED_EDGE('',*,*,#16690,.F.);
#17250=ORIENTED_EDGE('',*,*,#14310,.T.);
#17260=EDGE_LOOP('',(#17250,#17240,#17230,#17170,#17090,#17010,#17000));
#17270=FACE_OUTER_BOUND('',#17260,.T.);
#17280=ADVANCED_FACE('',(#17270),#16930,.T.);
#17290=COLOUR_RGB('',0.368627458810806,0.384313762187958,
0.466666698455811);
#17300=FILL_AREA_STYLE_COLOUR('',#17290);
#17310=FILL_AREA_STYLE('',(#17300));
#17320=SURFACE_STYLE_FILL_AREA(#17310);
#17330=SURFACE_SIDE_STYLE('',(#17320));
#17340=SURFACE_STYLE_USAGE(.BOTH.,#17330);
#17350=PRESENTATION_STYLE_ASSIGNMENT((#17340));
#17360=CARTESIAN_POINT('',(0.274999999999986,-0.364999999999997,
0.354999999971809));
#17370=DIRECTION('',(-1.,0.,0.));
#17380=DIRECTION('',(0.,1.,0.));
#17390=AXIS2_PLACEMENT_3D('',#17360,#17370,#17380);
#17400=CYLINDRICAL_SURFACE('',#17390,0.055);
#17410=ORIENTED_EDGE('',*,*,#14230,.T.);
#17420=CARTESIAN_POINT('',(0.0699999999999489,-0.364999999999997,
0.354999999971809));
#17430=DIRECTION('',(-1.,0.,0.));
#17440=DIRECTION('',(0.,-1.,0.));
#17450=AXIS2_PLACEMENT_3D('',#17420,#17430,#17440);
#17460=CIRCLE('',#17450,0.055);
#17470=CARTESIAN_POINT('',(0.070002083333282,-0.364999999999997,
0.409999999971809));
#17480=VERTEX_POINT('',#17470);
#17490=EDGE_CURVE('',#14140,#17480,#17460,.T.);
#17500=ORIENTED_EDGE('',*,*,#17490,.F.);
#17510=CARTESIAN_POINT('',(0.279999999999938,-0.365000000192879,
0.409999999971809));
#17520=DIRECTION('',(-1.,0.,0.));
#17530=VECTOR('',#17520,1.);
#17540=LINE('',#17510,#17530);
#17550=EDGE_CURVE('',#1160,#17480,#17540,.T.);
#17560=ORIENTED_EDGE('',*,*,#17550,.T.);
#17570=ORIENTED_EDGE('',*,*,#16990,.F.);
#17580=EDGE_LOOP('',(#17570,#17560,#17500,#17410));
#17590=FACE_OUTER_BOUND('',#17580,.T.);
#17600=ADVANCED_FACE('',(#17590),#17400,.T.);
#17610=COLOUR_RGB('',0.368627458810806,0.384313762187958,
0.466666698455811);
#17620=FILL_AREA_STYLE_COLOUR('',#17610);
#17630=FILL_AREA_STYLE('',(#17620));
#17640=SURFACE_STYLE_FILL_AREA(#17630);
#17650=SURFACE_SIDE_STYLE('',(#17640));
#17660=SURFACE_STYLE_USAGE(.BOTH.,#17650);
#17670=PRESENTATION_STYLE_ASSIGNMENT((#17660));
#17680=CARTESIAN_POINT('',(0.0699999999999489,-0.479999999999879,
0.295000000014389));
#17690=DIRECTION('',(-1.,0.,0.));
#17700=DIRECTION('',(0.,0.,1.));
#17710=AXIS2_PLACEMENT_3D('',#17680,#17690,#17700);
#17720=PLANE('',#17710);
#17730=CARTESIAN_POINT('',(0.0699999999999489,-0.42999999999988,
0.194999999999941));
#17740=DIRECTION('',(0.,0.,1.));
#17750=VECTOR('',#17740,1.);
#17760=LINE('',#17730,#17750);
#17770=CARTESIAN_POINT('',(0.0699999999999489,-0.42999999999988,
0.194999999999942));
#17780=VERTEX_POINT('',#17770);
#17790=CARTESIAN_POINT('',(0.0699999999999489,-0.42999999999988,
0.27000000001439));
#17800=VERTEX_POINT('',#17790);
#17810=EDGE_CURVE('',#17780,#17800,#17760,.T.);
#17820=ORIENTED_EDGE('',*,*,#17810,.F.);
#17830=CARTESIAN_POINT('',(0.0699999999999489,-0.45499999999988,
0.29500000001439));
#17840=DIRECTION('',(0.,0.707106781186547,-0.707106781186547));
#17850=VECTOR('',#17840,1.);
#17860=LINE('',#17830,#17850);
#17870=CARTESIAN_POINT('',(0.0699999999999489,-0.45499999999988,
0.295000000014389));
#17880=VERTEX_POINT('',#17870);
#17890=EDGE_CURVE('',#17880,#17800,#17860,.T.);
#17900=ORIENTED_EDGE('',*,*,#17890,.T.);
#17910=CARTESIAN_POINT('',(0.0699999999999489,-0.45499999999988,
0.295000000014389));
#17920=DIRECTION('',(0.,0.,1.));
#17930=VECTOR('',#17920,1.);
#17940=LINE('',#17910,#17930);
#17950=CARTESIAN_POINT('',(0.0699999999999489,-0.455000000010095,
0.320000000030527));
#17960=VERTEX_POINT('',#17950);
#17970=EDGE_CURVE('',#17880,#17960,#17940,.T.);
#17980=ORIENTED_EDGE('',*,*,#17970,.F.);
#17990=CARTESIAN_POINT('',(0.069999999999949,-0.364999999999879,
0.319999999985422));
#18000=DIRECTION('',(1.,0.,0.));
#18010=DIRECTION('',(0.,-7.07320264007592E-8,0.999999999999998));
#18020=AXIS2_PLACEMENT_3D('',#17990,#18000,#18010);
#18030=CIRCLE('',#18020,0.0900000000102159);
#18040=EDGE_CURVE('',#17480,#17960,#18030,.T.);
#18050=ORIENTED_EDGE('',*,*,#18040,.T.);
#18060=ORIENTED_EDGE('',*,*,#17490,.T.);
#18070=ORIENTED_EDGE('',*,*,#14150,.F.);
#18080=CARTESIAN_POINT('',(0.069999999999949,-0.419999999999997,
0.194999999999942));
#18090=DIRECTION('',(0.,-1.,0.));
#18100=VECTOR('',#18090,1.);
#18110=LINE('',#18080,#18100);
#18120=EDGE_CURVE('',#14060,#17780,#18110,.T.);
#18130=ORIENTED_EDGE('',*,*,#18120,.F.);
#18140=EDGE_LOOP('',(#18130,#18070,#18060,#18050,#17980,#17900,#17820));
#18150=FACE_OUTER_BOUND('',#18140,.T.);
#18160=ADVANCED_FACE('',(#18150),#17720,.F.);
#18170=COLOUR_RGB('',0.368627458810806,0.384313762187958,
0.466666698455811);
#18180=FILL_AREA_STYLE_COLOUR('',#18170);
#18190=FILL_AREA_STYLE('',(#18180));
#18200=SURFACE_STYLE_FILL_AREA(#18190);
#18210=SURFACE_SIDE_STYLE('',(#18200));
#18220=SURFACE_STYLE_USAGE(.BOTH.,#18210);
#18230=PRESENTATION_STYLE_ASSIGNMENT((#18220));
#18240=CARTESIAN_POINT('',(0.039999999999949,-0.255000017102417,
0.194999999999942));
#18250=DIRECTION('',(0.,1.,0.));
#18260=DIRECTION('',(0.,0.,-1.));
#18270=AXIS2_PLACEMENT_3D('',#18240,#18250,#18260);
#18280=CYLINDRICAL_SURFACE('',#18270,0.03);
#18290=ORIENTED_EDGE('',*,*,#14070,.F.);
#18300=CARTESIAN_POINT('',(0.039999999999949,-0.42999999999988,
0.164999999999942));
#18310=DIRECTION('',(0.,1.,0.));
#18320=VECTOR('',#18310,1.);
#18330=LINE('',#18300,#18320);
#18340=CARTESIAN_POINT('',(0.039999999999949,-0.42999999999988,
0.164999999999942));
#18350=VERTEX_POINT('',#18340);
#18360=EDGE_CURVE('',#18350,#13970,#18330,.T.);
#18370=ORIENTED_EDGE('',*,*,#18360,.T.);
#18380=CARTESIAN_POINT('',(0.039999999999949,-0.42999999999988,
0.194999999999942));
#18390=DIRECTION('',(0.,-1.,-0.));
#18400=DIRECTION('',(0.,0.,-1.));
#18410=AXIS2_PLACEMENT_3D('',#18380,#18390,#18400);
#18420=CIRCLE('',#18410,0.03);
#18430=EDGE_CURVE('',#18350,#17780,#18420,.T.);
#18440=ORIENTED_EDGE('',*,*,#18430,.F.);
#18450=ORIENTED_EDGE('',*,*,#18120,.T.);
#18460=EDGE_LOOP('',(#18450,#18440,#18370,#18290));
#18470=FACE_OUTER_BOUND('',#18460,.T.);
#18480=ADVANCED_FACE('',(#18470),#18280,.T.);
#18490=COLOUR_RGB('',0.368627458810806,0.384313762187958,
0.466666698455811);
#18500=FILL_AREA_STYLE_COLOUR('',#18490);
#18510=FILL_AREA_STYLE('',(#18500));
#18520=SURFACE_STYLE_FILL_AREA(#18510);
#18530=SURFACE_SIDE_STYLE('',(#18520));
#18540=SURFACE_STYLE_USAGE(.BOTH.,#18530);
#18550=PRESENTATION_STYLE_ASSIGNMENT((#18540));
#18560=CARTESIAN_POINT('',(-5.10702591327572E-14,-0.399999999999879,
0.164999999999942));
#18570=DIRECTION('',(0.,0.,1.));
#18580=DIRECTION('',(0.,1.,0.));
#18590=AXIS2_PLACEMENT_3D('',#18560,#18570,#18580);
#18600=PLANE('',#18590);
#18610=CARTESIAN_POINT('',(0.039999999999949,-0.42999999999988,
0.164999999999942));
#18620=DIRECTION('',(-1.,0.,0.));
#18630=VECTOR('',#18620,1.);
#18640=LINE('',#18610,#18630);
#18650=CARTESIAN_POINT('',(-0.0400000000000511,-0.42999999999988,
0.164999999999942));
#18660=VERTEX_POINT('',#18650);
#18670=EDGE_CURVE('',#18350,#18660,#18640,.T.);
#18680=ORIENTED_EDGE('',*,*,#18670,.T.);
#18690=ORIENTED_EDGE('',*,*,#18360,.F.);
#18700=ORIENTED_EDGE('',*,*,#13980,.F.);
#18710=CARTESIAN_POINT('',(-0.0400000000000511,-0.419999999999997,
0.164999999999942));
#18720=DIRECTION('',(0.,-1.,0.));
#18730=VECTOR('',#18720,1.);
#18740=LINE('',#18710,#18730);
#18750=EDGE_CURVE('',#13890,#18660,#18740,.T.);
#18760=ORIENTED_EDGE('',*,*,#18750,.F.);
#18770=EDGE_LOOP('',(#18760,#18700,#18690,#18680));
#18780=FACE_OUTER_BOUND('',#18770,.T.);
#18790=ADVANCED_FACE('',(#18780),#18600,.F.);
#18800=COLOUR_RGB('',0.368627458810806,0.384313762187958,
0.466666698455811);
#18810=FILL_AREA_STYLE_COLOUR('',#18800);
#18820=FILL_AREA_STYLE('',(#18810));
#18830=SURFACE_STYLE_FILL_AREA(#18820);
#18840=SURFACE_SIDE_STYLE('',(#18830));
#18850=SURFACE_STYLE_USAGE(.BOTH.,#18840);
#18860=PRESENTATION_STYLE_ASSIGNMENT((#18850));
#18870=CARTESIAN_POINT('',(-0.0400000000000511,-0.255000017102417,
0.194999999999942));
#18880=DIRECTION('',(0.,1.,0.));
#18890=DIRECTION('',(0.,0.,-1.));
#18900=AXIS2_PLACEMENT_3D('',#18870,#18880,#18890);
#18910=CYLINDRICAL_SURFACE('',#18900,0.03);
#18920=CARTESIAN_POINT('',(-0.0400000000000511,-0.42999999999988,
0.194999999999942));
#18930=DIRECTION('',(-0.,-1.,-0.));
#18940=DIRECTION('',(-1.,0.,0.));
#18950=AXIS2_PLACEMENT_3D('',#18920,#18930,#18940);
#18960=CIRCLE('',#18950,0.03);
#18970=CARTESIAN_POINT('',(-0.0700000000000511,-0.42999999999988,
0.194999999999942));
#18980=VERTEX_POINT('',#18970);
#18990=EDGE_CURVE('',#18980,#18660,#18960,.T.);
#19000=ORIENTED_EDGE('',*,*,#18990,.F.);
#19010=ORIENTED_EDGE('',*,*,#18750,.T.);
#19020=ORIENTED_EDGE('',*,*,#13900,.F.);
#19030=CARTESIAN_POINT('',(-0.0700000000000511,-0.42999999999988,
0.194999999999942));
#19040=DIRECTION('',(0.,1.,0.));
#19050=VECTOR('',#19040,1.);
#19060=LINE('',#19030,#19050);
#19070=EDGE_CURVE('',#18980,#13800,#19060,.T.);
#19080=ORIENTED_EDGE('',*,*,#19070,.T.);
#19090=EDGE_LOOP('',(#19080,#19020,#19010,#19000));
#19100=FACE_OUTER_BOUND('',#19090,.T.);
#19110=ADVANCED_FACE('',(#19100),#18910,.T.);
#19120=COLOUR_RGB('',0.368627458810806,0.384313762187958,
0.466666698455811);
#19130=FILL_AREA_STYLE_COLOUR('',#19120);
#19140=FILL_AREA_STYLE('',(#19130));
#19150=SURFACE_STYLE_FILL_AREA(#19140);
#19160=SURFACE_SIDE_STYLE('',(#19150));
#19170=SURFACE_STYLE_USAGE(.BOTH.,#19160);
#19180=PRESENTATION_STYLE_ASSIGNMENT((#19170));
#19190=CARTESIAN_POINT('',(-0.0700000000000511,-0.495000000028846,
0.404823001638765));
#19200=DIRECTION('',(-1.,0.,0.));
#19210=DIRECTION('',(0.,0.,1.));
#19220=AXIS2_PLACEMENT_3D('',#19190,#19200,#19210);
#19230=PLANE('',#19220);
#19240=ORIENTED_EDGE('',*,*,#13810,.T.);
#19250=CARTESIAN_POINT('',(-0.0700000000000511,-0.364999999999997,
0.354999999971809));
#19260=DIRECTION('',(1.,0.,-0.));
#19270=DIRECTION('',(0.,3.3369124534262E-7,0.999999999999944));
#19280=AXIS2_PLACEMENT_3D('',#19250,#19260,#19270);
#19290=CIRCLE('',#19280,0.055);
#19300=CARTESIAN_POINT('',(-0.0700000000000511,-0.364999990823428,
0.409999999995637));
#19310=VERTEX_POINT('',#19300);
#19320=EDGE_CURVE('',#19310,#13720,#19290,.T.);
#19330=ORIENTED_EDGE('',*,*,#19320,.T.);
#19340=CARTESIAN_POINT('',(-0.0700000000000511,-0.364999999999879,
0.319999999985422));
#19350=DIRECTION('',(-1.,0.,0.));
#19360=DIRECTION('',(0.,-1.,2.00465570046979E-9));
#19370=AXIS2_PLACEMENT_3D('',#19340,#19350,#19360);
#19380=CIRCLE('',#19370,0.0900000000102159);
#19390=CARTESIAN_POINT('',(-0.0700000000000511,-0.45499999999988,
0.320000000075632));
#19400=VERTEX_POINT('',#19390);
#19410=EDGE_CURVE('',#19400,#19310,#19380,.T.);
#19420=ORIENTED_EDGE('',*,*,#19410,.T.);
#19430=CARTESIAN_POINT('',(-0.0700000000000511,-0.45499999999988,
0.29500000001439));
#19440=DIRECTION('',(0.,0.,1.));
#19450=VECTOR('',#19440,1.);
#19460=LINE('',#19430,#19450);
#19470=CARTESIAN_POINT('',(-0.0700000000000511,-0.45499999999988,
0.29500000001439));
#19480=VERTEX_POINT('',#19470);
#19490=EDGE_CURVE('',#19480,#19400,#19460,.T.);
#19500=ORIENTED_EDGE('',*,*,#19490,.T.);
#19510=CARTESIAN_POINT('',(-0.0700000000000511,-0.42999999999988,
0.27000000001439));
#19520=DIRECTION('',(0.,-0.707106781186547,0.707106781186547));
#19530=VECTOR('',#19520,1.);
#19540=LINE('',#19510,#19530);
#19550=CARTESIAN_POINT('',(-0.0700000000000511,-0.42999999999988,
0.27000000001439));
#19560=VERTEX_POINT('',#19550);
#19570=EDGE_CURVE('',#19560,#19480,#19540,.T.);
#19580=ORIENTED_EDGE('',*,*,#19570,.T.);
#19590=CARTESIAN_POINT('',(-0.0700000000000511,-0.42999999999988,
0.194999999999942));
#19600=DIRECTION('',(0.,0.,1.));
#19610=VECTOR('',#19600,1.);
#19620=LINE('',#19590,#19610);
#19630=EDGE_CURVE('',#18980,#19560,#19620,.T.);
#19640=ORIENTED_EDGE('',*,*,#19630,.T.);
#19650=ORIENTED_EDGE('',*,*,#19070,.F.);
#19660=EDGE_LOOP('',(#19650,#19640,#19580,#19500,#19420,#19330,#19240));
#19670=FACE_OUTER_BOUND('',#19660,.T.);
#19680=ADVANCED_FACE('',(#19670),#19230,.T.);
#19690=COLOUR_RGB('',0.368627458810806,0.384313762187958,
0.466666698455811);
#19700=FILL_AREA_STYLE_COLOUR('',#19690);
#19710=FILL_AREA_STYLE('',(#19700));
#19720=SURFACE_STYLE_FILL_AREA(#19710);
#19730=SURFACE_SIDE_STYLE('',(#19720));
#19740=SURFACE_STYLE_USAGE(.BOTH.,#19730);
#19750=PRESENTATION_STYLE_ASSIGNMENT((#19740));
#19760=CARTESIAN_POINT('',(0.274999999999986,-0.364999999999997,
0.354999999971809));
#19770=DIRECTION('',(-1.,0.,0.));
#19780=DIRECTION('',(0.,1.,0.));
#19790=AXIS2_PLACEMENT_3D('',#19760,#19770,#19780);
#19800=CYLINDRICAL_SURFACE('',#19790,0.055);
#19810=ORIENTED_EDGE('',*,*,#13730,.T.);
#19820=CARTESIAN_POINT('',(-0.279999999999998,-0.364999999999997,
0.354999999971809));
#19830=DIRECTION('',(-1.,0.,0.));
#19840=DIRECTION('',(0.,-1.,0.));
#19850=AXIS2_PLACEMENT_3D('',#19820,#19830,#19840);
#19860=CIRCLE('',#19850,0.055);
#19870=CARTESIAN_POINT('',(-0.279999999999998,-0.364999999999997,
0.409999999971809));
#19880=VERTEX_POINT('',#19870);
#19890=EDGE_CURVE('',#13640,#19880,#19860,.T.);
#19900=ORIENTED_EDGE('',*,*,#19890,.F.);
#19910=CARTESIAN_POINT('',(-0.0700000000000511,-0.365000000192879,
0.409999999971809));
#19920=DIRECTION('',(-1.,0.,0.));
#19930=VECTOR('',#19920,1.);
#19940=LINE('',#19910,#19930);
#19950=EDGE_CURVE('',#19310,#19880,#19940,.T.);
#19960=ORIENTED_EDGE('',*,*,#19950,.T.);
#19970=ORIENTED_EDGE('',*,*,#19320,.F.);
#19980=EDGE_LOOP('',(#19970,#19960,#19900,#19810));
#19990=FACE_OUTER_BOUND('',#19980,.T.);
#20000=ADVANCED_FACE('',(#19990),#19800,.T.);
#20010=COLOUR_RGB('',0.368627458810806,0.384313762187958,
0.466666698455811);
#20020=FILL_AREA_STYLE_COLOUR('',#20010);
#20030=FILL_AREA_STYLE('',(#20020));
#20040=SURFACE_STYLE_FILL_AREA(#20030);
#20050=SURFACE_SIDE_STYLE('',(#20040));
#20060=SURFACE_STYLE_USAGE(.BOTH.,#20050);
#20070=PRESENTATION_STYLE_ASSIGNMENT((#20060));
#20080=CARTESIAN_POINT('',(-0.279999999999998,-0.395000000000078,
0.175176998353012));
#20090=DIRECTION('',(-1.,0.,0.));
#20100=DIRECTION('',(0.,0.,-1.));
#20110=AXIS2_PLACEMENT_3D('',#20080,#20090,#20100);
#20120=PLANE('',#20110);
#20130=CARTESIAN_POINT('',(-0.279999999999998,-0.419999999999997,
0.194999999999937));
#20140=DIRECTION('',(0.,-1.,0.));
#20150=VECTOR('',#20140,1.);
#20160=LINE('',#20130,#20150);
#20170=CARTESIAN_POINT('',(-0.279999999999998,-0.430000000000078,
0.194999999999937));
#20180=VERTEX_POINT('',#20170);
#20190=EDGE_CURVE('',#13560,#20180,#20160,.T.);
#20200=ORIENTED_EDGE('',*,*,#20190,.F.);
#20210=CARTESIAN_POINT('',(-0.279999999999998,-0.430000000000078,
0.194999999999937));
#20220=DIRECTION('',(0.,0.,1.));
#20230=VECTOR('',#20220,1.);
#20240=LINE('',#20210,#20230);
#20250=CARTESIAN_POINT('',(-0.279999999999998,-0.430000000000078,
0.269999999999936));
#20260=VERTEX_POINT('',#20250);
#20270=EDGE_CURVE('',#20180,#20260,#20240,.T.);
#20280=ORIENTED_EDGE('',*,*,#20270,.F.);
#20290=CARTESIAN_POINT('',(-0.279999999999998,-0.455000000000078,
0.294999999999936));
#20300=DIRECTION('',(0.,0.707106781186547,-0.707106781186547));
#20310=VECTOR('',#20300,1.);
#20320=LINE('',#20290,#20310);
#20330=CARTESIAN_POINT('',(-0.279999999999998,-0.455000000000078,
0.294999999999936));
#20340=VERTEX_POINT('',#20330);
#20350=EDGE_CURVE('',#20340,#20260,#20320,.T.);
#20360=ORIENTED_EDGE('',*,*,#20350,.T.);
#20370=CARTESIAN_POINT('',(-0.279999999999998,-0.455000000000078,
0.294999999999936));
#20380=DIRECTION('',(0.,0.,1.));
#20390=VECTOR('',#20380,1.);
#20400=LINE('',#20370,#20390);
#20410=CARTESIAN_POINT('',(-0.279999999999998,-0.455000000000078,
0.319999999999937));
#20420=VERTEX_POINT('',#20410);
#20430=EDGE_CURVE('',#20340,#20420,#20400,.T.);
#20440=ORIENTED_EDGE('',*,*,#20430,.F.);
#20450=CARTESIAN_POINT('',(-0.279999999999998,-0.365000000000078,
0.319999999999937));
#20460=DIRECTION('',(1.,0.,0.));
#20470=DIRECTION('',(0.,-1.61331411193307E-7,0.999999999999987));
#20480=AXIS2_PLACEMENT_3D('',#20450,#20460,#20470);
#20490=CIRCLE('',#20480,0.0900000000000001);
#20500=EDGE_CURVE('',#19880,#20420,#20490,.T.);
#20510=ORIENTED_EDGE('',*,*,#20500,.T.);
#20520=ORIENTED_EDGE('',*,*,#19890,.T.);
#20530=ORIENTED_EDGE('',*,*,#13650,.F.);
#20540=EDGE_LOOP('',(#20530,#20520,#20510,#20440,#20360,#20280,#20200));
#20550=FACE_OUTER_BOUND('',#20540,.T.);
#20560=ADVANCED_FACE('',(#20550),#20120,.F.);
#20570=COLOUR_RGB('',0.368627458810806,0.384313762187958,
0.466666698455811);
#20580=FILL_AREA_STYLE_COLOUR('',#20570);
#20590=FILL_AREA_STYLE('',(#20580));
#20600=SURFACE_STYLE_FILL_AREA(#20590);
#20610=SURFACE_SIDE_STYLE('',(#20600));
#20620=SURFACE_STYLE_USAGE(.BOTH.,#20610);
#20630=PRESENTATION_STYLE_ASSIGNMENT((#20620));
#20640=CARTESIAN_POINT('',(-0.309999999999998,0.342499999999874,
0.194999999999937));
#20650=DIRECTION('',(0.,-1.,0.));
#20660=DIRECTION('',(0.,0.,1.));
#20670=AXIS2_PLACEMENT_3D('',#20640,#20650,#20660);
#20680=CYLINDRICAL_SURFACE('',#20670,0.03);
#20690=CARTESIAN_POINT('',(-0.309999999999998,-0.430000000000078,
0.194999999999937));
#20700=DIRECTION('',(0.,-1.,0.));
#20710=DIRECTION('',(0.,0.,-1.));
#20720=AXIS2_PLACEMENT_3D('',#20690,#20700,#20710);
#20730=CIRCLE('',#20720,0.03);
#20740=CARTESIAN_POINT('',(-0.309999999999998,-0.430000000000078,
0.164999999999937));
#20750=VERTEX_POINT('',#20740);
#20760=EDGE_CURVE('',#20750,#20180,#20730,.T.);
#20770=ORIENTED_EDGE('',*,*,#20760,.F.);
#20780=ORIENTED_EDGE('',*,*,#20190,.T.);
#20790=ORIENTED_EDGE('',*,*,#13570,.F.);
#20800=CARTESIAN_POINT('',(-0.309999999999998,-0.430000000000078,
0.164999999999937));
#20810=DIRECTION('',(0.,1.,0.));
#20820=VECTOR('',#20810,1.);
#20830=LINE('',#20800,#20820);
#20840=EDGE_CURVE('',#20750,#13470,#20830,.T.);
#20850=ORIENTED_EDGE('',*,*,#20840,.T.);
#20860=EDGE_LOOP('',(#20850,#20790,#20780,#20770));
#20870=FACE_OUTER_BOUND('',#20860,.T.);
#20880=ADVANCED_FACE('',(#20870),#20680,.T.);
#20890=COLOUR_RGB('',0.368627458810806,0.384313762187958,
0.466666698455811);
#20900=FILL_AREA_STYLE_COLOUR('',#20890);
#20910=FILL_AREA_STYLE('',(#20900));
#20920=SURFACE_STYLE_FILL_AREA(#20910);
#20930=SURFACE_SIDE_STYLE('',(#20920));
#20940=SURFACE_STYLE_USAGE(.BOTH.,#20930);
#20950=PRESENTATION_STYLE_ASSIGNMENT((#20940));
#20960=CARTESIAN_POINT('',(-0.745000000000246,-0.395000000000079,
0.164999999999937));
#20970=DIRECTION('',(0.,0.,1.));
#20980=DIRECTION('',(0.,-1.,0.));
#20990=AXIS2_PLACEMENT_3D('',#20960,#20970,#20980);
#21000=PLANE('',#20990);
#21010=ORIENTED_EDGE('',*,*,#13480,.F.);
#21020=CARTESIAN_POINT('',(-0.670000000000235,-0.419999999999997,
0.164999999999937));
#21030=DIRECTION('',(0.,-1.,0.));
#21040=VECTOR('',#21030,1.);
#21050=LINE('',#21020,#21040);
#21060=CARTESIAN_POINT('',(-0.670000000000235,-0.430000000000078,
0.164999999999937));
#21070=VERTEX_POINT('',#21060);
#21080=EDGE_CURVE('',#13390,#21070,#21050,.T.);
#21090=ORIENTED_EDGE('',*,*,#21080,.F.);
#21100=CARTESIAN_POINT('',(-0.309999999999998,-0.430000000000078,
0.164999999999937));
#21110=DIRECTION('',(-1.,0.,0.));
#21120=VECTOR('',#21110,1.);
#21130=LINE('',#21100,#21120);
#21140=EDGE_CURVE('',#20750,#21070,#21130,.T.);
#21150=ORIENTED_EDGE('',*,*,#21140,.T.);
#21160=ORIENTED_EDGE('',*,*,#20840,.F.);
#21170=EDGE_LOOP('',(#21160,#21150,#21090,#21010));
#21180=FACE_OUTER_BOUND('',#21170,.T.);
#21190=ADVANCED_FACE('',(#21180),#21000,.F.);
#21200=COLOUR_RGB('',0.368627458810806,0.384313762187958,
0.466666698455811);
#21210=FILL_AREA_STYLE_COLOUR('',#21200);
#21220=FILL_AREA_STYLE('',(#21210));
#21230=SURFACE_STYLE_FILL_AREA(#21220);
#21240=SURFACE_SIDE_STYLE('',(#21230));
#21250=SURFACE_STYLE_USAGE(.BOTH.,#21240);
#21260=PRESENTATION_STYLE_ASSIGNMENT((#21250));
#21270=CARTESIAN_POINT('',(-0.670000000000235,0.342499999999874,
0.194999999999937));
#21280=DIRECTION('',(0.,1.,0.));
#21290=DIRECTION('',(0.,0.,-1.));
#21300=AXIS2_PLACEMENT_3D('',#21270,#21280,#21290);
#21310=CYLINDRICAL_SURFACE('',#21300,0.03);
#21320=CARTESIAN_POINT('',(-0.700000000000235,-0.430000000000078,
0.194999999999937));
#21330=DIRECTION('',(0.,1.,0.));
#21340=VECTOR('',#21330,1.);
#21350=LINE('',#21320,#21340);
#21360=CARTESIAN_POINT('',(-0.700000000000235,-0.430000000000078,
0.194999999999937));
#21370=VERTEX_POINT('',#21360);
#21380=EDGE_CURVE('',#21370,#13300,#21350,.T.);
#21390=ORIENTED_EDGE('',*,*,#21380,.T.);
#21400=CARTESIAN_POINT('',(-0.670000000000235,-0.430000000000078,
0.194999999999937));
#21410=DIRECTION('',(-0.,-1.,-0.));
#21420=DIRECTION('',(-1.,0.,0.));
#21430=AXIS2_PLACEMENT_3D('',#21400,#21410,#21420);
#21440=CIRCLE('',#21430,0.03);
#21450=EDGE_CURVE('',#21370,#21070,#21440,.T.);
#21460=ORIENTED_EDGE('',*,*,#21450,.F.);
#21470=ORIENTED_EDGE('',*,*,#21080,.T.);
#21480=ORIENTED_EDGE('',*,*,#13400,.F.);
#21490=EDGE_LOOP('',(#21480,#21470,#21460,#21390));
#21500=FACE_OUTER_BOUND('',#21490,.T.);
#21510=ADVANCED_FACE('',(#21500),#21310,.T.);
#21520=COLOUR_RGB('',0.368627458810806,0.384313762187958,
0.466666698455811);
#21530=FILL_AREA_STYLE_COLOUR('',#21520);
#21540=FILL_AREA_STYLE('',(#21530));
#21550=SURFACE_STYLE_FILL_AREA(#21540);
#21560=SURFACE_SIDE_STYLE('',(#21550));
#21570=SURFACE_STYLE_USAGE(.BOTH.,#21560);
#21580=PRESENTATION_STYLE_ASSIGNMENT((#21570));
#21590=CARTESIAN_POINT('',(-0.700000000000235,0.17767699835295,
0.175176998353013));
#21600=DIRECTION('',(-1.,0.,0.));
#21610=DIRECTION('',(0.,-1.,0.));
#21620=AXIS2_PLACEMENT_3D('',#21590,#21600,#21610);
#21630=PLANE('',#21620);
#21640=CARTESIAN_POINT('',(-0.700000000000235,-0.364999999999997,
0.354999999971809));
#21650=DIRECTION('',(1.,0.,-0.));
#21660=DIRECTION('',(0.,2.21348948261444E-7,0.999999999999976));
#21670=AXIS2_PLACEMENT_3D('',#21640,#21650,#21660);
#21680=CIRCLE('',#21670,0.055);
#21690=CARTESIAN_POINT('',(-0.700000000000235,-0.365000000000078,
0.409999999999937));
#21700=VERTEX_POINT('',#21690);
#21710=EDGE_CURVE('',#21700,#13220,#21680,.T.);
#21720=ORIENTED_EDGE('',*,*,#21710,.T.);
#21730=CARTESIAN_POINT('',(-0.700000000000235,-0.365000000000078,
0.319999999999937));
#21740=DIRECTION('',(-1.,0.,0.));
#21750=DIRECTION('',(0.,-1.,4.19417587080614E-14));
#21760=AXIS2_PLACEMENT_3D('',#21730,#21740,#21750);
#21770=CIRCLE('',#21760,0.0900000000000001);
#21780=CARTESIAN_POINT('',(-0.700000000000235,-0.455000000000078,
0.319999999999939));
#21790=VERTEX_POINT('',#21780);
#21800=EDGE_CURVE('',#21790,#21700,#21770,.T.);
#21810=ORIENTED_EDGE('',*,*,#21800,.T.);
#21820=CARTESIAN_POINT('',(-0.700000000000235,-0.455000000000078,
0.294999999999935));
#21830=DIRECTION('',(0.,0.,1.));
#21840=VECTOR('',#21830,1.);
#21850=LINE('',#21820,#21840);
#21860=CARTESIAN_POINT('',(-0.700000000000235,-0.455000000000078,
0.294999999999936));
#21870=VERTEX_POINT('',#21860);
#21880=EDGE_CURVE('',#21870,#21790,#21850,.T.);
#21890=ORIENTED_EDGE('',*,*,#21880,.T.);
#21900=CARTESIAN_POINT('',(-0.700000000000235,-0.430000000000078,
0.269999999999935));
#21910=DIRECTION('',(0.,-0.707106781186547,0.707106781186548));
#21920=VECTOR('',#21910,1.);
#21930=LINE('',#21900,#21920);
#21940=CARTESIAN_POINT('',(-0.700000000000235,-0.430000000000078,
0.269999999999936));
#21950=VERTEX_POINT('',#21940);
#21960=EDGE_CURVE('',#21950,#21870,#21930,.T.);
#21970=ORIENTED_EDGE('',*,*,#21960,.T.);
#21980=CARTESIAN_POINT('',(-0.700000000000235,-0.430000000000078,
0.194999999999937));
#21990=DIRECTION('',(0.,0.,1.));
#22000=VECTOR('',#21990,1.);
#22010=LINE('',#21980,#22000);
#22020=EDGE_CURVE('',#21370,#21950,#22010,.T.);
#22030=ORIENTED_EDGE('',*,*,#22020,.T.);
#22040=ORIENTED_EDGE('',*,*,#21380,.F.);
#22050=ORIENTED_EDGE('',*,*,#13310,.T.);
#22060=EDGE_LOOP('',(#22050,#22040,#22030,#21970,#21890,#21810,#21720));
#22070=FACE_OUTER_BOUND('',#22060,.T.);
#22080=ADVANCED_FACE('',(#22070),#21630,.T.);
#22090=COLOUR_RGB('',0.368627458810806,0.384313762187958,
0.466666698455811);
#22100=FILL_AREA_STYLE_COLOUR('',#22090);
#22110=FILL_AREA_STYLE('',(#22100));
#22120=SURFACE_STYLE_FILL_AREA(#22110);
#22130=SURFACE_SIDE_STYLE('',(#22120));
#22140=SURFACE_STYLE_USAGE(.BOTH.,#22130);
#22150=PRESENTATION_STYLE_ASSIGNMENT((#22140));
#22160=CARTESIAN_POINT('',(0.274999999999986,-0.364999999999997,
0.354999999971809));
#22170=DIRECTION('',(-1.,0.,0.));
#22180=DIRECTION('',(0.,1.,0.));
#22190=AXIS2_PLACEMENT_3D('',#22160,#22170,#22180);
#22200=CYLINDRICAL_SURFACE('',#22190,0.055);
#22210=ORIENTED_EDGE('',*,*,#13230,.T.);
#22220=CARTESIAN_POINT('',(-0.795192023875521,-0.419999999999997,
0.354999999943749));
#22230=CARTESIAN_POINT('',(-0.797409665954073,-0.420000000002104,
0.359130644948801));
#22240=CARTESIAN_POINT('',(-0.801580729764585,-0.419025232324336,
0.367333112690701));
#22250=CARTESIAN_POINT('',(-0.806753228042239,-0.41530712723277,
0.378324625512174));
#22260=CARTESIAN_POINT('',(-0.811594115482739,-0.408606705383779,
0.389305633294396));
#22270=CARTESIAN_POINT('',(-0.813967401453175,-0.402963510296121,
0.394992261372187));
#22280=CARTESIAN_POINT('',(-0.815000002075076,-0.399910593026463,
0.397500005789931));
#22290=B_SPLINE_CURVE_WITH_KNOTS('',3,(#22220,#22230,#22240,#22250,
#22260,#22270,#22280),.UNSPECIFIED.,.F.,.F.,(4,1,1,1,4),(0.,0.25,0.5,
0.75,1.),.UNSPECIFIED.);
#22300=CARTESIAN_POINT('',(-0.815000002312153,-0.399910593074344,
0.397500005750601));
#22310=VERTEX_POINT('',#22300);
#22320=EDGE_CURVE('',#13140,#22310,#22290,.T.);
#22330=ORIENTED_EDGE('',*,*,#22320,.F.);
#22340=CARTESIAN_POINT('',(-0.819934350221173,-0.369304841452664,
0.40983127152434));
#22350=CARTESIAN_POINT('',(-0.819822320352506,-0.372971496916577,
0.409543399841142));
#22360=CARTESIAN_POINT('',(-0.819310534332723,-0.38028054191919,
0.408231776574679));
#22370=CARTESIAN_POINT('',(-0.817649134424816,-0.390793517983828,
0.404011825041984));
#22380=CARTESIAN_POINT('',(-0.815974107370563,-0.397030619088834,
0.399865690126392));
#22390=CARTESIAN_POINT('',(-0.815000002075076,-0.399910593026463,
0.397500005789931));
#22400=B_SPLINE_CURVE_WITH_KNOTS('',3,(#22340,#22350,#22360,#22370,
#22380,#22390),.UNSPECIFIED.,.F.,.F.,(4,1,1,4),(0.,0.333333333333333,
0.666666666666667,1.),.UNSPECIFIED.);
#22410=EDGE_CURVE('',#2710,#22310,#22400,.T.);
#22420=ORIENTED_EDGE('',*,*,#22410,.T.);
#22430=ORIENTED_EDGE('',*,*,#2720,.T.);
#22440=CARTESIAN_POINT('',(-0.700000000000235,-0.365000000192879,
0.409999999971809));
#22450=DIRECTION('',(-1.,0.,0.));
#22460=VECTOR('',#22450,1.);
#22470=LINE('',#22440,#22460);
#22480=EDGE_CURVE('',#21700,#2600,#22470,.T.);
#22490=ORIENTED_EDGE('',*,*,#22480,.T.);
#22500=ORIENTED_EDGE('',*,*,#21710,.F.);
#22510=EDGE_LOOP('',(#22500,#22490,#22430,#22420,#22330,#22210));
#22520=FACE_OUTER_BOUND('',#22510,.T.);
#22530=ADVANCED_FACE('',(#22520),#22200,.T.);
#22540=COLOUR_RGB('',0.368627458810806,0.384313762187958,
0.466666698455811);
#22550=FILL_AREA_STYLE_COLOUR('',#22540);
#22560=FILL_AREA_STYLE('',(#22550));
#22570=SURFACE_STYLE_FILL_AREA(#22560);
#22580=SURFACE_SIDE_STYLE('',(#22570));
#22590=SURFACE_STYLE_USAGE(.BOTH.,#22580);
#22600=PRESENTATION_STYLE_ASSIGNMENT((#22590));
#22610=CARTESIAN_POINT('',(-1.7299999999862,-0.365000000192784,
0.319999999943702));
#22620=DIRECTION('',(-1.,0.,0.));
#22630=DIRECTION('',(0.,1.,0.));
#22640=AXIS2_PLACEMENT_3D('',#22610,#22620,#22630);
#22650=CONICAL_SURFACE('',#22640,1.,0.78539816339745);
#22660=ORIENTED_EDGE('',*,*,#2830,.F.);
#22670=ORIENTED_EDGE('',*,*,#22410,.F.);
#22680=ORIENTED_EDGE('',*,*,#22320,.T.);
#22690=ORIENTED_EDGE('',*,*,#13150,.F.);
#22700=CARTESIAN_POINT('',(-0.819999999986202,-0.455000000192783,
0.319999999943702));
#22710=DIRECTION('',(0.707106781186546,0.707106781186549,0.));
#22720=VECTOR('',#22710,1.);
#22730=LINE('',#22700,#22720);
#22740=CARTESIAN_POINT('',(-0.819999999986203,-0.455000000192784,
0.319999999943702));
#22750=VERTEX_POINT('',#22740);
#22760=EDGE_CURVE('',#22750,#13030,#22730,.T.);
#22770=ORIENTED_EDGE('',*,*,#22760,.T.);
#22780=CARTESIAN_POINT('',(-0.819999999986202,-0.365000000192784,
0.319999999943702));
#22790=DIRECTION('',(1.,0.,0.));
#22800=DIRECTION('',(0.,-0.130527259060195,0.991444720921057));
#22810=AXIS2_PLACEMENT_3D('',#22780,#22790,#22800);
#22820=CIRCLE('',#22810,0.089999999999999);
#22830=EDGE_CURVE('',#2820,#22750,#22820,.T.);
#22840=ORIENTED_EDGE('',*,*,#22830,.T.);
#22850=EDGE_LOOP('',(#22840,#22770,#22690,#22680,#22670,#22660));
#22860=FACE_OUTER_BOUND('',#22850,.T.);
#22870=ADVANCED_FACE('',(#22860),#22650,.T.);
#22880=COLOUR_RGB('',0.368627458810806,0.384313762187958,
0.466666698455811);
#22890=FILL_AREA_STYLE_COLOUR('',#22880);
#22900=FILL_AREA_STYLE('',(#22890));
#22910=SURFACE_STYLE_FILL_AREA(#22900);
#22920=SURFACE_SIDE_STYLE('',(#22910));
#22930=SURFACE_STYLE_USAGE(.BOTH.,#22920);
#22940=PRESENTATION_STYLE_ASSIGNMENT((#22930));
#22950=CARTESIAN_POINT('',(0.27500000001404,-0.365000000192784,
0.319999999943702));
#22960=DIRECTION('',(1.,0.,0.));
#22970=DIRECTION('',(0.,-1.,0.));
#22980=AXIS2_PLACEMENT_3D('',#22950,#22960,#22970);
#22990=CYLINDRICAL_SURFACE('',#22980,0.09);
#23000=CARTESIAN_POINT('',(-0.875000001705919,-0.455000000192784,
0.319999999943702));
#23010=DIRECTION('',(1.,0.,0.));
#23020=VECTOR('',#23010,1.);
#23030=LINE('',#23000,#23020);
#23040=CARTESIAN_POINT('',(-0.875000001705957,-0.455000000192784,
0.319999999880729));
#23050=VERTEX_POINT('',#23040);
#23060=EDGE_CURVE('',#23050,#22750,#23030,.T.);
#23070=ORIENTED_EDGE('',*,*,#23060,.T.);
#23080=CARTESIAN_POINT('',(-0.845000003451446,-0.428639609596556,
0.383639608142047));
#23090=CARTESIAN_POINT('',(-0.846250003381234,-0.430722193891646,
0.381557023803775));
#23100=CARTESIAN_POINT('',(-0.848750003239429,-0.434682736401086,
0.377187236259156));
#23110=CARTESIAN_POINT('',(-0.8525000030228,-0.439952505695313,
0.3700817744503));
#23120=CARTESIAN_POINT('',(-0.856250002802468,-0.444500491065107,
0.362493945658377));
#23130=CARTESIAN_POINT('',(-0.860000002578653,-0.448282880578818,
0.354496833358396));
#23140=CARTESIAN_POINT('',(-0.863750002351573,-0.4512632070722,
0.346167495684492));
#23150=CARTESIAN_POINT('',(-0.867500002121446,-0.453412717195371,
0.337586208019155));
#23160=CARTESIAN_POINT('',(-0.871250001906286,-0.454710683301373,
0.328835648377172));
#23170=CARTESIAN_POINT('',(-0.873750001767042,-0.455000000231617,
0.322945242950499));
#23180=CARTESIAN_POINT('',(-0.875000001705919,-0.455000000192784,
0.319999999817935));
#23190=B_SPLINE_CURVE_WITH_KNOTS('',3,(#23080,#23090,#23100,#23110,
#23120,#23130,#23140,#23150,#23160,#23170,#23180),.UNSPECIFIED.,.F.,.F.,
(4,1,1,1,1,1,1,1,4),(-2.99193889759854E-15,0.125,0.25,0.375,0.5,0.625,
0.75,0.875,1.00000000177924),.UNSPECIFIED.);
#23200=EDGE_CURVE('',#2290,#23050,#23190,.T.);
#23210=ORIENTED_EDGE('',*,*,#23200,.T.);
#23220=ORIENTED_EDGE('',*,*,#2930,.T.);
#23230=ORIENTED_EDGE('',*,*,#22830,.F.);
#23240=EDGE_LOOP('',(#23230,#23220,#23210,#23070));
#23250=FACE_OUTER_BOUND('',#23240,.T.);
#23260=ADVANCED_FACE('',(#23250),#22990,.T.);
#23270=COLOUR_RGB('',0.368627458810806,0.384313762187958,
0.466666698455811);
#23280=FILL_AREA_STYLE_COLOUR('',#23270);
#23290=FILL_AREA_STYLE('',(#23280));
#23300=SURFACE_STYLE_FILL_AREA(#23290);
#23310=SURFACE_SIDE_STYLE('',(#23300));
#23320=SURFACE_STYLE_USAGE(.BOTH.,#23310);
#23330=PRESENTATION_STYLE_ASSIGNMENT((#23320));
#23340=CARTESIAN_POINT('',(-0.677499999986116,-0.455000000192784,
0.0874999999577973));
#23350=DIRECTION('',(0.,-1.,0.));
#23360=DIRECTION('',(1.,0.,0.));
#23370=AXIS2_PLACEMENT_3D('',#23340,#23350,#23360);
#23380=PLANE('',#23370);
#23390=CARTESIAN_POINT('',(-0.819999999986201,-0.455000000192784,
0.319999999943702));
#23400=DIRECTION('',(0.,0.,-1.));
#23410=VECTOR('',#23400,1.);
#23420=LINE('',#23390,#23410);
#23430=CARTESIAN_POINT('',(-0.819999999986201,-0.455000000192784,
0.0899999999438122));
#23440=VERTEX_POINT('',#23430);
#23450=EDGE_CURVE('',#22750,#23440,#23420,.T.);
#23460=ORIENTED_EDGE('',*,*,#23450,.F.);
#23470=CARTESIAN_POINT('',(-0.874999999986234,-0.455000000192784,
0.0899999999438122));
#23480=DIRECTION('',(1.,0.,0.));
#23490=VECTOR('',#23480,1.);
#23500=LINE('',#23470,#23490);
#23510=CARTESIAN_POINT('',(-0.874999999986234,-0.455000000192784,
0.0899999999437884));
#23520=VERTEX_POINT('',#23510);
#23530=EDGE_CURVE('',#23520,#23440,#23500,.T.);
#23540=ORIENTED_EDGE('',*,*,#23530,.T.);
#23550=CARTESIAN_POINT('',(-0.874999999986234,-0.455000000192784,
0.0899999999437645));
#23560=DIRECTION('',(0.,0.,1.));
#23570=VECTOR('',#23560,1.);
#23580=LINE('',#23550,#23570);
#23590=EDGE_CURVE('',#23520,#23050,#23580,.T.);
#23600=ORIENTED_EDGE('',*,*,#23590,.F.);
#23610=ORIENTED_EDGE('',*,*,#23060,.F.);
#23620=EDGE_LOOP('',(#23610,#23600,#23540,#23460));
#23630=FACE_OUTER_BOUND('',#23620,.T.);
#23640=ADVANCED_FACE('',(#23630),#23380,.T.);
#23650=COLOUR_RGB('',0.368627458810806,0.384313762187958,
0.466666698455811);
#23660=FILL_AREA_STYLE_COLOUR('',#23650);
#23670=FILL_AREA_STYLE('',(#23660));
#23680=SURFACE_STYLE_FILL_AREA(#23670);
#23690=SURFACE_SIDE_STYLE('',(#23680));
#23700=SURFACE_STYLE_USAGE(.BOTH.,#23690);
#23710=PRESENTATION_STYLE_ASSIGNMENT((#23700));
#23720=CARTESIAN_POINT('',(-0.802499999986201,-0.437500000192784,
0.204999999943733));
#23730=DIRECTION('',(0.707106781186549,-0.707106781186546,0.));
#23740=DIRECTION('',(-0.707106781186546,-0.707106781186549,0.));
#23750=AXIS2_PLACEMENT_3D('',#23720,#23730,#23740);
#23760=PLANE('',#23750);
#23770=CARTESIAN_POINT('',(-0.784999999793417,-0.42,0.0899999999438122))
;
#23780=DIRECTION('',(-0.707106781186547,-0.707106781186548,0.));
#23790=VECTOR('',#23780,1.);
#23800=LINE('',#23770,#23790);
#23810=EDGE_CURVE('',#12950,#23440,#23800,.T.);
#23820=ORIENTED_EDGE('',*,*,#23810,.F.);
#23830=ORIENTED_EDGE('',*,*,#23450,.T.);
#23840=ORIENTED_EDGE('',*,*,#22760,.F.);
#23850=ORIENTED_EDGE('',*,*,#13040,.F.);
#23860=EDGE_LOOP('',(#23850,#23840,#23830,#23820));
#23870=FACE_OUTER_BOUND('',#23860,.T.);
#23880=ADVANCED_FACE('',(#23870),#23760,.T.);
#23890=COLOUR_RGB('',0.368627458810806,0.384313762187958,
0.466666698455811);
#23900=FILL_AREA_STYLE_COLOUR('',#23890);
#23910=FILL_AREA_STYLE('',(#23900));
#23920=SURFACE_STYLE_FILL_AREA(#23910);
#23930=SURFACE_SIDE_STYLE('',(#23920));
#23940=SURFACE_STYLE_USAGE(.BOTH.,#23930);
#23950=PRESENTATION_STYLE_ASSIGNMENT((#23940));
#23960=CARTESIAN_POINT('',(-0.575000000000077,-7.061018436616E-13,
0.0899999999438122));
#23970=DIRECTION('',(0.,0.,1.));
#23980=DIRECTION('',(-4.9960036108132E-16,1.,0.));
#23990=AXIS2_PLACEMENT_3D('',#23960,#23970,#23980);
#24000=PLANE('',#23990);
#24010=CARTESIAN_POINT('',(-0.874999999986234,-0.425000000192784,
0.0899999999437645));
#24020=DIRECTION('',(0.,-0.,-1.));
#24030=DIRECTION('',(4.81096644004235E-14,-1.,0.));
#24040=AXIS2_PLACEMENT_3D('',#24010,#24020,#24030);
#24050=CIRCLE('',#24040,0.03);
#24060=CARTESIAN_POINT('',(-0.904999999971452,-0.425000000192775,
0.0899999999438122));
#24070=VERTEX_POINT('',#24060);
#24080=EDGE_CURVE('',#23520,#24070,#24050,.T.);
#24090=ORIENTED_EDGE('',*,*,#24080,.T.);
#24100=ORIENTED_EDGE('',*,*,#23530,.F.);
#24110=ORIENTED_EDGE('',*,*,#23810,.T.);
#24120=ORIENTED_EDGE('',*,*,#12960,.F.);
#24130=CARTESIAN_POINT('',(-0.510000000028018,-0.380000000000005,
0.0899999999438122));
#24140=DIRECTION('',(0.,-1.,0.));
#24150=VECTOR('',#24140,1.);
#24160=LINE('',#24130,#24150);
#24170=CARTESIAN_POINT('',(-0.510000000013989,-0.380000000000005,
0.0899999999438122));
#24180=VERTEX_POINT('',#24170);
#24190=EDGE_CURVE('',#24180,#12870,#24160,.T.);
#24200=ORIENTED_EDGE('',*,*,#24190,.T.);
#24210=CARTESIAN_POINT('',(-0.874999999971138,-0.380000000000005,
0.0899999999438122));
#24220=DIRECTION('',(1.,6.08341383451051E-16,0.));
#24230=VECTOR('',#24220,1.);
#24240=LINE('',#24210,#24230);
#24250=CARTESIAN_POINT('',(-0.874999999971138,-0.380000000000005,
0.0899999999438122));
#24260=VERTEX_POINT('',#24250);
#24270=EDGE_CURVE('',#24260,#24180,#24240,.T.);
#24280=ORIENTED_EDGE('',*,*,#24270,.T.);
#24290=CARTESIAN_POINT('',(-0.874999999971138,-0.284999620839826,
0.0899999999438122));
#24300=DIRECTION('',(0.,-1.,0.));
#24310=VECTOR('',#24300,1.);
#24320=LINE('',#24290,#24310);
#24330=CARTESIAN_POINT('',(-0.874999999971138,-0.284999620839824,
0.0899999999438122));
#24340=VERTEX_POINT('',#24330);
#24350=EDGE_CURVE('',#24340,#24260,#24320,.T.);
#24360=ORIENTED_EDGE('',*,*,#24350,.T.);
#24370=CARTESIAN_POINT('',(-0.904999999986237,-0.314999620854925,
0.0899999999438122));
#24380=DIRECTION('',(0.707106781186549,0.707106781186546,0.));
#24390=VECTOR('',#24380,1.);
#24400=LINE('',#24370,#24390);
#24410=CARTESIAN_POINT('',(-0.904999999971452,-0.314999620840141,
0.0899999999438122));
#24420=VERTEX_POINT('',#24410);
#24430=EDGE_CURVE('',#24420,#24340,#24400,.T.);
#24440=ORIENTED_EDGE('',*,*,#24430,.T.);
#24450=CARTESIAN_POINT('',(-0.904999999971452,-0.314999620854923,
0.0899999999438122));
#24460=DIRECTION('',(0.,-1.,0.));
#24470=VECTOR('',#24460,1.);
#24480=LINE('',#24450,#24470);
#24490=EDGE_CURVE('',#24420,#24070,#24480,.T.);
#24500=ORIENTED_EDGE('',*,*,#24490,.F.);
#24510=EDGE_LOOP('',(#24500,#24440,#24360,#24280,#24200,#24120,#24110,
#24100,#24090));
#24520=FACE_OUTER_BOUND('',#24510,.T.);
#24530=ADVANCED_FACE('',(#24520),#24000,.F.);
#24540=COLOUR_RGB('',0.368627458810806,0.384313762187958,
0.466666698455811);
#24550=FILL_AREA_STYLE_COLOUR('',#24540);
#24560=FILL_AREA_STYLE('',(#24550));
#24570=SURFACE_STYLE_FILL_AREA(#24560);
#24580=SURFACE_SIDE_STYLE('',(#24570));
#24590=SURFACE_STYLE_USAGE(.BOTH.,#24580);
#24600=PRESENTATION_STYLE_ASSIGNMENT((#24590));
#24610=CARTESIAN_POINT('',(-0.904999999971452,-0.18500000000063,
0.00999999994381184));
#24620=DIRECTION('',(-1.,0.,0.));
#24630=DIRECTION('',(0.,0.,-1.));
#24640=AXIS2_PLACEMENT_3D('',#24610,#24620,#24630);
#24650=PLANE('',#24640);
#24660=CARTESIAN_POINT('',(-0.904999999986234,-0.425000000192784,
0.319999999943702));
#24670=DIRECTION('',(0.,0.,-1.));
#24680=VECTOR('',#24670,1.);
#24690=LINE('',#24660,#24680);
#24700=CARTESIAN_POINT('',(-0.904999999986234,-0.425000001049573,
0.319999999972832));
#24710=VERTEX_POINT('',#24700);
#24720=EDGE_CURVE('',#24710,#24070,#24690,.T.);
#24730=ORIENTED_EDGE('',*,*,#24720,.F.);
#24740=ORIENTED_EDGE('',*,*,#24490,.T.);
#24750=CARTESIAN_POINT('',(-0.904999999971452,-0.314999620854923,
0.319999999943702));
#24760=DIRECTION('',(0.,0.,-1.));
#24770=VECTOR('',#24760,1.);
#24780=LINE('',#24750,#24770);
#24790=CARTESIAN_POINT('',(-0.904999999971452,-0.314999620840143,
0.319999999943726));
#24800=VERTEX_POINT('',#24790);
#24810=EDGE_CURVE('',#24800,#24420,#24780,.T.);
#24820=ORIENTED_EDGE('',*,*,#24810,.T.);
#24830=CARTESIAN_POINT('',(-0.904999999971452,-0.314999620840142,
0.319999999943702));
#24840=DIRECTION('',(0.,-1.,0.));
#24850=VECTOR('',#24840,1.);
#24860=LINE('',#24830,#24850);
#24870=EDGE_CURVE('',#24800,#24710,#24860,.T.);
#24880=ORIENTED_EDGE('',*,*,#24870,.F.);
#24890=EDGE_LOOP('',(#24880,#24820,#24740,#24730));
#24900=FACE_OUTER_BOUND('',#24890,.T.);
#24910=ADVANCED_FACE('',(#24900),#24650,.T.);
#24920=COLOUR_RGB('',0.368627458810806,0.384313762187958,
0.466666698455811);
#24930=FILL_AREA_STYLE_COLOUR('',#24920);
#24940=FILL_AREA_STYLE('',(#24930));
#24950=SURFACE_STYLE_FILL_AREA(#24940);
#24960=SURFACE_SIDE_STYLE('',(#24950));
#24970=SURFACE_STYLE_USAGE(.BOTH.,#24960);
#24980=PRESENTATION_STYLE_ASSIGNMENT((#24970));
#24990=CARTESIAN_POINT('',(-0.814999999971452,-0.205000000000005,
0.319999999943749));
#25000=DIRECTION('',(0.,-1.,0.));
#25010=DIRECTION('',(0.,0.,-1.));
#25020=AXIS2_PLACEMENT_3D('',#24990,#25000,#25010);
#25030=CYLINDRICAL_SURFACE('',#25020,0.09);
#25040=CARTESIAN_POINT('',(-0.814999999986234,-0.365000005998582,
0.409999999943749));
#25050=DIRECTION('',(0.,1.,0.));
#25060=VECTOR('',#25050,1.);
#25070=LINE('',#25040,#25060);
#25080=CARTESIAN_POINT('',(-0.814999999971452,-0.289867950662317,
0.409999999943749));
#25090=VERTEX_POINT('',#25080);
#25100=EDGE_CURVE('',#2600,#25090,#25070,.T.);
#25110=ORIENTED_EDGE('',*,*,#25100,.T.);
#25120=ORIENTED_EDGE('',*,*,#2610,.T.);
#25130=CARTESIAN_POINT('',(-0.904999999986234,-0.425000001906362,
0.320000000001963));
#25140=CARTESIAN_POINT('',(-0.905000000054839,-0.422500002079254,
0.325890486161912));
#25150=CARTESIAN_POINT('',(-0.903839873009854,-0.417500002413482,
0.337671074290492));
#25160=CARTESIAN_POINT('',(-0.898685202286243,-0.410000002898916,
0.354663487002408));
#25170=CARTESIAN_POINT('',(-0.890314312904567,-0.402499802499315,
0.370324171817476));
#25180=CARTESIAN_POINT('',(-0.882804174624863,-0.397499601934886,
0.379475174653139));
#25190=CARTESIAN_POINT('',(-0.878638605453491,-0.394999401218204,
0.383640612063131));
#25200=B_SPLINE_CURVE_WITH_KNOTS('',3,(#25130,#25140,#25150,#25160,
#25170,#25180,#25190),.UNSPECIFIED.,.F.,.F.,(4,1,1,1,4),(
-2.00863183855704E-5,0.249979912857399,0.499979912857399,
0.749979912857399,0.999999999175784),.UNSPECIFIED.);
#25210=EDGE_CURVE('',#24710,#2450,#25200,.T.);
#25220=ORIENTED_EDGE('',*,*,#25210,.T.);
#25230=ORIENTED_EDGE('',*,*,#24870,.T.);
#25240=CARTESIAN_POINT('',(-0.904999999971452,-0.314999620840142,
0.319999999943702));
#25250=CARTESIAN_POINT('',(-0.904999999971456,-0.314999620840145,
0.326741317898698));
#25260=CARTESIAN_POINT('',(-0.903492434157031,-0.31462231194694,
0.340223757722232));
#25270=CARTESIAN_POINT('',(-0.896658228334552,-0.312903065910096,
0.359613191491753));
#25280=CARTESIAN_POINT('',(-0.885924848513827,-0.310146321929196,
0.376600348600033));
#25290=CARTESIAN_POINT('',(-0.871619219770785,-0.30636929717076,
0.390935772926926));
#25300=CARTESIAN_POINT('',(-0.854448812415164,-0.301655149494245,
0.401713088244119));
#25310=CARTESIAN_POINT('',(-0.835625457364845,-0.296234308076436,
0.408376694299489));
#25320=CARTESIAN_POINT('',(-0.821926748229181,-0.292058380806621,
0.409999999942611));
#25330=CARTESIAN_POINT('',(-0.814999999986234,-0.289867950649652,
0.409999999943749));
#25340=B_SPLINE_CURVE_WITH_KNOTS('',3,(#25240,#25250,#25260,#25270,
#25280,#25290,#25300,#25310,#25320,#25330),.UNSPECIFIED.,.F.,.F.,(4,1,1,
1,1,1,1,4),(0.,0.142857142857143,0.285714285714286,0.428571428571429,
0.571428571428571,0.714285714285714,0.857142857142857,1.),.UNSPECIFIED.)
;
#25350=EDGE_CURVE('',#24800,#25090,#25340,.T.);
#25360=ORIENTED_EDGE('',*,*,#25350,.F.);
#25370=EDGE_LOOP('',(#25360,#25230,#25220,#25120,#25110));
#25380=FACE_OUTER_BOUND('',#25370,.T.);
#25390=ADVANCED_FACE('',(#25380),#25030,.T.);
#25400=COLOUR_RGB('',0.368627458810806,0.384313762187958,
0.466666698455811);
#25410=FILL_AREA_STYLE_COLOUR('',#25400);
#25420=FILL_AREA_STYLE('',(#25410));
#25430=SURFACE_STYLE_FILL_AREA(#25420);
#25440=SURFACE_SIDE_STYLE('',(#25430));
#25450=SURFACE_STYLE_USAGE(.BOTH.,#25440);
#25460=PRESENTATION_STYLE_ASSIGNMENT((#25450));
#25470=CARTESIAN_POINT('',(-0.784999999971138,-1.19499962083983,
0.319999999943749));
#25480=DIRECTION('',(0.,-1.,0.));
#25490=DIRECTION('',(0.,0.,-1.));
#25500=AXIS2_PLACEMENT_3D('',#25470,#25480,#25490);
#25510=CONICAL_SURFACE('',#25500,1.,0.785398163397448);
#25520=ORIENTED_EDGE('',*,*,#25350,.T.);
#25530=CARTESIAN_POINT('',(-0.874999999971136,-0.284999620839827,
0.319999999943749));
#25540=DIRECTION('',(-0.707106781186548,-0.707106781186548,0.));
#25550=VECTOR('',#25540,1.);
#25560=LINE('',#25530,#25550);
#25570=CARTESIAN_POINT('',(-0.874999999971138,-0.284999620839829,
0.319999999943749));
#25580=VERTEX_POINT('',#25570);
#25590=EDGE_CURVE('',#25580,#24800,#25560,.T.);
#25600=ORIENTED_EDGE('',*,*,#25590,.T.);
#25610=CARTESIAN_POINT('',(-0.784999999971138,-0.284999620839827,
0.319999999943749));
#25620=DIRECTION('',(0.,-1.,0.));
#25630=DIRECTION('',(5.67447323697314E-14,0.,1.));
#25640=AXIS2_PLACEMENT_3D('',#25610,#25620,#25630);
#25650=CIRCLE('',#25640,0.0899999999999981);
#25660=CARTESIAN_POINT('',(-0.784999999971138,-0.284999620849324,
0.409999999943749));
#25670=VERTEX_POINT('',#25660);
#25680=EDGE_CURVE('',#25670,#25580,#25650,.T.);
#25690=ORIENTED_EDGE('',*,*,#25680,.T.);
#25700=CARTESIAN_POINT('',(-0.814999999986234,-0.289867950674981,
0.409999999971809));
#25710=CARTESIAN_POINT('',(-0.811554920428509,-0.288778520845075,
0.409999999971809));
#25720=CARTESIAN_POINT('',(-0.804740334212266,-0.286959654308684,
0.409999999971809));
#25730=CARTESIAN_POINT('',(-0.794645140583584,-0.285335699549471,
0.409999999971809));
#25740=CARTESIAN_POINT('',(-0.788180835290945,-0.284999620843432,
0.409999999971809));
#25750=CARTESIAN_POINT('',(-0.784999999971133,-0.284999620858822,
0.409999999971809));
#25760=B_SPLINE_CURVE_WITH_KNOTS('',3,(#25700,#25710,#25720,#25730,
#25740,#25750),.UNSPECIFIED.,.F.,.F.,(4,1,1,4),(0.,0.333333333333333,
0.666666666666667,1.),.UNSPECIFIED.);
#25770=EDGE_CURVE('',#25090,#25670,#25760,.T.);
#25780=ORIENTED_EDGE('',*,*,#25770,.T.);
#25790=EDGE_LOOP('',(#25780,#25690,#25600,#25520));
#25800=FACE_OUTER_BOUND('',#25790,.T.);
#25810=ADVANCED_FACE('',(#25800),#25510,.T.);
#25820=COLOUR_RGB('',0.368627458810806,0.384313762187958,
0.466666698455811);
#25830=FILL_AREA_STYLE_COLOUR('',#25820);
#25840=FILL_AREA_STYLE('',(#25830));
#25850=SURFACE_STYLE_FILL_AREA(#25840);
#25860=SURFACE_SIDE_STYLE('',(#25850));
#25870=SURFACE_STYLE_USAGE(.BOTH.,#25860);
#25880=PRESENTATION_STYLE_ASSIGNMENT((#25870));
#25890=CARTESIAN_POINT('',(-0.745000000000266,0.305000000192653,
0.409999999971809));
#25900=DIRECTION('',(0.,0.,-1.));
#25910=DIRECTION('',(0.,1.,0.));
#25920=AXIS2_PLACEMENT_3D('',#25890,#25900,#25910);
#25930=PLANE('',#25920);
#25940=CARTESIAN_POINT('',(-0.665000000028239,-0.304999999999838,
0.409999999971809));
#25950=DIRECTION('',(1.,3.75639369226049E-16,0.));
#25960=VECTOR('',#25950,1.);
#25970=LINE('',#25940,#25960);
#25980=CARTESIAN_POINT('',(0.665000000000199,-0.304999999999958,
0.409999999971809));
#25990=VERTEX_POINT('',#25980);
#26000=EDGE_CURVE('',#3820,#25990,#25970,.T.);
#26010=ORIENTED_EDGE('',*,*,#26000,.F.);
#26020=CARTESIAN_POINT('',(0.665000000000199,0.304999999999993,
0.409999999971809));
#26030=DIRECTION('',(0.,-1.,0.));
#26040=VECTOR('',#26030,1.);
#26050=LINE('',#26020,#26040);
#26060=CARTESIAN_POINT('',(0.665000000000199,0.30500000000051,
0.409999999971809));
#26070=VERTEX_POINT('',#26060);
#26080=EDGE_CURVE('',#26070,#25990,#26050,.T.);
#26090=ORIENTED_EDGE('',*,*,#26080,.T.);
#26100=CARTESIAN_POINT('',(-0.665000000028239,0.30500000000039,
0.409999999971809));
#26110=DIRECTION('',(1.,-3.75639369226049E-16,0.));
#26120=VECTOR('',#26110,1.);
#26130=LINE('',#26100,#26120);
#26140=EDGE_CURVE('',#3650,#26070,#26130,.T.);
#26150=ORIENTED_EDGE('',*,*,#26140,.T.);
#26160=ORIENTED_EDGE('',*,*,#3890,.T.);
#26170=EDGE_LOOP('',(#26160,#26150,#26090,#26010));
#26180=FACE_BOUND('',#26170,.T.);
#26190=CARTESIAN_POINT('',(-0.814999999986234,0.289867950675533,
0.409999999971809));
#26200=CARTESIAN_POINT('',(-0.811554920428509,0.288778520845627,
0.409999999971809));
#26210=CARTESIAN_POINT('',(-0.804740334212266,0.286959654309236,
0.409999999971809));
#26220=CARTESIAN_POINT('',(-0.794645140583584,0.285335699550023,
0.409999999971809));
#26230=CARTESIAN_POINT('',(-0.788180835290945,0.284999620843984,
0.409999999971809));
#26240=CARTESIAN_POINT('',(-0.784999999971133,0.284999620859374,
0.409999999971809));
#26250=B_SPLINE_CURVE_WITH_KNOTS('',3,(#26190,#26200,#26210,#26220,
#26230,#26240),.UNSPECIFIED.,.F.,.F.,(4,1,1,4),(0.,0.333333333333333,
0.666666666666667,1.),.UNSPECIFIED.);
#26260=CARTESIAN_POINT('',(-0.814999999971452,0.289867950662869,
0.409999999943749));
#26270=VERTEX_POINT('',#26260);
#26280=CARTESIAN_POINT('',(-0.784999999971138,0.284999620849876,
0.409999999943749));
#26290=VERTEX_POINT('',#26280);
#26300=EDGE_CURVE('',#26270,#26290,#26250,.T.);
#26310=ORIENTED_EDGE('',*,*,#26300,.T.);
#26320=CARTESIAN_POINT('',(-0.814999999986234,0.365000005999134,
0.409999999943749));
#26330=DIRECTION('',(0.,-1.,0.));
#26340=VECTOR('',#26330,1.);
#26350=LINE('',#26320,#26340);
#26360=CARTESIAN_POINT('',(-0.815000001035821,0.365000000193431,
0.409999999971809));
#26370=VERTEX_POINT('',#26360);
#26380=EDGE_CURVE('',#26370,#26270,#26350,.T.);
#26390=ORIENTED_EDGE('',*,*,#26380,.T.);
#26400=CARTESIAN_POINT('',(-0.700000000000235,0.365000000193431,
0.409999999971809));
#26410=DIRECTION('',(-1.,0.,0.));
#26420=VECTOR('',#26410,1.);
#26430=LINE('',#26400,#26420);
#26440=CARTESIAN_POINT('',(-0.700000000000235,0.36500000000063,
0.409999999999937));
#26450=VERTEX_POINT('',#26440);
#26460=EDGE_CURVE('',#26450,#26370,#26430,.T.);
#26470=ORIENTED_EDGE('',*,*,#26460,.T.);
#26480=CARTESIAN_POINT('',(-0.279999999999998,0.365000000000549,
0.409999999999937));
#26490=DIRECTION('',(-1.,0.,0.));
#26500=VECTOR('',#26490,1.);
#26510=LINE('',#26480,#26500);
#26520=CARTESIAN_POINT('',(-0.279999999999998,0.365000000000549,
0.409999999971809));
#26530=VERTEX_POINT('',#26520);
#26540=EDGE_CURVE('',#26530,#26450,#26510,.T.);
#26550=ORIENTED_EDGE('',*,*,#26540,.T.);
#26560=CARTESIAN_POINT('',(-0.0700000000000511,0.365000000193431,
0.409999999971809));
#26570=DIRECTION('',(-1.,0.,0.));
#26580=VECTOR('',#26570,1.);
#26590=LINE('',#26560,#26580);
#26600=CARTESIAN_POINT('',(-0.0700000000000511,0.36499999082398,
0.409999999995637));
#26610=VERTEX_POINT('',#26600);
#26620=EDGE_CURVE('',#26610,#26530,#26590,.T.);
#26630=ORIENTED_EDGE('',*,*,#26620,.T.);
#26640=CARTESIAN_POINT('',(0.069999999999949,0.365000000000431,
0.409999999995638));
#26650=DIRECTION('',(-1.,0.,0.));
#26660=VECTOR('',#26650,1.);
#26670=LINE('',#26640,#26660);
#26680=CARTESIAN_POINT('',(0.070002083333282,0.365000000000549,
0.409999999971809));
#26690=VERTEX_POINT('',#26680);
#26700=EDGE_CURVE('',#26690,#26610,#26670,.T.);
#26710=ORIENTED_EDGE('',*,*,#26700,.T.);
#26720=CARTESIAN_POINT('',(0.279999999999938,0.365000000193431,
0.409999999971809));
#26730=DIRECTION('',(-1.,0.,0.));
#26740=VECTOR('',#26730,1.);
#26750=LINE('',#26720,#26740);
#26760=CARTESIAN_POINT('',(0.279999999999938,0.364999996249062,
0.409999999999942));
#26770=VERTEX_POINT('',#26760);
#26780=EDGE_CURVE('',#26770,#26690,#26750,.T.);
#26790=ORIENTED_EDGE('',*,*,#26780,.T.);
#26800=CARTESIAN_POINT('',(0.700000000000176,0.365000000000324,
0.409999999999942));
#26810=DIRECTION('',(-1.,0.,0.));
#26820=VECTOR('',#26810,1.);
#26830=LINE('',#26800,#26820);
#26840=CARTESIAN_POINT('',(0.700002083333509,0.365000000000549,
0.409999999971809));
#26850=VERTEX_POINT('',#26840);
#26860=EDGE_CURVE('',#26850,#26770,#26830,.T.);
#26870=ORIENTED_EDGE('',*,*,#26860,.T.);
#26880=CARTESIAN_POINT('',(0.814999565956539,0.365000000193431,
0.409999999971809));
#26890=DIRECTION('',(-1.,0.,0.));
#26900=VECTOR('',#26890,1.);
#26910=LINE('',#26880,#26900);
#26920=CARTESIAN_POINT('',(0.815000006600139,0.365000387713122,
0.409999999971809));
#26930=VERTEX_POINT('',#26920);
#26940=EDGE_CURVE('',#26930,#26850,#26910,.T.);
#26950=ORIENTED_EDGE('',*,*,#26940,.T.);
#26960=CARTESIAN_POINT('',(0.814999999986235,0.289868708970552,
0.409999999971809));
#26970=DIRECTION('',(0.,1.,0.));
#26980=VECTOR('',#26970,1.);
#26990=LINE('',#26960,#26980);
#27000=CARTESIAN_POINT('',(0.814999999971452,0.289868708968457,
0.409999999971809));
#27010=VERTEX_POINT('',#27000);
#27020=EDGE_CURVE('',#27010,#26930,#26990,.T.);
#27030=ORIENTED_EDGE('',*,*,#27020,.T.);
#27040=CARTESIAN_POINT('',(0.814999999986235,0.289868708966361,
0.409999999971809));
#27050=CARTESIAN_POINT('',(0.811449231757239,0.288745857462426,
0.409999999971809));
#27060=CARTESIAN_POINT('',(0.804487792213156,0.286902652805235,
0.409999999971809));
#27070=CARTESIAN_POINT('',(0.794390450305949,0.285313066169127,
0.409999999971809));
#27080=CARTESIAN_POINT('',(0.788071584714973,0.285000379160725,
0.409999999971809));
#27090=CARTESIAN_POINT('',(0.784999999971133,0.285000379160725,
0.409999999971809));
#27100=B_SPLINE_CURVE_WITH_KNOTS('',3,(#27040,#27050,#27060,#27070,
#27080,#27090),.UNSPECIFIED.,.F.,.F.,(4,1,1,4),(0.,0.333333333333333,
0.666666666666667,1.),.UNSPECIFIED.);
#27110=CARTESIAN_POINT('',(0.784999999971133,0.285000379160721,
0.409999999971809));
#27120=VERTEX_POINT('',#27110);
#27130=EDGE_CURVE('',#27010,#27120,#27100,.T.);
#27140=ORIENTED_EDGE('',*,*,#27130,.F.);
#27150=CARTESIAN_POINT('',(0.784999999971133,0.284999620839827,
0.409999999971809));
#27160=DIRECTION('',(0.,-1.,0.));
#27170=VECTOR('',#27160,1.);
#27180=LINE('',#27150,#27170);
#27190=CARTESIAN_POINT('',(0.784999999971133,-0.285000379160169,
0.409999999971809));
#27200=VERTEX_POINT('',#27190);
#27210=EDGE_CURVE('',#27120,#27200,#27180,.T.);
#27220=ORIENTED_EDGE('',*,*,#27210,.F.);
#27230=CARTESIAN_POINT('',(0.814999999986235,-0.289868708965809,
0.409999999971809));
#27240=CARTESIAN_POINT('',(0.811449231757239,-0.288745857461874,
0.409999999971809));
#27250=CARTESIAN_POINT('',(0.804487792213156,-0.286902652804683,
0.409999999971809));
#27260=CARTESIAN_POINT('',(0.794390450305949,-0.285313066168575,
0.409999999971809));
#27270=CARTESIAN_POINT('',(0.788071584714973,-0.285000379160173,
0.409999999971809));
#27280=CARTESIAN_POINT('',(0.784999999971133,-0.285000379160173,
0.409999999971809));
#27290=B_SPLINE_CURVE_WITH_KNOTS('',3,(#27230,#27240,#27250,#27260,
#27270,#27280),.UNSPECIFIED.,.F.,.F.,(4,1,1,4),(0.,0.333333333333333,
0.666666666666667,1.),.UNSPECIFIED.);
#27300=CARTESIAN_POINT('',(0.814999999971452,-0.289868708967905,
0.409999999971809));
#27310=VERTEX_POINT('',#27300);
#27320=EDGE_CURVE('',#27310,#27200,#27290,.T.);
#27330=ORIENTED_EDGE('',*,*,#27320,.T.);
#27340=CARTESIAN_POINT('',(0.814999999986235,-0.28986870897,
0.409999999971809));
#27350=DIRECTION('',(0.,-1.,0.));
#27360=VECTOR('',#27350,1.);
#27370=LINE('',#27340,#27360);
#27380=EDGE_CURVE('',#27310,#15000,#27370,.T.);
#27390=ORIENTED_EDGE('',*,*,#27380,.F.);
#27400=ORIENTED_EDGE('',*,*,#15010,.F.);
#27410=ORIENTED_EDGE('',*,*,#1250,.F.);
#27420=ORIENTED_EDGE('',*,*,#17550,.F.);
#27430=CARTESIAN_POINT('',(0.069999999999949,-0.364999999999879,
0.409999999995638));
#27440=DIRECTION('',(-1.,0.,0.));
#27450=VECTOR('',#27440,1.);
#27460=LINE('',#27430,#27450);
#27470=EDGE_CURVE('',#17480,#19310,#27460,.T.);
#27480=ORIENTED_EDGE('',*,*,#27470,.F.);
#27490=ORIENTED_EDGE('',*,*,#19950,.F.);
#27500=CARTESIAN_POINT('',(-0.279999999999998,-0.364999999999997,
0.409999999999937));
#27510=DIRECTION('',(-1.,0.,0.));
#27520=VECTOR('',#27510,1.);
#27530=LINE('',#27500,#27520);
#27540=EDGE_CURVE('',#19880,#21700,#27530,.T.);
#27550=ORIENTED_EDGE('',*,*,#27540,.F.);
#27560=ORIENTED_EDGE('',*,*,#22480,.F.);
#27570=ORIENTED_EDGE('',*,*,#25100,.F.);
#27580=ORIENTED_EDGE('',*,*,#25770,.F.);
#27590=CARTESIAN_POINT('',(-0.784999999971133,-0.284999620839826,
0.409999999943749));
#27600=DIRECTION('',(-3.89551938464968E-16,1.,0.));
#27610=VECTOR('',#27600,1.);
#27620=LINE('',#27590,#27610);
#27630=EDGE_CURVE('',#25670,#26290,#27620,.T.);
#27640=ORIENTED_EDGE('',*,*,#27630,.F.);
#27650=EDGE_LOOP('',(#27640,#27580,#27570,#27560,#27550,#27490,#27480,
#27420,#27410,#27400,#27390,#27330,#27220,#27140,#27030,#26950,#26870,
#26790,#26710,#26630,#26550,#26470,#26390,#26310));
#27660=FACE_OUTER_BOUND('',#27650,.T.);
#27670=ADVANCED_FACE('',(#26180,#27660),#25930,.F.);
#27680=COLOUR_RGB('',0.368627458810806,0.384313762187958,
0.466666698455811);
#27690=FILL_AREA_STYLE_COLOUR('',#27680);
#27700=FILL_AREA_STYLE('',(#27690));
#27710=SURFACE_STYLE_FILL_AREA(#27700);
#27720=SURFACE_SIDE_STYLE('',(#27710));
#27730=SURFACE_STYLE_USAGE(.BOTH.,#27720);
#27740=PRESENTATION_STYLE_ASSIGNMENT((#27730));
#27750=CARTESIAN_POINT('',(0.784999999971133,-1.19500037916017,
0.319999999971809));
#27760=DIRECTION('',(0.,-1.,0.));
#27770=DIRECTION('',(0.,0.,1.));
#27780=AXIS2_PLACEMENT_3D('',#27750,#27760,#27770);
#27790=CONICAL_SURFACE('',#27780,1.,0.785398163397448);
#27800=ORIENTED_EDGE('',*,*,#27320,.F.);
#27810=CARTESIAN_POINT('',(0.784999999971133,-0.285000379160171,
0.319999999971809));
#27820=DIRECTION('',(0.,-1.,0.));
#27830=DIRECTION('',(1.,0.,0.));
#27840=AXIS2_PLACEMENT_3D('',#27810,#27820,#27830);
#27850=CIRCLE('',#27840,0.0900000000000019);
#27860=EDGE_CURVE('',#7140,#27200,#27850,.T.);
#27870=ORIENTED_EDGE('',*,*,#27860,.T.);
#27880=ORIENTED_EDGE('',*,*,#8540,.T.);
#27890=CARTESIAN_POINT('',(0.814999999986235,-0.28986870897,
0.409999999971809));
#27900=CARTESIAN_POINT('',(0.82176211091578,-0.292007076200301,
0.409999999970698));
#27910=CARTESIAN_POINT('',(0.83526017765331,-0.296126886730991,
0.408456729005106));
#27920=CARTESIAN_POINT('',(0.854269100885955,-0.301606819267175,
0.40182561414946));
#27930=CARTESIAN_POINT('',(0.871770360225359,-0.30641178412605,
0.390855589895079));
#27940=CARTESIAN_POINT('',(0.886312923071977,-0.310248527637691,
0.376158462197505));
#27950=CARTESIAN_POINT('',(0.897048922490494,-0.313002952437746,
0.358821506246397));
#27960=CARTESIAN_POINT('',(0.903633646323883,-0.3146582836285,
0.339460546074499));
#27970=CARTESIAN_POINT('',(0.904999999971456,-0.315000379160495,
0.326428043301429));
#27980=CARTESIAN_POINT('',(0.904999999971452,-0.315000379160492,
0.319999999971761));
#27990=B_SPLINE_CURVE_WITH_KNOTS('',3,(#27890,#27900,#27910,#27920,
#27930,#27940,#27950,#27960,#27970,#27980),.UNSPECIFIED.,.F.,.F.,(4,1,1,
1,1,1,1,4),(0.,0.142857142857143,0.285714285714286,0.428571428571429,
0.571428571428571,0.714285714285714,0.857142857142857,1.),.UNSPECIFIED.)
;
#28000=EDGE_CURVE('',#27310,#8470,#27990,.T.);
#28010=ORIENTED_EDGE('',*,*,#28000,.T.);
#28020=EDGE_LOOP('',(#28010,#27880,#27870,#27800));
#28030=FACE_OUTER_BOUND('',#28020,.T.);
#28040=ADVANCED_FACE('',(#28030),#27790,.T.);
#28050=COLOUR_RGB('',0.368627458810806,0.384313762187958,
0.466666698455811);
#28060=FILL_AREA_STYLE_COLOUR('',#28050);
#28070=FILL_AREA_STYLE('',(#28060));
#28080=SURFACE_STYLE_FILL_AREA(#28070);
#28090=SURFACE_SIDE_STYLE('',(#28080));
#28100=SURFACE_STYLE_USAGE(.BOTH.,#28090);
#28110=PRESENTATION_STYLE_ASSIGNMENT((#28100));
#28120=CARTESIAN_POINT('',(0.814999999971452,0.205000000000005,
0.319999999971809));
#28130=DIRECTION('',(7.08834700347877E-16,-1.,0.));
#28140=DIRECTION('',(-1.,-7.08834700347877E-16,0.));
#28150=AXIS2_PLACEMENT_3D('',#28120,#28130,#28140);
#28160=CYLINDRICAL_SURFACE('',#28150,0.09);
#28170=ORIENTED_EDGE('',*,*,#28000,.F.);
#28180=CARTESIAN_POINT('',(0.904999999971452,-0.425000380633697,
0.319999999971761));
#28190=DIRECTION('',(0.,1.,0.));
#28200=VECTOR('',#28190,1.);
#28210=LINE('',#28180,#28200);
#28220=CARTESIAN_POINT('',(0.904999999971452,-0.425000380660424,
0.319999999908787));
#28230=VERTEX_POINT('',#28220);
#28240=EDGE_CURVE('',#28230,#8470,#28210,.T.);
#28250=ORIENTED_EDGE('',*,*,#28240,.T.);
#28260=CARTESIAN_POINT('',(0.878639609390006,-0.395000382432605,
0.383639608170107));
#28270=CARTESIAN_POINT('',(0.880722193685096,-0.396250382362393,
0.381557023831835));
#28280=CARTESIAN_POINT('',(0.884682736194536,-0.398750382220589,
0.377187236287216));
#28290=CARTESIAN_POINT('',(0.889952505488763,-0.402500382003958,
0.37008177447836));
#28300=CARTESIAN_POINT('',(0.894500490858558,-0.406250381783624,
0.362493945686435));
#28310=CARTESIAN_POINT('',(0.898282880372271,-0.410000381559806,
0.354496833386454));
#28320=CARTESIAN_POINT('',(0.901263206865652,-0.413750381332724,
0.346167495712551));
#28330=CARTESIAN_POINT('',(0.903412716988823,-0.417500381102598,
0.337586208047214));
#28340=CARTESIAN_POINT('',(0.904710683094825,-0.421250380887441,
0.328835648405231));
#28350=CARTESIAN_POINT('',(0.905000000025068,-0.423750380748198,
0.322945242978558));
#28360=CARTESIAN_POINT('',(0.904999999986235,-0.425000380687075,
0.319999999845994));
#28370=B_SPLINE_CURVE_WITH_KNOTS('',3,(#28260,#28270,#28280,#28290,
#28300,#28310,#28320,#28330,#28340,#28350,#28360),.UNSPECIFIED.,.F.,.F.,
(4,1,1,1,1,1,1,1,4),(-4.67238638522391E-15,0.125,0.25,0.375,0.5,0.625,
0.75,0.875,1.00000000177925),.UNSPECIFIED.);
#28380=CARTESIAN_POINT('',(0.878639611091223,-0.395000383599058,
0.383639609465617));
#28390=VERTEX_POINT('',#28380);
#28400=EDGE_CURVE('',#28390,#28230,#28370,.T.);
#28410=ORIENTED_EDGE('',*,*,#28400,.T.);
#28420=CARTESIAN_POINT('',(0.814999918192053,-0.365000350190876,
0.409999999971723));
#28430=CARTESIAN_POINT('',(0.820890432544092,-0.367500362032617,
0.410000005342132));
#28440=CARTESIAN_POINT('',(0.832671049791006,-0.372500373698322,
0.408839880637812));
#28450=CARTESIAN_POINT('',(0.84966348933545,-0.380000385162029,
0.403685201324029));
#28460=CARTESIAN_POINT('',(0.865323754359632,-0.387500384590249,
0.395314535828277));
#28470=CARTESIAN_POINT('',(0.874474441122661,-0.392500384191353,
0.387804776567104));
#28480=CARTESIAN_POINT('',(0.878639609662784,-0.395000383987903,
0.383639607901851));
#28490=B_SPLINE_CURVE_WITH_KNOTS('',3,(#28420,#28430,#28440,#28450,
#28460,#28470,#28480),.UNSPECIFIED.,.F.,.F.,(4,1,1,1,4),(
8.88178419700125E-16,0.250001200637131,0.500001200637131,
0.750001200637131,1.00000120063713),.UNSPECIFIED.);
#28500=EDGE_CURVE('',#15000,#28390,#28490,.T.);
#28510=ORIENTED_EDGE('',*,*,#28500,.T.);
#28520=ORIENTED_EDGE('',*,*,#27380,.T.);
#28530=EDGE_LOOP('',(#28520,#28510,#28410,#28250,#28170));
#28540=FACE_OUTER_BOUND('',#28530,.T.);
#28550=ADVANCED_FACE('',(#28540),#28160,.T.);
#28560=COLOUR_RGB('',0.368627458810806,0.384313762187958,
0.466666698455811);
#28570=FILL_AREA_STYLE_COLOUR('',#28560);
#28580=FILL_AREA_STYLE('',(#28570));
#28590=SURFACE_STYLE_FILL_AREA(#28580);
#28600=SURFACE_SIDE_STYLE('',(#28590));
#28610=SURFACE_STYLE_USAGE(.BOTH.,#28600);
#28620=PRESENTATION_STYLE_ASSIGNMENT((#28610));
#28630=CARTESIAN_POINT('',(0.904999999971452,-0.185000379160801,
0.00999999997191814));
#28640=DIRECTION('',(-1.,-7.08834700347877E-16,0.));
#28650=DIRECTION('',(0.,0.,-1.));
#28660=AXIS2_PLACEMENT_3D('',#28630,#28640,#28650);
#28670=PLANE('',#28660);
#28680=CARTESIAN_POINT('',(0.904999999986235,-0.42500037896739,
0.0899999999718239));
#28690=DIRECTION('',(0.,0.,1.));
#28700=VECTOR('',#28690,1.);
#28710=LINE('',#28680,#28700);
#28720=EDGE_CURVE('',#9040,#28230,#28710,.T.);
#28730=ORIENTED_EDGE('',*,*,#28720,.F.);
#28740=ORIENTED_EDGE('',*,*,#28240,.F.);
#28750=ORIENTED_EDGE('',*,*,#8480,.T.);
#28760=ORIENTED_EDGE('',*,*,#9110,.F.);
#28770=EDGE_LOOP('',(#28760,#28750,#28740,#28730));
#28780=FACE_OUTER_BOUND('',#28770,.T.);
#28790=ADVANCED_FACE('',(#28780),#28670,.F.);
#28800=COLOUR_RGB('',0.368627458810806,0.384313762187958,
0.466666698455811);
#28810=FILL_AREA_STYLE_COLOUR('',#28800);
#28820=FILL_AREA_STYLE('',(#28810));
#28830=SURFACE_STYLE_FILL_AREA(#28820);
#28840=SURFACE_SIDE_STYLE('',(#28830));
#28850=SURFACE_STYLE_USAGE(.BOTH.,#28840);
#28860=PRESENTATION_STYLE_ASSIGNMENT((#28850));
#28870=CARTESIAN_POINT('',(0.874999999986235,-0.42500037896739,
0.0449999999862659));
#28880=DIRECTION('',(0.,0.,1.));
#28890=DIRECTION('',(0.,-1.,0.));
#28900=AXIS2_PLACEMENT_3D('',#28870,#28880,#28890);
#28910=CYLINDRICAL_SURFACE('',#28900,0.03);
#28920=ORIENTED_EDGE('',*,*,#28720,.T.);
#28930=ORIENTED_EDGE('',*,*,#9050,.F.);
#28940=CARTESIAN_POINT('',(0.874999999986235,-0.45500037896739,
0.319999999971761));
#28950=DIRECTION('',(0.,0.,-1.));
#28960=VECTOR('',#28950,1.);
#28970=LINE('',#28940,#28960);
#28980=CARTESIAN_POINT('',(0.875000000843024,-0.45500037896739,
0.320000000000891));
#28990=VERTEX_POINT('',#28980);
#29000=EDGE_CURVE('',#28990,#8950,#28970,.T.);
#29010=ORIENTED_EDGE('',*,*,#29000,.T.);
#29020=CARTESIAN_POINT('',(0.874999999986235,-0.42500037896739,
0.319999999971761));
#29030=DIRECTION('',(0.,0.,1.));
#29040=DIRECTION('',(0.,-1.,0.));
#29050=AXIS2_PLACEMENT_3D('',#29020,#29030,#29040);
#29060=CIRCLE('',#29050,0.03);
#29070=CARTESIAN_POINT('',(0.896213216878061,-0.446213567939825,
0.319999999911056));
#29080=VERTEX_POINT('',#29070);
#29090=EDGE_CURVE('',#28990,#29080,#29060,.T.);
#29100=ORIENTED_EDGE('',*,*,#29090,.F.);
#29110=CARTESIAN_POINT('',(0.874999999986235,-0.42500037896739,
0.319999999971761));
#29120=DIRECTION('',(0.,0.,1.));
#29130=DIRECTION('',(0.707106967318978,-0.707106595054068,0.));
#29140=AXIS2_PLACEMENT_3D('',#29110,#29120,#29130);
#29150=CIRCLE('',#29140,0.03);
#29160=EDGE_CURVE('',#29080,#28230,#29150,.T.);
#29170=ORIENTED_EDGE('',*,*,#29160,.F.);
#29180=EDGE_LOOP('',(#29170,#29100,#29010,#28930,#28920));
#29190=FACE_OUTER_BOUND('',#29180,.T.);
#29200=ADVANCED_FACE('',(#29190),#28910,.T.);
#29210=COLOUR_RGB('',0.368627458810806,0.384313762187958,
0.466666698455811);
#29220=FILL_AREA_STYLE_COLOUR('',#29210);
#29230=FILL_AREA_STYLE('',(#29220));
#29240=SURFACE_STYLE_FILL_AREA(#29230);
#29250=SURFACE_SIDE_STYLE('',(#29240));
#29260=SURFACE_STYLE_USAGE(.BOTH.,#29250);
#29270=PRESENTATION_STYLE_ASSIGNMENT((#29260));
#29280=CARTESIAN_POINT('',(0.880864612134375,-0.430864942614607,
0.369514380974912));
#29290=CARTESIAN_POINT('',(0.881959729859828,-0.431960061034852,
0.367655352039635));
#29300=CARTESIAN_POINT('',(0.884055560224708,-0.434055891913832,
0.363819939193226));
#29310=CARTESIAN_POINT('',(0.886916042078185,-0.436916372746386,
0.35796157840371));
#29320=CARTESIAN_POINT('',(0.8894789220824,-0.439479250771988,
0.35213234709683));
#29330=CARTESIAN_POINT('',(0.891715572302161,-0.44171589888983,
0.346354162751165));
#29340=CARTESIAN_POINT('',(0.893583075042358,-0.443583400239184,
0.340536488862667));
#29350=CARTESIAN_POINT('',(0.895024222937118,-0.44502454828856,
0.334476335023594));
#29360=CARTESIAN_POINT('',(0.895967519117325,-0.445967847003227,
0.327858257551528));
#29370=CARTESIAN_POINT('',(0.89620729131934,-0.446207623037701,
0.322788993012345));
#29380=CARTESIAN_POINT('',(0.896213225254381,-0.446213559563739,
0.319999999852665));
#29390=CARTESIAN_POINT('',(0.881276888919187,-0.428262439429336,
0.371373399117848));
#29400=CARTESIAN_POINT('',(0.882382013897166,-0.429410752444353,
0.369554528617274));
#29410=CARTESIAN_POINT('',(0.884573014400008,-0.431633708901051,
0.365691077440348));
#29420=CARTESIAN_POINT('',(0.887706568910992,-0.434703802267686,
0.359560511576478));
#29430=CARTESIAN_POINT('',(0.890590630318232,-0.437464872734853,
0.35336365581787));
#29440=CARTESIAN_POINT('',(0.89312356558068,-0.439867152542436,
0.347227420780824));
#29450=CARTESIAN_POINT('',(0.895199889944813,-0.441857022229812,
0.341108017472032));
#29460=CARTESIAN_POINT('',(0.896715808626663,-0.443382552331336,
0.3347958636246));
#29470=CARTESIAN_POINT('',(0.897579351710622,-0.44440363829238,
0.327956635816723));
#29480=CARTESIAN_POINT('',(0.897676199036619,-0.444738712123872,
0.322788993045857));
#29490=CARTESIAN_POINT('',(0.897601605906088,-0.444825175978866,
0.319999999852665));
#29500=CARTESIAN_POINT('',(0.881926210870261,-0.422670092187829,
0.374817457769327));
#29510=CARTESIAN_POINT('',(0.883131923039631,-0.423849593457203,
0.37301821244523));
#29520=CARTESIAN_POINT('',(0.88559239887064,-0.426185071075844,
0.369073006670484));
#29530=CARTESIAN_POINT('',(0.88923082176897,-0.429517027442098,
0.362530668516875));
#29540=CARTESIAN_POINT('',(0.892632026016565,-0.432590416491732,
0.355761516836732));
#29550=CARTESIAN_POINT('',(0.895616704522742,-0.435323834666073,
0.349006097801484));
#29560=CARTESIAN_POINT('',(0.898011690059682,-0.437644251045736,
0.342290492758643));
#29570=CARTESIAN_POINT('',(0.89965853166458,-0.439498090678425,
0.335435761147845));
#29580=CARTESIAN_POINT('',(0.900430687245378,-0.440871504292372,
0.328139575097936));
#29590=CARTESIAN_POINT('',(0.900315865932158,-0.441503078291554,
0.32279550347747));
#29600=CARTESIAN_POINT('',(0.900104850563575,-0.441774953975891,
0.319999999852388));
#29610=CARTESIAN_POINT('',(0.881884282248289,-0.41429691642842,
0.378779346815321));
#29620=CARTESIAN_POINT('',(0.883382622078623,-0.415421474575251,
0.376897883282344));
#29630=CARTESIAN_POINT('',(0.886374355968007,-0.417692423288281,
0.372799468534947));
#29640=CARTESIAN_POINT('',(0.890659830065232,-0.421064037769546,
0.365955402362965));
#29650=CARTESIAN_POINT('',(0.894574077734641,-0.424314421759833,
0.358736722098325));
#29660=CARTESIAN_POINT('',(0.897955540073559,-0.427364964388522,
0.351363415558662));
#29670=CARTESIAN_POINT('',(0.900645907302529,-0.430146871833968,
0.343906344809682));
#29680=CARTESIAN_POINT('',(0.902491011094934,-0.432610172530365,
0.336293946381479));
#29690=CARTESIAN_POINT('',(0.903347322412219,-0.434740186320235,
0.328377339337914));
#29700=CARTESIAN_POINT('',(0.90317813551555,-0.435967180946252,
0.322824800297135));
#29710=CARTESIAN_POINT('',(0.902895067372373,-0.436554874796676,
0.319999999851138));
#29720=CARTESIAN_POINT('',(0.880713258951395,-0.405800287641491,
0.381566439690372));
#29730=CARTESIAN_POINT('',(0.882546001300695,-0.406892056710075,
0.37956152238252));
#29740=CARTESIAN_POINT('',(0.886079726432265,-0.409093110055919,
0.375312914440619));
#29750=CARTESIAN_POINT('',(0.890891507676508,-0.412407623063827,
0.368352822944484));
#29760=CARTESIAN_POINT('',(0.895132606829252,-0.415700140616991,
0.360946043955783));
#29770=CARTESIAN_POINT('',(0.898725429740609,-0.41893854987594,
0.353208686215683));
#29780=CARTESIAN_POINT('',(0.901589638316257,-0.422094170841714,
0.345216865688264));
#29790=CARTESIAN_POINT('',(0.903635032082766,-0.425144527189335,
0.337007395878253));
#29800=CARTESIAN_POINT('',(0.904754424210414,-0.428078413711228,
0.32859613147406));
#29810=CARTESIAN_POINT('',(0.904795874958792,-0.429961484929782,
0.322873628415112));
#29820=CARTESIAN_POINT('',(0.90461329080301,-0.430890737705491,
0.319999999849053));
#29830=CARTESIAN_POINT('',(0.879355752725252,-0.399083621684395,
0.382935335288962));
#29840=CARTESIAN_POINT('',(0.881372630994625,-0.40025088752718,
0.380867572554594));
#29850=CARTESIAN_POINT('',(0.88520704269569,-0.402583791613997,
0.376534665946182));
#29860=CARTESIAN_POINT('',(0.890312473095587,-0.406078524200581,
0.369502046985615));
#29870=CARTESIAN_POINT('',(0.894730662726474,-0.409568892497462,
0.362000807166425));
#29880=CARTESIAN_POINT('',(0.898425187645774,-0.413055155759375,
0.35410048203511));
#29890=CARTESIAN_POINT('',(0.901360666952049,-0.416537573242024,
0.345874436385885));
#29900=CARTESIAN_POINT('',(0.903498025741537,-0.420016404202871,
0.337398556798605));
#29910=CARTESIAN_POINT('',(0.904788574844652,-0.423491907919053,
0.328749702261428));
#29920=CARTESIAN_POINT('',(0.905040906074856,-0.425806865071776,
0.322919201321952));
#29930=CARTESIAN_POINT('',(0.904999999875096,-0.426963875536126,
0.319999999847106));
#29940=CARTESIAN_POINT('',(0.878639609390006,-0.395000382432605,
0.383639608170107));
#29950=CARTESIAN_POINT('',(0.880722193685096,-0.396250382362393,
0.381557023831835));
#29960=CARTESIAN_POINT('',(0.884682736194536,-0.398750382220589,
0.377187236287216));
#29970=CARTESIAN_POINT('',(0.889952505488763,-0.402500382003958,
0.37008177447836));
#29980=CARTESIAN_POINT('',(0.894500490858558,-0.406250381783624,
0.362493945686435));
#29990=CARTESIAN_POINT('',(0.898282880372271,-0.410000381559806,
0.354496833386454));
#30000=CARTESIAN_POINT('',(0.901263206865652,-0.413750381332724,
0.346167495712551));
#30010=CARTESIAN_POINT('',(0.903412716988823,-0.417500381102598,
0.337586208047214));
#30020=CARTESIAN_POINT('',(0.904710683094825,-0.421250380887441,
0.328835648405231));
#30030=CARTESIAN_POINT('',(0.905000000025068,-0.423750380748198,
0.322945242978558));
#30040=CARTESIAN_POINT('',(0.904999999986235,-0.425000380687075,
0.319999999845994));
#30050=B_SPLINE_SURFACE_WITH_KNOTS('',3,3,((#29280,#29390,#29500,#29610,
#29720,#29830,#29940),(#29290,#29400,#29510,#29620,#29730,#29840,#29950)
,(#29300,#29410,#29520,#29630,#29740,#29850,#29960),(#29310,#29420,
#29530,#29640,#29750,#29860,#29970),(#29320,#29430,#29540,#29650,#29760,
#29870,#29980),(#29330,#29440,#29550,#29660,#29770,#29880,#29990),(
#29340,#29450,#29560,#29670,#29780,#29890,#30000),(#29350,#29460,#29570,
#29680,#29790,#29900,#30010),(#29360,#29470,#29580,#29690,#29800,#29910,
#30020),(#29370,#29480,#29590,#29700,#29810,#29920,#30030),(#29380,
#29490,#29600,#29710,#29820,#29930,#30040)),.UNSPECIFIED.,.F.,.F.,.F.,(4
,1,1,1,1,1,1,1,4),(4,1,1,1,4),(-4.67238638522391E-15,0.125,0.25,0.375,
0.5,0.625,0.75,0.875,1.00000000177925),(1.34063597787498E-6,0.25,0.5,
0.75,0.999999929279698),.UNSPECIFIED.);
#30060=CARTESIAN_POINT('',(0.880864612134375,-0.430864942614607,
0.369514380974912));
#30070=CARTESIAN_POINT('',(0.881959729859828,-0.431960061034852,
0.367655352039635));
#30080=CARTESIAN_POINT('',(0.884055560224708,-0.434055891913832,
0.363819939193226));
#30090=CARTESIAN_POINT('',(0.886916042078185,-0.436916372746386,
0.35796157840371));
#30100=CARTESIAN_POINT('',(0.8894789220824,-0.439479250771988,
0.35213234709683));
#30110=CARTESIAN_POINT('',(0.891715572302161,-0.44171589888983,
0.346354162751165));
#30120=CARTESIAN_POINT('',(0.893583075042358,-0.443583400239184,
0.340536488862667));
#30130=CARTESIAN_POINT('',(0.895024222937118,-0.44502454828856,
0.334476335023594));
#30140=CARTESIAN_POINT('',(0.895967519117325,-0.445967847003227,
0.327858257551528));
#30150=CARTESIAN_POINT('',(0.89620729131934,-0.446207623037701,
0.322788993012345));
#30160=CARTESIAN_POINT('',(0.896213225254381,-0.446213559563739,
0.319999999852665));
#30170=B_SPLINE_CURVE_WITH_KNOTS('',3,(#30060,#30070,#30080,#30090,
#30100,#30110,#30120,#30130,#30140,#30150,#30160),.UNSPECIFIED.,.F.,.F.,
(4,1,1,1,1,1,1,1,4),(-4.67238638522391E-15,0.125,0.25,0.375,0.5,0.625,
0.75,0.875,1.00000000177925),.UNSPECIFIED.);
#30180=CARTESIAN_POINT('',(0.880864608819395,-0.430864963549001,
0.369514366019916));
#30190=VERTEX_POINT('',#30180);
#30200=EDGE_CURVE('',#30190,#29080,#30170,.T.);
#30210=ORIENTED_EDGE('',*,*,#30200,.T.);
#30220=CARTESIAN_POINT('',(0.880864605501775,-0.430864984482928,
0.36951435106754));
#30230=CARTESIAN_POINT('',(0.881276885437155,-0.428262469418624,
0.371373380648876));
#30240=CARTESIAN_POINT('',(0.881762801405899,-0.424071961321025,
0.373955256041698));
#30250=CARTESIAN_POINT('',(0.881907043533909,-0.418477239124897,
0.376800360644777));
#30260=CARTESIAN_POINT('',(0.881742208237648,-0.41428475800774,
0.378631473238681));
#30270=CARTESIAN_POINT('',(0.88130072229484,-0.410041788553166,
0.38017502430234));
#30280=CARTESIAN_POINT('',(0.880604125658565,-0.405606406656695,
0.381473652781668));
#30290=CARTESIAN_POINT('',(0.879697092022286,-0.400755936191435,
0.382595254430266));
#30300=CARTESIAN_POINT('',(0.878997681135051,-0.397042002420175,
0.383287471654584));
#30310=CARTESIAN_POINT('',(0.878639609662784,-0.395000383987903,
0.383639607901851));
#30320=B_SPLINE_CURVE_WITH_KNOTS('',3,(#30220,#30230,#30240,#30250,
#30260,#30270,#30280,#30290,#30300,#30310),.UNSPECIFIED.,.F.,.F.,(4,1,1,
1,1,1,1,4),(-2.02809857588691E-16,0.25,0.375,0.5,0.625,0.75,0.875,
0.999999897538199),.UNSPECIFIED.);
#30330=EDGE_CURVE('',#30190,#28390,#30320,.T.);
#30340=ORIENTED_EDGE('',*,*,#30330,.F.);
#30350=ORIENTED_EDGE('',*,*,#28400,.F.);
#30360=ORIENTED_EDGE('',*,*,#29160,.T.);
#30370=EDGE_LOOP('',(#30360,#30350,#30340,#30210));
#30380=FACE_OUTER_BOUND('',#30370,.T.);
#30390=ADVANCED_FACE('',(#30380),#30050,.T.);
#30400=COLOUR_RGB('',0.368627458810806,0.384313762187958,
0.466666698455811);
#30410=FILL_AREA_STYLE_COLOUR('',#30400);
#30420=FILL_AREA_STYLE('',(#30410));
#30430=SURFACE_STYLE_FILL_AREA(#30420);
#30440=SURFACE_SIDE_STYLE('',(#30430));
#30450=SURFACE_STYLE_USAGE(.BOTH.,#30440);
#30460=PRESENTATION_STYLE_ASSIGNMENT((#30450));
#30470=CARTESIAN_POINT('',(0.880864077572156,-0.430864456553309,
0.369515247250304));
#30480=CARTESIAN_POINT('',(0.879562807217844,-0.431070594109863,
0.370444752359691));
#30490=CARTESIAN_POINT('',(0.876856591983186,-0.431441006680431,
0.372237407340733));
#30500=CARTESIAN_POINT('',(0.872674531557449,-0.431797998230919,
0.374666692800334));
#30510=CARTESIAN_POINT('',(0.868475752530954,-0.431906887713906,
0.376801376125807));
#30520=CARTESIAN_POINT('',(0.864284019411254,-0.431741760934874,
0.378632274372855));
#30530=CARTESIAN_POINT('',(0.860040847556459,-0.431300262031472,
0.38017592504713));
#30540=CARTESIAN_POINT('',(0.855605502602619,-0.430603592916089,
0.381474586217264));
#30550=CARTESIAN_POINT('',(0.850754994472041,-0.429696514722658,
0.382596238400624));
#30560=CARTESIAN_POINT('',(0.847041039938059,-0.428997071828865,
0.383288472189626));
#30570=CARTESIAN_POINT('',(0.844999401010642,-0.428638984432963,
0.383640612092877));
#30580=CARTESIAN_POINT('',(0.883054518636502,-0.433054897617655,
0.365796924066555));
#30590=CARTESIAN_POINT('',(0.881806449252614,-0.433271035519079,
0.366766603941772));
#30600=CARTESIAN_POINT('',(0.879151008134663,-0.433734814970149,
0.368647715029569));
#30610=CARTESIAN_POINT('',(0.874928115711066,-0.434371315038306,
0.371180561657052));
#30620=CARTESIAN_POINT('',(0.870655606248581,-0.434817874868427,
0.373343675874392));
#30630=CARTESIAN_POINT('',(0.866423404277492,-0.434984668698363,
0.37510589464171));
#30640=CARTESIAN_POINT('',(0.862199192981211,-0.434832089265143,
0.376492972157848));
#30650=CARTESIAN_POINT('',(0.857830789519104,-0.434373060053242,
0.377587110947443));
#30660=CARTESIAN_POINT('',(0.853074959432699,-0.433667773851401,
0.378518223725084));
#30670=CARTESIAN_POINT('',(0.849458500222434,-0.433096928911122,
0.379137856429041));
#30680=CARTESIAN_POINT('',(0.847499601727661,-0.432804553605008,
0.379475174682434));
#30690=CARTESIAN_POINT('',(0.887062319519544,-0.437062698500697,
0.357928554945693));
#30700=CARTESIAN_POINT('',(0.885903068448793,-0.437390115655572,
0.358822208078382));
#30710=CARTESIAN_POINT('',(0.883370801164736,-0.438136989811629,
0.360593035084052));
#30720=CARTESIAN_POINT('',(0.879201397970005,-0.439304412006828,
0.36302226767066));
#30730=CARTESIAN_POINT('',(0.874926147380012,-0.440309042015392,
0.365084302459598));
#30740=CARTESIAN_POINT('',(0.870701027285498,-0.440997838956208,
0.366709508185839));
#30750=CARTESIAN_POINT('',(0.866529624800658,-0.441295454469522,
0.367913149164353));
#30760=CARTESIAN_POINT('',(0.862269403018705,-0.441211778761434,
0.368794447384195));
#30770=CARTESIAN_POINT('',(0.857691502551089,-0.440834990841954,
0.369519104968614));
#30780=CARTESIAN_POINT('',(0.854289970934753,-0.440485874960313,
0.370030888044858));
#30790=CARTESIAN_POINT('',(0.852499802292428,-0.440314691885346,
0.37032417184624));
#30800=CARTESIAN_POINT('',(0.891897741032347,-0.441898120013501,
0.346355151752631));
#30810=CARTESIAN_POINT('',(0.890855599815483,-0.442495405955481,
0.346885167484168));
#30820=CARTESIAN_POINT('',(0.888580329477119,-0.443722682852895,
0.347974863633288));
#30830=CARTESIAN_POINT('',(0.884793399545971,-0.445478248062802,
0.34954848637098));
#30840=CARTESIAN_POINT('',(0.880840923911958,-0.446975259454444,
0.350936216281529));
#30850=CARTESIAN_POINT('',(0.876856913263462,-0.448085564561577,
0.352064983495663));
#30860=CARTESIAN_POINT('',(0.872867957204868,-0.448748562602308,
0.352925268345024));
#30870=CARTESIAN_POINT('',(0.86880198653746,-0.448984466893864,
0.353570339317441));
#30880=CARTESIAN_POINT('',(0.864542122393792,-0.448897379394626,
0.354102052638295));
#30890=CARTESIAN_POINT('',(0.861528350768065,-0.448745076815043,
0.354463634985059));
#30900=CARTESIAN_POINT('',(0.860000002692368,-0.448685581267394,
0.354663487030468));
#30910=CARTESIAN_POINT('',(0.895270738681542,-0.445271117662699,
0.334736549770558));
#30920=CARTESIAN_POINT('',(0.894366203440076,-0.446070364287419,
0.334872818607886));
#30930=CARTESIAN_POINT('',(0.892434653983108,-0.447606581177895,
0.335170502967047));
#30940=CARTESIAN_POINT('',(0.889256028521505,-0.44964253917769,
0.335641428802309));
#30950=CARTESIAN_POINT('',(0.885883479140852,-0.451331205692043,
0.336092646163555));
#30960=CARTESIAN_POINT('',(0.882380369478646,-0.452612075091404,
0.336495274811008));
#30970=CARTESIAN_POINT('',(0.878778512484213,-0.453456878168184,
0.336839246259974));
#30980=CARTESIAN_POINT('',(0.875085325766112,-0.453882468042776,
0.337133069305538));
#30990=CARTESIAN_POINT('',(0.871306812729626,-0.453962523745058,
0.337399460642758));
#31000=CARTESIAN_POINT('',(0.868758845181825,-0.453879520182795,
0.337577962752198));
#31010=CARTESIAN_POINT('',(0.867500002206933,-0.453840251991006,
0.337671074318551));
#31020=CARTESIAN_POINT('',(0.896201332447776,-0.446201711428934,
0.325577986227435));
#31030=CARTESIAN_POINT('',(0.895426610035639,-0.446976433840723,
0.325577986227884));
#31040=CARTESIAN_POINT('',(0.893796456345227,-0.448445150003548,
0.325581241437188));
#31050=CARTESIAN_POINT('',(0.891140871365875,-0.450373346101348,
0.325595889876193));
#31060=CARTESIAN_POINT('',(0.888304916979006,-0.451995175200704,
0.325620303940101));
#31070=CARTESIAN_POINT('',(0.885317070931788,-0.453283838351,
0.325654483628815));
#31080=CARTESIAN_POINT('',(0.882205918295417,-0.454221895172964,
0.325698428942306));
#31090=CARTESIAN_POINT('',(0.879002993215511,-0.454807197841624,
0.325752139880596));
#31100=CARTESIAN_POINT('',(0.875746913027198,-0.455060116743527,
0.325815616431278));
#31110=CARTESIAN_POINT('',(0.873574738444314,-0.455041285129018,
0.325864444540374));
#31120=CARTESIAN_POINT('',(0.872500001872703,-0.455000379035995,
0.325890486189971));
#31130=CARTESIAN_POINT('',(0.896213202918121,-0.446213581899279,
0.320000000026929));
#31140=CARTESIAN_POINT('',(0.895519008133709,-0.446907776683693,
0.320000000026929));
#31150=CARTESIAN_POINT('',(0.894062412273352,-0.448227957557322,
0.320000000026961));
#31160=CARTESIAN_POINT('',(0.89169392498029,-0.44998454737025,
0.320000000027107));
#31170=CARTESIAN_POINT('',(0.88916464868879,-0.451500542531278,
0.320000000027349));
#31180=CARTESIAN_POINT('',(0.886498944558233,-0.452761339060979,
0.320000000027687));
#31190=CARTESIAN_POINT('',(0.883722498634403,-0.453754781237579,
0.320000000028122));
#31200=CARTESIAN_POINT('',(0.880862069379418,-0.45447128461411,
0.320000000028653));
#31210=CARTESIAN_POINT('',(0.877945216720985,-0.454903939895926,
0.320000000029281));
#31220=CARTESIAN_POINT('',(0.875981748825527,-0.455000378910876,
0.320000000029763));
#31230=CARTESIAN_POINT('',(0.875000001699812,-0.45500037896739,
0.320000000030021));
#31240=B_SPLINE_SURFACE_WITH_KNOTS('',3,3,((#30470,#30580,#30690,#30800,
#30910,#31020,#31130),(#30480,#30590,#30700,#30810,#30920,#31030,#31140)
,(#30490,#30600,#30710,#30820,#30930,#31040,#31150),(#30500,#30610,
#30720,#30830,#30940,#31050,#31160),(#30510,#30620,#30730,#30840,#30950,
#31060,#31170),(#30520,#30630,#30740,#30850,#30960,#31070,#31180),(
#30530,#30640,#30750,#30860,#30970,#31080,#31190),(#30540,#30650,#30760,
#30870,#30980,#31090,#31200),(#30550,#30660,#30770,#30880,#30990,#31100,
#31210),(#30560,#30670,#30780,#30890,#31000,#31110,#31220),(#30570,
#30680,#30790,#30900,#31010,#31120,#31230)),.UNSPECIFIED.,.F.,.F.,.F.,(4
,1,1,1,1,1,1,1,4),(4,1,1,1,4),(-7.37830096651909E-15,0.125,0.25,0.375,
0.5,0.625,0.75,0.875,0.999999926224085),(-2.00863521226322E-5,0.25,0.5,
0.75,0.999999999175792),.UNSPECIFIED.);
#31250=CARTESIAN_POINT('',(0.880864077572156,-0.430864456553309,
0.369515247250304));
#31260=CARTESIAN_POINT('',(0.879562807217844,-0.431070594109863,
0.370444752359691));
#31270=CARTESIAN_POINT('',(0.876856591983186,-0.431441006680431,
0.372237407340733));
#31280=CARTESIAN_POINT('',(0.872674531557449,-0.431797998230919,
0.374666692800334));
#31290=CARTESIAN_POINT('',(0.868475752530954,-0.431906887713906,
0.376801376125807));
#31300=CARTESIAN_POINT('',(0.864284019411254,-0.431741760934874,
0.378632274372855));
#31310=CARTESIAN_POINT('',(0.860040847556459,-0.431300262031472,
0.38017592504713));
#31320=CARTESIAN_POINT('',(0.855605502602619,-0.430603592916089,
0.381474586217264));
#31330=CARTESIAN_POINT('',(0.850754994472041,-0.429696514722658,
0.382596238400624));
#31340=CARTESIAN_POINT('',(0.847041039938059,-0.428997071828865,
0.383288472189626));
#31350=CARTESIAN_POINT('',(0.844999401010642,-0.428638984432963,
0.383640612092877));
#31360=B_SPLINE_CURVE_WITH_KNOTS('',3,(#31250,#31260,#31270,#31280,
#31290,#31300,#31310,#31320,#31330,#31340,#31350),.UNSPECIFIED.,.F.,.F.,
(4,1,1,1,1,1,1,1,4),(-7.37830096651909E-15,0.125,0.25,0.375,0.5,0.625,
0.75,0.875,0.999999926224085),.UNSPECIFIED.);
#31370=CARTESIAN_POINT('',(0.844999972377868,-0.428639982920003,
0.383639613530936));
#31380=VERTEX_POINT('',#31370);
#31390=EDGE_CURVE('',#30190,#31380,#31360,.T.);
#31400=ORIENTED_EDGE('',*,*,#31390,.T.);
#31410=ORIENTED_EDGE('',*,*,#30200,.F.);
#31420=ORIENTED_EDGE('',*,*,#29090,.T.);
#31430=CARTESIAN_POINT('',(0.875000001699812,-0.45500037896739,
0.320000000030021));
#31440=CARTESIAN_POINT('',(0.872500001872703,-0.455000379035995,
0.325890486189971));
#31450=CARTESIAN_POINT('',(0.867500002206933,-0.453840251991006,
0.337671074318551));
#31460=CARTESIAN_POINT('',(0.860000002692368,-0.448685581267394,
0.354663487030468));
#31470=CARTESIAN_POINT('',(0.852499802292428,-0.440314691885346,
0.37032417184624));
#31480=CARTESIAN_POINT('',(0.847499601727661,-0.432804553605008,
0.379475174682434));
#31490=CARTESIAN_POINT('',(0.844999401010642,-0.428638984432963,
0.383640612092877));
#31500=B_SPLINE_CURVE_WITH_KNOTS('',3,(#31430,#31440,#31450,#31460,
#31470,#31480,#31490),.UNSPECIFIED.,.F.,.F.,(4,1,1,1,4),(
-2.00863521225836E-5,0.249979912823669,0.499979912823669,
0.749979912823669,0.999999999175792),.UNSPECIFIED.);
#31510=EDGE_CURVE('',#28990,#31380,#31500,.T.);
#31520=ORIENTED_EDGE('',*,*,#31510,.F.);
#31530=EDGE_LOOP('',(#31520,#31420,#31410,#31400));
#31540=FACE_OUTER_BOUND('',#31530,.T.);
#31550=ADVANCED_FACE('',(#31540),#31240,.T.);
#31560=COLOUR_RGB('',0.368627458810806,0.384313762187958,
0.466666698455811);
#31570=FILL_AREA_STYLE_COLOUR('',#31560);
#31580=FILL_AREA_STYLE('',(#31570));
#31590=SURFACE_STYLE_FILL_AREA(#31580);
#31600=SURFACE_SIDE_STYLE('',(#31590));
#31610=SURFACE_STYLE_USAGE(.BOTH.,#31600);
#31620=PRESENTATION_STYLE_ASSIGNMENT((#31610));
#31630=CARTESIAN_POINT('',(-0.27500000001404,-0.365000378967391,
0.319999999971761));
#31640=DIRECTION('',(-1.,-7.08834700347877E-16,0.));
#31650=DIRECTION('',(-7.08834700347877E-16,1.,0.));
#31660=AXIS2_PLACEMENT_3D('',#31630,#31640,#31650);
#31670=CYLINDRICAL_SURFACE('',#31660,0.09);
#31680=CARTESIAN_POINT('',(0.844999941156296,-0.428639977445468,
0.383639618914704));
#31690=CARTESIAN_POINT('',(0.842499938772295,-0.424474806850432,
0.387804788043483));
#31700=CARTESIAN_POINT('',(0.838749935266645,-0.417611615569246,
0.393436762430888));
#31710=CARTESIAN_POINT('',(0.833749930748084,-0.407494267830827,
0.39950045560244));
#31720=CARTESIAN_POINT('',(0.829999927440717,-0.399497200102785,
0.403282902004345));
#31730=CARTESIAN_POINT('',(0.826249924218639,-0.391167846170893,
0.406263211635452));
#31740=CARTESIAN_POINT('',(0.822499921085583,-0.382586558444083,
0.408412723850356));
#31750=CARTESIAN_POINT('',(0.818749919069907,-0.373835996786864,
0.409710685774465));
#31760=CARTESIAN_POINT('',(0.816249918131994,-0.367945591853911,
0.410000000913294));
#31770=CARTESIAN_POINT('',(0.814999918192053,-0.365000350190876,
0.409999999971723));
#31780=B_SPLINE_CURVE_WITH_KNOTS('',3,(#31680,#31690,#31700,#31710,
#31720,#31730,#31740,#31750,#31760,#31770),.UNSPECIFIED.,.F.,.F.,(4,1,1,
1,1,1,1,4),(-2.02809857588691E-16,0.25,0.375,0.5,0.625,0.75,0.875,
0.999999897538199),.UNSPECIFIED.);
#31790=CARTESIAN_POINT('',(0.820000027142542,-0.376747849727508,
0.409230022557997));
#31800=VERTEX_POINT('',#31790);
#31810=EDGE_CURVE('',#31380,#31800,#31780,.T.);
#31820=ORIENTED_EDGE('',*,*,#31810,.T.);
#31830=ORIENTED_EDGE('',*,*,#31510,.T.);
#31840=CARTESIAN_POINT('',(0.819999999986216,-0.45500037896739,
0.319999999971761));
#31850=DIRECTION('',(1.,0.,0.));
#31860=VECTOR('',#31850,1.);
#31870=LINE('',#31840,#31860);
#31880=CARTESIAN_POINT('',(0.819999999986219,-0.455000378967388,
0.319999999971761));
#31890=VERTEX_POINT('',#31880);
#31900=EDGE_CURVE('',#31890,#28990,#31870,.T.);
#31910=ORIENTED_EDGE('',*,*,#31900,.T.);
#31920=CARTESIAN_POINT('',(0.819999999986218,-0.36500037896739,
0.319999999971761));
#31930=DIRECTION('',(-1.,-1.23358113847243E-15,0.));
#31940=DIRECTION('',(1.23358113847243E-15,-1.,0.));
#31950=AXIS2_PLACEMENT_3D('',#31920,#31930,#31940);
#31960=CIRCLE('',#31950,0.0899999999999975);
#31970=EDGE_CURVE('',#31890,#31800,#31960,.T.);
#31980=ORIENTED_EDGE('',*,*,#31970,.F.);
#31990=EDGE_LOOP('',(#31980,#31910,#31830,#31820));
#32000=FACE_OUTER_BOUND('',#31990,.T.);
#32010=ADVANCED_FACE('',(#32000),#31670,.T.);
#32020=COLOUR_RGB('',0.368627458810806,0.384313762187958,
0.466666698455811);
#32030=FILL_AREA_STYLE_COLOUR('',#32020);
#32040=FILL_AREA_STYLE('',(#32030));
#32050=SURFACE_STYLE_FILL_AREA(#32040);
#32060=SURFACE_SIDE_STYLE('',(#32050));
#32070=SURFACE_STYLE_USAGE(.BOTH.,#32060);
#32080=PRESENTATION_STYLE_ASSIGNMENT((#32070));
#32090=CARTESIAN_POINT('',(1.72999999998622,-0.365000378967389,
0.319999999971761));
#32100=DIRECTION('',(1.,1.22124532708767E-15,0.));
#32110=DIRECTION('',(1.22124532708767E-15,-1.,0.));
#32120=AXIS2_PLACEMENT_3D('',#32090,#32100,#32110);
#32130=CONICAL_SURFACE('',#32120,1.,0.785398163397449);
#32140=CARTESIAN_POINT('',(0.784999621018825,-0.419999999999995,
0.319999999971761));
#32150=DIRECTION('',(0.707106781186548,-0.707106781186548,0.));
#32160=VECTOR('',#32150,1.);
#32170=LINE('',#32140,#32160);
#32180=EDGE_CURVE('',#12040,#31890,#32170,.T.);
#32190=ORIENTED_EDGE('',*,*,#32180,.T.);
#32200=ORIENTED_EDGE('',*,*,#12070,.F.);
#32210=ORIENTED_EDGE('',*,*,#15330,.F.);
#32220=ORIENTED_EDGE('',*,*,#15230,.F.);
#32230=CARTESIAN_POINT('',(0.820000020120547,-0.376747675557926,
0.409230065795972));
#32240=CARTESIAN_POINT('',(0.819999728870611,-0.375924694620839,
0.40933811893442));
#32250=CARTESIAN_POINT('',(0.819994461157071,-0.374275048325506,
0.409526817164526));
#32260=CARTESIAN_POINT('',(0.819972576438722,-0.371792618340182,
0.409727347651324));
#32270=CARTESIAN_POINT('',(0.819948556741408,-0.370134316764997,
0.409805757083272));
#32280=CARTESIAN_POINT('',(0.819934322022664,-0.369304848271536,
0.40983125190651));
#32290=B_SPLINE_CURVE_WITH_KNOTS('',3,(#32230,#32240,#32250,#32260,
#32270,#32280),.UNSPECIFIED.,.F.,.F.,(4,1,1,4),(0.,0.333333333333333,
0.666666666666667,1.),.UNSPECIFIED.);
#32300=EDGE_CURVE('',#31800,#15110,#32290,.T.);
#32310=ORIENTED_EDGE('',*,*,#32300,.T.);
#32320=ORIENTED_EDGE('',*,*,#31970,.T.);
#32330=EDGE_LOOP('',(#32320,#32310,#32220,#32210,#32200,#32190));
#32340=FACE_OUTER_BOUND('',#32330,.T.);
#32350=ADVANCED_FACE('',(#32340),#32130,.T.);
#32360=COLOUR_RGB('',0.368627458810806,0.384313762187958,
0.466666698455811);
#32370=FILL_AREA_STYLE_COLOUR('',#32360);
#32380=FILL_AREA_STYLE('',(#32370));
#32390=SURFACE_STYLE_FILL_AREA(#32380);
#32400=SURFACE_SIDE_STYLE('',(#32390));
#32410=SURFACE_STYLE_USAGE(.BOTH.,#32400);
#32420=PRESENTATION_STYLE_ASSIGNMENT((#32410));
#32430=CARTESIAN_POINT('',(0.802499999986216,-0.43750037896739,
0.204999999971792));
#32440=DIRECTION('',(-0.707106781186548,-0.707106781186547,0.));
#32450=DIRECTION('',(-0.707106781186547,0.707106781186548,0.));
#32460=AXIS2_PLACEMENT_3D('',#32430,#32440,#32450);
#32470=PLANE('',#32460);
#32480=ORIENTED_EDGE('',*,*,#8880,.F.);
#32490=ORIENTED_EDGE('',*,*,#12130,.T.);
#32500=ORIENTED_EDGE('',*,*,#32180,.F.);
#32510=CARTESIAN_POINT('',(0.819999999986216,-0.45500037896739,
0.319999999971761));
#32520=DIRECTION('',(0.,0.,-1.));
#32530=VECTOR('',#32520,1.);
#32540=LINE('',#32510,#32530);
#32550=EDGE_CURVE('',#31890,#8870,#32540,.T.);
#32560=ORIENTED_EDGE('',*,*,#32550,.F.);
#32570=EDGE_LOOP('',(#32560,#32500,#32490,#32480));
#32580=FACE_OUTER_BOUND('',#32570,.T.);
#32590=ADVANCED_FACE('',(#32580),#32470,.T.);
#32600=COLOUR_RGB('',0.368627458810806,0.384313762187958,
0.466666698455811);
#32610=FILL_AREA_STYLE_COLOUR('',#32600);
#32620=FILL_AREA_STYLE('',(#32610));
#32630=SURFACE_STYLE_FILL_AREA(#32620);
#32640=SURFACE_SIDE_STYLE('',(#32630));
#32650=SURFACE_STYLE_USAGE(.BOTH.,#32640);
#32660=PRESENTATION_STYLE_ASSIGNMENT((#32650));
#32670=CARTESIAN_POINT('',(0.677499999986117,-0.45500037896739,
0.0874999999859036));
#32680=DIRECTION('',(-7.08834700347877E-16,1.,0.));
#32690=DIRECTION('',(-1.,-7.08834700347877E-16,0.));
#32700=AXIS2_PLACEMENT_3D('',#32670,#32680,#32690);
#32710=PLANE('',#32700);
#32720=ORIENTED_EDGE('',*,*,#31900,.F.);
#32730=ORIENTED_EDGE('',*,*,#29000,.F.);
#32740=ORIENTED_EDGE('',*,*,#8960,.F.);
#32750=ORIENTED_EDGE('',*,*,#32550,.T.);
#32760=EDGE_LOOP('',(#32750,#32740,#32730,#32720));
#32770=FACE_OUTER_BOUND('',#32760,.T.);
#32780=ADVANCED_FACE('',(#32770),#32710,.F.);
#32790=COLOUR_RGB('',0.368627458810806,0.384313762187958,
0.466666698455811);
#32800=FILL_AREA_STYLE_COLOUR('',#32790);
#32810=FILL_AREA_STYLE('',(#32800));
#32820=SURFACE_STYLE_FILL_AREA(#32810);
#32830=SURFACE_SIDE_STYLE('',(#32820));
#32840=SURFACE_STYLE_USAGE(.BOTH.,#32830);
#32850=PRESENTATION_STYLE_ASSIGNMENT((#32840));
#32860=CARTESIAN_POINT('',(0.880864605501775,-0.430864984482928,
0.36951435106754));
#32870=CARTESIAN_POINT('',(0.881276885437155,-0.428262469418624,
0.371373380648876));
#32880=CARTESIAN_POINT('',(0.881762801405899,-0.424071961321025,
0.373955256041698));
#32890=CARTESIAN_POINT('',(0.881907043533909,-0.418477239124897,
0.376800360644777));
#32900=CARTESIAN_POINT('',(0.881742208237648,-0.41428475800774,
0.378631473238681));
#32910=CARTESIAN_POINT('',(0.88130072229484,-0.410041788553166,
0.38017502430234));
#32920=CARTESIAN_POINT('',(0.880604125658565,-0.405606406656695,
0.381473652781668));
#32930=CARTESIAN_POINT('',(0.879697092022286,-0.400755936191435,
0.382595254430266));
#32940=CARTESIAN_POINT('',(0.878997681135051,-0.397042002420175,
0.383287471654584));
#32950=CARTESIAN_POINT('',(0.878639609662784,-0.395000383987903,
0.383639607901851));
#32960=CARTESIAN_POINT('',(0.878262090437472,-0.431277264418308,
0.371373380648877));
#32970=CARTESIAN_POINT('',(0.878709277003379,-0.428709655984531,
0.373239610435122));
#32980=CARTESIAN_POINT('',(0.879223547672557,-0.424270184258241,
0.37614513441679));
#32990=CARTESIAN_POINT('',(0.879225772686609,-0.418093879743832,
0.379584738812876));
#33000=CARTESIAN_POINT('',(0.878848526632209,-0.413432344988465,
0.381856252181673));
#33010=CARTESIAN_POINT('',(0.87809956891638,-0.4087307041135,
0.383777068975574));
#33020=CARTESIAN_POINT('',(0.877040200217962,-0.403855007862274,
0.385363397308908));
#33030=CARTESIAN_POINT('',(0.875778573961423,-0.39858113578892,
0.386678549912081));
#33040=CARTESIAN_POINT('',(0.874898218611058,-0.394624736754781,
0.387437818702618));
#33050=CARTESIAN_POINT('',(0.874474441122661,-0.392500384191353,
0.387804776567104));
#33060=CARTESIAN_POINT('',(0.872669728173878,-0.431926589926362,
0.37481745068738));
#33070=CARTESIAN_POINT('',(0.87287052051425,-0.429264262447827,
0.376964326469876));
#33080=CARTESIAN_POINT('',(0.873057237459274,-0.424333004603733,
0.380549267258839));
#33090=CARTESIAN_POINT('',(0.872553255576368,-0.417122080553713,
0.384970131933542));
#33100=CARTESIAN_POINT('',(0.871735392895005,-0.411599154783892,
0.387929786052594));
#33110=CARTESIAN_POINT('',(0.870483258054758,-0.406014292445238,
0.390432724941304));
#33120=CARTESIAN_POINT('',(0.868882329795821,-0.400272814967438,
0.392465108539319));
#33130=CARTESIAN_POINT('',(0.867085766971963,-0.394188381280838,
0.394078776592895));
#33140=CARTESIAN_POINT('',(0.865888910584522,-0.389786950182957,
0.394932340655153));
#33150=CARTESIAN_POINT('',(0.865323754359632,-0.387500384590249,
0.395314535828277));
#33160=CARTESIAN_POINT('',(0.864296537447267,-0.431884661229443,
0.378779346815321));
#33170=CARTESIAN_POINT('',(0.863578286631105,-0.428771087216559,
0.381754976094029));
#33180=CARTESIAN_POINT('',(0.862478297634962,-0.4231561591347,
0.386322177820809));
#33190=CARTESIAN_POINT('',(0.860546064644987,-0.414766392082898,
0.391731452833007));
#33200=CARTESIAN_POINT('',(0.85880581465842,-0.408219688168746,
0.395299594274507));
#33210=CARTESIAN_POINT('',(0.856768572394921,-0.401508257311361,
0.398289218100989));
#33220=CARTESIAN_POINT('',(0.854488008879533,-0.394620713740844,
0.40067708434798));
#33230=CARTESIAN_POINT('',(0.852067905770907,-0.387483165865621,
0.402488450059285));
#33240=CARTESIAN_POINT('',(0.850451034752806,-0.382519467558355,
0.403342637769648));
#33250=CARTESIAN_POINT('',(0.84966348933545,-0.380000385162029,
0.403685201324029));
#33260=CARTESIAN_POINT('',(0.855799894257332,-0.430713635947498,
0.381566444414895));
#33270=CARTESIAN_POINT('',(0.854012317396127,-0.427024075461222,
0.385387660787843));
#33280=CARTESIAN_POINT('',(0.851334368889376,-0.42077972345693,
0.390738269902055));
#33290=CARTESIAN_POINT('',(0.847636709846243,-0.411489172610611,
0.396725344260227));
#33300=CARTESIAN_POINT('',(0.844779753026558,-0.404154462987038,
0.4005753548055));
#33310=CARTESIAN_POINT('',(0.841834508188202,-0.396539931115122,
0.403738996258015));
#33320=CARTESIAN_POINT('',(0.838814008405039,-0.38870513149261,
0.406193788389111));
#33330=CARTESIAN_POINT('',(0.835746038673351,-0.380687015764587,
0.407933835248976));
#33340=CARTESIAN_POINT('',(0.833693413756147,-0.37524013347969,
0.40861802846555));
#33350=CARTESIAN_POINT('',(0.832671049791006,-0.372500373698322,
0.408839880637812));
#33360=CARTESIAN_POINT('',(0.849083208546094,-0.429356124802902,
0.382935342250383));
#33370=CARTESIAN_POINT('',(0.846748674191028,-0.425322366506954,
0.387070869264165));
#33380=CARTESIAN_POINT('',(0.843241989806069,-0.41867115732694,
0.392680017103415));
#33390=CARTESIAN_POINT('',(0.838555608503897,-0.40884712268942,
0.398775648492618));
#33400=CARTESIAN_POINT('',(0.83503516229794,-0.401075439092128,
0.402618096135507));
#33410=CARTESIAN_POINT('',(0.831508796619493,-0.392977493265548,
0.405698638730119));
#33420=CARTESIAN_POINT('',(0.827976252140825,-0.384633296275171,
0.407991504431443));
#33430=CARTESIAN_POINT('',(0.824437270430326,-0.376120257518836,
0.409476621106825));
#33440=CARTESIAN_POINT('',(0.82207348452315,-0.370378655618053,
0.409918193545222));
#33450=CARTESIAN_POINT('',(0.820890432544092,-0.367500362032617,
0.410000005342132));
#33460=CARTESIAN_POINT('',(0.844999941156296,-0.428639977445468,
0.383639618914704));
#33470=CARTESIAN_POINT('',(0.842499938772295,-0.424474806850432,
0.387804788043483));
#33480=CARTESIAN_POINT('',(0.838749935266645,-0.417611615569246,
0.393436762430888));
#33490=CARTESIAN_POINT('',(0.833749930748084,-0.407494267830827,
0.39950045560244));
#33500=CARTESIAN_POINT('',(0.829999927440717,-0.399497200102785,
0.403282902004345));
#33510=CARTESIAN_POINT('',(0.826249924218639,-0.391167846170893,
0.406263211635452));
#33520=CARTESIAN_POINT('',(0.822499921085583,-0.382586558444083,
0.408412723850356));
#33530=CARTESIAN_POINT('',(0.818749919069907,-0.373835996786864,
0.409710685774465));
#33540=CARTESIAN_POINT('',(0.816249918131994,-0.367945591853911,
0.410000000913294));
#33550=CARTESIAN_POINT('',(0.814999918192053,-0.365000350190876,
0.409999999971723));
#33560=B_SPLINE_SURFACE_WITH_KNOTS('',3,3,((#32860,#32960,#33060,#33160,
#33260,#33360,#33460),(#32870,#32970,#33070,#33170,#33270,#33370,#33470)
,(#32880,#32980,#33080,#33180,#33280,#33380,#33480),(#32890,#32990,
#33090,#33190,#33290,#33390,#33490),(#32900,#33000,#33100,#33200,#33300,
#33400,#33500),(#32910,#33010,#33110,#33210,#33310,#33410,#33510),(
#32920,#33020,#33120,#33220,#33320,#33420,#33520),(#32930,#33030,#33130,
#33230,#33330,#33430,#33530),(#32940,#33040,#33140,#33240,#33340,#33440,
#33540),(#32950,#33050,#33150,#33250,#33350,#33450,#33550)),
.UNSPECIFIED.,.F.,.F.,.F.,(4,1,1,1,1,1,1,4),(4,1,1,1,4),(
-2.02809857588691E-16,0.25,0.375,0.5,0.625,0.75,0.875,0.999999897538199)
,(8.88178419700125E-16,0.25,0.5,0.75,1.00000120063713),.UNSPECIFIED.);
#33570=ORIENTED_EDGE('',*,*,#30330,.T.);
#33580=ORIENTED_EDGE('',*,*,#31390,.F.);
#33590=ORIENTED_EDGE('',*,*,#31810,.F.);
#33600=ORIENTED_EDGE('',*,*,#32300,.F.);
#33610=ORIENTED_EDGE('',*,*,#15120,.F.);
#33620=ORIENTED_EDGE('',*,*,#28500,.F.);
#33630=EDGE_LOOP('',(#33620,#33610,#33600,#33590,#33580,#33570));
#33640=FACE_OUTER_BOUND('',#33630,.T.);
#33650=ADVANCED_FACE('',(#33640),#33560,.T.);
#33660=COLOUR_RGB('',0.368627458810806,0.384313762187958,
0.466666698455811);
#33670=FILL_AREA_STYLE_COLOUR('',#33660);
#33680=FILL_AREA_STYLE('',(#33670));
#33690=SURFACE_STYLE_FILL_AREA(#33680);
#33700=SURFACE_SIDE_STYLE('',(#33690));
#33710=SURFACE_STYLE_USAGE(.BOTH.,#33700);
#33720=PRESENTATION_STYLE_ASSIGNMENT((#33710));
#33730=CARTESIAN_POINT('',(0.784999999971133,0.205000000000005,
0.319999999971809));
#33740=DIRECTION('',(0.,-1.,0.));
#33750=DIRECTION('',(0.,0.,1.));
#33760=AXIS2_PLACEMENT_3D('',#33730,#33740,#33750);
#33770=CYLINDRICAL_SURFACE('',#33760,0.09);
#33780=ORIENTED_EDGE('',*,*,#27210,.T.);
#33790=CARTESIAN_POINT('',(0.784999999971133,0.285000379160723,
0.319999999971809));
#33800=DIRECTION('',(0.,-1.,0.));
#33810=DIRECTION('',(1.,-0.,0.));
#33820=AXIS2_PLACEMENT_3D('',#33790,#33800,#33810);
#33830=CIRCLE('',#33820,0.0900000000000019);
#33840=EDGE_CURVE('',#7480,#27120,#33830,.T.);
#33850=ORIENTED_EDGE('',*,*,#33840,.T.);
#33860=ORIENTED_EDGE('',*,*,#7490,.F.);
#33870=CARTESIAN_POINT('',(0.784999999971133,0.065000000000329,
0.319999999971809));
#33880=DIRECTION('',(0.,1.,0.));
#33890=DIRECTION('',(0.920403404924579,-0.,0.39097004003279));
#33900=AXIS2_PLACEMENT_3D('',#33870,#33880,#33890);
#33910=CIRCLE('',#33900,0.09);
#33920=CARTESIAN_POINT('',(0.867836306413422,0.065000000000364,
0.355187303576934));
#33930=VERTEX_POINT('',#33920);
#33940=EDGE_CURVE('',#33930,#7400,#33910,.T.);
#33950=ORIENTED_EDGE('',*,*,#33940,.T.);
#33960=CARTESIAN_POINT('',(0.867836306412498,-0.064999999999777,
0.355187303579108));
#33970=DIRECTION('',(0.,1.,0.));
#33980=VECTOR('',#33970,1.);
#33990=LINE('',#33960,#33980);
#34000=CARTESIAN_POINT('',(0.867836306413422,-0.064999999999812,
0.355187303576934));
#34010=VERTEX_POINT('',#34000);
#34020=EDGE_CURVE('',#34010,#33930,#33990,.T.);
#34030=ORIENTED_EDGE('',*,*,#34020,.T.);
#34040=CARTESIAN_POINT('',(0.784999999971133,-0.064999999999777,
0.319999999971809));
#34050=DIRECTION('',(-0.,1.,0.));
#34060=DIRECTION('',(0.920403404924579,0.,0.39097004003279));
#34070=AXIS2_PLACEMENT_3D('',#34040,#34050,#34060);
#34080=CIRCLE('',#34070,0.09);
#34090=EDGE_CURVE('',#34010,#7160,#34080,.T.);
#34100=ORIENTED_EDGE('',*,*,#34090,.F.);
#34110=ORIENTED_EDGE('',*,*,#7170,.T.);
#34120=ORIENTED_EDGE('',*,*,#27860,.F.);
#34130=EDGE_LOOP('',(#34120,#34110,#34100,#34030,#33950,#33860,#33850,
#33780));
#34140=FACE_OUTER_BOUND('',#34130,.T.);
#34150=ADVANCED_FACE('',(#34140),#33770,.T.);
#34160=COLOUR_RGB('',0.368627458810806,0.384313762187958,
0.466666698455811);
#34170=FILL_AREA_STYLE_COLOUR('',#34160);
#34180=FILL_AREA_STYLE('',(#34170));
#34190=SURFACE_STYLE_FILL_AREA(#34180);
#34200=SURFACE_SIDE_STYLE('',(#34190));
#34210=SURFACE_STYLE_USAGE(.BOTH.,#34200);
#34220=PRESENTATION_STYLE_ASSIGNMENT((#34210));
#34230=CARTESIAN_POINT('',(0.895000000000252,-0.0949999999997774,
0.319999999985554));
#34240=DIRECTION('',(-1.,-1.43771673970554E-25,2.64702390967094E-13));
#34250=DIRECTION('',(2.64702390967094E-13,0.,1.));
#34260=AXIS2_PLACEMENT_3D('',#34230,#34240,#34250);
#34270=PLANE('',#34260);
#34280=CARTESIAN_POINT('',(0.895000000000248,0.0650000000002997,
0.290419423104634));
#34290=DIRECTION('',(0.,9.92724421182633E-13,1.));
#34300=VECTOR('',#34290,1.);
#34310=LINE('',#34280,#34300);
#34320=CARTESIAN_POINT('',(0.895000000000244,0.0650000000003072,
0.290419423104631));
#34330=VERTEX_POINT('',#34320);
#34340=CARTESIAN_POINT('',(0.895000000000252,0.0650000000003307,
0.320419423104683));
#34350=VERTEX_POINT('',#34340);
#34360=EDGE_CURVE('',#34330,#34350,#34310,.T.);
#34370=ORIENTED_EDGE('',*,*,#34360,.T.);
#34380=CARTESIAN_POINT('',(0.895000000000244,-0.0649999999997627,
0.290419423104695));
#34390=DIRECTION('',(0.,1.,0.));
#34400=VECTOR('',#34390,1.);
#34410=LINE('',#34380,#34400);
#34420=CARTESIAN_POINT('',(0.895000000000244,-0.0649999999997552,
0.290419423104631));
#34430=VERTEX_POINT('',#34420);
#34440=EDGE_CURVE('',#34430,#34330,#34410,.T.);
#34450=ORIENTED_EDGE('',*,*,#34440,.T.);
#34460=CARTESIAN_POINT('',(0.895000000000248,-0.0649999999997477,
0.290419423104634));
#34470=DIRECTION('',(0.,-9.92724421182633E-13,1.));
#34480=VECTOR('',#34470,1.);
#34490=LINE('',#34460,#34480);
#34500=CARTESIAN_POINT('',(0.895000000000252,-0.0649999999997787,
0.320419423104683));
#34510=VERTEX_POINT('',#34500);
#34520=EDGE_CURVE('',#34430,#34510,#34490,.T.);
#34530=ORIENTED_EDGE('',*,*,#34520,.F.);
#34540=CARTESIAN_POINT('',(0.895000000000252,0.0650000000002218,
0.320419423104684));
#34550=DIRECTION('',(0.,-1.,0.));
#34560=VECTOR('',#34550,1.);
#34570=LINE('',#34540,#34560);
#34580=EDGE_CURVE('',#34350,#34510,#34570,.T.);
#34590=ORIENTED_EDGE('',*,*,#34580,.T.);
#34600=EDGE_LOOP('',(#34590,#34530,#34450,#34370));
#34610=FACE_OUTER_BOUND('',#34600,.T.);
#34620=ADVANCED_FACE('',(#34610),#34270,.F.);
#34630=COLOUR_RGB('',0.368627458810806,0.384313762187958,
0.466666698455811);
#34640=FILL_AREA_STYLE_COLOUR('',#34630);
#34650=FILL_AREA_STYLE('',(#34640));
#34660=SURFACE_STYLE_FILL_AREA(#34650);
#34670=SURFACE_SIDE_STYLE('',(#34660));
#34680=SURFACE_STYLE_USAGE(.BOTH.,#34670);
#34690=PRESENTATION_STYLE_ASSIGNMENT((#34680));
#34700=CARTESIAN_POINT('',(-0.895000000000326,0.0950000001926586,
0.319999999957421));
#34710=DIRECTION('',(1.,1.43771673970554E-25,2.64702390967094E-13));
#34720=DIRECTION('',(-2.64702390967094E-13,0.,1.));
#34730=AXIS2_PLACEMENT_3D('',#34700,#34710,#34720);
#34740=PLANE('',#34730);
#34750=CARTESIAN_POINT('',(-0.895000000000318,0.0649999998078934,
0.290419423076562));
#34760=DIRECTION('',(-2.66453525910139E-13,0.,1.));
#34770=VECTOR('',#34760,1.);
#34780=LINE('',#34750,#34770);
#34790=CARTESIAN_POINT('',(-0.895000000000326,0.0649999998078934,
0.320419423076604));
#34800=VERTEX_POINT('',#34790);
#34810=EDGE_CURVE('',#110,#34800,#34780,.T.);
#34820=ORIENTED_EDGE('',*,*,#34810,.F.);
#34830=CARTESIAN_POINT('',(-0.895000000000326,-0.0649999998073414,
0.320419423076551));
#34840=DIRECTION('',(0.,1.,0.));
#34850=VECTOR('',#34840,1.);
#34860=LINE('',#34830,#34850);
#34870=CARTESIAN_POINT('',(-0.895000000000326,-0.0649999998073414,
0.320419423076604));
#34880=VERTEX_POINT('',#34870);
#34890=EDGE_CURVE('',#34880,#34800,#34860,.T.);
#34900=ORIENTED_EDGE('',*,*,#34890,.T.);
#34910=CARTESIAN_POINT('',(-0.895000000000318,-0.0649999998073414,
0.290419423076562));
#34920=DIRECTION('',(-2.66453525910139E-13,0.,1.));
#34930=VECTOR('',#34920,1.);
#34940=LINE('',#34910,#34930);
#34950=EDGE_CURVE('',#210,#34880,#34940,.T.);
#34960=ORIENTED_EDGE('',*,*,#34950,.T.);
#34970=ORIENTED_EDGE('',*,*,#220,.T.);
#34980=EDGE_LOOP('',(#34970,#34960,#34900,#34820));
#34990=FACE_OUTER_BOUND('',#34980,.T.);
#35000=ADVANCED_FACE('',(#34990),#34740,.F.);
#35010=COLOUR_RGB('',0.368627458810806,0.384313762187958,
0.466666698455811);
#35020=FILL_AREA_STYLE_COLOUR('',#35010);
#35030=FILL_AREA_STYLE('',(#35020));
#35040=SURFACE_STYLE_FILL_AREA(#35030);
#35050=SURFACE_SIDE_STYLE('',(#35040));
#35060=SURFACE_STYLE_USAGE(.BOTH.,#35050);
#35070=PRESENTATION_STYLE_ASSIGNMENT((#35060));
#35080=CARTESIAN_POINT('',(0.615000000000191,-0.454999999999772,
0.319999999999942));
#35090=DIRECTION('',(0.,1.,0.));
#35100=DIRECTION('',(0.,0.,-1.));
#35110=AXIS2_PLACEMENT_3D('',#35080,#35090,#35100);
#35120=PLANE('',#35110);
#35130=CARTESIAN_POINT('',(0.279999999999938,-0.454999999999772,
0.294999999999942));
#35140=DIRECTION('',(1.,0.,0.));
#35150=VECTOR('',#35140,1.);
#35160=LINE('',#35130,#35150);
#35170=EDGE_CURVE('',#17070,#15720,#35160,.T.);
#35180=ORIENTED_EDGE('',*,*,#35170,.T.);
#35190=ORIENTED_EDGE('',*,*,#17080,.F.);
#35200=ORIENTED_EDGE('',*,*,#1080,.F.);
#35210=ORIENTED_EDGE('',*,*,#15790,.F.);
#35220=EDGE_LOOP('',(#35210,#35200,#35190,#35180));
#35230=FACE_OUTER_BOUND('',#35220,.T.);
#35240=ADVANCED_FACE('',(#35230),#35120,.F.);
#35250=COLOUR_RGB('',0.368627458810806,0.384313762187958,
0.466666698455811);
#35260=FILL_AREA_STYLE_COLOUR('',#35250);
#35270=FILL_AREA_STYLE('',(#35260));
#35280=SURFACE_STYLE_FILL_AREA(#35270);
#35290=SURFACE_SIDE_STYLE('',(#35280));
#35300=SURFACE_STYLE_USAGE(.BOTH.,#35290);
#35310=PRESENTATION_STYLE_ASSIGNMENT((#35300));
#35320=CARTESIAN_POINT('',(0.635000000000201,0.215000000000084,
0.0999999999863135));
#35330=DIRECTION('',(-1.,-3.54417350173938E-16,3.08395284618096E-16));
#35340=DIRECTION('',(3.08395284618096E-16,1.06930264278566E-32,1.));
#35350=AXIS2_PLACEMENT_3D('',#35320,#35330,#35340);
#35360=PLANE('',#35350);
#35370=CARTESIAN_POINT('',(0.635000000000202,-0.305000000000077,
0.319999999971809));
#35380=DIRECTION('',(1.,3.87123323021391E-35,1.1713377921666E-25));
#35390=DIRECTION('',(0.,1.,-3.3049674108554E-10));
#35400=AXIS2_PLACEMENT_3D('',#35370,#35380,#35390);
#35410=CIRCLE('',#35400,0.0899999999999999);
#35420=CARTESIAN_POINT('',(0.635000000000201,-0.237917960687452,
0.379999999985638));
#35430=VERTEX_POINT('',#35420);
#35440=EDGE_CURVE('',#760,#35430,#35410,.T.);
#35450=ORIENTED_EDGE('',*,*,#35440,.T.);
#35460=ORIENTED_EDGE('',*,*,#770,.F.);
#35470=CARTESIAN_POINT('',(0.635000000000199,-0.215000000000077,
0.139999999986314));
#35480=DIRECTION('',(5.16382802151042E-16,1.,0.));
#35490=VECTOR('',#35480,1.);
#35500=LINE('',#35470,#35490);
#35510=CARTESIAN_POINT('',(0.635000000000199,0.215000000000629,
0.139999999986313));
#35520=VERTEX_POINT('',#35510);
#35530=EDGE_CURVE('',#680,#35520,#35500,.T.);
#35540=ORIENTED_EDGE('',*,*,#35530,.F.);
#35550=CARTESIAN_POINT('',(0.635000000000201,0.215000000000323,
0.319999999971809));
#35560=DIRECTION('',(0.,0.,-1.));
#35570=VECTOR('',#35560,1.);
#35580=LINE('',#35550,#35570);
#35590=CARTESIAN_POINT('',(0.635000000000201,0.215000000000323,
0.319999999956937));
#35600=VERTEX_POINT('',#35590);
#35610=EDGE_CURVE('',#35600,#35520,#35580,.T.);
#35620=ORIENTED_EDGE('',*,*,#35610,.T.);
#35630=CARTESIAN_POINT('',(0.635000000000202,0.305000000000629,
0.319999999971809));
#35640=DIRECTION('',(-1.,3.87123323021391E-35,-1.1713377921666E-25));
#35650=DIRECTION('',(0.,-1.,-3.3049674108554E-10));
#35660=AXIS2_PLACEMENT_3D('',#35630,#35640,#35650);
#35670=CIRCLE('',#35660,0.0899999999999999);
#35680=CARTESIAN_POINT('',(0.635000000000201,0.237917960688004,
0.379999999985638));
#35690=VERTEX_POINT('',#35680);
#35700=EDGE_CURVE('',#35600,#35690,#35670,.T.);
#35710=ORIENTED_EDGE('',*,*,#35700,.F.);
#35720=CARTESIAN_POINT('',(0.635000000000201,0.237917960712486,
0.379999999985552));
#35730=DIRECTION('',(-2.33320557506963E-16,-1.,-6.99961672520888E-16));
#35740=VECTOR('',#35730,1.);
#35750=LINE('',#35720,#35740);
#35760=EDGE_CURVE('',#35690,#35430,#35750,.T.);
#35770=ORIENTED_EDGE('',*,*,#35760,.F.);
#35780=EDGE_LOOP('',(#35770,#35710,#35620,#35540,#35460,#35450));
#35790=FACE_OUTER_BOUND('',#35780,.T.);
#35800=ADVANCED_FACE('',(#35790),#35360,.T.);
#35810=COLOUR_RGB('',0.368627458810806,0.384313762187958,
0.466666698455811);
#35820=FILL_AREA_STYLE_COLOUR('',#35810);
#35830=FILL_AREA_STYLE('',(#35820));
#35840=SURFACE_STYLE_FILL_AREA(#35830);
#35850=SURFACE_SIDE_STYLE('',(#35840));
#35860=SURFACE_STYLE_USAGE(.BOTH.,#35850);
#35870=PRESENTATION_STYLE_ASSIGNMENT((#35860));
#35880=CARTESIAN_POINT('',(0.650000000000199,4.52970994047064E-14,
0.394999999978679));
#35890=DIRECTION('',(-0.707106781024616,-2.50610911620768E-16,
0.707106781348479));
#35900=DIRECTION('',(-0.707106781348479,6.54205191268058E-16,
-0.707106781024616));
#35910=AXIS2_PLACEMENT_3D('',#35880,#35890,#35900);
#35920=PLANE('',#35910);
#35930=CARTESIAN_POINT('',(0.574999999958978,0.305000000000629,
0.319999999971809));
#35940=DIRECTION('',(0.707106781024616,-2.50610911620768E-16,
-0.707106781348479));
#35950=DIRECTION('',(-0.707106781348479,2.50610911735551E-16,
-0.707106781024616));
#35960=AXIS2_PLACEMENT_3D('',#35930,#35940,#35950);
#35970=ELLIPSE('',#35960,0.127279220642726,0.0899999999999999);
#35980=EDGE_CURVE('',#26070,#35690,#35970,.T.);
#35990=ORIENTED_EDGE('',*,*,#35980,.T.);
#36000=ORIENTED_EDGE('',*,*,#26080,.F.);
#36010=CARTESIAN_POINT('',(0.574999999958978,-0.305000000000077,
0.319999999971809));
#36020=DIRECTION('',(-0.707106781024616,-2.50610911620768E-16,
0.707106781348479));
#36030=DIRECTION('',(-0.707106781348479,-2.50610911735551E-16,
-0.707106781024616));
#36040=AXIS2_PLACEMENT_3D('',#36010,#36020,#36030);
#36050=ELLIPSE('',#36040,0.127279220642726,0.0899999999999999);
#36060=EDGE_CURVE('',#25990,#35430,#36050,.T.);
#36070=ORIENTED_EDGE('',*,*,#36060,.F.);
#36080=ORIENTED_EDGE('',*,*,#35760,.T.);
#36090=EDGE_LOOP('',(#36080,#36070,#36000,#35990));
#36100=FACE_OUTER_BOUND('',#36090,.T.);
#36110=ADVANCED_FACE('',(#36100),#35920,.T.);
#36120=COLOUR_RGB('',0.368627458810806,0.384313762187958,
0.466666698455811);
#36130=FILL_AREA_STYLE_COLOUR('',#36120);
#36140=FILL_AREA_STYLE('',(#36130));
#36150=SURFACE_STYLE_FILL_AREA(#36140);
#36160=SURFACE_SIDE_STYLE('',(#36150));
#36170=SURFACE_STYLE_USAGE(.BOTH.,#36160);
#36180=PRESENTATION_STYLE_ASSIGNMENT((#36170));
#36190=CARTESIAN_POINT('',(0.289999999999954,-0.309999999999771,
0.100000000018294));
#36200=DIRECTION('',(-1.,0.,0.));
#36210=DIRECTION('',(0.,-1.,0.));
#36220=AXIS2_PLACEMENT_3D('',#36190,#36200,#36210);
#36230=CYLINDRICAL_SURFACE('',#36220,0.1);
#36240=ORIENTED_EDGE('',*,*,#9900,.F.);
#36250=ORIENTED_EDGE('',*,*,#6700,.F.);
#36260=CARTESIAN_POINT('',(0.28999999999996,-0.309999999999771,
0.100000000018294));
#36270=DIRECTION('',(-1.,0.,0.));
#36280=DIRECTION('',(0.,-1.,0.));
#36290=AXIS2_PLACEMENT_3D('',#36260,#36270,#36280);
#36300=CIRCLE('',#36290,0.1);
#36310=EDGE_CURVE('',#6610,#11020,#36300,.T.);
#36320=ORIENTED_EDGE('',*,*,#36310,.F.);
#36330=ORIENTED_EDGE('',*,*,#11030,.T.);
#36340=EDGE_LOOP('',(#36330,#36320,#36250,#36240));
#36350=FACE_OUTER_BOUND('',#36340,.T.);
#36360=ADVANCED_FACE('',(#36350),#36230,.T.);
#36370=COLOUR_RGB('',0.368627458810806,0.384313762187958,
0.466666698455811);
#36380=FILL_AREA_STYLE_COLOUR('',#36370);
#36390=FILL_AREA_STYLE('',(#36380));
#36400=SURFACE_STYLE_FILL_AREA(#36390);
#36410=SURFACE_SIDE_STYLE('',(#36400));
#36420=SURFACE_STYLE_USAGE(.BOTH.,#36410);
#36430=PRESENTATION_STYLE_ASSIGNMENT((#36420));
#36440=CARTESIAN_POINT('',(0.774999999942271,-0.144999999999453,
0.00999999994374623));
#36450=DIRECTION('',(5.89805981832114E-17,1.,0.));
#36460=DIRECTION('',(-1.,5.89805981832114E-17,0.));
#36470=AXIS2_PLACEMENT_3D('',#36440,#36450,#36460);
#36480=PLANE('',#36470);
#36490=ORIENTED_EDGE('',*,*,#7940,.F.);
#36500=CARTESIAN_POINT('',(0.874999999971134,-0.144999999999453,
0.0899999999156683));
#36510=DIRECTION('',(-1.,0.,0.));
#36520=VECTOR('',#36510,1.);
#36530=LINE('',#36500,#36520);
#36540=CARTESIAN_POINT('',(0.774999999942271,-0.144999999999453,
0.0899999999156683));
#36550=VERTEX_POINT('',#36540);
#36560=EDGE_CURVE('',#7870,#36550,#36530,.T.);
#36570=ORIENTED_EDGE('',*,*,#36560,.F.);
#36580=CARTESIAN_POINT('',(0.774999999942271,-0.144999999999453,
0.00999999997182438));
#36590=DIRECTION('',(0.,0.,1.));
#36600=VECTOR('',#36590,1.);
#36610=LINE('',#36580,#36600);
#36620=EDGE_CURVE('',#4130,#36550,#36610,.T.);
#36630=ORIENTED_EDGE('',*,*,#36620,.T.);
#36640=ORIENTED_EDGE('',*,*,#4140,.T.);
#36650=EDGE_LOOP('',(#36640,#36630,#36570,#36490));
#36660=FACE_OUTER_BOUND('',#36650,.T.);
#36670=ADVANCED_FACE('',(#36660),#36480,.T.);
#36680=COLOUR_RGB('',0.368627458810806,0.384313762187958,
0.466666698455811);
#36690=FILL_AREA_STYLE_COLOUR('',#36680);
#36700=FILL_AREA_STYLE('',(#36690));
#36710=SURFACE_STYLE_FILL_AREA(#36700);
#36720=SURFACE_SIDE_STYLE('',(#36710));
#36730=SURFACE_STYLE_USAGE(.BOTH.,#36720);
#36740=PRESENTATION_STYLE_ASSIGNMENT((#36730));
#36750=CARTESIAN_POINT('',(-0.275000000000028,-0.305000000000077,
0.319999999971809));
#36760=DIRECTION('',(-1.,-3.54417350173939E-16,0.));
#36770=DIRECTION('',(-3.54417350173939E-16,1.,0.));
#36780=AXIS2_PLACEMENT_3D('',#36750,#36760,#36770);
#36790=CYLINDRICAL_SURFACE('',#36780,0.0899999999999999);
#36800=ORIENTED_EDGE('',*,*,#3830,.T.);
#36810=CARTESIAN_POINT('',(-0.635000000000201,-0.305000000000077,
0.319999999971809));
#36820=DIRECTION('',(-1.,-1.57518822229285E-16,1.76111397190874E-16));
#36830=DIRECTION('',(-2.46519032881566E-32,0.745355992632883,
0.66666666651802));
#36840=AXIS2_PLACEMENT_3D('',#36810,#36820,#36830);
#36850=CIRCLE('',#36840,0.0899999999999999);
#36860=EDGE_CURVE('',#3730,#600,#36850,.T.);
#36870=ORIENTED_EDGE('',*,*,#36860,.F.);
#36880=ORIENTED_EDGE('',*,*,#830,.T.);
#36890=ORIENTED_EDGE('',*,*,#35440,.F.);
#36900=ORIENTED_EDGE('',*,*,#36060,.T.);
#36910=ORIENTED_EDGE('',*,*,#26000,.T.);
#36920=EDGE_LOOP('',(#36910,#36900,#36890,#36880,#36870,#36800));
#36930=FACE_OUTER_BOUND('',#36920,.T.);
#36940=ADVANCED_FACE('',(#36930),#36790,.T.);
#36950=COLOUR_RGB('',0.368627458810806,0.384313762187958,
0.466666698455811);
#36960=FILL_AREA_STYLE_COLOUR('',#36950);
#36970=FILL_AREA_STYLE('',(#36960));
#36980=SURFACE_STYLE_FILL_AREA(#36970);
#36990=SURFACE_SIDE_STYLE('',(#36980));
#37000=SURFACE_STYLE_USAGE(.BOTH.,#36990);
#37010=PRESENTATION_STYLE_ASSIGNMENT((#37000));
#37020=CARTESIAN_POINT('',(0.48999999999993,-0.0649999999997771,
0.319999999985583));
#37030=DIRECTION('',(1.20177239408627E-26,-1.,-9.92633966125518E-13));
#37040=DIRECTION('',(0.,9.92633966125518E-13,-1.));
#37050=AXIS2_PLACEMENT_3D('',#37020,#37030,#37040);
#37060=PLANE('',#37050);
#37070=CARTESIAN_POINT('',(0.874999999971134,-0.0649999999997279,
0.270419423075595));
#37080=DIRECTION('',(0.707106781187866,-7.01635066454248E-13,
0.707106781185229));
#37090=VECTOR('',#37080,1.);
#37100=LINE('',#37070,#37090);
#37110=EDGE_CURVE('',#7240,#34430,#37100,.T.);
#37120=ORIENTED_EDGE('',*,*,#37110,.T.);
#37130=ORIENTED_EDGE('',*,*,#7250,.T.);
#37140=ORIENTED_EDGE('',*,*,#34090,.T.);
#37150=CARTESIAN_POINT('',(0.895000000000248,-0.0649999999997775,
0.320419423104726));
#37160=DIRECTION('',(-0.615662155226635,-7.82257370073842E-13,
0.788010222409389));
#37170=VECTOR('',#37160,1.);
#37180=LINE('',#37150,#37170);
#37190=EDGE_CURVE('',#34510,#34010,#37180,.T.);
#37200=ORIENTED_EDGE('',*,*,#37190,.T.);
#37210=ORIENTED_EDGE('',*,*,#34520,.T.);
#37220=EDGE_LOOP('',(#37210,#37200,#37140,#37130,#37120));
#37230=FACE_OUTER_BOUND('',#37220,.T.);
#37240=ADVANCED_FACE('',(#37230),#37060,.T.);
#37250=COLOUR_RGB('',0.368627458810806,0.384313762187958,
0.466666698455811);
#37260=FILL_AREA_STYLE_COLOUR('',#37250);
#37270=FILL_AREA_STYLE('',(#37260));
#37280=SURFACE_STYLE_FILL_AREA(#37270);
#37290=SURFACE_SIDE_STYLE('',(#37280));
#37300=SURFACE_STYLE_USAGE(.BOTH.,#37290);
#37310=PRESENTATION_STYLE_ASSIGNMENT((#37300));
#37320=CARTESIAN_POINT('',(-0.867836306488983,0.0950000001926942,
0.355187303453174));
#37330=DIRECTION('',(-0.788010222409388,0.,0.615662155226636));
#37340=DIRECTION('',(-0.615662155226636,0.,-0.788010222409388));
#37350=AXIS2_PLACEMENT_3D('',#37320,#37330,#37340);
#37360=PLANE('',#37350);
#37370=CARTESIAN_POINT('',(-0.86783630641243,0.0649999998078934,
0.355187303551251));
#37380=DIRECTION('',(-0.615662155226636,0.,-0.788010222409388));
#37390=VECTOR('',#37380,1.);
#37400=LINE('',#37370,#37390);
#37410=CARTESIAN_POINT('',(-0.867836306412489,0.0649999998078934,
0.355187303551082));
#37420=VERTEX_POINT('',#37410);
#37430=EDGE_CURVE('',#37420,#34800,#37400,.T.);
#37440=ORIENTED_EDGE('',*,*,#37430,.T.);
#37450=CARTESIAN_POINT('',(-0.867836306412489,0.0650000001926592,
0.355187303551081));
#37460=DIRECTION('',(0.,-1.,0.));
#37470=VECTOR('',#37460,1.);
#37480=LINE('',#37450,#37470);
#37490=CARTESIAN_POINT('',(-0.867836306412489,-0.0649999998073414,
0.355187303551082));
#37500=VERTEX_POINT('',#37490);
#37510=EDGE_CURVE('',#37420,#37500,#37480,.T.);
#37520=ORIENTED_EDGE('',*,*,#37510,.F.);
#37530=CARTESIAN_POINT('',(-0.86783630641243,-0.0649999998073414,
0.355187303551251));
#37540=DIRECTION('',(-0.615662155226636,0.,-0.788010222409388));
#37550=VECTOR('',#37540,1.);
#37560=LINE('',#37530,#37550);
#37570=EDGE_CURVE('',#37500,#34880,#37560,.T.);
#37580=ORIENTED_EDGE('',*,*,#37570,.F.);
#37590=ORIENTED_EDGE('',*,*,#34890,.F.);
#37600=EDGE_LOOP('',(#37590,#37580,#37520,#37440));
#37610=FACE_OUTER_BOUND('',#37600,.T.);
#37620=ADVANCED_FACE('',(#37610),#37360,.T.);
#37630=COLOUR_RGB('',0.368627458810806,0.384313762187958,
0.466666698455811);
#37640=FILL_AREA_STYLE_COLOUR('',#37630);
#37650=FILL_AREA_STYLE('',(#37640));
#37660=SURFACE_STYLE_FILL_AREA(#37650);
#37670=SURFACE_SIDE_STYLE('',(#37660));
#37680=SURFACE_STYLE_USAGE(.BOTH.,#37670);
#37690=PRESENTATION_STYLE_ASSIGNMENT((#37680));
#37700=CARTESIAN_POINT('',(0.159999999999975,3.33066907387547E-16,
0.0999999999718244));
#37710=DIRECTION('',(0.,0.,-1.));
#37720=DIRECTION('',(0.,-1.,0.));
#37730=AXIS2_PLACEMENT_3D('',#37700,#37710,#37720);
#37740=PLANE('',#37730);
#37750=CARTESIAN_POINT('',(0.595000000000279,0.175000000000629,
0.099999999986313));
#37760=DIRECTION('',(-1.,3.73184209957888E-16,0.));
#37770=VECTOR('',#37760,1.);
#37780=LINE('',#37750,#37770);
#37790=CARTESIAN_POINT('',(0.595000000000239,0.175000000000629,
0.099999999986313));
#37800=VERTEX_POINT('',#37790);
#37810=CARTESIAN_POINT('',(-0.595000000000199,0.175000000000633,
0.099999999958254));
#37820=VERTEX_POINT('',#37810);
#37830=EDGE_CURVE('',#37800,#37820,#37780,.T.);
#37840=ORIENTED_EDGE('',*,*,#37830,.T.);
#37850=CARTESIAN_POINT('',(0.595000000000199,0.175000000000084,
0.099999999986314));
#37860=DIRECTION('',(-6.34413156928512E-16,-1.,0.));
#37870=VECTOR('',#37860,1.);
#37880=LINE('',#37850,#37870);
#37890=CARTESIAN_POINT('',(0.595000000000239,-0.175000000000077,
0.099999999986313));
#37900=VERTEX_POINT('',#37890);
#37910=EDGE_CURVE('',#37800,#37900,#37880,.T.);
#37920=ORIENTED_EDGE('',*,*,#37910,.F.);
#37930=CARTESIAN_POINT('',(0.595000000000279,-0.175000000000077,
0.099999999986313));
#37940=DIRECTION('',(-1.,-3.73184209957888E-16,0.));
#37950=VECTOR('',#37940,1.);
#37960=LINE('',#37930,#37950);
#37970=CARTESIAN_POINT('',(-0.595000000000199,-0.175000000000081,
0.099999999958254));
#37980=VERTEX_POINT('',#37970);
#37990=EDGE_CURVE('',#37900,#37980,#37960,.T.);
#38000=ORIENTED_EDGE('',*,*,#37990,.F.);
#38010=CARTESIAN_POINT('',(-0.595000000000199,-0.175000000000084,
0.099999999958254));
#38020=DIRECTION('',(6.34413156928516E-16,1.,0.));
#38030=VECTOR('',#38020,1.);
#38040=LINE('',#38010,#38030);
#38050=EDGE_CURVE('',#37980,#37820,#38040,.T.);
#38060=ORIENTED_EDGE('',*,*,#38050,.F.);
#38070=EDGE_LOOP('',(#38060,#38000,#37920,#37840));
#38080=FACE_OUTER_BOUND('',#38070,.T.);
#38090=ADVANCED_FACE('',(#38080),#37740,.F.);
#38100=COLOUR_RGB('',0.368627458810806,0.384313762187958,
0.466666698455811);
#38110=FILL_AREA_STYLE_COLOUR('',#38100);
#38120=FILL_AREA_STYLE('',(#38110));
#38130=SURFACE_STYLE_FILL_AREA(#38120);
#38140=SURFACE_SIDE_STYLE('',(#38130));
#38150=SURFACE_STYLE_USAGE(.BOTH.,#38140);
#38160=PRESENTATION_STYLE_ASSIGNMENT((#38150));
#38170=CARTESIAN_POINT('',(-0.0700000000000511,-0.364999999999879,
0.319999999985422));
#38180=DIRECTION('',(-1.,0.,0.));
#38190=DIRECTION('',(0.,1.,0.));
#38200=AXIS2_PLACEMENT_3D('',#38170,#38180,#38190);
#38210=CYLINDRICAL_SURFACE('',#38200,0.0900000000102159);
#38220=ORIENTED_EDGE('',*,*,#18040,.F.);
#38230=CARTESIAN_POINT('',(-0.0700000000000511,-0.455000000010095,
0.319999999985422));
#38240=DIRECTION('',(1.,0.,0.));
#38250=VECTOR('',#38240,1.);
#38260=LINE('',#38230,#38250);
#38270=EDGE_CURVE('',#19400,#17960,#38260,.T.);
#38280=ORIENTED_EDGE('',*,*,#38270,.T.);
#38290=ORIENTED_EDGE('',*,*,#19410,.F.);
#38300=ORIENTED_EDGE('',*,*,#27470,.T.);
#38310=EDGE_LOOP('',(#38300,#38290,#38280,#38220));
#38320=FACE_OUTER_BOUND('',#38310,.T.);
#38330=ADVANCED_FACE('',(#38320),#38210,.T.);
#38340=COLOUR_RGB('',0.368627458810806,0.384313762187958,
0.466666698455811);
#38350=FILL_AREA_STYLE_COLOUR('',#38340);
#38360=FILL_AREA_STYLE('',(#38350));
#38370=SURFACE_STYLE_FILL_AREA(#38360);
#38380=SURFACE_SIDE_STYLE('',(#38370));
#38390=SURFACE_STYLE_USAGE(.BOTH.,#38380);
#38400=PRESENTATION_STYLE_ASSIGNMENT((#38390));
#38410=CARTESIAN_POINT('',(-0.874999999986234,-0.425000000192784,
0.0449999999582066));
#38420=DIRECTION('',(0.,0.,1.));
#38430=DIRECTION('',(0.,1.,0.));
#38440=AXIS2_PLACEMENT_3D('',#38410,#38420,#38430);
#38450=CYLINDRICAL_SURFACE('',#38440,0.03);
#38460=ORIENTED_EDGE('',*,*,#23590,.T.);
#38470=ORIENTED_EDGE('',*,*,#24080,.F.);
#38480=ORIENTED_EDGE('',*,*,#24720,.T.);
#38490=CARTESIAN_POINT('',(-0.874999999986234,-0.425000000192784,
0.319999999943702));
#38500=DIRECTION('',(0.,0.,1.));
#38510=DIRECTION('',(-1.,0.,0.));
#38520=AXIS2_PLACEMENT_3D('',#38490,#38500,#38510);
#38530=CIRCLE('',#38520,0.03);
#38540=CARTESIAN_POINT('',(-0.896213200126194,-0.44621320591672,
0.319999999970215));
#38550=VERTEX_POINT('',#38540);
#38560=EDGE_CURVE('',#24710,#38550,#38530,.T.);
#38570=ORIENTED_EDGE('',*,*,#38560,.F.);
#38580=CARTESIAN_POINT('',(-0.874999999986234,-0.425000000192784,
0.319999999943702));
#38590=DIRECTION('',(0.,0.,1.));
#38600=DIRECTION('',(-0.707106595054003,-0.707106967319043,0.));
#38610=AXIS2_PLACEMENT_3D('',#38580,#38590,#38600);
#38620=CIRCLE('',#38610,0.03);
#38630=EDGE_CURVE('',#38550,#23050,#38620,.T.);
#38640=ORIENTED_EDGE('',*,*,#38630,.F.);
#38650=EDGE_LOOP('',(#38640,#38570,#38480,#38470,#38460));
#38660=FACE_OUTER_BOUND('',#38650,.T.);
#38670=ADVANCED_FACE('',(#38660),#38450,.T.);
#38680=COLOUR_RGB('',0.368627458810806,0.384313762187958,
0.466666698455811);
#38690=FILL_AREA_STYLE_COLOUR('',#38680);
#38700=FILL_AREA_STYLE('',(#38690));
#38710=SURFACE_STYLE_FILL_AREA(#38700);
#38720=SURFACE_SIDE_STYLE('',(#38710));
#38730=SURFACE_STYLE_USAGE(.BOTH.,#38720);
#38740=PRESENTATION_STYLE_ASSIGNMENT((#38730));
#38750=CARTESIAN_POINT('',(0.402499999999943,-0.429999999999772,
0.174999999999942));
#38760=DIRECTION('',(0.,-1.,0.));
#38770=DIRECTION('',(1.,0.,0.));
#38780=AXIS2_PLACEMENT_3D('',#38750,#38760,#38770);
#38790=PLANE('',#38780);
#38800=ORIENTED_EDGE('',*,*,#16120,.T.);
#38810=ORIENTED_EDGE('',*,*,#16370,.F.);
#38820=ORIENTED_EDGE('',*,*,#16760,.T.);
#38830=ORIENTED_EDGE('',*,*,#17220,.F.);
#38840=CARTESIAN_POINT('',(0.279999999999938,-0.429999999999771,
0.269999999999942));
#38850=DIRECTION('',(1.,0.,0.));
#38860=VECTOR('',#38850,1.);
#38870=LINE('',#38840,#38860);
#38880=EDGE_CURVE('',#17150,#15640,#38870,.T.);
#38890=ORIENTED_EDGE('',*,*,#38880,.F.);
#38900=ORIENTED_EDGE('',*,*,#15650,.T.);
#38910=EDGE_LOOP('',(#38900,#38890,#38830,#38820,#38810,#38800));
#38920=FACE_OUTER_BOUND('',#38910,.T.);
#38930=ADVANCED_FACE('',(#38920),#38790,.T.);
#38940=COLOUR_RGB('',0.368627458810806,0.384313762187958,
0.466666698455811);
#38950=FILL_AREA_STYLE_COLOUR('',#38940);
#38960=FILL_AREA_STYLE('',(#38950));
#38970=SURFACE_STYLE_FILL_AREA(#38960);
#38980=SURFACE_SIDE_STYLE('',(#38970));
#38990=SURFACE_STYLE_USAGE(.BOTH.,#38980);
#39000=PRESENTATION_STYLE_ASSIGNMENT((#38990));
#39010=CARTESIAN_POINT('',(-0.635000000000201,-0.215000000000084,
0.0999999999582541));
#39020=DIRECTION('',(1.,3.54417350173938E-16,3.08395284618096E-16));
#39030=DIRECTION('',(-3.08395284618096E-16,-1.06930264278566E-32,1.));
#39040=AXIS2_PLACEMENT_3D('',#39010,#39020,#39030);
#39050=PLANE('',#39040);
#39060=CARTESIAN_POINT('',(-0.635000000000201,0.305000000000629,
0.319999999971809));
#39070=DIRECTION('',(1.,-1.57518822229285E-16,-1.76111397190874E-16));
#39080=DIRECTION('',(-2.46519032881566E-32,-0.745355992632883,
0.66666666651802));
#39090=AXIS2_PLACEMENT_3D('',#39060,#39070,#39080);
#39100=CIRCLE('',#39090,0.0899999999999999);
#39110=CARTESIAN_POINT('',(-0.635000000000201,0.215000000000629,
0.319999999971809));
#39120=VERTEX_POINT('',#39110);
#39130=EDGE_CURVE('',#3630,#39120,#39100,.T.);
#39140=ORIENTED_EDGE('',*,*,#39130,.F.);
#39150=CARTESIAN_POINT('',(-0.635000000000201,0.215000000000323,
0.139999999986313));
#39160=DIRECTION('',(0.,-0.,1.));
#39170=VECTOR('',#39160,1.);
#39180=LINE('',#39150,#39170);
#39190=CARTESIAN_POINT('',(-0.635000000000199,0.215000000000629,
0.139999999972283));
#39200=VERTEX_POINT('',#39190);
#39210=EDGE_CURVE('',#39200,#39120,#39180,.T.);
#39220=ORIENTED_EDGE('',*,*,#39210,.T.);
#39230=CARTESIAN_POINT('',(-0.635000000000199,0.215000000001489,
0.139999999958254));
#39240=DIRECTION('',(-5.16382802149347E-16,-1.,0.));
#39250=VECTOR('',#39240,1.);
#39260=LINE('',#39230,#39250);
#39270=EDGE_CURVE('',#39200,#580,#39260,.T.);
#39280=ORIENTED_EDGE('',*,*,#39270,.F.);
#39290=ORIENTED_EDGE('',*,*,#610,.F.);
#39300=ORIENTED_EDGE('',*,*,#36860,.T.);
#39310=ORIENTED_EDGE('',*,*,#3740,.F.);
#39320=EDGE_LOOP('',(#39310,#39300,#39290,#39280,#39220,#39140));
#39330=FACE_OUTER_BOUND('',#39320,.T.);
#39340=ADVANCED_FACE('',(#39330),#39050,.T.);
#39350=COLOUR_RGB('',0.368627458810806,0.384313762187958,
0.466666698455811);
#39360=FILL_AREA_STYLE_COLOUR('',#39350);
#39370=FILL_AREA_STYLE('',(#39360));
#39380=SURFACE_STYLE_FILL_AREA(#39370);
#39390=SURFACE_SIDE_STYLE('',(#39380));
#39400=SURFACE_STYLE_USAGE(.BOTH.,#39390);
#39410=PRESENTATION_STYLE_ASSIGNMENT((#39400));
#39420=CARTESIAN_POINT('',(-0.880864563633453,-0.430864612340923,
0.369514380946854));
#39430=CARTESIAN_POINT('',(-0.881959682053698,-0.431959730066376,
0.367655352011577));
#39440=CARTESIAN_POINT('',(-0.884055512932677,-0.434055560431255,
0.363819939165168));
#39450=CARTESIAN_POINT('',(-0.886915993765231,-0.436916042284733,
0.357961578375652));
#39460=CARTESIAN_POINT('',(-0.889478871790833,-0.439478922288949,
0.352132347068772));
#39470=CARTESIAN_POINT('',(-0.891715519908674,-0.441715572508711,
0.346354162723106));
#39480=CARTESIAN_POINT('',(-0.893583021258027,-0.443583075248908,
0.340536488834609));
#39490=CARTESIAN_POINT('',(-0.895024169307401,-0.445024223143668,
0.334476334995535));
#39500=CARTESIAN_POINT('',(-0.895967468022068,-0.445967519323876,
0.327858257523469));
#39510=CARTESIAN_POINT('',(-0.896207244056541,-0.446207291525891,
0.322788992984286));
#39520=CARTESIAN_POINT('',(-0.896213180582579,-0.446213225460932,
0.319999999824606));
#39530=CARTESIAN_POINT('',(-0.878262060448182,-0.431276889125735,
0.371373399089789));
#39540=CARTESIAN_POINT('',(-0.879410373463998,-0.432382014103864,
0.369554528589819));
#39550=CARTESIAN_POINT('',(-0.881633329921895,-0.434573014606932,
0.365691077413797));
#39560=CARTESIAN_POINT('',(-0.884703423289354,-0.437706569118072,
0.35956051155055));
#39570=CARTESIAN_POINT('',(-0.887464493756595,-0.440590630525325,
0.353363655791998));
#39580=CARTESIAN_POINT('',(-0.889866773563728,-0.443123565787689,
0.347227420754613));
#39590=CARTESIAN_POINT('',(-0.891856643250354,-0.445199890151681,
0.341108017445255));
#39600=CARTESIAN_POINT('',(-0.893382173351052,-0.446715808833378,
0.3347958635972));
#39610=CARTESIAN_POINT('',(-0.894403259311421,-0.44757935191721,
0.327956635788815));
#39620=CARTESIAN_POINT('',(-0.894738333142712,-0.447676199243169,
0.322788993017798));
#39630=CARTESIAN_POINT('',(-0.894824796997706,-0.447601606112638,
0.319999999824606));
#39640=CARTESIAN_POINT('',(-0.872669713206674,-0.431926211076809,
0.374817457741268));
#39650=CARTESIAN_POINT('',(-0.873849214477645,-0.43313192324648,
0.373018212418377));
#39660=CARTESIAN_POINT('',(-0.876184692098685,-0.435592399077938,
0.369073006645441));
#39670=CARTESIAN_POINT('',(-0.879516648466587,-0.43923082197658,
0.362530668493077));
#39680=CARTESIAN_POINT('',(-0.882590037516371,-0.442632026224202,
0.355761516813046));
#39690=CARTESIAN_POINT('',(-0.885323455689814,-0.445616704730211,
0.34900609777712));
#39700=CARTESIAN_POINT('',(-0.887643872067978,-0.448011690266869,
0.342290492733148));
#39710=CARTESIAN_POINT('',(-0.889497711699017,-0.449658531871457,
0.335435761121106));
#39720=CARTESIAN_POINT('',(-0.890871125311614,-0.450430687452002,
0.328139575070178));
#39730=CARTESIAN_POINT('',(-0.891502699310398,-0.450315866138707,
0.322795503449411));
#39740=CARTESIAN_POINT('',(-0.891774574994735,-0.450104850770124,
0.319999999824329));
#39750=CARTESIAN_POINT('',(-0.864296537447265,-0.431884282454838,
0.378779346787261));
#39760=CARTESIAN_POINT('',(-0.865421095595395,-0.433382622285417,
0.376897883255265));
#39770=CARTESIAN_POINT('',(-0.867692044310373,-0.436374356175167,
0.372799468509338));
#39780=CARTESIAN_POINT('',(-0.871063658792978,-0.440659830272643,
0.365955402338367));
#39790=CARTESIAN_POINT('',(-0.87431404278339,-0.444574077942075,
0.35873672207382));
#39800=CARTESIAN_POINT('',(-0.87736458541135,-0.447955540280854,
0.351363415533605));
#39810=CARTESIAN_POINT('',(-0.880146492855581,-0.450645907509594,
0.343906344783707));
#39820=CARTESIAN_POINT('',(-0.882609793550638,-0.452491011301748,
0.336293946354491));
#39830=CARTESIAN_POINT('',(-0.884739807339412,-0.453347322618828,
0.3283773393101));
#39840=CARTESIAN_POINT('',(-0.885966801965104,-0.453178135722098,
0.322824800269076));
#39850=CARTESIAN_POINT('',(-0.886554495815528,-0.452895067578921,
0.319999999823079));
#39860=CARTESIAN_POINT('',(-0.855799908660333,-0.430713259157945,
0.381566439662312));
#39870=CARTESIAN_POINT('',(-0.856891677729317,-0.43254600150732,
0.379561522354762));
#39880=CARTESIAN_POINT('',(-0.85909273107576,-0.436079726639002,
0.375312914413313));
#39890=CARTESIAN_POINT('',(-0.862407244084083,-0.440891507883324,
0.36835282291749));
#39900=CARTESIAN_POINT('',(-0.865699761637286,-0.445132607036072,
0.360946043928817));
#39910=CARTESIAN_POINT('',(-0.868938170896015,-0.448725429947387,
0.353208686188548));
#39920=CARTESIAN_POINT('',(-0.872093791861416,-0.451589638522964,
0.345216865660846));
#39930=CARTESIAN_POINT('',(-0.875144148208625,-0.453635032289395,
0.337007395850525));
#39940=CARTESIAN_POINT('',(-0.87807803473018,-0.45475442441698,
0.328596131446076));
#39950=CARTESIAN_POINT('',(-0.879961105948633,-0.45479587516534,
0.322873628387052));
#39960=CARTESIAN_POINT('',(-0.880890358724343,-0.454613291009557,
0.319999999820994));
#39970=CARTESIAN_POINT('',(-0.849083242703236,-0.429355752931802,
0.382935335260902));
#39980=CARTESIAN_POINT('',(-0.85025050854602,-0.431372631201175,
0.380867572526534));
#39990=CARTESIAN_POINT('',(-0.852583412632837,-0.43520704290224,
0.376534665918122));
#40000=CARTESIAN_POINT('',(-0.856078145219423,-0.440312473302136,
0.369502046957556));
#40010=CARTESIAN_POINT('',(-0.859568513516307,-0.444730662933022,
0.362000807138366));
#40020=CARTESIAN_POINT('',(-0.863054776778222,-0.448425187852321,
0.354100482007051));
#40030=CARTESIAN_POINT('',(-0.866537194260873,-0.451360667158596,
0.345874436357826));
#40040=CARTESIAN_POINT('',(-0.870016025221718,-0.453498025948086,
0.337398556770546));
#40050=CARTESIAN_POINT('',(-0.873491528937899,-0.4547885750512,
0.328749702233369));
#40060=CARTESIAN_POINT('',(-0.875806486090619,-0.455040906281405,
0.322919201293893));
#40070=CARTESIAN_POINT('',(-0.87696349655497,-0.455000000081645,
0.319999999819047));
#40080=CARTESIAN_POINT('',(-0.845000003451446,-0.428639609596556,
0.383639608142047));
#40090=CARTESIAN_POINT('',(-0.846250003381234,-0.430722193891646,
0.381557023803775));
#40100=CARTESIAN_POINT('',(-0.848750003239429,-0.434682736401086,
0.377187236259156));
#40110=CARTESIAN_POINT('',(-0.8525000030228,-0.439952505695313,
0.3700817744503));
#40120=CARTESIAN_POINT('',(-0.856250002802468,-0.444500491065107,
0.362493945658377));
#40130=CARTESIAN_POINT('',(-0.860000002578653,-0.448282880578818,
0.354496833358396));
#40140=CARTESIAN_POINT('',(-0.863750002351573,-0.4512632070722,
0.346167495684492));
#40150=CARTESIAN_POINT('',(-0.867500002121446,-0.453412717195371,
0.337586208019155));
#40160=CARTESIAN_POINT('',(-0.871250001906286,-0.454710683301373,
0.328835648377172));
#40170=CARTESIAN_POINT('',(-0.873750001767042,-0.455000000231617,
0.322945242950499));
#40180=CARTESIAN_POINT('',(-0.875000001705919,-0.455000000192784,
0.319999999817935));
#40190=B_SPLINE_SURFACE_WITH_KNOTS('',3,3,((#39420,#39530,#39640,#39750,
#39860,#39970,#40080),(#39430,#39540,#39650,#39760,#39870,#39980,#40090)
,(#39440,#39550,#39660,#39770,#39880,#39990,#40100),(#39450,#39560,
#39670,#39780,#39890,#40000,#40110),(#39460,#39570,#39680,#39790,#39900,
#40010,#40120),(#39470,#39580,#39690,#39800,#39910,#40020,#40130),(
#39480,#39590,#39700,#39810,#39920,#40030,#40140),(#39490,#39600,#39710,
#39820,#39930,#40040,#40150),(#39500,#39610,#39720,#39830,#39940,#40050,
#40160),(#39510,#39620,#39730,#39840,#39950,#40060,#40170),(#39520,
#39630,#39740,#39850,#39960,#40070,#40180)),.UNSPECIFIED.,.F.,.F.,.F.,(4
,1,1,1,1,1,1,1,4),(4,1,1,1,4),(-2.99193889759854E-15,0.125,0.25,0.375,
0.5,0.625,0.75,0.875,1.00000000177924),(1.34063602285318E-6,0.25,0.5,
0.75,0.999999929279707),.UNSPECIFIED.);
#40200=CARTESIAN_POINT('',(-0.880864563633453,-0.430864612340923,
0.369514380946854));
#40210=CARTESIAN_POINT('',(-0.881959682053698,-0.431959730066376,
0.367655352011577));
#40220=CARTESIAN_POINT('',(-0.884055512932677,-0.434055560431255,
0.363819939165168));
#40230=CARTESIAN_POINT('',(-0.886915993765231,-0.436916042284733,
0.357961578375652));
#40240=CARTESIAN_POINT('',(-0.889478871790833,-0.439478922288949,
0.352132347068772));
#40250=CARTESIAN_POINT('',(-0.891715519908674,-0.441715572508711,
0.346354162723106));
#40260=CARTESIAN_POINT('',(-0.893583021258027,-0.443583075248908,
0.340536488834609));
#40270=CARTESIAN_POINT('',(-0.895024169307401,-0.445024223143668,
0.334476334995535));
#40280=CARTESIAN_POINT('',(-0.895967468022068,-0.445967519323876,
0.327858257523469));
#40290=CARTESIAN_POINT('',(-0.896207244056541,-0.446207291525891,
0.322788992984286));
#40300=CARTESIAN_POINT('',(-0.896213180582579,-0.446213225460932,
0.319999999824606));
#40310=B_SPLINE_CURVE_WITH_KNOTS('',3,(#40200,#40210,#40220,#40230,
#40240,#40250,#40260,#40270,#40280,#40290,#40300),.UNSPECIFIED.,.F.,.F.,
(4,1,1,1,1,1,1,1,4),(-2.99193889759854E-15,0.125,0.25,0.375,0.5,0.625,
0.75,0.875,1.00000000177924),.UNSPECIFIED.);
#40320=EDGE_CURVE('',#2270,#38550,#40310,.T.);
#40330=ORIENTED_EDGE('',*,*,#40320,.T.);
#40340=ORIENTED_EDGE('',*,*,#2300,.F.);
#40350=ORIENTED_EDGE('',*,*,#23200,.F.);
#40360=ORIENTED_EDGE('',*,*,#38630,.T.);
#40370=EDGE_LOOP('',(#40360,#40350,#40340,#40330));
#40380=FACE_OUTER_BOUND('',#40370,.T.);
#40390=ADVANCED_FACE('',(#40380),#40190,.T.);
#40400=COLOUR_RGB('',0.368627458810806,0.384313762187958,
0.466666698455811);
#40410=FILL_AREA_STYLE_COLOUR('',#40400);
#40420=FILL_AREA_STYLE('',(#40410));
#40430=SURFACE_STYLE_FILL_AREA(#40420);
#40440=SURFACE_SIDE_STYLE('',(#40430));
#40450=SURFACE_STYLE_USAGE(.BOTH.,#40440);
#40460=PRESENTATION_STYLE_ASSIGNMENT((#40450));
#40470=CARTESIAN_POINT('',(-0.880864077573043,-0.430864077779591,
0.36951524722074));
#40480=CARTESIAN_POINT('',(-0.881070215129601,-0.4295628074253,
0.370444752330142));
#40490=CARTESIAN_POINT('',(-0.881440627700207,-0.426856592190663,
0.37223740731122));
#40500=CARTESIAN_POINT('',(-0.881797619250808,-0.422674531764909,
0.374666692770863));
#40510=CARTESIAN_POINT('',(-0.881906508733931,-0.418475752738384,
0.376801376096347));
#40520=CARTESIAN_POINT('',(-0.881741381955034,-0.414284019618668,
0.378632274343368));
#40530=CARTESIAN_POINT('',(-0.881299883051747,-0.410040847763882,
0.38017592501758));
#40540=CARTESIAN_POINT('',(-0.88060321393646,-0.405605502810069,
0.381474586187631));
#40550=CARTESIAN_POINT('',(-0.879696135743109,-0.40075499467953,
0.382596238370914));
#40560=CARTESIAN_POINT('',(-0.878996692849367,-0.397041040145588,
0.383288472159886));
#40570=CARTESIAN_POINT('',(-0.878638605453491,-0.394999401218204,
0.383640612063131));
#40580=CARTESIAN_POINT('',(-0.883054518637042,-0.43305451884359,
0.365796924037435));
#40590=CARTESIAN_POINT('',(-0.883270656538482,-0.431806449459715,
0.366766603912641));
#40600=CARTESIAN_POINT('',(-0.88373443598959,-0.42915100834178,
0.368647715000423));
#40610=CARTESIAN_POINT('',(-0.884370936057819,-0.424928115918191,
0.371180561627892));
#40620=CARTESIAN_POINT('',(-0.884817495888016,-0.420655606455705,
0.373343675845218));
#40630=CARTESIAN_POINT('',(-0.884984289718023,-0.416423404484617,
0.375105894612518));
#40640=CARTESIAN_POINT('',(-0.884831710284861,-0.412199193188345,
0.376492972128632));
#40650=CARTESIAN_POINT('',(-0.88437268107301,-0.407830789726251,
0.377587110918196));
#40660=CARTESIAN_POINT('',(-0.883667394871212,-0.403074959639872,
0.378518223695809));
#40670=CARTESIAN_POINT('',(-0.883096549930961,-0.399458500429636,
0.379137856399753));
#40680=CARTESIAN_POINT('',(-0.882804174624863,-0.397499601934886,
0.379475174653139));
#40690=CARTESIAN_POINT('',(-0.887062319519762,-0.43706231972631,
0.357928554917114));
#40700=CARTESIAN_POINT('',(-0.887389736674648,-0.435903068655563,
0.358822208049787));
#40710=CARTESIAN_POINT('',(-0.888136610830728,-0.433370801371519,
0.360593035055427));
#40720=CARTESIAN_POINT('',(-0.889304033025956,-0.429201398176804,
0.363022267641995));
#40730=CARTESIAN_POINT('',(-0.890308663034541,-0.424926147586825,
0.365084302430903));
#40740=CARTESIAN_POINT('',(-0.890997459975375,-0.420701027492323,
0.366709508157121));
#40750=CARTESIAN_POINT('',(-0.891295075488708,-0.41652962500749,
0.36791314913562));
#40760=CARTESIAN_POINT('',(-0.891211399780631,-0.412269403225548,
0.368794447355452));
#40770=CARTESIAN_POINT('',(-0.890834611861162,-0.407691502757946,
0.369519104939861));
#40780=CARTESIAN_POINT('',(-0.890485495979529,-0.404289971141626,
0.370030888016098));
#40790=CARTESIAN_POINT('',(-0.890314312904567,-0.402499802499315,
0.370324171817476));
#40800=CARTESIAN_POINT('',(-0.891897741032346,-0.441897741238895,
0.346355151724572));
#40810=CARTESIAN_POINT('',(-0.892495026974327,-0.44085560002203,
0.346885167456109));
#40820=CARTESIAN_POINT('',(-0.893722303871741,-0.438580329683667,
0.347974863605229));
#40830=CARTESIAN_POINT('',(-0.895477869081649,-0.434793399752518,
0.349548486342921));
#40840=CARTESIAN_POINT('',(-0.896974880473293,-0.430840924118506,
0.35093621625347));
#40850=CARTESIAN_POINT('',(-0.89808518558043,-0.426856913470008,
0.352064983467603));
#40860=CARTESIAN_POINT('',(-0.89874818362116,-0.422867957411414,
0.352925268316965));
#40870=CARTESIAN_POINT('',(-0.898984087912717,-0.418801986744005,
0.353570339289382));
#40880=CARTESIAN_POINT('',(-0.898897000413475,-0.414542122600339,
0.354102052610236));
#40890=CARTESIAN_POINT('',(-0.898744697833892,-0.411528350974612,
0.354463634956999));
#40900=CARTESIAN_POINT('',(-0.898685202286243,-0.410000002898916,
0.354663487002408));
#40910=CARTESIAN_POINT('',(-0.895270738681543,-0.445270738888093,
0.334736549742498));
#40920=CARTESIAN_POINT('',(-0.896069985306261,-0.444366203646626,
0.334872818579827));
#40930=CARTESIAN_POINT('',(-0.897606202196739,-0.442434654189656,
0.335170502938988));
#40940=CARTESIAN_POINT('',(-0.899642160196535,-0.439256028728053,
0.33564142877425));
#40950=CARTESIAN_POINT('',(-0.901330826710893,-0.4358834793474,
0.336092646135496));
#40960=CARTESIAN_POINT('',(-0.902611696110255,-0.432380369685193,
0.336495274782949));
#40970=CARTESIAN_POINT('',(-0.903456499187038,-0.428778512690761,
0.336839246231914));
#40980=CARTESIAN_POINT('',(-0.90388208906163,-0.425085325972657,
0.337133069277479));
#40990=CARTESIAN_POINT('',(-0.903962144763909,-0.421306812936174,
0.337399460614698));
#41000=CARTESIAN_POINT('',(-0.903879141201643,-0.418758845388373,
0.337577962724139));
#41010=CARTESIAN_POINT('',(-0.903839873009854,-0.417500002413482,
0.337671074290492));
#41020=CARTESIAN_POINT('',(-0.896201332447775,-0.446201332654326,
0.325577986199376));
#41030=CARTESIAN_POINT('',(-0.896976054859563,-0.445426610242189,
0.325577986199826));
#41040=CARTESIAN_POINT('',(-0.898444771022389,-0.443796456551777,
0.325581241409129));
#41050=CARTESIAN_POINT('',(-0.900372967120192,-0.441140871572424,
0.325595889848134));
#41060=CARTESIAN_POINT('',(-0.901994796219551,-0.438304917185553,
0.325620303912041));
#41070=CARTESIAN_POINT('',(-0.903283459369849,-0.435317071138337,
0.325654483600757));
#41080=CARTESIAN_POINT('',(-0.904221516191814,-0.432205918501965,
0.325698428914247));
#41090=CARTESIAN_POINT('',(-0.904806818860472,-0.42900299342206,
0.325752139852539));
#41100=CARTESIAN_POINT('',(-0.905059737762373,-0.425746913233748,
0.325815616403219));
#41110=CARTESIAN_POINT('',(-0.905040906147862,-0.423574738650864,
0.325864444512315));
#41120=CARTESIAN_POINT('',(-0.905000000054839,-0.422500002079254,
0.325890486161912));
#41130=CARTESIAN_POINT('',(-0.89621320291812,-0.446213203124671,
0.319999999998871));
#41140=CARTESIAN_POINT('',(-0.896907397702534,-0.445519008340259,
0.319999999998871));
#41150=CARTESIAN_POINT('',(-0.898227578576164,-0.444062412479904,
0.319999999998902));
#41160=CARTESIAN_POINT('',(-0.899984168389094,-0.441693925186839,
0.319999999999048));
#41170=CARTESIAN_POINT('',(-0.901500163550125,-0.439164648895339,
0.319999999999289));
#41180=CARTESIAN_POINT('',(-0.902760960079829,-0.436498944764782,
0.319999999999628));
#41190=CARTESIAN_POINT('',(-0.90375440225643,-0.433722498840952,
0.320000000000063));
#41200=CARTESIAN_POINT('',(-0.904470905632958,-0.430862069585967,
0.320000000000595));
#41210=CARTESIAN_POINT('',(-0.904903560914772,-0.427945216927534,
0.320000000001222));
#41220=CARTESIAN_POINT('',(-0.90499999992972,-0.425981749032078,
0.320000000001705));
#41230=CARTESIAN_POINT('',(-0.904999999986234,-0.425000001906362,
0.320000000001963));
#41240=B_SPLINE_SURFACE_WITH_KNOTS('',3,3,((#40470,#40580,#40690,#40800,
#40910,#41020,#41130),(#40480,#40590,#40700,#40810,#40920,#41030,#41140)
,(#40490,#40600,#40710,#40820,#40930,#41040,#41150),(#40500,#40610,
#40720,#40830,#40940,#41050,#41160),(#40510,#40620,#40730,#40840,#40950,
#41060,#41170),(#40520,#40630,#40740,#40850,#40960,#41070,#41180),(
#40530,#40640,#40750,#40860,#40970,#41080,#41190),(#40540,#40650,#40760,
#40870,#40980,#41090,#41200),(#40550,#40660,#40770,#40880,#40990,#41100,
#41210),(#40560,#40670,#40780,#40890,#41000,#41110,#41220),(#40570,
#40680,#40790,#40900,#41010,#41120,#41230)),.UNSPECIFIED.,.F.,.F.,.F.,(4
,1,1,1,1,1,1,1,4),(4,1,1,1,4),(-4.73225459496549E-16,0.125,0.25,0.375,
0.5,0.625,0.75,0.875,0.999999926224065),(-2.00863183855295E-5,0.25,0.5,
0.75,0.999999999175784),.UNSPECIFIED.);
#41250=ORIENTED_EDGE('',*,*,#2460,.T.);
#41260=ORIENTED_EDGE('',*,*,#40320,.F.);
#41270=ORIENTED_EDGE('',*,*,#38560,.T.);
#41280=ORIENTED_EDGE('',*,*,#25210,.F.);
#41290=EDGE_LOOP('',(#41280,#41270,#41260,#41250));
#41300=FACE_OUTER_BOUND('',#41290,.T.);
#41310=ADVANCED_FACE('',(#41300),#41240,.T.);
#41320=COLOUR_RGB('',0.368627458810806,0.384313762187958,
0.466666698455811);
#41330=FILL_AREA_STYLE_COLOUR('',#41320);
#41340=FILL_AREA_STYLE('',(#41330));
#41350=SURFACE_STYLE_FILL_AREA(#41340);
#41360=SURFACE_SIDE_STYLE('',(#41350));
#41370=SURFACE_STYLE_USAGE(.BOTH.,#41360);
#41380=PRESENTATION_STYLE_ASSIGNMENT((#41370));
#41390=CARTESIAN_POINT('',(-0.275000000000028,-0.175000000000077,
0.139999999986313));
#41400=DIRECTION('',(1.,3.54417350173939E-16,0.));
#41410=DIRECTION('',(3.54417350173939E-16,-1.,0.));
#41420=AXIS2_PLACEMENT_3D('',#41390,#41400,#41410);
#41430=CYLINDRICAL_SURFACE('',#41420,0.04);
#41440=CARTESIAN_POINT('',(0.635000000000199,-0.215000000000077,
0.139999999986313));
#41450=CARTESIAN_POINT('',(0.635000000000199,-0.215000000000077,
0.13734761419999));
#41460=CARTESIAN_POINT('',(0.634565741147901,-0.214565676741371,
0.131993970662662));
#41470=CARTESIAN_POINT('',(0.631433378326006,-0.211433467007834,
0.122849658346315));
#41480=CARTESIAN_POINT('',(0.628133802670376,-0.208133657148815,
0.117174321400178));
#41490=CARTESIAN_POINT('',(0.622121908988646,-0.202121953023753,
0.110074254018743));
#41500=CARTESIAN_POINT('',(0.614694012323018,-0.194693910926936,
0.104828498907322));
#41510=CARTESIAN_POINT('',(0.606413983409118,-0.186413917825876,
0.101236468652452));
#41520=CARTESIAN_POINT('',(0.59901095674864,-0.179010956748438,
0.099999999986313));
#41530=CARTESIAN_POINT('',(0.595000000000279,-0.175000000000077,
0.099999999986313));
#41540=B_SPLINE_CURVE_WITH_KNOTS('',3,(#41440,#41450,#41460,#41470,
#41480,#41490,#41500,#41510,#41520,#41530),.UNSPECIFIED.,.F.,.F.,(4,1,1,
1,1,1,1,4),(0.,0.142857142857143,0.285714285714286,0.428571428571429,
0.571428571428571,0.714285714285714,0.857142857142857,1.),.UNSPECIFIED.)
;
#41550=EDGE_CURVE('',#680,#37900,#41540,.T.);
#41560=ORIENTED_EDGE('',*,*,#41550,.T.);
#41570=ORIENTED_EDGE('',*,*,#690,.T.);
#41580=CARTESIAN_POINT('',(-0.635000000000199,-0.215000000000084,
0.139999999958254));
#41590=CARTESIAN_POINT('',(-0.635000000000199,-0.215000000000084,
0.137347614176967));
#41600=CARTESIAN_POINT('',(-0.634565676742832,-0.214565741142781,
0.13199397064831));
#41610=CARTESIAN_POINT('',(-0.631433467020497,-0.211433378325109,
0.122849658345054));
#41620=CARTESIAN_POINT('',(-0.628133657162039,-0.208133802666238,
0.11717432139313));
#41630=CARTESIAN_POINT('',(-0.622121953056235,-0.202121908983962,
0.110074254017724));
#41640=CARTESIAN_POINT('',(-0.614693910943002,-0.194694012319428,
0.104828498893958));
#41650=CARTESIAN_POINT('',(-0.606413917932528,-0.186413983315925,
0.101236468652124));
#41660=CARTESIAN_POINT('',(-0.599010956751293,-0.179010956751178,
0.099999999958254));
#41670=CARTESIAN_POINT('',(-0.595000000000199,-0.175000000000084,
0.099999999958254));
#41680=B_SPLINE_CURVE_WITH_KNOTS('',3,(#41580,#41590,#41600,#41610,
#41620,#41630,#41640,#41650,#41660,#41670),.UNSPECIFIED.,.F.,.F.,(4,1,1,
1,1,1,1,4),(0.,0.142857142857143,0.285714285714286,0.428571428571429,
0.571428571428571,0.714285714285714,0.857142857142857,1.),.UNSPECIFIED.)
;
#41690=EDGE_CURVE('',#580,#37980,#41680,.T.);
#41700=ORIENTED_EDGE('',*,*,#41690,.F.);
#41710=ORIENTED_EDGE('',*,*,#37990,.T.);
#41720=EDGE_LOOP('',(#41710,#41700,#41570,#41560));
#41730=FACE_OUTER_BOUND('',#41720,.T.);
#41740=ADVANCED_FACE('',(#41730),#41430,.F.);
#41750=COLOUR_RGB('',0.368627458810806,0.384313762187958,
0.466666698455811);
#41760=FILL_AREA_STYLE_COLOUR('',#41750);
#41770=FILL_AREA_STYLE('',(#41760));
#41780=SURFACE_STYLE_FILL_AREA(#41770);
#41790=SURFACE_SIDE_STYLE('',(#41780));
#41800=SURFACE_STYLE_USAGE(.BOTH.,#41790);
#41810=PRESENTATION_STYLE_ASSIGNMENT((#41800));
#41820=CARTESIAN_POINT('',(0.595000000000199,-0.215000000386342,
0.139999999986314));
#41830=DIRECTION('',(4.9960036108132E-16,1.,0.));
#41840=DIRECTION('',(-1.,4.9960036108132E-16,0.));
#41850=AXIS2_PLACEMENT_3D('',#41820,#41830,#41840);
#41860=CYLINDRICAL_SURFACE('',#41850,0.04);
#41870=ORIENTED_EDGE('',*,*,#37910,.T.);
#41880=CARTESIAN_POINT('',(0.635000000000199,0.215000000000629,
0.139999999986313));
#41890=CARTESIAN_POINT('',(0.635000000000199,0.215000000000629,
0.13734761419999));
#41900=CARTESIAN_POINT('',(0.634565741147901,0.214565676741923,
0.131993970662662));
#41910=CARTESIAN_POINT('',(0.631433378326006,0.211433467008386,
0.122849658346315));
#41920=CARTESIAN_POINT('',(0.628133802670376,0.208133657149367,
0.117174321400178));
#41930=CARTESIAN_POINT('',(0.622121908988646,0.202121953024305,
0.110074254018743));
#41940=CARTESIAN_POINT('',(0.614694012323018,0.194693910927488,
0.104828498907322));
#41950=CARTESIAN_POINT('',(0.606413983409118,0.186413917826428,
0.101236468652452));
#41960=CARTESIAN_POINT('',(0.59901095674864,0.17901095674899,
0.099999999986313));
#41970=CARTESIAN_POINT('',(0.595000000000279,0.175000000000629,
0.099999999986313));
#41980=B_SPLINE_CURVE_WITH_KNOTS('',3,(#41880,#41890,#41900,#41910,
#41920,#41930,#41940,#41950,#41960,#41970),.UNSPECIFIED.,.F.,.F.,(4,1,1,
1,1,1,1,4),(0.,0.142857142857143,0.285714285714286,0.428571428571429,
0.571428571428571,0.714285714285714,0.857142857142857,1.),.UNSPECIFIED.)
;
#41990=EDGE_CURVE('',#35520,#37800,#41980,.T.);
#42000=ORIENTED_EDGE('',*,*,#41990,.T.);
#42010=ORIENTED_EDGE('',*,*,#35530,.T.);
#42020=ORIENTED_EDGE('',*,*,#41550,.F.);
#42030=EDGE_LOOP('',(#42020,#42010,#42000,#41870));
#42040=FACE_OUTER_BOUND('',#42030,.T.);
#42050=ADVANCED_FACE('',(#42040),#41860,.F.);
#42060=COLOUR_RGB('',0.368627458810806,0.384313762187958,
0.466666698455811);
#42070=FILL_AREA_STYLE_COLOUR('',#42060);
#42080=FILL_AREA_STYLE('',(#42070));
#42090=SURFACE_STYLE_FILL_AREA(#42080);
#42100=SURFACE_SIDE_STYLE('',(#42090));
#42110=SURFACE_STYLE_USAGE(.BOTH.,#42100);
#42120=PRESENTATION_STYLE_ASSIGNMENT((#42110));
#42130=CARTESIAN_POINT('',(0.895000000000238,-0.0949999999997468,
0.290419423104595));
#42140=DIRECTION('',(-0.707106781185227,-7.01898208684771E-13,
0.707106781187868));
#42150=DIRECTION('',(0.707106781187868,-7.01898208682131E-13,
0.707106781185227));
#42160=AXIS2_PLACEMENT_3D('',#42130,#42140,#42150);
#42170=PLANE('',#42160);
#42180=ORIENTED_EDGE('',*,*,#37110,.F.);
#42190=ORIENTED_EDGE('',*,*,#34440,.F.);
#42200=CARTESIAN_POINT('',(0.874999999971134,0.0650000000002799,
0.270419423075595));
#42210=DIRECTION('',(0.707106781187866,7.01635066454248E-13,
0.707106781185229));
#42220=VECTOR('',#42210,1.);
#42230=LINE('',#42200,#42220);
#42240=EDGE_CURVE('',#7320,#34330,#42230,.T.);
#42250=ORIENTED_EDGE('',*,*,#42240,.T.);
#42260=ORIENTED_EDGE('',*,*,#7330,.F.);
#42270=EDGE_LOOP('',(#42260,#42250,#42190,#42180));
#42280=FACE_OUTER_BOUND('',#42270,.T.);
#42290=ADVANCED_FACE('',(#42280),#42170,.F.);
#42300=COLOUR_RGB('',0.368627458810806,0.384313762187958,
0.466666698455811);
#42310=FILL_AREA_STYLE_COLOUR('',#42300);
#42320=FILL_AREA_STYLE('',(#42310));
#42330=SURFACE_STYLE_FILL_AREA(#42320);
#42340=SURFACE_SIDE_STYLE('',(#42330));
#42350=SURFACE_STYLE_USAGE(.BOTH.,#42340);
#42360=PRESENTATION_STYLE_ASSIGNMENT((#42350));
#42370=CARTESIAN_POINT('',(-0.595000000000199,0.215000000386342,
0.139999999958254));
#42380=DIRECTION('',(-4.9960036108132E-16,-1.,0.));
#42390=DIRECTION('',(1.,-4.9960036108132E-16,0.));
#42400=AXIS2_PLACEMENT_3D('',#42370,#42380,#42390);
#42410=CYLINDRICAL_SURFACE('',#42400,0.04);
#42420=CARTESIAN_POINT('',(-0.635000000000199,0.215000000000636,
0.139999999958254));
#42430=CARTESIAN_POINT('',(-0.635000000000199,0.215000000000636,
0.137347614176967));
#42440=CARTESIAN_POINT('',(-0.634565676742832,0.214565741143333,
0.13199397064831));
#42450=CARTESIAN_POINT('',(-0.631433467020497,0.211433378325661,
0.122849658345054));
#42460=CARTESIAN_POINT('',(-0.628133657162039,0.20813380266679,
0.11717432139313));
#42470=CARTESIAN_POINT('',(-0.622121953056235,0.202121908984514,
0.110074254017724));
#42480=CARTESIAN_POINT('',(-0.614693910943002,0.19469401231998,
0.104828498893958));
#42490=CARTESIAN_POINT('',(-0.606413917932528,0.186413983316477,
0.101236468652124));
#42500=CARTESIAN_POINT('',(-0.599010956751293,0.17901095675173,
0.099999999958254));
#42510=CARTESIAN_POINT('',(-0.595000000000199,0.175000000000636,
0.099999999958254));
#42520=B_SPLINE_CURVE_WITH_KNOTS('',3,(#42420,#42430,#42440,#42450,
#42460,#42470,#42480,#42490,#42500,#42510),.UNSPECIFIED.,.F.,.F.,(4,1,1,
1,1,1,1,4),(0.,0.142857142857143,0.285714285714286,0.428571428571429,
0.571428571428571,0.714285714285714,0.857142857142857,1.),.UNSPECIFIED.)
;
#42530=EDGE_CURVE('',#39200,#37820,#42520,.T.);
#42540=ORIENTED_EDGE('',*,*,#42530,.F.);
#42550=ORIENTED_EDGE('',*,*,#38050,.T.);
#42560=ORIENTED_EDGE('',*,*,#41690,.T.);
#42570=ORIENTED_EDGE('',*,*,#39270,.T.);
#42580=EDGE_LOOP('',(#42570,#42560,#42550,#42540));
#42590=FACE_OUTER_BOUND('',#42580,.T.);
#42600=ADVANCED_FACE('',(#42590),#42410,.F.);
#42610=COLOUR_RGB('',0.368627458810806,0.384313762187958,
0.466666698455811);
#42620=FILL_AREA_STYLE_COLOUR('',#42610);
#42630=FILL_AREA_STYLE('',(#42620));
#42640=SURFACE_STYLE_FILL_AREA(#42630);
#42650=SURFACE_SIDE_STYLE('',(#42640));
#42660=SURFACE_STYLE_USAGE(.BOTH.,#42650);
#42670=PRESENTATION_STYLE_ASSIGNMENT((#42660));
#42680=CARTESIAN_POINT('',(-0.615000000000251,-0.430000000000078,
0.184999999999937));
#42690=DIRECTION('',(0.,1.,0.));
#42700=DIRECTION('',(0.,0.,1.));
#42710=AXIS2_PLACEMENT_3D('',#42680,#42690,#42700);
#42720=PLANE('',#42710);
#42730=CARTESIAN_POINT('',(-0.279999999999998,-0.430000000000078,
0.269999999999936));
#42740=DIRECTION('',(-1.,0.,0.));
#42750=VECTOR('',#42740,1.);
#42760=LINE('',#42730,#42750);
#42770=EDGE_CURVE('',#20260,#21950,#42760,.T.);
#42780=ORIENTED_EDGE('',*,*,#42770,.T.);
#42790=ORIENTED_EDGE('',*,*,#20270,.T.);
#42800=ORIENTED_EDGE('',*,*,#20760,.T.);
#42810=ORIENTED_EDGE('',*,*,#21140,.F.);
#42820=ORIENTED_EDGE('',*,*,#21450,.T.);
#42830=ORIENTED_EDGE('',*,*,#22020,.F.);
#42840=EDGE_LOOP('',(#42830,#42820,#42810,#42800,#42790,#42780));
#42850=FACE_OUTER_BOUND('',#42840,.T.);
#42860=ADVANCED_FACE('',(#42850),#42720,.F.);
#42870=COLOUR_RGB('',0.368627458810806,0.384313762187958,
0.466666698455811);
#42880=FILL_AREA_STYLE_COLOUR('',#42870);
#42890=FILL_AREA_STYLE('',(#42880));
#42900=SURFACE_STYLE_FILL_AREA(#42890);
#42910=SURFACE_SIDE_STYLE('',(#42900));
#42920=SURFACE_STYLE_USAGE(.BOTH.,#42910);
#42930=PRESENTATION_STYLE_ASSIGNMENT((#42920));
#42940=CARTESIAN_POINT('',(-0.520000000000003,-0.440000000000078,
0.279999999999936));
#42950=DIRECTION('',(0.,0.707106781186547,0.707106781186548));
#42960=DIRECTION('',(0.,-0.707106781186548,0.707106781186547));
#42970=AXIS2_PLACEMENT_3D('',#42940,#42950,#42960);
#42980=PLANE('',#42970);
#42990=CARTESIAN_POINT('',(-0.279999999999998,-0.455000000000078,
0.294999999999936));
#43000=DIRECTION('',(-1.,0.,0.));
#43010=VECTOR('',#43000,1.);
#43020=LINE('',#42990,#43010);
#43030=EDGE_CURVE('',#20340,#21870,#43020,.T.);
#43040=ORIENTED_EDGE('',*,*,#43030,.T.);
#43050=ORIENTED_EDGE('',*,*,#20350,.F.);
#43060=ORIENTED_EDGE('',*,*,#42770,.F.);
#43070=ORIENTED_EDGE('',*,*,#21960,.F.);
#43080=EDGE_LOOP('',(#43070,#43060,#43050,#43040));
#43090=FACE_OUTER_BOUND('',#43080,.T.);
#43100=ADVANCED_FACE('',(#43090),#42980,.F.);
#43110=COLOUR_RGB('',0.368627458810806,0.384313762187958,
0.466666698455811);
#43120=FILL_AREA_STYLE_COLOUR('',#43110);
#43130=FILL_AREA_STYLE('',(#43120));
#43140=SURFACE_STYLE_FILL_AREA(#43130);
#43150=SURFACE_SIDE_STYLE('',(#43140));
#43160=SURFACE_STYLE_USAGE(.BOTH.,#43150);
#43170=PRESENTATION_STYLE_ASSIGNMENT((#43160));
#43180=CARTESIAN_POINT('',(-0.615000000000251,-0.455000000000078,
0.294999999999936));
#43190=DIRECTION('',(0.,1.,0.));
#43200=DIRECTION('',(0.,0.,1.));
#43210=AXIS2_PLACEMENT_3D('',#43180,#43190,#43200);
#43220=PLANE('',#43210);
#43230=CARTESIAN_POINT('',(-0.700000000000235,-0.455000000000078,
0.319999999999937));
#43240=DIRECTION('',(1.,0.,0.));
#43250=VECTOR('',#43240,1.);
#43260=LINE('',#43230,#43250);
#43270=EDGE_CURVE('',#21790,#20420,#43260,.T.);
#43280=ORIENTED_EDGE('',*,*,#43270,.F.);
#43290=ORIENTED_EDGE('',*,*,#20430,.T.);
#43300=ORIENTED_EDGE('',*,*,#43030,.F.);
#43310=ORIENTED_EDGE('',*,*,#21880,.F.);
#43320=EDGE_LOOP('',(#43310,#43300,#43290,#43280));
#43330=FACE_OUTER_BOUND('',#43320,.T.);
#43340=ADVANCED_FACE('',(#43330),#43220,.F.);
#43350=COLOUR_RGB('',0.368627458810806,0.384313762187958,
0.466666698455811);
#43360=FILL_AREA_STYLE_COLOUR('',#43350);
#43370=FILL_AREA_STYLE('',(#43360));
#43380=SURFACE_STYLE_FILL_AREA(#43370);
#43390=SURFACE_SIDE_STYLE('',(#43380));
#43400=SURFACE_STYLE_USAGE(.BOTH.,#43390);
#43410=PRESENTATION_STYLE_ASSIGNMENT((#43400));
#43420=CARTESIAN_POINT('',(-0.705000000000231,-0.365000000000078,
0.319999999999937));
#43430=DIRECTION('',(-1.,0.,0.));
#43440=DIRECTION('',(0.,-1.,0.));
#43450=AXIS2_PLACEMENT_3D('',#43420,#43430,#43440);
#43460=CYLINDRICAL_SURFACE('',#43450,0.0900000000000001);
#43470=ORIENTED_EDGE('',*,*,#27540,.T.);
#43480=ORIENTED_EDGE('',*,*,#20500,.F.);
#43490=ORIENTED_EDGE('',*,*,#43270,.T.);
#43500=ORIENTED_EDGE('',*,*,#21800,.F.);
#43510=EDGE_LOOP('',(#43500,#43490,#43480,#43470));
#43520=FACE_OUTER_BOUND('',#43510,.T.);
#43530=ADVANCED_FACE('',(#43520),#43460,.T.);
#43540=COLOUR_RGB('',0.368627458810806,0.384313762187958,
0.466666698455811);
#43550=FILL_AREA_STYLE_COLOUR('',#43540);
#43560=FILL_AREA_STYLE('',(#43550));
#43570=SURFACE_STYLE_FILL_AREA(#43560);
#43580=SURFACE_SIDE_STYLE('',(#43570));
#43590=SURFACE_STYLE_USAGE(.BOTH.,#43580);
#43600=PRESENTATION_STYLE_ASSIGNMENT((#43590));
#43610=CARTESIAN_POINT('',(-5.10702591327572E-14,-0.42999999999988,
0.200000000014389));
#43620=DIRECTION('',(0.,1.,0.));
#43630=DIRECTION('',(0.,0.,-1.));
#43640=AXIS2_PLACEMENT_3D('',#43610,#43620,#43630);
#43650=PLANE('',#43640);
#43660=ORIENTED_EDGE('',*,*,#17810,.T.);
#43670=ORIENTED_EDGE('',*,*,#18430,.T.);
#43680=ORIENTED_EDGE('',*,*,#18670,.F.);
#43690=ORIENTED_EDGE('',*,*,#18990,.T.);
#43700=ORIENTED_EDGE('',*,*,#19630,.F.);
#43710=CARTESIAN_POINT('',(0.0699999999999489,-0.42999999999988,
0.27000000001439));
#43720=DIRECTION('',(-1.,0.,0.));
#43730=VECTOR('',#43720,1.);
#43740=LINE('',#43710,#43730);
#43750=EDGE_CURVE('',#17800,#19560,#43740,.T.);
#43760=ORIENTED_EDGE('',*,*,#43750,.T.);
#43770=EDGE_LOOP('',(#43760,#43700,#43690,#43680,#43670,#43660));
#43780=FACE_OUTER_BOUND('',#43770,.T.);
#43790=ADVANCED_FACE('',(#43780),#43650,.F.);
#43800=COLOUR_RGB('',0.368627458810806,0.384313762187958,
0.466666698455811);
#43810=FILL_AREA_STYLE_COLOUR('',#43800);
#43820=FILL_AREA_STYLE('',(#43810));
#43830=SURFACE_STYLE_FILL_AREA(#43820);
#43840=SURFACE_SIDE_STYLE('',(#43830));
#43850=SURFACE_STYLE_USAGE(.BOTH.,#43840);
#43860=PRESENTATION_STYLE_ASSIGNMENT((#43850));
#43870=CARTESIAN_POINT('',(-5.10702591327572E-14,-0.438670068381324,
0.278670068395834));
#43880=DIRECTION('',(0.,0.707106781186547,0.707106781186548));
#43890=DIRECTION('',(0.,0.707106781186548,-0.707106781186547));
#43900=AXIS2_PLACEMENT_3D('',#43870,#43880,#43890);
#43910=PLANE('',#43900);
#43920=CARTESIAN_POINT('',(-0.0700000000000511,-0.45499999999988,
0.295000000014389));
#43930=DIRECTION('',(1.,0.,0.));
#43940=VECTOR('',#43930,1.);
#43950=LINE('',#43920,#43940);
#43960=EDGE_CURVE('',#19480,#17880,#43950,.T.);
#43970=ORIENTED_EDGE('',*,*,#43960,.F.);
#43980=ORIENTED_EDGE('',*,*,#17890,.F.);
#43990=ORIENTED_EDGE('',*,*,#43750,.F.);
#44000=ORIENTED_EDGE('',*,*,#19570,.F.);
#44010=EDGE_LOOP('',(#44000,#43990,#43980,#43970));
#44020=FACE_OUTER_BOUND('',#44010,.T.);
#44030=ADVANCED_FACE('',(#44020),#43910,.F.);
#44040=COLOUR_RGB('',0.368627458810806,0.384313762187958,
0.466666698455811);
#44050=FILL_AREA_STYLE_COLOUR('',#44040);
#44060=FILL_AREA_STYLE('',(#44050));
#44070=SURFACE_STYLE_FILL_AREA(#44060);
#44080=SURFACE_SIDE_STYLE('',(#44070));
#44090=SURFACE_STYLE_USAGE(.BOTH.,#44080);
#44100=PRESENTATION_STYLE_ASSIGNMENT((#44090));
#44110=CARTESIAN_POINT('',(-5.10702591327572E-14,-0.45499999999988,
0.275000000014389));
#44120=DIRECTION('',(0.,1.,0.));
#44130=DIRECTION('',(0.,0.,-1.));
#44140=AXIS2_PLACEMENT_3D('',#44110,#44120,#44130);
#44150=PLANE('',#44140);
#44160=ORIENTED_EDGE('',*,*,#38270,.F.);
#44170=ORIENTED_EDGE('',*,*,#17970,.T.);
#44180=ORIENTED_EDGE('',*,*,#43960,.T.);
#44190=ORIENTED_EDGE('',*,*,#19490,.F.);
#44200=EDGE_LOOP('',(#44190,#44180,#44170,#44160));
#44210=FACE_OUTER_BOUND('',#44200,.T.);
#44220=ADVANCED_FACE('',(#44210),#44150,.F.);
#44230=COLOUR_RGB('',0.368627458810806,0.384313762187958,
0.466666698455811);
#44240=FILL_AREA_STYLE_COLOUR('',#44230);
#44250=FILL_AREA_STYLE('',(#44240));
#44260=SURFACE_STYLE_FILL_AREA(#44250);
#44270=SURFACE_SIDE_STYLE('',(#44260));
#44280=SURFACE_STYLE_USAGE(.BOTH.,#44270);
#44290=PRESENTATION_STYLE_ASSIGNMENT((#44280));
#44300=CARTESIAN_POINT('',(-0.784999999971138,-0.205000000000005,
0.319999999943749));
#44310=DIRECTION('',(3.54417350173939E-16,-1.,0.));
#44320=DIRECTION('',(-1.,-3.54417350173939E-16,0.));
#44330=AXIS2_PLACEMENT_3D('',#44300,#44310,#44320);
#44340=CYLINDRICAL_SURFACE('',#44330,0.09);
#44350=CARTESIAN_POINT('',(-0.874999999971138,-0.0649999998073414,
0.319999999943749));
#44360=DIRECTION('',(5.0464769867091E-16,-1.,0.));
#44370=VECTOR('',#44360,1.);
#44380=LINE('',#44350,#44370);
#44390=CARTESIAN_POINT('',(-0.874999999971138,-0.0649999998073414,
0.319999999943749));
#44400=VERTEX_POINT('',#44390);
#44410=EDGE_CURVE('',#44400,#25580,#44380,.T.);
#44420=ORIENTED_EDGE('',*,*,#44410,.T.);
#44430=CARTESIAN_POINT('',(-0.784999999971138,-0.0649999998073414,
0.319999999943749));
#44440=DIRECTION('',(-3.08395284618099E-16,1.,0.));
#44450=DIRECTION('',(-1.,-3.08395284618099E-16,0.));
#44460=AXIS2_PLACEMENT_3D('',#44430,#44440,#44450);
#44470=CIRCLE('',#44460,0.09);
#44480=EDGE_CURVE('',#44400,#37500,#44470,.T.);
#44490=ORIENTED_EDGE('',*,*,#44480,.F.);
#44500=ORIENTED_EDGE('',*,*,#37510,.T.);
#44510=CARTESIAN_POINT('',(-0.784999999971138,0.0649999998078934,
0.319999999943749));
#44520=DIRECTION('',(3.08395284618099E-16,1.,0.));
#44530=DIRECTION('',(-1.,3.08395284618099E-16,0.));
#44540=AXIS2_PLACEMENT_3D('',#44510,#44520,#44530);
#44550=CIRCLE('',#44540,0.09);
#44560=CARTESIAN_POINT('',(-0.874999999971138,0.0649999998078934,
0.319999999943749));
#44570=VERTEX_POINT('',#44560);
#44580=EDGE_CURVE('',#44570,#37420,#44550,.T.);
#44590=ORIENTED_EDGE('',*,*,#44580,.T.);
#44600=CARTESIAN_POINT('',(-0.874999999971138,0.0649999998078934,
0.319999999943749));
#44610=DIRECTION('',(5.0464769867091E-16,1.,0.));
#44620=VECTOR('',#44610,1.);
#44630=LINE('',#44600,#44620);
#44640=CARTESIAN_POINT('',(-0.874999999971138,0.284999620840381,
0.319999999943749));
#44650=VERTEX_POINT('',#44640);
#44660=EDGE_CURVE('',#44570,#44650,#44630,.T.);
#44670=ORIENTED_EDGE('',*,*,#44660,.F.);
#44680=CARTESIAN_POINT('',(-0.784999999971138,0.284999620840379,
0.319999999943749));
#44690=DIRECTION('',(0.,-1.,0.));
#44700=DIRECTION('',(5.67447323697314E-14,-0.,1.));
#44710=AXIS2_PLACEMENT_3D('',#44680,#44690,#44700);
#44720=CIRCLE('',#44710,0.0899999999999981);
#44730=EDGE_CURVE('',#26290,#44650,#44720,.T.);
#44740=ORIENTED_EDGE('',*,*,#44730,.T.);
#44750=ORIENTED_EDGE('',*,*,#27630,.T.);
#44760=ORIENTED_EDGE('',*,*,#25680,.F.);
#44770=EDGE_LOOP('',(#44760,#44750,#44740,#44670,#44590,#44500,#44490,
#44420));
#44780=FACE_OUTER_BOUND('',#44770,.T.);
#44790=ADVANCED_FACE('',(#44780),#44340,.T.);
#44800=COLOUR_RGB('',0.368627458810806,0.384313762187958,
0.466666698455811);
#44810=FILL_AREA_STYLE_COLOUR('',#44800);
#44820=FILL_AREA_STYLE('',(#44810));
#44830=SURFACE_STYLE_FILL_AREA(#44820);
#44840=SURFACE_SIDE_STYLE('',(#44830));
#44850=SURFACE_STYLE_USAGE(.BOTH.,#44840);
#44860=PRESENTATION_STYLE_ASSIGNMENT((#44850));
#44870=CARTESIAN_POINT('',(-0.874999999971138,-0.435000000000092,
0.00999999991568323));
#44880=DIRECTION('',(-1.,-3.54417350173939E-16,-8.32667268468867E-17));
#44890=DIRECTION('',(3.54417350173939E-16,-1.,0.));
#44900=AXIS2_PLACEMENT_3D('',#44870,#44880,#44890);
#44910=PLANE('',#44900);
#44920=ORIENTED_EDGE('',*,*,#24350,.F.);
#44930=CARTESIAN_POINT('',(-0.874999999971138,-0.380000000000005,
0.00999999997182438));
#44940=DIRECTION('',(0.,0.,1.));
#44950=VECTOR('',#44940,1.);
#44960=LINE('',#44930,#44950);
#44970=EDGE_CURVE('',#5810,#24260,#44960,.T.);
#44980=ORIENTED_EDGE('',*,*,#44970,.T.);
#44990=ORIENTED_EDGE('',*,*,#5820,.F.);
#45000=CARTESIAN_POINT('',(-0.874999999971138,-0.144999999999462,
0.0899999999718244));
#45010=DIRECTION('',(0.,0.,-1.));
#45020=VECTOR('',#45010,1.);
#45030=LINE('',#45000,#45020);
#45040=EDGE_CURVE('',#3250,#5730,#45030,.T.);
#45050=ORIENTED_EDGE('',*,*,#45040,.T.);
#45060=ORIENTED_EDGE('',*,*,#3260,.F.);
#45070=CARTESIAN_POINT('',(-0.874999999971138,0.145000000000014,
0.0899999999718244));
#45080=DIRECTION('',(0.,0.,-1.));
#45090=VECTOR('',#45080,1.);
#45100=LINE('',#45070,#45090);
#45110=EDGE_CURVE('',#3170,#5490,#45100,.T.);
#45120=ORIENTED_EDGE('',*,*,#45110,.F.);
#45130=ORIENTED_EDGE('',*,*,#5500,.T.);
#45140=CARTESIAN_POINT('',(-0.874999999971138,0.380000000000557,
0.00999999997182438));
#45150=DIRECTION('',(0.,-0.,1.));
#45160=VECTOR('',#45150,1.);
#45170=LINE('',#45140,#45160);
#45180=CARTESIAN_POINT('',(-0.874999999971138,0.380000000000557,
0.0899999999438122));
#45190=VERTEX_POINT('',#45180);
#45200=EDGE_CURVE('',#5410,#45190,#45170,.T.);
#45210=ORIENTED_EDGE('',*,*,#45200,.F.);
#45220=CARTESIAN_POINT('',(-0.874999999971138,0.284999620840378,
0.0899999999438122));
#45230=DIRECTION('',(0.,1.,0.));
#45240=VECTOR('',#45230,1.);
#45250=LINE('',#45220,#45240);
#45260=CARTESIAN_POINT('',(-0.874999999971138,0.284999620840376,
0.0899999999438122));
#45270=VERTEX_POINT('',#45260);
#45280=EDGE_CURVE('',#45270,#45190,#45250,.T.);
#45290=ORIENTED_EDGE('',*,*,#45280,.T.);
#45300=CARTESIAN_POINT('',(-0.874999999971135,0.284999620840377,
0.319999999943749));
#45310=DIRECTION('',(0.,0.,-1.));
#45320=VECTOR('',#45310,1.);
#45330=LINE('',#45300,#45320);
#45340=EDGE_CURVE('',#44650,#45270,#45330,.T.);
#45350=ORIENTED_EDGE('',*,*,#45340,.T.);
#45360=ORIENTED_EDGE('',*,*,#44660,.T.);
#45370=CARTESIAN_POINT('',(-0.874999999971138,0.0649999998078934,
0.319999999943749));
#45380=DIRECTION('',(0.,0.,-1.));
#45390=VECTOR('',#45380,1.);
#45400=LINE('',#45370,#45390);
#45410=EDGE_CURVE('',#44570,#130,#45400,.T.);
#45420=ORIENTED_EDGE('',*,*,#45410,.F.);
#45430=ORIENTED_EDGE('',*,*,#360,.T.);
#45440=CARTESIAN_POINT('',(-0.874999999971138,-0.0649999998073414,
0.319999999943749));
#45450=DIRECTION('',(0.,0.,-1.));
#45460=VECTOR('',#45450,1.);
#45470=LINE('',#45440,#45460);
#45480=EDGE_CURVE('',#44400,#290,#45470,.T.);
#45490=ORIENTED_EDGE('',*,*,#45480,.T.);
#45500=ORIENTED_EDGE('',*,*,#44410,.F.);
#45510=CARTESIAN_POINT('',(-0.874999999971135,-0.284999620839825,
0.319999999943749));
#45520=DIRECTION('',(0.,0.,-1.));
#45530=VECTOR('',#45520,1.);
#45540=LINE('',#45510,#45530);
#45550=EDGE_CURVE('',#25580,#24340,#45540,.T.);
#45560=ORIENTED_EDGE('',*,*,#45550,.F.);
#45570=EDGE_LOOP('',(#45560,#45500,#45490,#45430,#45420,#45360,#45350,
#45290,#45210,#45130,#45120,#45060,#45050,#44990,#44980,#44920));
#45580=FACE_OUTER_BOUND('',#45570,.T.);
#45590=ADVANCED_FACE('',(#45580),#44910,.T.);
#45600=COLOUR_RGB('',0.368627458810806,0.384313762187958,
0.466666698455811);
#45610=FILL_AREA_STYLE_COLOUR('',#45600);
#45620=FILL_AREA_STYLE('',(#45610));
#45630=SURFACE_STYLE_FILL_AREA(#45620);
#45640=SURFACE_SIDE_STYLE('',(#45630));
#45650=SURFACE_STYLE_USAGE(.BOTH.,#45640);
#45660=PRESENTATION_STYLE_ASSIGNMENT((#45650));
#45670=CARTESIAN_POINT('',(-0.889999999971138,-0.299999620839827,
0.204999999943781));
#45680=DIRECTION('',(0.707106781186547,-0.707106781186548,
5.88784672006415E-17));
#45690=DIRECTION('',(-0.707106781186548,-0.707106781186547,0.));
#45700=AXIS2_PLACEMENT_3D('',#45670,#45680,#45690);
#45710=PLANE('',#45700);
#45720=ORIENTED_EDGE('',*,*,#25590,.F.);
#45730=ORIENTED_EDGE('',*,*,#24810,.F.);
#45740=ORIENTED_EDGE('',*,*,#24430,.F.);
#45750=ORIENTED_EDGE('',*,*,#45550,.T.);
#45760=EDGE_LOOP('',(#45750,#45740,#45730,#45720));
#45770=FACE_OUTER_BOUND('',#45760,.T.);
#45780=ADVANCED_FACE('',(#45770),#45710,.F.);
#45790=COLOUR_RGB('',0.368627458810806,0.384313762187958,
0.466666698455811);
#45800=FILL_AREA_STYLE_COLOUR('',#45790);
#45810=FILL_AREA_STYLE('',(#45800));
#45820=SURFACE_STYLE_FILL_AREA(#45810);
#45830=SURFACE_SIDE_STYLE('',(#45820));
#45840=SURFACE_STYLE_USAGE(.BOTH.,#45830);
#45850=PRESENTATION_STYLE_ASSIGNMENT((#45840));
#45860=CARTESIAN_POINT('',(-0.664999999999941,-0.380000000000005,
0.0874999999578451));
#45870=DIRECTION('',(0.,1.,0.));
#45880=DIRECTION('',(-1.,0.,0.));
#45890=AXIS2_PLACEMENT_3D('',#45860,#45870,#45880);
#45900=PLANE('',#45890);
#45910=ORIENTED_EDGE('',*,*,#44970,.F.);
#45920=ORIENTED_EDGE('',*,*,#24270,.F.);
#45930=CARTESIAN_POINT('',(-0.480000000000267,-0.380000000000005,
0.0599999999441199));
#45940=DIRECTION('',(-0.707106781186548,0.,0.707106781186547));
#45950=VECTOR('',#45940,1.);
#45960=LINE('',#45930,#45950);
#45970=CARTESIAN_POINT('',(-0.480000000000267,-0.380000000000005,
0.0599999999510752));
#45980=VERTEX_POINT('',#45970);
#45990=EDGE_CURVE('',#45980,#24180,#45960,.T.);
#46000=ORIENTED_EDGE('',*,*,#45990,.T.);
#46010=CARTESIAN_POINT('',(-0.480000000000267,-0.380000000000005,
0.00999999997182438));
#46020=DIRECTION('',(0.,0.,1.));
#46030=VECTOR('',#46020,1.);
#46040=LINE('',#46010,#46030);
#46050=EDGE_CURVE('',#5890,#45980,#46040,.T.);
#46060=ORIENTED_EDGE('',*,*,#46050,.T.);
#46070=ORIENTED_EDGE('',*,*,#5900,.T.);
#46080=EDGE_LOOP('',(#46070,#46060,#46000,#45920,#45910));
#46090=FACE_OUTER_BOUND('',#46080,.T.);
#46100=ADVANCED_FACE('',(#46090),#45900,.F.);
#46110=COLOUR_RGB('',0.368627458810806,0.384313762187958,
0.466666698455811);
#46120=FILL_AREA_STYLE_COLOUR('',#46110);
#46130=FILL_AREA_STYLE('',(#46120));
#46140=SURFACE_STYLE_FILL_AREA(#46130);
#46150=SURFACE_SIDE_STYLE('',(#46140));
#46160=SURFACE_STYLE_USAGE(.BOTH.,#46150);
#46170=PRESENTATION_STYLE_ASSIGNMENT((#46160));
#46180=CARTESIAN_POINT('',(-0.494999999999959,-0.400000000000005,
0.0749999999438122));
#46190=DIRECTION('',(-0.707106781186548,0.,-0.707106781186548));
#46200=DIRECTION('',(-0.707106781186548,0.,0.707106781186548));
#46210=AXIS2_PLACEMENT_3D('',#46180,#46190,#46200);
#46220=PLANE('',#46210);
#46230=ORIENTED_EDGE('',*,*,#45990,.F.);
#46240=ORIENTED_EDGE('',*,*,#24190,.F.);
#46250=ORIENTED_EDGE('',*,*,#12880,.F.);
#46260=CARTESIAN_POINT('',(-0.480000000000267,-0.419999999999997,
0.0599999999790153));
#46270=DIRECTION('',(0.,1.,-5.24619930830744E-10));
#46280=VECTOR('',#46270,1.);
#46290=LINE('',#46260,#46280);
#46300=EDGE_CURVE('',#12790,#45980,#46290,.T.);
#46310=ORIENTED_EDGE('',*,*,#46300,.F.);
#46320=EDGE_LOOP('',(#46310,#46250,#46240,#46230));
#46330=FACE_OUTER_BOUND('',#46320,.T.);
#46340=ADVANCED_FACE('',(#46330),#46220,.T.);
#46350=COLOUR_RGB('',0.368627458810806,0.384313762187958,
0.466666698455811);
#46360=FILL_AREA_STYLE_COLOUR('',#46350);
#46370=FILL_AREA_STYLE('',(#46360));
#46380=SURFACE_STYLE_FILL_AREA(#46370);
#46390=SURFACE_SIDE_STYLE('',(#46380));
#46400=SURFACE_STYLE_USAGE(.BOTH.,#46390);
#46410=PRESENTATION_STYLE_ASSIGNMENT((#46400));
#46420=CARTESIAN_POINT('',(-0.480000000000267,-0.474999999999649,
0.0300000000000001));
#46430=DIRECTION('',(-1.,0.,0.));
#46440=DIRECTION('',(0.,-1.,0.));
#46450=AXIS2_PLACEMENT_3D('',#46420,#46430,#46440);
#46460=PLANE('',#46450);
#46470=CARTESIAN_POINT('',(-0.480000000000267,-0.700000000000005,
2.52575738102231E-17));
#46480=DIRECTION('',(0.,1.,0.));
#46490=VECTOR('',#46480,1.);
#46500=LINE('',#46470,#46490);
#46510=CARTESIAN_POINT('',(-0.480000000000267,-0.700000000000005,
2.5257573810223E-17));
#46520=VERTEX_POINT('',#46510);
#46530=EDGE_CURVE('',#46520,#10620,#46500,.T.);
#46540=ORIENTED_EDGE('',*,*,#46530,.F.);
#46550=ORIENTED_EDGE('',*,*,#10630,.T.);
#46560=ORIENTED_EDGE('',*,*,#5980,.F.);
#46570=ORIENTED_EDGE('',*,*,#46050,.F.);
#46580=ORIENTED_EDGE('',*,*,#46300,.T.);
#46590=CARTESIAN_POINT('',(-0.480000000000267,-0.700000000000005,
0.0600000000000001));
#46600=DIRECTION('',(0.,1.,-7.49457291861388E-11));
#46610=VECTOR('',#46600,1.);
#46620=LINE('',#46590,#46610);
#46630=CARTESIAN_POINT('',(-0.480000000000267,-0.700000000000005,
0.0600000000000001));
#46640=VERTEX_POINT('',#46630);
#46650=EDGE_CURVE('',#46640,#12790,#46620,.T.);
#46660=ORIENTED_EDGE('',*,*,#46650,.T.);
#46670=CARTESIAN_POINT('',(-0.480000000000267,-0.700000000000005,
0.0600000000000001));
#46680=DIRECTION('',(0.,0.,-1.));
#46690=VECTOR('',#46680,1.);
#46700=LINE('',#46670,#46690);
#46710=EDGE_CURVE('',#46640,#46520,#46700,.T.);
#46720=ORIENTED_EDGE('',*,*,#46710,.F.);
#46730=EDGE_LOOP('',(#46720,#46660,#46580,#46570,#46560,#46550,#46540));
#46740=FACE_OUTER_BOUND('',#46730,.T.);
#46750=ADVANCED_FACE('',(#46740),#46460,.T.);
#46760=COLOUR_RGB('',0.368627458810806,0.384313762187958,
0.466666698455811);
#46770=FILL_AREA_STYLE_COLOUR('',#46760);
#46780=FILL_AREA_STYLE('',(#46770));
#46790=SURFACE_STYLE_FILL_AREA(#46780);
#46800=SURFACE_SIDE_STYLE('',(#46790));
#46810=SURFACE_STYLE_USAGE(.BOTH.,#46800);
#46820=PRESENTATION_STYLE_ASSIGNMENT((#46810));
#46830=CARTESIAN_POINT('',(1.49841378982221,-0.700000000000005,
-0.0415520005651537));
#46840=DIRECTION('',(0.,-1.,0.));
#46850=DIRECTION('',(-1.,0.,0.));
#46860=AXIS2_PLACEMENT_3D('',#46830,#46840,#46850);
#46870=PLANE('',#46860);
#46880=ORIENTED_EDGE('',*,*,#46710,.T.);
#46890=CARTESIAN_POINT('',(-0.480000000000267,-0.700000000000005,
0.0600000000000001));
#46900=DIRECTION('',(1.,0.,0.));
#46910=VECTOR('',#46900,1.);
#46920=LINE('',#46890,#46910);
#46930=CARTESIAN_POINT('',(-0.29000000000002,-0.700000000000005,
0.0600000000000001));
#46940=VERTEX_POINT('',#46930);
#46950=EDGE_CURVE('',#46640,#46940,#46920,.T.);
#46960=ORIENTED_EDGE('',*,*,#46950,.F.);
#46970=CARTESIAN_POINT('',(-0.29000000000002,-0.700000000000005,
3.46944695195361E-17));
#46980=DIRECTION('',(0.,0.,1.));
#46990=VECTOR('',#46980,1.);
#47000=LINE('',#46970,#46990);
#47010=CARTESIAN_POINT('',(-0.29000000000002,-0.700000000000005,
4.10782519111521E-17));
#47020=VERTEX_POINT('',#47010);
#47030=EDGE_CURVE('',#47020,#46940,#47000,.T.);
#47040=ORIENTED_EDGE('',*,*,#47030,.T.);
#47050=CARTESIAN_POINT('',(-0.480000000000267,-0.700000000000005,
3.46944695195361E-17));
#47060=DIRECTION('',(1.,0.,0.));
#47070=VECTOR('',#47060,1.);
#47080=LINE('',#47050,#47070);
#47090=EDGE_CURVE('',#46520,#47020,#47080,.T.);
#47100=ORIENTED_EDGE('',*,*,#47090,.T.);
#47110=EDGE_LOOP('',(#47100,#47040,#46960,#46880));
#47120=FACE_OUTER_BOUND('',#47110,.T.);
#47130=ADVANCED_FACE('',(#47120),#46870,.T.);
#47140=COLOUR_RGB('',0.368627458810806,0.384313762187958,
0.466666698455811);
#47150=FILL_AREA_STYLE_COLOUR('',#47140);
#47160=FILL_AREA_STYLE('',(#47150));
#47170=SURFACE_STYLE_FILL_AREA(#47160);
#47180=SURFACE_SIDE_STYLE('',(#47170));
#47190=SURFACE_STYLE_USAGE(.BOTH.,#47180);
#47200=PRESENTATION_STYLE_ASSIGNMENT((#47190));
#47210=CARTESIAN_POINT('',(-0.450000000000276,-0.397500000000136,
2.77555756156289E-17));
#47220=DIRECTION('',(8.32667268468867E-17,0.,-1.));
#47230=DIRECTION('',(1.,0.,8.32667268468867E-17));
#47240=AXIS2_PLACEMENT_3D('',#47210,#47220,#47230);
#47250=PLANE('',#47240);
#47260=CARTESIAN_POINT('',(-0.29000000000002,-0.315000000000077,
4.10782519111521E-17));
#47270=DIRECTION('',(0.,-1.,0.));
#47280=VECTOR('',#47270,1.);
#47290=LINE('',#47260,#47280);
#47300=EDGE_CURVE('',#10700,#47020,#47290,.T.);
#47310=ORIENTED_EDGE('',*,*,#47300,.T.);
#47320=ORIENTED_EDGE('',*,*,#10710,.F.);
#47330=ORIENTED_EDGE('',*,*,#46530,.T.);
#47340=ORIENTED_EDGE('',*,*,#47090,.F.);
#47350=EDGE_LOOP('',(#47340,#47330,#47320,#47310));
#47360=FACE_OUTER_BOUND('',#47350,.T.);
#47370=ADVANCED_FACE('',(#47360),#47250,.T.);
#47380=COLOUR_RGB('',0.368627458810806,0.384313762187958,
0.466666698455811);
#47390=FILL_AREA_STYLE_COLOUR('',#47380);
#47400=FILL_AREA_STYLE('',(#47390));
#47410=SURFACE_STYLE_FILL_AREA(#47400);
#47420=SURFACE_SIDE_STYLE('',(#47410));
#47430=SURFACE_STYLE_USAGE(.BOTH.,#47420);
#47440=PRESENTATION_STYLE_ASSIGNMENT((#47430));
#47450=CARTESIAN_POINT('',(-0.29000000000002,-0.382499999972613,
-0.000530964914873699));
#47460=DIRECTION('',(1.,-8.32667268468867E-17,9.56594024318546E-17));
#47470=DIRECTION('',(-8.32667268468867E-17,-1.,-7.96524533262964E-33));
#47480=AXIS2_PLACEMENT_3D('',#47450,#47460,#47470);
#47490=PLANE('',#47480);
#47500=ORIENTED_EDGE('',*,*,#47030,.F.);
#47510=CARTESIAN_POINT('',(-0.29000000000002,-0.419999999999997,
0.0600000000000001));
#47520=DIRECTION('',(-1.98254111540201E-16,-1.,0.));
#47530=VECTOR('',#47520,1.);
#47540=LINE('',#47510,#47530);
#47550=EDGE_CURVE('',#12710,#46940,#47540,.T.);
#47560=ORIENTED_EDGE('',*,*,#47550,.T.);
#47570=CARTESIAN_POINT('',(-0.289999999974064,-0.419999999999997,
0.0599999999826958));
#47580=DIRECTION('',(0.,1.,0.));
#47590=VECTOR('',#47580,1.);
#47600=LINE('',#47570,#47590);
#47610=CARTESIAN_POINT('',(-0.29000000000002,-0.379999999999997,
0.0599999999718807));
#47620=VERTEX_POINT('',#47610);
#47630=EDGE_CURVE('',#12710,#47620,#47600,.T.);
#47640=ORIENTED_EDGE('',*,*,#47630,.F.);
#47650=CARTESIAN_POINT('',(-0.29000000000002,-0.379999999999997,
0.00999999997182438));
#47660=DIRECTION('',(0.,0.,1.));
#47670=VECTOR('',#47660,1.);
#47680=LINE('',#47650,#47670);
#47690=EDGE_CURVE('',#6130,#47620,#47680,.T.);
#47700=ORIENTED_EDGE('',*,*,#47690,.T.);
#47710=ORIENTED_EDGE('',*,*,#6140,.F.);
#47720=ORIENTED_EDGE('',*,*,#10780,.T.);
#47730=ORIENTED_EDGE('',*,*,#47300,.F.);
#47740=EDGE_LOOP('',(#47730,#47720,#47710,#47700,#47640,#47560,#47500));
#47750=FACE_OUTER_BOUND('',#47740,.T.);
#47760=ADVANCED_FACE('',(#47750),#47490,.T.);
#47770=COLOUR_RGB('',0.368627458810806,0.384313762187958,
0.466666698455811);
#47780=FILL_AREA_STYLE_COLOUR('',#47770);
#47790=FILL_AREA_STYLE('',(#47780));
#47800=SURFACE_STYLE_FILL_AREA(#47790);
#47810=SURFACE_SIDE_STYLE('',(#47800));
#47820=SURFACE_STYLE_USAGE(.BOTH.,#47810);
#47830=PRESENTATION_STYLE_ASSIGNMENT((#47820));
#47840=CARTESIAN_POINT('',(-0.435000000000147,-0.37499999990384,
0.0600000000000001));
#47850=DIRECTION('',(0.,0.,-1.));
#47860=DIRECTION('',(0.,1.,0.));
#47870=AXIS2_PLACEMENT_3D('',#47840,#47850,#47860);
#47880=PLANE('',#47870);
#47890=ORIENTED_EDGE('',*,*,#46950,.T.);
#47900=ORIENTED_EDGE('',*,*,#46650,.F.);
#47910=ORIENTED_EDGE('',*,*,#12800,.F.);
#47920=ORIENTED_EDGE('',*,*,#47550,.F.);
#47930=EDGE_LOOP('',(#47920,#47910,#47900,#47890));
#47940=FACE_OUTER_BOUND('',#47930,.T.);
#47950=ADVANCED_FACE('',(#47940),#47880,.F.);
#47960=COLOUR_RGB('',0.368627458810806,0.384313762187958,
0.466666698455811);
#47970=FILL_AREA_STYLE_COLOUR('',#47960);
#47980=FILL_AREA_STYLE('',(#47970));
#47990=SURFACE_STYLE_FILL_AREA(#47980);
#48000=SURFACE_SIDE_STYLE('',(#47990));
#48010=SURFACE_STYLE_USAGE(.BOTH.,#48000);
#48020=PRESENTATION_STYLE_ASSIGNMENT((#48010));
#48030=CARTESIAN_POINT('',(-0.289999999999986,-0.430000000000005,
0.0599999999438123));
#48040=DIRECTION('',(0.832050294337844,0.,-0.554700196225228));
#48050=DIRECTION('',(-0.554700196225228,0.,-0.832050294337844));
#48060=AXIS2_PLACEMENT_3D('',#48030,#48040,#48050);
#48070=PLANE('',#48060);
#48080=CARTESIAN_POINT('',(-0.26999999998128,-0.419999999999997,
0.0899999999718714));
#48090=DIRECTION('',(0.,1.,0.));
#48100=VECTOR('',#48090,1.);
#48110=LINE('',#48080,#48100);
#48120=CARTESIAN_POINT('',(-0.26999999998128,-0.379999999999997,
0.0899999999718715));
#48130=VERTEX_POINT('',#48120);
#48140=EDGE_CURVE('',#12630,#48130,#48110,.T.);
#48150=ORIENTED_EDGE('',*,*,#48140,.F.);
#48160=CARTESIAN_POINT('',(-0.26999999998128,-0.379999999999997,
0.0899999999718714));
#48170=DIRECTION('',(-0.554700196225229,0.,-0.832050294337844));
#48180=VECTOR('',#48170,1.);
#48190=LINE('',#48160,#48180);
#48200=EDGE_CURVE('',#48130,#47620,#48190,.T.);
#48210=ORIENTED_EDGE('',*,*,#48200,.F.);
#48220=ORIENTED_EDGE('',*,*,#47630,.T.);
#48230=ORIENTED_EDGE('',*,*,#12720,.F.);
#48240=EDGE_LOOP('',(#48230,#48220,#48210,#48150));
#48250=FACE_OUTER_BOUND('',#48240,.T.);
#48260=ADVANCED_FACE('',(#48250),#48070,.T.);
#48270=COLOUR_RGB('',0.368627458810806,0.384313762187958,
0.466666698455811);
#48280=FILL_AREA_STYLE_COLOUR('',#48270);
#48290=FILL_AREA_STYLE('',(#48280));
#48300=SURFACE_STYLE_FILL_AREA(#48290);
#48310=SURFACE_SIDE_STYLE('',(#48300));
#48320=SURFACE_STYLE_USAGE(.BOTH.,#48310);
#48330=PRESENTATION_STYLE_ASSIGNMENT((#48320));
#48340=CARTESIAN_POINT('',(-0.175000000000031,-0.379999999999997,
0.0899999999718714));
#48350=DIRECTION('',(0.,0.,-1.));
#48360=DIRECTION('',(0.,-1.,0.));
#48370=AXIS2_PLACEMENT_3D('',#48340,#48350,#48360);
#48380=PLANE('',#48370);
#48390=CARTESIAN_POINT('',(-0.0800000000096487,-0.379999999999997,
0.0899999999718714));
#48400=DIRECTION('',(0.,-1.,0.));
#48410=VECTOR('',#48400,1.);
#48420=LINE('',#48390,#48410);
#48430=CARTESIAN_POINT('',(-0.0800000000189791,-0.379999999999997,
0.0899999999718714));
#48440=VERTEX_POINT('',#48430);
#48450=EDGE_CURVE('',#48440,#12550,#48420,.T.);
#48460=ORIENTED_EDGE('',*,*,#48450,.T.);
#48470=CARTESIAN_POINT('',(-0.26999999998128,-0.379999999999997,
0.0899999999718714));
#48480=DIRECTION('',(1.,0.,0.));
#48490=VECTOR('',#48480,1.);
#48500=LINE('',#48470,#48490);
#48510=EDGE_CURVE('',#48130,#48440,#48500,.T.);
#48520=ORIENTED_EDGE('',*,*,#48510,.T.);
#48530=ORIENTED_EDGE('',*,*,#48140,.T.);
#48540=ORIENTED_EDGE('',*,*,#12640,.T.);
#48550=EDGE_LOOP('',(#48540,#48530,#48520,#48460));
#48560=FACE_OUTER_BOUND('',#48550,.T.);
#48570=ADVANCED_FACE('',(#48560),#48380,.T.);
#48580=COLOUR_RGB('',0.368627458810806,0.384313762187958,
0.466666698455811);
#48590=FILL_AREA_STYLE_COLOUR('',#48580);
#48600=FILL_AREA_STYLE('',(#48590));
#48610=SURFACE_STYLE_FILL_AREA(#48600);
#48620=SURFACE_SIDE_STYLE('',(#48610));
#48630=SURFACE_STYLE_USAGE(.BOTH.,#48620);
#48640=PRESENTATION_STYLE_ASSIGNMENT((#48630));
#48650=CARTESIAN_POINT('',(-0.0799999999999895,-0.429999999999999,
0.0899999999573826));
#48660=DIRECTION('',(-0.832050294337844,4.15692627489006E-16,
-0.554700196225228));
#48670=DIRECTION('',(-0.554700196225228,2.77128418326003E-16,
0.832050294337844));
#48680=AXIS2_PLACEMENT_3D('',#48650,#48660,#48670);
#48690=PLANE('',#48680);
#48700=CARTESIAN_POINT('',(-0.0600000000099474,-0.379999999999997,
0.0599999999723194));
#48710=DIRECTION('',(-3.46944695195362E-16,-1.,0.));
#48720=VECTOR('',#48710,1.);
#48730=LINE('',#48700,#48720);
#48740=CARTESIAN_POINT('',(-0.0600000000000511,-0.379999999999997,
0.059999999957475));
#48750=VERTEX_POINT('',#48740);
#48760=EDGE_CURVE('',#48750,#12470,#48730,.T.);
#48770=ORIENTED_EDGE('',*,*,#48760,.T.);
#48780=CARTESIAN_POINT('',(-0.0600000000000511,-0.379999999999997,
0.0599999999294838));
#48790=DIRECTION('',(-0.554700196225229,0.,0.832050294337844));
#48800=VECTOR('',#48790,1.);
#48810=LINE('',#48780,#48800);
#48820=EDGE_CURVE('',#48750,#48440,#48810,.T.);
#48830=ORIENTED_EDGE('',*,*,#48820,.F.);
#48840=ORIENTED_EDGE('',*,*,#48450,.F.);
#48850=ORIENTED_EDGE('',*,*,#12560,.F.);
#48860=EDGE_LOOP('',(#48850,#48840,#48830,#48770));
#48870=FACE_OUTER_BOUND('',#48860,.T.);
#48880=ADVANCED_FACE('',(#48870),#48690,.T.);
#48890=COLOUR_RGB('',0.368627458810806,0.384313762187958,
0.466666698455811);
#48900=FILL_AREA_STYLE_COLOUR('',#48890);
#48910=FILL_AREA_STYLE('',(#48900));
#48920=SURFACE_STYLE_FILL_AREA(#48910);
#48930=SURFACE_SIDE_STYLE('',(#48920));
#48940=SURFACE_STYLE_USAGE(.BOTH.,#48930);
#48950=PRESENTATION_STYLE_ASSIGNMENT((#48940));
#48960=CARTESIAN_POINT('',(-0.0600000000000511,-0.255000017102417,
0.430000000014389));
#48970=DIRECTION('',(1.,0.,0.));
#48980=DIRECTION('',(0.,-1.,0.));
#48990=AXIS2_PLACEMENT_3D('',#48960,#48970,#48980);
#49000=PLANE('',#48990);
#49010=CARTESIAN_POINT('',(-0.0600000000000511,-0.700000000000005,
5.21804821573824E-15));
#49020=DIRECTION('',(0.,1.,0.));
#49030=VECTOR('',#49020,1.);
#49040=LINE('',#49010,#49030);
#49050=CARTESIAN_POINT('',(-0.0600000000000511,-0.700000000000005,
5.21804821573824E-15));
#49060=VERTEX_POINT('',#49050);
#49070=CARTESIAN_POINT('',(-0.0600000000000511,-0.310000000000077,
1.8293991321805E-11));
#49080=VERTEX_POINT('',#49070);
#49090=EDGE_CURVE('',#49060,#49080,#49040,.T.);
#49100=ORIENTED_EDGE('',*,*,#49090,.F.);
#49110=CARTESIAN_POINT('',(-0.0600000000000511,-0.309999999999771,
0.100000000018294));
#49120=DIRECTION('',(-1.,0.,0.));
#49130=DIRECTION('',(0.,0.435889893394591,-0.900000000464696));
#49140=AXIS2_PLACEMENT_3D('',#49110,#49120,#49130);
#49150=CIRCLE('',#49140,0.1);
#49160=EDGE_CURVE('',#6290,#49080,#49150,.T.);
#49170=ORIENTED_EDGE('',*,*,#49160,.T.);
#49180=ORIENTED_EDGE('',*,*,#6300,.T.);
#49190=CARTESIAN_POINT('',(-0.0600000000000511,-0.379999999999997,
0.00999999997182438));
#49200=DIRECTION('',(0.,0.,1.));
#49210=VECTOR('',#49200,1.);
#49220=LINE('',#49190,#49210);
#49230=EDGE_CURVE('',#6210,#48750,#49220,.T.);
#49240=ORIENTED_EDGE('',*,*,#49230,.F.);
#49250=ORIENTED_EDGE('',*,*,#48760,.F.);
#49260=CARTESIAN_POINT('',(-0.0600000000000511,-0.419999999999997,
0.0600000000000052));
#49270=DIRECTION('',(0.,-1.,0.));
#49280=VECTOR('',#49270,1.);
#49290=LINE('',#49260,#49280);
#49300=CARTESIAN_POINT('',(-0.0600000000000511,-0.700000000000005,
0.0600000000000052));
#49310=VERTEX_POINT('',#49300);
#49320=EDGE_CURVE('',#12470,#49310,#49290,.T.);
#49330=ORIENTED_EDGE('',*,*,#49320,.F.);
#49340=CARTESIAN_POINT('',(-0.0600000000000511,-0.700000000000005,
5.21804821573824E-15));
#49350=DIRECTION('',(0.,0.,1.));
#49360=VECTOR('',#49350,1.);
#49370=LINE('',#49340,#49360);
#49380=EDGE_CURVE('',#49060,#49310,#49370,.T.);
#49390=ORIENTED_EDGE('',*,*,#49380,.T.);
#49400=EDGE_LOOP('',(#49390,#49330,#49250,#49240,#49180,#49170,#49100));
#49410=FACE_OUTER_BOUND('',#49400,.T.);
#49420=ADVANCED_FACE('',(#49410),#49000,.F.);
#49430=COLOUR_RGB('',0.368627458810806,0.384313762187958,
0.466666698455811);
#49440=FILL_AREA_STYLE_COLOUR('',#49430);
#49450=FILL_AREA_STYLE('',(#49440));
#49460=SURFACE_STYLE_FILL_AREA(#49450);
#49470=SURFACE_SIDE_STYLE('',(#49460));
#49480=SURFACE_STYLE_USAGE(.BOTH.,#49470);
#49490=PRESENTATION_STYLE_ASSIGNMENT((#49480));
#49500=CARTESIAN_POINT('',(1.49841378982221,-0.700000000000005,
-0.0415520005651537));
#49510=DIRECTION('',(0.,-1.,0.));
#49520=DIRECTION('',(-1.,0.,0.));
#49530=AXIS2_PLACEMENT_3D('',#49500,#49510,#49520);
#49540=PLANE('',#49530);
#49550=ORIENTED_EDGE('',*,*,#49380,.F.);
#49560=CARTESIAN_POINT('',(-0.0600000000000511,-0.700000000000005,
0.0600000000000052));
#49570=DIRECTION('',(1.,0.,0.));
#49580=VECTOR('',#49570,1.);
#49590=LINE('',#49560,#49580);
#49600=CARTESIAN_POINT('',(0.0599999999999489,-0.700000000000005,
0.0600000000000052));
#49610=VERTEX_POINT('',#49600);
#49620=EDGE_CURVE('',#49310,#49610,#49590,.T.);
#49630=ORIENTED_EDGE('',*,*,#49620,.F.);
#49640=CARTESIAN_POINT('',(0.059999999999949,-0.700000000000005,
5.21804821573824E-15));
#49650=DIRECTION('',(0.,0.,1.));
#49660=VECTOR('',#49650,1.);
#49670=LINE('',#49640,#49660);
#49680=CARTESIAN_POINT('',(0.0599999999999489,-0.700000000000005,
5.21804821573824E-15));
#49690=VERTEX_POINT('',#49680);
#49700=EDGE_CURVE('',#49690,#49610,#49670,.T.);
#49710=ORIENTED_EDGE('',*,*,#49700,.T.);
#49720=CARTESIAN_POINT('',(0.0599999999999489,-0.700000000000005,
5.21804821573824E-15));
#49730=DIRECTION('',(-1.,0.,0.));
#49740=VECTOR('',#49730,1.);
#49750=LINE('',#49720,#49740);
#49760=EDGE_CURVE('',#49690,#49060,#49750,.T.);
#49770=ORIENTED_EDGE('',*,*,#49760,.F.);
#49780=EDGE_LOOP('',(#49770,#49710,#49630,#49550));
#49790=FACE_OUTER_BOUND('',#49780,.T.);
#49800=ADVANCED_FACE('',(#49790),#49540,.T.);
#49810=COLOUR_RGB('',0.368627458810806,0.384313762187958,
0.466666698455811);
#49820=FILL_AREA_STYLE_COLOUR('',#49810);
#49830=FILL_AREA_STYLE('',(#49820));
#49840=SURFACE_STYLE_FILL_AREA(#49830);
#49850=SURFACE_SIDE_STYLE('',(#49840));
#49860=SURFACE_STYLE_USAGE(.BOTH.,#49850);
#49870=PRESENTATION_STYLE_ASSIGNMENT((#49860));
#49880=CARTESIAN_POINT('',(-5.10702591327572E-14,-0.20499999999988,
5.21804821573824E-15));
#49890=DIRECTION('',(0.,0.,1.));
#49900=DIRECTION('',(0.,1.,0.));
#49910=AXIS2_PLACEMENT_3D('',#49880,#49890,#49900);
#49920=PLANE('',#49910);
#49930=CARTESIAN_POINT('',(0.0599999999999489,-0.700000000000005,
5.21804821573824E-15));
#49940=DIRECTION('',(0.,1.,0.));
#49950=VECTOR('',#49940,1.);
#49960=LINE('',#49930,#49950);
#49970=CARTESIAN_POINT('',(0.0599999999999489,-0.310000000000077,
1.8293991321805E-11));
#49980=VERTEX_POINT('',#49970);
#49990=EDGE_CURVE('',#49690,#49980,#49960,.T.);
#50000=ORIENTED_EDGE('',*,*,#49990,.F.);
#50010=CARTESIAN_POINT('',(0.28999999999996,-0.310000000000077,
1.8293991321805E-11));
#50020=DIRECTION('',(-1.,0.,0.));
#50030=VECTOR('',#50020,1.);
#50040=LINE('',#50010,#50030);
#50050=EDGE_CURVE('',#49980,#49080,#50040,.T.);
#50060=ORIENTED_EDGE('',*,*,#50050,.F.);
#50070=ORIENTED_EDGE('',*,*,#49090,.T.);
#50080=ORIENTED_EDGE('',*,*,#49760,.T.);
#50090=EDGE_LOOP('',(#50080,#50070,#50060,#50000));
#50100=FACE_OUTER_BOUND('',#50090,.T.);
#50110=ADVANCED_FACE('',(#50100),#49920,.F.);
#50120=COLOUR_RGB('',0.368627458810806,0.384313762187958,
0.466666698455811);
#50130=FILL_AREA_STYLE_COLOUR('',#50120);
#50140=FILL_AREA_STYLE('',(#50130));
#50150=SURFACE_STYLE_FILL_AREA(#50140);
#50160=SURFACE_SIDE_STYLE('',(#50150));
#50170=SURFACE_STYLE_USAGE(.BOTH.,#50160);
#50180=PRESENTATION_STYLE_ASSIGNMENT((#50170));
#50190=CARTESIAN_POINT('',(0.0599999999999489,0.129823001661428,
0.050000017102542));
#50200=DIRECTION('',(1.,0.,0.));
#50210=DIRECTION('',(0.,0.,1.));
#50220=AXIS2_PLACEMENT_3D('',#50190,#50200,#50210);
#50230=PLANE('',#50220);
#50240=CARTESIAN_POINT('',(0.0599999999999489,-0.419999999999997,
0.0599999999837146));
#50250=DIRECTION('',(0.,-1.,5.81808906607845E-11));
#50260=VECTOR('',#50250,1.);
#50270=LINE('',#50240,#50260);
#50280=EDGE_CURVE('',#12390,#49610,#50270,.T.);
#50290=ORIENTED_EDGE('',*,*,#50280,.T.);
#50300=CARTESIAN_POINT('',(0.0599999999999489,-0.379999999999997,
0.0599999999674239));
#50310=DIRECTION('',(0.,-1.,4.07266234625504E-10));
#50320=VECTOR('',#50310,1.);
#50330=LINE('',#50300,#50320);
#50340=CARTESIAN_POINT('',(0.0599999999999489,-0.379999999999997,
0.0599999999483389));
#50350=VERTEX_POINT('',#50340);
#50360=EDGE_CURVE('',#50350,#12390,#50330,.T.);
#50370=ORIENTED_EDGE('',*,*,#50360,.T.);
#50380=CARTESIAN_POINT('',(0.0599999999999489,-0.379999999999997,
0.00999999997182438));
#50390=DIRECTION('',(0.,0.,1.));
#50400=VECTOR('',#50390,1.);
#50410=LINE('',#50380,#50400);
#50420=EDGE_CURVE('',#6450,#50350,#50410,.T.);
#50430=ORIENTED_EDGE('',*,*,#50420,.T.);
#50440=ORIENTED_EDGE('',*,*,#6460,.F.);
#50450=CARTESIAN_POINT('',(0.0599999999999489,-0.309999999999771,
0.100000000018294));
#50460=DIRECTION('',(-1.,0.,0.));
#50470=DIRECTION('',(0.,0.435889893394591,-0.900000000464696));
#50480=AXIS2_PLACEMENT_3D('',#50450,#50460,#50470);
#50490=CIRCLE('',#50480,0.1);
#50500=EDGE_CURVE('',#6370,#49980,#50490,.T.);
#50510=ORIENTED_EDGE('',*,*,#50500,.F.);
#50520=ORIENTED_EDGE('',*,*,#49990,.T.);
#50530=ORIENTED_EDGE('',*,*,#49700,.F.);
#50540=EDGE_LOOP('',(#50530,#50520,#50510,#50440,#50430,#50370,#50290));
#50550=FACE_OUTER_BOUND('',#50540,.T.);
#50560=ADVANCED_FACE('',(#50550),#50230,.T.);
#50570=COLOUR_RGB('',0.368627458810806,0.384313762187958,
0.466666698455811);
#50580=FILL_AREA_STYLE_COLOUR('',#50570);
#50590=FILL_AREA_STYLE('',(#50580));
#50600=SURFACE_STYLE_FILL_AREA(#50590);
#50610=SURFACE_SIDE_STYLE('',(#50600));
#50620=SURFACE_STYLE_USAGE(.BOTH.,#50610);
#50630=PRESENTATION_STYLE_ASSIGNMENT((#50620));
#50640=CARTESIAN_POINT('',(-5.10702591327572E-14,-0.63999999999988,
0.0600000000000052));
#50650=DIRECTION('',(0.,0.,-1.));
#50660=DIRECTION('',(0.,-1.,0.));
#50670=AXIS2_PLACEMENT_3D('',#50640,#50650,#50660);
#50680=PLANE('',#50670);
#50690=ORIENTED_EDGE('',*,*,#49620,.T.);
#50700=ORIENTED_EDGE('',*,*,#49320,.T.);
#50710=ORIENTED_EDGE('',*,*,#12480,.F.);
#50720=ORIENTED_EDGE('',*,*,#50280,.F.);
#50730=EDGE_LOOP('',(#50720,#50710,#50700,#50690));
#50740=FACE_OUTER_BOUND('',#50730,.T.);
#50750=ADVANCED_FACE('',(#50740),#50680,.F.);
#50760=COLOUR_RGB('',0.368627458810806,0.384313762187958,
0.466666698455811);
#50770=FILL_AREA_STYLE_COLOUR('',#50760);
#50780=FILL_AREA_STYLE('',(#50770));
#50790=SURFACE_STYLE_FILL_AREA(#50780);
#50800=SURFACE_SIDE_STYLE('',(#50790));
#50810=SURFACE_STYLE_USAGE(.BOTH.,#50800);
#50820=PRESENTATION_STYLE_ASSIGNMENT((#50810));
#50830=CARTESIAN_POINT('',(0.0799999999999498,-0.429999999999999,
0.0899999999573826));
#50840=DIRECTION('',(-0.832050294337844,4.15692627489006E-16,
0.554700196225228));
#50850=DIRECTION('',(0.554700196225228,-2.77128418326003E-16,
0.832050294337844));
#50860=AXIS2_PLACEMENT_3D('',#50830,#50840,#50850);
#50870=PLANE('',#50860);
#50880=ORIENTED_EDGE('',*,*,#12400,.F.);
#50890=CARTESIAN_POINT('',(0.0800000000096091,-0.379999999999997,
0.0899999999718715));
#50900=DIRECTION('',(-3.46944695195362E-16,-1.,0.));
#50910=VECTOR('',#50900,1.);
#50920=LINE('',#50890,#50910);
#50930=CARTESIAN_POINT('',(0.0800000000124939,-0.379999999999997,
0.0899999999761987));
#50940=VERTEX_POINT('',#50930);
#50950=EDGE_CURVE('',#50940,#12310,#50920,.T.);
#50960=ORIENTED_EDGE('',*,*,#50950,.T.);
#50970=CARTESIAN_POINT('',(0.0800000000283606,-0.379999999999997,
0.0899999999718714));
#50980=DIRECTION('',(-0.554700196225228,0.,-0.832050294337845));
#50990=VECTOR('',#50980,1.);
#51000=LINE('',#50970,#50990);
#51010=EDGE_CURVE('',#50940,#50350,#51000,.T.);
#51020=ORIENTED_EDGE('',*,*,#51010,.F.);
#51030=ORIENTED_EDGE('',*,*,#50360,.F.);
#51040=EDGE_LOOP('',(#51030,#51020,#50960,#50880));
#51050=FACE_OUTER_BOUND('',#51040,.T.);
#51060=ADVANCED_FACE('',(#51050),#50870,.F.);
#51070=COLOUR_RGB('',0.368627458810806,0.384313762187958,
0.466666698455811);
#51080=FILL_AREA_STYLE_COLOUR('',#51070);
#51090=FILL_AREA_STYLE('',(#51080));
#51100=SURFACE_STYLE_FILL_AREA(#51090);
#51110=SURFACE_SIDE_STYLE('',(#51100));
#51120=SURFACE_STYLE_USAGE(.BOTH.,#51110);
#51130=PRESENTATION_STYLE_ASSIGNMENT((#51120));
#51140=CARTESIAN_POINT('',(0.174999999999986,-0.429999999999996,
0.0899999999718716));
#51150=DIRECTION('',(0.,0.,-1.));
#51160=DIRECTION('',(-1.,0.,0.));
#51170=AXIS2_PLACEMENT_3D('',#51140,#51150,#51160);
#51180=PLANE('',#51170);
#51190=CARTESIAN_POINT('',(0.269999999999986,-0.379999999999997,
0.0899999999718716));
#51200=DIRECTION('',(0.,-1.,0.));
#51210=VECTOR('',#51200,1.);
#51220=LINE('',#51190,#51210);
#51230=CARTESIAN_POINT('',(0.269999999999986,-0.379999999999997,
0.0899999999718716));
#51240=VERTEX_POINT('',#51230);
#51250=EDGE_CURVE('',#51240,#12230,#51220,.T.);
#51260=ORIENTED_EDGE('',*,*,#51250,.T.);
#51270=CARTESIAN_POINT('',(0.080000000009609,-0.379999999999997,
0.0899999999718716));
#51280=DIRECTION('',(1.,0.,0.));
#51290=VECTOR('',#51280,1.);
#51300=LINE('',#51270,#51290);
#51310=EDGE_CURVE('',#50940,#51240,#51300,.T.);
#51320=ORIENTED_EDGE('',*,*,#51310,.T.);
#51330=ORIENTED_EDGE('',*,*,#50950,.F.);
#51340=ORIENTED_EDGE('',*,*,#12320,.T.);
#51350=EDGE_LOOP('',(#51340,#51330,#51320,#51260));
#51360=FACE_OUTER_BOUND('',#51350,.T.);
#51370=ADVANCED_FACE('',(#51360),#51180,.T.);
#51380=COLOUR_RGB('',0.368627458810806,0.384313762187958,
0.466666698455811);
#51390=FILL_AREA_STYLE_COLOUR('',#51380);
#51400=FILL_AREA_STYLE('',(#51390));
#51410=SURFACE_STYLE_FILL_AREA(#51400);
#51420=SURFACE_SIDE_STYLE('',(#51410));
#51430=SURFACE_STYLE_USAGE(.BOTH.,#51420);
#51440=PRESENTATION_STYLE_ASSIGNMENT((#51430));
#51450=CARTESIAN_POINT('',(0.269999999999986,-0.429999999999996,
0.0899999999718716));
#51460=DIRECTION('',(-0.832050294337844,0.,-0.554700196225228));
#51470=DIRECTION('',(-0.554700196225228,0.,0.832050294337844));
#51480=AXIS2_PLACEMENT_3D('',#51450,#51460,#51470);
#51490=PLANE('',#51480);
#51500=CARTESIAN_POINT('',(0.28999999999996,-0.419999999903559,
0.0600000000000053));
#51510=DIRECTION('',(0.,1.,1.21430643611141E-15));
#51520=VECTOR('',#51510,1.);
#51530=LINE('',#51500,#51520);
#51540=CARTESIAN_POINT('',(0.28999999999996,-0.379999999999997,
0.0599999999859579));
#51550=VERTEX_POINT('',#51540);
#51560=EDGE_CURVE('',#11720,#51550,#51530,.T.);
#51570=ORIENTED_EDGE('',*,*,#51560,.F.);
#51580=CARTESIAN_POINT('',(0.28999999999996,-0.379999999999997,
0.0599999999719104));
#51590=DIRECTION('',(-0.554700196225228,0.,0.832050294337845));
#51600=VECTOR('',#51590,1.);
#51610=LINE('',#51580,#51600);
#51620=EDGE_CURVE('',#51550,#51240,#51610,.T.);
#51630=ORIENTED_EDGE('',*,*,#51620,.F.);
#51640=ORIENTED_EDGE('',*,*,#51250,.F.);
#51650=ORIENTED_EDGE('',*,*,#12240,.F.);
#51660=EDGE_LOOP('',(#51650,#51640,#51630,#51570));
#51670=FACE_OUTER_BOUND('',#51660,.T.);
#51680=ADVANCED_FACE('',(#51670),#51490,.T.);
#51690=COLOUR_RGB('',0.368627458810806,0.384313762187958,
0.466666698455811);
#51700=FILL_AREA_STYLE_COLOUR('',#51690);
#51710=FILL_AREA_STYLE('',(#51700));
#51720=SURFACE_STYLE_FILL_AREA(#51710);
#51730=SURFACE_SIDE_STYLE('',(#51720));
#51740=SURFACE_STYLE_USAGE(.BOTH.,#51730);
#51750=PRESENTATION_STYLE_ASSIGNMENT((#51740));
#51760=CARTESIAN_POINT('',(0.28999999999996,-0.851969035067612,
-0.000530964878291296));
#51770=DIRECTION('',(-1.,0.,0.));
#51780=DIRECTION('',(0.,1.,0.));
#51790=AXIS2_PLACEMENT_3D('',#51760,#51770,#51780);
#51800=PLANE('',#51790);
#51810=ORIENTED_EDGE('',*,*,#11110,.F.);
#51820=ORIENTED_EDGE('',*,*,#36310,.T.);
#51830=ORIENTED_EDGE('',*,*,#6620,.F.);
#51840=CARTESIAN_POINT('',(0.28999999999996,-0.379999999999997,
0.0600000000000053));
#51850=DIRECTION('',(0.,0.,-1.));
#51860=VECTOR('',#51850,1.);
#51870=LINE('',#51840,#51860);
#51880=EDGE_CURVE('',#51550,#6530,#51870,.T.);
#51890=ORIENTED_EDGE('',*,*,#51880,.T.);
#51900=ORIENTED_EDGE('',*,*,#51560,.T.);
#51910=ORIENTED_EDGE('',*,*,#11730,.T.);
#51920=ORIENTED_EDGE('',*,*,#11420,.F.);
#51930=EDGE_LOOP('',(#51920,#51910,#51900,#51890,#51830,#51820,#51810));
#51940=FACE_OUTER_BOUND('',#51930,.T.);
#51950=ADVANCED_FACE('',(#51940),#51800,.T.);
#51960=COLOUR_RGB('',0.368627458810806,0.384313762187958,
0.466666698455811);
#51970=FILL_AREA_STYLE_COLOUR('',#51960);
#51980=FILL_AREA_STYLE('',(#51970));
#51990=SURFACE_STYLE_FILL_AREA(#51980);
#52000=SURFACE_SIDE_STYLE('',(#51990));
#52010=SURFACE_STYLE_USAGE(.BOTH.,#52000);
#52020=PRESENTATION_STYLE_ASSIGNMENT((#52010));
#52030=CARTESIAN_POINT('',(-0.175000000000031,-0.379999999999997,
0.00999999998631323));
#52040=DIRECTION('',(0.,-1.,0.));
#52050=DIRECTION('',(0.,0.,1.));
#52060=AXIS2_PLACEMENT_3D('',#52030,#52040,#52050);
#52070=PLANE('',#52060);
#52080=ORIENTED_EDGE('',*,*,#51010,.T.);
#52090=ORIENTED_EDGE('',*,*,#51310,.F.);
#52100=ORIENTED_EDGE('',*,*,#51620,.T.);
#52110=ORIENTED_EDGE('',*,*,#51880,.F.);
#52120=ORIENTED_EDGE('',*,*,#6540,.F.);
#52130=ORIENTED_EDGE('',*,*,#50420,.F.);
#52140=EDGE_LOOP('',(#52130,#52120,#52110,#52100,#52090,#52080));
#52150=FACE_OUTER_BOUND('',#52140,.T.);
#52160=ADVANCED_FACE('',(#52150),#52070,.T.);
#52170=COLOUR_RGB('',0.368627458810806,0.384313762187958,
0.466666698455811);
#52180=FILL_AREA_STYLE_COLOUR('',#52170);
#52190=FILL_AREA_STYLE('',(#52180));
#52200=SURFACE_STYLE_FILL_AREA(#52190);
#52210=SURFACE_SIDE_STYLE('',(#52200));
#52220=SURFACE_STYLE_USAGE(.BOTH.,#52210);
#52230=PRESENTATION_STYLE_ASSIGNMENT((#52220));
#52240=CARTESIAN_POINT('',(0.28999999999996,-0.309999999999771,
0.100000000018294));
#52250=DIRECTION('',(-1.,0.,0.));
#52260=DIRECTION('',(0.,0.435889893394591,-0.900000000464696));
#52270=AXIS2_PLACEMENT_3D('',#52240,#52250,#52260);
#52280=CYLINDRICAL_SURFACE('',#52270,0.1);
#52290=ORIENTED_EDGE('',*,*,#50500,.T.);
#52300=ORIENTED_EDGE('',*,*,#6380,.F.);
#52310=ORIENTED_EDGE('',*,*,#49160,.F.);
#52320=ORIENTED_EDGE('',*,*,#50050,.T.);
#52330=EDGE_LOOP('',(#52320,#52310,#52300,#52290));
#52340=FACE_OUTER_BOUND('',#52330,.T.);
#52350=ADVANCED_FACE('',(#52340),#52280,.T.);
#52360=COLOUR_RGB('',0.368627458810806,0.384313762187958,
0.466666698455811);
#52370=FILL_AREA_STYLE_COLOUR('',#52360);
#52380=FILL_AREA_STYLE('',(#52370));
#52390=SURFACE_STYLE_FILL_AREA(#52380);
#52400=SURFACE_SIDE_STYLE('',(#52390));
#52410=SURFACE_STYLE_USAGE(.BOTH.,#52400);
#52420=PRESENTATION_STYLE_ASSIGNMENT((#52410));
#52430=CARTESIAN_POINT('',(-0.175000000000031,-0.379999999999997,
0.00999999998631323));
#52440=DIRECTION('',(0.,-1.,0.));
#52450=DIRECTION('',(0.,0.,1.));
#52460=AXIS2_PLACEMENT_3D('',#52430,#52440,#52450);
#52470=PLANE('',#52460);
#52480=ORIENTED_EDGE('',*,*,#47690,.F.);
#52490=ORIENTED_EDGE('',*,*,#48200,.T.);
#52500=ORIENTED_EDGE('',*,*,#48510,.F.);
#52510=ORIENTED_EDGE('',*,*,#48820,.T.);
#52520=ORIENTED_EDGE('',*,*,#49230,.T.);
#52530=ORIENTED_EDGE('',*,*,#6220,.T.);
#52540=EDGE_LOOP('',(#52530,#52520,#52510,#52500,#52490,#52480));
#52550=FACE_OUTER_BOUND('',#52540,.T.);
#52560=ADVANCED_FACE('',(#52550),#52470,.T.);
#52570=COLOUR_RGB('',0.368627458810806,0.384313762187958,
0.466666698455811);
#52580=FILL_AREA_STYLE_COLOUR('',#52570);
#52590=FILL_AREA_STYLE('',(#52580));
#52600=SURFACE_STYLE_FILL_AREA(#52590);
#52610=SURFACE_SIDE_STYLE('',(#52600));
#52620=SURFACE_STYLE_USAGE(.BOTH.,#52610);
#52630=PRESENTATION_STYLE_ASSIGNMENT((#52620));
#52640=CARTESIAN_POINT('',(-0.785000000000237,-0.0649999998073414,
0.319999999957421));
#52650=DIRECTION('',(0.,1.,0.));
#52660=DIRECTION('',(0.,0.,-1.));
#52670=AXIS2_PLACEMENT_3D('',#52640,#52650,#52660);
#52680=PLANE('',#52670);
#52690=ORIENTED_EDGE('',*,*,#45480,.F.);
#52700=ORIENTED_EDGE('',*,*,#300,.T.);
#52710=ORIENTED_EDGE('',*,*,#34950,.F.);
#52720=ORIENTED_EDGE('',*,*,#37570,.T.);
#52730=ORIENTED_EDGE('',*,*,#44480,.T.);
#52740=EDGE_LOOP('',(#52730,#52720,#52710,#52700,#52690));
#52750=FACE_OUTER_BOUND('',#52740,.T.);
#52760=ADVANCED_FACE('',(#52750),#52680,.F.);
#52770=COLOUR_RGB('',0.368627458810806,0.384313762187958,
0.466666698455811);
#52780=FILL_AREA_STYLE_COLOUR('',#52770);
#52790=FILL_AREA_STYLE('',(#52780));
#52800=SURFACE_STYLE_FILL_AREA(#52790);
#52810=SURFACE_SIDE_STYLE('',(#52800));
#52820=SURFACE_STYLE_USAGE(.BOTH.,#52810);
#52830=PRESENTATION_STYLE_ASSIGNMENT((#52820));
#52840=CARTESIAN_POINT('',(-0.774999999942275,-0.144999999999462,
0.0899999999718244));
#52850=DIRECTION('',(-5.89805981832114E-17,1.,0.));
#52860=DIRECTION('',(1.,5.89805981832114E-17,0.));
#52870=AXIS2_PLACEMENT_3D('',#52840,#52850,#52860);
#52880=PLANE('',#52870);
#52890=ORIENTED_EDGE('',*,*,#45040,.F.);
#52900=ORIENTED_EDGE('',*,*,#5740,.T.);
#52910=CARTESIAN_POINT('',(-0.774999999942275,-0.144999999999462,
0.0899999999718244));
#52920=DIRECTION('',(0.,0.,-1.));
#52930=VECTOR('',#52920,1.);
#52940=LINE('',#52910,#52930);
#52950=EDGE_CURVE('',#3330,#5650,#52940,.T.);
#52960=ORIENTED_EDGE('',*,*,#52950,.T.);
#52970=ORIENTED_EDGE('',*,*,#3340,.F.);
#52980=EDGE_LOOP('',(#52970,#52960,#52900,#52890));
#52990=FACE_OUTER_BOUND('',#52980,.T.);
#53000=ADVANCED_FACE('',(#52990),#52880,.T.);
#53010=COLOUR_RGB('',0.368627458810806,0.384313762187958,
0.466666698455811);
#53020=FILL_AREA_STYLE_COLOUR('',#53010);
#53030=FILL_AREA_STYLE('',(#53020));
#53040=SURFACE_STYLE_FILL_AREA(#53030);
#53050=SURFACE_SIDE_STYLE('',(#53040));
#53060=SURFACE_STYLE_USAGE(.BOTH.,#53050);
#53070=PRESENTATION_STYLE_ASSIGNMENT((#53060));
#53080=CARTESIAN_POINT('',(0.875999999971439,0.1479,0.0899999999156683))
;
#53090=DIRECTION('',(0.,0.,-1.));
#53100=DIRECTION('',(-5.89805981832114E-17,-1.,0.));
#53110=AXIS2_PLACEMENT_3D('',#53080,#53090,#53100);
#53120=PLANE('',#53110);
#53130=CARTESIAN_POINT('',(0.874999999971134,0.145000000000005,
0.0899999999156683));
#53140=DIRECTION('',(-1.,0.,0.));
#53150=VECTOR('',#53140,1.);
#53160=LINE('',#53130,#53150);
#53170=CARTESIAN_POINT('',(0.774999999942271,0.145000000000005,
0.0899999999156683));
#53180=VERTEX_POINT('',#53170);
#53190=EDGE_CURVE('',#7790,#53180,#53160,.T.);
#53200=ORIENTED_EDGE('',*,*,#53190,.F.);
#53210=CARTESIAN_POINT('',(0.774999999942271,-0.144999999999453,
0.0899999999156683));
#53220=DIRECTION('',(0.,1.,0.));
#53230=VECTOR('',#53220,1.);
#53240=LINE('',#53210,#53230);
#53250=EDGE_CURVE('',#36550,#53180,#53240,.T.);
#53260=ORIENTED_EDGE('',*,*,#53250,.T.);
#53270=ORIENTED_EDGE('',*,*,#36560,.T.);
#53280=ORIENTED_EDGE('',*,*,#7880,.F.);
#53290=EDGE_LOOP('',(#53280,#53270,#53260,#53200));
#53300=FACE_OUTER_BOUND('',#53290,.T.);
#53310=ADVANCED_FACE('',(#53300),#53120,.T.);
#53320=COLOUR_RGB('',0.368627458810806,0.384313762187958,
0.466666698455811);
#53330=FILL_AREA_STYLE_COLOUR('',#53320);
#53340=FILL_AREA_STYLE('',(#53330));
#53350=SURFACE_STYLE_FILL_AREA(#53340);
#53360=SURFACE_SIDE_STYLE('',(#53350));
#53370=SURFACE_STYLE_USAGE(.BOTH.,#53360);
#53380=PRESENTATION_STYLE_ASSIGNMENT((#53370));
#53390=CARTESIAN_POINT('',(0.774999999942271,0.145000000000005,
0.00999999994374623));
#53400=DIRECTION('',(1.,-5.89805981832114E-17,0.));
#53410=DIRECTION('',(5.89805981832114E-17,1.,0.));
#53420=AXIS2_PLACEMENT_3D('',#53390,#53400,#53410);
#53430=PLANE('',#53420);
#53440=CARTESIAN_POINT('',(0.774999999942271,0.145000000000005,
0.00999999997182438));
#53450=DIRECTION('',(0.,-0.,1.));
#53460=VECTOR('',#53450,1.);
#53470=LINE('',#53440,#53460);
#53480=EDGE_CURVE('',#4210,#53180,#53470,.T.);
#53490=ORIENTED_EDGE('',*,*,#53480,.T.);
#53500=ORIENTED_EDGE('',*,*,#4220,.T.);
#53510=ORIENTED_EDGE('',*,*,#36620,.F.);
#53520=ORIENTED_EDGE('',*,*,#53250,.F.);
#53530=EDGE_LOOP('',(#53520,#53510,#53500,#53490));
#53540=FACE_OUTER_BOUND('',#53530,.T.);
#53550=ADVANCED_FACE('',(#53540),#53430,.T.);
#53560=COLOUR_RGB('',0.368627458810806,0.384313762187958,
0.466666698455811);
#53570=FILL_AREA_STYLE_COLOUR('',#53560);
#53580=FILL_AREA_STYLE('',(#53570));
#53590=SURFACE_STYLE_FILL_AREA(#53580);
#53600=SURFACE_SIDE_STYLE('',(#53590));
#53610=SURFACE_STYLE_USAGE(.BOTH.,#53600);
#53620=PRESENTATION_STYLE_ASSIGNMENT((#53610));
#53630=CARTESIAN_POINT('',(-0.774999999942275,0.144999999999996,
0.0899999999718244));
#53640=DIRECTION('',(-1.,-5.89805981832114E-17,0.));
#53650=DIRECTION('',(-5.89805981832114E-17,1.,0.));
#53660=AXIS2_PLACEMENT_3D('',#53630,#53640,#53650);
#53670=PLANE('',#53660);
#53680=ORIENTED_EDGE('',*,*,#52950,.F.);
#53690=ORIENTED_EDGE('',*,*,#5660,.T.);
#53700=CARTESIAN_POINT('',(-0.774999999942275,0.145000000000014,
0.0899999999718244));
#53710=DIRECTION('',(0.,0.,-1.));
#53720=VECTOR('',#53710,1.);
#53730=LINE('',#53700,#53720);
#53740=EDGE_CURVE('',#3150,#5570,#53730,.T.);
#53750=ORIENTED_EDGE('',*,*,#53740,.T.);
#53760=ORIENTED_EDGE('',*,*,#3400,.F.);
#53770=EDGE_LOOP('',(#53760,#53750,#53690,#53680));
#53780=FACE_OUTER_BOUND('',#53770,.T.);
#53790=ADVANCED_FACE('',(#53780),#53670,.T.);
#53800=COLOUR_RGB('',0.368627458810806,0.384313762187958,
0.466666698455811);
#53810=FILL_AREA_STYLE_COLOUR('',#53800);
#53820=FILL_AREA_STYLE('',(#53810));
#53830=SURFACE_STYLE_FILL_AREA(#53820);
#53840=SURFACE_SIDE_STYLE('',(#53830));
#53850=SURFACE_STYLE_USAGE(.BOTH.,#53840);
#53860=PRESENTATION_STYLE_ASSIGNMENT((#53850));
#53870=CARTESIAN_POINT('',(0.745000000000187,-0.454999999999771,
0.294999999999942));
#53880=DIRECTION('',(0.,0.707106781186547,0.707106781186548));
#53890=DIRECTION('',(0.,0.707106781186548,-0.707106781186547));
#53900=AXIS2_PLACEMENT_3D('',#53870,#53880,#53890);
#53910=PLANE('',#53900);
#53920=ORIENTED_EDGE('',*,*,#38880,.T.);
#53930=ORIENTED_EDGE('',*,*,#17160,.F.);
#53940=ORIENTED_EDGE('',*,*,#35170,.F.);
#53950=ORIENTED_EDGE('',*,*,#15730,.F.);
#53960=EDGE_LOOP('',(#53950,#53940,#53930,#53920));
#53970=FACE_OUTER_BOUND('',#53960,.T.);
#53980=ADVANCED_FACE('',(#53970),#53910,.F.);
#53990=COLOUR_RGB('',0.368627458810806,0.384313762187958,
0.466666698455811);
#54000=FILL_AREA_STYLE_COLOUR('',#53990);
#54010=FILL_AREA_STYLE('',(#54000));
#54020=SURFACE_STYLE_FILL_AREA(#54010);
#54030=SURFACE_SIDE_STYLE('',(#54020));
#54040=SURFACE_STYLE_USAGE(.BOTH.,#54030);
#54050=PRESENTATION_STYLE_ASSIGNMENT((#54040));
#54060=CARTESIAN_POINT('',(0.867836306488909,-0.0949999999998129,
0.355187303481307));
#54070=DIRECTION('',(0.788010222409388,0.,0.615662155226636));
#54080=DIRECTION('',(0.615662155226636,0.,-0.788010222409388));
#54090=AXIS2_PLACEMENT_3D('',#54060,#54070,#54080);
#54100=PLANE('',#54090);
#54110=ORIENTED_EDGE('',*,*,#37190,.F.);
#54120=ORIENTED_EDGE('',*,*,#34020,.F.);
#54130=CARTESIAN_POINT('',(0.895000000000248,0.0650000000003295,
0.320419423104726));
#54140=DIRECTION('',(-0.615662155226635,7.82257370073842E-13,
0.788010222409389));
#54150=VECTOR('',#54140,1.);
#54160=LINE('',#54130,#54150);
#54170=EDGE_CURVE('',#34350,#33930,#54160,.T.);
#54180=ORIENTED_EDGE('',*,*,#54170,.T.);
#54190=ORIENTED_EDGE('',*,*,#34580,.F.);
#54200=EDGE_LOOP('',(#54190,#54180,#54120,#54110));
#54210=FACE_OUTER_BOUND('',#54200,.T.);
#54220=ADVANCED_FACE('',(#54210),#54100,.T.);
#54230=COLOUR_RGB('',0.368627458810806,0.384313762187958,
0.466666698455811);
#54240=FILL_AREA_STYLE_COLOUR('',#54230);
#54250=FILL_AREA_STYLE('',(#54240));
#54260=SURFACE_STYLE_FILL_AREA(#54250);
#54270=SURFACE_SIDE_STYLE('',(#54260));
#54280=SURFACE_STYLE_USAGE(.BOTH.,#54270);
#54290=PRESENTATION_STYLE_ASSIGNMENT((#54280));
#54300=CARTESIAN_POINT('',(-0.480000000000267,0.475000000000201,
0.0300000000000001));
#54310=DIRECTION('',(1.,0.,-0.));
#54320=DIRECTION('',(0.,1.,0.));
#54330=AXIS2_PLACEMENT_3D('',#54300,#54310,#54320);
#54340=PLANE('',#54330);
#54350=CARTESIAN_POINT('',(-0.480000000000267,0.700000000000557,
0.0600000000000001));
#54360=DIRECTION('',(0.,0.,-1.));
#54370=VECTOR('',#54360,1.);
#54380=LINE('',#54350,#54370);
#54390=CARTESIAN_POINT('',(-0.480000000000267,0.700000000000557,
0.0600000000000001));
#54400=VERTEX_POINT('',#54390);
#54410=CARTESIAN_POINT('',(-0.480000000000267,0.700000000000557,
2.5257573810223E-17));
#54420=VERTEX_POINT('',#54410);
#54430=EDGE_CURVE('',#54400,#54420,#54380,.T.);
#54440=ORIENTED_EDGE('',*,*,#54430,.T.);
#54450=CARTESIAN_POINT('',(-0.480000000000267,0.700000000000557,
0.0600000000000001));
#54460=DIRECTION('',(0.,-1.,-7.49457291861388E-11));
#54470=VECTOR('',#54460,1.);
#54480=LINE('',#54450,#54470);
#54490=CARTESIAN_POINT('',(-0.480000000035162,0.420000000000549,
0.0599999999790153));
#54500=VERTEX_POINT('',#54490);
#54510=EDGE_CURVE('',#54400,#54500,#54480,.T.);
#54520=ORIENTED_EDGE('',*,*,#54510,.F.);
#54530=CARTESIAN_POINT('',(-0.480000000000267,0.420000000000549,
0.0599999999790153));
#54540=DIRECTION('',(0.,-1.,-5.24619930830744E-10));
#54550=VECTOR('',#54540,1.);
#54560=LINE('',#54530,#54550);
#54570=CARTESIAN_POINT('',(-0.480000000000267,0.380000000000557,
0.0599999999510752));
#54580=VERTEX_POINT('',#54570);
#54590=EDGE_CURVE('',#54500,#54580,#54560,.T.);
#54600=ORIENTED_EDGE('',*,*,#54590,.F.);
#54610=CARTESIAN_POINT('',(-0.480000000000267,0.380000000000557,
0.00999999997182438));
#54620=DIRECTION('',(0.,-0.,1.));
#54630=VECTOR('',#54620,1.);
#54640=LINE('',#54610,#54630);
#54650=EDGE_CURVE('',#5330,#54580,#54640,.T.);
#54660=ORIENTED_EDGE('',*,*,#54650,.T.);
#54670=ORIENTED_EDGE('',*,*,#5340,.T.);
#54680=CARTESIAN_POINT('',(-0.480000000000262,0.310000000000629,0.1));
#54690=DIRECTION('',(1.,-3.75272701007107E-17,1.81752864148697E-17));
#54700=DIRECTION('',(0.,-0.435889893788287,-0.90000000027402));
#54710=AXIS2_PLACEMENT_3D('',#54680,#54690,#54700);
#54720=CIRCLE('',#54710,0.100000000000001);
#54730=CARTESIAN_POINT('',(-0.480000000000267,0.310000000000629,
-9.85322934354826E-16));
#54740=VERTEX_POINT('',#54730);
#54750=EDGE_CURVE('',#5250,#54740,#54720,.T.);
#54760=ORIENTED_EDGE('',*,*,#54750,.F.);
#54770=CARTESIAN_POINT('',(-0.480000000000267,0.700000000000557,
2.52575738102231E-17));
#54780=DIRECTION('',(0.,-1.,0.));
#54790=VECTOR('',#54780,1.);
#54800=LINE('',#54770,#54790);
#54810=EDGE_CURVE('',#54420,#54740,#54800,.T.);
#54820=ORIENTED_EDGE('',*,*,#54810,.T.);
#54830=EDGE_LOOP('',(#54820,#54760,#54670,#54660,#54600,#54520,#54440));
#54840=FACE_OUTER_BOUND('',#54830,.T.);
#54850=ADVANCED_FACE('',(#54840),#54340,.F.);
#54860=COLOUR_RGB('',0.368627458810806,0.384313762187958,
0.466666698455811);
#54870=FILL_AREA_STYLE_COLOUR('',#54860);
#54880=FILL_AREA_STYLE('',(#54870));
#54890=SURFACE_STYLE_FILL_AREA(#54880);
#54900=SURFACE_SIDE_STYLE('',(#54890));
#54910=SURFACE_STYLE_USAGE(.BOTH.,#54900);
#54920=PRESENTATION_STYLE_ASSIGNMENT((#54910));
#54930=CARTESIAN_POINT('',(-0.0799999999999895,0.430000000000551,
0.0899999999573826));
#54940=DIRECTION('',(0.832050294337844,4.15692627489006E-16,
0.554700196225228));
#54950=DIRECTION('',(-0.554700196225228,-2.77128418326003E-16,
0.832050294337844));
#54960=AXIS2_PLACEMENT_3D('',#54930,#54940,#54950);
#54970=PLANE('',#54960);
#54980=CARTESIAN_POINT('',(-0.0800000000283094,0.420000000000549,
0.0899999999718714));
#54990=DIRECTION('',(0.554700196225227,0.,-0.832050294337845));
#55000=VECTOR('',#54990,1.);
#55010=LINE('',#54980,#55000);
#55020=CARTESIAN_POINT('',(-0.0800000000189791,0.420000000000549,
0.0899999999718714));
#55030=VERTEX_POINT('',#55020);
#55040=CARTESIAN_POINT('',(-0.0600000000220469,0.420000000000549,
0.0599999999904686));
#55050=VERTEX_POINT('',#55040);
#55060=EDGE_CURVE('',#55030,#55050,#55010,.T.);
#55070=ORIENTED_EDGE('',*,*,#55060,.T.);
#55080=CARTESIAN_POINT('',(-0.0800000000096487,0.380000000000549,
0.0899999999718714));
#55090=DIRECTION('',(0.,1.,0.));
#55100=VECTOR('',#55090,1.);
#55110=LINE('',#55080,#55100);
#55120=CARTESIAN_POINT('',(-0.0800000000189791,0.380000000000549,
0.0899999999718714));
#55130=VERTEX_POINT('',#55120);
#55140=EDGE_CURVE('',#55130,#55030,#55110,.T.);
#55150=ORIENTED_EDGE('',*,*,#55140,.T.);
#55160=CARTESIAN_POINT('',(-0.0600000000000511,0.380000000000549,
0.0599999999294838));
#55170=DIRECTION('',(-0.554700196225229,0.,0.832050294337844));
#55180=VECTOR('',#55170,1.);
#55190=LINE('',#55160,#55180);
#55200=CARTESIAN_POINT('',(-0.0600000000000511,0.380000000000549,
0.059999999957475));
#55210=VERTEX_POINT('',#55200);
#55220=EDGE_CURVE('',#55210,#55130,#55190,.T.);
#55230=ORIENTED_EDGE('',*,*,#55220,.T.);
#55240=CARTESIAN_POINT('',(-0.0600000000099474,0.380000000000549,
0.0599999999723194));
#55250=DIRECTION('',(-3.46944695195362E-16,1.,0.));
#55260=VECTOR('',#55250,1.);
#55270=LINE('',#55240,#55260);
#55280=EDGE_CURVE('',#55210,#55050,#55270,.T.);
#55290=ORIENTED_EDGE('',*,*,#55280,.F.);
#55300=EDGE_LOOP('',(#55290,#55230,#55150,#55070));
#55310=FACE_OUTER_BOUND('',#55300,.T.);
#55320=ADVANCED_FACE('',(#55310),#54970,.F.);
#55330=COLOUR_RGB('',0.368627458810806,0.384313762187958,
0.466666698455811);
#55340=FILL_AREA_STYLE_COLOUR('',#55330);
#55350=FILL_AREA_STYLE('',(#55340));
#55360=SURFACE_STYLE_FILL_AREA(#55350);
#55370=SURFACE_SIDE_STYLE('',(#55360));
#55380=SURFACE_STYLE_USAGE(.BOTH.,#55370);
#55390=PRESENTATION_STYLE_ASSIGNMENT((#55380));
#55400=CARTESIAN_POINT('',(0.269999999999986,0.430000000000548,
0.0899999999718716));
#55410=DIRECTION('',(0.832050294337844,0.,0.554700196225228));
#55420=DIRECTION('',(-0.554700196225228,0.,0.832050294337844));
#55430=AXIS2_PLACEMENT_3D('',#55400,#55410,#55420);
#55440=PLANE('',#55430);
#55450=CARTESIAN_POINT('',(0.269999999999986,0.420000000000549,
0.0899999999718716));
#55460=DIRECTION('',(0.554700196225227,0.,-0.832050294337845));
#55470=VECTOR('',#55460,1.);
#55480=LINE('',#55450,#55470);
#55490=CARTESIAN_POINT('',(0.269999999999986,0.420000000000549,
0.0899999999718716));
#55500=VERTEX_POINT('',#55490);
#55510=CARTESIAN_POINT('',(0.289999999990723,0.420000000000549,
0.0600000000000052));
#55520=VERTEX_POINT('',#55510);
#55530=EDGE_CURVE('',#55500,#55520,#55480,.T.);
#55540=ORIENTED_EDGE('',*,*,#55530,.T.);
#55550=CARTESIAN_POINT('',(0.269999999999986,0.380000000000549,
0.0899999999718716));
#55560=DIRECTION('',(0.,1.,0.));
#55570=VECTOR('',#55560,1.);
#55580=LINE('',#55550,#55570);
#55590=CARTESIAN_POINT('',(0.269999999999986,0.380000000000549,
0.0899999999718716));
#55600=VERTEX_POINT('',#55590);
#55610=EDGE_CURVE('',#55600,#55500,#55580,.T.);
#55620=ORIENTED_EDGE('',*,*,#55610,.T.);
#55630=CARTESIAN_POINT('',(0.28999999999996,0.380000000000549,
0.0599999999719104));
#55640=DIRECTION('',(-0.554700196225228,0.,0.832050294337845));
#55650=VECTOR('',#55640,1.);
#55660=LINE('',#55630,#55650);
#55670=CARTESIAN_POINT('',(0.28999999999996,0.380000000000549,
0.0599999999859579));
#55680=VERTEX_POINT('',#55670);
#55690=EDGE_CURVE('',#55680,#55600,#55660,.T.);
#55700=ORIENTED_EDGE('',*,*,#55690,.T.);
#55710=CARTESIAN_POINT('',(0.28999999999996,0.419999999904111,
0.0600000000000053));
#55720=DIRECTION('',(0.,-1.,1.21430643611141E-15));
#55730=VECTOR('',#55720,1.);
#55740=LINE('',#55710,#55730);
#55750=EDGE_CURVE('',#55520,#55680,#55740,.T.);
#55760=ORIENTED_EDGE('',*,*,#55750,.T.);
#55770=EDGE_LOOP('',(#55760,#55700,#55620,#55540));
#55780=FACE_OUTER_BOUND('',#55770,.T.);
#55790=ADVANCED_FACE('',(#55780),#55440,.F.);
#55800=COLOUR_RGB('',0.368627458810806,0.384313762187958,
0.466666698455811);
#55810=FILL_AREA_STYLE_COLOUR('',#55800);
#55820=FILL_AREA_STYLE('',(#55810));
#55830=SURFACE_STYLE_FILL_AREA(#55820);
#55840=SURFACE_SIDE_STYLE('',(#55830));
#55850=SURFACE_STYLE_USAGE(.BOTH.,#55840);
#55860=PRESENTATION_STYLE_ASSIGNMENT((#55850));
#55870=CARTESIAN_POINT('',(-0.580000000000267,0.310000000000629,0.1));
#55880=DIRECTION('',(-1.,0.,-9.56594024318546E-17));
#55890=DIRECTION('',(9.56594024318546E-17,0.,-1.));
#55900=AXIS2_PLACEMENT_3D('',#55870,#55880,#55890);
#55910=CYLINDRICAL_SURFACE('',#55900,0.100000000000001);
#55920=ORIENTED_EDGE('',*,*,#5260,.T.);
#55930=CARTESIAN_POINT('',(-0.290000000000014,0.310000000000629,0.1));
#55940=DIRECTION('',(-1.,1.55056775808522E-29,-2.51335499835071E-42));
#55950=DIRECTION('',(0.,-1.62092561595271E-13,-1.));
#55960=AXIS2_PLACEMENT_3D('',#55930,#55940,#55950);
#55970=CIRCLE('',#55960,0.100000000000001);
#55980=CARTESIAN_POINT('',(-0.290000000000017,0.310000000000629,
-9.71459495457379E-16));
#55990=VERTEX_POINT('',#55980);
#56000=EDGE_CURVE('',#55990,#5170,#55970,.T.);
#56010=ORIENTED_EDGE('',*,*,#56000,.T.);
#56020=CARTESIAN_POINT('',(-0.283100000000017,0.310000000000629,
-9.70799445580599E-16));
#56030=DIRECTION('',(-1.,0.,-9.5659402431855E-17));
#56040=VECTOR('',#56030,1.);
#56050=LINE('',#56020,#56040);
#56060=EDGE_CURVE('',#55990,#54740,#56050,.T.);
#56070=ORIENTED_EDGE('',*,*,#56060,.F.);
#56080=ORIENTED_EDGE('',*,*,#54750,.T.);
#56090=EDGE_LOOP('',(#56080,#56070,#56010,#55920));
#56100=FACE_OUTER_BOUND('',#56090,.T.);
#56110=ADVANCED_FACE('',(#56100),#55910,.T.);
#56120=COLOUR_RGB('',0.368627458810806,0.384313762187958,
0.466666698455811);
#56130=FILL_AREA_STYLE_COLOUR('',#56120);
#56140=FILL_AREA_STYLE('',(#56130));
#56150=SURFACE_STYLE_FILL_AREA(#56140);
#56160=SURFACE_SIDE_STYLE('',(#56150));
#56170=SURFACE_STYLE_USAGE(.BOTH.,#56160);
#56180=PRESENTATION_STYLE_ASSIGNMENT((#56170));
#56190=CARTESIAN_POINT('',(-0.175000000000031,0.380000000000549,
0.0899999999718714));
#56200=DIRECTION('',(0.,-0.,1.));
#56210=DIRECTION('',(0.,1.,0.));
#56220=AXIS2_PLACEMENT_3D('',#56190,#56200,#56210);
#56230=PLANE('',#56220);
#56240=CARTESIAN_POINT('',(-0.0800000000096487,0.420000000000549,
0.0899999999718714));
#56250=DIRECTION('',(-1.,0.,0.));
#56260=VECTOR('',#56250,1.);
#56270=LINE('',#56240,#56260);
#56280=CARTESIAN_POINT('',(-0.26999999998128,0.420000000000549,
0.0899999999718716));
#56290=VERTEX_POINT('',#56280);
#56300=EDGE_CURVE('',#55030,#56290,#56270,.T.);
#56310=ORIENTED_EDGE('',*,*,#56300,.F.);
#56320=CARTESIAN_POINT('',(-0.26999999998128,0.420000000000549,
0.0899999999718714));
#56330=DIRECTION('',(0.,-1.,0.));
#56340=VECTOR('',#56330,1.);
#56350=LINE('',#56320,#56340);
#56360=CARTESIAN_POINT('',(-0.26999999998128,0.380000000000549,
0.0899999999718715));
#56370=VERTEX_POINT('',#56360);
#56380=EDGE_CURVE('',#56290,#56370,#56350,.T.);
#56390=ORIENTED_EDGE('',*,*,#56380,.F.);
#56400=CARTESIAN_POINT('',(-0.26999999998128,0.380000000000549,
0.0899999999718714));
#56410=DIRECTION('',(1.,-0.,0.));
#56420=VECTOR('',#56410,1.);
#56430=LINE('',#56400,#56420);
#56440=EDGE_CURVE('',#56370,#55130,#56430,.T.);
#56450=ORIENTED_EDGE('',*,*,#56440,.F.);
#56460=ORIENTED_EDGE('',*,*,#55140,.F.);
#56470=EDGE_LOOP('',(#56460,#56450,#56390,#56310));
#56480=FACE_OUTER_BOUND('',#56470,.T.);
#56490=ADVANCED_FACE('',(#56480),#56230,.F.);
#56500=COLOUR_RGB('',0.368627458810806,0.384313762187958,
0.466666698455811);
#56510=FILL_AREA_STYLE_COLOUR('',#56500);
#56520=FILL_AREA_STYLE('',(#56510));
#56530=SURFACE_STYLE_FILL_AREA(#56520);
#56540=SURFACE_SIDE_STYLE('',(#56530));
#56550=SURFACE_STYLE_USAGE(.BOTH.,#56540);
#56560=PRESENTATION_STYLE_ASSIGNMENT((#56550));
#56570=CARTESIAN_POINT('',(0.274999999999986,0.365000000000549,
0.354999999971809));
#56580=DIRECTION('',(-1.,0.,0.));
#56590=DIRECTION('',(0.,-1.,0.));
#56600=AXIS2_PLACEMENT_3D('',#56570,#56580,#56590);
#56610=CYLINDRICAL_SURFACE('',#56600,0.055);
#56620=CARTESIAN_POINT('',(0.700000000000176,0.420000000000549,
0.354999999943749));
#56630=DIRECTION('',(1.,-0.,0.));
#56640=VECTOR('',#56630,1.);
#56650=LINE('',#56620,#56640);
#56660=CARTESIAN_POINT('',(0.700000000000176,0.420000000000549,
0.354999999957779));
#56670=VERTEX_POINT('',#56660);
#56680=CARTESIAN_POINT('',(0.795191713391059,0.420000000000549,
0.35500001687073));
#56690=VERTEX_POINT('',#56680);
#56700=EDGE_CURVE('',#56670,#56690,#56650,.T.);
#56710=ORIENTED_EDGE('',*,*,#56700,.F.);
#56720=CARTESIAN_POINT('',(0.795191708122139,0.420000000000549,
0.354999999943749));
#56730=CARTESIAN_POINT('',(0.797437174333507,0.420000000002683,
0.359182448063069));
#56740=CARTESIAN_POINT('',(0.801647367149088,0.419009911825635,
0.367465699985524));
#56750=CARTESIAN_POINT('',(0.806884397131837,0.415171883635671,
0.378614263943687));
#56760=CARTESIAN_POINT('',(0.811637046928149,0.408506136713107,
0.38940885072445));
#56770=CARTESIAN_POINT('',(0.813982270933484,0.402919116052743,
0.395028782887791));
#56780=CARTESIAN_POINT('',(0.815000003431522,0.3999101295761,
0.397500386476149));
#56790=B_SPLINE_CURVE_WITH_KNOTS('',3,(#56720,#56730,#56740,#56750,
#56760,#56770,#56780),.UNSPECIFIED.,.F.,.F.,(4,1,1,1,4),(0.,0.25,0.5,
0.75,1.),.UNSPECIFIED.);
#56800=CARTESIAN_POINT('',(0.815000003487421,0.399910129587389,
0.397500386466875));
#56810=VERTEX_POINT('',#56800);
#56820=EDGE_CURVE('',#56690,#56810,#56790,.T.);
#56830=ORIENTED_EDGE('',*,*,#56820,.F.);
#56840=CARTESIAN_POINT('',(0.815000003431522,0.3999101295761,
0.397500386476149));
#56850=CARTESIAN_POINT('',(0.815975731575711,0.397025331462248,
0.399869980831334));
#56860=CARTESIAN_POINT('',(0.817649422382527,0.390779210801498,
0.404018566102808));
#56870=CARTESIAN_POINT('',(0.819311634658199,0.380286727441762,
0.408228994212404));
#56880=CARTESIAN_POINT('',(0.819822252065468,0.372974143625468,
0.409543228342207));
#56890=CARTESIAN_POINT('',(0.819934360123661,0.369304302435176,
0.409831313840357));
#56900=B_SPLINE_CURVE_WITH_KNOTS('',3,(#56840,#56850,#56860,#56870,
#56880,#56890),.UNSPECIFIED.,.F.,.F.,(4,1,1,4),(0.,0.333333333333333,
0.666666666666667,1.),.UNSPECIFIED.);
#56910=CARTESIAN_POINT('',(0.819934349392514,0.36930457635068,
0.409831292337081));
#56920=VERTEX_POINT('',#56910);
#56930=EDGE_CURVE('',#56810,#56920,#56900,.T.);
#56940=ORIENTED_EDGE('',*,*,#56930,.F.);
#56950=CARTESIAN_POINT('',(0.819934360123661,0.369304302435176,
0.409831313840357));
#56960=CARTESIAN_POINT('',(0.819387281939511,0.368827270188631,
0.409868761257086));
#56970=CARTESIAN_POINT('',(0.818292155418731,0.367872234323358,
0.409931207547354));
#56980=CARTESIAN_POINT('',(0.816647070204199,0.366437119098249,
0.409987472976094));
#56990=CARTESIAN_POINT('',(0.815548678901423,0.365479467746785,
0.40999999992062));
#57000=CARTESIAN_POINT('',(0.814999565956539,0.365000000193431,
0.409999999971809));
#57010=B_SPLINE_CURVE_WITH_KNOTS('',3,(#56950,#56960,#56970,#56980,
#56990,#57000),.UNSPECIFIED.,.F.,.F.,(4,1,1,4),(0.,0.333333333333333,
0.666666666666667,1.),.UNSPECIFIED.);
#57020=EDGE_CURVE('',#56920,#26930,#57010,.T.);
#57030=ORIENTED_EDGE('',*,*,#57020,.F.);
#57040=ORIENTED_EDGE('',*,*,#26940,.F.);
#57050=CARTESIAN_POINT('',(0.700000000000176,0.365000000000549,
0.354999999971809));
#57060=DIRECTION('',(1.,-0.,0.));
#57070=DIRECTION('',(0.,1.,0.));
#57080=AXIS2_PLACEMENT_3D('',#57050,#57060,#57070);
#57090=CIRCLE('',#57080,0.055);
#57100=EDGE_CURVE('',#56670,#26850,#57090,.T.);
#57110=ORIENTED_EDGE('',*,*,#57100,.T.);
#57120=EDGE_LOOP('',(#57110,#57040,#57030,#56940,#56830,#56710));
#57130=FACE_OUTER_BOUND('',#57120,.T.);
#57140=ADVANCED_FACE('',(#57130),#56610,.T.);
#57150=COLOUR_RGB('',0.368627458810806,0.384313762187958,
0.466666698455811);
#57160=FILL_AREA_STYLE_COLOUR('',#57150);
#57170=FILL_AREA_STYLE('',(#57160));
#57180=SURFACE_STYLE_FILL_AREA(#57170);
#57190=SURFACE_SIDE_STYLE('',(#57180));
#57200=SURFACE_STYLE_USAGE(.BOTH.,#57190);
#57210=PRESENTATION_STYLE_ASSIGNMENT((#57200));
#57220=CARTESIAN_POINT('',(-0.889999999971138,0.299999620840379,
0.204999999943781));
#57230=DIRECTION('',(-0.707106781186547,-0.707106781186548,
-5.88784672006415E-17));
#57240=DIRECTION('',(-0.707106781186548,0.707106781186547,0.));
#57250=AXIS2_PLACEMENT_3D('',#57220,#57230,#57240);
#57260=PLANE('',#57250);
#57270=ORIENTED_EDGE('',*,*,#45340,.F.);
#57280=CARTESIAN_POINT('',(-0.904999999986237,0.314999620855477,
0.0899999999438122));
#57290=DIRECTION('',(0.707106781186549,-0.707106781186546,0.));
#57300=VECTOR('',#57290,1.);
#57310=LINE('',#57280,#57300);
#57320=CARTESIAN_POINT('',(-0.904999999971452,0.314999620840693,
0.0899999999438122));
#57330=VERTEX_POINT('',#57320);
#57340=EDGE_CURVE('',#57330,#45270,#57310,.T.);
#57350=ORIENTED_EDGE('',*,*,#57340,.T.);
#57360=CARTESIAN_POINT('',(-0.904999999971452,0.314999620855475,
0.319999999943702));
#57370=DIRECTION('',(0.,0.,-1.));
#57380=VECTOR('',#57370,1.);
#57390=LINE('',#57360,#57380);
#57400=CARTESIAN_POINT('',(-0.904999999971452,0.314999620840695,
0.319999999943726));
#57410=VERTEX_POINT('',#57400);
#57420=EDGE_CURVE('',#57410,#57330,#57390,.T.);
#57430=ORIENTED_EDGE('',*,*,#57420,.T.);
#57440=CARTESIAN_POINT('',(-0.874999999971136,0.284999620840379,
0.319999999943749));
#57450=DIRECTION('',(-0.707106781186548,0.707106781186548,0.));
#57460=VECTOR('',#57450,1.);
#57470=LINE('',#57440,#57460);
#57480=EDGE_CURVE('',#44650,#57410,#57470,.T.);
#57490=ORIENTED_EDGE('',*,*,#57480,.T.);
#57500=EDGE_LOOP('',(#57490,#57430,#57350,#57270));
#57510=FACE_OUTER_BOUND('',#57500,.T.);
#57520=ADVANCED_FACE('',(#57510),#57260,.T.);
#57530=COLOUR_RGB('',0.368627458810806,0.384313762187958,
0.466666698455811);
#57540=FILL_AREA_STYLE_COLOUR('',#57530);
#57550=FILL_AREA_STYLE('',(#57540));
#57560=SURFACE_STYLE_FILL_AREA(#57550);
#57570=SURFACE_SIDE_STYLE('',(#57560));
#57580=SURFACE_STYLE_USAGE(.BOTH.,#57570);
#57590=PRESENTATION_STYLE_ASSIGNMENT((#57580));
#57600=CARTESIAN_POINT('',(0.615000000000191,0.430000000000324,
0.164999999999942));
#57610=DIRECTION('',(-0.,-0.,-1.));
#57620=DIRECTION('',(0.,-1.,0.));
#57630=AXIS2_PLACEMENT_3D('',#57600,#57610,#57620);
#57640=PLANE('',#57630);
#57650=CARTESIAN_POINT('',(0.309999999999938,0.420000000000549,
0.164999999999942));
#57660=DIRECTION('',(0.,1.,0.));
#57670=VECTOR('',#57660,1.);
#57680=LINE('',#57650,#57670);
#57690=CARTESIAN_POINT('',(0.309999999999938,0.420000000000549,
0.164999999999942));
#57700=VERTEX_POINT('',#57690);
#57710=CARTESIAN_POINT('',(0.309999999999938,0.430000000000324,
0.164999999999942));
#57720=VERTEX_POINT('',#57710);
#57730=EDGE_CURVE('',#57700,#57720,#57680,.T.);
#57740=ORIENTED_EDGE('',*,*,#57730,.T.);
#57750=CARTESIAN_POINT('',(0.670000000000176,0.420000000000549,
0.164999999999942));
#57760=DIRECTION('',(-1.,0.,0.));
#57770=VECTOR('',#57760,1.);
#57780=LINE('',#57750,#57770);
#57790=CARTESIAN_POINT('',(0.670000000000176,0.420000000000549,
0.164999999999942));
#57800=VERTEX_POINT('',#57790);
#57810=EDGE_CURVE('',#57800,#57700,#57780,.T.);
#57820=ORIENTED_EDGE('',*,*,#57810,.T.);
#57830=CARTESIAN_POINT('',(0.670000000000176,0.430000000000324,
0.164999999999942));
#57840=DIRECTION('',(0.,-1.,0.));
#57850=VECTOR('',#57840,1.);
#57860=LINE('',#57830,#57850);
#57870=CARTESIAN_POINT('',(0.670000000000176,0.430000000000324,
0.164999999999942));
#57880=VERTEX_POINT('',#57870);
#57890=EDGE_CURVE('',#57880,#57800,#57860,.T.);
#57900=ORIENTED_EDGE('',*,*,#57890,.T.);
#57910=CARTESIAN_POINT('',(0.670000000000176,0.430000000000324,
0.164999999999942));
#57920=DIRECTION('',(-1.,0.,0.));
#57930=VECTOR('',#57920,1.);
#57940=LINE('',#57910,#57930);
#57950=EDGE_CURVE('',#57880,#57720,#57940,.T.);
#57960=ORIENTED_EDGE('',*,*,#57950,.F.);
#57970=EDGE_LOOP('',(#57960,#57900,#57820,#57740));
#57980=FACE_OUTER_BOUND('',#57970,.T.);
#57990=ADVANCED_FACE('',(#57980),#57640,.T.);
#58000=COLOUR_RGB('',0.368627458810806,0.384313762187958,
0.466666698455811);
#58010=FILL_AREA_STYLE_COLOUR('',#58000);
#58020=FILL_AREA_STYLE('',(#58010));
#58030=SURFACE_STYLE_FILL_AREA(#58020);
#58040=SURFACE_SIDE_STYLE('',(#58030));
#58050=SURFACE_STYLE_USAGE(.BOTH.,#58040);
#58060=PRESENTATION_STYLE_ASSIGNMENT((#58050));
#58070=CARTESIAN_POINT('',(0.700000000000176,0.375000000000323,
0.464823001646866));
#58080=DIRECTION('',(1.,-0.,0.));
#58090=DIRECTION('',(0.,0.,-1.));
#58100=AXIS2_PLACEMENT_3D('',#58070,#58080,#58090);
#58110=PLANE('',#58100);
#58120=CARTESIAN_POINT('',(0.700000000000176,0.420000000000549,
0.354999999943749));
#58130=DIRECTION('',(0.,0.,-1.));
#58140=VECTOR('',#58130,1.);
#58150=LINE('',#58120,#58140);
#58160=CARTESIAN_POINT('',(0.700000000000176,0.420000000000549,
0.194999999999942));
#58170=VERTEX_POINT('',#58160);
#58180=EDGE_CURVE('',#56670,#58170,#58150,.T.);
#58190=ORIENTED_EDGE('',*,*,#58180,.T.);
#58200=ORIENTED_EDGE('',*,*,#57100,.F.);
#58210=CARTESIAN_POINT('',(0.700000000000176,0.365000000000324,
0.319999999999942));
#58220=DIRECTION('',(-1.,0.,0.));
#58230=DIRECTION('',(0.,8.34750546463425E-8,0.999999999999997));
#58240=AXIS2_PLACEMENT_3D('',#58210,#58220,#58230);
#58250=CIRCLE('',#58240,0.09);
#58260=CARTESIAN_POINT('',(0.700000000000176,0.455000000000324,
0.319999999999943));
#58270=VERTEX_POINT('',#58260);
#58280=EDGE_CURVE('',#26850,#58270,#58250,.T.);
#58290=ORIENTED_EDGE('',*,*,#58280,.F.);
#58300=CARTESIAN_POINT('',(0.700000000000176,0.455000000000324,
0.319999999999943));
#58310=DIRECTION('',(0.,0.,-1.));
#58320=VECTOR('',#58310,1.);
#58330=LINE('',#58300,#58320);
#58340=CARTESIAN_POINT('',(0.700000000000176,0.455000000000324,
0.294999999999942));
#58350=VERTEX_POINT('',#58340);
#58360=EDGE_CURVE('',#58270,#58350,#58330,.T.);
#58370=ORIENTED_EDGE('',*,*,#58360,.F.);
#58380=CARTESIAN_POINT('',(0.700000000000176,0.455000000000324,
0.294999999999942));
#58390=DIRECTION('',(0.,-0.707106781186549,-0.707106781186546));
#58400=VECTOR('',#58390,1.);
#58410=LINE('',#58380,#58400);
#58420=CARTESIAN_POINT('',(0.700000000000176,0.430000000000323,
0.269999999999942));
#58430=VERTEX_POINT('',#58420);
#58440=EDGE_CURVE('',#58350,#58430,#58410,.T.);
#58450=ORIENTED_EDGE('',*,*,#58440,.F.);
#58460=CARTESIAN_POINT('',(0.700000000000176,0.430000000000324,
0.194999999999942));
#58470=DIRECTION('',(0.,-0.,1.));
#58480=VECTOR('',#58470,1.);
#58490=LINE('',#58460,#58480);
#58500=CARTESIAN_POINT('',(0.700000000000176,0.430000000000324,
0.194999999999942));
#58510=VERTEX_POINT('',#58500);
#58520=EDGE_CURVE('',#58510,#58430,#58490,.T.);
#58530=ORIENTED_EDGE('',*,*,#58520,.T.);
#58540=CARTESIAN_POINT('',(0.700000000000176,0.420000000000549,
0.194999999999942));
#58550=DIRECTION('',(0.,1.,0.));
#58560=VECTOR('',#58550,1.);
#58570=LINE('',#58540,#58560);
#58580=EDGE_CURVE('',#58170,#58510,#58570,.T.);
#58590=ORIENTED_EDGE('',*,*,#58580,.T.);
#58600=EDGE_LOOP('',(#58590,#58530,#58450,#58370,#58290,#58200,#58190));
#58610=FACE_OUTER_BOUND('',#58600,.T.);
#58620=ADVANCED_FACE('',(#58610),#58110,.T.);
#58630=COLOUR_RGB('',0.368627458810806,0.384313762187958,
0.466666698455811);
#58640=FILL_AREA_STYLE_COLOUR('',#58630);
#58650=FILL_AREA_STYLE('',(#58640));
#58660=SURFACE_STYLE_FILL_AREA(#58650);
#58670=SURFACE_SIDE_STYLE('',(#58660));
#58680=SURFACE_STYLE_USAGE(.BOTH.,#58670);
#58690=PRESENTATION_STYLE_ASSIGNMENT((#58680));
#58700=CARTESIAN_POINT('',(0.670000000000176,0.322500000000283,
0.194999999999942));
#58710=DIRECTION('',(0.,-1.,0.));
#58720=DIRECTION('',(0.,-0.,1.));
#58730=AXIS2_PLACEMENT_3D('',#58700,#58710,#58720);
#58740=CYLINDRICAL_SURFACE('',#58730,0.03);
#58750=CARTESIAN_POINT('',(0.670000000000176,0.420000000000549,
0.194999999999942));
#58760=DIRECTION('',(0.,1.,0.));
#58770=DIRECTION('',(1.,-0.,0.));
#58780=AXIS2_PLACEMENT_3D('',#58750,#58760,#58770);
#58790=CIRCLE('',#58780,0.03);
#58800=EDGE_CURVE('',#58170,#57800,#58790,.T.);
#58810=ORIENTED_EDGE('',*,*,#58800,.T.);
#58820=ORIENTED_EDGE('',*,*,#58580,.F.);
#58830=CARTESIAN_POINT('',(0.670000000000176,0.430000000000324,
0.194999999999942));
#58840=DIRECTION('',(0.,-1.,0.));
#58850=DIRECTION('',(0.,0.,-1.));
#58860=AXIS2_PLACEMENT_3D('',#58830,#58840,#58850);
#58870=CIRCLE('',#58860,0.03);
#58880=EDGE_CURVE('',#57880,#58510,#58870,.T.);
#58890=ORIENTED_EDGE('',*,*,#58880,.T.);
#58900=ORIENTED_EDGE('',*,*,#57890,.F.);
#58910=EDGE_LOOP('',(#58900,#58890,#58820,#58810));
#58920=FACE_OUTER_BOUND('',#58910,.T.);
#58930=ADVANCED_FACE('',(#58920),#58740,.T.);
#58940=COLOUR_RGB('',0.368627458810806,0.384313762187958,
0.466666698455811);
#58950=FILL_AREA_STYLE_COLOUR('',#58940);
#58960=FILL_AREA_STYLE('',(#58950));
#58970=SURFACE_STYLE_FILL_AREA(#58960);
#58980=SURFACE_SIDE_STYLE('',(#58970));
#58990=SURFACE_STYLE_USAGE(.BOTH.,#58980);
#59000=PRESENTATION_STYLE_ASSIGNMENT((#58990));
#59010=CARTESIAN_POINT('',(0.279999999999938,0.365000000000324,
0.319999999999942));
#59020=DIRECTION('',(-1.,0.,0.));
#59030=DIRECTION('',(0.,1.,0.));
#59040=AXIS2_PLACEMENT_3D('',#59010,#59020,#59030);
#59050=CYLINDRICAL_SURFACE('',#59040,0.09);
#59060=ORIENTED_EDGE('',*,*,#58280,.T.);
#59070=ORIENTED_EDGE('',*,*,#26860,.F.);
#59080=CARTESIAN_POINT('',(0.279999999999938,0.365000000000324,
0.319999999999942));
#59090=DIRECTION('',(1.,-0.,0.));
#59100=DIRECTION('',(0.,1.,5.36607795235492E-14));
#59110=AXIS2_PLACEMENT_3D('',#59080,#59090,#59100);
#59120=CIRCLE('',#59110,0.09);
#59130=CARTESIAN_POINT('',(0.279999999999938,0.455000000000324,
0.319999999999944));
#59140=VERTEX_POINT('',#59130);
#59150=EDGE_CURVE('',#59140,#26770,#59120,.T.);
#59160=ORIENTED_EDGE('',*,*,#59150,.T.);
#59170=CARTESIAN_POINT('',(0.279999999999938,0.455000000000324,
0.319999999999942));
#59180=DIRECTION('',(1.,-0.,0.));
#59190=VECTOR('',#59180,1.);
#59200=LINE('',#59170,#59190);
#59210=EDGE_CURVE('',#59140,#58270,#59200,.T.);
#59220=ORIENTED_EDGE('',*,*,#59210,.F.);
#59230=EDGE_LOOP('',(#59220,#59160,#59070,#59060));
#59240=FACE_OUTER_BOUND('',#59230,.T.);
#59250=ADVANCED_FACE('',(#59240),#59050,.T.);
#59260=COLOUR_RGB('',0.368627458810806,0.384313762187958,
0.466666698455811);
#59270=FILL_AREA_STYLE_COLOUR('',#59260);
#59280=FILL_AREA_STYLE('',(#59270));
#59290=SURFACE_STYLE_FILL_AREA(#59280);
#59300=SURFACE_SIDE_STYLE('',(#59290));
#59310=SURFACE_STYLE_USAGE(.BOTH.,#59300);
#59320=PRESENTATION_STYLE_ASSIGNMENT((#59310));
#59330=CARTESIAN_POINT('',(0.615000000000191,0.455000000000324,
0.319999999999942));
#59340=DIRECTION('',(0.,1.,0.));
#59350=DIRECTION('',(0.,0.,-1.));
#59360=AXIS2_PLACEMENT_3D('',#59330,#59340,#59350);
#59370=PLANE('',#59360);
#59380=ORIENTED_EDGE('',*,*,#58360,.T.);
#59390=ORIENTED_EDGE('',*,*,#59210,.T.);
#59400=CARTESIAN_POINT('',(0.279999999999938,0.455000000000324,
0.294999999999942));
#59410=DIRECTION('',(0.,-0.,1.));
#59420=VECTOR('',#59410,1.);
#59430=LINE('',#59400,#59420);
#59440=CARTESIAN_POINT('',(0.279999999999938,0.455000000000323,
0.294999999999942));
#59450=VERTEX_POINT('',#59440);
#59460=EDGE_CURVE('',#59450,#59140,#59430,.T.);
#59470=ORIENTED_EDGE('',*,*,#59460,.T.);
#59480=CARTESIAN_POINT('',(0.279999999999938,0.455000000000324,
0.294999999999942));
#59490=DIRECTION('',(1.,-0.,0.));
#59500=VECTOR('',#59490,1.);
#59510=LINE('',#59480,#59500);
#59520=EDGE_CURVE('',#59450,#58350,#59510,.T.);
#59530=ORIENTED_EDGE('',*,*,#59520,.F.);
#59540=EDGE_LOOP('',(#59530,#59470,#59390,#59380));
#59550=FACE_OUTER_BOUND('',#59540,.T.);
#59560=ADVANCED_FACE('',(#59550),#59370,.T.);
#59570=COLOUR_RGB('',0.368627458810806,0.384313762187958,
0.466666698455811);
#59580=FILL_AREA_STYLE_COLOUR('',#59570);
#59590=FILL_AREA_STYLE('',(#59580));
#59600=SURFACE_STYLE_FILL_AREA(#59590);
#59610=SURFACE_SIDE_STYLE('',(#59600));
#59620=SURFACE_STYLE_USAGE(.BOTH.,#59610);
#59630=PRESENTATION_STYLE_ASSIGNMENT((#59620));
#59640=CARTESIAN_POINT('',(0.745000000000187,0.455000000000323,
0.294999999999942));
#59650=DIRECTION('',(0.,0.707106781186547,-0.707106781186548));
#59660=DIRECTION('',(0.,-0.707106781186548,-0.707106781186547));
#59670=AXIS2_PLACEMENT_3D('',#59640,#59650,#59660);
#59680=PLANE('',#59670);
#59690=ORIENTED_EDGE('',*,*,#58440,.T.);
#59700=ORIENTED_EDGE('',*,*,#59520,.T.);
#59710=CARTESIAN_POINT('',(0.279999999999938,0.430000000000324,
0.269999999999942));
#59720=DIRECTION('',(0.,0.707106781186548,0.707106781186548));
#59730=VECTOR('',#59720,1.);
#59740=LINE('',#59710,#59730);
#59750=CARTESIAN_POINT('',(0.279999999999938,0.430000000000324,
0.269999999999942));
#59760=VERTEX_POINT('',#59750);
#59770=EDGE_CURVE('',#59760,#59450,#59740,.T.);
#59780=ORIENTED_EDGE('',*,*,#59770,.T.);
#59790=CARTESIAN_POINT('',(0.279999999999938,0.430000000000323,
0.269999999999942));
#59800=DIRECTION('',(1.,-0.,0.));
#59810=VECTOR('',#59800,1.);
#59820=LINE('',#59790,#59810);
#59830=EDGE_CURVE('',#59760,#58430,#59820,.T.);
#59840=ORIENTED_EDGE('',*,*,#59830,.F.);
#59850=EDGE_LOOP('',(#59840,#59780,#59700,#59690));
#59860=FACE_OUTER_BOUND('',#59850,.T.);
#59870=ADVANCED_FACE('',(#59860),#59680,.T.);
#59880=COLOUR_RGB('',0.368627458810806,0.384313762187958,
0.466666698455811);
#59890=FILL_AREA_STYLE_COLOUR('',#59880);
#59900=FILL_AREA_STYLE('',(#59890));
#59910=SURFACE_STYLE_FILL_AREA(#59900);
#59920=SURFACE_SIDE_STYLE('',(#59910));
#59930=SURFACE_STYLE_USAGE(.BOTH.,#59920);
#59940=PRESENTATION_STYLE_ASSIGNMENT((#59930));
#59950=CARTESIAN_POINT('',(0.402499999999943,0.430000000000324,
0.174999999999942));
#59960=DIRECTION('',(-0.,-1.,0.));
#59970=DIRECTION('',(1.,-0.,0.));
#59980=AXIS2_PLACEMENT_3D('',#59950,#59960,#59970);
#59990=PLANE('',#59980);
#60000=ORIENTED_EDGE('',*,*,#58520,.F.);
#60010=ORIENTED_EDGE('',*,*,#59830,.T.);
#60020=CARTESIAN_POINT('',(0.279999999999938,0.430000000000324,
0.194999999999942));
#60030=DIRECTION('',(0.,-0.,1.));
#60040=VECTOR('',#60030,1.);
#60050=LINE('',#60020,#60040);
#60060=CARTESIAN_POINT('',(0.279999999999938,0.430000000000324,
0.194999999999942));
#60070=VERTEX_POINT('',#60060);
#60080=EDGE_CURVE('',#60070,#59760,#60050,.T.);
#60090=ORIENTED_EDGE('',*,*,#60080,.T.);
#60100=CARTESIAN_POINT('',(0.309999999999938,0.430000000000324,
0.194999999999942));
#60110=DIRECTION('',(0.,-1.,0.));
#60120=DIRECTION('',(-1.,0.,-2.40548322002117E-14));
#60130=AXIS2_PLACEMENT_3D('',#60100,#60110,#60120);
#60140=CIRCLE('',#60130,0.03);
#60150=EDGE_CURVE('',#60070,#57720,#60140,.T.);
#60160=ORIENTED_EDGE('',*,*,#60150,.F.);
#60170=ORIENTED_EDGE('',*,*,#57950,.T.);
#60180=ORIENTED_EDGE('',*,*,#58880,.F.);
#60190=EDGE_LOOP('',(#60180,#60170,#60160,#60090,#60010,#60000));
#60200=FACE_OUTER_BOUND('',#60190,.T.);
#60210=ADVANCED_FACE('',(#60200),#59990,.F.);
#60220=COLOUR_RGB('',0.368627458810806,0.384313762187958,
0.466666698455811);
#60230=FILL_AREA_STYLE_COLOUR('',#60220);
#60240=FILL_AREA_STYLE('',(#60230));
#60250=SURFACE_STYLE_FILL_AREA(#60240);
#60260=SURFACE_SIDE_STYLE('',(#60250));
#60270=SURFACE_STYLE_USAGE(.BOTH.,#60260);
#60280=PRESENTATION_STYLE_ASSIGNMENT((#60270));
#60290=CARTESIAN_POINT('',(0.309999999999938,0.322500000000283,
0.194999999999942));
#60300=DIRECTION('',(0.,1.,0.));
#60310=DIRECTION('',(0.,0.,-1.));
#60320=AXIS2_PLACEMENT_3D('',#60290,#60300,#60310);
#60330=CYLINDRICAL_SURFACE('',#60320,0.03);
#60340=ORIENTED_EDGE('',*,*,#57730,.F.);
#60350=ORIENTED_EDGE('',*,*,#60150,.T.);
#60360=CARTESIAN_POINT('',(0.279999999999938,0.430000000000324,
0.194999999999942));
#60370=DIRECTION('',(0.,-1.,0.));
#60380=VECTOR('',#60370,1.);
#60390=LINE('',#60360,#60380);
#60400=CARTESIAN_POINT('',(0.279999999999938,0.420000000000549,
0.194999999999942));
#60410=VERTEX_POINT('',#60400);
#60420=EDGE_CURVE('',#60070,#60410,#60390,.T.);
#60430=ORIENTED_EDGE('',*,*,#60420,.F.);
#60440=CARTESIAN_POINT('',(0.309999999999938,0.420000000000549,
0.194999999999942));
#60450=DIRECTION('',(0.,1.,0.));
#60460=DIRECTION('',(0.,0.,-1.));
#60470=AXIS2_PLACEMENT_3D('',#60440,#60450,#60460);
#60480=CIRCLE('',#60470,0.03);
#60490=EDGE_CURVE('',#57700,#60410,#60480,.T.);
#60500=ORIENTED_EDGE('',*,*,#60490,.T.);
#60510=EDGE_LOOP('',(#60500,#60430,#60350,#60340));
#60520=FACE_OUTER_BOUND('',#60510,.T.);
#60530=ADVANCED_FACE('',(#60520),#60330,.T.);
#60540=COLOUR_RGB('',0.368627458810806,0.384313762187958,
0.466666698455811);
#60550=FILL_AREA_STYLE_COLOUR('',#60540);
#60560=FILL_AREA_STYLE('',(#60550));
#60570=SURFACE_STYLE_FILL_AREA(#60560);
#60580=SURFACE_SIDE_STYLE('',(#60570));
#60590=SURFACE_STYLE_USAGE(.BOTH.,#60580);
#60600=PRESENTATION_STYLE_ASSIGNMENT((#60590));
#60610=CARTESIAN_POINT('',(0.279999999999938,0.594646003294172,
0.349999999999943));
#60620=DIRECTION('',(1.,0.,-0.));
#60630=DIRECTION('',(0.,1.,0.));
#60640=AXIS2_PLACEMENT_3D('',#60610,#60620,#60630);
#60650=PLANE('',#60640);
#60660=CARTESIAN_POINT('',(0.279999999999938,0.420000000000549,
0.35500000146808));
#60670=DIRECTION('',(0.,0.,-1.));
#60680=VECTOR('',#60670,1.);
#60690=LINE('',#60660,#60680);
#60700=CARTESIAN_POINT('',(0.279999999999938,0.420000000000549,
0.355000000705914));
#60710=VERTEX_POINT('',#60700);
#60720=EDGE_CURVE('',#60710,#60410,#60690,.T.);
#60730=ORIENTED_EDGE('',*,*,#60720,.F.);
#60740=ORIENTED_EDGE('',*,*,#60420,.T.);
#60750=ORIENTED_EDGE('',*,*,#60080,.F.);
#60760=ORIENTED_EDGE('',*,*,#59770,.F.);
#60770=ORIENTED_EDGE('',*,*,#59460,.F.);
#60780=ORIENTED_EDGE('',*,*,#59150,.F.);
#60790=CARTESIAN_POINT('',(0.279999999999938,0.365000000000549,
0.354999999971809));
#60800=DIRECTION('',(-1.,0.,0.));
#60810=DIRECTION('',(0.,-1.3641360162676E-7,0.999999999999991));
#60820=AXIS2_PLACEMENT_3D('',#60790,#60800,#60810);
#60830=CIRCLE('',#60820,0.055);
#60840=EDGE_CURVE('',#26770,#60710,#60830,.T.);
#60850=ORIENTED_EDGE('',*,*,#60840,.F.);
#60860=EDGE_LOOP('',(#60850,#60780,#60770,#60760,#60750,#60740,#60730));
#60870=FACE_OUTER_BOUND('',#60860,.T.);
#60880=ADVANCED_FACE('',(#60870),#60650,.F.);
#60890=COLOUR_RGB('',0.368627458810806,0.384313762187958,
0.466666698455811);
#60900=FILL_AREA_STYLE_COLOUR('',#60890);
#60910=FILL_AREA_STYLE('',(#60900));
#60920=SURFACE_STYLE_FILL_AREA(#60910);
#60930=SURFACE_SIDE_STYLE('',(#60920));
#60940=SURFACE_STYLE_USAGE(.BOTH.,#60930);
#60950=PRESENTATION_STYLE_ASSIGNMENT((#60940));
#60960=CARTESIAN_POINT('',(0.274999999999986,0.365000000000549,
0.354999999971809));
#60970=DIRECTION('',(-1.,0.,0.));
#60980=DIRECTION('',(0.,-1.,0.));
#60990=AXIS2_PLACEMENT_3D('',#60960,#60970,#60980);
#61000=CYLINDRICAL_SURFACE('',#60990,0.055);
#61010=ORIENTED_EDGE('',*,*,#60840,.T.);
#61020=ORIENTED_EDGE('',*,*,#26780,.F.);
#61030=CARTESIAN_POINT('',(0.0699999999999489,0.365000000000549,
0.354999999971809));
#61040=DIRECTION('',(1.,-0.,0.));
#61050=DIRECTION('',(0.,1.,0.));
#61060=AXIS2_PLACEMENT_3D('',#61030,#61040,#61050);
#61070=CIRCLE('',#61060,0.055);
#61080=CARTESIAN_POINT('',(0.0699999999999489,0.420000000000549,
0.354999999971809));
#61090=VERTEX_POINT('',#61080);
#61100=EDGE_CURVE('',#61090,#26690,#61070,.T.);
#61110=ORIENTED_EDGE('',*,*,#61100,.T.);
#61120=CARTESIAN_POINT('',(0.0699999999999489,0.420000000000549,
0.354999999943749));
#61130=DIRECTION('',(1.,-0.,0.));
#61140=VECTOR('',#61130,1.);
#61150=LINE('',#61120,#61140);
#61160=EDGE_CURVE('',#61090,#60710,#61150,.T.);
#61170=ORIENTED_EDGE('',*,*,#61160,.F.);
#61180=EDGE_LOOP('',(#61170,#61110,#61020,#61010));
#61190=FACE_OUTER_BOUND('',#61180,.T.);
#61200=ADVANCED_FACE('',(#61190),#61000,.T.);
#61210=COLOUR_RGB('',0.368627458810806,0.384313762187958,
0.466666698455811);
#61220=FILL_AREA_STYLE_COLOUR('',#61210);
#61230=FILL_AREA_STYLE('',(#61220));
#61240=SURFACE_STYLE_FILL_AREA(#61230);
#61250=SURFACE_SIDE_STYLE('',(#61240));
#61260=SURFACE_STYLE_USAGE(.BOTH.,#61250);
#61270=PRESENTATION_STYLE_ASSIGNMENT((#61260));
#61280=CARTESIAN_POINT('',(0.0699999999999489,0.480000000000431,
0.295000000014389));
#61290=DIRECTION('',(1.,0.,0.));
#61300=DIRECTION('',(0.,-0.,1.));
#61310=AXIS2_PLACEMENT_3D('',#61280,#61290,#61300);
#61320=PLANE('',#61310);
#61330=CARTESIAN_POINT('',(0.069999999999949,0.420000000000549,
0.194999999999942));
#61340=DIRECTION('',(0.,1.,0.));
#61350=VECTOR('',#61340,1.);
#61360=LINE('',#61330,#61350);
#61370=CARTESIAN_POINT('',(0.0699999999999489,0.420000000000549,
0.194999999999941));
#61380=VERTEX_POINT('',#61370);
#61390=CARTESIAN_POINT('',(0.0699999999999489,0.430000000000432,
0.194999999999942));
#61400=VERTEX_POINT('',#61390);
#61410=EDGE_CURVE('',#61380,#61400,#61360,.T.);
#61420=ORIENTED_EDGE('',*,*,#61410,.T.);
#61430=CARTESIAN_POINT('',(0.0699999999999489,0.420000000000549,
0.354999999943749));
#61440=DIRECTION('',(0.,0.,-1.));
#61450=VECTOR('',#61440,1.);
#61460=LINE('',#61430,#61450);
#61470=EDGE_CURVE('',#61090,#61380,#61460,.T.);
#61480=ORIENTED_EDGE('',*,*,#61470,.T.);
#61490=ORIENTED_EDGE('',*,*,#61100,.F.);
#61500=CARTESIAN_POINT('',(0.069999999999949,0.365000000000431,
0.319999999985422));
#61510=DIRECTION('',(-1.,0.,0.));
#61520=DIRECTION('',(0.,7.07320264007592E-8,0.999999999999998));
#61530=AXIS2_PLACEMENT_3D('',#61500,#61510,#61520);
#61540=CIRCLE('',#61530,0.0900000000102159);
#61550=CARTESIAN_POINT('',(0.0699999999999489,0.455000000010647,
0.320000000030527));
#61560=VERTEX_POINT('',#61550);
#61570=EDGE_CURVE('',#26690,#61560,#61540,.T.);
#61580=ORIENTED_EDGE('',*,*,#61570,.F.);
#61590=CARTESIAN_POINT('',(0.0699999999999489,0.455000000000432,
0.295000000014389));
#61600=DIRECTION('',(0.,-0.,1.));
#61610=VECTOR('',#61600,1.);
#61620=LINE('',#61590,#61610);
#61630=CARTESIAN_POINT('',(0.0699999999999489,0.455000000000432,
0.295000000014389));
#61640=VERTEX_POINT('',#61630);
#61650=EDGE_CURVE('',#61640,#61560,#61620,.T.);
#61660=ORIENTED_EDGE('',*,*,#61650,.T.);
#61670=CARTESIAN_POINT('',(0.0699999999999489,0.455000000000432,
0.29500000001439));
#61680=DIRECTION('',(0.,-0.707106781186547,-0.707106781186547));
#61690=VECTOR('',#61680,1.);
#61700=LINE('',#61670,#61690);
#61710=CARTESIAN_POINT('',(0.0699999999999489,0.430000000000432,
0.27000000001439));
#61720=VERTEX_POINT('',#61710);
#61730=EDGE_CURVE('',#61640,#61720,#61700,.T.);
#61740=ORIENTED_EDGE('',*,*,#61730,.F.);
#61750=CARTESIAN_POINT('',(0.0699999999999489,0.430000000000432,
0.194999999999941));
#61760=DIRECTION('',(0.,-0.,1.));
#61770=VECTOR('',#61760,1.);
#61780=LINE('',#61750,#61770);
#61790=EDGE_CURVE('',#61400,#61720,#61780,.T.);
#61800=ORIENTED_EDGE('',*,*,#61790,.T.);
#61810=EDGE_LOOP('',(#61800,#61740,#61660,#61580,#61490,#61480,#61420));
#61820=FACE_OUTER_BOUND('',#61810,.T.);
#61830=ADVANCED_FACE('',(#61820),#61320,.T.);
#61840=COLOUR_RGB('',0.368627458810806,0.384313762187958,
0.466666698455811);
#61850=FILL_AREA_STYLE_COLOUR('',#61840);
#61860=FILL_AREA_STYLE('',(#61850));
#61870=SURFACE_STYLE_FILL_AREA(#61860);
#61880=SURFACE_SIDE_STYLE('',(#61870));
#61890=SURFACE_STYLE_USAGE(.BOTH.,#61880);
#61900=PRESENTATION_STYLE_ASSIGNMENT((#61890));
#61910=CARTESIAN_POINT('',(0.039999999999949,0.255000017102969,
0.194999999999942));
#61920=DIRECTION('',(0.,-1.,0.));
#61930=DIRECTION('',(0.,0.,-1.));
#61940=AXIS2_PLACEMENT_3D('',#61910,#61920,#61930);
#61950=CYLINDRICAL_SURFACE('',#61940,0.03);
#61960=ORIENTED_EDGE('',*,*,#61410,.F.);
#61970=CARTESIAN_POINT('',(0.039999999999949,0.430000000000432,
0.194999999999942));
#61980=DIRECTION('',(0.,-1.,0.));
#61990=DIRECTION('',(0.,0.,-1.));
#62000=AXIS2_PLACEMENT_3D('',#61970,#61980,#61990);
#62010=CIRCLE('',#62000,0.03);
#62020=CARTESIAN_POINT('',(0.039999999999949,0.430000000000432,
0.164999999999942));
#62030=VERTEX_POINT('',#62020);
#62040=EDGE_CURVE('',#62030,#61400,#62010,.T.);
#62050=ORIENTED_EDGE('',*,*,#62040,.T.);
#62060=CARTESIAN_POINT('',(0.039999999999949,0.430000000000432,
0.164999999999942));
#62070=DIRECTION('',(0.,-1.,0.));
#62080=VECTOR('',#62070,1.);
#62090=LINE('',#62060,#62080);
#62100=CARTESIAN_POINT('',(0.0399999999999486,0.420000000000549,
0.164999999999942));
#62110=VERTEX_POINT('',#62100);
#62120=EDGE_CURVE('',#62030,#62110,#62090,.T.);
#62130=ORIENTED_EDGE('',*,*,#62120,.F.);
#62140=CARTESIAN_POINT('',(0.039999999999949,0.420000000000549,
0.194999999999942));
#62150=DIRECTION('',(0.,1.,0.));
#62160=DIRECTION('',(1.,0.,-4.62592926927149E-14));
#62170=AXIS2_PLACEMENT_3D('',#62140,#62150,#62160);
#62180=CIRCLE('',#62170,0.03);
#62190=EDGE_CURVE('',#61380,#62110,#62180,.T.);
#62200=ORIENTED_EDGE('',*,*,#62190,.T.);
#62210=EDGE_LOOP('',(#62200,#62130,#62050,#61960));
#62220=FACE_OUTER_BOUND('',#62210,.T.);
#62230=ADVANCED_FACE('',(#62220),#61950,.T.);
#62240=COLOUR_RGB('',0.368627458810806,0.384313762187958,
0.466666698455811);
#62250=FILL_AREA_STYLE_COLOUR('',#62240);
#62260=FILL_AREA_STYLE('',(#62250));
#62270=SURFACE_STYLE_FILL_AREA(#62260);
#62280=SURFACE_SIDE_STYLE('',(#62270));
#62290=SURFACE_STYLE_USAGE(.BOTH.,#62280);
#62300=PRESENTATION_STYLE_ASSIGNMENT((#62290));
#62310=CARTESIAN_POINT('',(-5.10702591327572E-14,0.430000000000432,
0.200000000014389));
#62320=DIRECTION('',(0.,1.,0.));
#62330=DIRECTION('',(0.,0.,-1.));
#62340=AXIS2_PLACEMENT_3D('',#62310,#62320,#62330);
#62350=PLANE('',#62340);
#62360=CARTESIAN_POINT('',(0.0699999999999489,0.430000000000432,
0.27000000001439));
#62370=DIRECTION('',(-1.,0.,0.));
#62380=VECTOR('',#62370,1.);
#62390=LINE('',#62360,#62380);
#62400=CARTESIAN_POINT('',(-0.0700000000000511,0.430000000000432,
0.27000000001439));
#62410=VERTEX_POINT('',#62400);
#62420=EDGE_CURVE('',#61720,#62410,#62390,.T.);
#62430=ORIENTED_EDGE('',*,*,#62420,.F.);
#62440=CARTESIAN_POINT('',(-0.0700000000000511,0.430000000000432,
0.194999999999942));
#62450=DIRECTION('',(0.,-0.,1.));
#62460=VECTOR('',#62450,1.);
#62470=LINE('',#62440,#62460);
#62480=CARTESIAN_POINT('',(-0.0700000000000511,0.430000000000432,
0.194999999999942));
#62490=VERTEX_POINT('',#62480);
#62500=EDGE_CURVE('',#62490,#62410,#62470,.T.);
#62510=ORIENTED_EDGE('',*,*,#62500,.T.);
#62520=CARTESIAN_POINT('',(-0.0400000000000511,0.430000000000432,
0.194999999999942));
#62530=DIRECTION('',(0.,-1.,0.));
#62540=DIRECTION('',(-1.,0.,0.));
#62550=AXIS2_PLACEMENT_3D('',#62520,#62530,#62540);
#62560=CIRCLE('',#62550,0.03);
#62570=CARTESIAN_POINT('',(-0.0400000000000511,0.430000000000432,
0.164999999999942));
#62580=VERTEX_POINT('',#62570);
#62590=EDGE_CURVE('',#62490,#62580,#62560,.T.);
#62600=ORIENTED_EDGE('',*,*,#62590,.F.);
#62610=CARTESIAN_POINT('',(0.039999999999949,0.430000000000432,
0.164999999999942));
#62620=DIRECTION('',(-1.,0.,0.));
#62630=VECTOR('',#62620,1.);
#62640=LINE('',#62610,#62630);
#62650=EDGE_CURVE('',#62030,#62580,#62640,.T.);
#62660=ORIENTED_EDGE('',*,*,#62650,.T.);
#62670=ORIENTED_EDGE('',*,*,#62040,.F.);
#62680=ORIENTED_EDGE('',*,*,#61790,.F.);
#62690=EDGE_LOOP('',(#62680,#62670,#62660,#62600,#62510,#62430));
#62700=FACE_OUTER_BOUND('',#62690,.T.);
#62710=ADVANCED_FACE('',(#62700),#62350,.T.);
#62720=COLOUR_RGB('',0.368627458810806,0.384313762187958,
0.466666698455811);
#62730=FILL_AREA_STYLE_COLOUR('',#62720);
#62740=FILL_AREA_STYLE('',(#62730));
#62750=SURFACE_STYLE_FILL_AREA(#62740);
#62760=SURFACE_SIDE_STYLE('',(#62750));
#62770=SURFACE_STYLE_USAGE(.BOTH.,#62760);
#62780=PRESENTATION_STYLE_ASSIGNMENT((#62770));
#62790=CARTESIAN_POINT('',(-5.10702591327572E-14,0.400000000000431,
0.164999999999942));
#62800=DIRECTION('',(-0.,-0.,-1.));
#62810=DIRECTION('',(0.,-1.,0.));
#62820=AXIS2_PLACEMENT_3D('',#62790,#62800,#62810);
#62830=PLANE('',#62820);
#62840=CARTESIAN_POINT('',(-0.0400000000000511,0.420000000000549,
0.164999999999942));
#62850=DIRECTION('',(0.,1.,0.));
#62860=VECTOR('',#62850,1.);
#62870=LINE('',#62840,#62860);
#62880=CARTESIAN_POINT('',(-0.0400000000000511,0.420000000000549,
0.164999999999942));
#62890=VERTEX_POINT('',#62880);
#62900=EDGE_CURVE('',#62890,#62580,#62870,.T.);
#62910=ORIENTED_EDGE('',*,*,#62900,.T.);
#62920=CARTESIAN_POINT('',(0.0399999999999483,0.420000000000549,
0.164999999999942));
#62930=DIRECTION('',(-1.,0.,0.));
#62940=VECTOR('',#62930,1.);
#62950=LINE('',#62920,#62940);
#62960=EDGE_CURVE('',#62110,#62890,#62950,.T.);
#62970=ORIENTED_EDGE('',*,*,#62960,.T.);
#62980=ORIENTED_EDGE('',*,*,#62120,.T.);
#62990=ORIENTED_EDGE('',*,*,#62650,.F.);
#63000=EDGE_LOOP('',(#62990,#62980,#62970,#62910));
#63010=FACE_OUTER_BOUND('',#63000,.T.);
#63020=ADVANCED_FACE('',(#63010),#62830,.T.);
#63030=COLOUR_RGB('',0.368627458810806,0.384313762187958,
0.466666698455811);
#63040=FILL_AREA_STYLE_COLOUR('',#63030);
#63050=FILL_AREA_STYLE('',(#63040));
#63060=SURFACE_STYLE_FILL_AREA(#63050);
#63070=SURFACE_SIDE_STYLE('',(#63060));
#63080=SURFACE_STYLE_USAGE(.BOTH.,#63070);
#63090=PRESENTATION_STYLE_ASSIGNMENT((#63080));
#63100=CARTESIAN_POINT('',(-0.0400000000000511,0.255000017102969,
0.194999999999942));
#63110=DIRECTION('',(0.,-1.,0.));
#63120=DIRECTION('',(0.,0.,-1.));
#63130=AXIS2_PLACEMENT_3D('',#63100,#63110,#63120);
#63140=CYLINDRICAL_SURFACE('',#63130,0.03);
#63150=CARTESIAN_POINT('',(-0.0700000000000511,0.430000000000432,
0.194999999999942));
#63160=DIRECTION('',(0.,-1.,0.));
#63170=VECTOR('',#63160,1.);
#63180=LINE('',#63150,#63170);
#63190=CARTESIAN_POINT('',(-0.0700000000000511,0.420000000000549,
0.194999999999942));
#63200=VERTEX_POINT('',#63190);
#63210=EDGE_CURVE('',#62490,#63200,#63180,.T.);
#63220=ORIENTED_EDGE('',*,*,#63210,.F.);
#63230=CARTESIAN_POINT('',(-0.0400000000000511,0.420000000000549,
0.194999999999942));
#63240=DIRECTION('',(0.,1.,0.));
#63250=DIRECTION('',(-2.31296463463574E-16,0.,-1.));
#63260=AXIS2_PLACEMENT_3D('',#63230,#63240,#63250);
#63270=CIRCLE('',#63260,0.03);
#63280=EDGE_CURVE('',#62890,#63200,#63270,.T.);
#63290=ORIENTED_EDGE('',*,*,#63280,.T.);
#63300=ORIENTED_EDGE('',*,*,#62900,.F.);
#63310=ORIENTED_EDGE('',*,*,#62590,.T.);
#63320=EDGE_LOOP('',(#63310,#63300,#63290,#63220));
#63330=FACE_OUTER_BOUND('',#63320,.T.);
#63340=ADVANCED_FACE('',(#63330),#63140,.T.);
#63350=COLOUR_RGB('',0.368627458810806,0.384313762187958,
0.466666698455811);
#63360=FILL_AREA_STYLE_COLOUR('',#63350);
#63370=FILL_AREA_STYLE('',(#63360));
#63380=SURFACE_STYLE_FILL_AREA(#63370);
#63390=SURFACE_SIDE_STYLE('',(#63380));
#63400=SURFACE_STYLE_USAGE(.BOTH.,#63390);
#63410=PRESENTATION_STYLE_ASSIGNMENT((#63400));
#63420=CARTESIAN_POINT('',(-0.0700000000000511,0.495000000029398,
0.404823001638765));
#63430=DIRECTION('',(1.,0.,0.));
#63440=DIRECTION('',(0.,-0.,1.));
#63450=AXIS2_PLACEMENT_3D('',#63420,#63430,#63440);
#63460=PLANE('',#63450);
#63470=ORIENTED_EDGE('',*,*,#63210,.T.);
#63480=ORIENTED_EDGE('',*,*,#62500,.F.);
#63490=CARTESIAN_POINT('',(-0.0700000000000511,0.430000000000432,
0.27000000001439));
#63500=DIRECTION('',(0.,0.707106781186547,0.707106781186547));
#63510=VECTOR('',#63500,1.);
#63520=LINE('',#63490,#63510);
#63530=CARTESIAN_POINT('',(-0.0700000000000511,0.455000000000432,
0.29500000001439));
#63540=VERTEX_POINT('',#63530);
#63550=EDGE_CURVE('',#62410,#63540,#63520,.T.);
#63560=ORIENTED_EDGE('',*,*,#63550,.F.);
#63570=CARTESIAN_POINT('',(-0.0700000000000511,0.455000000000432,
0.29500000001439));
#63580=DIRECTION('',(0.,-0.,1.));
#63590=VECTOR('',#63580,1.);
#63600=LINE('',#63570,#63590);
#63610=CARTESIAN_POINT('',(-0.0700000000000511,0.455000000000432,
0.320000000075632));
#63620=VERTEX_POINT('',#63610);
#63630=EDGE_CURVE('',#63540,#63620,#63600,.T.);
#63640=ORIENTED_EDGE('',*,*,#63630,.F.);
#63650=CARTESIAN_POINT('',(-0.0700000000000511,0.365000000000431,
0.319999999985422));
#63660=DIRECTION('',(1.,-0.,0.));
#63670=DIRECTION('',(0.,1.,2.00465570046979E-9));
#63680=AXIS2_PLACEMENT_3D('',#63650,#63660,#63670);
#63690=CIRCLE('',#63680,0.0900000000102159);
#63700=EDGE_CURVE('',#63620,#26610,#63690,.T.);
#63710=ORIENTED_EDGE('',*,*,#63700,.F.);
#63720=CARTESIAN_POINT('',(-0.0700000000000511,0.365000000000549,
0.354999999971809));
#63730=DIRECTION('',(-1.,0.,0.));
#63740=DIRECTION('',(0.,-3.3369124534262E-7,0.999999999999944));
#63750=AXIS2_PLACEMENT_3D('',#63720,#63730,#63740);
#63760=CIRCLE('',#63750,0.055);
#63770=CARTESIAN_POINT('',(-0.0700000000000511,0.420000000000549,
0.355000001173334));
#63780=VERTEX_POINT('',#63770);
#63790=EDGE_CURVE('',#26610,#63780,#63760,.T.);
#63800=ORIENTED_EDGE('',*,*,#63790,.F.);
#63810=CARTESIAN_POINT('',(-0.0700000000000511,0.420000000000549,
0.355000002402918));
#63820=DIRECTION('',(0.,0.,-1.));
#63830=VECTOR('',#63820,1.);
#63840=LINE('',#63810,#63830);
#63850=EDGE_CURVE('',#63780,#63200,#63840,.T.);
#63860=ORIENTED_EDGE('',*,*,#63850,.F.);
#63870=EDGE_LOOP('',(#63860,#63800,#63710,#63640,#63560,#63480,#63470));
#63880=FACE_OUTER_BOUND('',#63870,.T.);
#63890=ADVANCED_FACE('',(#63880),#63460,.F.);
#63900=COLOUR_RGB('',0.368627458810806,0.384313762187958,
0.466666698455811);
#63910=FILL_AREA_STYLE_COLOUR('',#63900);
#63920=FILL_AREA_STYLE('',(#63910));
#63930=SURFACE_STYLE_FILL_AREA(#63920);
#63940=SURFACE_SIDE_STYLE('',(#63930));
#63950=SURFACE_STYLE_USAGE(.BOTH.,#63940);
#63960=PRESENTATION_STYLE_ASSIGNMENT((#63950));
#63970=CARTESIAN_POINT('',(-5.10702591327572E-14,0.438670068381876,
0.278670068395834));
#63980=DIRECTION('',(0.,0.707106781186547,-0.707106781186548));
#63990=DIRECTION('',(0.,-0.707106781186548,-0.707106781186547));
#64000=AXIS2_PLACEMENT_3D('',#63970,#63980,#63990);
#64010=PLANE('',#64000);
#64020=ORIENTED_EDGE('',*,*,#63550,.T.);
#64030=ORIENTED_EDGE('',*,*,#62420,.T.);
#64040=ORIENTED_EDGE('',*,*,#61730,.T.);
#64050=CARTESIAN_POINT('',(-0.0700000000000511,0.455000000000432,
0.295000000014389));
#64060=DIRECTION('',(1.,-0.,0.));
#64070=VECTOR('',#64060,1.);
#64080=LINE('',#64050,#64070);
#64090=EDGE_CURVE('',#63540,#61640,#64080,.T.);
#64100=ORIENTED_EDGE('',*,*,#64090,.T.);
#64110=EDGE_LOOP('',(#64100,#64040,#64030,#64020));
#64120=FACE_OUTER_BOUND('',#64110,.T.);
#64130=ADVANCED_FACE('',(#64120),#64010,.T.);
#64140=COLOUR_RGB('',0.368627458810806,0.384313762187958,
0.466666698455811);
#64150=FILL_AREA_STYLE_COLOUR('',#64140);
#64160=FILL_AREA_STYLE('',(#64150));
#64170=SURFACE_STYLE_FILL_AREA(#64160);
#64180=SURFACE_SIDE_STYLE('',(#64170));
#64190=SURFACE_STYLE_USAGE(.BOTH.,#64180);
#64200=PRESENTATION_STYLE_ASSIGNMENT((#64190));
#64210=CARTESIAN_POINT('',(-5.10702591327572E-14,0.455000000000432,
0.275000000014389));
#64220=DIRECTION('',(0.,1.,0.));
#64230=DIRECTION('',(0.,0.,-1.));
#64240=AXIS2_PLACEMENT_3D('',#64210,#64220,#64230);
#64250=PLANE('',#64240);
#64260=ORIENTED_EDGE('',*,*,#63630,.T.);
#64270=ORIENTED_EDGE('',*,*,#64090,.F.);
#64280=ORIENTED_EDGE('',*,*,#61650,.F.);
#64290=CARTESIAN_POINT('',(-0.0700000000000511,0.455000000010647,
0.319999999985422));
#64300=DIRECTION('',(1.,-0.,0.));
#64310=VECTOR('',#64300,1.);
#64320=LINE('',#64290,#64310);
#64330=EDGE_CURVE('',#63620,#61560,#64320,.T.);
#64340=ORIENTED_EDGE('',*,*,#64330,.T.);
#64350=EDGE_LOOP('',(#64340,#64280,#64270,#64260));
#64360=FACE_OUTER_BOUND('',#64350,.T.);
#64370=ADVANCED_FACE('',(#64360),#64250,.T.);
#64380=COLOUR_RGB('',0.368627458810806,0.384313762187958,
0.466666698455811);
#64390=FILL_AREA_STYLE_COLOUR('',#64380);
#64400=FILL_AREA_STYLE('',(#64390));
#64410=SURFACE_STYLE_FILL_AREA(#64400);
#64420=SURFACE_SIDE_STYLE('',(#64410));
#64430=SURFACE_STYLE_USAGE(.BOTH.,#64420);
#64440=PRESENTATION_STYLE_ASSIGNMENT((#64430));
#64450=CARTESIAN_POINT('',(-0.0700000000000511,0.365000000000431,
0.319999999985422));
#64460=DIRECTION('',(-1.,0.,0.));
#64470=DIRECTION('',(0.,-1.,0.));
#64480=AXIS2_PLACEMENT_3D('',#64450,#64460,#64470);
#64490=CYLINDRICAL_SURFACE('',#64480,0.0900000000102159);
#64500=ORIENTED_EDGE('',*,*,#26700,.F.);
#64510=ORIENTED_EDGE('',*,*,#63700,.T.);
#64520=ORIENTED_EDGE('',*,*,#64330,.F.);
#64530=ORIENTED_EDGE('',*,*,#61570,.T.);
#64540=EDGE_LOOP('',(#64530,#64520,#64510,#64500));
#64550=FACE_OUTER_BOUND('',#64540,.T.);
#64560=ADVANCED_FACE('',(#64550),#64490,.T.);
#64570=COLOUR_RGB('',0.368627458810806,0.384313762187958,
0.466666698455811);
#64580=FILL_AREA_STYLE_COLOUR('',#64570);
#64590=FILL_AREA_STYLE('',(#64580));
#64600=SURFACE_STYLE_FILL_AREA(#64590);
#64610=SURFACE_SIDE_STYLE('',(#64600));
#64620=SURFACE_STYLE_USAGE(.BOTH.,#64610);
#64630=PRESENTATION_STYLE_ASSIGNMENT((#64620));
#64640=CARTESIAN_POINT('',(0.274999999999986,0.365000000000549,
0.354999999971809));
#64650=DIRECTION('',(-1.,0.,0.));
#64660=DIRECTION('',(0.,-1.,0.));
#64670=AXIS2_PLACEMENT_3D('',#64640,#64650,#64660);
#64680=CYLINDRICAL_SURFACE('',#64670,0.055);
#64690=ORIENTED_EDGE('',*,*,#63790,.T.);
#64700=ORIENTED_EDGE('',*,*,#26620,.F.);
#64710=CARTESIAN_POINT('',(-0.279999999999998,0.365000000000549,
0.354999999971809));
#64720=DIRECTION('',(1.,-0.,0.));
#64730=DIRECTION('',(0.,1.,0.));
#64740=AXIS2_PLACEMENT_3D('',#64710,#64720,#64730);
#64750=CIRCLE('',#64740,0.055);
#64760=CARTESIAN_POINT('',(-0.279999999999998,0.420000000000549,
0.354999999971809));
#64770=VERTEX_POINT('',#64760);
#64780=EDGE_CURVE('',#64770,#26530,#64750,.T.);
#64790=ORIENTED_EDGE('',*,*,#64780,.T.);
#64800=CARTESIAN_POINT('',(-0.279999999999998,0.420000000000549,
0.354999999943749));
#64810=DIRECTION('',(1.,-0.,0.));
#64820=VECTOR('',#64810,1.);
#64830=LINE('',#64800,#64820);
#64840=EDGE_CURVE('',#64770,#63780,#64830,.T.);
#64850=ORIENTED_EDGE('',*,*,#64840,.F.);
#64860=EDGE_LOOP('',(#64850,#64790,#64700,#64690));
#64870=FACE_OUTER_BOUND('',#64860,.T.);
#64880=ADVANCED_FACE('',(#64870),#64680,.T.);
#64890=COLOUR_RGB('',0.368627458810806,0.384313762187958,
0.466666698455811);
#64900=FILL_AREA_STYLE_COLOUR('',#64890);
#64910=FILL_AREA_STYLE('',(#64900));
#64920=SURFACE_STYLE_FILL_AREA(#64910);
#64930=SURFACE_SIDE_STYLE('',(#64920));
#64940=SURFACE_STYLE_USAGE(.BOTH.,#64930);
#64950=PRESENTATION_STYLE_ASSIGNMENT((#64940));
#64960=CARTESIAN_POINT('',(-0.279999999999998,0.39500000000063,
0.175176998353012));
#64970=DIRECTION('',(1.,-0.,0.));
#64980=DIRECTION('',(0.,0.,-1.));
#64990=AXIS2_PLACEMENT_3D('',#64960,#64970,#64980);
#65000=PLANE('',#64990);
#65010=CARTESIAN_POINT('',(-0.279999999999998,0.420000000000549,
0.354999999943749));
#65020=DIRECTION('',(0.,0.,-1.));
#65030=VECTOR('',#65020,1.);
#65040=LINE('',#65010,#65030);
#65050=CARTESIAN_POINT('',(-0.279999999999998,0.420000000000549,
0.194999999999937));
#65060=VERTEX_POINT('',#65050);
#65070=EDGE_CURVE('',#64770,#65060,#65040,.T.);
#65080=ORIENTED_EDGE('',*,*,#65070,.T.);
#65090=ORIENTED_EDGE('',*,*,#64780,.F.);
#65100=CARTESIAN_POINT('',(-0.279999999999998,0.36500000000063,
0.319999999999937));
#65110=DIRECTION('',(-1.,0.,0.));
#65120=DIRECTION('',(0.,1.61331411193307E-7,0.999999999999987));
#65130=AXIS2_PLACEMENT_3D('',#65100,#65110,#65120);
#65140=CIRCLE('',#65130,0.0900000000000001);
#65150=CARTESIAN_POINT('',(-0.279999999999998,0.45500000000063,
0.319999999999937));
#65160=VERTEX_POINT('',#65150);
#65170=EDGE_CURVE('',#26530,#65160,#65140,.T.);
#65180=ORIENTED_EDGE('',*,*,#65170,.F.);
#65190=CARTESIAN_POINT('',(-0.279999999999998,0.45500000000063,
0.294999999999936));
#65200=DIRECTION('',(0.,-0.,1.));
#65210=VECTOR('',#65200,1.);
#65220=LINE('',#65190,#65210);
#65230=CARTESIAN_POINT('',(-0.279999999999998,0.45500000000063,
0.294999999999936));
#65240=VERTEX_POINT('',#65230);
#65250=EDGE_CURVE('',#65240,#65160,#65220,.T.);
#65260=ORIENTED_EDGE('',*,*,#65250,.T.);
#65270=CARTESIAN_POINT('',(-0.279999999999998,0.45500000000063,
0.294999999999936));
#65280=DIRECTION('',(0.,-0.707106781186547,-0.707106781186547));
#65290=VECTOR('',#65280,1.);
#65300=LINE('',#65270,#65290);
#65310=CARTESIAN_POINT('',(-0.279999999999998,0.43000000000063,
0.269999999999936));
#65320=VERTEX_POINT('',#65310);
#65330=EDGE_CURVE('',#65240,#65320,#65300,.T.);
#65340=ORIENTED_EDGE('',*,*,#65330,.F.);
#65350=CARTESIAN_POINT('',(-0.279999999999998,0.43000000000063,
0.194999999999937));
#65360=DIRECTION('',(0.,-0.,1.));
#65370=VECTOR('',#65360,1.);
#65380=LINE('',#65350,#65370);
#65390=CARTESIAN_POINT('',(-0.279999999999998,0.43000000000063,
0.194999999999937));
#65400=VERTEX_POINT('',#65390);
#65410=EDGE_CURVE('',#65400,#65320,#65380,.T.);
#65420=ORIENTED_EDGE('',*,*,#65410,.T.);
#65430=CARTESIAN_POINT('',(-0.279999999999998,0.420000000000549,
0.194999999999937));
#65440=DIRECTION('',(0.,1.,0.));
#65450=VECTOR('',#65440,1.);
#65460=LINE('',#65430,#65450);
#65470=EDGE_CURVE('',#65060,#65400,#65460,.T.);
#65480=ORIENTED_EDGE('',*,*,#65470,.T.);
#65490=EDGE_LOOP('',(#65480,#65420,#65340,#65260,#65180,#65090,#65080));
#65500=FACE_OUTER_BOUND('',#65490,.T.);
#65510=ADVANCED_FACE('',(#65500),#65000,.T.);
#65520=COLOUR_RGB('',0.368627458810806,0.384313762187958,
0.466666698455811);
#65530=FILL_AREA_STYLE_COLOUR('',#65520);
#65540=FILL_AREA_STYLE('',(#65530));
#65550=SURFACE_STYLE_FILL_AREA(#65540);
#65560=SURFACE_SIDE_STYLE('',(#65550));
#65570=SURFACE_STYLE_USAGE(.BOTH.,#65560);
#65580=PRESENTATION_STYLE_ASSIGNMENT((#65570));
#65590=CARTESIAN_POINT('',(-0.705000000000231,0.36500000000063,
0.319999999999937));
#65600=DIRECTION('',(-1.,0.,0.));
#65610=DIRECTION('',(0.,1.,0.));
#65620=AXIS2_PLACEMENT_3D('',#65590,#65600,#65610);
#65630=CYLINDRICAL_SURFACE('',#65620,0.0900000000000001);
#65640=CARTESIAN_POINT('',(-0.700000000000235,0.36500000000063,
0.319999999999937));
#65650=DIRECTION('',(1.,-0.,0.));
#65660=DIRECTION('',(0.,1.,4.19417587080614E-14));
#65670=AXIS2_PLACEMENT_3D('',#65640,#65650,#65660);
#65680=CIRCLE('',#65670,0.0900000000000001);
#65690=CARTESIAN_POINT('',(-0.700000000000235,0.45500000000063,
0.319999999999939));
#65700=VERTEX_POINT('',#65690);
#65710=EDGE_CURVE('',#65700,#26450,#65680,.T.);
#65720=ORIENTED_EDGE('',*,*,#65710,.T.);
#65730=CARTESIAN_POINT('',(-0.700000000000235,0.45500000000063,
0.319999999999937));
#65740=DIRECTION('',(1.,-0.,0.));
#65750=VECTOR('',#65740,1.);
#65760=LINE('',#65730,#65750);
#65770=EDGE_CURVE('',#65700,#65160,#65760,.T.);
#65780=ORIENTED_EDGE('',*,*,#65770,.F.);
#65790=ORIENTED_EDGE('',*,*,#65170,.T.);
#65800=ORIENTED_EDGE('',*,*,#26540,.F.);
#65810=EDGE_LOOP('',(#65800,#65790,#65780,#65720));
#65820=FACE_OUTER_BOUND('',#65810,.T.);
#65830=ADVANCED_FACE('',(#65820),#65630,.T.);
#65840=COLOUR_RGB('',0.368627458810806,0.384313762187958,
0.466666698455811);
#65850=FILL_AREA_STYLE_COLOUR('',#65840);
#65860=FILL_AREA_STYLE('',(#65850));
#65870=SURFACE_STYLE_FILL_AREA(#65860);
#65880=SURFACE_SIDE_STYLE('',(#65870));
#65890=SURFACE_STYLE_USAGE(.BOTH.,#65880);
#65900=PRESENTATION_STYLE_ASSIGNMENT((#65890));
#65910=CARTESIAN_POINT('',(-0.309999999999998,-0.342499999999322,
0.194999999999937));
#65920=DIRECTION('',(0.,1.,0.));
#65930=DIRECTION('',(0.,-0.,1.));
#65940=AXIS2_PLACEMENT_3D('',#65910,#65920,#65930);
#65950=CYLINDRICAL_SURFACE('',#65940,0.03);
#65960=CARTESIAN_POINT('',(-0.309999999999998,0.43000000000063,
0.164999999999937));
#65970=DIRECTION('',(0.,-1.,0.));
#65980=VECTOR('',#65970,1.);
#65990=LINE('',#65960,#65980);
#66000=CARTESIAN_POINT('',(-0.309999999999998,0.43000000000063,
0.164999999999937));
#66010=VERTEX_POINT('',#66000);
#66020=CARTESIAN_POINT('',(-0.309999999999998,0.420000000000549,
0.164999999999937));
#66030=VERTEX_POINT('',#66020);
#66040=EDGE_CURVE('',#66010,#66030,#65990,.T.);
#66050=ORIENTED_EDGE('',*,*,#66040,.F.);
#66060=CARTESIAN_POINT('',(-0.309999999999998,0.420000000000549,
0.194999999999937));
#66070=DIRECTION('',(0.,1.,0.));
#66080=DIRECTION('',(1.,-0.,2.40548322002117E-14));
#66090=AXIS2_PLACEMENT_3D('',#66060,#66070,#66080);
#66100=CIRCLE('',#66090,0.03);
#66110=EDGE_CURVE('',#65060,#66030,#66100,.T.);
#66120=ORIENTED_EDGE('',*,*,#66110,.T.);
#66130=ORIENTED_EDGE('',*,*,#65470,.F.);
#66140=CARTESIAN_POINT('',(-0.309999999999998,0.43000000000063,
0.194999999999937));
#66150=DIRECTION('',(0.,-1.,0.));
#66160=DIRECTION('',(0.,0.,-1.));
#66170=AXIS2_PLACEMENT_3D('',#66140,#66150,#66160);
#66180=CIRCLE('',#66170,0.03);
#66190=EDGE_CURVE('',#66010,#65400,#66180,.T.);
#66200=ORIENTED_EDGE('',*,*,#66190,.T.);
#66210=EDGE_LOOP('',(#66200,#66130,#66120,#66050));
#66220=FACE_OUTER_BOUND('',#66210,.T.);
#66230=ADVANCED_FACE('',(#66220),#65950,.T.);
#66240=COLOUR_RGB('',0.368627458810806,0.384313762187958,
0.466666698455811);
#66250=FILL_AREA_STYLE_COLOUR('',#66240);
#66260=FILL_AREA_STYLE('',(#66250));
#66270=SURFACE_STYLE_FILL_AREA(#66260);
#66280=SURFACE_SIDE_STYLE('',(#66270));
#66290=SURFACE_STYLE_USAGE(.BOTH.,#66280);
#66300=PRESENTATION_STYLE_ASSIGNMENT((#66290));
#66310=CARTESIAN_POINT('',(-0.615000000000251,0.43000000000063,
0.184999999999937));
#66320=DIRECTION('',(0.,1.,0.));
#66330=DIRECTION('',(0.,-0.,1.));
#66340=AXIS2_PLACEMENT_3D('',#66310,#66320,#66330);
#66350=PLANE('',#66340);
#66360=CARTESIAN_POINT('',(-0.700000000000235,0.43000000000063,
0.194999999999937));
#66370=DIRECTION('',(0.,-0.,1.));
#66380=VECTOR('',#66370,1.);
#66390=LINE('',#66360,#66380);
#66400=CARTESIAN_POINT('',(-0.700000000000235,0.43000000000063,
0.194999999999937));
#66410=VERTEX_POINT('',#66400);
#66420=CARTESIAN_POINT('',(-0.700000000000235,0.43000000000063,
0.269999999999936));
#66430=VERTEX_POINT('',#66420);
#66440=EDGE_CURVE('',#66410,#66430,#66390,.T.);
#66450=ORIENTED_EDGE('',*,*,#66440,.T.);
#66460=CARTESIAN_POINT('',(-0.670000000000235,0.43000000000063,
0.194999999999937));
#66470=DIRECTION('',(0.,-1.,0.));
#66480=DIRECTION('',(-1.,0.,0.));
#66490=AXIS2_PLACEMENT_3D('',#66460,#66470,#66480);
#66500=CIRCLE('',#66490,0.03);
#66510=CARTESIAN_POINT('',(-0.670000000000235,0.43000000000063,
0.164999999999937));
#66520=VERTEX_POINT('',#66510);
#66530=EDGE_CURVE('',#66410,#66520,#66500,.T.);
#66540=ORIENTED_EDGE('',*,*,#66530,.F.);
#66550=CARTESIAN_POINT('',(-0.309999999999998,0.43000000000063,
0.164999999999937));
#66560=DIRECTION('',(-1.,0.,0.));
#66570=VECTOR('',#66560,1.);
#66580=LINE('',#66550,#66570);
#66590=EDGE_CURVE('',#66010,#66520,#66580,.T.);
#66600=ORIENTED_EDGE('',*,*,#66590,.T.);
#66610=ORIENTED_EDGE('',*,*,#66190,.F.);
#66620=ORIENTED_EDGE('',*,*,#65410,.F.);
#66630=CARTESIAN_POINT('',(-0.279999999999998,0.43000000000063,
0.269999999999936));
#66640=DIRECTION('',(-1.,0.,0.));
#66650=VECTOR('',#66640,1.);
#66660=LINE('',#66630,#66650);
#66670=EDGE_CURVE('',#65320,#66430,#66660,.T.);
#66680=ORIENTED_EDGE('',*,*,#66670,.F.);
#66690=EDGE_LOOP('',(#66680,#66620,#66610,#66600,#66540,#66450));
#66700=FACE_OUTER_BOUND('',#66690,.T.);
#66710=ADVANCED_FACE('',(#66700),#66350,.T.);
#66720=COLOUR_RGB('',0.368627458810806,0.384313762187958,
0.466666698455811);
#66730=FILL_AREA_STYLE_COLOUR('',#66720);
#66740=FILL_AREA_STYLE('',(#66730));
#66750=SURFACE_STYLE_FILL_AREA(#66740);
#66760=SURFACE_SIDE_STYLE('',(#66750));
#66770=SURFACE_STYLE_USAGE(.BOTH.,#66760);
#66780=PRESENTATION_STYLE_ASSIGNMENT((#66770));
#66790=CARTESIAN_POINT('',(-0.520000000000003,0.44000000000063,
0.279999999999936));
#66800=DIRECTION('',(0.,0.707106781186547,-0.707106781186548));
#66810=DIRECTION('',(0.,0.707106781186548,0.707106781186547));
#66820=AXIS2_PLACEMENT_3D('',#66790,#66800,#66810);
#66830=PLANE('',#66820);
#66840=CARTESIAN_POINT('',(-0.700000000000235,0.43000000000063,
0.269999999999935));
#66850=DIRECTION('',(0.,0.707106781186547,0.707106781186548));
#66860=VECTOR('',#66850,1.);
#66870=LINE('',#66840,#66860);
#66880=CARTESIAN_POINT('',(-0.700000000000235,0.45500000000063,
0.294999999999936));
#66890=VERTEX_POINT('',#66880);
#66900=EDGE_CURVE('',#66430,#66890,#66870,.T.);
#66910=ORIENTED_EDGE('',*,*,#66900,.T.);
#66920=ORIENTED_EDGE('',*,*,#66670,.T.);
#66930=ORIENTED_EDGE('',*,*,#65330,.T.);
#66940=CARTESIAN_POINT('',(-0.279999999999998,0.45500000000063,
0.294999999999936));
#66950=DIRECTION('',(-1.,0.,0.));
#66960=VECTOR('',#66950,1.);
#66970=LINE('',#66940,#66960);
#66980=EDGE_CURVE('',#65240,#66890,#66970,.T.);
#66990=ORIENTED_EDGE('',*,*,#66980,.F.);
#67000=EDGE_LOOP('',(#66990,#66930,#66920,#66910));
#67010=FACE_OUTER_BOUND('',#67000,.T.);
#67020=ADVANCED_FACE('',(#67010),#66830,.T.);
#67030=COLOUR_RGB('',0.368627458810806,0.384313762187958,
0.466666698455811);
#67040=FILL_AREA_STYLE_COLOUR('',#67030);
#67050=FILL_AREA_STYLE('',(#67040));
#67060=SURFACE_STYLE_FILL_AREA(#67050);
#67070=SURFACE_SIDE_STYLE('',(#67060));
#67080=SURFACE_STYLE_USAGE(.BOTH.,#67070);
#67090=PRESENTATION_STYLE_ASSIGNMENT((#67080));
#67100=CARTESIAN_POINT('',(-0.615000000000251,0.45500000000063,
0.294999999999936));
#67110=DIRECTION('',(0.,1.,0.));
#67120=DIRECTION('',(0.,-0.,1.));
#67130=AXIS2_PLACEMENT_3D('',#67100,#67110,#67120);
#67140=PLANE('',#67130);
#67150=CARTESIAN_POINT('',(-0.700000000000235,0.45500000000063,
0.294999999999935));
#67160=DIRECTION('',(0.,-0.,1.));
#67170=VECTOR('',#67160,1.);
#67180=LINE('',#67150,#67170);
#67190=EDGE_CURVE('',#66890,#65700,#67180,.T.);
#67200=ORIENTED_EDGE('',*,*,#67190,.T.);
#67210=ORIENTED_EDGE('',*,*,#66980,.T.);
#67220=ORIENTED_EDGE('',*,*,#65250,.F.);
#67230=ORIENTED_EDGE('',*,*,#65770,.T.);
#67240=EDGE_LOOP('',(#67230,#67220,#67210,#67200));
#67250=FACE_OUTER_BOUND('',#67240,.T.);
#67260=ADVANCED_FACE('',(#67250),#67140,.T.);
#67270=COLOUR_RGB('',0.368627458810806,0.384313762187958,
0.466666698455811);
#67280=FILL_AREA_STYLE_COLOUR('',#67270);
#67290=FILL_AREA_STYLE('',(#67280));
#67300=SURFACE_STYLE_FILL_AREA(#67290);
#67310=SURFACE_SIDE_STYLE('',(#67300));
#67320=SURFACE_STYLE_USAGE(.BOTH.,#67310);
#67330=PRESENTATION_STYLE_ASSIGNMENT((#67320));
#67340=CARTESIAN_POINT('',(-0.745000000000246,0.395000000000631,
0.164999999999937));
#67350=DIRECTION('',(0.,0.,-1.));
#67360=DIRECTION('',(0.,1.,0.));
#67370=AXIS2_PLACEMENT_3D('',#67340,#67350,#67360);
#67380=PLANE('',#67370);
#67390=ORIENTED_EDGE('',*,*,#66040,.T.);
#67400=ORIENTED_EDGE('',*,*,#66590,.F.);
#67410=CARTESIAN_POINT('',(-0.670000000000235,0.420000000000549,
0.164999999999937));
#67420=DIRECTION('',(0.,1.,0.));
#67430=VECTOR('',#67420,1.);
#67440=LINE('',#67410,#67430);
#67450=CARTESIAN_POINT('',(-0.670000000000235,0.420000000000549,
0.164999999999937));
#67460=VERTEX_POINT('',#67450);
#67470=EDGE_CURVE('',#67460,#66520,#67440,.T.);
#67480=ORIENTED_EDGE('',*,*,#67470,.T.);
#67490=CARTESIAN_POINT('',(-0.309999999999998,0.420000000000549,
0.164999999999937));
#67500=DIRECTION('',(-1.,0.,0.));
#67510=VECTOR('',#67500,1.);
#67520=LINE('',#67490,#67510);
#67530=EDGE_CURVE('',#66030,#67460,#67520,.T.);
#67540=ORIENTED_EDGE('',*,*,#67530,.T.);
#67550=EDGE_LOOP('',(#67540,#67480,#67400,#67390));
#67560=FACE_OUTER_BOUND('',#67550,.T.);
#67570=ADVANCED_FACE('',(#67560),#67380,.T.);
#67580=COLOUR_RGB('',0.368627458810806,0.384313762187958,
0.466666698455811);
#67590=FILL_AREA_STYLE_COLOUR('',#67580);
#67600=FILL_AREA_STYLE('',(#67590));
#67610=SURFACE_STYLE_FILL_AREA(#67600);
#67620=SURFACE_SIDE_STYLE('',(#67610));
#67630=SURFACE_STYLE_USAGE(.BOTH.,#67620);
#67640=PRESENTATION_STYLE_ASSIGNMENT((#67630));
#67650=CARTESIAN_POINT('',(-0.670000000000235,-0.342499999999322,
0.194999999999937));
#67660=DIRECTION('',(0.,-1.,0.));
#67670=DIRECTION('',(0.,0.,-1.));
#67680=AXIS2_PLACEMENT_3D('',#67650,#67660,#67670);
#67690=CYLINDRICAL_SURFACE('',#67680,0.03);
#67700=CARTESIAN_POINT('',(-0.670000000000235,0.420000000000549,
0.194999999999937));
#67710=DIRECTION('',(0.,1.,0.));
#67720=DIRECTION('',(0.,0.,-1.));
#67730=AXIS2_PLACEMENT_3D('',#67700,#67710,#67720);
#67740=CIRCLE('',#67730,0.03);
#67750=CARTESIAN_POINT('',(-0.700000000000235,0.420000000000549,
0.194999999999937));
#67760=VERTEX_POINT('',#67750);
#67770=EDGE_CURVE('',#67460,#67760,#67740,.T.);
#67780=ORIENTED_EDGE('',*,*,#67770,.T.);
#67790=ORIENTED_EDGE('',*,*,#67470,.F.);
#67800=ORIENTED_EDGE('',*,*,#66530,.T.);
#67810=CARTESIAN_POINT('',(-0.700000000000235,0.43000000000063,
0.194999999999937));
#67820=DIRECTION('',(0.,-1.,0.));
#67830=VECTOR('',#67820,1.);
#67840=LINE('',#67810,#67830);
#67850=EDGE_CURVE('',#66410,#67760,#67840,.T.);
#67860=ORIENTED_EDGE('',*,*,#67850,.F.);
#67870=EDGE_LOOP('',(#67860,#67800,#67790,#67780));
#67880=FACE_OUTER_BOUND('',#67870,.T.);
#67890=ADVANCED_FACE('',(#67880),#67690,.T.);
#67900=COLOUR_RGB('',0.368627458810806,0.384313762187958,
0.466666698455811);
#67910=FILL_AREA_STYLE_COLOUR('',#67900);
#67920=FILL_AREA_STYLE('',(#67910));
#67930=SURFACE_STYLE_FILL_AREA(#67920);
#67940=SURFACE_SIDE_STYLE('',(#67930));
#67950=SURFACE_STYLE_USAGE(.BOTH.,#67940);
#67960=PRESENTATION_STYLE_ASSIGNMENT((#67950));
#67970=CARTESIAN_POINT('',(-0.700000000000235,-0.177676998352398,
0.175176998353013));
#67980=DIRECTION('',(1.,0.,-0.));
#67990=DIRECTION('',(0.,1.,0.));
#68000=AXIS2_PLACEMENT_3D('',#67970,#67980,#67990);
#68010=PLANE('',#68000);
#68020=CARTESIAN_POINT('',(-0.700000000000235,0.420000000000549,
0.355000002631796));
#68030=DIRECTION('',(0.,0.,-1.));
#68040=VECTOR('',#68030,1.);
#68050=LINE('',#68020,#68040);
#68060=CARTESIAN_POINT('',(-0.700000000000235,0.420000000000549,
0.355000001287772));
#68070=VERTEX_POINT('',#68060);
#68080=EDGE_CURVE('',#68070,#67760,#68050,.T.);
#68090=ORIENTED_EDGE('',*,*,#68080,.F.);
#68100=ORIENTED_EDGE('',*,*,#67850,.T.);
#68110=ORIENTED_EDGE('',*,*,#66440,.F.);
#68120=ORIENTED_EDGE('',*,*,#66900,.F.);
#68130=ORIENTED_EDGE('',*,*,#67190,.F.);
#68140=ORIENTED_EDGE('',*,*,#65710,.F.);
#68150=CARTESIAN_POINT('',(-0.700000000000235,0.365000000000549,
0.354999999971809));
#68160=DIRECTION('',(-1.,0.,0.));
#68170=DIRECTION('',(0.,-2.21348948261444E-7,0.999999999999976));
#68180=AXIS2_PLACEMENT_3D('',#68150,#68160,#68170);
#68190=CIRCLE('',#68180,0.055);
#68200=EDGE_CURVE('',#26450,#68070,#68190,.T.);
#68210=ORIENTED_EDGE('',*,*,#68200,.F.);
#68220=EDGE_LOOP('',(#68210,#68140,#68130,#68120,#68110,#68100,#68090));
#68230=FACE_OUTER_BOUND('',#68220,.T.);
#68240=ADVANCED_FACE('',(#68230),#68010,.F.);
#68250=COLOUR_RGB('',0.368627458810806,0.384313762187958,
0.466666698455811);
#68260=FILL_AREA_STYLE_COLOUR('',#68250);
#68270=FILL_AREA_STYLE('',(#68260));
#68280=SURFACE_STYLE_FILL_AREA(#68270);
#68290=SURFACE_SIDE_STYLE('',(#68280));
#68300=SURFACE_STYLE_USAGE(.BOTH.,#68290);
#68310=PRESENTATION_STYLE_ASSIGNMENT((#68300));
#68320=CARTESIAN_POINT('',(0.274999999999986,0.365000000000549,
0.354999999971809));
#68330=DIRECTION('',(-1.,0.,0.));
#68340=DIRECTION('',(0.,-1.,0.));
#68350=AXIS2_PLACEMENT_3D('',#68320,#68330,#68340);
#68360=CYLINDRICAL_SURFACE('',#68350,0.055);
#68370=ORIENTED_EDGE('',*,*,#68200,.T.);
#68380=ORIENTED_EDGE('',*,*,#26460,.F.);
#68390=CARTESIAN_POINT('',(-0.815000001035821,0.365000000193431,
0.409999999971809));
#68400=CARTESIAN_POINT('',(-0.815549219281812,0.365479336125922,
0.4099999999155));
#68410=CARTESIAN_POINT('',(-0.816647244258365,0.366437394365241,
0.409987468486742));
#68420=CARTESIAN_POINT('',(-0.818292337691373,0.367872476486941,
0.409931196918561));
#68430=CARTESIAN_POINT('',(-0.819387178898609,0.368827883009105,
0.409868717865147));
#68440=CARTESIAN_POINT('',(-0.819934350221173,0.369304841453216,
0.40983127152434));
#68450=B_SPLINE_CURVE_WITH_KNOTS('',3,(#68390,#68400,#68410,#68420,
#68430,#68440),.UNSPECIFIED.,.F.,.F.,(4,1,1,4),(0.,0.333333333333333,
0.666666666666667,1.),.UNSPECIFIED.);
#68460=CARTESIAN_POINT('',(-0.819933713700617,0.369305571442975,
0.409831214207445));
#68470=VERTEX_POINT('',#68460);
#68480=EDGE_CURVE('',#26370,#68470,#68450,.T.);
#68490=ORIENTED_EDGE('',*,*,#68480,.F.);
#68500=CARTESIAN_POINT('',(-0.819934350221173,0.369304841453216,
0.40983127152434));
#68510=CARTESIAN_POINT('',(-0.819822320352506,0.372971496917129,
0.409543399841142));
#68520=CARTESIAN_POINT('',(-0.819310534332723,0.380280541919742,
0.408231776574679));
#68530=CARTESIAN_POINT('',(-0.817649134424816,0.39079351798438,
0.404011825041984));
#68540=CARTESIAN_POINT('',(-0.815974107370563,0.397030619089386,
0.399865690126392));
#68550=CARTESIAN_POINT('',(-0.815000002075076,0.399910593027015,
0.397500005789931));
#68560=B_SPLINE_CURVE_WITH_KNOTS('',3,(#68500,#68510,#68520,#68530,
#68540,#68550),.UNSPECIFIED.,.F.,.F.,(4,1,1,4),(0.,0.333333333333333,
0.666666666666667,1.),.UNSPECIFIED.);
#68570=CARTESIAN_POINT('',(-0.815000002312153,0.399910593074896,
0.397500005750601));
#68580=VERTEX_POINT('',#68570);
#68590=EDGE_CURVE('',#68470,#68580,#68560,.T.);
#68600=ORIENTED_EDGE('',*,*,#68590,.F.);
#68610=CARTESIAN_POINT('',(-0.795192023875521,0.420000000000549,
0.354999999943749));
#68620=CARTESIAN_POINT('',(-0.797409665954073,0.420000000002656,
0.359130644948801));
#68630=CARTESIAN_POINT('',(-0.801580729764585,0.419025232324888,
0.367333112690701));
#68640=CARTESIAN_POINT('',(-0.806753228042239,0.415307127233322,
0.378324625512174));
#68650=CARTESIAN_POINT('',(-0.811594115482739,0.408606705384331,
0.389305633294396));
#68660=CARTESIAN_POINT('',(-0.813967401453175,0.402963510296673,
0.394992261372187));
#68670=CARTESIAN_POINT('',(-0.815000002075076,0.399910593027015,
0.397500005789931));
#68680=B_SPLINE_CURVE_WITH_KNOTS('',3,(#68610,#68620,#68630,#68640,
#68650,#68660,#68670),.UNSPECIFIED.,.F.,.F.,(4,1,1,1,4),(0.,0.25,0.5,
0.75,1.),.UNSPECIFIED.);
#68690=CARTESIAN_POINT('',(-0.795192023881919,0.420000000000549,
0.354999999955505));
#68700=VERTEX_POINT('',#68690);
#68710=EDGE_CURVE('',#68700,#68580,#68680,.T.);
#68720=ORIENTED_EDGE('',*,*,#68710,.T.);
#68730=CARTESIAN_POINT('',(-0.795192023875521,0.420000000000549,
0.354999999943749));
#68740=DIRECTION('',(1.,-0.,0.));
#68750=VECTOR('',#68740,1.);
#68760=LINE('',#68730,#68750);
#68770=EDGE_CURVE('',#68700,#68070,#68760,.T.);
#68780=ORIENTED_EDGE('',*,*,#68770,.F.);
#68790=EDGE_LOOP('',(#68780,#68720,#68600,#68490,#68380,#68370));
#68800=FACE_OUTER_BOUND('',#68790,.T.);
#68810=ADVANCED_FACE('',(#68800),#68360,.T.);
#68820=COLOUR_RGB('',0.368627458810806,0.384313762187958,
0.466666698455811);
#68830=FILL_AREA_STYLE_COLOUR('',#68820);
#68840=FILL_AREA_STYLE('',(#68830));
#68850=SURFACE_STYLE_FILL_AREA(#68840);
#68860=SURFACE_SIDE_STYLE('',(#68850));
#68870=SURFACE_STYLE_USAGE(.BOTH.,#68860);
#68880=PRESENTATION_STYLE_ASSIGNMENT((#68870));
#68890=CARTESIAN_POINT('',(-0.814999999971452,0.205000000000557,
0.319999999943749));
#68900=DIRECTION('',(0.,1.,0.));
#68910=DIRECTION('',(0.,0.,-1.));
#68920=AXIS2_PLACEMENT_3D('',#68890,#68900,#68910);
#68930=CYLINDRICAL_SURFACE('',#68920,0.09);
#68940=CARTESIAN_POINT('',(-0.904999999971452,0.314999620840694,
0.319999999943702));
#68950=CARTESIAN_POINT('',(-0.904999999971456,0.314999620840697,
0.326741317898698));
#68960=CARTESIAN_POINT('',(-0.903492434157031,0.314622311947492,
0.340223757722232));
#68970=CARTESIAN_POINT('',(-0.896658228334552,0.312903065910648,
0.359613191491753));
#68980=CARTESIAN_POINT('',(-0.885924848513827,0.310146321929748,
0.376600348600033));
#68990=CARTESIAN_POINT('',(-0.871619219770785,0.306369297171312,
0.390935772926926));
#69000=CARTESIAN_POINT('',(-0.854448812415164,0.301655149494797,
0.401713088244119));
#69010=CARTESIAN_POINT('',(-0.835625457364845,0.296234308076988,
0.408376694299489));
#69020=CARTESIAN_POINT('',(-0.821926748229181,0.292058380807173,
0.409999999942611));
#69030=CARTESIAN_POINT('',(-0.814999999986234,0.289867950650204,
0.409999999943749));
#69040=B_SPLINE_CURVE_WITH_KNOTS('',3,(#68940,#68950,#68960,#68970,
#68980,#68990,#69000,#69010,#69020,#69030),.UNSPECIFIED.,.F.,.F.,(4,1,1,
1,1,1,1,4),(0.,0.142857142857143,0.285714285714286,0.428571428571429,
0.571428571428571,0.714285714285714,0.857142857142857,1.),.UNSPECIFIED.)
;
#69050=EDGE_CURVE('',#57410,#26270,#69040,.T.);
#69060=ORIENTED_EDGE('',*,*,#69050,.T.);
#69070=CARTESIAN_POINT('',(-0.904999999971452,0.314999620840694,
0.319999999943702));
#69080=DIRECTION('',(0.,1.,0.));
#69090=VECTOR('',#69080,1.);
#69100=LINE('',#69070,#69090);
#69110=CARTESIAN_POINT('',(-0.904999999986234,0.425000001050125,
0.319999999972832));
#69120=VERTEX_POINT('',#69110);
#69130=EDGE_CURVE('',#57410,#69120,#69100,.T.);
#69140=ORIENTED_EDGE('',*,*,#69130,.F.);
#69150=CARTESIAN_POINT('',(-0.904999999986234,0.425000001906914,
0.320000000001963));
#69160=CARTESIAN_POINT('',(-0.905000000054839,0.422500002079806,
0.325890486161912));
#69170=CARTESIAN_POINT('',(-0.903839873009854,0.417500002414034,
0.337671074290492));
#69180=CARTESIAN_POINT('',(-0.898685202286243,0.410000002899468,
0.354663487002408));
#69190=CARTESIAN_POINT('',(-0.890314312904567,0.402499802499867,
0.370324171817476));
#69200=CARTESIAN_POINT('',(-0.882804174624863,0.397499601935438,
0.379475174653139));
#69210=CARTESIAN_POINT('',(-0.878638605453491,0.394999401218756,
0.383640612063131));
#69220=B_SPLINE_CURVE_WITH_KNOTS('',3,(#69150,#69160,#69170,#69180,
#69190,#69200,#69210),.UNSPECIFIED.,.F.,.F.,(4,1,1,1,4),(
-2.00863183855704E-5,0.249979912857399,0.499979912857399,
0.749979912857399,0.999999999175784),.UNSPECIFIED.);
#69230=CARTESIAN_POINT('',(-0.87863936504233,0.394999856521888,
0.383639855485504));
#69240=VERTEX_POINT('',#69230);
#69250=EDGE_CURVE('',#69120,#69240,#69220,.T.);
#69260=ORIENTED_EDGE('',*,*,#69250,.F.);
#69270=CARTESIAN_POINT('',(-0.878639609643133,0.395000005101806,
0.383639607893117));
#69280=CARTESIAN_POINT('',(-0.874474441099403,0.392500005300716,
0.387804776559183));
#69290=CARTESIAN_POINT('',(-0.867611253127188,0.388750005593211,
0.393436750590264));
#69300=CARTESIAN_POINT('',(-0.857493909967291,0.383750005970221,
0.399500444260354));
#69310=CARTESIAN_POINT('',(-0.849496845757422,0.380000006246173,
0.403282891598854));
#69320=CARTESIAN_POINT('',(-0.841167495437735,0.376250006515008,
0.406263202794561));
#69330=CARTESIAN_POINT('',(-0.832586211411836,0.372500006776415,
0.40841271724716));
#69340=CARTESIAN_POINT('',(-0.823835623067245,0.368749995029094,
0.409710686601165));
#69350=CARTESIAN_POINT('',(-0.81794518947121,0.366249983191851,
0.410000002623017));
#69360=CARTESIAN_POINT('',(-0.814999918161512,0.364999971271343,
0.409999999943665));
#69370=B_SPLINE_CURVE_WITH_KNOTS('',3,(#69270,#69280,#69290,#69300,
#69310,#69320,#69330,#69340,#69350,#69360),.UNSPECIFIED.,.F.,.F.,(4,1,1,
1,1,1,1,4),(-6.46752116647911E-17,0.25,0.375,0.5,0.625,0.75,0.875,
1.00000120009872),.UNSPECIFIED.);
#69380=EDGE_CURVE('',#69240,#26370,#69370,.T.);
#69390=ORIENTED_EDGE('',*,*,#69380,.F.);
#69400=ORIENTED_EDGE('',*,*,#26380,.F.);
#69410=EDGE_LOOP('',(#69400,#69390,#69260,#69140,#69060));
#69420=FACE_OUTER_BOUND('',#69410,.T.);
#69430=ADVANCED_FACE('',(#69420),#68930,.T.);
#69440=COLOUR_RGB('',0.368627458810806,0.384313762187958,
0.466666698455811);
#69450=FILL_AREA_STYLE_COLOUR('',#69440);
#69460=FILL_AREA_STYLE('',(#69450));
#69470=SURFACE_STYLE_FILL_AREA(#69460);
#69480=SURFACE_SIDE_STYLE('',(#69470));
#69490=SURFACE_STYLE_USAGE(.BOTH.,#69480);
#69500=PRESENTATION_STYLE_ASSIGNMENT((#69490));
#69510=CARTESIAN_POINT('',(-0.880864077573043,0.430864077780143,
0.36951524722074));
#69520=CARTESIAN_POINT('',(-0.881070215129601,0.429562807425852,
0.370444752330142));
#69530=CARTESIAN_POINT('',(-0.881440627700207,0.426856592191215,
0.37223740731122));
#69540=CARTESIAN_POINT('',(-0.881797619250808,0.422674531765461,
0.374666692770863));
#69550=CARTESIAN_POINT('',(-0.881906508733931,0.418475752738936,
0.376801376096347));
#69560=CARTESIAN_POINT('',(-0.881741381955034,0.41428401961922,
0.378632274343368));
#69570=CARTESIAN_POINT('',(-0.881299883051747,0.410040847764434,
0.38017592501758));
#69580=CARTESIAN_POINT('',(-0.88060321393646,0.405605502810621,
0.381474586187631));
#69590=CARTESIAN_POINT('',(-0.879696135743109,0.400754994680082,
0.382596238370914));
#69600=CARTESIAN_POINT('',(-0.878996692849367,0.39704104014614,
0.383288472159886));
#69610=CARTESIAN_POINT('',(-0.878638605453491,0.394999401218756,
0.383640612063131));
#69620=CARTESIAN_POINT('',(-0.883054518637042,0.433054518844142,
0.365796924037435));
#69630=CARTESIAN_POINT('',(-0.883270656538482,0.431806449460267,
0.366766603912641));
#69640=CARTESIAN_POINT('',(-0.88373443598959,0.429151008342332,
0.368647715000423));
#69650=CARTESIAN_POINT('',(-0.884370936057819,0.424928115918743,
0.371180561627892));
#69660=CARTESIAN_POINT('',(-0.884817495888016,0.420655606456257,
0.373343675845218));
#69670=CARTESIAN_POINT('',(-0.884984289718023,0.416423404485169,
0.375105894612518));
#69680=CARTESIAN_POINT('',(-0.884831710284861,0.412199193188897,
0.376492972128632));
#69690=CARTESIAN_POINT('',(-0.88437268107301,0.407830789726803,
0.377587110918196));
#69700=CARTESIAN_POINT('',(-0.883667394871212,0.403074959640424,
0.378518223695809));
#69710=CARTESIAN_POINT('',(-0.883096549930961,0.399458500430188,
0.379137856399753));
#69720=CARTESIAN_POINT('',(-0.882804174624863,0.397499601935438,
0.379475174653139));
#69730=CARTESIAN_POINT('',(-0.887062319519762,0.437062319726862,
0.357928554917114));
#69740=CARTESIAN_POINT('',(-0.887389736674648,0.435903068656115,
0.358822208049787));
#69750=CARTESIAN_POINT('',(-0.888136610830728,0.433370801372071,
0.360593035055427));
#69760=CARTESIAN_POINT('',(-0.889304033025956,0.429201398177356,
0.363022267641995));
#69770=CARTESIAN_POINT('',(-0.890308663034541,0.424926147587377,
0.365084302430903));
#69780=CARTESIAN_POINT('',(-0.890997459975375,0.420701027492875,
0.366709508157121));
#69790=CARTESIAN_POINT('',(-0.891295075488708,0.416529625008042,
0.36791314913562));
#69800=CARTESIAN_POINT('',(-0.891211399780631,0.4122694032261,
0.368794447355452));
#69810=CARTESIAN_POINT('',(-0.890834611861162,0.407691502758498,
0.369519104939861));
#69820=CARTESIAN_POINT('',(-0.890485495979529,0.404289971142178,
0.370030888016098));
#69830=CARTESIAN_POINT('',(-0.890314312904567,0.402499802499867,
0.370324171817476));
#69840=CARTESIAN_POINT('',(-0.891897741032346,0.441897741239447,
0.346355151724572));
#69850=CARTESIAN_POINT('',(-0.892495026974327,0.440855600022582,
0.346885167456109));
#69860=CARTESIAN_POINT('',(-0.893722303871741,0.438580329684219,
0.347974863605229));
#69870=CARTESIAN_POINT('',(-0.895477869081649,0.43479339975307,
0.349548486342921));
#69880=CARTESIAN_POINT('',(-0.896974880473293,0.430840924119058,
0.35093621625347));
#69890=CARTESIAN_POINT('',(-0.89808518558043,0.42685691347056,
0.352064983467603));
#69900=CARTESIAN_POINT('',(-0.89874818362116,0.422867957411966,
0.352925268316965));
#69910=CARTESIAN_POINT('',(-0.898984087912717,0.418801986744557,
0.353570339289382));
#69920=CARTESIAN_POINT('',(-0.898897000413475,0.414542122600891,
0.354102052610236));
#69930=CARTESIAN_POINT('',(-0.898744697833892,0.411528350975164,
0.354463634956999));
#69940=CARTESIAN_POINT('',(-0.898685202286243,0.410000002899468,
0.354663487002408));
#69950=CARTESIAN_POINT('',(-0.895270738681543,0.445270738888645,
0.334736549742498));
#69960=CARTESIAN_POINT('',(-0.896069985306261,0.444366203647178,
0.334872818579827));
#69970=CARTESIAN_POINT('',(-0.897606202196739,0.442434654190208,
0.335170502938988));
#69980=CARTESIAN_POINT('',(-0.899642160196535,0.439256028728605,
0.33564142877425));
#69990=CARTESIAN_POINT('',(-0.901330826710893,0.435883479347952,
0.336092646135496));
#70000=CARTESIAN_POINT('',(-0.902611696110255,0.432380369685745,
0.336495274782949));
#70010=CARTESIAN_POINT('',(-0.903456499187038,0.428778512691313,
0.336839246231914));
#70020=CARTESIAN_POINT('',(-0.90388208906163,0.425085325973209,
0.337133069277479));
#70030=CARTESIAN_POINT('',(-0.903962144763909,0.421306812936726,
0.337399460614698));
#70040=CARTESIAN_POINT('',(-0.903879141201643,0.418758845388925,
0.337577962724139));
#70050=CARTESIAN_POINT('',(-0.903839873009854,0.417500002414034,
0.337671074290492));
#70060=CARTESIAN_POINT('',(-0.896201332447775,0.446201332654878,
0.325577986199376));
#70070=CARTESIAN_POINT('',(-0.896976054859563,0.445426610242741,
0.325577986199826));
#70080=CARTESIAN_POINT('',(-0.898444771022389,0.443796456552329,
0.325581241409129));
#70090=CARTESIAN_POINT('',(-0.900372967120192,0.441140871572976,
0.325595889848134));
#70100=CARTESIAN_POINT('',(-0.901994796219551,0.438304917186105,
0.325620303912041));
#70110=CARTESIAN_POINT('',(-0.903283459369849,0.435317071138889,
0.325654483600757));
#70120=CARTESIAN_POINT('',(-0.904221516191814,0.432205918502517,
0.325698428914247));
#70130=CARTESIAN_POINT('',(-0.904806818860472,0.429002993422612,
0.325752139852539));
#70140=CARTESIAN_POINT('',(-0.905059737762373,0.4257469132343,
0.325815616403219));
#70150=CARTESIAN_POINT('',(-0.905040906147862,0.423574738651416,
0.325864444512315));
#70160=CARTESIAN_POINT('',(-0.905000000054839,0.422500002079806,
0.325890486161912));
#70170=CARTESIAN_POINT('',(-0.89621320291812,0.446213203125223,
0.319999999998871));
#70180=CARTESIAN_POINT('',(-0.896907397702534,0.445519008340811,
0.319999999998871));
#70190=CARTESIAN_POINT('',(-0.898227578576164,0.444062412480456,
0.319999999998902));
#70200=CARTESIAN_POINT('',(-0.899984168389094,0.441693925187391,
0.319999999999048));
#70210=CARTESIAN_POINT('',(-0.901500163550125,0.439164648895891,
0.319999999999289));
#70220=CARTESIAN_POINT('',(-0.902760960079829,0.436498944765334,
0.319999999999628));
#70230=CARTESIAN_POINT('',(-0.90375440225643,0.433722498841504,
0.320000000000063));
#70240=CARTESIAN_POINT('',(-0.904470905632958,0.430862069586519,
0.320000000000595));
#70250=CARTESIAN_POINT('',(-0.904903560914772,0.427945216928086,
0.320000000001222));
#70260=CARTESIAN_POINT('',(-0.90499999992972,0.42598174903263,
0.320000000001705));
#70270=CARTESIAN_POINT('',(-0.904999999986234,0.425000001906914,
0.320000000001963));
#70280=B_SPLINE_SURFACE_WITH_KNOTS('',3,3,((#69510,#69620,#69730,#69840,
#69950,#70060,#70170),(#69520,#69630,#69740,#69850,#69960,#70070,#70180)
,(#69530,#69640,#69750,#69860,#69970,#70080,#70190),(#69540,#69650,
#69760,#69870,#69980,#70090,#70200),(#69550,#69660,#69770,#69880,#69990,
#70100,#70210),(#69560,#69670,#69780,#69890,#70000,#70110,#70220),(
#69570,#69680,#69790,#69900,#70010,#70120,#70230),(#69580,#69690,#69800,
#69910,#70020,#70130,#70240),(#69590,#69700,#69810,#69920,#70030,#70140,
#70250),(#69600,#69710,#69820,#69930,#70040,#70150,#70260),(#69610,
#69720,#69830,#69940,#70050,#70160,#70270)),.UNSPECIFIED.,.F.,.F.,.F.,(4
,1,1,1,1,1,1,1,4),(4,1,1,1,4),(-4.73225459496549E-16,0.125,0.25,0.375,
0.5,0.625,0.75,0.875,0.999999926224065),(-2.00863183855295E-5,0.25,0.5,
0.75,0.999999999175784),.UNSPECIFIED.);
#70290=ORIENTED_EDGE('',*,*,#69250,.T.);
#70300=CARTESIAN_POINT('',(-0.874999999986234,0.425000000193336,
0.319999999943702));
#70310=DIRECTION('',(0.,0.,-1.));
#70320=DIRECTION('',(-1.,0.,0.));
#70330=AXIS2_PLACEMENT_3D('',#70300,#70310,#70320);
#70340=CIRCLE('',#70330,0.03);
#70350=CARTESIAN_POINT('',(-0.896213200126194,0.446213205917272,
0.319999999970215));
#70360=VERTEX_POINT('',#70350);
#70370=EDGE_CURVE('',#69120,#70360,#70340,.T.);
#70380=ORIENTED_EDGE('',*,*,#70370,.F.);
#70390=CARTESIAN_POINT('',(-0.880864563633453,0.430864612341475,
0.369514380946854));
#70400=CARTESIAN_POINT('',(-0.881959682053698,0.431959730066928,
0.367655352011577));
#70410=CARTESIAN_POINT('',(-0.884055512932677,0.434055560431807,
0.363819939165168));
#70420=CARTESIAN_POINT('',(-0.886915993765231,0.436916042285285,
0.357961578375652));
#70430=CARTESIAN_POINT('',(-0.889478871790833,0.439478922289501,
0.352132347068772));
#70440=CARTESIAN_POINT('',(-0.891715519908674,0.441715572509263,
0.346354162723106));
#70450=CARTESIAN_POINT('',(-0.893583021258027,0.44358307524946,
0.340536488834609));
#70460=CARTESIAN_POINT('',(-0.895024169307401,0.44502422314422,
0.334476334995535));
#70470=CARTESIAN_POINT('',(-0.895967468022068,0.445967519324428,
0.327858257523469));
#70480=CARTESIAN_POINT('',(-0.896207244056541,0.446207291526443,
0.322788992984286));
#70490=CARTESIAN_POINT('',(-0.896213180582579,0.446213225461484,
0.319999999824606));
#70500=B_SPLINE_CURVE_WITH_KNOTS('',3,(#70390,#70400,#70410,#70420,
#70430,#70440,#70450,#70460,#70470,#70480,#70490),.UNSPECIFIED.,.F.,.F.,
(4,1,1,1,1,1,1,1,4),(-2.99193889759854E-15,0.125,0.25,0.375,0.5,0.625,
0.75,0.875,1.00000000177924),.UNSPECIFIED.);
#70510=CARTESIAN_POINT('',(-0.880864605501555,0.430864605710264,
0.369514351038489));
#70520=VERTEX_POINT('',#70510);
#70530=EDGE_CURVE('',#70520,#70360,#70500,.T.);
#70540=ORIENTED_EDGE('',*,*,#70530,.T.);
#70550=CARTESIAN_POINT('',(-0.880864077573043,0.430864077780143,
0.36951524722074));
#70560=CARTESIAN_POINT('',(-0.881070215129601,0.429562807425852,
0.370444752330142));
#70570=CARTESIAN_POINT('',(-0.881440627700207,0.426856592191215,
0.37223740731122));
#70580=CARTESIAN_POINT('',(-0.881797619250808,0.422674531765461,
0.374666692770863));
#70590=CARTESIAN_POINT('',(-0.881906508733931,0.418475752738936,
0.376801376096347));
#70600=CARTESIAN_POINT('',(-0.881741381955034,0.41428401961922,
0.378632274343368));
#70610=CARTESIAN_POINT('',(-0.881299883051747,0.410040847764434,
0.38017592501758));
#70620=CARTESIAN_POINT('',(-0.88060321393646,0.405605502810621,
0.381474586187631));
#70630=CARTESIAN_POINT('',(-0.879696135743109,0.400754994680082,
0.382596238370914));
#70640=CARTESIAN_POINT('',(-0.878996692849367,0.39704104014614,
0.383288472159886));
#70650=CARTESIAN_POINT('',(-0.878638605453491,0.394999401218756,
0.383640612063131));
#70660=B_SPLINE_CURVE_WITH_KNOTS('',3,(#70550,#70560,#70570,#70580,
#70590,#70600,#70610,#70620,#70630,#70640,#70650),.UNSPECIFIED.,.F.,.F.,
(4,1,1,1,1,1,1,1,4),(-4.73225459496549E-16,0.125,0.25,0.375,0.5,0.625,
0.75,0.875,0.999999926224065),.UNSPECIFIED.);
#70670=EDGE_CURVE('',#70520,#69240,#70660,.T.);
#70680=ORIENTED_EDGE('',*,*,#70670,.F.);
#70690=EDGE_LOOP('',(#70680,#70540,#70380,#70290));
#70700=FACE_OUTER_BOUND('',#70690,.T.);
#70710=ADVANCED_FACE('',(#70700),#70280,.F.);
#70720=COLOUR_RGB('',0.368627458810806,0.384313762187958,
0.466666698455811);
#70730=FILL_AREA_STYLE_COLOUR('',#70720);
#70740=FILL_AREA_STYLE('',(#70730));
#70750=SURFACE_STYLE_FILL_AREA(#70740);
#70760=SURFACE_SIDE_STYLE('',(#70750));
#70770=SURFACE_STYLE_USAGE(.BOTH.,#70760);
#70780=PRESENTATION_STYLE_ASSIGNMENT((#70770));
#70790=CARTESIAN_POINT('',(-1.7299999999862,0.365000000193336,
0.319999999943702));
#70800=DIRECTION('',(-1.,0.,0.));
#70810=DIRECTION('',(0.,-1.,0.));
#70820=AXIS2_PLACEMENT_3D('',#70790,#70800,#70810);
#70830=CONICAL_SURFACE('',#70820,1.,0.78539816339745);
#70840=CARTESIAN_POINT('',(-0.819999999986202,0.365000000193336,
0.319999999943702));
#70850=DIRECTION('',(-1.,0.,0.));
#70860=DIRECTION('',(0.,0.130527259060195,0.991444720921057));
#70870=AXIS2_PLACEMENT_3D('',#70840,#70850,#70860);
#70880=CIRCLE('',#70870,0.089999999999999);
#70890=CARTESIAN_POINT('',(-0.819999789156588,0.376747381225178,
0.409229821694093));
#70900=VERTEX_POINT('',#70890);
#70910=CARTESIAN_POINT('',(-0.819999999986203,0.455000000193336,
0.319999999943702));
#70920=VERTEX_POINT('',#70910);
#70930=EDGE_CURVE('',#70900,#70920,#70880,.T.);
#70940=ORIENTED_EDGE('',*,*,#70930,.F.);
#70950=CARTESIAN_POINT('',(-0.819999999986202,0.455000000193335,
0.319999999943702));
#70960=DIRECTION('',(0.707106781186546,-0.707106781186549,0.));
#70970=VECTOR('',#70960,1.);
#70980=LINE('',#70950,#70970);
#70990=CARTESIAN_POINT('',(-0.784999999793416,0.420000000000549,
0.319999999947941));
#71000=VERTEX_POINT('',#70990);
#71010=EDGE_CURVE('',#70920,#71000,#70980,.T.);
#71020=ORIENTED_EDGE('',*,*,#71010,.F.);
#71030=CARTESIAN_POINT('',(-0.795192023880414,0.420000000000549,
0.354999999943749));
#71040=CARTESIAN_POINT('',(-0.792921806924816,0.420000000000549,
0.350771427431424));
#71050=CARTESIAN_POINT('',(-0.78909393923091,0.420000000000549,
0.342565554305886));
#71060=CARTESIAN_POINT('',(-0.785649023573971,0.420000000000549,
0.330672213697193));
#71070=CARTESIAN_POINT('',(-0.784999999793418,0.420000000000549,
0.323462408602436));
#71080=CARTESIAN_POINT('',(-0.784999999793418,0.420000000000549,
0.31999999995218));
#71090=B_SPLINE_CURVE_WITH_KNOTS('',3,(#71030,#71040,#71050,#71060,
#71070,#71080),.UNSPECIFIED.,.F.,.F.,(4,1,1,4),(0.,0.333333333333333,
0.666666666666667,1.),.UNSPECIFIED.);
#71100=EDGE_CURVE('',#68700,#71000,#71090,.T.);
#71110=ORIENTED_EDGE('',*,*,#71100,.T.);
#71120=ORIENTED_EDGE('',*,*,#68710,.F.);
#71130=ORIENTED_EDGE('',*,*,#68590,.T.);
#71140=CARTESIAN_POINT('',(-0.82000002173731,0.376747253443694,
0.409230073104446));
#71150=CARTESIAN_POINT('',(-0.819999698033222,0.375925434551084,
0.409337940115438));
#71160=CARTESIAN_POINT('',(-0.819994316277413,0.374277374405815,
0.409526379155999));
#71170=CARTESIAN_POINT('',(-0.81997250400366,0.37179514378456,
0.40972706396417));
#71180=CARTESIAN_POINT('',(-0.81994853684997,0.370135438637331,
0.409805661364995));
#71190=CARTESIAN_POINT('',(-0.819934351531616,0.369304888662823,
0.409831261335042));
#71200=B_SPLINE_CURVE_WITH_KNOTS('',3,(#71140,#71150,#71160,#71170,
#71180,#71190),.UNSPECIFIED.,.F.,.F.,(4,1,1,4),(0.,0.333333333333333,
0.666666666666667,1.),.UNSPECIFIED.);
#71210=EDGE_CURVE('',#70900,#68470,#71200,.T.);
#71220=ORIENTED_EDGE('',*,*,#71210,.T.);
#71230=EDGE_LOOP('',(#71220,#71130,#71120,#71110,#71020,#70940));
#71240=FACE_OUTER_BOUND('',#71230,.T.);
#71250=ADVANCED_FACE('',(#71240),#70830,.T.);
#71260=COLOUR_RGB('',0.368627458810806,0.384313762187958,
0.466666698455811);
#71270=FILL_AREA_STYLE_COLOUR('',#71260);
#71280=FILL_AREA_STYLE('',(#71270));
#71290=SURFACE_STYLE_FILL_AREA(#71280);
#71300=SURFACE_SIDE_STYLE('',(#71290));
#71310=SURFACE_STYLE_USAGE(.BOTH.,#71300);
#71320=PRESENTATION_STYLE_ASSIGNMENT((#71310));
#71330=CARTESIAN_POINT('',(-0.880864605501775,0.430864605708875,
0.369514351039481));
#71340=CARTESIAN_POINT('',(-0.878262090437471,0.431276885644255,
0.371373380620817));
#71350=CARTESIAN_POINT('',(-0.874071582339871,0.431762801613,
0.373955256013639));
#71360=CARTESIAN_POINT('',(-0.868476860143743,0.43190704374101,
0.376800360616717));
#71370=CARTESIAN_POINT('',(-0.864284379026585,0.431742208444748,
0.378631473210621));
#71380=CARTESIAN_POINT('',(-0.86004140957201,0.431300722501941,
0.38017502427428));
#71390=CARTESIAN_POINT('',(-0.855606027675537,0.430604125865668,
0.381473652753608));
#71400=CARTESIAN_POINT('',(-0.850755540362188,0.429697089078811,
0.382595258298085));
#71410=CARTESIAN_POINT('',(-0.847041584737999,0.428997674053947,
0.383287478839764));
#71420=CARTESIAN_POINT('',(-0.844999941182674,0.42863959867604,
0.383639618882093));
#71430=CARTESIAN_POINT('',(-0.881276885437155,0.428262090644571,
0.371373380620817));
#71440=CARTESIAN_POINT('',(-0.878709277003378,0.428709277210478,
0.373239610407063));
#71450=CARTESIAN_POINT('',(-0.874269805277088,0.429223547879657,
0.37614513438873));
#71460=CARTESIAN_POINT('',(-0.868093500762679,0.42922577289371,
0.379584738784817));
#71470=CARTESIAN_POINT('',(-0.863431966007311,0.42884852683931,
0.381856252153614));
#71480=CARTESIAN_POINT('',(-0.858730325132345,0.428099569123481,
0.383777068947515));
#71490=CARTESIAN_POINT('',(-0.853854628881118,0.427040200425063,
0.385363397280849));
#71500=CARTESIAN_POINT('',(-0.84858073848899,0.425778569786272,
0.386678554452198));
#71510=CARTESIAN_POINT('',(-0.844624316546001,0.424898209644426,
0.387437826586507));
#71520=CARTESIAN_POINT('',(-0.842499938799746,0.424474428081858,
0.387804788010685));
#71530=CARTESIAN_POINT('',(-0.88192621094521,0.422669728380977,
0.374817450659321));
#71540=CARTESIAN_POINT('',(-0.879263883466674,0.422870520721349,
0.376964326441816));
#71550=CARTESIAN_POINT('',(-0.87433262562258,0.423057237666373,
0.38054926723078));
#71560=CARTESIAN_POINT('',(-0.867121701572562,0.422553255783469,
0.384970131905482));
#71570=CARTESIAN_POINT('',(-0.86159877580274,0.421735393102104,
0.387929786024535));
#71580=CARTESIAN_POINT('',(-0.856013913464086,0.420483258261859,
0.390432724913244));
#71590=CARTESIAN_POINT('',(-0.850272435986284,0.418882330002921,
0.39246510851126));
#71600=CARTESIAN_POINT('',(-0.844187981165429,0.417085760938711,
0.394078782169905));
#71610=CARTESIAN_POINT('',(-0.839786525336731,0.415888898319794,
0.394932349521642));
#71620=CARTESIAN_POINT('',(-0.837499934127646,0.415323736899124,
0.395314547748189));
#71630=CARTESIAN_POINT('',(-0.881884282248291,0.414296537654367,
0.378779346787262));
#71640=CARTESIAN_POINT('',(-0.878770708235407,0.413578286838206,
0.38175497606597));
#71650=CARTESIAN_POINT('',(-0.873155780153548,0.412478297842063,
0.386322177792749));
#71660=CARTESIAN_POINT('',(-0.864766013101749,0.410546064852087,
0.391731452804949));
#71670=CARTESIAN_POINT('',(-0.858219309187598,0.408805814865519,
0.395299594246448));
#71680=CARTESIAN_POINT('',(-0.851507878330215,0.406768572602021,
0.398289218072931));
#71690=CARTESIAN_POINT('',(-0.844620334759697,0.404488009086632,
0.40067708431992));
#71700=CARTESIAN_POINT('',(-0.837482762092232,0.402067897571788,
0.402488456322998));
#71710=CARTESIAN_POINT('',(-0.832519036853039,0.400451018111319,
0.403342646642633));
#71720=CARTESIAN_POINT('',(-0.829999927430629,0.399663464922722,
0.403685212004986));
#71730=CARTESIAN_POINT('',(-0.880713258997385,0.405799909201127,
0.381566439552855));
#71740=CARTESIAN_POINT('',(-0.877023699510107,0.404012334194576,
0.385387654459206));
#71750=CARTESIAN_POINT('',(-0.870779348597498,0.401334388424659,
0.390738262214666));
#71760=CARTESIAN_POINT('',(-0.861488799313515,0.397636732443505,
0.396725335570695));
#71770=CARTESIAN_POINT('',(-0.854154091056672,0.394779777560651,
0.40057534562709));
#71780=CARTESIAN_POINT('',(-0.846539560751107,0.391834534297145,
0.403738986777787));
#71790=CARTESIAN_POINT('',(-0.838704762771528,0.388814035797338,
0.406193778792806));
#71800=CARTESIAN_POINT('',(-0.830686620719889,0.385746056532742,
0.407933831820413));
#71810=CARTESIAN_POINT('',(-0.825239710364749,0.383693421638546,
0.408618026417399));
#71820=CARTESIAN_POINT('',(-0.822499922076361,0.382671047509429,
0.408839878604802));
#71830=CARTESIAN_POINT('',(-0.879355752885192,0.399083243701695,
0.38293533509962));
#71840=CARTESIAN_POINT('',(-0.875321996380187,0.396748712192579,
0.387070860477969));
#71850=CARTESIAN_POINT('',(-0.868670789317148,0.393242032119731,
0.392680006971978));
#71860=CARTESIAN_POINT('',(-0.858846757455473,0.388555655962115,
0.398775637796331));
#71870=CARTESIAN_POINT('',(-0.851075076131862,0.385035213208451,
0.402618085478571));
#71880=CARTESIAN_POINT('',(-0.8429771328206,0.381508850553713,
0.405698628505565));
#71890=CARTESIAN_POINT('',(-0.83463293848074,0.377976308739334,
0.407991495049429));
#71900=CARTESIAN_POINT('',(-0.82611987272961,0.374437317186993,
0.409476618209823));
#71910=CARTESIAN_POINT('',(-0.820378242102035,0.372073520559703,
0.40991819135348));
#71920=CARTESIAN_POINT('',(-0.817499919088013,0.370890457064603,
0.41000000183519));
#71930=CARTESIAN_POINT('',(-0.878639609643133,0.395000005101806,
0.383639607893117));
#71940=CARTESIAN_POINT('',(-0.874474441099403,0.392500005300716,
0.387804776559183));
#71950=CARTESIAN_POINT('',(-0.867611253127188,0.388750005593211,
0.393436750590264));
#71960=CARTESIAN_POINT('',(-0.857493909967291,0.383750005970221,
0.399500444260354));
#71970=CARTESIAN_POINT('',(-0.849496845757422,0.380000006246173,
0.403282891598854));
#71980=CARTESIAN_POINT('',(-0.841167495437735,0.376250006515008,
0.406263202794561));
#71990=CARTESIAN_POINT('',(-0.832586211411836,0.372500006776415,
0.40841271724716));
#72000=CARTESIAN_POINT('',(-0.823835623067245,0.368749995029094,
0.409710686601165));
#72010=CARTESIAN_POINT('',(-0.81794518947121,0.366249983191851,
0.410000002623017));
#72020=CARTESIAN_POINT('',(-0.814999918161512,0.364999971271343,
0.409999999943665));
#72030=B_SPLINE_SURFACE_WITH_KNOTS('',3,3,((#71330,#71430,#71530,#71630,
#71730,#71830,#71930),(#71340,#71440,#71540,#71640,#71740,#71840,#71940)
,(#71350,#71450,#71550,#71650,#71750,#71850,#71950),(#71360,#71460,
#71560,#71660,#71760,#71860,#71960),(#71370,#71470,#71570,#71670,#71770,
#71870,#71970),(#71380,#71480,#71580,#71680,#71780,#71880,#71980),(
#71390,#71490,#71590,#71690,#71790,#71890,#71990),(#71400,#71500,#71600,
#71700,#71800,#71900,#72000),(#71410,#71510,#71610,#71710,#71810,#71910,
#72010),(#71420,#71520,#71620,#71720,#71820,#71920,#72020)),
.UNSPECIFIED.,.F.,.F.,.F.,(4,1,1,1,1,1,1,4),(4,1,1,1,4),(
-6.46752116647911E-17,0.25,0.375,0.5,0.625,0.75,0.875,1.00000120009872),
(-5.55111512312578E-16,0.25,0.5,0.75,0.999999899824825),.UNSPECIFIED.);
#72040=CARTESIAN_POINT('',(-0.814999918161512,0.364999971271343,
0.409999999943665));
#72050=CARTESIAN_POINT('',(-0.817499919088013,0.370890457064603,
0.41000000183519));
#72060=CARTESIAN_POINT('',(-0.822499922076361,0.382671047509429,
0.408839878604802));
#72070=CARTESIAN_POINT('',(-0.829999927430629,0.399663464922722,
0.403685212004986));
#72080=CARTESIAN_POINT('',(-0.837499934127646,0.415323736899124,
0.395314547748189));
#72090=CARTESIAN_POINT('',(-0.842499938799746,0.424474428081858,
0.387804788010685));
#72100=CARTESIAN_POINT('',(-0.844999941182674,0.42863959867604,
0.383639618882093));
#72110=B_SPLINE_CURVE_WITH_KNOTS('',3,(#72040,#72050,#72060,#72070,
#72080,#72090,#72100),.UNSPECIFIED.,.F.,.F.,(4,1,1,1,4),(
-5.55111512312578E-16,0.249999899824824,0.499999899824824,
0.749999899824824,0.999999899824825),.UNSPECIFIED.);
#72120=CARTESIAN_POINT('',(-0.844999956750681,0.428639602981276,
0.38363961776934));
#72130=VERTEX_POINT('',#72120);
#72140=EDGE_CURVE('',#70900,#72130,#72110,.T.);
#72150=ORIENTED_EDGE('',*,*,#72140,.T.);
#72160=ORIENTED_EDGE('',*,*,#71210,.F.);
#72170=ORIENTED_EDGE('',*,*,#68480,.T.);
#72180=ORIENTED_EDGE('',*,*,#69380,.T.);
#72190=ORIENTED_EDGE('',*,*,#70670,.T.);
#72200=CARTESIAN_POINT('',(-0.880864605501775,0.430864605708875,
0.369514351039481));
#72210=CARTESIAN_POINT('',(-0.878262090437471,0.431276885644255,
0.371373380620817));
#72220=CARTESIAN_POINT('',(-0.874071582339871,0.431762801613,
0.373955256013639));
#72230=CARTESIAN_POINT('',(-0.868476860143743,0.43190704374101,
0.376800360616717));
#72240=CARTESIAN_POINT('',(-0.864284379026585,0.431742208444748,
0.378631473210621));
#72250=CARTESIAN_POINT('',(-0.86004140957201,0.431300722501941,
0.38017502427428));
#72260=CARTESIAN_POINT('',(-0.855606027675537,0.430604125865668,
0.381473652753608));
#72270=CARTESIAN_POINT('',(-0.850755540362188,0.429697089078811,
0.382595258298085));
#72280=CARTESIAN_POINT('',(-0.847041584737999,0.428997674053947,
0.383287478839764));
#72290=CARTESIAN_POINT('',(-0.844999941182674,0.42863959867604,
0.383639618882093));
#72300=B_SPLINE_CURVE_WITH_KNOTS('',3,(#72200,#72210,#72220,#72230,
#72240,#72250,#72260,#72270,#72280,#72290),.UNSPECIFIED.,.F.,.F.,(4,1,1,
1,1,1,1,4),(-6.46752116647911E-17,0.25,0.375,0.5,0.625,0.75,0.875,
1.00000120009872),.UNSPECIFIED.);
#72310=EDGE_CURVE('',#70520,#72130,#72300,.T.);
#72320=ORIENTED_EDGE('',*,*,#72310,.F.);
#72330=EDGE_LOOP('',(#72320,#72190,#72180,#72170,#72160,#72150));
#72340=FACE_OUTER_BOUND('',#72330,.T.);
#72350=ADVANCED_FACE('',(#72340),#72030,.F.);
#72360=COLOUR_RGB('',0.368627458810806,0.384313762187958,
0.466666698455811);
#72370=FILL_AREA_STYLE_COLOUR('',#72360);
#72380=FILL_AREA_STYLE('',(#72370));
#72390=SURFACE_STYLE_FILL_AREA(#72380);
#72400=SURFACE_SIDE_STYLE('',(#72390));
#72410=SURFACE_STYLE_USAGE(.BOTH.,#72400);
#72420=PRESENTATION_STYLE_ASSIGNMENT((#72410));
#72430=CARTESIAN_POINT('',(-0.802499999986201,0.437500000193336,
0.204999999943733));
#72440=DIRECTION('',(-0.707106781186549,-0.707106781186546,-0.));
#72450=DIRECTION('',(-0.707106781186546,0.707106781186549,0.));
#72460=AXIS2_PLACEMENT_3D('',#72430,#72440,#72450);
#72470=PLANE('',#72460);
#72480=CARTESIAN_POINT('',(-0.784999999793418,0.420000000000549,
0.31999999995218));
#72490=DIRECTION('',(0.,0.,-1.));
#72500=VECTOR('',#72490,1.);
#72510=LINE('',#72480,#72500);
#72520=CARTESIAN_POINT('',(-0.784999999793414,0.420000000000549,
0.0899999999438122));
#72530=VERTEX_POINT('',#72520);
#72540=EDGE_CURVE('',#71000,#72530,#72510,.T.);
#72550=ORIENTED_EDGE('',*,*,#72540,.T.);
#72560=ORIENTED_EDGE('',*,*,#71010,.T.);
#72570=CARTESIAN_POINT('',(-0.819999999986201,0.455000000193336,
0.319999999943702));
#72580=DIRECTION('',(0.,0.,-1.));
#72590=VECTOR('',#72580,1.);
#72600=LINE('',#72570,#72590);
#72610=CARTESIAN_POINT('',(-0.819999999986201,0.455000000193336,
0.0899999999438122));
#72620=VERTEX_POINT('',#72610);
#72630=EDGE_CURVE('',#70920,#72620,#72600,.T.);
#72640=ORIENTED_EDGE('',*,*,#72630,.F.);
#72650=CARTESIAN_POINT('',(-0.784999999793417,0.420000000000552,
0.0899999999438122));
#72660=DIRECTION('',(-0.707106781186547,0.707106781186548,0.));
#72670=VECTOR('',#72660,1.);
#72680=LINE('',#72650,#72670);
#72690=EDGE_CURVE('',#72530,#72620,#72680,.T.);
#72700=ORIENTED_EDGE('',*,*,#72690,.T.);
#72710=EDGE_LOOP('',(#72700,#72640,#72560,#72550));
#72720=FACE_OUTER_BOUND('',#72710,.T.);
#72730=ADVANCED_FACE('',(#72720),#72470,.F.);
#72740=COLOUR_RGB('',0.368627458810806,0.384313762187958,
0.466666698455811);
#72750=FILL_AREA_STYLE_COLOUR('',#72740);
#72760=FILL_AREA_STYLE('',(#72750));
#72770=SURFACE_STYLE_FILL_AREA(#72760);
#72780=SURFACE_SIDE_STYLE('',(#72770));
#72790=SURFACE_STYLE_USAGE(.BOTH.,#72780);
#72800=PRESENTATION_STYLE_ASSIGNMENT((#72790));
#72810=CARTESIAN_POINT('',(0.27500000001404,0.365000000193336,
0.319999999943702));
#72820=DIRECTION('',(1.,-0.,0.));
#72830=DIRECTION('',(0.,1.,0.));
#72840=AXIS2_PLACEMENT_3D('',#72810,#72820,#72830);
#72850=CYLINDRICAL_SURFACE('',#72840,0.09);
#72860=ORIENTED_EDGE('',*,*,#70930,.T.);
#72870=ORIENTED_EDGE('',*,*,#72140,.F.);
#72880=CARTESIAN_POINT('',(-0.845000003451446,0.428639609597108,
0.383639608142047));
#72890=CARTESIAN_POINT('',(-0.846250003381234,0.430722193892198,
0.381557023803775));
#72900=CARTESIAN_POINT('',(-0.848750003239429,0.434682736401638,
0.377187236259156));
#72910=CARTESIAN_POINT('',(-0.8525000030228,0.439952505695865,
0.3700817744503));
#72920=CARTESIAN_POINT('',(-0.856250002802468,0.444500491065659,
0.362493945658377));
#72930=CARTESIAN_POINT('',(-0.860000002578653,0.44828288057937,
0.354496833358396));
#72940=CARTESIAN_POINT('',(-0.863750002351573,0.451263207072752,
0.346167495684492));
#72950=CARTESIAN_POINT('',(-0.867500002121446,0.453412717195923,
0.337586208019155));
#72960=CARTESIAN_POINT('',(-0.871250001906286,0.454710683301925,
0.328835648377172));
#72970=CARTESIAN_POINT('',(-0.873750001767042,0.455000000232169,
0.322945242950499));
#72980=CARTESIAN_POINT('',(-0.875000001705919,0.455000000193336,
0.319999999817935));
#72990=B_SPLINE_CURVE_WITH_KNOTS('',3,(#72880,#72890,#72900,#72910,
#72920,#72930,#72940,#72950,#72960,#72970,#72980),.UNSPECIFIED.,.F.,.F.,
(4,1,1,1,1,1,1,1,4),(-2.99193889759854E-15,0.125,0.25,0.375,0.5,0.625,
0.75,0.875,1.00000000177924),.UNSPECIFIED.);
#73000=CARTESIAN_POINT('',(-0.875000001705957,0.455000000193336,
0.319999999880729));
#73010=VERTEX_POINT('',#73000);
#73020=EDGE_CURVE('',#72130,#73010,#72990,.T.);
#73030=ORIENTED_EDGE('',*,*,#73020,.F.);
#73040=CARTESIAN_POINT('',(-0.875000001705919,0.455000000193336,
0.319999999943702));
#73050=DIRECTION('',(1.,-0.,0.));
#73060=VECTOR('',#73050,1.);
#73070=LINE('',#73040,#73060);
#73080=EDGE_CURVE('',#73010,#70920,#73070,.T.);
#73090=ORIENTED_EDGE('',*,*,#73080,.F.);
#73100=EDGE_LOOP('',(#73090,#73030,#72870,#72860));
#73110=FACE_OUTER_BOUND('',#73100,.T.);
#73120=ADVANCED_FACE('',(#73110),#72850,.T.);
#73130=COLOUR_RGB('',0.368627458810806,0.384313762187958,
0.466666698455811);
#73140=FILL_AREA_STYLE_COLOUR('',#73130);
#73150=FILL_AREA_STYLE('',(#73140));
#73160=SURFACE_STYLE_FILL_AREA(#73150);
#73170=SURFACE_SIDE_STYLE('',(#73160));
#73180=SURFACE_STYLE_USAGE(.BOTH.,#73170);
#73190=PRESENTATION_STYLE_ASSIGNMENT((#73180));
#73200=CARTESIAN_POINT('',(-0.677499999986116,0.455000000193336,
0.0874999999577973));
#73210=DIRECTION('',(-0.,-1.,0.));
#73220=DIRECTION('',(1.,-0.,0.));
#73230=AXIS2_PLACEMENT_3D('',#73200,#73210,#73220);
#73240=PLANE('',#73230);
#73250=ORIENTED_EDGE('',*,*,#73080,.T.);
#73260=CARTESIAN_POINT('',(-0.874999999986234,0.455000000193336,
0.0899999999437645));
#73270=DIRECTION('',(0.,-0.,1.));
#73280=VECTOR('',#73270,1.);
#73290=LINE('',#73260,#73280);
#73300=CARTESIAN_POINT('',(-0.874999999986234,0.455000000193336,
0.0899999999437884));
#73310=VERTEX_POINT('',#73300);
#73320=EDGE_CURVE('',#73310,#73010,#73290,.T.);
#73330=ORIENTED_EDGE('',*,*,#73320,.T.);
#73340=CARTESIAN_POINT('',(-0.874999999986234,0.455000000193336,
0.0899999999438122));
#73350=DIRECTION('',(1.,-0.,0.));
#73360=VECTOR('',#73350,1.);
#73370=LINE('',#73340,#73360);
#73380=EDGE_CURVE('',#73310,#72620,#73370,.T.);
#73390=ORIENTED_EDGE('',*,*,#73380,.F.);
#73400=ORIENTED_EDGE('',*,*,#72630,.T.);
#73410=EDGE_LOOP('',(#73400,#73390,#73330,#73250));
#73420=FACE_OUTER_BOUND('',#73410,.T.);
#73430=ADVANCED_FACE('',(#73420),#73240,.F.);
#73440=COLOUR_RGB('',0.368627458810806,0.384313762187958,
0.466666698455811);
#73450=FILL_AREA_STYLE_COLOUR('',#73440);
#73460=FILL_AREA_STYLE('',(#73450));
#73470=SURFACE_STYLE_FILL_AREA(#73460);
#73480=SURFACE_SIDE_STYLE('',(#73470));
#73490=SURFACE_STYLE_USAGE(.BOTH.,#73480);
#73500=PRESENTATION_STYLE_ASSIGNMENT((#73490));
#73510=CARTESIAN_POINT('',(-0.880864563633453,0.430864612341475,
0.369514380946854));
#73520=CARTESIAN_POINT('',(-0.881959682053698,0.431959730066928,
0.367655352011577));
#73530=CARTESIAN_POINT('',(-0.884055512932677,0.434055560431807,
0.363819939165168));
#73540=CARTESIAN_POINT('',(-0.886915993765231,0.436916042285285,
0.357961578375652));
#73550=CARTESIAN_POINT('',(-0.889478871790833,0.439478922289501,
0.352132347068772));
#73560=CARTESIAN_POINT('',(-0.891715519908674,0.441715572509263,
0.346354162723106));
#73570=CARTESIAN_POINT('',(-0.893583021258027,0.44358307524946,
0.340536488834609));
#73580=CARTESIAN_POINT('',(-0.895024169307401,0.44502422314422,
0.334476334995535));
#73590=CARTESIAN_POINT('',(-0.895967468022068,0.445967519324428,
0.327858257523469));
#73600=CARTESIAN_POINT('',(-0.896207244056541,0.446207291526443,
0.322788992984286));
#73610=CARTESIAN_POINT('',(-0.896213180582579,0.446213225461484,
0.319999999824606));
#73620=CARTESIAN_POINT('',(-0.878262060448182,0.431276889126287,
0.371373399089789));
#73630=CARTESIAN_POINT('',(-0.879410373463998,0.432382014104416,
0.369554528589819));
#73640=CARTESIAN_POINT('',(-0.881633329921895,0.434573014607484,
0.365691077413797));
#73650=CARTESIAN_POINT('',(-0.884703423289354,0.437706569118624,
0.35956051155055));
#73660=CARTESIAN_POINT('',(-0.887464493756595,0.440590630525877,
0.353363655791998));
#73670=CARTESIAN_POINT('',(-0.889866773563728,0.443123565788241,
0.347227420754613));
#73680=CARTESIAN_POINT('',(-0.891856643250354,0.445199890152233,
0.341108017445255));
#73690=CARTESIAN_POINT('',(-0.893382173351052,0.44671580883393,
0.3347958635972));
#73700=CARTESIAN_POINT('',(-0.894403259311421,0.447579351917762,
0.327956635788815));
#73710=CARTESIAN_POINT('',(-0.894738333142712,0.447676199243721,
0.322788993017798));
#73720=CARTESIAN_POINT('',(-0.894824796997706,0.44760160611319,
0.319999999824606));
#73730=CARTESIAN_POINT('',(-0.872669713206674,0.431926211077361,
0.374817457741268));
#73740=CARTESIAN_POINT('',(-0.873849214477645,0.433131923247032,
0.373018212418377));
#73750=CARTESIAN_POINT('',(-0.876184692098685,0.43559239907849,
0.369073006645441));
#73760=CARTESIAN_POINT('',(-0.879516648466587,0.439230821977132,
0.362530668493077));
#73770=CARTESIAN_POINT('',(-0.882590037516371,0.442632026224754,
0.355761516813046));
#73780=CARTESIAN_POINT('',(-0.885323455689814,0.445616704730763,
0.34900609777712));
#73790=CARTESIAN_POINT('',(-0.887643872067978,0.448011690267421,
0.342290492733148));
#73800=CARTESIAN_POINT('',(-0.889497711699017,0.449658531872009,
0.335435761121106));
#73810=CARTESIAN_POINT('',(-0.890871125311614,0.450430687452554,
0.328139575070178));
#73820=CARTESIAN_POINT('',(-0.891502699310398,0.450315866139259,
0.322795503449411));
#73830=CARTESIAN_POINT('',(-0.891774574994735,0.450104850770676,
0.319999999824329));
#73840=CARTESIAN_POINT('',(-0.864296537447265,0.43188428245539,
0.378779346787261));
#73850=CARTESIAN_POINT('',(-0.865421095595395,0.433382622285969,
0.376897883255265));
#73860=CARTESIAN_POINT('',(-0.867692044310373,0.436374356175719,
0.372799468509338));
#73870=CARTESIAN_POINT('',(-0.871063658792978,0.440659830273195,
0.365955402338367));
#73880=CARTESIAN_POINT('',(-0.87431404278339,0.444574077942627,
0.35873672207382));
#73890=CARTESIAN_POINT('',(-0.87736458541135,0.447955540281406,
0.351363415533605));
#73900=CARTESIAN_POINT('',(-0.880146492855581,0.450645907510146,
0.343906344783707));
#73910=CARTESIAN_POINT('',(-0.882609793550638,0.4524910113023,
0.336293946354491));
#73920=CARTESIAN_POINT('',(-0.884739807339412,0.45334732261938,
0.3283773393101));
#73930=CARTESIAN_POINT('',(-0.885966801965104,0.45317813572265,
0.322824800269076));
#73940=CARTESIAN_POINT('',(-0.886554495815528,0.452895067579473,
0.319999999823079));
#73950=CARTESIAN_POINT('',(-0.855799908660333,0.430713259158497,
0.381566439662312));
#73960=CARTESIAN_POINT('',(-0.856891677729317,0.432546001507872,
0.379561522354762));
#73970=CARTESIAN_POINT('',(-0.85909273107576,0.436079726639554,
0.375312914413313));
#73980=CARTESIAN_POINT('',(-0.862407244084083,0.440891507883876,
0.36835282291749));
#73990=CARTESIAN_POINT('',(-0.865699761637286,0.445132607036624,
0.360946043928817));
#74000=CARTESIAN_POINT('',(-0.868938170896015,0.448725429947939,
0.353208686188548));
#74010=CARTESIAN_POINT('',(-0.872093791861416,0.451589638523516,
0.345216865660846));
#74020=CARTESIAN_POINT('',(-0.875144148208625,0.453635032289947,
0.337007395850525));
#74030=CARTESIAN_POINT('',(-0.87807803473018,0.454754424417532,
0.328596131446076));
#74040=CARTESIAN_POINT('',(-0.879961105948633,0.454795875165892,
0.322873628387052));
#74050=CARTESIAN_POINT('',(-0.880890358724343,0.454613291010109,
0.319999999820994));
#74060=CARTESIAN_POINT('',(-0.849083242703236,0.429355752932354,
0.382935335260902));
#74070=CARTESIAN_POINT('',(-0.85025050854602,0.431372631201727,
0.380867572526534));
#74080=CARTESIAN_POINT('',(-0.852583412632837,0.435207042902792,
0.376534665918122));
#74090=CARTESIAN_POINT('',(-0.856078145219423,0.440312473302688,
0.369502046957556));
#74100=CARTESIAN_POINT('',(-0.859568513516307,0.444730662933574,
0.362000807138366));
#74110=CARTESIAN_POINT('',(-0.863054776778222,0.448425187852873,
0.354100482007051));
#74120=CARTESIAN_POINT('',(-0.866537194260873,0.451360667159148,
0.345874436357826));
#74130=CARTESIAN_POINT('',(-0.870016025221718,0.453498025948638,
0.337398556770546));
#74140=CARTESIAN_POINT('',(-0.873491528937899,0.454788575051752,
0.328749702233369));
#74150=CARTESIAN_POINT('',(-0.875806486090619,0.455040906281957,
0.322919201293893));
#74160=CARTESIAN_POINT('',(-0.87696349655497,0.455000000082197,
0.319999999819047));
#74170=CARTESIAN_POINT('',(-0.845000003451446,0.428639609597108,
0.383639608142047));
#74180=CARTESIAN_POINT('',(-0.846250003381234,0.430722193892198,
0.381557023803775));
#74190=CARTESIAN_POINT('',(-0.848750003239429,0.434682736401638,
0.377187236259156));
#74200=CARTESIAN_POINT('',(-0.8525000030228,0.439952505695865,
0.3700817744503));
#74210=CARTESIAN_POINT('',(-0.856250002802468,0.444500491065659,
0.362493945658377));
#74220=CARTESIAN_POINT('',(-0.860000002578653,0.44828288057937,
0.354496833358396));
#74230=CARTESIAN_POINT('',(-0.863750002351573,0.451263207072752,
0.346167495684492));
#74240=CARTESIAN_POINT('',(-0.867500002121446,0.453412717195923,
0.337586208019155));
#74250=CARTESIAN_POINT('',(-0.871250001906286,0.454710683301925,
0.328835648377172));
#74260=CARTESIAN_POINT('',(-0.873750001767042,0.455000000232169,
0.322945242950499));
#74270=CARTESIAN_POINT('',(-0.875000001705919,0.455000000193336,
0.319999999817935));
#74280=B_SPLINE_SURFACE_WITH_KNOTS('',3,3,((#73510,#73620,#73730,#73840,
#73950,#74060,#74170),(#73520,#73630,#73740,#73850,#73960,#74070,#74180)
,(#73530,#73640,#73750,#73860,#73970,#74080,#74190),(#73540,#73650,
#73760,#73870,#73980,#74090,#74200),(#73550,#73660,#73770,#73880,#73990,
#74100,#74210),(#73560,#73670,#73780,#73890,#74000,#74110,#74220),(
#73570,#73680,#73790,#73900,#74010,#74120,#74230),(#73580,#73690,#73800,
#73910,#74020,#74130,#74240),(#73590,#73700,#73810,#73920,#74030,#74140,
#74250),(#73600,#73710,#73820,#73930,#74040,#74150,#74260),(#73610,
#73720,#73830,#73940,#74050,#74160,#74270)),.UNSPECIFIED.,.F.,.F.,.F.,(4
,1,1,1,1,1,1,1,4),(4,1,1,1,4),(-2.99193889759854E-15,0.125,0.25,0.375,
0.5,0.625,0.75,0.875,1.00000000177924),(1.34063602285318E-6,0.25,0.5,
0.75,0.999999929279707),.UNSPECIFIED.);
#74290=CARTESIAN_POINT('',(-0.874999999986234,0.425000000193336,
0.319999999943702));
#74300=DIRECTION('',(0.,0.,-1.));
#74310=DIRECTION('',(-0.707106595054003,0.707106967319043,0.));
#74320=AXIS2_PLACEMENT_3D('',#74290,#74300,#74310);
#74330=CIRCLE('',#74320,0.03);
#74340=EDGE_CURVE('',#70360,#73010,#74330,.T.);
#74350=ORIENTED_EDGE('',*,*,#74340,.F.);
#74360=ORIENTED_EDGE('',*,*,#73020,.T.);
#74370=ORIENTED_EDGE('',*,*,#72310,.T.);
#74380=ORIENTED_EDGE('',*,*,#70530,.F.);
#74390=EDGE_LOOP('',(#74380,#74370,#74360,#74350));
#74400=FACE_OUTER_BOUND('',#74390,.T.);
#74410=ADVANCED_FACE('',(#74400),#74280,.F.);
#74420=COLOUR_RGB('',0.368627458810806,0.384313762187958,
0.466666698455811);
#74430=FILL_AREA_STYLE_COLOUR('',#74420);
#74440=FILL_AREA_STYLE('',(#74430));
#74450=SURFACE_STYLE_FILL_AREA(#74440);
#74460=SURFACE_SIDE_STYLE('',(#74450));
#74470=SURFACE_STYLE_USAGE(.BOTH.,#74460);
#74480=PRESENTATION_STYLE_ASSIGNMENT((#74470));
#74490=CARTESIAN_POINT('',(-0.874999999986234,0.425000000193336,
0.0449999999582066));
#74500=DIRECTION('',(0.,-0.,1.));
#74510=DIRECTION('',(0.,-1.,0.));
#74520=AXIS2_PLACEMENT_3D('',#74490,#74500,#74510);
#74530=CYLINDRICAL_SURFACE('',#74520,0.03);
#74540=ORIENTED_EDGE('',*,*,#74340,.T.);
#74550=ORIENTED_EDGE('',*,*,#70370,.T.);
#74560=CARTESIAN_POINT('',(-0.904999999986234,0.425000000193336,
0.319999999943702));
#74570=DIRECTION('',(0.,0.,-1.));
#74580=VECTOR('',#74570,1.);
#74590=LINE('',#74560,#74580);
#74600=CARTESIAN_POINT('',(-0.904999999971452,0.425000000193327,
0.0899999999438122));
#74610=VERTEX_POINT('',#74600);
#74620=EDGE_CURVE('',#69120,#74610,#74590,.T.);
#74630=ORIENTED_EDGE('',*,*,#74620,.F.);
#74640=CARTESIAN_POINT('',(-0.874999999986234,0.425000000193336,
0.0899999999437645));
#74650=DIRECTION('',(0.,-0.,1.));
#74660=DIRECTION('',(4.81096644004235E-14,1.,0.));
#74670=AXIS2_PLACEMENT_3D('',#74640,#74650,#74660);
#74680=CIRCLE('',#74670,0.03);
#74690=EDGE_CURVE('',#73310,#74610,#74680,.T.);
#74700=ORIENTED_EDGE('',*,*,#74690,.T.);
#74710=ORIENTED_EDGE('',*,*,#73320,.F.);
#74720=EDGE_LOOP('',(#74710,#74700,#74630,#74550,#74540));
#74730=FACE_OUTER_BOUND('',#74720,.T.);
#74740=ADVANCED_FACE('',(#74730),#74530,.T.);
#74750=COLOUR_RGB('',0.368627458810806,0.384313762187958,
0.466666698455811);
#74760=FILL_AREA_STYLE_COLOUR('',#74750);
#74770=FILL_AREA_STYLE('',(#74760));
#74780=SURFACE_STYLE_FILL_AREA(#74770);
#74790=SURFACE_SIDE_STYLE('',(#74780));
#74800=SURFACE_STYLE_USAGE(.BOTH.,#74790);
#74810=PRESENTATION_STYLE_ASSIGNMENT((#74800));
#74820=CARTESIAN_POINT('',(-0.575000000000077,1.25810473150523E-12,
0.0899999999438122));
#74830=DIRECTION('',(-0.,0.,-1.));
#74840=DIRECTION('',(-4.9960036108132E-16,-1.,0.));
#74850=AXIS2_PLACEMENT_3D('',#74820,#74830,#74840);
#74860=PLANE('',#74850);
#74870=CARTESIAN_POINT('',(-0.904999999971452,0.314999620855475,
0.0899999999438122));
#74880=DIRECTION('',(0.,1.,0.));
#74890=VECTOR('',#74880,1.);
#74900=LINE('',#74870,#74890);
#74910=EDGE_CURVE('',#57330,#74610,#74900,.T.);
#74920=ORIENTED_EDGE('',*,*,#74910,.T.);
#74930=ORIENTED_EDGE('',*,*,#57340,.F.);
#74940=ORIENTED_EDGE('',*,*,#45280,.F.);
#74950=CARTESIAN_POINT('',(-0.874999999971138,0.380000000000557,
0.0899999999438122));
#74960=DIRECTION('',(1.,-6.08341383451051E-16,0.));
#74970=VECTOR('',#74960,1.);
#74980=LINE('',#74950,#74970);
#74990=CARTESIAN_POINT('',(-0.510000000013989,0.380000000000557,
0.0899999999438122));
#75000=VERTEX_POINT('',#74990);
#75010=EDGE_CURVE('',#45190,#75000,#74980,.T.);
#75020=ORIENTED_EDGE('',*,*,#75010,.F.);
#75030=CARTESIAN_POINT('',(-0.510000000028018,0.380000000000557,
0.0899999999438122));
#75040=DIRECTION('',(0.,1.,0.));
#75050=VECTOR('',#75040,1.);
#75060=LINE('',#75030,#75050);
#75070=CARTESIAN_POINT('',(-0.510000000013989,0.420000000000549,
0.0899999999438122));
#75080=VERTEX_POINT('',#75070);
#75090=EDGE_CURVE('',#75000,#75080,#75060,.T.);
#75100=ORIENTED_EDGE('',*,*,#75090,.F.);
#75110=CARTESIAN_POINT('',(-0.784999999793418,0.420000000000549,
0.0899999999438122));
#75120=DIRECTION('',(1.,-0.,0.));
#75130=VECTOR('',#75120,1.);
#75140=LINE('',#75110,#75130);
#75150=EDGE_CURVE('',#72530,#75080,#75140,.T.);
#75160=ORIENTED_EDGE('',*,*,#75150,.T.);
#75170=ORIENTED_EDGE('',*,*,#72690,.F.);
#75180=ORIENTED_EDGE('',*,*,#73380,.T.);
#75190=ORIENTED_EDGE('',*,*,#74690,.F.);
#75200=EDGE_LOOP('',(#75190,#75180,#75170,#75160,#75100,#75020,#74940,
#74930,#74920));
#75210=FACE_OUTER_BOUND('',#75200,.T.);
#75220=ADVANCED_FACE('',(#75210),#74860,.T.);
#75230=COLOUR_RGB('',0.368627458810806,0.384313762187958,
0.466666698455811);
#75240=FILL_AREA_STYLE_COLOUR('',#75230);
#75250=FILL_AREA_STYLE('',(#75240));
#75260=SURFACE_STYLE_FILL_AREA(#75250);
#75270=SURFACE_SIDE_STYLE('',(#75260));
#75280=SURFACE_STYLE_USAGE(.BOTH.,#75270);
#75290=PRESENTATION_STYLE_ASSIGNMENT((#75280));
#75300=CARTESIAN_POINT('',(-0.785000000000237,0.0649999998078934,
0.319999999957421));
#75310=DIRECTION('',(0.,1.,0.));
#75320=DIRECTION('',(0.,0.,-1.));
#75330=AXIS2_PLACEMENT_3D('',#75300,#75310,#75320);
#75340=PLANE('',#75330);
#75350=ORIENTED_EDGE('',*,*,#44580,.F.);
#75360=ORIENTED_EDGE('',*,*,#37430,.F.);
#75370=ORIENTED_EDGE('',*,*,#34810,.T.);
#75380=ORIENTED_EDGE('',*,*,#140,.F.);
#75390=ORIENTED_EDGE('',*,*,#45410,.T.);
#75400=EDGE_LOOP('',(#75390,#75380,#75370,#75360,#75350));
#75410=FACE_OUTER_BOUND('',#75400,.T.);
#75420=ADVANCED_FACE('',(#75410),#75340,.T.);
#75430=COLOUR_RGB('',0.368627458810806,0.384313762187958,
0.466666698455811);
#75440=FILL_AREA_STYLE_COLOUR('',#75430);
#75450=FILL_AREA_STYLE('',(#75440));
#75460=SURFACE_STYLE_FILL_AREA(#75450);
#75470=SURFACE_SIDE_STYLE('',(#75460));
#75480=SURFACE_STYLE_USAGE(.BOTH.,#75470);
#75490=PRESENTATION_STYLE_ASSIGNMENT((#75480));
#75500=CARTESIAN_POINT('',(-0.774999999942275,0.145000000000014,
0.0899999999718244));
#75510=DIRECTION('',(5.89805981832114E-17,1.,0.));
#75520=DIRECTION('',(1.,-5.89805981832114E-17,0.));
#75530=AXIS2_PLACEMENT_3D('',#75500,#75510,#75520);
#75540=PLANE('',#75530);
#75550=ORIENTED_EDGE('',*,*,#3180,.T.);
#75560=ORIENTED_EDGE('',*,*,#53740,.F.);
#75570=ORIENTED_EDGE('',*,*,#5580,.F.);
#75580=ORIENTED_EDGE('',*,*,#45110,.T.);
#75590=EDGE_LOOP('',(#75580,#75570,#75560,#75550));
#75600=FACE_OUTER_BOUND('',#75590,.T.);
#75610=ADVANCED_FACE('',(#75600),#75540,.F.);
#75620=COLOUR_RGB('',0.368627458810806,0.384313762187958,
0.466666698455811);
#75630=FILL_AREA_STYLE_COLOUR('',#75620);
#75640=FILL_AREA_STYLE('',(#75630));
#75650=SURFACE_STYLE_FILL_AREA(#75640);
#75660=SURFACE_SIDE_STYLE('',(#75650));
#75670=SURFACE_STYLE_USAGE(.BOTH.,#75660);
#75680=PRESENTATION_STYLE_ASSIGNMENT((#75670));
#75690=CARTESIAN_POINT('',(-0.175000000000031,0.380000000000549,
0.00999999998631323));
#75700=DIRECTION('',(-0.,-1.,0.));
#75710=DIRECTION('',(0.,-0.,1.));
#75720=AXIS2_PLACEMENT_3D('',#75690,#75700,#75710);
#75730=PLANE('',#75720);
#75740=ORIENTED_EDGE('',*,*,#5100,.F.);
#75750=CARTESIAN_POINT('',(-0.0600000000000511,0.380000000000549,
0.00999999997182438));
#75760=DIRECTION('',(0.,-0.,1.));
#75770=VECTOR('',#75760,1.);
#75780=LINE('',#75750,#75770);
#75790=EDGE_CURVE('',#5010,#55210,#75780,.T.);
#75800=ORIENTED_EDGE('',*,*,#75790,.F.);
#75810=ORIENTED_EDGE('',*,*,#55220,.F.);
#75820=ORIENTED_EDGE('',*,*,#56440,.T.);
#75830=CARTESIAN_POINT('',(-0.26999999998128,0.380000000000549,
0.0899999999718714));
#75840=DIRECTION('',(-0.554700196225229,0.,-0.832050294337844));
#75850=VECTOR('',#75840,1.);
#75860=LINE('',#75830,#75850);
#75870=CARTESIAN_POINT('',(-0.29000000000002,0.380000000000549,
0.0599999999718807));
#75880=VERTEX_POINT('',#75870);
#75890=EDGE_CURVE('',#56370,#75880,#75860,.T.);
#75900=ORIENTED_EDGE('',*,*,#75890,.F.);
#75910=CARTESIAN_POINT('',(-0.29000000000002,0.380000000000549,
0.00999999997182438));
#75920=DIRECTION('',(0.,-0.,1.));
#75930=VECTOR('',#75920,1.);
#75940=LINE('',#75910,#75930);
#75950=EDGE_CURVE('',#5090,#75880,#75940,.T.);
#75960=ORIENTED_EDGE('',*,*,#75950,.T.);
#75970=EDGE_LOOP('',(#75960,#75900,#75820,#75810,#75800,#75740));
#75980=FACE_OUTER_BOUND('',#75970,.T.);
#75990=ADVANCED_FACE('',(#75980),#75730,.F.);
#76000=COLOUR_RGB('',0.368627458810806,0.384313762187958,
0.466666698455811);
#76010=FILL_AREA_STYLE_COLOUR('',#76000);
#76020=FILL_AREA_STYLE('',(#76010));
#76030=SURFACE_STYLE_FILL_AREA(#76020);
#76040=SURFACE_SIDE_STYLE('',(#76030));
#76050=SURFACE_STYLE_USAGE(.BOTH.,#76040);
#76060=PRESENTATION_STYLE_ASSIGNMENT((#76050));
#76070=CARTESIAN_POINT('',(-0.275000000000028,0.175000000000629,
0.139999999986313));
#76080=DIRECTION('',(1.,-3.54417350173939E-16,0.));
#76090=DIRECTION('',(3.54417350173939E-16,1.,0.));
#76100=AXIS2_PLACEMENT_3D('',#76070,#76080,#76090);
#76110=CYLINDRICAL_SURFACE('',#76100,0.04);
#76120=ORIENTED_EDGE('',*,*,#37830,.F.);
#76130=ORIENTED_EDGE('',*,*,#42530,.T.);
#76140=CARTESIAN_POINT('',(-0.635000000000199,0.215000000000629,
0.139999999986313));
#76150=DIRECTION('',(1.,-3.49676543188916E-16,0.));
#76160=VECTOR('',#76150,1.);
#76170=LINE('',#76140,#76160);
#76180=EDGE_CURVE('',#39200,#35520,#76170,.T.);
#76190=ORIENTED_EDGE('',*,*,#76180,.F.);
#76200=ORIENTED_EDGE('',*,*,#41990,.F.);
#76210=EDGE_LOOP('',(#76200,#76190,#76130,#76120));
#76220=FACE_OUTER_BOUND('',#76210,.T.);
#76230=ADVANCED_FACE('',(#76220),#76110,.F.);
#76240=COLOUR_RGB('',0.368627458810806,0.384313762187958,
0.466666698455811);
#76250=FILL_AREA_STYLE_COLOUR('',#76240);
#76260=FILL_AREA_STYLE('',(#76250));
#76270=SURFACE_STYLE_FILL_AREA(#76260);
#76280=SURFACE_SIDE_STYLE('',(#76270));
#76290=SURFACE_STYLE_USAGE(.BOTH.,#76280);
#76300=PRESENTATION_STYLE_ASSIGNMENT((#76290));
#76310=CARTESIAN_POINT('',(-0.275000000000028,0.305000000000629,
0.319999999971809));
#76320=DIRECTION('',(-1.,3.54417350173939E-16,0.));
#76330=DIRECTION('',(-3.54417350173939E-16,-1.,0.));
#76340=AXIS2_PLACEMENT_3D('',#76310,#76320,#76330);
#76350=CYLINDRICAL_SURFACE('',#76340,0.0899999999999999);
#76360=ORIENTED_EDGE('',*,*,#26140,.F.);
#76370=ORIENTED_EDGE('',*,*,#35980,.F.);
#76380=ORIENTED_EDGE('',*,*,#35700,.T.);
#76390=CARTESIAN_POINT('',(0.635000000000202,0.215000000000629,
0.319999999971809));
#76400=DIRECTION('',(-1.,3.49676543188915E-16,0.));
#76410=VECTOR('',#76400,1.);
#76420=LINE('',#76390,#76410);
#76430=EDGE_CURVE('',#35600,#39120,#76420,.T.);
#76440=ORIENTED_EDGE('',*,*,#76430,.F.);
#76450=ORIENTED_EDGE('',*,*,#39130,.T.);
#76460=ORIENTED_EDGE('',*,*,#3660,.F.);
#76470=EDGE_LOOP('',(#76460,#76450,#76440,#76380,#76370,#76360));
#76480=FACE_OUTER_BOUND('',#76470,.T.);
#76490=ADVANCED_FACE('',(#76480),#76350,.T.);
#76500=COLOUR_RGB('',0.368627458810806,0.384313762187958,
0.466666698455811);
#76510=FILL_AREA_STYLE_COLOUR('',#76500);
#76520=FILL_AREA_STYLE('',(#76510));
#76530=SURFACE_STYLE_FILL_AREA(#76520);
#76540=SURFACE_SIDE_STYLE('',(#76530));
#76550=SURFACE_STYLE_USAGE(.BOTH.,#76540);
#76560=PRESENTATION_STYLE_ASSIGNMENT((#76550));
#76570=CARTESIAN_POINT('',(-0.904999999971452,0.185000000001182,
0.00999999994381184));
#76580=DIRECTION('',(1.,-0.,0.));
#76590=DIRECTION('',(0.,0.,-1.));
#76600=AXIS2_PLACEMENT_3D('',#76570,#76580,#76590);
#76610=PLANE('',#76600);
#76620=ORIENTED_EDGE('',*,*,#69130,.T.);
#76630=ORIENTED_EDGE('',*,*,#57420,.F.);
#76640=ORIENTED_EDGE('',*,*,#74910,.F.);
#76650=ORIENTED_EDGE('',*,*,#74620,.T.);
#76660=EDGE_LOOP('',(#76650,#76640,#76630,#76620));
#76670=FACE_OUTER_BOUND('',#76660,.T.);
#76680=ADVANCED_FACE('',(#76670),#76610,.F.);
#76690=COLOUR_RGB('',0.368627458810806,0.384313762187958,
0.466666698455811);
#76700=FILL_AREA_STYLE_COLOUR('',#76690);
#76710=FILL_AREA_STYLE('',(#76700));
#76720=SURFACE_STYLE_FILL_AREA(#76710);
#76730=SURFACE_SIDE_STYLE('',(#76720));
#76740=SURFACE_STYLE_USAGE(.BOTH.,#76730);
#76750=PRESENTATION_STYLE_ASSIGNMENT((#76740));
#76760=CARTESIAN_POINT('',(0.28999999999996,0.310000000000323,
0.100000000018294));
#76770=DIRECTION('',(-1.,0.,0.));
#76780=DIRECTION('',(0.,-0.435889893394591,-0.900000000464696));
#76790=AXIS2_PLACEMENT_3D('',#76760,#76770,#76780);
#76800=CYLINDRICAL_SURFACE('',#76790,0.1);
#76810=CARTESIAN_POINT('',(0.28999999999996,0.310000000000629,
1.8293991321805E-11));
#76820=DIRECTION('',(-1.,0.,0.));
#76830=VECTOR('',#76820,1.);
#76840=LINE('',#76810,#76830);
#76850=CARTESIAN_POINT('',(0.0599999999999489,0.310000000000629,
1.8293991321805E-11));
#76860=VERTEX_POINT('',#76850);
#76870=CARTESIAN_POINT('',(-0.0600000000000511,0.310000000000629,
1.8293991321805E-11));
#76880=VERTEX_POINT('',#76870);
#76890=EDGE_CURVE('',#76860,#76880,#76840,.T.);
#76900=ORIENTED_EDGE('',*,*,#76890,.F.);
#76910=CARTESIAN_POINT('',(-0.0600000000000511,0.310000000000323,
0.100000000018294));
#76920=DIRECTION('',(1.,-0.,0.));
#76930=DIRECTION('',(0.,-0.435889893394591,-0.900000000464696));
#76940=AXIS2_PLACEMENT_3D('',#76910,#76920,#76930);
#76950=CIRCLE('',#76940,0.1);
#76960=EDGE_CURVE('',#4930,#76880,#76950,.T.);
#76970=ORIENTED_EDGE('',*,*,#76960,.T.);
#76980=ORIENTED_EDGE('',*,*,#4940,.T.);
#76990=CARTESIAN_POINT('',(0.0599999999999489,0.310000000000323,
0.100000000018294));
#77000=DIRECTION('',(1.,-0.,0.));
#77010=DIRECTION('',(0.,-0.435889893394591,-0.900000000464696));
#77020=AXIS2_PLACEMENT_3D('',#76990,#77000,#77010);
#77030=CIRCLE('',#77020,0.1);
#77040=EDGE_CURVE('',#4850,#76860,#77030,.T.);
#77050=ORIENTED_EDGE('',*,*,#77040,.F.);
#77060=EDGE_LOOP('',(#77050,#76980,#76970,#76900));
#77070=FACE_OUTER_BOUND('',#77060,.T.);
#77080=ADVANCED_FACE('',(#77070),#76800,.T.);
#77090=COLOUR_RGB('',0.368627458810806,0.384313762187958,
0.466666698455811);
#77100=FILL_AREA_STYLE_COLOUR('',#77090);
#77110=FILL_AREA_STYLE('',(#77100));
#77120=SURFACE_STYLE_FILL_AREA(#77110);
#77130=SURFACE_SIDE_STYLE('',(#77120));
#77140=SURFACE_STYLE_USAGE(.BOTH.,#77130);
#77150=PRESENTATION_STYLE_ASSIGNMENT((#77140));
#77160=CARTESIAN_POINT('',(-0.175000000000031,0.380000000000549,
0.00999999998631323));
#77170=DIRECTION('',(-0.,-1.,0.));
#77180=DIRECTION('',(0.,-0.,1.));
#77190=AXIS2_PLACEMENT_3D('',#77160,#77170,#77180);
#77200=PLANE('',#77190);
#77210=CARTESIAN_POINT('',(0.0599999999999489,0.380000000000549,
0.00999999997182438));
#77220=DIRECTION('',(0.,-0.,1.));
#77230=VECTOR('',#77220,1.);
#77240=LINE('',#77210,#77230);
#77250=CARTESIAN_POINT('',(0.0599999999999489,0.380000000000549,
0.0599999999483389));
#77260=VERTEX_POINT('',#77250);
#77270=EDGE_CURVE('',#4770,#77260,#77240,.T.);
#77280=ORIENTED_EDGE('',*,*,#77270,.T.);
#77290=ORIENTED_EDGE('',*,*,#4780,.T.);
#77300=CARTESIAN_POINT('',(0.28999999999996,0.380000000000549,
0.0600000000000053));
#77310=DIRECTION('',(0.,0.,-1.));
#77320=VECTOR('',#77310,1.);
#77330=LINE('',#77300,#77320);
#77340=EDGE_CURVE('',#55680,#4690,#77330,.T.);
#77350=ORIENTED_EDGE('',*,*,#77340,.T.);
#77360=ORIENTED_EDGE('',*,*,#55690,.F.);
#77370=CARTESIAN_POINT('',(0.080000000009609,0.380000000000549,
0.0899999999718716));
#77380=DIRECTION('',(1.,-0.,0.));
#77390=VECTOR('',#77380,1.);
#77400=LINE('',#77370,#77390);
#77410=CARTESIAN_POINT('',(0.0800000000124939,0.380000000000549,
0.0899999999761987));
#77420=VERTEX_POINT('',#77410);
#77430=EDGE_CURVE('',#77420,#55600,#77400,.T.);
#77440=ORIENTED_EDGE('',*,*,#77430,.T.);
#77450=CARTESIAN_POINT('',(0.0800000000283606,0.380000000000549,
0.0899999999718714));
#77460=DIRECTION('',(-0.554700196225228,0.,-0.832050294337845));
#77470=VECTOR('',#77460,1.);
#77480=LINE('',#77450,#77470);
#77490=EDGE_CURVE('',#77420,#77260,#77480,.T.);
#77500=ORIENTED_EDGE('',*,*,#77490,.F.);
#77510=EDGE_LOOP('',(#77500,#77440,#77360,#77350,#77290,#77280));
#77520=FACE_OUTER_BOUND('',#77510,.T.);
#77530=ADVANCED_FACE('',(#77520),#77200,.F.);
#77540=COLOUR_RGB('',0.368627458810806,0.384313762187958,
0.466666698455811);
#77550=FILL_AREA_STYLE_COLOUR('',#77540);
#77560=FILL_AREA_STYLE('',(#77550));
#77570=SURFACE_STYLE_FILL_AREA(#77560);
#77580=SURFACE_SIDE_STYLE('',(#77570));
#77590=SURFACE_STYLE_USAGE(.BOTH.,#77580);
#77600=PRESENTATION_STYLE_ASSIGNMENT((#77590));
#77610=CARTESIAN_POINT('',(-0.784999999971138,1.19499962084038,
0.319999999943749));
#77620=DIRECTION('',(0.,1.,0.));
#77630=DIRECTION('',(0.,0.,-1.));
#77640=AXIS2_PLACEMENT_3D('',#77610,#77620,#77630);
#77650=CONICAL_SURFACE('',#77640,1.,0.785398163397448);
#77660=ORIENTED_EDGE('',*,*,#26300,.F.);
#77670=ORIENTED_EDGE('',*,*,#44730,.F.);
#77680=ORIENTED_EDGE('',*,*,#57480,.F.);
#77690=ORIENTED_EDGE('',*,*,#69050,.F.);
#77700=EDGE_LOOP('',(#77690,#77680,#77670,#77660));
#77710=FACE_OUTER_BOUND('',#77700,.T.);
#77720=ADVANCED_FACE('',(#77710),#77650,.T.);
#77730=COLOUR_RGB('',0.368627458810806,0.384313762187958,
0.466666698455811);
#77740=FILL_AREA_STYLE_COLOUR('',#77730);
#77750=FILL_AREA_STYLE('',(#77740));
#77760=SURFACE_STYLE_FILL_AREA(#77750);
#77770=SURFACE_SIDE_STYLE('',(#77760));
#77780=SURFACE_STYLE_USAGE(.BOTH.,#77770);
#77790=PRESENTATION_STYLE_ASSIGNMENT((#77780));
#77800=CARTESIAN_POINT('',(0.740000000000191,0.215000000000323,
0.289999999985553));
#77810=DIRECTION('',(-0.,-1.,0.));
#77820=DIRECTION('',(0.,-0.,1.));
#77830=AXIS2_PLACEMENT_3D('',#77800,#77810,#77820);
#77840=PLANE('',#77830);
#77850=ORIENTED_EDGE('',*,*,#76430,.T.);
#77860=ORIENTED_EDGE('',*,*,#35610,.F.);
#77870=ORIENTED_EDGE('',*,*,#76180,.T.);
#77880=ORIENTED_EDGE('',*,*,#39210,.F.);
#77890=EDGE_LOOP('',(#77880,#77870,#77860,#77850));
#77900=FACE_OUTER_BOUND('',#77890,.T.);
#77910=ADVANCED_FACE('',(#77900),#77840,.T.);
#77920=COLOUR_RGB('',0.368627458810806,0.384313762187958,
0.466666698455811);
#77930=FILL_AREA_STYLE_COLOUR('',#77920);
#77940=FILL_AREA_STYLE('',(#77930));
#77950=SURFACE_STYLE_FILL_AREA(#77940);
#77960=SURFACE_SIDE_STYLE('',(#77950));
#77970=SURFACE_STYLE_USAGE(.BOTH.,#77960);
#77980=PRESENTATION_STYLE_ASSIGNMENT((#77970));
#77990=CARTESIAN_POINT('',(1.72999999998622,0.365000378967941,
0.319999999971761));
#78000=DIRECTION('',(1.,-1.22124532708767E-15,0.));
#78010=DIRECTION('',(1.22124532708767E-15,1.,0.));
#78020=AXIS2_PLACEMENT_3D('',#77990,#78000,#78010);
#78030=CONICAL_SURFACE('',#78020,1.,0.785398163397449);
#78040=CARTESIAN_POINT('',(0.819999999986218,0.365000378967942,
0.319999999971761));
#78050=DIRECTION('',(1.,-1.23358113847243E-15,0.));
#78060=DIRECTION('',(1.23358113847243E-15,1.,0.));
#78070=AXIS2_PLACEMENT_3D('',#78040,#78050,#78060);
#78080=CIRCLE('',#78070,0.0899999999999975);
#78090=CARTESIAN_POINT('',(0.819999999986219,0.45500037896794,
0.319999999971761));
#78100=VERTEX_POINT('',#78090);
#78110=CARTESIAN_POINT('',(0.820000027142542,0.37674784972806,
0.409230022557997));
#78120=VERTEX_POINT('',#78110);
#78130=EDGE_CURVE('',#78100,#78120,#78080,.T.);
#78140=ORIENTED_EDGE('',*,*,#78130,.F.);
#78150=CARTESIAN_POINT('',(0.820000020120547,0.376747675558478,
0.409230065795972));
#78160=CARTESIAN_POINT('',(0.819999728870611,0.375924694621391,
0.40933811893442));
#78170=CARTESIAN_POINT('',(0.819994461157071,0.374275048326058,
0.409526817164526));
#78180=CARTESIAN_POINT('',(0.819972576438722,0.371792618340734,
0.409727347651324));
#78190=CARTESIAN_POINT('',(0.819948556741408,0.370134316765549,
0.409805757083272));
#78200=CARTESIAN_POINT('',(0.819934322022664,0.369304848272088,
0.40983125190651));
#78210=B_SPLINE_CURVE_WITH_KNOTS('',3,(#78150,#78160,#78170,#78180,
#78190,#78200),.UNSPECIFIED.,.F.,.F.,(4,1,1,4),(0.,0.333333333333333,
0.666666666666667,1.),.UNSPECIFIED.);
#78220=EDGE_CURVE('',#78120,#56920,#78210,.T.);
#78230=ORIENTED_EDGE('',*,*,#78220,.F.);
#78240=ORIENTED_EDGE('',*,*,#56930,.T.);
#78250=ORIENTED_EDGE('',*,*,#56820,.T.);
#78260=CARTESIAN_POINT('',(0.784999621018823,0.420000000000549,
0.319999999918009));
#78270=CARTESIAN_POINT('',(0.784999621018823,0.420000000000549,
0.323478964332296));
#78280=CARTESIAN_POINT('',(0.785656354706383,0.420000000000549,
0.33071063393397));
#78290=CARTESIAN_POINT('',(0.789100111070611,0.420000000000549,
0.342578873130501));
#78300=CARTESIAN_POINT('',(0.792924472088927,0.420000000000549,
0.350776992058597));
#78310=CARTESIAN_POINT('',(0.795191713962184,0.420000000000549,
0.354999999943749));
#78320=B_SPLINE_CURVE_WITH_KNOTS('',3,(#78260,#78270,#78280,#78290,
#78300,#78310),.UNSPECIFIED.,.F.,.F.,(4,1,1,4),(0.,0.333333333333333,
0.666666666666667,1.),.UNSPECIFIED.);
#78330=CARTESIAN_POINT('',(0.784999621018823,0.420000000000549,
0.319999999944885));
#78340=VERTEX_POINT('',#78330);
#78350=EDGE_CURVE('',#78340,#56690,#78320,.T.);
#78360=ORIENTED_EDGE('',*,*,#78350,.T.);
#78370=CARTESIAN_POINT('',(0.784999621018825,0.420000000000547,
0.319999999971761));
#78380=DIRECTION('',(0.707106781186548,0.707106781186548,0.));
#78390=VECTOR('',#78380,1.);
#78400=LINE('',#78370,#78390);
#78410=EDGE_CURVE('',#78340,#78100,#78400,.T.);
#78420=ORIENTED_EDGE('',*,*,#78410,.F.);
#78430=EDGE_LOOP('',(#78420,#78360,#78250,#78240,#78230,#78140));
#78440=FACE_OUTER_BOUND('',#78430,.T.);
#78450=ADVANCED_FACE('',(#78440),#78030,.T.);
#78460=COLOUR_RGB('',0.368627458810806,0.384313762187958,
0.466666698455811);
#78470=FILL_AREA_STYLE_COLOUR('',#78460);
#78480=FILL_AREA_STYLE('',(#78470));
#78490=SURFACE_STYLE_FILL_AREA(#78480);
#78500=SURFACE_SIDE_STYLE('',(#78490));
#78510=SURFACE_STYLE_USAGE(.BOTH.,#78500);
#78520=PRESENTATION_STYLE_ASSIGNMENT((#78510));
#78530=CARTESIAN_POINT('',(0.814999999971452,-0.204999999999453,
0.319999999971809));
#78540=DIRECTION('',(7.08834700347877E-16,1.,0.));
#78550=DIRECTION('',(-1.,7.08834700347877E-16,0.));
#78560=AXIS2_PLACEMENT_3D('',#78530,#78540,#78550);
#78570=CYLINDRICAL_SURFACE('',#78560,0.09);
#78580=ORIENTED_EDGE('',*,*,#27020,.F.);
#78590=CARTESIAN_POINT('',(0.814999918192053,0.365000350191428,
0.409999999971723));
#78600=CARTESIAN_POINT('',(0.820890432544092,0.367500362033169,
0.410000005342132));
#78610=CARTESIAN_POINT('',(0.832671049791006,0.372500373698874,
0.408839880637812));
#78620=CARTESIAN_POINT('',(0.84966348933545,0.380000385162581,
0.403685201324029));
#78630=CARTESIAN_POINT('',(0.865323754359632,0.387500384590801,
0.395314535828277));
#78640=CARTESIAN_POINT('',(0.874474441122661,0.392500384191905,
0.387804776567104));
#78650=CARTESIAN_POINT('',(0.878639609662784,0.395000383988455,
0.383639607901851));
#78660=B_SPLINE_CURVE_WITH_KNOTS('',3,(#78590,#78600,#78610,#78620,
#78630,#78640,#78650),.UNSPECIFIED.,.F.,.F.,(4,1,1,1,4),(
8.88178419700125E-16,0.250001200637131,0.500001200637131,
0.750001200637131,1.00000120063713),.UNSPECIFIED.);
#78670=CARTESIAN_POINT('',(0.878639611091223,0.39500038359961,
0.383639609465617));
#78680=VERTEX_POINT('',#78670);
#78690=EDGE_CURVE('',#26930,#78680,#78660,.T.);
#78700=ORIENTED_EDGE('',*,*,#78690,.F.);
#78710=CARTESIAN_POINT('',(0.878639609390006,0.395000382433157,
0.383639608170107));
#78720=CARTESIAN_POINT('',(0.880722193685096,0.396250382362945,
0.381557023831835));
#78730=CARTESIAN_POINT('',(0.884682736194536,0.398750382221141,
0.377187236287216));
#78740=CARTESIAN_POINT('',(0.889952505488763,0.40250038200451,
0.37008177447836));
#78750=CARTESIAN_POINT('',(0.894500490858558,0.406250381784176,
0.362493945686435));
#78760=CARTESIAN_POINT('',(0.898282880372271,0.410000381560358,
0.354496833386454));
#78770=CARTESIAN_POINT('',(0.901263206865652,0.413750381333276,
0.346167495712551));
#78780=CARTESIAN_POINT('',(0.903412716988823,0.41750038110315,
0.337586208047214));
#78790=CARTESIAN_POINT('',(0.904710683094825,0.421250380887993,
0.328835648405231));
#78800=CARTESIAN_POINT('',(0.905000000025068,0.42375038074875,
0.322945242978558));
#78810=CARTESIAN_POINT('',(0.904999999986235,0.425000380687627,
0.319999999845994));
#78820=B_SPLINE_CURVE_WITH_KNOTS('',3,(#78710,#78720,#78730,#78740,
#78750,#78760,#78770,#78780,#78790,#78800,#78810),.UNSPECIFIED.,.F.,.F.,
(4,1,1,1,1,1,1,1,4),(-4.67238638522391E-15,0.125,0.25,0.375,0.5,0.625,
0.75,0.875,1.00000000177925),.UNSPECIFIED.);
#78830=CARTESIAN_POINT('',(0.904999999971452,0.425000380660976,
0.319999999908787));
#78840=VERTEX_POINT('',#78830);
#78850=EDGE_CURVE('',#78680,#78840,#78820,.T.);
#78860=ORIENTED_EDGE('',*,*,#78850,.F.);
#78870=CARTESIAN_POINT('',(0.904999999971452,0.425000380634249,
0.319999999971761));
#78880=DIRECTION('',(0.,-1.,0.));
#78890=VECTOR('',#78880,1.);
#78900=LINE('',#78870,#78890);
#78910=CARTESIAN_POINT('',(0.904999999971452,0.315000379168436,
0.319999999971809));
#78920=VERTEX_POINT('',#78910);
#78930=EDGE_CURVE('',#78840,#78920,#78900,.T.);
#78940=ORIENTED_EDGE('',*,*,#78930,.F.);
#78950=CARTESIAN_POINT('',(0.814999999986235,0.289868708970552,
0.409999999971809));
#78960=CARTESIAN_POINT('',(0.82176211091578,0.292007076200853,
0.409999999970698));
#78970=CARTESIAN_POINT('',(0.83526017765331,0.296126886731543,
0.408456729005106));
#78980=CARTESIAN_POINT('',(0.854269100885955,0.301606819267727,
0.40182561414946));
#78990=CARTESIAN_POINT('',(0.871770360225359,0.306411784126602,
0.390855589895079));
#79000=CARTESIAN_POINT('',(0.886312923071977,0.310248527638243,
0.376158462197505));
#79010=CARTESIAN_POINT('',(0.897048922490494,0.313002952438298,
0.358821506246397));
#79020=CARTESIAN_POINT('',(0.903633646323883,0.314658283629052,
0.339460546074499));
#79030=CARTESIAN_POINT('',(0.904999999971456,0.315000379161047,
0.326428043301429));
#79040=CARTESIAN_POINT('',(0.904999999971452,0.315000379161044,
0.319999999971761));
#79050=B_SPLINE_CURVE_WITH_KNOTS('',3,(#78950,#78960,#78970,#78980,
#78990,#79000,#79010,#79020,#79030,#79040),.UNSPECIFIED.,.F.,.F.,(4,1,1,
1,1,1,1,4),(0.,0.142857142857143,0.285714285714286,0.428571428571429,
0.571428571428571,0.714285714285714,0.857142857142857,1.),.UNSPECIFIED.)
;
#79060=EDGE_CURVE('',#27010,#78920,#79050,.T.);
#79070=ORIENTED_EDGE('',*,*,#79060,.T.);
#79080=EDGE_LOOP('',(#79070,#78940,#78860,#78700,#78580));
#79090=FACE_OUTER_BOUND('',#79080,.T.);
#79100=ADVANCED_FACE('',(#79090),#78570,.T.);
#79110=COLOUR_RGB('',0.368627458810806,0.384313762187958,
0.466666698455811);
#79120=FILL_AREA_STYLE_COLOUR('',#79110);
#79130=FILL_AREA_STYLE('',(#79120));
#79140=SURFACE_STYLE_FILL_AREA(#79130);
#79150=SURFACE_SIDE_STYLE('',(#79140));
#79160=SURFACE_STYLE_USAGE(.BOTH.,#79150);
#79170=PRESENTATION_STYLE_ASSIGNMENT((#79160));
#79180=CARTESIAN_POINT('',(0.784999999971133,1.19500037916072,
0.319999999971809));
#79190=DIRECTION('',(0.,1.,0.));
#79200=DIRECTION('',(0.,-0.,1.));
#79210=AXIS2_PLACEMENT_3D('',#79180,#79190,#79200);
#79220=CONICAL_SURFACE('',#79210,1.,0.785398163397448);
#79230=ORIENTED_EDGE('',*,*,#79060,.F.);
#79240=CARTESIAN_POINT('',(0.904999999971453,0.315000379161041,
0.319999999971809));
#79250=DIRECTION('',(-0.707106781186547,-0.707106781186548,0.));
#79260=VECTOR('',#79250,1.);
#79270=LINE('',#79240,#79260);
#79280=EDGE_CURVE('',#78920,#7480,#79270,.T.);
#79290=ORIENTED_EDGE('',*,*,#79280,.F.);
#79300=ORIENTED_EDGE('',*,*,#33840,.F.);
#79310=ORIENTED_EDGE('',*,*,#27130,.T.);
#79320=EDGE_LOOP('',(#79310,#79300,#79290,#79230));
#79330=FACE_OUTER_BOUND('',#79320,.T.);
#79340=ADVANCED_FACE('',(#79330),#79220,.T.);
#79350=COLOUR_RGB('',0.368627458810806,0.384313762187958,
0.466666698455811);
#79360=FILL_AREA_STYLE_COLOUR('',#79350);
#79370=FILL_AREA_STYLE('',(#79360));
#79380=SURFACE_STYLE_FILL_AREA(#79370);
#79390=SURFACE_SIDE_STYLE('',(#79380));
#79400=SURFACE_STYLE_USAGE(.BOTH.,#79390);
#79410=PRESENTATION_STYLE_ASSIGNMENT((#79400));
#79420=CARTESIAN_POINT('',(0.904999999971452,0.185000379161353,
0.00999999997191814));
#79430=DIRECTION('',(1.,-7.08834700347877E-16,0.));
#79440=DIRECTION('',(0.,0.,-1.));
#79450=AXIS2_PLACEMENT_3D('',#79420,#79430,#79440);
#79460=PLANE('',#79450);
#79470=CARTESIAN_POINT('',(0.904999999971452,0.315000379161043,
0.0899999999718716));
#79480=DIRECTION('',(0.,1.,0.));
#79490=VECTOR('',#79480,1.);
#79500=LINE('',#79470,#79490);
#79510=CARTESIAN_POINT('',(0.904999999971452,0.315000379161044,
0.0899999999718162));
#79520=VERTEX_POINT('',#79510);
#79530=CARTESIAN_POINT('',(0.904999999971452,0.425000379014441,
0.0899999999718716));
#79540=VERTEX_POINT('',#79530);
#79550=EDGE_CURVE('',#79520,#79540,#79500,.T.);
#79560=ORIENTED_EDGE('',*,*,#79550,.T.);
#79570=CARTESIAN_POINT('',(0.904999999971452,0.315000379175827,
0.0899999999717609));
#79580=DIRECTION('',(0.,-0.,1.));
#79590=VECTOR('',#79580,1.);
#79600=LINE('',#79570,#79590);
#79610=EDGE_CURVE('',#79520,#78920,#79600,.T.);
#79620=ORIENTED_EDGE('',*,*,#79610,.F.);
#79630=ORIENTED_EDGE('',*,*,#78930,.T.);
#79640=CARTESIAN_POINT('',(0.904999999986235,0.425000378967942,
0.0899999999718239));
#79650=DIRECTION('',(0.,-0.,1.));
#79660=VECTOR('',#79650,1.);
#79670=LINE('',#79640,#79660);
#79680=EDGE_CURVE('',#79540,#78840,#79670,.T.);
#79690=ORIENTED_EDGE('',*,*,#79680,.T.);
#79700=EDGE_LOOP('',(#79690,#79630,#79620,#79560));
#79710=FACE_OUTER_BOUND('',#79700,.T.);
#79720=ADVANCED_FACE('',(#79710),#79460,.T.);
#79730=COLOUR_RGB('',0.368627458810806,0.384313762187958,
0.466666698455811);
#79740=FILL_AREA_STYLE_COLOUR('',#79730);
#79750=FILL_AREA_STYLE('',(#79740));
#79760=SURFACE_STYLE_FILL_AREA(#79750);
#79770=SURFACE_SIDE_STYLE('',(#79760));
#79780=SURFACE_STYLE_USAGE(.BOTH.,#79770);
#79790=PRESENTATION_STYLE_ASSIGNMENT((#79780));
#79800=CARTESIAN_POINT('',(0.874999999986235,0.425000378967942,
0.0449999999862659));
#79810=DIRECTION('',(0.,-0.,1.));
#79820=DIRECTION('',(0.,1.,0.));
#79830=AXIS2_PLACEMENT_3D('',#79800,#79810,#79820);
#79840=CYLINDRICAL_SURFACE('',#79830,0.03);
#79850=CARTESIAN_POINT('',(0.874999999986235,0.425000378967942,
0.319999999971761));
#79860=DIRECTION('',(0.,0.,-1.));
#79870=DIRECTION('',(0.707106967318978,0.707106595054068,0.));
#79880=AXIS2_PLACEMENT_3D('',#79850,#79860,#79870);
#79890=CIRCLE('',#79880,0.03);
#79900=CARTESIAN_POINT('',(0.896213216878061,0.446213567940377,
0.319999999911056));
#79910=VERTEX_POINT('',#79900);
#79920=EDGE_CURVE('',#79910,#78840,#79890,.T.);
#79930=ORIENTED_EDGE('',*,*,#79920,.T.);
#79940=CARTESIAN_POINT('',(0.874999999986235,0.425000378967942,
0.319999999971761));
#79950=DIRECTION('',(0.,0.,-1.));
#79960=DIRECTION('',(0.,1.,0.));
#79970=AXIS2_PLACEMENT_3D('',#79940,#79950,#79960);
#79980=CIRCLE('',#79970,0.03);
#79990=CARTESIAN_POINT('',(0.875000000843024,0.455000378967942,
0.320000000000891));
#80000=VERTEX_POINT('',#79990);
#80010=EDGE_CURVE('',#80000,#79910,#79980,.T.);
#80020=ORIENTED_EDGE('',*,*,#80010,.T.);
#80030=CARTESIAN_POINT('',(0.874999999986235,0.455000378967942,
0.319999999971761));
#80040=DIRECTION('',(0.,0.,-1.));
#80050=VECTOR('',#80040,1.);
#80060=LINE('',#80030,#80050);
#80070=CARTESIAN_POINT('',(0.874999999986244,0.455000378967942,
0.0899999999718716));
#80080=VERTEX_POINT('',#80070);
#80090=EDGE_CURVE('',#80000,#80080,#80060,.T.);
#80100=ORIENTED_EDGE('',*,*,#80090,.F.);
#80110=CARTESIAN_POINT('',(0.874999999986235,0.425000378967942,
0.0899999999718239));
#80120=DIRECTION('',(0.,-0.,1.));
#80130=DIRECTION('',(1.,3.09993882415445E-9,0.));
#80140=AXIS2_PLACEMENT_3D('',#80110,#80120,#80130);
#80150=CIRCLE('',#80140,0.03);
#80160=EDGE_CURVE('',#79540,#80080,#80150,.T.);
#80170=ORIENTED_EDGE('',*,*,#80160,.T.);
#80180=ORIENTED_EDGE('',*,*,#79680,.F.);
#80190=EDGE_LOOP('',(#80180,#80170,#80100,#80020,#79930));
#80200=FACE_OUTER_BOUND('',#80190,.T.);
#80210=ADVANCED_FACE('',(#80200),#79840,.T.);
#80220=COLOUR_RGB('',0.368627458810806,0.384313762187958,
0.466666698455811);
#80230=FILL_AREA_STYLE_COLOUR('',#80220);
#80240=FILL_AREA_STYLE('',(#80230));
#80250=SURFACE_STYLE_FILL_AREA(#80240);
#80260=SURFACE_SIDE_STYLE('',(#80250));
#80270=SURFACE_STYLE_USAGE(.BOTH.,#80260);
#80280=PRESENTATION_STYLE_ASSIGNMENT((#80270));
#80290=CARTESIAN_POINT('',(0.677499999986117,0.455000378967942,
0.0874999999859036));
#80300=DIRECTION('',(7.08834700347877E-16,1.,0.));
#80310=DIRECTION('',(-1.,7.08834700347877E-16,0.));
#80320=AXIS2_PLACEMENT_3D('',#80290,#80300,#80310);
#80330=PLANE('',#80320);
#80340=CARTESIAN_POINT('',(0.819999999986216,0.455000378967942,
0.319999999971761));
#80350=DIRECTION('',(0.,0.,-1.));
#80360=VECTOR('',#80350,1.);
#80370=LINE('',#80340,#80360);
#80380=CARTESIAN_POINT('',(0.819999999986216,0.455000378967942,
0.0899999999718716));
#80390=VERTEX_POINT('',#80380);
#80400=EDGE_CURVE('',#78100,#80390,#80370,.T.);
#80410=ORIENTED_EDGE('',*,*,#80400,.F.);
#80420=CARTESIAN_POINT('',(0.874999999986254,0.455000378967942,
0.0899999999718716));
#80430=DIRECTION('',(-1.,0.,0.));
#80440=VECTOR('',#80430,1.);
#80450=LINE('',#80420,#80440);
#80460=EDGE_CURVE('',#80080,#80390,#80450,.T.);
#80470=ORIENTED_EDGE('',*,*,#80460,.T.);
#80480=ORIENTED_EDGE('',*,*,#80090,.T.);
#80490=CARTESIAN_POINT('',(0.819999999986216,0.455000378967942,
0.319999999971761));
#80500=DIRECTION('',(1.,-0.,0.));
#80510=VECTOR('',#80500,1.);
#80520=LINE('',#80490,#80510);
#80530=EDGE_CURVE('',#78100,#80000,#80520,.T.);
#80540=ORIENTED_EDGE('',*,*,#80530,.T.);
#80550=EDGE_LOOP('',(#80540,#80480,#80470,#80410));
#80560=FACE_OUTER_BOUND('',#80550,.T.);
#80570=ADVANCED_FACE('',(#80560),#80330,.T.);
#80580=COLOUR_RGB('',0.368627458810806,0.384313762187958,
0.466666698455811);
#80590=FILL_AREA_STYLE_COLOUR('',#80580);
#80600=FILL_AREA_STYLE('',(#80590));
#80610=SURFACE_STYLE_FILL_AREA(#80600);
#80620=SURFACE_SIDE_STYLE('',(#80610));
#80630=SURFACE_STYLE_USAGE(.BOTH.,#80620);
#80640=PRESENTATION_STYLE_ASSIGNMENT((#80630));
#80650=CARTESIAN_POINT('',(-0.27500000001404,0.365000378967943,
0.319999999971761));
#80660=DIRECTION('',(-1.,7.08834700347877E-16,0.));
#80670=DIRECTION('',(-7.08834700347877E-16,-1.,0.));
#80680=AXIS2_PLACEMENT_3D('',#80650,#80660,#80670);
#80690=CYLINDRICAL_SURFACE('',#80680,0.09);
#80700=ORIENTED_EDGE('',*,*,#78130,.T.);
#80710=ORIENTED_EDGE('',*,*,#80530,.F.);
#80720=CARTESIAN_POINT('',(0.875000001699812,0.455000378967942,
0.320000000030021));
#80730=CARTESIAN_POINT('',(0.872500001872703,0.455000379036547,
0.325890486189971));
#80740=CARTESIAN_POINT('',(0.867500002206933,0.453840251991558,
0.337671074318551));
#80750=CARTESIAN_POINT('',(0.860000002692368,0.448685581267946,
0.354663487030468));
#80760=CARTESIAN_POINT('',(0.852499802292428,0.440314691885898,
0.37032417184624));
#80770=CARTESIAN_POINT('',(0.847499601727661,0.43280455360556,
0.379475174682434));
#80780=CARTESIAN_POINT('',(0.844999401010642,0.428638984433515,
0.383640612092877));
#80790=B_SPLINE_CURVE_WITH_KNOTS('',3,(#80720,#80730,#80740,#80750,
#80760,#80770,#80780),.UNSPECIFIED.,.F.,.F.,(4,1,1,1,4),(
-2.00863521225836E-5,0.249979912823669,0.499979912823669,
0.749979912823669,0.999999999175792),.UNSPECIFIED.);
#80800=CARTESIAN_POINT('',(0.844999972377868,0.428639982920555,
0.383639613530936));
#80810=VERTEX_POINT('',#80800);
#80820=EDGE_CURVE('',#80000,#80810,#80790,.T.);
#80830=ORIENTED_EDGE('',*,*,#80820,.F.);
#80840=CARTESIAN_POINT('',(0.844999941156296,0.42863997744602,
0.383639618914704));
#80850=CARTESIAN_POINT('',(0.842499938772295,0.424474806850984,
0.387804788043483));
#80860=CARTESIAN_POINT('',(0.838749935266645,0.417611615569798,
0.393436762430888));
#80870=CARTESIAN_POINT('',(0.833749930748084,0.407494267831379,
0.39950045560244));
#80880=CARTESIAN_POINT('',(0.829999927440717,0.399497200103337,
0.403282902004345));
#80890=CARTESIAN_POINT('',(0.826249924218639,0.391167846171445,
0.406263211635452));
#80900=CARTESIAN_POINT('',(0.822499921085583,0.382586558444635,
0.408412723850356));
#80910=CARTESIAN_POINT('',(0.818749919069907,0.373835996787416,
0.409710685774465));
#80920=CARTESIAN_POINT('',(0.816249918131994,0.367945591854463,
0.410000000913294));
#80930=CARTESIAN_POINT('',(0.814999918192053,0.365000350191428,
0.409999999971723));
#80940=B_SPLINE_CURVE_WITH_KNOTS('',3,(#80840,#80850,#80860,#80870,
#80880,#80890,#80900,#80910,#80920,#80930),.UNSPECIFIED.,.F.,.F.,(4,1,1,
1,1,1,1,4),(-2.02809857588691E-16,0.25,0.375,0.5,0.625,0.75,0.875,
0.999999897538199),.UNSPECIFIED.);
#80950=EDGE_CURVE('',#80810,#78120,#80940,.T.);
#80960=ORIENTED_EDGE('',*,*,#80950,.F.);
#80970=EDGE_LOOP('',(#80960,#80830,#80710,#80700));
#80980=FACE_OUTER_BOUND('',#80970,.T.);
#80990=ADVANCED_FACE('',(#80980),#80690,.T.);
#81000=COLOUR_RGB('',0.368627458810806,0.384313762187958,
0.466666698455811);
#81010=FILL_AREA_STYLE_COLOUR('',#81000);
#81020=FILL_AREA_STYLE('',(#81010));
#81030=SURFACE_STYLE_FILL_AREA(#81020);
#81040=SURFACE_SIDE_STYLE('',(#81030));
#81050=SURFACE_STYLE_USAGE(.BOTH.,#81040);
#81060=PRESENTATION_STYLE_ASSIGNMENT((#81050));
#81070=CARTESIAN_POINT('',(0.802499999986216,0.437500378967942,
0.204999999971792));
#81080=DIRECTION('',(0.707106781186548,-0.707106781186547,0.));
#81090=DIRECTION('',(-0.707106781186547,-0.707106781186548,0.));
#81100=AXIS2_PLACEMENT_3D('',#81070,#81080,#81090);
#81110=PLANE('',#81100);
#81120=ORIENTED_EDGE('',*,*,#80400,.T.);
#81130=ORIENTED_EDGE('',*,*,#78410,.T.);
#81140=CARTESIAN_POINT('',(0.784999621018823,0.420000000000549,
0.319999999971761));
#81150=DIRECTION('',(0.,0.,-1.));
#81160=VECTOR('',#81150,1.);
#81170=LINE('',#81140,#81160);
#81180=CARTESIAN_POINT('',(0.784999620922385,0.419999999904111,
0.0899999999718716));
#81190=VERTEX_POINT('',#81180);
#81200=EDGE_CURVE('',#78340,#81190,#81170,.T.);
#81210=ORIENTED_EDGE('',*,*,#81200,.F.);
#81220=CARTESIAN_POINT('',(0.819999999986216,0.455000378967942,
0.0899999999718716));
#81230=DIRECTION('',(-0.707106781186545,-0.70710678118655,0.));
#81240=VECTOR('',#81230,1.);
#81250=LINE('',#81220,#81240);
#81260=EDGE_CURVE('',#80390,#81190,#81250,.T.);
#81270=ORIENTED_EDGE('',*,*,#81260,.T.);
#81280=EDGE_LOOP('',(#81270,#81210,#81130,#81120));
#81290=FACE_OUTER_BOUND('',#81280,.T.);
#81300=ADVANCED_FACE('',(#81290),#81110,.F.);
#81310=COLOUR_RGB('',0.368627458810806,0.384313762187958,
0.466666698455811);
#81320=FILL_AREA_STYLE_COLOUR('',#81310);
#81330=FILL_AREA_STYLE('',(#81320));
#81340=SURFACE_STYLE_FILL_AREA(#81330);
#81350=SURFACE_SIDE_STYLE('',(#81340));
#81360=SURFACE_STYLE_USAGE(.BOTH.,#81350);
#81370=PRESENTATION_STYLE_ASSIGNMENT((#81360));
#81380=CARTESIAN_POINT('',(0.880864605501775,0.43086498448348,
0.36951435106754));
#81390=CARTESIAN_POINT('',(0.881276885437155,0.428262469419176,
0.371373380648876));
#81400=CARTESIAN_POINT('',(0.881762801405899,0.424071961321577,
0.373955256041698));
#81410=CARTESIAN_POINT('',(0.881907043533909,0.418477239125449,
0.376800360644777));
#81420=CARTESIAN_POINT('',(0.881742208237648,0.414284758008292,
0.378631473238681));
#81430=CARTESIAN_POINT('',(0.88130072229484,0.410041788553718,
0.38017502430234));
#81440=CARTESIAN_POINT('',(0.880604125658565,0.405606406657247,
0.381473652781668));
#81450=CARTESIAN_POINT('',(0.879697092022286,0.400755936191987,
0.382595254430266));
#81460=CARTESIAN_POINT('',(0.878997681135051,0.397042002420727,
0.383287471654584));
#81470=CARTESIAN_POINT('',(0.878639609662784,0.395000383988455,
0.383639607901851));
#81480=CARTESIAN_POINT('',(0.878262090437472,0.43127726441886,
0.371373380648877));
#81490=CARTESIAN_POINT('',(0.878709277003379,0.428709655985083,
0.373239610435122));
#81500=CARTESIAN_POINT('',(0.879223547672557,0.424270184258793,
0.37614513441679));
#81510=CARTESIAN_POINT('',(0.879225772686609,0.418093879744384,
0.379584738812876));
#81520=CARTESIAN_POINT('',(0.878848526632209,0.413432344989017,
0.381856252181673));
#81530=CARTESIAN_POINT('',(0.87809956891638,0.408730704114052,
0.383777068975574));
#81540=CARTESIAN_POINT('',(0.877040200217962,0.403855007862826,
0.385363397308908));
#81550=CARTESIAN_POINT('',(0.875778573961423,0.398581135789472,
0.386678549912081));
#81560=CARTESIAN_POINT('',(0.874898218611058,0.394624736755333,
0.387437818702618));
#81570=CARTESIAN_POINT('',(0.874474441122661,0.392500384191905,
0.387804776567104));
#81580=CARTESIAN_POINT('',(0.872669728173878,0.431926589926914,
0.37481745068738));
#81590=CARTESIAN_POINT('',(0.87287052051425,0.429264262448379,
0.376964326469876));
#81600=CARTESIAN_POINT('',(0.873057237459274,0.424333004604285,
0.380549267258839));
#81610=CARTESIAN_POINT('',(0.872553255576368,0.417122080554265,
0.384970131933542));
#81620=CARTESIAN_POINT('',(0.871735392895005,0.411599154784444,
0.387929786052594));
#81630=CARTESIAN_POINT('',(0.870483258054758,0.40601429244579,
0.390432724941304));
#81640=CARTESIAN_POINT('',(0.868882329795821,0.40027281496799,
0.392465108539319));
#81650=CARTESIAN_POINT('',(0.867085766971963,0.39418838128139,
0.394078776592895));
#81660=CARTESIAN_POINT('',(0.865888910584522,0.389786950183509,
0.394932340655153));
#81670=CARTESIAN_POINT('',(0.865323754359632,0.387500384590801,
0.395314535828277));
#81680=CARTESIAN_POINT('',(0.864296537447267,0.431884661229995,
0.378779346815321));
#81690=CARTESIAN_POINT('',(0.863578286631105,0.428771087217111,
0.381754976094029));
#81700=CARTESIAN_POINT('',(0.862478297634962,0.423156159135252,
0.386322177820809));
#81710=CARTESIAN_POINT('',(0.860546064644987,0.41476639208345,
0.391731452833007));
#81720=CARTESIAN_POINT('',(0.85880581465842,0.408219688169298,
0.395299594274507));
#81730=CARTESIAN_POINT('',(0.856768572394921,0.401508257311913,
0.398289218100989));
#81740=CARTESIAN_POINT('',(0.854488008879533,0.394620713741396,
0.40067708434798));
#81750=CARTESIAN_POINT('',(0.852067905770907,0.387483165866173,
0.402488450059285));
#81760=CARTESIAN_POINT('',(0.850451034752806,0.382519467558907,
0.403342637769648));
#81770=CARTESIAN_POINT('',(0.84966348933545,0.380000385162581,
0.403685201324029));
#81780=CARTESIAN_POINT('',(0.855799894257332,0.43071363594805,
0.381566444414895));
#81790=CARTESIAN_POINT('',(0.854012317396127,0.427024075461774,
0.385387660787843));
#81800=CARTESIAN_POINT('',(0.851334368889376,0.420779723457482,
0.390738269902055));
#81810=CARTESIAN_POINT('',(0.847636709846243,0.411489172611163,
0.396725344260227));
#81820=CARTESIAN_POINT('',(0.844779753026558,0.40415446298759,
0.4005753548055));
#81830=CARTESIAN_POINT('',(0.841834508188202,0.396539931115674,
0.403738996258015));
#81840=CARTESIAN_POINT('',(0.838814008405039,0.388705131493162,
0.406193788389111));
#81850=CARTESIAN_POINT('',(0.835746038673351,0.380687015765139,
0.407933835248976));
#81860=CARTESIAN_POINT('',(0.833693413756147,0.375240133480242,
0.40861802846555));
#81870=CARTESIAN_POINT('',(0.832671049791006,0.372500373698874,
0.408839880637812));
#81880=CARTESIAN_POINT('',(0.849083208546094,0.429356124803454,
0.382935342250383));
#81890=CARTESIAN_POINT('',(0.846748674191028,0.425322366507506,
0.387070869264165));
#81900=CARTESIAN_POINT('',(0.843241989806069,0.418671157327492,
0.392680017103415));
#81910=CARTESIAN_POINT('',(0.838555608503897,0.408847122689972,
0.398775648492618));
#81920=CARTESIAN_POINT('',(0.83503516229794,0.40107543909268,
0.402618096135507));
#81930=CARTESIAN_POINT('',(0.831508796619493,0.3929774932661,
0.405698638730119));
#81940=CARTESIAN_POINT('',(0.827976252140825,0.384633296275723,
0.407991504431443));
#81950=CARTESIAN_POINT('',(0.824437270430326,0.376120257519388,
0.409476621106825));
#81960=CARTESIAN_POINT('',(0.82207348452315,0.370378655618605,
0.409918193545222));
#81970=CARTESIAN_POINT('',(0.820890432544092,0.367500362033169,
0.410000005342132));
#81980=CARTESIAN_POINT('',(0.844999941156296,0.42863997744602,
0.383639618914704));
#81990=CARTESIAN_POINT('',(0.842499938772295,0.424474806850984,
0.387804788043483));
#82000=CARTESIAN_POINT('',(0.838749935266645,0.417611615569798,
0.393436762430888));
#82010=CARTESIAN_POINT('',(0.833749930748084,0.407494267831379,
0.39950045560244));
#82020=CARTESIAN_POINT('',(0.829999927440717,0.399497200103337,
0.403282902004345));
#82030=CARTESIAN_POINT('',(0.826249924218639,0.391167846171445,
0.406263211635452));
#82040=CARTESIAN_POINT('',(0.822499921085583,0.382586558444635,
0.408412723850356));
#82050=CARTESIAN_POINT('',(0.818749919069907,0.373835996787416,
0.409710685774465));
#82060=CARTESIAN_POINT('',(0.816249918131994,0.367945591854463,
0.410000000913294));
#82070=CARTESIAN_POINT('',(0.814999918192053,0.365000350191428,
0.409999999971723));
#82080=B_SPLINE_SURFACE_WITH_KNOTS('',3,3,((#81380,#81480,#81580,#81680,
#81780,#81880,#81980),(#81390,#81490,#81590,#81690,#81790,#81890,#81990)
,(#81400,#81500,#81600,#81700,#81800,#81900,#82000),(#81410,#81510,
#81610,#81710,#81810,#81910,#82010),(#81420,#81520,#81620,#81720,#81820,
#81920,#82020),(#81430,#81530,#81630,#81730,#81830,#81930,#82030),(
#81440,#81540,#81640,#81740,#81840,#81940,#82040),(#81450,#81550,#81650,
#81750,#81850,#81950,#82050),(#81460,#81560,#81660,#81760,#81860,#81960,
#82060),(#81470,#81570,#81670,#81770,#81870,#81970,#82070)),
.UNSPECIFIED.,.F.,.F.,.F.,(4,1,1,1,1,1,1,4),(4,1,1,1,4),(
-2.02809857588691E-16,0.25,0.375,0.5,0.625,0.75,0.875,0.999999897538199)
,(8.88178419700125E-16,0.25,0.5,0.75,1.00000120063713),.UNSPECIFIED.);
#82090=ORIENTED_EDGE('',*,*,#78690,.T.);
#82100=ORIENTED_EDGE('',*,*,#57020,.T.);
#82110=ORIENTED_EDGE('',*,*,#78220,.T.);
#82120=ORIENTED_EDGE('',*,*,#80950,.T.);
#82130=CARTESIAN_POINT('',(0.880864077572156,0.430864456553861,
0.369515247250304));
#82140=CARTESIAN_POINT('',(0.879562807217844,0.431070594110415,
0.370444752359691));
#82150=CARTESIAN_POINT('',(0.876856591983186,0.431441006680983,
0.372237407340733));
#82160=CARTESIAN_POINT('',(0.872674531557449,0.431797998231471,
0.374666692800334));
#82170=CARTESIAN_POINT('',(0.868475752530954,0.431906887714458,
0.376801376125807));
#82180=CARTESIAN_POINT('',(0.864284019411254,0.431741760935426,
0.378632274372855));
#82190=CARTESIAN_POINT('',(0.860040847556459,0.431300262032024,
0.38017592504713));
#82200=CARTESIAN_POINT('',(0.855605502602619,0.430603592916641,
0.381474586217264));
#82210=CARTESIAN_POINT('',(0.850754994472041,0.42969651472321,
0.382596238400624));
#82220=CARTESIAN_POINT('',(0.847041039938059,0.428997071829417,
0.383288472189626));
#82230=CARTESIAN_POINT('',(0.844999401010642,0.428638984433515,
0.383640612092877));
#82240=B_SPLINE_CURVE_WITH_KNOTS('',3,(#82130,#82140,#82150,#82160,
#82170,#82180,#82190,#82200,#82210,#82220,#82230),.UNSPECIFIED.,.F.,.F.,
(4,1,1,1,1,1,1,1,4),(-7.37830096651909E-15,0.125,0.25,0.375,0.5,0.625,
0.75,0.875,0.999999926224085),.UNSPECIFIED.);
#82250=CARTESIAN_POINT('',(0.880864608819395,0.430864963549553,
0.369514366019916));
#82260=VERTEX_POINT('',#82250);
#82270=EDGE_CURVE('',#82260,#80810,#82240,.T.);
#82280=ORIENTED_EDGE('',*,*,#82270,.T.);
#82290=CARTESIAN_POINT('',(0.880864605501775,0.43086498448348,
0.36951435106754));
#82300=CARTESIAN_POINT('',(0.881276885437155,0.428262469419176,
0.371373380648876));
#82310=CARTESIAN_POINT('',(0.881762801405899,0.424071961321577,
0.373955256041698));
#82320=CARTESIAN_POINT('',(0.881907043533909,0.418477239125449,
0.376800360644777));
#82330=CARTESIAN_POINT('',(0.881742208237648,0.414284758008292,
0.378631473238681));
#82340=CARTESIAN_POINT('',(0.88130072229484,0.410041788553718,
0.38017502430234));
#82350=CARTESIAN_POINT('',(0.880604125658565,0.405606406657247,
0.381473652781668));
#82360=CARTESIAN_POINT('',(0.879697092022286,0.400755936191987,
0.382595254430266));
#82370=CARTESIAN_POINT('',(0.878997681135051,0.397042002420727,
0.383287471654584));
#82380=CARTESIAN_POINT('',(0.878639609662784,0.395000383988455,
0.383639607901851));
#82390=B_SPLINE_CURVE_WITH_KNOTS('',3,(#82290,#82300,#82310,#82320,
#82330,#82340,#82350,#82360,#82370,#82380),.UNSPECIFIED.,.F.,.F.,(4,1,1,
1,1,1,1,4),(-2.02809857588691E-16,0.25,0.375,0.5,0.625,0.75,0.875,
0.999999897538199),.UNSPECIFIED.);
#82400=EDGE_CURVE('',#82260,#78680,#82390,.T.);
#82410=ORIENTED_EDGE('',*,*,#82400,.F.);
#82420=EDGE_LOOP('',(#82410,#82280,#82120,#82110,#82100,#82090));
#82430=FACE_OUTER_BOUND('',#82420,.T.);
#82440=ADVANCED_FACE('',(#82430),#82080,.F.);
#82450=COLOUR_RGB('',0.368627458810806,0.384313762187958,
0.466666698455811);
#82460=FILL_AREA_STYLE_COLOUR('',#82450);
#82470=FILL_AREA_STYLE('',(#82460));
#82480=SURFACE_STYLE_FILL_AREA(#82470);
#82490=SURFACE_SIDE_STYLE('',(#82480));
#82500=SURFACE_STYLE_USAGE(.BOTH.,#82490);
#82510=PRESENTATION_STYLE_ASSIGNMENT((#82500));
#82520=CARTESIAN_POINT('',(0.880864612134375,0.430864942615159,
0.369514380974912));
#82530=CARTESIAN_POINT('',(0.881959729859828,0.431960061035404,
0.367655352039635));
#82540=CARTESIAN_POINT('',(0.884055560224708,0.434055891914384,
0.363819939193226));
#82550=CARTESIAN_POINT('',(0.886916042078185,0.436916372746938,
0.35796157840371));
#82560=CARTESIAN_POINT('',(0.8894789220824,0.43947925077254,
0.35213234709683));
#82570=CARTESIAN_POINT('',(0.891715572302161,0.441715898890382,
0.346354162751165));
#82580=CARTESIAN_POINT('',(0.893583075042358,0.443583400239736,
0.340536488862667));
#82590=CARTESIAN_POINT('',(0.895024222937118,0.445024548289112,
0.334476335023594));
#82600=CARTESIAN_POINT('',(0.895967519117325,0.445967847003779,
0.327858257551528));
#82610=CARTESIAN_POINT('',(0.89620729131934,0.446207623038253,
0.322788993012345));
#82620=CARTESIAN_POINT('',(0.896213225254381,0.446213559564291,
0.319999999852665));
#82630=CARTESIAN_POINT('',(0.881276888919187,0.428262439429888,
0.371373399117848));
#82640=CARTESIAN_POINT('',(0.882382013897166,0.429410752444905,
0.369554528617274));
#82650=CARTESIAN_POINT('',(0.884573014400008,0.431633708901603,
0.365691077440348));
#82660=CARTESIAN_POINT('',(0.887706568910992,0.434703802268238,
0.359560511576478));
#82670=CARTESIAN_POINT('',(0.890590630318232,0.437464872735405,
0.35336365581787));
#82680=CARTESIAN_POINT('',(0.89312356558068,0.439867152542988,
0.347227420780824));
#82690=CARTESIAN_POINT('',(0.895199889944813,0.441857022230364,
0.341108017472032));
#82700=CARTESIAN_POINT('',(0.896715808626663,0.443382552331888,
0.3347958636246));
#82710=CARTESIAN_POINT('',(0.897579351710622,0.444403638292932,
0.327956635816723));
#82720=CARTESIAN_POINT('',(0.897676199036619,0.444738712124424,
0.322788993045857));
#82730=CARTESIAN_POINT('',(0.897601605906088,0.444825175979418,
0.319999999852665));
#82740=CARTESIAN_POINT('',(0.881926210870261,0.422670092188381,
0.374817457769327));
#82750=CARTESIAN_POINT('',(0.883131923039631,0.423849593457755,
0.37301821244523));
#82760=CARTESIAN_POINT('',(0.88559239887064,0.426185071076396,
0.369073006670484));
#82770=CARTESIAN_POINT('',(0.88923082176897,0.42951702744265,
0.362530668516875));
#82780=CARTESIAN_POINT('',(0.892632026016565,0.432590416492284,
0.355761516836732));
#82790=CARTESIAN_POINT('',(0.895616704522742,0.435323834666625,
0.349006097801484));
#82800=CARTESIAN_POINT('',(0.898011690059682,0.437644251046288,
0.342290492758643));
#82810=CARTESIAN_POINT('',(0.89965853166458,0.439498090678977,
0.335435761147845));
#82820=CARTESIAN_POINT('',(0.900430687245378,0.440871504292924,
0.328139575097936));
#82830=CARTESIAN_POINT('',(0.900315865932158,0.441503078292106,
0.32279550347747));
#82840=CARTESIAN_POINT('',(0.900104850563575,0.441774953976443,
0.319999999852388));
#82850=CARTESIAN_POINT('',(0.881884282248289,0.414296916428972,
0.378779346815321));
#82860=CARTESIAN_POINT('',(0.883382622078623,0.415421474575803,
0.376897883282344));
#82870=CARTESIAN_POINT('',(0.886374355968007,0.417692423288833,
0.372799468534947));
#82880=CARTESIAN_POINT('',(0.890659830065232,0.421064037770098,
0.365955402362965));
#82890=CARTESIAN_POINT('',(0.894574077734641,0.424314421760385,
0.358736722098325));
#82900=CARTESIAN_POINT('',(0.897955540073559,0.427364964389074,
0.351363415558662));
#82910=CARTESIAN_POINT('',(0.900645907302529,0.43014687183452,
0.343906344809682));
#82920=CARTESIAN_POINT('',(0.902491011094934,0.432610172530917,
0.336293946381479));
#82930=CARTESIAN_POINT('',(0.903347322412219,0.434740186320787,
0.328377339337914));
#82940=CARTESIAN_POINT('',(0.90317813551555,0.435967180946804,
0.322824800297135));
#82950=CARTESIAN_POINT('',(0.902895067372373,0.436554874797228,
0.319999999851138));
#82960=CARTESIAN_POINT('',(0.880713258951395,0.405800287642043,
0.381566439690372));
#82970=CARTESIAN_POINT('',(0.882546001300695,0.406892056710627,
0.37956152238252));
#82980=CARTESIAN_POINT('',(0.886079726432265,0.409093110056471,
0.375312914440619));
#82990=CARTESIAN_POINT('',(0.890891507676508,0.412407623064379,
0.368352822944484));
#83000=CARTESIAN_POINT('',(0.895132606829252,0.415700140617543,
0.360946043955783));
#83010=CARTESIAN_POINT('',(0.898725429740609,0.418938549876492,
0.353208686215683));
#83020=CARTESIAN_POINT('',(0.901589638316257,0.422094170842266,
0.345216865688264));
#83030=CARTESIAN_POINT('',(0.903635032082766,0.425144527189887,
0.337007395878253));
#83040=CARTESIAN_POINT('',(0.904754424210414,0.42807841371178,
0.32859613147406));
#83050=CARTESIAN_POINT('',(0.904795874958792,0.429961484930334,
0.322873628415112));
#83060=CARTESIAN_POINT('',(0.90461329080301,0.430890737706043,
0.319999999849053));
#83070=CARTESIAN_POINT('',(0.879355752725252,0.399083621684947,
0.382935335288962));
#83080=CARTESIAN_POINT('',(0.881372630994625,0.400250887527732,
0.380867572554594));
#83090=CARTESIAN_POINT('',(0.88520704269569,0.402583791614549,
0.376534665946182));
#83100=CARTESIAN_POINT('',(0.890312473095587,0.406078524201133,
0.369502046985615));
#83110=CARTESIAN_POINT('',(0.894730662726474,0.409568892498014,
0.362000807166425));
#83120=CARTESIAN_POINT('',(0.898425187645774,0.413055155759927,
0.35410048203511));
#83130=CARTESIAN_POINT('',(0.901360666952049,0.416537573242576,
0.345874436385885));
#83140=CARTESIAN_POINT('',(0.903498025741537,0.420016404203423,
0.337398556798605));
#83150=CARTESIAN_POINT('',(0.904788574844652,0.423491907919605,
0.328749702261428));
#83160=CARTESIAN_POINT('',(0.905040906074856,0.425806865072328,
0.322919201321952));
#83170=CARTESIAN_POINT('',(0.904999999875096,0.426963875536678,
0.319999999847106));
#83180=CARTESIAN_POINT('',(0.878639609390006,0.395000382433157,
0.383639608170107));
#83190=CARTESIAN_POINT('',(0.880722193685096,0.396250382362945,
0.381557023831835));
#83200=CARTESIAN_POINT('',(0.884682736194536,0.398750382221141,
0.377187236287216));
#83210=CARTESIAN_POINT('',(0.889952505488763,0.40250038200451,
0.37008177447836));
#83220=CARTESIAN_POINT('',(0.894500490858558,0.406250381784176,
0.362493945686435));
#83230=CARTESIAN_POINT('',(0.898282880372271,0.410000381560358,
0.354496833386454));
#83240=CARTESIAN_POINT('',(0.901263206865652,0.413750381333276,
0.346167495712551));
#83250=CARTESIAN_POINT('',(0.903412716988823,0.41750038110315,
0.337586208047214));
#83260=CARTESIAN_POINT('',(0.904710683094825,0.421250380887993,
0.328835648405231));
#83270=CARTESIAN_POINT('',(0.905000000025068,0.42375038074875,
0.322945242978558));
#83280=CARTESIAN_POINT('',(0.904999999986235,0.425000380687627,
0.319999999845994));
#83290=B_SPLINE_SURFACE_WITH_KNOTS('',3,3,((#82520,#82630,#82740,#82850,
#82960,#83070,#83180),(#82530,#82640,#82750,#82860,#82970,#83080,#83190)
,(#82540,#82650,#82760,#82870,#82980,#83090,#83200),(#82550,#82660,
#82770,#82880,#82990,#83100,#83210),(#82560,#82670,#82780,#82890,#83000,
#83110,#83220),(#82570,#82680,#82790,#82900,#83010,#83120,#83230),(
#82580,#82690,#82800,#82910,#83020,#83130,#83240),(#82590,#82700,#82810,
#82920,#83030,#83140,#83250),(#82600,#82710,#82820,#82930,#83040,#83150,
#83260),(#82610,#82720,#82830,#82940,#83050,#83160,#83270),(#82620,
#82730,#82840,#82950,#83060,#83170,#83280)),.UNSPECIFIED.,.F.,.F.,.F.,(4
,1,1,1,1,1,1,1,4),(4,1,1,1,4),(-4.67238638522391E-15,0.125,0.25,0.375,
0.5,0.625,0.75,0.875,1.00000000177925),(1.34063597787498E-6,0.25,0.5,
0.75,0.999999929279698),.UNSPECIFIED.);
#83300=ORIENTED_EDGE('',*,*,#79920,.F.);
#83310=ORIENTED_EDGE('',*,*,#78850,.T.);
#83320=ORIENTED_EDGE('',*,*,#82400,.T.);
#83330=CARTESIAN_POINT('',(0.880864612134375,0.430864942615159,
0.369514380974912));
#83340=CARTESIAN_POINT('',(0.881959729859828,0.431960061035404,
0.367655352039635));
#83350=CARTESIAN_POINT('',(0.884055560224708,0.434055891914384,
0.363819939193226));
#83360=CARTESIAN_POINT('',(0.886916042078185,0.436916372746938,
0.35796157840371));
#83370=CARTESIAN_POINT('',(0.8894789220824,0.43947925077254,
0.35213234709683));
#83380=CARTESIAN_POINT('',(0.891715572302161,0.441715898890382,
0.346354162751165));
#83390=CARTESIAN_POINT('',(0.893583075042358,0.443583400239736,
0.340536488862667));
#83400=CARTESIAN_POINT('',(0.895024222937118,0.445024548289112,
0.334476335023594));
#83410=CARTESIAN_POINT('',(0.895967519117325,0.445967847003779,
0.327858257551528));
#83420=CARTESIAN_POINT('',(0.89620729131934,0.446207623038253,
0.322788993012345));
#83430=CARTESIAN_POINT('',(0.896213225254381,0.446213559564291,
0.319999999852665));
#83440=B_SPLINE_CURVE_WITH_KNOTS('',3,(#83330,#83340,#83350,#83360,
#83370,#83380,#83390,#83400,#83410,#83420,#83430),.UNSPECIFIED.,.F.,.F.,
(4,1,1,1,1,1,1,1,4),(-4.67238638522391E-15,0.125,0.25,0.375,0.5,0.625,
0.75,0.875,1.00000000177925),.UNSPECIFIED.);
#83450=EDGE_CURVE('',#82260,#79910,#83440,.T.);
#83460=ORIENTED_EDGE('',*,*,#83450,.F.);
#83470=EDGE_LOOP('',(#83460,#83320,#83310,#83300));
#83480=FACE_OUTER_BOUND('',#83470,.T.);
#83490=ADVANCED_FACE('',(#83480),#83290,.F.);
#83500=COLOUR_RGB('',0.368627458810806,0.384313762187958,
0.466666698455811);
#83510=FILL_AREA_STYLE_COLOUR('',#83500);
#83520=FILL_AREA_STYLE('',(#83510));
#83530=SURFACE_STYLE_FILL_AREA(#83520);
#83540=SURFACE_SIDE_STYLE('',(#83530));
#83550=SURFACE_STYLE_USAGE(.BOTH.,#83540);
#83560=PRESENTATION_STYLE_ASSIGNMENT((#83550));
#83570=CARTESIAN_POINT('',(0.880864077572156,0.430864456553861,
0.369515247250304));
#83580=CARTESIAN_POINT('',(0.879562807217844,0.431070594110415,
0.370444752359691));
#83590=CARTESIAN_POINT('',(0.876856591983186,0.431441006680983,
0.372237407340733));
#83600=CARTESIAN_POINT('',(0.872674531557449,0.431797998231471,
0.374666692800334));
#83610=CARTESIAN_POINT('',(0.868475752530954,0.431906887714458,
0.376801376125807));
#83620=CARTESIAN_POINT('',(0.864284019411254,0.431741760935426,
0.378632274372855));
#83630=CARTESIAN_POINT('',(0.860040847556459,0.431300262032024,
0.38017592504713));
#83640=CARTESIAN_POINT('',(0.855605502602619,0.430603592916641,
0.381474586217264));
#83650=CARTESIAN_POINT('',(0.850754994472041,0.42969651472321,
0.382596238400624));
#83660=CARTESIAN_POINT('',(0.847041039938059,0.428997071829417,
0.383288472189626));
#83670=CARTESIAN_POINT('',(0.844999401010642,0.428638984433515,
0.383640612092877));
#83680=CARTESIAN_POINT('',(0.883054518636502,0.433054897618207,
0.365796924066555));
#83690=CARTESIAN_POINT('',(0.881806449252614,0.433271035519631,
0.366766603941772));
#83700=CARTESIAN_POINT('',(0.879151008134663,0.433734814970701,
0.368647715029569));
#83710=CARTESIAN_POINT('',(0.874928115711066,0.434371315038858,
0.371180561657052));
#83720=CARTESIAN_POINT('',(0.870655606248581,0.434817874868979,
0.373343675874392));
#83730=CARTESIAN_POINT('',(0.866423404277492,0.434984668698915,
0.37510589464171));
#83740=CARTESIAN_POINT('',(0.862199192981211,0.434832089265695,
0.376492972157848));
#83750=CARTESIAN_POINT('',(0.857830789519104,0.434373060053794,
0.377587110947443));
#83760=CARTESIAN_POINT('',(0.853074959432699,0.433667773851953,
0.378518223725084));
#83770=CARTESIAN_POINT('',(0.849458500222434,0.433096928911674,
0.379137856429041));
#83780=CARTESIAN_POINT('',(0.847499601727661,0.43280455360556,
0.379475174682434));
#83790=CARTESIAN_POINT('',(0.887062319519544,0.437062698501249,
0.357928554945693));
#83800=CARTESIAN_POINT('',(0.885903068448793,0.437390115656124,
0.358822208078382));
#83810=CARTESIAN_POINT('',(0.883370801164736,0.438136989812181,
0.360593035084052));
#83820=CARTESIAN_POINT('',(0.879201397970005,0.43930441200738,
0.36302226767066));
#83830=CARTESIAN_POINT('',(0.874926147380012,0.440309042015944,
0.365084302459598));
#83840=CARTESIAN_POINT('',(0.870701027285498,0.44099783895676,
0.366709508185839));
#83850=CARTESIAN_POINT('',(0.866529624800658,0.441295454470074,
0.367913149164353));
#83860=CARTESIAN_POINT('',(0.862269403018705,0.441211778761986,
0.368794447384195));
#83870=CARTESIAN_POINT('',(0.857691502551089,0.440834990842506,
0.369519104968614));
#83880=CARTESIAN_POINT('',(0.854289970934753,0.440485874960865,
0.370030888044858));
#83890=CARTESIAN_POINT('',(0.852499802292428,0.440314691885898,
0.37032417184624));
#83900=CARTESIAN_POINT('',(0.891897741032347,0.441898120014053,
0.346355151752631));
#83910=CARTESIAN_POINT('',(0.890855599815483,0.442495405956033,
0.346885167484168));
#83920=CARTESIAN_POINT('',(0.888580329477119,0.443722682853447,
0.347974863633288));
#83930=CARTESIAN_POINT('',(0.884793399545971,0.445478248063354,
0.34954848637098));
#83940=CARTESIAN_POINT('',(0.880840923911958,0.446975259454996,
0.350936216281529));
#83950=CARTESIAN_POINT('',(0.876856913263462,0.448085564562129,
0.352064983495663));
#83960=CARTESIAN_POINT('',(0.872867957204868,0.44874856260286,
0.352925268345024));
#83970=CARTESIAN_POINT('',(0.86880198653746,0.448984466894416,
0.353570339317441));
#83980=CARTESIAN_POINT('',(0.864542122393792,0.448897379395178,
0.354102052638295));
#83990=CARTESIAN_POINT('',(0.861528350768065,0.448745076815595,
0.354463634985059));
#84000=CARTESIAN_POINT('',(0.860000002692368,0.448685581267946,
0.354663487030468));
#84010=CARTESIAN_POINT('',(0.895270738681542,0.445271117663251,
0.334736549770558));
#84020=CARTESIAN_POINT('',(0.894366203440076,0.446070364287971,
0.334872818607886));
#84030=CARTESIAN_POINT('',(0.892434653983108,0.447606581178447,
0.335170502967047));
#84040=CARTESIAN_POINT('',(0.889256028521505,0.449642539178242,
0.335641428802309));
#84050=CARTESIAN_POINT('',(0.885883479140852,0.451331205692595,
0.336092646163555));
#84060=CARTESIAN_POINT('',(0.882380369478646,0.452612075091956,
0.336495274811008));
#84070=CARTESIAN_POINT('',(0.878778512484213,0.453456878168736,
0.336839246259974));
#84080=CARTESIAN_POINT('',(0.875085325766112,0.453882468043328,
0.337133069305538));
#84090=CARTESIAN_POINT('',(0.871306812729626,0.45396252374561,
0.337399460642758));
#84100=CARTESIAN_POINT('',(0.868758845181825,0.453879520183347,
0.337577962752198));
#84110=CARTESIAN_POINT('',(0.867500002206933,0.453840251991558,
0.337671074318551));
#84120=CARTESIAN_POINT('',(0.896201332447776,0.446201711429486,
0.325577986227435));
#84130=CARTESIAN_POINT('',(0.895426610035639,0.446976433841275,
0.325577986227884));
#84140=CARTESIAN_POINT('',(0.893796456345227,0.4484451500041,
0.325581241437188));
#84150=CARTESIAN_POINT('',(0.891140871365875,0.4503733461019,
0.325595889876193));
#84160=CARTESIAN_POINT('',(0.888304916979006,0.451995175201256,
0.325620303940101));
#84170=CARTESIAN_POINT('',(0.885317070931788,0.453283838351552,
0.325654483628815));
#84180=CARTESIAN_POINT('',(0.882205918295417,0.454221895173516,
0.325698428942306));
#84190=CARTESIAN_POINT('',(0.879002993215511,0.454807197842176,
0.325752139880596));
#84200=CARTESIAN_POINT('',(0.875746913027198,0.455060116744079,
0.325815616431278));
#84210=CARTESIAN_POINT('',(0.873574738444314,0.45504128512957,
0.325864444540374));
#84220=CARTESIAN_POINT('',(0.872500001872703,0.455000379036547,
0.325890486189971));
#84230=CARTESIAN_POINT('',(0.896213202918121,0.446213581899831,
0.320000000026929));
#84240=CARTESIAN_POINT('',(0.895519008133709,0.446907776684245,
0.320000000026929));
#84250=CARTESIAN_POINT('',(0.894062412273352,0.448227957557874,
0.320000000026961));
#84260=CARTESIAN_POINT('',(0.89169392498029,0.449984547370802,
0.320000000027107));
#84270=CARTESIAN_POINT('',(0.88916464868879,0.45150054253183,
0.320000000027349));
#84280=CARTESIAN_POINT('',(0.886498944558233,0.452761339061531,
0.320000000027687));
#84290=CARTESIAN_POINT('',(0.883722498634403,0.453754781238131,
0.320000000028122));
#84300=CARTESIAN_POINT('',(0.880862069379418,0.454471284614662,
0.320000000028653));
#84310=CARTESIAN_POINT('',(0.877945216720985,0.454903939896478,
0.320000000029281));
#84320=CARTESIAN_POINT('',(0.875981748825527,0.455000378911428,
0.320000000029763));
#84330=CARTESIAN_POINT('',(0.875000001699812,0.455000378967942,
0.320000000030021));
#84340=B_SPLINE_SURFACE_WITH_KNOTS('',3,3,((#83570,#83680,#83790,#83900,
#84010,#84120,#84230),(#83580,#83690,#83800,#83910,#84020,#84130,#84240)
,(#83590,#83700,#83810,#83920,#84030,#84140,#84250),(#83600,#83710,
#83820,#83930,#84040,#84150,#84260),(#83610,#83720,#83830,#83940,#84050,
#84160,#84270),(#83620,#83730,#83840,#83950,#84060,#84170,#84280),(
#83630,#83740,#83850,#83960,#84070,#84180,#84290),(#83640,#83750,#83860,
#83970,#84080,#84190,#84300),(#83650,#83760,#83870,#83980,#84090,#84200,
#84310),(#83660,#83770,#83880,#83990,#84100,#84210,#84320),(#83670,
#83780,#83890,#84000,#84110,#84220,#84330)),.UNSPECIFIED.,.F.,.F.,.F.,(4
,1,1,1,1,1,1,1,4),(4,1,1,1,4),(-7.37830096651909E-15,0.125,0.25,0.375,
0.5,0.625,0.75,0.875,0.999999926224085),(-2.00863521226322E-5,0.25,0.5,
0.75,0.999999999175792),.UNSPECIFIED.);
#84350=ORIENTED_EDGE('',*,*,#80820,.T.);
#84360=ORIENTED_EDGE('',*,*,#80010,.F.);
#84370=ORIENTED_EDGE('',*,*,#83450,.T.);
#84380=ORIENTED_EDGE('',*,*,#82270,.F.);
#84390=EDGE_LOOP('',(#84380,#84370,#84360,#84350));
#84400=FACE_OUTER_BOUND('',#84390,.T.);
#84410=ADVANCED_FACE('',(#84400),#84340,.F.);
#84420=COLOUR_RGB('',0.368627458810806,0.384313762187958,
0.466666698455811);
#84430=FILL_AREA_STYLE_COLOUR('',#84420);
#84440=FILL_AREA_STYLE('',(#84430));
#84450=SURFACE_STYLE_FILL_AREA(#84440);
#84460=SURFACE_SIDE_STYLE('',(#84450));
#84470=SURFACE_STYLE_USAGE(.BOTH.,#84460);
#84480=PRESENTATION_STYLE_ASSIGNMENT((#84470));
#84490=CARTESIAN_POINT('',(-0.494999999999959,0.400000000000557,
0.0749999999438122));
#84500=DIRECTION('',(0.707106781186548,0.,0.707106781186548));
#84510=DIRECTION('',(-0.707106781186548,0.,0.707106781186548));
#84520=AXIS2_PLACEMENT_3D('',#84490,#84500,#84510);
#84530=PLANE('',#84520);
#84540=ORIENTED_EDGE('',*,*,#54590,.T.);
#84550=CARTESIAN_POINT('',(-0.509999999999959,0.420000000000549,
0.0899999999438122));
#84560=DIRECTION('',(0.707106781186546,0.,-0.707106781186549));
#84570=VECTOR('',#84560,1.);
#84580=LINE('',#84550,#84570);
#84590=EDGE_CURVE('',#75080,#54500,#84580,.T.);
#84600=ORIENTED_EDGE('',*,*,#84590,.T.);
#84610=ORIENTED_EDGE('',*,*,#75090,.T.);
#84620=CARTESIAN_POINT('',(-0.480000000000267,0.380000000000557,
0.0599999999441199));
#84630=DIRECTION('',(-0.707106781186548,0.,0.707106781186547));
#84640=VECTOR('',#84630,1.);
#84650=LINE('',#84620,#84640);
#84660=EDGE_CURVE('',#54580,#75000,#84650,.T.);
#84670=ORIENTED_EDGE('',*,*,#84660,.T.);
#84680=EDGE_LOOP('',(#84670,#84610,#84600,#84540));
#84690=FACE_OUTER_BOUND('',#84680,.T.);
#84700=ADVANCED_FACE('',(#84690),#84530,.F.);
#84710=COLOUR_RGB('',0.368627458810806,0.384313762187958,
0.466666698455811);
#84720=FILL_AREA_STYLE_COLOUR('',#84710);
#84730=FILL_AREA_STYLE('',(#84720));
#84740=SURFACE_STYLE_FILL_AREA(#84730);
#84750=SURFACE_SIDE_STYLE('',(#84740));
#84760=SURFACE_STYLE_USAGE(.BOTH.,#84750);
#84770=PRESENTATION_STYLE_ASSIGNMENT((#84760));
#84780=CARTESIAN_POINT('',(0.48999999999993,0.0650000000003291,
0.319999999985583));
#84790=DIRECTION('',(-1.20177239408627E-26,-1.,9.92633966125518E-13));
#84800=DIRECTION('',(0.,-9.92633966125518E-13,-1.));
#84810=AXIS2_PLACEMENT_3D('',#84780,#84790,#84800);
#84820=PLANE('',#84810);
#84830=ORIENTED_EDGE('',*,*,#34360,.F.);
#84840=ORIENTED_EDGE('',*,*,#54170,.F.);
#84850=ORIENTED_EDGE('',*,*,#33940,.F.);
#84860=ORIENTED_EDGE('',*,*,#7410,.F.);
#84870=ORIENTED_EDGE('',*,*,#42240,.F.);
#84880=EDGE_LOOP('',(#84870,#84860,#84850,#84840,#84830));
#84890=FACE_OUTER_BOUND('',#84880,.T.);
#84900=ADVANCED_FACE('',(#84890),#84820,.F.);
#84910=COLOUR_RGB('',0.368627458810806,0.384313762187958,
0.466666698455811);
#84920=FILL_AREA_STYLE_COLOUR('',#84910);
#84930=FILL_AREA_STYLE('',(#84920));
#84940=SURFACE_STYLE_FILL_AREA(#84930);
#84950=SURFACE_SIDE_STYLE('',(#84940));
#84960=SURFACE_STYLE_USAGE(.BOTH.,#84950);
#84970=PRESENTATION_STYLE_ASSIGNMENT((#84960));
#84980=CARTESIAN_POINT('',(-0.664999999999941,0.380000000000557,
0.0874999999578451));
#84990=DIRECTION('',(0.,1.,-0.));
#85000=DIRECTION('',(-1.,0.,0.));
#85010=AXIS2_PLACEMENT_3D('',#84980,#84990,#85000);
#85020=PLANE('',#85010);
#85030=ORIENTED_EDGE('',*,*,#5420,.F.);
#85040=ORIENTED_EDGE('',*,*,#54650,.F.);
#85050=ORIENTED_EDGE('',*,*,#84660,.F.);
#85060=ORIENTED_EDGE('',*,*,#75010,.T.);
#85070=ORIENTED_EDGE('',*,*,#45200,.T.);
#85080=EDGE_LOOP('',(#85070,#85060,#85050,#85040,#85030));
#85090=FACE_OUTER_BOUND('',#85080,.T.);
#85100=ADVANCED_FACE('',(#85090),#85020,.T.);
#85110=COLOUR_RGB('',0.368627458810806,0.384313762187958,
0.466666698455811);
#85120=FILL_AREA_STYLE_COLOUR('',#85110);
#85130=FILL_AREA_STYLE('',(#85120));
#85140=SURFACE_STYLE_FILL_AREA(#85130);
#85150=SURFACE_SIDE_STYLE('',(#85140));
#85160=SURFACE_STYLE_USAGE(.BOTH.,#85150);
#85170=PRESENTATION_STYLE_ASSIGNMENT((#85160));
#85180=CARTESIAN_POINT('',(-0.289999999999986,0.430000000000557,
0.0599999999438123));
#85190=DIRECTION('',(-0.832050294337844,0.,0.554700196225228));
#85200=DIRECTION('',(-0.554700196225228,0.,-0.832050294337844));
#85210=AXIS2_PLACEMENT_3D('',#85180,#85190,#85200);
#85220=PLANE('',#85210);
#85230=CARTESIAN_POINT('',(-0.289999999962527,0.420000000000549,
0.0600000000000001));
#85240=DIRECTION('',(0.554700196225229,-0.,0.832050294337844));
#85250=VECTOR('',#85240,1.);
#85260=LINE('',#85230,#85250);
#85270=CARTESIAN_POINT('',(-0.289999999981274,0.420000000000549,
0.0600000000000001));
#85280=VERTEX_POINT('',#85270);
#85290=EDGE_CURVE('',#85280,#56290,#85260,.T.);
#85300=ORIENTED_EDGE('',*,*,#85290,.T.);
#85310=CARTESIAN_POINT('',(-0.289999999974064,0.420000000000549,
0.0599999999826958));
#85320=DIRECTION('',(0.,-1.,0.));
#85330=VECTOR('',#85320,1.);
#85340=LINE('',#85310,#85330);
#85350=EDGE_CURVE('',#85280,#75880,#85340,.T.);
#85360=ORIENTED_EDGE('',*,*,#85350,.F.);
#85370=ORIENTED_EDGE('',*,*,#75890,.T.);
#85380=ORIENTED_EDGE('',*,*,#56380,.T.);
#85390=EDGE_LOOP('',(#85380,#85370,#85360,#85300));
#85400=FACE_OUTER_BOUND('',#85390,.T.);
#85410=ADVANCED_FACE('',(#85400),#85220,.F.);
#85420=COLOUR_RGB('',0.368627458810806,0.384313762187958,
0.466666698455811);
#85430=FILL_AREA_STYLE_COLOUR('',#85420);
#85440=FILL_AREA_STYLE('',(#85430));
#85450=SURFACE_STYLE_FILL_AREA(#85440);
#85460=SURFACE_SIDE_STYLE('',(#85450));
#85470=SURFACE_STYLE_USAGE(.BOTH.,#85460);
#85480=PRESENTATION_STYLE_ASSIGNMENT((#85470));
#85490=CARTESIAN_POINT('',(0.774999999942271,0.145000000000005,
0.00999999994374623));
#85500=DIRECTION('',(-5.89805981832114E-17,1.,0.));
#85510=DIRECTION('',(-1.,-5.89805981832114E-17,0.));
#85520=AXIS2_PLACEMENT_3D('',#85490,#85500,#85510);
#85530=PLANE('',#85520);
#85540=ORIENTED_EDGE('',*,*,#4300,.F.);
#85550=ORIENTED_EDGE('',*,*,#53480,.F.);
#85560=ORIENTED_EDGE('',*,*,#53190,.T.);
#85570=ORIENTED_EDGE('',*,*,#7800,.T.);
#85580=EDGE_LOOP('',(#85570,#85560,#85550,#85540));
#85590=FACE_OUTER_BOUND('',#85580,.T.);
#85600=ADVANCED_FACE('',(#85590),#85530,.F.);
#85610=COLOUR_RGB('',0.368627458810806,0.384313762187958,
0.466666698455811);
#85620=FILL_AREA_STYLE_COLOUR('',#85610);
#85630=FILL_AREA_STYLE('',(#85620));
#85640=SURFACE_STYLE_FILL_AREA(#85630);
#85650=SURFACE_SIDE_STYLE('',(#85640));
#85660=SURFACE_STYLE_USAGE(.BOTH.,#85650);
#85670=PRESENTATION_STYLE_ASSIGNMENT((#85660));
#85680=CARTESIAN_POINT('',(-0.735000000000028,0.420000000000549,
0.0699999999718714));
#85690=DIRECTION('',(-0.,-1.,0.));
#85700=DIRECTION('',(1.,-0.,0.));
#85710=AXIS2_PLACEMENT_3D('',#85680,#85690,#85700);
#85720=PLANE('',#85710);
#85730=ORIENTED_EDGE('',*,*,#56700,.T.);
#85740=ORIENTED_EDGE('',*,*,#58180,.F.);
#85750=ORIENTED_EDGE('',*,*,#58800,.F.);
#85760=ORIENTED_EDGE('',*,*,#57810,.F.);
#85770=ORIENTED_EDGE('',*,*,#60490,.F.);
#85780=ORIENTED_EDGE('',*,*,#60720,.T.);
#85790=ORIENTED_EDGE('',*,*,#61160,.T.);
#85800=ORIENTED_EDGE('',*,*,#61470,.F.);
#85810=ORIENTED_EDGE('',*,*,#62190,.F.);
#85820=ORIENTED_EDGE('',*,*,#62960,.F.);
#85830=ORIENTED_EDGE('',*,*,#63280,.F.);
#85840=ORIENTED_EDGE('',*,*,#63850,.T.);
#85850=ORIENTED_EDGE('',*,*,#64840,.T.);
#85860=ORIENTED_EDGE('',*,*,#65070,.F.);
#85870=ORIENTED_EDGE('',*,*,#66110,.F.);
#85880=ORIENTED_EDGE('',*,*,#67530,.F.);
#85890=ORIENTED_EDGE('',*,*,#67770,.F.);
#85900=ORIENTED_EDGE('',*,*,#68080,.T.);
#85910=ORIENTED_EDGE('',*,*,#68770,.T.);
#85920=ORIENTED_EDGE('',*,*,#71100,.F.);
#85930=ORIENTED_EDGE('',*,*,#72540,.F.);
#85940=ORIENTED_EDGE('',*,*,#75150,.F.);
#85950=ORIENTED_EDGE('',*,*,#84590,.F.);
#85960=CARTESIAN_POINT('',(-0.480000000056147,0.420000000000549,
0.0600000000000001));
#85970=DIRECTION('',(1.,-0.,0.));
#85980=VECTOR('',#85970,1.);
#85990=LINE('',#85960,#85980);
#86000=EDGE_CURVE('',#54500,#85280,#85990,.T.);
#86010=ORIENTED_EDGE('',*,*,#86000,.F.);
#86020=ORIENTED_EDGE('',*,*,#85290,.F.);
#86030=ORIENTED_EDGE('',*,*,#56300,.T.);
#86040=ORIENTED_EDGE('',*,*,#55060,.F.);
#86050=CARTESIAN_POINT('',(-0.0600000000470654,0.420000000000549,
0.0600000000000052));
#86060=DIRECTION('',(1.,-0.,0.));
#86070=VECTOR('',#86060,1.);
#86080=LINE('',#86050,#86070);
#86090=CARTESIAN_POINT('',(0.0600000000235328,0.420000000000549,
0.0600000000000052));
#86100=VERTEX_POINT('',#86090);
#86110=EDGE_CURVE('',#55050,#86100,#86080,.T.);
#86120=ORIENTED_EDGE('',*,*,#86110,.F.);
#86130=CARTESIAN_POINT('',(0.0600000000471166,0.420000000000549,
0.0600000000000052));
#86140=DIRECTION('',(0.554700196225229,-0.,0.832050294337844));
#86150=VECTOR('',#86140,1.);
#86160=LINE('',#86130,#86150);
#86170=CARTESIAN_POINT('',(0.080000000012494,0.420000000000549,
0.0899999999761989));
#86180=VERTEX_POINT('',#86170);
#86190=EDGE_CURVE('',#86100,#86180,#86160,.T.);
#86200=ORIENTED_EDGE('',*,*,#86190,.F.);
#86210=CARTESIAN_POINT('',(0.269999999999986,0.420000000000549,
0.0899999999718716));
#86220=DIRECTION('',(-1.,0.,0.));
#86230=VECTOR('',#86220,1.);
#86240=LINE('',#86210,#86230);
#86250=EDGE_CURVE('',#55500,#86180,#86240,.T.);
#86260=ORIENTED_EDGE('',*,*,#86250,.T.);
#86270=ORIENTED_EDGE('',*,*,#55530,.F.);
#86280=CARTESIAN_POINT('',(0.480000000000234,0.420000000000549,
0.0600000000000052));
#86290=DIRECTION('',(-1.,0.,0.));
#86300=VECTOR('',#86290,1.);
#86310=LINE('',#86280,#86300);
#86320=CARTESIAN_POINT('',(0.480000000028093,0.420000000000549,
0.0600000000000055));
#86330=VERTEX_POINT('',#86320);
#86340=EDGE_CURVE('',#86330,#55520,#86310,.T.);
#86350=ORIENTED_EDGE('',*,*,#86340,.T.);
#86360=CARTESIAN_POINT('',(0.480000000028093,0.420000000000549,
0.0600000000000052));
#86370=DIRECTION('',(0.707106781186547,-0.,0.707106781186549));
#86380=VECTOR('',#86370,1.);
#86390=LINE('',#86360,#86380);
#86400=CARTESIAN_POINT('',(0.509999999999959,0.420000000000549,
0.0899999999718716));
#86410=VERTEX_POINT('',#86400);
#86420=EDGE_CURVE('',#86330,#86410,#86390,.T.);
#86430=ORIENTED_EDGE('',*,*,#86420,.F.);
#86440=CARTESIAN_POINT('',(0.509999999999959,0.420000000000549,
0.0899999999718716));
#86450=DIRECTION('',(1.,-0.,0.));
#86460=VECTOR('',#86450,1.);
#86470=LINE('',#86440,#86460);
#86480=EDGE_CURVE('',#86410,#81190,#86470,.T.);
#86490=ORIENTED_EDGE('',*,*,#86480,.F.);
#86500=ORIENTED_EDGE('',*,*,#81200,.T.);
#86510=ORIENTED_EDGE('',*,*,#78350,.F.);
#86520=EDGE_LOOP('',(#86510,#86500,#86490,#86430,#86350,#86270,#86260,
#86200,#86120,#86040,#86030,#86020,#86010,#85950,#85940,#85930,#85920,
#85910,#85900,#85890,#85880,#85870,#85860,#85850,#85840,#85830,#85820,
#85810,#85800,#85790,#85780,#85770,#85760,#85750,#85740,#85730));
#86530=FACE_OUTER_BOUND('',#86520,.T.);
#86540=ADVANCED_FACE('',(#86530),#85720,.F.);
#86550=COLOUR_RGB('',0.368627458810806,0.384313762187958,
0.466666698455811);
#86560=FILL_AREA_STYLE_COLOUR('',#86550);
#86570=FILL_AREA_STYLE('',(#86560));
#86580=SURFACE_STYLE_FILL_AREA(#86570);
#86590=SURFACE_SIDE_STYLE('',(#86580));
#86600=SURFACE_STYLE_USAGE(.BOTH.,#86590);
#86610=PRESENTATION_STYLE_ASSIGNMENT((#86600));
#86620=CARTESIAN_POINT('',(0.640000000000252,0.415000000000547,
0.0899999999718716));
#86630=DIRECTION('',(0.,0.,1.));
#86640=DIRECTION('',(-1.,0.,0.));
#86650=AXIS2_PLACEMENT_3D('',#86620,#86630,#86640);
#86660=PLANE('',#86650);
#86670=CARTESIAN_POINT('',(0.509999999999959,0.419999999807672,
0.0899999999718716));
#86680=DIRECTION('',(0.,-1.,0.));
#86690=VECTOR('',#86680,1.);
#86700=LINE('',#86670,#86690);
#86710=CARTESIAN_POINT('',(0.509999999999959,0.380000000000548,
0.0899999999718717));
#86720=VERTEX_POINT('',#86710);
#86730=EDGE_CURVE('',#86410,#86720,#86700,.T.);
#86740=ORIENTED_EDGE('',*,*,#86730,.F.);
#86750=CARTESIAN_POINT('',(0.874999999971134,0.380000000000548,
0.0899999999718716));
#86760=DIRECTION('',(-1.,0.,0.));
#86770=VECTOR('',#86760,1.);
#86780=LINE('',#86750,#86770);
#86790=EDGE_CURVE('',#7640,#86720,#86780,.T.);
#86800=ORIENTED_EDGE('',*,*,#86790,.T.);
#86810=ORIENTED_EDGE('',*,*,#7650,.F.);
#86820=CARTESIAN_POINT('',(0.874999999971134,0.285000379160725,
0.0899999999718716));
#86830=DIRECTION('',(0.707106781186549,0.707106781186546,0.));
#86840=VECTOR('',#86830,1.);
#86850=LINE('',#86820,#86840);
#86860=EDGE_CURVE('',#7560,#79520,#86850,.T.);
#86870=ORIENTED_EDGE('',*,*,#86860,.F.);
#86880=ORIENTED_EDGE('',*,*,#79550,.F.);
#86890=ORIENTED_EDGE('',*,*,#80160,.F.);
#86900=ORIENTED_EDGE('',*,*,#80460,.F.);
#86910=ORIENTED_EDGE('',*,*,#81260,.F.);
#86920=ORIENTED_EDGE('',*,*,#86480,.T.);
#86930=EDGE_LOOP('',(#86920,#86910,#86900,#86890,#86880,#86870,#86810,
#86800,#86740));
#86940=FACE_OUTER_BOUND('',#86930,.T.);
#86950=ADVANCED_FACE('',(#86940),#86660,.F.);
#86960=COLOUR_RGB('',0.368627458810806,0.384313762187958,
0.466666698455811);
#86970=FILL_AREA_STYLE_COLOUR('',#86960);
#86980=FILL_AREA_STYLE('',(#86970));
#86990=SURFACE_STYLE_FILL_AREA(#86980);
#87000=SURFACE_SIDE_STYLE('',(#86990));
#87010=SURFACE_STYLE_USAGE(.BOTH.,#87000);
#87020=PRESENTATION_STYLE_ASSIGNMENT((#87010));
#87030=CARTESIAN_POINT('',(0.889999999971133,0.300000379160725,
0.20499999997184));
#87040=DIRECTION('',(-0.707106781186548,0.707106781186548,
5.88784672006416E-17));
#87050=DIRECTION('',(0.707106781186548,0.707106781186548,0.));
#87060=AXIS2_PLACEMENT_3D('',#87030,#87040,#87050);
#87070=PLANE('',#87060);
#87080=ORIENTED_EDGE('',*,*,#7570,.T.);
#87090=ORIENTED_EDGE('',*,*,#79280,.T.);
#87100=ORIENTED_EDGE('',*,*,#79610,.T.);
#87110=ORIENTED_EDGE('',*,*,#86860,.T.);
#87120=EDGE_LOOP('',(#87110,#87100,#87090,#87080));
#87130=FACE_OUTER_BOUND('',#87120,.T.);
#87140=ADVANCED_FACE('',(#87130),#87070,.F.);
#87150=COLOUR_RGB('',0.368627458810806,0.384313762187958,
0.466666698455811);
#87160=FILL_AREA_STYLE_COLOUR('',#87150);
#87170=FILL_AREA_STYLE('',(#87160));
#87180=SURFACE_STYLE_FILL_AREA(#87170);
#87190=SURFACE_SIDE_STYLE('',(#87180));
#87200=SURFACE_STYLE_USAGE(.BOTH.,#87190);
#87210=PRESENTATION_STYLE_ASSIGNMENT((#87200));
#87220=CARTESIAN_POINT('',(0.664999999999941,0.380000000000548,
0.0874999999859044));
#87230=DIRECTION('',(-0.,-1.,0.));
#87240=DIRECTION('',(1.,-0.,0.));
#87250=AXIS2_PLACEMENT_3D('',#87220,#87230,#87240);
#87260=PLANE('',#87250);
#87270=CARTESIAN_POINT('',(0.480000000000234,0.380000000000548,
0.00999999997182438));
#87280=DIRECTION('',(0.,-0.,1.));
#87290=VECTOR('',#87280,1.);
#87300=LINE('',#87270,#87290);
#87310=CARTESIAN_POINT('',(0.480000000000234,0.380000000000548,
0.059999999986076));
#87320=VERTEX_POINT('',#87310);
#87330=EDGE_CURVE('',#4450,#87320,#87300,.T.);
#87340=ORIENTED_EDGE('',*,*,#87330,.T.);
#87350=ORIENTED_EDGE('',*,*,#4460,.F.);
#87360=ORIENTED_EDGE('',*,*,#7710,.T.);
#87370=ORIENTED_EDGE('',*,*,#86790,.F.);
#87380=CARTESIAN_POINT('',(0.509999999999959,0.380000000000548,
0.0899999999718716));
#87390=DIRECTION('',(-0.707106781186547,0.,-0.707106781186548));
#87400=VECTOR('',#87390,1.);
#87410=LINE('',#87380,#87400);
#87420=EDGE_CURVE('',#86720,#87320,#87410,.T.);
#87430=ORIENTED_EDGE('',*,*,#87420,.F.);
#87440=EDGE_LOOP('',(#87430,#87370,#87360,#87350,#87340));
#87450=FACE_OUTER_BOUND('',#87440,.T.);
#87460=ADVANCED_FACE('',(#87450),#87260,.F.);
#87470=COLOUR_RGB('',0.368627458810806,0.384313762187958,
0.466666698455811);
#87480=FILL_AREA_STYLE_COLOUR('',#87470);
#87490=FILL_AREA_STYLE('',(#87480));
#87500=SURFACE_STYLE_FILL_AREA(#87490);
#87510=SURFACE_SIDE_STYLE('',(#87500));
#87520=SURFACE_STYLE_USAGE(.BOTH.,#87510);
#87530=PRESENTATION_STYLE_ASSIGNMENT((#87520));
#87540=CARTESIAN_POINT('',(0.494999999999959,0.400000000000548,
0.0749999999718716));
#87550=DIRECTION('',(-0.707106781186548,0.,0.707106781186548));
#87560=DIRECTION('',(0.707106781186548,-0.,0.707106781186548));
#87570=AXIS2_PLACEMENT_3D('',#87540,#87550,#87560);
#87580=PLANE('',#87570);
#87590=CARTESIAN_POINT('',(0.480000000000234,0.380000000000548,
0.0600000000000054));
#87600=DIRECTION('',(0.,1.,-2.60208522651221E-15));
#87610=VECTOR('',#87600,1.);
#87620=LINE('',#87590,#87610);
#87630=EDGE_CURVE('',#87320,#86330,#87620,.T.);
#87640=ORIENTED_EDGE('',*,*,#87630,.T.);
#87650=ORIENTED_EDGE('',*,*,#87420,.T.);
#87660=ORIENTED_EDGE('',*,*,#86730,.T.);
#87670=ORIENTED_EDGE('',*,*,#86420,.T.);
#87680=EDGE_LOOP('',(#87670,#87660,#87650,#87640));
#87690=FACE_OUTER_BOUND('',#87680,.T.);
#87700=ADVANCED_FACE('',(#87690),#87580,.F.);
#87710=COLOUR_RGB('',0.368627458810806,0.384313762187958,
0.466666698455811);
#87720=FILL_AREA_STYLE_COLOUR('',#87710);
#87730=FILL_AREA_STYLE('',(#87720));
#87740=SURFACE_STYLE_FILL_AREA(#87730);
#87750=SURFACE_SIDE_STYLE('',(#87740));
#87760=SURFACE_STYLE_USAGE(.BOTH.,#87750);
#87770=PRESENTATION_STYLE_ASSIGNMENT((#87760));
#87780=CARTESIAN_POINT('',(0.435000000000093,0.37499999990385,
5.32907051820075E-15));
#87790=DIRECTION('',(-0.,0.,1.));
#87800=DIRECTION('',(0.,-1.,0.));
#87810=AXIS2_PLACEMENT_3D('',#87780,#87790,#87800);
#87820=PLANE('',#87810);
#87830=CARTESIAN_POINT('',(0.28999999999996,0.700000000000557,
5.32907051820075E-15));
#87840=DIRECTION('',(1.,-0.,0.));
#87850=VECTOR('',#87840,1.);
#87860=LINE('',#87830,#87850);
#87870=CARTESIAN_POINT('',(0.28999999999996,0.700000000000557,
5.32907051820075E-15));
#87880=VERTEX_POINT('',#87870);
#87890=CARTESIAN_POINT('',(0.480000000000234,0.700000000000557,
5.32907051820075E-15));
#87900=VERTEX_POINT('',#87890);
#87910=EDGE_CURVE('',#87880,#87900,#87860,.T.);
#87920=ORIENTED_EDGE('',*,*,#87910,.T.);
#87930=CARTESIAN_POINT('',(0.28999999999996,0.700000000000557,
5.32907051820075E-15));
#87940=DIRECTION('',(0.,-1.,0.));
#87950=VECTOR('',#87940,1.);
#87960=LINE('',#87930,#87950);
#87970=CARTESIAN_POINT('',(0.28999999999996,0.310000000000323,
1.8293991321805E-11));
#87980=VERTEX_POINT('',#87970);
#87990=EDGE_CURVE('',#87880,#87980,#87960,.T.);
#88000=ORIENTED_EDGE('',*,*,#87990,.F.);
#88010=CARTESIAN_POINT('',(0.289999999999954,0.310000000000323,
1.8293991321805E-11));
#88020=DIRECTION('',(-1.,0.,0.));
#88030=VECTOR('',#88020,1.);
#88040=LINE('',#88010,#88030);
#88050=CARTESIAN_POINT('',(0.480000000000234,0.310000000000629,
1.8293991321805E-11));
#88060=VERTEX_POINT('',#88050);
#88070=EDGE_CURVE('',#88060,#87980,#88040,.T.);
#88080=ORIENTED_EDGE('',*,*,#88070,.T.);
#88090=CARTESIAN_POINT('',(0.480000000000234,0.700000000000557,
5.32907051820075E-15));
#88100=DIRECTION('',(0.,-1.,0.));
#88110=VECTOR('',#88100,1.);
#88120=LINE('',#88090,#88110);
#88130=EDGE_CURVE('',#87900,#88060,#88120,.T.);
#88140=ORIENTED_EDGE('',*,*,#88130,.T.);
#88150=EDGE_LOOP('',(#88140,#88080,#88000,#87920));
#88160=FACE_OUTER_BOUND('',#88150,.T.);
#88170=ADVANCED_FACE('',(#88160),#87820,.F.);
#88180=COLOUR_RGB('',0.368627458810806,0.384313762187958,
0.466666698455811);
#88190=FILL_AREA_STYLE_COLOUR('',#88180);
#88200=FILL_AREA_STYLE('',(#88190));
#88210=SURFACE_STYLE_FILL_AREA(#88200);
#88220=SURFACE_SIDE_STYLE('',(#88210));
#88230=SURFACE_STYLE_USAGE(.BOTH.,#88220);
#88240=PRESENTATION_STYLE_ASSIGNMENT((#88230));
#88250=CARTESIAN_POINT('',(1.49841378982221,0.700000000000557,
-0.0415520005651537));
#88260=DIRECTION('',(-0.,-1.,-0.));
#88270=DIRECTION('',(-1.,0.,0.));
#88280=AXIS2_PLACEMENT_3D('',#88250,#88260,#88270);
#88290=PLANE('',#88280);
#88300=CARTESIAN_POINT('',(0.480000000000234,0.700000000000557,
0.0600000000000052));
#88310=DIRECTION('',(-1.,0.,0.));
#88320=VECTOR('',#88310,1.);
#88330=LINE('',#88300,#88320);
#88340=CARTESIAN_POINT('',(0.480000000000234,0.700000000000557,
0.0600000000000052));
#88350=VERTEX_POINT('',#88340);
#88360=CARTESIAN_POINT('',(0.28999999999996,0.700000000000557,
0.0600000000000052));
#88370=VERTEX_POINT('',#88360);
#88380=EDGE_CURVE('',#88350,#88370,#88330,.T.);
#88390=ORIENTED_EDGE('',*,*,#88380,.F.);
#88400=CARTESIAN_POINT('',(0.28999999999996,0.700000000000557,
0.0600000000000052));
#88410=DIRECTION('',(0.,0.,-1.));
#88420=VECTOR('',#88410,1.);
#88430=LINE('',#88400,#88420);
#88440=EDGE_CURVE('',#88370,#87880,#88430,.T.);
#88450=ORIENTED_EDGE('',*,*,#88440,.F.);
#88460=ORIENTED_EDGE('',*,*,#87910,.F.);
#88470=CARTESIAN_POINT('',(0.480000000000234,0.700000000000557,
5.32907051820075E-15));
#88480=DIRECTION('',(0.,-0.,1.));
#88490=VECTOR('',#88480,1.);
#88500=LINE('',#88470,#88490);
#88510=EDGE_CURVE('',#87900,#88350,#88500,.T.);
#88520=ORIENTED_EDGE('',*,*,#88510,.F.);
#88530=EDGE_LOOP('',(#88520,#88460,#88450,#88390));
#88540=FACE_OUTER_BOUND('',#88530,.T.);
#88550=ADVANCED_FACE('',(#88540),#88290,.F.);
#88560=COLOUR_RGB('',0.368627458810806,0.384313762187958,
0.466666698455811);
#88570=FILL_AREA_STYLE_COLOUR('',#88560);
#88580=FILL_AREA_STYLE('',(#88570));
#88590=SURFACE_STYLE_FILL_AREA(#88580);
#88600=SURFACE_SIDE_STYLE('',(#88590));
#88610=SURFACE_STYLE_USAGE(.BOTH.,#88600);
#88620=PRESENTATION_STYLE_ASSIGNMENT((#88610));
#88630=CARTESIAN_POINT('',(0.41000000000021,0.39750000000038,
0.0600000000000052));
#88640=DIRECTION('',(0.,0.,-1.));
#88650=DIRECTION('',(-1.,0.,0.));
#88660=AXIS2_PLACEMENT_3D('',#88630,#88640,#88650);
#88670=PLANE('',#88660);
#88680=ORIENTED_EDGE('',*,*,#86340,.F.);
#88690=CARTESIAN_POINT('',(0.28999999999996,0.700000000000557,
0.0600000000000052));
#88700=DIRECTION('',(0.,-1.,1.73472347537928E-16));
#88710=VECTOR('',#88700,1.);
#88720=LINE('',#88690,#88710);
#88730=EDGE_CURVE('',#88370,#55520,#88720,.T.);
#88740=ORIENTED_EDGE('',*,*,#88730,.T.);
#88750=ORIENTED_EDGE('',*,*,#88380,.T.);
#88760=CARTESIAN_POINT('',(0.480000000000234,0.700000000000557,
0.0600000000000052));
#88770=DIRECTION('',(0.,-1.,0.));
#88780=VECTOR('',#88770,1.);
#88790=LINE('',#88760,#88780);
#88800=EDGE_CURVE('',#88350,#86330,#88790,.T.);
#88810=ORIENTED_EDGE('',*,*,#88800,.F.);
#88820=EDGE_LOOP('',(#88810,#88750,#88740,#88680));
#88830=FACE_OUTER_BOUND('',#88820,.T.);
#88840=ADVANCED_FACE('',(#88830),#88670,.F.);
#88850=COLOUR_RGB('',0.368627458810806,0.384313762187958,
0.466666698455811);
#88860=FILL_AREA_STYLE_COLOUR('',#88850);
#88870=FILL_AREA_STYLE('',(#88860));
#88880=SURFACE_STYLE_FILL_AREA(#88870);
#88890=SURFACE_SIDE_STYLE('',(#88880));
#88900=SURFACE_STYLE_USAGE(.BOTH.,#88890);
#88910=PRESENTATION_STYLE_ASSIGNMENT((#88900));
#88920=CARTESIAN_POINT('',(-0.435000000000147,0.374999999904392,
0.0600000000000001));
#88930=DIRECTION('',(-0.,0.,1.));
#88940=DIRECTION('',(0.,-1.,0.));
#88950=AXIS2_PLACEMENT_3D('',#88920,#88930,#88940);
#88960=PLANE('',#88950);
#88970=CARTESIAN_POINT('',(-0.29000000000002,0.420000000000549,
0.0600000000000001));
#88980=DIRECTION('',(-1.98254111540201E-16,1.,0.));
#88990=VECTOR('',#88980,1.);
#89000=LINE('',#88970,#88990);
#89010=CARTESIAN_POINT('',(-0.29000000000002,0.700000000000557,
0.0600000000000001));
#89020=VERTEX_POINT('',#89010);
#89030=EDGE_CURVE('',#85280,#89020,#89000,.T.);
#89040=ORIENTED_EDGE('',*,*,#89030,.T.);
#89050=ORIENTED_EDGE('',*,*,#86000,.T.);
#89060=ORIENTED_EDGE('',*,*,#54510,.T.);
#89070=CARTESIAN_POINT('',(-0.480000000000267,0.700000000000557,
0.0600000000000001));
#89080=DIRECTION('',(1.,-0.,0.));
#89090=VECTOR('',#89080,1.);
#89100=LINE('',#89070,#89090);
#89110=EDGE_CURVE('',#54400,#89020,#89100,.T.);
#89120=ORIENTED_EDGE('',*,*,#89110,.F.);
#89130=EDGE_LOOP('',(#89120,#89060,#89050,#89040));
#89140=FACE_OUTER_BOUND('',#89130,.T.);
#89150=ADVANCED_FACE('',(#89140),#88960,.T.);
#89160=COLOUR_RGB('',0.368627458810806,0.384313762187958,
0.466666698455811);
#89170=FILL_AREA_STYLE_COLOUR('',#89160);
#89180=FILL_AREA_STYLE('',(#89170));
#89190=SURFACE_STYLE_FILL_AREA(#89180);
#89200=SURFACE_SIDE_STYLE('',(#89190));
#89210=SURFACE_STYLE_USAGE(.BOTH.,#89200);
#89220=PRESENTATION_STYLE_ASSIGNMENT((#89210));
#89230=CARTESIAN_POINT('',(1.49841378982221,0.700000000000557,
-0.0415520005651537));
#89240=DIRECTION('',(-0.,-1.,-0.));
#89250=DIRECTION('',(-1.,0.,0.));
#89260=AXIS2_PLACEMENT_3D('',#89230,#89240,#89250);
#89270=PLANE('',#89260);
#89280=CARTESIAN_POINT('',(-0.480000000000267,0.700000000000557,
3.46944695195361E-17));
#89290=DIRECTION('',(1.,-0.,0.));
#89300=VECTOR('',#89290,1.);
#89310=LINE('',#89280,#89300);
#89320=CARTESIAN_POINT('',(-0.29000000000002,0.700000000000557,
4.10782519111521E-17));
#89330=VERTEX_POINT('',#89320);
#89340=EDGE_CURVE('',#54420,#89330,#89310,.T.);
#89350=ORIENTED_EDGE('',*,*,#89340,.F.);
#89360=CARTESIAN_POINT('',(-0.29000000000002,0.700000000000557,
3.46944695195361E-17));
#89370=DIRECTION('',(0.,-0.,1.));
#89380=VECTOR('',#89370,1.);
#89390=LINE('',#89360,#89380);
#89400=EDGE_CURVE('',#89330,#89020,#89390,.T.);
#89410=ORIENTED_EDGE('',*,*,#89400,.F.);
#89420=ORIENTED_EDGE('',*,*,#89110,.T.);
#89430=ORIENTED_EDGE('',*,*,#54430,.F.);
#89440=EDGE_LOOP('',(#89430,#89420,#89410,#89350));
#89450=FACE_OUTER_BOUND('',#89440,.T.);
#89460=ADVANCED_FACE('',(#89450),#89270,.F.);
#89470=COLOUR_RGB('',0.368627458810806,0.384313762187958,
0.466666698455811);
#89480=FILL_AREA_STYLE_COLOUR('',#89470);
#89490=FILL_AREA_STYLE('',(#89480));
#89500=SURFACE_STYLE_FILL_AREA(#89490);
#89510=SURFACE_SIDE_STYLE('',(#89500));
#89520=SURFACE_STYLE_USAGE(.BOTH.,#89510);
#89530=PRESENTATION_STYLE_ASSIGNMENT((#89520));
#89540=CARTESIAN_POINT('',(-0.450000000000276,0.397500000000688,
2.77555756156289E-17));
#89550=DIRECTION('',(-8.32667268468867E-17,0.,1.));
#89560=DIRECTION('',(1.,-0.,8.32667268468867E-17));
#89570=AXIS2_PLACEMENT_3D('',#89540,#89550,#89560);
#89580=PLANE('',#89570);
#89590=ORIENTED_EDGE('',*,*,#89340,.T.);
#89600=ORIENTED_EDGE('',*,*,#54810,.F.);
#89610=ORIENTED_EDGE('',*,*,#56060,.T.);
#89620=CARTESIAN_POINT('',(-0.29000000000002,0.315000000000629,
4.10782519111521E-17));
#89630=DIRECTION('',(0.,1.,0.));
#89640=VECTOR('',#89630,1.);
#89650=LINE('',#89620,#89640);
#89660=EDGE_CURVE('',#55990,#89330,#89650,.T.);
#89670=ORIENTED_EDGE('',*,*,#89660,.F.);
#89680=EDGE_LOOP('',(#89670,#89610,#89600,#89590));
#89690=FACE_OUTER_BOUND('',#89680,.T.);
#89700=ADVANCED_FACE('',(#89690),#89580,.F.);
#89710=COLOUR_RGB('',0.368627458810806,0.384313762187958,
0.466666698455811);
#89720=FILL_AREA_STYLE_COLOUR('',#89710);
#89730=FILL_AREA_STYLE('',(#89720));
#89740=SURFACE_STYLE_FILL_AREA(#89730);
#89750=SURFACE_SIDE_STYLE('',(#89740));
#89760=SURFACE_STYLE_USAGE(.BOTH.,#89750);
#89770=PRESENTATION_STYLE_ASSIGNMENT((#89760));
#89780=CARTESIAN_POINT('',(-0.29000000000002,0.382499999973165,
-0.000530964914873699));
#89790=DIRECTION('',(-1.,-8.32667268468867E-17,-9.56594024318546E-17));
#89800=DIRECTION('',(-8.32667268468867E-17,1.,-7.96524533262964E-33));
#89810=AXIS2_PLACEMENT_3D('',#89780,#89790,#89800);
#89820=PLANE('',#89810);
#89830=ORIENTED_EDGE('',*,*,#89660,.T.);
#89840=ORIENTED_EDGE('',*,*,#56000,.F.);
#89850=ORIENTED_EDGE('',*,*,#5180,.T.);
#89860=ORIENTED_EDGE('',*,*,#75950,.F.);
#89870=ORIENTED_EDGE('',*,*,#85350,.T.);
#89880=ORIENTED_EDGE('',*,*,#89030,.F.);
#89890=ORIENTED_EDGE('',*,*,#89400,.T.);
#89900=EDGE_LOOP('',(#89890,#89880,#89870,#89860,#89850,#89840,#89830));
#89910=FACE_OUTER_BOUND('',#89900,.T.);
#89920=ADVANCED_FACE('',(#89910),#89820,.F.);
#89930=COLOUR_RGB('',0.368627458810806,0.384313762187958,
0.466666698455811);
#89940=FILL_AREA_STYLE_COLOUR('',#89930);
#89950=FILL_AREA_STYLE('',(#89940));
#89960=SURFACE_STYLE_FILL_AREA(#89950);
#89970=SURFACE_SIDE_STYLE('',(#89960));
#89980=SURFACE_STYLE_USAGE(.BOTH.,#89970);
#89990=PRESENTATION_STYLE_ASSIGNMENT((#89980));
#90000=CARTESIAN_POINT('',(-0.0600000000000511,0.255000017102969,
0.430000000014389));
#90010=DIRECTION('',(-1.,0.,0.));
#90020=DIRECTION('',(0.,1.,0.));
#90030=AXIS2_PLACEMENT_3D('',#90000,#90010,#90020);
#90040=PLANE('',#90030);
#90050=CARTESIAN_POINT('',(-0.0600000000000511,0.700000000000557,
5.21804821573824E-15));
#90060=DIRECTION('',(0.,-0.,1.));
#90070=VECTOR('',#90060,1.);
#90080=LINE('',#90050,#90070);
#90090=CARTESIAN_POINT('',(-0.0600000000000511,0.700000000000557,
5.21804821573824E-15));
#90100=VERTEX_POINT('',#90090);
#90110=CARTESIAN_POINT('',(-0.0600000000000511,0.700000000000557,
0.0600000000000052));
#90120=VERTEX_POINT('',#90110);
#90130=EDGE_CURVE('',#90100,#90120,#90080,.T.);
#90140=ORIENTED_EDGE('',*,*,#90130,.F.);
#90150=CARTESIAN_POINT('',(-0.0600000000000511,0.420000000000549,
0.0600000000000052));
#90160=DIRECTION('',(0.,1.,0.));
#90170=VECTOR('',#90160,1.);
#90180=LINE('',#90150,#90170);
#90190=EDGE_CURVE('',#55050,#90120,#90180,.T.);
#90200=ORIENTED_EDGE('',*,*,#90190,.T.);
#90210=ORIENTED_EDGE('',*,*,#55280,.T.);
#90220=ORIENTED_EDGE('',*,*,#75790,.T.);
#90230=ORIENTED_EDGE('',*,*,#5020,.F.);
#90240=ORIENTED_EDGE('',*,*,#76960,.F.);
#90250=CARTESIAN_POINT('',(-0.0600000000000511,0.700000000000557,
5.21804821573824E-15));
#90260=DIRECTION('',(0.,-1.,0.));
#90270=VECTOR('',#90260,1.);
#90280=LINE('',#90250,#90270);
#90290=EDGE_CURVE('',#90100,#76880,#90280,.T.);
#90300=ORIENTED_EDGE('',*,*,#90290,.T.);
#90310=EDGE_LOOP('',(#90300,#90240,#90230,#90220,#90210,#90200,#90140));
#90320=FACE_OUTER_BOUND('',#90310,.T.);
#90330=ADVANCED_FACE('',(#90320),#90040,.T.);
#90340=COLOUR_RGB('',0.368627458810806,0.384313762187958,
0.466666698455811);
#90350=FILL_AREA_STYLE_COLOUR('',#90340);
#90360=FILL_AREA_STYLE('',(#90350));
#90370=SURFACE_STYLE_FILL_AREA(#90360);
#90380=SURFACE_SIDE_STYLE('',(#90370));
#90390=SURFACE_STYLE_USAGE(.BOTH.,#90380);
#90400=PRESENTATION_STYLE_ASSIGNMENT((#90390));
#90410=CARTESIAN_POINT('',(-5.10702591327572E-14,0.640000000000432,
0.0600000000000052));
#90420=DIRECTION('',(0.,-0.,1.));
#90430=DIRECTION('',(0.,1.,0.));
#90440=AXIS2_PLACEMENT_3D('',#90410,#90420,#90430);
#90450=PLANE('',#90440);
#90460=CARTESIAN_POINT('',(0.0599999999999489,0.420000000000549,
0.0599999999837146));
#90470=DIRECTION('',(0.,1.,5.81808906607845E-11));
#90480=VECTOR('',#90470,1.);
#90490=LINE('',#90460,#90480);
#90500=CARTESIAN_POINT('',(0.0599999999999489,0.700000000000557,
0.0600000000000052));
#90510=VERTEX_POINT('',#90500);
#90520=EDGE_CURVE('',#86100,#90510,#90490,.T.);
#90530=ORIENTED_EDGE('',*,*,#90520,.T.);
#90540=ORIENTED_EDGE('',*,*,#86110,.T.);
#90550=ORIENTED_EDGE('',*,*,#90190,.F.);
#90560=CARTESIAN_POINT('',(-0.0600000000000511,0.700000000000557,
0.0600000000000052));
#90570=DIRECTION('',(1.,-0.,0.));
#90580=VECTOR('',#90570,1.);
#90590=LINE('',#90560,#90580);
#90600=EDGE_CURVE('',#90120,#90510,#90590,.T.);
#90610=ORIENTED_EDGE('',*,*,#90600,.F.);
#90620=EDGE_LOOP('',(#90610,#90550,#90540,#90530));
#90630=FACE_OUTER_BOUND('',#90620,.T.);
#90640=ADVANCED_FACE('',(#90630),#90450,.T.);
#90650=COLOUR_RGB('',0.368627458810806,0.384313762187958,
0.466666698455811);
#90660=FILL_AREA_STYLE_COLOUR('',#90650);
#90670=FILL_AREA_STYLE('',(#90660));
#90680=SURFACE_STYLE_FILL_AREA(#90670);
#90690=SURFACE_SIDE_STYLE('',(#90680));
#90700=SURFACE_STYLE_USAGE(.BOTH.,#90690);
#90710=PRESENTATION_STYLE_ASSIGNMENT((#90700));
#90720=CARTESIAN_POINT('',(1.49841378982221,0.700000000000557,
-0.0415520005651537));
#90730=DIRECTION('',(-0.,-1.,-0.));
#90740=DIRECTION('',(-1.,0.,0.));
#90750=AXIS2_PLACEMENT_3D('',#90720,#90730,#90740);
#90760=PLANE('',#90750);
#90770=CARTESIAN_POINT('',(0.0599999999999489,0.700000000000557,
5.21804821573824E-15));
#90780=DIRECTION('',(-1.,0.,0.));
#90790=VECTOR('',#90780,1.);
#90800=LINE('',#90770,#90790);
#90810=CARTESIAN_POINT('',(0.0599999999999489,0.700000000000557,
5.21804821573824E-15));
#90820=VERTEX_POINT('',#90810);
#90830=EDGE_CURVE('',#90820,#90100,#90800,.T.);
#90840=ORIENTED_EDGE('',*,*,#90830,.T.);
#90850=CARTESIAN_POINT('',(0.059999999999949,0.700000000000557,
5.21804821573824E-15));
#90860=DIRECTION('',(0.,-0.,1.));
#90870=VECTOR('',#90860,1.);
#90880=LINE('',#90850,#90870);
#90890=EDGE_CURVE('',#90820,#90510,#90880,.T.);
#90900=ORIENTED_EDGE('',*,*,#90890,.F.);
#90910=ORIENTED_EDGE('',*,*,#90600,.T.);
#90920=ORIENTED_EDGE('',*,*,#90130,.T.);
#90930=EDGE_LOOP('',(#90920,#90910,#90900,#90840));
#90940=FACE_OUTER_BOUND('',#90930,.T.);
#90950=ADVANCED_FACE('',(#90940),#90760,.F.);
#90960=COLOUR_RGB('',0.368627458810806,0.384313762187958,
0.466666698455811);
#90970=FILL_AREA_STYLE_COLOUR('',#90960);
#90980=FILL_AREA_STYLE('',(#90970));
#90990=SURFACE_STYLE_FILL_AREA(#90980);
#91000=SURFACE_SIDE_STYLE('',(#90990));
#91010=SURFACE_STYLE_USAGE(.BOTH.,#91000);
#91020=PRESENTATION_STYLE_ASSIGNMENT((#91010));
#91030=CARTESIAN_POINT('',(-5.10702591327572E-14,0.205000000000432,
5.21804821573824E-15));
#91040=DIRECTION('',(-0.,-0.,-1.));
#91050=DIRECTION('',(0.,-1.,0.));
#91060=AXIS2_PLACEMENT_3D('',#91030,#91040,#91050);
#91070=PLANE('',#91060);
#91080=ORIENTED_EDGE('',*,*,#90830,.F.);
#91090=ORIENTED_EDGE('',*,*,#90290,.F.);
#91100=ORIENTED_EDGE('',*,*,#76890,.T.);
#91110=CARTESIAN_POINT('',(0.0599999999999489,0.700000000000557,
5.21804821573824E-15));
#91120=DIRECTION('',(0.,-1.,0.));
#91130=VECTOR('',#91120,1.);
#91140=LINE('',#91110,#91130);
#91150=EDGE_CURVE('',#90820,#76860,#91140,.T.);
#91160=ORIENTED_EDGE('',*,*,#91150,.T.);
#91170=EDGE_LOOP('',(#91160,#91100,#91090,#91080));
#91180=FACE_OUTER_BOUND('',#91170,.T.);
#91190=ADVANCED_FACE('',(#91180),#91070,.T.);
#91200=COLOUR_RGB('',0.368627458810806,0.384313762187958,
0.466666698455811);
#91210=FILL_AREA_STYLE_COLOUR('',#91200);
#91220=FILL_AREA_STYLE('',(#91210));
#91230=SURFACE_STYLE_FILL_AREA(#91220);
#91240=SURFACE_SIDE_STYLE('',(#91230));
#91250=SURFACE_STYLE_USAGE(.BOTH.,#91240);
#91260=PRESENTATION_STYLE_ASSIGNMENT((#91250));
#91270=CARTESIAN_POINT('',(0.0599999999999489,-0.129823001660876,
0.050000017102542));
#91280=DIRECTION('',(-1.,0.,0.));
#91290=DIRECTION('',(0.,-0.,1.));
#91300=AXIS2_PLACEMENT_3D('',#91270,#91280,#91290);
#91310=PLANE('',#91300);
#91320=ORIENTED_EDGE('',*,*,#90890,.T.);
#91330=ORIENTED_EDGE('',*,*,#91150,.F.);
#91340=ORIENTED_EDGE('',*,*,#77040,.T.);
#91350=ORIENTED_EDGE('',*,*,#4860,.T.);
#91360=ORIENTED_EDGE('',*,*,#77270,.F.);
#91370=CARTESIAN_POINT('',(0.0599999999999489,0.380000000000549,
0.0599999999674239));
#91380=DIRECTION('',(0.,1.,4.07266234625504E-10));
#91390=VECTOR('',#91380,1.);
#91400=LINE('',#91370,#91390);
#91410=EDGE_CURVE('',#77260,#86100,#91400,.T.);
#91420=ORIENTED_EDGE('',*,*,#91410,.F.);
#91430=ORIENTED_EDGE('',*,*,#90520,.F.);
#91440=EDGE_LOOP('',(#91430,#91420,#91360,#91350,#91340,#91330,#91320));
#91450=FACE_OUTER_BOUND('',#91440,.T.);
#91460=ADVANCED_FACE('',(#91450),#91310,.F.);
#91470=COLOUR_RGB('',0.368627458810806,0.384313762187958,
0.466666698455811);
#91480=FILL_AREA_STYLE_COLOUR('',#91470);
#91490=FILL_AREA_STYLE('',(#91480));
#91500=SURFACE_STYLE_FILL_AREA(#91490);
#91510=SURFACE_SIDE_STYLE('',(#91500));
#91520=SURFACE_STYLE_USAGE(.BOTH.,#91510);
#91530=PRESENTATION_STYLE_ASSIGNMENT((#91520));
#91540=CARTESIAN_POINT('',(0.480000000000234,0.265000000000322,
0.100000115231632));
#91550=DIRECTION('',(-1.,-0.,-0.));
#91560=DIRECTION('',(0.,0.,-1.));
#91570=AXIS2_PLACEMENT_3D('',#91540,#91550,#91560);
#91580=PLANE('',#91570);
#91590=ORIENTED_EDGE('',*,*,#87330,.F.);
#91600=ORIENTED_EDGE('',*,*,#87630,.F.);
#91610=ORIENTED_EDGE('',*,*,#88800,.T.);
#91620=ORIENTED_EDGE('',*,*,#88510,.T.);
#91630=ORIENTED_EDGE('',*,*,#88130,.F.);
#91640=CARTESIAN_POINT('',(0.480000000000228,0.310000000000323,
0.100000000018294));
#91650=DIRECTION('',(-1.,0.,0.));
#91660=DIRECTION('',(0.,4.85667672744938E-9,-1.));
#91670=AXIS2_PLACEMENT_3D('',#91640,#91650,#91660);
#91680=CIRCLE('',#91670,0.1);
#91690=EDGE_CURVE('',#88060,#4530,#91680,.T.);
#91700=ORIENTED_EDGE('',*,*,#91690,.F.);
#91710=ORIENTED_EDGE('',*,*,#4540,.T.);
#91720=EDGE_LOOP('',(#91710,#91700,#91630,#91620,#91610,#91600,#91590));
#91730=FACE_OUTER_BOUND('',#91720,.T.);
#91740=ADVANCED_FACE('',(#91730),#91580,.F.);
#91750=COLOUR_RGB('',0.368627458810806,0.384313762187958,
0.466666698455811);
#91760=FILL_AREA_STYLE_COLOUR('',#91750);
#91770=FILL_AREA_STYLE('',(#91760));
#91780=SURFACE_STYLE_FILL_AREA(#91770);
#91790=SURFACE_SIDE_STYLE('',(#91780));
#91800=SURFACE_STYLE_USAGE(.BOTH.,#91790);
#91810=PRESENTATION_STYLE_ASSIGNMENT((#91800));
#91820=CARTESIAN_POINT('',(0.289999999999954,0.310000000000323,
0.100000000018294));
#91830=DIRECTION('',(-1.,0.,0.));
#91840=DIRECTION('',(0.,1.,0.));
#91850=AXIS2_PLACEMENT_3D('',#91820,#91830,#91840);
#91860=CYLINDRICAL_SURFACE('',#91850,0.1);
#91870=ORIENTED_EDGE('',*,*,#88070,.F.);
#91880=CARTESIAN_POINT('',(0.28999999999996,0.310000000000323,
0.100000000018294));
#91890=DIRECTION('',(1.,-0.,0.));
#91900=DIRECTION('',(0.,1.,0.));
#91910=AXIS2_PLACEMENT_3D('',#91880,#91890,#91900);
#91920=CIRCLE('',#91910,0.1);
#91930=EDGE_CURVE('',#4610,#87980,#91920,.T.);
#91940=ORIENTED_EDGE('',*,*,#91930,.T.);
#91950=ORIENTED_EDGE('',*,*,#4620,.T.);
#91960=ORIENTED_EDGE('',*,*,#91690,.T.);
#91970=EDGE_LOOP('',(#91960,#91950,#91940,#91870));
#91980=FACE_OUTER_BOUND('',#91970,.T.);
#91990=ADVANCED_FACE('',(#91980),#91860,.T.);
#92000=COLOUR_RGB('',0.368627458810806,0.384313762187958,
0.466666698455811);
#92010=FILL_AREA_STYLE_COLOUR('',#92000);
#92020=FILL_AREA_STYLE('',(#92010));
#92030=SURFACE_STYLE_FILL_AREA(#92020);
#92040=SURFACE_SIDE_STYLE('',(#92030));
#92050=SURFACE_STYLE_USAGE(.BOTH.,#92040);
#92060=PRESENTATION_STYLE_ASSIGNMENT((#92050));
#92070=CARTESIAN_POINT('',(0.28999999999996,0.851969035068164,
-0.000530964878291296));
#92080=DIRECTION('',(1.,0.,0.));
#92090=DIRECTION('',(0.,-1.,0.));
#92100=AXIS2_PLACEMENT_3D('',#92070,#92080,#92090);
#92110=PLANE('',#92100);
#92120=ORIENTED_EDGE('',*,*,#88440,.T.);
#92130=ORIENTED_EDGE('',*,*,#88730,.F.);
#92140=ORIENTED_EDGE('',*,*,#55750,.F.);
#92150=ORIENTED_EDGE('',*,*,#77340,.F.);
#92160=ORIENTED_EDGE('',*,*,#4700,.T.);
#92170=ORIENTED_EDGE('',*,*,#91930,.F.);
#92180=ORIENTED_EDGE('',*,*,#87990,.T.);
#92190=EDGE_LOOP('',(#92180,#92170,#92160,#92150,#92140,#92130,#92120));
#92200=FACE_OUTER_BOUND('',#92190,.T.);
#92210=ADVANCED_FACE('',(#92200),#92110,.F.);
#92220=COLOUR_RGB('',0.368627458810806,0.384313762187958,
0.466666698455811);
#92230=FILL_AREA_STYLE_COLOUR('',#92220);
#92240=FILL_AREA_STYLE('',(#92230));
#92250=SURFACE_STYLE_FILL_AREA(#92240);
#92260=SURFACE_SIDE_STYLE('',(#92250));
#92270=SURFACE_STYLE_USAGE(.BOTH.,#92260);
#92280=PRESENTATION_STYLE_ASSIGNMENT((#92270));
#92290=CARTESIAN_POINT('',(0.0799999999999498,0.430000000000551,
0.0899999999573826));
#92300=DIRECTION('',(0.832050294337844,4.15692627489006E-16,
-0.554700196225228));
#92310=DIRECTION('',(0.554700196225228,2.77128418326003E-16,
0.832050294337844));
#92320=AXIS2_PLACEMENT_3D('',#92290,#92300,#92310);
#92330=PLANE('',#92320);
#92340=ORIENTED_EDGE('',*,*,#91410,.T.);
#92350=ORIENTED_EDGE('',*,*,#77490,.T.);
#92360=CARTESIAN_POINT('',(0.0800000000096091,0.380000000000549,
0.0899999999718715));
#92370=DIRECTION('',(-3.46944695195362E-16,1.,0.));
#92380=VECTOR('',#92370,1.);
#92390=LINE('',#92360,#92380);
#92400=EDGE_CURVE('',#77420,#86180,#92390,.T.);
#92410=ORIENTED_EDGE('',*,*,#92400,.F.);
#92420=ORIENTED_EDGE('',*,*,#86190,.T.);
#92430=EDGE_LOOP('',(#92420,#92410,#92350,#92340));
#92440=FACE_OUTER_BOUND('',#92430,.T.);
#92450=ADVANCED_FACE('',(#92440),#92330,.T.);
#92460=COLOUR_RGB('',0.368627458810806,0.384313762187958,
0.466666698455811);
#92470=FILL_AREA_STYLE_COLOUR('',#92460);
#92480=FILL_AREA_STYLE('',(#92470));
#92490=SURFACE_STYLE_FILL_AREA(#92480);
#92500=SURFACE_SIDE_STYLE('',(#92490));
#92510=SURFACE_STYLE_USAGE(.BOTH.,#92500);
#92520=PRESENTATION_STYLE_ASSIGNMENT((#92510));
#92530=CARTESIAN_POINT('',(0.174999999999986,0.430000000000548,
0.0899999999718716));
#92540=DIRECTION('',(0.,0.,1.));
#92550=DIRECTION('',(-1.,0.,0.));
#92560=AXIS2_PLACEMENT_3D('',#92530,#92540,#92550);
#92570=PLANE('',#92560);
#92580=ORIENTED_EDGE('',*,*,#86250,.F.);
#92590=ORIENTED_EDGE('',*,*,#92400,.T.);
#92600=ORIENTED_EDGE('',*,*,#77430,.F.);
#92610=ORIENTED_EDGE('',*,*,#55610,.F.);
#92620=EDGE_LOOP('',(#92610,#92600,#92590,#92580));
#92630=FACE_OUTER_BOUND('',#92620,.T.);
#92640=ADVANCED_FACE('',(#92630),#92570,.F.);
#92650=COLOUR_RGB('',0.368627458810806,0.384313762187958,
0.466666698455811);
#92660=FILL_AREA_STYLE_COLOUR('',#92650);
#92670=FILL_AREA_STYLE('',(#92660));
#92680=SURFACE_STYLE_FILL_AREA(#92670);
#92690=SURFACE_SIDE_STYLE('',(#92680));
#92700=SURFACE_STYLE_USAGE(.BOTH.,#92690);
#92710=PRESENTATION_STYLE_ASSIGNMENT((#92700));
#92720=CLOSED_SHELL('',(#400,#870,#1360,#2970,#3440,#3930,#6960,#8210,
#8590,#9310,#9690,#10230,#10430,#10830,#11210,#11520,#11830,#14750,
#15380,#15860,#16180,#16490,#16810,#17280,#17600,#18160,#18480,#18790,
#19110,#19680,#20000,#20560,#20880,#21190,#21510,#22080,#22530,#22870,
#23260,#23640,#23880,#24530,#24910,#25390,#25810,#27670,#28040,#28550,
#28790,#29200,#30390,#31550,#32010,#32350,#32590,#32780,#33650,#34150,
#34620,#35000,#35240,#35800,#36110,#36360,#36670,#36940,#37240,#37620,
#38090,#38330,#38670,#38930,#39340,#40390,#41310,#41740,#42050,#42290,
#42600,#42860,#43100,#43340,#43530,#43790,#44030,#44220,#44790,#45590,
#45780,#46100,#46340,#46750,#47130,#47370,#47760,#47950,#48260,#48570,
#48880,#49420,#49800,#50110,#50560,#50750,#51060,#51370,#51680,#51950,
#52160,#52350,#52560,#52760,#53000,#53310,#53550,#53790,#53980,#54220,
#54850,#55320,#55790,#56110,#56490,#57140,#57520,#57990,#58620,#58930,
#59250,#59560,#59870,#60210,#60530,#60880,#61200,#61830,#62230,#62710,
#63020,#63340,#63890,#64130,#64370,#64560,#64880,#65510,#65830,#66230,
#66710,#67020,#67260,#67570,#67890,#68240,#68810,#69430,#70710,#71250,
#72350,#72730,#73120,#73430,#74410,#74740,#75220,#75420,#75610,#75990,
#76230,#76490,#76680,#77080,#77530,#77720,#77910,#78450,#79100,#79340,
#79720,#80210,#80570,#80990,#81300,#82440,#83490,#84410,#84700,#84900,
#85100,#85410,#85600,#86540,#86950,#87140,#87460,#87700,#88170,#88550,
#88840,#89150,#89460,#89700,#89920,#90330,#90640,#90950,#91190,#91460,
#91740,#91990,#92210,#92450,#92640));
#92730=MANIFOLD_SOLID_BREP('',#92720);
#92740=CARTESIAN_POINT('',(-0.819982952489335,0.373037581811836,
1.03076033942473));
#92750=DIRECTION('',(0.,0.,1.));
#92760=DIRECTION('',(1.,0.,0.));
#92770=AXIS2_PLACEMENT_3D('',#92740,#92750,#92760);
#92780=CARTESIAN_POINT('',(-0.819982952489335,0.373037581811836,
1.03076033942473));
#92790=CARTESIAN_POINT('',(-0.871674646996219,0.373037581811836,
1.03076033942473));
#92800=CARTESIAN_POINT('',(-0.819982832297058,-0.373036230122192,
0.40962326193907));
#92810=POLYLINE('',(#92780,#92790,#92800));
#92820=COLOUR_RGB('',0.,1.,1.);
#92830=DRAUGHTING_PRE_DEFINED_CURVE_FONT('continuous');
#92840=CURVE_STYLE('',#92830,POSITIVE_LENGTH_MEASURE(0.1),#92820);
#92850=PRESENTATION_STYLE_ASSIGNMENT((#92840));
#92860=(ANNOTATION_CURVE_OCCURRENCE() ANNOTATION_OCCURRENCE() 
DRAUGHTING_ANNOTATION_OCCURRENCE() GEOMETRIC_REPRESENTATION_ITEM() 
LEADER_CURVE() REPRESENTATION_ITEM('') STYLED_ITEM((#92850),#92810));
#92870=DRAUGHTING_PRE_DEFINED_TEXT_FONT('ISO 3098-1 font A');
#92880=TEXT_LITERAL('',
'\X2\8B66544A\X0\: \X2\30A230C930D030A430B6\X0\: \X2\7A1C7DDA304C77ED305
9304E307E3059\X0\',#92770,'baseline left',.RIGHT.,#92870);
#92890=DIMENSIONAL_EXPONENTS(1.,0.,0.,0.,0.,0.,0.);
#92900=DIMENSIONAL_EXPONENTS(0.,0.,0.,0.,0.,0.,0.);
#92910=DIMENSIONAL_EXPONENTS(0.,0.,0.,0.,0.,0.,0.);
#92920=(LENGTH_UNIT() NAMED_UNIT(*) SI_UNIT(.MILLI.,.METRE.));
#92930=(NAMED_UNIT(*) PLANE_ANGLE_UNIT() SI_UNIT($,.RADIAN.));
#92940=(NAMED_UNIT(*) SI_UNIT($,.STERADIAN.) SOLID_ANGLE_UNIT());
#92950=(GEOMETRIC_REPRESENTATION_CONTEXT(3) 
GLOBAL_UNCERTAINTY_ASSIGNED_CONTEXT((#92960)) 
GLOBAL_UNIT_ASSIGNED_CONTEXT((#92920,#92930,#92940)) 
REPRESENTATION_CONTEXT('',''));
#92960=UNCERTAINTY_MEASURE_WITH_UNIT(LENGTH_MEASURE(0.00023),#92920,
'distance_accuracy_value','maximum gap value');
#92970=SHAPE_REPRESENTATION('',(#2830,#2720,#32300,#15120),#92950);
#92980=TEXT_STYLE_FOR_DEFINED_FONT(#92820);
#92990=TEXT_STYLE_WITH_BOX_CHARACTERISTICS('',#92980,(BOX_HEIGHT(
0.0516916945068834),BOX_WIDTH(0.0344783602360912),BOX_SLANT_ANGLE(0.),
BOX_ROTATE_ANGLE(0.)));
#93000=PRESENTATION_STYLE_ASSIGNMENT((#92990));
#93010=(ANNOTATION_OCCURRENCE() ANNOTATION_TEXT_OCCURRENCE() 
DRAUGHTING_ANNOTATION_OCCURRENCE() GEOMETRIC_REPRESENTATION_ITEM() 
REPRESENTATION_ITEM('') STYLED_ITEM((#93000),#92880));
#93020=ANNOTATION_OCCURRENCE_ASSOCIATIVITY('','',#93010,#92860);
#93030=SYMBOL_COLOUR(#92820);
#93040=SYMBOL_STYLE('',#93030);
#93050=PRESENTATION_STYLE_ASSIGNMENT((#93040));
#93060=PRE_DEFINED_TERMINATOR_SYMBOL('filled arrow');
#93070=CARTESIAN_POINT('',(-0.819982832297058,-0.373036230122192,
0.40962326193907));
#93080=DIRECTION('',(1.,0.,0.));
#93090=DIRECTION('',(0.,1.,0.));
#93100=AXIS2_PLACEMENT_3D('',#93070,#93080,#93090);
#93110=SYMBOL_TARGET('',#93100,0.0516916945068834,0.0516916945068834);
#93120=DEFINED_SYMBOL('',#93060,#93110);
#93130=(ANNOTATION_OCCURRENCE() ANNOTATION_SYMBOL_OCCURRENCE() 
DRAUGHTING_ANNOTATION_OCCURRENCE() GEOMETRIC_REPRESENTATION_ITEM() 
LEADER_TERMINATOR() REPRESENTATION_ITEM('') STYLED_ITEM((#93050),#93120)
 TERMINATOR_SYMBOL(#92860));
#93140=LEADER_DIRECTED_CALLOUT('',(#93010,#92860,#93130));
#93150=SHAPE_REPRESENTATION('',(#93140),#92950);
#93160=CARTESIAN_POINT('',(0.279999999999995,0.424999999999958,
-0.620760334110728));
#93170=DIRECTION('',(0.,0.,1.));
#93180=DIRECTION('',(1.,0.,0.));
#93190=AXIS2_PLACEMENT_3D('',#93160,#93170,#93180);
#93200=CARTESIAN_POINT('',(0.279999999999995,0.424999999999958,
-0.620760334110728));
#93210=CARTESIAN_POINT('',(0.228308305493112,0.424999999999958,
-0.620760334110728));
#93220=CARTESIAN_POINT('',(0.700000000000176,-0.424999999999884,
0.194999999999942));
#93230=POLYLINE('',(#93200,#93210,#93220));
#93240=COLOUR_RGB('',0.,1.,1.);
#93250=DRAUGHTING_PRE_DEFINED_CURVE_FONT('continuous');
#93260=CURVE_STYLE('',#93250,POSITIVE_LENGTH_MEASURE(0.1),#93240);
#93270=PRESENTATION_STYLE_ASSIGNMENT((#93260));
#93280=(ANNOTATION_CURVE_OCCURRENCE() ANNOTATION_OCCURRENCE() 
DRAUGHTING_ANNOTATION_OCCURRENCE() GEOMETRIC_REPRESENTATION_ITEM() 
LEADER_CURVE() REPRESENTATION_ITEM('') STYLED_ITEM((#93270),#93230));
#93290=DRAUGHTING_PRE_DEFINED_TEXT_FONT('ISO 3098-1 font A');
#93300=TEXT_LITERAL('',
'\X2\8B66544A\X0\: \X2\30A230C930D030A430B6\X0\: \X2\7A1C7DDA304C77ED305
9304E307E3059\X0\',#93190,'baseline left',.RIGHT.,#93290);
#93310=DIMENSIONAL_EXPONENTS(1.,0.,0.,0.,0.,0.,0.);
#93320=DIMENSIONAL_EXPONENTS(0.,0.,0.,0.,0.,0.,0.);
#93330=DIMENSIONAL_EXPONENTS(0.,0.,0.,0.,0.,0.,0.);
#93340=(LENGTH_UNIT() NAMED_UNIT(*) SI_UNIT(.MILLI.,.METRE.));
#93350=(NAMED_UNIT(*) PLANE_ANGLE_UNIT() SI_UNIT($,.RADIAN.));
#93360=(NAMED_UNIT(*) SI_UNIT($,.STERADIAN.) SOLID_ANGLE_UNIT());
#93370=(GEOMETRIC_REPRESENTATION_CONTEXT(3) 
GLOBAL_UNCERTAINTY_ASSIGNED_CONTEXT((#93380)) 
GLOBAL_UNIT_ASSIGNED_CONTEXT((#93340,#93350,#93360)) 
REPRESENTATION_CONTEXT('',''));
#93380=UNCERTAINTY_MEASURE_WITH_UNIT(LENGTH_MEASURE(0.00023),#93340,
'distance_accuracy_value','maximum gap value');
#93390=SHAPE_REPRESENTATION('',(#15570,#16050,#16450,#16690,#18120,
#18360,#18750,#19070),#93370);
#93400=TEXT_STYLE_FOR_DEFINED_FONT(#93240);
#93410=TEXT_STYLE_WITH_BOX_CHARACTERISTICS('',#93400,(BOX_HEIGHT(
0.0516916945068834),BOX_WIDTH(0.0344783602360912),BOX_SLANT_ANGLE(0.),
BOX_ROTATE_ANGLE(0.)));
#93420=PRESENTATION_STYLE_ASSIGNMENT((#93410));
#93430=(ANNOTATION_OCCURRENCE() ANNOTATION_TEXT_OCCURRENCE() 
DRAUGHTING_ANNOTATION_OCCURRENCE() GEOMETRIC_REPRESENTATION_ITEM() 
REPRESENTATION_ITEM('') STYLED_ITEM((#93420),#93300));
#93440=ANNOTATION_OCCURRENCE_ASSOCIATIVITY('','',#93430,#93280);
#93450=SYMBOL_COLOUR(#93240);
#93460=SYMBOL_STYLE('',#93450);
#93470=PRESENTATION_STYLE_ASSIGNMENT((#93460));
#93480=PRE_DEFINED_TERMINATOR_SYMBOL('filled arrow');
#93490=CARTESIAN_POINT('',(0.700000000000176,-0.424999999999884,
0.194999999999942));
#93500=DIRECTION('',(1.,0.,0.));
#93510=DIRECTION('',(0.,1.,0.));
#93520=AXIS2_PLACEMENT_3D('',#93490,#93500,#93510);
#93530=SYMBOL_TARGET('',#93520,0.0516916945068834,0.0516916945068834);
#93540=DEFINED_SYMBOL('',#93480,#93530);
#93550=(ANNOTATION_OCCURRENCE() ANNOTATION_SYMBOL_OCCURRENCE() 
DRAUGHTING_ANNOTATION_OCCURRENCE() GEOMETRIC_REPRESENTATION_ITEM() 
LEADER_TERMINATOR() REPRESENTATION_ITEM('') STYLED_ITEM((#93470),#93540)
 TERMINATOR_SYMBOL(#93280));
#93560=LEADER_DIRECTED_CALLOUT('',(#93430,#93280,#93550));
#93570=SHAPE_REPRESENTATION('',(#93560),#93370);
#93580=CARTESIAN_POINT('',(-0.819982952489335,1.11911004205677,
1.03076033942473));
#93590=DIRECTION('',(0.,0.,1.));
#93600=DIRECTION('',(1.,0.,0.));
#93610=AXIS2_PLACEMENT_3D('',#93580,#93590,#93600);
#93620=CARTESIAN_POINT('',(-0.819982952489335,1.11911004205677,
1.03076033942473));
#93630=CARTESIAN_POINT('',(-0.871674646996219,1.11911004205677,
1.03076033942473));
#93640=CARTESIAN_POINT('',(-0.819982832297058,0.373036230122744,
0.409623261939071));
#93650=POLYLINE('',(#93620,#93630,#93640));
#93660=COLOUR_RGB('',0.,1.,1.);
#93670=DRAUGHTING_PRE_DEFINED_CURVE_FONT('continuous');
#93680=CURVE_STYLE('',#93670,POSITIVE_LENGTH_MEASURE(0.1),#93660);
#93690=PRESENTATION_STYLE_ASSIGNMENT((#93680));
#93700=(ANNOTATION_CURVE_OCCURRENCE() ANNOTATION_OCCURRENCE() 
DRAUGHTING_ANNOTATION_OCCURRENCE() GEOMETRIC_REPRESENTATION_ITEM() 
LEADER_CURVE() REPRESENTATION_ITEM('') STYLED_ITEM((#93690),#93650));
#93710=DRAUGHTING_PRE_DEFINED_TEXT_FONT('ISO 3098-1 font A');
#93720=TEXT_LITERAL('',
'\X2\8B66544A\X0\: \X2\30A230C930D030A430B6\X0\: \X2\7A1C7DDA304C77ED305
9304E307E3059\X0\',#93610,'baseline left',.RIGHT.,#93710);
#93730=DIMENSIONAL_EXPONENTS(1.,0.,0.,0.,0.,0.,0.);
#93740=DIMENSIONAL_EXPONENTS(0.,0.,0.,0.,0.,0.,0.);
#93750=DIMENSIONAL_EXPONENTS(0.,0.,0.,0.,0.,0.,0.);
#93760=(LENGTH_UNIT() NAMED_UNIT(*) SI_UNIT(.MILLI.,.METRE.));
#93770=(NAMED_UNIT(*) PLANE_ANGLE_UNIT() SI_UNIT($,.RADIAN.));
#93780=(NAMED_UNIT(*) SI_UNIT($,.STERADIAN.) SOLID_ANGLE_UNIT());
#93790=(GEOMETRIC_REPRESENTATION_CONTEXT(3) 
GLOBAL_UNCERTAINTY_ASSIGNED_CONTEXT((#93800)) 
GLOBAL_UNIT_ASSIGNED_CONTEXT((#93760,#93770,#93780)) 
REPRESENTATION_CONTEXT('',''));
#93800=UNCERTAINTY_MEASURE_WITH_UNIT(LENGTH_MEASURE(0.00023),#93760,
'distance_accuracy_value','maximum gap value');
#93810=SHAPE_REPRESENTATION('',(#71210,#68480,#78220,#57020),#93790);
#93820=TEXT_STYLE_FOR_DEFINED_FONT(#93660);
#93830=TEXT_STYLE_WITH_BOX_CHARACTERISTICS('',#93820,(BOX_HEIGHT(
0.0516916945068834),BOX_WIDTH(0.0344783602360912),BOX_SLANT_ANGLE(0.),
BOX_ROTATE_ANGLE(0.)));
#93840=PRESENTATION_STYLE_ASSIGNMENT((#93830));
#93850=(ANNOTATION_OCCURRENCE() ANNOTATION_TEXT_OCCURRENCE() 
DRAUGHTING_ANNOTATION_OCCURRENCE() GEOMETRIC_REPRESENTATION_ITEM() 
REPRESENTATION_ITEM('') STYLED_ITEM((#93840),#93720));
#93860=ANNOTATION_OCCURRENCE_ASSOCIATIVITY('','',#93850,#93700);
#93870=SYMBOL_COLOUR(#93660);
#93880=SYMBOL_STYLE('',#93870);
#93890=PRESENTATION_STYLE_ASSIGNMENT((#93880));
#93900=PRE_DEFINED_TERMINATOR_SYMBOL('filled arrow');
#93910=CARTESIAN_POINT('',(-0.819982832297058,0.373036230122744,
0.409623261939071));
#93920=DIRECTION('',(1.,0.,0.));
#93930=DIRECTION('',(0.,1.,0.));
#93940=AXIS2_PLACEMENT_3D('',#93910,#93920,#93930);
#93950=SYMBOL_TARGET('',#93940,0.0516916945068834,0.0516916945068834);
#93960=DEFINED_SYMBOL('',#93900,#93950);
#93970=(ANNOTATION_OCCURRENCE() ANNOTATION_SYMBOL_OCCURRENCE() 
DRAUGHTING_ANNOTATION_OCCURRENCE() GEOMETRIC_REPRESENTATION_ITEM() 
LEADER_TERMINATOR() REPRESENTATION_ITEM('') STYLED_ITEM((#93890),#93960)
 TERMINATOR_SYMBOL(#93700));
#93980=LEADER_DIRECTED_CALLOUT('',(#93850,#93700,#93970));
#93990=SHAPE_REPRESENTATION('',(#93980),#93790);
#94000=CARTESIAN_POINT('',(0.279999999999995,1.27500000000028,
-0.620760334110728));
#94010=DIRECTION('',(0.,0.,1.));
#94020=DIRECTION('',(1.,0.,0.));
#94030=AXIS2_PLACEMENT_3D('',#94000,#94010,#94020);
#94040=CARTESIAN_POINT('',(0.279999999999995,1.27500000000028,
-0.620760334110728));
#94050=CARTESIAN_POINT('',(0.228308305493112,1.27500000000028,
-0.620760334110728));
#94060=CARTESIAN_POINT('',(0.700000000000176,0.425000000000436,
0.194999999999942));
#94070=POLYLINE('',(#94040,#94050,#94060));
#94080=COLOUR_RGB('',0.,1.,1.);
#94090=DRAUGHTING_PRE_DEFINED_CURVE_FONT('continuous');
#94100=CURVE_STYLE('',#94090,POSITIVE_LENGTH_MEASURE(0.1),#94080);
#94110=PRESENTATION_STYLE_ASSIGNMENT((#94100));
#94120=(ANNOTATION_CURVE_OCCURRENCE() ANNOTATION_OCCURRENCE() 
DRAUGHTING_ANNOTATION_OCCURRENCE() GEOMETRIC_REPRESENTATION_ITEM() 
LEADER_CURVE() REPRESENTATION_ITEM('') STYLED_ITEM((#94110),#94070));
#94130=DRAUGHTING_PRE_DEFINED_TEXT_FONT('ISO 3098-1 font A');
#94140=TEXT_LITERAL('',
'\X2\8B66544A\X0\: \X2\30A230C930D030A430B6\X0\: \X2\7A1C7DDA304C77ED305
9304E307E3059\X0\',#94030,'baseline left',.RIGHT.,#94130);
#94150=DIMENSIONAL_EXPONENTS(1.,0.,0.,0.,0.,0.,0.);
#94160=DIMENSIONAL_EXPONENTS(0.,0.,0.,0.,0.,0.,0.);
#94170=DIMENSIONAL_EXPONENTS(0.,0.,0.,0.,0.,0.,0.);
#94180=(LENGTH_UNIT() NAMED_UNIT(*) SI_UNIT(.MILLI.,.METRE.));
#94190=(NAMED_UNIT(*) PLANE_ANGLE_UNIT() SI_UNIT($,.RADIAN.));
#94200=(NAMED_UNIT(*) SI_UNIT($,.STERADIAN.) SOLID_ANGLE_UNIT());
#94210=(GEOMETRIC_REPRESENTATION_CONTEXT(3) 
GLOBAL_UNCERTAINTY_ASSIGNED_CONTEXT((#94220)) 
GLOBAL_UNIT_ASSIGNED_CONTEXT((#94180,#94190,#94200)) 
REPRESENTATION_CONTEXT('',''));
#94220=UNCERTAINTY_MEASURE_WITH_UNIT(LENGTH_MEASURE(0.00023),#94180,
'distance_accuracy_value','maximum gap value');
#94230=SHAPE_REPRESENTATION('',(#58580,#57890,#57730,#60420,#61410,
#62120,#62900,#63210),#94210);
#94240=TEXT_STYLE_FOR_DEFINED_FONT(#94080);
#94250=TEXT_STYLE_WITH_BOX_CHARACTERISTICS('',#94240,(BOX_HEIGHT(
0.0516916945068834),BOX_WIDTH(0.0344783602360912),BOX_SLANT_ANGLE(0.),
BOX_ROTATE_ANGLE(0.)));
#94260=PRESENTATION_STYLE_ASSIGNMENT((#94250));
#94270=(ANNOTATION_OCCURRENCE() ANNOTATION_TEXT_OCCURRENCE() 
DRAUGHTING_ANNOTATION_OCCURRENCE() GEOMETRIC_REPRESENTATION_ITEM() 
REPRESENTATION_ITEM('') STYLED_ITEM((#94260),#94140));
#94280=ANNOTATION_OCCURRENCE_ASSOCIATIVITY('','',#94270,#94120);
#94290=SYMBOL_COLOUR(#94080);
#94300=SYMBOL_STYLE('',#94290);
#94310=PRESENTATION_STYLE_ASSIGNMENT((#94300));
#94320=PRE_DEFINED_TERMINATOR_SYMBOL('filled arrow');
#94330=CARTESIAN_POINT('',(0.700000000000176,0.425000000000436,
0.194999999999942));
#94340=DIRECTION('',(1.,0.,0.));
#94350=DIRECTION('',(0.,1.,0.));
#94360=AXIS2_PLACEMENT_3D('',#94330,#94340,#94350);
#94370=SYMBOL_TARGET('',#94360,0.0516916945068834,0.0516916945068834);
#94380=DEFINED_SYMBOL('',#94320,#94370);
#94390=(ANNOTATION_OCCURRENCE() ANNOTATION_SYMBOL_OCCURRENCE() 
DRAUGHTING_ANNOTATION_OCCURRENCE() GEOMETRIC_REPRESENTATION_ITEM() 
LEADER_TERMINATOR() REPRESENTATION_ITEM('') STYLED_ITEM((#94310),#94380)
 TERMINATOR_SYMBOL(#94120));
#94400=LEADER_DIRECTED_CALLOUT('',(#94270,#94120,#94390));
#94410=SHAPE_REPRESENTATION('',(#94400),#94210);
#94420=CARTESIAN_POINT('',(0.,0.,0.));
#94430=DIRECTION('',(0.,0.,1.));
#94440=DIRECTION('',(1.,0.,0.));
#94450=AXIS2_PLACEMENT_3D('',#94420,#94430,#94440);
#94460=APPLICATION_CONTEXT(' ');
#94470=APPLICATION_PROTOCOL_DEFINITION(' ','automotive_design',1998,
#94460);
#94480=PRODUCT_CONTEXT('',#94460,'mechanical');
#94490=PRODUCT_DEFINITION_CONTEXT('part definition',#94460,'design');
#94500=PRODUCT('BM29B-2DP2-0_35V_PRT.PRT','BM29B-2DP2-0_35V_PRT.PRT','',
(#94480));
#94510=PRODUCT_RELATED_PRODUCT_CATEGORY('part',' ',(#94500));
#94520=PRODUCT_DEFINITION_FORMATION_WITH_SPECIFIED_SOURCE('','',#94500,
.BOUGHT.);
#94530=PRODUCT_DEFINITION('',' ',#94520,#94490);
#94540=PRODUCT_DEFINITION_SHAPE('','',#94530);
#94550=DIMENSIONAL_EXPONENTS(1.,0.,0.,0.,0.,0.,0.);
#94560=DIMENSIONAL_EXPONENTS(0.,0.,0.,0.,0.,0.,0.);
#94570=DIMENSIONAL_EXPONENTS(0.,0.,0.,0.,0.,0.,0.);
#94580=(LENGTH_UNIT() NAMED_UNIT(*) SI_UNIT(.MILLI.,.METRE.));
#94590=(NAMED_UNIT(*) PLANE_ANGLE_UNIT() SI_UNIT($,.RADIAN.));
#94600=(NAMED_UNIT(*) SI_UNIT($,.STERADIAN.) SOLID_ANGLE_UNIT());
#94610=(GEOMETRIC_REPRESENTATION_CONTEXT(3) 
GLOBAL_UNCERTAINTY_ASSIGNED_CONTEXT((#94620)) 
GLOBAL_UNIT_ASSIGNED_CONTEXT((#94580,#94590,#94600)) 
REPRESENTATION_CONTEXT('',''));
#94620=UNCERTAINTY_MEASURE_WITH_UNIT(LENGTH_MEASURE(0.00023),#94580,
'distance_accuracy_value','maximum gap value');
#94630=SHAPE_REPRESENTATION('',(#94450,#92730,#92880,#92860,#93300,
#93280,#93720,#93700,#94140,#94120),#94610);
#94640=SHAPE_DEFINITION_REPRESENTATION(#94540,#94630);
#94650=SHAPE_ASPECT('','',#94540,.T.);
#94660=PROPERTY_DEFINITION('','',#94650);
#94670=SHAPE_DEFINITION_REPRESENTATION(#94660,#92970);
#94680=SHAPE_ASPECT('','',#94540,.F.);
#94690=PROPERTY_DEFINITION('','',#94680);
#94700=SHAPE_DEFINITION_REPRESENTATION(#94690,#93150);
#94710=SHAPE_ASPECT_ASSOCIATIVITY('','',#94650,#94680);
#94720=SHAPE_ASPECT('','',#94540,.T.);
#94730=PROPERTY_DEFINITION('','',#94720);
#94740=SHAPE_DEFINITION_REPRESENTATION(#94730,#93390);
#94750=SHAPE_ASPECT('','',#94540,.F.);
#94760=PROPERTY_DEFINITION('','',#94750);
#94770=SHAPE_DEFINITION_REPRESENTATION(#94760,#93570);
#94780=SHAPE_ASPECT_ASSOCIATIVITY('','',#94720,#94750);
#94790=SHAPE_ASPECT('','',#94540,.T.);
#94800=PROPERTY_DEFINITION('','',#94790);
#94810=SHAPE_DEFINITION_REPRESENTATION(#94800,#93810);
#94820=SHAPE_ASPECT('','',#94540,.F.);
#94830=PROPERTY_DEFINITION('','',#94820);
#94840=SHAPE_DEFINITION_REPRESENTATION(#94830,#93990);
#94850=SHAPE_ASPECT_ASSOCIATIVITY('','',#94790,#94820);
#94860=SHAPE_ASPECT('','',#94540,.T.);
#94870=PROPERTY_DEFINITION('','',#94860);
#94880=SHAPE_DEFINITION_REPRESENTATION(#94870,#94230);
#94890=SHAPE_ASPECT('','',#94540,.F.);
#94900=PROPERTY_DEFINITION('','',#94890);
#94910=SHAPE_DEFINITION_REPRESENTATION(#94900,#94410);
#94920=SHAPE_ASPECT_ASSOCIATIVITY('','',#94860,#94890);
#94930=COLOUR_RGB('',0.600000023841858,0.600000023841858,
0.600000023841858);
#94940=FILL_AREA_STYLE_COLOUR('',#94930);
#94950=FILL_AREA_STYLE('',(#94940));
#94960=SURFACE_STYLE_FILL_AREA(#94950);
#94970=SURFACE_SIDE_STYLE('',(#94960));
#94980=SURFACE_STYLE_USAGE(.BOTH.,#94970);
#94990=PRESENTATION_STYLE_ASSIGNMENT((#94980));
#95000=STYLED_ITEM('',(#94990),#92730);
#95010=OVER_RIDING_STYLED_ITEM('',(#470),#400,#95000);
#95020=OVER_RIDING_STYLED_ITEM('',(#940),#870,#95000);
#95030=OVER_RIDING_STYLED_ITEM('',(#1430),#1360,#95000);
#95040=OVER_RIDING_STYLED_ITEM('',(#3040),#2970,#95000);
#95050=OVER_RIDING_STYLED_ITEM('',(#3510),#3440,#95000);
#95060=OVER_RIDING_STYLED_ITEM('',(#4000),#3930,#95000);
#95070=OVER_RIDING_STYLED_ITEM('',(#7030),#6960,#95000);
#95080=OVER_RIDING_STYLED_ITEM('',(#8280),#8210,#95000);
#95090=OVER_RIDING_STYLED_ITEM('',(#8660),#8590,#95000);
#95100=OVER_RIDING_STYLED_ITEM('',(#9380),#9310,#95000);
#95110=OVER_RIDING_STYLED_ITEM('',(#9760),#9690,#95000);
#95120=OVER_RIDING_STYLED_ITEM('',(#10300),#10230,#95000);
#95130=OVER_RIDING_STYLED_ITEM('',(#10500),#10430,#95000);
#95140=OVER_RIDING_STYLED_ITEM('',(#10900),#10830,#95000);
#95150=OVER_RIDING_STYLED_ITEM('',(#11280),#11210,#95000);
#95160=OVER_RIDING_STYLED_ITEM('',(#11590),#11520,#95000);
#95170=OVER_RIDING_STYLED_ITEM('',(#11900),#11830,#95000);
#95180=OVER_RIDING_STYLED_ITEM('',(#14820),#14750,#95000);
#95190=OVER_RIDING_STYLED_ITEM('',(#15450),#15380,#95000);
#95200=OVER_RIDING_STYLED_ITEM('',(#15930),#15860,#95000);
#95210=OVER_RIDING_STYLED_ITEM('',(#16250),#16180,#95000);
#95220=OVER_RIDING_STYLED_ITEM('',(#16560),#16490,#95000);
#95230=OVER_RIDING_STYLED_ITEM('',(#16880),#16810,#95000);
#95240=OVER_RIDING_STYLED_ITEM('',(#17350),#17280,#95000);
#95250=OVER_RIDING_STYLED_ITEM('',(#17670),#17600,#95000);
#95260=OVER_RIDING_STYLED_ITEM('',(#18230),#18160,#95000);
#95270=OVER_RIDING_STYLED_ITEM('',(#18550),#18480,#95000);
#95280=OVER_RIDING_STYLED_ITEM('',(#18860),#18790,#95000);
#95290=OVER_RIDING_STYLED_ITEM('',(#19180),#19110,#95000);
#95300=OVER_RIDING_STYLED_ITEM('',(#19750),#19680,#95000);
#95310=OVER_RIDING_STYLED_ITEM('',(#20070),#20000,#95000);
#95320=OVER_RIDING_STYLED_ITEM('',(#20630),#20560,#95000);
#95330=OVER_RIDING_STYLED_ITEM('',(#20950),#20880,#95000);
#95340=OVER_RIDING_STYLED_ITEM('',(#21260),#21190,#95000);
#95350=OVER_RIDING_STYLED_ITEM('',(#21580),#21510,#95000);
#95360=OVER_RIDING_STYLED_ITEM('',(#22150),#22080,#95000);
#95370=OVER_RIDING_STYLED_ITEM('',(#22600),#22530,#95000);
#95380=OVER_RIDING_STYLED_ITEM('',(#22940),#22870,#95000);
#95390=OVER_RIDING_STYLED_ITEM('',(#23330),#23260,#95000);
#95400=OVER_RIDING_STYLED_ITEM('',(#23710),#23640,#95000);
#95410=OVER_RIDING_STYLED_ITEM('',(#23950),#23880,#95000);
#95420=OVER_RIDING_STYLED_ITEM('',(#24600),#24530,#95000);
#95430=OVER_RIDING_STYLED_ITEM('',(#24980),#24910,#95000);
#95440=OVER_RIDING_STYLED_ITEM('',(#25460),#25390,#95000);
#95450=OVER_RIDING_STYLED_ITEM('',(#25880),#25810,#95000);
#95460=OVER_RIDING_STYLED_ITEM('',(#27740),#27670,#95000);
#95470=OVER_RIDING_STYLED_ITEM('',(#28110),#28040,#95000);
#95480=OVER_RIDING_STYLED_ITEM('',(#28620),#28550,#95000);
#95490=OVER_RIDING_STYLED_ITEM('',(#28860),#28790,#95000);
#95500=OVER_RIDING_STYLED_ITEM('',(#29270),#29200,#95000);
#95510=OVER_RIDING_STYLED_ITEM('',(#30460),#30390,#95000);
#95520=OVER_RIDING_STYLED_ITEM('',(#31620),#31550,#95000);
#95530=OVER_RIDING_STYLED_ITEM('',(#32080),#32010,#95000);
#95540=OVER_RIDING_STYLED_ITEM('',(#32420),#32350,#95000);
#95550=OVER_RIDING_STYLED_ITEM('',(#32660),#32590,#95000);
#95560=OVER_RIDING_STYLED_ITEM('',(#32850),#32780,#95000);
#95570=OVER_RIDING_STYLED_ITEM('',(#33720),#33650,#95000);
#95580=OVER_RIDING_STYLED_ITEM('',(#34220),#34150,#95000);
#95590=OVER_RIDING_STYLED_ITEM('',(#34690),#34620,#95000);
#95600=OVER_RIDING_STYLED_ITEM('',(#35070),#35000,#95000);
#95610=OVER_RIDING_STYLED_ITEM('',(#35310),#35240,#95000);
#95620=OVER_RIDING_STYLED_ITEM('',(#35870),#35800,#95000);
#95630=OVER_RIDING_STYLED_ITEM('',(#36180),#36110,#95000);
#95640=OVER_RIDING_STYLED_ITEM('',(#36430),#36360,#95000);
#95650=OVER_RIDING_STYLED_ITEM('',(#36740),#36670,#95000);
#95660=OVER_RIDING_STYLED_ITEM('',(#37010),#36940,#95000);
#95670=OVER_RIDING_STYLED_ITEM('',(#37310),#37240,#95000);
#95680=OVER_RIDING_STYLED_ITEM('',(#37690),#37620,#95000);
#95690=OVER_RIDING_STYLED_ITEM('',(#38160),#38090,#95000);
#95700=OVER_RIDING_STYLED_ITEM('',(#38400),#38330,#95000);
#95710=OVER_RIDING_STYLED_ITEM('',(#38740),#38670,#95000);
#95720=OVER_RIDING_STYLED_ITEM('',(#39000),#38930,#95000);
#95730=OVER_RIDING_STYLED_ITEM('',(#39410),#39340,#95000);
#95740=OVER_RIDING_STYLED_ITEM('',(#40460),#40390,#95000);
#95750=OVER_RIDING_STYLED_ITEM('',(#41380),#41310,#95000);
#95760=OVER_RIDING_STYLED_ITEM('',(#41810),#41740,#95000);
#95770=OVER_RIDING_STYLED_ITEM('',(#42120),#42050,#95000);
#95780=OVER_RIDING_STYLED_ITEM('',(#42360),#42290,#95000);
#95790=OVER_RIDING_STYLED_ITEM('',(#42670),#42600,#95000);
#95800=OVER_RIDING_STYLED_ITEM('',(#42930),#42860,#95000);
#95810=OVER_RIDING_STYLED_ITEM('',(#43170),#43100,#95000);
#95820=OVER_RIDING_STYLED_ITEM('',(#43410),#43340,#95000);
#95830=OVER_RIDING_STYLED_ITEM('',(#43600),#43530,#95000);
#95840=OVER_RIDING_STYLED_ITEM('',(#43860),#43790,#95000);
#95850=OVER_RIDING_STYLED_ITEM('',(#44100),#44030,#95000);
#95860=OVER_RIDING_STYLED_ITEM('',(#44290),#44220,#95000);
#95870=OVER_RIDING_STYLED_ITEM('',(#44860),#44790,#95000);
#95880=OVER_RIDING_STYLED_ITEM('',(#45660),#45590,#95000);
#95890=OVER_RIDING_STYLED_ITEM('',(#45850),#45780,#95000);
#95900=OVER_RIDING_STYLED_ITEM('',(#46170),#46100,#95000);
#95910=OVER_RIDING_STYLED_ITEM('',(#46410),#46340,#95000);
#95920=OVER_RIDING_STYLED_ITEM('',(#46820),#46750,#95000);
#95930=OVER_RIDING_STYLED_ITEM('',(#47200),#47130,#95000);
#95940=OVER_RIDING_STYLED_ITEM('',(#47440),#47370,#95000);
#95950=OVER_RIDING_STYLED_ITEM('',(#47830),#47760,#95000);
#95960=OVER_RIDING_STYLED_ITEM('',(#48020),#47950,#95000);
#95970=OVER_RIDING_STYLED_ITEM('',(#48330),#48260,#95000);
#95980=OVER_RIDING_STYLED_ITEM('',(#48640),#48570,#95000);
#95990=OVER_RIDING_STYLED_ITEM('',(#48950),#48880,#95000);
#96000=OVER_RIDING_STYLED_ITEM('',(#49490),#49420,#95000);
#96010=OVER_RIDING_STYLED_ITEM('',(#49870),#49800,#95000);
#96020=OVER_RIDING_STYLED_ITEM('',(#50180),#50110,#95000);
#96030=OVER_RIDING_STYLED_ITEM('',(#50630),#50560,#95000);
#96040=OVER_RIDING_STYLED_ITEM('',(#50820),#50750,#95000);
#96050=OVER_RIDING_STYLED_ITEM('',(#51130),#51060,#95000);
#96060=OVER_RIDING_STYLED_ITEM('',(#51440),#51370,#95000);
#96070=OVER_RIDING_STYLED_ITEM('',(#51750),#51680,#95000);
#96080=OVER_RIDING_STYLED_ITEM('',(#52020),#51950,#95000);
#96090=OVER_RIDING_STYLED_ITEM('',(#52230),#52160,#95000);
#96100=OVER_RIDING_STYLED_ITEM('',(#52420),#52350,#95000);
#96110=OVER_RIDING_STYLED_ITEM('',(#52630),#52560,#95000);
#96120=OVER_RIDING_STYLED_ITEM('',(#52830),#52760,#95000);
#96130=OVER_RIDING_STYLED_ITEM('',(#53070),#53000,#95000);
#96140=OVER_RIDING_STYLED_ITEM('',(#53380),#53310,#95000);
#96150=OVER_RIDING_STYLED_ITEM('',(#53620),#53550,#95000);
#96160=OVER_RIDING_STYLED_ITEM('',(#53860),#53790,#95000);
#96170=OVER_RIDING_STYLED_ITEM('',(#54050),#53980,#95000);
#96180=OVER_RIDING_STYLED_ITEM('',(#54290),#54220,#95000);
#96190=OVER_RIDING_STYLED_ITEM('',(#54920),#54850,#95000);
#96200=OVER_RIDING_STYLED_ITEM('',(#55390),#55320,#95000);
#96210=OVER_RIDING_STYLED_ITEM('',(#55860),#55790,#95000);
#96220=OVER_RIDING_STYLED_ITEM('',(#56180),#56110,#95000);
#96230=OVER_RIDING_STYLED_ITEM('',(#56560),#56490,#95000);
#96240=OVER_RIDING_STYLED_ITEM('',(#57210),#57140,#95000);
#96250=OVER_RIDING_STYLED_ITEM('',(#57590),#57520,#95000);
#96260=OVER_RIDING_STYLED_ITEM('',(#58060),#57990,#95000);
#96270=OVER_RIDING_STYLED_ITEM('',(#58690),#58620,#95000);
#96280=OVER_RIDING_STYLED_ITEM('',(#59000),#58930,#95000);
#96290=OVER_RIDING_STYLED_ITEM('',(#59320),#59250,#95000);
#96300=OVER_RIDING_STYLED_ITEM('',(#59630),#59560,#95000);
#96310=OVER_RIDING_STYLED_ITEM('',(#59940),#59870,#95000);
#96320=OVER_RIDING_STYLED_ITEM('',(#60280),#60210,#95000);
#96330=OVER_RIDING_STYLED_ITEM('',(#60600),#60530,#95000);
#96340=OVER_RIDING_STYLED_ITEM('',(#60950),#60880,#95000);
#96350=OVER_RIDING_STYLED_ITEM('',(#61270),#61200,#95000);
#96360=OVER_RIDING_STYLED_ITEM('',(#61900),#61830,#95000);
#96370=OVER_RIDING_STYLED_ITEM('',(#62300),#62230,#95000);
#96380=OVER_RIDING_STYLED_ITEM('',(#62780),#62710,#95000);
#96390=OVER_RIDING_STYLED_ITEM('',(#63090),#63020,#95000);
#96400=OVER_RIDING_STYLED_ITEM('',(#63410),#63340,#95000);
#96410=OVER_RIDING_STYLED_ITEM('',(#63960),#63890,#95000);
#96420=OVER_RIDING_STYLED_ITEM('',(#64200),#64130,#95000);
#96430=OVER_RIDING_STYLED_ITEM('',(#64440),#64370,#95000);
#96440=OVER_RIDING_STYLED_ITEM('',(#64630),#64560,#95000);
#96450=OVER_RIDING_STYLED_ITEM('',(#64950),#64880,#95000);
#96460=OVER_RIDING_STYLED_ITEM('',(#65580),#65510,#95000);
#96470=OVER_RIDING_STYLED_ITEM('',(#65900),#65830,#95000);
#96480=OVER_RIDING_STYLED_ITEM('',(#66300),#66230,#95000);
#96490=OVER_RIDING_STYLED_ITEM('',(#66780),#66710,#95000);
#96500=OVER_RIDING_STYLED_ITEM('',(#67090),#67020,#95000);
#96510=OVER_RIDING_STYLED_ITEM('',(#67330),#67260,#95000);
#96520=OVER_RIDING_STYLED_ITEM('',(#67640),#67570,#95000);
#96530=OVER_RIDING_STYLED_ITEM('',(#67960),#67890,#95000);
#96540=OVER_RIDING_STYLED_ITEM('',(#68310),#68240,#95000);
#96550=OVER_RIDING_STYLED_ITEM('',(#68880),#68810,#95000);
#96560=OVER_RIDING_STYLED_ITEM('',(#69500),#69430,#95000);
#96570=OVER_RIDING_STYLED_ITEM('',(#70780),#70710,#95000);
#96580=OVER_RIDING_STYLED_ITEM('',(#71320),#71250,#95000);
#96590=OVER_RIDING_STYLED_ITEM('',(#72420),#72350,#95000);
#96600=OVER_RIDING_STYLED_ITEM('',(#72800),#72730,#95000);
#96610=OVER_RIDING_STYLED_ITEM('',(#73190),#73120,#95000);
#96620=OVER_RIDING_STYLED_ITEM('',(#73500),#73430,#95000);
#96630=OVER_RIDING_STYLED_ITEM('',(#74480),#74410,#95000);
#96640=OVER_RIDING_STYLED_ITEM('',(#74810),#74740,#95000);
#96650=OVER_RIDING_STYLED_ITEM('',(#75290),#75220,#95000);
#96660=OVER_RIDING_STYLED_ITEM('',(#75490),#75420,#95000);
#96670=OVER_RIDING_STYLED_ITEM('',(#75680),#75610,#95000);
#96680=OVER_RIDING_STYLED_ITEM('',(#76060),#75990,#95000);
#96690=OVER_RIDING_STYLED_ITEM('',(#76300),#76230,#95000);
#96700=OVER_RIDING_STYLED_ITEM('',(#76560),#76490,#95000);
#96710=OVER_RIDING_STYLED_ITEM('',(#76750),#76680,#95000);
#96720=OVER_RIDING_STYLED_ITEM('',(#77150),#77080,#95000);
#96730=OVER_RIDING_STYLED_ITEM('',(#77600),#77530,#95000);
#96740=OVER_RIDING_STYLED_ITEM('',(#77790),#77720,#95000);
#96750=OVER_RIDING_STYLED_ITEM('',(#77980),#77910,#95000);
#96760=OVER_RIDING_STYLED_ITEM('',(#78520),#78450,#95000);
#96770=OVER_RIDING_STYLED_ITEM('',(#79170),#79100,#95000);
#96780=OVER_RIDING_STYLED_ITEM('',(#79410),#79340,#95000);
#96790=OVER_RIDING_STYLED_ITEM('',(#79790),#79720,#95000);
#96800=OVER_RIDING_STYLED_ITEM('',(#80280),#80210,#95000);
#96810=OVER_RIDING_STYLED_ITEM('',(#80640),#80570,#95000);
#96820=OVER_RIDING_STYLED_ITEM('',(#81060),#80990,#95000);
#96830=OVER_RIDING_STYLED_ITEM('',(#81370),#81300,#95000);
#96840=OVER_RIDING_STYLED_ITEM('',(#82510),#82440,#95000);
#96850=OVER_RIDING_STYLED_ITEM('',(#83560),#83490,#95000);
#96860=OVER_RIDING_STYLED_ITEM('',(#84480),#84410,#95000);
#96870=OVER_RIDING_STYLED_ITEM('',(#84770),#84700,#95000);
#96880=OVER_RIDING_STYLED_ITEM('',(#84970),#84900,#95000);
#96890=OVER_RIDING_STYLED_ITEM('',(#85170),#85100,#95000);
#96900=OVER_RIDING_STYLED_ITEM('',(#85480),#85410,#95000);
#96910=OVER_RIDING_STYLED_ITEM('',(#85670),#85600,#95000);
#96920=OVER_RIDING_STYLED_ITEM('',(#86610),#86540,#95000);
#96930=OVER_RIDING_STYLED_ITEM('',(#87020),#86950,#95000);
#96940=OVER_RIDING_STYLED_ITEM('',(#87210),#87140,#95000);
#96950=OVER_RIDING_STYLED_ITEM('',(#87530),#87460,#95000);
#96960=OVER_RIDING_STYLED_ITEM('',(#87770),#87700,#95000);
#96970=OVER_RIDING_STYLED_ITEM('',(#88240),#88170,#95000);
#96980=OVER_RIDING_STYLED_ITEM('',(#88620),#88550,#95000);
#96990=OVER_RIDING_STYLED_ITEM('',(#88910),#88840,#95000);
#97000=OVER_RIDING_STYLED_ITEM('',(#89220),#89150,#95000);
#97010=OVER_RIDING_STYLED_ITEM('',(#89530),#89460,#95000);
#97020=OVER_RIDING_STYLED_ITEM('',(#89770),#89700,#95000);
#97030=OVER_RIDING_STYLED_ITEM('',(#89990),#89920,#95000);
#97040=OVER_RIDING_STYLED_ITEM('',(#90400),#90330,#95000);
#97050=OVER_RIDING_STYLED_ITEM('',(#90710),#90640,#95000);
#97060=OVER_RIDING_STYLED_ITEM('',(#91020),#90950,#95000);
#97070=OVER_RIDING_STYLED_ITEM('',(#91260),#91190,#95000);
#97080=OVER_RIDING_STYLED_ITEM('',(#91530),#91460,#95000);
#97090=OVER_RIDING_STYLED_ITEM('',(#91810),#91740,#95000);
#97100=OVER_RIDING_STYLED_ITEM('',(#92060),#91990,#95000);
#97110=OVER_RIDING_STYLED_ITEM('',(#92280),#92210,#95000);
#97120=OVER_RIDING_STYLED_ITEM('',(#92520),#92450,#95000);
#97130=OVER_RIDING_STYLED_ITEM('',(#92710),#92640,#95000);
#97140=DRAUGHTING_MODEL('',(#93010,#92860,#93130,#93430,#93280,#93550,
#93850,#93700,#93970,#94270,#94120,#94390,#95000,#95010,#95020,#95030,
#95040,#95050,#95060,#95070,#95080,#95090,#95100,#95110,#95120,#95130,
#95140,#95150,#95160,#95170,#95180,#95190,#95200,#95210,#95220,#95230,
#95240,#95250,#95260,#95270,#95280,#95290,#95300,#95310,#95320,#95330,
#95340,#95350,#95360,#95370,#95380,#95390,#95400,#95410,#95420,#95430,
#95440,#95450,#95460,#95470,#95480,#95490,#95500,#95510,#95520,#95530,
#95540,#95550,#95560,#95570,#95580,#95590,#95600,#95610,#95620,#95630,
#95640,#95650,#95660,#95670,#95680,#95690,#95700,#95710,#95720,#95730,
#95740,#95750,#95760,#95770,#95780,#95790,#95800,#95810,#95820,#95830,
#95840,#95850,#95860,#95870,#95880,#95890,#95900,#95910,#95920,#95930,
#95940,#95950,#95960,#95970,#95980,#95990,#96000,#96010,#96020,#96030,
#96040,#96050,#96060,#96070,#96080,#96090,#96100,#96110,#96120,#96130,
#96140,#96150,#96160,#96170,#96180,#96190,#96200,#96210,#96220,#96230,
#96240,#96250,#96260,#96270,#96280,#96290,#96300,#96310,#96320,#96330,
#96340,#96350,#96360,#96370,#96380,#96390,#96400,#96410,#96420,#96430,
#96440,#96450,#96460,#96470,#96480,#96490,#96500,#96510,#96520,#96530,
#96540,#96550,#96560,#96570,#96580,#96590,#96600,#96610,#96620,#96630,
#96640,#96650,#96660,#96670,#96680,#96690,#96700,#96710,#96720,#96730,
#96740,#96750,#96760,#96770,#96780,#96790,#96800,#96810,#96820,#96830,
#96840,#96850,#96860,#96870,#96880,#96890,#96900,#96910,#96920,#96930,
#96940,#96950,#96960,#96970,#96980,#96990,#97000,#97010,#97020,#97030,
#97040,#97050,#97060,#97070,#97080,#97090,#97100,#97110,#97120,#97130),
#94610);
#97150=CARTESIAN_POINT('',(0.,0.,0.));
#97160=DIRECTION('',(0.,0.,1.));
#97170=DIRECTION('',(1.,0.,0.));
#97180=AXIS2_PLACEMENT_3D('',#97150,#97160,#97170);
#97190=ITEM_DEFINED_TRANSFORMATION('BM29B-2DP2-0_35V_PRT.PRT','',#94450,
#97180);
#97200=APPLICATION_CONTEXT(' ');
#97210=APPLICATION_PROTOCOL_DEFINITION(' ','automotive_design',1998,
#97200);
#97220=PRODUCT_CONTEXT('',#97200,'mechanical');
#97230=PRODUCT_DEFINITION_CONTEXT('part definition',#97200,'design');
#97240=PRODUCT('BM29B-2DP2-0_35V_STP.ASM','BM29B-2DP2-0_35V_STP.ASM','',
(#97220));
#97250=PRODUCT_RELATED_PRODUCT_CATEGORY('part',' ',(#97240));
#97260=PRODUCT_DEFINITION_FORMATION_WITH_SPECIFIED_SOURCE('','',#97240,
.BOUGHT.);
#97270=PRODUCT_DEFINITION('',' ',#97260,#97230);
#97280=PRODUCT_DEFINITION_SHAPE('','',#97270);
#97290=DIMENSIONAL_EXPONENTS(1.,0.,0.,0.,0.,0.,0.);
#97300=DIMENSIONAL_EXPONENTS(0.,0.,0.,0.,0.,0.,0.);
#97310=DIMENSIONAL_EXPONENTS(0.,0.,0.,0.,0.,0.,0.);
#97320=(LENGTH_UNIT() NAMED_UNIT(*) SI_UNIT(.MILLI.,.METRE.));
#97330=(NAMED_UNIT(*) PLANE_ANGLE_UNIT() SI_UNIT($,.RADIAN.));
#97340=(NAMED_UNIT(*) SI_UNIT($,.STERADIAN.) SOLID_ANGLE_UNIT());
#97350=(GEOMETRIC_REPRESENTATION_CONTEXT(3) 
GLOBAL_UNCERTAINTY_ASSIGNED_CONTEXT((#97360)) 
GLOBAL_UNIT_ASSIGNED_CONTEXT((#97320,#97330,#97340)) 
REPRESENTATION_CONTEXT('',''));
#97360=UNCERTAINTY_MEASURE_WITH_UNIT(LENGTH_MEASURE(0.00023),#97320,
'distance_accuracy_value','maximum gap value');
#97370=SHAPE_REPRESENTATION('',(#94450,#97180),#97350);
#97380=SHAPE_DEFINITION_REPRESENTATION(#97280,#97370);
#97390=(REPRESENTATION_RELATIONSHIP('','',#94630,#97370) 
REPRESENTATION_RELATIONSHIP_WITH_TRANSFORMATION(#97190) 
SHAPE_REPRESENTATION_RELATIONSHIP());
#97400=NEXT_ASSEMBLY_USAGE_OCCURRENCE('1','','BM29B-2DP2-0_35V_PRT.PRT',
#97270,#94530,'');
#97410=PRODUCT_DEFINITION_SHAPE('','',#97400);
#97420=CONTEXT_DEPENDENT_SHAPE_REPRESENTATION(#97390,#97410);
#97430=CARTESIAN_POINT('',(0.,0.,0.));
#97440=DIRECTION('',(0.,0.,1.));
#97450=DIRECTION('',(1.,0.,0.));
#97460=AXIS2_PLACEMENT_3D('',#97430,#97440,#97450);
#97470=ITEM_DEFINED_TRANSFORMATION('BM29B-2DP2-0_35V_STP.ASM','',#94450,
#97460);
#97480=APPLICATION_CONTEXT(' ');
#97490=APPLICATION_PROTOCOL_DEFINITION(' ','automotive_design',1998,
#97480);
#97500=PRODUCT_CONTEXT('',#97480,'mechanical');
#97510=PRODUCT_DEFINITION_CONTEXT('part definition',#97480,'design');
#97520=PRODUCT('2DP.stp','2DP.stp','',(#97500));
#97530=PRODUCT_RELATED_PRODUCT_CATEGORY('part',' ',(#97520));
#97540=PRODUCT_DEFINITION_FORMATION_WITH_SPECIFIED_SOURCE('','',#97520,
.BOUGHT.);
#97550=PRODUCT_DEFINITION('',' ',#97540,#97510);
#97560=PRODUCT_DEFINITION_SHAPE('','',#97550);
#97570=DIMENSIONAL_EXPONENTS(1.,0.,0.,0.,0.,0.,0.);
#97580=DIMENSIONAL_EXPONENTS(0.,0.,0.,0.,0.,0.,0.);
#97590=DIMENSIONAL_EXPONENTS(0.,0.,0.,0.,0.,0.,0.);
#97600=(LENGTH_UNIT() NAMED_UNIT(*) SI_UNIT(.MILLI.,.METRE.));
#97610=(NAMED_UNIT(*) PLANE_ANGLE_UNIT() SI_UNIT($,.RADIAN.));
#97620=(NAMED_UNIT(*) SI_UNIT($,.STERADIAN.) SOLID_ANGLE_UNIT());
#97630=(GEOMETRIC_REPRESENTATION_CONTEXT(3) 
GLOBAL_UNCERTAINTY_ASSIGNED_CONTEXT((#97640)) 
GLOBAL_UNIT_ASSIGNED_CONTEXT((#97600,#97610,#97620)) 
REPRESENTATION_CONTEXT('',''));
#97640=UNCERTAINTY_MEASURE_WITH_UNIT(LENGTH_MEASURE(0.00023),#97600,
'distance_accuracy_value','maximum gap value');
#97650=SHAPE_REPRESENTATION('',(#94450,#97460),#97630);
#97660=SHAPE_DEFINITION_REPRESENTATION(#97560,#97650);
#97670=(REPRESENTATION_RELATIONSHIP('','',#97370,#97650) 
REPRESENTATION_RELATIONSHIP_WITH_TRANSFORMATION(#97470) 
SHAPE_REPRESENTATION_RELATIONSHIP());
#97680=NEXT_ASSEMBLY_USAGE_OCCURRENCE('2','','BM29B-2DP2-0_35V_STP.ASM',
#97550,#97270,'');
#97690=PRODUCT_DEFINITION_SHAPE('','',#97680);
#97700=CONTEXT_DEPENDENT_SHAPE_REPRESENTATION(#97670,#97690);
ENDSEC;
END-ISO-10303-21;
