ISO-10303-21;
HEADER;
FILE_DESCRIPTION (( 'STEP AP214' ),
    '1' );
FILE_NAME ('PE-1210CCMC_3D.STEP',
    '2018-12-05T00:50:57',
    ( '' ),
    ( '' ),
    'SwSTEP 2.0',
    'SolidWorks 2015',
    '' );
FILE_SCHEMA (( 'AUTOMOTIVE_DESIGN' ));
ENDSEC;

DATA;
#1 = CARTESIAN_POINT ( 'NONE',  ( -1.000000000000000000, -1.250000000000000000, -0.8500000000000017500 ) ) ;
#2 = EDGE_CURVE ( 'NONE', #992, #1044, #622, .T. ) ;
#3 = DIRECTION ( 'NONE',  ( -1.000000000000000000, 0.0000000000000000000, -0.0000000000000000000 ) ) ;
#4 = LINE ( 'NONE', #697, #281 ) ;
#5 = FILL_AREA_STYLE ('',( #1547 ) ) ;
#6 = LINE ( 'NONE', #780, #1282 ) ;
#7 = EDGE_LOOP ( 'NONE', ( #1045, #1557, #497, #870 ) ) ;
#8 = UNCERTAINTY_MEASURE_WITH_UNIT (LENGTH_MEASURE( 1.000000000000000100E-005 ), #79, 'distance_accuracy_value', 'NONE');
#9 = DIRECTION ( 'NONE',  ( 0.0000000000000000000, 0.0000000000000000000, 1.000000000000000000 ) ) ;
#10 =( NAMED_UNIT ( * ) PLANE_ANGLE_UNIT ( ) SI_UNIT ( $, .RADIAN. ) );
#11 = VECTOR ( 'NONE', #546, 1000.000000000000000 ) ;
#12 = MECHANICAL_DESIGN_GEOMETRIC_PRESENTATION_REPRESENTATION (  '', ( #1362 ), #100 ) ;
#13 = CARTESIAN_POINT ( 'NONE',  ( -1.574399999999999100, 0.5500000000000000400, -1.229999999999999800 ) ) ;
#14 = COLOUR_RGB ( '',0.7529411764705882200, 0.7529411764705882200, 0.7529411764705882200 ) ;
#15 = VERTEX_POINT ( 'NONE', #426 ) ;
#16 = DIRECTION ( 'NONE',  ( 0.0000000000000000000, -1.000000000000000000, 0.0000000000000000000 ) ) ;
#17 = LINE ( 'NONE', #82, #628 ) ;
#18 = DIRECTION ( 'NONE',  ( -1.000000000000000000, 0.0000000000000000000, -0.0000000000000000000 ) ) ;
#19 = LINE ( 'NONE', #843, #1293 ) ;
#20 = FILL_AREA_STYLE ('',( #882 ) ) ;
#21 = UNCERTAINTY_MEASURE_WITH_UNIT (LENGTH_MEASURE( 1.000000000000000100E-005 ), #377, 'distance_accuracy_value', 'NONE');
#22 = FACE_OUTER_BOUND ( 'NONE', #107, .T. ) ;
#23 = STYLED_ITEM ( 'NONE', ( #1464 ), #1060 ) ;
#24 = EDGE_CURVE ( 'NONE', #1375, #1182, #212, .T. ) ;
#25 = COLOUR_RGB ( '',0.7529411764705882200, 0.7529411764705882200, 0.7529411764705882200 ) ;
#26 = FILL_AREA_STYLE_COLOUR ( '', #170 ) ;
#27 = MECHANICAL_DESIGN_GEOMETRIC_PRESENTATION_REPRESENTATION (  '', ( #1374 ), #112 ) ;
#28 = ORIENTED_EDGE ( 'NONE', *, *, #295, .F. ) ;
#29 = ORIENTED_EDGE ( 'NONE', *, *, #948, .F. ) ;
#30 = VERTEX_POINT ( 'NONE', #400 ) ;
#31 = ORIENTED_EDGE ( 'NONE', *, *, #51, .T. ) ;
#32 = FILL_AREA_STYLE ('',( #403 ) ) ;
#33 = LINE ( 'NONE', #392, #987 ) ;
#34 = AXIS2_PLACEMENT_3D ( 'NONE', #344, #1535, #934 ) ;
#35 = MECHANICAL_DESIGN_GEOMETRIC_PRESENTATION_REPRESENTATION (  '', ( #1457 ), #124 ) ;
#36 = EDGE_CURVE ( 'NONE', #1389, #512, #250, .T. ) ;
#37 = SURFACE_SIDE_STYLE ('',( #648 ) ) ;
#38 = PLANE ( 'NONE',  #109 ) ;
#39 =( LENGTH_UNIT ( ) NAMED_UNIT ( * ) SI_UNIT ( .MILLI., .METRE. ) );
#40 = EDGE_CURVE ( 'NONE', #134, #1173, #617, .T. ) ;
#41 = SURFACE_STYLE_USAGE ( .BOTH. , #37 ) ;
#42 = DIRECTION ( 'NONE',  ( 0.0000000000000000000, -1.000000000000000000, 0.0000000000000000000 ) ) ;
#43 = MECHANICAL_DESIGN_GEOMETRIC_PRESENTATION_REPRESENTATION (  '', ( #1391 ), #135 ) ;
#44 = DIRECTION ( 'NONE',  ( 0.0000000000000000000, -0.0000000000000000000, 1.000000000000000000 ) ) ;
#45 = DIRECTION ( 'NONE',  ( 1.000000000000000000, 0.0000000000000000000, -0.0000000000000000000 ) ) ;
#46 = SURFACE_STYLE_FILL_AREA ( #228 ) ;
#47 = ORIENTED_EDGE ( 'NONE', *, *, #519, .F. ) ;
#48 = FILL_AREA_STYLE ('',( #287 ) ) ;
#49 = ADVANCED_FACE ( 'NONE', ( #22 ), #641, .F. ) ;
#50 = PRESENTATION_STYLE_ASSIGNMENT (( #1128 ) ) ;
#51 = EDGE_CURVE ( 'NONE', #243, #1334, #195, .T. ) ;
#52 = CARTESIAN_POINT ( 'NONE',  ( 1.600000000000000100, -1.250000000000000000, -1.250000000000000200 ) ) ;
#53 = AXIS2_PLACEMENT_3D ( 'NONE', #1348, #1590, #1351 ) ;
#54 =( LENGTH_UNIT ( ) NAMED_UNIT ( * ) SI_UNIT ( .MILLI., .METRE. ) );
#55 = VECTOR ( 'NONE', #1081, 1000.000000000000000 ) ;
#56 = FILL_AREA_STYLE_COLOUR ( '', #607 ) ;
#57 =( NAMED_UNIT ( * ) SI_UNIT ( $, .STERADIAN. ) SOLID_ANGLE_UNIT ( ) );
#58 =( NAMED_UNIT ( * ) PLANE_ANGLE_UNIT ( ) SI_UNIT ( $, .RADIAN. ) );
#59 = FACE_OUTER_BOUND ( 'NONE', #715, .T. ) ;
#60 = VERTEX_POINT ( 'NONE', #705 ) ;
#61 = CARTESIAN_POINT ( 'NONE',  ( -1.600000000000000100, 0.0000000000000000000, 0.0000000000000000000 ) ) ;
#62 = STYLED_ITEM ( 'NONE', ( #150 ), #71 ) ;
#63 = ORIENTED_EDGE ( 'NONE', *, *, #664, .T. ) ;
#64 = MECHANICAL_DESIGN_GEOMETRIC_PRESENTATION_REPRESENTATION (  '', ( #1412 ), #157 ) ;
#65 = EDGE_CURVE ( 'NONE', #1271, #152, #4, .T. ) ;
#66 = ORIENTED_EDGE ( 'NONE', *, *, #1094, .F. ) ;
#67 = ORIENTED_EDGE ( 'NONE', *, *, #800, .F. ) ;
#68 = CARTESIAN_POINT ( 'NONE',  ( 1.574399999999999100, 0.5300000000000001400, 1.229999999999999800 ) ) ;
#69 = DIRECTION ( 'NONE',  ( 0.0000000000000000000, -0.0000000000000000000, -1.000000000000000000 ) ) ;
#70 = SURFACE_SIDE_STYLE ('',( #733 ) ) ;
#71 = ADVANCED_FACE ( 'NONE', ( #149 ), #763, .T. ) ;
#72 = VECTOR ( 'NONE', #957, 1000.000000000000000 ) ;
#73 = EDGE_CURVE ( 'NONE', #1248, #1186, #192, .T. ) ;
#74 =( NAMED_UNIT ( * ) PLANE_ANGLE_UNIT ( ) SI_UNIT ( $, .RADIAN. ) );
#75 = COLOUR_RGB ( '',0.7529411764705882200, 0.7529411764705882200, 0.7529411764705882200 ) ;
#76 = CARTESIAN_POINT ( 'NONE',  ( 0.7500000000000002200, -1.100000000000000100, -1.250000000000000200 ) ) ;
#77 = PRESENTATION_LAYER_ASSIGNMENT (  '', '', ( #1500 ) ) ;
#78 = SURFACE_STYLE_USAGE ( .BOTH. , #457 ) ;
#79 =( LENGTH_UNIT ( ) NAMED_UNIT ( * ) SI_UNIT ( .MILLI., .METRE. ) );
#80 = DIRECTION ( 'NONE',  ( 0.0000000000000000000, 1.000000000000000000, 0.0000000000000000000 ) ) ;
#81 = SURFACE_STYLE_USAGE ( .BOTH. , #70 ) ;
#82 = CARTESIAN_POINT ( 'NONE',  ( -1.000000000000000000, -1.250000000000000000, 1.249999999999999800 ) ) ;
#83 = VERTEX_POINT ( 'NONE', #956 ) ;
#84 =( NAMED_UNIT ( * ) PLANE_ANGLE_UNIT ( ) SI_UNIT ( $, .RADIAN. ) );
#85 = ADVANCED_FACE ( 'NONE', ( #318 ), #1530, .F. ) ;
#86 = ORIENTED_EDGE ( 'NONE', *, *, #918, .T. ) ;
#87 = EDGE_CURVE ( 'NONE', #1182, #1248, #1473, .T. ) ;
#88 =( NAMED_UNIT ( * ) SI_UNIT ( $, .STERADIAN. ) SOLID_ANGLE_UNIT ( ) );
#89 = STYLED_ITEM ( 'NONE', ( #1242 ), #436 ) ;
#90 = CARTESIAN_POINT ( 'NONE',  ( 1.000000000000000200, -1.250000000000000000, 0.8499999999999996400 ) ) ;
#91 = UNCERTAINTY_MEASURE_WITH_UNIT (LENGTH_MEASURE( 1.000000000000000100E-005 ), #1107, 'distance_accuracy_value', 'NONE');
#92 = PLANE ( 'NONE',  #362 ) ;
#93 =( NAMED_UNIT ( * ) SI_UNIT ( $, .STERADIAN. ) SOLID_ANGLE_UNIT ( ) );
#94 = LINE ( 'NONE', #644, #1360 ) ;
#95 = UNCERTAINTY_MEASURE_WITH_UNIT (LENGTH_MEASURE( 1.000000000000000100E-005 ), #1449, 'distance_accuracy_value', 'NONE');
#96 = EDGE_CURVE ( 'NONE', #352, #914, #966, .T. ) ;
#97 = CARTESIAN_POINT ( 'NONE',  ( -1.400000000000000400, -1.099999999999999200, -0.4499999999999997900 ) ) ;
#98 = EDGE_CURVE ( 'NONE', #1375, #577, #1135, .T. ) ;
#99 = CARTESIAN_POINT ( 'NONE',  ( -1.600000000000000100, -1.250000000000000000, 0.4499999999999997900 ) ) ;
#100 =( GEOMETRIC_REPRESENTATION_CONTEXT ( 3 ) GLOBAL_UNCERTAINTY_ASSIGNED_CONTEXT ( ( #531 ) ) GLOBAL_UNIT_ASSIGNED_CONTEXT ( ( #136, #1172, #1508 ) ) REPRESENTATION_CONTEXT ( 'NONE', 'WORKASPACE' ) );
#101 = VECTOR ( 'NONE', #1555, 1000.000000000000000 ) ;
#102 = SURFACE_STYLE_USAGE ( .BOTH. , #179 ) ;
#103 = FILL_AREA_STYLE_COLOUR ( '', #1587 ) ;
#104 = PRESENTATION_STYLE_ASSIGNMENT (( #513 ) ) ;
#105 = ORIENTED_EDGE ( 'NONE', *, *, #24, .T. ) ;
#106 = CARTESIAN_POINT ( 'NONE',  ( -1.574399999999999100, 0.5500000000000000400, 0.0000000000000000000 ) ) ;
#107 = EDGE_LOOP ( 'NONE', ( #690, #1270, #361, #1237 ) ) ;
#108 = ORIENTED_EDGE ( 'NONE', *, *, #98, .F. ) ;
#109 = AXIS2_PLACEMENT_3D ( 'NONE', #191, #194, #202 ) ;
#110 =( NAMED_UNIT ( * ) SI_UNIT ( $, .STERADIAN. ) SOLID_ANGLE_UNIT ( ) );
#111 = EDGE_CURVE ( 'NONE', #1072, #1132, #1440, .T. ) ;
#112 =( GEOMETRIC_REPRESENTATION_CONTEXT ( 3 ) GLOBAL_UNCERTAINTY_ASSIGNED_CONTEXT ( ( #1333 ) ) GLOBAL_UNIT_ASSIGNED_CONTEXT ( ( #381, #1265, #525 ) ) REPRESENTATION_CONTEXT ( 'NONE', 'WORKASPACE' ) );
#113 = DIRECTION ( 'NONE',  ( -0.0000000000000000000, -1.000000000000000000, 0.0000000000000000000 ) ) ;
#114 = LINE ( 'NONE', #623, #722 ) ;
#115 = SURFACE_STYLE_FILL_AREA ( #1255 ) ;
#116 = SURFACE_STYLE_FILL_AREA ( #1285 ) ;
#117 = CARTESIAN_POINT ( 'NONE',  ( 1.600000000000000100, -1.100000000000000100, 0.0000000000000000000 ) ) ;
#118 = CYLINDRICAL_SURFACE ( 'NONE', #53, 0.2500000000000000000 ) ;
#119 = DIRECTION ( 'NONE',  ( -0.0000000000000000000, 0.0000000000000000000, -1.000000000000000000 ) ) ;
#120 = LINE ( 'NONE', #106, #1383 ) ;
#121 = FILL_AREA_STYLE ('',( #103 ) ) ;
#122 = PRESENTATION_LAYER_ASSIGNMENT (  '', '', ( #1543 ) ) ;
#123 = DIRECTION ( 'NONE',  ( -0.0000000000000000000, -0.0000000000000000000, 1.000000000000000000 ) ) ;
#124 =( GEOMETRIC_REPRESENTATION_CONTEXT ( 3 ) GLOBAL_UNCERTAINTY_ASSIGNED_CONTEXT ( ( #1031 ) ) GLOBAL_UNIT_ASSIGNED_CONTEXT ( ( #1110, #853, #110 ) ) REPRESENTATION_CONTEXT ( 'NONE', 'WORKASPACE' ) );
#125 = EDGE_CURVE ( 'NONE', #310, #1271, #371, .T. ) ;
#126 = FILL_AREA_STYLE ('',( #219 ) ) ;
#127 = VECTOR ( 'NONE', #511, 1000.000000000000000 ) ;
#128 = SURFACE_STYLE_FILL_AREA ( #1040 ) ;
#129 = SURFACE_SIDE_STYLE ('',( #605 ) ) ;
#130 = CARTESIAN_POINT ( 'NONE',  ( 0.0000000000000000000, 0.5300000000000001400, 1.250000000000000200 ) ) ;
#131 = ORIENTED_EDGE ( 'NONE', *, *, #292, .F. ) ;
#132 = ORIENTED_EDGE ( 'NONE', *, *, #862, .F. ) ;
#133 = SURFACE_SIDE_STYLE ('',( #427 ) ) ;
#134 = VERTEX_POINT ( 'NONE', #1364 ) ;
#135 =( GEOMETRIC_REPRESENTATION_CONTEXT ( 3 ) GLOBAL_UNCERTAINTY_ASSIGNED_CONTEXT ( ( #1398 ) ) GLOBAL_UNIT_ASSIGNED_CONTEXT ( ( #521, #570, #596 ) ) REPRESENTATION_CONTEXT ( 'NONE', 'WORKASPACE' ) );
#136 =( LENGTH_UNIT ( ) NAMED_UNIT ( * ) SI_UNIT ( .MILLI., .METRE. ) );
#137 = ORIENTED_EDGE ( 'NONE', *, *, #36, .T. ) ;
#138 = SURFACE_STYLE_USAGE ( .BOTH. , #129 ) ;
#139 = DIRECTION ( 'NONE',  ( -0.7071067811865486800, 0.0000000000000000000, -0.7071067811865464600 ) ) ;
#140 = LINE ( 'NONE', #421, #781 ) ;
#141 = COLOUR_RGB ( '',0.7529411764705882200, 0.7529411764705882200, 0.7529411764705882200 ) ;
#142 = CARTESIAN_POINT ( 'NONE',  ( -1.574399999999999100, 0.5300000000000001400, 1.229999999999999800 ) ) ;
#143 = SURFACE_STYLE_FILL_AREA ( #437 ) ;
#144 = LINE ( 'NONE', #161, #1277 ) ;
#145 = EDGE_CURVE ( 'NONE', #777, #779, #1034, .T. ) ;
#146 = SURFACE_STYLE_FILL_AREA ( #988 ) ;
#147 =( LENGTH_UNIT ( ) NAMED_UNIT ( * ) SI_UNIT ( .MILLI., .METRE. ) );
#148 = MECHANICAL_DESIGN_GEOMETRIC_PRESENTATION_REPRESENTATION (  '', ( #1564 ), #218 ) ;
#149 = FACE_OUTER_BOUND ( 'NONE', #1372, .T. ) ;
#150 = PRESENTATION_STYLE_ASSIGNMENT (( #841 ) ) ;
#151 = VECTOR ( 'NONE', #1574, 1000.000000000000000 ) ;
#152 = VERTEX_POINT ( 'NONE', #1317 ) ;
#153 = ORIENTED_EDGE ( 'NONE', *, *, #40, .T. ) ;
#154 = VERTEX_POINT ( 'NONE', #1456 ) ;
#155 =( NAMED_UNIT ( * ) PLANE_ANGLE_UNIT ( ) SI_UNIT ( $, .RADIAN. ) );
#156 = AXIS2_PLACEMENT_3D ( 'NONE', #388, #680, #686 ) ;
#157 =( GEOMETRIC_REPRESENTATION_CONTEXT ( 3 ) GLOBAL_UNCERTAINTY_ASSIGNED_CONTEXT ( ( #1290 ) ) GLOBAL_UNIT_ASSIGNED_CONTEXT ( ( #646, #649, #657 ) ) REPRESENTATION_CONTEXT ( 'NONE', 'WORKASPACE' ) );
#158 = EDGE_CURVE ( 'NONE', #1132, #871, #1471, .T. ) ;
#159 = EDGE_CURVE ( 'NONE', #83, #352, #144, .T. ) ;
#160 = LINE ( 'NONE', #193, #768 ) ;
#161 = CARTESIAN_POINT ( 'NONE',  ( -1.000000000000000000, -1.100000000000000100, -3.289607805437114100 ) ) ;
#162 = MECHANICAL_DESIGN_GEOMETRIC_PRESENTATION_REPRESENTATION (  '', ( #1500 ), #236 ) ;
#163 =( NAMED_UNIT ( * ) SI_UNIT ( $, .STERADIAN. ) SOLID_ANGLE_UNIT ( ) );
#164 = LINE ( 'NONE', #386, #773 ) ;
#165 = STYLED_ITEM ( 'NONE', ( #581 ), #921 ) ;
#166 = ORIENTED_EDGE ( 'NONE', *, *, #111, .F. ) ;
#167 = ORIENTED_EDGE ( 'NONE', *, *, #186, .T. ) ;
#168 = EDGE_LOOP ( 'NONE', ( #672, #1484, #640, #602, #515 ) ) ;
#169 = ORIENTED_EDGE ( 'NONE', *, *, #689, .T. ) ;
#170 = COLOUR_RGB ( '',0.7529411764705882200, 0.7529411764705882200, 0.7529411764705882200 ) ;
#171 = ORIENTED_EDGE ( 'NONE', *, *, #1057, .T. ) ;
#172 = LINE ( 'NONE', #562, #449 ) ;
#173 = COLOUR_RGB ( '',0.7529411764705882200, 0.7529411764705882200, 0.7529411764705882200 ) ;
#174 = AXIS2_PLACEMENT_3D ( 'NONE', #793, #671, #184 ) ;
#175 = CARTESIAN_POINT ( 'NONE',  ( -1.600000000000000100, -1.100000000000000100, 0.4499999999999997900 ) ) ;
#176 = EDGE_CURVE ( 'NONE', #269, #736, #1497, .T. ) ;
#177 = COLOUR_RGB ( '',0.7529411764705882200, 0.7529411764705882200, 0.7529411764705882200 ) ;
#178 = DIRECTION ( 'NONE',  ( 0.0000000000000000000, 0.0000000000000000000, -1.000000000000000000 ) ) ;
#179 = SURFACE_SIDE_STYLE ('',( #1475 ) ) ;
#180 = VECTOR ( 'NONE', #1496, 1000.000000000000000 ) ;
#181 = VERTEX_POINT ( 'NONE', #1483 ) ;
#182 = ORIENTED_EDGE ( 'NONE', *, *, #1306, .T. ) ;
#183 = CARTESIAN_POINT ( 'NONE',  ( -1.400000000000001200, -1.100000000000000100, 0.4499999999999997900 ) ) ;
#184 = DIRECTION ( 'NONE',  ( 0.0000000000000000000, -0.0000000000000000000, -1.000000000000000000 ) ) ;
#185 = PRESENTATION_LAYER_ASSIGNMENT (  '', '', ( #23 ) ) ;
#186 = EDGE_CURVE ( 'NONE', #1186, #270, #1082, .T. ) ;
#187 = DIRECTION ( 'NONE',  ( 0.0000000000000000000, 0.0000000000000000000, 1.000000000000000000 ) ) ;
#188 = ADVANCED_FACE ( 'NONE', ( #544 ), #1488, .F. ) ;
#189 = UNCERTAINTY_MEASURE_WITH_UNIT (LENGTH_MEASURE( 1.000000000000000100E-005 ), #1554, 'distance_accuracy_value', 'NONE');
#190 = VECTOR ( 'NONE', #991, 1000.000000000000000 ) ;
#191 = CARTESIAN_POINT ( 'NONE',  ( -1.574399999999999100, 0.5300000000000001400, 1.229999999999999800 ) ) ;
#192 = LINE ( 'NONE', #983, #190 ) ;
#193 = CARTESIAN_POINT ( 'NONE',  ( 1.600000000000000100, 0.5300000000000001400, 0.0000000000000000000 ) ) ;
#194 = DIRECTION ( 'NONE',  ( 0.0000000000000000000, 0.0000000000000000000, 1.000000000000000000 ) ) ;
#195 = LINE ( 'NONE', #734, #284 ) ;
#196 = EDGE_LOOP ( 'NONE', ( #443, #401, #696, #652, #66, #564 ) ) ;
#197 = DIRECTION ( 'NONE',  ( 0.0000000000000000000, -0.0000000000000000000, -1.000000000000000000 ) ) ;
#198 = MECHANICAL_DESIGN_GEOMETRIC_PRESENTATION_REPRESENTATION (  '', ( #1543 ), #274 ) ;
#199 = EDGE_CURVE ( 'NONE', #512, #310, #336, .T. ) ;
#200 = ORIENTED_EDGE ( 'NONE', *, *, #1168, .F. ) ;
#201 = ORIENTED_EDGE ( 'NONE', *, *, #726, .T. ) ;
#202 = DIRECTION ( 'NONE',  ( 1.000000000000000000, 0.0000000000000000000, -0.0000000000000000000 ) ) ;
#203 = CARTESIAN_POINT ( 'NONE',  ( 1.400000000000001700, -1.100000000000000100, -0.4499999999999997900 ) ) ;
#204 = DIRECTION ( 'NONE',  ( -0.0000000000000000000, -0.0000000000000000000, 1.000000000000000000 ) ) ;
#205 = ADVANCED_FACE ( 'NONE', ( #1381 ), #333, .F. ) ;
#206 = LINE ( 'NONE', #1470, #818 ) ;
#207 = CARTESIAN_POINT ( 'NONE',  ( 0.0000000000000000000, -1.100000000000000100, 0.0000000000000000000 ) ) ;
#208 = SURFACE_STYLE_FILL_AREA ( #943 ) ;
#209 = DIRECTION ( 'NONE',  ( 1.000000000000000000, -0.0000000000000000000, 0.0000000000000000000 ) ) ;
#210 = COLOUR_RGB ( '',0.7529411764705882200, 0.7529411764705882200, 0.7529411764705882200 ) ;
#211 = PLANE ( 'NONE',  #593 ) ;
#212 = LINE ( 'NONE', #393, #414 ) ;
#213 = FACE_BOUND ( 'NONE', #635, .T. ) ;
#214 = DIRECTION ( 'NONE',  ( -0.0000000000000000000, -0.0000000000000000000, 1.000000000000000000 ) ) ;
#215 = EDGE_LOOP ( 'NONE', ( #933, #466, #441, #1144, #1460 ) ) ;
#216 = EDGE_CURVE ( 'NONE', #324, #1132, #1038, .T. ) ;
#217 = CARTESIAN_POINT ( 'NONE',  ( 1.600000000000000100, 0.5499999999999999300, 1.249999999999999800 ) ) ;
#218 =( GEOMETRIC_REPRESENTATION_CONTEXT ( 3 ) GLOBAL_UNCERTAINTY_ASSIGNED_CONTEXT ( ( #588 ) ) GLOBAL_UNIT_ASSIGNED_CONTEXT ( ( #244, #1113, #360 ) ) REPRESENTATION_CONTEXT ( 'NONE', 'WORKASPACE' ) );
#219 = FILL_AREA_STYLE_COLOUR ( '', #884 ) ;
#220 = VECTOR ( 'NONE', #1424, 1000.000000000000000 ) ;
#221 = PRESENTATION_STYLE_ASSIGNMENT (( #1078 ) ) ;
#222 = DIRECTION ( 'NONE',  ( -1.000000000000000000, 0.0000000000000000000, -0.0000000000000000000 ) ) ;
#223 = SURFACE_STYLE_FILL_AREA ( #20 ) ;
#224 = SURFACE_STYLE_USAGE ( .BOTH. , #1335 ) ;
#225 = SURFACE_STYLE_USAGE ( .BOTH. , #1487 ) ;
#226 = EDGE_CURVE ( 'NONE', #1248, #1108, #1366, .T. ) ;
#227 = CARTESIAN_POINT ( 'NONE',  ( 1.000000000000000200, -1.100000000000000100, 0.8499999999999996400 ) ) ;
#228 = FILL_AREA_STYLE ('',( #355 ) ) ;
#229 = PRESENTATION_LAYER_ASSIGNMENT (  '', '', ( #62 ) ) ;
#230 = EDGE_CURVE ( 'NONE', #83, #777, #709, .T. ) ;
#231 = CARTESIAN_POINT ( 'NONE',  ( -1.000000000000000000, -1.100000000000000100, 0.8499999999999996400 ) ) ;
#232 = ORIENTED_EDGE ( 'NONE', *, *, #410, .T. ) ;
#233 =( NAMED_UNIT ( * ) PLANE_ANGLE_UNIT ( ) SI_UNIT ( $, .RADIAN. ) );
#234 = ORIENTED_EDGE ( 'NONE', *, *, #455, .T. ) ;
#235 = EDGE_LOOP ( 'NONE', ( #1185, #1017, #836, #792, #380, #383 ) ) ;
#236 =( GEOMETRIC_REPRESENTATION_CONTEXT ( 3 ) GLOBAL_UNCERTAINTY_ASSIGNED_CONTEXT ( ( #654 ) ) GLOBAL_UNIT_ASSIGNED_CONTEXT ( ( #839, #847, #850 ) ) REPRESENTATION_CONTEXT ( 'NONE', 'WORKASPACE' ) );
#237 = ORIENTED_EDGE ( 'NONE', *, *, #840, .T. ) ;
#238 = FILL_AREA_STYLE ('',( #26 ) ) ;
#239 = AXIS2_PLACEMENT_3D ( 'NONE', #1054, #311, #1181 ) ;
#240 = SURFACE_STYLE_USAGE ( .BOTH. , #994 ) ;
#241 = PRESENTATION_STYLE_ASSIGNMENT (( #542 ) ) ;
#242 = SURFACE_SIDE_STYLE ('',( #815 ) ) ;
#243 = VERTEX_POINT ( 'NONE', #90 ) ;
#244 =( LENGTH_UNIT ( ) NAMED_UNIT ( * ) SI_UNIT ( .MILLI., .METRE. ) );
#245 = VECTOR ( 'NONE', #771, 1000.000000000000000 ) ;
#246 = VECTOR ( 'NONE', #560, 1000.000000000000000 ) ;
#247 = DIRECTION ( 'NONE',  ( 0.0000000000000000000, 0.0000000000000000000, 1.000000000000000000 ) ) ;
#248 = PRESENTATION_LAYER_ASSIGNMENT (  '', '', ( #89 ) ) ;
#249 = CARTESIAN_POINT ( 'NONE',  ( 1.574399999999999100, 0.5500000000000000400, 0.0000000000000000000 ) ) ;
#250 = LINE ( 'NONE', #481, #127 ) ;
#251 = EDGE_CURVE ( 'NONE', #134, #1229, #666, .T. ) ;
#252 = ORIENTED_EDGE ( 'NONE', *, *, #295, .T. ) ;
#253 = UNCERTAINTY_MEASURE_WITH_UNIT (LENGTH_MEASURE( 1.000000000000000100E-005 ), #1134, 'distance_accuracy_value', 'NONE');
#254 = DIRECTION ( 'NONE',  ( 0.0000000000000000000, 1.000000000000000000, 0.0000000000000000000 ) ) ;
#255 = VERTEX_POINT ( 'NONE', #701 ) ;
#256 = STYLED_ITEM ( 'NONE', ( #831 ), #1426 ) ;
#257 = PRESENTATION_STYLE_ASSIGNMENT (( #506 ) ) ;
#258 = ORIENTED_EDGE ( 'NONE', *, *, #726, .F. ) ;
#259 = LINE ( 'NONE', #1067, #220 ) ;
#260 = LINE ( 'NONE', #961, #915 ) ;
#261 = SURFACE_SIDE_STYLE ('',( #1005 ) ) ;
#262 =( LENGTH_UNIT ( ) NAMED_UNIT ( * ) SI_UNIT ( .MILLI., .METRE. ) );
#263 = VECTOR ( 'NONE', #604, 1000.000000000000000 ) ;
#264 = SURFACE_SIDE_STYLE ('',( #223 ) ) ;
#265 = VECTOR ( 'NONE', #713, 1000.000000000000000 ) ;
#266 = MECHANICAL_DESIGN_GEOMETRIC_PRESENTATION_REPRESENTATION (  '', ( #23 ), #340 ) ;
#267 = STYLED_ITEM ( 'NONE', ( #727 ), #692 ) ;
#268 = LINE ( 'NONE', #741, #595 ) ;
#269 = VERTEX_POINT ( 'NONE', #569 ) ;
#270 = VERTEX_POINT ( 'NONE', #819 ) ;
#271 = DIRECTION ( 'NONE',  ( 0.0000000000000000000, 0.0000000000000000000, 1.000000000000000000 ) ) ;
#272 = EDGE_LOOP ( 'NONE', ( #1592, #1593, #1198, #516 ) ) ;
#273 = LINE ( 'NONE', #1353, #939 ) ;
#274 =( GEOMETRIC_REPRESENTATION_CONTEXT ( 3 ) GLOBAL_UNCERTAINTY_ASSIGNED_CONTEXT ( ( #363 ) ) GLOBAL_UNIT_ASSIGNED_CONTEXT ( ( #420, #323, #959 ) ) REPRESENTATION_CONTEXT ( 'NONE', 'WORKASPACE' ) );
#275 = LINE ( 'NONE', #536, #897 ) ;
#276 = ORIENTED_EDGE ( 'NONE', *, *, #918, .F. ) ;
#277 = EDGE_CURVE ( 'NONE', #1388, #980, #19, .T. ) ;
#278 = COLOUR_RGB ( '',0.7529411764705882200, 0.7529411764705882200, 0.7529411764705882200 ) ;
#279 = LINE ( 'NONE', #68, #246 ) ;
#280 = AXIS2_PLACEMENT_3D ( 'NONE', #1476, #1561, #1566 ) ;
#281 = VECTOR ( 'NONE', #778, 1000.000000000000000 ) ;
#282 = FACE_OUTER_BOUND ( 'NONE', #1390, .T. ) ;
#283 = UNCERTAINTY_MEASURE_WITH_UNIT (LENGTH_MEASURE( 1.000000000000000100E-005 ), #54, 'distance_accuracy_value', 'NONE');
#284 = VECTOR ( 'NONE', #753, 1000.000000000000100 ) ;
#285 = EDGE_LOOP ( 'NONE', ( #1014, #1002, #976, #1338, #1447 ) ) ;
#286 = CARTESIAN_POINT ( 'NONE',  ( -1.400000000000000400, -1.099999999999999200, -0.4499999999999997900 ) ) ;
#287 = FILL_AREA_STYLE_COLOUR ( '', #429 ) ;
#288 = ORIENTED_EDGE ( 'NONE', *, *, #749, .F. ) ;
#289 = ORIENTED_EDGE ( 'NONE', *, *, #1266, .F. ) ;
#290 = ORIENTED_EDGE ( 'NONE', *, *, #1260, .F. ) ;
#291 = VECTOR ( 'NONE', #204, 1000.000000000000000 ) ;
#292 = EDGE_CURVE ( 'NONE', #1108, #856, #1009, .T. ) ;
#293 = DIRECTION ( 'NONE',  ( 0.0000000000000000000, 0.0000000000000000000, 1.000000000000000000 ) ) ;
#294 = CARTESIAN_POINT ( 'NONE',  ( -1.574399999999999100, 0.5300000000000001400, 1.229999999999999800 ) ) ;
#295 = EDGE_CURVE ( 'NONE', #1182, #1334, #970, .T. ) ;
#296 = SURFACE_STYLE_FILL_AREA ( #126 ) ;
#297 = FILL_AREA_STYLE_COLOUR ( '', #1115 ) ;
#298 = VECTOR ( 'NONE', #953, 1000.000000000000000 ) ;
#299 = UNCERTAINTY_MEASURE_WITH_UNIT (LENGTH_MEASURE( 1.000000000000000100E-005 ), #746, 'distance_accuracy_value', 'NONE');
#300 = FILL_AREA_STYLE_COLOUR ( '', #1514 ) ;
#301 = ADVANCED_FACE ( 'NONE', ( #1262 ), #1558, .F. ) ;
#302 = EDGE_CURVE ( 'NONE', #1116, #270, #922, .T. ) ;
#303 = MECHANICAL_DESIGN_GEOMETRIC_PRESENTATION_REPRESENTATION (  '', ( #62 ), #384 ) ;
#304 = STYLED_ITEM ( 'NONE', ( #1420 ), #1548 ) ;
#305 = EDGE_CURVE ( 'NONE', #1477, #599, #407, .T. ) ;
#306 = DIRECTION ( 'NONE',  ( 0.0000000000000000000, 1.000000000000000000, 0.0000000000000000000 ) ) ;
#307 = LINE ( 'NONE', #1141, #634 ) ;
#308 = APPLICATION_PROTOCOL_DEFINITION ( 'draft international standard', 'automotive_design', 1998, #661 ) ;
#309 = ORIENTED_EDGE ( 'NONE', *, *, #585, .F. ) ;
#310 = VERTEX_POINT ( 'NONE', #1210 ) ;
#311 = DIRECTION ( 'NONE',  ( 0.0000000000000000000, -1.000000000000000000, 0.0000000000000000000 ) ) ;
#312 = PRESENTATION_STYLE_ASSIGNMENT (( #138 ) ) ;
#313 =( NAMED_UNIT ( * ) PLANE_ANGLE_UNIT ( ) SI_UNIT ( $, .RADIAN. ) );
#314 = SURFACE_SIDE_STYLE ('',( #568 ) ) ;
#315 = PRESENTATION_LAYER_ASSIGNMENT (  '', '', ( #165 ) ) ;
#316 = ORIENTED_EDGE ( 'NONE', *, *, #822, .F. ) ;
#317 =( NAMED_UNIT ( * ) SI_UNIT ( $, .STERADIAN. ) SOLID_ANGLE_UNIT ( ) );
#318 = FACE_OUTER_BOUND ( 'NONE', #196, .T. ) ;
#319 = ADVANCED_FACE ( 'NONE', ( #1531 ), #1315, .F. ) ;
#320 = SURFACE_STYLE_FILL_AREA ( #1573 ) ;
#321 = MECHANICAL_DESIGN_GEOMETRIC_PRESENTATION_REPRESENTATION (  '', ( #89 ), #402 ) ;
#322 = ORIENTED_EDGE ( 'NONE', *, *, #226, .T. ) ;
#323 =( NAMED_UNIT ( * ) PLANE_ANGLE_UNIT ( ) SI_UNIT ( $, .RADIAN. ) );
#324 = VERTEX_POINT ( 'NONE', #463 ) ;
#325 = DIRECTION ( 'NONE',  ( 0.7071067811865489100, -0.0000000000000000000, 0.7071067811865462400 ) ) ;
#326 = CARTESIAN_POINT ( 'NONE',  ( -1.000000000000000000, -1.100000000000000100, 1.249999999999999800 ) ) ;
#327 = CARTESIAN_POINT ( 'NONE',  ( 1.600000000000000100, -1.250000000000000000, -1.250000000000000200 ) ) ;
#328 = VECTOR ( 'NONE', #16, 1000.000000000000000 ) ;
#329 = CARTESIAN_POINT ( 'NONE',  ( -1.000000000000000000, -1.250000000000000000, -3.289607805437114100 ) ) ;
#330 = DIRECTION ( 'NONE',  ( -1.000000000000000000, 2.710505431213761600E-016, 0.0000000000000000000 ) ) ;
#331 = AXIS2_PLACEMENT_3D ( 'NONE', #1155, #1455, #1232 ) ;
#332 = VECTOR ( 'NONE', #113, 1000.000000000000000 ) ;
#333 = PLANE ( 'NONE',  #517 ) ;
#334 = VECTOR ( 'NONE', #1434, 1000.000000000000000 ) ;
#335 = EDGE_CURVE ( 'NONE', #1146, #1186, #160, .T. ) ;
#336 = LINE ( 'NONE', #835, #528 ) ;
#337 = DIRECTION ( 'NONE',  ( -2.710505431213761600E-016, -1.000000000000000000, 0.0000000000000000000 ) ) ;
#338 = SURFACE_STYLE_FILL_AREA ( #821 ) ;
#339 =( LENGTH_UNIT ( ) NAMED_UNIT ( * ) SI_UNIT ( .MILLI., .METRE. ) );
#340 =( GEOMETRIC_REPRESENTATION_CONTEXT ( 3 ) GLOBAL_UNCERTAINTY_ASSIGNED_CONTEXT ( ( #1220 ) ) GLOBAL_UNIT_ASSIGNED_CONTEXT ( ( #262, #313, #317 ) ) REPRESENTATION_CONTEXT ( 'NONE', 'WORKASPACE' ) );
#341 = ORIENTED_EDGE ( 'NONE', *, *, #1163, .F. ) ;
#342 = EDGE_CURVE ( 'NONE', #736, #416, #1417, .T. ) ;
#343 = FILL_AREA_STYLE ('',( #472 ) ) ;
#344 = CARTESIAN_POINT ( 'NONE',  ( 1.600000000000000500, -1.100000000000000100, -0.4499999999999997900 ) ) ;
#345 = ORIENTED_EDGE ( 'NONE', *, *, #549, .F. ) ;
#346 = ORIENTED_EDGE ( 'NONE', *, *, #1330, .T. ) ;
#347 = AXIS2_PLACEMENT_3D ( 'NONE', #1515, #783, #45 ) ;
#348 = FILL_AREA_STYLE ('',( #1570 ) ) ;
#349 = VECTOR ( 'NONE', #247, 1000.000000000000000 ) ;
#350 = FILL_AREA_STYLE_COLOUR ( '', #1406 ) ;
#351 = CARTESIAN_POINT ( 'NONE',  ( 1.600000000000000100, 0.0000000000000000000, 0.0000000000000000000 ) ) ;
#352 = VERTEX_POINT ( 'NONE', #326 ) ;
#353 = ORIENTED_EDGE ( 'NONE', *, *, #1200, .F. ) ;
#354 = DIRECTION ( 'NONE',  ( -1.000000000000000000, 0.0000000000000000000, 0.0000000000000000000 ) ) ;
#355 = FILL_AREA_STYLE_COLOUR ( '', #1320 ) ;
#356 = AXIS2_PLACEMENT_3D ( 'NONE', #1001, #271, #1559 ) ;
#357 = EDGE_CURVE ( 'NONE', #1271, #1477, #120, .T. ) ;
#358 =( NAMED_UNIT ( * ) PLANE_ANGLE_UNIT ( ) SI_UNIT ( $, .RADIAN. ) );
#359 = CARTESIAN_POINT ( 'NONE',  ( -1.600000000000000100, 0.5499999999999999300, 1.250000000000000000 ) ) ;
#360 =( NAMED_UNIT ( * ) SI_UNIT ( $, .STERADIAN. ) SOLID_ANGLE_UNIT ( ) );
#361 = ORIENTED_EDGE ( 'NONE', *, *, #230, .F. ) ;
#362 = AXIS2_PLACEMENT_3D ( 'NONE', #762, #1074, #1125 ) ;
#363 = UNCERTAINTY_MEASURE_WITH_UNIT (LENGTH_MEASURE( 1.000000000000000100E-005 ), #420, 'distance_accuracy_value', 'NONE');
#364 = UNCERTAINTY_MEASURE_WITH_UNIT (LENGTH_MEASURE( 1.000000000000000100E-005 ), #1079, 'distance_accuracy_value', 'NONE');
#365 = DIRECTION ( 'NONE',  ( 0.0000000000000000000, -0.0000000000000000000, -1.000000000000000000 ) ) ;
#366 = FACE_OUTER_BOUND ( 'NONE', #7, .T. ) ;
#367 = FACE_OUTER_BOUND ( 'NONE', #1109, .T. ) ;
#368 = VECTOR ( 'NONE', #625, 1000.000000000000000 ) ;
#369 = ORIENTED_EDGE ( 'NONE', *, *, #1112, .F. ) ;
#370 = CARTESIAN_POINT ( 'NONE',  ( 1.574399999999999100, 0.5500000000000000400, 1.229999999999999800 ) ) ;
#371 = LINE ( 'NONE', #1309, #665 ) ;
#372 = EDGE_CURVE ( 'NONE', #1388, #416, #475, .T. ) ;
#373 = VECTOR ( 'NONE', #977, 1000.000000000000000 ) ;
#374 = PLANE ( 'NONE',  #1100 ) ;
#375 = STYLED_ITEM ( 'NONE', ( #1436 ), #631 ) ;
#376 = DIRECTION ( 'NONE',  ( -1.000000000000000000, 0.0000000000000000000, 0.0000000000000000000 ) ) ;
#377 =( LENGTH_UNIT ( ) NAMED_UNIT ( * ) SI_UNIT ( .MILLI., .METRE. ) );
#378 = COLOUR_RGB ( '',0.7529411764705882200, 0.7529411764705882200, 0.7529411764705882200 ) ;
#379 = SURFACE_SIDE_STYLE ('',( #46 ) ) ;
#380 = ORIENTED_EDGE ( 'NONE', *, *, #230, .T. ) ;
#381 =( LENGTH_UNIT ( ) NAMED_UNIT ( * ) SI_UNIT ( .MILLI., .METRE. ) );
#382 = ORIENTED_EDGE ( 'NONE', *, *, #1332, .T. ) ;
#383 = ORIENTED_EDGE ( 'NONE', *, *, #145, .T. ) ;
#384 =( GEOMETRIC_REPRESENTATION_CONTEXT ( 3 ) GLOBAL_UNCERTAINTY_ASSIGNED_CONTEXT ( ( #529 ) ) GLOBAL_UNIT_ASSIGNED_CONTEXT ( ( #855, #868, #873 ) ) REPRESENTATION_CONTEXT ( 'NONE', 'WORKASPACE' ) );
#385 = AXIS2_PLACEMENT_3D ( 'NONE', #667, #678, #695 ) ;
#386 = CARTESIAN_POINT ( 'NONE',  ( -1.600000000000000100, -1.250000000000000000, 0.0000000000000000000 ) ) ;
#387 = ORIENTED_EDGE ( 'NONE', *, *, #519, .T. ) ;
#388 = CARTESIAN_POINT ( 'NONE',  ( -1.000000000000000000, -1.250000000000000000, 0.8499999999999996400 ) ) ;
#389 = VECTOR ( 'NONE', #493, 1000.000000000000000 ) ;
#390 = VECTOR ( 'NONE', #1234, 1000.000000000000000 ) ;
#391 = ADVANCED_FACE ( 'NONE', ( #735 ), #1033, .T. ) ;
#392 = CARTESIAN_POINT ( 'NONE',  ( -1.000000000000000000, -1.250000000000000000, 0.8499999999999996400 ) ) ;
#393 = CARTESIAN_POINT ( 'NONE',  ( 1.600000000000000100, -1.100000000000000100, 0.4499999999999997900 ) ) ;
#394 = PRESENTATION_STYLE_ASSIGNMENT (( #784 ) ) ;
#395 = STYLED_ITEM ( 'NONE', ( #221 ), #1176 ) ;
#396 = SURFACE_STYLE_USAGE ( .BOTH. , #379 ) ;
#397 = MECHANICAL_DESIGN_GEOMETRIC_PRESENTATION_REPRESENTATION (  '', ( #165 ), #484 ) ;
#398 = ORIENTED_EDGE ( 'NONE', *, *, #145, .F. ) ;
#399 =( LENGTH_UNIT ( ) NAMED_UNIT ( * ) SI_UNIT ( .MILLI., .METRE. ) );
#400 = CARTESIAN_POINT ( 'NONE',  ( 1.000000000000000200, -1.100000000000000100, -0.8500000000000000900 ) ) ;
#401 = ORIENTED_EDGE ( 'NONE', *, *, #96, .F. ) ;
#402 =( GEOMETRIC_REPRESENTATION_CONTEXT ( 3 ) GLOBAL_UNCERTAINTY_ASSIGNED_CONTEXT ( ( #1243 ) ) GLOBAL_UNIT_ASSIGNED_CONTEXT ( ( #422, #1415, #1230 ) ) REPRESENTATION_CONTEXT ( 'NONE', 'WORKASPACE' ) );
#403 = FILL_AREA_STYLE_COLOUR ( '', #1000 ) ;
#404 = LINE ( 'NONE', #724, #702 ) ;
#405 = PLANE ( 'NONE',  #851 ) ;
#406 = VERTEX_POINT ( 'NONE', #924 ) ;
#407 = LINE ( 'NONE', #294, #265 ) ;
#408 = PRODUCT_DEFINITION_CONTEXT ( 'detailed design', #661, 'design' ) ;
#409 = EDGE_CURVE ( 'NONE', #978, #83, #1278, .T. ) ;
#410 = EDGE_CURVE ( 'NONE', #1334, #577, #614, .T. ) ;
#411 = ORIENTED_EDGE ( 'NONE', *, *, #1010, .F. ) ;
#412 = PRESENTATION_LAYER_ASSIGNMENT (  '', '', ( #256 ) ) ;
#413 = CARTESIAN_POINT ( 'NONE',  ( 1.000000000000000200, -1.250000000000000000, 1.249999999999999800 ) ) ;
#414 = VECTOR ( 'NONE', #431, 1000.000000000000000 ) ;
#415 = FACE_OUTER_BOUND ( 'NONE', #619, .T. ) ;
#416 = VERTEX_POINT ( 'NONE', #1177 ) ;
#417 = FILL_AREA_STYLE ('',( #56 ) ) ;
#418 = ORIENTED_EDGE ( 'NONE', *, *, #87, .T. ) ;
#419 = VERTEX_POINT ( 'NONE', #1170 ) ;
#420 =( LENGTH_UNIT ( ) NAMED_UNIT ( * ) SI_UNIT ( .MILLI., .METRE. ) );
#421 = CARTESIAN_POINT ( 'NONE',  ( 1.000000000000000200, -1.250000000000000000, 1.249999999999999800 ) ) ;
#422 =( LENGTH_UNIT ( ) NAMED_UNIT ( * ) SI_UNIT ( .MILLI., .METRE. ) );
#423 = FACE_OUTER_BOUND ( 'NONE', #1368, .T. ) ;
#424 = PRESENTATION_LAYER_ASSIGNMENT (  '', '', ( #267 ) ) ;
#425 = CARTESIAN_POINT ( 'NONE',  ( 1.000000000000000200, -1.100000000000000100, -0.8500000000000000900 ) ) ;
#426 = CARTESIAN_POINT ( 'NONE',  ( 1.600000000000000100, 0.5499999999999999300, 1.250000000000000200 ) ) ;
#427 = SURFACE_STYLE_FILL_AREA ( #857 ) ;
#428 = CARTESIAN_POINT ( 'NONE',  ( 1.600000000000000100, -1.250000000000000000, 0.0000000000000000000 ) ) ;
#429 = COLOUR_RGB ( '',0.7529411764705882200, 0.7529411764705882200, 0.7529411764705882200 ) ;
#430 = DIRECTION ( 'NONE',  ( 1.000000000000000000, 0.0000000000000000000, -0.0000000000000000000 ) ) ;
#431 = DIRECTION ( 'NONE',  ( 0.0000000000000000000, -1.000000000000000000, 0.0000000000000000000 ) ) ;
#432 = COLOUR_RGB ( '',0.7529411764705882200, 0.7529411764705882200, 0.7529411764705882200 ) ;
#433 = DIRECTION ( 'NONE',  ( 1.000000000000000000, 0.0000000000000000000, -0.0000000000000000000 ) ) ;
#434 = PRODUCT_DEFINITION ( 'UNKNOWN', '', #518, #408 ) ;
#435 = EDGE_CURVE ( 'NONE', #683, #1389, #279, .T. ) ;
#436 = ADVANCED_FACE ( 'NONE', ( #904 ), #1428, .F. ) ;
#437 = FILL_AREA_STYLE ('',( #1103 ) ) ;
#438 = VECTOR ( 'NONE', #1534, 1000.000000000000000 ) ;
#439 = FILL_AREA_STYLE_COLOUR ( '', #378 ) ;
#440 = EDGE_LOOP ( 'NONE', ( #387, #1251, #1029, #1151 ) ) ;
#441 = ORIENTED_EDGE ( 'NONE', *, *, #464, .F. ) ;
#442 = FILL_AREA_STYLE ('',( #350 ) ) ;
#443 = ORIENTED_EDGE ( 'NONE', *, *, #1244, .T. ) ;
#444 = FILL_AREA_STYLE_COLOUR ( '', #1165 ) ;
#445 = DIRECTION ( 'NONE',  ( -0.0000000000000000000, 0.0000000000000000000, 1.000000000000000000 ) ) ;
#446 = FILL_AREA_STYLE_COLOUR ( '', #25 ) ;
#447 = ADVANCED_FACE ( 'NONE', ( #454 ), #469, .F. ) ;
#448 = FACE_BOUND ( 'NONE', #440, .T. ) ;
#449 = VECTOR ( 'NONE', #487, 1000.000000000000000 ) ;
#450 =( NAMED_UNIT ( * ) PLANE_ANGLE_UNIT ( ) SI_UNIT ( $, .RADIAN. ) );
#451 = STYLED_ITEM ( 'NONE', ( #597 ), #1313 ) ;
#452 = CARTESIAN_POINT ( 'NONE',  ( 1.000000000000000200, -0.8500000000000000900, -0.8500000000000000900 ) ) ;
#453 = SURFACE_SIDE_STYLE ('',( #460 ) ) ;
#454 = FACE_OUTER_BOUND ( 'NONE', #1579, .T. ) ;
#455 = EDGE_CURVE ( 'NONE', #1146, #1355, #1292, .T. ) ;
#456 =( NAMED_UNIT ( * ) SI_UNIT ( $, .STERADIAN. ) SOLID_ANGLE_UNIT ( ) );
#457 = SURFACE_SIDE_STYLE ('',( #591 ) ) ;
#458 = COLOUR_RGB ( '',0.7529411764705882200, 0.7529411764705882200, 0.7529411764705882200 ) ;
#459 = CARTESIAN_POINT ( 'NONE',  ( -1.000000000000000000, -1.250000000000000000, -3.289607805437114100 ) ) ;
#460 = SURFACE_STYLE_FILL_AREA ( #442 ) ;
#461 = AXIS2_PLACEMENT_3D ( 'NONE', #488, #1356, #615 ) ;
#462 = EDGE_LOOP ( 'NONE', ( #563, #730, #1028, #1465 ) ) ;
#463 = CARTESIAN_POINT ( 'NONE',  ( 1.600000000000000100, -1.250000000000000000, -0.4499999999999997900 ) ) ;
#464 = EDGE_CURVE ( 'NONE', #1043, #978, #17, .T. ) ;
#465 = EDGE_LOOP ( 'NONE', ( #200, #717, #791, #1499 ) ) ;
#466 = ORIENTED_EDGE ( 'NONE', *, *, #1015, .T. ) ;
#467 = DIRECTION ( 'NONE',  ( -2.710505431213761600E-016, -1.000000000000000000, 0.0000000000000000000 ) ) ;
#468 = EDGE_LOOP ( 'NONE', ( #1069, #1087, #1301, #341, #346, #1427 ) ) ;
#469 = PLANE ( 'NONE',  #1158 ) ;
#470 = UNCERTAINTY_MEASURE_WITH_UNIT (LENGTH_MEASURE( 1.000000000000000100E-005 ), #797, 'distance_accuracy_value', 'NONE');
#471 = PLANE ( 'NONE',  #1331 ) ;
#472 = FILL_AREA_STYLE_COLOUR ( '', #1209 ) ;
#473 = PRESENTATION_LAYER_ASSIGNMENT (  '', '', ( #304 ) ) ;
#474 = EDGE_CURVE ( 'NONE', #1229, #502, #662, .T. ) ;
#475 = LINE ( 'NONE', #940, #1101 ) ;
#476 = DIRECTION ( 'NONE',  ( -1.000000000000000000, 0.0000000000000000000, 0.0000000000000000000 ) ) ;
#477 = LINE ( 'NONE', #972, #1423 ) ;
#478 = AXIS2_PLACEMENT_3D ( 'NONE', #711, #864, #872 ) ;
#479 = EDGE_LOOP ( 'NONE', ( #1486, #1575, #276, #612 ) ) ;
#480 = PLANE ( 'NONE',  #1585 ) ;
#481 = CARTESIAN_POINT ( 'NONE',  ( 1.574399999999999100, 0.5300000000000001400, 1.229999999999999800 ) ) ;
#482 = ORIENTED_EDGE ( 'NONE', *, *, #800, .T. ) ;
#483 = ORIENTED_EDGE ( 'NONE', *, *, #1228, .F. ) ;
#484 =( GEOMETRIC_REPRESENTATION_CONTEXT ( 3 ) GLOBAL_UNCERTAINTY_ASSIGNED_CONTEXT ( ( #189 ) ) GLOBAL_UNIT_ASSIGNED_CONTEXT ( ( #1554, #817, #88 ) ) REPRESENTATION_CONTEXT ( 'NONE', 'WORKASPACE' ) );
#485 = ORIENTED_EDGE ( 'NONE', *, *, #302, .T. ) ;
#486 = LINE ( 'NONE', #217, #1148 ) ;
#487 = DIRECTION ( 'NONE',  ( -2.710505431213761600E-016, -1.000000000000000000, 0.0000000000000000000 ) ) ;
#488 = CARTESIAN_POINT ( 'NONE',  ( 1.600000000000000100, 0.0000000000000000000, 0.0000000000000000000 ) ) ;
#489 = FACE_OUTER_BOUND ( 'NONE', #479, .T. ) ;
#490 = ORIENTED_EDGE ( 'NONE', *, *, #887, .T. ) ;
#491 = PRESENTATION_STYLE_ASSIGNMENT (( #1264 ) ) ;
#492 = PLANE ( 'NONE',  #971 ) ;
#493 = DIRECTION ( 'NONE',  ( 0.0000000000000000000, 0.0000000000000000000, 1.000000000000000000 ) ) ;
#494 = SURFACE_STYLE_FILL_AREA ( #1419 ) ;
#495 = CARTESIAN_POINT ( 'NONE',  ( 1.000000000000000200, -0.8500000000000000900, 0.8499999999999996400 ) ) ;
#496 = LINE ( 'NONE', #1430, #180 ) ;
#497 = ORIENTED_EDGE ( 'NONE', *, *, #277, .F. ) ;
#498 = EDGE_CURVE ( 'NONE', #980, #1173, #967, .T. ) ;
#499 = MECHANICAL_DESIGN_GEOMETRIC_PRESENTATION_REPRESENTATION (  '', ( #256 ), #586 ) ;
#500 = DIRECTION ( 'NONE',  ( 0.7071067811865486800, -0.0000000000000000000, 0.7071067811865464600 ) ) ;
#501 = ORIENTED_EDGE ( 'NONE', *, *, #1174, .T. ) ;
#502 = VERTEX_POINT ( 'NONE', #728 ) ;
#503 = SURFACE_SIDE_STYLE ('',( #1521 ) ) ;
#504 = ORIENTED_EDGE ( 'NONE', *, *, #335, .F. ) ;
#505 =( NAMED_UNIT ( * ) SI_UNIT ( $, .STERADIAN. ) SOLID_ANGLE_UNIT ( ) );
#506 = SURFACE_STYLE_USAGE ( .BOTH. , #503 ) ;
#507 = CARTESIAN_POINT ( 'NONE',  ( 1.600000000000000500, -1.250000000000000000, -0.4499999999999997900 ) ) ;
#508 = PRODUCT ( 'PE-1210CCMC_3D', 'PE-1210CCMC_3D', '', ( #891 ) ) ;
#509 = STYLED_ITEM ( 'NONE', ( #700 ), #1070 ) ;
#510 = MECHANICAL_DESIGN_GEOMETRIC_PRESENTATION_REPRESENTATION (  '', ( #267 ), #598 ) ;
#511 = DIRECTION ( 'NONE',  ( 0.0000000000000000000, 0.0000000000000000000, -1.000000000000000000 ) ) ;
#512 = VERTEX_POINT ( 'NONE', #1341 ) ;
#513 = SURFACE_STYLE_USAGE ( .BOTH. , #453 ) ;
#514 = VERTEX_POINT ( 'NONE', #1221 ) ;
#515 = ORIENTED_EDGE ( 'NONE', *, *, #1139, .T. ) ;
#516 = ORIENTED_EDGE ( 'NONE', *, *, #1493, .T. ) ;
#517 = AXIS2_PLACEMENT_3D ( 'NONE', #587, #209, #543 ) ;
#518 = PRODUCT_DEFINITION_FORMATION_WITH_SPECIFIED_SOURCE ( 'ANY', '', #508, .NOT_KNOWN. ) ;
#519 = EDGE_CURVE ( 'NONE', #1477, #683, #589, .T. ) ;
#520 = CARTESIAN_POINT ( 'NONE',  ( 1.600000000000000100, -1.250000000000000000, 1.249999999999999800 ) ) ;
#521 =( LENGTH_UNIT ( ) NAMED_UNIT ( * ) SI_UNIT ( .MILLI., .METRE. ) );
#522 = VECTOR ( 'NONE', #365, 1000.000000000000000 ) ;
#523 =( LENGTH_UNIT ( ) NAMED_UNIT ( * ) SI_UNIT ( .MILLI., .METRE. ) );
#524 =( LENGTH_UNIT ( ) NAMED_UNIT ( * ) SI_UNIT ( .MILLI., .METRE. ) );
#525 =( NAMED_UNIT ( * ) SI_UNIT ( $, .STERADIAN. ) SOLID_ANGLE_UNIT ( ) );
#526 = VECTOR ( 'NONE', #1191, 1000.000000000000000 ) ;
#527 = PRESENTATION_LAYER_ASSIGNMENT (  '', '', ( #451 ) ) ;
#528 = VECTOR ( 'NONE', #708, 1000.000000000000000 ) ;
#529 = UNCERTAINTY_MEASURE_WITH_UNIT (LENGTH_MEASURE( 1.000000000000000100E-005 ), #855, 'distance_accuracy_value', 'NONE');
#530 = SURFACE_SIDE_STYLE ('',( #116 ) ) ;
#531 = UNCERTAINTY_MEASURE_WITH_UNIT (LENGTH_MEASURE( 1.000000000000000100E-005 ), #136, 'distance_accuracy_value', 'NONE');
#532 = DIRECTION ( 'NONE',  ( -0.0000000000000000000, 0.0000000000000000000, 1.000000000000000000 ) ) ;
#533 = VECTOR ( 'NONE', #1509, 1000.000000000000000 ) ;
#534 = ORIENTED_EDGE ( 'NONE', *, *, #1310, .F. ) ;
#535 = ORIENTED_EDGE ( 'NONE', *, *, #1581, .T. ) ;
#536 = CARTESIAN_POINT ( 'NONE',  ( 1.000000000000000200, -1.100000000000000100, -3.289607805437114100 ) ) ;
#537 =( NAMED_UNIT ( * ) PLANE_ANGLE_UNIT ( ) SI_UNIT ( $, .RADIAN. ) );
#538 = PRESENTATION_LAYER_ASSIGNMENT (  '', '', ( #375 ) ) ;
#539 = VECTOR ( 'NONE', #197, 1000.000000000000000 ) ;
#540 = VECTOR ( 'NONE', #990, 1000.000000000000000 ) ;
#541 = FACE_OUTER_BOUND ( 'NONE', #718, .T. ) ;
#542 = SURFACE_STYLE_USAGE ( .BOTH. , #1295 ) ;
#543 = DIRECTION ( 'NONE',  ( 0.0000000000000000000, 0.0000000000000000000, -1.000000000000000000 ) ) ;
#544 = FACE_OUTER_BOUND ( 'NONE', #555, .T. ) ;
#545 = FACE_OUTER_BOUND ( 'NONE', #930, .T. ) ;
#546 = DIRECTION ( 'NONE',  ( 0.0000000000000000000, 0.0000000000000000000, 1.000000000000000000 ) ) ;
#547 = STYLED_ITEM ( 'NONE', ( #491 ), #85 ) ;
#548 = MECHANICAL_DESIGN_GEOMETRIC_PRESENTATION_REPRESENTATION (  '', ( #304 ), #637 ) ;
#549 = EDGE_CURVE ( 'NONE', #1446, #1355, #1258, .T. ) ;
#550 = ADVANCED_FACE ( 'NONE', ( #545 ), #118, .F. ) ;
#551 = COLOUR_RGB ( '',0.7529411764705882200, 0.7529411764705882200, 0.7529411764705882200 ) ;
#552 =( NAMED_UNIT ( * ) PLANE_ANGLE_UNIT ( ) SI_UNIT ( $, .RADIAN. ) );
#553 = DIRECTION ( 'NONE',  ( 1.000000000000000000, -0.0000000000000000000, 0.0000000000000000000 ) ) ;
#554 = EDGE_LOOP ( 'NONE', ( #1583, #485, #742, #501, #182, #1462, #858, #237 ) ) ;
#555 = EDGE_LOOP ( 'NONE', ( #1203, #1409, #1541, #774 ) ) ;
#556 = CARTESIAN_POINT ( 'NONE',  ( 1.600000000000000100, -1.250000000000000000, -1.250000000000000200 ) ) ;
#557 = DIRECTION ( 'NONE',  ( 1.000000000000000000, 0.0000000000000000000, -0.0000000000000000000 ) ) ;
#558 = PRESENTATION_LAYER_ASSIGNMENT (  '', '', ( #395 ) ) ;
#559 = CARTESIAN_POINT ( 'NONE',  ( 1.000000000000000000, -1.250000000000000000, -0.8500000000000004200 ) ) ;
#560 = DIRECTION ( 'NONE',  ( -0.0000000000000000000, -1.000000000000000000, -0.0000000000000000000 ) ) ;
#561 = SURFACE_STYLE_FILL_AREA ( #417 ) ;
#562 = CARTESIAN_POINT ( 'NONE',  ( -1.400000000000001200, -1.099999999999999200, 0.4499999999999997900 ) ) ;
#563 = ORIENTED_EDGE ( 'NONE', *, *, #1395, .T. ) ;
#564 = ORIENTED_EDGE ( 'NONE', *, *, #342, .F. ) ;
#565 = FILL_AREA_STYLE ('',( #444 ) ) ;
#566 = VECTOR ( 'NONE', #1063, 1000.000000000000000 ) ;
#567 = ADVANCED_FACE ( 'NONE', ( #767 ), #863, .F. ) ;
#568 = SURFACE_STYLE_FILL_AREA ( #1188 ) ;
#569 = CARTESIAN_POINT ( 'NONE',  ( 0.7500000000000002200, -0.8500000000000000900, -1.250000000000000200 ) ) ;
#570 =( NAMED_UNIT ( * ) PLANE_ANGLE_UNIT ( ) SI_UNIT ( $, .RADIAN. ) );
#571 = UNCERTAINTY_MEASURE_WITH_UNIT (LENGTH_MEASURE( 1.000000000000000100E-005 ), #626, 'distance_accuracy_value', 'NONE');
#572 = STYLED_ITEM ( 'NONE', ( #786 ), #447 ) ;
#573 = DIRECTION ( 'NONE',  ( 0.0000000000000000000, 1.000000000000000000, -0.0000000000000000000 ) ) ;
#574 = CARTESIAN_POINT ( 'NONE',  ( -1.000000000000000000, -1.100000000000000100, -3.289607805437114100 ) ) ;
#575 = EDGE_LOOP ( 'NONE', ( #1528, #1007, #902, #968 ) ) ;
#576 = CARTESIAN_POINT ( 'NONE',  ( -1.600000000000000100, -1.100000000000000100, -0.4499999999999997900 ) ) ;
#577 = VERTEX_POINT ( 'NONE', #739 ) ;
#578 = VECTOR ( 'NONE', #590, 1000.000000000000000 ) ;
#579 = ORIENTED_EDGE ( 'NONE', *, *, #985, .T. ) ;
#580 = CARTESIAN_POINT ( 'NONE',  ( -1.599999999999999900, 0.5300000000000001400, 0.0000000000000000000 ) ) ;
#581 = PRESENTATION_STYLE_ASSIGNMENT (( #694 ) ) ;
#582 = VECTOR ( 'NONE', #376, 1000.000000000000000 ) ;
#583 = LINE ( 'NONE', #1083, #1212 ) ;
#584 = PLANE ( 'NONE',  #900 ) ;
#585 = EDGE_CURVE ( 'NONE', #1016, #181, #206, .T. ) ;
#586 =( GEOMETRIC_REPRESENTATION_CONTEXT ( 3 ) GLOBAL_UNCERTAINTY_ASSIGNED_CONTEXT ( ( #253 ) ) GLOBAL_UNIT_ASSIGNED_CONTEXT ( ( #1134, #1027, #765 ) ) REPRESENTATION_CONTEXT ( 'NONE', 'WORKASPACE' ) );
#587 = CARTESIAN_POINT ( 'NONE',  ( 1.000000000000000200, -0.8500000000000000900, -3.289607805437114100 ) ) ;
#588 = UNCERTAINTY_MEASURE_WITH_UNIT (LENGTH_MEASURE( 1.000000000000000100E-005 ), #244, 'distance_accuracy_value', 'NONE');
#589 = LINE ( 'NONE', #1328, #263 ) ;
#590 = DIRECTION ( 'NONE',  ( 0.0000000000000000000, -0.0000000000000000000, -1.000000000000000000 ) ) ;
#591 = SURFACE_STYLE_FILL_AREA ( #348 ) ;
#592 =( NAMED_UNIT ( * ) SI_UNIT ( $, .STERADIAN. ) SOLID_ANGLE_UNIT ( ) );
#593 = AXIS2_PLACEMENT_3D ( 'NONE', #329, #330, #337 ) ;
#594 = DIRECTION ( 'NONE',  ( -0.0000000000000000000, 0.0000000000000000000, 1.000000000000000000 ) ) ;
#595 = VECTOR ( 'NONE', #776, 1000.000000000000000 ) ;
#596 =( NAMED_UNIT ( * ) SI_UNIT ( $, .STERADIAN. ) SOLID_ANGLE_UNIT ( ) );
#597 = PRESENTATION_STYLE_ASSIGNMENT (( #225 ) ) ;
#598 =( GEOMETRIC_REPRESENTATION_CONTEXT ( 3 ) GLOBAL_UNCERTAINTY_ASSIGNED_CONTEXT ( ( #1046 ) ) GLOBAL_UNIT_ASSIGNED_CONTEXT ( ( #658, #1517, #787 ) ) REPRESENTATION_CONTEXT ( 'NONE', 'WORKASPACE' ) );
#599 = VERTEX_POINT ( 'NONE', #142 ) ;
#600 = CARTESIAN_POINT ( 'NONE',  ( -1.400000000000000400, -1.250000000000000000, -0.4499999999999997900 ) ) ;
#601 = ORIENTED_EDGE ( 'NONE', *, *, #292, .T. ) ;
#602 = ORIENTED_EDGE ( 'NONE', *, *, #1306, .F. ) ;
#603 = DIRECTION ( 'NONE',  ( -0.7071067811865489100, 1.916616770854221700E-016, -0.7071067811865462400 ) ) ;
#604 = DIRECTION ( 'NONE',  ( 1.000000000000000000, 0.0000000000000000000, 0.0000000000000000000 ) ) ;
#605 = SURFACE_STYLE_FILL_AREA ( #121 ) ;
#606 = LINE ( 'NONE', #1384, #896 ) ;
#607 = COLOUR_RGB ( '',0.7529411764705882200, 0.7529411764705882200, 0.7529411764705882200 ) ;
#608 = DIRECTION ( 'NONE',  ( 2.710505431213761600E-016, 1.000000000000000000, 0.0000000000000000000 ) ) ;
#609 = STYLED_ITEM ( 'NONE', ( #1217 ), #319 ) ;
#610 = PRODUCT_RELATED_PRODUCT_CATEGORY ( 'part', '', ( #508 ) ) ;
#611 = EDGE_CURVE ( 'NONE', #683, #310, #1153, .T. ) ;
#612 = ORIENTED_EDGE ( 'NONE', *, *, #1035, .T. ) ;
#613 = DIRECTION ( 'NONE',  ( 0.0000000000000000000, 1.000000000000000000, -0.0000000000000000000 ) ) ;
#614 = LINE ( 'NONE', #1519, #949 ) ;
#615 = DIRECTION ( 'NONE',  ( 0.0000000000000000000, 0.0000000000000000000, 1.000000000000000000 ) ) ;
#616 = COLOUR_RGB ( '',0.7529411764705882200, 0.7529411764705882200, 0.7529411764705882200 ) ;
#617 = LINE ( 'NONE', #507, #693 ) ;
#618 = MECHANICAL_DESIGN_GEOMETRIC_PRESENTATION_REPRESENTATION (  '', ( #451 ), #699 ) ;
#619 = EDGE_LOOP ( 'NONE', ( #353, #993, #1239, #504 ) ) ;
#620 = SURFACE_SIDE_STYLE ('',( #1468 ) ) ;
#621 = PLANE ( 'NONE',  #331 ) ;
#622 = LINE ( 'NONE', #886, #582 ) ;
#623 = CARTESIAN_POINT ( 'NONE',  ( 1.000000000000000200, -0.8500000000000000900, -0.8500000000000000900 ) ) ;
#624 = LINE ( 'NONE', #681, #1565 ) ;
#625 = DIRECTION ( 'NONE',  ( 0.0000000000000000000, 0.0000000000000000000, 1.000000000000000000 ) ) ;
#626 =( LENGTH_UNIT ( ) NAMED_UNIT ( * ) SI_UNIT ( .MILLI., .METRE. ) );
#627 = MECHANICAL_DESIGN_GEOMETRIC_PRESENTATION_REPRESENTATION (  '', ( #375 ), #712 ) ;
#628 = VECTOR ( 'NONE', #119, 1000.000000000000000 ) ;
#629 = CARTESIAN_POINT ( 'NONE',  ( -1.574399999999999100, 0.5300000000000001400, -1.229999999999999800 ) ) ;
#630 = VECTOR ( 'NONE', #573, 1000.000000000000000 ) ;
#631 = ADVANCED_FACE ( 'NONE', ( #489 ), #492, .F. ) ;
#632 = FILL_AREA_STYLE_COLOUR ( '', #432 ) ;
#633 = CARTESIAN_POINT ( 'NONE',  ( 1.000000000000000200, -1.250000000000000000, -1.250000000000000200 ) ) ;
#634 = VECTOR ( 'NONE', #1224, 1000.000000000000000 ) ;
#635 = EDGE_LOOP ( 'NONE', ( #289, #1286, #1216, #1569 ) ) ;
#636 = AXIS2_PLACEMENT_3D ( 'NONE', #895, #901, #927 ) ;
#637 =( GEOMETRIC_REPRESENTATION_CONTEXT ( 3 ) GLOBAL_UNCERTAINTY_ASSIGNED_CONTEXT ( ( #571 ) ) GLOBAL_UNIT_ASSIGNED_CONTEXT ( ( #626, #879, #1201 ) ) REPRESENTATION_CONTEXT ( 'NONE', 'WORKASPACE' ) );
#638 = EDGE_CURVE ( 'NONE', #1229, #779, #1323, .T. ) ;
#639 = SURFACE_SIDE_STYLE ('',( #888 ) ) ;
#640 = ORIENTED_EDGE ( 'NONE', *, *, #40, .F. ) ;
#641 = PLANE ( 'NONE',  #156 ) ;
#642 = LINE ( 'NONE', #710, #1275 ) ;
#643 = SURFACE_STYLE_USAGE ( .BOTH. , #639 ) ;
#644 = CARTESIAN_POINT ( 'NONE',  ( -1.600000000000000100, 0.0000000000000000000, -1.250000000000000200 ) ) ;
#645 = MECHANICAL_DESIGN_GEOMETRIC_PRESENTATION_REPRESENTATION (  '', ( #395 ), #737 ) ;
#646 =( LENGTH_UNIT ( ) NAMED_UNIT ( * ) SI_UNIT ( .MILLI., .METRE. ) );
#647 = CARTESIAN_POINT ( 'NONE',  ( 1.600000000000000100, -1.250000000000000000, 1.249999999999999800 ) ) ;
#648 = SURFACE_STYLE_FILL_AREA ( #32 ) ;
#649 =( NAMED_UNIT ( * ) PLANE_ANGLE_UNIT ( ) SI_UNIT ( $, .RADIAN. ) );
#650 = LINE ( 'NONE', #1451, #438 ) ;
#651 = UNCERTAINTY_MEASURE_WITH_UNIT (LENGTH_MEASURE( 1.000000000000000100E-005 ), #39, 'distance_accuracy_value', 'NONE');
#652 = ORIENTED_EDGE ( 'NONE', *, *, #1283, .F. ) ;
#653 = VERTEX_POINT ( 'NONE', #1485 ) ;
#654 = UNCERTAINTY_MEASURE_WITH_UNIT (LENGTH_MEASURE( 1.000000000000000100E-005 ), #839, 'distance_accuracy_value', 'NONE');
#655 = ORIENTED_EDGE ( 'NONE', *, *, #372, .F. ) ;
#656 = AXIS2_PLACEMENT_3D ( 'NONE', #950, #691, #919 ) ;
#657 =( NAMED_UNIT ( * ) SI_UNIT ( $, .STERADIAN. ) SOLID_ANGLE_UNIT ( ) );
#658 =( LENGTH_UNIT ( ) NAMED_UNIT ( * ) SI_UNIT ( .MILLI., .METRE. ) );
#659 = DIRECTION ( 'NONE',  ( -1.000000000000000000, 0.0000000000000000000, 0.0000000000000000000 ) ) ;
#660 = LINE ( 'NONE', #495, #328 ) ;
#661 = APPLICATION_CONTEXT ( 'automotive_design' ) ;
#662 = LINE ( 'NONE', #986, #1568 ) ;
#663 = DIRECTION ( 'NONE',  ( 0.0000000000000000000, 0.0000000000000000000, -1.000000000000000000 ) ) ;
#664 = EDGE_CURVE ( 'NONE', #1448, #243, #660, .T. ) ;
#665 = VECTOR ( 'NONE', #1322, 1000.000000000000000 ) ;
#666 = LINE ( 'NONE', #576, #334 ) ;
#667 = CARTESIAN_POINT ( 'NONE',  ( 1.600000000000000100, -1.250000000000000000, 1.249999999999999800 ) ) ;
#668 = ORIENTED_EDGE ( 'NONE', *, *, #158, .F. ) ;
#669 = SHAPE_DEFINITION_REPRESENTATION ( #698, #1318 ) ;
#670 =( NAMED_UNIT ( * ) PLANE_ANGLE_UNIT ( ) SI_UNIT ( $, .RADIAN. ) );
#671 = DIRECTION ( 'NONE',  ( 0.0000000000000000000, -1.000000000000000000, 0.0000000000000000000 ) ) ;
#672 = ORIENTED_EDGE ( 'NONE', *, *, #277, .T. ) ;
#673 = DIRECTION ( 'NONE',  ( 0.0000000000000000000, -1.000000000000000000, -0.0000000000000000000 ) ) ;
#674 = ADVANCED_FACE ( 'NONE', ( #703 ), #874, .T. ) ;
#675 = ORIENTED_EDGE ( 'NONE', *, *, #1411, .F. ) ;
#676 = PRESENTATION_LAYER_ASSIGNMENT (  '', '', ( #509 ) ) ;
#677 = SURFACE_SIDE_STYLE ('',( #1076 ) ) ;
#678 = DIRECTION ( 'NONE',  ( 0.0000000000000000000, 1.000000000000000000, 0.0000000000000000000 ) ) ;
#679 = LINE ( 'NONE', #117, #389 ) ;
#680 = DIRECTION ( 'NONE',  ( -0.7071067811865462400, 1.916616770854214600E-016, 0.7071067811865489100 ) ) ;
#681 = CARTESIAN_POINT ( 'NONE',  ( 1.600000000000000100, -1.100000000000000100, -0.4499999999999997900 ) ) ;
#682 =( NAMED_UNIT ( * ) SI_UNIT ( $, .STERADIAN. ) SOLID_ANGLE_UNIT ( ) );
#683 = VERTEX_POINT ( 'NONE', #370 ) ;
#684 = ADVANCED_FACE ( 'NONE', ( #541 ), #1013, .F. ) ;
#685 = DIRECTION ( 'NONE',  ( -0.0000000000000000000, -0.0000000000000000000, 1.000000000000000000 ) ) ;
#686 = DIRECTION ( 'NONE',  ( 2.710505431213761600E-016, 1.000000000000000000, -0.0000000000000000000 ) ) ;
#687 = CARTESIAN_POINT ( 'NONE',  ( -0.7500000000000001100, -0.8500000000000000900, 1.249999999999999800 ) ) ;
#688 = AXIS2_PLACEMENT_3D ( 'NONE', #452, #826, #1075 ) ;
#689 = EDGE_CURVE ( 'NONE', #1173, #502, #1380, .T. ) ;
#690 = ORIENTED_EDGE ( 'NONE', *, *, #1015, .F. ) ;
#691 = DIRECTION ( 'NONE',  ( 1.000000000000000000, -0.0000000000000000000, 0.0000000000000000000 ) ) ;
#692 = ADVANCED_FACE ( 'NONE', ( #423 ), #405, .F. ) ;
#693 = VECTOR ( 'NONE', #553, 1000.000000000000000 ) ;
#694 = SURFACE_STYLE_USAGE ( .BOTH. , #1432 ) ;
#695 = DIRECTION ( 'NONE',  ( 0.0000000000000000000, -0.0000000000000000000, 1.000000000000000000 ) ) ;
#696 = ORIENTED_EDGE ( 'NONE', *, *, #159, .F. ) ;
#697 = CARTESIAN_POINT ( 'NONE',  ( -1.574399999999999100, 0.5300000000000001400, -1.229999999999999800 ) ) ;
#698 = PRODUCT_DEFINITION_SHAPE ( 'NONE', 'NONE',  #434 ) ;
#699 =( GEOMETRIC_REPRESENTATION_CONTEXT ( 3 ) GLOBAL_UNCERTAINTY_ASSIGNED_CONTEXT ( ( #1121 ) ) GLOBAL_UNIT_ASSIGNED_CONTEXT ( ( #1231, #759, #1580 ) ) REPRESENTATION_CONTEXT ( 'NONE', 'WORKASPACE' ) );
#700 = PRESENTATION_STYLE_ASSIGNMENT (( #396 ) ) ;
#701 = CARTESIAN_POINT ( 'NONE',  ( 0.7500000000000002200, -0.8500000000000000900, 1.249999999999999800 ) ) ;
#702 = VECTOR ( 'NONE', #751, 1000.000000000000000 ) ;
#703 = FACE_OUTER_BOUND ( 'NONE', #575, .T. ) ;
#704 = CARTESIAN_POINT ( 'NONE',  ( 1.400000000000001500, -1.250000000000000000, -0.4499999999999999600 ) ) ;
#705 = CARTESIAN_POINT ( 'NONE',  ( -1.600000000000000100, 1.250000000000000000, -1.250000000000000200 ) ) ;
#706 = CARTESIAN_POINT ( 'NONE',  ( -1.600000000000000100, -1.250000000000000000, 1.249999999999999800 ) ) ;
#707 = VECTOR ( 'NONE', #139, 999.9999999999998900 ) ;
#708 = DIRECTION ( 'NONE',  ( 0.0000000000000000000, 1.000000000000000000, 0.0000000000000000000 ) ) ;
#709 = LINE ( 'NONE', #231, #1327 ) ;
#710 = CARTESIAN_POINT ( 'NONE',  ( 1.600000000000000100, -0.8500000000000000900, 1.249999999999999800 ) ) ;
#711 = CARTESIAN_POINT ( 'NONE',  ( 1.600000000000000100, -1.250000000000000000, 1.249999999999999800 ) ) ;
#712 =( GEOMETRIC_REPRESENTATION_CONTEXT ( 3 ) GLOBAL_UNCERTAINTY_ASSIGNED_CONTEXT ( ( #299 ) ) GLOBAL_UNIT_ASSIGNED_CONTEXT ( ( #746, #10, #869 ) ) REPRESENTATION_CONTEXT ( 'NONE', 'WORKASPACE' ) );
#713 = DIRECTION ( 'NONE',  ( 0.0000000000000000000, -1.000000000000000000, -0.0000000000000000000 ) ) ;
#714 = SURFACE_STYLE_FILL_AREA ( #885 ) ;
#715 = EDGE_LOOP ( 'NONE', ( #1392, #234, #345, #979, #535, #1092, #1371, #655, #810, #932 ) ) ;
#716 = CARTESIAN_POINT ( 'NONE',  ( 1.000000000000000200, -1.250000000000000000, 1.249999999999999800 ) ) ;
#717 = ORIENTED_EDGE ( 'NONE', *, *, #1332, .F. ) ;
#718 = EDGE_LOOP ( 'NONE', ( #252, #232, #108, #105 ) ) ;
#719 = DIRECTION ( 'NONE',  ( 1.000000000000000000, 0.0000000000000000000, -0.0000000000000000000 ) ) ;
#720 = PLANE ( 'NONE',  #890 ) ;
#721 = DIRECTION ( 'NONE',  ( 0.0000000000000000000, 0.0000000000000000000, 1.000000000000000000 ) ) ;
#722 = VECTOR ( 'NONE', #80, 1000.000000000000000 ) ;
#723 = FACE_OUTER_BOUND ( 'NONE', #462, .T. ) ;
#724 = CARTESIAN_POINT ( 'NONE',  ( 1.600000000000000100, -1.250000000000000000, -1.250000000000000200 ) ) ;
#725 = PRESENTATION_LAYER_ASSIGNMENT (  '', '', ( #547 ) ) ;
#726 = EDGE_CURVE ( 'NONE', #419, #1016, #1276, .T. ) ;
#727 = PRESENTATION_STYLE_ASSIGNMENT (( #1401 ) ) ;
#728 = CARTESIAN_POINT ( 'NONE',  ( -1.400000000000000400, -1.100000000000000100, -0.4499999999999997900 ) ) ;
#729 = SURFACE_SIDE_STYLE ('',( #772 ) ) ;
#730 = ORIENTED_EDGE ( 'NONE', *, *, #305, .F. ) ;
#731 = DIRECTION ( 'NONE',  ( 1.000000000000000000, 0.0000000000000000000, -0.0000000000000000000 ) ) ;
#732 = DIRECTION ( 'NONE',  ( -0.0000000000000000000, -1.000000000000000000, 0.0000000000000000000 ) ) ;
#733 = SURFACE_STYLE_FILL_AREA ( #5 ) ;
#734 = CARTESIAN_POINT ( 'NONE',  ( 1.000000000000000200, -1.250000000000000000, 0.8499999999999996400 ) ) ;
#735 = FACE_OUTER_BOUND ( 'NONE', #468, .T. ) ;
#736 = VERTEX_POINT ( 'NONE', #1291 ) ;
#737 =( GEOMETRIC_REPRESENTATION_CONTEXT ( 3 ) GLOBAL_UNCERTAINTY_ASSIGNED_CONTEXT ( ( #364 ) ) GLOBAL_UNIT_ASSIGNED_CONTEXT ( ( #1079, #1084, #1088 ) ) REPRESENTATION_CONTEXT ( 'NONE', 'WORKASPACE' ) );
#738 = AXIS2_PLACEMENT_3D ( 'NONE', #207, #42, #69 ) ;
#739 = CARTESIAN_POINT ( 'NONE',  ( 1.400000000000001700, -1.100000000000000100, 0.4499999999999997900 ) ) ;
#740 = ORIENTED_EDGE ( 'NONE', *, *, #73, .F. ) ;
#741 = CARTESIAN_POINT ( 'NONE',  ( -1.000000000000000000, -1.250000000000000000, 1.249999999999999800 ) ) ;
#742 = ORIENTED_EDGE ( 'NONE', *, *, #1085, .T. ) ;
#743 = PRESENTATION_STYLE_ASSIGNMENT (( #1537 ) ) ;
#744 = VECTOR ( 'NONE', #685, 1000.000000000000000 ) ;
#745 = PRESENTATION_LAYER_ASSIGNMENT (  '', '', ( #572 ) ) ;
#746 =( LENGTH_UNIT ( ) NAMED_UNIT ( * ) SI_UNIT ( .MILLI., .METRE. ) );
#747 =( NAMED_UNIT ( * ) SI_UNIT ( $, .STERADIAN. ) SOLID_ANGLE_UNIT ( ) );
#748 = FILL_AREA_STYLE_COLOUR ( '', #141 ) ;
#749 = EDGE_CURVE ( 'NONE', #577, #1448, #941, .T. ) ;
#750 = STYLED_ITEM ( 'NONE', ( #1041 ), #1472 ) ;
#751 = DIRECTION ( 'NONE',  ( 1.000000000000000000, 0.0000000000000000000, -0.0000000000000000000 ) ) ;
#752 = VECTOR ( 'NONE', #214, 1000.000000000000000 ) ;
#753 = DIRECTION ( 'NONE',  ( 0.7071067811865489100, -0.0000000000000000000, -0.7071067811865461300 ) ) ;
#754 = ORIENTED_EDGE ( 'NONE', *, *, #1330, .F. ) ;
#755 = DIRECTION ( 'NONE',  ( -1.000000000000000000, 0.0000000000000000000, -0.0000000000000000000 ) ) ;
#756 = EDGE_LOOP ( 'NONE', ( #668, #166, #754, #29 ) ) ;
#757 = ORIENTED_EDGE ( 'NONE', *, *, #1163, .T. ) ;
#758 = EDGE_CURVE ( 'NONE', #30, #514, #275, .T. ) ;
#759 =( NAMED_UNIT ( * ) PLANE_ANGLE_UNIT ( ) SI_UNIT ( $, .RADIAN. ) );
#760 = ORIENTED_EDGE ( 'NONE', *, *, #435, .F. ) ;
#761 = UNCERTAINTY_MEASURE_WITH_UNIT (LENGTH_MEASURE( 1.000000000000000100E-005 ), #1410, 'distance_accuracy_value', 'NONE');
#762 = CARTESIAN_POINT ( 'NONE',  ( 0.0000000000000000000, 0.5300000000000001400, 0.0000000000000000000 ) ) ;
#763 = PLANE ( 'NONE',  #636 ) ;
#764 = MECHANICAL_DESIGN_GEOMETRIC_PRESENTATION_REPRESENTATION (  '', ( #509 ), #849 ) ;
#765 =( NAMED_UNIT ( * ) SI_UNIT ( $, .STERADIAN. ) SOLID_ANGLE_UNIT ( ) );
#766 = STYLED_ITEM ( 'NONE', ( #241 ), #795 ) ;
#767 = FACE_OUTER_BOUND ( 'NONE', #1093, .T. ) ;
#768 = VECTOR ( 'NONE', #445, 1000.000000000000000 ) ;
#769 = PLANE ( 'NONE',  #1494 ) ;
#770 = PLANE ( 'NONE',  #478 ) ;
#771 = DIRECTION ( 'NONE',  ( 0.0000000000000000000, 0.0000000000000000000, 1.000000000000000000 ) ) ;
#772 = SURFACE_STYLE_FILL_AREA ( #866 ) ;
#773 = VECTOR ( 'NONE', #9, 1000.000000000000000 ) ;
#774 = ORIENTED_EDGE ( 'NONE', *, *, #829, .T. ) ;
#775 = PRESENTATION_LAYER_ASSIGNMENT (  '', '', ( #609 ) ) ;
#776 = DIRECTION ( 'NONE',  ( -0.0000000000000000000, -1.000000000000000000, -0.0000000000000000000 ) ) ;
#777 = VERTEX_POINT ( 'NONE', #183 ) ;
#778 = DIRECTION ( 'NONE',  ( -0.0000000000000000000, -1.000000000000000000, 0.0000000000000000000 ) ) ;
#779 = VERTEX_POINT ( 'NONE', #175 ) ;
#780 = CARTESIAN_POINT ( 'NONE',  ( 1.600000000000000100, -1.250000000000000000, 1.249999999999999800 ) ) ;
#781 = VECTOR ( 'NONE', #1299, 1000.000000000000000 ) ;
#782 = LINE ( 'NONE', #633, #1396 ) ;
#783 = DIRECTION ( 'NONE',  ( 0.0000000000000000000, 0.0000000000000000000, 1.000000000000000000 ) ) ;
#784 = SURFACE_STYLE_USAGE ( .BOTH. , #906 ) ;
#785 = CARTESIAN_POINT ( 'NONE',  ( 1.600000000000000100, 0.5499999999999999300, -1.250000000000000200 ) ) ;
#786 = PRESENTATION_STYLE_ASSIGNMENT (( #224 ) ) ;
#787 =( NAMED_UNIT ( * ) SI_UNIT ( $, .STERADIAN. ) SOLID_ANGLE_UNIT ( ) );
#788 = CARTESIAN_POINT ( 'NONE',  ( -0.7500000000000001100, -1.100000000000000100, -1.250000000000000200 ) ) ;
#789 = VECTOR ( 'NONE', #1556, 1000.000000000000000 ) ;
#790 = ORIENTED_EDGE ( 'NONE', *, *, #758, .F. ) ;
#791 = ORIENTED_EDGE ( 'NONE', *, *, #1169, .F. ) ;
#792 = ORIENTED_EDGE ( 'NONE', *, *, #1283, .T. ) ;
#793 = CARTESIAN_POINT ( 'NONE',  ( 0.0000000000000000000, -1.100000000000000100, 0.0000000000000000000 ) ) ;
#794 = DIRECTION ( 'NONE',  ( -0.0000000000000000000, -1.000000000000000000, -0.0000000000000000000 ) ) ;
#795 = ADVANCED_FACE ( 'NONE', ( #1235 ), #1166, .T. ) ;
#796 = CARTESIAN_POINT ( 'NONE',  ( 1.600000000000000100, 0.5300000000000001400, -1.250000000000000200 ) ) ;
#797 =( LENGTH_UNIT ( ) NAMED_UNIT ( * ) SI_UNIT ( .MILLI., .METRE. ) );
#798 = MECHANICAL_DESIGN_GEOMETRIC_PRESENTATION_REPRESENTATION (  '', ( #547 ), #889 ) ;
#799 = STYLED_ITEM ( 'NONE', ( #1314 ), #1560 ) ;
#800 = EDGE_CURVE ( 'NONE', #243, #1108, #140, .T. ) ;
#801 = ORIENTED_EDGE ( 'NONE', *, *, #1168, .T. ) ;
#802 = DIRECTION ( 'NONE',  ( 0.0000000000000000000, 1.000000000000000000, 0.0000000000000000000 ) ) ;
#803 =( LENGTH_UNIT ( ) NAMED_UNIT ( * ) SI_UNIT ( .MILLI., .METRE. ) );
#804 = LINE ( 'NONE', #425, #1458 ) ;
#805 = CARTESIAN_POINT ( 'NONE',  ( 1.000000000000000200, -0.8500000000000000900, 0.8499999999999996400 ) ) ;
#806 = EDGE_LOOP ( 'NONE', ( #398, #1106, #892, #893 ) ) ;
#807 = FILL_AREA_STYLE ('',( #748 ) ) ;
#808 = ORIENTED_EDGE ( 'NONE', *, *, #335, .T. ) ;
#809 = ORIENTED_EDGE ( 'NONE', *, *, #1411, .T. ) ;
#810 = ORIENTED_EDGE ( 'NONE', *, *, #1139, .F. ) ;
#811 = CARTESIAN_POINT ( 'NONE',  ( 1.000000000000000200, -1.100000000000000100, -3.289607805437114100 ) ) ;
#812 = ADVANCED_FACE ( 'NONE', ( #1394, #448 ), #1175, .T. ) ;
#813 = FILL_AREA_STYLE_COLOUR ( '', #210 ) ;
#814 = STYLED_ITEM ( 'NONE', ( #312 ), #1052 ) ;
#815 = SURFACE_STYLE_FILL_AREA ( #238 ) ;
#816 = ORIENTED_EDGE ( 'NONE', *, *, #862, .T. ) ;
#817 =( NAMED_UNIT ( * ) PLANE_ANGLE_UNIT ( ) SI_UNIT ( $, .RADIAN. ) );
#818 = VECTOR ( 'NONE', #613, 1000.000000000000000 ) ;
#819 = CARTESIAN_POINT ( 'NONE',  ( -1.599999999999999900, 0.5300000000000001400, 1.249999999999999800 ) ) ;
#820 = DIRECTION ( 'NONE',  ( 0.7071067811865461300, 0.0000000000000000000, 0.7071067811865490200 ) ) ;
#821 = FILL_AREA_STYLE ('',( #446 ) ) ;
#822 = EDGE_CURVE ( 'NONE', #1355, #324, #962, .T. ) ;
#823 = DIRECTION ( 'NONE',  ( 0.0000000000000000000, 0.0000000000000000000, 1.000000000000000000 ) ) ;
#824 = UNCERTAINTY_MEASURE_WITH_UNIT (LENGTH_MEASURE( 1.000000000000000100E-005 ), #803, 'distance_accuracy_value', 'NONE');
#825 = MECHANICAL_DESIGN_GEOMETRIC_PRESENTATION_REPRESENTATION (  '', ( #572 ), #907 ) ;
#826 = DIRECTION ( 'NONE',  ( 0.7071067811865464600, 0.0000000000000000000, -0.7071067811865485700 ) ) ;
#827 = UNCERTAINTY_MEASURE_WITH_UNIT (LENGTH_MEASURE( 1.000000000000000100E-005 ), #1345, 'distance_accuracy_value', 'NONE');
#828 = DIRECTION ( 'NONE',  ( -0.0000000000000000000, -1.000000000000000000, 0.0000000000000000000 ) ) ;
#829 = EDGE_CURVE ( 'NONE', #324, #1298, #624, .T. ) ;
#830 = SURFACE_SIDE_STYLE ('',( #1077 ) ) ;
#831 = PRESENTATION_STYLE_ASSIGNMENT (( #1571 ) ) ;
#832 = SURFACE_STYLE_USAGE ( .BOTH. , #242 ) ;
#833 = LINE ( 'NONE', #1454, #533 ) ;
#834 = ORIENTED_EDGE ( 'NONE', *, *, #1112, .T. ) ;
#835 = CARTESIAN_POINT ( 'NONE',  ( 1.574399999999999100, 0.5300000000000001400, -1.229999999999999800 ) ) ;
#836 = ORIENTED_EDGE ( 'NONE', *, *, #1228, .T. ) ;
#837 = SURFACE_STYLE_USAGE ( .BOTH. , #830 ) ;
#838 = SURFACE_SIDE_STYLE ('',( #338 ) ) ;
#839 =( LENGTH_UNIT ( ) NAMED_UNIT ( * ) SI_UNIT ( .MILLI., .METRE. ) );
#840 = EDGE_CURVE ( 'NONE', #779, #1044, #1289, .T. ) ;
#841 = SURFACE_STYLE_USAGE ( .BOTH. , #838 ) ;
#842 = AXIS2_PLACEMENT_3D ( 'NONE', #1280, #1594, #1453 ) ;
#843 = CARTESIAN_POINT ( 'NONE',  ( -1.000000000000000000, -1.250000000000000000, -3.289607805437114100 ) ) ;
#844 = FACE_OUTER_BOUND ( 'NONE', #235, .T. ) ;
#845 = COLOUR_RGB ( '',0.7529411764705882200, 0.7529411764705882200, 0.7529411764705882200 ) ;
#846 = FILL_AREA_STYLE_COLOUR ( '', #551 ) ;
#847 =( NAMED_UNIT ( * ) PLANE_ANGLE_UNIT ( ) SI_UNIT ( $, .RADIAN. ) );
#848 = PLANE ( 'NONE',  #385 ) ;
#849 =( GEOMETRIC_REPRESENTATION_CONTEXT ( 3 ) GLOBAL_UNCERTAINTY_ASSIGNED_CONTEXT ( ( #928 ) ) GLOBAL_UNIT_ASSIGNED_CONTEXT ( ( #399, #450, #456 ) ) REPRESENTATION_CONTEXT ( 'NONE', 'WORKASPACE' ) );
#850 =( NAMED_UNIT ( * ) SI_UNIT ( $, .STERADIAN. ) SOLID_ANGLE_UNIT ( ) );
#851 = AXIS2_PLACEMENT_3D ( 'NONE', #910, #178, #1036 ) ;
#852 = DIRECTION ( 'NONE',  ( 1.000000000000000000, 0.0000000000000000000, 0.0000000000000000000 ) ) ;
#853 =( NAMED_UNIT ( * ) PLANE_ANGLE_UNIT ( ) SI_UNIT ( $, .RADIAN. ) );
#854 = SURFACE_STYLE_USAGE ( .BOTH. , #729 ) ;
#855 =( LENGTH_UNIT ( ) NAMED_UNIT ( * ) SI_UNIT ( .MILLI., .METRE. ) );
#856 = VERTEX_POINT ( 'NONE', #938 ) ;
#857 = FILL_AREA_STYLE ('',( #1463 ) ) ;
#858 = ORIENTED_EDGE ( 'NONE', *, *, #638, .T. ) ;
#859 = SURFACE_SIDE_STYLE ('',( #320 ) ) ;
#860 = DIRECTION ( 'NONE',  ( -1.000000000000000000, 2.710505431213761600E-016, 0.0000000000000000000 ) ) ;
#861 = MECHANICAL_DESIGN_GEOMETRIC_PRESENTATION_REPRESENTATION (  '', ( #609 ), #947 ) ;
#862 = EDGE_CURVE ( 'NONE', #419, #1511, #1252, .T. ) ;
#863 = PLANE ( 'NONE',  #461 ) ;
#864 = DIRECTION ( 'NONE',  ( 0.0000000000000000000, 0.0000000000000000000, -1.000000000000000000 ) ) ;
#865 = STYLED_ITEM ( 'NONE', ( #1386 ), #1376 ) ;
#866 = FILL_AREA_STYLE ('',( #632 ) ) ;
#867 = CIRCLE ( 'NONE', #1227, 0.2500000000000000000 ) ;
#868 =( NAMED_UNIT ( * ) PLANE_ANGLE_UNIT ( ) SI_UNIT ( $, .RADIAN. ) );
#869 =( NAMED_UNIT ( * ) SI_UNIT ( $, .STERADIAN. ) SOLID_ANGLE_UNIT ( ) );
#870 = ORIENTED_EDGE ( 'NONE', *, *, #372, .T. ) ;
#871 = VERTEX_POINT ( 'NONE', #559 ) ;
#872 = DIRECTION ( 'NONE',  ( -1.000000000000000000, 0.0000000000000000000, -0.0000000000000000000 ) ) ;
#873 =( NAMED_UNIT ( * ) SI_UNIT ( $, .STERADIAN. ) SOLID_ANGLE_UNIT ( ) );
#874 = PLANE ( 'NONE',  #1450 ) ;
#875 = FACE_OUTER_BOUND ( 'NONE', #806, .T. ) ;
#876 = VERTEX_POINT ( 'NONE', #1311 ) ;
#877 = LINE ( 'NONE', #1187, #539 ) ;
#878 = SURFACE_STYLE_FILL_AREA ( #1058 ) ;
#879 =( NAMED_UNIT ( * ) PLANE_ANGLE_UNIT ( ) SI_UNIT ( $, .RADIAN. ) );
#880 = VECTOR ( 'NONE', #1157, 1000.000000000000000 ) ;
#881 = STYLED_ITEM ( 'NONE', ( #50 ), #674 ) ;
#882 = FILL_AREA_STYLE_COLOUR ( '', #1492 ) ;
#883 = VECTOR ( 'NONE', #1478, 1000.000000000000000 ) ;
#884 = COLOUR_RGB ( '',0.7529411764705882200, 0.7529411764705882200, 0.7529411764705882200 ) ;
#885 = FILL_AREA_STYLE ('',( #439 ) ) ;
#886 = CARTESIAN_POINT ( 'NONE',  ( 1.600000000000000500, -1.250000000000000000, 0.4499999999999997900 ) ) ;
#887 = EDGE_CURVE ( 'NONE', #181, #60, #877, .T. ) ;
#888 = SURFACE_STYLE_FILL_AREA ( #1591 ) ;
#889 =( GEOMETRIC_REPRESENTATION_CONTEXT ( 3 ) GLOBAL_UNCERTAINTY_ASSIGNED_CONTEXT ( ( #1120 ) ) GLOBAL_UNIT_ASSIGNED_CONTEXT ( ( #1219, #1136, #1012 ) ) REPRESENTATION_CONTEXT ( 'NONE', 'WORKASPACE' ) );
#890 = AXIS2_PLACEMENT_3D ( 'NONE', #1178, #1349, #18 ) ;
#891 = PRODUCT_CONTEXT ( 'NONE', #1319, 'mechanical' ) ;
#892 = ORIENTED_EDGE ( 'NONE', *, *, #2, .T. ) ;
#893 = ORIENTED_EDGE ( 'NONE', *, *, #840, .F. ) ;
#894 = CARTESIAN_POINT ( 'NONE',  ( -1.000000000000000000, -1.250000000000000000, 1.249999999999999800 ) ) ;
#895 = CARTESIAN_POINT ( 'NONE',  ( -1.600000000000000100, 0.0000000000000000000, 0.0000000000000000000 ) ) ;
#896 = VECTOR ( 'NONE', #1385, 1000.000000000000000 ) ;
#897 = VECTOR ( 'NONE', #663, 1000.000000000000000 ) ;
#898 = STYLED_ITEM ( 'NONE', ( #1050 ), #1196 ) ;
#899 = CARTESIAN_POINT ( 'NONE',  ( 1.600000000000000500, -1.100000000000000100, 0.4499999999999997900 ) ) ;
#900 = AXIS2_PLACEMENT_3D ( 'NONE', #97, #603, #608 ) ;
#901 = DIRECTION ( 'NONE',  ( -1.000000000000000000, 0.0000000000000000000, 0.0000000000000000000 ) ) ;
#902 = ORIENTED_EDGE ( 'NONE', *, *, #125, .F. ) ;
#903 = ORIENTED_EDGE ( 'NONE', *, *, #455, .F. ) ;
#904 = FACE_OUTER_BOUND ( 'NONE', #1245, .T. ) ;
#905 = FILL_AREA_STYLE_COLOUR ( '', #1053 ) ;
#906 = SURFACE_SIDE_STYLE ('',( #1059 ) ) ;
#907 =( GEOMETRIC_REPRESENTATION_CONTEXT ( 3 ) GLOBAL_UNCERTAINTY_ASSIGNED_CONTEXT ( ( #952 ) ) GLOBAL_UNIT_ASSIGNED_CONTEXT ( ( #339, #233, #592 ) ) REPRESENTATION_CONTEXT ( 'NONE', 'WORKASPACE' ) );
#908 = CARTESIAN_POINT ( 'NONE',  ( -1.574399999999999100, 0.5500000000000000400, 1.229999999999999800 ) ) ;
#909 = ORIENTED_EDGE ( 'NONE', *, *, #1023, .F. ) ;
#910 = CARTESIAN_POINT ( 'NONE',  ( 1.600000000000000100, -1.250000000000000000, 1.249999999999999800 ) ) ;
#911 = ORIENTED_EDGE ( 'NONE', *, *, #498, .F. ) ;
#912 = CARTESIAN_POINT ( 'NONE',  ( 1.600000000000000100, 0.0000000000000000000, -1.249999999999999800 ) ) ;
#913 = VECTOR ( 'NONE', #1303, 1000.000000000000000 ) ;
#914 = VERTEX_POINT ( 'NONE', #687 ) ;
#915 = VECTOR ( 'NONE', #965, 1000.000000000000000 ) ;
#916 = EDGE_CURVE ( 'NONE', #1448, #856, #1211, .T. ) ;
#917 = PRESENTATION_LAYER_ASSIGNMENT (  '', '', ( #750 ) ) ;
#918 = EDGE_CURVE ( 'NONE', #255, #269, #259, .T. ) ;
#919 = DIRECTION ( 'NONE',  ( 0.0000000000000000000, 0.0000000000000000000, -1.000000000000000000 ) ) ;
#920 = VECTOR ( 'NONE', #1097, 1000.000000000000000 ) ;
#921 = ADVANCED_FACE ( 'NONE', ( #844 ), #1193, .T. ) ;
#922 = LINE ( 'NONE', #1439, #630 ) ;
#923 = DIRECTION ( 'NONE',  ( -1.000000000000000000, 0.0000000000000000000, 0.0000000000000000000 ) ) ;
#924 = CARTESIAN_POINT ( 'NONE',  ( 1.600000000000000100, 1.250000000000000000, -1.250000000000000200 ) ) ;
#925 = FACE_OUTER_BOUND ( 'NONE', #1504, .T. ) ;
#926 = CARTESIAN_POINT ( 'NONE',  ( 1.600000000000000100, 1.250000000000000000, -1.250000000000000200 ) ) ;
#927 = DIRECTION ( 'NONE',  ( 0.0000000000000000000, 0.0000000000000000000, 1.000000000000000000 ) ) ;
#928 = UNCERTAINTY_MEASURE_WITH_UNIT (LENGTH_MEASURE( 1.000000000000000100E-005 ), #399, 'distance_accuracy_value', 'NONE');
#929 = COLOUR_RGB ( '',0.7529411764705882200, 0.7529411764705882200, 0.7529411764705882200 ) ;
#930 = EDGE_LOOP ( 'NONE', ( #790, #757, #1184, #534, #86, #1205 ) ) ;
#931 =( NAMED_UNIT ( * ) SI_UNIT ( $, .STERADIAN. ) SOLID_ANGLE_UNIT ( ) );
#932 = ORIENTED_EDGE ( 'NONE', *, *, #1174, .F. ) ;
#933 = ORIENTED_EDGE ( 'NONE', *, *, #2, .F. ) ;
#934 = DIRECTION ( 'NONE',  ( -1.000000000000000000, 0.0000000000000000000, -0.0000000000000000000 ) ) ;
#935 = PRESENTATION_LAYER_ASSIGNMENT (  '', '', ( #766 ) ) ;
#936 = FILL_AREA_STYLE_COLOUR ( '', #1105 ) ;
#937 = FACE_OUTER_BOUND ( 'NONE', #1161, .T. ) ;
#938 = CARTESIAN_POINT ( 'NONE',  ( 1.000000000000000200, -1.100000000000000100, 1.249999999999999800 ) ) ;
#939 = VECTOR ( 'NONE', #1064, 1000.000000000000000 ) ;
#940 = CARTESIAN_POINT ( 'NONE',  ( -1.000000000000000000, -1.250000000000000000, -1.250000000000000200 ) ) ;
#941 = LINE ( 'NONE', #1405, #1549 ) ;
#942 = CARTESIAN_POINT ( 'NONE',  ( -1.600000000000000100, -1.250000000000000000, -1.250000000000000200 ) ) ;
#943 = FILL_AREA_STYLE ('',( #951 ) ) ;
#944 = ADVANCED_FACE ( 'NONE', ( #1377 ), #584, .F. ) ;
#945 = ORIENTED_EDGE ( 'NONE', *, *, #829, .F. ) ;
#946 = CARTESIAN_POINT ( 'NONE',  ( -1.000000000000000000, -1.250000000000000000, 0.8499999999999998700 ) ) ;
#947 =( GEOMETRIC_REPRESENTATION_CONTEXT ( 3 ) GLOBAL_UNCERTAINTY_ASSIGNED_CONTEXT ( ( #824 ) ) GLOBAL_UNIT_ASSIGNED_CONTEXT ( ( #803, #1545, #682 ) ) REPRESENTATION_CONTEXT ( 'NONE', 'WORKASPACE' ) );
#948 = EDGE_CURVE ( 'NONE', #871, #30, #114, .T. ) ;
#949 = VECTOR ( 'NONE', #306, 1000.000000000000000 ) ;
#950 = CARTESIAN_POINT ( 'NONE',  ( 1.000000000000000200, -0.8500000000000000900, -3.289607805437114100 ) ) ;
#951 = FILL_AREA_STYLE_COLOUR ( '', #278 ) ;
#952 = UNCERTAINTY_MEASURE_WITH_UNIT (LENGTH_MEASURE( 1.000000000000000100E-005 ), #339, 'distance_accuracy_value', 'NONE');
#953 = DIRECTION ( 'NONE',  ( -1.000000000000000000, 0.0000000000000000000, 0.0000000000000000000 ) ) ;
#954 = PRESENTATION_STYLE_ASSIGNMENT (( #1513 ) ) ;
#955 = UNCERTAINTY_MEASURE_WITH_UNIT (LENGTH_MEASURE( 1.000000000000000100E-005 ), #524, 'distance_accuracy_value', 'NONE');
#956 = CARTESIAN_POINT ( 'NONE',  ( -1.000000000000000000, -1.100000000000000100, 0.8499999999999996400 ) ) ;
#957 = DIRECTION ( 'NONE',  ( -2.710505431213761600E-016, -1.000000000000000000, 0.0000000000000000000 ) ) ;
#958 = AXIS2_PLACEMENT_3D ( 'NONE', #520, #989, #44 ) ;
#959 =( NAMED_UNIT ( * ) SI_UNIT ( $, .STERADIAN. ) SOLID_ANGLE_UNIT ( ) );
#960 = ORIENTED_EDGE ( 'NONE', *, *, #664, .F. ) ;
#961 = CARTESIAN_POINT ( 'NONE',  ( 1.000000000000000200, -1.100000000000000100, -3.289607805437114100 ) ) ;
#962 = LINE ( 'NONE', #428, #11 ) ;
#963 = EDGE_CURVE ( 'NONE', #1043, #1116, #1049, .T. ) ;
#964 = DIRECTION ( 'NONE',  ( -0.7071067811865489100, -0.0000000000000000000, -0.7071067811865462400 ) ) ;
#965 = DIRECTION ( 'NONE',  ( -0.0000000000000000000, -0.0000000000000000000, 1.000000000000000000 ) ) ;
#966 = CIRCLE ( 'NONE', #1055, 0.2499999999999998900 ) ;
#967 = LINE ( 'NONE', #600, #920 ) ;
#968 = ORIENTED_EDGE ( 'NONE', *, *, #199, .F. ) ;
#969 = FILL_AREA_STYLE_COLOUR ( '', #845 ) ;
#970 = LINE ( 'NONE', #1204, #298 ) ;
#971 = AXIS2_PLACEMENT_3D ( 'NONE', #1004, #254, #1123 ) ;
#972 = CARTESIAN_POINT ( 'NONE',  ( 1.600000000000000100, 1.250000000000000000, 1.249999999999999800 ) ) ;
#973 = ORIENTED_EDGE ( 'NONE', *, *, #87, .F. ) ;
#974 = DIRECTION ( 'NONE',  ( -1.000000000000000000, -0.0000000000000000000, -0.0000000000000000000 ) ) ;
#975 = CIRCLE ( 'NONE', #280, 0.2500000000000000000 ) ;
#976 = ORIENTED_EDGE ( 'NONE', *, *, #1195, .F. ) ;
#977 = DIRECTION ( 'NONE',  ( -1.000000000000000000, 0.0000000000000000000, -0.0000000000000000000 ) ) ;
#978 = VERTEX_POINT ( 'NONE', #946 ) ;
#979 = ORIENTED_EDGE ( 'NONE', *, *, #1091, .F. ) ;
#980 = VERTEX_POINT ( 'NONE', #1130 ) ;
#981 = CARTESIAN_POINT ( 'NONE',  ( 1.574399999999999100, 0.5300000000000001400, 1.229999999999999800 ) ) ;
#982 = STYLED_ITEM ( 'NONE', ( #1037 ), #188 ) ;
#983 = CARTESIAN_POINT ( 'NONE',  ( 1.600000000000000100, 0.0000000000000000000, 1.249999999999999800 ) ) ;
#984 = PRESENTATION_LAYER_ASSIGNMENT (  '', '', ( #799 ) ) ;
#985 = EDGE_CURVE ( 'NONE', #1511, #15, #1019, .T. ) ;
#986 = CARTESIAN_POINT ( 'NONE',  ( 0.0000000000000000000, -1.100000000000000100, -0.4499999999999997900 ) ) ;
#987 = VECTOR ( 'NONE', #325, 1000.000000000000000 ) ;
#988 = FILL_AREA_STYLE ('',( #1003 ) ) ;
#989 = DIRECTION ( 'NONE',  ( 0.0000000000000000000, 1.000000000000000000, 0.0000000000000000000 ) ) ;
#990 = DIRECTION ( 'NONE',  ( 1.000000000000000000, 0.0000000000000000000, 0.0000000000000000000 ) ) ;
#991 = DIRECTION ( 'NONE',  ( 0.0000000000000000000, 1.000000000000000000, -0.0000000000000000000 ) ) ;
#992 = VERTEX_POINT ( 'NONE', #1024 ) ;
#993 = ORIENTED_EDGE ( 'NONE', *, *, #1085, .F. ) ;
#994 = SURFACE_SIDE_STYLE ('',( #296 ) ) ;
#995 = VECTOR ( 'NONE', #1510, 1000.000000000000000 ) ;
#996 = AXIS2_PLACEMENT_3D ( 'NONE', #1145, #1190, #1192 ) ;
#997 = DIRECTION ( 'NONE',  ( -0.0000000000000000000, -0.0000000000000000000, 1.000000000000000000 ) ) ;
#998 = PRESENTATION_LAYER_ASSIGNMENT (  '', '', ( #814 ) ) ;
#999 = SURFACE_STYLE_USAGE ( .BOTH. , #133 ) ;
#1000 = COLOUR_RGB ( '',0.7529411764705882200, 0.7529411764705882200, 0.7529411764705882200 ) ;
#1001 = CARTESIAN_POINT ( 'NONE',  ( 0.0000000000000000000, 0.0000000000000000000, 0.0000000000000000000 ) ) ;
#1002 = ORIENTED_EDGE ( 'NONE', *, *, #158, .T. ) ;
#1003 = FILL_AREA_STYLE_COLOUR ( '', #458 ) ;
#1004 = CARTESIAN_POINT ( 'NONE',  ( -0.9499999999999999600, -0.8500000000000000900, -3.289607805437114100 ) ) ;
#1005 = SURFACE_STYLE_FILL_AREA ( #1008 ) ;
#1006 = CARTESIAN_POINT ( 'NONE',  ( -1.400000000000000400, -1.250000000000000000, -0.4499999999999997900 ) ) ;
#1007 = ORIENTED_EDGE ( 'NONE', *, *, #65, .F. ) ;
#1008 = FILL_AREA_STYLE ('',( #1247 ) ) ;
#1009 = LINE ( 'NONE', #413, #55 ) ;
#1010 = EDGE_CURVE ( 'NONE', #1298, #1375, #679, .T. ) ;
#1011 = MECHANICAL_DESIGN_GEOMETRIC_PRESENTATION_REPRESENTATION (  '', ( #750 ), #1090 ) ;
#1012 =( NAMED_UNIT ( * ) SI_UNIT ( $, .STERADIAN. ) SOLID_ANGLE_UNIT ( ) );
#1013 = PLANE ( 'NONE',  #347 ) ;
#1014 = ORIENTED_EDGE ( 'NONE', *, *, #216, .T. ) ;
#1015 = EDGE_CURVE ( 'NONE', #992, #978, #33, .T. ) ;
#1016 = VERTEX_POINT ( 'NONE', #359 ) ;
#1017 = ORIENTED_EDGE ( 'NONE', *, *, #474, .T. ) ;
#1018 = STYLED_ITEM ( 'NONE', ( #257 ), #1073 ) ;
#1019 = LINE ( 'NONE', #1183, #349 ) ;
#1020 = MECHANICAL_DESIGN_GEOMETRIC_PRESENTATION_REPRESENTATION (  '', ( #766 ), #1102 ) ;
#1021 = CARTESIAN_POINT ( 'NONE',  ( -0.7500000000000001100, -1.100000000000000100, -3.289607805437114100 ) ) ;
#1022 = ORIENTED_EDGE ( 'NONE', *, *, #24, .F. ) ;
#1023 = EDGE_CURVE ( 'NONE', #653, #980, #1302, .T. ) ;
#1024 = CARTESIAN_POINT ( 'NONE',  ( -1.400000000000001000, -1.250000000000000000, 0.4499999999999999000 ) ) ;
#1025 = DIRECTION ( 'NONE',  ( -1.000000000000000000, 0.0000000000000000000, 0.0000000000000000000 ) ) ;
#1026 = ORIENTED_EDGE ( 'NONE', *, *, #585, .T. ) ;
#1027 =( NAMED_UNIT ( * ) PLANE_ANGLE_UNIT ( ) SI_UNIT ( $, .RADIAN. ) );
#1028 = ORIENTED_EDGE ( 'NONE', *, *, #357, .F. ) ;
#1029 = ORIENTED_EDGE ( 'NONE', *, *, #125, .T. ) ;
#1030 = PRESENTATION_STYLE_ASSIGNMENT (( #837 ) ) ;
#1031 = UNCERTAINTY_MEASURE_WITH_UNIT (LENGTH_MEASURE( 1.000000000000000100E-005 ), #1110, 'distance_accuracy_value', 'NONE');
#1032 = PRESENTATION_LAYER_ASSIGNMENT (  '', '', ( #865 ) ) ;
#1033 = PLANE ( 'NONE',  #174 ) ;
#1034 = LINE ( 'NONE', #1387, #1154 ) ;
#1035 = EDGE_CURVE ( 'NONE', #255, #914, #642, .T. ) ;
#1036 = DIRECTION ( 'NONE',  ( -1.000000000000000000, 0.0000000000000000000, -0.0000000000000000000 ) ) ;
#1037 = PRESENTATION_STYLE_ASSIGNMENT (( #81 ) ) ;
#1038 = LINE ( 'NONE', #1197, #101 ) ;
#1039 = CARTESIAN_POINT ( 'NONE',  ( 1.600000000000000100, -1.250000000000000000, 1.249999999999999800 ) ) ;
#1040 = FILL_AREA_STYLE ('',( #936 ) ) ;
#1041 = PRESENTATION_STYLE_ASSIGNMENT (( #1370 ) ) ;
#1042 = PRESENTATION_LAYER_ASSIGNMENT (  '', '', ( #881 ) ) ;
#1043 = VERTEX_POINT ( 'NONE', #894 ) ;
#1044 = VERTEX_POINT ( 'NONE', #99 ) ;
#1045 = ORIENTED_EDGE ( 'NONE', *, *, #1094, .T. ) ;
#1046 = UNCERTAINTY_MEASURE_WITH_UNIT (LENGTH_MEASURE( 1.000000000000000100E-005 ), #658, 'distance_accuracy_value', 'NONE');
#1047 = CARTESIAN_POINT ( 'NONE',  ( -1.600000000000000100, -1.100000000000000100, 0.4499999999999997900 ) ) ;
#1048 = DIRECTION ( 'NONE',  ( 2.710505431213761600E-016, 1.000000000000000000, 0.0000000000000000000 ) ) ;
#1049 = LINE ( 'NONE', #647, #1342 ) ;
#1050 = PRESENTATION_STYLE_ASSIGNMENT (( #1273 ) ) ;
#1051 = CARTESIAN_POINT ( 'NONE',  ( 1.600000000000000100, -1.250000000000000000, 0.0000000000000000000 ) ) ;
#1052 = ADVANCED_FACE ( 'NONE', ( #937 ), #38, .T. ) ;
#1053 = COLOUR_RGB ( '',0.7529411764705882200, 0.7529411764705882200, 0.7529411764705882200 ) ;
#1054 = CARTESIAN_POINT ( 'NONE',  ( 0.0000000000000000000, 0.5500000000000000400, 0.0000000000000000000 ) ) ;
#1055 = AXIS2_PLACEMENT_3D ( 'NONE', #1207, #1246, #1250 ) ;
#1056 = MECHANICAL_DESIGN_GEOMETRIC_PRESENTATION_REPRESENTATION (  '', ( #799 ), #1138 ) ;
#1057 = EDGE_CURVE ( 'NONE', #15, #1016, #486, .T. ) ;
#1058 = FILL_AREA_STYLE ('',( #969 ) ) ;
#1059 = SURFACE_STYLE_FILL_AREA ( #48 ) ;
#1060 = ADVANCED_FACE ( 'NONE', ( #1431 ), #211, .F. ) ;
#1061 = SURFACE_STYLE_USAGE ( .BOTH. , #314 ) ;
#1062 = SURFACE_SIDE_STYLE ('',( #878 ) ) ;
#1063 = DIRECTION ( 'NONE',  ( -1.000000000000000000, 0.0000000000000000000, 0.0000000000000000000 ) ) ;
#1064 = DIRECTION ( 'NONE',  ( 1.000000000000000000, 0.0000000000000000000, 0.0000000000000000000 ) ) ;
#1065 = PRESENTATION_LAYER_ASSIGNMENT (  '', '', ( #898 ) ) ;
#1066 = EDGE_LOOP ( 'NONE', ( #369, #1300, #1343, #132 ) ) ;
#1067 = CARTESIAN_POINT ( 'NONE',  ( 0.7500000000000002200, -0.8500000000000000900, -3.289607805437114100 ) ) ;
#1068 = ORIENTED_EDGE ( 'NONE', *, *, #96, .T. ) ;
#1069 = ORIENTED_EDGE ( 'NONE', *, *, #1010, .T. ) ;
#1070 = ADVANCED_FACE ( 'NONE', ( #366 ), #374, .F. ) ;
#1071 = MECHANICAL_DESIGN_GEOMETRIC_PRESENTATION_REPRESENTATION (  '', ( #814 ), #1150 ) ;
#1072 = VERTEX_POINT ( 'NONE', #203 ) ;
#1073 = ADVANCED_FACE ( 'NONE', ( #875 ), #480, .F. ) ;
#1074 = DIRECTION ( 'NONE',  ( 0.0000000000000000000, -1.000000000000000000, 0.0000000000000000000 ) ) ;
#1075 = DIRECTION ( 'NONE',  ( 0.0000000000000000000, 1.000000000000000000, 0.0000000000000000000 ) ) ;
#1076 = SURFACE_STYLE_FILL_AREA ( #1414 ) ;
#1077 = SURFACE_STYLE_FILL_AREA ( #807 ) ;
#1078 = SURFACE_STYLE_USAGE ( .BOTH. , #1062 ) ;
#1079 =( LENGTH_UNIT ( ) NAMED_UNIT ( * ) SI_UNIT ( .MILLI., .METRE. ) );
#1080 = STYLED_ITEM ( 'NONE', ( #1527 ), #550 ) ;
#1081 = DIRECTION ( 'NONE',  ( 0.0000000000000000000, 1.000000000000000000, 0.0000000000000000000 ) ) ;
#1082 = LINE ( 'NONE', #130, #995 ) ;
#1083 = CARTESIAN_POINT ( 'NONE',  ( 1.600000000000000100, 1.250000000000000000, 1.249999999999999800 ) ) ;
#1084 =( NAMED_UNIT ( * ) PLANE_ANGLE_UNIT ( ) SI_UNIT ( $, .RADIAN. ) );
#1085 = EDGE_CURVE ( 'NONE', #270, #154, #1117, .T. ) ;
#1086 = LINE ( 'NONE', #1445, #752 ) ;
#1087 = ORIENTED_EDGE ( 'NONE', *, *, #98, .T. ) ;
#1088 =( NAMED_UNIT ( * ) SI_UNIT ( $, .STERADIAN. ) SOLID_ANGLE_UNIT ( ) );
#1089 = EDGE_CURVE ( 'NONE', #777, #992, #172, .T. ) ;
#1090 =( GEOMETRIC_REPRESENTATION_CONTEXT ( 3 ) GLOBAL_UNCERTAINTY_ASSIGNED_CONTEXT ( ( #1563 ) ) GLOBAL_UNIT_ASSIGNED_CONTEXT ( ( #523, #1474, #1480 ) ) REPRESENTATION_CONTEXT ( 'NONE', 'WORKASPACE' ) );
#1091 = EDGE_CURVE ( 'NONE', #514, #1446, #782, .T. ) ;
#1092 = ORIENTED_EDGE ( 'NONE', *, *, #176, .T. ) ;
#1093 = EDGE_LOOP ( 'NONE', ( #808, #740, #973, #1022, #411, #945, #316, #903 ) ) ;
#1094 = EDGE_CURVE ( 'NONE', #416, #653, #1435, .T. ) ;
#1095 = DIRECTION ( 'NONE',  ( -1.000000000000000000, 0.0000000000000000000, -0.0000000000000000000 ) ) ;
#1096 = CARTESIAN_POINT ( 'NONE',  ( 0.0000000000000000000, -1.100000000000000100, 0.4499999999999997900 ) ) ;
#1097 = DIRECTION ( 'NONE',  ( -0.7071067811865462400, -0.0000000000000000000, 0.7071067811865489100 ) ) ;
#1098 = PRESENTATION_STYLE_ASSIGNMENT (( #999 ) ) ;
#1099 = ORIENTED_EDGE ( 'NONE', *, *, #51, .F. ) ;
#1100 = AXIS2_PLACEMENT_3D ( 'NONE', #459, #860, #467 ) ;
#1101 = VECTOR ( 'NONE', #1288, 1000.000000000000000 ) ;
#1102 =( GEOMETRIC_REPRESENTATION_CONTEXT ( 3 ) GLOBAL_UNCERTAINTY_ASSIGNED_CONTEXT ( ( #761 ) ) GLOBAL_UNIT_ASSIGNED_CONTEXT ( ( #1410, #670, #1529 ) ) REPRESENTATION_CONTEXT ( 'NONE', 'WORKASPACE' ) );
#1103 = FILL_AREA_STYLE_COLOUR ( '', #1400 ) ;
#1104 = FACE_OUTER_BOUND ( 'NONE', #1551, .T. ) ;
#1105 = COLOUR_RGB ( '',0.7529411764705882200, 0.7529411764705882200, 0.7529411764705882200 ) ;
#1106 = ORIENTED_EDGE ( 'NONE', *, *, #1089, .T. ) ;
#1107 =( LENGTH_UNIT ( ) NAMED_UNIT ( * ) SI_UNIT ( .MILLI., .METRE. ) );
#1108 = VERTEX_POINT ( 'NONE', #716 ) ;
#1109 = EDGE_LOOP ( 'NONE', ( #167, #1226, #1143, #1369, #1068, #1337, #1540, #131, #1316, #1502 ) ) ;
#1110 =( LENGTH_UNIT ( ) NAMED_UNIT ( * ) SI_UNIT ( .MILLI., .METRE. ) );
#1111 = AXIS2_PLACEMENT_3D ( 'NONE', #788, #1402, #659 ) ;
#1112 = EDGE_CURVE ( 'NONE', #60, #419, #94, .T. ) ;
#1113 =( NAMED_UNIT ( * ) PLANE_ANGLE_UNIT ( ) SI_UNIT ( $, .RADIAN. ) );
#1114 = ORIENTED_EDGE ( 'NONE', *, *, #305, .T. ) ;
#1115 = COLOUR_RGB ( '',0.7529411764705882200, 0.7529411764705882200, 0.7529411764705882200 ) ;
#1116 = VERTEX_POINT ( 'NONE', #706 ) ;
#1117 = LINE ( 'NONE', #580, #578 ) ;
#1118 = CARTESIAN_POINT ( 'NONE',  ( 1.400000000000001700, -1.250000000000000000, 0.4499999999999997900 ) ) ;
#1119 = FILL_AREA_STYLE_COLOUR ( '', #173 ) ;
#1120 = UNCERTAINTY_MEASURE_WITH_UNIT (LENGTH_MEASURE( 1.000000000000000100E-005 ), #1219, 'distance_accuracy_value', 'NONE');
#1121 = UNCERTAINTY_MEASURE_WITH_UNIT (LENGTH_MEASURE( 1.000000000000000100E-005 ), #1231, 'distance_accuracy_value', 'NONE');
#1122 = MECHANICAL_DESIGN_GEOMETRIC_PRESENTATION_REPRESENTATION (  '', ( #865 ), #1202 ) ;
#1123 = DIRECTION ( 'NONE',  ( 0.0000000000000000000, -0.0000000000000000000, 1.000000000000000000 ) ) ;
#1124 = PLANE ( 'NONE',  #1441 ) ;
#1125 = DIRECTION ( 'NONE',  ( 0.0000000000000000000, -0.0000000000000000000, -1.000000000000000000 ) ) ;
#1126 = LINE ( 'NONE', #1562, #151 ) ;
#1127 = EDGE_LOOP ( 'NONE', ( #137, #1466, #1358, #1287 ) ) ;
#1128 = SURFACE_STYLE_USAGE ( .BOTH. , #261 ) ;
#1129 = ORIENTED_EDGE ( 'NONE', *, *, #1091, .T. ) ;
#1130 = CARTESIAN_POINT ( 'NONE',  ( -1.000000000000000000, -1.250000000000000000, -0.8500000000000020900 ) ) ;
#1131 = MECHANICAL_DESIGN_GEOMETRIC_PRESENTATION_REPRESENTATION (  '', ( #881 ), #1214 ) ;
#1132 = VERTEX_POINT ( 'NONE', #704 ) ;
#1133 = SURFACE_STYLE_USAGE ( .BOTH. , #264 ) ;
#1134 =( LENGTH_UNIT ( ) NAMED_UNIT ( * ) SI_UNIT ( .MILLI., .METRE. ) );
#1135 = LINE ( 'NONE', #1096, #566 ) ;
#1136 =( NAMED_UNIT ( * ) PLANE_ANGLE_UNIT ( ) SI_UNIT ( $, .RADIAN. ) );
#1137 = AXIS2_PLACEMENT_3D ( 'NONE', #1021, #1422, #1025 ) ;
#1138 =( GEOMETRIC_REPRESENTATION_CONTEXT ( 3 ) GLOBAL_UNCERTAINTY_ASSIGNED_CONTEXT ( ( #283 ) ) GLOBAL_UNIT_ASSIGNED_CONTEXT ( ( #54, #58, #747 ) ) REPRESENTATION_CONTEXT ( 'NONE', 'WORKASPACE' ) );
#1139 = EDGE_CURVE ( 'NONE', #1459, #1388, #404, .T. ) ;
#1140 = SURFACE_SIDE_STYLE ('',( #714 ) ) ;
#1141 = CARTESIAN_POINT ( 'NONE',  ( -1.600000000000000100, -1.250000000000000000, 0.0000000000000000000 ) ) ;
#1142 = FACE_OUTER_BOUND ( 'NONE', #465, .T. ) ;
#1143 = ORIENTED_EDGE ( 'NONE', *, *, #963, .F. ) ;
#1144 = ORIENTED_EDGE ( 'NONE', *, *, #963, .T. ) ;
#1145 = CARTESIAN_POINT ( 'NONE',  ( 1.574399999999999100, 0.5300000000000001400, 1.229999999999999800 ) ) ;
#1146 = VERTEX_POINT ( 'NONE', #796 ) ;
#1147 = MECHANICAL_DESIGN_GEOMETRIC_PRESENTATION_REPRESENTATION (  '', ( #898 ), #1238 ) ;
#1148 = VECTOR ( 'NONE', #222, 1000.000000000000000 ) ;
#1149 = CARTESIAN_POINT ( 'NONE',  ( 1.600000000000000300, -1.250000000000000000, -1.250000000000000200 ) ) ;
#1150 =( GEOMETRIC_REPRESENTATION_CONTEXT ( 3 ) GLOBAL_UNCERTAINTY_ASSIGNED_CONTEXT ( ( #1498 ) ) GLOBAL_UNIT_ASSIGNED_CONTEXT ( ( #147, #155, #163 ) ) REPRESENTATION_CONTEXT ( 'NONE', 'WORKASPACE' ) );
#1151 = ORIENTED_EDGE ( 'NONE', *, *, #357, .T. ) ;
#1152 = ADVANCED_FACE ( 'NONE', ( #367 ), #770, .F. ) ;
#1153 = LINE ( 'NONE', #249, #522 ) ;
#1154 = VECTOR ( 'NONE', #1437, 1000.000000000000000 ) ;
#1155 = CARTESIAN_POINT ( 'NONE',  ( 1.600000000000000100, -1.250000000000000000, 1.249999999999999800 ) ) ;
#1156 = PRESENTATION_STYLE_ASSIGNMENT (( #102 ) ) ;
#1157 = DIRECTION ( 'NONE',  ( 2.710505431213761600E-016, 1.000000000000000000, 0.0000000000000000000 ) ) ;
#1158 = AXIS2_PLACEMENT_3D ( 'NONE', #351, #476, #1577 ) ;
#1159 = FACE_OUTER_BOUND ( 'NONE', #285, .T. ) ;
#1160 = VECTOR ( 'NONE', #1438, 1000.000000000000000 ) ;
#1161 = EDGE_LOOP ( 'NONE', ( #1233, #760, #47, #1114 ) ) ;
#1162 = CARTESIAN_POINT ( 'NONE',  ( -1.600000000000000100, 0.5500000000000000400, 0.0000000000000000000 ) ) ;
#1163 = EDGE_CURVE ( 'NONE', #30, #1448, #260, .T. ) ;
#1164 = DIRECTION ( 'NONE',  ( 0.0000000000000000000, 0.0000000000000000000, 1.000000000000000000 ) ) ;
#1165 = COLOUR_RGB ( '',0.7529411764705882200, 0.7529411764705882200, 0.7529411764705882200 ) ;
#1166 = PLANE ( 'NONE',  #1347 ) ;
#1167 = VECTOR ( 'NONE', #1373, 1000.000000000000000 ) ;
#1168 = EDGE_CURVE ( 'NONE', #876, #181, #583, .T. ) ;
#1169 = EDGE_CURVE ( 'NONE', #60, #406, #1253, .T. ) ;
#1170 = CARTESIAN_POINT ( 'NONE',  ( -1.600000000000000100, 0.5499999999999999300, -1.250000000000000200 ) ) ;
#1171 = PRESENTATION_STYLE_ASSIGNMENT (( #1133 ) ) ;
#1172 =( NAMED_UNIT ( * ) PLANE_ANGLE_UNIT ( ) SI_UNIT ( $, .RADIAN. ) );
#1173 = VERTEX_POINT ( 'NONE', #1006 ) ;
#1174 = EDGE_CURVE ( 'NONE', #154, #1459, #1490, .T. ) ;
#1175 = PLANE ( 'NONE',  #239 ) ;
#1176 = ADVANCED_FACE ( 'NONE', ( #1524 ), #1421, .T. ) ;
#1177 = CARTESIAN_POINT ( 'NONE',  ( -1.000000000000000000, -1.100000000000000100, -1.250000000000000200 ) ) ;
#1178 = CARTESIAN_POINT ( 'NONE',  ( 1.600000000000000500, -1.100000000000000100, -0.4499999999999997900 ) ) ;
#1179 = ORIENTED_EDGE ( 'NONE', *, *, #1057, .F. ) ;
#1180 = PRESENTATION_LAYER_ASSIGNMENT (  '', '', ( #1018 ) ) ;
#1181 = DIRECTION ( 'NONE',  ( 0.0000000000000000000, -0.0000000000000000000, -1.000000000000000000 ) ) ;
#1182 = VERTEX_POINT ( 'NONE', #1329 ) ;
#1183 = CARTESIAN_POINT ( 'NONE',  ( 1.600000000000000100, 0.5500000000000000400, 0.0000000000000000000 ) ) ;
#1184 = ORIENTED_EDGE ( 'NONE', *, *, #916, .T. ) ;
#1185 = ORIENTED_EDGE ( 'NONE', *, *, #638, .F. ) ;
#1186 = VERTEX_POINT ( 'NONE', #1199 ) ;
#1187 = CARTESIAN_POINT ( 'NONE',  ( -1.600000000000000100, 1.250000000000000000, 1.249999999999999800 ) ) ;
#1188 = FILL_AREA_STYLE ('',( #300 ) ) ;
#1189 = SURFACE_SIDE_STYLE ('',( #494 ) ) ;
#1190 = DIRECTION ( 'NONE',  ( 1.000000000000000000, -0.0000000000000000000, 0.0000000000000000000 ) ) ;
#1191 = DIRECTION ( 'NONE',  ( 0.0000000000000000000, -1.000000000000000000, 0.0000000000000000000 ) ) ;
#1192 = DIRECTION ( 'NONE',  ( 0.0000000000000000000, 0.0000000000000000000, -1.000000000000000000 ) ) ;
#1193 = PLANE ( 'NONE',  #738 ) ;
#1194 = AXIS2_PLACEMENT_3D ( 'NONE', #556, #1307, #430 ) ;
#1195 = EDGE_CURVE ( 'NONE', #1446, #871, #1378, .T. ) ;
#1196 = ADVANCED_FACE ( 'NONE', ( #723 ), #1218, .T. ) ;
#1197 = CARTESIAN_POINT ( 'NONE',  ( 1.600000000000000100, -1.250000000000000000, -0.4499999999999999000 ) ) ;
#1198 = ORIENTED_EDGE ( 'NONE', *, *, #159, .T. ) ;
#1199 = CARTESIAN_POINT ( 'NONE',  ( 1.600000000000000100, 0.5300000000000001400, 1.249999999999999800 ) ) ;
#1200 = EDGE_CURVE ( 'NONE', #154, #1146, #273, .T. ) ;
#1201 =( NAMED_UNIT ( * ) SI_UNIT ( $, .STERADIAN. ) SOLID_ANGLE_UNIT ( ) );
#1202 =( GEOMETRIC_REPRESENTATION_CONTEXT ( 3 ) GLOBAL_UNCERTAINTY_ASSIGNED_CONTEXT ( ( #827 ) ) GLOBAL_UNIT_ASSIGNED_CONTEXT ( ( #1345, #1352, #1357 ) ) REPRESENTATION_CONTEXT ( 'NONE', 'WORKASPACE' ) );
#1203 = ORIENTED_EDGE ( 'NONE', *, *, #1259, .F. ) ;
#1204 = CARTESIAN_POINT ( 'NONE',  ( 1.600000000000000500, -1.250000000000000000, 0.4499999999999997900 ) ) ;
#1205 = ORIENTED_EDGE ( 'NONE', *, *, #1581, .F. ) ;
#1206 = FILL_AREA_STYLE_COLOUR ( '', #929 ) ;
#1207 = CARTESIAN_POINT ( 'NONE',  ( -0.7500000000000001100, -1.100000000000000100, 1.249999999999999800 ) ) ;
#1208 = CARTESIAN_POINT ( 'NONE',  ( 1.000000000000000200, -1.250000000000000000, 1.249999999999999800 ) ) ;
#1209 = COLOUR_RGB ( '',0.7529411764705882200, 0.7529411764705882200, 0.7529411764705882200 ) ;
#1210 = CARTESIAN_POINT ( 'NONE',  ( 1.574399999999999100, 0.5500000000000000400, -1.229999999999999800 ) ) ;
#1211 = LINE ( 'NONE', #811, #291 ) ;
#1212 = VECTOR ( 'NONE', #974, 1000.000000000000000 ) ;
#1213 = FILL_AREA_STYLE_COLOUR ( '', #75 ) ;
#1214 =( GEOMETRIC_REPRESENTATION_CONTEXT ( 3 ) GLOBAL_UNCERTAINTY_ASSIGNED_CONTEXT ( ( #21 ) ) GLOBAL_UNIT_ASSIGNED_CONTEXT ( ( #377, #1257, #505 ) ) REPRESENTATION_CONTEXT ( 'NONE', 'WORKASPACE' ) );
#1215 = VECTOR ( 'NONE', #719, 1000.000000000000000 ) ;
#1216 = ORIENTED_EDGE ( 'NONE', *, *, #1254, .F. ) ;
#1217 = PRESENTATION_STYLE_ASSIGNMENT (( #78 ) ) ;
#1218 = PLANE ( 'NONE',  #1467 ) ;
#1219 =( LENGTH_UNIT ( ) NAMED_UNIT ( * ) SI_UNIT ( .MILLI., .METRE. ) );
#1220 = UNCERTAINTY_MEASURE_WITH_UNIT (LENGTH_MEASURE( 1.000000000000000100E-005 ), #262, 'distance_accuracy_value', 'NONE');
#1221 = CARTESIAN_POINT ( 'NONE',  ( 1.000000000000000200, -1.100000000000000100, -1.250000000000000200 ) ) ;
#1222 = PRESENTATION_STYLE_ASSIGNMENT (( #643 ) ) ;
#1223 = ORIENTED_EDGE ( 'NONE', *, *, #1195, .T. ) ;
#1224 = DIRECTION ( 'NONE',  ( 0.0000000000000000000, 0.0000000000000000000, 1.000000000000000000 ) ) ;
#1225 = PRESENTATION_LAYER_ASSIGNMENT (  '', '', ( #982 ) ) ;
#1226 = ORIENTED_EDGE ( 'NONE', *, *, #302, .F. ) ;
#1227 = AXIS2_PLACEMENT_3D ( 'NONE', #76, #997, #354 ) ;
#1228 = EDGE_CURVE ( 'NONE', #502, #653, #606, .T. ) ;
#1229 = VERTEX_POINT ( 'NONE', #1241 ) ;
#1230 =( NAMED_UNIT ( * ) SI_UNIT ( $, .STERADIAN. ) SOLID_ANGLE_UNIT ( ) );
#1231 =( LENGTH_UNIT ( ) NAMED_UNIT ( * ) SI_UNIT ( .MILLI., .METRE. ) );
#1232 = DIRECTION ( 'NONE',  ( 0.0000000000000000000, -0.0000000000000000000, 1.000000000000000000 ) ) ;
#1233 = ORIENTED_EDGE ( 'NONE', *, *, #1266, .T. ) ;
#1234 = DIRECTION ( 'NONE',  ( 0.0000000000000000000, -0.0000000000000000000, 1.000000000000000000 ) ) ;
#1235 = FACE_OUTER_BOUND ( 'NONE', #554, .T. ) ;
#1236 =( NAMED_UNIT ( * ) SI_UNIT ( $, .STERADIAN. ) SOLID_ANGLE_UNIT ( ) );
#1237 = ORIENTED_EDGE ( 'NONE', *, *, #409, .F. ) ;
#1238 =( GEOMETRIC_REPRESENTATION_CONTEXT ( 3 ) GLOBAL_UNCERTAINTY_ASSIGNED_CONTEXT ( ( #95 ) ) GLOBAL_UNIT_ASSIGNED_CONTEXT ( ( #1449, #1308, #1321 ) ) REPRESENTATION_CONTEXT ( 'NONE', 'WORKASPACE' ) );
#1239 = ORIENTED_EDGE ( 'NONE', *, *, #186, .F. ) ;
#1240 = SURFACE_SIDE_STYLE ('',( #128 ) ) ;
#1241 = CARTESIAN_POINT ( 'NONE',  ( -1.600000000000000100, -1.100000000000000100, -0.4499999999999997900 ) ) ;
#1242 = PRESENTATION_STYLE_ASSIGNMENT (( #1061 ) ) ;
#1243 = UNCERTAINTY_MEASURE_WITH_UNIT (LENGTH_MEASURE( 1.000000000000000100E-005 ), #422, 'distance_accuracy_value', 'NONE');
#1244 = EDGE_CURVE ( 'NONE', #736, #914, #1481, .T. ) ;
#1245 = EDGE_LOOP ( 'NONE', ( #1223, #1269, #1408, #1129 ) ) ;
#1246 = DIRECTION ( 'NONE',  ( 0.0000000000000000000, 0.0000000000000000000, -1.000000000000000000 ) ) ;
#1247 = FILL_AREA_STYLE_COLOUR ( '', #14 ) ;
#1248 = VERTEX_POINT ( 'NONE', #1443 ) ;
#1249 = PRESENTATION_LAYER_ASSIGNMENT (  '', '', ( #1080 ) ) ;
#1250 = DIRECTION ( 'NONE',  ( -1.000000000000000000, 0.0000000000000000000, 0.0000000000000000000 ) ) ;
#1251 = ORIENTED_EDGE ( 'NONE', *, *, #611, .T. ) ;
#1252 = LINE ( 'NONE', #1542, #1522 ) ;
#1253 = LINE ( 'NONE', #926, #540 ) ;
#1254 = EDGE_CURVE ( 'NONE', #512, #152, #496, .T. ) ;
#1255 = FILL_AREA_STYLE ('',( #1213 ) ) ;
#1256 = CARTESIAN_POINT ( 'NONE',  ( 1.400000000000001700, -1.100000000000000100, -0.4499999999999997900 ) ) ;
#1257 =( NAMED_UNIT ( * ) PLANE_ANGLE_UNIT ( ) SI_UNIT ( $, .RADIAN. ) );
#1258 = LINE ( 'NONE', #52, #1215 ) ;
#1259 = EDGE_CURVE ( 'NONE', #1072, #1298, #833, .T. ) ;
#1260 = EDGE_CURVE ( 'NONE', #406, #1511, #1442, .T. ) ;
#1261 = FILL_AREA_STYLE_COLOUR ( '', #616 ) ;
#1262 = FACE_OUTER_BOUND ( 'NONE', #756, .T. ) ;
#1263 = SURFACE_SIDE_STYLE ('',( #115 ) ) ;
#1264 = SURFACE_STYLE_USAGE ( .BOTH. , #1359 ) ;
#1265 =( NAMED_UNIT ( * ) PLANE_ANGLE_UNIT ( ) SI_UNIT ( $, .RADIAN. ) );
#1266 = EDGE_CURVE ( 'NONE', #599, #1389, #1126, .T. ) ;
#1267 = SURFACE_STYLE_USAGE ( .BOTH. , #1284 ) ;
#1268 = SURFACE_STYLE_FILL_AREA ( #1582 ) ;
#1269 = ORIENTED_EDGE ( 'NONE', *, *, #948, .T. ) ;
#1270 = ORIENTED_EDGE ( 'NONE', *, *, #1089, .F. ) ;
#1271 = VERTEX_POINT ( 'NONE', #13 ) ;
#1272 = MECHANICAL_DESIGN_GEOMETRIC_PRESENTATION_REPRESENTATION (  '', ( #1018 ), #1344 ) ;
#1273 = SURFACE_STYLE_USAGE ( .BOTH. , #1263 ) ;
#1274 = STYLED_ITEM ( 'NONE', ( #743 ), #812 ) ;
#1275 = VECTOR ( 'NONE', #3, 1000.000000000000000 ) ;
#1276 = LINE ( 'NONE', #1162, #1588 ) ;
#1277 = VECTOR ( 'NONE', #123, 1000.000000000000000 ) ;
#1278 = LINE ( 'NONE', #1532, #1552 ) ;
#1279 = STYLED_ITEM ( 'NONE', ( #394 ), #391 ) ;
#1280 = CARTESIAN_POINT ( 'NONE',  ( 1.600000000000000100, -1.250000000000000000, 1.249999999999999800 ) ) ;
#1281 = CARTESIAN_POINT ( 'NONE',  ( 1.000000000000000200, -1.250000000000000000, -0.8500000000000000900 ) ) ;
#1282 = VECTOR ( 'NONE', #794, 1000.000000000000000 ) ;
#1283 = EDGE_CURVE ( 'NONE', #653, #83, #1086, .T. ) ;
#1284 = SURFACE_SIDE_STYLE ('',( #146 ) ) ;
#1285 = FILL_AREA_STYLE ('',( #905 ) ) ;
#1286 = ORIENTED_EDGE ( 'NONE', *, *, #1395, .F. ) ;
#1287 = ORIENTED_EDGE ( 'NONE', *, *, #435, .T. ) ;
#1288 = DIRECTION ( 'NONE',  ( -0.0000000000000000000, 1.000000000000000000, 0.0000000000000000000 ) ) ;
#1289 = LINE ( 'NONE', #1047, #913 ) ;
#1290 = UNCERTAINTY_MEASURE_WITH_UNIT (LENGTH_MEASURE( 1.000000000000000100E-005 ), #646, 'distance_accuracy_value', 'NONE');
#1291 = CARTESIAN_POINT ( 'NONE',  ( -0.7500000000000001100, -0.8500000000000000900, -1.250000000000000200 ) ) ;
#1292 = LINE ( 'NONE', #912, #332 ) ;
#1293 = VECTOR ( 'NONE', #1164, 1000.000000000000000 ) ;
#1294 = ORIENTED_EDGE ( 'NONE', *, *, #474, .F. ) ;
#1295 = SURFACE_SIDE_STYLE ('',( #561 ) ) ;
#1296 = APPLICATION_PROTOCOL_DEFINITION ( 'draft international standard', 'automotive_design', 1998, #1319 ) ;
#1297 = ADVANCED_FACE ( 'NONE', ( #415, #213 ), #92, .F. ) ;
#1298 = VERTEX_POINT ( 'NONE', #1567 ) ;
#1299 = DIRECTION ( 'NONE',  ( 0.0000000000000000000, -0.0000000000000000000, 1.000000000000000000 ) ) ;
#1300 = ORIENTED_EDGE ( 'NONE', *, *, #1169, .T. ) ;
#1301 = ORIENTED_EDGE ( 'NONE', *, *, #749, .T. ) ;
#1302 = LINE ( 'NONE', #1, #72 ) ;
#1303 = DIRECTION ( 'NONE',  ( 0.0000000000000000000, -1.000000000000000000, 0.0000000000000000000 ) ) ;
#1304 = MECHANICAL_DESIGN_GEOMETRIC_PRESENTATION_REPRESENTATION (  '', ( #982 ), #1382 ) ;
#1305 =( GEOMETRIC_REPRESENTATION_CONTEXT ( 3 ) GLOBAL_UNCERTAINTY_ASSIGNED_CONTEXT ( ( #8 ) ) GLOBAL_UNIT_ASSIGNED_CONTEXT ( ( #79, #1367, #1336 ) ) REPRESENTATION_CONTEXT ( 'NONE', 'WORKASPACE' ) );
#1306 = EDGE_CURVE ( 'NONE', #1459, #134, #307, .T. ) ;
#1307 = DIRECTION ( 'NONE',  ( 0.0000000000000000000, 0.0000000000000000000, 1.000000000000000000 ) ) ;
#1308 =( NAMED_UNIT ( * ) PLANE_ANGLE_UNIT ( ) SI_UNIT ( $, .RADIAN. ) );
#1309 = CARTESIAN_POINT ( 'NONE',  ( 0.0000000000000000000, 0.5500000000000000400, -1.229999999999999800 ) ) ;
#1310 = EDGE_CURVE ( 'NONE', #255, #856, #975, .T. ) ;
#1311 = CARTESIAN_POINT ( 'NONE',  ( 1.600000000000000100, 1.250000000000000000, 1.250000000000000000 ) ) ;
#1312 = PLANE ( 'NONE',  #842 ) ;
#1313 = ADVANCED_FACE ( 'NONE', ( #1578 ), #1346, .F. ) ;
#1314 = PRESENTATION_STYLE_ASSIGNMENT (( #41 ) ) ;
#1315 = PLANE ( 'NONE',  #1194 ) ;
#1316 = ORIENTED_EDGE ( 'NONE', *, *, #226, .F. ) ;
#1317 = CARTESIAN_POINT ( 'NONE',  ( -1.574399999999999100, 0.5300000000000001400, -1.229999999999999800 ) ) ;
#1318 = ADVANCED_BREP_SHAPE_REPRESENTATION ( 'PE-1210CCMC_3D', ( #1560, #356 ), #1305 ) ;
#1319 = APPLICATION_CONTEXT ( 'automotive_design' ) ;
#1320 = COLOUR_RGB ( '',0.7529411764705882200, 0.7529411764705882200, 0.7529411764705882200 ) ;
#1321 =( NAMED_UNIT ( * ) SI_UNIT ( $, .STERADIAN. ) SOLID_ANGLE_UNIT ( ) );
#1322 = DIRECTION ( 'NONE',  ( -1.000000000000000000, -0.0000000000000000000, -0.0000000000000000000 ) ) ;
#1323 = LINE ( 'NONE', #1365, #368 ) ;
#1324 = MECHANICAL_DESIGN_GEOMETRIC_PRESENTATION_REPRESENTATION (  '', ( #1080 ), #1403 ) ;
#1325 = FILL_AREA_STYLE ('',( #813 ) ) ;
#1326 = CARTESIAN_POINT ( 'NONE',  ( -1.574399999999999100, 0.5300000000000001400, 1.229999999999999800 ) ) ;
#1327 = VECTOR ( 'NONE', #964, 1000.000000000000000 ) ;
#1328 = CARTESIAN_POINT ( 'NONE',  ( 0.0000000000000000000, 0.5500000000000000400, 1.229999999999999800 ) ) ;
#1329 = CARTESIAN_POINT ( 'NONE',  ( 1.600000000000000100, -1.250000000000000000, 0.4499999999999997900 ) ) ;
#1330 = EDGE_CURVE ( 'NONE', #30, #1072, #804, .T. ) ;
#1331 = AXIS2_PLACEMENT_3D ( 'NONE', #327, #721, #731 ) ;
#1332 = EDGE_CURVE ( 'NONE', #406, #876, #477, .T. ) ;
#1333 = UNCERTAINTY_MEASURE_WITH_UNIT (LENGTH_MEASURE( 1.000000000000000100E-005 ), #381, 'distance_accuracy_value', 'NONE');
#1334 = VERTEX_POINT ( 'NONE', #1118 ) ;
#1335 = SURFACE_SIDE_STYLE ('',( #143 ) ) ;
#1336 =( NAMED_UNIT ( * ) SI_UNIT ( $, .STERADIAN. ) SOLID_ANGLE_UNIT ( ) );
#1337 = ORIENTED_EDGE ( 'NONE', *, *, #1035, .F. ) ;
#1338 = ORIENTED_EDGE ( 'NONE', *, *, #549, .T. ) ;
#1339 = EDGE_CURVE ( 'NONE', #1044, #1116, #164, .T. ) ;
#1340 = DIRECTION ( 'NONE',  ( -1.000000000000000000, 0.0000000000000000000, 0.0000000000000000000 ) ) ;
#1341 = CARTESIAN_POINT ( 'NONE',  ( 1.574399999999999100, 0.5300000000000001400, -1.229999999999999800 ) ) ;
#1342 = VECTOR ( 'NONE', #1095, 1000.000000000000000 ) ;
#1343 = ORIENTED_EDGE ( 'NONE', *, *, #1260, .T. ) ;
#1344 =( GEOMETRIC_REPRESENTATION_CONTEXT ( 3 ) GLOBAL_UNCERTAINTY_ASSIGNED_CONTEXT ( ( #955 ) ) GLOBAL_UNIT_ASSIGNED_CONTEXT ( ( #524, #552, #1505 ) ) REPRESENTATION_CONTEXT ( 'NONE', 'WORKASPACE' ) );
#1345 =( LENGTH_UNIT ( ) NAMED_UNIT ( * ) SI_UNIT ( .MILLI., .METRE. ) );
#1346 = PLANE ( 'NONE',  #958 ) ;
#1347 = AXIS2_PLACEMENT_3D ( 'NONE', #61, #923, #187 ) ;
#1348 = CARTESIAN_POINT ( 'NONE',  ( 0.7500000000000002200, -1.100000000000000100, -3.289607805437114100 ) ) ;
#1349 = DIRECTION ( 'NONE',  ( 0.0000000000000000000, 0.0000000000000000000, -1.000000000000000000 ) ) ;
#1350 = DIRECTION ( 'NONE',  ( 0.0000000000000000000, 0.0000000000000000000, 1.000000000000000000 ) ) ;
#1351 = DIRECTION ( 'NONE',  ( -1.000000000000000000, 0.0000000000000000000, 0.0000000000000000000 ) ) ;
#1352 =( NAMED_UNIT ( * ) PLANE_ANGLE_UNIT ( ) SI_UNIT ( $, .RADIAN. ) );
#1353 = CARTESIAN_POINT ( 'NONE',  ( 0.0000000000000000000, 0.5300000000000001400, -1.250000000000000200 ) ) ;
#1354 = PRESENTATION_LAYER_ASSIGNMENT (  '', '', ( #1279 ) ) ;
#1355 = VERTEX_POINT ( 'NONE', #1149 ) ;
#1356 = DIRECTION ( 'NONE',  ( -1.000000000000000000, 0.0000000000000000000, 0.0000000000000000000 ) ) ;
#1357 =( NAMED_UNIT ( * ) SI_UNIT ( $, .STERADIAN. ) SOLID_ANGLE_UNIT ( ) );
#1358 = ORIENTED_EDGE ( 'NONE', *, *, #611, .F. ) ;
#1359 = SURFACE_SIDE_STYLE ('',( #208 ) ) ;
#1360 = VECTOR ( 'NONE', #732, 1000.000000000000000 ) ;
#1361 = FILL_AREA_STYLE ('',( #1119 ) ) ;
#1362 = STYLED_ITEM ( 'NONE', ( #954 ), #1413 ) ;
#1363 = CARTESIAN_POINT ( 'NONE',  ( 1.600000000000000100, -1.100000000000000100, 0.4499999999999997900 ) ) ;
#1364 = CARTESIAN_POINT ( 'NONE',  ( -1.600000000000000100, -1.250000000000000000, -0.4499999999999997900 ) ) ;
#1365 = CARTESIAN_POINT ( 'NONE',  ( -1.600000000000000100, -1.100000000000000100, 0.0000000000000000000 ) ) ;
#1366 = LINE ( 'NONE', #1039, #373 ) ;
#1367 =( NAMED_UNIT ( * ) PLANE_ANGLE_UNIT ( ) SI_UNIT ( $, .RADIAN. ) );
#1368 = EDGE_LOOP ( 'NONE', ( #675, #801, #309, #1179 ) ) ;
#1369 = ORIENTED_EDGE ( 'NONE', *, *, #1493, .F. ) ;
#1370 = SURFACE_STYLE_USAGE ( .BOTH. , #1140 ) ;
#1371 = ORIENTED_EDGE ( 'NONE', *, *, #342, .T. ) ;
#1372 = EDGE_LOOP ( 'NONE', ( #1026, #490, #834, #201 ) ) ;
#1373 = DIRECTION ( 'NONE',  ( 0.0000000000000000000, -1.000000000000000000, -0.0000000000000000000 ) ) ;
#1374 = STYLED_ITEM ( 'NONE', ( #1171 ), #684 ) ;
#1375 = VERTEX_POINT ( 'NONE', #1363 ) ;
#1376 = ADVANCED_FACE ( 'NONE', ( #1142 ), #1124, .F. ) ;
#1377 = FACE_OUTER_BOUND ( 'NONE', #1444, .T. ) ;
#1378 = LINE ( 'NONE', #1208, #390 ) ;
#1379 = CARTESIAN_POINT ( 'NONE',  ( -1.600000000000000100, -1.250000000000000000, -1.250000000000000200 ) ) ;
#1380 = LINE ( 'NONE', #286, #880 ) ;
#1381 = FACE_OUTER_BOUND ( 'NONE', #1452, .T. ) ;
#1382 =( GEOMETRIC_REPRESENTATION_CONTEXT ( 3 ) GLOBAL_UNCERTAINTY_ASSIGNED_CONTEXT ( ( #651 ) ) GLOBAL_UNIT_ASSIGNED_CONTEXT ( ( #39, #84, #93 ) ) REPRESENTATION_CONTEXT ( 'NONE', 'WORKASPACE' ) );
#1383 = VECTOR ( 'NONE', #532, 1000.000000000000000 ) ;
#1384 = CARTESIAN_POINT ( 'NONE',  ( -1.400000000000000400, -1.100000000000000100, -0.4499999999999997900 ) ) ;
#1385 = DIRECTION ( 'NONE',  ( 0.7071067811865462400, -0.0000000000000000000, -0.7071067811865489100 ) ) ;
#1386 = PRESENTATION_STYLE_ASSIGNMENT (( #1586 ) ) ;
#1387 = CARTESIAN_POINT ( 'NONE',  ( 0.0000000000000000000, -1.100000000000000100, 0.4499999999999997900 ) ) ;
#1388 = VERTEX_POINT ( 'NONE', #1461 ) ;
#1389 = VERTEX_POINT ( 'NONE', #981 ) ;
#1390 = EDGE_LOOP ( 'NONE', ( #67, #31, #28, #418, #322 ) ) ;
#1391 = STYLED_ITEM ( 'NONE', ( #104 ), #1297 ) ;
#1392 = ORIENTED_EDGE ( 'NONE', *, *, #1200, .T. ) ;
#1393 = CARTESIAN_POINT ( 'NONE',  ( -0.7500000000000001100, -0.8500000000000000900, -3.289607805437114100 ) ) ;
#1394 = FACE_OUTER_BOUND ( 'NONE', #1584, .T. ) ;
#1395 = EDGE_CURVE ( 'NONE', #152, #599, #650, .T. ) ;
#1396 = VECTOR ( 'NONE', #673, 1000.000000000000000 ) ;
#1397 = UNCERTAINTY_MEASURE_WITH_UNIT (LENGTH_MEASURE( 1.000000000000000100E-005 ), #1525, 'distance_accuracy_value', 'NONE');
#1398 = UNCERTAINTY_MEASURE_WITH_UNIT (LENGTH_MEASURE( 1.000000000000000100E-005 ), #521, 'distance_accuracy_value', 'NONE');
#1399 = COLOUR_RGB ( '',0.7529411764705882200, 0.7529411764705882200, 0.7529411764705882200 ) ;
#1400 = COLOUR_RGB ( '',0.7529411764705882200, 0.7529411764705882200, 0.7529411764705882200 ) ;
#1401 = SURFACE_STYLE_USAGE ( .BOTH. , #530 ) ;
#1402 = DIRECTION ( 'NONE',  ( -0.0000000000000000000, -0.0000000000000000000, 1.000000000000000000 ) ) ;
#1403 =( GEOMETRIC_REPRESENTATION_CONTEXT ( 3 ) GLOBAL_UNCERTAINTY_ASSIGNED_CONTEXT ( ( #91 ) ) GLOBAL_UNIT_ASSIGNED_CONTEXT ( ( #1107, #358, #1236 ) ) REPRESENTATION_CONTEXT ( 'NONE', 'WORKASPACE' ) );
#1404 = PRESENTATION_STYLE_ASSIGNMENT (( #1267 ) ) ;
#1405 = CARTESIAN_POINT ( 'NONE',  ( 1.000000000000000200, -1.100000000000000100, 0.8499999999999996400 ) ) ;
#1406 = COLOUR_RGB ( '',0.7529411764705882200, 0.7529411764705882200, 0.7529411764705882200 ) ;
#1407 = DIRECTION ( 'NONE',  ( 0.0000000000000000000, -1.000000000000000000, 0.0000000000000000000 ) ) ;
#1408 = ORIENTED_EDGE ( 'NONE', *, *, #758, .T. ) ;
#1409 = ORIENTED_EDGE ( 'NONE', *, *, #111, .T. ) ;
#1410 =( LENGTH_UNIT ( ) NAMED_UNIT ( * ) SI_UNIT ( .MILLI., .METRE. ) );
#1411 = EDGE_CURVE ( 'NONE', #876, #15, #6, .T. ) ;
#1412 = STYLED_ITEM ( 'NONE', ( #1222 ), #1538 ) ;
#1413 = ADVANCED_FACE ( 'NONE', ( #282 ), #621, .F. ) ;
#1414 = FILL_AREA_STYLE ('',( #297 ) ) ;
#1415 =( NAMED_UNIT ( * ) PLANE_ANGLE_UNIT ( ) SI_UNIT ( $, .RADIAN. ) );
#1416 = COLOUR_RGB ( '',0.7529411764705882200, 0.7529411764705882200, 0.7529411764705882200 ) ;
#1417 = CIRCLE ( 'NONE', #1111, 0.2499999999999998900 ) ;
#1418 = PRESENTATION_LAYER_ASSIGNMENT (  '', '', ( #1274 ) ) ;
#1419 = FILL_AREA_STYLE ('',( #1546 ) ) ;
#1420 = PRESENTATION_STYLE_ASSIGNMENT (( #854 ) ) ;
#1421 = PLANE ( 'NONE',  #996 ) ;
#1422 = DIRECTION ( 'NONE',  ( 0.0000000000000000000, 0.0000000000000000000, -1.000000000000000000 ) ) ;
#1423 = VECTOR ( 'NONE', #594, 1000.000000000000000 ) ;
#1424 = DIRECTION ( 'NONE',  ( -0.0000000000000000000, 0.0000000000000000000, -1.000000000000000000 ) ) ;
#1425 = ORIENTED_EDGE ( 'NONE', *, *, #410, .F. ) ;
#1426 = ADVANCED_FACE ( 'NONE', ( #1159 ), #1312, .F. ) ;
#1427 = ORIENTED_EDGE ( 'NONE', *, *, #1259, .T. ) ;
#1428 = PLANE ( 'NONE',  #656 ) ;
#1429 = ORIENTED_EDGE ( 'NONE', *, *, #916, .F. ) ;
#1430 = CARTESIAN_POINT ( 'NONE',  ( -1.574399999999999100, 0.5300000000000001400, -1.229999999999999800 ) ) ;
#1431 = FACE_OUTER_BOUND ( 'NONE', #272, .T. ) ;
#1432 = SURFACE_SIDE_STYLE ('',( #1489 ) ) ;
#1433 = MECHANICAL_DESIGN_GEOMETRIC_PRESENTATION_REPRESENTATION (  '', ( #1279 ), #1512 ) ;
#1434 = DIRECTION ( 'NONE',  ( 0.0000000000000000000, 1.000000000000000000, 0.0000000000000000000 ) ) ;
#1435 = LINE ( 'NONE', #574, #744 ) ;
#1436 = PRESENTATION_STYLE_ASSIGNMENT (( #1479 ) ) ;
#1437 = DIRECTION ( 'NONE',  ( -1.000000000000000000, 0.0000000000000000000, 0.0000000000000000000 ) ) ;
#1438 = DIRECTION ( 'NONE',  ( 0.0000000000000000000, -0.0000000000000000000, 1.000000000000000000 ) ) ;
#1439 = CARTESIAN_POINT ( 'NONE',  ( -1.600000000000000100, 0.0000000000000000000, 1.249999999999999800 ) ) ;
#1440 = LINE ( 'NONE', #1256, #526 ) ;
#1441 = AXIS2_PLACEMENT_3D ( 'NONE', #1495, #1407, #1503 ) ;
#1442 = LINE ( 'NONE', #1539, #789 ) ;
#1443 = CARTESIAN_POINT ( 'NONE',  ( 1.600000000000000100, -1.250000000000000000, 1.249999999999999800 ) ) ;
#1444 = EDGE_LOOP ( 'NONE', ( #911, #909, #483, #1507 ) ) ;
#1445 = CARTESIAN_POINT ( 'NONE',  ( -1.000000000000000000, -1.100000000000000100, -3.289607805437114100 ) ) ;
#1446 = VERTEX_POINT ( 'NONE', #1520 ) ;
#1447 = ORIENTED_EDGE ( 'NONE', *, *, #822, .T. ) ;
#1448 = VERTEX_POINT ( 'NONE', #227 ) ;
#1449 =( LENGTH_UNIT ( ) NAMED_UNIT ( * ) SI_UNIT ( .MILLI., .METRE. ) );
#1450 = AXIS2_PLACEMENT_3D ( 'NONE', #629, #1491, #755 ) ;
#1451 = CARTESIAN_POINT ( 'NONE',  ( -1.574399999999999100, 0.5300000000000001400, 1.229999999999999800 ) ) ;
#1452 = EDGE_LOOP ( 'NONE', ( #1429, #63, #482, #601 ) ) ;
#1453 = DIRECTION ( 'NONE',  ( 0.0000000000000000000, -0.0000000000000000000, 1.000000000000000000 ) ) ;
#1454 = CARTESIAN_POINT ( 'NONE',  ( 0.0000000000000000000, -1.100000000000000100, -0.4499999999999997900 ) ) ;
#1455 = DIRECTION ( 'NONE',  ( 0.0000000000000000000, 1.000000000000000000, 0.0000000000000000000 ) ) ;
#1456 = CARTESIAN_POINT ( 'NONE',  ( -1.599999999999999900, 0.5300000000000001400, -1.250000000000000200 ) ) ;
#1457 = STYLED_ITEM ( 'NONE', ( #1404 ), #1318 ) ;
#1458 = VECTOR ( 'NONE', #500, 999.9999999999998900 ) ;
#1459 = VERTEX_POINT ( 'NONE', #1379 ) ;
#1460 = ORIENTED_EDGE ( 'NONE', *, *, #1339, .F. ) ;
#1461 = CARTESIAN_POINT ( 'NONE',  ( -1.000000000000000000, -1.250000000000000000, -1.250000000000000200 ) ) ;
#1462 = ORIENTED_EDGE ( 'NONE', *, *, #251, .T. ) ;
#1463 = FILL_AREA_STYLE_COLOUR ( '', #1416 ) ;
#1464 = PRESENTATION_STYLE_ASSIGNMENT (( #832 ) ) ;
#1465 = ORIENTED_EDGE ( 'NONE', *, *, #65, .T. ) ;
#1466 = ORIENTED_EDGE ( 'NONE', *, *, #199, .T. ) ;
#1467 = AXIS2_PLACEMENT_3D ( 'NONE', #1326, #1340, #1350 ) ;
#1468 = SURFACE_STYLE_FILL_AREA ( #1361 ) ;
#1469 = CARTESIAN_POINT ( 'NONE',  ( -0.9499999999999999600, -0.8500000000000000900, -1.250000000000000200 ) ) ;
#1470 = CARTESIAN_POINT ( 'NONE',  ( -1.600000000000000100, 0.0000000000000000000, 1.249999999999999800 ) ) ;
#1471 = LINE ( 'NONE', #1281, #707 ) ;
#1472 = ADVANCED_FACE ( 'NONE', ( #59 ), #471, .F. ) ;
#1473 = LINE ( 'NONE', #1051, #245 ) ;
#1474 =( NAMED_UNIT ( * ) PLANE_ANGLE_UNIT ( ) SI_UNIT ( $, .RADIAN. ) );
#1475 = SURFACE_STYLE_FILL_AREA ( #1325 ) ;
#1476 = CARTESIAN_POINT ( 'NONE',  ( 0.7500000000000002200, -1.100000000000000100, 1.249999999999999800 ) ) ;
#1477 = VERTEX_POINT ( 'NONE', #908 ) ;
#1478 = DIRECTION ( 'NONE',  ( -1.000000000000000000, -0.0000000000000000000, 0.0000000000000000000 ) ) ;
#1479 = SURFACE_STYLE_USAGE ( .BOTH. , #620 ) ;
#1480 =( NAMED_UNIT ( * ) SI_UNIT ( $, .STERADIAN. ) SOLID_ANGLE_UNIT ( ) );
#1481 = LINE ( 'NONE', #1393, #1160 ) ;
#1482 = PRESENTATION_LAYER_ASSIGNMENT (  '', '', ( #1564 ) ) ;
#1483 = CARTESIAN_POINT ( 'NONE',  ( -1.600000000000000100, 1.250000000000000000, 1.249999999999999800 ) ) ;
#1484 = ORIENTED_EDGE ( 'NONE', *, *, #498, .T. ) ;
#1485 = CARTESIAN_POINT ( 'NONE',  ( -1.000000000000000000, -1.100000000000000100, -0.8500000000000017500 ) ) ;
#1486 = ORIENTED_EDGE ( 'NONE', *, *, #1244, .F. ) ;
#1487 = SURFACE_SIDE_STYLE ('',( #1268 ) ) ;
#1488 = PLANE ( 'NONE',  #34 ) ;
#1489 = SURFACE_STYLE_FILL_AREA ( #565 ) ;
#1490 = LINE ( 'NONE', #942, #1167 ) ;
#1491 = DIRECTION ( 'NONE',  ( 0.0000000000000000000, 0.0000000000000000000, -1.000000000000000000 ) ) ;
#1492 = COLOUR_RGB ( '',0.7529411764705882200, 0.7529411764705882200, 0.7529411764705882200 ) ;
#1493 = EDGE_CURVE ( 'NONE', #352, #1043, #268, .T. ) ;
#1494 = AXIS2_PLACEMENT_3D ( 'NONE', #805, #820, #828 ) ;
#1495 = CARTESIAN_POINT ( 'NONE',  ( 1.600000000000000100, 1.250000000000000000, 1.249999999999999800 ) ) ;
#1496 = DIRECTION ( 'NONE',  ( -1.000000000000000000, 0.0000000000000000000, -0.0000000000000000000 ) ) ;
#1497 = LINE ( 'NONE', #1469, #883 ) ;
#1498 = UNCERTAINTY_MEASURE_WITH_UNIT (LENGTH_MEASURE( 1.000000000000000100E-005 ), #147, 'distance_accuracy_value', 'NONE');
#1499 = ORIENTED_EDGE ( 'NONE', *, *, #887, .F. ) ;
#1500 = STYLED_ITEM ( 'NONE', ( #1030 ), #1152 ) ;
#1501 = CLOSED_SHELL ( 'NONE', ( #1376, #71, #692, #447, #319, #812, #1176, #1052, #1196, #674, #1297, #567, #1472, #795, #1152, #1413, #684, #391, #188, #1426, #436, #1070, #1313, #1538, #1073, #921, #1548, #1060, #631, #205, #85, #550, #301, #944, #1526, #49 ) ) ;
#1502 = ORIENTED_EDGE ( 'NONE', *, *, #73, .T. ) ;
#1503 = DIRECTION ( 'NONE',  ( 0.0000000000000000000, -0.0000000000000000000, -1.000000000000000000 ) ) ;
#1504 = EDGE_LOOP ( 'NONE', ( #288, #1425, #1099, #960 ) ) ;
#1505 =( NAMED_UNIT ( * ) SI_UNIT ( $, .STERADIAN. ) SOLID_ANGLE_UNIT ( ) );
#1506 = MECHANICAL_DESIGN_GEOMETRIC_PRESENTATION_REPRESENTATION (  '', ( #1274 ), #1589 ) ;
#1507 = ORIENTED_EDGE ( 'NONE', *, *, #689, .F. ) ;
#1508 =( NAMED_UNIT ( * ) SI_UNIT ( $, .STERADIAN. ) SOLID_ANGLE_UNIT ( ) );
#1509 = DIRECTION ( 'NONE',  ( 1.000000000000000000, 0.0000000000000000000, 0.0000000000000000000 ) ) ;
#1510 = DIRECTION ( 'NONE',  ( -1.000000000000000000, -0.0000000000000000000, -0.0000000000000000000 ) ) ;
#1511 = VERTEX_POINT ( 'NONE', #785 ) ;
#1512 =( GEOMETRIC_REPRESENTATION_CONTEXT ( 3 ) GLOBAL_UNCERTAINTY_ASSIGNED_CONTEXT ( ( #1397 ) ) GLOBAL_UNIT_ASSIGNED_CONTEXT ( ( #1525, #537, #57 ) ) REPRESENTATION_CONTEXT ( 'NONE', 'WORKASPACE' ) );
#1513 = SURFACE_STYLE_USAGE ( .BOTH. , #859 ) ;
#1514 = COLOUR_RGB ( '',0.7529411764705882200, 0.7529411764705882200, 0.7529411764705882200 ) ;
#1515 = CARTESIAN_POINT ( 'NONE',  ( 1.600000000000000500, -1.100000000000000100, 0.4499999999999997900 ) ) ;
#1516 = ORIENTED_EDGE ( 'NONE', *, *, #251, .F. ) ;
#1517 =( NAMED_UNIT ( * ) PLANE_ANGLE_UNIT ( ) SI_UNIT ( $, .RADIAN. ) );
#1518 = PRESENTATION_LAYER_ASSIGNMENT (  '', '', ( #1362 ) ) ;
#1519 = CARTESIAN_POINT ( 'NONE',  ( 1.400000000000001700, -1.100000000000000100, 0.4499999999999997900 ) ) ;
#1520 = CARTESIAN_POINT ( 'NONE',  ( 1.000000000000000200, -1.250000000000000000, -1.250000000000000200 ) ) ;
#1521 = SURFACE_STYLE_FILL_AREA ( #343 ) ;
#1522 = VECTOR ( 'NONE', #433, 1000.000000000000000 ) ;
#1523 = DIRECTION ( 'NONE',  ( -0.7071067811865489100, -0.0000000000000000000, 0.7071067811865461300 ) ) ;
#1524 = FACE_OUTER_BOUND ( 'NONE', #1127, .T. ) ;
#1525 =( LENGTH_UNIT ( ) NAMED_UNIT ( * ) SI_UNIT ( .MILLI., .METRE. ) );
#1526 = ADVANCED_FACE ( 'NONE', ( #925 ), #769, .F. ) ;
#1527 = PRESENTATION_STYLE_ASSIGNMENT (( #240 ) ) ;
#1528 = ORIENTED_EDGE ( 'NONE', *, *, #1254, .T. ) ;
#1529 =( NAMED_UNIT ( * ) SI_UNIT ( $, .STERADIAN. ) SOLID_ANGLE_UNIT ( ) );
#1530 = CYLINDRICAL_SURFACE ( 'NONE', #1137, 0.2499999999999998900 ) ;
#1531 = FACE_OUTER_BOUND ( 'NONE', #1066, .T. ) ;
#1532 = CARTESIAN_POINT ( 'NONE',  ( -1.000000000000000000, -1.250000000000000000, 0.8499999999999996400 ) ) ;
#1533 = PRESENTATION_LAYER_ASSIGNMENT (  '', '', ( #1374 ) ) ;
#1534 = DIRECTION ( 'NONE',  ( 0.0000000000000000000, 0.0000000000000000000, 1.000000000000000000 ) ) ;
#1535 = DIRECTION ( 'NONE',  ( 0.0000000000000000000, 0.0000000000000000000, -1.000000000000000000 ) ) ;
#1536 = FACE_OUTER_BOUND ( 'NONE', #215, .T. ) ;
#1537 = SURFACE_STYLE_USAGE ( .BOTH. , #677 ) ;
#1538 = ADVANCED_FACE ( 'NONE', ( #1536 ), #848, .F. ) ;
#1539 = CARTESIAN_POINT ( 'NONE',  ( 1.600000000000000100, 0.0000000000000000000, -1.250000000000000200 ) ) ;
#1540 = ORIENTED_EDGE ( 'NONE', *, *, #1310, .T. ) ;
#1541 = ORIENTED_EDGE ( 'NONE', *, *, #216, .F. ) ;
#1542 = CARTESIAN_POINT ( 'NONE',  ( 1.600000000000000100, 0.5499999999999999300, -1.250000000000000200 ) ) ;
#1543 = STYLED_ITEM ( 'NONE', ( #1156 ), #205 ) ;
#1544 = PRESENTATION_LAYER_ASSIGNMENT (  '', '', ( #1457 ) ) ;
#1545 =( NAMED_UNIT ( * ) PLANE_ANGLE_UNIT ( ) SI_UNIT ( $, .RADIAN. ) );
#1546 = FILL_AREA_STYLE_COLOUR ( '', #177 ) ;
#1547 = FILL_AREA_STYLE_COLOUR ( '', #1399 ) ;
#1548 = ADVANCED_FACE ( 'NONE', ( #1104 ), #720, .F. ) ;
#1549 = VECTOR ( 'NONE', #1523, 1000.000000000000100 ) ;
#1550 = ORIENTED_EDGE ( 'NONE', *, *, #985, .F. ) ;
#1551 = EDGE_LOOP ( 'NONE', ( #153, #169, #1294, #1516 ) ) ;
#1552 = VECTOR ( 'NONE', #1048, 1000.000000000000000 ) ;
#1553 = PRESENTATION_LAYER_ASSIGNMENT (  '', '', ( #1391 ) ) ;
#1554 =( LENGTH_UNIT ( ) NAMED_UNIT ( * ) SI_UNIT ( .MILLI., .METRE. ) );
#1555 = DIRECTION ( 'NONE',  ( -1.000000000000000000, 0.0000000000000000000, 0.0000000000000000000 ) ) ;
#1556 = DIRECTION ( 'NONE',  ( -0.0000000000000000000, -1.000000000000000000, 0.0000000000000000000 ) ) ;
#1557 = ORIENTED_EDGE ( 'NONE', *, *, #1023, .T. ) ;
#1558 = PLANE ( 'NONE',  #688 ) ;
#1559 = DIRECTION ( 'NONE',  ( 1.000000000000000000, 0.0000000000000000000, 0.0000000000000000000 ) ) ;
#1560 = MANIFOLD_SOLID_BREP ( 'NONE', #1501 ) ;
#1561 = DIRECTION ( 'NONE',  ( 0.0000000000000000000, 0.0000000000000000000, -1.000000000000000000 ) ) ;
#1562 = CARTESIAN_POINT ( 'NONE',  ( -1.574399999999999100, 0.5300000000000001400, 1.229999999999999800 ) ) ;
#1563 = UNCERTAINTY_MEASURE_WITH_UNIT (LENGTH_MEASURE( 1.000000000000000100E-005 ), #523, 'distance_accuracy_value', 'NONE');
#1564 = STYLED_ITEM ( 'NONE', ( #1098 ), #567 ) ;
#1565 = VECTOR ( 'NONE', #802, 1000.000000000000000 ) ;
#1566 = DIRECTION ( 'NONE',  ( -1.000000000000000000, 0.0000000000000000000, 0.0000000000000000000 ) ) ;
#1567 = CARTESIAN_POINT ( 'NONE',  ( 1.600000000000000100, -1.100000000000000100, -0.4499999999999997900 ) ) ;
#1568 = VECTOR ( 'NONE', #852, 1000.000000000000000 ) ;
#1569 = ORIENTED_EDGE ( 'NONE', *, *, #36, .F. ) ;
#1570 = FILL_AREA_STYLE_COLOUR ( '', #1572 ) ;
#1571 = SURFACE_STYLE_USAGE ( .BOTH. , #1189 ) ;
#1572 = COLOUR_RGB ( '',0.7529411764705882200, 0.7529411764705882200, 0.7529411764705882200 ) ;
#1573 = FILL_AREA_STYLE ('',( #1261 ) ) ;
#1574 = DIRECTION ( 'NONE',  ( 1.000000000000000000, 0.0000000000000000000, -0.0000000000000000000 ) ) ;
#1575 = ORIENTED_EDGE ( 'NONE', *, *, #176, .F. ) ;
#1576 = PRESENTATION_LAYER_ASSIGNMENT (  '', '', ( #1412 ) ) ;
#1577 = DIRECTION ( 'NONE',  ( 0.0000000000000000000, 0.0000000000000000000, 1.000000000000000000 ) ) ;
#1578 = FACE_OUTER_BOUND ( 'NONE', #168, .T. ) ;
#1579 = EDGE_LOOP ( 'NONE', ( #290, #382, #809, #1550 ) ) ;
#1580 =( NAMED_UNIT ( * ) SI_UNIT ( $, .STERADIAN. ) SOLID_ANGLE_UNIT ( ) );
#1581 = EDGE_CURVE ( 'NONE', #514, #269, #867, .T. ) ;
#1582 = FILL_AREA_STYLE ('',( #1206 ) ) ;
#1583 = ORIENTED_EDGE ( 'NONE', *, *, #1339, .T. ) ;
#1584 = EDGE_LOOP ( 'NONE', ( #258, #816, #579, #171 ) ) ;
#1585 = AXIS2_PLACEMENT_3D ( 'NONE', #899, #823, #557 ) ;
#1586 = SURFACE_STYLE_USAGE ( .BOTH. , #1240 ) ;
#1587 = COLOUR_RGB ( '',0.7529411764705882200, 0.7529411764705882200, 0.7529411764705882200 ) ;
#1588 = VECTOR ( 'NONE', #293, 1000.000000000000000 ) ;
#1589 =( GEOMETRIC_REPRESENTATION_CONTEXT ( 3 ) GLOBAL_UNCERTAINTY_ASSIGNED_CONTEXT ( ( #470 ) ) GLOBAL_UNIT_ASSIGNED_CONTEXT ( ( #797, #74, #931 ) ) REPRESENTATION_CONTEXT ( 'NONE', 'WORKASPACE' ) );
#1590 = DIRECTION ( 'NONE',  ( 0.0000000000000000000, 0.0000000000000000000, -1.000000000000000000 ) ) ;
#1591 = FILL_AREA_STYLE ('',( #846 ) ) ;
#1592 = ORIENTED_EDGE ( 'NONE', *, *, #464, .T. ) ;
#1593 = ORIENTED_EDGE ( 'NONE', *, *, #409, .T. ) ;
#1594 = DIRECTION ( 'NONE',  ( 0.0000000000000000000, 1.000000000000000000, 0.0000000000000000000 ) ) ;
ENDSEC;
END-ISO-10303-21;
