ISO-10303-21;
HEADER;
FILE_DESCRIPTION (( 'STEP AP214' ),
    '1' );
FILE_NAME ('4AF61C83-FBFC-400B-8904-F4016F7E1647.STEP',
    '2025-09-17T12:35:11',
    ( '' ),
    ( '' ),
    'SwSTEP 2.0',
    'SolidWorks 2022',
    '' );
FILE_SCHEMA (( 'AUTOMOTIVE_DESIGN' ));
ENDSEC;

DATA;
#1 = VERTEX_POINT ( 'NONE', #610 ) ;
#2 = SURFACE_SIDE_STYLE ('',( #1387 ) ) ;
#3 = DIRECTION ( 'NONE',  ( 0.0000000000000000000, 0.0000000000000000000, -1.000000000000000000 ) ) ;
#4 = ADVANCED_FACE ( 'NONE', ( #1221 ), #640, .T. ) ;
#5 = LINE ( 'NONE', #1218, #1269 ) ;
#6 = FILL_AREA_STYLE_COLOUR ( '', #1671 ) ;
#7 = CARTESIAN_POINT ( 'NONE',  ( -0.7500000000000000000, 0.1000000000000000472, -0.7999999999999999334 ) ) ;
#8 = ORIENTED_EDGE ( 'NONE', *, *, #1348, .F. ) ;
#9 = LINE ( 'NONE', #1506, #326 ) ;
#10 = EDGE_CURVE ( 'NONE', #767, #981, #632, .T. ) ;
#11 = CARTESIAN_POINT ( 'NONE',  ( -0.7500000000000000000, 1.800000000000000044, 0.9000000000000000222 ) ) ;
#12 = CIRCLE ( 'NONE', #505, 0.1000000000000000472 ) ;
#13 = PRESENTATION_LAYER_ASSIGNMENT (  '', '', ( #364 ) ) ;
#14 = DIRECTION ( 'NONE',  ( 0.0000000000000000000, -1.000000000000000000, 0.0000000000000000000 ) ) ;
#15 = DIRECTION ( 'NONE',  ( 0.0000000000000000000, 1.000000000000000000, 0.0000000000000000000 ) ) ;
#16 = DIRECTION ( 'NONE',  ( 0.0000000000000000000, 0.0000000000000000000, -1.000000000000000000 ) ) ;
#17 =( NAMED_UNIT ( * ) PLANE_ANGLE_UNIT ( ) SI_UNIT ( $, .RADIAN. ) );
#18 = CIRCLE ( 'NONE', #911, 0.1000000000000000472 ) ;
#19 = EDGE_LOOP ( 'NONE', ( #1793, #1435, #1707, #493 ) ) ;
#20 = DIRECTION ( 'NONE',  ( -0.0000000000000000000, -0.0000000000000000000, -1.000000000000000000 ) ) ;
#21 = CIRCLE ( 'NONE', #1703, 0.1000000000000000472 ) ;
#22 = VERTEX_POINT ( 'NONE', #1227 ) ;
#23 = SPHERICAL_SURFACE ( 'NONE', #970, 0.1000000000000000056 ) ;
#24 = DIRECTION ( 'NONE',  ( 0.0000000000000000000, 0.0000000000000000000, -1.000000000000000000 ) ) ;
#25 = STYLED_ITEM ( 'NONE', ( #1685 ), #29 ) ;
#26 = DIRECTION ( 'NONE',  ( -0.0000000000000000000, -1.000000000000000000, 0.0000000000000000000 ) ) ;
#27 = CARTESIAN_POINT ( 'NONE',  ( -1.250000000000000000, 1.699999999999999956, 0.7999999999999999334 ) ) ;
#28 = CIRCLE ( 'NONE', #720, 0.1000000000000000472 ) ;
#29 = ADVANCED_FACE ( 'NONE', ( #1850 ), #1704, .T. ) ;
#30 = UNCERTAINTY_MEASURE_WITH_UNIT (LENGTH_MEASURE( 1.000000000000000082E-05 ), #409, 'distance_accuracy_value', 'NONE');
#31 = ORIENTED_EDGE ( 'NONE', *, *, #579, .T. ) ;
#32 = ORIENTED_EDGE ( 'NONE', *, *, #1494, .T. ) ;
#33 = EDGE_CURVE ( 'NONE', #851, #47, #37, .T. ) ;
#34 =( NAMED_UNIT ( * ) SI_UNIT ( $, .STERADIAN. ) SOLID_ANGLE_UNIT ( ) );
#35 = SURFACE_SIDE_STYLE ('',( #988 ) ) ;
#36 = FILL_AREA_STYLE_COLOUR ( '', #1350 ) ;
#37 = LINE ( 'NONE', #345, #1844 ) ;
#38 = FILL_AREA_STYLE ('',( #990 ) ) ;
#39 =( NAMED_UNIT ( * ) SI_UNIT ( $, .STERADIAN. ) SOLID_ANGLE_UNIT ( ) );
#40 = ORIENTED_EDGE ( 'NONE', *, *, #1527, .F. ) ;
#41 =( NAMED_UNIT ( * ) PLANE_ANGLE_UNIT ( ) SI_UNIT ( $, .RADIAN. ) );
#42 = AXIS2_PLACEMENT_3D ( 'NONE', #1466, #1487, #1628 ) ;
#43 =( LENGTH_UNIT ( ) NAMED_UNIT ( * ) SI_UNIT ( .MILLI., .METRE. ) );
#44 = VECTOR ( 'NONE', #1284, 1000.000000000000000 ) ;
#45 = SURFACE_STYLE_FILL_AREA ( #38 ) ;
#46 = CARTESIAN_POINT ( 'NONE',  ( -1.250000000000000000, 0.0000000000000000000, -0.7999999999999999334 ) ) ;
#47 = VERTEX_POINT ( 'NONE', #1675 ) ;
#48 = SURFACE_SIDE_STYLE ('',( #1560 ) ) ;
#49 = DIRECTION ( 'NONE',  ( 0.0000000000000000000, 0.0000000000000000000, -1.000000000000000000 ) ) ;
#50 =( GEOMETRIC_REPRESENTATION_CONTEXT ( 3 ) GLOBAL_UNCERTAINTY_ASSIGNED_CONTEXT ( ( #1477 ) ) GLOBAL_UNIT_ASSIGNED_CONTEXT ( ( #242, #868, #222 ) ) REPRESENTATION_CONTEXT ( 'NONE', 'WORKASPACE' ) );
#51 = PRESENTATION_LAYER_ASSIGNMENT (  '', '', ( #912 ) ) ;
#52 = UNCERTAINTY_MEASURE_WITH_UNIT (LENGTH_MEASURE( 1.000000000000000082E-05 ), #1179, 'distance_accuracy_value', 'NONE');
#53 = DIRECTION ( 'NONE',  ( 1.000000000000000000, 0.0000000000000000000, 0.0000000000000000000 ) ) ;
#54 = PRESENTATION_STYLE_ASSIGNMENT (( #311 ) ) ;
#55 = CARTESIAN_POINT ( 'NONE',  ( 1.250000000000000000, 1.800000000000000044, 0.9000000000000000222 ) ) ;
#56 =( LENGTH_UNIT ( ) NAMED_UNIT ( * ) SI_UNIT ( .MILLI., .METRE. ) );
#57 = CARTESIAN_POINT ( 'NONE',  ( 1.250000000000000000, 1.800000000000000044, 0.9000000000000000222 ) ) ;
#58 = EDGE_LOOP ( 'NONE', ( #192, #336, #821, #355, #1469, #583, #386, #1495 ) ) ;
#59 = LINE ( 'NONE', #1754, #1578 ) ;
#60 = PRESENTATION_STYLE_ASSIGNMENT (( #325 ) ) ;
#61 = SURFACE_SIDE_STYLE ('',( #1769 ) ) ;
#62 = DIRECTION ( 'NONE',  ( 1.000000000000000000, 0.0000000000000000000, 0.0000000000000000000 ) ) ;
#63 = EDGE_CURVE ( 'NONE', #586, #1639, #953, .T. ) ;
#64 = CARTESIAN_POINT ( 'NONE',  ( 1.149999999999999911, 1.800000000000000044, -0.9000000000000000222 ) ) ;
#65 = PLANE ( 'NONE',  #548 ) ;
#66 = EDGE_LOOP ( 'NONE', ( #1097, #1106, #1157, #1787 ) ) ;
#67 = LINE ( 'NONE', #191, #1743 ) ;
#68 = CARTESIAN_POINT ( 'NONE',  ( -1.149999999999999911, 0.1000000000000000056, -0.7999999999999999334 ) ) ;
#69 = EDGE_CURVE ( 'NONE', #1548, #324, #1749, .T. ) ;
#70 = ORIENTED_EDGE ( 'NONE', *, *, #430, .F. ) ;
#71 = DIRECTION ( 'NONE',  ( -0.0000000000000000000, 1.000000000000000000, -0.0000000000000000000 ) ) ;
#72 = SURFACE_STYLE_FILL_AREA ( #1858 ) ;
#73 = CIRCLE ( 'NONE', #572, 0.1000000000000000472 ) ;
#74 = DIRECTION ( 'NONE',  ( 0.0000000000000000000, 1.000000000000000000, 0.0000000000000000000 ) ) ;
#75 = LINE ( 'NONE', #846, #456 ) ;
#76 = DIRECTION ( 'NONE',  ( 0.0000000000000000000, 0.0000000000000000000, 1.000000000000000000 ) ) ;
#77 = VECTOR ( 'NONE', #936, 1000.000000000000000 ) ;
#78 = EDGE_CURVE ( 'NONE', #586, #1129, #998, .T. ) ;
#79 = ORIENTED_EDGE ( 'NONE', *, *, #435, .T. ) ;
#80 = PRESENTATION_STYLE_ASSIGNMENT (( #1766 ) ) ;
#81 = AXIS2_PLACEMENT_3D ( 'NONE', #1920, #1012, #1619 ) ;
#82 = CARTESIAN_POINT ( 'NONE',  ( 1.250000000000000000, 1.699999999999999956, -0.7999999999999999334 ) ) ;
#83 =( GEOMETRIC_REPRESENTATION_CONTEXT ( 3 ) GLOBAL_UNCERTAINTY_ASSIGNED_CONTEXT ( ( #1808 ) ) GLOBAL_UNIT_ASSIGNED_CONTEXT ( ( #1071, #913, #1530 ) ) REPRESENTATION_CONTEXT ( 'NONE', 'WORKASPACE' ) );
#84 = STYLED_ITEM ( 'NONE', ( #589 ), #1101 ) ;
#85 = FACE_OUTER_BOUND ( 'NONE', #1362, .T. ) ;
#86 = SURFACE_STYLE_FILL_AREA ( #1020 ) ;
#87 = STYLED_ITEM ( 'NONE', ( #662 ), #1230 ) ;
#88 =( NAMED_UNIT ( * ) PLANE_ANGLE_UNIT ( ) SI_UNIT ( $, .RADIAN. ) );
#89 = FILL_AREA_STYLE ('',( #536 ) ) ;
#90 = ADVANCED_FACE ( 'NONE', ( #85 ), #861, .T. ) ;
#91 = ORIENTED_EDGE ( 'NONE', *, *, #69, .F. ) ;
#92 = SURFACE_STYLE_USAGE ( .BOTH. , #390 ) ;
#93 = MECHANICAL_DESIGN_GEOMETRIC_PRESENTATION_REPRESENTATION (  '', ( #1812 ), #562 ) ;
#94 = AXIS2_PLACEMENT_3D ( 'NONE', #1680, #14, #317 ) ;
#95 = ADVANCED_FACE ( 'NONE', ( #844 ), #1028, .T. ) ;
#96 = SURFACE_STYLE_FILL_AREA ( #1456 ) ;
#97 = SURFACE_STYLE_FILL_AREA ( #564 ) ;
#98 = CARTESIAN_POINT ( 'NONE',  ( -1.250000000000000000, 0.0000000000000000000, -0.9000000000000000222 ) ) ;
#99 = CARTESIAN_POINT ( 'NONE',  ( 1.250000000000000000, 1.699999999999999956, -0.7999999999999999334 ) ) ;
#100 = ORIENTED_EDGE ( 'NONE', *, *, #316, .T. ) ;
#101 = CARTESIAN_POINT ( 'NONE',  ( 1.149999999999999911, 0.0000000000000000000, 0.7999999999999999334 ) ) ;
#102 =( NAMED_UNIT ( * ) PLANE_ANGLE_UNIT ( ) SI_UNIT ( $, .RADIAN. ) );
#103 = DIRECTION ( 'NONE',  ( 1.000000000000000000, 0.0000000000000000000, -0.0000000000000000000 ) ) ;
#104 = VECTOR ( 'NONE', #1463, 1000.000000000000000 ) ;
#105 = UNCERTAINTY_MEASURE_WITH_UNIT (LENGTH_MEASURE( 1.000000000000000082E-05 ), #348, 'distance_accuracy_value', 'NONE');
#106 = FACE_OUTER_BOUND ( 'NONE', #368, .T. ) ;
#107 = DIRECTION ( 'NONE',  ( 0.0000000000000000000, 1.000000000000000000, 0.0000000000000000000 ) ) ;
#108 = COLOUR_RGB ( '',0.7921568627450980005, 0.8196078431372548767, 0.9333333333333333481 ) ;
#109 = EDGE_LOOP ( 'NONE', ( #1413, #1741, #470 ) ) ;
#110 = DIRECTION ( 'NONE',  ( -1.000000000000000000, 0.0000000000000000000, 0.0000000000000000000 ) ) ;
#111 = MECHANICAL_DESIGN_GEOMETRIC_PRESENTATION_REPRESENTATION (  '', ( #974 ), #233 ) ;
#112 =( LENGTH_UNIT ( ) NAMED_UNIT ( * ) SI_UNIT ( .MILLI., .METRE. ) );
#113 =( GEOMETRIC_REPRESENTATION_CONTEXT ( 3 ) GLOBAL_UNCERTAINTY_ASSIGNED_CONTEXT ( ( #1313 ) ) GLOBAL_UNIT_ASSIGNED_CONTEXT ( ( #56, #182, #39 ) ) REPRESENTATION_CONTEXT ( 'NONE', 'WORKASPACE' ) );
#114 = FACE_OUTER_BOUND ( 'NONE', #826, .T. ) ;
#115 = CARTESIAN_POINT ( 'NONE',  ( -1.149999999999999911, 1.699999999999999956, 0.7999999999999999334 ) ) ;
#116 = PRESENTATION_LAYER_ASSIGNMENT (  '', '', ( #807 ) ) ;
#117 = SURFACE_STYLE_FILL_AREA ( #1472 ) ;
#118 = AXIS2_PLACEMENT_3D ( 'NONE', #1657, #891, #286 ) ;
#119 = EDGE_LOOP ( 'NONE', ( #724, #304, #174, #1515 ) ) ;
#120 = STYLED_ITEM ( 'NONE', ( #946 ), #1190 ) ;
#121 = SURFACE_SIDE_STYLE ('',( #1351 ) ) ;
#122 = SURFACE_SIDE_STYLE ('',( #712 ) ) ;
#123 = ADVANCED_FACE ( 'NONE', ( #114 ), #1927, .T. ) ;
#124 = DIRECTION ( 'NONE',  ( -1.000000000000000000, 0.0000000000000000000, 0.0000000000000000000 ) ) ;
#125 = UNCERTAINTY_MEASURE_WITH_UNIT (LENGTH_MEASURE( 1.000000000000000082E-05 ), #871, 'distance_accuracy_value', 'NONE');
#126 = ORIENTED_EDGE ( 'NONE', *, *, #986, .T. ) ;
#127 = CARTESIAN_POINT ( 'NONE',  ( -1.250000000000000000, 0.1000000000000000056, -0.7999999999999999334 ) ) ;
#128 = DIRECTION ( 'NONE',  ( -1.000000000000000000, 0.0000000000000000000, 0.0000000000000000000 ) ) ;
#129 = ORIENTED_EDGE ( 'NONE', *, *, #1917, .T. ) ;
#130 = EDGE_CURVE ( 'NONE', #857, #740, #429, .T. ) ;
#131 = DIRECTION ( 'NONE',  ( 1.000000000000000000, 0.0000000000000000000, 0.0000000000000000000 ) ) ;
#132 = PRESENTATION_STYLE_ASSIGNMENT (( #888 ) ) ;
#133 = PRESENTATION_STYLE_ASSIGNMENT (( #1332 ) ) ;
#134 = EDGE_LOOP ( 'NONE', ( #91, #778, #40, #1292 ) ) ;
#135 = MECHANICAL_DESIGN_GEOMETRIC_PRESENTATION_REPRESENTATION (  '', ( #1593 ), #225 ) ;
#136 = CARTESIAN_POINT ( 'NONE',  ( -1.149999999999999911, 0.0000000000000000000, -0.9000000000000000222 ) ) ;
#137 = MECHANICAL_DESIGN_GEOMETRIC_PRESENTATION_REPRESENTATION (  '', ( #364 ), #260 ) ;
#138 = DIRECTION ( 'NONE',  ( 0.0000000000000000000, 0.0000000000000000000, 1.000000000000000000 ) ) ;
#139 = CIRCLE ( 'NONE', #1257, 0.1000000000000000472 ) ;
#140 = SURFACE_SIDE_STYLE ('',( #1225 ) ) ;
#141 = FILL_AREA_STYLE_COLOUR ( '', #1049 ) ;
#142 = CIRCLE ( 'NONE', #81, 0.1000000000000000472 ) ;
#143 = PRESENTATION_LAYER_ASSIGNMENT (  '', '', ( #1259 ) ) ;
#144 = VERTEX_POINT ( 'NONE', #760 ) ;
#145 = CARTESIAN_POINT ( 'NONE',  ( 0.7500000000000000000, 0.0000000000000000000, 0.0000000000000000000 ) ) ;
#146 = PRESENTATION_LAYER_ASSIGNMENT (  '', '', ( #873 ) ) ;
#147 = PRESENTATION_LAYER_ASSIGNMENT (  '', '', ( #749 ) ) ;
#148 = CARTESIAN_POINT ( 'NONE',  ( 1.149999999999999911, 0.1000000000000000056, 0.7999999999999999334 ) ) ;
#149 = EDGE_CURVE ( 'NONE', #767, #1013, #1513, .T. ) ;
#150 = PRESENTATION_LAYER_ASSIGNMENT (  '', '', ( #1118 ) ) ;
#151 = UNCERTAINTY_MEASURE_WITH_UNIT (LENGTH_MEASURE( 1.000000000000000082E-05 ), #184, 'distance_accuracy_value', 'NONE');
#152 = ADVANCED_FACE ( 'NONE', ( #1427 ), #1748, .F. ) ;
#153 = FILL_AREA_STYLE ('',( #1493 ) ) ;
#154 = AXIS2_PLACEMENT_3D ( 'NONE', #1395, #1565, #198 ) ;
#155 = AXIS2_PLACEMENT_3D ( 'NONE', #928, #1857, #1529 ) ;
#156 = EDGE_LOOP ( 'NONE', ( #1538, #1281, #223, #1669 ) ) ;
#157 = PLANE ( 'NONE',  #1104 ) ;
#158 = DIRECTION ( 'NONE',  ( -0.0000000000000000000, -1.000000000000000000, -0.0000000000000000000 ) ) ;
#159 = DIRECTION ( 'NONE',  ( 0.0000000000000000000, 1.000000000000000000, 0.0000000000000000000 ) ) ;
#160 =( NAMED_UNIT ( * ) SI_UNIT ( $, .STERADIAN. ) SOLID_ANGLE_UNIT ( ) );
#161 = ORIENTED_EDGE ( 'NONE', *, *, #328, .T. ) ;
#162 = SURFACE_STYLE_USAGE ( .BOTH. , #2 ) ;
#163 = LINE ( 'NONE', #642, #265 ) ;
#164 = ORIENTED_EDGE ( 'NONE', *, *, #1243, .F. ) ;
#165 = CARTESIAN_POINT ( 'NONE',  ( -1.149999999999999911, 0.1000000000000000056, 0.9000000000000000222 ) ) ;
#166 = MECHANICAL_DESIGN_GEOMETRIC_PRESENTATION_REPRESENTATION (  '', ( #701 ), #828 ) ;
#167 = CARTESIAN_POINT ( 'NONE',  ( -0.7500000000000000000, 1.699999999999999956, 0.7999999999999999334 ) ) ;
#168 = CARTESIAN_POINT ( 'NONE',  ( 1.149999999999999911, 0.1000000000000000056, -0.7999999999999999334 ) ) ;
#169 = EDGE_CURVE ( 'NONE', #190, #481, #628, .T. ) ;
#170 =( GEOMETRIC_REPRESENTATION_CONTEXT ( 3 ) GLOBAL_UNCERTAINTY_ASSIGNED_CONTEXT ( ( #1938 ) ) GLOBAL_UNIT_ASSIGNED_CONTEXT ( ( #1641, #1509, #1096 ) ) REPRESENTATION_CONTEXT ( 'NONE', 'WORKASPACE' ) );
#171 = DIRECTION ( 'NONE',  ( 0.0000000000000000000, 0.0000000000000000000, -1.000000000000000000 ) ) ;
#172 = FILL_AREA_STYLE_COLOUR ( '', #978 ) ;
#173 = AXIS2_PLACEMENT_3D ( 'NONE', #393, #74, #1180 ) ;
#174 = ORIENTED_EDGE ( 'NONE', *, *, #430, .T. ) ;
#175 = CARTESIAN_POINT ( 'NONE',  ( 1.250000000000000000, 1.699999999999999956, 0.9000000000000000222 ) ) ;
#176 = EDGE_CURVE ( 'NONE', #144, #534, #1541, .T. ) ;
#177 = PRESENTATION_LAYER_ASSIGNMENT (  '', '', ( #914 ) ) ;
#178 = VERTEX_POINT ( 'NONE', #771 ) ;
#179 = MECHANICAL_DESIGN_GEOMETRIC_PRESENTATION_REPRESENTATION (  '', ( #1353 ), #584 ) ;
#180 = FACE_OUTER_BOUND ( 'NONE', #1182, .T. ) ;
#181 = APPLICATION_PROTOCOL_DEFINITION ( 'draft international standard', 'automotive_design', 1998, #1905 ) ;
#182 =( NAMED_UNIT ( * ) PLANE_ANGLE_UNIT ( ) SI_UNIT ( $, .RADIAN. ) );
#183 = CIRCLE ( 'NONE', #1877, 0.1000000000000000472 ) ;
#184 =( LENGTH_UNIT ( ) NAMED_UNIT ( * ) SI_UNIT ( .MILLI., .METRE. ) );
#185 = ORIENTED_EDGE ( 'NONE', *, *, #759, .T. ) ;
#186 = PRODUCT_DEFINITION ( 'UNKNOWN', '', #509, #731 ) ;
#187 = ORIENTED_EDGE ( 'NONE', *, *, #660, .F. ) ;
#188 = CARTESIAN_POINT ( 'NONE',  ( -0.7500000000000000000, 0.1000000000000000056, -0.7999999999999999334 ) ) ;
#189 = FACE_OUTER_BOUND ( 'NONE', #156, .T. ) ;
#190 = VERTEX_POINT ( 'NONE', #620 ) ;
#191 = CARTESIAN_POINT ( 'NONE',  ( -1.250000000000000000, 1.800000000000000044, 0.7999999999999999334 ) ) ;
#192 = ORIENTED_EDGE ( 'NONE', *, *, #1328, .F. ) ;
#193 = CIRCLE ( 'NONE', #42, 0.1000000000000000472 ) ;
#194 = DIRECTION ( 'NONE',  ( 1.000000000000000000, 0.0000000000000000000, 0.0000000000000000000 ) ) ;
#195 =( LENGTH_UNIT ( ) NAMED_UNIT ( * ) SI_UNIT ( .MILLI., .METRE. ) );
#196 = SHAPE_DEFINITION_REPRESENTATION ( #352, #1245 ) ;
#197 = STYLED_ITEM ( 'NONE', ( #1100 ), #1856 ) ;
#198 = DIRECTION ( 'NONE',  ( 1.000000000000000000, 0.0000000000000000000, 0.0000000000000000000 ) ) ;
#199 =( NAMED_UNIT ( * ) SI_UNIT ( $, .STERADIAN. ) SOLID_ANGLE_UNIT ( ) );
#200 = CARTESIAN_POINT ( 'NONE',  ( 1.149999999999999911, 1.699999999999999956, 0.7999999999999999334 ) ) ;
#201 = AXIS2_PLACEMENT_3D ( 'NONE', #215, #49, #983 ) ;
#202 = ORIENTED_EDGE ( 'NONE', *, *, #1243, .T. ) ;
#203 = VERTEX_POINT ( 'NONE', #1848 ) ;
#204 = EDGE_CURVE ( 'NONE', #178, #1418, #274, .T. ) ;
#205 = PRESENTATION_LAYER_ASSIGNMENT (  '', '', ( #643 ) ) ;
#206 = UNCERTAINTY_MEASURE_WITH_UNIT (LENGTH_MEASURE( 1.000000000000000082E-05 ), #1659, 'distance_accuracy_value', 'NONE');
#207 = STYLED_ITEM ( 'NONE', ( #1361 ), #1139 ) ;
#208 = DIRECTION ( 'NONE',  ( 0.0000000000000000000, 0.0000000000000000000, -1.000000000000000000 ) ) ;
#209 = CARTESIAN_POINT ( 'NONE',  ( 0.0000000000000000000, 0.0000000000000000000, 0.0000000000000000000 ) ) ;
#210 = COLOUR_RGB ( '',0.7529411764705882248, 0.7529411764705882248, 0.7529411764705882248 ) ;
#211 = EDGE_CURVE ( 'NONE', #1308, #243, #183, .T. ) ;
#212 = DIRECTION ( 'NONE',  ( -1.000000000000000000, -0.0000000000000000000, -0.0000000000000000000 ) ) ;
#213 = PRESENTATION_LAYER_ASSIGNMENT (  '', '', ( #987 ) ) ;
#214 = FACE_OUTER_BOUND ( 'NONE', #870, .T. ) ;
#215 = CARTESIAN_POINT ( 'NONE',  ( -1.149999999999999911, 1.699999999999999956, 0.0000000000000000000 ) ) ;
#216 = ORIENTED_EDGE ( 'NONE', *, *, #78, .T. ) ;
#217 = FACE_OUTER_BOUND ( 'NONE', #473, .T. ) ;
#218 = SURFACE_SIDE_STYLE ('',( #1896 ) ) ;
#219 =( NAMED_UNIT ( * ) SI_UNIT ( $, .STERADIAN. ) SOLID_ANGLE_UNIT ( ) );
#220 = DIRECTION ( 'NONE',  ( -1.000000000000000000, 0.0000000000000000000, 0.0000000000000000000 ) ) ;
#221 = LINE ( 'NONE', #796, #1933 ) ;
#222 =( NAMED_UNIT ( * ) SI_UNIT ( $, .STERADIAN. ) SOLID_ANGLE_UNIT ( ) );
#223 = ORIENTED_EDGE ( 'NONE', *, *, #1917, .F. ) ;
#224 = CYLINDRICAL_SURFACE ( 'NONE', #777, 0.1000000000000000472 ) ;
#225 =( GEOMETRIC_REPRESENTATION_CONTEXT ( 3 ) GLOBAL_UNCERTAINTY_ASSIGNED_CONTEXT ( ( #659 ) ) GLOBAL_UNIT_ASSIGNED_CONTEXT ( ( #396, #705, #1775 ) ) REPRESENTATION_CONTEXT ( 'NONE', 'WORKASPACE' ) );
#226 = CARTESIAN_POINT ( 'NONE',  ( 1.149999999999999911, 0.1000000000000000056, 0.7999999999999999334 ) ) ;
#227 = COLOUR_RGB ( '',0.7529411764705882248, 0.7529411764705882248, 0.7529411764705882248 ) ;
#228 = CIRCLE ( 'NONE', #447, 0.1000000000000000472 ) ;
#229 = CARTESIAN_POINT ( 'NONE',  ( 1.149999999999999911, 1.699999999999999956, -0.7999999999999999334 ) ) ;
#230 = ORIENTED_EDGE ( 'NONE', *, *, #287, .T. ) ;
#231 = FACE_OUTER_BOUND ( 'NONE', #1746, .T. ) ;
#232 = DIRECTION ( 'NONE',  ( 1.000000000000000000, -0.0000000000000000000, -0.0000000000000000000 ) ) ;
#233 =( GEOMETRIC_REPRESENTATION_CONTEXT ( 3 ) GLOBAL_UNCERTAINTY_ASSIGNED_CONTEXT ( ( #256 ) ) GLOBAL_UNIT_ASSIGNED_CONTEXT ( ( #627, #41, #636 ) ) REPRESENTATION_CONTEXT ( 'NONE', 'WORKASPACE' ) );
#234 = ORIENTED_EDGE ( 'NONE', *, *, #1048, .T. ) ;
#235 = EDGE_CURVE ( 'NONE', #433, #1813, #1614, .T. ) ;
#236 = LINE ( 'NONE', #1611, #920 ) ;
#237 = COLOUR_RGB ( '',0.7529411764705882248, 0.7529411764705882248, 0.7529411764705882248 ) ;
#238 = SURFACE_SIDE_STYLE ('',( #423 ) ) ;
#239 = SURFACE_STYLE_USAGE ( .BOTH. , #1160 ) ;
#240 = CARTESIAN_POINT ( 'NONE',  ( 0.7500000000000000000, 1.800000000000000044, 0.9000000000000000222 ) ) ;
#241 = DIRECTION ( 'NONE',  ( -0.0000000000000000000, 1.000000000000000000, 0.0000000000000000000 ) ) ;
#242 =( LENGTH_UNIT ( ) NAMED_UNIT ( * ) SI_UNIT ( .MILLI., .METRE. ) );
#243 = VERTEX_POINT ( 'NONE', #329 ) ;
#244 = SURFACE_STYLE_FILL_AREA ( #1480 ) ;
#245 = COLOUR_RGB ( '',0.7529411764705882248, 0.7529411764705882248, 0.7529411764705882248 ) ;
#246 = EDGE_CURVE ( 'NONE', #288, #410, #28, .T. ) ;
#247 = CARTESIAN_POINT ( 'NONE',  ( 0.0000000000000000000, 1.699999999999999956, 0.7999999999999999334 ) ) ;
#248 = SPHERICAL_SURFACE ( 'NONE', #173, 0.1000000000000000056 ) ;
#249 = CARTESIAN_POINT ( 'NONE',  ( -1.149999999999999911, 0.0000000000000000000, -0.9000000000000000222 ) ) ;
#250 = ORIENTED_EDGE ( 'NONE', *, *, #1950, .F. ) ;
#251 = CARTESIAN_POINT ( 'NONE',  ( 1.250000000000000000, 1.800000000000000044, -0.7999999999999999334 ) ) ;
#252 = FACE_OUTER_BOUND ( 'NONE', #484, .T. ) ;
#253 = CARTESIAN_POINT ( 'NONE',  ( -1.149999999999999911, 1.699999999999999956, -0.7999999999999999334 ) ) ;
#254 = CARTESIAN_POINT ( 'NONE',  ( 1.149999999999999911, 1.800000000000000044, 0.9000000000000000222 ) ) ;
#255 = DIRECTION ( 'NONE',  ( 1.000000000000000000, -0.0000000000000000000, 0.0000000000000000000 ) ) ;
#256 = UNCERTAINTY_MEASURE_WITH_UNIT (LENGTH_MEASURE( 1.000000000000000082E-05 ), #627, 'distance_accuracy_value', 'NONE');
#257 = STYLED_ITEM ( 'NONE', ( #1694 ), #1474 ) ;
#258 = PRESENTATION_LAYER_ASSIGNMENT (  '', '', ( #934 ) ) ;
#259 = ORIENTED_EDGE ( 'NONE', *, *, #1328, .T. ) ;
#260 =( GEOMETRIC_REPRESENTATION_CONTEXT ( 3 ) GLOBAL_UNCERTAINTY_ASSIGNED_CONTEXT ( ( #898 ) ) GLOBAL_UNIT_ASSIGNED_CONTEXT ( ( #508, #1422, #1715 ) ) REPRESENTATION_CONTEXT ( 'NONE', 'WORKASPACE' ) );
#261 =( NAMED_UNIT ( * ) SI_UNIT ( $, .STERADIAN. ) SOLID_ANGLE_UNIT ( ) );
#262 = ORIENTED_EDGE ( 'NONE', *, *, #918, .F. ) ;
#263 = EDGE_CURVE ( 'NONE', #1452, #1189, #5, .T. ) ;
#264 = MECHANICAL_DESIGN_GEOMETRIC_PRESENTATION_REPRESENTATION (  '', ( #1143 ), #50 ) ;
#265 = VECTOR ( 'NONE', #1695, 1000.000000000000000 ) ;
#266 =( NAMED_UNIT ( * ) SI_UNIT ( $, .STERADIAN. ) SOLID_ANGLE_UNIT ( ) );
#267 = MECHANICAL_DESIGN_GEOMETRIC_PRESENTATION_REPRESENTATION (  '', ( #746 ), #1837 ) ;
#268 =( NAMED_UNIT ( * ) SI_UNIT ( $, .STERADIAN. ) SOLID_ANGLE_UNIT ( ) );
#269 = EDGE_CURVE ( 'NONE', #288, #1378, #309, .T. ) ;
#270 = COLOUR_RGB ( '',0.7529411764705882248, 0.7529411764705882248, 0.7529411764705882248 ) ;
#271 = DIRECTION ( 'NONE',  ( 1.000000000000000000, 0.0000000000000000000, 0.0000000000000000000 ) ) ;
#272 = DIRECTION ( 'NONE',  ( 0.0000000000000000000, 0.0000000000000000000, 1.000000000000000000 ) ) ;
#273 = SURFACE_STYLE_FILL_AREA ( #1454 ) ;
#274 = CIRCLE ( 'NONE', #155, 0.1000000000000000472 ) ;
#275 = FILL_AREA_STYLE ('',( #1063 ) ) ;
#276 = UNCERTAINTY_MEASURE_WITH_UNIT (LENGTH_MEASURE( 1.000000000000000082E-05 ), #598, 'distance_accuracy_value', 'NONE');
#277 = DIRECTION ( 'NONE',  ( 0.0000000000000000000, 0.0000000000000000000, 1.000000000000000000 ) ) ;
#278 = ORIENTED_EDGE ( 'NONE', *, *, #1236, .F. ) ;
#279 = CARTESIAN_POINT ( 'NONE',  ( -0.7500000000000000000, 0.0000000000000000000, 0.7999999999999999334 ) ) ;
#280 = CARTESIAN_POINT ( 'NONE',  ( 1.250000000000000000, 0.0000000000000000000, 0.9000000000000000222 ) ) ;
#281 = DIRECTION ( 'NONE',  ( -0.0000000000000000000, 0.0000000000000000000, 1.000000000000000000 ) ) ;
#282 = UNCERTAINTY_MEASURE_WITH_UNIT (LENGTH_MEASURE( 1.000000000000000082E-05 ), #1967, 'distance_accuracy_value', 'NONE');
#283 = CARTESIAN_POINT ( 'NONE',  ( 1.250000000000000000, 0.1000000000000000472, -0.7999999999999999334 ) ) ;
#284 = SURFACE_STYLE_USAGE ( .BOTH. , #122 ) ;
#285 = SURFACE_STYLE_FILL_AREA ( #1238 ) ;
#286 = DIRECTION ( 'NONE',  ( 0.0000000000000000000, 0.0000000000000000000, -1.000000000000000000 ) ) ;
#287 = EDGE_CURVE ( 'NONE', #758, #981, #1309, .T. ) ;
#288 = VERTEX_POINT ( 'NONE', #1026 ) ;
#289 = CARTESIAN_POINT ( 'NONE',  ( -1.149999999999999911, 0.1000000000000000056, -0.7999999999999999334 ) ) ;
#290 = CIRCLE ( 'NONE', #1194, 0.1000000000000000472 ) ;
#291 =( NAMED_UNIT ( * ) PLANE_ANGLE_UNIT ( ) SI_UNIT ( $, .RADIAN. ) );
#292 = PRESENTATION_LAYER_ASSIGNMENT (  '', '', ( #506 ) ) ;
#293 = EDGE_CURVE ( 'NONE', #1121, #658, #1329, .T. ) ;
#294 = PRESENTATION_LAYER_ASSIGNMENT (  '', '', ( #1168 ) ) ;
#295 = FILL_AREA_STYLE_COLOUR ( '', #680 ) ;
#296 = CIRCLE ( 'NONE', #1044, 0.1000000000000000472 ) ;
#297 =( LENGTH_UNIT ( ) NAMED_UNIT ( * ) SI_UNIT ( .MILLI., .METRE. ) );
#298 = PRESENTATION_STYLE_ASSIGNMENT (( #1840 ) ) ;
#299 = CARTESIAN_POINT ( 'NONE',  ( -0.7500000000000000000, 0.1000000000000000472, -0.9000000000000000222 ) ) ;
#300 = ORIENTED_EDGE ( 'NONE', *, *, #1679, .F. ) ;
#301 = DIRECTION ( 'NONE',  ( -1.000000000000000000, 0.0000000000000000000, -0.0000000000000000000 ) ) ;
#302 = COLOUR_RGB ( '',0.7529411764705882248, 0.7529411764705882248, 0.7529411764705882248 ) ;
#303 = CARTESIAN_POINT ( 'NONE',  ( 0.7500000000000000000, 0.1000000000000000472, 0.9000000000000000222 ) ) ;
#304 = ORIENTED_EDGE ( 'NONE', *, *, #1799, .T. ) ;
#305 =( GEOMETRIC_REPRESENTATION_CONTEXT ( 3 ) GLOBAL_UNCERTAINTY_ASSIGNED_CONTEXT ( ( #909 ) ) GLOBAL_UNIT_ASSIGNED_CONTEXT ( ( #112, #1942, #1077 ) ) REPRESENTATION_CONTEXT ( 'NONE', 'WORKASPACE' ) );
#306 = CARTESIAN_POINT ( 'NONE',  ( 0.7500000000000000000, 0.1000000000000000472, 0.9000000000000000222 ) ) ;
#307 = PRESENTATION_LAYER_ASSIGNMENT (  '', '', ( #120 ) ) ;
#308 = ADVANCED_FACE ( 'NONE', ( #1453 ), #1923, .T. ) ;
#309 = LINE ( 'NONE', #921, #1712 ) ;
#310 = DIRECTION ( 'NONE',  ( 0.0000000000000000000, -0.0000000000000000000, -1.000000000000000000 ) ) ;
#311 = SURFACE_STYLE_USAGE ( .BOTH. , #344 ) ;
#312 = VECTOR ( 'NONE', #1445, 1000.000000000000000 ) ;
#313 = SURFACE_STYLE_USAGE ( .BOTH. , #452 ) ;
#314 = ORIENTED_EDGE ( 'NONE', *, *, #1411, .T. ) ;
#315 =( NAMED_UNIT ( * ) SI_UNIT ( $, .STERADIAN. ) SOLID_ANGLE_UNIT ( ) );
#316 = EDGE_CURVE ( 'NONE', #1378, #1, #236, .T. ) ;
#317 = DIRECTION ( 'NONE',  ( 0.0000000000000000000, -0.0000000000000000000, -1.000000000000000000 ) ) ;
#318 = SURFACE_SIDE_STYLE ('',( #1674 ) ) ;
#319 = SURFACE_STYLE_FILL_AREA ( #153 ) ;
#320 = MANIFOLD_SOLID_BREP ( 'Fillet2', #952 ) ;
#321 = DIRECTION ( 'NONE',  ( -1.000000000000000000, -0.0000000000000000000, 0.0000000000000000000 ) ) ;
#322 = DIRECTION ( 'NONE',  ( 1.000000000000000000, -0.0000000000000000000, 0.0000000000000000000 ) ) ;
#323 = FACE_OUTER_BOUND ( 'NONE', #1185, .T. ) ;
#324 = VERTEX_POINT ( 'NONE', #101 ) ;
#325 = SURFACE_STYLE_USAGE ( .BOTH. , #1720 ) ;
#326 = VECTOR ( 'NONE', #26, 1000.000000000000000 ) ;
#327 =( GEOMETRIC_REPRESENTATION_CONTEXT ( 3 ) GLOBAL_UNCERTAINTY_ASSIGNED_CONTEXT ( ( #276 ) ) GLOBAL_UNIT_ASSIGNED_CONTEXT ( ( #598, #1366, #1827 ) ) REPRESENTATION_CONTEXT ( 'NONE', 'WORKASPACE' ) );
#328 = EDGE_CURVE ( 'NONE', #1551, #1948, #1440, .T. ) ;
#329 = CARTESIAN_POINT ( 'NONE',  ( -0.7500000000000000000, 1.699999999999999956, 0.9000000000000000222 ) ) ;
#330 = PRESENTATION_STYLE_ASSIGNMENT (( #1542 ) ) ;
#331 = VECTOR ( 'NONE', #657, 1000.000000000000000 ) ;
#332 = CARTESIAN_POINT ( 'NONE',  ( -0.7500000000000000000, 0.0000000000000000000, 0.7999999999999999334 ) ) ;
#333 =( NAMED_UNIT ( * ) PLANE_ANGLE_UNIT ( ) SI_UNIT ( $, .RADIAN. ) );
#334 = PLANE ( 'NONE',  #1380 ) ;
#335 = AXIS2_PLACEMENT_3D ( 'NONE', #200, #958, #1240 ) ;
#336 = ORIENTED_EDGE ( 'NONE', *, *, #1893, .T. ) ;
#337 = DIRECTION ( 'NONE',  ( 0.0000000000000000000, -0.0000000000000000000, -1.000000000000000000 ) ) ;
#338 = MECHANICAL_DESIGN_GEOMETRIC_PRESENTATION_REPRESENTATION (  '', ( #984 ), #486 ) ;
#339 = MECHANICAL_DESIGN_GEOMETRIC_PRESENTATION_REPRESENTATION (  '', ( #580 ), #1737 ) ;
#340 = ORIENTED_EDGE ( 'NONE', *, *, #33, .F. ) ;
#341 = COLOUR_RGB ( '',0.2509803921568627416, 0.2509803921568627416, 0.2509803921568627416 ) ;
#342 = SURFACE_SIDE_STYLE ('',( #1083 ) ) ;
#343 = DIRECTION ( 'NONE',  ( -0.0000000000000000000, 0.0000000000000000000, 1.000000000000000000 ) ) ;
#344 = SURFACE_SIDE_STYLE ('',( #608 ) ) ;
#345 = CARTESIAN_POINT ( 'NONE',  ( 1.250000000000000000, 1.800000000000000044, -0.7999999999999999334 ) ) ;
#346 = AXIS2_PLACEMENT_3D ( 'NONE', #785, #1239, #762 ) ;
#347 = DIRECTION ( 'NONE',  ( 0.0000000000000000000, 0.0000000000000000000, -1.000000000000000000 ) ) ;
#348 =( LENGTH_UNIT ( ) NAMED_UNIT ( * ) SI_UNIT ( .MILLI., .METRE. ) );
#349 = PRESENTATION_LAYER_ASSIGNMENT (  '', '', ( #653 ) ) ;
#350 = ORIENTED_EDGE ( 'NONE', *, *, #876, .T. ) ;
#351 = LINE ( 'NONE', #249, #1251 ) ;
#352 = PRODUCT_DEFINITION_SHAPE ( 'NONE', 'NONE',  #186 ) ;
#353 = ORIENTED_EDGE ( 'NONE', *, *, #592, .F. ) ;
#354 = DIRECTION ( 'NONE',  ( -1.000000000000000000, -0.0000000000000000000, -0.0000000000000000000 ) ) ;
#355 = ORIENTED_EDGE ( 'NONE', *, *, #246, .T. ) ;
#356 = FILL_AREA_STYLE_COLOUR ( '', #1291 ) ;
#357 = CARTESIAN_POINT ( 'NONE',  ( -1.149999999999999911, 0.1000000000000000056, 0.7999999999999999334 ) ) ;
#358 = ORIENTED_EDGE ( 'NONE', *, *, #1098, .F. ) ;
#359 =( GEOMETRIC_REPRESENTATION_CONTEXT ( 3 ) GLOBAL_UNCERTAINTY_ASSIGNED_CONTEXT ( ( #1419 ) ) GLOBAL_UNIT_ASSIGNED_CONTEXT ( ( #1375, #499, #219 ) ) REPRESENTATION_CONTEXT ( 'NONE', 'WORKASPACE' ) );
#360 = ADVANCED_FACE ( 'NONE', ( #679 ), #1176, .T. ) ;
#361 =( GEOMETRIC_REPRESENTATION_CONTEXT ( 3 ) GLOBAL_UNCERTAINTY_ASSIGNED_CONTEXT ( ( #801 ) ) GLOBAL_UNIT_ASSIGNED_CONTEXT ( ( #1907, #1322, #1590 ) ) REPRESENTATION_CONTEXT ( 'NONE', 'WORKASPACE' ) );
#362 = DIRECTION ( 'NONE',  ( -0.0000000000000000000, 1.000000000000000000, 0.0000000000000000000 ) ) ;
#363 = FACE_OUTER_BOUND ( 'NONE', #1066, .T. ) ;
#364 = STYLED_ITEM ( 'NONE', ( #1112 ), #1245 ) ;
#365 =( NAMED_UNIT ( * ) SI_UNIT ( $, .STERADIAN. ) SOLID_ANGLE_UNIT ( ) );
#366 = DIRECTION ( 'NONE',  ( -1.000000000000000000, 0.0000000000000000000, -0.0000000000000000000 ) ) ;
#367 = CARTESIAN_POINT ( 'NONE',  ( -1.250000000000000000, 0.1000000000000000056, 0.9000000000000000222 ) ) ;
#368 = EDGE_LOOP ( 'NONE', ( #595, #1465, #663, #350 ) ) ;
#369 = CARTESIAN_POINT ( 'NONE',  ( 0.7500000000000000000, 0.0000000000000000000, 0.9000000000000000222 ) ) ;
#370 = MECHANICAL_DESIGN_GEOMETRIC_PRESENTATION_REPRESENTATION (  '', ( #1802 ), #1082 ) ;
#371 = MECHANICAL_DESIGN_GEOMETRIC_PRESENTATION_REPRESENTATION (  '', ( #912 ), #83 ) ;
#372 = UNCERTAINTY_MEASURE_WITH_UNIT (LENGTH_MEASURE( 1.000000000000000082E-05 ), #383, 'distance_accuracy_value', 'NONE');
#373 = LINE ( 'NONE', #955, #902 ) ;
#374 = AXIS2_PLACEMENT_3D ( 'NONE', #1601, #1037, #1340 ) ;
#375 = DIRECTION ( 'NONE',  ( 0.0000000000000000000, -0.0000000000000000000, -1.000000000000000000 ) ) ;
#376 = CARTESIAN_POINT ( 'NONE',  ( 1.149999999999999911, 1.800000000000000044, -0.7999999999999999334 ) ) ;
#377 = ORIENTED_EDGE ( 'NONE', *, *, #516, .F. ) ;
#378 = DIRECTION ( 'NONE',  ( 1.000000000000000000, 0.0000000000000000000, 0.0000000000000000000 ) ) ;
#379 = EDGE_LOOP ( 'NONE', ( #560, #1368, #259, #1256 ) ) ;
#380 = LINE ( 'NONE', #1895, #1052 ) ;
#381 =( LENGTH_UNIT ( ) NAMED_UNIT ( * ) SI_UNIT ( .MILLI., .METRE. ) );
#382 = DIRECTION ( 'NONE',  ( 1.000000000000000000, 0.0000000000000000000, -0.0000000000000000000 ) ) ;
#383 =( LENGTH_UNIT ( ) NAMED_UNIT ( * ) SI_UNIT ( .MILLI., .METRE. ) );
#384 = DIRECTION ( 'NONE',  ( 0.0000000000000000000, -0.0000000000000000000, 1.000000000000000000 ) ) ;
#385 = EDGE_CURVE ( 'NONE', #1121, #1418, #1830, .T. ) ;
#386 = ORIENTED_EDGE ( 'NONE', *, *, #704, .F. ) ;
#387 = FILL_AREA_STYLE_COLOUR ( '', #842 ) ;
#388 =( LENGTH_UNIT ( ) NAMED_UNIT ( * ) SI_UNIT ( .MILLI., .METRE. ) );
#389 = ORIENTED_EDGE ( 'NONE', *, *, #1295, .T. ) ;
#390 = SURFACE_SIDE_STYLE ('',( #1293 ) ) ;
#391 =( NAMED_UNIT ( * ) PLANE_ANGLE_UNIT ( ) SI_UNIT ( $, .RADIAN. ) );
#392 = AXIS2_PLACEMENT_3D ( 'NONE', #904, #915, #171 ) ;
#393 = CARTESIAN_POINT ( 'NONE',  ( -1.149999999999999911, 1.699999999999999956, -0.7999999999999999334 ) ) ;
#394 = AXIS2_PLACEMENT_3D ( 'NONE', #814, #362, #1734 ) ;
#395 = SURFACE_SIDE_STYLE ('',( #992 ) ) ;
#396 =( LENGTH_UNIT ( ) NAMED_UNIT ( * ) SI_UNIT ( .MILLI., .METRE. ) );
#397 = STYLED_ITEM ( 'NONE', ( #587 ), #496 ) ;
#398 = ORIENTED_EDGE ( 'NONE', *, *, #532, .T. ) ;
#399 = COLOUR_RGB ( '',0.7529411764705882248, 0.7529411764705882248, 0.7529411764705882248 ) ;
#400 = FACE_OUTER_BOUND ( 'NONE', #1855, .T. ) ;
#401 = FILL_AREA_STYLE ('',( #693 ) ) ;
#402 =( NAMED_UNIT ( * ) SI_UNIT ( $, .STERADIAN. ) SOLID_ANGLE_UNIT ( ) );
#403 = ORIENTED_EDGE ( 'NONE', *, *, #922, .F. ) ;
#404 = SURFACE_STYLE_FILL_AREA ( #1193 ) ;
#405 = AXIS2_PLACEMENT_3D ( 'NONE', #1673, #1099, #1691 ) ;
#406 = DIRECTION ( 'NONE',  ( -1.000000000000000000, 0.0000000000000000000, 0.0000000000000000000 ) ) ;
#407 = DIRECTION ( 'NONE',  ( 0.0000000000000000000, 0.0000000000000000000, -1.000000000000000000 ) ) ;
#408 = FILL_AREA_STYLE ('',( #1783 ) ) ;
#409 =( LENGTH_UNIT ( ) NAMED_UNIT ( * ) SI_UNIT ( .MILLI., .METRE. ) );
#410 = VERTEX_POINT ( 'NONE', #446 ) ;
#411 = DIRECTION ( 'NONE',  ( 0.0000000000000000000, 0.0000000000000000000, 1.000000000000000000 ) ) ;
#412 = CARTESIAN_POINT ( 'NONE',  ( -0.7500000000000000000, 0.0000000000000000000, 0.9000000000000000222 ) ) ;
#413 = EDGE_CURVE ( 'NONE', #529, #190, #1046, .T. ) ;
#414 = ORIENTED_EDGE ( 'NONE', *, *, #1562, .T. ) ;
#415 = DIRECTION ( 'NONE',  ( -1.000000000000000000, 0.0000000000000000000, -0.0000000000000000000 ) ) ;
#416 = EDGE_CURVE ( 'NONE', #1308, #410, #1217, .T. ) ;
#417 = SURFACE_STYLE_USAGE ( .BOTH. , #1790 ) ;
#418 = AXIS2_PLACEMENT_3D ( 'NONE', #55, #1261, #375 ) ;
#419 = AXIS2_PLACEMENT_3D ( 'NONE', #964, #212, #1566 ) ;
#420 = VERTEX_POINT ( 'NONE', #306 ) ;
#421 = LINE ( 'NONE', #556, #859 ) ;
#422 = CIRCLE ( 'NONE', #905, 0.1000000000000000472 ) ;
#423 = SURFACE_STYLE_FILL_AREA ( #401 ) ;
#424 = CIRCLE ( 'NONE', #841, 0.1000000000000000472 ) ;
#425 =( NAMED_UNIT ( * ) PLANE_ANGLE_UNIT ( ) SI_UNIT ( $, .RADIAN. ) );
#426 = EDGE_LOOP ( 'NONE', ( #1762, #1001, #1689 ) ) ;
#427 = PRESENTATION_LAYER_ASSIGNMENT (  '', '', ( #87 ) ) ;
#428 = CARTESIAN_POINT ( 'NONE',  ( -1.149999999999999911, 0.1000000000000000056, 0.0000000000000000000 ) ) ;
#429 = CIRCLE ( 'NONE', #1970, 0.1000000000000000472 ) ;
#430 = EDGE_CURVE ( 'NONE', #1718, #1003, #1526, .T. ) ;
#431 =( NAMED_UNIT ( * ) PLANE_ANGLE_UNIT ( ) SI_UNIT ( $, .RADIAN. ) );
#432 =( NAMED_UNIT ( * ) PLANE_ANGLE_UNIT ( ) SI_UNIT ( $, .RADIAN. ) );
#433 = VERTEX_POINT ( 'NONE', #917 ) ;
#434 = DIRECTION ( 'NONE',  ( -1.000000000000000000, 0.0000000000000000000, 0.0000000000000000000 ) ) ;
#435 = EDGE_CURVE ( 'NONE', #47, #534, #1010, .T. ) ;
#436 =( LENGTH_UNIT ( ) NAMED_UNIT ( * ) SI_UNIT ( .MILLI., .METRE. ) );
#437 = UNCERTAINTY_MEASURE_WITH_UNIT (LENGTH_MEASURE( 1.000000000000000082E-05 ), #436, 'distance_accuracy_value', 'NONE');
#438 = PRESENTATION_STYLE_ASSIGNMENT (( #1818 ) ) ;
#439 = CARTESIAN_POINT ( 'NONE',  ( -1.149999999999999911, 1.800000000000000044, -0.9000000000000000222 ) ) ;
#440 = DIRECTION ( 'NONE',  ( -1.000000000000000000, 0.0000000000000000000, -0.0000000000000000000 ) ) ;
#441 = ORIENTED_EDGE ( 'NONE', *, *, #1411, .F. ) ;
#442 = DIRECTION ( 'NONE',  ( 1.000000000000000000, 0.0000000000000000000, 0.0000000000000000000 ) ) ;
#443 = VECTOR ( 'NONE', #1359, 1000.000000000000000 ) ;
#444 = AXIS2_PLACEMENT_3D ( 'NONE', #115, #1603, #832 ) ;
#445 = SURFACE_STYLE_USAGE ( .BOTH. , #1033 ) ;
#446 = CARTESIAN_POINT ( 'NONE',  ( -0.7500000000000000000, 1.800000000000000044, -0.7999999999999999334 ) ) ;
#447 = AXIS2_PLACEMENT_3D ( 'NONE', #1197, #15, #277 ) ;
#448 =( GEOMETRIC_REPRESENTATION_CONTEXT ( 3 ) GLOBAL_UNCERTAINTY_ASSIGNED_CONTEXT ( ( #1333 ) ) GLOBAL_UNIT_ASSIGNED_CONTEXT ( ( #927, #291, #315 ) ) REPRESENTATION_CONTEXT ( 'NONE', 'WORKASPACE' ) );
#449 = DIRECTION ( 'NONE',  ( -0.0000000000000000000, -0.0000000000000000000, 1.000000000000000000 ) ) ;
#450 = MECHANICAL_DESIGN_GEOMETRIC_PRESENTATION_REPRESENTATION (  '', ( #1894 ), #113 ) ;
#451 = FILL_AREA_STYLE_COLOUR ( '', #1936 ) ;
#452 = SURFACE_SIDE_STYLE ('',( #1075 ) ) ;
#453 = AXIS2_PLACEMENT_3D ( 'NONE', #168, #1400, #1543 ) ;
#454 = EDGE_LOOP ( 'NONE', ( #1138, #389, #947, #1206 ) ) ;
#455 = PRESENTATION_LAYER_ASSIGNMENT (  '', '', ( #580 ) ) ;
#456 = VECTOR ( 'NONE', #1278, 1000.000000000000000 ) ;
#457 =( NAMED_UNIT ( * ) SI_UNIT ( $, .STERADIAN. ) SOLID_ANGLE_UNIT ( ) );
#458 = FILL_AREA_STYLE ('',( #1226 ) ) ;
#459 = FACE_OUTER_BOUND ( 'NONE', #58, .T. ) ;
#460 = COLOUR_RGB ( '',0.7529411764705882248, 0.7529411764705882248, 0.7529411764705882248 ) ;
#461 = SURFACE_SIDE_STYLE ('',( #942 ) ) ;
#462 = SURFACE_STYLE_FILL_AREA ( #965 ) ;
#463 = VERTEX_POINT ( 'NONE', #165 ) ;
#464 = FACE_OUTER_BOUND ( 'NONE', #789, .T. ) ;
#465 = EDGE_CURVE ( 'NONE', #1548, #1948, #1171, .T. ) ;
#466 = ORIENTED_EDGE ( 'NONE', *, *, #523, .T. ) ;
#467 = DIRECTION ( 'NONE',  ( 0.0000000000000000000, 0.0000000000000000000, -1.000000000000000000 ) ) ;
#468 = PLANE ( 'NONE',  #1599 ) ;
#469 = EDGE_CURVE ( 'NONE', #851, #658, #296, .T. ) ;
#470 = ORIENTED_EDGE ( 'NONE', *, *, #1682, .F. ) ;
#471 = DIRECTION ( 'NONE',  ( 0.0000000000000000000, 0.0000000000000000000, -1.000000000000000000 ) ) ;
#472 = CARTESIAN_POINT ( 'NONE',  ( 0.7500000000000000000, 0.0000000000000000000, 0.7999999999999999334 ) ) ;
#473 = EDGE_LOOP ( 'NONE', ( #727, #414, #600, #961 ) ) ;
#474 = LINE ( 'NONE', #175, #1924 ) ;
#475 =( GEOMETRIC_REPRESENTATION_CONTEXT ( 3 ) GLOBAL_UNCERTAINTY_ASSIGNED_CONTEXT ( ( #1140 ) ) GLOBAL_UNIT_ASSIGNED_CONTEXT ( ( #1618, #866, #1650 ) ) REPRESENTATION_CONTEXT ( 'NONE', 'WORKASPACE' ) );
#476 = ORIENTED_EDGE ( 'NONE', *, *, #435, .F. ) ;
#477 = PRESENTATION_LAYER_ASSIGNMENT (  '', '', ( #799 ) ) ;
#478 = CARTESIAN_POINT ( 'NONE',  ( 1.250000000000000000, 1.800000000000000044, -0.9000000000000000222 ) ) ;
#479 = VECTOR ( 'NONE', #1425, 1000.000000000000000 ) ;
#480 = EDGE_CURVE ( 'NONE', #501, #1551, #139, .T. ) ;
#481 = VERTEX_POINT ( 'NONE', #615 ) ;
#482 = CYLINDRICAL_SURFACE ( 'NONE', #1725, 0.1000000000000000472 ) ;
#483 = FILL_AREA_STYLE ('',( #172 ) ) ;
#484 = EDGE_LOOP ( 'NONE', ( #614, #1784, #1864, #985 ) ) ;
#485 = CARTESIAN_POINT ( 'NONE',  ( 1.250000000000000000, 0.0000000000000000000, -0.7999999999999999334 ) ) ;
#486 =( GEOMETRIC_REPRESENTATION_CONTEXT ( 3 ) GLOBAL_UNCERTAINTY_ASSIGNED_CONTEXT ( ( #1662 ) ) GLOBAL_UNIT_ASSIGNED_CONTEXT ( ( #43, #507, #1735 ) ) REPRESENTATION_CONTEXT ( 'NONE', 'WORKASPACE' ) );
#487 = AXIS2_PLACEMENT_3D ( 'NONE', #1955, #415, #1489 ) ;
#488 = EDGE_LOOP ( 'NONE', ( #1134, #1398, #1058, #353 ) ) ;
#489 =( NAMED_UNIT ( * ) SI_UNIT ( $, .STERADIAN. ) SOLID_ANGLE_UNIT ( ) );
#490 = EDGE_CURVE ( 'NONE', #781, #1765, #1956, .T. ) ;
#491 = FILL_AREA_STYLE ('',( #451 ) ) ;
#492 = STYLED_ITEM ( 'NONE', ( #80 ), #320 ) ;
#493 = ORIENTED_EDGE ( 'NONE', *, *, #850, .T. ) ;
#494 = CARTESIAN_POINT ( 'NONE',  ( -0.7500000000000000000, 1.800000000000000044, 0.7999999999999999334 ) ) ;
#495 = DIRECTION ( 'NONE',  ( 0.0000000000000000000, 0.0000000000000000000, 1.000000000000000000 ) ) ;
#496 = ADVANCED_FACE ( 'NONE', ( #1201 ), #1805, .T. ) ;
#497 = ORIENTED_EDGE ( 'NONE', *, *, #876, .F. ) ;
#498 = UNCERTAINTY_MEASURE_WITH_UNIT (LENGTH_MEASURE( 1.000000000000000082E-05 ), #1342, 'distance_accuracy_value', 'NONE');
#499 =( NAMED_UNIT ( * ) PLANE_ANGLE_UNIT ( ) SI_UNIT ( $, .RADIAN. ) );
#500 =( NAMED_UNIT ( * ) SI_UNIT ( $, .STERADIAN. ) SOLID_ANGLE_UNIT ( ) );
#501 = VERTEX_POINT ( 'NONE', #1699 ) ;
#502 = SURFACE_STYLE_USAGE ( .BOTH. , #819 ) ;
#503 = CARTESIAN_POINT ( 'NONE',  ( -0.7500000000000000000, 1.800000000000000044, 0.9000000000000000222 ) ) ;
#504 = ORIENTED_EDGE ( 'NONE', *, *, #1248, .F. ) ;
#505 = AXIS2_PLACEMENT_3D ( 'NONE', #525, #1144, #1277 ) ;
#506 = STYLED_ITEM ( 'NONE', ( #1297 ), #1747 ) ;
#507 =( NAMED_UNIT ( * ) PLANE_ANGLE_UNIT ( ) SI_UNIT ( $, .RADIAN. ) );
#508 =( LENGTH_UNIT ( ) NAMED_UNIT ( * ) SI_UNIT ( .MILLI., .METRE. ) );
#509 = PRODUCT_DEFINITION_FORMATION_WITH_SPECIFIED_SOURCE ( 'ANY', '', #577, .NOT_KNOWN. ) ;
#510 =( LENGTH_UNIT ( ) NAMED_UNIT ( * ) SI_UNIT ( .MILLI., .METRE. ) );
#511 = SURFACE_STYLE_FILL_AREA ( #542 ) ;
#512 = VECTOR ( 'NONE', #1670, 1000.000000000000000 ) ;
#513 = FILL_AREA_STYLE ('',( #1918 ) ) ;
#514 = FILL_AREA_STYLE ('',( #356 ) ) ;
#515 = DIRECTION ( 'NONE',  ( -0.0000000000000000000, -1.000000000000000000, -0.0000000000000000000 ) ) ;
#516 = EDGE_CURVE ( 'NONE', #1765, #689, #1768, .T. ) ;
#517 = PRESENTATION_LAYER_ASSIGNMENT (  '', '', ( #1802 ) ) ;
#518 = VERTEX_POINT ( 'NONE', #820 ) ;
#519 = DIRECTION ( 'NONE',  ( 0.0000000000000000000, 0.0000000000000000000, -1.000000000000000000 ) ) ;
#520 = CIRCLE ( 'NONE', #1051, 0.1000000000000000472 ) ;
#521 = DIRECTION ( 'NONE',  ( -0.0000000000000000000, 0.0000000000000000000, 1.000000000000000000 ) ) ;
#522 = AXIS2_PLACEMENT_3D ( 'NONE', #57, #1899, #1433 ) ;
#523 = EDGE_CURVE ( 'NONE', #1948, #324, #803, .T. ) ;
#524 = DIRECTION ( 'NONE',  ( -1.000000000000000000, -0.0000000000000000000, -0.0000000000000000000 ) ) ;
#525 = CARTESIAN_POINT ( 'NONE',  ( -1.149999999999999911, 1.699999999999999956, -0.7999999999999999334 ) ) ;
#526 = LINE ( 'NONE', #1423, #838 ) ;
#527 = PRESENTATION_STYLE_ASSIGNMENT (( #980 ) ) ;
#528 = CARTESIAN_POINT ( 'NONE',  ( 0.0000000000000000000, 1.800000000000000044, -0.7999999999999999334 ) ) ;
#529 = VERTEX_POINT ( 'NONE', #1730 ) ;
#530 = PRESENTATION_STYLE_ASSIGNMENT (( #568 ) ) ;
#531 = FILL_AREA_STYLE ('',( #1443 ) ) ;
#532 = EDGE_CURVE ( 'NONE', #1922, #586, #474, .T. ) ;
#533 = CARTESIAN_POINT ( 'NONE',  ( 0.7500000000000000000, 1.699999999999999956, 0.7999999999999999334 ) ) ;
#534 = VERTEX_POINT ( 'NONE', #1579 ) ;
#535 = CARTESIAN_POINT ( 'NONE',  ( 0.7500000000000000000, 0.0000000000000000000, -0.7999999999999999334 ) ) ;
#536 = FILL_AREA_STYLE_COLOUR ( '', #237 ) ;
#537 = ORIENTED_EDGE ( 'NONE', *, *, #1771, .F. ) ;
#538 = DIRECTION ( 'NONE',  ( 0.0000000000000000000, 0.0000000000000000000, -1.000000000000000000 ) ) ;
#539 = VECTOR ( 'NONE', #322, 1000.000000000000000 ) ;
#540 = FILL_AREA_STYLE_COLOUR ( '', #460 ) ;
#541 = PRESENTATION_STYLE_ASSIGNMENT (( #862 ) ) ;
#542 = FILL_AREA_STYLE ('',( #1155 ) ) ;
#543 =( GEOMETRIC_REPRESENTATION_CONTEXT ( 3 ) GLOBAL_UNCERTAINTY_ASSIGNED_CONTEXT ( ( #1267 ) ) GLOBAL_UNIT_ASSIGNED_CONTEXT ( ( #1968, #431, #457 ) ) REPRESENTATION_CONTEXT ( 'NONE', 'WORKASPACE' ) );
#544 = CIRCLE ( 'NONE', #769, 0.1000000000000000472 ) ;
#545 = FILL_AREA_STYLE ('',( #1163 ) ) ;
#546 = VERTEX_POINT ( 'NONE', #1865 ) ;
#547 = DIRECTION ( 'NONE',  ( -1.000000000000000000, -0.0000000000000000000, -0.0000000000000000000 ) ) ;
#548 = AXIS2_PLACEMENT_3D ( 'NONE', #1634, #1041, #879 ) ;
#549 = CARTESIAN_POINT ( 'NONE',  ( -1.149999999999999911, 1.699999999999999956, 0.7999999999999999334 ) ) ;
#550 = PRESENTATION_LAYER_ASSIGNMENT (  '', '', ( #1412 ) ) ;
#551 = COLOUR_RGB ( '',0.7529411764705882248, 0.7529411764705882248, 0.7529411764705882248 ) ;
#552 = CARTESIAN_POINT ( 'NONE',  ( -1.250000000000000000, 0.1000000000000000056, -0.7999999999999999334 ) ) ;
#553 = PLANE ( 'NONE',  #766 ) ;
#554 = EDGE_CURVE ( 'NONE', #410, #893, #1549, .T. ) ;
#555 =( GEOMETRIC_REPRESENTATION_CONTEXT ( 3 ) GLOBAL_UNCERTAINTY_ASSIGNED_CONTEXT ( ( #1364 ) ) GLOBAL_UNIT_ASSIGNED_CONTEXT ( ( #1146, #1592, #1415 ) ) REPRESENTATION_CONTEXT ( 'NONE', 'WORKASPACE' ) );
#556 = CARTESIAN_POINT ( 'NONE',  ( 0.0000000000000000000, 1.800000000000000044, 0.7999999999999999334 ) ) ;
#557 = CYLINDRICAL_SURFACE ( 'NONE', #709, 0.1000000000000000472 ) ;
#558 = CLOSED_SHELL ( 'NONE', ( #1215, #1101, #1861, #1584, #950, #1474, #1323, #1780, #1080, #29, #1795, #1161, #940, #729, #1290, #308, #1230, #1014 ) ) ;
#559 = DIRECTION ( 'NONE',  ( 0.0000000000000000000, 0.0000000000000000000, -1.000000000000000000 ) ) ;
#560 = ORIENTED_EDGE ( 'NONE', *, *, #413, .T. ) ;
#561 = EDGE_CURVE ( 'NONE', #593, #1162, #1255, .T. ) ;
#562 =( GEOMETRIC_REPRESENTATION_CONTEXT ( 3 ) GLOBAL_UNCERTAINTY_ASSIGNED_CONTEXT ( ( #1635 ) ) GLOBAL_UNIT_ASSIGNED_CONTEXT ( ( #730, #1204, #266 ) ) REPRESENTATION_CONTEXT ( 'NONE', 'WORKASPACE' ) );
#563 =( NAMED_UNIT ( * ) SI_UNIT ( $, .STERADIAN. ) SOLID_ANGLE_UNIT ( ) );
#564 = FILL_AREA_STYLE ('',( #683 ) ) ;
#565 = FILL_AREA_STYLE ('',( #6 ) ) ;
#566 = ORIENTED_EDGE ( 'NONE', *, *, #1270, .F. ) ;
#567 = CYLINDRICAL_SURFACE ( 'NONE', #1017, 0.1000000000000000472 ) ;
#568 = SURFACE_STYLE_USAGE ( .BOTH. , #1588 ) ;
#569 = CARTESIAN_POINT ( 'NONE',  ( -0.7500000000000000000, 1.699999999999999956, 0.9000000000000000222 ) ) ;
#570 = LINE ( 'NONE', #1372, #937 ) ;
#571 = UNCERTAINTY_MEASURE_WITH_UNIT (LENGTH_MEASURE( 1.000000000000000082E-05 ), #931, 'distance_accuracy_value', 'NONE');
#572 = AXIS2_PLACEMENT_3D ( 'NONE', #1093, #301, #471 ) ;
#573 = EDGE_LOOP ( 'NONE', ( #1700, #100, #1068, #1698 ) ) ;
#574 =( GEOMETRIC_REPRESENTATION_CONTEXT ( 3 ) GLOBAL_UNCERTAINTY_ASSIGNED_CONTEXT ( ( #1491 ) ) GLOBAL_UNIT_ASSIGNED_CONTEXT ( ( #1523, #432, #160 ) ) REPRESENTATION_CONTEXT ( 'NONE', 'WORKASPACE' ) );
#575 = DIRECTION ( 'NONE',  ( 0.0000000000000000000, 1.000000000000000000, -0.0000000000000000000 ) ) ;
#576 = EDGE_CURVE ( 'NONE', #1900, #203, #1128, .T. ) ;
#577 = PRODUCT ( '4AF61C83-FBFC-400B-8904-F4016F7E1647', '4AF61C83-FBFC-400B-8904-F4016F7E1647', '', ( #1564 ) ) ;
#578 =( NAMED_UNIT ( * ) SI_UNIT ( $, .STERADIAN. ) SOLID_ANGLE_UNIT ( ) );
#579 = EDGE_CURVE ( 'NONE', #1, #190, #1572, .T. ) ;
#580 = STYLED_ITEM ( 'NONE', ( #815 ), #1014 ) ;
#581 =( NAMED_UNIT ( * ) PLANE_ANGLE_UNIT ( ) SI_UNIT ( $, .RADIAN. ) );
#582 = MECHANICAL_DESIGN_GEOMETRIC_PRESENTATION_REPRESENTATION (  '', ( #84 ), #305 ) ;
#583 = ORIENTED_EDGE ( 'NONE', *, *, #211, .T. ) ;
#584 =( GEOMETRIC_REPRESENTATION_CONTEXT ( 3 ) GLOBAL_UNCERTAINTY_ASSIGNED_CONTEXT ( ( #973 ) ) GLOBAL_UNIT_ASSIGNED_CONTEXT ( ( #1708, #836, #824 ) ) REPRESENTATION_CONTEXT ( 'NONE', 'WORKASPACE' ) );
#585 = DIRECTION ( 'NONE',  ( 0.0000000000000000000, -0.0000000000000000000, 1.000000000000000000 ) ) ;
#586 = VERTEX_POINT ( 'NONE', #1136 ) ;
#587 = PRESENTATION_STYLE_ASSIGNMENT (( #1835 ) ) ;
#588 = MECHANICAL_DESIGN_GEOMETRIC_PRESENTATION_REPRESENTATION (  '', ( #987 ), #1745 ) ;
#589 = PRESENTATION_STYLE_ASSIGNMENT (( #1644 ) ) ;
#590 = CARTESIAN_POINT ( 'NONE',  ( -0.7500000000000000000, 1.800000000000000044, 0.9000000000000000222 ) ) ;
#591 = CARTESIAN_POINT ( 'NONE',  ( -0.7500000000000000000, 0.0000000000000000000, 0.0000000000000000000 ) ) ;
#592 = EDGE_CURVE ( 'NONE', #203, #178, #1846, .T. ) ;
#593 = VERTEX_POINT ( 'NONE', #1119 ) ;
#594 = DIRECTION ( 'NONE',  ( 0.0000000000000000000, 1.000000000000000000, 0.0000000000000000000 ) ) ;
#595 = ORIENTED_EDGE ( 'NONE', *, *, #1582, .T. ) ;
#596 = UNCERTAINTY_MEASURE_WITH_UNIT (LENGTH_MEASURE( 1.000000000000000082E-05 ), #1906, 'distance_accuracy_value', 'NONE');
#597 = DIRECTION ( 'NONE',  ( 0.0000000000000000000, 0.0000000000000000000, 1.000000000000000000 ) ) ;
#598 =( LENGTH_UNIT ( ) NAMED_UNIT ( * ) SI_UNIT ( .MILLI., .METRE. ) );
#599 = DIRECTION ( 'NONE',  ( 1.000000000000000000, 0.0000000000000000000, 0.0000000000000000000 ) ) ;
#600 = ORIENTED_EDGE ( 'NONE', *, *, #1534, .T. ) ;
#601 = CARTESIAN_POINT ( 'NONE',  ( 1.149999999999999911, 0.1000000000000000056, 0.9000000000000000222 ) ) ;
#602 =( GEOMETRIC_REPRESENTATION_CONTEXT ( 3 ) GLOBAL_UNCERTAINTY_ASSIGNED_CONTEXT ( ( #52 ) ) GLOBAL_UNIT_ASSIGNED_CONTEXT ( ( #1179, #1928, #1331 ) ) REPRESENTATION_CONTEXT ( 'NONE', 'WORKASPACE' ) );
#603 = FILL_AREA_STYLE ('',( #1347 ) ) ;
#604 = VECTOR ( 'NONE', #449, 1000.000000000000000 ) ;
#605 = VECTOR ( 'NONE', #107, 1000.000000000000000 ) ;
#606 =( NAMED_UNIT ( * ) PLANE_ANGLE_UNIT ( ) SI_UNIT ( $, .RADIAN. ) );
#607 = PRESENTATION_STYLE_ASSIGNMENT (( #1665 ) ) ;
#608 = SURFACE_STYLE_FILL_AREA ( #963 ) ;
#609 = ADVANCED_FACE ( 'NONE', ( #464 ), #1406, .T. ) ;
#610 = CARTESIAN_POINT ( 'NONE',  ( -1.149999999999999911, 0.1000000000000000056, -0.9000000000000000222 ) ) ;
#611 = CARTESIAN_POINT ( 'NONE',  ( -1.250000000000000000, 0.0000000000000000000, 0.9000000000000000222 ) ) ;
#612 = CYLINDRICAL_SURFACE ( 'NONE', #872, 0.1000000000000000472 ) ;
#613 =( GEOMETRIC_REPRESENTATION_CONTEXT ( 3 ) GLOBAL_UNCERTAINTY_ASSIGNED_CONTEXT ( ( #437 ) ) GLOBAL_UNIT_ASSIGNED_CONTEXT ( ( #436, #1932, #261 ) ) REPRESENTATION_CONTEXT ( 'NONE', 'WORKASPACE' ) );
#614 = ORIENTED_EDGE ( 'NONE', *, *, #576, .T. ) ;
#615 = CARTESIAN_POINT ( 'NONE',  ( -0.7500000000000000000, 0.0000000000000000000, -0.7999999999999999334 ) ) ;
#616 =( GEOMETRIC_REPRESENTATION_CONTEXT ( 3 ) GLOBAL_UNCERTAINTY_ASSIGNED_CONTEXT ( ( #1883 ) ) GLOBAL_UNIT_ASSIGNED_CONTEXT ( ( #1272, #1424, #500 ) ) REPRESENTATION_CONTEXT ( 'NONE', 'WORKASPACE' ) );
#617 = EDGE_CURVE ( 'NONE', #1189, #463, #1377, .T. ) ;
#618 = ORIENTED_EDGE ( 'NONE', *, *, #1390, .T. ) ;
#619 = CLOSED_SHELL ( 'NONE', ( #853, #1709, #1471, #152, #825, #1913, #1009, #360, #123, #90, #1338, #1620, #1139, #989, #672, #1035, #839, #496 ) ) ;
#620 = CARTESIAN_POINT ( 'NONE',  ( -1.149999999999999911, 0.0000000000000000000, -0.7999999999999999334 ) ) ;
#621 = DIRECTION ( 'NONE',  ( 0.0000000000000000000, 1.000000000000000000, 0.0000000000000000000 ) ) ;
#622 = FILL_AREA_STYLE_COLOUR ( '', #1672 ) ;
#623 = PRESENTATION_LAYER_ASSIGNMENT (  '', '', ( #1360 ) ) ;
#624 =( NAMED_UNIT ( * ) PLANE_ANGLE_UNIT ( ) SI_UNIT ( $, .RADIAN. ) );
#625 = FACE_OUTER_BOUND ( 'NONE', #19, .T. ) ;
#626 = ORIENTED_EDGE ( 'NONE', *, *, #561, .F. ) ;
#627 =( LENGTH_UNIT ( ) NAMED_UNIT ( * ) SI_UNIT ( .MILLI., .METRE. ) );
#628 = LINE ( 'NONE', #1381, #688 ) ;
#629 = CARTESIAN_POINT ( 'NONE',  ( -0.7500000000000000000, 1.699999999999999956, 0.9000000000000000222 ) ) ;
#630 = FILL_AREA_STYLE ('',( #36 ) ) ;
#631 = SURFACE_STYLE_USAGE ( .BOTH. , #816 ) ;
#632 = LINE ( 'NONE', #332, #1550 ) ;
#633 = SURFACE_STYLE_FILL_AREA ( #1154 ) ;
#634 = SURFACE_STYLE_FILL_AREA ( #1696 ) ;
#635 = ORIENTED_EDGE ( 'NONE', *, *, #1582, .F. ) ;
#636 =( NAMED_UNIT ( * ) SI_UNIT ( $, .STERADIAN. ) SOLID_ANGLE_UNIT ( ) );
#637 = EDGE_CURVE ( 'NONE', #1813, #593, #675, .T. ) ;
#638 = MECHANICAL_DESIGN_GEOMETRIC_PRESENTATION_REPRESENTATION (  '', ( #397 ), #170 ) ;
#639 = EDGE_CURVE ( 'NONE', #1189, #529, #641, .T. ) ;
#640 = CYLINDRICAL_SURFACE ( 'NONE', #346, 0.1000000000000000472 ) ;
#641 = CIRCLE ( 'NONE', #1111, 0.1000000000000000472 ) ;
#642 = CARTESIAN_POINT ( 'NONE',  ( 0.7500000000000000000, 1.800000000000000044, 0.9000000000000000222 ) ) ;
#643 = STYLED_ITEM ( 'NONE', ( #979 ), #853 ) ;
#644 = ORIENTED_EDGE ( 'NONE', *, *, #850, .F. ) ;
#645 = SURFACE_STYLE_USAGE ( .BOTH. , #48 ) ;
#646 = CARTESIAN_POINT ( 'NONE',  ( -0.7500000000000000000, 0.1000000000000000472, 0.7999999999999999334 ) ) ;
#647 = ORIENTED_EDGE ( 'NONE', *, *, #235, .F. ) ;
#648 = CARTESIAN_POINT ( 'NONE',  ( 0.7500000000000000000, 1.800000000000000044, 0.9000000000000000222 ) ) ;
#649 =( NAMED_UNIT ( * ) SI_UNIT ( $, .STERADIAN. ) SOLID_ANGLE_UNIT ( ) );
#650 = AXIS2_PLACEMENT_3D ( 'NONE', #226, #382, #1602 ) ;
#651 = LINE ( 'NONE', #854, #735 ) ;
#652 = CARTESIAN_POINT ( 'NONE',  ( 1.149999999999999911, 1.699999999999999956, -0.9000000000000000222 ) ) ;
#653 = STYLED_ITEM ( 'NONE', ( #530 ), #308 ) ;
#654 = FILL_AREA_STYLE_COLOUR ( '', #1807 ) ;
#655 = EDGE_LOOP ( 'NONE', ( #1630, #79, #1963, #1961, #1755, #677, #835, #865 ) ) ;
#656 =( NAMED_UNIT ( * ) SI_UNIT ( $, .STERADIAN. ) SOLID_ANGLE_UNIT ( ) );
#657 = DIRECTION ( 'NONE',  ( -1.000000000000000000, -0.0000000000000000000, -0.0000000000000000000 ) ) ;
#658 = VERTEX_POINT ( 'NONE', #99 ) ;
#659 = UNCERTAINTY_MEASURE_WITH_UNIT (LENGTH_MEASURE( 1.000000000000000082E-05 ), #396, 'distance_accuracy_value', 'NONE');
#660 = EDGE_CURVE ( 'NONE', #420, #767, #142, .T. ) ;
#661 = FILL_AREA_STYLE ('',( #1753 ) ) ;
#662 = PRESENTATION_STYLE_ASSIGNMENT (( #673 ) ) ;
#663 = ORIENTED_EDGE ( 'NONE', *, *, #704, .T. ) ;
#664 = SURFACE_STYLE_FILL_AREA ( #982 ) ;
#665 = ORIENTED_EDGE ( 'NONE', *, *, #637, .F. ) ;
#666 = CARTESIAN_POINT ( 'NONE',  ( -0.7500000000000000000, 1.699999999999999956, -0.7999999999999999334 ) ) ;
#667 = COLOUR_RGB ( '',0.7529411764705882248, 0.7529411764705882248, 0.7529411764705882248 ) ;
#668 = COLOUR_RGB ( '',0.7529411764705882248, 0.7529411764705882248, 0.7529411764705882248 ) ;
#669 =( GEOMETRIC_REPRESENTATION_CONTEXT ( 3 ) GLOBAL_UNCERTAINTY_ASSIGNED_CONTEXT ( ( #1053 ) ) GLOBAL_UNIT_ASSIGNED_CONTEXT ( ( #939, #1141, #489 ) ) REPRESENTATION_CONTEXT ( 'NONE', 'WORKASPACE' ) );
#670 = FACE_OUTER_BOUND ( 'NONE', #573, .T. ) ;
#671 = AXIS2_PLACEMENT_3D ( 'NONE', #949, #797, #1232 ) ;
#672 = ADVANCED_FACE ( 'NONE', ( #687 ), #557, .T. ) ;
#673 = SURFACE_STYLE_USAGE ( .BOTH. , #1740 ) ;
#674 = FILL_AREA_STYLE ('',( #960 ) ) ;
#675 = LINE ( 'NONE', #528, #1535 ) ;
#676 = PRESENTATION_LAYER_ASSIGNMENT (  '', '', ( #1894 ) ) ;
#677 = ORIENTED_EDGE ( 'NONE', *, *, #1527, .T. ) ;
#678 = PRESENTATION_LAYER_ASSIGNMENT (  '', '', ( #984 ) ) ;
#679 = FACE_OUTER_BOUND ( 'NONE', #1505, .T. ) ;
#680 = COLOUR_RGB ( '',0.7529411764705882248, 0.7529411764705882248, 0.7529411764705882248 ) ;
#681 =( GEOMETRIC_REPRESENTATION_CONTEXT ( 3 ) GLOBAL_UNCERTAINTY_ASSIGNED_CONTEXT ( ( #151 ) ) GLOBAL_UNIT_ASSIGNED_CONTEXT ( ( #184, #1253, #402 ) ) REPRESENTATION_CONTEXT ( 'NONE', 'WORKASPACE' ) );
#682 = DIRECTION ( 'NONE',  ( -1.000000000000000000, 0.0000000000000000000, 0.0000000000000000000 ) ) ;
#683 = FILL_AREA_STYLE_COLOUR ( '', #1038 ) ;
#684 = SURFACE_SIDE_STYLE ('',( #511 ) ) ;
#685 =( GEOMETRIC_REPRESENTATION_CONTEXT ( 3 ) GLOBAL_UNCERTAINTY_ASSIGNED_CONTEXT ( ( #571 ) ) GLOBAL_UNIT_ASSIGNED_CONTEXT ( ( #931, #1125, #1545 ) ) REPRESENTATION_CONTEXT ( 'NONE', 'WORKASPACE' ) );
#686 = LINE ( 'NONE', #1287, #751 ) ;
#687 = FACE_OUTER_BOUND ( 'NONE', #798, .T. ) ;
#688 = VECTOR ( 'NONE', #1365, 1000.000000000000000 ) ;
#689 = VERTEX_POINT ( 'NONE', #706 ) ;
#690 = DIRECTION ( 'NONE',  ( -0.0000000000000000000, -0.0000000000000000000, 1.000000000000000000 ) ) ;
#691 = DIRECTION ( 'NONE',  ( 0.0000000000000000000, -1.000000000000000000, -0.0000000000000000000 ) ) ;
#692 = SURFACE_SIDE_STYLE ('',( #96 ) ) ;
#693 = FILL_AREA_STYLE_COLOUR ( '', #668 ) ;
#694 = DIRECTION ( 'NONE',  ( 0.0000000000000000000, 0.0000000000000000000, 1.000000000000000000 ) ) ;
#695 = SURFACE_SIDE_STYLE ('',( #1776 ) ) ;
#696 = ORIENTED_EDGE ( 'NONE', *, *, #786, .F. ) ;
#697 = CARTESIAN_POINT ( 'NONE',  ( 1.250000000000000000, 0.0000000000000000000, 0.7999999999999999334 ) ) ;
#698 = EDGE_CURVE ( 'NONE', #1934, #1559, #1314, .T. ) ;
#699 = VECTOR ( 'NONE', #1705, 1000.000000000000000 ) ;
#700 =( LENGTH_UNIT ( ) NAMED_UNIT ( * ) SI_UNIT ( .MILLI., .METRE. ) );
#701 = STYLED_ITEM ( 'NONE', ( #999 ), #1642 ) ;
#702 = DIRECTION ( 'NONE',  ( 1.000000000000000000, -0.0000000000000000000, -0.0000000000000000000 ) ) ;
#703 = MECHANICAL_DESIGN_GEOMETRIC_PRESENTATION_REPRESENTATION (  '', ( #197 ), #800 ) ;
#704 = EDGE_CURVE ( 'NONE', #1940, #243, #1450, .T. ) ;
#705 =( NAMED_UNIT ( * ) PLANE_ANGLE_UNIT ( ) SI_UNIT ( $, .RADIAN. ) );
#706 = CARTESIAN_POINT ( 'NONE',  ( -1.149999999999999911, 1.800000000000000044, 0.7999999999999999334 ) ) ;
#707 = ORIENTED_EDGE ( 'NONE', *, *, #639, .T. ) ;
#708 = FILL_AREA_STYLE_COLOUR ( '', #784 ) ;
#709 = AXIS2_PLACEMENT_3D ( 'NONE', #1148, #1608, #856 ) ;
#710 = FILL_AREA_STYLE ('',( #860 ) ) ;
#711 = PRESENTATION_LAYER_ASSIGNMENT (  '', '', ( #746 ) ) ;
#712 = SURFACE_STYLE_FILL_AREA ( #1482 ) ;
#713 = UNCERTAINTY_MEASURE_WITH_UNIT (LENGTH_MEASURE( 1.000000000000000082E-05 ), #1521, 'distance_accuracy_value', 'NONE');
#714 = STYLED_ITEM ( 'NONE', ( #1031 ), #1338 ) ;
#715 = ORIENTED_EDGE ( 'NONE', *, *, #130, .T. ) ;
#716 = CARTESIAN_POINT ( 'NONE',  ( 1.250000000000000000, 0.1000000000000000472, 0.9000000000000000222 ) ) ;
#717 = EDGE_CURVE ( 'NONE', #1013, #518, #1732, .T. ) ;
#718 =( LENGTH_UNIT ( ) NAMED_UNIT ( * ) SI_UNIT ( .MILLI., .METRE. ) );
#719 = SURFACE_SIDE_STYLE ('',( #244 ) ) ;
#720 = AXIS2_PLACEMENT_3D ( 'NONE', #666, #1282, #519 ) ;
#721 =( NAMED_UNIT ( * ) PLANE_ANGLE_UNIT ( ) SI_UNIT ( $, .RADIAN. ) );
#722 =( LENGTH_UNIT ( ) NAMED_UNIT ( * ) SI_UNIT ( .MILLI., .METRE. ) );
#723 = SURFACE_STYLE_USAGE ( .BOTH. , #755 ) ;
#724 = ORIENTED_EDGE ( 'NONE', *, *, #802, .F. ) ;
#725 = CARTESIAN_POINT ( 'NONE',  ( 1.149999999999999911, 1.699999999999999956, -0.7999999999999999334 ) ) ;
#726 = DIRECTION ( 'NONE',  ( 0.0000000000000000000, 0.0000000000000000000, 1.000000000000000000 ) ) ;
#727 = ORIENTED_EDGE ( 'NONE', *, *, #176, .T. ) ;
#728 = DIRECTION ( 'NONE',  ( 0.0000000000000000000, 0.0000000000000000000, -1.000000000000000000 ) ) ;
#729 = ADVANCED_FACE ( 'NONE', ( #1744 ), #1402, .T. ) ;
#730 =( LENGTH_UNIT ( ) NAMED_UNIT ( * ) SI_UNIT ( .MILLI., .METRE. ) );
#732 = FILL_AREA_STYLE ('',( #1681 ) ) ;
#731 = PRODUCT_DEFINITION_CONTEXT ( 'detailed design', #1905, 'design' ) ;
#733 =( NAMED_UNIT ( * ) SI_UNIT ( $, .STERADIAN. ) SOLID_ANGLE_UNIT ( ) );
#734 = STYLED_ITEM ( 'NONE', ( #1752 ), #1620 ) ;
#735 = VECTOR ( 'NONE', #1625, 1000.000000000000000 ) ;
#736 = EDGE_LOOP ( 'NONE', ( #1854, #1580, #1438 ) ) ;
#737 = CARTESIAN_POINT ( 'NONE',  ( 1.250000000000000000, 1.699999999999999956, 0.7999999999999999334 ) ) ;
#738 = COLOUR_RGB ( '',0.2509803921568627416, 0.2509803921568627416, 0.2509803921568627416 ) ;
#739 = CARTESIAN_POINT ( 'NONE',  ( -1.250000000000000000, 0.1000000000000000056, 0.7999999999999999334 ) ) ;
#740 = VERTEX_POINT ( 'NONE', #837 ) ;
#741 = DIRECTION ( 'NONE',  ( -1.000000000000000000, 0.0000000000000000000, 0.0000000000000000000 ) ) ;
#742 = VECTOR ( 'NONE', #158, 1000.000000000000000 ) ;
#743 = PRESENTATION_LAYER_ASSIGNMENT (  '', '', ( #1834 ) ) ;
#744 = UNCERTAINTY_MEASURE_WITH_UNIT (LENGTH_MEASURE( 1.000000000000000082E-05 ), #1092, 'distance_accuracy_value', 'NONE');
#745 = FILL_AREA_STYLE_COLOUR ( '', #1325 ) ;
#746 = STYLED_ITEM ( 'NONE', ( #54 ), #966 ) ;
#747 = SURFACE_STYLE_USAGE ( .BOTH. , #1324 ) ;
#748 = CARTESIAN_POINT ( 'NONE',  ( 1.250000000000000000, 0.1000000000000000056, 0.7999999999999999334 ) ) ;
#749 = STYLED_ITEM ( 'NONE', ( #1191 ), #1161 ) ;
#750 = ORIENTED_EDGE ( 'NONE', *, *, #465, .T. ) ;
#751 = VECTOR ( 'NONE', #1617, 1000.000000000000000 ) ;
#752 = CYLINDRICAL_SURFACE ( 'NONE', #881, 0.1000000000000000472 ) ;
#753 = PRESENTATION_LAYER_ASSIGNMENT (  '', '', ( #492 ) ) ;
#754 = DIRECTION ( 'NONE',  ( 0.0000000000000000000, -1.000000000000000000, 0.0000000000000000000 ) ) ;
#755 = SURFACE_SIDE_STYLE ('',( #319 ) ) ;
#756 = VERTEX_POINT ( 'NONE', #652 ) ;
#757 = FILL_AREA_STYLE ('',( #1228 ) ) ;
#758 = VERTEX_POINT ( 'NONE', #1126 ) ;
#759 = EDGE_CURVE ( 'NONE', #740, #1452, #1686, .T. ) ;
#760 = CARTESIAN_POINT ( 'NONE',  ( 0.7500000000000000000, 0.1000000000000000472, -0.9000000000000000222 ) ) ;
#761 = DIRECTION ( 'NONE',  ( 1.000000000000000000, 0.0000000000000000000, 0.0000000000000000000 ) ) ;
#762 = DIRECTION ( 'NONE',  ( 0.0000000000000000000, 0.0000000000000000000, 1.000000000000000000 ) ) ;
#763 =( NAMED_UNIT ( * ) SI_UNIT ( $, .STERADIAN. ) SOLID_ANGLE_UNIT ( ) );
#764 = CIRCLE ( 'NONE', #1885, 0.1000000000000000472 ) ;
#765 = ADVANCED_FACE ( 'NONE', ( #189 ), #612, .T. ) ;
#766 = AXIS2_PLACEMENT_3D ( 'NONE', #1070, #754, #310 ) ;
#767 = VERTEX_POINT ( 'NONE', #472 ) ;
#768 = DIRECTION ( 'NONE',  ( -0.0000000000000000000, 1.000000000000000000, -0.0000000000000000000 ) ) ;
#769 = AXIS2_PLACEMENT_3D ( 'NONE', #7, #440, #1343 ) ;
#770 = AXIS2_PLACEMENT_3D ( 'NONE', #357, #969, #1274 ) ;
#771 = CARTESIAN_POINT ( 'NONE',  ( 1.149999999999999911, 0.0000000000000000000, -0.7999999999999999334 ) ) ;
#772 = DIRECTION ( 'NONE',  ( 1.000000000000000000, 0.0000000000000000000, 0.0000000000000000000 ) ) ;
#773 = DIRECTION ( 'NONE',  ( 0.0000000000000000000, 0.0000000000000000000, 1.000000000000000000 ) ) ;
#774 = MECHANICAL_DESIGN_GEOMETRIC_PRESENTATION_REPRESENTATION (  '', ( #873 ), #1897 ) ;
#775 =( LENGTH_UNIT ( ) NAMED_UNIT ( * ) SI_UNIT ( .MILLI., .METRE. ) );
#776 = FILL_AREA_STYLE ('',( #1814 ) ) ;
#777 = AXIS2_PLACEMENT_3D ( 'NONE', #82, #682, #1006 ) ;
#778 = ORIENTED_EDGE ( 'NONE', *, *, #1373, .F. ) ;
#779 = PRESENTATION_LAYER_ASSIGNMENT (  '', '', ( #1353 ) ) ;
#780 = FILL_AREA_STYLE_COLOUR ( '', #1442 ) ;
#781 = VERTEX_POINT ( 'NONE', #27 ) ;
#782 = PRESENTATION_LAYER_ASSIGNMENT (  '', '', ( #1812 ) ) ;
#783 = CYLINDRICAL_SURFACE ( 'NONE', #1736, 0.1000000000000000472 ) ;
#784 = COLOUR_RGB ( '',0.7529411764705882248, 0.7529411764705882248, 0.7529411764705882248 ) ;
#785 = CARTESIAN_POINT ( 'NONE',  ( 0.0000000000000000000, 1.699999999999999956, -0.7999999999999999334 ) ) ;
#786 = EDGE_CURVE ( 'NONE', #981, #1003, #18, .T. ) ;
#787 = ORIENTED_EDGE ( 'NONE', *, *, #1385, .T. ) ;
#788 = SURFACE_STYLE_FILL_AREA ( #1569 ) ;
#789 = EDGE_LOOP ( 'NONE', ( #696, #1729, #187, #537 ) ) ;
#790 = EDGE_CURVE ( 'NONE', #1416, #529, #1376, .T. ) ;
#791 = LINE ( 'NONE', #629, #1252 ) ;
#792 = ORIENTED_EDGE ( 'NONE', *, *, #790, .F. ) ;
#793 = SURFACE_SIDE_STYLE ('',( #633 ) ) ;
#794 = SURFACE_SIDE_STYLE ('',( #1131 ) ) ;
#795 = ORIENTED_EDGE ( 'NONE', *, *, #316, .F. ) ;
#796 = CARTESIAN_POINT ( 'NONE',  ( -0.7500000000000000000, 0.0000000000000000000, -0.9000000000000000222 ) ) ;
#797 = DIRECTION ( 'NONE',  ( -1.000000000000000000, 0.0000000000000000000, 0.0000000000000000000 ) ) ;
#798 = EDGE_LOOP ( 'NONE', ( #1667, #926, #1192, #1882 ) ) ;
#799 = STYLED_ITEM ( 'NONE', ( #607 ), #1780 ) ;
#800 =( GEOMETRIC_REPRESENTATION_CONTEXT ( 3 ) GLOBAL_UNCERTAINTY_ASSIGNED_CONTEXT ( ( #1655 ) ) GLOBAL_UNIT_ASSIGNED_CONTEXT ( ( #1258, #1702, #1692 ) ) REPRESENTATION_CONTEXT ( 'NONE', 'WORKASPACE' ) );
#801 = UNCERTAINTY_MEASURE_WITH_UNIT (LENGTH_MEASURE( 1.000000000000000082E-05 ), #1907, 'distance_accuracy_value', 'NONE');
#802 = EDGE_CURVE ( 'NONE', #22, #420, #163, .T. ) ;
#803 = CIRCLE ( 'NONE', #834, 0.1000000000000000472 ) ;
#804 = DIRECTION ( 'NONE',  ( -1.000000000000000000, 0.0000000000000000000, 0.0000000000000000000 ) ) ;
#805 =( GEOMETRIC_REPRESENTATION_CONTEXT ( 3 ) GLOBAL_UNCERTAINTY_ASSIGNED_CONTEXT ( ( #1473 ) ) GLOBAL_UNIT_ASSIGNED_CONTEXT ( ( #388, #1586, #1023 ) ) REPRESENTATION_CONTEXT ( 'NONE', 'WORKASPACE' ) );
#806 = DIRECTION ( 'NONE',  ( 0.0000000000000000000, -1.000000000000000000, -0.0000000000000000000 ) ) ;
#807 = STYLED_ITEM ( 'NONE', ( #1811 ), #896 ) ;
#808 = EDGE_LOOP ( 'NONE', ( #750, #1273, #250, #300 ) ) ;
#809 = PRESENTATION_STYLE_ASSIGNMENT (( #1135 ) ) ;
#810 = DIRECTION ( 'NONE',  ( -1.000000000000000000, -0.0000000000000000000, -0.0000000000000000000 ) ) ;
#811 = ORIENTED_EDGE ( 'NONE', *, *, #385, .F. ) ;
#812 = MECHANICAL_DESIGN_GEOMETRIC_PRESENTATION_REPRESENTATION (  '', ( #1118 ), #1778 ) ;
#813 = MECHANICAL_DESIGN_GEOMETRIC_PRESENTATION_REPRESENTATION (  '', ( #714 ), #475 ) ;
#814 = CARTESIAN_POINT ( 'NONE',  ( 1.149999999999999911, 0.0000000000000000000, 0.7999999999999999334 ) ) ;
#815 = PRESENTATION_STYLE_ASSIGNMENT (( #1757 ) ) ;
#816 = SURFACE_SIDE_STYLE ('',( #1821 ) ) ;
#817 = PRESENTATION_LAYER_ASSIGNMENT (  '', '', ( #1455 ) ) ;
#818 = FILL_AREA_STYLE ('',( #654 ) ) ;
#819 = SURFACE_SIDE_STYLE ('',( #993 ) ) ;
#820 = CARTESIAN_POINT ( 'NONE',  ( 0.7500000000000000000, 0.1000000000000000472, -0.9000000000000000222 ) ) ;
#821 = ORIENTED_EDGE ( 'NONE', *, *, #269, .F. ) ;
#822 = SURFACE_SIDE_STYLE ('',( #72 ) ) ;
#823 = ORIENTED_EDGE ( 'NONE', *, *, #1623, .F. ) ;
#824 =( NAMED_UNIT ( * ) SI_UNIT ( $, .STERADIAN. ) SOLID_ANGLE_UNIT ( ) );
#825 = ADVANCED_FACE ( 'NONE', ( #323 ), #334, .F. ) ;
#826 = EDGE_LOOP ( 'NONE', ( #1388, #951, #1426, #795 ) ) ;
#827 = AXIS2_PLACEMENT_3D ( 'NONE', #289, #594, #1222 ) ;
#828 =( GEOMETRIC_REPRESENTATION_CONTEXT ( 3 ) GLOBAL_UNCERTAINTY_ASSIGNED_CONTEXT ( ( #1563 ) ) GLOBAL_UNIT_ASSIGNED_CONTEXT ( ( #510, #1250, #365 ) ) REPRESENTATION_CONTEXT ( 'NONE', 'WORKASPACE' ) );
#829 =( NAMED_UNIT ( * ) PLANE_ANGLE_UNIT ( ) SI_UNIT ( $, .RADIAN. ) );
#830 = CIRCLE ( 'NONE', #864, 0.1000000000000000472 ) ;
#831 = CARTESIAN_POINT ( 'NONE',  ( 0.7500000000000000000, 1.800000000000000044, 0.9000000000000000222 ) ) ;
#832 = DIRECTION ( 'NONE',  ( 1.000000000000000000, 0.0000000000000000000, 0.0000000000000000000 ) ) ;
#833 = CARTESIAN_POINT ( 'NONE',  ( -1.250000000000000000, 0.0000000000000000000, 0.0000000000000000000 ) ) ;
#834 = AXIS2_PLACEMENT_3D ( 'NONE', #1537, #337, #1107 ) ;
#835 = ORIENTED_EDGE ( 'NONE', *, *, #78, .F. ) ;
#836 =( NAMED_UNIT ( * ) PLANE_ANGLE_UNIT ( ) SI_UNIT ( $, .RADIAN. ) );
#837 = CARTESIAN_POINT ( 'NONE',  ( -1.250000000000000000, 1.699999999999999956, -0.7999999999999999334 ) ) ;
#838 = VECTOR ( 'NONE', #1738, 1000.000000000000000 ) ;
#839 = ADVANCED_FACE ( 'NONE', ( #1908 ), #248, .T. ) ;
#840 = ORIENTED_EDGE ( 'NONE', *, *, #416, .T. ) ;
#841 = AXIS2_PLACEMENT_3D ( 'NONE', #1522, #1394, #1371 ) ;
#842 = COLOUR_RGB ( '',0.7529411764705882248, 0.7529411764705882248, 0.7529411764705882248 ) ;
#843 = FILL_AREA_STYLE_COLOUR ( '', #270 ) ;
#844 = FACE_OUTER_BOUND ( 'NONE', #66, .T. ) ;
#845 = AXIS2_PLACEMENT_3D ( 'NONE', #552, #1178, #407 ) ;
#846 = CARTESIAN_POINT ( 'NONE',  ( -1.250000000000000000, 1.699999999999999956, 0.0000000000000000000 ) ) ;
#847 = SURFACE_STYLE_FILL_AREA ( #545 ) ;
#848 = PRESENTATION_STYLE_ASSIGNMENT (( #1764 ) ) ;
#849 = VECTOR ( 'NONE', #1016, 1000.000000000000000 ) ;
#850 = EDGE_CURVE ( 'NONE', #1639, #501, #1887, .T. ) ;
#851 = VERTEX_POINT ( 'NONE', #376 ) ;
#852 = CARTESIAN_POINT ( 'NONE',  ( -0.7500000000000000000, 0.1000000000000000472, 0.9000000000000000222 ) ) ;
#853 = ADVANCED_FACE ( 'NONE', ( #670 ), #1464, .F. ) ;
#854 = CARTESIAN_POINT ( 'NONE',  ( 1.250000000000000000, 0.0000000000000000000, 0.7999999999999999334 ) ) ;
#855 = CARTESIAN_POINT ( 'NONE',  ( 1.250000000000000000, 0.1000000000000000056, -0.9000000000000000222 ) ) ;
#856 = DIRECTION ( 'NONE',  ( 0.0000000000000000000, 0.0000000000000000000, -1.000000000000000000 ) ) ;
#857 = VERTEX_POINT ( 'NONE', #1145 ) ;
#858 = CARTESIAN_POINT ( 'NONE',  ( 1.149999999999999911, 1.699999999999999956, 0.0000000000000000000 ) ) ;
#859 = VECTOR ( 'NONE', #271, 1000.000000000000000 ) ;
#860 = FILL_AREA_STYLE_COLOUR ( '', #945 ) ;
#861 = SPHERICAL_SURFACE ( 'NONE', #1233, 0.1000000000000000056 ) ;
#862 = SURFACE_STYLE_USAGE ( .BOTH. , #238 ) ;
#863 = FACE_OUTER_BOUND ( 'NONE', #1266, .T. ) ;
#864 = AXIS2_PLACEMENT_3D ( 'NONE', #188, #962, #923 ) ;
#865 = ORIENTED_EDGE ( 'NONE', *, *, #63, .T. ) ;
#866 =( NAMED_UNIT ( * ) PLANE_ANGLE_UNIT ( ) SI_UNIT ( $, .RADIAN. ) );
#867 = AXIS2_PLACEMENT_3D ( 'NONE', #428, #281, #131 ) ;
#868 =( NAMED_UNIT ( * ) PLANE_ANGLE_UNIT ( ) SI_UNIT ( $, .RADIAN. ) );
#869 = SURFACE_STYLE_USAGE ( .BOTH. , #1638 ) ;
#870 = EDGE_LOOP ( 'NONE', ( #216, #1254, #1386, #398 ) ) ;
#871 =( LENGTH_UNIT ( ) NAMED_UNIT ( * ) SI_UNIT ( .MILLI., .METRE. ) );
#872 = AXIS2_PLACEMENT_3D ( 'NONE', #1726, #1116, #1556 ) ;
#873 = STYLED_ITEM ( 'NONE', ( #1612 ), #1009 ) ;
#874 = DIRECTION ( 'NONE',  ( 0.0000000000000000000, 1.000000000000000000, 0.0000000000000000000 ) ) ;
#875 = MECHANICAL_DESIGN_GEOMETRIC_PRESENTATION_REPRESENTATION (  '', ( #914 ), #1451 ) ;
#876 = EDGE_CURVE ( 'NONE', #243, #1765, #526, .T. ) ;
#877 = VECTOR ( 'NONE', #1021, 1000.000000000000000 ) ;
#878 = FACE_OUTER_BOUND ( 'NONE', #1561, .T. ) ;
#879 = DIRECTION ( 'NONE',  ( 1.000000000000000000, 0.0000000000000000000, -0.0000000000000000000 ) ) ;
#880 = UNCERTAINTY_MEASURE_WITH_UNIT (LENGTH_MEASURE( 1.000000000000000082E-05 ), #297, 'distance_accuracy_value', 'NONE');
#881 = AXIS2_PLACEMENT_3D ( 'NONE', #1045, #128, #726 ) ;
#882 = EDGE_LOOP ( 'NONE', ( #126, #1391, #811 ) ) ;
#883 = DIRECTION ( 'NONE',  ( 1.000000000000000000, -0.0000000000000000000, -0.0000000000000000000 ) ) ;
#884 = ADVANCED_FACE ( 'NONE', ( #991 ), #65, .F. ) ;
#885 =( NAMED_UNIT ( * ) SI_UNIT ( $, .STERADIAN. ) SOLID_ANGLE_UNIT ( ) );
#886 = ORIENTED_EDGE ( 'NONE', *, *, #413, .F. ) ;
#887 = MECHANICAL_DESIGN_GEOMETRIC_PRESENTATION_REPRESENTATION (  '', ( #653 ), #1457 ) ;
#888 = SURFACE_STYLE_USAGE ( .BOTH. , #1653 ) ;
#889 = PRESENTATION_STYLE_ASSIGNMENT (( #1770 ) ) ;
#890 = FILL_AREA_STYLE_COLOUR ( '', #227 ) ;
#891 = DIRECTION ( 'NONE',  ( -1.000000000000000000, 0.0000000000000000000, -0.0000000000000000000 ) ) ;
#892 = LINE ( 'NONE', #299, #1570 ) ;
#893 = VERTEX_POINT ( 'NONE', #1367 ) ;
#894 = LINE ( 'NONE', #535, #1528 ) ;
#895 = CARTESIAN_POINT ( 'NONE',  ( 1.250000000000000000, 0.1000000000000000056, -0.7999999999999999334 ) ) ;
#896 = ADVANCED_FACE ( 'NONE', ( #1483 ), #1055, .F. ) ;
#897 = SPHERICAL_SURFACE ( 'NONE', #1898, 0.1000000000000000056 ) ;
#898 = UNCERTAINTY_MEASURE_WITH_UNIT (LENGTH_MEASURE( 1.000000000000000082E-05 ), #508, 'distance_accuracy_value', 'NONE');
#899 = DIRECTION ( 'NONE',  ( -0.0000000000000000000, -0.0000000000000000000, 1.000000000000000000 ) ) ;
#900 = APPLICATION_PROTOCOL_DEFINITION ( 'draft international standard', 'automotive_design', 1998, #1806 ) ;
#901 = CIRCLE ( 'NONE', #392, 0.1000000000000000472 ) ;
#902 = VECTOR ( 'NONE', #53, 1000.000000000000000 ) ;
#903 = ORIENTED_EDGE ( 'NONE', *, *, #263, .T. ) ;
#904 = CARTESIAN_POINT ( 'NONE',  ( 0.7500000000000000000, 0.1000000000000000056, 0.7999999999999999334 ) ) ;
#905 = AXIS2_PLACEMENT_3D ( 'NONE', #1553, #194, #1275 ) ;
#906 =( NAMED_UNIT ( * ) PLANE_ANGLE_UNIT ( ) SI_UNIT ( $, .RADIAN. ) );
#907 = SURFACE_SIDE_STYLE ('',( #1661 ) ) ;
#908 = PRESENTATION_LAYER_ASSIGNMENT (  '', '', ( #974 ) ) ;
#909 = UNCERTAINTY_MEASURE_WITH_UNIT (LENGTH_MEASURE( 1.000000000000000082E-05 ), #112, 'distance_accuracy_value', 'NONE');
#910 = DIRECTION ( 'NONE',  ( -1.000000000000000000, 0.0000000000000000000, 0.0000000000000000000 ) ) ;
#911 = AXIS2_PLACEMENT_3D ( 'NONE', #1103, #366, #1524 ) ;
#912 = STYLED_ITEM ( 'NONE', ( #1969 ), #940 ) ;
#913 =( NAMED_UNIT ( * ) PLANE_ANGLE_UNIT ( ) SI_UNIT ( $, .RADIAN. ) );
#914 = STYLED_ITEM ( 'NONE', ( #1809 ), #1080 ) ;
#915 = DIRECTION ( 'NONE',  ( -1.000000000000000000, -0.0000000000000000000, -0.0000000000000000000 ) ) ;
#916 = AXIS2_PLACEMENT_3D ( 'NONE', #229, #1156, #1606 ) ;
#917 = CARTESIAN_POINT ( 'NONE',  ( 0.7500000000000000000, 1.699999999999999956, -0.9000000000000000222 ) ) ;
#918 = EDGE_CURVE ( 'NONE', #851, #756, #1605, .T. ) ;
#919 =( GEOMETRIC_REPRESENTATION_CONTEXT ( 3 ) GLOBAL_UNCERTAINTY_ASSIGNED_CONTEXT ( ( #1057 ) ) GLOBAL_UNIT_ASSIGNED_CONTEXT ( ( #1654, #1039, #578 ) ) REPRESENTATION_CONTEXT ( 'NONE', 'WORKASPACE' ) );
#920 = VECTOR ( 'NONE', #547, 1000.000000000000000 ) ;
#921 = CARTESIAN_POINT ( 'NONE',  ( -0.7500000000000000000, 0.0000000000000000000, -0.9000000000000000222 ) ) ;
#922 = EDGE_CURVE ( 'NONE', #893, #689, #1820, .T. ) ;
#923 = DIRECTION ( 'NONE',  ( 0.0000000000000000000, 0.0000000000000000000, -1.000000000000000000 ) ) ;
#924 =( NAMED_UNIT ( * ) SI_UNIT ( $, .STERADIAN. ) SOLID_ANGLE_UNIT ( ) );
#925 = PRESENTATION_STYLE_ASSIGNMENT (( #313 ) ) ;
#926 = ORIENTED_EDGE ( 'NONE', *, *, #1831, .F. ) ;
#927 =( LENGTH_UNIT ( ) NAMED_UNIT ( * ) SI_UNIT ( .MILLI., .METRE. ) );
#928 = CARTESIAN_POINT ( 'NONE',  ( 1.149999999999999911, 0.1000000000000000056, -0.7999999999999999334 ) ) ;
#929 = CYLINDRICAL_SURFACE ( 'NONE', #394, 0.1000000000000000472 ) ;
#930 = PRESENTATION_STYLE_ASSIGNMENT (( #1124 ) ) ;
#931 =( LENGTH_UNIT ( ) NAMED_UNIT ( * ) SI_UNIT ( .MILLI., .METRE. ) );
#932 = SURFACE_SIDE_STYLE ('',( #462 ) ) ;
#933 = AXIS2_PLACEMENT_3D ( 'NONE', #1792, #1022, #1478 ) ;
#934 = STYLED_ITEM ( 'NONE', ( #541 ), #1709 ) ;
#935 = ORIENTED_EDGE ( 'NONE', *, *, #1623, .T. ) ;
#936 = DIRECTION ( 'NONE',  ( 1.000000000000000000, -0.0000000000000000000, -0.0000000000000000000 ) ) ;
#937 = VECTOR ( 'NONE', #1085, 1000.000000000000000 ) ;
#938 = AXIS2_PLACEMENT_3D ( 'NONE', #1952, #1363, #3 ) ;
#939 =( LENGTH_UNIT ( ) NAMED_UNIT ( * ) SI_UNIT ( .MILLI., .METRE. ) );
#940 = ADVANCED_FACE ( 'NONE', ( #1504 ), #1084, .T. ) ;
#941 = VECTOR ( 'NONE', #354, 1000.000000000000000 ) ;
#942 = SURFACE_STYLE_FILL_AREA ( #1716 ) ;
#943 = DIRECTION ( 'NONE',  ( 0.0000000000000000000, 0.0000000000000000000, -1.000000000000000000 ) ) ;
#944 = SURFACE_STYLE_USAGE ( .BOTH. , #932 ) ;
#945 = COLOUR_RGB ( '',0.7529411764705882248, 0.7529411764705882248, 0.7529411764705882248 ) ;
#946 = PRESENTATION_STYLE_ASSIGNMENT (( #1678 ) ) ;
#947 = ORIENTED_EDGE ( 'NONE', *, *, #1944, .T. ) ;
#948 = MECHANICAL_DESIGN_GEOMETRIC_PRESENTATION_REPRESENTATION (  '', ( #87 ), #616 ) ;
#949 = CARTESIAN_POINT ( 'NONE',  ( -1.149999999999999911, 1.699999999999999956, 0.7999999999999999334 ) ) ;
#950 = ADVANCED_FACE ( 'NONE', ( #863 ), #1683, .T. ) ;
#951 = ORIENTED_EDGE ( 'NONE', *, *, #169, .F. ) ;
#952 = CLOSED_SHELL ( 'NONE', ( #1190, #884, #896, #1856, #1751, #95, #1747, #4, #765, #609 ) ) ;
#953 = CIRCLE ( 'NONE', #1517, 0.1000000000000000472 ) ;
#954 = PRESENTATION_STYLE_ASSIGNMENT (( #1237 ) ) ;
#955 = CARTESIAN_POINT ( 'NONE',  ( -1.250000000000000000, 1.699999999999999956, -0.9000000000000000222 ) ) ;
#956 = SURFACE_STYLE_USAGE ( .BOTH. , #1859 ) ;
#957 = SURFACE_SIDE_STYLE ('',( #45 ) ) ;
#958 = DIRECTION ( 'NONE',  ( 0.0000000000000000000, 1.000000000000000000, 0.0000000000000000000 ) ) ;
#959 = ORIENTED_EDGE ( 'NONE', *, *, #1210, .F. ) ;
#960 = FILL_AREA_STYLE_COLOUR ( '', #210 ) ;
#961 = ORIENTED_EDGE ( 'NONE', *, *, #1431, .T. ) ;
#962 = DIRECTION ( 'NONE',  ( 1.000000000000000000, 0.0000000000000000000, 0.0000000000000000000 ) ) ;
#963 = FILL_AREA_STYLE ('',( #622 ) ) ;
#964 = CARTESIAN_POINT ( 'NONE',  ( 0.7500000000000000000, 0.1000000000000000472, -0.7999999999999999334 ) ) ;
#965 = FILL_AREA_STYLE ('',( #1533 ) ) ;
#966 = MANIFOLD_SOLID_BREP ( 'Fillet3', #619 ) ;
#967 = ORIENTED_EDGE ( 'NONE', *, *, #235, .T. ) ;
#968 = CYLINDRICAL_SURFACE ( 'NONE', #1018, 0.1000000000000000472 ) ;
#969 = DIRECTION ( 'NONE',  ( -0.0000000000000000000, 1.000000000000000000, -0.0000000000000000000 ) ) ;
#970 = AXIS2_PLACEMENT_3D ( 'NONE', #1656, #621, #1849 ) ;
#971 = ORIENTED_EDGE ( 'NONE', *, *, #1295, .F. ) ;
#972 =( GEOMETRIC_REPRESENTATION_CONTEXT ( 3 ) GLOBAL_UNCERTAINTY_ASSIGNED_CONTEXT ( ( #1354 ) ) GLOBAL_UNIT_ASSIGNED_CONTEXT ( ( #1800, #425, #733 ) ) REPRESENTATION_CONTEXT ( 'NONE', 'WORKASPACE' ) );
#973 = UNCERTAINTY_MEASURE_WITH_UNIT (LENGTH_MEASURE( 1.000000000000000082E-05 ), #1708, 'distance_accuracy_value', 'NONE');
#974 = STYLED_ITEM ( 'NONE', ( #60 ), #609 ) ;
#975 = FILL_AREA_STYLE_COLOUR ( '', #738 ) ;
#976 = FILL_AREA_STYLE_COLOUR ( '', #1447 ) ;
#977 = DIRECTION ( 'NONE',  ( 0.0000000000000000000, 0.0000000000000000000, -1.000000000000000000 ) ) ;
#978 = COLOUR_RGB ( '',0.2509803921568627416, 0.2509803921568627416, 0.2509803921568627416 ) ;
#979 = PRESENTATION_STYLE_ASSIGNMENT (( #1298 ) ) ;
#980 = SURFACE_STYLE_USAGE ( .BOTH. , #395 ) ;
#981 = VERTEX_POINT ( 'NONE', #1828 ) ;
#982 = FILL_AREA_STYLE ('',( #387 ) ) ;
#983 = DIRECTION ( 'NONE',  ( -1.000000000000000000, 0.0000000000000000000, 0.0000000000000000000 ) ) ;
#984 = STYLED_ITEM ( 'NONE', ( #1554 ), #989 ) ;
#985 = ORIENTED_EDGE ( 'NONE', *, *, #1651, .T. ) ;
#986 = EDGE_CURVE ( 'NONE', #1121, #178, #424, .T. ) ;
#987 = STYLED_ITEM ( 'NONE', ( #1832 ), #4 ) ;
#988 = SURFACE_STYLE_FILL_AREA ( #1399 ) ;
#989 = ADVANCED_FACE ( 'NONE', ( #180 ), #783, .T. ) ;
#990 = FILL_AREA_STYLE_COLOUR ( '', #1761 ) ;
#991 = FACE_OUTER_BOUND ( 'NONE', #454, .T. ) ;
#992 = SURFACE_STYLE_FILL_AREA ( #513 ) ;
#993 = SURFACE_STYLE_FILL_AREA ( #514 ) ;
#994 = DIRECTION ( 'NONE',  ( 1.000000000000000000, 0.0000000000000000000, 0.0000000000000000000 ) ) ;
#995 = ORIENTED_EDGE ( 'NONE', *, *, #130, .F. ) ;
#996 = DIRECTION ( 'NONE',  ( -0.0000000000000000000, -1.000000000000000000, -0.0000000000000000000 ) ) ;
#997 = LINE ( 'NONE', #1750, #1149 ) ;
#998 = LINE ( 'NONE', #831, #312 ) ;
#999 = PRESENTATION_STYLE_ASSIGNMENT (( #1555 ) ) ;
#1000 = FILL_AREA_STYLE_COLOUR ( '', #1315 ) ;
#1001 = ORIENTED_EDGE ( 'NONE', *, *, #1950, .T. ) ;
#1002 = CARTESIAN_POINT ( 'NONE',  ( -0.7500000000000000000, 1.800000000000000044, -0.9000000000000000222 ) ) ;
#1003 = VERTEX_POINT ( 'NONE', #852 ) ;
#1004 = PRESENTATION_STYLE_ASSIGNMENT (( #92 ) ) ;
#1005 = VECTOR ( 'NONE', #1011, 1000.000000000000000 ) ;
#1006 = DIRECTION ( 'NONE',  ( 0.0000000000000000000, 0.0000000000000000000, 1.000000000000000000 ) ) ;
#1007 = MECHANICAL_DESIGN_GEOMETRIC_PRESENTATION_REPRESENTATION (  '', ( #1728 ), #574 ) ;
#1008 = LINE ( 'NONE', #254, #104 ) ;
#1009 = ADVANCED_FACE ( 'NONE', ( #400 ), #1429, .T. ) ;
#1010 = CIRCLE ( 'NONE', #938, 0.1000000000000000472 ) ;
#1011 = DIRECTION ( 'NONE',  ( -1.000000000000000000, 0.0000000000000000000, -0.0000000000000000000 ) ) ;
#1012 = DIRECTION ( 'NONE',  ( 1.000000000000000000, -0.0000000000000000000, -0.0000000000000000000 ) ) ;
#1013 = VERTEX_POINT ( 'NONE', #1724 ) ;
#1014 = ADVANCED_FACE ( 'NONE', ( #363 ), #224, .T. ) ;
#1015 = AXIS2_PLACEMENT_3D ( 'NONE', #1142, #1276, #208 ) ;
#1016 = DIRECTION ( 'NONE',  ( 0.0000000000000000000, 1.000000000000000000, -0.0000000000000000000 ) ) ;
#1017 = AXIS2_PLACEMENT_3D ( 'NONE', #1508, #1060, #272 ) ;
#1018 = AXIS2_PLACEMENT_3D ( 'NONE', #1585, #1890, #1147 ) ;
#1019 = SURFACE_STYLE_USAGE ( .BOTH. , #1303 ) ;
#1020 = FILL_AREA_STYLE ('',( #1000 ) ) ;
#1021 = DIRECTION ( 'NONE',  ( 1.000000000000000000, 0.0000000000000000000, 0.0000000000000000000 ) ) ;
#1022 = DIRECTION ( 'NONE',  ( 0.0000000000000000000, 1.000000000000000000, 0.0000000000000000000 ) ) ;
#1023 =( NAMED_UNIT ( * ) SI_UNIT ( $, .STERADIAN. ) SOLID_ANGLE_UNIT ( ) );
#1024 = VECTOR ( 'NONE', #71, 1000.000000000000000 ) ;
#1025 = ORIENTED_EDGE ( 'NONE', *, *, #617, .F. ) ;
#1026 = CARTESIAN_POINT ( 'NONE',  ( -0.7500000000000000000, 1.699999999999999956, -0.9000000000000000222 ) ) ;
#1027 = PRODUCT_RELATED_PRODUCT_CATEGORY ( 'part', '', ( #577 ) ) ;
#1028 = PLANE ( 'NONE',  #1677 ) ;
#1029 = SURFACE_STYLE_FILL_AREA ( #408 ) ;
#1030 = ORIENTED_EDGE ( 'NONE', *, *, #469, .F. ) ;
#1031 = PRESENTATION_STYLE_ASSIGNMENT (( #645 ) ) ;
#1032 = SURFACE_SIDE_STYLE ('',( #1299 ) ) ;
#1033 = SURFACE_SIDE_STYLE ('',( #1824 ) ) ;
#1034 = ORIENTED_EDGE ( 'NONE', *, *, #293, .F. ) ;
#1035 = ADVANCED_FACE ( 'NONE', ( #1294 ), #897, .T. ) ;
#1036 = PRESENTATION_LAYER_ASSIGNMENT (  '', '', ( #257 ) ) ;
#1037 = DIRECTION ( 'NONE',  ( -0.0000000000000000000, -0.0000000000000000000, -1.000000000000000000 ) ) ;
#1038 = COLOUR_RGB ( '',0.2509803921568627416, 0.2509803921568627416, 0.2509803921568627416 ) ;
#1039 =( NAMED_UNIT ( * ) PLANE_ANGLE_UNIT ( ) SI_UNIT ( $, .RADIAN. ) );
#1040 = CARTESIAN_POINT ( 'NONE',  ( -1.250000000000000000, 0.0000000000000000000, -0.9000000000000000222 ) ) ;
#1041 = DIRECTION ( 'NONE',  ( 0.0000000000000000000, 0.0000000000000000000, 1.000000000000000000 ) ) ;
#1042 = ORIENTED_EDGE ( 'NONE', *, *, #293, .T. ) ;
#1043 = CARTESIAN_POINT ( 'NONE',  ( 1.250000000000000000, 0.1000000000000000472, -0.9000000000000000222 ) ) ;
#1044 = AXIS2_PLACEMENT_3D ( 'NONE', #1519, #728, #741 ) ;
#1045 = CARTESIAN_POINT ( 'NONE',  ( 1.250000000000000000, 1.699999999999999956, 0.7999999999999999334 ) ) ;
#1046 = LINE ( 'NONE', #136, #1632 ) ;
#1047 =( GEOMETRIC_REPRESENTATION_CONTEXT ( 3 ) GLOBAL_UNCERTAINTY_ASSIGNED_CONTEXT ( ( #105 ) ) GLOBAL_UNIT_ASSIGNED_CONTEXT ( ( #348, #17, #1706 ) ) REPRESENTATION_CONTEXT ( 'NONE', 'WORKASPACE' ) );
#1048 = EDGE_CURVE ( 'NONE', #190, #1452, #1868, .T. ) ;
#1049 = COLOUR_RGB ( '',0.7529411764705882248, 0.7529411764705882248, 0.7529411764705882248 ) ;
#1050 = CYLINDRICAL_SURFACE ( 'NONE', #1479, 0.1000000000000000472 ) ;
#1051 = AXIS2_PLACEMENT_3D ( 'NONE', #1216, #1067, #559 ) ;
#1052 = VECTOR ( 'NONE', #521, 1000.000000000000000 ) ;
#1054 = CARTESIAN_POINT ( 'NONE',  ( 0.7500000000000000000, 0.1000000000000000472, 0.9000000000000000222 ) ) ;
#1053 = UNCERTAINTY_MEASURE_WITH_UNIT (LENGTH_MEASURE( 1.000000000000000082E-05 ), #939, 'distance_accuracy_value', 'NONE');
#1055 = PLANE ( 'NONE',  #1317 ) ;
#1056 = PLANE ( 'NONE',  #1108 ) ;
#1057 = UNCERTAINTY_MEASURE_WITH_UNIT (LENGTH_MEASURE( 1.000000000000000082E-05 ), #1654, 'distance_accuracy_value', 'NONE');
#1058 = ORIENTED_EDGE ( 'NONE', *, *, #204, .F. ) ;
#1059 =( GEOMETRIC_REPRESENTATION_CONTEXT ( 3 ) GLOBAL_UNCERTAINTY_ASSIGNED_CONTEXT ( ( #880 ) ) GLOBAL_UNIT_ASSIGNED_CONTEXT ( ( #297, #102, #1462 ) ) REPRESENTATION_CONTEXT ( 'NONE', 'WORKASPACE' ) );
#1060 = DIRECTION ( 'NONE',  ( -0.0000000000000000000, 1.000000000000000000, 0.0000000000000000000 ) ) ;
#1061 = PRESENTATION_LAYER_ASSIGNMENT (  '', '', ( #1904 ) ) ;
#1062 = UNCERTAINTY_MEASURE_WITH_UNIT (LENGTH_MEASURE( 1.000000000000000082E-05 ), #381, 'distance_accuracy_value', 'NONE');
#1063 = FILL_AREA_STYLE_COLOUR ( '', #1710 ) ;
#1064 = FACE_OUTER_BOUND ( 'NONE', #736, .T. ) ;
#1065 = CARTESIAN_POINT ( 'NONE',  ( 1.149999999999999911, 0.0000000000000000000, 0.9000000000000000222 ) ) ;
#1066 = EDGE_LOOP ( 'NONE', ( #1397, #1207, #476, #340 ) ) ;
#1067 = DIRECTION ( 'NONE',  ( 1.000000000000000000, 0.0000000000000000000, 0.0000000000000000000 ) ) ;
#1068 = ORIENTED_EDGE ( 'NONE', *, *, #1348, .T. ) ;
#1069 = DIRECTION ( 'NONE',  ( 0.0000000000000000000, 0.0000000000000000000, 1.000000000000000000 ) ) ;
#1070 = CARTESIAN_POINT ( 'NONE',  ( 0.0000000000000000000, 1.800000000000000044, 0.0000000000000000000 ) ) ;
#1071 =( LENGTH_UNIT ( ) NAMED_UNIT ( * ) SI_UNIT ( .MILLI., .METRE. ) );
#1072 = AXIS2_PLACEMENT_3D ( 'NONE', #611, #16, #1087 ) ;
#1073 = EDGE_CURVE ( 'NONE', #1718, #1162, #1512, .T. ) ;
#1074 = COLOUR_RGB ( '',0.7529411764705882248, 0.7529411764705882248, 0.7529411764705882248 ) ;
#1075 = SURFACE_STYLE_FILL_AREA ( #776 ) ;
#1076 = PRESENTATION_LAYER_ASSIGNMENT (  '', '', ( #1728 ) ) ;
#1077 =( NAMED_UNIT ( * ) SI_UNIT ( $, .STERADIAN. ) SOLID_ANGLE_UNIT ( ) );
#1078 = DIRECTION ( 'NONE',  ( -0.0000000000000000000, -0.0000000000000000000, -1.000000000000000000 ) ) ;
#1079 = VECTOR ( 'NONE', #1417, 1000.000000000000000 ) ;
#1080 = ADVANCED_FACE ( 'NONE', ( #1925 ), #1050, .T. ) ;
#1081 = MECHANICAL_DESIGN_GEOMETRIC_PRESENTATION_REPRESENTATION (  '', ( #1834 ), #805 ) ;
#1082 =( GEOMETRIC_REPRESENTATION_CONTEXT ( 3 ) GLOBAL_UNCERTAINTY_ASSIGNED_CONTEXT ( ( #1172 ) ) GLOBAL_UNIT_ASSIGNED_CONTEXT ( ( #1432, #1446, #1616 ) ) REPRESENTATION_CONTEXT ( 'NONE', 'WORKASPACE' ) );
#1083 = SURFACE_STYLE_FILL_AREA ( #1839 ) ;
#1084 = SPHERICAL_SURFACE ( 'NONE', #453, 0.1000000000000000056 ) ;
#1085 = DIRECTION ( 'NONE',  ( -0.0000000000000000000, -1.000000000000000000, -0.0000000000000000000 ) ) ;
#1086 = AXIS2_PLACEMENT_3D ( 'NONE', #280, #1668, #585 ) ;
#1087 = DIRECTION ( 'NONE',  ( -1.000000000000000000, 0.0000000000000000000, -0.0000000000000000000 ) ) ;
#1088 = AXIS2_PLACEMENT_3D ( 'NONE', #1880, #1577, #1280 ) ;
#1089 = ORIENTED_EDGE ( 'NONE', *, *, #1385, .F. ) ;
#1090 = DIRECTION ( 'NONE',  ( 1.000000000000000000, 0.0000000000000000000, 0.0000000000000000000 ) ) ;
#1091 = LINE ( 'NONE', #1054, #1727 ) ;
#1092 =( LENGTH_UNIT ( ) NAMED_UNIT ( * ) SI_UNIT ( .MILLI., .METRE. ) );
#1093 = CARTESIAN_POINT ( 'NONE',  ( -0.7500000000000000000, 1.699999999999999956, -0.7999999999999999334 ) ) ;
#1094 = UNCERTAINTY_MEASURE_WITH_UNIT (LENGTH_MEASURE( 1.000000000000000082E-05 ), #722, 'distance_accuracy_value', 'NONE');
#1095 = ORIENTED_EDGE ( 'NONE', *, *, #1494, .F. ) ;
#1096 =( NAMED_UNIT ( * ) SI_UNIT ( $, .STERADIAN. ) SOLID_ANGLE_UNIT ( ) );
#1097 = ORIENTED_EDGE ( 'NONE', *, *, #287, .F. ) ;
#1098 = EDGE_CURVE ( 'NONE', #529, #463, #21, .T. ) ;
#1099 = DIRECTION ( 'NONE',  ( 1.000000000000000000, -0.0000000000000000000, -0.0000000000000000000 ) ) ;
#1100 = PRESENTATION_STYLE_ASSIGNMENT (( #1573 ) ) ;
#1101 = ADVANCED_FACE ( 'NONE', ( #252 ), #1501, .F. ) ;
#1102 = CARTESIAN_POINT ( 'NONE',  ( -1.149999999999999911, 1.699999999999999956, -0.7999999999999999334 ) ) ;
#1103 = CARTESIAN_POINT ( 'NONE',  ( -0.7500000000000000000, 0.1000000000000000472, 0.7999999999999999334 ) ) ;
#1104 = AXIS2_PLACEMENT_3D ( 'NONE', #145, #442, #943 ) ;
#1105 = CIRCLE ( 'NONE', #444, 0.1000000000000000472 ) ;
#1106 = ORIENTED_EDGE ( 'NONE', *, *, #1439, .T. ) ;
#1107 = DIRECTION ( 'NONE',  ( 1.000000000000000000, 0.0000000000000000000, 0.0000000000000000000 ) ) ;
#1108 = AXIS2_PLACEMENT_3D ( 'NONE', #591, #599, #1484 ) ;
#1109 = ORIENTED_EDGE ( 'NONE', *, *, #1589, .F. ) ;
#1110 = AXIS2_PLACEMENT_3D ( 'NONE', #68, #810, #1265 ) ;
#1111 = AXIS2_PLACEMENT_3D ( 'NONE', #1467, #1288, #994 ) ;
#1112 = PRESENTATION_STYLE_ASSIGNMENT (( #631 ) ) ;
#1113 = STYLED_ITEM ( 'NONE', ( #133 ), #884 ) ;
#1114 = MECHANICAL_DESIGN_GEOMETRIC_PRESENTATION_REPRESENTATION (  '', ( #807 ), #1224 ) ;
#1115 = DIRECTION ( 'NONE',  ( 1.000000000000000000, 0.0000000000000000000, 0.0000000000000000000 ) ) ;
#1116 = DIRECTION ( 'NONE',  ( 1.000000000000000000, 0.0000000000000000000, -0.0000000000000000000 ) ) ;
#1117 = ORIENTED_EDGE ( 'NONE', *, *, #1270, .T. ) ;
#1118 = STYLED_ITEM ( 'NONE', ( #809 ), #1323 ) ;
#1119 = CARTESIAN_POINT ( 'NONE',  ( -0.7500000000000000000, 1.800000000000000044, -0.7999999999999999334 ) ) ;
#1120 = PRESENTATION_LAYER_ASSIGNMENT (  '', '', ( #714 ) ) ;
#1121 = VERTEX_POINT ( 'NONE', #895 ) ;
#1122 = VECTOR ( 'NONE', #1393, 1000.000000000000000 ) ;
#1123 = DIRECTION ( 'NONE',  ( 1.000000000000000000, 0.0000000000000000000, 0.0000000000000000000 ) ) ;
#1124 = SURFACE_STYLE_USAGE ( .BOTH. , #318 ) ;
#1125 =( NAMED_UNIT ( * ) PLANE_ANGLE_UNIT ( ) SI_UNIT ( $, .RADIAN. ) );
#1126 = CARTESIAN_POINT ( 'NONE',  ( -0.7500000000000000000, 0.0000000000000000000, -0.7999999999999999334 ) ) ;
#1127 = ORIENTED_EDGE ( 'NONE', *, *, #490, .F. ) ;
#1128 = LINE ( 'NONE', #369, #1079 ) ;
#1129 = VERTEX_POINT ( 'NONE', #303 ) ;
#1130 = SURFACE_STYLE_USAGE ( .BOTH. , #793 ) ;
#1131 = SURFACE_STYLE_FILL_AREA ( #483 ) ;
#1132 = FACE_OUTER_BOUND ( 'NONE', #1587, .T. ) ;
#1133 = STYLED_ITEM ( 'NONE', ( #925 ), #1584 ) ;
#1134 = ORIENTED_EDGE ( 'NONE', *, *, #1645, .F. ) ;
#1135 = SURFACE_STYLE_USAGE ( .BOTH. , #1742 ) ;
#1136 = CARTESIAN_POINT ( 'NONE',  ( 0.7500000000000000000, 1.699999999999999956, 0.9000000000000000222 ) ) ;
#1137 = PRESENTATION_LAYER_ASSIGNMENT (  '', '', ( #1437 ) ) ;
#1138 = ORIENTED_EDGE ( 'NONE', *, *, #698, .F. ) ;
#1139 = ADVANCED_FACE ( 'NONE', ( #1815 ), #567, .T. ) ;
#1140 = UNCERTAINTY_MEASURE_WITH_UNIT (LENGTH_MEASURE( 1.000000000000000082E-05 ), #1618, 'distance_accuracy_value', 'NONE');
#1141 =( NAMED_UNIT ( * ) PLANE_ANGLE_UNIT ( ) SI_UNIT ( $, .RADIAN. ) );
#1142 = CARTESIAN_POINT ( 'NONE',  ( -1.250000000000000000, 0.1000000000000000056, 0.7999999999999999334 ) ) ;
#1143 = STYLED_ITEM ( 'NONE', ( #848 ), #729 ) ;
#1144 = DIRECTION ( 'NONE',  ( -0.0000000000000000000, -0.0000000000000000000, 1.000000000000000000 ) ) ;
#1145 = CARTESIAN_POINT ( 'NONE',  ( -1.149999999999999911, 1.699999999999999956, -0.9000000000000000222 ) ) ;
#1146 =( LENGTH_UNIT ( ) NAMED_UNIT ( * ) SI_UNIT ( .MILLI., .METRE. ) );
#1147 = DIRECTION ( 'NONE',  ( 0.0000000000000000000, 0.0000000000000000000, -1.000000000000000000 ) ) ;
#1148 = CARTESIAN_POINT ( 'NONE',  ( -1.250000000000000000, 1.699999999999999956, -0.7999999999999999334 ) ) ;
#1149 = VECTOR ( 'NONE', #1152, 1000.000000000000000 ) ;
#1150 = ORIENTED_EDGE ( 'NONE', *, *, #1390, .F. ) ;
#1151 = FILL_AREA_STYLE_COLOUR ( '', #245 ) ;
#1152 = DIRECTION ( 'NONE',  ( -0.0000000000000000000, 1.000000000000000000, 0.0000000000000000000 ) ) ;
#1153 = MECHANICAL_DESIGN_GEOMETRIC_PRESENTATION_REPRESENTATION (  '', ( #492 ), #1235 ) ;
#1154 = FILL_AREA_STYLE ('',( #1286 ) ) ;
#1155 = FILL_AREA_STYLE_COLOUR ( '', #1475 ) ;
#1156 = DIRECTION ( 'NONE',  ( 0.0000000000000000000, 1.000000000000000000, 0.0000000000000000000 ) ) ;
#1157 = ORIENTED_EDGE ( 'NONE', *, *, #149, .F. ) ;
#1158 = ORIENTED_EDGE ( 'NONE', *, *, #532, .F. ) ;
#1159 = EDGE_CURVE ( 'NONE', #501, #1922, #520, .T. ) ;
#1160 = SURFACE_SIDE_STYLE ('',( #86 ) ) ;
#1161 = ADVANCED_FACE ( 'NONE', ( #1200 ), #752, .T. ) ;
#1162 = VERTEX_POINT ( 'NONE', #1652 ) ;
#1163 = FILL_AREA_STYLE_COLOUR ( '', #667 ) ;
#1164 = DIRECTION ( 'NONE',  ( -1.000000000000000000, 0.0000000000000000000, 0.0000000000000000000 ) ) ;
#1165 = EDGE_LOOP ( 'NONE', ( #1791, #164, #1030, #1109 ) ) ;
#1166 =( NAMED_UNIT ( * ) PLANE_ANGLE_UNIT ( ) SI_UNIT ( $, .RADIAN. ) );
#1167 = PRESENTATION_LAYER_ASSIGNMENT (  '', '', ( #1133 ) ) ;
#1168 = STYLED_ITEM ( 'NONE', ( #330 ), #1861 ) ;
#1169 = FACE_OUTER_BOUND ( 'NONE', #379, .T. ) ;
#1170 = SURFACE_STYLE_FILL_AREA ( #661 ) ;
#1171 = CIRCLE ( 'NONE', #1571, 0.1000000000000000472 ) ;
#1172 = UNCERTAINTY_MEASURE_WITH_UNIT (LENGTH_MEASURE( 1.000000000000000082E-05 ), #1432, 'distance_accuracy_value', 'NONE');
#1173 = FILL_AREA_STYLE ('',( #1911 ) ) ;
#1174 = MECHANICAL_DESIGN_GEOMETRIC_PRESENTATION_REPRESENTATION (  '', ( #1113 ), #1410 ) ;
#1175 = ORIENTED_EDGE ( 'NONE', *, *, #149, .T. ) ;
#1176 = CYLINDRICAL_SURFACE ( 'NONE', #867, 0.1000000000000000472 ) ;
#1177 = FILL_AREA_STYLE ('',( #295 ) ) ;
#1178 = DIRECTION ( 'NONE',  ( 1.000000000000000000, 0.0000000000000000000, 0.0000000000000000000 ) ) ;
#1179 =( LENGTH_UNIT ( ) NAMED_UNIT ( * ) SI_UNIT ( .MILLI., .METRE. ) );
#1180 = DIRECTION ( 'NONE',  ( 1.000000000000000000, 0.0000000000000000000, 0.0000000000000000000 ) ) ;
#1181 = MECHANICAL_DESIGN_GEOMETRIC_PRESENTATION_REPRESENTATION (  '', ( #25 ), #685 ) ;
#1182 = EDGE_LOOP ( 'NONE', ( #1486, #1300, #995, #8 ) ) ;
#1183 = LINE ( 'NONE', #1043, #1005 ) ;
#1184 = FILL_AREA_STYLE_COLOUR ( '', #551 ) ;
#1185 = EDGE_LOOP ( 'NONE', ( #1621, #1866, #185, #903 ) ) ;
#1186 =( NAMED_UNIT ( * ) SI_UNIT ( $, .STERADIAN. ) SOLID_ANGLE_UNIT ( ) );
#1187 = SURFACE_STYLE_FILL_AREA ( #1177 ) ;
#1188 = UNCERTAINTY_MEASURE_WITH_UNIT (LENGTH_MEASURE( 1.000000000000000082E-05 ), #775, 'distance_accuracy_value', 'NONE');
#1189 = VERTEX_POINT ( 'NONE', #739 ) ;
#1190 = ADVANCED_FACE ( 'NONE', ( #1558 ), #1853, .F. ) ;
#1191 = PRESENTATION_STYLE_ASSIGNMENT (( #869 ) ) ;
#1192 = ORIENTED_EDGE ( 'NONE', *, *, #1557, .F. ) ;
#1193 = FILL_AREA_STYLE ('',( #1622 ) ) ;
#1194 = AXIS2_PLACEMENT_3D ( 'NONE', #1102, #434, #1516 ) ;
#1195 = EDGE_CURVE ( 'NONE', #546, #1813, #686, .T. ) ;
#1196 = DIRECTION ( 'NONE',  ( 0.0000000000000000000, 0.0000000000000000000, -1.000000000000000000 ) ) ;
#1197 = CARTESIAN_POINT ( 'NONE',  ( 1.149999999999999911, 1.699999999999999956, 0.7999999999999999334 ) ) ;
#1198 = LINE ( 'NONE', #716, #1663 ) ;
#1199 = AXIS2_PLACEMENT_3D ( 'NONE', #646, #1875, #495 ) ;
#1200 = FACE_OUTER_BOUND ( 'NONE', #1316, .T. ) ;
#1201 = FACE_OUTER_BOUND ( 'NONE', #1334, .T. ) ;
#1202 = VECTOR ( 'NONE', #806, 1000.000000000000000 ) ;
#1203 = SURFACE_STYLE_USAGE ( .BOTH. , #1945 ) ;
#1204 =( NAMED_UNIT ( * ) PLANE_ANGLE_UNIT ( ) SI_UNIT ( $, .RADIAN. ) );
#1205 = SURFACE_STYLE_USAGE ( .BOTH. , #1356 ) ;
#1206 = ORIENTED_EDGE ( 'NONE', *, *, #1930, .T. ) ;
#1207 = ORIENTED_EDGE ( 'NONE', *, *, #1562, .F. ) ;
#1208 =( GEOMETRIC_REPRESENTATION_CONTEXT ( 3 ) GLOBAL_UNCERTAINTY_ASSIGNED_CONTEXT ( ( #713 ) ) GLOBAL_UNIT_ASSIGNED_CONTEXT ( ( #1521, #606, #34 ) ) REPRESENTATION_CONTEXT ( 'NONE', 'WORKASPACE' ) );
#1209 = UNCERTAINTY_MEASURE_WITH_UNIT (LENGTH_MEASURE( 1.000000000000000082E-05 ), #718, 'distance_accuracy_value', 'NONE');
#1210 = EDGE_CURVE ( 'NONE', #463, #1940, #1305, .T. ) ;
#1211 = SURFACE_SIDE_STYLE ('',( #1490 ) ) ;
#1212 = FILL_AREA_STYLE ('',( #1357 ) ) ;
#1213 = EDGE_LOOP ( 'NONE', ( #1649, #787, #1636, #1822 ) ) ;
#1214 = PLANE ( 'NONE',  #418 ) ;
#1215 = ADVANCED_FACE ( 'NONE', ( #214 ), #1760, .F. ) ;
#1216 = CARTESIAN_POINT ( 'NONE',  ( 1.149999999999999911, 1.699999999999999956, 0.7999999999999999334 ) ) ;
#1217 = LINE ( 'NONE', #1337, #512 ) ;
#1218 = CARTESIAN_POINT ( 'NONE',  ( -1.250000000000000000, 0.1000000000000000056, 0.0000000000000000000 ) ) ;
#1219 = CARTESIAN_POINT ( 'NONE',  ( -0.7500000000000000000, 1.699999999999999956, -0.9000000000000000222 ) ) ;
#1220 = MECHANICAL_DESIGN_GEOMETRIC_PRESENTATION_REPRESENTATION (  '', ( #934 ), #361 ) ;
#1221 = FACE_OUTER_BOUND ( 'NONE', #1327, .T. ) ;
#1222 = DIRECTION ( 'NONE',  ( 0.0000000000000000000, 0.0000000000000000000, -1.000000000000000000 ) ) ;
#1223 = FILL_AREA_STYLE_COLOUR ( '', #341 ) ;
#1224 =( GEOMETRIC_REPRESENTATION_CONTEXT ( 3 ) GLOBAL_UNCERTAINTY_ASSIGNED_CONTEXT ( ( #30 ) ) GLOBAL_UNIT_ASSIGNED_CONTEXT ( ( #409, #1947, #268 ) ) REPRESENTATION_CONTEXT ( 'NONE', 'WORKASPACE' ) );
#1225 = SURFACE_STYLE_FILL_AREA ( #732 ) ;
#1226 = FILL_AREA_STYLE_COLOUR ( '', #302 ) ;
#1227 = CARTESIAN_POINT ( 'NONE',  ( 0.7500000000000000000, 1.699999999999999956, 0.9000000000000000222 ) ) ;
#1228 = FILL_AREA_STYLE_COLOUR ( '', #1916 ) ;
#1229 = PRESENTATION_STYLE_ASSIGNMENT (( #944 ) ) ;
#1230 = ADVANCED_FACE ( 'NONE', ( #1132 ), #1889, .T. ) ;
#1231 = ORIENTED_EDGE ( 'NONE', *, *, #211, .F. ) ;
#1232 = DIRECTION ( 'NONE',  ( 0.0000000000000000000, 0.0000000000000000000, 1.000000000000000000 ) ) ;
#1233 = AXIS2_PLACEMENT_3D ( 'NONE', #1789, #1664, #1624 ) ;
#1234 = ORIENTED_EDGE ( 'NONE', *, *, #554, .T. ) ;
#1235 =( GEOMETRIC_REPRESENTATION_CONTEXT ( 3 ) GLOBAL_UNCERTAINTY_ASSIGNED_CONTEXT ( ( #125 ) ) GLOBAL_UNIT_ASSIGNED_CONTEXT ( ( #871, #1166, #1598 ) ) REPRESENTATION_CONTEXT ( 'NONE', 'WORKASPACE' ) );
#1236 = EDGE_CURVE ( 'NONE', #781, #740, #75, .T. ) ;
#1237 = SURFACE_STYLE_USAGE ( .BOTH. , #342 ) ;
#1238 = FILL_AREA_STYLE ('',( #890 ) ) ;
#1239 = DIRECTION ( 'NONE',  ( -1.000000000000000000, 0.0000000000000000000, 0.0000000000000000000 ) ) ;
#1240 = DIRECTION ( 'NONE',  ( 1.000000000000000000, 0.0000000000000000000, 0.0000000000000000000 ) ) ;
#1241 = UNCERTAINTY_MEASURE_WITH_UNIT (LENGTH_MEASURE( 1.000000000000000082E-05 ), #1604, 'distance_accuracy_value', 'NONE');
#1242 = ORIENTED_EDGE ( 'NONE', *, *, #922, .T. ) ;
#1243 = EDGE_CURVE ( 'NONE', #658, #1551, #380, .T. ) ;
#1244 = ORIENTED_EDGE ( 'NONE', *, *, #1355, .F. ) ;
#1245 = ADVANCED_BREP_SHAPE_REPRESENTATION ( '4AF61C83-FBFC-400B-8904-F4016F7E1647', ( #320, #966, #1642, #1374 ), #972 ) ;
#1246 = CARTESIAN_POINT ( 'NONE',  ( 0.7500000000000000000, 1.800000000000000044, -0.9000000000000000222 ) ) ;
#1247 = LINE ( 'NONE', #648, #44 ) ;
#1248 = EDGE_CURVE ( 'NONE', #1189, #781, #997, .T. ) ;
#1249 = SURFACE_STYLE_FILL_AREA ( #630 ) ;
#1250 =( NAMED_UNIT ( * ) PLANE_ANGLE_UNIT ( ) SI_UNIT ( $, .RADIAN. ) );
#1251 = VECTOR ( 'NONE', #241, 1000.000000000000000 ) ;
#1252 = VECTOR ( 'NONE', #1884, 1000.000000000000000 ) ;
#1253 =( NAMED_UNIT ( * ) PLANE_ANGLE_UNIT ( ) SI_UNIT ( $, .RADIAN. ) );
#1254 = ORIENTED_EDGE ( 'NONE', *, *, #1373, .T. ) ;
#1255 = LINE ( 'NONE', #503, #479 ) ;
#1256 = ORIENTED_EDGE ( 'NONE', *, *, #790, .T. ) ;
#1257 = AXIS2_PLACEMENT_3D ( 'NONE', #1817, #20, #1090 ) ;
#1258 =( LENGTH_UNIT ( ) NAMED_UNIT ( * ) SI_UNIT ( .MILLI., .METRE. ) );
#1259 = STYLED_ITEM ( 'NONE', ( #1852 ), #765 ) ;
#1260 = SURFACE_STYLE_FILL_AREA ( #491 ) ;
#1261 = DIRECTION ( 'NONE',  ( 0.0000000000000000000, -1.000000000000000000, 0.0000000000000000000 ) ) ;
#1262 = MECHANICAL_DESIGN_GEOMETRIC_PRESENTATION_REPRESENTATION (  '', ( #749 ), #1931 ) ;
#1263 = ORIENTED_EDGE ( 'NONE', *, *, #1534, .F. ) ;
#1264 = FACE_OUTER_BOUND ( 'NONE', #1731, .T. ) ;
#1265 = DIRECTION ( 'NONE',  ( 0.0000000000000000000, 0.0000000000000000000, 1.000000000000000000 ) ) ;
#1266 = EDGE_LOOP ( 'NONE', ( #161, #618, #1042, #202 ) ) ;
#1267 = UNCERTAINTY_MEASURE_WITH_UNIT (LENGTH_MEASURE( 1.000000000000000082E-05 ), #1968, 'distance_accuracy_value', 'NONE');
#1268 = CARTESIAN_POINT ( 'NONE',  ( -0.7500000000000000000, 1.800000000000000044, 0.9000000000000000222 ) ) ;
#1269 = VECTOR ( 'NONE', #1826, 1000.000000000000000 ) ;
#1270 = EDGE_CURVE ( 'NONE', #689, #1308, #67, .T. ) ;
#1271 = SURFACE_STYLE_USAGE ( .BOTH. , #794 ) ;
#1272 =( LENGTH_UNIT ( ) NAMED_UNIT ( * ) SI_UNIT ( .MILLI., .METRE. ) );
#1273 = ORIENTED_EDGE ( 'NONE', *, *, #328, .F. ) ;
#1274 = DIRECTION ( 'NONE',  ( 0.0000000000000000000, 0.0000000000000000000, -1.000000000000000000 ) ) ;
#1275 = DIRECTION ( 'NONE',  ( 0.0000000000000000000, 0.0000000000000000000, -1.000000000000000000 ) ) ;
#1276 = DIRECTION ( 'NONE',  ( 1.000000000000000000, 0.0000000000000000000, 0.0000000000000000000 ) ) ;
#1277 = DIRECTION ( 'NONE',  ( -1.000000000000000000, 0.0000000000000000000, 0.0000000000000000000 ) ) ;
#1278 = DIRECTION ( 'NONE',  ( 0.0000000000000000000, 0.0000000000000000000, -1.000000000000000000 ) ) ;
#1279 = COLOUR_RGB ( '',0.7529411764705882248, 0.7529411764705882248, 0.7529411764705882248 ) ;
#1280 = DIRECTION ( 'NONE',  ( 0.0000000000000000000, 0.0000000000000000000, 1.000000000000000000 ) ) ;
#1281 = ORIENTED_EDGE ( 'NONE', *, *, #1439, .F. ) ;
#1282 = DIRECTION ( 'NONE',  ( 1.000000000000000000, 0.0000000000000000000, 0.0000000000000000000 ) ) ;
#1283 = AXIS2_PLACEMENT_3D ( 'NONE', #1965, #1497, #1369 ) ;
#1284 = DIRECTION ( 'NONE',  ( -0.0000000000000000000, -0.0000000000000000000, 1.000000000000000000 ) ) ;
#1285 =( NAMED_UNIT ( * ) SI_UNIT ( $, .STERADIAN. ) SOLID_ANGLE_UNIT ( ) );
#1286 = FILL_AREA_STYLE_COLOUR ( '', #1468 ) ;
#1287 = CARTESIAN_POINT ( 'NONE',  ( 0.7500000000000000000, 1.800000000000000044, 0.9000000000000000222 ) ) ;
#1288 = DIRECTION ( 'NONE',  ( 0.0000000000000000000, 0.0000000000000000000, 1.000000000000000000 ) ) ;
#1289 = PRESENTATION_LAYER_ASSIGNMENT (  '', '', ( #84 ) ) ;
#1290 = ADVANCED_FACE ( 'NONE', ( #231 ), #968, .T. ) ;
#1291 = COLOUR_RGB ( '',0.7529411764705882248, 0.7529411764705882248, 0.7529411764705882248 ) ;
#1292 = ORIENTED_EDGE ( 'NONE', *, *, #1651, .F. ) ;
#1293 = SURFACE_STYLE_FILL_AREA ( #1318 ) ;
#1294 = FACE_OUTER_BOUND ( 'NONE', #109, .T. ) ;
#1295 = EDGE_CURVE ( 'NONE', #1934, #433, #59, .T. ) ;
#1296 = COLOUR_RGB ( '',0.7529411764705882248, 0.7529411764705882248, 0.7529411764705882248 ) ;
#1297 = PRESENTATION_STYLE_ASSIGNMENT (( #1019 ) ) ;
#1298 = SURFACE_STYLE_USAGE ( .BOTH. , #684 ) ;
#1299 = SURFACE_STYLE_FILL_AREA ( #89 ) ;
#1300 = ORIENTED_EDGE ( 'NONE', *, *, #759, .F. ) ;
#1301 =( LENGTH_UNIT ( ) NAMED_UNIT ( * ) SI_UNIT ( .MILLI., .METRE. ) );
#1302 = DIRECTION ( 'NONE',  ( 0.0000000000000000000, 0.0000000000000000000, -1.000000000000000000 ) ) ;
#1303 = SURFACE_SIDE_STYLE ('',( #97 ) ) ;
#1304 = CARTESIAN_POINT ( 'NONE',  ( 1.250000000000000000, 1.800000000000000044, 0.7999999999999999334 ) ) ;
#1305 = LINE ( 'NONE', #367, #877 ) ;
#1306 = PRESENTATION_STYLE_ASSIGNMENT (( #1901 ) ) ;
#1307 = PRESENTATION_LAYER_ASSIGNMENT (  '', '', ( #1593 ) ) ;
#1308 = VERTEX_POINT ( 'NONE', #494 ) ;
#1309 = LINE ( 'NONE', #1943, #1520 ) ;
#1310 = AXIS2_PLACEMENT_3D ( 'NONE', #247, #1758, #1196 ) ;
#1311 = FACE_OUTER_BOUND ( 'NONE', #1213, .T. ) ;
#1312 = EDGE_LOOP ( 'NONE', ( #466, #1336, #1344, #1150 ) ) ;
#1313 = UNCERTAINTY_MEASURE_WITH_UNIT (LENGTH_MEASURE( 1.000000000000000082E-05 ), #56, 'distance_accuracy_value', 'NONE');
#1314 = LINE ( 'NONE', #1002, #1926 ) ;
#1315 = COLOUR_RGB ( '',0.7529411764705882248, 0.7529411764705882248, 0.7529411764705882248 ) ;
#1316 = EDGE_LOOP ( 'NONE', ( #1405, #1158, #1488, #644 ) ) ;
#1317 = AXIS2_PLACEMENT_3D ( 'NONE', #590, #255, #1647 ) ;
#1318 = FILL_AREA_STYLE ('',( #708 ) ) ;
#1319 = PRESENTATION_LAYER_ASSIGNMENT (  '', '', ( #1640 ) ) ;
#1320 = DIRECTION ( 'NONE',  ( 0.0000000000000000000, 0.0000000000000000000, 1.000000000000000000 ) ) ;
#1321 = CARTESIAN_POINT ( 'NONE',  ( 0.0000000000000000000, 0.0000000000000000000, 0.0000000000000000000 ) ) ;
#1322 =( NAMED_UNIT ( * ) PLANE_ANGLE_UNIT ( ) SI_UNIT ( $, .RADIAN. ) );
#1323 = ADVANCED_FACE ( 'NONE', ( #1449 ), #1874, .T. ) ;
#1324 = SURFACE_SIDE_STYLE ('',( #117 ) ) ;
#1325 = COLOUR_RGB ( '',0.7529411764705882248, 0.7529411764705882248, 0.7529411764705882248 ) ;
#1326 = STYLED_ITEM ( 'NONE', ( #889 ), #90 ) ;
#1327 = EDGE_LOOP ( 'NONE', ( #647, #971, #1095, #665 ) ) ;
#1328 = EDGE_CURVE ( 'NONE', #481, #1416, #221, .T. ) ;
#1329 = LINE ( 'NONE', #251, #849 ) ;
#1330 = PRESENTATION_STYLE_ASSIGNMENT (( #284 ) ) ;
#1331 =( NAMED_UNIT ( * ) SI_UNIT ( $, .STERADIAN. ) SOLID_ANGLE_UNIT ( ) );
#1332 = SURFACE_STYLE_USAGE ( .BOTH. , #1492 ) ;
#1333 = UNCERTAINTY_MEASURE_WITH_UNIT (LENGTH_MEASURE( 1.000000000000000082E-05 ), #927, 'distance_accuracy_value', 'NONE');
#1334 = EDGE_LOOP ( 'NONE', ( #1610, #403, #935, #278 ) ) ;
#1335 = FILL_AREA_STYLE_COLOUR ( '', #1838 ) ;
#1336 = ORIENTED_EDGE ( 'NONE', *, *, #1939, .F. ) ;
#1337 = CARTESIAN_POINT ( 'NONE',  ( -0.7500000000000000000, 1.800000000000000044, -0.9000000000000000222 ) ) ;
#1338 = ADVANCED_FACE ( 'NONE', ( #1264 ), #1941, .T. ) ;
#1339 =( GEOMETRIC_REPRESENTATION_CONTEXT ( 3 ) GLOBAL_UNCERTAINTY_ASSIGNED_CONTEXT ( ( #206 ) ) GLOBAL_UNIT_ASSIGNED_CONTEXT ( ( #1659, #333, #763 ) ) REPRESENTATION_CONTEXT ( 'NONE', 'WORKASPACE' ) );
#1340 = DIRECTION ( 'NONE',  ( -1.000000000000000000, 0.0000000000000000000, 0.0000000000000000000 ) ) ;
#1341 = CIRCLE ( 'NONE', #419, 0.1000000000000000472 ) ;
#1342 =( LENGTH_UNIT ( ) NAMED_UNIT ( * ) SI_UNIT ( .MILLI., .METRE. ) );
#1343 = DIRECTION ( 'NONE',  ( 0.0000000000000000000, 0.0000000000000000000, -1.000000000000000000 ) ) ;
#1344 = ORIENTED_EDGE ( 'NONE', *, *, #986, .F. ) ;
#1345 = PRESENTATION_LAYER_ASSIGNMENT (  '', '', ( #1143 ) ) ;
#1346 = EDGE_LOOP ( 'NONE', ( #1231, #566, #377, #497 ) ) ;
#1347 = FILL_AREA_STYLE_COLOUR ( '', #1697 ) ;
#1348 = EDGE_CURVE ( 'NONE', #1, #857, #351, .T. ) ;
#1349 = MECHANICAL_DESIGN_GEOMETRIC_PRESENTATION_REPRESENTATION (  '', ( #1259 ), #1047 ) ;
#1350 = COLOUR_RGB ( '',0.7529411764705882248, 0.7529411764705882248, 0.7529411764705882248 ) ;
#1351 = SURFACE_STYLE_FILL_AREA ( #710 ) ;
#1352 = MECHANICAL_DESIGN_GEOMETRIC_PRESENTATION_REPRESENTATION (  '', ( #1640 ), #1777 ) ;
#1353 = STYLED_ITEM ( 'NONE', ( #1719 ), #1290 ) ;
#1354 = UNCERTAINTY_MEASURE_WITH_UNIT (LENGTH_MEASURE( 1.000000000000000082E-05 ), #1800, 'distance_accuracy_value', 'NONE');
#1355 = EDGE_CURVE ( 'NONE', #658, #756, #764, .T. ) ;
#1356 = SURFACE_SIDE_STYLE ('',( #1958 ) ) ;
#1357 = FILL_AREA_STYLE_COLOUR ( '', #108 ) ;
#1358 = EDGE_LOOP ( 'NONE', ( #1242, #1117, #840, #1234 ) ) ;
#1359 = DIRECTION ( 'NONE',  ( -0.0000000000000000000, -1.000000000000000000, -0.0000000000000000000 ) ) ;
#1360 = STYLED_ITEM ( 'NONE', ( #954 ), #152 ) ;
#1361 = PRESENTATION_STYLE_ASSIGNMENT (( #445 ) ) ;
#1362 = EDGE_LOOP ( 'NONE', ( #707, #1568, #1025 ) ) ;
#1363 = DIRECTION ( 'NONE',  ( -1.000000000000000000, -0.0000000000000000000, -0.0000000000000000000 ) ) ;
#1364 = UNCERTAINTY_MEASURE_WITH_UNIT (LENGTH_MEASURE( 1.000000000000000082E-05 ), #1146, 'distance_accuracy_value', 'NONE');
#1365 = DIRECTION ( 'NONE',  ( 1.000000000000000000, 0.0000000000000000000, 0.0000000000000000000 ) ) ;
#1366 =( NAMED_UNIT ( * ) PLANE_ANGLE_UNIT ( ) SI_UNIT ( $, .RADIAN. ) );
#1367 = CARTESIAN_POINT ( 'NONE',  ( -1.149999999999999911, 1.800000000000000044, -0.7999999999999999334 ) ) ;
#1368 = ORIENTED_EDGE ( 'NONE', *, *, #169, .T. ) ;
#1369 = DIRECTION ( 'NONE',  ( 1.000000000000000000, -4.065758146820639655E-16, 0.0000000000000000000 ) ) ;
#1370 = CARTESIAN_POINT ( 'NONE',  ( 0.7500000000000000000, 0.0000000000000000000, 0.9000000000000000222 ) ) ;
#1371 = DIRECTION ( 'NONE',  ( -1.000000000000000000, 0.0000000000000000000, 0.0000000000000000000 ) ) ;
#1372 = CARTESIAN_POINT ( 'NONE',  ( 0.7500000000000000000, 1.800000000000000044, -0.9000000000000000222 ) ) ;
#1373 = EDGE_CURVE ( 'NONE', #1129, #1548, #1198, .T. ) ;
#1374 = AXIS2_PLACEMENT_3D ( 'NONE', #209, #773, #62 ) ;
#1375 =( LENGTH_UNIT ( ) NAMED_UNIT ( * ) SI_UNIT ( .MILLI., .METRE. ) );
#1376 = LINE ( 'NONE', #1414, #941 ) ;
#1377 = CIRCLE ( 'NONE', #770, 0.1000000000000000472 ) ;
#1378 = VERTEX_POINT ( 'NONE', #1929 ) ;
#1379 = DIRECTION ( 'NONE',  ( 0.0000000000000000000, 0.0000000000000000000, -1.000000000000000000 ) ) ;
#1380 = AXIS2_PLACEMENT_3D ( 'NONE', #833, #1459, #1773 ) ;
#1381 = CARTESIAN_POINT ( 'NONE',  ( -1.250000000000000000, 0.0000000000000000000, -0.7999999999999999334 ) ) ;
#1382 = SURFACE_SIDE_STYLE ('',( #285 ) ) ;
#1383 =( NAMED_UNIT ( * ) SI_UNIT ( $, .STERADIAN. ) SOLID_ANGLE_UNIT ( ) );
#1384 = MECHANICAL_DESIGN_GEOMETRIC_PRESENTATION_REPRESENTATION (  '', ( #1870 ), #555 ) ;
#1385 = EDGE_CURVE ( 'NONE', #1162, #546, #421, .T. ) ;
#1386 = ORIENTED_EDGE ( 'NONE', *, *, #1679, .T. ) ;
#1387 = SURFACE_STYLE_FILL_AREA ( #757 ) ;
#1388 = ORIENTED_EDGE ( 'NONE', *, *, #1893, .F. ) ;
#1389 = PRESENTATION_LAYER_ASSIGNMENT (  '', '', ( #25 ) ) ;
#1390 = EDGE_CURVE ( 'NONE', #1948, #1121, #1607, .T. ) ;
#1391 = ORIENTED_EDGE ( 'NONE', *, *, #204, .T. ) ;
#1392 = VECTOR ( 'NONE', #1756, 1000.000000000000000 ) ;
#1393 = DIRECTION ( 'NONE',  ( 0.0000000000000000000, 0.0000000000000000000, -1.000000000000000000 ) ) ;
#1394 = DIRECTION ( 'NONE',  ( 0.0000000000000000000, 0.0000000000000000000, -1.000000000000000000 ) ) ;
#1395 = CARTESIAN_POINT ( 'NONE',  ( 1.149999999999999911, 0.1000000000000000056, 0.0000000000000000000 ) ) ;
#1396 =( NAMED_UNIT ( * ) PLANE_ANGLE_UNIT ( ) SI_UNIT ( $, .RADIAN. ) );
#1397 = ORIENTED_EDGE ( 'NONE', *, *, #918, .T. ) ;
#1398 = ORIENTED_EDGE ( 'NONE', *, *, #1431, .F. ) ;
#1399 = FILL_AREA_STYLE ('',( #975 ) ) ;
#1400 = DIRECTION ( 'NONE',  ( 0.0000000000000000000, 1.000000000000000000, 0.0000000000000000000 ) ) ;
#1401 = SURFACE_SIDE_STYLE ('',( #1260 ) ) ;
#1402 = SPHERICAL_SURFACE ( 'NONE', #335, 0.1000000000000000056 ) ;
#1403 = VECTOR ( 'NONE', #1910, 1000.000000000000000 ) ;
#1404 = STYLED_ITEM ( 'NONE', ( #1819 ), #1751 ) ;
#1405 = ORIENTED_EDGE ( 'NONE', *, *, #63, .F. ) ;
#1406 = CYLINDRICAL_SURFACE ( 'NONE', #1199, 0.1000000000000000472 ) ;
#1407 = ORIENTED_EDGE ( 'NONE', *, *, #1073, .F. ) ;
#1408 = AXIS2_PLACEMENT_3D ( 'NONE', #1794, #575, #1069 ) ;
#1409 = CARTESIAN_POINT ( 'NONE',  ( 0.7500000000000000000, 1.800000000000000044, -0.7999999999999999334 ) ) ;
#1410 =( GEOMETRIC_REPRESENTATION_CONTEXT ( 3 ) GLOBAL_UNCERTAINTY_ASSIGNED_CONTEXT ( ( #1094 ) ) GLOBAL_UNIT_ASSIGNED_CONTEXT ( ( #722, #581, #1626 ) ) REPRESENTATION_CONTEXT ( 'NONE', 'WORKASPACE' ) );
#1411 = EDGE_CURVE ( 'NONE', #546, #22, #193, .T. ) ;
#1412 = STYLED_ITEM ( 'NONE', ( #930 ), #950 ) ;
#1413 = ORIENTED_EDGE ( 'NONE', *, *, #490, .T. ) ;
#1414 = CARTESIAN_POINT ( 'NONE',  ( -1.250000000000000000, 0.0000000000000000000, 0.7999999999999999334 ) ) ;
#1415 =( NAMED_UNIT ( * ) SI_UNIT ( $, .STERADIAN. ) SOLID_ANGLE_UNIT ( ) );
#1416 = VERTEX_POINT ( 'NONE', #279 ) ;
#1417 = DIRECTION ( 'NONE',  ( 0.0000000000000000000, 0.0000000000000000000, -1.000000000000000000 ) ) ;
#1418 = VERTEX_POINT ( 'NONE', #1919 ) ;
#1419 = UNCERTAINTY_MEASURE_WITH_UNIT (LENGTH_MEASURE( 1.000000000000000082E-05 ), #1375, 'distance_accuracy_value', 'NONE');
#1420 = DIRECTION ( 'NONE',  ( -1.000000000000000000, 0.0000000000000000000, -0.0000000000000000000 ) ) ;
#1421 = SURFACE_STYLE_USAGE ( .BOTH. , #218 ) ;
#1422 =( NAMED_UNIT ( * ) PLANE_ANGLE_UNIT ( ) SI_UNIT ( $, .RADIAN. ) );
#1423 = CARTESIAN_POINT ( 'NONE',  ( -1.250000000000000000, 1.699999999999999956, 0.9000000000000000222 ) ) ;
#1424 =( NAMED_UNIT ( * ) PLANE_ANGLE_UNIT ( ) SI_UNIT ( $, .RADIAN. ) );
#1425 = DIRECTION ( 'NONE',  ( -0.0000000000000000000, -0.0000000000000000000, 1.000000000000000000 ) ) ;
#1426 = ORIENTED_EDGE ( 'NONE', *, *, #579, .F. ) ;
#1427 = FACE_OUTER_BOUND ( 'NONE', #1358, .T. ) ;
#1428 = PLANE ( 'NONE',  #1767 ) ;
#1429 = CYLINDRICAL_SURFACE ( 'NONE', #1015, 0.1000000000000000472 ) ;
#1430 = FACE_OUTER_BOUND ( 'NONE', #1346, .T. ) ;
#1431 = EDGE_CURVE ( 'NONE', #1418, #144, #1183, .T. ) ;
#1432 =( LENGTH_UNIT ( ) NAMED_UNIT ( * ) SI_UNIT ( .MILLI., .METRE. ) );
#1433 = DIRECTION ( 'NONE',  ( -1.000000000000000000, 0.0000000000000000000, -0.0000000000000000000 ) ) ;
#1434 = MECHANICAL_DESIGN_GEOMETRIC_PRESENTATION_REPRESENTATION (  '', ( #1133 ), #359 ) ;
#1435 = ORIENTED_EDGE ( 'NONE', *, *, #33, .T. ) ;
#1436 = DIRECTION ( 'NONE',  ( 1.000000000000000000, -0.0000000000000000000, -0.0000000000000000000 ) ) ;
#1437 = STYLED_ITEM ( 'NONE', ( #298 ), #1795 ) ;
#1438 = ORIENTED_EDGE ( 'NONE', *, *, #523, .F. ) ;
#1439 = EDGE_CURVE ( 'NONE', #758, #1013, #894, .T. ) ;
#1440 = LINE ( 'NONE', #697, #1392 ) ;
#1441 = COLOUR_RGB ( '',0.7529411764705882248, 0.7529411764705882248, 0.7529411764705882248 ) ;
#1442 = COLOUR_RGB ( '',0.2509803921568627416, 0.2509803921568627416, 0.2509803921568627416 ) ;
#1443 = FILL_AREA_STYLE_COLOUR ( '', #1962 ) ;
#1444 = COLOUR_RGB ( '',0.7529411764705882248, 0.7529411764705882248, 0.7529411764705882248 ) ;
#1445 = DIRECTION ( 'NONE',  ( 0.0000000000000000000, -1.000000000000000000, 0.0000000000000000000 ) ) ;
#1446 =( NAMED_UNIT ( * ) PLANE_ANGLE_UNIT ( ) SI_UNIT ( $, .RADIAN. ) );
#1447 = COLOUR_RGB ( '',0.7529411764705882248, 0.7529411764705882248, 0.7529411764705882248 ) ;
#1448 = SURFACE_STYLE_FILL_AREA ( #818 ) ;
#1449 = FACE_OUTER_BOUND ( 'NONE', #134, .T. ) ;
#1450 = LINE ( 'NONE', #412, #605 ) ;
#1451 =( GEOMETRIC_REPRESENTATION_CONTEXT ( 3 ) GLOBAL_UNCERTAINTY_ASSIGNED_CONTEXT ( ( #282 ) ) GLOBAL_UNIT_ASSIGNED_CONTEXT ( ( #1967, #721, #1797 ) ) REPRESENTATION_CONTEXT ( 'NONE', 'WORKASPACE' ) );
#1452 = VERTEX_POINT ( 'NONE', #127 ) ;
#1453 = FACE_OUTER_BOUND ( 'NONE', #1165, .T. ) ;
#1454 = FILL_AREA_STYLE ('',( #843 ) ) ;
#1455 = STYLED_ITEM ( 'NONE', ( #1330 ), #123 ) ;
#1456 = FILL_AREA_STYLE ('',( #540 ) ) ;
#1457 =( GEOMETRIC_REPRESENTATION_CONTEXT ( 3 ) GLOBAL_UNCERTAINTY_ASSIGNED_CONTEXT ( ( #1801 ) ) GLOBAL_UNIT_ASSIGNED_CONTEXT ( ( #1301, #1935, #1186 ) ) REPRESENTATION_CONTEXT ( 'NONE', 'WORKASPACE' ) );
#1458 = DIRECTION ( 'NONE',  ( 0.0000000000000000000, 0.0000000000000000000, 1.000000000000000000 ) ) ;
#1459 = DIRECTION ( 'NONE',  ( 1.000000000000000000, 0.0000000000000000000, 0.0000000000000000000 ) ) ;
#1460 = SURFACE_SIDE_STYLE ('',( #847 ) ) ;
#1461 = ORIENTED_EDGE ( 'NONE', *, *, #385, .T. ) ;
#1462 =( NAMED_UNIT ( * ) SI_UNIT ( $, .STERADIAN. ) SOLID_ANGLE_UNIT ( ) );
#1463 = DIRECTION ( 'NONE',  ( -0.0000000000000000000, 1.000000000000000000, -0.0000000000000000000 ) ) ;
#1464 = PLANE ( 'NONE',  #1772 ) ;
#1465 = ORIENTED_EDGE ( 'NONE', *, *, #1210, .T. ) ;
#1466 = CARTESIAN_POINT ( 'NONE',  ( 0.7500000000000000000, 1.699999999999999956, 0.7999999999999999334 ) ) ;
#1467 = CARTESIAN_POINT ( 'NONE',  ( -1.149999999999999911, 0.1000000000000000056, 0.7999999999999999334 ) ) ;
#1468 = COLOUR_RGB ( '',0.7529411764705882248, 0.7529411764705882248, 0.7529411764705882248 ) ;
#1469 = ORIENTED_EDGE ( 'NONE', *, *, #416, .F. ) ;
#1470 = AXIS2_PLACEMENT_3D ( 'NONE', #1040, #1633, #1458 ) ;
#1471 = ADVANCED_FACE ( 'NONE', ( #106 ), #1496, .F. ) ;
#1472 = FILL_AREA_STYLE ('',( #141 ) ) ;
#1473 = UNCERTAINTY_MEASURE_WITH_UNIT (LENGTH_MEASURE( 1.000000000000000082E-05 ), #388, 'distance_accuracy_value', 'NONE');
#1474 = ADVANCED_FACE ( 'NONE', ( #1851 ), #157, .F. ) ;
#1475 = COLOUR_RGB ( '',0.7529411764705882248, 0.7529411764705882248, 0.7529411764705882248 ) ;
#1476 = ORIENTED_EDGE ( 'NONE', *, *, #1799, .F. ) ;
#1477 = UNCERTAINTY_MEASURE_WITH_UNIT (LENGTH_MEASURE( 1.000000000000000082E-05 ), #242, 'distance_accuracy_value', 'NONE');
#1478 = DIRECTION ( 'NONE',  ( 1.000000000000000000, 0.0000000000000000000, 0.0000000000000000000 ) ) ;
#1479 = AXIS2_PLACEMENT_3D ( 'NONE', #283, #910, #1320 ) ;
#1480 = FILL_AREA_STYLE ('',( #1903 ) ) ;
#1481 = PRESENTATION_LAYER_ASSIGNMENT (  '', '', ( #207 ) ) ;
#1482 = FILL_AREA_STYLE ('',( #745 ) ) ;
#1483 = FACE_OUTER_BOUND ( 'NONE', #1721, .T. ) ;
#1484 = DIRECTION ( 'NONE',  ( 0.0000000000000000000, 0.0000000000000000000, -1.000000000000000000 ) ) ;
#1485 = MECHANICAL_DESIGN_GEOMETRIC_PRESENTATION_REPRESENTATION (  '', ( #1455 ), #1059 ) ;
#1486 = ORIENTED_EDGE ( 'NONE', *, *, #1498, .T. ) ;
#1487 = DIRECTION ( 'NONE',  ( 1.000000000000000000, -0.0000000000000000000, -0.0000000000000000000 ) ) ;
#1488 = ORIENTED_EDGE ( 'NONE', *, *, #1159, .F. ) ;
#1489 = DIRECTION ( 'NONE',  ( 0.0000000000000000000, 0.0000000000000000000, -1.000000000000000000 ) ) ;
#1490 = SURFACE_STYLE_FILL_AREA ( #275 ) ;
#1491 = UNCERTAINTY_MEASURE_WITH_UNIT (LENGTH_MEASURE( 1.000000000000000082E-05 ), #1523, 'distance_accuracy_value', 'NONE');
#1492 = SURFACE_SIDE_STYLE ('',( #1170 ) ) ;
#1493 = FILL_AREA_STYLE_COLOUR ( '', #1631 ) ;
#1494 = EDGE_CURVE ( 'NONE', #593, #1934, #73, .T. ) ;
#1495 = ORIENTED_EDGE ( 'NONE', *, *, #1888, .T. ) ;
#1496 = PLANE ( 'NONE',  #1072 ) ;
#1497 = DIRECTION ( 'NONE',  ( 4.065758146820639655E-16, 1.000000000000000000, 0.0000000000000000000 ) ) ;
#1498 = EDGE_CURVE ( 'NONE', #1, #1452, #1690, .T. ) ;
#1499 = UNCERTAINTY_MEASURE_WITH_UNIT (LENGTH_MEASURE( 1.000000000000000082E-05 ), #195, 'distance_accuracy_value', 'NONE');
#1500 =( GEOMETRIC_REPRESENTATION_CONTEXT ( 3 ) GLOBAL_UNCERTAINTY_ASSIGNED_CONTEXT ( ( #372 ) ) GLOBAL_UNIT_ASSIGNED_CONTEXT ( ( #383, #1396, #199 ) ) REPRESENTATION_CONTEXT ( 'NONE', 'WORKASPACE' ) );
#1501 = PLANE ( 'NONE',  #1086 ) ;
#1502 = PRESENTATION_LAYER_ASSIGNMENT (  '', '', ( #1404 ) ) ;
#1503 = FACE_OUTER_BOUND ( 'NONE', #808, .T. ) ;
#1504 = FACE_OUTER_BOUND ( 'NONE', #882, .T. ) ;
#1505 = EDGE_LOOP ( 'NONE', ( #1803, #886, #1525, #1711 ) ) ;
#1506 = CARTESIAN_POINT ( 'NONE',  ( 1.149999999999999911, 0.0000000000000000000, -0.9000000000000000222 ) ) ;
#1507 = PRESENTATION_LAYER_ASSIGNMENT (  '', '', ( #397 ) ) ;
#1508 = CARTESIAN_POINT ( 'NONE',  ( -1.149999999999999911, 0.0000000000000000000, 0.7999999999999999334 ) ) ;
#1509 =( NAMED_UNIT ( * ) PLANE_ANGLE_UNIT ( ) SI_UNIT ( $, .RADIAN. ) );
#1510 = VECTOR ( 'NONE', #702, 1000.000000000000000 ) ;
#1511 = CARTESIAN_POINT ( 'NONE',  ( -1.149999999999999911, 0.1000000000000000056, 0.7999999999999999334 ) ) ;
#1512 = CIRCLE ( 'NONE', #487, 0.1000000000000000472 ) ;
#1513 = LINE ( 'NONE', #1370, #1122 ) ;
#1514 = CARTESIAN_POINT ( 'NONE',  ( 0.7500000000000000000, 0.0000000000000000000, 0.7999999999999999334 ) ) ;
#1515 = ORIENTED_EDGE ( 'NONE', *, *, #1771, .T. ) ;
#1516 = DIRECTION ( 'NONE',  ( 0.0000000000000000000, 0.0000000000000000000, 1.000000000000000000 ) ) ;
#1517 = AXIS2_PLACEMENT_3D ( 'NONE', #533, #524, #977 ) ;
#1518 = FILL_AREA_STYLE ('',( #1335 ) ) ;
#1519 = CARTESIAN_POINT ( 'NONE',  ( 1.149999999999999911, 1.699999999999999956, -0.7999999999999999334 ) ) ;
#1520 = VECTOR ( 'NONE', #690, 1000.000000000000000 ) ;
#1521 =( LENGTH_UNIT ( ) NAMED_UNIT ( * ) SI_UNIT ( .MILLI., .METRE. ) );
#1522 = CARTESIAN_POINT ( 'NONE',  ( 1.149999999999999911, 0.1000000000000000056, -0.7999999999999999334 ) ) ;
#1523 =( LENGTH_UNIT ( ) NAMED_UNIT ( * ) SI_UNIT ( .MILLI., .METRE. ) );
#1524 = DIRECTION ( 'NONE',  ( 0.0000000000000000000, 0.0000000000000000000, -1.000000000000000000 ) ) ;
#1525 = ORIENTED_EDGE ( 'NONE', *, *, #639, .F. ) ;
#1526 = LINE ( 'NONE', #11, #742 ) ;
#1527 = EDGE_CURVE ( 'NONE', #1900, #1129, #901, .T. ) ;
#1528 = VECTOR ( 'NONE', #1637, 1000.000000000000000 ) ;
#1529 = DIRECTION ( 'NONE',  ( 0.0000000000000000000, 0.0000000000000000000, -1.000000000000000000 ) ) ;
#1530 =( NAMED_UNIT ( * ) SI_UNIT ( $, .STERADIAN. ) SOLID_ANGLE_UNIT ( ) );
#1531 = ORIENTED_EDGE ( 'NONE', *, *, #660, .T. ) ;
#1532 = LINE ( 'NONE', #1676, #443 ) ;
#1533 = FILL_AREA_STYLE_COLOUR ( '', #399 ) ;
#1534 = EDGE_CURVE ( 'NONE', #756, #1418, #9, .T. ) ;
#1535 = VECTOR ( 'NONE', #1164, 1000.000000000000000 ) ;
#1536 = EDGE_LOOP ( 'NONE', ( #1891, #635, #1127, #504 ) ) ;
#1537 = CARTESIAN_POINT ( 'NONE',  ( 1.149999999999999911, 0.1000000000000000056, 0.7999999999999999334 ) ) ;
#1538 = ORIENTED_EDGE ( 'NONE', *, *, #717, .F. ) ;
#1539 =( GEOMETRIC_REPRESENTATION_CONTEXT ( 3 ) GLOBAL_UNCERTAINTY_ASSIGNED_CONTEXT ( ( #1241 ) ) GLOBAL_UNIT_ASSIGNED_CONTEXT ( ( #1604, #1576, #1759 ) ) REPRESENTATION_CONTEXT ( 'NONE', 'WORKASPACE' ) );
#1540 = AXIS2_PLACEMENT_3D ( 'NONE', #1841, #761, #24 ) ;
#1541 = LINE ( 'NONE', #1246, #1024 ) ;
#1542 = SURFACE_STYLE_USAGE ( .BOTH. , #822 ) ;
#1543 = DIRECTION ( 'NONE',  ( 1.000000000000000000, 0.0000000000000000000, 0.0000000000000000000 ) ) ;
#1544 = MECHANICAL_DESIGN_GEOMETRIC_PRESENTATION_REPRESENTATION (  '', ( #120 ), #681 ) ;
#1545 =( NAMED_UNIT ( * ) SI_UNIT ( $, .STERADIAN. ) SOLID_ANGLE_UNIT ( ) );
#1546 = LINE ( 'NONE', #1833, #539 ) ;
#1547 = SURFACE_SIDE_STYLE ('',( #634 ) ) ;
#1548 = VERTEX_POINT ( 'NONE', #601 ) ;
#1549 = LINE ( 'NONE', #1881, #331 ) ;
#1550 = VECTOR ( 'NONE', #321, 1000.000000000000000 ) ;
#1551 = VERTEX_POINT ( 'NONE', #737 ) ;
#1552 = MECHANICAL_DESIGN_GEOMETRIC_PRESENTATION_REPRESENTATION (  '', ( #1360 ), #1208 ) ;
#1553 = CARTESIAN_POINT ( 'NONE',  ( -0.7500000000000000000, 0.1000000000000000056, 0.7999999999999999334 ) ) ;
#1554 = PRESENTATION_STYLE_ASSIGNMENT (( #956 ) ) ;
#1555 = SURFACE_STYLE_USAGE ( .BOTH. , #957 ) ;
#1556 = DIRECTION ( 'NONE',  ( 0.0000000000000000000, 0.0000000000000000000, -1.000000000000000000 ) ) ;
#1557 = EDGE_CURVE ( 'NONE', #893, #857, #290, .T. ) ;
#1558 = FACE_OUTER_BOUND ( 'NONE', #1845, .T. ) ;
#1559 = VERTEX_POINT ( 'NONE', #1823 ) ;
#1560 = SURFACE_STYLE_FILL_AREA ( #674 ) ;
#1561 = EDGE_LOOP ( 'NONE', ( #1407, #1476, #441, #1089 ) ) ;
#1562 = EDGE_CURVE ( 'NONE', #534, #756, #1546, .T. ) ;
#1563 = UNCERTAINTY_MEASURE_WITH_UNIT (LENGTH_MEASURE( 1.000000000000000082E-05 ), #510, 'distance_accuracy_value', 'NONE');
#1564 = PRODUCT_CONTEXT ( 'NONE', #1806, 'mechanical' ) ;
#1565 = DIRECTION ( 'NONE',  ( 0.0000000000000000000, -0.0000000000000000000, 1.000000000000000000 ) ) ;
#1566 = DIRECTION ( 'NONE',  ( 0.0000000000000000000, 0.0000000000000000000, -1.000000000000000000 ) ) ;
#1567 = MECHANICAL_DESIGN_GEOMETRIC_PRESENTATION_REPRESENTATION (  '', ( #799 ), #1921 ) ;
#1568 = ORIENTED_EDGE ( 'NONE', *, *, #1098, .T. ) ;
#1569 = FILL_AREA_STYLE ('',( #780 ) ) ;
#1570 = VECTOR ( 'NONE', #124, 1000.000000000000000 ) ;
#1571 = AXIS2_PLACEMENT_3D ( 'NONE', #148, #768, #1379 ) ;
#1572 = CIRCLE ( 'NONE', #1110, 0.1000000000000000472 ) ;
#1573 = SURFACE_STYLE_USAGE ( .BOTH. , #35 ) ;
#1574 = FILL_AREA_STYLE ('',( #976 ) ) ;
#1575 =( GEOMETRIC_REPRESENTATION_CONTEXT ( 3 ) GLOBAL_UNCERTAINTY_ASSIGNED_CONTEXT ( ( #744 ) ) GLOBAL_UNIT_ASSIGNED_CONTEXT ( ( #1092, #1714, #1383 ) ) REPRESENTATION_CONTEXT ( 'NONE', 'WORKASPACE' ) );
#1576 =( NAMED_UNIT ( * ) PLANE_ANGLE_UNIT ( ) SI_UNIT ( $, .RADIAN. ) );
#1577 = DIRECTION ( 'NONE',  ( -1.000000000000000000, 0.0000000000000000000, 0.0000000000000000000 ) ) ;
#1578 = VECTOR ( 'NONE', #1436, 1000.000000000000000 ) ;
#1579 = CARTESIAN_POINT ( 'NONE',  ( 0.7500000000000000000, 1.699999999999999956, -0.9000000000000000222 ) ) ;
#1580 = ORIENTED_EDGE ( 'NONE', *, *, #69, .T. ) ;
#1581 = COLOUR_RGB ( '',0.7921568627450980005, 0.8196078431372548767, 0.9333333333333333481 ) ;
#1582 = EDGE_CURVE ( 'NONE', #1765, #463, #1532, .T. ) ;
#1583 = CARTESIAN_POINT ( 'NONE',  ( -1.149999999999999911, 0.0000000000000000000, -0.7999999999999999334 ) ) ;
#1584 = ADVANCED_FACE ( 'NONE', ( #625 ), #1214, .F. ) ;
#1585 = CARTESIAN_POINT ( 'NONE',  ( 1.149999999999999911, 0.0000000000000000000, -0.7999999999999999334 ) ) ;
#1586 =( NAMED_UNIT ( * ) PLANE_ANGLE_UNIT ( ) SI_UNIT ( $, .RADIAN. ) );
#1587 = EDGE_LOOP ( 'NONE', ( #1876, #1597, #262 ) ) ;
#1588 = SURFACE_SIDE_STYLE ('',( #404 ) ) ;
#1589 = EDGE_CURVE ( 'NONE', #501, #851, #1872, .T. ) ;
#1590 =( NAMED_UNIT ( * ) SI_UNIT ( $, .STERADIAN. ) SOLID_ANGLE_UNIT ( ) );
#1591 = PRESENTATION_STYLE_ASSIGNMENT (( #239 ) ) ;
#1592 =( NAMED_UNIT ( * ) PLANE_ANGLE_UNIT ( ) SI_UNIT ( $, .RADIAN. ) );
#1593 = STYLED_ITEM ( 'NONE', ( #1763 ), #1471 ) ;
#1594 =( LENGTH_UNIT ( ) NAMED_UNIT ( * ) SI_UNIT ( .MILLI., .METRE. ) );
#1595 = CARTESIAN_POINT ( 'NONE',  ( 0.7500000000000000000, 0.1000000000000000472, -0.7999999999999999334 ) ) ;
#1596 = MECHANICAL_DESIGN_GEOMETRIC_PRESENTATION_REPRESENTATION (  '', ( #1437 ), #327 ) ;
#1597 = ORIENTED_EDGE ( 'NONE', *, *, #1355, .T. ) ;
#1598 =( NAMED_UNIT ( * ) SI_UNIT ( $, .STERADIAN. ) SOLID_ANGLE_UNIT ( ) );
#1599 = AXIS2_PLACEMENT_3D ( 'NONE', #478, #343, #1123 ) ;
#1600 = MECHANICAL_DESIGN_GEOMETRIC_PRESENTATION_REPRESENTATION (  '', ( #1904 ), #448 ) ;
#1601 = CARTESIAN_POINT ( 'NONE',  ( -1.149999999999999911, 0.1000000000000000056, -0.7999999999999999334 ) ) ;
#1602 = DIRECTION ( 'NONE',  ( 0.0000000000000000000, 0.0000000000000000000, -1.000000000000000000 ) ) ;
#1603 = DIRECTION ( 'NONE',  ( -0.0000000000000000000, 0.0000000000000000000, -1.000000000000000000 ) ) ;
#1604 =( LENGTH_UNIT ( ) NAMED_UNIT ( * ) SI_UNIT ( .MILLI., .METRE. ) );
#1605 = CIRCLE ( 'NONE', #118, 0.1000000000000000472 ) ;
#1606 = DIRECTION ( 'NONE',  ( 1.000000000000000000, 0.0000000000000000000, 0.0000000000000000000 ) ) ;
#1607 = LINE ( 'NONE', #855, #1403 ) ;
#1608 = DIRECTION ( 'NONE',  ( 1.000000000000000000, 0.0000000000000000000, 0.0000000000000000000 ) ) ;
#1609 = AXIS2_PLACEMENT_3D ( 'NONE', #240, #220, #694 ) ;
#1610 = ORIENTED_EDGE ( 'NONE', *, *, #1682, .T. ) ;
#1611 = CARTESIAN_POINT ( 'NONE',  ( -1.250000000000000000, 0.1000000000000000056, -0.9000000000000000222 ) ) ;
#1612 = PRESENTATION_STYLE_ASSIGNMENT (( #1421 ) ) ;
#1613 = COLOUR_RGB ( '',0.7529411764705882248, 0.7529411764705882248, 0.7529411764705882248 ) ;
#1614 = CIRCLE ( 'NONE', #405, 0.1000000000000000472 ) ;
#1615 = CYLINDRICAL_SURFACE ( 'NONE', #1310, 0.1000000000000000472 ) ;
#1616 =( NAMED_UNIT ( * ) SI_UNIT ( $, .STERADIAN. ) SOLID_ANGLE_UNIT ( ) );
#1617 = DIRECTION ( 'NONE',  ( 0.0000000000000000000, 0.0000000000000000000, -1.000000000000000000 ) ) ;
#1618 =( LENGTH_UNIT ( ) NAMED_UNIT ( * ) SI_UNIT ( .MILLI., .METRE. ) );
#1619 = DIRECTION ( 'NONE',  ( 0.0000000000000000000, 0.0000000000000000000, 1.000000000000000000 ) ) ;
#1620 = ADVANCED_FACE ( 'NONE', ( #1430 ), #482, .T. ) ;
#1621 = ORIENTED_EDGE ( 'NONE', *, *, #1248, .T. ) ;
#1622 = FILL_AREA_STYLE_COLOUR ( '', #1296 ) ;
#1623 = EDGE_CURVE ( 'NONE', #893, #740, #12, .T. ) ;
#1624 = DIRECTION ( 'NONE',  ( 1.000000000000000000, 0.0000000000000000000, 0.0000000000000000000 ) ) ;
#1625 = DIRECTION ( 'NONE',  ( -1.000000000000000000, 0.0000000000000000000, 0.0000000000000000000 ) ) ;
#1626 =( NAMED_UNIT ( * ) SI_UNIT ( $, .STERADIAN. ) SOLID_ANGLE_UNIT ( ) );
#1627 = ORIENTED_EDGE ( 'NONE', *, *, #717, .T. ) ;
#1628 = DIRECTION ( 'NONE',  ( 0.0000000000000000000, 0.0000000000000000000, 1.000000000000000000 ) ) ;
#1629 = MECHANICAL_DESIGN_GEOMETRIC_PRESENTATION_REPRESENTATION (  '', ( #257 ), #1339 ) ;
#1630 = ORIENTED_EDGE ( 'NONE', *, *, #1836, .F. ) ;
#1631 = COLOUR_RGB ( '',0.7529411764705882248, 0.7529411764705882248, 0.7529411764705882248 ) ;
#1632 = VECTOR ( 'NONE', #1078, 1000.000000000000000 ) ;
#1633 = DIRECTION ( 'NONE',  ( 0.0000000000000000000, 1.000000000000000000, -0.0000000000000000000 ) ) ;
#1634 = CARTESIAN_POINT ( 'NONE',  ( -0.7500000000000000000, 1.800000000000000044, -0.9000000000000000222 ) ) ;
#1635 = UNCERTAINTY_MEASURE_WITH_UNIT (LENGTH_MEASURE( 1.000000000000000082E-05 ), #730, 'distance_accuracy_value', 'NONE');
#1636 = ORIENTED_EDGE ( 'NONE', *, *, #1195, .T. ) ;
#1637 = DIRECTION ( 'NONE',  ( 1.000000000000000000, -0.0000000000000000000, -0.0000000000000000000 ) ) ;
#1638 = SURFACE_SIDE_STYLE ('',( #1660 ) ) ;
#1639 = VERTEX_POINT ( 'NONE', #1886 ) ;
#1640 = STYLED_ITEM ( 'NONE', ( #132 ), #1035 ) ;
#1641 =( LENGTH_UNIT ( ) NAMED_UNIT ( * ) SI_UNIT ( .MILLI., .METRE. ) );
#1642 = MANIFOLD_SOLID_BREP ( 'Fillet1', #558 ) ;
#1643 = COLOUR_RGB ( '',0.7529411764705882248, 0.7529411764705882248, 0.7529411764705882248 ) ;
#1644 = SURFACE_STYLE_USAGE ( .BOTH. , #121 ) ;
#1645 = EDGE_CURVE ( 'NONE', #144, #203, #1341, .T. ) ;
#1646 =( NAMED_UNIT ( * ) PLANE_ANGLE_UNIT ( ) SI_UNIT ( $, .RADIAN. ) );
#1647 = DIRECTION ( 'NONE',  ( 0.0000000000000000000, 0.0000000000000000000, -1.000000000000000000 ) ) ;
#1648 = PRESENTATION_LAYER_ASSIGNMENT (  '', '', ( #1326 ) ) ;
#1649 = ORIENTED_EDGE ( 'NONE', *, *, #561, .T. ) ;
#1650 =( NAMED_UNIT ( * ) SI_UNIT ( $, .STERADIAN. ) SOLID_ANGLE_UNIT ( ) );
#1651 = EDGE_CURVE ( 'NONE', #324, #1900, #651, .T. ) ;
#1652 = CARTESIAN_POINT ( 'NONE',  ( -0.7500000000000000000, 1.800000000000000044, 0.7999999999999999334 ) ) ;
#1653 = SURFACE_SIDE_STYLE ('',( #273 ) ) ;
#1654 =( LENGTH_UNIT ( ) NAMED_UNIT ( * ) SI_UNIT ( .MILLI., .METRE. ) );
#1656 = CARTESIAN_POINT ( 'NONE',  ( 1.149999999999999911, 0.1000000000000000056, 0.7999999999999999334 ) ) ;
#1655 = UNCERTAINTY_MEASURE_WITH_UNIT (LENGTH_MEASURE( 1.000000000000000082E-05 ), #1258, 'distance_accuracy_value', 'NONE');
#1657 = CARTESIAN_POINT ( 'NONE',  ( 1.149999999999999911, 1.699999999999999956, -0.7999999999999999334 ) ) ;
#1658 = ORIENTED_EDGE ( 'NONE', *, *, #786, .T. ) ;
#1659 =( LENGTH_UNIT ( ) NAMED_UNIT ( * ) SI_UNIT ( .MILLI., .METRE. ) );
#1660 = SURFACE_STYLE_FILL_AREA ( #1786 ) ;
#1661 = SURFACE_STYLE_FILL_AREA ( #603 ) ;
#1662 = UNCERTAINTY_MEASURE_WITH_UNIT (LENGTH_MEASURE( 1.000000000000000082E-05 ), #43, 'distance_accuracy_value', 'NONE');
#1663 = VECTOR ( 'NONE', #883, 1000.000000000000000 ) ;
#1664 = DIRECTION ( 'NONE',  ( 0.0000000000000000000, 1.000000000000000000, 0.0000000000000000000 ) ) ;
#1665 = SURFACE_STYLE_USAGE ( .BOTH. , #1382 ) ;
#1666 = CARTESIAN_POINT ( 'NONE',  ( 1.149999999999999911, 1.699999999999999956, 0.9000000000000000222 ) ) ;
#1667 = ORIENTED_EDGE ( 'NONE', *, *, #246, .F. ) ;
#1668 = DIRECTION ( 'NONE',  ( -0.0000000000000000000, 1.000000000000000000, 0.0000000000000000000 ) ) ;
#1669 = ORIENTED_EDGE ( 'NONE', *, *, #1930, .F. ) ;
#1670 = DIRECTION ( 'NONE',  ( -0.0000000000000000000, -0.0000000000000000000, -1.000000000000000000 ) ) ;
#1671 = COLOUR_RGB ( '',0.2509803921568627416, 0.2509803921568627416, 0.2509803921568627416 ) ;
#1672 = COLOUR_RGB ( '',0.7921568627450980005, 0.8196078431372548767, 0.9333333333333333481 ) ;
#1673 = CARTESIAN_POINT ( 'NONE',  ( 0.7500000000000000000, 1.699999999999999956, -0.7999999999999999334 ) ) ;
#1674 = SURFACE_STYLE_FILL_AREA ( #458 ) ;
#1675 = CARTESIAN_POINT ( 'NONE',  ( 0.7500000000000000000, 1.800000000000000044, -0.7999999999999999334 ) ) ;
#1676 = CARTESIAN_POINT ( 'NONE',  ( -1.149999999999999911, 0.0000000000000000000, 0.9000000000000000222 ) ) ;
#1677 = AXIS2_PLACEMENT_3D ( 'NONE', #1321, #1946, #1798 ) ;
#1678 = SURFACE_STYLE_USAGE ( .BOTH. , #1547 ) ;
#1679 = EDGE_CURVE ( 'NONE', #1548, #1922, #1008, .T. ) ;
#1680 = CARTESIAN_POINT ( 'NONE',  ( -1.250000000000000000, 1.800000000000000044, -0.9000000000000000222 ) ) ;
#1681 = FILL_AREA_STYLE_COLOUR ( '', #1074 ) ;
#1682 = EDGE_CURVE ( 'NONE', #781, #689, #1105, .T. ) ;
#1683 = PLANE ( 'NONE',  #1540 ) ;
#1684 = PRESENTATION_STYLE_ASSIGNMENT (( #723 ) ) ;
#1685 = PRESENTATION_STYLE_ASSIGNMENT (( #1871 ) ) ;
#1686 = LINE ( 'NONE', #46, #1202 ) ;
#1687 = EDGE_LOOP ( 'NONE', ( #1779, #715, #823 ) ) ;
#1688 = DIRECTION ( 'NONE',  ( -1.000000000000000000, 0.0000000000000000000, 0.0000000000000000000 ) ) ;
#1689 = ORIENTED_EDGE ( 'NONE', *, *, #480, .F. ) ;
#1690 = CIRCLE ( 'NONE', #827, 0.1000000000000000472 ) ;
#1691 = DIRECTION ( 'NONE',  ( 0.0000000000000000000, 0.0000000000000000000, 1.000000000000000000 ) ) ;
#1692 =( NAMED_UNIT ( * ) SI_UNIT ( $, .STERADIAN. ) SOLID_ANGLE_UNIT ( ) );
#1693 = MECHANICAL_DESIGN_GEOMETRIC_PRESENTATION_REPRESENTATION (  '', ( #506 ), #602 ) ;
#1694 = PRESENTATION_STYLE_ASSIGNMENT (( #162 ) ) ;
#1695 = DIRECTION ( 'NONE',  ( -0.0000000000000000000, -1.000000000000000000, -0.0000000000000000000 ) ) ;
#1696 = FILL_AREA_STYLE ('',( #1223 ) ) ;
#1697 = COLOUR_RGB ( '',0.7529411764705882248, 0.7529411764705882248, 0.7529411764705882248 ) ;
#1698 = ORIENTED_EDGE ( 'NONE', *, *, #1831, .T. ) ;
#1699 = CARTESIAN_POINT ( 'NONE',  ( 1.149999999999999911, 1.800000000000000044, 0.7999999999999999334 ) ) ;
#1700 = ORIENTED_EDGE ( 'NONE', *, *, #269, .T. ) ;
#1701 = MECHANICAL_DESIGN_GEOMETRIC_PRESENTATION_REPRESENTATION (  '', ( #1412 ), #1575 ) ;
#1702 =( NAMED_UNIT ( * ) PLANE_ANGLE_UNIT ( ) SI_UNIT ( $, .RADIAN. ) );
#1703 = AXIS2_PLACEMENT_3D ( 'NONE', #1511, #406, #138 ) ;
#1704 = CYLINDRICAL_SURFACE ( 'NONE', #154, 0.1000000000000000472 ) ;
#1705 = DIRECTION ( 'NONE',  ( -0.0000000000000000000, -0.0000000000000000000, -1.000000000000000000 ) ) ;
#1706 =( NAMED_UNIT ( * ) SI_UNIT ( $, .STERADIAN. ) SOLID_ANGLE_UNIT ( ) );
#1707 = ORIENTED_EDGE ( 'NONE', *, *, #1836, .T. ) ;
#1708 =( LENGTH_UNIT ( ) NAMED_UNIT ( * ) SI_UNIT ( .MILLI., .METRE. ) );
#1709 = ADVANCED_FACE ( 'NONE', ( #1169 ), #1915, .F. ) ;
#1710 = COLOUR_RGB ( '',0.2509803921568627416, 0.2509803921568627416, 0.2509803921568627416 ) ;
#1711 = ORIENTED_EDGE ( 'NONE', *, *, #263, .F. ) ;
#1712 = VECTOR ( 'NONE', #996, 1000.000000000000000 ) ;
#1713 = FACE_OUTER_BOUND ( 'NONE', #119, .T. ) ;
#1714 =( NAMED_UNIT ( * ) PLANE_ANGLE_UNIT ( ) SI_UNIT ( $, .RADIAN. ) );
#1715 =( NAMED_UNIT ( * ) SI_UNIT ( $, .STERADIAN. ) SOLID_ANGLE_UNIT ( ) );
#1716 = FILL_AREA_STYLE ('',( #1843 ) ) ;
#1717 = CARTESIAN_POINT ( 'NONE',  ( -1.250000000000000000, 1.699999999999999956, 0.7999999999999999334 ) ) ;
#1718 = VERTEX_POINT ( 'NONE', #569 ) ;
#1719 = PRESENTATION_STYLE_ASSIGNMENT (( #502 ) ) ;
#1720 = SURFACE_SIDE_STYLE ('',( #788 ) ) ;
#1721 = EDGE_LOOP ( 'NONE', ( #70, #1879, #626, #32, #1873, #129, #230, #1658 ) ) ;
#1722 = UNCERTAINTY_MEASURE_WITH_UNIT (LENGTH_MEASURE( 1.000000000000000082E-05 ), #1594, 'distance_accuracy_value', 'NONE');
#1723 = DIRECTION ( 'NONE',  ( 0.0000000000000000000, 0.0000000000000000000, -1.000000000000000000 ) ) ;
#1724 = CARTESIAN_POINT ( 'NONE',  ( 0.7500000000000000000, 0.0000000000000000000, -0.7999999999999999334 ) ) ;
#1725 = AXIS2_PLACEMENT_3D ( 'NONE', #1717, #1115, #347 ) ;
#1726 = CARTESIAN_POINT ( 'NONE',  ( -0.7500000000000000000, 0.1000000000000000472, -0.7999999999999999334 ) ) ;
#1727 = VECTOR ( 'NONE', #772, 1000.000000000000000 ) ;
#1728 = STYLED_ITEM ( 'NONE', ( #1684 ), #1913 ) ;
#1729 = ORIENTED_EDGE ( 'NONE', *, *, #10, .F. ) ;
#1730 = CARTESIAN_POINT ( 'NONE',  ( -1.149999999999999911, 0.0000000000000000000, 0.7999999999999999334 ) ) ;
#1731 = EDGE_LOOP ( 'NONE', ( #31, #234, #1912 ) ) ;
#1732 = CIRCLE ( 'NONE', #1959, 0.1000000000000000472 ) ;
#1733 = PRESENTATION_LAYER_ASSIGNMENT (  '', '', ( #1113 ) ) ;
#1734 = DIRECTION ( 'NONE',  ( 0.0000000000000000000, 0.0000000000000000000, 1.000000000000000000 ) ) ;
#1735 =( NAMED_UNIT ( * ) SI_UNIT ( $, .STERADIAN. ) SOLID_ANGLE_UNIT ( ) );
#1736 = AXIS2_PLACEMENT_3D ( 'NONE', #1583, #691, #1302 ) ;
#1737 =( GEOMETRIC_REPRESENTATION_CONTEXT ( 3 ) GLOBAL_UNCERTAINTY_ASSIGNED_CONTEXT ( ( #1062 ) ) GLOBAL_UNIT_ASSIGNED_CONTEXT ( ( #381, #391, #1285 ) ) REPRESENTATION_CONTEXT ( 'NONE', 'WORKASPACE' ) );
#1738 = DIRECTION ( 'NONE',  ( -1.000000000000000000, -0.0000000000000000000, -0.0000000000000000000 ) ) ;
#1739 = PRESENTATION_LAYER_ASSIGNMENT (  '', '', ( #1870 ) ) ;
#1740 = SURFACE_SIDE_STYLE ('',( #1448 ) ) ;
#1741 = ORIENTED_EDGE ( 'NONE', *, *, #516, .T. ) ;
#1742 = SURFACE_SIDE_STYLE ('',( #664 ) ) ;
#1743 = VECTOR ( 'NONE', #378, 1000.000000000000000 ) ;
#1744 = FACE_OUTER_BOUND ( 'NONE', #426, .T. ) ;
#1745 =( GEOMETRIC_REPRESENTATION_CONTEXT ( 3 ) GLOBAL_UNCERTAINTY_ASSIGNED_CONTEXT ( ( #1188 ) ) GLOBAL_UNIT_ASSIGNED_CONTEXT ( ( #775, #624, #924 ) ) REPRESENTATION_CONTEXT ( 'NONE', 'WORKASPACE' ) );
#1746 = EDGE_LOOP ( 'NONE', ( #1461, #1263, #1244, #1034 ) ) ;
#1747 = ADVANCED_FACE ( 'NONE', ( #878 ), #1615, .T. ) ;
#1748 = PLANE ( 'NONE',  #94 ) ;
#1749 = CIRCLE ( 'NONE', #650, 0.1000000000000000472 ) ;
#1750 = CARTESIAN_POINT ( 'NONE',  ( -1.250000000000000000, 0.0000000000000000000, 0.7999999999999999334 ) ) ;
#1751 = ADVANCED_FACE ( 'NONE', ( #1311 ), #553, .F. ) ;
#1752 = PRESENTATION_STYLE_ASSIGNMENT (( #1130 ) ) ;
#1753 = FILL_AREA_STYLE_COLOUR ( '', #1960 ) ;
#1754 = CARTESIAN_POINT ( 'NONE',  ( -0.7500000000000000000, 1.699999999999999956, -0.9000000000000000222 ) ) ;
#1755 = ORIENTED_EDGE ( 'NONE', *, *, #576, .F. ) ;
#1756 = DIRECTION ( 'NONE',  ( 0.0000000000000000000, -1.000000000000000000, 0.0000000000000000000 ) ) ;
#1757 = SURFACE_STYLE_USAGE ( .BOTH. , #61 ) ;
#1758 = DIRECTION ( 'NONE',  ( 1.000000000000000000, 0.0000000000000000000, 0.0000000000000000000 ) ) ;
#1759 =( NAMED_UNIT ( * ) SI_UNIT ( $, .STERADIAN. ) SOLID_ANGLE_UNIT ( ) );
#1760 = PLANE ( 'NONE',  #522 ) ;
#1761 = COLOUR_RGB ( '',0.7921568627450980005, 0.8196078431372548767, 0.9333333333333333481 ) ;
#1762 = ORIENTED_EDGE ( 'NONE', *, *, #1159, .T. ) ;
#1763 = PRESENTATION_STYLE_ASSIGNMENT (( #1804 ) ) ;
#1764 = SURFACE_STYLE_USAGE ( .BOTH. , #1032 ) ;
#1765 = VERTEX_POINT ( 'NONE', #1810 ) ;
#1766 = SURFACE_STYLE_USAGE ( .BOTH. , #719 ) ;
#1767 = AXIS2_PLACEMENT_3D ( 'NONE', #1268, #1723, #1420 ) ;
#1768 = CIRCLE ( 'NONE', #671, 0.1000000000000000472 ) ;
#1769 = SURFACE_STYLE_FILL_AREA ( #1574 ) ;
#1770 = SURFACE_STYLE_USAGE ( .BOTH. , #692 ) ;
#1771 = EDGE_CURVE ( 'NONE', #1003, #420, #1091, .T. ) ;
#1772 = AXIS2_PLACEMENT_3D ( 'NONE', #98, #384, #103 ) ;
#1773 = DIRECTION ( 'NONE',  ( 0.0000000000000000000, 0.0000000000000000000, -1.000000000000000000 ) ) ;
#1774 = VECTOR ( 'NONE', #899, 1000.000000000000000 ) ;
#1775 =( NAMED_UNIT ( * ) SI_UNIT ( $, .STERADIAN. ) SOLID_ANGLE_UNIT ( ) );
#1776 = SURFACE_STYLE_FILL_AREA ( #1173 ) ;
#1777 =( GEOMETRIC_REPRESENTATION_CONTEXT ( 3 ) GLOBAL_UNCERTAINTY_ASSIGNED_CONTEXT ( ( #1966 ) ) GLOBAL_UNIT_ASSIGNED_CONTEXT ( ( #700, #1788, #563 ) ) REPRESENTATION_CONTEXT ( 'NONE', 'WORKASPACE' ) );
#1778 =( GEOMETRIC_REPRESENTATION_CONTEXT ( 3 ) GLOBAL_UNCERTAINTY_ASSIGNED_CONTEXT ( ( #1722 ) ) GLOBAL_UNIT_ASSIGNED_CONTEXT ( ( #1594, #88, #656 ) ) REPRESENTATION_CONTEXT ( 'NONE', 'WORKASPACE' ) );
#1779 = ORIENTED_EDGE ( 'NONE', *, *, #1557, .T. ) ;
#1780 = ADVANCED_FACE ( 'NONE', ( #1064 ), #23, .T. ) ;
#1781 = MECHANICAL_DESIGN_GEOMETRIC_PRESENTATION_REPRESENTATION (  '', ( #1326 ), #919 ) ;
#1782 = AXIS2_PLACEMENT_3D ( 'NONE', #858, #538, #110 ) ;
#1783 = FILL_AREA_STYLE_COLOUR ( '', #1953 ) ;
#1784 = ORIENTED_EDGE ( 'NONE', *, *, #592, .T. ) ;
#1785 = DIRECTION ( 'NONE',  ( 0.0000000000000000000, 0.0000000000000000000, 1.000000000000000000 ) ) ;
#1786 = FILL_AREA_STYLE ('',( #1184 ) ) ;
#1787 = ORIENTED_EDGE ( 'NONE', *, *, #10, .T. ) ;
#1788 =( NAMED_UNIT ( * ) PLANE_ANGLE_UNIT ( ) SI_UNIT ( $, .RADIAN. ) );
#1789 = CARTESIAN_POINT ( 'NONE',  ( -1.149999999999999911, 0.1000000000000000056, 0.7999999999999999334 ) ) ;
#1790 = SURFACE_SIDE_STYLE ('',( #1029 ) ) ;
#1791 = ORIENTED_EDGE ( 'NONE', *, *, #480, .T. ) ;
#1792 = CARTESIAN_POINT ( 'NONE',  ( -1.149999999999999911, 0.1000000000000000056, -0.7999999999999999334 ) ) ;
#1793 = ORIENTED_EDGE ( 'NONE', *, *, #1589, .T. ) ;
#1794 = CARTESIAN_POINT ( 'NONE',  ( -1.149999999999999911, 1.699999999999999956, 0.7999999999999999334 ) ) ;
#1795 = ADVANCED_FACE ( 'NONE', ( #1503 ), #929, .T. ) ;
#1796 = MECHANICAL_DESIGN_GEOMETRIC_PRESENTATION_REPRESENTATION (  '', ( #1404 ), #543 ) ;
#1797 =( NAMED_UNIT ( * ) SI_UNIT ( $, .STERADIAN. ) SOLID_ANGLE_UNIT ( ) );
#1798 = DIRECTION ( 'NONE',  ( 0.0000000000000000000, -0.0000000000000000000, -1.000000000000000000 ) ) ;
#1799 = EDGE_CURVE ( 'NONE', #22, #1718, #791, .T. ) ;
#1800 =( LENGTH_UNIT ( ) NAMED_UNIT ( * ) SI_UNIT ( .MILLI., .METRE. ) );
#1801 = UNCERTAINTY_MEASURE_WITH_UNIT (LENGTH_MEASURE( 1.000000000000000082E-05 ), #1301, 'distance_accuracy_value', 'NONE');
#1802 = STYLED_ITEM ( 'NONE', ( #1591 ), #839 ) ;
#1803 = ORIENTED_EDGE ( 'NONE', *, *, #1048, .F. ) ;
#1804 = SURFACE_STYLE_USAGE ( .BOTH. , #1460 ) ;
#1805 = CYLINDRICAL_SURFACE ( 'NONE', #201, 0.1000000000000000472 ) ;
#1806 = APPLICATION_CONTEXT ( 'automotive_design' ) ;
#1807 = COLOUR_RGB ( '',0.7529411764705882248, 0.7529411764705882248, 0.7529411764705882248 ) ;
#1808 = UNCERTAINTY_MEASURE_WITH_UNIT (LENGTH_MEASURE( 1.000000000000000082E-05 ), #1071, 'distance_accuracy_value', 'NONE');
#1809 = PRESENTATION_STYLE_ASSIGNMENT (( #1203 ) ) ;
#1810 = CARTESIAN_POINT ( 'NONE',  ( -1.149999999999999911, 1.699999999999999956, 0.9000000000000000222 ) ) ;
#1811 = PRESENTATION_STYLE_ASSIGNMENT (( #1205 ) ) ;
#1812 = STYLED_ITEM ( 'NONE', ( #438 ), #95 ) ;
#1813 = VERTEX_POINT ( 'NONE', #1409 ) ;
#1814 = FILL_AREA_STYLE_COLOUR ( '', #1279 ) ;
#1815 = FACE_OUTER_BOUND ( 'NONE', #1536, .T. ) ;
#1816 = ORIENTED_EDGE ( 'NONE', *, *, #1888, .F. ) ;
#1817 = CARTESIAN_POINT ( 'NONE',  ( 1.149999999999999911, 1.699999999999999956, 0.7999999999999999334 ) ) ;
#1818 = SURFACE_STYLE_USAGE ( .BOTH. , #1211 ) ;
#1819 = PRESENTATION_STYLE_ASSIGNMENT (( #417 ) ) ;
#1820 = LINE ( 'NONE', #439, #1774 ) ;
#1821 = SURFACE_STYLE_FILL_AREA ( #1212 ) ;
#1822 = ORIENTED_EDGE ( 'NONE', *, *, #637, .T. ) ;
#1823 = CARTESIAN_POINT ( 'NONE',  ( -0.7500000000000000000, 0.1000000000000000472, -0.9000000000000000222 ) ) ;
#1824 = SURFACE_STYLE_FILL_AREA ( #1518 ) ;
#1825 = PRESENTATION_LAYER_ASSIGNMENT (  '', '', ( #734 ) ) ;
#1826 = DIRECTION ( 'NONE',  ( -0.0000000000000000000, 0.0000000000000000000, 1.000000000000000000 ) ) ;
#1827 =( NAMED_UNIT ( * ) SI_UNIT ( $, .STERADIAN. ) SOLID_ANGLE_UNIT ( ) );
#1828 = CARTESIAN_POINT ( 'NONE',  ( -0.7500000000000000000, 0.0000000000000000000, 0.7999999999999999334 ) ) ;
#1829 = LINE ( 'NONE', #1065, #604 ) ;
#1830 = CIRCLE ( 'NONE', #1283, 0.1000000000000000472 ) ;
#1831 = EDGE_CURVE ( 'NONE', #857, #288, #373, .T. ) ;
#1832 = PRESENTATION_STYLE_ASSIGNMENT (( #1863 ) ) ;
#1833 = CARTESIAN_POINT ( 'NONE',  ( 1.250000000000000000, 1.699999999999999956, -0.9000000000000000222 ) ) ;
#1834 = STYLED_ITEM ( 'NONE', ( #1306 ), #672 ) ;
#1835 = SURFACE_STYLE_USAGE ( .BOTH. , #907 ) ;
#1836 = EDGE_CURVE ( 'NONE', #47, #1639, #1247, .T. ) ;
#1837 =( GEOMETRIC_REPRESENTATION_CONTEXT ( 3 ) GLOBAL_UNCERTAINTY_ASSIGNED_CONTEXT ( ( #1499 ) ) GLOBAL_UNIT_ASSIGNED_CONTEXT ( ( #195, #1869, #649 ) ) REPRESENTATION_CONTEXT ( 'NONE', 'WORKASPACE' ) );
#1838 = COLOUR_RGB ( '',0.7529411764705882248, 0.7529411764705882248, 0.7529411764705882248 ) ;
#1839 = FILL_AREA_STYLE ('',( #1151 ) ) ;
#1840 = SURFACE_STYLE_USAGE ( .BOTH. , #140 ) ;
#1841 = CARTESIAN_POINT ( 'NONE',  ( 1.250000000000000000, 0.0000000000000000000, 0.0000000000000000000 ) ) ;
#1842 = CARTESIAN_POINT ( 'NONE',  ( -0.7500000000000000000, 0.1000000000000000056, 0.9000000000000000222 ) ) ;
#1843 = FILL_AREA_STYLE_COLOUR ( '', #1613 ) ;
#1844 = VECTOR ( 'NONE', #804, 1000.000000000000000 ) ;
#1845 = EDGE_LOOP ( 'NONE', ( #1847, #314, #1902, #1531, #1175, #1627, #1909, #967 ) ) ;
#1846 = LINE ( 'NONE', #485, #77 ) ;
#1847 = ORIENTED_EDGE ( 'NONE', *, *, #1195, .F. ) ;
#1848 = CARTESIAN_POINT ( 'NONE',  ( 0.7500000000000000000, 0.0000000000000000000, -0.7999999999999999334 ) ) ;
#1849 = DIRECTION ( 'NONE',  ( 1.000000000000000000, 0.0000000000000000000, 0.0000000000000000000 ) ) ;
#1850 = FACE_OUTER_BOUND ( 'NONE', #1312, .T. ) ;
#1851 = FACE_OUTER_BOUND ( 'NONE', #655, .T. ) ;
#1852 = PRESENTATION_STYLE_ASSIGNMENT (( #1271 ) ) ;
#1853 = PLANE ( 'NONE',  #1609 ) ;
#1854 = ORIENTED_EDGE ( 'NONE', *, *, #465, .F. ) ;
#1855 = EDGE_LOOP ( 'NONE', ( #1816, #959, #358, #792 ) ) ;
#1856 = ADVANCED_FACE ( 'NONE', ( #1713 ), #1428, .F. ) ;
#1857 = DIRECTION ( 'NONE',  ( 1.000000000000000000, 0.0000000000000000000, 0.0000000000000000000 ) ) ;
#1858 = FILL_AREA_STYLE ('',( #1878 ) ) ;
#1859 = SURFACE_SIDE_STYLE ('',( #1249 ) ) ;
#1860 = PRESENTATION_LAYER_ASSIGNMENT (  '', '', ( #701 ) ) ;
#1861 = ADVANCED_FACE ( 'NONE', ( #217 ), #468, .F. ) ;
#1862 = MECHANICAL_DESIGN_GEOMETRIC_PRESENTATION_REPRESENTATION (  '', ( #1168 ), #669 ) ;
#1863 = SURFACE_STYLE_USAGE ( .BOTH. , #1401 ) ;
#1864 = ORIENTED_EDGE ( 'NONE', *, *, #1939, .T. ) ;
#1865 = CARTESIAN_POINT ( 'NONE',  ( 0.7500000000000000000, 1.800000000000000044, 0.7999999999999999334 ) ) ;
#1866 = ORIENTED_EDGE ( 'NONE', *, *, #1236, .T. ) ;
#1867 = MECHANICAL_DESIGN_GEOMETRIC_PRESENTATION_REPRESENTATION (  '', ( #643 ), #1539 ) ;
#1868 = CIRCLE ( 'NONE', #374, 0.1000000000000000472 ) ;
#1869 =( NAMED_UNIT ( * ) PLANE_ANGLE_UNIT ( ) SI_UNIT ( $, .RADIAN. ) );
#1870 = STYLED_ITEM ( 'NONE', ( #527 ), #1215 ) ;
#1871 = SURFACE_STYLE_USAGE ( .BOTH. , #461 ) ;
#1872 = LINE ( 'NONE', #64, #699 ) ;
#1873 = ORIENTED_EDGE ( 'NONE', *, *, #698, .T. ) ;
#1874 = CYLINDRICAL_SURFACE ( 'NONE', #1088, 0.1000000000000000472 ) ;
#1875 = DIRECTION ( 'NONE',  ( -1.000000000000000000, 0.0000000000000000000, 0.0000000000000000000 ) ) ;
#1876 = ORIENTED_EDGE ( 'NONE', *, *, #469, .T. ) ;
#1877 = AXIS2_PLACEMENT_3D ( 'NONE', #167, #1892, #467 ) ;
#1878 = FILL_AREA_STYLE_COLOUR ( '', #1441 ) ;
#1879 = ORIENTED_EDGE ( 'NONE', *, *, #1073, .T. ) ;
#1880 = CARTESIAN_POINT ( 'NONE',  ( 1.250000000000000000, 0.1000000000000000056, 0.7999999999999999334 ) ) ;
#1881 = CARTESIAN_POINT ( 'NONE',  ( -1.250000000000000000, 1.800000000000000044, -0.7999999999999999334 ) ) ;
#1882 = ORIENTED_EDGE ( 'NONE', *, *, #554, .F. ) ;
#1883 = UNCERTAINTY_MEASURE_WITH_UNIT (LENGTH_MEASURE( 1.000000000000000082E-05 ), #1272, 'distance_accuracy_value', 'NONE');
#1884 = DIRECTION ( 'NONE',  ( -1.000000000000000000, -0.0000000000000000000, -0.0000000000000000000 ) ) ;
#1885 = AXIS2_PLACEMENT_3D ( 'NONE', #725, #1949, #411 ) ;
#1886 = CARTESIAN_POINT ( 'NONE',  ( 0.7500000000000000000, 1.800000000000000044, 0.7999999999999999334 ) ) ;
#1887 = LINE ( 'NONE', #1304, #1510 ) ;
#1888 = EDGE_CURVE ( 'NONE', #1940, #1416, #422, .T. ) ;
#1889 = SPHERICAL_SURFACE ( 'NONE', #916, 0.1000000000000000056 ) ;
#1890 = DIRECTION ( 'NONE',  ( 0.0000000000000000000, -1.000000000000000000, 0.0000000000000000000 ) ) ;
#1891 = ORIENTED_EDGE ( 'NONE', *, *, #617, .T. ) ;
#1892 = DIRECTION ( 'NONE',  ( 1.000000000000000000, 0.0000000000000000000, 0.0000000000000000000 ) ) ;
#1893 = EDGE_CURVE ( 'NONE', #481, #1378, #830, .T. ) ;
#1894 = STYLED_ITEM ( 'NONE', ( #1229 ), #825 ) ;
#1895 = CARTESIAN_POINT ( 'NONE',  ( 1.250000000000000000, 1.699999999999999956, 0.9000000000000000222 ) ) ;
#1896 = SURFACE_STYLE_FILL_AREA ( #531 ) ;
#1897 =( GEOMETRIC_REPRESENTATION_CONTEXT ( 3 ) GLOBAL_UNCERTAINTY_ASSIGNED_CONTEXT ( ( #596 ) ) GLOBAL_UNIT_ASSIGNED_CONTEXT ( ( #1906, #829, #1914 ) ) REPRESENTATION_CONTEXT ( 'NONE', 'WORKASPACE' ) );
#1898 = AXIS2_PLACEMENT_3D ( 'NONE', #549, #874, #1937 ) ;
#1899 = DIRECTION ( 'NONE',  ( 0.0000000000000000000, 0.0000000000000000000, -1.000000000000000000 ) ) ;
#1900 = VERTEX_POINT ( 'NONE', #1514 ) ;
#1901 = SURFACE_STYLE_USAGE ( .BOTH. , #695 ) ;
#1902 = ORIENTED_EDGE ( 'NONE', *, *, #802, .T. ) ;
#1903 = FILL_AREA_STYLE_COLOUR ( '', #1581 ) ;
#1904 = STYLED_ITEM ( 'NONE', ( #1004 ), #360 ) ;
#1905 = APPLICATION_CONTEXT ( 'automotive_design' ) ;
#1906 =( LENGTH_UNIT ( ) NAMED_UNIT ( * ) SI_UNIT ( .MILLI., .METRE. ) );
#1907 =( LENGTH_UNIT ( ) NAMED_UNIT ( * ) SI_UNIT ( .MILLI., .METRE. ) );
#1908 = FACE_OUTER_BOUND ( 'NONE', #1687, .T. ) ;
#1909 = ORIENTED_EDGE ( 'NONE', *, *, #1944, .F. ) ;
#1910 = DIRECTION ( 'NONE',  ( 0.0000000000000000000, 0.0000000000000000000, -1.000000000000000000 ) ) ;
#1911 = FILL_AREA_STYLE_COLOUR ( '', #1444 ) ;
#1912 = ORIENTED_EDGE ( 'NONE', *, *, #1498, .F. ) ;
#1913 = ADVANCED_FACE ( 'NONE', ( #459 ), #1056, .T. ) ;
#1914 =( NAMED_UNIT ( * ) SI_UNIT ( $, .STERADIAN. ) SOLID_ANGLE_UNIT ( ) );
#1915 = PLANE ( 'NONE',  #1470 ) ;
#1916 = COLOUR_RGB ( '',0.7529411764705882248, 0.7529411764705882248, 0.7529411764705882248 ) ;
#1917 = EDGE_CURVE ( 'NONE', #1559, #758, #544, .T. ) ;
#1918 = FILL_AREA_STYLE_COLOUR ( '', #1643 ) ;
#1919 = CARTESIAN_POINT ( 'NONE',  ( 1.149999999999999911, 0.1000000000000000472, -0.9000000000000000222 ) ) ;
#1920 = CARTESIAN_POINT ( 'NONE',  ( 0.7500000000000000000, 0.1000000000000000472, 0.7999999999999999334 ) ) ;
#1921 =( GEOMETRIC_REPRESENTATION_CONTEXT ( 3 ) GLOBAL_UNCERTAINTY_ASSIGNED_CONTEXT ( ( #498 ) ) GLOBAL_UNIT_ASSIGNED_CONTEXT ( ( #1342, #1646, #1957 ) ) REPRESENTATION_CONTEXT ( 'NONE', 'WORKASPACE' ) );
#1922 = VERTEX_POINT ( 'NONE', #1666 ) ;
#1923 = CYLINDRICAL_SURFACE ( 'NONE', #1782, 0.1000000000000000472 ) ;
#1924 = VECTOR ( 'NONE', #1688, 1000.000000000000000 ) ;
#1925 = FACE_OUTER_BOUND ( 'NONE', #488, .T. ) ;
#1926 = VECTOR ( 'NONE', #515, 1000.000000000000000 ) ;
#1927 = CYLINDRICAL_SURFACE ( 'NONE', #845, 0.1000000000000000472 ) ;
#1928 =( NAMED_UNIT ( * ) PLANE_ANGLE_UNIT ( ) SI_UNIT ( $, .RADIAN. ) );
#1929 = CARTESIAN_POINT ( 'NONE',  ( -0.7500000000000000000, 0.1000000000000000056, -0.9000000000000000222 ) ) ;
#1930 = EDGE_CURVE ( 'NONE', #518, #1559, #892, .T. ) ;
#1931 =( GEOMETRIC_REPRESENTATION_CONTEXT ( 3 ) GLOBAL_UNCERTAINTY_ASSIGNED_CONTEXT ( ( #1209 ) ) GLOBAL_UNIT_ASSIGNED_CONTEXT ( ( #718, #906, #885 ) ) REPRESENTATION_CONTEXT ( 'NONE', 'WORKASPACE' ) );
#1932 =( NAMED_UNIT ( * ) PLANE_ANGLE_UNIT ( ) SI_UNIT ( $, .RADIAN. ) );
#1933 = VECTOR ( 'NONE', #76, 1000.000000000000000 ) ;
#1934 = VERTEX_POINT ( 'NONE', #1219 ) ;
#1935 =( NAMED_UNIT ( * ) PLANE_ANGLE_UNIT ( ) SI_UNIT ( $, .RADIAN. ) );
#1936 = COLOUR_RGB ( '',0.2509803921568627416, 0.2509803921568627416, 0.2509803921568627416 ) ;
#1937 = DIRECTION ( 'NONE',  ( 1.000000000000000000, 0.0000000000000000000, 0.0000000000000000000 ) ) ;
#1938 = UNCERTAINTY_MEASURE_WITH_UNIT (LENGTH_MEASURE( 1.000000000000000082E-05 ), #1641, 'distance_accuracy_value', 'NONE');
#1939 = EDGE_CURVE ( 'NONE', #178, #324, #1829, .T. ) ;
#1940 = VERTEX_POINT ( 'NONE', #1842 ) ;
#1941 = SPHERICAL_SURFACE ( 'NONE', #933, 0.1000000000000000056 ) ;
#1942 =( NAMED_UNIT ( * ) PLANE_ANGLE_UNIT ( ) SI_UNIT ( $, .RADIAN. ) );
#1943 = CARTESIAN_POINT ( 'NONE',  ( -0.7500000000000000000, 0.0000000000000000000, 0.9000000000000000222 ) ) ;
#1944 = EDGE_CURVE ( 'NONE', #433, #518, #570, .T. ) ;
#1945 = SURFACE_SIDE_STYLE ('',( #1187 ) ) ;
#1946 = DIRECTION ( 'NONE',  ( 0.0000000000000000000, -1.000000000000000000, 0.0000000000000000000 ) ) ;
#1947 =( NAMED_UNIT ( * ) PLANE_ANGLE_UNIT ( ) SI_UNIT ( $, .RADIAN. ) );
#1948 = VERTEX_POINT ( 'NONE', #748 ) ;
#1949 = DIRECTION ( 'NONE',  ( -0.0000000000000000000, 1.000000000000000000, 0.0000000000000000000 ) ) ;
#1950 = EDGE_CURVE ( 'NONE', #1922, #1551, #228, .T. ) ;
#1951 = MECHANICAL_DESIGN_GEOMETRIC_PRESENTATION_REPRESENTATION (  '', ( #734 ), #1500 ) ;
#1952 = CARTESIAN_POINT ( 'NONE',  ( 0.7500000000000000000, 1.699999999999999956, -0.7999999999999999334 ) ) ;
#1953 = COLOUR_RGB ( '',0.2509803921568627416, 0.2509803921568627416, 0.2509803921568627416 ) ;
#1954 = PRESENTATION_LAYER_ASSIGNMENT (  '', '', ( #197 ) ) ;
#1955 = CARTESIAN_POINT ( 'NONE',  ( -0.7500000000000000000, 1.699999999999999956, 0.7999999999999999334 ) ) ;
#1956 = CIRCLE ( 'NONE', #1408, 0.1000000000000000472 ) ;
#1957 =( NAMED_UNIT ( * ) SI_UNIT ( $, .STERADIAN. ) SOLID_ANGLE_UNIT ( ) );
#1958 = SURFACE_STYLE_FILL_AREA ( #565 ) ;
#1959 = AXIS2_PLACEMENT_3D ( 'NONE', #1595, #232, #1785 ) ;
#1960 = COLOUR_RGB ( '',0.2509803921568627416, 0.2509803921568627416, 0.2509803921568627416 ) ;
#1961 = ORIENTED_EDGE ( 'NONE', *, *, #1645, .T. ) ;
#1962 = COLOUR_RGB ( '',0.7529411764705882248, 0.7529411764705882248, 0.7529411764705882248 ) ;
#1963 = ORIENTED_EDGE ( 'NONE', *, *, #176, .F. ) ;
#1964 = MECHANICAL_DESIGN_GEOMETRIC_PRESENTATION_REPRESENTATION (  '', ( #207 ), #613 ) ;
#1965 = CARTESIAN_POINT ( 'NONE',  ( 1.149999999999999911, 0.1000000000000000472, -0.7999999999999999334 ) ) ;
#1966 = UNCERTAINTY_MEASURE_WITH_UNIT (LENGTH_MEASURE( 1.000000000000000082E-05 ), #700, 'distance_accuracy_value', 'NONE');
#1967 =( LENGTH_UNIT ( ) NAMED_UNIT ( * ) SI_UNIT ( .MILLI., .METRE. ) );
#1968 =( LENGTH_UNIT ( ) NAMED_UNIT ( * ) SI_UNIT ( .MILLI., .METRE. ) );
#1969 = PRESENTATION_STYLE_ASSIGNMENT (( #747 ) ) ;
#1970 = AXIS2_PLACEMENT_3D ( 'NONE', #253, #159, #597 ) ;
ENDSEC;
END-ISO-10303-21;
