ISO-10303-21;
HEADER;
/* Generated by software containing ST-Developer
 * from STEP Tools, Inc. (www.steptools.com) 
 */
/* OPTION: strings as raw bytes, not using required /X/ escapes */

FILE_DESCRIPTION(
/* description */ ('Unknown'),
/* implementation_level */ '2;1');

FILE_NAME(
/* name */ '74439344xxx',
/* time_stamp */ '2024-12-17T10:23:00+01:00',
/* author */ ('Unknown'),
/* organization */ ('Unknown'),
/* preprocessor_version */ 'ST-DEVELOPER v19.4',
/* originating_system */ 'Solid Edge',
/* authorisation */ 'Unknown');

FILE_SCHEMA (('AUTOMOTIVE_DESIGN {1 0 10303 214 3 1 1}'));
ENDSEC;

DATA;
#10=PROPERTY_DEFINITION_REPRESENTATION(#14,#12);
#11=PROPERTY_DEFINITION_REPRESENTATION(#15,#13);
#12=REPRESENTATION('',(#16),#4226);
#13=REPRESENTATION('',(#17),#4226);
#14=PROPERTY_DEFINITION('pmi validation property','',#4231);
#15=PROPERTY_DEFINITION('pmi validation property','',#4231);
#16=VALUE_REPRESENTATION_ITEM('number of annotations',COUNT_MEASURE(0.));
#17=VALUE_REPRESENTATION_ITEM('number of views',COUNT_MEASURE(0.));
#18=SHAPE_REPRESENTATION_RELATIONSHIP('','',#2548,#19);
#19=ADVANCED_BREP_SHAPE_REPRESENTATION('',(#2546),#4226);
#20=B_SPLINE_SURFACE_WITH_KNOTS('',3,1,((#3624,#3625),(#3626,#3627),(#3628,
#3629),(#3630,#3631),(#3632,#3633),(#3634,#3635),(#3636,#3637),(#3638,#3639),
(#3640,#3641),(#3642,#3643),(#3644,#3645),(#3646,#3647)),
 .SURF_OF_LINEAR_EXTRUSION.,.F.,.F.,.F.,(4,1,1,1,1,1,1,1,1,4),(2,2),(0.,
0.0651274584666291,0.0976911876999436,0.130254916933258,0.195382375399887,
0.260509833866516,0.325637292333145,0.390764750799774,0.455892209266404,
0.521019667733033),(0.,1.),.UNSPECIFIED.);
#21=B_SPLINE_SURFACE_WITH_KNOTS('',3,1,((#3680,#3681),(#3682,#3683),(#3684,
#3685),(#3686,#3687),(#3688,#3689),(#3690,#3691),(#3692,#3693),(#3694,#3695),
(#3696,#3697),(#3698,#3699),(#3700,#3701)),.SURF_OF_LINEAR_EXTRUSION.,.F.,
 .F.,.F.,(4,1,1,1,1,1,1,1,4),(2,2),(0.547054527783831,0.600374503770462,
0.653694479757093,0.707014455743724,0.760334431730354,0.813654407716985,
0.866974383703616,0.920294359690247,0.973614335676877),(0.,1.),
 .UNSPECIFIED.);
#22=B_SPLINE_SURFACE_WITH_KNOTS('',3,1,((#3731,#3732),(#3733,#3734),(#3735,
#3736),(#3737,#3738),(#3739,#3740),(#3741,#3742),(#3743,#3744),(#3745,#3746),
(#3747,#3748),(#3749,#3750),(#3751,#3752),(#3753,#3754),(#3755,#3756),(#3757,
#3758),(#3759,#3760)),.SURF_OF_LINEAR_EXTRUSION.,.T.,.F.,.F.,(1,1,1,1,1,
1,1,1,1,1,1,1,1,1,1,1,1,1,1),(2,2),(-0.2872057992448,-0.16682433373802,
-0.0834121668690099,0.,0.067744011088421,0.135488022176842,0.24356891320585,
0.297609358720355,0.351649804234859,0.472031269741639,0.532222002495029,
0.592412735248419,0.7127942007552,0.83317566626198,0.91658783313099,1.,
1.06774401108842,1.13548802217684,1.24356891320585),(0.,1.),
 .UNSPECIFIED.);
#23=B_SPLINE_SURFACE_WITH_KNOTS('',3,1,((#3805,#3806),(#3807,#3808),(#3809,
#3810),(#3811,#3812),(#3813,#3814),(#3815,#3816),(#3817,#3818),(#3819,#3820),
(#3821,#3822),(#3823,#3824),(#3825,#3826),(#3827,#3828),(#3829,#3830),(#3831,
#3832)),.SURF_OF_LINEAR_EXTRUSION.,.T.,.F.,.F.,(1,1,1,1,1,1,1,1,1,1,1,1,
1,1,1,1,1,1),(2,2),(-0.324061553102653,-0.162030776551326,-0.0810153882756631,
0.,0.0632868654969411,0.126573730993882,0.239225312394288,0.295551103094492,
0.351876893794695,0.432892282070358,0.513907670346021,0.675938446897347,
0.837969223448674,0.918984611724337,1.,1.06328686549694,1.12657373099388,
1.23922531239429),(0.,1.),.UNSPECIFIED.);
#24=B_SPLINE_SURFACE_WITH_KNOTS('',3,1,((#3886,#3887),(#3888,#3889),(#3890,
#3891),(#3892,#3893),(#3894,#3895),(#3896,#3897),(#3898,#3899),(#3900,#3901),
(#3902,#3903)),.SURF_OF_LINEAR_EXTRUSION.,.F.,.F.,.F.,(4,1,1,1,1,1,4),(2,
2),(0.387643877506683,0.506384022997636,0.565754095743113,0.62512416848859,
0.684494241234067,0.743864313979544,0.862604459470497),(0.,1.),
 .UNSPECIFIED.);
#25=B_SPLINE_SURFACE_WITH_KNOTS('',3,1,((#3940,#3941),(#3942,#3943),(#3944,
#3945),(#3946,#3947),(#3948,#3949),(#3950,#3951),(#3952,#3953)),
 .SURF_OF_LINEAR_EXTRUSION.,.F.,.F.,.F.,(4,1,1,1,4),(2,2),(0.504329654753207,
0.628247241064905,0.752164827376603,0.876082413688302,1.),(0.,1.),
 .UNSPECIFIED.);
#26=B_SPLINE_SURFACE_WITH_KNOTS('',3,1,((#3981,#3982),(#3983,#3984),(#3985,
#3986),(#3987,#3988),(#3989,#3990)),.SURF_OF_LINEAR_EXTRUSION.,.F.,.F.,
 .F.,(4,1,4),(2,2),(0.,0.101652645217908,0.203305290435816),(0.,1.),
 .UNSPECIFIED.);
#27=B_SPLINE_SURFACE_WITH_KNOTS('',3,1,((#4043,#4044),(#4045,#4046),(#4047,
#4048),(#4049,#4050),(#4051,#4052)),.SURF_OF_LINEAR_EXTRUSION.,.F.,.F.,
 .F.,(4,1,4),(2,2),(0.827831541649388,0.913915770824694,1.),(0.,1.),
 .UNSPECIFIED.);
#28=B_SPLINE_SURFACE_WITH_KNOTS('',3,1,((#4066,#4067),(#4068,#4069),(#4070,
#4071),(#4072,#4073)),.SURF_OF_LINEAR_EXTRUSION.,.F.,.F.,.F.,(4,4),(2,2),
(0.,0.0186263256420108),(0.,1.),.PIECEWISE_BEZIER_KNOTS.);
#29=B_SPLINE_SURFACE_WITH_KNOTS('',3,1,((#4087,#4088),(#4089,#4090),(#4091,
#4092),(#4093,#4094),(#4095,#4096),(#4097,#4098),(#4099,#4100),(#4101,#4102),
(#4103,#4104),(#4105,#4106),(#4107,#4108)),.SURF_OF_LINEAR_EXTRUSION.,.F.,
 .F.,.F.,(4,1,1,1,1,1,1,1,4),(2,2),(0.0490523312254764,0.127611075800042,
0.206169820374608,0.284728564949173,0.363287309523739,0.441846054098304,
0.52040479867287,0.598963543247436,0.677522287822001),(0.,1.),
 .UNSPECIFIED.);
#30=B_SPLINE_SURFACE_WITH_KNOTS('',3,1,((#4136,#4137),(#4138,#4139),(#4140,
#4141),(#4142,#4143),(#4144,#4145),(#4146,#4147),(#4148,#4149)),
 .SURF_OF_LINEAR_EXTRUSION.,.F.,.F.,.F.,(4,1,1,1,4),(2,2),(0.351966417419006,
0.513974813064255,0.675983208709503,0.837991604354752,1.),(0.,1.),
 .UNSPECIFIED.);
#31=ELLIPSE('',#2597,0.14142135623731,0.1);
#32=ELLIPSE('',#2598,0.14142135623731,0.1);
#33=ELLIPSE('',#2600,0.14142135623731,0.1);
#34=ELLIPSE('',#2601,0.141421356237309,0.1);
#35=ELLIPSE('',#2603,0.141421356237309,0.1);
#36=ELLIPSE('',#2604,0.14142135623731,0.1);
#37=ELLIPSE('',#2606,0.14142135623731,0.1);
#38=ELLIPSE('',#2607,0.14142135623731,0.1);
#39=CYLINDRICAL_SURFACE('',#2556,0.2);
#40=CYLINDRICAL_SURFACE('',#2559,0.2);
#41=CYLINDRICAL_SURFACE('',#2562,0.2);
#42=CYLINDRICAL_SURFACE('',#2565,0.2);
#43=CYLINDRICAL_SURFACE('',#2587,0.2);
#44=CYLINDRICAL_SURFACE('',#2588,0.2);
#45=CYLINDRICAL_SURFACE('',#2589,0.2);
#46=CYLINDRICAL_SURFACE('',#2590,0.2);
#47=CYLINDRICAL_SURFACE('',#2596,0.1);
#48=CYLINDRICAL_SURFACE('',#2599,0.1);
#49=CYLINDRICAL_SURFACE('',#2602,0.1);
#50=CYLINDRICAL_SURFACE('',#2605,0.1);
#51=CYLINDRICAL_SURFACE('',#2669,0.2);
#52=B_SPLINE_CURVE_WITH_KNOTS('',3,(#3107,#3108,#3109,#3110),
 .UNSPECIFIED.,.F.,.F.,(4,4),(0.963624147164438,1.),.UNSPECIFIED.);
#53=B_SPLINE_CURVE_WITH_KNOTS('',3,(#3113,#3114,#3115,#3116),
 .UNSPECIFIED.,.F.,.F.,(4,4),(0.,0.334614019758454),.UNSPECIFIED.);
#54=B_SPLINE_CURVE_WITH_KNOTS('',3,(#3118,#3119,#3120,#3121),
 .UNSPECIFIED.,.F.,.F.,(4,4),(0.334614019758454,0.370989872594016),
 .UNSPECIFIED.);
#55=B_SPLINE_CURVE_WITH_KNOTS('',3,(#3123,#3124,#3125,#3126),
 .UNSPECIFIED.,.F.,.F.,(4,4),(0.370989872594016,0.387643877506683),
 .UNSPECIFIED.);
#56=B_SPLINE_CURVE_WITH_KNOTS('',3,(#3128,#3129,#3130,#3131,#3132,#3133,
#3134,#3135,#3136,#3137,#3138,#3139,#3140,#3141,#3142,#3143,#3144,#3145,
#3146),.UNSPECIFIED.,.F.,.F.,(4,2,3,3,2,3,2,4),(0.387643877506683,0.457487251778669,
0.490283271002036,0.521282721306097,0.622951021966714,0.72461932262733,
0.825195155704127,0.862604459470497),.UNSPECIFIED.);
#57=B_SPLINE_CURVE_WITH_KNOTS('',3,(#3148,#3149,#3150,#3151),
 .UNSPECIFIED.,.F.,.F.,(4,4),(0.862604459470497,0.963624147164438),
 .UNSPECIFIED.);
#58=B_SPLINE_CURVE_WITH_KNOTS('',3,(#3152,#3153,#3154,#3155),
 .UNSPECIFIED.,.F.,.F.,(4,4),(0.973614335676877,1.),.UNSPECIFIED.);
#59=B_SPLINE_CURVE_WITH_KNOTS('',3,(#3158,#3159,#3160,#3161,#3162,#3163,
#3164,#3165,#3166,#3167,#3168,#3169,#3170,#3171,#3172,#3173,#3174,#3175,
#3176,#3177,#3178,#3179,#3180),.UNSPECIFIED.,.F.,.F.,(4,2,3,3,3,2,3,3,4),
(0.,0.0561153350924836,0.112230670184967,0.144603716510694,0.177336910035603,
0.252794199173639,0.373449255409585,0.448909632256476,0.521019667733033),
 .UNSPECIFIED.);
#60=B_SPLINE_CURVE_WITH_KNOTS('',3,(#3182,#3183,#3184,#3185),
 .UNSPECIFIED.,.F.,.F.,(4,4),(0.521019667733033,0.547054527783831),
 .UNSPECIFIED.);
#61=B_SPLINE_CURVE_WITH_KNOTS('',3,(#3187,#3188,#3189,#3190,#3191,#3192,
#3193,#3194,#3195,#3196,#3197,#3198,#3199,#3200,#3201,#3202,#3203,#3204,
#3205,#3206,#3207,#3208,#3209,#3210,#3211,#3212,#3213,#3214),
 .UNSPECIFIED.,.F.,.F.,(4,2,3,3,3,2,3,3,3,2,4),(0.547054527783831,0.596166884913015,
0.645279242042197,0.668081935608649,0.693848364997786,0.750717932899626,
0.807587500801466,0.841024582542908,0.869798765579288,0.921425968006198,
0.973614335676877),.UNSPECIFIED.);
#62=B_SPLINE_CURVE_WITH_KNOTS('',1,(#3215,#3216),.UNSPECIFIED.,.F.,.F.,
(2,2),(0.966013071895425,1.),.UNSPECIFIED.);
#63=B_SPLINE_CURVE_WITH_KNOTS('',1,(#3219,#3220),.UNSPECIFIED.,.F.,.F.,
(2,2),(0.,0.179302832244009),.UNSPECIFIED.);
#64=B_SPLINE_CURVE_WITH_KNOTS('',1,(#3222,#3223),.UNSPECIFIED.,.F.,.F.,
(2,2),(0.179302832244009,0.5),.UNSPECIFIED.);
#65=B_SPLINE_CURVE_WITH_KNOTS('',1,(#3225,#3226),.UNSPECIFIED.,.F.,.F.,
(2,2),(0.5,0.537037037037037),.UNSPECIFIED.);
#66=B_SPLINE_CURVE_WITH_KNOTS('',1,(#3228,#3229),.UNSPECIFIED.,.F.,.F.,
(2,2),(0.537037037037037,0.823747276688453),.UNSPECIFIED.);
#67=B_SPLINE_CURVE_WITH_KNOTS('',1,(#3231,#3232),.UNSPECIFIED.,.F.,.F.,
(2,2),(0.823747276688453,0.966013071895425),.UNSPECIFIED.);
#68=B_SPLINE_CURVE_WITH_KNOTS('',1,(#3267,#3268),.UNSPECIFIED.,.F.,.F.,
(2,2),(0.595266990291262,1.),.UNSPECIFIED.);
#69=B_SPLINE_CURVE_WITH_KNOTS('',1,(#3271,#3272),.UNSPECIFIED.,.F.,.F.,
(2,2),(0.,0.0952669902912622),.UNSPECIFIED.);
#70=B_SPLINE_CURVE_WITH_KNOTS('',1,(#3274,#3275),.UNSPECIFIED.,.F.,.F.,
(2,2),(0.0952669902912622,0.5),.UNSPECIFIED.);
#71=B_SPLINE_CURVE_WITH_KNOTS('',1,(#3277,#3278),.UNSPECIFIED.,.F.,.F.,
(2,2),(0.5,0.595266990291262),.UNSPECIFIED.);
#72=B_SPLINE_CURVE_WITH_KNOTS('',3,(#3279,#3280,#3281,#3282,#3283,#3284,
#3285,#3286,#3287,#3288,#3289,#3290,#3291,#3292,#3293,#3294,#3295,#3296,
#3297,#3298),.UNSPECIFIED.,.T.,.F.,(4,3,2,3,2,2,2,2,4),(0.,0.13323550630935,
0.248485230652044,0.363734954994738,0.490473290551904,0.617854967913928,
0.745236645275952,0.872618322637977,1.),.UNSPECIFIED.);
#73=B_SPLINE_CURVE_WITH_KNOTS('',3,(#3300,#3301,#3302,#3303,#3304,#3305,
#3306,#3307,#3308),.UNSPECIFIED.,.F.,.F.,(4,3,2,4),(0.827831541649388,0.883410755464368,
0.941418212105249,1.),.UNSPECIFIED.);
#74=B_SPLINE_CURVE_WITH_KNOTS('',3,(#3311,#3312,#3313,#3314),
 .UNSPECIFIED.,.F.,.F.,(4,4),(0.,0.0186263256420108),.UNSPECIFIED.);
#75=B_SPLINE_CURVE_WITH_KNOTS('',3,(#3316,#3317,#3318,#3319),
 .UNSPECIFIED.,.F.,.F.,(4,4),(0.0186263256420108,0.0490523312254764),
 .UNSPECIFIED.);
#76=B_SPLINE_CURVE_WITH_KNOTS('',3,(#3321,#3322,#3323,#3324,#3325,#3326,
#3327,#3328,#3329,#3330,#3331,#3332,#3333,#3334,#3335,#3336,#3337,#3338,
#3339,#3340),.UNSPECIFIED.,.F.,.F.,(4,3,3,2,2,3,3,4),(0.0490523312254764,
0.138652045204503,0.21832727129023,0.305024103200627,0.479823661592941,
0.563680206497362,0.650110476213406,0.677522287822001),.UNSPECIFIED.);
#77=B_SPLINE_CURVE_WITH_KNOTS('',3,(#3342,#3343,#3344,#3345),
 .UNSPECIFIED.,.F.,.F.,(4,4),(0.677522287822001,0.827831541649388),
 .UNSPECIFIED.);
#78=B_SPLINE_CURVE_WITH_KNOTS('',1,(#3566,#3567),.UNSPECIFIED.,.F.,.F.,
(2,2),(0.966013071895425,1.),.UNSPECIFIED.);
#79=B_SPLINE_CURVE_WITH_KNOTS('',1,(#3571,#3572),.UNSPECIFIED.,.F.,.F.,
(2,2),(0.,0.179302832244009),.UNSPECIFIED.);
#80=B_SPLINE_CURVE_WITH_KNOTS('',1,(#3576,#3577),.UNSPECIFIED.,.F.,.F.,
(2,2),(0.179302832244009,0.5),.UNSPECIFIED.);
#81=B_SPLINE_CURVE_WITH_KNOTS('',1,(#3581,#3582),.UNSPECIFIED.,.F.,.F.,
(2,2),(0.5,0.537037037037037),.UNSPECIFIED.);
#82=B_SPLINE_CURVE_WITH_KNOTS('',1,(#3586,#3587),.UNSPECIFIED.,.F.,.F.,
(2,2),(0.537037037037037,0.823747276688453),.UNSPECIFIED.);
#83=B_SPLINE_CURVE_WITH_KNOTS('',1,(#3591,#3592),.UNSPECIFIED.,.F.,.F.,
(2,2),(0.823747276688453,0.966013071895425),.UNSPECIFIED.);
#84=B_SPLINE_CURVE_WITH_KNOTS('',1,(#3597,#3598),.UNSPECIFIED.,.F.,.F.,
(2,2),(0.595266990291262,1.),.UNSPECIFIED.);
#85=B_SPLINE_CURVE_WITH_KNOTS('',1,(#3602,#3603),.UNSPECIFIED.,.F.,.F.,
(2,2),(0.,0.0952669902912622),.UNSPECIFIED.);
#86=B_SPLINE_CURVE_WITH_KNOTS('',1,(#3607,#3608),.UNSPECIFIED.,.F.,.F.,
(2,2),(0.0952669902912622,0.5),.UNSPECIFIED.);
#87=B_SPLINE_CURVE_WITH_KNOTS('',1,(#3612,#3613),.UNSPECIFIED.,.F.,.F.,
(2,2),(0.5,0.595266990291262),.UNSPECIFIED.);
#88=B_SPLINE_CURVE_WITH_KNOTS('',3,(#3618,#3619,#3620,#3621),
 .UNSPECIFIED.,.F.,.F.,(4,4),(0.973614335676877,1.),.UNSPECIFIED.);
#89=B_SPLINE_CURVE_WITH_KNOTS('',3,(#3648,#3649,#3650,#3651,#3652,#3653,
#3654,#3655,#3656,#3657,#3658,#3659,#3660,#3661,#3662,#3663,#3664,#3665,
#3666,#3667,#3668,#3669,#3670),.UNSPECIFIED.,.F.,.F.,(4,2,3,3,3,2,3,3,4),
(0.,0.0561153350924836,0.112230670184967,0.144603716510694,0.177336910035603,
0.252794199173639,0.373449255409585,0.448909632256476,0.521019667733033),
 .UNSPECIFIED.);
#90=B_SPLINE_CURVE_WITH_KNOTS('',3,(#3674,#3675,#3676,#3677),
 .UNSPECIFIED.,.F.,.F.,(4,4),(0.521019667733033,0.547054527783831),
 .UNSPECIFIED.);
#91=B_SPLINE_CURVE_WITH_KNOTS('',3,(#3702,#3703,#3704,#3705,#3706,#3707,
#3708,#3709,#3710,#3711,#3712,#3713,#3714,#3715,#3716,#3717,#3718,#3719,
#3720,#3721,#3722,#3723,#3724,#3725,#3726,#3727,#3728,#3729),
 .UNSPECIFIED.,.F.,.F.,(4,2,3,3,3,2,3,3,3,2,4),(0.547054527783831,0.596166884913015,
0.645279242042197,0.668081935608649,0.693848364997786,0.750717932899626,
0.807587500801466,0.841024582542908,0.869798765579288,0.921425968006198,
0.973614335676877),.UNSPECIFIED.);
#92=B_SPLINE_CURVE_WITH_KNOTS('',3,(#3761,#3762,#3763,#3764,#3765,#3766,
#3767,#3768,#3769,#3770,#3771,#3772,#3773,#3774,#3775,#3776,#3777,#3778,
#3779,#3780,#3781),.UNSPECIFIED.,.T.,.F.,(4,3,2,3,2,2,2,3,4),(0.,0.142618970712465,
0.252822855422558,0.363026740132649,0.486899838270602,0.610772936408555,
0.734646034546508,0.85851913268446,1.),.UNSPECIFIED.);
#93=B_SPLINE_CURVE_WITH_KNOTS('',3,(#3783,#3784,#3785,#3786,#3787,#3788,
#3789,#3790,#3791,#3792,#3793,#3794,#3795,#3796,#3797,#3798,#3799,#3800,
#3801,#3802,#3803),.UNSPECIFIED.,.T.,.F.,(4,3,2,3,2,2,2,3,4),(0.,0.142618970712465,
0.252822855422558,0.363026740132649,0.486899838270602,0.610772936408555,
0.734646034546508,0.85851913268446,1.),.UNSPECIFIED.);
#94=B_SPLINE_CURVE_WITH_KNOTS('',3,(#3833,#3834,#3835,#3836,#3837,#3838,
#3839,#3840,#3841,#3842,#3843,#3844,#3845,#3846,#3847,#3848,#3849,#3850,
#3851,#3852),.UNSPECIFIED.,.T.,.F.,(4,3,2,3,2,2,2,2,4),(0.,0.13323550630935,
0.248485230652044,0.363734954994738,0.490473290551904,0.617854967913928,
0.745236645275952,0.872618322637977,1.),.UNSPECIFIED.);
#95=B_SPLINE_CURVE_WITH_KNOTS('',3,(#3859,#3860,#3861,#3862),
 .UNSPECIFIED.,.F.,.F.,(4,4),(0.963624147164438,1.),.UNSPECIFIED.);
#96=B_SPLINE_CURVE_WITH_KNOTS('',3,(#3866,#3867,#3868,#3869),
 .UNSPECIFIED.,.F.,.F.,(4,4),(0.,0.334614019758454),.UNSPECIFIED.);
#97=B_SPLINE_CURVE_WITH_KNOTS('',3,(#3873,#3874,#3875,#3876),
 .UNSPECIFIED.,.F.,.F.,(4,4),(0.334614019758454,0.370989872594016),
 .UNSPECIFIED.);
#98=B_SPLINE_CURVE_WITH_KNOTS('',3,(#3880,#3881,#3882,#3883),
 .UNSPECIFIED.,.F.,.F.,(4,4),(0.370989872594016,0.387643877506683),
 .UNSPECIFIED.);
#99=B_SPLINE_CURVE_WITH_KNOTS('',3,(#3904,#3905,#3906,#3907,#3908,#3909,
#3910,#3911,#3912,#3913,#3914,#3915,#3916,#3917,#3918,#3919,#3920,#3921,
#3922),.UNSPECIFIED.,.F.,.F.,(4,2,3,3,2,3,2,4),(0.387643877506683,0.457487251778669,
0.490283271002036,0.521282721306097,0.622951021966714,0.72461932262733,
0.825195155704127,0.862604459470497),.UNSPECIFIED.);
#100=B_SPLINE_CURVE_WITH_KNOTS('',3,(#3926,#3927,#3928,#3929),
 .UNSPECIFIED.,.F.,.F.,(4,4),(0.203305290435816,0.504329654753207),
 .UNSPECIFIED.);
#101=B_SPLINE_CURVE_WITH_KNOTS('',3,(#3934,#3935,#3936,#3937),
 .UNSPECIFIED.,.F.,.F.,(4,4),(0.203305290435816,0.504329654753207),
 .UNSPECIFIED.);
#102=B_SPLINE_CURVE_WITH_KNOTS('',3,(#3954,#3955,#3956,#3957,#3958,#3959,
#3960,#3961,#3962,#3963,#3964,#3965),.UNSPECIFIED.,.F.,.F.,(4,3,3,2,4),
(0.504329654753207,0.6040376573502,0.713874632353202,0.845166335862018,
1.),.UNSPECIFIED.);
#103=B_SPLINE_CURVE_WITH_KNOTS('',3,(#3967,#3968,#3969,#3970,#3971,#3972,
#3973,#3974,#3975,#3976,#3977,#3978),.UNSPECIFIED.,.F.,.F.,(4,3,3,2,4),
(0.504329654753207,0.6040376573502,0.713874632353202,0.845166335862018,
1.),.UNSPECIFIED.);
#104=B_SPLINE_CURVE_WITH_KNOTS('',3,(#3991,#3992,#3993,#3994,#3995,#3996,
#3997,#3998,#3999,#4000,#4001,#4002,#4003,#4004,#4005),.UNSPECIFIED.,.F.,
 .F.,(4,3,2,3,3,4),(0.,0.0368650531576816,0.0852666153027283,0.133668177447773,
0.189197159498737,0.203305290435816),.UNSPECIFIED.);
#105=B_SPLINE_CURVE_WITH_KNOTS('',3,(#4006,#4007,#4008,#4009,#4010,#4011,
#4012,#4013,#4014,#4015,#4016,#4017,#4018,#4019,#4020),.UNSPECIFIED.,.F.,
 .F.,(4,3,2,3,3,4),(0.,0.0368650531576816,0.0852666153027283,0.133668177447773,
0.189197159498737,0.203305290435816),.UNSPECIFIED.);
#106=B_SPLINE_CURVE_WITH_KNOTS('',3,(#4022,#4023,#4024,#4025),
 .UNSPECIFIED.,.F.,.F.,(4,4),(0.862604459470497,0.963624147164438),
 .UNSPECIFIED.);
#107=B_SPLINE_CURVE_WITH_KNOTS('',3,(#4029,#4030,#4031,#4032),
 .UNSPECIFIED.,.F.,.F.,(4,4),(0.,0.351966417419006),.UNSPECIFIED.);
#108=B_SPLINE_CURVE_WITH_KNOTS('',3,(#4037,#4038,#4039,#4040),
 .UNSPECIFIED.,.F.,.F.,(4,4),(0.,0.351966417419006),.UNSPECIFIED.);
#109=B_SPLINE_CURVE_WITH_KNOTS('',3,(#4055,#4056,#4057,#4058,#4059,#4060,
#4061,#4062,#4063),.UNSPECIFIED.,.F.,.F.,(4,3,2,4),(0.827831541649388,0.883410755464368,
0.941418212105249,1.),.UNSPECIFIED.);
#110=B_SPLINE_CURVE_WITH_KNOTS('',3,(#4074,#4075,#4076,#4077),
 .UNSPECIFIED.,.F.,.F.,(4,4),(0.,0.0186263256420108),.UNSPECIFIED.);
#111=B_SPLINE_CURVE_WITH_KNOTS('',3,(#4081,#4082,#4083,#4084),
 .UNSPECIFIED.,.F.,.F.,(4,4),(0.0186263256420108,0.0490523312254764),
 .UNSPECIFIED.);
#112=B_SPLINE_CURVE_WITH_KNOTS('',3,(#4109,#4110,#4111,#4112,#4113,#4114,
#4115,#4116,#4117,#4118,#4119,#4120,#4121,#4122,#4123,#4124,#4125,#4126,
#4127,#4128),.UNSPECIFIED.,.F.,.F.,(4,3,3,2,2,3,3,4),(0.0490523312254764,
0.138652045204503,0.21832727129023,0.305024103200627,0.479823661592941,
0.563680206497362,0.650110476213406,0.677522287822001),.UNSPECIFIED.);
#113=B_SPLINE_CURVE_WITH_KNOTS('',3,(#4132,#4133,#4134,#4135),
 .UNSPECIFIED.,.F.,.F.,(4,4),(0.677522287822001,0.827831541649388),
 .UNSPECIFIED.);
#114=B_SPLINE_CURVE_WITH_KNOTS('',3,(#4150,#4151,#4152,#4153,#4154,#4155,
#4156,#4157,#4158,#4159),.UNSPECIFIED.,.F.,.F.,(4,2,2,2,4),(0.351966417419006,
0.514869887073345,0.677773356727683,0.838886678363843,1.),.UNSPECIFIED.);
#115=B_SPLINE_CURVE_WITH_KNOTS('',3,(#4160,#4161,#4162,#4163,#4164,#4165,
#4166,#4167,#4168,#4169),.UNSPECIFIED.,.F.,.F.,(4,2,2,2,4),(0.351966417419006,
0.514869887073345,0.677773356727683,0.838886678363843,1.),.UNSPECIFIED.);
#116=LINE('',#3083,#277);
#117=LINE('',#3086,#278);
#118=LINE('',#3088,#279);
#119=LINE('',#3090,#280);
#120=LINE('',#3092,#281);
#121=LINE('',#3094,#282);
#122=LINE('',#3096,#283);
#123=LINE('',#3098,#284);
#124=LINE('',#3100,#285);
#125=LINE('',#3102,#286);
#126=LINE('',#3104,#287);
#127=LINE('',#3106,#288);
#128=LINE('',#3233,#289);
#129=LINE('',#3236,#290);
#130=LINE('',#3238,#291);
#131=LINE('',#3240,#292);
#132=LINE('',#3242,#293);
#133=LINE('',#3244,#294);
#134=LINE('',#3246,#295);
#135=LINE('',#3248,#296);
#136=LINE('',#3250,#297);
#137=LINE('',#3252,#298);
#138=LINE('',#3254,#299);
#139=LINE('',#3256,#300);
#140=LINE('',#3258,#301);
#141=LINE('',#3259,#302);
#142=LINE('',#3262,#303);
#143=LINE('',#3264,#304);
#144=LINE('',#3266,#305);
#145=LINE('',#3347,#306);
#146=LINE('',#3350,#307);
#147=LINE('',#3352,#308);
#148=LINE('',#3354,#309);
#149=LINE('',#3356,#310);
#150=LINE('',#3359,#311);
#151=LINE('',#3361,#312);
#152=LINE('',#3363,#313);
#153=LINE('',#3365,#314);
#154=LINE('',#3368,#315);
#155=LINE('',#3370,#316);
#156=LINE('',#3372,#317);
#157=LINE('',#3374,#318);
#158=LINE('',#3377,#319);
#159=LINE('',#3379,#320);
#160=LINE('',#3381,#321);
#161=LINE('',#3395,#322);
#162=LINE('',#3398,#323);
#163=LINE('',#3400,#324);
#164=LINE('',#3402,#325);
#165=LINE('',#3403,#326);
#166=LINE('',#3406,#327);
#167=LINE('',#3408,#328);
#168=LINE('',#3410,#329);
#169=LINE('',#3412,#330);
#170=LINE('',#3414,#331);
#171=LINE('',#3416,#332);
#172=LINE('',#3418,#333);
#173=LINE('',#3423,#334);
#174=LINE('',#3426,#335);
#175=LINE('',#3428,#336);
#176=LINE('',#3432,#337);
#177=LINE('',#3436,#338);
#178=LINE('',#3437,#339);
#179=LINE('',#3439,#340);
#180=LINE('',#3443,#341);
#181=LINE('',#3447,#342);
#182=LINE('',#3449,#343);
#183=LINE('',#3451,#344);
#184=LINE('',#3453,#345);
#185=LINE('',#3458,#346);
#186=LINE('',#3461,#347);
#187=LINE('',#3463,#348);
#188=LINE('',#3464,#349);
#189=LINE('',#3470,#350);
#190=LINE('',#3475,#351);
#191=LINE('',#3479,#352);
#192=LINE('',#3483,#353);
#193=LINE('',#3503,#354);
#194=LINE('',#3504,#355);
#195=LINE('',#3506,#356);
#196=LINE('',#3508,#357);
#197=LINE('',#3511,#358);
#198=LINE('',#3513,#359);
#199=LINE('',#3515,#360);
#200=LINE('',#3517,#361);
#201=LINE('',#3519,#362);
#202=LINE('',#3521,#363);
#203=LINE('',#3523,#364);
#204=LINE('',#3525,#365);
#205=LINE('',#3527,#366);
#206=LINE('',#3529,#367);
#207=LINE('',#3531,#368);
#208=LINE('',#3533,#369);
#209=LINE('',#3535,#370);
#210=LINE('',#3537,#371);
#211=LINE('',#3539,#372);
#212=LINE('',#3541,#373);
#213=LINE('',#3543,#374);
#214=LINE('',#3545,#375);
#215=LINE('',#3547,#376);
#216=LINE('',#3549,#377);
#217=LINE('',#3551,#378);
#218=LINE('',#3553,#379);
#219=LINE('',#3555,#380);
#220=LINE('',#3557,#381);
#221=LINE('',#3559,#382);
#222=LINE('',#3561,#383);
#223=LINE('',#3564,#384);
#224=LINE('',#3569,#385);
#225=LINE('',#3574,#386);
#226=LINE('',#3579,#387);
#227=LINE('',#3584,#388);
#228=LINE('',#3589,#389);
#229=LINE('',#3595,#390);
#230=LINE('',#3600,#391);
#231=LINE('',#3605,#392);
#232=LINE('',#3610,#393);
#233=LINE('',#3616,#394);
#234=LINE('',#3623,#395);
#235=LINE('',#3672,#396);
#236=LINE('',#3679,#397);
#237=LINE('',#3857,#398);
#238=LINE('',#3864,#399);
#239=LINE('',#3871,#400);
#240=LINE('',#3878,#401);
#241=LINE('',#3885,#402);
#242=LINE('',#3924,#403);
#243=LINE('',#3932,#404);
#244=LINE('',#3939,#405);
#245=LINE('',#3980,#406);
#246=LINE('',#4035,#407);
#247=LINE('',#4042,#408);
#248=LINE('',#4053,#409);
#249=LINE('',#4065,#410);
#250=LINE('',#4079,#411);
#251=LINE('',#4086,#412);
#252=LINE('',#4130,#413);
#253=LINE('',#4173,#414);
#254=LINE('',#4175,#415);
#255=LINE('',#4177,#416);
#256=LINE('',#4179,#417);
#257=LINE('',#4181,#418);
#258=LINE('',#4183,#419);
#259=LINE('',#4185,#420);
#260=LINE('',#4187,#421);
#261=LINE('',#4189,#422);
#262=LINE('',#4191,#423);
#263=LINE('',#4193,#424);
#264=LINE('',#4195,#425);
#265=LINE('',#4197,#426);
#266=LINE('',#4199,#427);
#267=LINE('',#4201,#428);
#268=LINE('',#4203,#429);
#269=LINE('',#4205,#430);
#270=LINE('',#4207,#431);
#271=LINE('',#4209,#432);
#272=LINE('',#4211,#433);
#273=LINE('',#4213,#434);
#274=LINE('',#4215,#435);
#275=LINE('',#4217,#436);
#276=LINE('',#4219,#437);
#277=VECTOR('',#2678,1000.);
#278=VECTOR('',#2679,1000.);
#279=VECTOR('',#2680,1000.);
#280=VECTOR('',#2681,1000.);
#281=VECTOR('',#2682,1000.);
#282=VECTOR('',#2683,1000.);
#283=VECTOR('',#2684,1000.);
#284=VECTOR('',#2685,1000.);
#285=VECTOR('',#2686,1000.);
#286=VECTOR('',#2687,1000.);
#287=VECTOR('',#2688,1000.);
#288=VECTOR('',#2689,1000.);
#289=VECTOR('',#2690,1000.);
#290=VECTOR('',#2691,1000.);
#291=VECTOR('',#2692,1000.);
#292=VECTOR('',#2693,1000.);
#293=VECTOR('',#2694,1000.);
#294=VECTOR('',#2695,1000.);
#295=VECTOR('',#2696,1000.);
#296=VECTOR('',#2697,1000.);
#297=VECTOR('',#2698,1000.);
#298=VECTOR('',#2699,1000.);
#299=VECTOR('',#2700,1000.);
#300=VECTOR('',#2701,1000.);
#301=VECTOR('',#2702,1000.);
#302=VECTOR('',#2703,1000.);
#303=VECTOR('',#2704,1000.);
#304=VECTOR('',#2705,1000.);
#305=VECTOR('',#2706,1000.);
#306=VECTOR('',#2709,1000.);
#307=VECTOR('',#2710,1000.);
#308=VECTOR('',#2711,1000.);
#309=VECTOR('',#2712,1000.);
#310=VECTOR('',#2715,1000.);
#311=VECTOR('',#2716,1000.);
#312=VECTOR('',#2717,1000.);
#313=VECTOR('',#2718,1000.);
#314=VECTOR('',#2721,1000.);
#315=VECTOR('',#2722,1000.);
#316=VECTOR('',#2723,1000.);
#317=VECTOR('',#2724,1000.);
#318=VECTOR('',#2727,1000.);
#319=VECTOR('',#2728,1000.);
#320=VECTOR('',#2729,1000.);
#321=VECTOR('',#2730,1000.);
#322=VECTOR('',#2757,1000.);
#323=VECTOR('',#2758,1000.);
#324=VECTOR('',#2759,1000.);
#325=VECTOR('',#2760,1000.);
#326=VECTOR('',#2761,1000.);
#327=VECTOR('',#2762,1000.);
#328=VECTOR('',#2763,1000.);
#329=VECTOR('',#2764,1000.);
#330=VECTOR('',#2767,1000.);
#331=VECTOR('',#2768,1000.);
#332=VECTOR('',#2769,1000.);
#333=VECTOR('',#2772,1000.);
#334=VECTOR('',#2775,1000.);
#335=VECTOR('',#2780,1000.);
#336=VECTOR('',#2781,1000.);
#337=VECTOR('',#2786,1000.);
#338=VECTOR('',#2791,1000.);
#339=VECTOR('',#2792,1000.);
#340=VECTOR('',#2795,1000.);
#341=VECTOR('',#2798,1000.);
#342=VECTOR('',#2801,1000.);
#343=VECTOR('',#2804,1000.);
#344=VECTOR('',#2805,1000.);
#345=VECTOR('',#2808,1000.);
#346=VECTOR('',#2811,1000.);
#347=VECTOR('',#2816,1000.);
#348=VECTOR('',#2819,1000.);
#349=VECTOR('',#2820,1000.);
#350=VECTOR('',#2831,1000.);
#351=VECTOR('',#2834,1000.);
#352=VECTOR('',#2837,1000.);
#353=VECTOR('',#2840,1000.);
#354=VECTOR('',#2869,1000.);
#355=VECTOR('',#2870,1000.);
#356=VECTOR('',#2873,1000.);
#357=VECTOR('',#2876,1000.);
#358=VECTOR('',#2881,1000.);
#359=VECTOR('',#2882,1000.);
#360=VECTOR('',#2883,1000.);
#361=VECTOR('',#2886,1000.);
#362=VECTOR('',#2887,1000.);
#363=VECTOR('',#2890,1000.);
#364=VECTOR('',#2891,1000.);
#365=VECTOR('',#2894,1000.);
#366=VECTOR('',#2895,1000.);
#367=VECTOR('',#2898,1000.);
#368=VECTOR('',#2899,1000.);
#369=VECTOR('',#2902,1000.);
#370=VECTOR('',#2903,1000.);
#371=VECTOR('',#2906,1000.);
#372=VECTOR('',#2907,1000.);
#373=VECTOR('',#2910,1000.);
#374=VECTOR('',#2911,1000.);
#375=VECTOR('',#2914,1000.);
#376=VECTOR('',#2915,1000.);
#377=VECTOR('',#2918,1000.);
#378=VECTOR('',#2919,1000.);
#379=VECTOR('',#2922,1000.);
#380=VECTOR('',#2923,1000.);
#381=VECTOR('',#2926,1000.);
#382=VECTOR('',#2927,1000.);
#383=VECTOR('',#2930,1000.);
#384=VECTOR('',#2935,1000.);
#385=VECTOR('',#2936,1000.);
#386=VECTOR('',#2939,1000.);
#387=VECTOR('',#2942,1000.);
#388=VECTOR('',#2945,1000.);
#389=VECTOR('',#2948,1000.);
#390=VECTOR('',#2955,1000.);
#391=VECTOR('',#2956,1000.);
#392=VECTOR('',#2959,1000.);
#393=VECTOR('',#2962,1000.);
#394=VECTOR('',#2969,1000.);
#395=VECTOR('',#2970,1000.);
#396=VECTOR('',#2971,1000.);
#397=VECTOR('',#2974,1000.);
#398=VECTOR('',#2983,1000.);
#399=VECTOR('',#2984,1000.);
#400=VECTOR('',#2987,1000.);
#401=VECTOR('',#2990,1000.);
#402=VECTOR('',#2993,1000.);
#403=VECTOR('',#2994,1000.);
#404=VECTOR('',#2997,1000.);
#405=VECTOR('',#2998,1000.);
#406=VECTOR('',#2999,1000.);
#407=VECTOR('',#3008,1000.);
#408=VECTOR('',#3009,1000.);
#409=VECTOR('',#3010,1000.);
#410=VECTOR('',#3011,1000.);
#411=VECTOR('',#3012,1000.);
#412=VECTOR('',#3015,1000.);
#413=VECTOR('',#3016,1000.);
#414=VECTOR('',#3025,1000.);
#415=VECTOR('',#3026,1000.);
#416=VECTOR('',#3027,1000.);
#417=VECTOR('',#3030,1000.);
#418=VECTOR('',#3031,1000.);
#419=VECTOR('',#3034,1000.);
#420=VECTOR('',#3035,1000.);
#421=VECTOR('',#3038,1000.);
#422=VECTOR('',#3039,1000.);
#423=VECTOR('',#3042,1000.);
#424=VECTOR('',#3043,1000.);
#425=VECTOR('',#3046,1000.);
#426=VECTOR('',#3047,1000.);
#427=VECTOR('',#3050,1000.);
#428=VECTOR('',#3051,1000.);
#429=VECTOR('',#3054,1000.);
#430=VECTOR('',#3055,1000.);
#431=VECTOR('',#3058,1000.);
#432=VECTOR('',#3059,1000.);
#433=VECTOR('',#3062,1000.);
#434=VECTOR('',#3063,1000.);
#435=VECTOR('',#3066,1000.);
#436=VECTOR('',#3067,1000.);
#437=VECTOR('',#3070,1000.);
#438=ORIENTED_EDGE('',*,*,#948,.T.);
#439=ORIENTED_EDGE('',*,*,#949,.F.);
#440=ORIENTED_EDGE('',*,*,#950,.F.);
#441=ORIENTED_EDGE('',*,*,#951,.F.);
#442=ORIENTED_EDGE('',*,*,#952,.F.);
#443=ORIENTED_EDGE('',*,*,#953,.F.);
#444=ORIENTED_EDGE('',*,*,#954,.F.);
#445=ORIENTED_EDGE('',*,*,#955,.F.);
#446=ORIENTED_EDGE('',*,*,#956,.F.);
#447=ORIENTED_EDGE('',*,*,#957,.F.);
#448=ORIENTED_EDGE('',*,*,#958,.F.);
#449=ORIENTED_EDGE('',*,*,#959,.F.);
#450=ORIENTED_EDGE('',*,*,#960,.F.);
#451=ORIENTED_EDGE('',*,*,#961,.T.);
#452=ORIENTED_EDGE('',*,*,#962,.T.);
#453=ORIENTED_EDGE('',*,*,#963,.T.);
#454=ORIENTED_EDGE('',*,*,#964,.T.);
#455=ORIENTED_EDGE('',*,*,#965,.T.);
#456=ORIENTED_EDGE('',*,*,#966,.T.);
#457=ORIENTED_EDGE('',*,*,#967,.T.);
#458=ORIENTED_EDGE('',*,*,#968,.T.);
#459=ORIENTED_EDGE('',*,*,#969,.T.);
#460=ORIENTED_EDGE('',*,*,#970,.T.);
#461=ORIENTED_EDGE('',*,*,#971,.T.);
#462=ORIENTED_EDGE('',*,*,#972,.T.);
#463=ORIENTED_EDGE('',*,*,#973,.T.);
#464=ORIENTED_EDGE('',*,*,#974,.T.);
#465=ORIENTED_EDGE('',*,*,#975,.T.);
#466=ORIENTED_EDGE('',*,*,#976,.T.);
#467=ORIENTED_EDGE('',*,*,#977,.F.);
#468=ORIENTED_EDGE('',*,*,#978,.F.);
#469=ORIENTED_EDGE('',*,*,#979,.F.);
#470=ORIENTED_EDGE('',*,*,#980,.F.);
#471=ORIENTED_EDGE('',*,*,#981,.F.);
#472=ORIENTED_EDGE('',*,*,#982,.F.);
#473=ORIENTED_EDGE('',*,*,#983,.F.);
#474=ORIENTED_EDGE('',*,*,#984,.F.);
#475=ORIENTED_EDGE('',*,*,#985,.F.);
#476=ORIENTED_EDGE('',*,*,#986,.F.);
#477=ORIENTED_EDGE('',*,*,#987,.F.);
#478=ORIENTED_EDGE('',*,*,#988,.F.);
#479=ORIENTED_EDGE('',*,*,#989,.F.);
#480=ORIENTED_EDGE('',*,*,#990,.T.);
#481=ORIENTED_EDGE('',*,*,#991,.T.);
#482=ORIENTED_EDGE('',*,*,#992,.T.);
#483=ORIENTED_EDGE('',*,*,#993,.T.);
#484=ORIENTED_EDGE('',*,*,#994,.T.);
#485=ORIENTED_EDGE('',*,*,#995,.T.);
#486=ORIENTED_EDGE('',*,*,#996,.T.);
#487=ORIENTED_EDGE('',*,*,#997,.T.);
#488=ORIENTED_EDGE('',*,*,#998,.T.);
#489=ORIENTED_EDGE('',*,*,#999,.T.);
#490=ORIENTED_EDGE('',*,*,#1000,.T.);
#491=ORIENTED_EDGE('',*,*,#1001,.T.);
#492=ORIENTED_EDGE('',*,*,#1002,.T.);
#493=ORIENTED_EDGE('',*,*,#1003,.T.);
#494=ORIENTED_EDGE('',*,*,#1004,.T.);
#495=ORIENTED_EDGE('',*,*,#1005,.F.);
#496=ORIENTED_EDGE('',*,*,#1006,.T.);
#497=ORIENTED_EDGE('',*,*,#1007,.F.);
#498=ORIENTED_EDGE('',*,*,#1008,.T.);
#499=ORIENTED_EDGE('',*,*,#1009,.F.);
#500=ORIENTED_EDGE('',*,*,#1010,.T.);
#501=ORIENTED_EDGE('',*,*,#1011,.F.);
#502=ORIENTED_EDGE('',*,*,#1012,.T.);
#503=ORIENTED_EDGE('',*,*,#1013,.F.);
#504=ORIENTED_EDGE('',*,*,#1014,.T.);
#505=ORIENTED_EDGE('',*,*,#1015,.F.);
#506=ORIENTED_EDGE('',*,*,#1016,.T.);
#507=ORIENTED_EDGE('',*,*,#1017,.F.);
#508=ORIENTED_EDGE('',*,*,#1018,.T.);
#509=ORIENTED_EDGE('',*,*,#1019,.F.);
#510=ORIENTED_EDGE('',*,*,#1010,.F.);
#511=ORIENTED_EDGE('',*,*,#1020,.T.);
#512=ORIENTED_EDGE('',*,*,#1012,.F.);
#513=ORIENTED_EDGE('',*,*,#1021,.F.);
#514=ORIENTED_EDGE('',*,*,#1006,.F.);
#515=ORIENTED_EDGE('',*,*,#1022,.T.);
#516=ORIENTED_EDGE('',*,*,#1008,.F.);
#517=ORIENTED_EDGE('',*,*,#1023,.F.);
#518=ORIENTED_EDGE('',*,*,#1018,.F.);
#519=ORIENTED_EDGE('',*,*,#1024,.T.);
#520=ORIENTED_EDGE('',*,*,#1004,.F.);
#521=ORIENTED_EDGE('',*,*,#1025,.F.);
#522=ORIENTED_EDGE('',*,*,#1014,.F.);
#523=ORIENTED_EDGE('',*,*,#1026,.T.);
#524=ORIENTED_EDGE('',*,*,#1016,.F.);
#525=ORIENTED_EDGE('',*,*,#1027,.F.);
#526=ORIENTED_EDGE('',*,*,#1028,.T.);
#527=ORIENTED_EDGE('',*,*,#1029,.T.);
#528=ORIENTED_EDGE('',*,*,#1030,.T.);
#529=ORIENTED_EDGE('',*,*,#1031,.T.);
#530=ORIENTED_EDGE('',*,*,#1015,.T.);
#531=ORIENTED_EDGE('',*,*,#1027,.T.);
#532=ORIENTED_EDGE('',*,*,#1019,.T.);
#533=ORIENTED_EDGE('',*,*,#1025,.T.);
#534=ORIENTED_EDGE('',*,*,#1007,.T.);
#535=ORIENTED_EDGE('',*,*,#1023,.T.);
#536=ORIENTED_EDGE('',*,*,#1011,.T.);
#537=ORIENTED_EDGE('',*,*,#1021,.T.);
#538=ORIENTED_EDGE('',*,*,#1032,.T.);
#539=ORIENTED_EDGE('',*,*,#1033,.T.);
#540=ORIENTED_EDGE('',*,*,#1034,.T.);
#541=ORIENTED_EDGE('',*,*,#1035,.T.);
#542=ORIENTED_EDGE('',*,*,#1036,.T.);
#543=ORIENTED_EDGE('',*,*,#1037,.T.);
#544=ORIENTED_EDGE('',*,*,#1038,.F.);
#545=ORIENTED_EDGE('',*,*,#1033,.F.);
#546=ORIENTED_EDGE('',*,*,#1039,.T.);
#547=ORIENTED_EDGE('',*,*,#1040,.T.);
#548=ORIENTED_EDGE('',*,*,#1041,.F.);
#549=ORIENTED_EDGE('',*,*,#1034,.F.);
#550=ORIENTED_EDGE('',*,*,#1038,.T.);
#551=ORIENTED_EDGE('',*,*,#1042,.T.);
#552=ORIENTED_EDGE('',*,*,#1041,.T.);
#553=ORIENTED_EDGE('',*,*,#1043,.T.);
#554=ORIENTED_EDGE('',*,*,#1044,.F.);
#555=ORIENTED_EDGE('',*,*,#1035,.F.);
#556=ORIENTED_EDGE('',*,*,#1044,.T.);
#557=ORIENTED_EDGE('',*,*,#1045,.T.);
#558=ORIENTED_EDGE('',*,*,#1046,.T.);
#559=ORIENTED_EDGE('',*,*,#1047,.T.);
#560=ORIENTED_EDGE('',*,*,#1036,.F.);
#561=ORIENTED_EDGE('',*,*,#1032,.F.);
#562=ORIENTED_EDGE('',*,*,#1046,.F.);
#563=ORIENTED_EDGE('',*,*,#1048,.T.);
#564=ORIENTED_EDGE('',*,*,#1039,.F.);
#565=ORIENTED_EDGE('',*,*,#1049,.T.);
#566=ORIENTED_EDGE('',*,*,#1050,.F.);
#567=ORIENTED_EDGE('',*,*,#1051,.T.);
#568=ORIENTED_EDGE('',*,*,#1052,.T.);
#569=ORIENTED_EDGE('',*,*,#1053,.T.);
#570=ORIENTED_EDGE('',*,*,#1054,.T.);
#571=ORIENTED_EDGE('',*,*,#1028,.F.);
#572=ORIENTED_EDGE('',*,*,#1054,.F.);
#573=ORIENTED_EDGE('',*,*,#1055,.T.);
#574=ORIENTED_EDGE('',*,*,#1056,.T.);
#575=ORIENTED_EDGE('',*,*,#1029,.F.);
#576=ORIENTED_EDGE('',*,*,#1057,.T.);
#577=ORIENTED_EDGE('',*,*,#1058,.T.);
#578=ORIENTED_EDGE('',*,*,#1059,.T.);
#579=ORIENTED_EDGE('',*,*,#1030,.F.);
#580=ORIENTED_EDGE('',*,*,#1056,.F.);
#581=ORIENTED_EDGE('',*,*,#1060,.T.);
#582=ORIENTED_EDGE('',*,*,#1059,.F.);
#583=ORIENTED_EDGE('',*,*,#1061,.T.);
#584=ORIENTED_EDGE('',*,*,#1050,.T.);
#585=ORIENTED_EDGE('',*,*,#1031,.F.);
#586=ORIENTED_EDGE('',*,*,#1052,.F.);
#587=ORIENTED_EDGE('',*,*,#1062,.T.);
#588=ORIENTED_EDGE('',*,*,#1057,.F.);
#589=ORIENTED_EDGE('',*,*,#1063,.T.);
#590=ORIENTED_EDGE('',*,*,#1047,.F.);
#591=ORIENTED_EDGE('',*,*,#1049,.F.);
#592=ORIENTED_EDGE('',*,*,#1042,.F.);
#593=ORIENTED_EDGE('',*,*,#1037,.F.);
#594=ORIENTED_EDGE('',*,*,#1053,.F.);
#595=ORIENTED_EDGE('',*,*,#1063,.F.);
#596=ORIENTED_EDGE('',*,*,#1060,.F.);
#597=ORIENTED_EDGE('',*,*,#1055,.F.);
#598=ORIENTED_EDGE('',*,*,#1058,.F.);
#599=ORIENTED_EDGE('',*,*,#1062,.F.);
#600=ORIENTED_EDGE('',*,*,#1051,.F.);
#601=ORIENTED_EDGE('',*,*,#1061,.F.);
#602=ORIENTED_EDGE('',*,*,#1040,.F.);
#603=ORIENTED_EDGE('',*,*,#1048,.F.);
#604=ORIENTED_EDGE('',*,*,#1045,.F.);
#605=ORIENTED_EDGE('',*,*,#1043,.F.);
#606=ORIENTED_EDGE('',*,*,#1064,.F.);
#607=ORIENTED_EDGE('',*,*,#1065,.T.);
#608=ORIENTED_EDGE('',*,*,#1066,.F.);
#609=ORIENTED_EDGE('',*,*,#1067,.T.);
#610=ORIENTED_EDGE('',*,*,#1068,.F.);
#611=ORIENTED_EDGE('',*,*,#1069,.T.);
#612=ORIENTED_EDGE('',*,*,#1070,.F.);
#613=ORIENTED_EDGE('',*,*,#1071,.T.);
#614=ORIENTED_EDGE('',*,*,#1009,.T.);
#615=ORIENTED_EDGE('',*,*,#1022,.F.);
#616=ORIENTED_EDGE('',*,*,#1005,.T.);
#617=ORIENTED_EDGE('',*,*,#1024,.F.);
#618=ORIENTED_EDGE('',*,*,#1017,.T.);
#619=ORIENTED_EDGE('',*,*,#1026,.F.);
#620=ORIENTED_EDGE('',*,*,#1013,.T.);
#621=ORIENTED_EDGE('',*,*,#1020,.F.);
#622=ORIENTED_EDGE('',*,*,#1067,.F.);
#623=ORIENTED_EDGE('',*,*,#1072,.T.);
#624=ORIENTED_EDGE('',*,*,#1073,.T.);
#625=ORIENTED_EDGE('',*,*,#1074,.T.);
#626=ORIENTED_EDGE('',*,*,#1075,.T.);
#627=ORIENTED_EDGE('',*,*,#1069,.F.);
#628=ORIENTED_EDGE('',*,*,#1076,.T.);
#629=ORIENTED_EDGE('',*,*,#1077,.T.);
#630=ORIENTED_EDGE('',*,*,#1071,.F.);
#631=ORIENTED_EDGE('',*,*,#1065,.F.);
#632=ORIENTED_EDGE('',*,*,#1078,.T.);
#633=ORIENTED_EDGE('',*,*,#1079,.T.);
#634=ORIENTED_EDGE('',*,*,#1068,.T.);
#635=ORIENTED_EDGE('',*,*,#1073,.F.);
#636=ORIENTED_EDGE('',*,*,#1080,.F.);
#637=ORIENTED_EDGE('',*,*,#993,.F.);
#638=ORIENTED_EDGE('',*,*,#1081,.F.);
#639=ORIENTED_EDGE('',*,*,#1074,.F.);
#640=ORIENTED_EDGE('',*,*,#1066,.T.);
#641=ORIENTED_EDGE('',*,*,#1079,.F.);
#642=ORIENTED_EDGE('',*,*,#1082,.F.);
#643=ORIENTED_EDGE('',*,*,#990,.F.);
#644=ORIENTED_EDGE('',*,*,#1080,.T.);
#645=ORIENTED_EDGE('',*,*,#1072,.F.);
#646=ORIENTED_EDGE('',*,*,#1081,.T.);
#647=ORIENTED_EDGE('',*,*,#992,.F.);
#648=ORIENTED_EDGE('',*,*,#1083,.F.);
#649=ORIENTED_EDGE('',*,*,#1076,.F.);
#650=ORIENTED_EDGE('',*,*,#1070,.T.);
#651=ORIENTED_EDGE('',*,*,#1075,.F.);
#652=ORIENTED_EDGE('',*,*,#1078,.F.);
#653=ORIENTED_EDGE('',*,*,#1064,.T.);
#654=ORIENTED_EDGE('',*,*,#1077,.F.);
#655=ORIENTED_EDGE('',*,*,#1083,.T.);
#656=ORIENTED_EDGE('',*,*,#991,.F.);
#657=ORIENTED_EDGE('',*,*,#1082,.T.);
#658=ORIENTED_EDGE('',*,*,#978,.T.);
#659=ORIENTED_EDGE('',*,*,#1084,.F.);
#660=ORIENTED_EDGE('',*,*,#1085,.F.);
#661=ORIENTED_EDGE('',*,*,#1086,.T.);
#662=ORIENTED_EDGE('',*,*,#977,.T.);
#663=ORIENTED_EDGE('',*,*,#1087,.F.);
#664=ORIENTED_EDGE('',*,*,#1088,.F.);
#665=ORIENTED_EDGE('',*,*,#1084,.T.);
#666=ORIENTED_EDGE('',*,*,#989,.T.);
#667=ORIENTED_EDGE('',*,*,#1089,.F.);
#668=ORIENTED_EDGE('',*,*,#1090,.F.);
#669=ORIENTED_EDGE('',*,*,#1087,.T.);
#670=ORIENTED_EDGE('',*,*,#988,.T.);
#671=ORIENTED_EDGE('',*,*,#1091,.F.);
#672=ORIENTED_EDGE('',*,*,#1092,.F.);
#673=ORIENTED_EDGE('',*,*,#1089,.T.);
#674=ORIENTED_EDGE('',*,*,#987,.T.);
#675=ORIENTED_EDGE('',*,*,#1093,.F.);
#676=ORIENTED_EDGE('',*,*,#1094,.F.);
#677=ORIENTED_EDGE('',*,*,#1091,.T.);
#678=ORIENTED_EDGE('',*,*,#986,.T.);
#679=ORIENTED_EDGE('',*,*,#1095,.F.);
#680=ORIENTED_EDGE('',*,*,#1096,.F.);
#681=ORIENTED_EDGE('',*,*,#1093,.T.);
#682=ORIENTED_EDGE('',*,*,#985,.T.);
#683=ORIENTED_EDGE('',*,*,#1097,.F.);
#684=ORIENTED_EDGE('',*,*,#1098,.F.);
#685=ORIENTED_EDGE('',*,*,#1095,.T.);
#686=ORIENTED_EDGE('',*,*,#984,.T.);
#687=ORIENTED_EDGE('',*,*,#1099,.F.);
#688=ORIENTED_EDGE('',*,*,#1100,.F.);
#689=ORIENTED_EDGE('',*,*,#1097,.T.);
#690=ORIENTED_EDGE('',*,*,#983,.T.);
#691=ORIENTED_EDGE('',*,*,#1101,.F.);
#692=ORIENTED_EDGE('',*,*,#1102,.F.);
#693=ORIENTED_EDGE('',*,*,#1099,.T.);
#694=ORIENTED_EDGE('',*,*,#982,.T.);
#695=ORIENTED_EDGE('',*,*,#1103,.F.);
#696=ORIENTED_EDGE('',*,*,#1104,.F.);
#697=ORIENTED_EDGE('',*,*,#1101,.T.);
#698=ORIENTED_EDGE('',*,*,#981,.T.);
#699=ORIENTED_EDGE('',*,*,#1105,.F.);
#700=ORIENTED_EDGE('',*,*,#1106,.F.);
#701=ORIENTED_EDGE('',*,*,#1103,.T.);
#702=ORIENTED_EDGE('',*,*,#980,.T.);
#703=ORIENTED_EDGE('',*,*,#1107,.F.);
#704=ORIENTED_EDGE('',*,*,#1108,.F.);
#705=ORIENTED_EDGE('',*,*,#1105,.T.);
#706=ORIENTED_EDGE('',*,*,#979,.T.);
#707=ORIENTED_EDGE('',*,*,#1086,.F.);
#708=ORIENTED_EDGE('',*,*,#1109,.F.);
#709=ORIENTED_EDGE('',*,*,#1107,.T.);
#710=ORIENTED_EDGE('',*,*,#1085,.T.);
#711=ORIENTED_EDGE('',*,*,#1088,.T.);
#712=ORIENTED_EDGE('',*,*,#1090,.T.);
#713=ORIENTED_EDGE('',*,*,#1092,.T.);
#714=ORIENTED_EDGE('',*,*,#1094,.T.);
#715=ORIENTED_EDGE('',*,*,#1096,.T.);
#716=ORIENTED_EDGE('',*,*,#1098,.T.);
#717=ORIENTED_EDGE('',*,*,#1100,.T.);
#718=ORIENTED_EDGE('',*,*,#1102,.T.);
#719=ORIENTED_EDGE('',*,*,#1104,.T.);
#720=ORIENTED_EDGE('',*,*,#1106,.T.);
#721=ORIENTED_EDGE('',*,*,#1108,.T.);
#722=ORIENTED_EDGE('',*,*,#1109,.T.);
#723=ORIENTED_EDGE('',*,*,#971,.F.);
#724=ORIENTED_EDGE('',*,*,#1110,.F.);
#725=ORIENTED_EDGE('',*,*,#1111,.T.);
#726=ORIENTED_EDGE('',*,*,#1112,.T.);
#727=ORIENTED_EDGE('',*,*,#972,.F.);
#728=ORIENTED_EDGE('',*,*,#1112,.F.);
#729=ORIENTED_EDGE('',*,*,#1113,.T.);
#730=ORIENTED_EDGE('',*,*,#1114,.T.);
#731=ORIENTED_EDGE('',*,*,#973,.F.);
#732=ORIENTED_EDGE('',*,*,#1114,.F.);
#733=ORIENTED_EDGE('',*,*,#1115,.T.);
#734=ORIENTED_EDGE('',*,*,#1116,.T.);
#735=ORIENTED_EDGE('',*,*,#974,.F.);
#736=ORIENTED_EDGE('',*,*,#1116,.F.);
#737=ORIENTED_EDGE('',*,*,#1117,.T.);
#738=ORIENTED_EDGE('',*,*,#1118,.T.);
#739=ORIENTED_EDGE('',*,*,#975,.F.);
#740=ORIENTED_EDGE('',*,*,#1118,.F.);
#741=ORIENTED_EDGE('',*,*,#1119,.T.);
#742=ORIENTED_EDGE('',*,*,#1120,.T.);
#743=ORIENTED_EDGE('',*,*,#976,.F.);
#744=ORIENTED_EDGE('',*,*,#1120,.F.);
#745=ORIENTED_EDGE('',*,*,#1121,.T.);
#746=ORIENTED_EDGE('',*,*,#1110,.T.);
#747=ORIENTED_EDGE('',*,*,#1111,.F.);
#748=ORIENTED_EDGE('',*,*,#1121,.F.);
#749=ORIENTED_EDGE('',*,*,#1119,.F.);
#750=ORIENTED_EDGE('',*,*,#1117,.F.);
#751=ORIENTED_EDGE('',*,*,#1115,.F.);
#752=ORIENTED_EDGE('',*,*,#1113,.F.);
#753=ORIENTED_EDGE('',*,*,#994,.F.);
#754=ORIENTED_EDGE('',*,*,#1122,.F.);
#755=ORIENTED_EDGE('',*,*,#1123,.T.);
#756=ORIENTED_EDGE('',*,*,#1124,.T.);
#757=ORIENTED_EDGE('',*,*,#995,.F.);
#758=ORIENTED_EDGE('',*,*,#1124,.F.);
#759=ORIENTED_EDGE('',*,*,#1125,.T.);
#760=ORIENTED_EDGE('',*,*,#1126,.T.);
#761=ORIENTED_EDGE('',*,*,#996,.F.);
#762=ORIENTED_EDGE('',*,*,#1126,.F.);
#763=ORIENTED_EDGE('',*,*,#1127,.T.);
#764=ORIENTED_EDGE('',*,*,#1128,.T.);
#765=ORIENTED_EDGE('',*,*,#997,.F.);
#766=ORIENTED_EDGE('',*,*,#1128,.F.);
#767=ORIENTED_EDGE('',*,*,#1129,.T.);
#768=ORIENTED_EDGE('',*,*,#1122,.T.);
#769=ORIENTED_EDGE('',*,*,#1123,.F.);
#770=ORIENTED_EDGE('',*,*,#1129,.F.);
#771=ORIENTED_EDGE('',*,*,#1127,.F.);
#772=ORIENTED_EDGE('',*,*,#1125,.F.);
#773=ORIENTED_EDGE('',*,*,#967,.F.);
#774=ORIENTED_EDGE('',*,*,#1130,.F.);
#775=ORIENTED_EDGE('',*,*,#1131,.T.);
#776=ORIENTED_EDGE('',*,*,#1132,.T.);
#777=ORIENTED_EDGE('',*,*,#968,.F.);
#778=ORIENTED_EDGE('',*,*,#1132,.F.);
#779=ORIENTED_EDGE('',*,*,#1133,.T.);
#780=ORIENTED_EDGE('',*,*,#1134,.T.);
#781=ORIENTED_EDGE('',*,*,#969,.F.);
#782=ORIENTED_EDGE('',*,*,#1134,.F.);
#783=ORIENTED_EDGE('',*,*,#1135,.T.);
#784=ORIENTED_EDGE('',*,*,#1136,.T.);
#785=ORIENTED_EDGE('',*,*,#970,.F.);
#786=ORIENTED_EDGE('',*,*,#1136,.F.);
#787=ORIENTED_EDGE('',*,*,#1137,.T.);
#788=ORIENTED_EDGE('',*,*,#1130,.T.);
#789=ORIENTED_EDGE('',*,*,#1131,.F.);
#790=ORIENTED_EDGE('',*,*,#1137,.F.);
#791=ORIENTED_EDGE('',*,*,#1135,.F.);
#792=ORIENTED_EDGE('',*,*,#1133,.F.);
#793=ORIENTED_EDGE('',*,*,#1138,.T.);
#794=ORIENTED_EDGE('',*,*,#1139,.F.);
#795=ORIENTED_EDGE('',*,*,#1140,.T.);
#796=ORIENTED_EDGE('',*,*,#998,.F.);
#797=ORIENTED_EDGE('',*,*,#1138,.F.);
#798=ORIENTED_EDGE('',*,*,#1140,.F.);
#799=ORIENTED_EDGE('',*,*,#1139,.T.);
#800=ORIENTED_EDGE('',*,*,#961,.F.);
#801=ORIENTED_EDGE('',*,*,#1141,.F.);
#802=ORIENTED_EDGE('',*,*,#1142,.T.);
#803=ORIENTED_EDGE('',*,*,#1143,.T.);
#804=ORIENTED_EDGE('',*,*,#962,.F.);
#805=ORIENTED_EDGE('',*,*,#1143,.F.);
#806=ORIENTED_EDGE('',*,*,#1144,.T.);
#807=ORIENTED_EDGE('',*,*,#1145,.T.);
#808=ORIENTED_EDGE('',*,*,#963,.F.);
#809=ORIENTED_EDGE('',*,*,#1145,.F.);
#810=ORIENTED_EDGE('',*,*,#1146,.T.);
#811=ORIENTED_EDGE('',*,*,#1147,.T.);
#812=ORIENTED_EDGE('',*,*,#964,.F.);
#813=ORIENTED_EDGE('',*,*,#1147,.F.);
#814=ORIENTED_EDGE('',*,*,#1148,.T.);
#815=ORIENTED_EDGE('',*,*,#1149,.T.);
#816=ORIENTED_EDGE('',*,*,#965,.F.);
#817=ORIENTED_EDGE('',*,*,#1149,.F.);
#818=ORIENTED_EDGE('',*,*,#1150,.T.);
#819=ORIENTED_EDGE('',*,*,#1151,.T.);
#820=ORIENTED_EDGE('',*,*,#1152,.F.);
#821=ORIENTED_EDGE('',*,*,#1153,.F.);
#822=ORIENTED_EDGE('',*,*,#1154,.T.);
#823=ORIENTED_EDGE('',*,*,#1155,.T.);
#824=ORIENTED_EDGE('',*,*,#1156,.F.);
#825=ORIENTED_EDGE('',*,*,#1155,.F.);
#826=ORIENTED_EDGE('',*,*,#1157,.T.);
#827=ORIENTED_EDGE('',*,*,#1158,.T.);
#828=ORIENTED_EDGE('',*,*,#1159,.F.);
#829=ORIENTED_EDGE('',*,*,#1158,.F.);
#830=ORIENTED_EDGE('',*,*,#1160,.T.);
#831=ORIENTED_EDGE('',*,*,#1153,.T.);
#832=ORIENTED_EDGE('',*,*,#966,.F.);
#833=ORIENTED_EDGE('',*,*,#1151,.F.);
#834=ORIENTED_EDGE('',*,*,#1161,.T.);
#835=ORIENTED_EDGE('',*,*,#1141,.T.);
#836=ORIENTED_EDGE('',*,*,#1154,.F.);
#837=ORIENTED_EDGE('',*,*,#1160,.F.);
#838=ORIENTED_EDGE('',*,*,#1157,.F.);
#839=ORIENTED_EDGE('',*,*,#1142,.F.);
#840=ORIENTED_EDGE('',*,*,#1161,.F.);
#841=ORIENTED_EDGE('',*,*,#1150,.F.);
#842=ORIENTED_EDGE('',*,*,#1148,.F.);
#843=ORIENTED_EDGE('',*,*,#1146,.F.);
#844=ORIENTED_EDGE('',*,*,#1144,.F.);
#845=ORIENTED_EDGE('',*,*,#1152,.T.);
#846=ORIENTED_EDGE('',*,*,#1156,.T.);
#847=ORIENTED_EDGE('',*,*,#1159,.T.);
#848=ORIENTED_EDGE('',*,*,#1162,.F.);
#849=ORIENTED_EDGE('',*,*,#1163,.F.);
#850=ORIENTED_EDGE('',*,*,#1164,.T.);
#851=ORIENTED_EDGE('',*,*,#1165,.T.);
#852=ORIENTED_EDGE('',*,*,#999,.F.);
#853=ORIENTED_EDGE('',*,*,#1166,.F.);
#854=ORIENTED_EDGE('',*,*,#1167,.T.);
#855=ORIENTED_EDGE('',*,*,#1168,.T.);
#856=ORIENTED_EDGE('',*,*,#1000,.F.);
#857=ORIENTED_EDGE('',*,*,#1168,.F.);
#858=ORIENTED_EDGE('',*,*,#1169,.T.);
#859=ORIENTED_EDGE('',*,*,#1170,.T.);
#860=ORIENTED_EDGE('',*,*,#1001,.F.);
#861=ORIENTED_EDGE('',*,*,#1170,.F.);
#862=ORIENTED_EDGE('',*,*,#1171,.T.);
#863=ORIENTED_EDGE('',*,*,#1172,.T.);
#864=ORIENTED_EDGE('',*,*,#1002,.F.);
#865=ORIENTED_EDGE('',*,*,#1172,.F.);
#866=ORIENTED_EDGE('',*,*,#1173,.T.);
#867=ORIENTED_EDGE('',*,*,#1174,.T.);
#868=ORIENTED_EDGE('',*,*,#1003,.F.);
#869=ORIENTED_EDGE('',*,*,#1174,.F.);
#870=ORIENTED_EDGE('',*,*,#1175,.T.);
#871=ORIENTED_EDGE('',*,*,#1166,.T.);
#872=ORIENTED_EDGE('',*,*,#1176,.F.);
#873=ORIENTED_EDGE('',*,*,#1165,.F.);
#874=ORIENTED_EDGE('',*,*,#1177,.T.);
#875=ORIENTED_EDGE('',*,*,#1163,.T.);
#876=ORIENTED_EDGE('',*,*,#1167,.F.);
#877=ORIENTED_EDGE('',*,*,#1175,.F.);
#878=ORIENTED_EDGE('',*,*,#1173,.F.);
#879=ORIENTED_EDGE('',*,*,#1171,.F.);
#880=ORIENTED_EDGE('',*,*,#1169,.F.);
#881=ORIENTED_EDGE('',*,*,#1164,.F.);
#882=ORIENTED_EDGE('',*,*,#1177,.F.);
#883=ORIENTED_EDGE('',*,*,#1162,.T.);
#884=ORIENTED_EDGE('',*,*,#1176,.T.);
#885=ORIENTED_EDGE('',*,*,#950,.T.);
#886=ORIENTED_EDGE('',*,*,#1178,.F.);
#887=ORIENTED_EDGE('',*,*,#1179,.F.);
#888=ORIENTED_EDGE('',*,*,#1180,.T.);
#889=ORIENTED_EDGE('',*,*,#949,.T.);
#890=ORIENTED_EDGE('',*,*,#1181,.F.);
#891=ORIENTED_EDGE('',*,*,#1182,.F.);
#892=ORIENTED_EDGE('',*,*,#1178,.T.);
#893=ORIENTED_EDGE('',*,*,#960,.T.);
#894=ORIENTED_EDGE('',*,*,#1183,.F.);
#895=ORIENTED_EDGE('',*,*,#1184,.F.);
#896=ORIENTED_EDGE('',*,*,#1181,.T.);
#897=ORIENTED_EDGE('',*,*,#959,.T.);
#898=ORIENTED_EDGE('',*,*,#1185,.F.);
#899=ORIENTED_EDGE('',*,*,#1186,.F.);
#900=ORIENTED_EDGE('',*,*,#1183,.T.);
#901=ORIENTED_EDGE('',*,*,#958,.T.);
#902=ORIENTED_EDGE('',*,*,#1187,.F.);
#903=ORIENTED_EDGE('',*,*,#1188,.F.);
#904=ORIENTED_EDGE('',*,*,#1185,.T.);
#905=ORIENTED_EDGE('',*,*,#957,.T.);
#906=ORIENTED_EDGE('',*,*,#1189,.F.);
#907=ORIENTED_EDGE('',*,*,#1190,.F.);
#908=ORIENTED_EDGE('',*,*,#1187,.T.);
#909=ORIENTED_EDGE('',*,*,#956,.T.);
#910=ORIENTED_EDGE('',*,*,#1191,.F.);
#911=ORIENTED_EDGE('',*,*,#1192,.F.);
#912=ORIENTED_EDGE('',*,*,#1189,.T.);
#913=ORIENTED_EDGE('',*,*,#955,.T.);
#914=ORIENTED_EDGE('',*,*,#1193,.F.);
#915=ORIENTED_EDGE('',*,*,#1194,.F.);
#916=ORIENTED_EDGE('',*,*,#1191,.T.);
#917=ORIENTED_EDGE('',*,*,#954,.T.);
#918=ORIENTED_EDGE('',*,*,#1195,.F.);
#919=ORIENTED_EDGE('',*,*,#1196,.F.);
#920=ORIENTED_EDGE('',*,*,#1193,.T.);
#921=ORIENTED_EDGE('',*,*,#953,.T.);
#922=ORIENTED_EDGE('',*,*,#1197,.F.);
#923=ORIENTED_EDGE('',*,*,#1198,.F.);
#924=ORIENTED_EDGE('',*,*,#1195,.T.);
#925=ORIENTED_EDGE('',*,*,#952,.T.);
#926=ORIENTED_EDGE('',*,*,#1199,.F.);
#927=ORIENTED_EDGE('',*,*,#1200,.F.);
#928=ORIENTED_EDGE('',*,*,#1197,.T.);
#929=ORIENTED_EDGE('',*,*,#951,.T.);
#930=ORIENTED_EDGE('',*,*,#1180,.F.);
#931=ORIENTED_EDGE('',*,*,#1201,.F.);
#932=ORIENTED_EDGE('',*,*,#1199,.T.);
#933=ORIENTED_EDGE('',*,*,#1179,.T.);
#934=ORIENTED_EDGE('',*,*,#1182,.T.);
#935=ORIENTED_EDGE('',*,*,#1184,.T.);
#936=ORIENTED_EDGE('',*,*,#1186,.T.);
#937=ORIENTED_EDGE('',*,*,#1188,.T.);
#938=ORIENTED_EDGE('',*,*,#1190,.T.);
#939=ORIENTED_EDGE('',*,*,#1192,.T.);
#940=ORIENTED_EDGE('',*,*,#1194,.T.);
#941=ORIENTED_EDGE('',*,*,#1196,.T.);
#942=ORIENTED_EDGE('',*,*,#1198,.T.);
#943=ORIENTED_EDGE('',*,*,#1200,.T.);
#944=ORIENTED_EDGE('',*,*,#1201,.T.);
#945=ORIENTED_EDGE('',*,*,#1202,.T.);
#946=ORIENTED_EDGE('',*,*,#948,.F.);
#947=ORIENTED_EDGE('',*,*,#1202,.F.);
#948=EDGE_CURVE('',#1203,#1203,#1375,.T.);
#949=EDGE_CURVE('',#1204,#1205,#116,.T.);
#950=EDGE_CURVE('',#1206,#1204,#117,.T.);
#951=EDGE_CURVE('',#1207,#1206,#118,.T.);
#952=EDGE_CURVE('',#1208,#1207,#119,.T.);
#953=EDGE_CURVE('',#1209,#1208,#120,.T.);
#954=EDGE_CURVE('',#1210,#1209,#121,.T.);
#955=EDGE_CURVE('',#1211,#1210,#122,.T.);
#956=EDGE_CURVE('',#1212,#1211,#123,.T.);
#957=EDGE_CURVE('',#1213,#1212,#124,.T.);
#958=EDGE_CURVE('',#1214,#1213,#125,.T.);
#959=EDGE_CURVE('',#1215,#1214,#126,.T.);
#960=EDGE_CURVE('',#1205,#1215,#127,.T.);
#961=EDGE_CURVE('',#1216,#1217,#52,.T.);
#962=EDGE_CURVE('',#1217,#1218,#53,.T.);
#963=EDGE_CURVE('',#1218,#1219,#54,.T.);
#964=EDGE_CURVE('',#1219,#1220,#55,.T.);
#965=EDGE_CURVE('',#1220,#1221,#56,.T.);
#966=EDGE_CURVE('',#1221,#1216,#57,.T.);
#967=EDGE_CURVE('',#1222,#1223,#58,.T.);
#968=EDGE_CURVE('',#1223,#1224,#59,.T.);
#969=EDGE_CURVE('',#1224,#1225,#60,.T.);
#970=EDGE_CURVE('',#1225,#1222,#61,.T.);
#971=EDGE_CURVE('',#1226,#1227,#62,.T.);
#972=EDGE_CURVE('',#1227,#1228,#63,.T.);
#973=EDGE_CURVE('',#1228,#1229,#64,.T.);
#974=EDGE_CURVE('',#1229,#1230,#65,.T.);
#975=EDGE_CURVE('',#1230,#1231,#66,.T.);
#976=EDGE_CURVE('',#1231,#1226,#67,.T.);
#977=EDGE_CURVE('',#1232,#1233,#128,.T.);
#978=EDGE_CURVE('',#1234,#1232,#129,.T.);
#979=EDGE_CURVE('',#1235,#1234,#130,.T.);
#980=EDGE_CURVE('',#1236,#1235,#131,.T.);
#981=EDGE_CURVE('',#1237,#1236,#132,.T.);
#982=EDGE_CURVE('',#1238,#1237,#133,.T.);
#983=EDGE_CURVE('',#1239,#1238,#134,.T.);
#984=EDGE_CURVE('',#1240,#1239,#135,.T.);
#985=EDGE_CURVE('',#1241,#1240,#136,.T.);
#986=EDGE_CURVE('',#1242,#1241,#137,.T.);
#987=EDGE_CURVE('',#1243,#1242,#138,.T.);
#988=EDGE_CURVE('',#1244,#1243,#139,.T.);
#989=EDGE_CURVE('',#1233,#1244,#140,.T.);
#990=EDGE_CURVE('',#1245,#1246,#141,.T.);
#991=EDGE_CURVE('',#1246,#1247,#142,.T.);
#992=EDGE_CURVE('',#1247,#1248,#143,.T.);
#993=EDGE_CURVE('',#1248,#1245,#144,.T.);
#994=EDGE_CURVE('',#1249,#1250,#68,.T.);
#995=EDGE_CURVE('',#1250,#1251,#69,.T.);
#996=EDGE_CURVE('',#1251,#1252,#70,.T.);
#997=EDGE_CURVE('',#1252,#1249,#71,.T.);
#998=EDGE_CURVE('',#1253,#1253,#72,.T.);
#999=EDGE_CURVE('',#1254,#1255,#73,.T.);
#1000=EDGE_CURVE('',#1255,#1256,#74,.T.);
#1001=EDGE_CURVE('',#1256,#1257,#75,.T.);
#1002=EDGE_CURVE('',#1257,#1258,#76,.T.);
#1003=EDGE_CURVE('',#1258,#1254,#77,.T.);
#1004=EDGE_CURVE('',#1259,#1260,#145,.F.);
#1005=EDGE_CURVE('',#1261,#1260,#146,.T.);
#1006=EDGE_CURVE('',#1261,#1262,#147,.T.);
#1007=EDGE_CURVE('',#1259,#1262,#148,.T.);
#1008=EDGE_CURVE('',#1263,#1264,#149,.F.);
#1009=EDGE_CURVE('',#1265,#1264,#150,.T.);
#1010=EDGE_CURVE('',#1265,#1266,#151,.T.);
#1011=EDGE_CURVE('',#1263,#1266,#152,.T.);
#1012=EDGE_CURVE('',#1267,#1268,#153,.F.);
#1013=EDGE_CURVE('',#1269,#1268,#154,.T.);
#1014=EDGE_CURVE('',#1269,#1270,#155,.T.);
#1015=EDGE_CURVE('',#1267,#1270,#156,.T.);
#1016=EDGE_CURVE('',#1271,#1272,#157,.F.);
#1017=EDGE_CURVE('',#1273,#1272,#158,.T.);
#1018=EDGE_CURVE('',#1273,#1274,#159,.T.);
#1019=EDGE_CURVE('',#1271,#1274,#160,.T.);
#1020=EDGE_CURVE('',#1265,#1268,#1376,.F.);
#1021=EDGE_CURVE('',#1266,#1267,#1377,.T.);
#1022=EDGE_CURVE('',#1261,#1264,#1378,.F.);
#1023=EDGE_CURVE('',#1262,#1263,#1379,.T.);
#1024=EDGE_CURVE('',#1273,#1260,#1380,.F.);
#1025=EDGE_CURVE('',#1274,#1259,#1381,.T.);
#1026=EDGE_CURVE('',#1269,#1272,#1382,.F.);
#1027=EDGE_CURVE('',#1270,#1271,#1383,.T.);
#1028=EDGE_CURVE('',#1275,#1276,#161,.T.);
#1029=EDGE_CURVE('',#1276,#1277,#162,.T.);
#1030=EDGE_CURVE('',#1277,#1278,#163,.T.);
#1031=EDGE_CURVE('',#1278,#1275,#164,.T.);
#1032=EDGE_CURVE('',#1279,#1280,#165,.T.);
#1033=EDGE_CURVE('',#1280,#1281,#166,.T.);
#1034=EDGE_CURVE('',#1281,#1282,#167,.T.);
#1035=EDGE_CURVE('',#1282,#1279,#168,.T.);
#1036=EDGE_CURVE('',#1280,#1283,#169,.T.);
#1037=EDGE_CURVE('',#1283,#1284,#170,.T.);
#1038=EDGE_CURVE('',#1281,#1284,#171,.T.);
#1039=EDGE_CURVE('',#1285,#1286,#172,.T.);
#1040=EDGE_CURVE('',#1286,#1287,#1384,.F.);
#1041=EDGE_CURVE('',#1282,#1287,#173,.T.);
#1042=EDGE_CURVE('',#1284,#1285,#1385,.F.);
#1043=EDGE_CURVE('',#1287,#1288,#174,.T.);
#1044=EDGE_CURVE('',#1279,#1288,#175,.T.);
#1045=EDGE_CURVE('',#1288,#1289,#1386,.F.);
#1046=EDGE_CURVE('',#1289,#1290,#176,.T.);
#1047=EDGE_CURVE('',#1290,#1283,#1387,.F.);
#1048=EDGE_CURVE('',#1289,#1286,#177,.F.);
#1049=EDGE_CURVE('',#1285,#1290,#178,.F.);
#1050=EDGE_CURVE('',#1291,#1275,#179,.T.);
#1051=EDGE_CURVE('',#1291,#1292,#1388,.T.);
#1052=EDGE_CURVE('',#1292,#1293,#180,.T.);
#1053=EDGE_CURVE('',#1293,#1294,#1389,.T.);
#1054=EDGE_CURVE('',#1294,#1276,#181,.T.);
#1055=EDGE_CURVE('',#1294,#1295,#182,.T.);
#1056=EDGE_CURVE('',#1295,#1277,#183,.T.);
#1057=EDGE_CURVE('',#1296,#1297,#184,.T.);
#1058=EDGE_CURVE('',#1297,#1298,#1390,.T.);
#1059=EDGE_CURVE('',#1298,#1278,#185,.T.);
#1060=EDGE_CURVE('',#1295,#1296,#1391,.T.);
#1061=EDGE_CURVE('',#1298,#1291,#186,.T.);
#1062=EDGE_CURVE('',#1292,#1297,#187,.F.);
#1063=EDGE_CURVE('',#1296,#1293,#188,.F.);
#1064=EDGE_CURVE('',#1299,#1300,#189,.T.);
#1065=EDGE_CURVE('',#1299,#1301,#1392,.F.);
#1066=EDGE_CURVE('',#1302,#1301,#190,.T.);
#1067=EDGE_CURVE('',#1302,#1303,#1393,.F.);
#1068=EDGE_CURVE('',#1304,#1303,#191,.T.);
#1069=EDGE_CURVE('',#1304,#1305,#1394,.F.);
#1070=EDGE_CURVE('',#1306,#1305,#192,.T.);
#1071=EDGE_CURVE('',#1306,#1300,#1395,.F.);
#1072=EDGE_CURVE('',#1302,#1307,#31,.F.);
#1073=EDGE_CURVE('',#1307,#1303,#32,.F.);
#1074=EDGE_CURVE('',#1304,#1308,#33,.F.);
#1075=EDGE_CURVE('',#1308,#1305,#34,.F.);
#1076=EDGE_CURVE('',#1306,#1309,#35,.F.);
#1077=EDGE_CURVE('',#1309,#1300,#36,.F.);
#1078=EDGE_CURVE('',#1299,#1310,#37,.F.);
#1079=EDGE_CURVE('',#1310,#1301,#38,.F.);
#1080=EDGE_CURVE('',#1245,#1307,#193,.T.);
#1081=EDGE_CURVE('',#1308,#1248,#194,.F.);
#1082=EDGE_CURVE('',#1246,#1310,#195,.T.);
#1083=EDGE_CURVE('',#1309,#1247,#196,.F.);
#1084=EDGE_CURVE('',#1311,#1232,#197,.T.);
#1085=EDGE_CURVE('',#1312,#1311,#198,.T.);
#1086=EDGE_CURVE('',#1312,#1234,#199,.T.);
#1087=EDGE_CURVE('',#1313,#1233,#200,.T.);
#1088=EDGE_CURVE('',#1311,#1313,#201,.T.);
#1089=EDGE_CURVE('',#1314,#1244,#202,.T.);
#1090=EDGE_CURVE('',#1313,#1314,#203,.T.);
#1091=EDGE_CURVE('',#1315,#1243,#204,.T.);
#1092=EDGE_CURVE('',#1314,#1315,#205,.T.);
#1093=EDGE_CURVE('',#1316,#1242,#206,.T.);
#1094=EDGE_CURVE('',#1315,#1316,#207,.T.);
#1095=EDGE_CURVE('',#1317,#1241,#208,.T.);
#1096=EDGE_CURVE('',#1316,#1317,#209,.T.);
#1097=EDGE_CURVE('',#1318,#1240,#210,.T.);
#1098=EDGE_CURVE('',#1317,#1318,#211,.T.);
#1099=EDGE_CURVE('',#1319,#1239,#212,.T.);
#1100=EDGE_CURVE('',#1318,#1319,#213,.T.);
#1101=EDGE_CURVE('',#1320,#1238,#214,.T.);
#1102=EDGE_CURVE('',#1319,#1320,#215,.T.);
#1103=EDGE_CURVE('',#1321,#1237,#216,.T.);
#1104=EDGE_CURVE('',#1320,#1321,#217,.T.);
#1105=EDGE_CURVE('',#1322,#1236,#218,.T.);
#1106=EDGE_CURVE('',#1321,#1322,#219,.T.);
#1107=EDGE_CURVE('',#1323,#1235,#220,.T.);
#1108=EDGE_CURVE('',#1322,#1323,#221,.T.);
#1109=EDGE_CURVE('',#1323,#1312,#222,.T.);
#1110=EDGE_CURVE('',#1324,#1226,#223,.T.);
#1111=EDGE_CURVE('',#1324,#1325,#78,.T.);
#1112=EDGE_CURVE('',#1325,#1227,#224,.T.);
#1113=EDGE_CURVE('',#1325,#1326,#79,.T.);
#1114=EDGE_CURVE('',#1326,#1228,#225,.T.);
#1115=EDGE_CURVE('',#1326,#1327,#80,.T.);
#1116=EDGE_CURVE('',#1327,#1229,#226,.T.);
#1117=EDGE_CURVE('',#1327,#1328,#81,.T.);
#1118=EDGE_CURVE('',#1328,#1230,#227,.T.);
#1119=EDGE_CURVE('',#1328,#1329,#82,.T.);
#1120=EDGE_CURVE('',#1329,#1231,#228,.T.);
#1121=EDGE_CURVE('',#1329,#1324,#83,.T.);
#1122=EDGE_CURVE('',#1330,#1249,#229,.T.);
#1123=EDGE_CURVE('',#1330,#1331,#84,.T.);
#1124=EDGE_CURVE('',#1331,#1250,#230,.T.);
#1125=EDGE_CURVE('',#1331,#1332,#85,.T.);
#1126=EDGE_CURVE('',#1332,#1251,#231,.T.);
#1127=EDGE_CURVE('',#1332,#1333,#86,.T.);
#1128=EDGE_CURVE('',#1333,#1252,#232,.T.);
#1129=EDGE_CURVE('',#1333,#1330,#87,.T.);
#1130=EDGE_CURVE('',#1334,#1222,#233,.T.);
#1131=EDGE_CURVE('',#1334,#1335,#88,.T.);
#1132=EDGE_CURVE('',#1335,#1223,#234,.T.);
#1133=EDGE_CURVE('',#1335,#1336,#89,.T.);
#1134=EDGE_CURVE('',#1336,#1224,#235,.T.);
#1135=EDGE_CURVE('',#1336,#1337,#90,.T.);
#1136=EDGE_CURVE('',#1337,#1225,#236,.T.);
#1137=EDGE_CURVE('',#1337,#1334,#91,.T.);
#1138=EDGE_CURVE('',#1338,#1338,#92,.T.);
#1139=EDGE_CURVE('',#1339,#1339,#93,.T.);
#1140=EDGE_CURVE('',#1340,#1340,#94,.T.);
#1141=EDGE_CURVE('',#1341,#1216,#237,.T.);
#1142=EDGE_CURVE('',#1341,#1342,#95,.T.);
#1143=EDGE_CURVE('',#1342,#1217,#238,.T.);
#1144=EDGE_CURVE('',#1342,#1343,#96,.T.);
#1145=EDGE_CURVE('',#1343,#1218,#239,.T.);
#1146=EDGE_CURVE('',#1343,#1344,#97,.T.);
#1147=EDGE_CURVE('',#1344,#1219,#240,.T.);
#1148=EDGE_CURVE('',#1344,#1345,#98,.T.);
#1149=EDGE_CURVE('',#1345,#1220,#241,.T.);
#1150=EDGE_CURVE('',#1345,#1346,#99,.T.);
#1151=EDGE_CURVE('',#1346,#1221,#242,.T.);
#1152=EDGE_CURVE('',#1347,#1348,#100,.T.);
#1153=EDGE_CURVE('',#1349,#1347,#243,.T.);
#1154=EDGE_CURVE('',#1349,#1350,#101,.T.);
#1155=EDGE_CURVE('',#1350,#1348,#244,.T.);
#1156=EDGE_CURVE('',#1348,#1351,#102,.T.);
#1157=EDGE_CURVE('',#1350,#1352,#103,.T.);
#1158=EDGE_CURVE('',#1352,#1351,#245,.T.);
#1159=EDGE_CURVE('',#1351,#1347,#104,.T.);
#1160=EDGE_CURVE('',#1352,#1349,#105,.T.);
#1161=EDGE_CURVE('',#1346,#1341,#106,.T.);
#1162=EDGE_CURVE('',#1353,#1354,#107,.T.);
#1163=EDGE_CURVE('',#1355,#1353,#246,.T.);
#1164=EDGE_CURVE('',#1355,#1356,#108,.T.);
#1165=EDGE_CURVE('',#1356,#1354,#247,.T.);
#1166=EDGE_CURVE('',#1357,#1254,#248,.T.);
#1167=EDGE_CURVE('',#1357,#1358,#109,.T.);
#1168=EDGE_CURVE('',#1358,#1255,#249,.T.);
#1169=EDGE_CURVE('',#1358,#1359,#110,.T.);
#1170=EDGE_CURVE('',#1359,#1256,#250,.T.);
#1171=EDGE_CURVE('',#1359,#1360,#111,.T.);
#1172=EDGE_CURVE('',#1360,#1257,#251,.T.);
#1173=EDGE_CURVE('',#1360,#1361,#112,.T.);
#1174=EDGE_CURVE('',#1361,#1258,#252,.T.);
#1175=EDGE_CURVE('',#1361,#1357,#113,.T.);
#1176=EDGE_CURVE('',#1354,#1353,#114,.T.);
#1177=EDGE_CURVE('',#1356,#1355,#115,.T.);
#1178=EDGE_CURVE('',#1362,#1204,#253,.T.);
#1179=EDGE_CURVE('',#1363,#1362,#254,.T.);
#1180=EDGE_CURVE('',#1363,#1206,#255,.T.);
#1181=EDGE_CURVE('',#1364,#1205,#256,.T.);
#1182=EDGE_CURVE('',#1362,#1364,#257,.T.);
#1183=EDGE_CURVE('',#1365,#1215,#258,.T.);
#1184=EDGE_CURVE('',#1364,#1365,#259,.T.);
#1185=EDGE_CURVE('',#1366,#1214,#260,.T.);
#1186=EDGE_CURVE('',#1365,#1366,#261,.T.);
#1187=EDGE_CURVE('',#1367,#1213,#262,.T.);
#1188=EDGE_CURVE('',#1366,#1367,#263,.T.);
#1189=EDGE_CURVE('',#1368,#1212,#264,.T.);
#1190=EDGE_CURVE('',#1367,#1368,#265,.T.);
#1191=EDGE_CURVE('',#1369,#1211,#266,.T.);
#1192=EDGE_CURVE('',#1368,#1369,#267,.T.);
#1193=EDGE_CURVE('',#1370,#1210,#268,.T.);
#1194=EDGE_CURVE('',#1369,#1370,#269,.T.);
#1195=EDGE_CURVE('',#1371,#1209,#270,.T.);
#1196=EDGE_CURVE('',#1370,#1371,#271,.T.);
#1197=EDGE_CURVE('',#1372,#1208,#272,.T.);
#1198=EDGE_CURVE('',#1371,#1372,#273,.T.);
#1199=EDGE_CURVE('',#1373,#1207,#274,.T.);
#1200=EDGE_CURVE('',#1372,#1373,#275,.T.);
#1201=EDGE_CURVE('',#1373,#1363,#276,.T.);
#1202=EDGE_CURVE('',#1374,#1374,#1396,.T.);
#1203=VERTEX_POINT('',#3082);
#1204=VERTEX_POINT('',#3084);
#1205=VERTEX_POINT('',#3085);
#1206=VERTEX_POINT('',#3087);
#1207=VERTEX_POINT('',#3089);
#1208=VERTEX_POINT('',#3091);
#1209=VERTEX_POINT('',#3093);
#1210=VERTEX_POINT('',#3095);
#1211=VERTEX_POINT('',#3097);
#1212=VERTEX_POINT('',#3099);
#1213=VERTEX_POINT('',#3101);
#1214=VERTEX_POINT('',#3103);
#1215=VERTEX_POINT('',#3105);
#1216=VERTEX_POINT('',#3111);
#1217=VERTEX_POINT('',#3112);
#1218=VERTEX_POINT('',#3117);
#1219=VERTEX_POINT('',#3122);
#1220=VERTEX_POINT('',#3127);
#1221=VERTEX_POINT('',#3147);
#1222=VERTEX_POINT('',#3156);
#1223=VERTEX_POINT('',#3157);
#1224=VERTEX_POINT('',#3181);
#1225=VERTEX_POINT('',#3186);
#1226=VERTEX_POINT('',#3217);
#1227=VERTEX_POINT('',#3218);
#1228=VERTEX_POINT('',#3221);
#1229=VERTEX_POINT('',#3224);
#1230=VERTEX_POINT('',#3227);
#1231=VERTEX_POINT('',#3230);
#1232=VERTEX_POINT('',#3234);
#1233=VERTEX_POINT('',#3235);
#1234=VERTEX_POINT('',#3237);
#1235=VERTEX_POINT('',#3239);
#1236=VERTEX_POINT('',#3241);
#1237=VERTEX_POINT('',#3243);
#1238=VERTEX_POINT('',#3245);
#1239=VERTEX_POINT('',#3247);
#1240=VERTEX_POINT('',#3249);
#1241=VERTEX_POINT('',#3251);
#1242=VERTEX_POINT('',#3253);
#1243=VERTEX_POINT('',#3255);
#1244=VERTEX_POINT('',#3257);
#1245=VERTEX_POINT('',#3260);
#1246=VERTEX_POINT('',#3261);
#1247=VERTEX_POINT('',#3263);
#1248=VERTEX_POINT('',#3265);
#1249=VERTEX_POINT('',#3269);
#1250=VERTEX_POINT('',#3270);
#1251=VERTEX_POINT('',#3273);
#1252=VERTEX_POINT('',#3276);
#1253=VERTEX_POINT('',#3299);
#1254=VERTEX_POINT('',#3309);
#1255=VERTEX_POINT('',#3310);
#1256=VERTEX_POINT('',#3315);
#1257=VERTEX_POINT('',#3320);
#1258=VERTEX_POINT('',#3341);
#1259=VERTEX_POINT('',#3348);
#1260=VERTEX_POINT('',#3349);
#1261=VERTEX_POINT('',#3351);
#1262=VERTEX_POINT('',#3353);
#1263=VERTEX_POINT('',#3357);
#1264=VERTEX_POINT('',#3358);
#1265=VERTEX_POINT('',#3360);
#1266=VERTEX_POINT('',#3362);
#1267=VERTEX_POINT('',#3366);
#1268=VERTEX_POINT('',#3367);
#1269=VERTEX_POINT('',#3369);
#1270=VERTEX_POINT('',#3371);
#1271=VERTEX_POINT('',#3375);
#1272=VERTEX_POINT('',#3376);
#1273=VERTEX_POINT('',#3378);
#1274=VERTEX_POINT('',#3380);
#1275=VERTEX_POINT('',#3396);
#1276=VERTEX_POINT('',#3397);
#1277=VERTEX_POINT('',#3399);
#1278=VERTEX_POINT('',#3401);
#1279=VERTEX_POINT('',#3404);
#1280=VERTEX_POINT('',#3405);
#1281=VERTEX_POINT('',#3407);
#1282=VERTEX_POINT('',#3409);
#1283=VERTEX_POINT('',#3413);
#1284=VERTEX_POINT('',#3415);
#1285=VERTEX_POINT('',#3419);
#1286=VERTEX_POINT('',#3420);
#1287=VERTEX_POINT('',#3422);
#1288=VERTEX_POINT('',#3427);
#1289=VERTEX_POINT('',#3431);
#1290=VERTEX_POINT('',#3433);
#1291=VERTEX_POINT('',#3440);
#1292=VERTEX_POINT('',#3442);
#1293=VERTEX_POINT('',#3444);
#1294=VERTEX_POINT('',#3446);
#1295=VERTEX_POINT('',#3450);
#1296=VERTEX_POINT('',#3454);
#1297=VERTEX_POINT('',#3455);
#1298=VERTEX_POINT('',#3457);
#1299=VERTEX_POINT('',#3471);
#1300=VERTEX_POINT('',#3472);
#1301=VERTEX_POINT('',#3474);
#1302=VERTEX_POINT('',#3476);
#1303=VERTEX_POINT('',#3478);
#1304=VERTEX_POINT('',#3480);
#1305=VERTEX_POINT('',#3482);
#1306=VERTEX_POINT('',#3484);
#1307=VERTEX_POINT('',#3488);
#1308=VERTEX_POINT('',#3492);
#1309=VERTEX_POINT('',#3496);
#1310=VERTEX_POINT('',#3500);
#1311=VERTEX_POINT('',#3512);
#1312=VERTEX_POINT('',#3514);
#1313=VERTEX_POINT('',#3518);
#1314=VERTEX_POINT('',#3522);
#1315=VERTEX_POINT('',#3526);
#1316=VERTEX_POINT('',#3530);
#1317=VERTEX_POINT('',#3534);
#1318=VERTEX_POINT('',#3538);
#1319=VERTEX_POINT('',#3542);
#1320=VERTEX_POINT('',#3546);
#1321=VERTEX_POINT('',#3550);
#1322=VERTEX_POINT('',#3554);
#1323=VERTEX_POINT('',#3558);
#1324=VERTEX_POINT('',#3565);
#1325=VERTEX_POINT('',#3568);
#1326=VERTEX_POINT('',#3573);
#1327=VERTEX_POINT('',#3578);
#1328=VERTEX_POINT('',#3583);
#1329=VERTEX_POINT('',#3588);
#1330=VERTEX_POINT('',#3596);
#1331=VERTEX_POINT('',#3599);
#1332=VERTEX_POINT('',#3604);
#1333=VERTEX_POINT('',#3609);
#1334=VERTEX_POINT('',#3617);
#1335=VERTEX_POINT('',#3622);
#1336=VERTEX_POINT('',#3671);
#1337=VERTEX_POINT('',#3678);
#1338=VERTEX_POINT('',#3782);
#1339=VERTEX_POINT('',#3804);
#1340=VERTEX_POINT('',#3853);
#1341=VERTEX_POINT('',#3858);
#1342=VERTEX_POINT('',#3863);
#1343=VERTEX_POINT('',#3870);
#1344=VERTEX_POINT('',#3877);
#1345=VERTEX_POINT('',#3884);
#1346=VERTEX_POINT('',#3923);
#1347=VERTEX_POINT('',#3930);
#1348=VERTEX_POINT('',#3931);
#1349=VERTEX_POINT('',#3933);
#1350=VERTEX_POINT('',#3938);
#1351=VERTEX_POINT('',#3966);
#1352=VERTEX_POINT('',#3979);
#1353=VERTEX_POINT('',#4033);
#1354=VERTEX_POINT('',#4034);
#1355=VERTEX_POINT('',#4036);
#1356=VERTEX_POINT('',#4041);
#1357=VERTEX_POINT('',#4054);
#1358=VERTEX_POINT('',#4064);
#1359=VERTEX_POINT('',#4078);
#1360=VERTEX_POINT('',#4085);
#1361=VERTEX_POINT('',#4129);
#1362=VERTEX_POINT('',#4174);
#1363=VERTEX_POINT('',#4176);
#1364=VERTEX_POINT('',#4180);
#1365=VERTEX_POINT('',#4184);
#1366=VERTEX_POINT('',#4188);
#1367=VERTEX_POINT('',#4192);
#1368=VERTEX_POINT('',#4196);
#1369=VERTEX_POINT('',#4200);
#1370=VERTEX_POINT('',#4204);
#1371=VERTEX_POINT('',#4208);
#1372=VERTEX_POINT('',#4212);
#1373=VERTEX_POINT('',#4216);
#1374=VERTEX_POINT('',#4223);
#1375=CIRCLE('',#2551,0.2);
#1376=CIRCLE('',#2557,0.2);
#1377=CIRCLE('',#2558,0.2);
#1378=CIRCLE('',#2560,0.2);
#1379=CIRCLE('',#2561,0.2);
#1380=CIRCLE('',#2563,0.2);
#1381=CIRCLE('',#2564,0.2);
#1382=CIRCLE('',#2566,0.2);
#1383=CIRCLE('',#2567,0.2);
#1384=CIRCLE('',#2571,0.2);
#1385=CIRCLE('',#2572,0.2);
#1386=CIRCLE('',#2575,0.2);
#1387=CIRCLE('',#2576,0.2);
#1388=CIRCLE('',#2579,0.2);
#1389=CIRCLE('',#2580,0.2);
#1390=CIRCLE('',#2583,0.2);
#1391=CIRCLE('',#2584,0.2);
#1392=CIRCLE('',#2592,0.1);
#1393=CIRCLE('',#2593,0.1);
#1394=CIRCLE('',#2594,0.1);
#1395=CIRCLE('',#2595,0.1);
#1396=CIRCLE('',#2670,0.2);
#1397=EDGE_LOOP('',(#438));
#1398=EDGE_LOOP('',(#439,#440,#441,#442,#443,#444,#445,#446,#447,#448,#449,
#450));
#1399=EDGE_LOOP('',(#451,#452,#453,#454,#455,#456));
#1400=EDGE_LOOP('',(#457,#458,#459,#460));
#1401=EDGE_LOOP('',(#461,#462,#463,#464,#465,#466));
#1402=EDGE_LOOP('',(#467,#468,#469,#470,#471,#472,#473,#474,#475,#476,#477,
#478,#479));
#1403=EDGE_LOOP('',(#480,#481,#482,#483));
#1404=EDGE_LOOP('',(#484,#485,#486,#487));
#1405=EDGE_LOOP('',(#488));
#1406=EDGE_LOOP('',(#489,#490,#491,#492,#493));
#1407=EDGE_LOOP('',(#494,#495,#496,#497));
#1408=EDGE_LOOP('',(#498,#499,#500,#501));
#1409=EDGE_LOOP('',(#502,#503,#504,#505));
#1410=EDGE_LOOP('',(#506,#507,#508,#509));
#1411=EDGE_LOOP('',(#510,#511,#512,#513));
#1412=EDGE_LOOP('',(#514,#515,#516,#517));
#1413=EDGE_LOOP('',(#518,#519,#520,#521));
#1414=EDGE_LOOP('',(#522,#523,#524,#525));
#1415=EDGE_LOOP('',(#526,#527,#528,#529));
#1416=EDGE_LOOP('',(#530,#531,#532,#533,#534,#535,#536,#537));
#1417=EDGE_LOOP('',(#538,#539,#540,#541));
#1418=EDGE_LOOP('',(#542,#543,#544,#545));
#1419=EDGE_LOOP('',(#546,#547,#548,#549,#550,#551));
#1420=EDGE_LOOP('',(#552,#553,#554,#555));
#1421=EDGE_LOOP('',(#556,#557,#558,#559,#560,#561));
#1422=EDGE_LOOP('',(#562,#563,#564,#565));
#1423=EDGE_LOOP('',(#566,#567,#568,#569,#570,#571));
#1424=EDGE_LOOP('',(#572,#573,#574,#575));
#1425=EDGE_LOOP('',(#576,#577,#578,#579,#580,#581));
#1426=EDGE_LOOP('',(#582,#583,#584,#585));
#1427=EDGE_LOOP('',(#586,#587,#588,#589));
#1428=EDGE_LOOP('',(#590,#591,#592,#593));
#1429=EDGE_LOOP('',(#594,#595,#596,#597));
#1430=EDGE_LOOP('',(#598,#599,#600,#601));
#1431=EDGE_LOOP('',(#602,#603,#604,#605));
#1432=EDGE_LOOP('',(#606,#607,#608,#609,#610,#611,#612,#613));
#1433=EDGE_LOOP('',(#614,#615,#616,#617,#618,#619,#620,#621));
#1434=EDGE_LOOP('',(#622,#623,#624));
#1435=EDGE_LOOP('',(#625,#626,#627));
#1436=EDGE_LOOP('',(#628,#629,#630));
#1437=EDGE_LOOP('',(#631,#632,#633));
#1438=EDGE_LOOP('',(#634,#635,#636,#637,#638,#639));
#1439=EDGE_LOOP('',(#640,#641,#642,#643,#644,#645));
#1440=EDGE_LOOP('',(#646,#647,#648,#649,#650,#651));
#1441=EDGE_LOOP('',(#652,#653,#654,#655,#656,#657));
#1442=EDGE_LOOP('',(#658,#659,#660,#661));
#1443=EDGE_LOOP('',(#662,#663,#664,#665));
#1444=EDGE_LOOP('',(#666,#667,#668,#669));
#1445=EDGE_LOOP('',(#670,#671,#672,#673));
#1446=EDGE_LOOP('',(#674,#675,#676,#677));
#1447=EDGE_LOOP('',(#678,#679,#680,#681));
#1448=EDGE_LOOP('',(#682,#683,#684,#685));
#1449=EDGE_LOOP('',(#686,#687,#688,#689));
#1450=EDGE_LOOP('',(#690,#691,#692,#693));
#1451=EDGE_LOOP('',(#694,#695,#696,#697));
#1452=EDGE_LOOP('',(#698,#699,#700,#701));
#1453=EDGE_LOOP('',(#702,#703,#704,#705));
#1454=EDGE_LOOP('',(#706,#707,#708,#709));
#1455=EDGE_LOOP('',(#710,#711,#712,#713,#714,#715,#716,#717,#718,#719,#720,
#721,#722));
#1456=EDGE_LOOP('',(#723,#724,#725,#726));
#1457=EDGE_LOOP('',(#727,#728,#729,#730));
#1458=EDGE_LOOP('',(#731,#732,#733,#734));
#1459=EDGE_LOOP('',(#735,#736,#737,#738));
#1460=EDGE_LOOP('',(#739,#740,#741,#742));
#1461=EDGE_LOOP('',(#743,#744,#745,#746));
#1462=EDGE_LOOP('',(#747,#748,#749,#750,#751,#752));
#1463=EDGE_LOOP('',(#753,#754,#755,#756));
#1464=EDGE_LOOP('',(#757,#758,#759,#760));
#1465=EDGE_LOOP('',(#761,#762,#763,#764));
#1466=EDGE_LOOP('',(#765,#766,#767,#768));
#1467=EDGE_LOOP('',(#769,#770,#771,#772));
#1468=EDGE_LOOP('',(#773,#774,#775,#776));
#1469=EDGE_LOOP('',(#777,#778,#779,#780));
#1470=EDGE_LOOP('',(#781,#782,#783,#784));
#1471=EDGE_LOOP('',(#785,#786,#787,#788));
#1472=EDGE_LOOP('',(#789,#790,#791,#792));
#1473=EDGE_LOOP('',(#793));
#1474=EDGE_LOOP('',(#794));
#1475=EDGE_LOOP('',(#795));
#1476=EDGE_LOOP('',(#796));
#1477=EDGE_LOOP('',(#797));
#1478=EDGE_LOOP('',(#798));
#1479=EDGE_LOOP('',(#799));
#1480=EDGE_LOOP('',(#800,#801,#802,#803));
#1481=EDGE_LOOP('',(#804,#805,#806,#807));
#1482=EDGE_LOOP('',(#808,#809,#810,#811));
#1483=EDGE_LOOP('',(#812,#813,#814,#815));
#1484=EDGE_LOOP('',(#816,#817,#818,#819));
#1485=EDGE_LOOP('',(#820,#821,#822,#823));
#1486=EDGE_LOOP('',(#824,#825,#826,#827));
#1487=EDGE_LOOP('',(#828,#829,#830,#831));
#1488=EDGE_LOOP('',(#832,#833,#834,#835));
#1489=EDGE_LOOP('',(#836,#837,#838));
#1490=EDGE_LOOP('',(#839,#840,#841,#842,#843,#844));
#1491=EDGE_LOOP('',(#845,#846,#847));
#1492=EDGE_LOOP('',(#848,#849,#850,#851));
#1493=EDGE_LOOP('',(#852,#853,#854,#855));
#1494=EDGE_LOOP('',(#856,#857,#858,#859));
#1495=EDGE_LOOP('',(#860,#861,#862,#863));
#1496=EDGE_LOOP('',(#864,#865,#866,#867));
#1497=EDGE_LOOP('',(#868,#869,#870,#871));
#1498=EDGE_LOOP('',(#872,#873,#874,#875));
#1499=EDGE_LOOP('',(#876,#877,#878,#879,#880));
#1500=EDGE_LOOP('',(#881,#882));
#1501=EDGE_LOOP('',(#883,#884));
#1502=EDGE_LOOP('',(#885,#886,#887,#888));
#1503=EDGE_LOOP('',(#889,#890,#891,#892));
#1504=EDGE_LOOP('',(#893,#894,#895,#896));
#1505=EDGE_LOOP('',(#897,#898,#899,#900));
#1506=EDGE_LOOP('',(#901,#902,#903,#904));
#1507=EDGE_LOOP('',(#905,#906,#907,#908));
#1508=EDGE_LOOP('',(#909,#910,#911,#912));
#1509=EDGE_LOOP('',(#913,#914,#915,#916));
#1510=EDGE_LOOP('',(#917,#918,#919,#920));
#1511=EDGE_LOOP('',(#921,#922,#923,#924));
#1512=EDGE_LOOP('',(#925,#926,#927,#928));
#1513=EDGE_LOOP('',(#929,#930,#931,#932));
#1514=EDGE_LOOP('',(#933,#934,#935,#936,#937,#938,#939,#940,#941,#942,#943,
#944));
#1515=EDGE_LOOP('',(#945));
#1516=EDGE_LOOP('',(#946));
#1517=EDGE_LOOP('',(#947));
#1518=FACE_BOUND('',#1397,.T.);
#1519=FACE_BOUND('',#1398,.T.);
#1520=FACE_BOUND('',#1399,.T.);
#1521=FACE_BOUND('',#1400,.T.);
#1522=FACE_BOUND('',#1401,.T.);
#1523=FACE_BOUND('',#1402,.T.);
#1524=FACE_BOUND('',#1403,.T.);
#1525=FACE_BOUND('',#1404,.T.);
#1526=FACE_BOUND('',#1405,.T.);
#1527=FACE_BOUND('',#1406,.T.);
#1528=FACE_BOUND('',#1407,.T.);
#1529=FACE_BOUND('',#1408,.T.);
#1530=FACE_BOUND('',#1409,.T.);
#1531=FACE_BOUND('',#1410,.T.);
#1532=FACE_BOUND('',#1411,.T.);
#1533=FACE_BOUND('',#1412,.T.);
#1534=FACE_BOUND('',#1413,.T.);
#1535=FACE_BOUND('',#1414,.T.);
#1536=FACE_BOUND('',#1415,.T.);
#1537=FACE_BOUND('',#1416,.T.);
#1538=FACE_BOUND('',#1417,.T.);
#1539=FACE_BOUND('',#1418,.T.);
#1540=FACE_BOUND('',#1419,.T.);
#1541=FACE_BOUND('',#1420,.T.);
#1542=FACE_BOUND('',#1421,.T.);
#1543=FACE_BOUND('',#1422,.T.);
#1544=FACE_BOUND('',#1423,.T.);
#1545=FACE_BOUND('',#1424,.T.);
#1546=FACE_BOUND('',#1425,.T.);
#1547=FACE_BOUND('',#1426,.T.);
#1548=FACE_BOUND('',#1427,.T.);
#1549=FACE_BOUND('',#1428,.T.);
#1550=FACE_BOUND('',#1429,.T.);
#1551=FACE_BOUND('',#1430,.T.);
#1552=FACE_BOUND('',#1431,.T.);
#1553=FACE_BOUND('',#1432,.T.);
#1554=FACE_BOUND('',#1433,.T.);
#1555=FACE_BOUND('',#1434,.T.);
#1556=FACE_BOUND('',#1435,.T.);
#1557=FACE_BOUND('',#1436,.T.);
#1558=FACE_BOUND('',#1437,.T.);
#1559=FACE_BOUND('',#1438,.T.);
#1560=FACE_BOUND('',#1439,.T.);
#1561=FACE_BOUND('',#1440,.T.);
#1562=FACE_BOUND('',#1441,.T.);
#1563=FACE_BOUND('',#1442,.T.);
#1564=FACE_BOUND('',#1443,.T.);
#1565=FACE_BOUND('',#1444,.T.);
#1566=FACE_BOUND('',#1445,.T.);
#1567=FACE_BOUND('',#1446,.T.);
#1568=FACE_BOUND('',#1447,.T.);
#1569=FACE_BOUND('',#1448,.T.);
#1570=FACE_BOUND('',#1449,.T.);
#1571=FACE_BOUND('',#1450,.T.);
#1572=FACE_BOUND('',#1451,.T.);
#1573=FACE_BOUND('',#1452,.T.);
#1574=FACE_BOUND('',#1453,.T.);
#1575=FACE_BOUND('',#1454,.T.);
#1576=FACE_BOUND('',#1455,.T.);
#1577=FACE_BOUND('',#1456,.T.);
#1578=FACE_BOUND('',#1457,.T.);
#1579=FACE_BOUND('',#1458,.T.);
#1580=FACE_BOUND('',#1459,.T.);
#1581=FACE_BOUND('',#1460,.T.);
#1582=FACE_BOUND('',#1461,.T.);
#1583=FACE_BOUND('',#1462,.T.);
#1584=FACE_BOUND('',#1463,.T.);
#1585=FACE_BOUND('',#1464,.T.);
#1586=FACE_BOUND('',#1465,.T.);
#1587=FACE_BOUND('',#1466,.T.);
#1588=FACE_BOUND('',#1467,.T.);
#1589=FACE_BOUND('',#1468,.T.);
#1590=FACE_BOUND('',#1469,.T.);
#1591=FACE_BOUND('',#1470,.T.);
#1592=FACE_BOUND('',#1471,.T.);
#1593=FACE_BOUND('',#1472,.T.);
#1594=FACE_BOUND('',#1473,.T.);
#1595=FACE_BOUND('',#1474,.T.);
#1596=FACE_BOUND('',#1475,.T.);
#1597=FACE_BOUND('',#1476,.T.);
#1598=FACE_BOUND('',#1477,.T.);
#1599=FACE_BOUND('',#1478,.T.);
#1600=FACE_BOUND('',#1479,.T.);
#1601=FACE_BOUND('',#1480,.T.);
#1602=FACE_BOUND('',#1481,.T.);
#1603=FACE_BOUND('',#1482,.T.);
#1604=FACE_BOUND('',#1483,.T.);
#1605=FACE_BOUND('',#1484,.T.);
#1606=FACE_BOUND('',#1485,.T.);
#1607=FACE_BOUND('',#1486,.T.);
#1608=FACE_BOUND('',#1487,.T.);
#1609=FACE_BOUND('',#1488,.T.);
#1610=FACE_BOUND('',#1489,.T.);
#1611=FACE_BOUND('',#1490,.T.);
#1612=FACE_BOUND('',#1491,.T.);
#1613=FACE_BOUND('',#1492,.T.);
#1614=FACE_BOUND('',#1493,.T.);
#1615=FACE_BOUND('',#1494,.T.);
#1616=FACE_BOUND('',#1495,.T.);
#1617=FACE_BOUND('',#1496,.T.);
#1618=FACE_BOUND('',#1497,.T.);
#1619=FACE_BOUND('',#1498,.T.);
#1620=FACE_BOUND('',#1499,.T.);
#1621=FACE_BOUND('',#1500,.T.);
#1622=FACE_BOUND('',#1501,.T.);
#1623=FACE_BOUND('',#1502,.T.);
#1624=FACE_BOUND('',#1503,.T.);
#1625=FACE_BOUND('',#1504,.T.);
#1626=FACE_BOUND('',#1505,.T.);
#1627=FACE_BOUND('',#1506,.T.);
#1628=FACE_BOUND('',#1507,.T.);
#1629=FACE_BOUND('',#1508,.T.);
#1630=FACE_BOUND('',#1509,.T.);
#1631=FACE_BOUND('',#1510,.T.);
#1632=FACE_BOUND('',#1511,.T.);
#1633=FACE_BOUND('',#1512,.T.);
#1634=FACE_BOUND('',#1513,.T.);
#1635=FACE_BOUND('',#1514,.T.);
#1636=FACE_BOUND('',#1515,.T.);
#1637=FACE_BOUND('',#1516,.T.);
#1638=FACE_BOUND('',#1517,.T.);
#1639=PLANE('',#2550);
#1640=PLANE('',#2552);
#1641=PLANE('',#2553);
#1642=PLANE('',#2554);
#1643=PLANE('',#2555);
#1644=PLANE('',#2568);
#1645=PLANE('',#2569);
#1646=PLANE('',#2570);
#1647=PLANE('',#2573);
#1648=PLANE('',#2574);
#1649=PLANE('',#2577);
#1650=PLANE('',#2578);
#1651=PLANE('',#2581);
#1652=PLANE('',#2582);
#1653=PLANE('',#2585);
#1654=PLANE('',#2586);
#1655=PLANE('',#2591);
#1656=PLANE('',#2608);
#1657=PLANE('',#2609);
#1658=PLANE('',#2610);
#1659=PLANE('',#2611);
#1660=PLANE('',#2612);
#1661=PLANE('',#2613);
#1662=PLANE('',#2614);
#1663=PLANE('',#2615);
#1664=PLANE('',#2616);
#1665=PLANE('',#2617);
#1666=PLANE('',#2618);
#1667=PLANE('',#2619);
#1668=PLANE('',#2620);
#1669=PLANE('',#2621);
#1670=PLANE('',#2622);
#1671=PLANE('',#2623);
#1672=PLANE('',#2624);
#1673=PLANE('',#2625);
#1674=PLANE('',#2626);
#1675=PLANE('',#2627);
#1676=PLANE('',#2628);
#1677=PLANE('',#2629);
#1678=PLANE('',#2630);
#1679=PLANE('',#2631);
#1680=PLANE('',#2632);
#1681=PLANE('',#2633);
#1682=PLANE('',#2634);
#1683=PLANE('',#2635);
#1684=PLANE('',#2636);
#1685=PLANE('',#2637);
#1686=PLANE('',#2638);
#1687=PLANE('',#2639);
#1688=PLANE('',#2640);
#1689=PLANE('',#2641);
#1690=PLANE('',#2642);
#1691=PLANE('',#2643);
#1692=PLANE('',#2644);
#1693=PLANE('',#2645);
#1694=PLANE('',#2646);
#1695=PLANE('',#2647);
#1696=PLANE('',#2648);
#1697=PLANE('',#2649);
#1698=PLANE('',#2650);
#1699=PLANE('',#2651);
#1700=PLANE('',#2652);
#1701=PLANE('',#2653);
#1702=PLANE('',#2654);
#1703=PLANE('',#2655);
#1704=PLANE('',#2656);
#1705=PLANE('',#2657);
#1706=PLANE('',#2658);
#1707=PLANE('',#2659);
#1708=PLANE('',#2660);
#1709=PLANE('',#2661);
#1710=PLANE('',#2662);
#1711=PLANE('',#2663);
#1712=PLANE('',#2664);
#1713=PLANE('',#2665);
#1714=PLANE('',#2666);
#1715=PLANE('',#2667);
#1716=PLANE('',#2668);
#1717=PLANE('',#2671);
#1718=STYLED_ITEM('',(#1821),#2442);
#1719=STYLED_ITEM('',(#1822),#2443);
#1720=STYLED_ITEM('',(#1823),#2444);
#1721=STYLED_ITEM('',(#1824),#2445);
#1722=STYLED_ITEM('',(#1825),#2446);
#1723=STYLED_ITEM('',(#1826),#2447);
#1724=STYLED_ITEM('',(#1827),#2448);
#1725=STYLED_ITEM('',(#1828),#2449);
#1726=STYLED_ITEM('',(#1829),#2450);
#1727=STYLED_ITEM('',(#1830),#2451);
#1728=STYLED_ITEM('',(#1831),#2452);
#1729=STYLED_ITEM('',(#1832),#2453);
#1730=STYLED_ITEM('',(#1833),#2454);
#1731=STYLED_ITEM('',(#1834),#2455);
#1732=STYLED_ITEM('',(#1835),#2456);
#1733=STYLED_ITEM('',(#1836),#2457);
#1734=STYLED_ITEM('',(#1837),#2458);
#1735=STYLED_ITEM('',(#1838),#2459);
#1736=STYLED_ITEM('',(#1839),#2460);
#1737=STYLED_ITEM('',(#1840),#2461);
#1738=STYLED_ITEM('',(#1841),#2462);
#1739=STYLED_ITEM('',(#1842),#2463);
#1740=STYLED_ITEM('',(#1843),#2464);
#1741=STYLED_ITEM('',(#1844),#2465);
#1742=STYLED_ITEM('',(#1845),#2466);
#1743=STYLED_ITEM('',(#1846),#2467);
#1744=STYLED_ITEM('',(#1847),#2468);
#1745=STYLED_ITEM('',(#1848),#2469);
#1746=STYLED_ITEM('',(#1849),#2470);
#1747=STYLED_ITEM('',(#1850),#2471);
#1748=STYLED_ITEM('',(#1851),#2472);
#1749=STYLED_ITEM('',(#1852),#2473);
#1750=STYLED_ITEM('',(#1853),#2474);
#1751=STYLED_ITEM('',(#1854),#2475);
#1752=STYLED_ITEM('',(#1855),#2476);
#1753=STYLED_ITEM('',(#1856),#2477);
#1754=STYLED_ITEM('',(#1857),#2478);
#1755=STYLED_ITEM('',(#1858),#2479);
#1756=STYLED_ITEM('',(#1859),#2480);
#1757=STYLED_ITEM('',(#1860),#2481);
#1758=STYLED_ITEM('',(#1861),#2482);
#1759=STYLED_ITEM('',(#1862),#2483);
#1760=STYLED_ITEM('',(#1863),#2484);
#1761=STYLED_ITEM('',(#1864),#2485);
#1762=STYLED_ITEM('',(#1865),#2486);
#1763=STYLED_ITEM('',(#1866),#2487);
#1764=STYLED_ITEM('',(#1867),#2488);
#1765=STYLED_ITEM('',(#1868),#2489);
#1766=STYLED_ITEM('',(#1869),#2490);
#1767=STYLED_ITEM('',(#1870),#2491);
#1768=STYLED_ITEM('',(#1871),#2492);
#1769=STYLED_ITEM('',(#1872),#2493);
#1770=STYLED_ITEM('',(#1873),#2494);
#1771=STYLED_ITEM('',(#1874),#2495);
#1772=STYLED_ITEM('',(#1875),#2496);
#1773=STYLED_ITEM('',(#1876),#2497);
#1774=STYLED_ITEM('',(#1877),#2498);
#1775=STYLED_ITEM('',(#1878),#2499);
#1776=STYLED_ITEM('',(#1879),#2500);
#1777=STYLED_ITEM('',(#1880),#2501);
#1778=STYLED_ITEM('',(#1881),#2502);
#1779=STYLED_ITEM('',(#1882),#2503);
#1780=STYLED_ITEM('',(#1883),#2504);
#1781=STYLED_ITEM('',(#1884),#2505);
#1782=STYLED_ITEM('',(#1885),#2506);
#1783=STYLED_ITEM('',(#1886),#2507);
#1784=STYLED_ITEM('',(#1887),#2508);
#1785=STYLED_ITEM('',(#1888),#2509);
#1786=STYLED_ITEM('',(#1889),#2510);
#1787=STYLED_ITEM('',(#1890),#2511);
#1788=STYLED_ITEM('',(#1891),#2512);
#1789=STYLED_ITEM('',(#1892),#2513);
#1790=STYLED_ITEM('',(#1893),#2514);
#1791=STYLED_ITEM('',(#1894),#2515);
#1792=STYLED_ITEM('',(#1895),#2516);
#1793=STYLED_ITEM('',(#1896),#2517);
#1794=STYLED_ITEM('',(#1897),#2518);
#1795=STYLED_ITEM('',(#1898),#2519);
#1796=STYLED_ITEM('',(#1899),#2520);
#1797=STYLED_ITEM('',(#1900),#2521);
#1798=STYLED_ITEM('',(#1901),#2522);
#1799=STYLED_ITEM('',(#1902),#2523);
#1800=STYLED_ITEM('',(#1903),#2524);
#1801=STYLED_ITEM('',(#1904),#2525);
#1802=STYLED_ITEM('',(#1905),#2526);
#1803=STYLED_ITEM('',(#1906),#2527);
#1804=STYLED_ITEM('',(#1907),#2528);
#1805=STYLED_ITEM('',(#1908),#2529);
#1806=STYLED_ITEM('',(#1909),#2530);
#1807=STYLED_ITEM('',(#1910),#2531);
#1808=STYLED_ITEM('',(#1911),#2532);
#1809=STYLED_ITEM('',(#1912),#2533);
#1810=STYLED_ITEM('',(#1913),#2534);
#1811=STYLED_ITEM('',(#1914),#2535);
#1812=STYLED_ITEM('',(#1915),#2536);
#1813=STYLED_ITEM('',(#1916),#2537);
#1814=STYLED_ITEM('',(#1917),#2538);
#1815=STYLED_ITEM('',(#1918),#2539);
#1816=STYLED_ITEM('',(#1919),#2540);
#1817=STYLED_ITEM('',(#1920),#2541);
#1818=STYLED_ITEM('',(#1921),#2542);
#1819=STYLED_ITEM('',(#1922),#2543);
#1820=STYLED_ITEM('',(#1923),#2544);
#1821=PRESENTATION_STYLE_ASSIGNMENT((#1924));
#1822=PRESENTATION_STYLE_ASSIGNMENT((#1925));
#1823=PRESENTATION_STYLE_ASSIGNMENT((#1926));
#1824=PRESENTATION_STYLE_ASSIGNMENT((#1927));
#1825=PRESENTATION_STYLE_ASSIGNMENT((#1928));
#1826=PRESENTATION_STYLE_ASSIGNMENT((#1929));
#1827=PRESENTATION_STYLE_ASSIGNMENT((#1930));
#1828=PRESENTATION_STYLE_ASSIGNMENT((#1931));
#1829=PRESENTATION_STYLE_ASSIGNMENT((#1932));
#1830=PRESENTATION_STYLE_ASSIGNMENT((#1933));
#1831=PRESENTATION_STYLE_ASSIGNMENT((#1934));
#1832=PRESENTATION_STYLE_ASSIGNMENT((#1935));
#1833=PRESENTATION_STYLE_ASSIGNMENT((#1936));
#1834=PRESENTATION_STYLE_ASSIGNMENT((#1937));
#1835=PRESENTATION_STYLE_ASSIGNMENT((#1938));
#1836=PRESENTATION_STYLE_ASSIGNMENT((#1939));
#1837=PRESENTATION_STYLE_ASSIGNMENT((#1940));
#1838=PRESENTATION_STYLE_ASSIGNMENT((#1941));
#1839=PRESENTATION_STYLE_ASSIGNMENT((#1942));
#1840=PRESENTATION_STYLE_ASSIGNMENT((#1943));
#1841=PRESENTATION_STYLE_ASSIGNMENT((#1944));
#1842=PRESENTATION_STYLE_ASSIGNMENT((#1945));
#1843=PRESENTATION_STYLE_ASSIGNMENT((#1946));
#1844=PRESENTATION_STYLE_ASSIGNMENT((#1947));
#1845=PRESENTATION_STYLE_ASSIGNMENT((#1948));
#1846=PRESENTATION_STYLE_ASSIGNMENT((#1949));
#1847=PRESENTATION_STYLE_ASSIGNMENT((#1950));
#1848=PRESENTATION_STYLE_ASSIGNMENT((#1951));
#1849=PRESENTATION_STYLE_ASSIGNMENT((#1952));
#1850=PRESENTATION_STYLE_ASSIGNMENT((#1953));
#1851=PRESENTATION_STYLE_ASSIGNMENT((#1954));
#1852=PRESENTATION_STYLE_ASSIGNMENT((#1955));
#1853=PRESENTATION_STYLE_ASSIGNMENT((#1956));
#1854=PRESENTATION_STYLE_ASSIGNMENT((#1957));
#1855=PRESENTATION_STYLE_ASSIGNMENT((#1958));
#1856=PRESENTATION_STYLE_ASSIGNMENT((#1959));
#1857=PRESENTATION_STYLE_ASSIGNMENT((#1960));
#1858=PRESENTATION_STYLE_ASSIGNMENT((#1961));
#1859=PRESENTATION_STYLE_ASSIGNMENT((#1962));
#1860=PRESENTATION_STYLE_ASSIGNMENT((#1963));
#1861=PRESENTATION_STYLE_ASSIGNMENT((#1964));
#1862=PRESENTATION_STYLE_ASSIGNMENT((#1965));
#1863=PRESENTATION_STYLE_ASSIGNMENT((#1966));
#1864=PRESENTATION_STYLE_ASSIGNMENT((#1967));
#1865=PRESENTATION_STYLE_ASSIGNMENT((#1968));
#1866=PRESENTATION_STYLE_ASSIGNMENT((#1969));
#1867=PRESENTATION_STYLE_ASSIGNMENT((#1970));
#1868=PRESENTATION_STYLE_ASSIGNMENT((#1971));
#1869=PRESENTATION_STYLE_ASSIGNMENT((#1972));
#1870=PRESENTATION_STYLE_ASSIGNMENT((#1973));
#1871=PRESENTATION_STYLE_ASSIGNMENT((#1974));
#1872=PRESENTATION_STYLE_ASSIGNMENT((#1975));
#1873=PRESENTATION_STYLE_ASSIGNMENT((#1976));
#1874=PRESENTATION_STYLE_ASSIGNMENT((#1977));
#1875=PRESENTATION_STYLE_ASSIGNMENT((#1978));
#1876=PRESENTATION_STYLE_ASSIGNMENT((#1979));
#1877=PRESENTATION_STYLE_ASSIGNMENT((#1980));
#1878=PRESENTATION_STYLE_ASSIGNMENT((#1981));
#1879=PRESENTATION_STYLE_ASSIGNMENT((#1982));
#1880=PRESENTATION_STYLE_ASSIGNMENT((#1983));
#1881=PRESENTATION_STYLE_ASSIGNMENT((#1984));
#1882=PRESENTATION_STYLE_ASSIGNMENT((#1985));
#1883=PRESENTATION_STYLE_ASSIGNMENT((#1986));
#1884=PRESENTATION_STYLE_ASSIGNMENT((#1987));
#1885=PRESENTATION_STYLE_ASSIGNMENT((#1988));
#1886=PRESENTATION_STYLE_ASSIGNMENT((#1989));
#1887=PRESENTATION_STYLE_ASSIGNMENT((#1990));
#1888=PRESENTATION_STYLE_ASSIGNMENT((#1991));
#1889=PRESENTATION_STYLE_ASSIGNMENT((#1992));
#1890=PRESENTATION_STYLE_ASSIGNMENT((#1993));
#1891=PRESENTATION_STYLE_ASSIGNMENT((#1994));
#1892=PRESENTATION_STYLE_ASSIGNMENT((#1995));
#1893=PRESENTATION_STYLE_ASSIGNMENT((#1996));
#1894=PRESENTATION_STYLE_ASSIGNMENT((#1997));
#1895=PRESENTATION_STYLE_ASSIGNMENT((#1998));
#1896=PRESENTATION_STYLE_ASSIGNMENT((#1999));
#1897=PRESENTATION_STYLE_ASSIGNMENT((#2000));
#1898=PRESENTATION_STYLE_ASSIGNMENT((#2001));
#1899=PRESENTATION_STYLE_ASSIGNMENT((#2002));
#1900=PRESENTATION_STYLE_ASSIGNMENT((#2003));
#1901=PRESENTATION_STYLE_ASSIGNMENT((#2004));
#1902=PRESENTATION_STYLE_ASSIGNMENT((#2005));
#1903=PRESENTATION_STYLE_ASSIGNMENT((#2006));
#1904=PRESENTATION_STYLE_ASSIGNMENT((#2007));
#1905=PRESENTATION_STYLE_ASSIGNMENT((#2008));
#1906=PRESENTATION_STYLE_ASSIGNMENT((#2009));
#1907=PRESENTATION_STYLE_ASSIGNMENT((#2010));
#1908=PRESENTATION_STYLE_ASSIGNMENT((#2011));
#1909=PRESENTATION_STYLE_ASSIGNMENT((#2012));
#1910=PRESENTATION_STYLE_ASSIGNMENT((#2013));
#1911=PRESENTATION_STYLE_ASSIGNMENT((#2014));
#1912=PRESENTATION_STYLE_ASSIGNMENT((#2015));
#1913=PRESENTATION_STYLE_ASSIGNMENT((#2016));
#1914=PRESENTATION_STYLE_ASSIGNMENT((#2017));
#1915=PRESENTATION_STYLE_ASSIGNMENT((#2018));
#1916=PRESENTATION_STYLE_ASSIGNMENT((#2019));
#1917=PRESENTATION_STYLE_ASSIGNMENT((#2020));
#1918=PRESENTATION_STYLE_ASSIGNMENT((#2021));
#1919=PRESENTATION_STYLE_ASSIGNMENT((#2022));
#1920=PRESENTATION_STYLE_ASSIGNMENT((#2023));
#1921=PRESENTATION_STYLE_ASSIGNMENT((#2024));
#1922=PRESENTATION_STYLE_ASSIGNMENT((#2025));
#1923=PRESENTATION_STYLE_ASSIGNMENT((#2026));
#1924=SURFACE_STYLE_USAGE(.BOTH.,#2027);
#1925=SURFACE_STYLE_USAGE(.BOTH.,#2028);
#1926=SURFACE_STYLE_USAGE(.BOTH.,#2029);
#1927=SURFACE_STYLE_USAGE(.BOTH.,#2030);
#1928=SURFACE_STYLE_USAGE(.BOTH.,#2031);
#1929=SURFACE_STYLE_USAGE(.BOTH.,#2032);
#1930=SURFACE_STYLE_USAGE(.BOTH.,#2033);
#1931=SURFACE_STYLE_USAGE(.BOTH.,#2034);
#1932=SURFACE_STYLE_USAGE(.BOTH.,#2035);
#1933=SURFACE_STYLE_USAGE(.BOTH.,#2036);
#1934=SURFACE_STYLE_USAGE(.BOTH.,#2037);
#1935=SURFACE_STYLE_USAGE(.BOTH.,#2038);
#1936=SURFACE_STYLE_USAGE(.BOTH.,#2039);
#1937=SURFACE_STYLE_USAGE(.BOTH.,#2040);
#1938=SURFACE_STYLE_USAGE(.BOTH.,#2041);
#1939=SURFACE_STYLE_USAGE(.BOTH.,#2042);
#1940=SURFACE_STYLE_USAGE(.BOTH.,#2043);
#1941=SURFACE_STYLE_USAGE(.BOTH.,#2044);
#1942=SURFACE_STYLE_USAGE(.BOTH.,#2045);
#1943=SURFACE_STYLE_USAGE(.BOTH.,#2046);
#1944=SURFACE_STYLE_USAGE(.BOTH.,#2047);
#1945=SURFACE_STYLE_USAGE(.BOTH.,#2048);
#1946=SURFACE_STYLE_USAGE(.BOTH.,#2049);
#1947=SURFACE_STYLE_USAGE(.BOTH.,#2050);
#1948=SURFACE_STYLE_USAGE(.BOTH.,#2051);
#1949=SURFACE_STYLE_USAGE(.BOTH.,#2052);
#1950=SURFACE_STYLE_USAGE(.BOTH.,#2053);
#1951=SURFACE_STYLE_USAGE(.BOTH.,#2054);
#1952=SURFACE_STYLE_USAGE(.BOTH.,#2055);
#1953=SURFACE_STYLE_USAGE(.BOTH.,#2056);
#1954=SURFACE_STYLE_USAGE(.BOTH.,#2057);
#1955=SURFACE_STYLE_USAGE(.BOTH.,#2058);
#1956=SURFACE_STYLE_USAGE(.BOTH.,#2059);
#1957=SURFACE_STYLE_USAGE(.BOTH.,#2060);
#1958=SURFACE_STYLE_USAGE(.BOTH.,#2061);
#1959=SURFACE_STYLE_USAGE(.BOTH.,#2062);
#1960=SURFACE_STYLE_USAGE(.BOTH.,#2063);
#1961=SURFACE_STYLE_USAGE(.BOTH.,#2064);
#1962=SURFACE_STYLE_USAGE(.BOTH.,#2065);
#1963=SURFACE_STYLE_USAGE(.BOTH.,#2066);
#1964=SURFACE_STYLE_USAGE(.BOTH.,#2067);
#1965=SURFACE_STYLE_USAGE(.BOTH.,#2068);
#1966=SURFACE_STYLE_USAGE(.BOTH.,#2069);
#1967=SURFACE_STYLE_USAGE(.BOTH.,#2070);
#1968=SURFACE_STYLE_USAGE(.BOTH.,#2071);
#1969=SURFACE_STYLE_USAGE(.BOTH.,#2072);
#1970=SURFACE_STYLE_USAGE(.BOTH.,#2073);
#1971=SURFACE_STYLE_USAGE(.BOTH.,#2074);
#1972=SURFACE_STYLE_USAGE(.BOTH.,#2075);
#1973=SURFACE_STYLE_USAGE(.BOTH.,#2076);
#1974=SURFACE_STYLE_USAGE(.BOTH.,#2077);
#1975=SURFACE_STYLE_USAGE(.BOTH.,#2078);
#1976=SURFACE_STYLE_USAGE(.BOTH.,#2079);
#1977=SURFACE_STYLE_USAGE(.BOTH.,#2080);
#1978=SURFACE_STYLE_USAGE(.BOTH.,#2081);
#1979=SURFACE_STYLE_USAGE(.BOTH.,#2082);
#1980=SURFACE_STYLE_USAGE(.BOTH.,#2083);
#1981=SURFACE_STYLE_USAGE(.BOTH.,#2084);
#1982=SURFACE_STYLE_USAGE(.BOTH.,#2085);
#1983=SURFACE_STYLE_USAGE(.BOTH.,#2086);
#1984=SURFACE_STYLE_USAGE(.BOTH.,#2087);
#1985=SURFACE_STYLE_USAGE(.BOTH.,#2088);
#1986=SURFACE_STYLE_USAGE(.BOTH.,#2089);
#1987=SURFACE_STYLE_USAGE(.BOTH.,#2090);
#1988=SURFACE_STYLE_USAGE(.BOTH.,#2091);
#1989=SURFACE_STYLE_USAGE(.BOTH.,#2092);
#1990=SURFACE_STYLE_USAGE(.BOTH.,#2093);
#1991=SURFACE_STYLE_USAGE(.BOTH.,#2094);
#1992=SURFACE_STYLE_USAGE(.BOTH.,#2095);
#1993=SURFACE_STYLE_USAGE(.BOTH.,#2096);
#1994=SURFACE_STYLE_USAGE(.BOTH.,#2097);
#1995=SURFACE_STYLE_USAGE(.BOTH.,#2098);
#1996=SURFACE_STYLE_USAGE(.BOTH.,#2099);
#1997=SURFACE_STYLE_USAGE(.BOTH.,#2100);
#1998=SURFACE_STYLE_USAGE(.BOTH.,#2101);
#1999=SURFACE_STYLE_USAGE(.BOTH.,#2102);
#2000=SURFACE_STYLE_USAGE(.BOTH.,#2103);
#2001=SURFACE_STYLE_USAGE(.BOTH.,#2104);
#2002=SURFACE_STYLE_USAGE(.BOTH.,#2105);
#2003=SURFACE_STYLE_USAGE(.BOTH.,#2106);
#2004=SURFACE_STYLE_USAGE(.BOTH.,#2107);
#2005=SURFACE_STYLE_USAGE(.BOTH.,#2108);
#2006=SURFACE_STYLE_USAGE(.BOTH.,#2109);
#2007=SURFACE_STYLE_USAGE(.BOTH.,#2110);
#2008=SURFACE_STYLE_USAGE(.BOTH.,#2111);
#2009=SURFACE_STYLE_USAGE(.BOTH.,#2112);
#2010=SURFACE_STYLE_USAGE(.BOTH.,#2113);
#2011=SURFACE_STYLE_USAGE(.BOTH.,#2114);
#2012=SURFACE_STYLE_USAGE(.BOTH.,#2115);
#2013=SURFACE_STYLE_USAGE(.BOTH.,#2116);
#2014=SURFACE_STYLE_USAGE(.BOTH.,#2117);
#2015=SURFACE_STYLE_USAGE(.BOTH.,#2118);
#2016=SURFACE_STYLE_USAGE(.BOTH.,#2119);
#2017=SURFACE_STYLE_USAGE(.BOTH.,#2120);
#2018=SURFACE_STYLE_USAGE(.BOTH.,#2121);
#2019=SURFACE_STYLE_USAGE(.BOTH.,#2122);
#2020=SURFACE_STYLE_USAGE(.BOTH.,#2123);
#2021=SURFACE_STYLE_USAGE(.BOTH.,#2124);
#2022=SURFACE_STYLE_USAGE(.BOTH.,#2125);
#2023=SURFACE_STYLE_USAGE(.BOTH.,#2126);
#2024=SURFACE_STYLE_USAGE(.BOTH.,#2127);
#2025=SURFACE_STYLE_USAGE(.BOTH.,#2128);
#2026=SURFACE_STYLE_USAGE(.BOTH.,#2129);
#2027=SURFACE_SIDE_STYLE('',(#2130));
#2028=SURFACE_SIDE_STYLE('',(#2131));
#2029=SURFACE_SIDE_STYLE('',(#2132));
#2030=SURFACE_SIDE_STYLE('',(#2133));
#2031=SURFACE_SIDE_STYLE('',(#2134));
#2032=SURFACE_SIDE_STYLE('',(#2135));
#2033=SURFACE_SIDE_STYLE('',(#2136));
#2034=SURFACE_SIDE_STYLE('',(#2137));
#2035=SURFACE_SIDE_STYLE('',(#2138));
#2036=SURFACE_SIDE_STYLE('',(#2139));
#2037=SURFACE_SIDE_STYLE('',(#2140));
#2038=SURFACE_SIDE_STYLE('',(#2141));
#2039=SURFACE_SIDE_STYLE('',(#2142));
#2040=SURFACE_SIDE_STYLE('',(#2143));
#2041=SURFACE_SIDE_STYLE('',(#2144));
#2042=SURFACE_SIDE_STYLE('',(#2145));
#2043=SURFACE_SIDE_STYLE('',(#2146));
#2044=SURFACE_SIDE_STYLE('',(#2147));
#2045=SURFACE_SIDE_STYLE('',(#2148));
#2046=SURFACE_SIDE_STYLE('',(#2149));
#2047=SURFACE_SIDE_STYLE('',(#2150));
#2048=SURFACE_SIDE_STYLE('',(#2151));
#2049=SURFACE_SIDE_STYLE('',(#2152));
#2050=SURFACE_SIDE_STYLE('',(#2153));
#2051=SURFACE_SIDE_STYLE('',(#2154));
#2052=SURFACE_SIDE_STYLE('',(#2155));
#2053=SURFACE_SIDE_STYLE('',(#2156));
#2054=SURFACE_SIDE_STYLE('',(#2157));
#2055=SURFACE_SIDE_STYLE('',(#2158));
#2056=SURFACE_SIDE_STYLE('',(#2159));
#2057=SURFACE_SIDE_STYLE('',(#2160));
#2058=SURFACE_SIDE_STYLE('',(#2161));
#2059=SURFACE_SIDE_STYLE('',(#2162));
#2060=SURFACE_SIDE_STYLE('',(#2163));
#2061=SURFACE_SIDE_STYLE('',(#2164));
#2062=SURFACE_SIDE_STYLE('',(#2165));
#2063=SURFACE_SIDE_STYLE('',(#2166));
#2064=SURFACE_SIDE_STYLE('',(#2167));
#2065=SURFACE_SIDE_STYLE('',(#2168));
#2066=SURFACE_SIDE_STYLE('',(#2169));
#2067=SURFACE_SIDE_STYLE('',(#2170));
#2068=SURFACE_SIDE_STYLE('',(#2171));
#2069=SURFACE_SIDE_STYLE('',(#2172));
#2070=SURFACE_SIDE_STYLE('',(#2173));
#2071=SURFACE_SIDE_STYLE('',(#2174));
#2072=SURFACE_SIDE_STYLE('',(#2175));
#2073=SURFACE_SIDE_STYLE('',(#2176));
#2074=SURFACE_SIDE_STYLE('',(#2177));
#2075=SURFACE_SIDE_STYLE('',(#2178));
#2076=SURFACE_SIDE_STYLE('',(#2179));
#2077=SURFACE_SIDE_STYLE('',(#2180));
#2078=SURFACE_SIDE_STYLE('',(#2181));
#2079=SURFACE_SIDE_STYLE('',(#2182));
#2080=SURFACE_SIDE_STYLE('',(#2183));
#2081=SURFACE_SIDE_STYLE('',(#2184));
#2082=SURFACE_SIDE_STYLE('',(#2185));
#2083=SURFACE_SIDE_STYLE('',(#2186));
#2084=SURFACE_SIDE_STYLE('',(#2187));
#2085=SURFACE_SIDE_STYLE('',(#2188));
#2086=SURFACE_SIDE_STYLE('',(#2189));
#2087=SURFACE_SIDE_STYLE('',(#2190));
#2088=SURFACE_SIDE_STYLE('',(#2191));
#2089=SURFACE_SIDE_STYLE('',(#2192));
#2090=SURFACE_SIDE_STYLE('',(#2193));
#2091=SURFACE_SIDE_STYLE('',(#2194));
#2092=SURFACE_SIDE_STYLE('',(#2195));
#2093=SURFACE_SIDE_STYLE('',(#2196));
#2094=SURFACE_SIDE_STYLE('',(#2197));
#2095=SURFACE_SIDE_STYLE('',(#2198));
#2096=SURFACE_SIDE_STYLE('',(#2199));
#2097=SURFACE_SIDE_STYLE('',(#2200));
#2098=SURFACE_SIDE_STYLE('',(#2201));
#2099=SURFACE_SIDE_STYLE('',(#2202));
#2100=SURFACE_SIDE_STYLE('',(#2203));
#2101=SURFACE_SIDE_STYLE('',(#2204));
#2102=SURFACE_SIDE_STYLE('',(#2205));
#2103=SURFACE_SIDE_STYLE('',(#2206));
#2104=SURFACE_SIDE_STYLE('',(#2207));
#2105=SURFACE_SIDE_STYLE('',(#2208));
#2106=SURFACE_SIDE_STYLE('',(#2209));
#2107=SURFACE_SIDE_STYLE('',(#2210));
#2108=SURFACE_SIDE_STYLE('',(#2211));
#2109=SURFACE_SIDE_STYLE('',(#2212));
#2110=SURFACE_SIDE_STYLE('',(#2213));
#2111=SURFACE_SIDE_STYLE('',(#2214));
#2112=SURFACE_SIDE_STYLE('',(#2215));
#2113=SURFACE_SIDE_STYLE('',(#2216));
#2114=SURFACE_SIDE_STYLE('',(#2217));
#2115=SURFACE_SIDE_STYLE('',(#2218));
#2116=SURFACE_SIDE_STYLE('',(#2219));
#2117=SURFACE_SIDE_STYLE('',(#2220));
#2118=SURFACE_SIDE_STYLE('',(#2221));
#2119=SURFACE_SIDE_STYLE('',(#2222));
#2120=SURFACE_SIDE_STYLE('',(#2223));
#2121=SURFACE_SIDE_STYLE('',(#2224));
#2122=SURFACE_SIDE_STYLE('',(#2225));
#2123=SURFACE_SIDE_STYLE('',(#2226));
#2124=SURFACE_SIDE_STYLE('',(#2227));
#2125=SURFACE_SIDE_STYLE('',(#2228));
#2126=SURFACE_SIDE_STYLE('',(#2229));
#2127=SURFACE_SIDE_STYLE('',(#2230));
#2128=SURFACE_SIDE_STYLE('',(#2231));
#2129=SURFACE_SIDE_STYLE('',(#2232));
#2130=SURFACE_STYLE_FILL_AREA(#2233);
#2131=SURFACE_STYLE_FILL_AREA(#2234);
#2132=SURFACE_STYLE_FILL_AREA(#2235);
#2133=SURFACE_STYLE_FILL_AREA(#2236);
#2134=SURFACE_STYLE_FILL_AREA(#2237);
#2135=SURFACE_STYLE_FILL_AREA(#2238);
#2136=SURFACE_STYLE_FILL_AREA(#2239);
#2137=SURFACE_STYLE_FILL_AREA(#2240);
#2138=SURFACE_STYLE_FILL_AREA(#2241);
#2139=SURFACE_STYLE_FILL_AREA(#2242);
#2140=SURFACE_STYLE_FILL_AREA(#2243);
#2141=SURFACE_STYLE_FILL_AREA(#2244);
#2142=SURFACE_STYLE_FILL_AREA(#2245);
#2143=SURFACE_STYLE_FILL_AREA(#2246);
#2144=SURFACE_STYLE_FILL_AREA(#2247);
#2145=SURFACE_STYLE_FILL_AREA(#2248);
#2146=SURFACE_STYLE_FILL_AREA(#2249);
#2147=SURFACE_STYLE_FILL_AREA(#2250);
#2148=SURFACE_STYLE_FILL_AREA(#2251);
#2149=SURFACE_STYLE_FILL_AREA(#2252);
#2150=SURFACE_STYLE_FILL_AREA(#2253);
#2151=SURFACE_STYLE_FILL_AREA(#2254);
#2152=SURFACE_STYLE_FILL_AREA(#2255);
#2153=SURFACE_STYLE_FILL_AREA(#2256);
#2154=SURFACE_STYLE_FILL_AREA(#2257);
#2155=SURFACE_STYLE_FILL_AREA(#2258);
#2156=SURFACE_STYLE_FILL_AREA(#2259);
#2157=SURFACE_STYLE_FILL_AREA(#2260);
#2158=SURFACE_STYLE_FILL_AREA(#2261);
#2159=SURFACE_STYLE_FILL_AREA(#2262);
#2160=SURFACE_STYLE_FILL_AREA(#2263);
#2161=SURFACE_STYLE_FILL_AREA(#2264);
#2162=SURFACE_STYLE_FILL_AREA(#2265);
#2163=SURFACE_STYLE_FILL_AREA(#2266);
#2164=SURFACE_STYLE_FILL_AREA(#2267);
#2165=SURFACE_STYLE_FILL_AREA(#2268);
#2166=SURFACE_STYLE_FILL_AREA(#2269);
#2167=SURFACE_STYLE_FILL_AREA(#2270);
#2168=SURFACE_STYLE_FILL_AREA(#2271);
#2169=SURFACE_STYLE_FILL_AREA(#2272);
#2170=SURFACE_STYLE_FILL_AREA(#2273);
#2171=SURFACE_STYLE_FILL_AREA(#2274);
#2172=SURFACE_STYLE_FILL_AREA(#2275);
#2173=SURFACE_STYLE_FILL_AREA(#2276);
#2174=SURFACE_STYLE_FILL_AREA(#2277);
#2175=SURFACE_STYLE_FILL_AREA(#2278);
#2176=SURFACE_STYLE_FILL_AREA(#2279);
#2177=SURFACE_STYLE_FILL_AREA(#2280);
#2178=SURFACE_STYLE_FILL_AREA(#2281);
#2179=SURFACE_STYLE_FILL_AREA(#2282);
#2180=SURFACE_STYLE_FILL_AREA(#2283);
#2181=SURFACE_STYLE_FILL_AREA(#2284);
#2182=SURFACE_STYLE_FILL_AREA(#2285);
#2183=SURFACE_STYLE_FILL_AREA(#2286);
#2184=SURFACE_STYLE_FILL_AREA(#2287);
#2185=SURFACE_STYLE_FILL_AREA(#2288);
#2186=SURFACE_STYLE_FILL_AREA(#2289);
#2187=SURFACE_STYLE_FILL_AREA(#2290);
#2188=SURFACE_STYLE_FILL_AREA(#2291);
#2189=SURFACE_STYLE_FILL_AREA(#2292);
#2190=SURFACE_STYLE_FILL_AREA(#2293);
#2191=SURFACE_STYLE_FILL_AREA(#2294);
#2192=SURFACE_STYLE_FILL_AREA(#2295);
#2193=SURFACE_STYLE_FILL_AREA(#2296);
#2194=SURFACE_STYLE_FILL_AREA(#2297);
#2195=SURFACE_STYLE_FILL_AREA(#2298);
#2196=SURFACE_STYLE_FILL_AREA(#2299);
#2197=SURFACE_STYLE_FILL_AREA(#2300);
#2198=SURFACE_STYLE_FILL_AREA(#2301);
#2199=SURFACE_STYLE_FILL_AREA(#2302);
#2200=SURFACE_STYLE_FILL_AREA(#2303);
#2201=SURFACE_STYLE_FILL_AREA(#2304);
#2202=SURFACE_STYLE_FILL_AREA(#2305);
#2203=SURFACE_STYLE_FILL_AREA(#2306);
#2204=SURFACE_STYLE_FILL_AREA(#2307);
#2205=SURFACE_STYLE_FILL_AREA(#2308);
#2206=SURFACE_STYLE_FILL_AREA(#2309);
#2207=SURFACE_STYLE_FILL_AREA(#2310);
#2208=SURFACE_STYLE_FILL_AREA(#2311);
#2209=SURFACE_STYLE_FILL_AREA(#2312);
#2210=SURFACE_STYLE_FILL_AREA(#2313);
#2211=SURFACE_STYLE_FILL_AREA(#2314);
#2212=SURFACE_STYLE_FILL_AREA(#2315);
#2213=SURFACE_STYLE_FILL_AREA(#2316);
#2214=SURFACE_STYLE_FILL_AREA(#2317);
#2215=SURFACE_STYLE_FILL_AREA(#2318);
#2216=SURFACE_STYLE_FILL_AREA(#2319);
#2217=SURFACE_STYLE_FILL_AREA(#2320);
#2218=SURFACE_STYLE_FILL_AREA(#2321);
#2219=SURFACE_STYLE_FILL_AREA(#2322);
#2220=SURFACE_STYLE_FILL_AREA(#2323);
#2221=SURFACE_STYLE_FILL_AREA(#2324);
#2222=SURFACE_STYLE_FILL_AREA(#2325);
#2223=SURFACE_STYLE_FILL_AREA(#2326);
#2224=SURFACE_STYLE_FILL_AREA(#2327);
#2225=SURFACE_STYLE_FILL_AREA(#2328);
#2226=SURFACE_STYLE_FILL_AREA(#2329);
#2227=SURFACE_STYLE_FILL_AREA(#2330);
#2228=SURFACE_STYLE_FILL_AREA(#2331);
#2229=SURFACE_STYLE_FILL_AREA(#2332);
#2230=SURFACE_STYLE_FILL_AREA(#2333);
#2231=SURFACE_STYLE_FILL_AREA(#2334);
#2232=SURFACE_STYLE_FILL_AREA(#2335);
#2233=FILL_AREA_STYLE('',(#2336));
#2234=FILL_AREA_STYLE('',(#2337));
#2235=FILL_AREA_STYLE('',(#2338));
#2236=FILL_AREA_STYLE('',(#2339));
#2237=FILL_AREA_STYLE('',(#2340));
#2238=FILL_AREA_STYLE('',(#2341));
#2239=FILL_AREA_STYLE('',(#2342));
#2240=FILL_AREA_STYLE('',(#2343));
#2241=FILL_AREA_STYLE('',(#2344));
#2242=FILL_AREA_STYLE('',(#2345));
#2243=FILL_AREA_STYLE('',(#2346));
#2244=FILL_AREA_STYLE('',(#2347));
#2245=FILL_AREA_STYLE('',(#2348));
#2246=FILL_AREA_STYLE('',(#2349));
#2247=FILL_AREA_STYLE('',(#2350));
#2248=FILL_AREA_STYLE('',(#2351));
#2249=FILL_AREA_STYLE('',(#2352));
#2250=FILL_AREA_STYLE('',(#2353));
#2251=FILL_AREA_STYLE('',(#2354));
#2252=FILL_AREA_STYLE('',(#2355));
#2253=FILL_AREA_STYLE('',(#2356));
#2254=FILL_AREA_STYLE('',(#2357));
#2255=FILL_AREA_STYLE('',(#2358));
#2256=FILL_AREA_STYLE('',(#2359));
#2257=FILL_AREA_STYLE('',(#2360));
#2258=FILL_AREA_STYLE('',(#2361));
#2259=FILL_AREA_STYLE('',(#2362));
#2260=FILL_AREA_STYLE('',(#2363));
#2261=FILL_AREA_STYLE('',(#2364));
#2262=FILL_AREA_STYLE('',(#2365));
#2263=FILL_AREA_STYLE('',(#2366));
#2264=FILL_AREA_STYLE('',(#2367));
#2265=FILL_AREA_STYLE('',(#2368));
#2266=FILL_AREA_STYLE('',(#2369));
#2267=FILL_AREA_STYLE('',(#2370));
#2268=FILL_AREA_STYLE('',(#2371));
#2269=FILL_AREA_STYLE('',(#2372));
#2270=FILL_AREA_STYLE('',(#2373));
#2271=FILL_AREA_STYLE('',(#2374));
#2272=FILL_AREA_STYLE('',(#2375));
#2273=FILL_AREA_STYLE('',(#2376));
#2274=FILL_AREA_STYLE('',(#2377));
#2275=FILL_AREA_STYLE('',(#2378));
#2276=FILL_AREA_STYLE('',(#2379));
#2277=FILL_AREA_STYLE('',(#2380));
#2278=FILL_AREA_STYLE('',(#2381));
#2279=FILL_AREA_STYLE('',(#2382));
#2280=FILL_AREA_STYLE('',(#2383));
#2281=FILL_AREA_STYLE('',(#2384));
#2282=FILL_AREA_STYLE('',(#2385));
#2283=FILL_AREA_STYLE('',(#2386));
#2284=FILL_AREA_STYLE('',(#2387));
#2285=FILL_AREA_STYLE('',(#2388));
#2286=FILL_AREA_STYLE('',(#2389));
#2287=FILL_AREA_STYLE('',(#2390));
#2288=FILL_AREA_STYLE('',(#2391));
#2289=FILL_AREA_STYLE('',(#2392));
#2290=FILL_AREA_STYLE('',(#2393));
#2291=FILL_AREA_STYLE('',(#2394));
#2292=FILL_AREA_STYLE('',(#2395));
#2293=FILL_AREA_STYLE('',(#2396));
#2294=FILL_AREA_STYLE('',(#2397));
#2295=FILL_AREA_STYLE('',(#2398));
#2296=FILL_AREA_STYLE('',(#2399));
#2297=FILL_AREA_STYLE('',(#2400));
#2298=FILL_AREA_STYLE('',(#2401));
#2299=FILL_AREA_STYLE('',(#2402));
#2300=FILL_AREA_STYLE('',(#2403));
#2301=FILL_AREA_STYLE('',(#2404));
#2302=FILL_AREA_STYLE('',(#2405));
#2303=FILL_AREA_STYLE('',(#2406));
#2304=FILL_AREA_STYLE('',(#2407));
#2305=FILL_AREA_STYLE('',(#2408));
#2306=FILL_AREA_STYLE('',(#2409));
#2307=FILL_AREA_STYLE('',(#2410));
#2308=FILL_AREA_STYLE('',(#2411));
#2309=FILL_AREA_STYLE('',(#2412));
#2310=FILL_AREA_STYLE('',(#2413));
#2311=FILL_AREA_STYLE('',(#2414));
#2312=FILL_AREA_STYLE('',(#2415));
#2313=FILL_AREA_STYLE('',(#2416));
#2314=FILL_AREA_STYLE('',(#2417));
#2315=FILL_AREA_STYLE('',(#2418));
#2316=FILL_AREA_STYLE('',(#2419));
#2317=FILL_AREA_STYLE('',(#2420));
#2318=FILL_AREA_STYLE('',(#2421));
#2319=FILL_AREA_STYLE('',(#2422));
#2320=FILL_AREA_STYLE('',(#2423));
#2321=FILL_AREA_STYLE('',(#2424));
#2322=FILL_AREA_STYLE('',(#2425));
#2323=FILL_AREA_STYLE('',(#2426));
#2324=FILL_AREA_STYLE('',(#2427));
#2325=FILL_AREA_STYLE('',(#2428));
#2326=FILL_AREA_STYLE('',(#2429));
#2327=FILL_AREA_STYLE('',(#2430));
#2328=FILL_AREA_STYLE('',(#2431));
#2329=FILL_AREA_STYLE('',(#2432));
#2330=FILL_AREA_STYLE('',(#2433));
#2331=FILL_AREA_STYLE('',(#2434));
#2332=FILL_AREA_STYLE('',(#2435));
#2333=FILL_AREA_STYLE('',(#2436));
#2334=FILL_AREA_STYLE('',(#2437));
#2335=FILL_AREA_STYLE('',(#2438));
#2336=FILL_AREA_STYLE_COLOUR('',#2439);
#2337=FILL_AREA_STYLE_COLOUR('',#2439);
#2338=FILL_AREA_STYLE_COLOUR('',#2439);
#2339=FILL_AREA_STYLE_COLOUR('',#2439);
#2340=FILL_AREA_STYLE_COLOUR('',#2439);
#2341=FILL_AREA_STYLE_COLOUR('',#2439);
#2342=FILL_AREA_STYLE_COLOUR('',#2439);
#2343=FILL_AREA_STYLE_COLOUR('',#2439);
#2344=FILL_AREA_STYLE_COLOUR('',#2439);
#2345=FILL_AREA_STYLE_COLOUR('',#2439);
#2346=FILL_AREA_STYLE_COLOUR('',#2440);
#2347=FILL_AREA_STYLE_COLOUR('',#2440);
#2348=FILL_AREA_STYLE_COLOUR('',#2440);
#2349=FILL_AREA_STYLE_COLOUR('',#2440);
#2350=FILL_AREA_STYLE_COLOUR('',#2440);
#2351=FILL_AREA_STYLE_COLOUR('',#2439);
#2352=FILL_AREA_STYLE_COLOUR('',#2439);
#2353=FILL_AREA_STYLE_COLOUR('',#2439);
#2354=FILL_AREA_STYLE_COLOUR('',#2439);
#2355=FILL_AREA_STYLE_COLOUR('',#2439);
#2356=FILL_AREA_STYLE_COLOUR('',#2440);
#2357=FILL_AREA_STYLE_COLOUR('',#2440);
#2358=FILL_AREA_STYLE_COLOUR('',#2440);
#2359=FILL_AREA_STYLE_COLOUR('',#2440);
#2360=FILL_AREA_STYLE_COLOUR('',#2439);
#2361=FILL_AREA_STYLE_COLOUR('',#2439);
#2362=FILL_AREA_STYLE_COLOUR('',#2439);
#2363=FILL_AREA_STYLE_COLOUR('',#2439);
#2364=FILL_AREA_STYLE_COLOUR('',#2439);
#2365=FILL_AREA_STYLE_COLOUR('',#2439);
#2366=FILL_AREA_STYLE_COLOUR('',#2439);
#2367=FILL_AREA_STYLE_COLOUR('',#2439);
#2368=FILL_AREA_STYLE_COLOUR('',#2439);
#2369=FILL_AREA_STYLE_COLOUR('',#2441);
#2370=FILL_AREA_STYLE_COLOUR('',#2441);
#2371=FILL_AREA_STYLE_COLOUR('',#2441);
#2372=FILL_AREA_STYLE_COLOUR('',#2441);
#2373=FILL_AREA_STYLE_COLOUR('',#2441);
#2374=FILL_AREA_STYLE_COLOUR('',#2441);
#2375=FILL_AREA_STYLE_COLOUR('',#2441);
#2376=FILL_AREA_STYLE_COLOUR('',#2441);
#2377=FILL_AREA_STYLE_COLOUR('',#2441);
#2378=FILL_AREA_STYLE_COLOUR('',#2441);
#2379=FILL_AREA_STYLE_COLOUR('',#2441);
#2380=FILL_AREA_STYLE_COLOUR('',#2441);
#2381=FILL_AREA_STYLE_COLOUR('',#2441);
#2382=FILL_AREA_STYLE_COLOUR('',#2441);
#2383=FILL_AREA_STYLE_COLOUR('',#2441);
#2384=FILL_AREA_STYLE_COLOUR('',#2441);
#2385=FILL_AREA_STYLE_COLOUR('',#2441);
#2386=FILL_AREA_STYLE_COLOUR('',#2441);
#2387=FILL_AREA_STYLE_COLOUR('',#2441);
#2388=FILL_AREA_STYLE_COLOUR('',#2441);
#2389=FILL_AREA_STYLE_COLOUR('',#2441);
#2390=FILL_AREA_STYLE_COLOUR('',#2441);
#2391=FILL_AREA_STYLE_COLOUR('',#2441);
#2392=FILL_AREA_STYLE_COLOUR('',#2441);
#2393=FILL_AREA_STYLE_COLOUR('',#2441);
#2394=FILL_AREA_STYLE_COLOUR('',#2441);
#2395=FILL_AREA_STYLE_COLOUR('',#2441);
#2396=FILL_AREA_STYLE_COLOUR('',#2441);
#2397=FILL_AREA_STYLE_COLOUR('',#2441);
#2398=FILL_AREA_STYLE_COLOUR('',#2441);
#2399=FILL_AREA_STYLE_COLOUR('',#2441);
#2400=FILL_AREA_STYLE_COLOUR('',#2441);
#2401=FILL_AREA_STYLE_COLOUR('',#2441);
#2402=FILL_AREA_STYLE_COLOUR('',#2441);
#2403=FILL_AREA_STYLE_COLOUR('',#2439);
#2404=FILL_AREA_STYLE_COLOUR('',#2441);
#2405=FILL_AREA_STYLE_COLOUR('',#2441);
#2406=FILL_AREA_STYLE_COLOUR('',#2441);
#2407=FILL_AREA_STYLE_COLOUR('',#2441);
#2408=FILL_AREA_STYLE_COLOUR('',#2441);
#2409=FILL_AREA_STYLE_COLOUR('',#2441);
#2410=FILL_AREA_STYLE_COLOUR('',#2441);
#2411=FILL_AREA_STYLE_COLOUR('',#2441);
#2412=FILL_AREA_STYLE_COLOUR('',#2441);
#2413=FILL_AREA_STYLE_COLOUR('',#2441);
#2414=FILL_AREA_STYLE_COLOUR('',#2439);
#2415=FILL_AREA_STYLE_COLOUR('',#2441);
#2416=FILL_AREA_STYLE_COLOUR('',#2441);
#2417=FILL_AREA_STYLE_COLOUR('',#2441);
#2418=FILL_AREA_STYLE_COLOUR('',#2441);
#2419=FILL_AREA_STYLE_COLOUR('',#2441);
#2420=FILL_AREA_STYLE_COLOUR('',#2441);
#2421=FILL_AREA_STYLE_COLOUR('',#2441);
#2422=FILL_AREA_STYLE_COLOUR('',#2441);
#2423=FILL_AREA_STYLE_COLOUR('',#2439);
#2424=FILL_AREA_STYLE_COLOUR('',#2441);
#2425=FILL_AREA_STYLE_COLOUR('',#2441);
#2426=FILL_AREA_STYLE_COLOUR('',#2441);
#2427=FILL_AREA_STYLE_COLOUR('',#2441);
#2428=FILL_AREA_STYLE_COLOUR('',#2441);
#2429=FILL_AREA_STYLE_COLOUR('',#2441);
#2430=FILL_AREA_STYLE_COLOUR('',#2441);
#2431=FILL_AREA_STYLE_COLOUR('',#2441);
#2432=FILL_AREA_STYLE_COLOUR('',#2441);
#2433=FILL_AREA_STYLE_COLOUR('',#2441);
#2434=FILL_AREA_STYLE_COLOUR('',#2441);
#2435=FILL_AREA_STYLE_COLOUR('',#2441);
#2436=FILL_AREA_STYLE_COLOUR('',#2441);
#2437=FILL_AREA_STYLE_COLOUR('',#2441);
#2438=FILL_AREA_STYLE_COLOUR('',#2441);
#2439=COLOUR_RGB('',0.569999992847443,0.569999992847443,0.569999992847443);
#2440=COLOUR_RGB('',0.699999988079071,0.699999988079071,0.699999988079071);
#2441=COLOUR_RGB('',0.119999997317791,0.119999997317791,0.119999997317791);
#2442=ADVANCED_FACE('',(#1518,#1519,#1520,#1521,#1522,#1523,#1524,#1525,
#1526,#1527),#1639,.F.);
#2443=ADVANCED_FACE('',(#1528),#1640,.T.);
#2444=ADVANCED_FACE('',(#1529),#1641,.T.);
#2445=ADVANCED_FACE('',(#1530),#1642,.T.);
#2446=ADVANCED_FACE('',(#1531),#1643,.T.);
#2447=ADVANCED_FACE('',(#1532),#39,.T.);
#2448=ADVANCED_FACE('',(#1533),#40,.T.);
#2449=ADVANCED_FACE('',(#1534),#41,.T.);
#2450=ADVANCED_FACE('',(#1535),#42,.T.);
#2451=ADVANCED_FACE('',(#1536,#1537,#1538),#1644,.T.);
#2452=ADVANCED_FACE('',(#1539),#1645,.F.);
#2453=ADVANCED_FACE('',(#1540),#1646,.F.);
#2454=ADVANCED_FACE('',(#1541),#1647,.F.);
#2455=ADVANCED_FACE('',(#1542),#1648,.F.);
#2456=ADVANCED_FACE('',(#1543),#1649,.F.);
#2457=ADVANCED_FACE('',(#1544),#1650,.T.);
#2458=ADVANCED_FACE('',(#1545),#1651,.T.);
#2459=ADVANCED_FACE('',(#1546),#1652,.T.);
#2460=ADVANCED_FACE('',(#1547),#1653,.T.);
#2461=ADVANCED_FACE('',(#1548),#1654,.F.);
#2462=ADVANCED_FACE('',(#1549),#43,.T.);
#2463=ADVANCED_FACE('',(#1550),#44,.T.);
#2464=ADVANCED_FACE('',(#1551),#45,.T.);
#2465=ADVANCED_FACE('',(#1552),#46,.T.);
#2466=ADVANCED_FACE('',(#1553,#1554),#1655,.T.);
#2467=ADVANCED_FACE('',(#1555),#47,.T.);
#2468=ADVANCED_FACE('',(#1556),#48,.T.);
#2469=ADVANCED_FACE('',(#1557),#49,.T.);
#2470=ADVANCED_FACE('',(#1558),#50,.T.);
#2471=ADVANCED_FACE('',(#1559),#1656,.T.);
#2472=ADVANCED_FACE('',(#1560),#1657,.T.);
#2473=ADVANCED_FACE('',(#1561),#1658,.T.);
#2474=ADVANCED_FACE('',(#1562),#1659,.T.);
#2475=ADVANCED_FACE('',(#1563),#1660,.F.);
#2476=ADVANCED_FACE('',(#1564),#1661,.F.);
#2477=ADVANCED_FACE('',(#1565),#1662,.F.);
#2478=ADVANCED_FACE('',(#1566),#1663,.F.);
#2479=ADVANCED_FACE('',(#1567),#1664,.F.);
#2480=ADVANCED_FACE('',(#1568),#1665,.F.);
#2481=ADVANCED_FACE('',(#1569),#1666,.F.);
#2482=ADVANCED_FACE('',(#1570),#1667,.F.);
#2483=ADVANCED_FACE('',(#1571),#1668,.F.);
#2484=ADVANCED_FACE('',(#1572),#1669,.F.);
#2485=ADVANCED_FACE('',(#1573),#1670,.F.);
#2486=ADVANCED_FACE('',(#1574),#1671,.F.);
#2487=ADVANCED_FACE('',(#1575),#1672,.F.);
#2488=ADVANCED_FACE('',(#1576),#1673,.T.);
#2489=ADVANCED_FACE('',(#1577),#1674,.T.);
#2490=ADVANCED_FACE('',(#1578),#1675,.T.);
#2491=ADVANCED_FACE('',(#1579),#1676,.T.);
#2492=ADVANCED_FACE('',(#1580),#1677,.T.);
#2493=ADVANCED_FACE('',(#1581),#1678,.T.);
#2494=ADVANCED_FACE('',(#1582),#1679,.T.);
#2495=ADVANCED_FACE('',(#1583),#1680,.T.);
#2496=ADVANCED_FACE('',(#1584),#1681,.T.);
#2497=ADVANCED_FACE('',(#1585),#1682,.T.);
#2498=ADVANCED_FACE('',(#1586),#1683,.T.);
#2499=ADVANCED_FACE('',(#1587),#1684,.T.);
#2500=ADVANCED_FACE('',(#1588),#1685,.T.);
#2501=ADVANCED_FACE('',(#1589),#1686,.T.);
#2502=ADVANCED_FACE('',(#1590),#20,.T.);
#2503=ADVANCED_FACE('',(#1591),#1687,.T.);
#2504=ADVANCED_FACE('',(#1592),#21,.T.);
#2505=ADVANCED_FACE('',(#1593),#1688,.T.);
#2506=ADVANCED_FACE('',(#1594,#1595),#22,.T.);
#2507=ADVANCED_FACE('',(#1596,#1597),#23,.T.);
#2508=ADVANCED_FACE('',(#1598,#1599),#1689,.T.);
#2509=ADVANCED_FACE('',(#1600),#1690,.F.);
#2510=ADVANCED_FACE('',(#1601),#1691,.T.);
#2511=ADVANCED_FACE('',(#1602),#1692,.T.);
#2512=ADVANCED_FACE('',(#1603),#1693,.T.);
#2513=ADVANCED_FACE('',(#1604),#1694,.T.);
#2514=ADVANCED_FACE('',(#1605),#24,.T.);
#2515=ADVANCED_FACE('',(#1606),#1695,.T.);
#2516=ADVANCED_FACE('',(#1607),#25,.T.);
#2517=ADVANCED_FACE('',(#1608),#26,.T.);
#2518=ADVANCED_FACE('',(#1609),#1696,.T.);
#2519=ADVANCED_FACE('',(#1610,#1611),#1697,.T.);
#2520=ADVANCED_FACE('',(#1612),#1698,.F.);
#2521=ADVANCED_FACE('',(#1613),#1699,.T.);
#2522=ADVANCED_FACE('',(#1614),#27,.T.);
#2523=ADVANCED_FACE('',(#1615),#28,.T.);
#2524=ADVANCED_FACE('',(#1616),#1700,.T.);
#2525=ADVANCED_FACE('',(#1617),#29,.T.);
#2526=ADVANCED_FACE('',(#1618),#1701,.T.);
#2527=ADVANCED_FACE('',(#1619),#30,.T.);
#2528=ADVANCED_FACE('',(#1620,#1621),#1702,.F.);
#2529=ADVANCED_FACE('',(#1622),#1703,.F.);
#2530=ADVANCED_FACE('',(#1623),#1704,.F.);
#2531=ADVANCED_FACE('',(#1624),#1705,.F.);
#2532=ADVANCED_FACE('',(#1625),#1706,.F.);
#2533=ADVANCED_FACE('',(#1626),#1707,.F.);
#2534=ADVANCED_FACE('',(#1627),#1708,.F.);
#2535=ADVANCED_FACE('',(#1628),#1709,.F.);
#2536=ADVANCED_FACE('',(#1629),#1710,.F.);
#2537=ADVANCED_FACE('',(#1630),#1711,.F.);
#2538=ADVANCED_FACE('',(#1631),#1712,.F.);
#2539=ADVANCED_FACE('',(#1632),#1713,.F.);
#2540=ADVANCED_FACE('',(#1633),#1714,.F.);
#2541=ADVANCED_FACE('',(#1634),#1715,.F.);
#2542=ADVANCED_FACE('',(#1635),#1716,.F.);
#2543=ADVANCED_FACE('',(#1636,#1637),#51,.F.);
#2544=ADVANCED_FACE('',(#1638),#1717,.F.);
#2545=CLOSED_SHELL('',(#2442,#2443,#2444,#2445,#2446,#2447,#2448,#2449,
#2450,#2451,#2452,#2453,#2454,#2455,#2456,#2457,#2458,#2459,#2460,#2461,
#2462,#2463,#2464,#2465,#2466,#2467,#2468,#2469,#2470,#2471,#2472,#2473,
#2474,#2475,#2476,#2477,#2478,#2479,#2480,#2481,#2482,#2483,#2484,#2485,
#2486,#2487,#2488,#2489,#2490,#2491,#2492,#2493,#2494,#2495,#2496,#2497,
#2498,#2499,#2500,#2501,#2502,#2503,#2504,#2505,#2506,#2507,#2508,#2509,
#2510,#2511,#2512,#2513,#2514,#2515,#2516,#2517,#2518,#2519,#2520,#2521,
#2522,#2523,#2524,#2525,#2526,#2527,#2528,#2529,#2530,#2531,#2532,#2533,
#2534,#2535,#2536,#2537,#2538,#2539,#2540,#2541,#2542,#2543,#2544));
#2546=MANIFOLD_SOLID_BREP('',#2545);
#2547=SHAPE_DEFINITION_REPRESENTATION(#4231,#2548);
#2548=SHAPE_REPRESENTATION('74439344xxx',(#2549),#4226);
#2549=AXIS2_PLACEMENT_3D('',#3079,#2672,#2673);
#2550=AXIS2_PLACEMENT_3D('',#3080,#2674,#2675);
#2551=AXIS2_PLACEMENT_3D('',#3081,#2676,#2677);
#2552=AXIS2_PLACEMENT_3D('',#3346,#2707,#2708);
#2553=AXIS2_PLACEMENT_3D('',#3355,#2713,#2714);
#2554=AXIS2_PLACEMENT_3D('',#3364,#2719,#2720);
#2555=AXIS2_PLACEMENT_3D('',#3373,#2725,#2726);
#2556=AXIS2_PLACEMENT_3D('',#3382,#2731,#2732);
#2557=AXIS2_PLACEMENT_3D('',#3383,#2733,#2734);
#2558=AXIS2_PLACEMENT_3D('',#3384,#2735,#2736);
#2559=AXIS2_PLACEMENT_3D('',#3385,#2737,#2738);
#2560=AXIS2_PLACEMENT_3D('',#3386,#2739,#2740);
#2561=AXIS2_PLACEMENT_3D('',#3387,#2741,#2742);
#2562=AXIS2_PLACEMENT_3D('',#3388,#2743,#2744);
#2563=AXIS2_PLACEMENT_3D('',#3389,#2745,#2746);
#2564=AXIS2_PLACEMENT_3D('',#3390,#2747,#2748);
#2565=AXIS2_PLACEMENT_3D('',#3391,#2749,#2750);
#2566=AXIS2_PLACEMENT_3D('',#3392,#2751,#2752);
#2567=AXIS2_PLACEMENT_3D('',#3393,#2753,#2754);
#2568=AXIS2_PLACEMENT_3D('',#3394,#2755,#2756);
#2569=AXIS2_PLACEMENT_3D('',#3411,#2765,#2766);
#2570=AXIS2_PLACEMENT_3D('',#3417,#2770,#2771);
#2571=AXIS2_PLACEMENT_3D('',#3421,#2773,#2774);
#2572=AXIS2_PLACEMENT_3D('',#3424,#2776,#2777);
#2573=AXIS2_PLACEMENT_3D('',#3425,#2778,#2779);
#2574=AXIS2_PLACEMENT_3D('',#3429,#2782,#2783);
#2575=AXIS2_PLACEMENT_3D('',#3430,#2784,#2785);
#2576=AXIS2_PLACEMENT_3D('',#3434,#2787,#2788);
#2577=AXIS2_PLACEMENT_3D('',#3435,#2789,#2790);
#2578=AXIS2_PLACEMENT_3D('',#3438,#2793,#2794);
#2579=AXIS2_PLACEMENT_3D('',#3441,#2796,#2797);
#2580=AXIS2_PLACEMENT_3D('',#3445,#2799,#2800);
#2581=AXIS2_PLACEMENT_3D('',#3448,#2802,#2803);
#2582=AXIS2_PLACEMENT_3D('',#3452,#2806,#2807);
#2583=AXIS2_PLACEMENT_3D('',#3456,#2809,#2810);
#2584=AXIS2_PLACEMENT_3D('',#3459,#2812,#2813);
#2585=AXIS2_PLACEMENT_3D('',#3460,#2814,#2815);
#2586=AXIS2_PLACEMENT_3D('',#3462,#2817,#2818);
#2587=AXIS2_PLACEMENT_3D('',#3465,#2821,#2822);
#2588=AXIS2_PLACEMENT_3D('',#3466,#2823,#2824);
#2589=AXIS2_PLACEMENT_3D('',#3467,#2825,#2826);
#2590=AXIS2_PLACEMENT_3D('',#3468,#2827,#2828);
#2591=AXIS2_PLACEMENT_3D('',#3469,#2829,#2830);
#2592=AXIS2_PLACEMENT_3D('',#3473,#2832,#2833);
#2593=AXIS2_PLACEMENT_3D('',#3477,#2835,#2836);
#2594=AXIS2_PLACEMENT_3D('',#3481,#2838,#2839);
#2595=AXIS2_PLACEMENT_3D('',#3485,#2841,#2842);
#2596=AXIS2_PLACEMENT_3D('',#3486,#2843,#2844);
#2597=AXIS2_PLACEMENT_3D('',#3487,#2845,#2846);
#2598=AXIS2_PLACEMENT_3D('',#3489,#2847,#2848);
#2599=AXIS2_PLACEMENT_3D('',#3490,#2849,#2850);
#2600=AXIS2_PLACEMENT_3D('',#3491,#2851,#2852);
#2601=AXIS2_PLACEMENT_3D('',#3493,#2853,#2854);
#2602=AXIS2_PLACEMENT_3D('',#3494,#2855,#2856);
#2603=AXIS2_PLACEMENT_3D('',#3495,#2857,#2858);
#2604=AXIS2_PLACEMENT_3D('',#3497,#2859,#2860);
#2605=AXIS2_PLACEMENT_3D('',#3498,#2861,#2862);
#2606=AXIS2_PLACEMENT_3D('',#3499,#2863,#2864);
#2607=AXIS2_PLACEMENT_3D('',#3501,#2865,#2866);
#2608=AXIS2_PLACEMENT_3D('',#3502,#2867,#2868);
#2609=AXIS2_PLACEMENT_3D('',#3505,#2871,#2872);
#2610=AXIS2_PLACEMENT_3D('',#3507,#2874,#2875);
#2611=AXIS2_PLACEMENT_3D('',#3509,#2877,#2878);
#2612=AXIS2_PLACEMENT_3D('',#3510,#2879,#2880);
#2613=AXIS2_PLACEMENT_3D('',#3516,#2884,#2885);
#2614=AXIS2_PLACEMENT_3D('',#3520,#2888,#2889);
#2615=AXIS2_PLACEMENT_3D('',#3524,#2892,#2893);
#2616=AXIS2_PLACEMENT_3D('',#3528,#2896,#2897);
#2617=AXIS2_PLACEMENT_3D('',#3532,#2900,#2901);
#2618=AXIS2_PLACEMENT_3D('',#3536,#2904,#2905);
#2619=AXIS2_PLACEMENT_3D('',#3540,#2908,#2909);
#2620=AXIS2_PLACEMENT_3D('',#3544,#2912,#2913);
#2621=AXIS2_PLACEMENT_3D('',#3548,#2916,#2917);
#2622=AXIS2_PLACEMENT_3D('',#3552,#2920,#2921);
#2623=AXIS2_PLACEMENT_3D('',#3556,#2924,#2925);
#2624=AXIS2_PLACEMENT_3D('',#3560,#2928,#2929);
#2625=AXIS2_PLACEMENT_3D('',#3562,#2931,#2932);
#2626=AXIS2_PLACEMENT_3D('',#3563,#2933,#2934);
#2627=AXIS2_PLACEMENT_3D('',#3570,#2937,#2938);
#2628=AXIS2_PLACEMENT_3D('',#3575,#2940,#2941);
#2629=AXIS2_PLACEMENT_3D('',#3580,#2943,#2944);
#2630=AXIS2_PLACEMENT_3D('',#3585,#2946,#2947);
#2631=AXIS2_PLACEMENT_3D('',#3590,#2949,#2950);
#2632=AXIS2_PLACEMENT_3D('',#3593,#2951,#2952);
#2633=AXIS2_PLACEMENT_3D('',#3594,#2953,#2954);
#2634=AXIS2_PLACEMENT_3D('',#3601,#2957,#2958);
#2635=AXIS2_PLACEMENT_3D('',#3606,#2960,#2961);
#2636=AXIS2_PLACEMENT_3D('',#3611,#2963,#2964);
#2637=AXIS2_PLACEMENT_3D('',#3614,#2965,#2966);
#2638=AXIS2_PLACEMENT_3D('',#3615,#2967,#2968);
#2639=AXIS2_PLACEMENT_3D('',#3673,#2972,#2973);
#2640=AXIS2_PLACEMENT_3D('',#3730,#2975,#2976);
#2641=AXIS2_PLACEMENT_3D('',#3854,#2977,#2978);
#2642=AXIS2_PLACEMENT_3D('',#3855,#2979,#2980);
#2643=AXIS2_PLACEMENT_3D('',#3856,#2981,#2982);
#2644=AXIS2_PLACEMENT_3D('',#3865,#2985,#2986);
#2645=AXIS2_PLACEMENT_3D('',#3872,#2988,#2989);
#2646=AXIS2_PLACEMENT_3D('',#3879,#2991,#2992);
#2647=AXIS2_PLACEMENT_3D('',#3925,#2995,#2996);
#2648=AXIS2_PLACEMENT_3D('',#4021,#3000,#3001);
#2649=AXIS2_PLACEMENT_3D('',#4026,#3002,#3003);
#2650=AXIS2_PLACEMENT_3D('',#4027,#3004,#3005);
#2651=AXIS2_PLACEMENT_3D('',#4028,#3006,#3007);
#2652=AXIS2_PLACEMENT_3D('',#4080,#3013,#3014);
#2653=AXIS2_PLACEMENT_3D('',#4131,#3017,#3018);
#2654=AXIS2_PLACEMENT_3D('',#4170,#3019,#3020);
#2655=AXIS2_PLACEMENT_3D('',#4171,#3021,#3022);
#2656=AXIS2_PLACEMENT_3D('',#4172,#3023,#3024);
#2657=AXIS2_PLACEMENT_3D('',#4178,#3028,#3029);
#2658=AXIS2_PLACEMENT_3D('',#4182,#3032,#3033);
#2659=AXIS2_PLACEMENT_3D('',#4186,#3036,#3037);
#2660=AXIS2_PLACEMENT_3D('',#4190,#3040,#3041);
#2661=AXIS2_PLACEMENT_3D('',#4194,#3044,#3045);
#2662=AXIS2_PLACEMENT_3D('',#4198,#3048,#3049);
#2663=AXIS2_PLACEMENT_3D('',#4202,#3052,#3053);
#2664=AXIS2_PLACEMENT_3D('',#4206,#3056,#3057);
#2665=AXIS2_PLACEMENT_3D('',#4210,#3060,#3061);
#2666=AXIS2_PLACEMENT_3D('',#4214,#3064,#3065);
#2667=AXIS2_PLACEMENT_3D('',#4218,#3068,#3069);
#2668=AXIS2_PLACEMENT_3D('',#4220,#3071,#3072);
#2669=AXIS2_PLACEMENT_3D('',#4221,#3073,#3074);
#2670=AXIS2_PLACEMENT_3D('',#4222,#3075,#3076);
#2671=AXIS2_PLACEMENT_3D('',#4224,#3077,#3078);
#2672=DIRECTION('',(0.,0.,1.));
#2673=DIRECTION('',(1.,0.,0.));
#2674=DIRECTION('',(0.,0.,-1.));
#2675=DIRECTION('',(-1.,0.,0.));
#2676=DIRECTION('',(0.,0.,-1.));
#2677=DIRECTION('',(1.,0.,0.));
#2678=DIRECTION('',(-0.5,-0.866025403784439,0.));
#2679=DIRECTION('',(-1.,0.,0.));
#2680=DIRECTION('',(0.492423560103466,0.8703556959399,0.));
#2681=DIRECTION('',(1.,0.,0.));
#2682=DIRECTION('',(0.535373495554443,0.844615427432993,0.));
#2683=DIRECTION('',(-1.,0.,0.));
#2684=DIRECTION('',(0.492423560103466,0.8703556959399,0.));
#2685=DIRECTION('',(1.,0.,0.));
#2686=DIRECTION('',(0.535373495554409,0.844615427433014,0.));
#2687=DIRECTION('',(-1.,0.,0.));
#2688=DIRECTION('',(0.492423560103466,0.8703556959399,0.));
#2689=DIRECTION('',(1.,-5.85312671176783E-16,0.));
#2690=DIRECTION('',(0.,-1.,0.));
#2691=DIRECTION('',(-1.,0.,0.));
#2692=DIRECTION('',(0.,1.,0.));
#2693=DIRECTION('',(-0.573576436351048,-0.819152044288991,0.));
#2694=DIRECTION('',(-1.,0.,0.));
#2695=DIRECTION('',(-0.200389728106027,0.979716263450594,0.));
#2696=DIRECTION('',(-0.506639547901511,-0.862157971895031,0.));
#2697=DIRECTION('',(-1.,0.,0.));
#2698=DIRECTION('',(0.5,0.866025403784439,0.));
#2699=DIRECTION('',(1.,0.,0.));
#2700=DIRECTION('',(0.139173100960066,-0.99026806874157,0.));
#2701=DIRECTION('',(0.529919264233204,0.848048096156427,0.));
#2702=DIRECTION('',(1.,0.,0.));
#2703=DIRECTION('',(0.,1.,0.));
#2704=DIRECTION('',(-1.,-1.44560289664734E-16,0.));
#2705=DIRECTION('',(7.47725636196899E-17,-1.,0.));
#2706=DIRECTION('',(1.,0.,0.));
#2707=DIRECTION('',(1.,1.35525271560688E-16,0.));
#2708=DIRECTION('',(-1.35525271560688E-16,1.,0.));
#2709=DIRECTION('',(0.,0.,-1.));
#2710=DIRECTION('',(0.,1.,0.));
#2711=DIRECTION('',(0.,0.,-1.));
#2712=DIRECTION('',(1.35525271560688E-16,-1.,0.));
#2713=DIRECTION('',(1.31418445149758E-16,-1.,0.));
#2714=DIRECTION('',(1.,1.31418445149758E-16,0.));
#2715=DIRECTION('',(0.,0.,-1.));
#2716=DIRECTION('',(1.,0.,0.));
#2717=DIRECTION('',(0.,0.,-1.));
#2718=DIRECTION('',(-1.,-1.31418445149758E-16,0.));
#2719=DIRECTION('',(-1.,-1.35525271560688E-16,0.));
#2720=DIRECTION('',(1.35525271560688E-16,-1.,0.));
#2721=DIRECTION('',(0.,0.,-1.));
#2722=DIRECTION('',(1.35525271560688E-16,-1.,0.));
#2723=DIRECTION('',(0.,0.,-1.));
#2724=DIRECTION('',(-1.35525271560688E-16,1.,0.));
#2725=DIRECTION('',(-1.31418445149758E-16,1.,0.));
#2726=DIRECTION('',(-1.,-1.31418445149758E-16,0.));
#2727=DIRECTION('',(0.,0.,-1.));
#2728=DIRECTION('',(-1.,-1.31418445149758E-16,0.));
#2729=DIRECTION('',(0.,0.,-1.));
#2730=DIRECTION('',(1.,1.31418445149758E-16,0.));
#2731=DIRECTION('',(0.,0.,-1.));
#2732=DIRECTION('',(-1.,0.,0.));
#2733=DIRECTION('',(0.,0.,1.));
#2734=DIRECTION('',(1.,0.,0.));
#2735=DIRECTION('',(0.,0.,-1.));
#2736=DIRECTION('',(-1.,0.,0.));
#2737=DIRECTION('',(0.,0.,-1.));
#2738=DIRECTION('',(-1.,0.,0.));
#2739=DIRECTION('',(0.,0.,1.));
#2740=DIRECTION('',(1.,0.,0.));
#2741=DIRECTION('',(0.,0.,-1.));
#2742=DIRECTION('',(-1.,0.,0.));
#2743=DIRECTION('',(0.,0.,-1.));
#2744=DIRECTION('',(-1.,0.,0.));
#2745=DIRECTION('',(0.,0.,1.));
#2746=DIRECTION('',(1.,0.,0.));
#2747=DIRECTION('',(0.,0.,-1.));
#2748=DIRECTION('',(-1.,0.,0.));
#2749=DIRECTION('',(0.,0.,-1.));
#2750=DIRECTION('',(-1.,0.,0.));
#2751=DIRECTION('',(0.,0.,1.));
#2752=DIRECTION('',(1.,0.,0.));
#2753=DIRECTION('',(0.,0.,-1.));
#2754=DIRECTION('',(-1.,0.,0.));
#2755=DIRECTION('',(0.,0.,-1.));
#2756=DIRECTION('',(-1.,0.,0.));
#2757=DIRECTION('',(-1.,0.,0.));
#2758=DIRECTION('',(0.,-1.,0.));
#2759=DIRECTION('',(1.,0.,0.));
#2760=DIRECTION('',(0.,1.,0.));
#2761=DIRECTION('',(-1.,0.,0.));
#2762=DIRECTION('',(0.,-1.,0.));
#2763=DIRECTION('',(1.,0.,0.));
#2764=DIRECTION('',(0.,1.,0.));
#2765=DIRECTION('',(1.,0.,0.));
#2766=DIRECTION('',(0.,0.,-1.));
#2767=DIRECTION('',(0.,0.,-1.));
#2768=DIRECTION('',(0.,-1.,0.));
#2769=DIRECTION('',(0.,0.,-1.));
#2770=DIRECTION('',(0.,1.,0.));
#2771=DIRECTION('',(0.,0.,1.));
#2772=DIRECTION('',(1.,0.,0.));
#2773=DIRECTION('',(0.,1.,0.));
#2774=DIRECTION('',(0.,0.,1.));
#2775=DIRECTION('',(0.,0.,-1.));
#2776=DIRECTION('',(0.,1.,0.));
#2777=DIRECTION('',(0.,0.,1.));
#2778=DIRECTION('',(-1.,0.,0.));
#2779=DIRECTION('',(0.,0.,1.));
#2780=DIRECTION('',(0.,1.,0.));
#2781=DIRECTION('',(0.,0.,-1.));
#2782=DIRECTION('',(0.,-1.,0.));
#2783=DIRECTION('',(0.,0.,-1.));
#2784=DIRECTION('',(0.,-1.,0.));
#2785=DIRECTION('',(0.,0.,-1.));
#2786=DIRECTION('',(-1.,0.,0.));
#2787=DIRECTION('',(0.,-1.,0.));
#2788=DIRECTION('',(0.,0.,-1.));
#2789=DIRECTION('',(0.,0.,1.));
#2790=DIRECTION('',(1.,0.,0.));
#2791=DIRECTION('',(0.,1.,0.));
#2792=DIRECTION('',(0.,-1.,0.));
#2793=DIRECTION('',(0.,1.,0.));
#2794=DIRECTION('',(0.,0.,1.));
#2795=DIRECTION('',(0.,0.,1.));
#2796=DIRECTION('',(0.,1.,0.));
#2797=DIRECTION('',(0.,0.,1.));
#2798=DIRECTION('',(-1.,0.,0.));
#2799=DIRECTION('',(0.,1.,0.));
#2800=DIRECTION('',(0.,0.,1.));
#2801=DIRECTION('',(0.,0.,1.));
#2802=DIRECTION('',(-1.,0.,0.));
#2803=DIRECTION('',(0.,0.,1.));
#2804=DIRECTION('',(0.,-1.,0.));
#2805=DIRECTION('',(0.,0.,1.));
#2806=DIRECTION('',(0.,-1.,0.));
#2807=DIRECTION('',(0.,0.,-1.));
#2808=DIRECTION('',(1.,0.,0.));
#2809=DIRECTION('',(0.,-1.,0.));
#2810=DIRECTION('',(0.,0.,-1.));
#2811=DIRECTION('',(0.,0.,1.));
#2812=DIRECTION('',(0.,-1.,0.));
#2813=DIRECTION('',(0.,0.,-1.));
#2814=DIRECTION('',(1.,0.,0.));
#2815=DIRECTION('',(0.,0.,-1.));
#2816=DIRECTION('',(0.,1.,0.));
#2817=DIRECTION('',(0.,0.,1.));
#2818=DIRECTION('',(1.,0.,0.));
#2819=DIRECTION('',(0.,1.,0.));
#2820=DIRECTION('',(0.,-1.,0.));
#2821=DIRECTION('',(0.,-1.,0.));
#2822=DIRECTION('',(0.,0.,-1.));
#2823=DIRECTION('',(0.,1.,0.));
#2824=DIRECTION('',(0.,0.,1.));
#2825=DIRECTION('',(0.,-1.,0.));
#2826=DIRECTION('',(0.,0.,-1.));
#2827=DIRECTION('',(0.,1.,0.));
#2828=DIRECTION('',(0.,0.,1.));
#2829=DIRECTION('',(0.,0.,1.));
#2830=DIRECTION('',(1.,0.,0.));
#2831=DIRECTION('',(-1.,-1.44560289664734E-16,0.));
#2832=DIRECTION('',(0.,0.,1.));
#2833=DIRECTION('',(1.,0.,0.));
#2834=DIRECTION('',(0.,1.,0.));
#2835=DIRECTION('',(0.,0.,1.));
#2836=DIRECTION('',(1.,0.,0.));
#2837=DIRECTION('',(1.,0.,0.));
#2838=DIRECTION('',(0.,0.,1.));
#2839=DIRECTION('',(1.,0.,0.));
#2840=DIRECTION('',(7.47725636196899E-17,-1.,0.));
#2841=DIRECTION('',(0.,0.,1.));
#2842=DIRECTION('',(1.,0.,0.));
#2843=DIRECTION('',(0.,0.,1.));
#2844=DIRECTION('',(1.,0.,0.));
#2845=DIRECTION('',(0.707106781186548,0.,0.707106781186548));
#2846=DIRECTION('',(-0.707106781186548,0.,0.707106781186548));
#2847=DIRECTION('',(0.,-0.707106781186548,0.707106781186548));
#2848=DIRECTION('',(0.,0.707106781186548,0.707106781186548));
#2849=DIRECTION('',(0.,0.,1.));
#2850=DIRECTION('',(1.,0.,0.));
#2851=DIRECTION('',(0.,-0.707106781186548,0.707106781186548));
#2852=DIRECTION('',(0.,0.707106781186548,0.707106781186548));
#2853=DIRECTION('',(-0.707106781186547,-5.28721867821853E-17,0.707106781186548));
#2854=DIRECTION('',(0.707106781186548,5.28721867821853E-17,0.707106781186547));
#2855=DIRECTION('',(0.,0.,1.));
#2856=DIRECTION('',(1.,0.,0.));
#2857=DIRECTION('',(-0.707106781186547,-5.28721867821853E-17,0.707106781186548));
#2858=DIRECTION('',(0.707106781186548,5.28721867821853E-17,0.707106781186547));
#2859=DIRECTION('',(-1.02219561112225E-16,0.707106781186548,0.707106781186548));
#2860=DIRECTION('',(1.02219561112225E-16,-0.707106781186548,0.707106781186548));
#2861=DIRECTION('',(0.,0.,1.));
#2862=DIRECTION('',(1.,0.,0.));
#2863=DIRECTION('',(-1.02219561112225E-16,0.707106781186548,0.707106781186548));
#2864=DIRECTION('',(1.02219561112225E-16,-0.707106781186548,0.707106781186548));
#2865=DIRECTION('',(0.707106781186548,0.,0.707106781186548));
#2866=DIRECTION('',(-0.707106781186548,0.,0.707106781186548));
#2867=DIRECTION('',(0.,-0.707106781186548,0.707106781186548));
#2868=DIRECTION('',(-1.,0.,0.));
#2869=DIRECTION('',(0.577350269189626,-0.577350269189626,-0.577350269189626));
#2870=DIRECTION('',(-0.577350269189626,-0.577350269189626,-0.577350269189626));
#2871=DIRECTION('',(0.707106781186548,0.,0.707106781186548));
#2872=DIRECTION('',(0.,-1.,0.));
#2873=DIRECTION('',(0.577350269189626,0.577350269189626,-0.577350269189626));
#2874=DIRECTION('',(-0.707106781186547,-5.28721867821853E-17,0.707106781186548));
#2875=DIRECTION('',(-7.47725636196899E-17,1.,0.));
#2876=DIRECTION('',(-0.577350269189626,0.577350269189626,-0.577350269189626));
#2877=DIRECTION('',(-1.02219561112225E-16,0.707106781186548,0.707106781186548));
#2878=DIRECTION('',(1.,1.44560289664734E-16,0.));
#2879=DIRECTION('',(0.,1.,0.));
#2880=DIRECTION('',(0.,0.,1.));
#2881=DIRECTION('',(0.,0.,1.));
#2882=DIRECTION('',(-1.,0.,0.));
#2883=DIRECTION('',(0.,0.,1.));
#2884=DIRECTION('',(-1.,0.,0.));
#2885=DIRECTION('',(0.,0.,1.));
#2886=DIRECTION('',(0.,0.,1.));
#2887=DIRECTION('',(0.,-1.,0.));
#2888=DIRECTION('',(0.,-1.,0.));
#2889=DIRECTION('',(0.,0.,-1.));
#2890=DIRECTION('',(0.,0.,1.));
#2891=DIRECTION('',(1.,0.,0.));
#2892=DIRECTION('',(0.848048096156427,-0.529919264233204,0.));
#2893=DIRECTION('',(0.529919264233204,0.848048096156427,0.));
#2894=DIRECTION('',(0.,0.,1.));
#2895=DIRECTION('',(0.529919264233204,0.848048096156427,0.));
#2896=DIRECTION('',(-0.99026806874157,-0.139173100960066,0.));
#2897=DIRECTION('',(0.139173100960066,-0.99026806874157,0.));
#2898=DIRECTION('',(0.,0.,1.));
#2899=DIRECTION('',(0.139173100960066,-0.99026806874157,0.));
#2900=DIRECTION('',(0.,-1.,0.));
#2901=DIRECTION('',(0.,0.,-1.));
#2902=DIRECTION('',(0.,0.,1.));
#2903=DIRECTION('',(1.,0.,0.));
#2904=DIRECTION('',(0.866025403784439,-0.5,0.));
#2905=DIRECTION('',(0.5,0.866025403784439,0.));
#2906=DIRECTION('',(0.,0.,1.));
#2907=DIRECTION('',(0.5,0.866025403784439,0.));
#2908=DIRECTION('',(0.,1.,0.));
#2909=DIRECTION('',(0.,0.,1.));
#2910=DIRECTION('',(0.,0.,1.));
#2911=DIRECTION('',(-1.,0.,0.));
#2912=DIRECTION('',(-0.862157971895031,0.506639547901511,0.));
#2913=DIRECTION('',(-0.506639547901511,-0.862157971895031,0.));
#2914=DIRECTION('',(0.,0.,1.));
#2915=DIRECTION('',(-0.506639547901511,-0.862157971895031,0.));
#2916=DIRECTION('',(0.979716263450593,0.200389728106027,0.));
#2917=DIRECTION('',(-0.200389728106027,0.979716263450594,0.));
#2918=DIRECTION('',(0.,0.,1.));
#2919=DIRECTION('',(-0.200389728106027,0.979716263450594,0.));
#2920=DIRECTION('',(0.,1.,0.));
#2921=DIRECTION('',(0.,0.,1.));
#2922=DIRECTION('',(0.,0.,1.));
#2923=DIRECTION('',(-1.,0.,0.));
#2924=DIRECTION('',(-0.819152044288991,0.573576436351048,0.));
#2925=DIRECTION('',(-0.573576436351048,-0.819152044288991,0.));
#2926=DIRECTION('',(0.,0.,1.));
#2927=DIRECTION('',(-0.573576436351048,-0.819152044288991,0.));
#2928=DIRECTION('',(1.,0.,0.));
#2929=DIRECTION('',(0.,0.,-1.));
#2930=DIRECTION('',(0.,1.,0.));
#2931=DIRECTION('',(0.,0.,1.));
#2932=DIRECTION('',(1.,0.,0.));
#2933=DIRECTION('',(-1.,0.,0.));
#2934=DIRECTION('',(0.,0.,1.));
#2935=DIRECTION('',(0.,0.,1.));
#2936=DIRECTION('',(0.,0.,1.));
#2937=DIRECTION('',(0.,1.,0.));
#2938=DIRECTION('',(0.,0.,1.));
#2939=DIRECTION('',(0.,0.,1.));
#2940=DIRECTION('',(1.,0.,0.));
#2941=DIRECTION('',(0.,0.,-1.));
#2942=DIRECTION('',(0.,0.,1.));
#2943=DIRECTION('',(0.,-1.,0.));
#2944=DIRECTION('',(0.,0.,-1.));
#2945=DIRECTION('',(0.,0.,1.));
#2946=DIRECTION('',(-1.,0.,0.));
#2947=DIRECTION('',(0.,0.,1.));
#2948=DIRECTION('',(0.,0.,1.));
#2949=DIRECTION('',(0.,-1.,0.));
#2950=DIRECTION('',(0.,0.,-1.));
#2951=DIRECTION('',(0.,0.,1.));
#2952=DIRECTION('',(1.,0.,0.));
#2953=DIRECTION('',(0.,1.,0.));
#2954=DIRECTION('',(0.,0.,1.));
#2955=DIRECTION('',(0.,0.,1.));
#2956=DIRECTION('',(0.,0.,1.));
#2957=DIRECTION('',(1.,0.,0.));
#2958=DIRECTION('',(0.,0.,-1.));
#2959=DIRECTION('',(0.,0.,1.));
#2960=DIRECTION('',(0.,-1.,0.));
#2961=DIRECTION('',(0.,0.,-1.));
#2962=DIRECTION('',(0.,0.,1.));
#2963=DIRECTION('',(-1.,0.,0.));
#2964=DIRECTION('',(0.,0.,1.));
#2965=DIRECTION('',(0.,0.,1.));
#2966=DIRECTION('',(1.,0.,0.));
#2967=DIRECTION('',(-0.998580804677827,-0.0532576429161518,0.));
#2968=DIRECTION('',(0.0532576429161518,-0.998580804677827,0.));
#2969=DIRECTION('',(0.,0.,1.));
#2970=DIRECTION('',(0.,0.,1.));
#2971=DIRECTION('',(0.,0.,1.));
#2972=DIRECTION('',(-0.998542273277508,0.0539752580150014,0.));
#2973=DIRECTION('',(-0.0539752580150015,-0.998542273277508,0.));
#2974=DIRECTION('',(0.,0.,1.));
#2975=DIRECTION('',(0.,0.,1.));
#2976=DIRECTION('',(1.,0.,0.));
#2977=DIRECTION('',(0.,0.,1.));
#2978=DIRECTION('',(1.,0.,0.));
#2979=DIRECTION('',(0.,0.,-1.));
#2980=DIRECTION('',(-1.,0.,0.));
#2981=DIRECTION('',(0.,-1.,0.));
#2982=DIRECTION('',(0.,0.,-1.));
#2983=DIRECTION('',(0.,0.,1.));
#2984=DIRECTION('',(0.,0.,1.));
#2985=DIRECTION('',(-1.,0.,0.));
#2986=DIRECTION('',(0.,0.,1.));
#2987=DIRECTION('',(0.,0.,1.));
#2988=DIRECTION('',(0.,1.,0.));
#2989=DIRECTION('',(0.,0.,1.));
#2990=DIRECTION('',(0.,0.,1.));
#2991=DIRECTION('',(1.,0.,0.));
#2992=DIRECTION('',(0.,0.,-1.));
#2993=DIRECTION('',(0.,0.,1.));
#2994=DIRECTION('',(0.,0.,1.));
#2995=DIRECTION('',(1.,0.,0.));
#2996=DIRECTION('',(0.,0.,-1.));
#2997=DIRECTION('',(0.,0.,1.));
#2998=DIRECTION('',(0.,0.,1.));
#2999=DIRECTION('',(0.,0.,1.));
#3000=DIRECTION('',(1.,0.,0.));
#3001=DIRECTION('',(0.,0.,-1.));
#3002=DIRECTION('',(0.,0.,1.));
#3003=DIRECTION('',(1.,0.,0.));
#3004=DIRECTION('',(0.,0.,-1.));
#3005=DIRECTION('',(-1.,0.,0.));
#3006=DIRECTION('',(0.,-1.,0.));
#3007=DIRECTION('',(0.,0.,-1.));
#3008=DIRECTION('',(0.,0.,1.));
#3009=DIRECTION('',(0.,0.,1.));
#3010=DIRECTION('',(0.,0.,1.));
#3011=DIRECTION('',(0.,0.,1.));
#3012=DIRECTION('',(0.,0.,1.));
#3013=DIRECTION('',(-0.999371851343187,-0.0354387181327286,0.));
#3014=DIRECTION('',(0.0354387181327286,-0.999371851343187,0.));
#3015=DIRECTION('',(0.,0.,1.));
#3016=DIRECTION('',(0.,0.,1.));
#3017=DIRECTION('',(0.,1.,0.));
#3018=DIRECTION('',(0.,0.,1.));
#3019=DIRECTION('',(0.,0.,-1.));
#3020=DIRECTION('',(-1.,0.,0.));
#3021=DIRECTION('',(0.,0.,-1.));
#3022=DIRECTION('',(-1.,0.,0.));
#3023=DIRECTION('',(0.,1.,0.));
#3024=DIRECTION('',(0.,0.,1.));
#3025=DIRECTION('',(0.,0.,1.));
#3026=DIRECTION('',(-1.,0.,0.));
#3027=DIRECTION('',(0.,0.,1.));
#3028=DIRECTION('',(-0.866025403784439,0.5,0.));
#3029=DIRECTION('',(-0.5,-0.866025403784439,0.));
#3030=DIRECTION('',(0.,0.,1.));
#3031=DIRECTION('',(-0.5,-0.866025403784439,0.));
#3032=DIRECTION('',(-5.85312671176783E-16,-1.,0.));
#3033=DIRECTION('',(1.,-5.85312671176783E-16,0.));
#3034=DIRECTION('',(0.,0.,1.));
#3035=DIRECTION('',(1.,-5.85312671176783E-16,0.));
#3036=DIRECTION('',(0.8703556959399,-0.492423560103466,0.));
#3037=DIRECTION('',(0.492423560103466,0.8703556959399,0.));
#3038=DIRECTION('',(0.,0.,1.));
#3039=DIRECTION('',(0.492423560103466,0.8703556959399,0.));
#3040=DIRECTION('',(0.,1.,0.));
#3041=DIRECTION('',(0.,0.,1.));
#3042=DIRECTION('',(0.,0.,1.));
#3043=DIRECTION('',(-1.,0.,0.));
#3044=DIRECTION('',(0.844615427433014,-0.535373495554409,0.));
#3045=DIRECTION('',(0.535373495554409,0.844615427433015,0.));
#3046=DIRECTION('',(0.,0.,1.));
#3047=DIRECTION('',(0.535373495554409,0.844615427433014,0.));
#3048=DIRECTION('',(0.,-1.,0.));
#3049=DIRECTION('',(0.,0.,-1.));
#3050=DIRECTION('',(0.,0.,1.));
#3051=DIRECTION('',(1.,0.,0.));
#3052=DIRECTION('',(0.8703556959399,-0.492423560103466,0.));
#3053=DIRECTION('',(0.492423560103466,0.8703556959399,0.));
#3054=DIRECTION('',(0.,0.,1.));
#3055=DIRECTION('',(0.492423560103466,0.8703556959399,0.));
#3056=DIRECTION('',(0.,1.,0.));
#3057=DIRECTION('',(0.,0.,1.));
#3058=DIRECTION('',(0.,0.,1.));
#3059=DIRECTION('',(-1.,0.,0.));
#3060=DIRECTION('',(0.844615427432993,-0.535373495554443,0.));
#3061=DIRECTION('',(0.535373495554443,0.844615427432993,0.));
#3062=DIRECTION('',(0.,0.,1.));
#3063=DIRECTION('',(0.535373495554443,0.844615427432993,0.));
#3064=DIRECTION('',(0.,-1.,0.));
#3065=DIRECTION('',(0.,0.,-1.));
#3066=DIRECTION('',(0.,0.,1.));
#3067=DIRECTION('',(1.,0.,0.));
#3068=DIRECTION('',(0.8703556959399,-0.492423560103466,0.));
#3069=DIRECTION('',(0.492423560103466,0.8703556959399,0.));
#3070=DIRECTION('',(0.492423560103466,0.8703556959399,0.));
#3071=DIRECTION('',(0.,0.,-1.));
#3072=DIRECTION('',(-1.,0.,0.));
#3073=DIRECTION('',(0.,0.,1.));
#3074=DIRECTION('',(1.,0.,0.));
#3075=DIRECTION('',(0.,0.,-1.));
#3076=DIRECTION('',(1.,0.,0.));
#3077=DIRECTION('',(0.,0.,-1.));
#3078=DIRECTION('',(-1.,0.,0.));
#3079=CARTESIAN_POINT('',(0.,0.,0.));
#3080=CARTESIAN_POINT('',(0.,0.,2.6));
#3081=CARTESIAN_POINT('',(-1.82120377418723,1.22576486334967,2.6));
#3082=CARTESIAN_POINT('',(-1.62120377418723,1.22576486334967,2.6));
#3083=CARTESIAN_POINT('',(0.887258075399239,1.89194783114334,2.6));
#3084=CARTESIAN_POINT('',(0.887258075399239,1.89194783114334,2.6));
#3085=CARTESIAN_POINT('',(0.0575093820004969,0.454780936662823,2.6));
#3086=CARTESIAN_POINT('',(1.91486963725577,1.89194783114334,2.6));
#3087=CARTESIAN_POINT('',(1.91486963725577,1.89194783114333,2.6));
#3088=CARTESIAN_POINT('',(1.71053890942897,1.53079449237492,2.6));
#3089=CARTESIAN_POINT('',(1.71053890942897,1.53079449237492,2.6));
#3090=CARTESIAN_POINT('',(1.10737560138275,1.53079449237492,2.6));
#3091=CARTESIAN_POINT('',(1.10737560138275,1.53079449237492,2.6));
#3092=CARTESIAN_POINT('',(1.00353422556689,1.36697235932533,2.6));
#3093=CARTESIAN_POINT('',(1.00353422556689,1.36697235932533,2.6));
#3094=CARTESIAN_POINT('',(1.60669753361311,1.36697235932533,2.6));
#3095=CARTESIAN_POINT('',(1.60669753361311,1.36697235932533,2.6));
#3096=CARTESIAN_POINT('',(1.40236680578632,1.00581902055691,2.6));
#3097=CARTESIAN_POINT('',(1.40236680578632,1.00581902055691,2.6));
#3098=CARTESIAN_POINT('',(0.79920349774009,1.00581902055691,2.6));
#3099=CARTESIAN_POINT('',(0.79920349774009,1.00581902055691,2.6));
#3100=CARTESIAN_POINT('',(0.678841903044437,0.815934275431241,2.6));
#3101=CARTESIAN_POINT('',(0.678841903044439,0.815934275431241,2.6));
#3102=CARTESIAN_POINT('',(1.28200521109066,0.815934275431241,2.6));
#3103=CARTESIAN_POINT('',(1.28200521109066,0.815934275431242,2.6));
#3104=CARTESIAN_POINT('',(1.07767448326387,0.454780936662822,2.6));
#3105=CARTESIAN_POINT('',(1.07767448326387,0.454780936662822,2.6));
#3106=CARTESIAN_POINT('',(0.0575093820004968,0.454780936662822,2.6));
#3107=CARTESIAN_POINT('',(0.968055555555555,-0.468090346654861,2.6));
#3108=CARTESIAN_POINT('',(0.998438845822566,-0.468090346654861,2.6));
#3109=CARTESIAN_POINT('',(1.02882213608958,-0.468090346654861,2.6));
#3110=CARTESIAN_POINT('',(1.05920542635659,-0.468090346654861,2.6));
#3111=CARTESIAN_POINT('',(0.968055555555555,-0.468090346654861,2.6));
#3112=CARTESIAN_POINT('',(1.05920542635659,-0.468090346654861,2.6));
#3113=CARTESIAN_POINT('',(1.05920542635659,-0.468090346654861,2.6));
#3114=CARTESIAN_POINT('',(1.05920542635659,-0.747580010737548,2.6));
#3115=CARTESIAN_POINT('',(1.05920542635659,-1.02706967482024,2.6));
#3116=CARTESIAN_POINT('',(1.05920542635659,-1.30655933890292,2.6));
#3117=CARTESIAN_POINT('',(1.05920542635659,-1.30655933890292,2.6));
#3118=CARTESIAN_POINT('',(1.05920542635659,-1.30655933890292,2.6));
#3119=CARTESIAN_POINT('',(1.02882213608958,-1.30655933890292,2.6));
#3120=CARTESIAN_POINT('',(0.998438845822566,-1.30655933890292,2.6));
#3121=CARTESIAN_POINT('',(0.968055555555555,-1.30655933890292,2.6));
#3122=CARTESIAN_POINT('',(0.968055555555555,-1.30655933890292,2.6));
#3123=CARTESIAN_POINT('',(0.968055555555555,-1.30655933890292,2.6));
#3124=CARTESIAN_POINT('',(0.968055555555555,-1.29264891685297,2.6));
#3125=CARTESIAN_POINT('',(0.968055555555555,-1.27873849480301,2.6));
#3126=CARTESIAN_POINT('',(0.968055555555555,-1.26482807275305,2.6));
#3127=CARTESIAN_POINT('',(0.968055555555555,-1.26482807275305,2.6));
#3128=CARTESIAN_POINT('',(0.968055555555555,-1.26482807275305,2.6));
#3129=CARTESIAN_POINT('',(0.918636950904393,-1.30051928722334,2.6));
#3130=CARTESIAN_POINT('',(0.862629198966408,-1.31809034665486,2.6));
#3131=CARTESIAN_POINT('',(0.769832041343669,-1.31809034665486,2.6));
#3132=CARTESIAN_POINT('',(0.744573643410852,-1.31479577301145,2.6));
#3133=CARTESIAN_POINT('',(0.723158914728682,-1.30765753011739,2.6));
#3134=CARTESIAN_POINT('',(0.701908914728682,-1.30057419678406,2.6));
#3135=CARTESIAN_POINT('',(0.679780361757106,-1.28789008825693,2.6));
#3136=CARTESIAN_POINT('',(0.657267441860465,-1.26757355078923,2.6));
#3137=CARTESIAN_POINT('',(0.611938969373491,-1.22666736830098,2.6));
#3138=CARTESIAN_POINT('',(0.589179586563307,-1.14896889962644,2.6));
#3139=CARTESIAN_POINT('',(0.589179586563307,-0.919446935802147,2.6));
#3140=CARTESIAN_POINT('',(0.608397932816537,-0.835984403502406,2.6));
#3141=CARTESIAN_POINT('',(0.646285529715762,-0.784918512029538,2.6));
#3142=CARTESIAN_POINT('',(0.684435881761268,-0.73349847231603,2.6));
#3143=CARTESIAN_POINT('',(0.747868217054264,-0.707496031409383,2.6));
#3144=CARTESIAN_POINT('',(0.871414728682171,-0.707496031409383,2.6));
#3145=CARTESIAN_POINT('',(0.914793281653747,-0.711888796267264,2.6));
#3146=CARTESIAN_POINT('',(0.968055555555555,-0.721223421590261,2.6));
#3147=CARTESIAN_POINT('',(0.968055555555555,-0.721223421590261,2.6));
#3148=CARTESIAN_POINT('',(0.968055555555555,-0.721223421590261,2.6));
#3149=CARTESIAN_POINT('',(0.968055555555555,-0.636845729945128,2.6));
#3150=CARTESIAN_POINT('',(0.968055555555555,-0.552468038299994,2.6));
#3151=CARTESIAN_POINT('',(0.968055555555555,-0.468090346654861,2.6));
#3152=CARTESIAN_POINT('',(-0.118055555555556,-1.2093694164223,2.6));
#3153=CARTESIAN_POINT('',(-0.116591300602929,-1.23682419678406,2.6));
#3154=CARTESIAN_POINT('',(-0.115127045650301,-1.26427897714582,2.6));
#3155=CARTESIAN_POINT('',(-0.113662790697674,-1.29173375750757,2.6));
#3156=CARTESIAN_POINT('',(-0.118055555555556,-1.2093694164223,2.6));
#3157=CARTESIAN_POINT('',(-0.113662790697674,-1.29173375750757,2.6));
#3158=CARTESIAN_POINT('',(-0.113662790697674,-1.29173375750757,2.6));
#3159=CARTESIAN_POINT('',(-0.198223514211886,-1.3093048169391,2.6));
#3160=CARTESIAN_POINT('',(-0.268507751937984,-1.31809034665486,2.6));
#3161=CARTESIAN_POINT('',(-0.380523255813954,-1.31809034665486,2.6));
#3162=CARTESIAN_POINT('',(-0.42609819121447,-1.31205029497527,2.6));
#3163=CARTESIAN_POINT('',(-0.460691214470284,-1.2999701916161,2.6));
#3164=CARTESIAN_POINT('',(-0.495773651708832,-1.28771918178677,2.6));
#3165=CARTESIAN_POINT('',(-0.524386304909561,-1.2703190288254,2.6));
#3166=CARTESIAN_POINT('',(-0.546350129198966,-1.24780610892876,2.6));
#3167=CARTESIAN_POINT('',(-0.568307259241408,-1.22530005063526,2.6));
#3168=CARTESIAN_POINT('',(-0.586434108527132,-1.19674021745589,2.6));
#3169=CARTESIAN_POINT('',(-0.59906330749354,-1.16104900298561,2.6));
#3170=CARTESIAN_POINT('',(-0.621253399829764,-1.09833787247019,2.6));
#3171=CARTESIAN_POINT('',(-0.633107235142119,-1.01279318903212,2.6));
#3172=CARTESIAN_POINT('',(-0.633107235142119,-0.731656238127729,2.6));
#3173=CARTESIAN_POINT('',(-0.606201550387597,-0.620189829858995,2.6));
#3174=CARTESIAN_POINT('',(-0.551841085271318,-0.569123938386127,2.6));
#3175=CARTESIAN_POINT('',(-0.498771128757799,-0.519270342873427,2.6));
#3176=CARTESIAN_POINT('',(-0.432138242894057,-0.487308692908091,2.6));
#3177=CARTESIAN_POINT('',(-0.337144702842377,-0.486759597300855,2.6));
#3178=CARTESIAN_POINT('',(-0.274553068917915,-0.486397795948691,2.6));
#3179=CARTESIAN_POINT('',(-0.199870801033592,-0.495545127016618,2.6));
#3180=CARTESIAN_POINT('',(-0.113662790697674,-0.513116186448142,2.6));
#3181=CARTESIAN_POINT('',(-0.113662790697674,-0.513116186448142,2.6));
#3182=CARTESIAN_POINT('',(-0.113662790697674,-0.513116186448142,2.6));
#3183=CARTESIAN_POINT('',(-0.115127045650301,-0.540204903071743,2.6));
#3184=CARTESIAN_POINT('',(-0.116591300602929,-0.567293619695343,2.6));
#3185=CARTESIAN_POINT('',(-0.118055555555556,-0.594382336318943,2.6));
#3186=CARTESIAN_POINT('',(-0.118055555555556,-0.594382336318943,2.6));
#3187=CARTESIAN_POINT('',(-0.118055555555556,-0.594382336318943,2.6));
#3188=CARTESIAN_POINT('',(-0.204263565891473,-0.58010585053083,2.6));
#3189=CARTESIAN_POINT('',(-0.27015503875969,-0.572967607636773,2.6));
#3190=CARTESIAN_POINT('',(-0.362403100775194,-0.572967607636773,2.6));
#3191=CARTESIAN_POINT('',(-0.398094315245478,-0.577909468101889,2.6));
#3192=CARTESIAN_POINT('',(-0.422254521963825,-0.587244093424887,2.6));
#3193=CARTESIAN_POINT('',(-0.447077098394449,-0.596834634318537,2.6));
#3194=CARTESIAN_POINT('',(-0.466731266149871,-0.609757013321527,2.6));
#3195=CARTESIAN_POINT('',(-0.481556847545219,-0.625680785931346,2.6));
#3196=CARTESIAN_POINT('',(-0.496108580621801,-0.641310425161748,2.6));
#3197=CARTESIAN_POINT('',(-0.508462532299741,-0.665215669652277,2.6));
#3198=CARTESIAN_POINT('',(-0.517248062015504,-0.697063214871915,2.6));
#3199=CARTESIAN_POINT('',(-0.530042899767299,-0.743444501722173,2.6));
#3200=CARTESIAN_POINT('',(-0.537564599483204,-0.804685953890003,2.6));
#3201=CARTESIAN_POINT('',(-0.537564599483204,-0.957334532701372,2.6));
#3202=CARTESIAN_POINT('',(-0.534819121447028,-1.01389138024659,2.6));
#3203=CARTESIAN_POINT('',(-0.529877260981912,-1.05068078593135,2.6));
#3204=CARTESIAN_POINT('',(-0.524862948733172,-1.08800955489419,2.6));
#3205=CARTESIAN_POINT('',(-0.515051679586564,-1.12096502365744,2.6));
#3206=CARTESIAN_POINT('',(-0.500775193798449,-1.15061618644814,2.6));
#3207=CARTESIAN_POINT('',(-0.486713332239889,-1.17982159122361,2.6));
#3208=CARTESIAN_POINT('',(-0.4656330749354,-1.20058388670654,2.6));
#3209=CARTESIAN_POINT('',(-0.438727390180878,-1.21321308567295,2.6));
#3210=CARTESIAN_POINT('',(-0.411371746875855,-1.22605348967327,2.6));
#3211=CARTESIAN_POINT('',(-0.372286821705426,-1.23188233631894,2.6));
#3212=CARTESIAN_POINT('',(-0.270704134366925,-1.23188233631894,2.6));
#3213=CARTESIAN_POINT('',(-0.202616279069767,-1.22474409342489,2.6));
#3214=CARTESIAN_POINT('',(-0.118055555555556,-1.2093694164223,2.6));
#3215=CARTESIAN_POINT('',(-1.21844315245478,-1.22090042417424,2.6));
#3216=CARTESIAN_POINT('',(-1.21844315245478,-1.30655933890292,2.6));
#3217=CARTESIAN_POINT('',(-1.21844315245478,-1.22090042417424,2.6));
#3218=CARTESIAN_POINT('',(-1.21844315245478,-1.30655933890292,2.6));
#3219=CARTESIAN_POINT('',(-1.21844315245478,-1.30655933890292,2.6));
#3220=CARTESIAN_POINT('',(-1.6703488372093,-1.30655933890292,2.6));
#3221=CARTESIAN_POINT('',(-1.6703488372093,-1.30655933890292,2.6));
#3222=CARTESIAN_POINT('',(-1.6703488372093,-1.30655933890292,2.6));
#3223=CARTESIAN_POINT('',(-1.6703488372093,-0.498290605052793,2.6));
#3224=CARTESIAN_POINT('',(-1.6703488372093,-0.498290605052793,2.6));
#3225=CARTESIAN_POINT('',(-1.6703488372093,-0.498290605052793,2.6));
#3226=CARTESIAN_POINT('',(-1.57700258397933,-0.498290605052793,2.6));
#3227=CARTESIAN_POINT('',(-1.57700258397933,-0.498290605052793,2.6));
#3228=CARTESIAN_POINT('',(-1.57700258397933,-0.498290605052793,2.6));
#3229=CARTESIAN_POINT('',(-1.57700258397933,-1.22090042417424,2.6));
#3230=CARTESIAN_POINT('',(-1.57700258397933,-1.22090042417424,2.6));
#3231=CARTESIAN_POINT('',(-1.57700258397933,-1.22090042417424,2.6));
#3232=CARTESIAN_POINT('',(-1.21844315245478,-1.22090042417424,2.6));
#3233=CARTESIAN_POINT('',(-0.999961925030418,1.89194783114334,2.6));
#3234=CARTESIAN_POINT('',(-0.999961925030418,1.89194783114334,2.6));
#3235=CARTESIAN_POINT('',(-0.999961925030418,0.454780936662822,2.6));
#3236=CARTESIAN_POINT('',(-0.627638895372254,1.89194783114334,2.6));
#3237=CARTESIAN_POINT('',(-0.627638895372254,1.89194783114334,2.6));
#3238=CARTESIAN_POINT('',(-0.627638895372254,1.16219469301333,2.6));
#3239=CARTESIAN_POINT('',(-0.627638895372254,1.16219469301333,2.6));
#3240=CARTESIAN_POINT('',(-0.481644995843448,1.37069558962191,2.6));
#3241=CARTESIAN_POINT('',(-0.481644995843448,1.37069558962191,2.6));
#3242=CARTESIAN_POINT('',(-0.0944290449989584,1.37069558962191,2.6));
#3243=CARTESIAN_POINT('',(-0.0944290449989584,1.37069558962191,2.6));
#3244=CARTESIAN_POINT('',(-0.0517825773021797,1.16219469301333,2.6));
#3245=CARTESIAN_POINT('',(-0.0517825773021776,1.16219469301333,2.6));
#3246=CARTESIAN_POINT('',(0.377050434784043,1.89194783114334,2.6));
#3247=CARTESIAN_POINT('',(0.377050434784043,1.89194783114334,2.6));
#3248=CARTESIAN_POINT('',(0.786605767408023,1.89194783114334,2.6));
#3249=CARTESIAN_POINT('',(0.786605767408023,1.89194783114334,2.6));
#3250=CARTESIAN_POINT('',(-0.043142925990719,0.454780936662822,2.6));
#3251=CARTESIAN_POINT('',(-0.043142925990719,0.454780936662822,2.6));
#3252=CARTESIAN_POINT('',(-0.422912416242047,0.454780936662822,2.6));
#3253=CARTESIAN_POINT('',(-0.422912416242047,0.454780936662823,2.6));
#3254=CARTESIAN_POINT('',(-0.456401433436979,0.693067675644048,2.6));
#3255=CARTESIAN_POINT('',(-0.456401433436979,0.693067675644048,2.6));
#3256=CARTESIAN_POINT('',(-0.605299513592764,0.454780936662822,2.6));
#3257=CARTESIAN_POINT('',(-0.605299513592764,0.454780936662822,2.6));
#3258=CARTESIAN_POINT('',(-0.999961925030418,0.454780936662822,2.6));
#3259=CARTESIAN_POINT('',(2.8,2.8,2.6));
#3260=CARTESIAN_POINT('',(2.8,-2.7,2.6));
#3261=CARTESIAN_POINT('',(2.8,2.7,2.6));
#3262=CARTESIAN_POINT('',(-2.9,2.7,2.6));
#3263=CARTESIAN_POINT('',(-2.8,2.7,2.6));
#3264=CARTESIAN_POINT('',(-2.8,-2.8,2.6));
#3265=CARTESIAN_POINT('',(-2.8,-2.7,2.6));
#3266=CARTESIAN_POINT('',(2.9,-2.7,2.6));
#3267=CARTESIAN_POINT('',(-0.769282945736434,-1.02542238799853,2.6));
#3268=CARTESIAN_POINT('',(-1.13552971576227,-1.02542238799853,2.6));
#3269=CARTESIAN_POINT('',(-0.769282945736434,-1.02542238799853,2.6));
#3270=CARTESIAN_POINT('',(-1.13552971576227,-1.02542238799853,2.6));
#3271=CARTESIAN_POINT('',(-1.13552971576227,-1.02542238799853,2.6));
#3272=CARTESIAN_POINT('',(-1.13552971576227,-0.939214377662612,2.6));
#3273=CARTESIAN_POINT('',(-1.13552971576227,-0.939214377662612,2.6));
#3274=CARTESIAN_POINT('',(-1.13552971576227,-0.939214377662612,2.6));
#3275=CARTESIAN_POINT('',(-0.769282945736434,-0.939214377662612,2.6));
#3276=CARTESIAN_POINT('',(-0.769282945736434,-0.939214377662612,2.6));
#3277=CARTESIAN_POINT('',(-0.769282945736434,-0.939214377662612,2.6));
#3278=CARTESIAN_POINT('',(-0.769282945736434,-1.02542238799853,2.6));
#3279=CARTESIAN_POINT('',(-0.0153746770025841,-1.01114590221042,2.6));
#3280=CARTESIAN_POINT('',(-0.0153746770025841,-0.902424971977858,2.6));
#3281=CARTESIAN_POINT('',(0.00329457364341102,-0.825002491357703,2.6));
#3282=CARTESIAN_POINT('',(0.0406330749354003,-0.777780269135481,2.6));
#3283=CARTESIAN_POINT('',(0.0779156616663866,-0.730628762387468,2.6));
#3284=CARTESIAN_POINT('',(0.142215762273902,-0.707496031409383,2.6));
#3285=CARTESIAN_POINT('',(0.322319121447028,-0.707496031409383,2.6));
#3286=CARTESIAN_POINT('',(0.386014211886305,-0.731107142520494,2.6));
#3287=CARTESIAN_POINT('',(0.42390180878553,-0.777780269135481,2.6));
#3288=CARTESIAN_POINT('',(0.462058089627391,-0.824784383216034,2.6));
#3289=CARTESIAN_POINT('',(0.480458656330749,-0.902974067585093,2.6));
#3290=CARTESIAN_POINT('',(0.480458656330749,-1.11986683244297,2.6));
#3291=CARTESIAN_POINT('',(0.462887596899225,-1.1983875042776,2.6));
#3292=CARTESIAN_POINT('',(0.393701550387597,-1.29393013993651,2.6));
#3293=CARTESIAN_POINT('',(0.328359173126615,-1.31809034665486,2.6));
#3294=CARTESIAN_POINT('',(0.137273901808785,-1.31809034665486,2.6));
#3295=CARTESIAN_POINT('',(0.0719315245478035,-1.29393013993651,2.6));
#3296=CARTESIAN_POINT('',(0.0016472868217053,-1.1983875042776,2.6));
#3297=CARTESIAN_POINT('',(-0.0153746770025841,-1.11986683244297,2.6));
#3298=CARTESIAN_POINT('',(-0.0153746770025841,-1.01114590221042,2.6));
#3299=CARTESIAN_POINT('',(-0.0153746770025841,-1.01114590221042,2.6));
#3300=CARTESIAN_POINT('',(1.28488372093023,-1.05232807275305,2.6));
#3301=CARTESIAN_POINT('',(1.28488372093023,-1.11163039833445,2.6));
#3302=CARTESIAN_POINT('',(1.29586563307494,-1.15720533373496,2.6));
#3303=CARTESIAN_POINT('',(1.31728036175711,-1.18795468774013,2.6));
#3304=CARTESIAN_POINT('',(1.3388744278708,-1.21896155190338,2.6));
#3305=CARTESIAN_POINT('',(1.37822997416021,-1.23407871874788,2.6));
#3306=CARTESIAN_POINT('',(1.48969638242894,-1.23407871874788,2.6));
#3307=CARTESIAN_POINT('',(1.54515503875969,-1.23188233631894,2.6));
#3308=CARTESIAN_POINT('',(1.6000645994832,-1.22748957146106,2.6));
#3309=CARTESIAN_POINT('',(1.28488372093023,-1.05232807275305,2.6));
#3310=CARTESIAN_POINT('',(1.6000645994832,-1.22748957146106,2.6));
#3311=CARTESIAN_POINT('',(1.6000645994832,-1.22748957146106,2.6));
#3312=CARTESIAN_POINT('',(1.61582163558908,-1.22622900857259,2.6));
#3313=CARTESIAN_POINT('',(1.63154608096469,-1.22456106155581,2.6));
#3314=CARTESIAN_POINT('',(1.64728682170543,-1.22309680660318,2.6));
#3315=CARTESIAN_POINT('',(1.64728682170543,-1.22309680660318,2.6));
#3316=CARTESIAN_POINT('',(1.64728682170543,-1.22309680660318,2.6));
#3317=CARTESIAN_POINT('',(1.64820198105082,-1.24890430014323,2.6));
#3318=CARTESIAN_POINT('',(1.64911714039621,-1.27471179368328,2.6));
#3319=CARTESIAN_POINT('',(1.6500322997416,-1.30051928722334,2.6));
#3320=CARTESIAN_POINT('',(1.6500322997416,-1.30051928722334,2.6));
#3321=CARTESIAN_POINT('',(1.6500322997416,-1.30051928722334,2.6));
#3322=CARTESIAN_POINT('',(1.5577842377261,-1.31205029497527,2.6));
#3323=CARTESIAN_POINT('',(1.48200904392765,-1.31809034665486,2.6));
#3324=CARTESIAN_POINT('',(1.42270671834625,-1.31809034665486,2.6));
#3325=CARTESIAN_POINT('',(1.33759689922481,-1.31809034665486,2.6));
#3326=CARTESIAN_POINT('',(1.27774547803618,-1.29173375750757,2.6));
#3327=CARTESIAN_POINT('',(1.2437015503876,-1.24176605724918,2.6));
#3328=CARTESIAN_POINT('',(1.20948354244919,-1.19154285204925,2.6));
#3329=CARTESIAN_POINT('',(1.19208656330749,-1.11602316319233,2.6));
#3330=CARTESIAN_POINT('',(1.19208656330749,-0.809627814355119,2.6));
#3331=CARTESIAN_POINT('',(1.27390180878553,-0.707496031409383,2.6));
#3332=CARTESIAN_POINT('',(1.51440568475452,-0.707496031409383,2.6));
#3333=CARTESIAN_POINT('',(1.57315891472868,-0.730008951306023,2.6));
#3334=CARTESIAN_POINT('',(1.61214470284238,-0.775034791099305,2.6));
#3335=CARTESIAN_POINT('',(1.65089521760664,-0.819788906742538,2.6));
#3336=CARTESIAN_POINT('',(1.6703488372093,-0.889246677404215,2.6));
#3337=CARTESIAN_POINT('',(1.6703488372093,-0.982592930634189,2.6));
#3338=CARTESIAN_POINT('',(1.6703488372093,-1.00583797800714,2.6));
#3339=CARTESIAN_POINT('',(1.66851851851852,-1.0290830253801,2.6));
#3340=CARTESIAN_POINT('',(1.66760335917313,-1.05232807275305,2.6));
#3341=CARTESIAN_POINT('',(1.66760335917313,-1.05232807275305,2.6));
#3342=CARTESIAN_POINT('',(1.66760335917313,-1.05232807275305,2.6));
#3343=CARTESIAN_POINT('',(1.5400301464255,-1.05232807275305,2.6));
#3344=CARTESIAN_POINT('',(1.41245693367786,-1.05232807275305,2.6));
#3345=CARTESIAN_POINT('',(1.28488372093023,-1.05232807275305,2.6));
#3346=CARTESIAN_POINT('',(3.3,3.2,2.6));
#3347=CARTESIAN_POINT('',(3.3,3.,2.6));
#3348=CARTESIAN_POINT('',(3.3,3.,0.));
#3349=CARTESIAN_POINT('',(3.3,3.,2.4));
#3350=CARTESIAN_POINT('',(3.3,-3.2,2.4));
#3351=CARTESIAN_POINT('',(3.3,-3.,2.4));
#3352=CARTESIAN_POINT('',(3.3,-3.,2.6));
#3353=CARTESIAN_POINT('',(3.3,-3.,0.));
#3354=CARTESIAN_POINT('',(3.3,3.2,0.));
#3355=CARTESIAN_POINT('',(3.3,-3.2,2.6));
#3356=CARTESIAN_POINT('',(3.1,-3.2,2.6));
#3357=CARTESIAN_POINT('',(3.1,-3.2,0.));
#3358=CARTESIAN_POINT('',(3.1,-3.2,2.4));
#3359=CARTESIAN_POINT('',(-3.3,-3.2,2.4));
#3360=CARTESIAN_POINT('',(-3.1,-3.2,2.4));
#3361=CARTESIAN_POINT('',(-3.1,-3.2,2.6));
#3362=CARTESIAN_POINT('',(-3.1,-3.2,0.));
#3363=CARTESIAN_POINT('',(3.3,-3.2,0.));
#3364=CARTESIAN_POINT('',(-3.3,-3.2,2.6));
#3365=CARTESIAN_POINT('',(-3.3,-3.,2.6));
#3366=CARTESIAN_POINT('',(-3.3,-3.,0.));
#3367=CARTESIAN_POINT('',(-3.3,-3.,2.4));
#3368=CARTESIAN_POINT('',(-3.3,3.2,2.4));
#3369=CARTESIAN_POINT('',(-3.3,3.,2.4));
#3370=CARTESIAN_POINT('',(-3.3,3.,2.6));
#3371=CARTESIAN_POINT('',(-3.3,3.,0.));
#3372=CARTESIAN_POINT('',(-3.3,-3.2,0.));
#3373=CARTESIAN_POINT('',(-3.3,3.2,2.6));
#3374=CARTESIAN_POINT('',(-3.1,3.2,2.6));
#3375=CARTESIAN_POINT('',(-3.1,3.2,0.));
#3376=CARTESIAN_POINT('',(-3.1,3.2,2.4));
#3377=CARTESIAN_POINT('',(3.3,3.2,2.4));
#3378=CARTESIAN_POINT('',(3.1,3.2,2.4));
#3379=CARTESIAN_POINT('',(3.1,3.2,2.6));
#3380=CARTESIAN_POINT('',(3.1,3.2,0.));
#3381=CARTESIAN_POINT('',(-3.3,3.2,0.));
#3382=CARTESIAN_POINT('',(-3.1,-3.,2.6));
#3383=CARTESIAN_POINT('',(-3.1,-3.,2.4));
#3384=CARTESIAN_POINT('',(-3.1,-3.,0.));
#3385=CARTESIAN_POINT('',(3.1,-3.,2.6));
#3386=CARTESIAN_POINT('',(3.1,-3.,2.4));
#3387=CARTESIAN_POINT('',(3.1,-3.,0.));
#3388=CARTESIAN_POINT('',(3.1,3.,2.6));
#3389=CARTESIAN_POINT('',(3.1,3.,2.4));
#3390=CARTESIAN_POINT('',(3.1,3.,0.));
#3391=CARTESIAN_POINT('',(-3.1,3.,2.6));
#3392=CARTESIAN_POINT('',(-3.1,3.,2.4));
#3393=CARTESIAN_POINT('',(-3.1,3.,0.));
#3394=CARTESIAN_POINT('',(0.,0.,0.));
#3395=CARTESIAN_POINT('',(2.5,-1.4,0.));
#3396=CARTESIAN_POINT('',(2.5,-1.4,0.));
#3397=CARTESIAN_POINT('',(-2.5,-1.4,0.));
#3398=CARTESIAN_POINT('',(-2.5,-1.4,0.));
#3399=CARTESIAN_POINT('',(-2.5,-2.65,0.));
#3400=CARTESIAN_POINT('',(-2.5,-2.65,0.));
#3401=CARTESIAN_POINT('',(2.5,-2.65,0.));
#3402=CARTESIAN_POINT('',(2.5,-2.65,0.));
#3403=CARTESIAN_POINT('',(0.,2.65,0.));
#3404=CARTESIAN_POINT('',(2.5,2.65,0.));
#3405=CARTESIAN_POINT('',(-2.5,2.65,0.));
#3406=CARTESIAN_POINT('',(-2.5,0.,0.));
#3407=CARTESIAN_POINT('',(-2.5,1.4,0.));
#3408=CARTESIAN_POINT('',(0.,1.4,0.));
#3409=CARTESIAN_POINT('',(2.5,1.4,0.));
#3410=CARTESIAN_POINT('',(2.5,0.,0.));
#3411=CARTESIAN_POINT('',(-2.5,2.65,9.20206163658014));
#3412=CARTESIAN_POINT('',(-2.5,2.65,9.20206163658014));
#3413=CARTESIAN_POINT('',(-2.5,2.65,-0.3));
#3414=CARTESIAN_POINT('',(-2.5,2.65,-0.3));
#3415=CARTESIAN_POINT('',(-2.5,1.4,-0.3));
#3416=CARTESIAN_POINT('',(-2.5,1.4,9.20206163658014));
#3417=CARTESIAN_POINT('',(-2.5,1.4,9.20206163658014));
#3418=CARTESIAN_POINT('',(-2.5,1.4,-0.5));
#3419=CARTESIAN_POINT('',(-2.3,1.4,-0.5));
#3420=CARTESIAN_POINT('',(2.3,1.4,-0.5));
#3421=CARTESIAN_POINT('',(2.3,1.4,-0.3));
#3422=CARTESIAN_POINT('',(2.5,1.4,-0.3));
#3423=CARTESIAN_POINT('',(2.5,1.4,9.20206163658014));
#3424=CARTESIAN_POINT('',(-2.3,1.4,-0.3));
#3425=CARTESIAN_POINT('',(2.5,1.4,9.20206163658014));
#3426=CARTESIAN_POINT('',(2.5,1.4,-0.3));
#3427=CARTESIAN_POINT('',(2.5,2.65,-0.3));
#3428=CARTESIAN_POINT('',(2.5,2.65,9.20206163658014));
#3429=CARTESIAN_POINT('',(2.5,2.65,9.20206163658014));
#3430=CARTESIAN_POINT('',(2.3,2.65,-0.3));
#3431=CARTESIAN_POINT('',(2.3,2.65,-0.5));
#3432=CARTESIAN_POINT('',(2.5,2.65,-0.5));
#3433=CARTESIAN_POINT('',(-2.3,2.65,-0.5));
#3434=CARTESIAN_POINT('',(-2.3,2.65,-0.3));
#3435=CARTESIAN_POINT('',(0.,0.,-0.5));
#3436=CARTESIAN_POINT('',(2.3,0.,-0.5));
#3437=CARTESIAN_POINT('',(-2.3,0.,-0.5));
#3438=CARTESIAN_POINT('',(2.5,-1.4,-0.5));
#3439=CARTESIAN_POINT('',(2.5,-1.4,-0.5));
#3440=CARTESIAN_POINT('',(2.5,-1.4,-0.3));
#3441=CARTESIAN_POINT('',(2.3,-1.4,-0.3));
#3442=CARTESIAN_POINT('',(2.3,-1.4,-0.5));
#3443=CARTESIAN_POINT('',(2.5,-1.4,-0.5));
#3444=CARTESIAN_POINT('',(-2.3,-1.4,-0.5));
#3445=CARTESIAN_POINT('',(-2.3,-1.4,-0.3));
#3446=CARTESIAN_POINT('',(-2.5,-1.4,-0.3));
#3447=CARTESIAN_POINT('',(-2.5,-1.4,-0.5));
#3448=CARTESIAN_POINT('',(-2.5,-1.4,-0.5));
#3449=CARTESIAN_POINT('',(-2.5,-2.65,-0.3));
#3450=CARTESIAN_POINT('',(-2.5,-2.65,-0.3));
#3451=CARTESIAN_POINT('',(-2.5,-2.65,-0.5));
#3452=CARTESIAN_POINT('',(-2.5,-2.65,-0.5));
#3453=CARTESIAN_POINT('',(-2.5,-2.65,-0.5));
#3454=CARTESIAN_POINT('',(-2.3,-2.65,-0.5));
#3455=CARTESIAN_POINT('',(2.3,-2.65,-0.5));
#3456=CARTESIAN_POINT('',(2.3,-2.65,-0.3));
#3457=CARTESIAN_POINT('',(2.5,-2.65,-0.3));
#3458=CARTESIAN_POINT('',(2.5,-2.65,-0.5));
#3459=CARTESIAN_POINT('',(-2.3,-2.65,-0.3));
#3460=CARTESIAN_POINT('',(2.5,-2.65,-0.5));
#3461=CARTESIAN_POINT('',(2.5,-1.4,-0.3));
#3462=CARTESIAN_POINT('',(0.,0.,-0.5));
#3463=CARTESIAN_POINT('',(2.3,-2.65,-0.5));
#3464=CARTESIAN_POINT('',(-2.3,-1.4,-0.5));
#3465=CARTESIAN_POINT('',(-2.3,2.65,-0.3));
#3466=CARTESIAN_POINT('',(-2.3,-1.4,-0.3));
#3467=CARTESIAN_POINT('',(2.3,-2.65,-0.3));
#3468=CARTESIAN_POINT('',(2.3,1.4,-0.3));
#3469=CARTESIAN_POINT('',(0.,0.,2.4));
#3470=CARTESIAN_POINT('',(3.,2.9,2.4));
#3471=CARTESIAN_POINT('',(2.9,2.9,2.4));
#3472=CARTESIAN_POINT('',(-2.9,2.9,2.4));
#3473=CARTESIAN_POINT('',(2.9,2.8,2.4));
#3474=CARTESIAN_POINT('',(3.,2.8,2.4));
#3475=CARTESIAN_POINT('',(3.,-2.9,2.4));
#3476=CARTESIAN_POINT('',(3.,-2.8,2.4));
#3477=CARTESIAN_POINT('',(2.9,-2.8,2.4));
#3478=CARTESIAN_POINT('',(2.9,-2.9,2.4));
#3479=CARTESIAN_POINT('',(-3.,-2.9,2.4));
#3480=CARTESIAN_POINT('',(-2.9,-2.9,2.4));
#3481=CARTESIAN_POINT('',(-2.9,-2.8,2.4));
#3482=CARTESIAN_POINT('',(-3.,-2.8,2.4));
#3483=CARTESIAN_POINT('',(-3.,2.9,2.4));
#3484=CARTESIAN_POINT('',(-3.,2.8,2.4));
#3485=CARTESIAN_POINT('',(-2.9,2.8,2.4));
#3486=CARTESIAN_POINT('',(2.9,-2.8,2.4));
#3487=CARTESIAN_POINT('',(2.9,-2.8,2.5));
#3488=CARTESIAN_POINT('',(2.97071067811866,-2.87071067811866,2.42928932188135));
#3489=CARTESIAN_POINT('',(2.9,-2.8,2.5));
#3490=CARTESIAN_POINT('',(-2.9,-2.8,2.4));
#3491=CARTESIAN_POINT('',(-2.9,-2.8,2.5));
#3492=CARTESIAN_POINT('',(-2.97071067811866,-2.87071067811866,2.42928932188135));
#3493=CARTESIAN_POINT('',(-2.9,-2.8,2.5));
#3494=CARTESIAN_POINT('',(-2.9,2.8,2.4));
#3495=CARTESIAN_POINT('',(-2.9,2.8,2.5));
#3496=CARTESIAN_POINT('',(-2.97071067811866,2.87071067811866,2.42928932188135));
#3497=CARTESIAN_POINT('',(-2.9,2.8,2.5));
#3498=CARTESIAN_POINT('',(2.9,2.8,2.4));
#3499=CARTESIAN_POINT('',(2.9,2.8,2.5));
#3500=CARTESIAN_POINT('',(2.97071067811866,2.87071067811866,2.42928932188135));
#3501=CARTESIAN_POINT('',(2.9,2.8,2.5));
#3502=CARTESIAN_POINT('',(0.,-2.7,2.6));
#3503=CARTESIAN_POINT('',(1.9,-1.8,3.5));
#3504=CARTESIAN_POINT('',(-1.86666666666667,-1.76666666666667,3.53333333333333));
#3505=CARTESIAN_POINT('',(2.8,0.,2.6));
#3506=CARTESIAN_POINT('',(1.86666666666667,1.76666666666667,3.53333333333333));
#3507=CARTESIAN_POINT('',(-2.8,-2.09363178135132E-16,2.6));
#3508=CARTESIAN_POINT('',(-1.9,1.8,3.5));
#3509=CARTESIAN_POINT('',(-3.90312782094782E-16,2.7,2.6));
#3510=CARTESIAN_POINT('',(-0.627638895372254,1.89194783114334,2.59));
#3511=CARTESIAN_POINT('',(-0.999961925030418,1.89194783114334,2.59));
#3512=CARTESIAN_POINT('',(-0.999961925030418,1.89194783114334,2.59));
#3513=CARTESIAN_POINT('',(-0.627638895372254,1.89194783114334,2.59));
#3514=CARTESIAN_POINT('',(-0.627638895372254,1.89194783114334,2.59));
#3515=CARTESIAN_POINT('',(-0.627638895372254,1.89194783114334,2.59));
#3516=CARTESIAN_POINT('',(-0.999961925030418,1.89194783114334,2.59));
#3517=CARTESIAN_POINT('',(-0.999961925030418,0.454780936662822,2.59));
#3518=CARTESIAN_POINT('',(-0.999961925030418,0.454780936662822,2.59));
#3519=CARTESIAN_POINT('',(-0.999961925030418,1.89194783114334,2.59));
#3520=CARTESIAN_POINT('',(-0.999961925030418,0.454780936662822,2.59));
#3521=CARTESIAN_POINT('',(-0.605299513592764,0.454780936662822,2.59));
#3522=CARTESIAN_POINT('',(-0.605299513592764,0.454780936662822,2.59));
#3523=CARTESIAN_POINT('',(-0.999961925030418,0.454780936662822,2.59));
#3524=CARTESIAN_POINT('',(-0.605299513592764,0.454780936662822,2.59));
#3525=CARTESIAN_POINT('',(-0.456401433436979,0.693067675644048,2.59));
#3526=CARTESIAN_POINT('',(-0.456401433436979,0.693067675644048,2.59));
#3527=CARTESIAN_POINT('',(-0.605299513592764,0.454780936662822,2.59));
#3528=CARTESIAN_POINT('',(-0.456401433436979,0.693067675644048,2.59));
#3529=CARTESIAN_POINT('',(-0.422912416242047,0.454780936662823,2.59));
#3530=CARTESIAN_POINT('',(-0.422912416242047,0.454780936662823,2.59));
#3531=CARTESIAN_POINT('',(-0.456401433436979,0.693067675644048,2.59));
#3532=CARTESIAN_POINT('',(-0.422912416242047,0.454780936662822,2.59));
#3533=CARTESIAN_POINT('',(-0.043142925990719,0.454780936662822,2.59));
#3534=CARTESIAN_POINT('',(-0.043142925990719,0.454780936662822,2.59));
#3535=CARTESIAN_POINT('',(-0.422912416242047,0.454780936662822,2.59));
#3536=CARTESIAN_POINT('',(-0.043142925990719,0.454780936662822,2.59));
#3537=CARTESIAN_POINT('',(0.786605767408023,1.89194783114334,2.59));
#3538=CARTESIAN_POINT('',(0.786605767408023,1.89194783114334,2.59));
#3539=CARTESIAN_POINT('',(-0.043142925990719,0.454780936662822,2.59));
#3540=CARTESIAN_POINT('',(0.786605767408023,1.89194783114334,2.59));
#3541=CARTESIAN_POINT('',(0.377050434784043,1.89194783114334,2.59));
#3542=CARTESIAN_POINT('',(0.377050434784043,1.89194783114334,2.59));
#3543=CARTESIAN_POINT('',(0.786605767408023,1.89194783114334,2.59));
#3544=CARTESIAN_POINT('',(0.377050434784043,1.89194783114334,2.59));
#3545=CARTESIAN_POINT('',(-0.0517825773021776,1.16219469301333,2.59));
#3546=CARTESIAN_POINT('',(-0.0517825773021776,1.16219469301333,2.59));
#3547=CARTESIAN_POINT('',(0.377050434784043,1.89194783114334,2.59));
#3548=CARTESIAN_POINT('',(-0.0517825773021797,1.16219469301333,2.59));
#3549=CARTESIAN_POINT('',(-0.0944290449989584,1.37069558962191,2.59));
#3550=CARTESIAN_POINT('',(-0.0944290449989584,1.37069558962191,2.59));
#3551=CARTESIAN_POINT('',(-0.0517825773021797,1.16219469301333,2.59));
#3552=CARTESIAN_POINT('',(-0.0944290449989584,1.37069558962191,2.59));
#3553=CARTESIAN_POINT('',(-0.481644995843448,1.37069558962191,2.59));
#3554=CARTESIAN_POINT('',(-0.481644995843448,1.37069558962191,2.59));
#3555=CARTESIAN_POINT('',(-0.0944290449989584,1.37069558962191,2.59));
#3556=CARTESIAN_POINT('',(-0.481644995843448,1.37069558962191,2.59));
#3557=CARTESIAN_POINT('',(-0.627638895372254,1.16219469301333,2.59));
#3558=CARTESIAN_POINT('',(-0.627638895372254,1.16219469301333,2.59));
#3559=CARTESIAN_POINT('',(-0.481644995843448,1.37069558962191,2.59));
#3560=CARTESIAN_POINT('',(-0.627638895372254,1.16219469301333,2.59));
#3561=CARTESIAN_POINT('',(-0.627638895372254,1.16219469301333,2.59));
#3562=CARTESIAN_POINT('',(0.,0.,2.59));
#3563=CARTESIAN_POINT('',(-1.21844315245478,-1.22090042417424,2.59));
#3564=CARTESIAN_POINT('',(-1.21844315245478,-1.22090042417424,2.59));
#3565=CARTESIAN_POINT('',(-1.21844315245478,-1.22090042417424,2.59));
#3566=CARTESIAN_POINT('',(-1.21844315245478,-1.22090042417424,2.59));
#3567=CARTESIAN_POINT('',(-1.21844315245478,-1.30655933890292,2.59));
#3568=CARTESIAN_POINT('',(-1.21844315245478,-1.30655933890292,2.59));
#3569=CARTESIAN_POINT('',(-1.21844315245478,-1.30655933890292,2.59));
#3570=CARTESIAN_POINT('',(-1.21844315245478,-1.30655933890292,2.59));
#3571=CARTESIAN_POINT('',(-1.21844315245478,-1.30655933890292,2.59));
#3572=CARTESIAN_POINT('',(-1.6703488372093,-1.30655933890292,2.59));
#3573=CARTESIAN_POINT('',(-1.6703488372093,-1.30655933890292,2.59));
#3574=CARTESIAN_POINT('',(-1.6703488372093,-1.30655933890292,2.59));
#3575=CARTESIAN_POINT('',(-1.6703488372093,-1.30655933890292,2.59));
#3576=CARTESIAN_POINT('',(-1.6703488372093,-1.30655933890292,2.59));
#3577=CARTESIAN_POINT('',(-1.6703488372093,-0.498290605052793,2.59));
#3578=CARTESIAN_POINT('',(-1.6703488372093,-0.498290605052793,2.59));
#3579=CARTESIAN_POINT('',(-1.6703488372093,-0.498290605052793,2.59));
#3580=CARTESIAN_POINT('',(-1.6703488372093,-0.498290605052793,2.59));
#3581=CARTESIAN_POINT('',(-1.6703488372093,-0.498290605052793,2.59));
#3582=CARTESIAN_POINT('',(-1.57700258397933,-0.498290605052793,2.59));
#3583=CARTESIAN_POINT('',(-1.57700258397933,-0.498290605052793,2.59));
#3584=CARTESIAN_POINT('',(-1.57700258397933,-0.498290605052793,2.59));
#3585=CARTESIAN_POINT('',(-1.57700258397933,-0.498290605052793,2.59));
#3586=CARTESIAN_POINT('',(-1.57700258397933,-0.498290605052793,2.59));
#3587=CARTESIAN_POINT('',(-1.57700258397933,-1.22090042417424,2.59));
#3588=CARTESIAN_POINT('',(-1.57700258397933,-1.22090042417424,2.59));
#3589=CARTESIAN_POINT('',(-1.57700258397933,-1.22090042417424,2.59));
#3590=CARTESIAN_POINT('',(-1.57700258397933,-1.22090042417424,2.59));
#3591=CARTESIAN_POINT('',(-1.57700258397933,-1.22090042417424,2.59));
#3592=CARTESIAN_POINT('',(-1.21844315245478,-1.22090042417424,2.59));
#3593=CARTESIAN_POINT('',(-1.21844315245478,-1.26372988153858,2.59));
#3594=CARTESIAN_POINT('',(-0.769282945736434,-1.02542238799853,2.59));
#3595=CARTESIAN_POINT('',(-0.769282945736434,-1.02542238799853,2.59));
#3596=CARTESIAN_POINT('',(-0.769282945736434,-1.02542238799853,2.59));
#3597=CARTESIAN_POINT('',(-0.769282945736434,-1.02542238799853,2.59));
#3598=CARTESIAN_POINT('',(-1.13552971576227,-1.02542238799853,2.59));
#3599=CARTESIAN_POINT('',(-1.13552971576227,-1.02542238799853,2.59));
#3600=CARTESIAN_POINT('',(-1.13552971576227,-1.02542238799853,2.59));
#3601=CARTESIAN_POINT('',(-1.13552971576227,-1.02542238799853,2.59));
#3602=CARTESIAN_POINT('',(-1.13552971576227,-1.02542238799853,2.59));
#3603=CARTESIAN_POINT('',(-1.13552971576227,-0.939214377662612,2.59));
#3604=CARTESIAN_POINT('',(-1.13552971576227,-0.939214377662612,2.59));
#3605=CARTESIAN_POINT('',(-1.13552971576227,-0.939214377662612,2.59));
#3606=CARTESIAN_POINT('',(-1.13552971576227,-0.939214377662612,2.59));
#3607=CARTESIAN_POINT('',(-1.13552971576227,-0.939214377662612,2.59));
#3608=CARTESIAN_POINT('',(-0.769282945736434,-0.939214377662612,2.59));
#3609=CARTESIAN_POINT('',(-0.769282945736434,-0.939214377662612,2.59));
#3610=CARTESIAN_POINT('',(-0.769282945736434,-0.939214377662612,2.59));
#3611=CARTESIAN_POINT('',(-0.769282945736434,-0.939214377662612,2.59));
#3612=CARTESIAN_POINT('',(-0.769282945736434,-0.939214377662612,2.59));
#3613=CARTESIAN_POINT('',(-0.769282945736434,-1.02542238799853,2.59));
#3614=CARTESIAN_POINT('',(-0.952406330749354,-1.02542238799853,2.59));
#3615=CARTESIAN_POINT('',(-0.118055555555556,-1.2093694164223,2.59));
#3616=CARTESIAN_POINT('',(-0.118055555555556,-1.2093694164223,2.59));
#3617=CARTESIAN_POINT('',(-0.118055555555556,-1.2093694164223,2.59));
#3618=CARTESIAN_POINT('',(-0.118055555555556,-1.2093694164223,2.59));
#3619=CARTESIAN_POINT('',(-0.116591300602929,-1.23682419678406,2.59));
#3620=CARTESIAN_POINT('',(-0.115127045650301,-1.26427897714582,2.59));
#3621=CARTESIAN_POINT('',(-0.113662790697674,-1.29173375750757,2.59));
#3622=CARTESIAN_POINT('',(-0.113662790697674,-1.29173375750757,2.59));
#3623=CARTESIAN_POINT('',(-0.113662790697674,-1.29173375750757,2.59));
#3624=CARTESIAN_POINT('',(-0.113662790697675,-1.29173375750757,2.59));
#3625=CARTESIAN_POINT('',(-0.113662790697675,-1.29173375750757,2.6));
#3626=CARTESIAN_POINT('',(-0.211803967249565,-1.31212672925862,2.59));
#3627=CARTESIAN_POINT('',(-0.211803967249565,-1.31212672925862,2.6));
#3628=CARTESIAN_POINT('',(-0.331493334390007,-1.32202349540607,2.59));
#3629=CARTESIAN_POINT('',(-0.331493334390007,-1.32202349540607,2.6));
#3630=CARTESIAN_POINT('',(-0.428981301807875,-1.31212088634183,2.59));
#3631=CARTESIAN_POINT('',(-0.428981301807875,-1.31212088634183,2.6));
#3632=CARTESIAN_POINT('',(-0.547417818451234,-1.27039997559171,2.59));
#3633=CARTESIAN_POINT('',(-0.547417818451234,-1.27039997559171,2.6));
#3634=CARTESIAN_POINT('',(-0.626960949187205,-1.12667154273182,2.59));
#3635=CARTESIAN_POINT('',(-0.626960949187205,-1.12667154273182,2.6));
#3636=CARTESIAN_POINT('',(-0.63978255392644,-0.867022637135351,2.59));
#3637=CARTESIAN_POINT('',(-0.63978255392644,-0.867022637135351,2.6));
#3638=CARTESIAN_POINT('',(-0.610570911916647,-0.638397570772432,2.59));
#3639=CARTESIAN_POINT('',(-0.610570911916647,-0.638397570772432,2.6));
#3640=CARTESIAN_POINT('',(-0.539328836037882,-0.529510727246783,2.59));
#3641=CARTESIAN_POINT('',(-0.539328836037882,-0.529510727246783,2.6));
#3642=CARTESIAN_POINT('',(-0.3100346328159,-0.470327255081539,2.59));
#3643=CARTESIAN_POINT('',(-0.3100346328159,-0.470327255081539,2.6));
#3644=CARTESIAN_POINT('',(-0.191523085392281,-0.497246572242872,2.59));
#3645=CARTESIAN_POINT('',(-0.191523085392281,-0.497246572242872,2.6));
#3646=CARTESIAN_POINT('',(-0.113662790697674,-0.513116186448142,2.59));
#3647=CARTESIAN_POINT('',(-0.113662790697674,-0.513116186448142,2.6));
#3648=CARTESIAN_POINT('',(-0.113662790697674,-1.29173375750757,2.59));
#3649=CARTESIAN_POINT('',(-0.198223514211886,-1.3093048169391,2.59));
#3650=CARTESIAN_POINT('',(-0.268507751937984,-1.31809034665486,2.59));
#3651=CARTESIAN_POINT('',(-0.380523255813954,-1.31809034665486,2.59));
#3652=CARTESIAN_POINT('',(-0.42609819121447,-1.31205029497527,2.59));
#3653=CARTESIAN_POINT('',(-0.460691214470284,-1.2999701916161,2.59));
#3654=CARTESIAN_POINT('',(-0.495773651708832,-1.28771918178677,2.59));
#3655=CARTESIAN_POINT('',(-0.524386304909561,-1.2703190288254,2.59));
#3656=CARTESIAN_POINT('',(-0.546350129198966,-1.24780610892876,2.59));
#3657=CARTESIAN_POINT('',(-0.568307259241408,-1.22530005063526,2.59));
#3658=CARTESIAN_POINT('',(-0.586434108527132,-1.19674021745589,2.59));
#3659=CARTESIAN_POINT('',(-0.59906330749354,-1.16104900298561,2.59));
#3660=CARTESIAN_POINT('',(-0.621253399829764,-1.09833787247019,2.59));
#3661=CARTESIAN_POINT('',(-0.633107235142119,-1.01279318903212,2.59));
#3662=CARTESIAN_POINT('',(-0.633107235142119,-0.731656238127729,2.59));
#3663=CARTESIAN_POINT('',(-0.606201550387597,-0.620189829858995,2.59));
#3664=CARTESIAN_POINT('',(-0.551841085271318,-0.569123938386127,2.59));
#3665=CARTESIAN_POINT('',(-0.498771128757799,-0.519270342873427,2.59));
#3666=CARTESIAN_POINT('',(-0.432138242894057,-0.487308692908091,2.59));
#3667=CARTESIAN_POINT('',(-0.337144702842377,-0.486759597300855,2.59));
#3668=CARTESIAN_POINT('',(-0.274553068917915,-0.486397795948691,2.59));
#3669=CARTESIAN_POINT('',(-0.199870801033592,-0.495545127016618,2.59));
#3670=CARTESIAN_POINT('',(-0.113662790697674,-0.513116186448142,2.59));
#3671=CARTESIAN_POINT('',(-0.113662790697674,-0.513116186448142,2.59));
#3672=CARTESIAN_POINT('',(-0.113662790697674,-0.513116186448142,2.59));
#3673=CARTESIAN_POINT('',(-0.113662790697674,-0.513116186448142,2.59));
#3674=CARTESIAN_POINT('',(-0.113662790697674,-0.513116186448142,2.59));
#3675=CARTESIAN_POINT('',(-0.115127045650301,-0.540204903071743,2.59));
#3676=CARTESIAN_POINT('',(-0.116591300602929,-0.567293619695343,2.59));
#3677=CARTESIAN_POINT('',(-0.118055555555556,-0.594382336318943,2.59));
#3678=CARTESIAN_POINT('',(-0.118055555555556,-0.594382336318943,2.59));
#3679=CARTESIAN_POINT('',(-0.118055555555556,-0.594382336318943,2.59));
#3680=CARTESIAN_POINT('',(-0.118055555555556,-0.594382336318943,2.59));
#3681=CARTESIAN_POINT('',(-0.118055555555556,-0.594382336318943,2.6));
#3682=CARTESIAN_POINT('',(-0.211649292644484,-0.578882736546255,2.59));
#3683=CARTESIAN_POINT('',(-0.211649292644484,-0.578882736546255,2.6));
#3684=CARTESIAN_POINT('',(-0.342739222896161,-0.569689164063399,2.59));
#3685=CARTESIAN_POINT('',(-0.342739222896161,-0.569689164063399,2.6));
#3686=CARTESIAN_POINT('',(-0.450359470113398,-0.576220306377086,2.59));
#3687=CARTESIAN_POINT('',(-0.450359470113398,-0.576220306377086,2.6));
#3688=CARTESIAN_POINT('',(-0.541674129231687,-0.720670814142545,2.59));
#3689=CARTESIAN_POINT('',(-0.541674129231687,-0.720670814142545,2.6));
#3690=CARTESIAN_POINT('',(-0.534496848867013,-0.931111388361634,2.59));
#3691=CARTESIAN_POINT('',(-0.534496848867013,-0.931111388361634,2.6));
#3692=CARTESIAN_POINT('',(-0.544328929034723,-1.06308333359988,2.59));
#3693=CARTESIAN_POINT('',(-0.544328929034723,-1.06308333359988,2.6));
#3694=CARTESIAN_POINT('',(-0.448243721018179,-1.24000119188749,2.59));
#3695=CARTESIAN_POINT('',(-0.448243721018179,-1.24000119188749,2.6));
#3696=CARTESIAN_POINT('',(-0.341581049139847,-1.2324646134413,2.59));
#3697=CARTESIAN_POINT('',(-0.341581049139847,-1.2324646134413,2.6));
#3698=CARTESIAN_POINT('',(-0.204449822102486,-1.22507746488538,2.59));
#3699=CARTESIAN_POINT('',(-0.204449822102486,-1.22507746488538,2.6));
#3700=CARTESIAN_POINT('',(-0.118055555555556,-1.2093694164223,2.59));
#3701=CARTESIAN_POINT('',(-0.118055555555556,-1.2093694164223,2.6));
#3702=CARTESIAN_POINT('',(-0.118055555555556,-0.594382336318943,2.59));
#3703=CARTESIAN_POINT('',(-0.204263565891473,-0.58010585053083,2.59));
#3704=CARTESIAN_POINT('',(-0.27015503875969,-0.572967607636773,2.59));
#3705=CARTESIAN_POINT('',(-0.362403100775194,-0.572967607636773,2.59));
#3706=CARTESIAN_POINT('',(-0.398094315245478,-0.577909468101889,2.59));
#3707=CARTESIAN_POINT('',(-0.422254521963825,-0.587244093424887,2.59));
#3708=CARTESIAN_POINT('',(-0.447077098394449,-0.596834634318537,2.59));
#3709=CARTESIAN_POINT('',(-0.466731266149871,-0.609757013321527,2.59));
#3710=CARTESIAN_POINT('',(-0.481556847545219,-0.625680785931346,2.59));
#3711=CARTESIAN_POINT('',(-0.496108580621801,-0.641310425161748,2.59));
#3712=CARTESIAN_POINT('',(-0.508462532299741,-0.665215669652277,2.59));
#3713=CARTESIAN_POINT('',(-0.517248062015504,-0.697063214871915,2.59));
#3714=CARTESIAN_POINT('',(-0.530042899767299,-0.743444501722173,2.59));
#3715=CARTESIAN_POINT('',(-0.537564599483204,-0.804685953890003,2.59));
#3716=CARTESIAN_POINT('',(-0.537564599483204,-0.957334532701372,2.59));
#3717=CARTESIAN_POINT('',(-0.534819121447028,-1.01389138024659,2.59));
#3718=CARTESIAN_POINT('',(-0.529877260981912,-1.05068078593135,2.59));
#3719=CARTESIAN_POINT('',(-0.524862948733172,-1.08800955489419,2.59));
#3720=CARTESIAN_POINT('',(-0.515051679586564,-1.12096502365744,2.59));
#3721=CARTESIAN_POINT('',(-0.500775193798449,-1.15061618644814,2.59));
#3722=CARTESIAN_POINT('',(-0.486713332239889,-1.17982159122361,2.59));
#3723=CARTESIAN_POINT('',(-0.4656330749354,-1.20058388670654,2.59));
#3724=CARTESIAN_POINT('',(-0.438727390180878,-1.21321308567295,2.59));
#3725=CARTESIAN_POINT('',(-0.411371746875855,-1.22605348967327,2.59));
#3726=CARTESIAN_POINT('',(-0.372286821705426,-1.23188233631894,2.59));
#3727=CARTESIAN_POINT('',(-0.270704134366925,-1.23188233631894,2.59));
#3728=CARTESIAN_POINT('',(-0.202616279069767,-1.22474409342489,2.59));
#3729=CARTESIAN_POINT('',(-0.118055555555556,-1.2093694164223,2.59));
#3730=CARTESIAN_POINT('',(-0.632777012801602,-0.87219327700761,2.59));
#3731=CARTESIAN_POINT('',(0.0870658619482405,-0.873109241231568,2.59));
#3732=CARTESIAN_POINT('',(0.0870658619482405,-0.873109241231568,2.6));
#3733=CARTESIAN_POINT('',(0.0743429678893463,-1.00046748590304,2.59));
#3734=CARTESIAN_POINT('',(0.0743429678893463,-1.00046748590304,2.6));
#3735=CARTESIAN_POINT('',(0.0837679795187447,-1.12442275323393,2.59));
#3736=CARTESIAN_POINT('',(0.0837679795187447,-1.12442275323393,2.6));
#3737=CARTESIAN_POINT('',(0.0984317207957874,-1.19821296333164,2.59));
#3738=CARTESIAN_POINT('',(0.0984317207957874,-1.19821296333164,2.6));
#3739=CARTESIAN_POINT('',(0.18019250380892,-1.24193491442194,2.59));
#3740=CARTESIAN_POINT('',(0.18019250380892,-1.24193491442194,2.6));
#3741=CARTESIAN_POINT('',(0.308140127484485,-1.23093915526944,2.59));
#3742=CARTESIAN_POINT('',(0.308140127484485,-1.23093915526944,2.6));
#3743=CARTESIAN_POINT('',(0.375145037980023,-1.1884385175172,2.59));
#3744=CARTESIAN_POINT('',(0.375145037980023,-1.1884385175172,2.6));
#3745=CARTESIAN_POINT('',(0.390461550000221,-1.0884631974607,2.59));
#3746=CARTESIAN_POINT('',(0.390461550000221,-1.0884631974607,2.6));
#3747=CARTESIAN_POINT('',(0.386310677228012,-0.917176813273248,2.59));
#3748=CARTESIAN_POINT('',(0.386310677228012,-0.917176813273248,2.6));
#3749=CARTESIAN_POINT('',(0.362076873712789,-0.821833276642928,2.59));
#3750=CARTESIAN_POINT('',(0.362076873712789,-0.821833276642928,2.6));
#3751=CARTESIAN_POINT('',(0.274365442582597,-0.778259981122356,2.59));
#3752=CARTESIAN_POINT('',(0.274365442582597,-0.778259981122356,2.6));
#3753=CARTESIAN_POINT('',(0.117056753822445,-0.804229766976087,2.59));
#3754=CARTESIAN_POINT('',(0.117056753822445,-0.804229766976087,2.6));
#3755=CARTESIAN_POINT('',(0.0870658619482405,-0.873109241231568,2.59));
#3756=CARTESIAN_POINT('',(0.0870658619482405,-0.873109241231568,2.6));
#3757=CARTESIAN_POINT('',(0.0743429678893463,-1.00046748590304,2.59));
#3758=CARTESIAN_POINT('',(0.0743429678893463,-1.00046748590304,2.6));
#3759=CARTESIAN_POINT('',(0.0837679795187447,-1.12442275323393,2.59));
#3760=CARTESIAN_POINT('',(0.0837679795187447,-1.12442275323393,2.6));
#3761=CARTESIAN_POINT('',(0.0779715762273905,-1.01004771099595,2.59));
#3762=CARTESIAN_POINT('',(0.0779715762273905,-1.09735391254633,2.59));
#3763=CARTESIAN_POINT('',(0.0873062015503876,-1.15665623812773,2.59));
#3764=CARTESIAN_POINT('',(0.106524547803617,-1.18795468774013,2.59));
#3765=CARTESIAN_POINT('',(0.125837396430019,-1.21940704121741,2.59));
#3766=CARTESIAN_POINT('',(0.167474160206718,-1.23517690996235,2.59));
#3767=CARTESIAN_POINT('',(0.297060723514212,-1.23517690996235,2.59));
#3768=CARTESIAN_POINT('',(0.339341085271318,-1.21925313735254,2.59));
#3769=CARTESIAN_POINT('',(0.358559431524548,-1.1874055921329,2.59));
#3770=CARTESIAN_POINT('',(0.377924354835713,-1.15531514778868,2.59));
#3771=CARTESIAN_POINT('',(0.388210594315245,-1.09625572133186,2.59));
#3772=CARTESIAN_POINT('',(0.388210594315245,-0.923839700660029,2.59));
#3773=CARTESIAN_POINT('',(0.377228682170543,-0.865635566293103,2.59));
#3774=CARTESIAN_POINT('',(0.333301033591731,-0.805235049497238,2.59));
#3775=CARTESIAN_POINT('',(0.292667958656331,-0.790409468101889,2.59));
#3776=CARTESIAN_POINT('',(0.17296511627907,-0.790409468101889,2.59));
#3777=CARTESIAN_POINT('',(0.132332041343669,-0.805235049497238,2.59));
#3778=CARTESIAN_POINT('',(0.110368217054263,-0.834886212287935,2.59));
#3779=CARTESIAN_POINT('',(0.0885989350526296,-0.864274742990142,2.59));
#3780=CARTESIAN_POINT('',(0.0779715762273905,-0.922741509445558,2.59));
#3781=CARTESIAN_POINT('',(0.0779715762273905,-1.01004771099595,2.59));
#3782=CARTESIAN_POINT('',(0.0779715762273905,-1.01004771099595,2.59));
#3783=CARTESIAN_POINT('',(0.0779715762273905,-1.01004771099595,2.6));
#3784=CARTESIAN_POINT('',(0.0779715762273905,-1.09735391254633,2.6));
#3785=CARTESIAN_POINT('',(0.0873062015503876,-1.15665623812773,2.6));
#3786=CARTESIAN_POINT('',(0.106524547803617,-1.18795468774013,2.6));
#3787=CARTESIAN_POINT('',(0.125837396430019,-1.21940704121741,2.6));
#3788=CARTESIAN_POINT('',(0.167474160206718,-1.23517690996235,2.6));
#3789=CARTESIAN_POINT('',(0.297060723514212,-1.23517690996235,2.6));
#3790=CARTESIAN_POINT('',(0.339341085271318,-1.21925313735254,2.6));
#3791=CARTESIAN_POINT('',(0.358559431524548,-1.1874055921329,2.6));
#3792=CARTESIAN_POINT('',(0.377924354835713,-1.15531514778868,2.6));
#3793=CARTESIAN_POINT('',(0.388210594315245,-1.09625572133186,2.6));
#3794=CARTESIAN_POINT('',(0.388210594315245,-0.923839700660029,2.6));
#3795=CARTESIAN_POINT('',(0.377228682170543,-0.865635566293103,2.6));
#3796=CARTESIAN_POINT('',(0.333301033591731,-0.805235049497238,2.6));
#3797=CARTESIAN_POINT('',(0.292667958656331,-0.790409468101889,2.6));
#3798=CARTESIAN_POINT('',(0.17296511627907,-0.790409468101889,2.6));
#3799=CARTESIAN_POINT('',(0.132332041343669,-0.805235049497238,2.6));
#3800=CARTESIAN_POINT('',(0.110368217054263,-0.834886212287935,2.6));
#3801=CARTESIAN_POINT('',(0.0885989350526296,-0.864274742990142,2.6));
#3802=CARTESIAN_POINT('',(0.0779715762273905,-0.922741509445558,2.6));
#3803=CARTESIAN_POINT('',(0.0779715762273905,-1.01004771099595,2.6));
#3804=CARTESIAN_POINT('',(0.0779715762273905,-1.01004771099595,2.6));
#3805=CARTESIAN_POINT('',(0.000289990262845101,-1.19800606376509,2.59));
#3806=CARTESIAN_POINT('',(0.000289990262845101,-1.19800606376509,2.6));
#3807=CARTESIAN_POINT('',(-0.0215400989375615,-1.023765932496,2.59));
#3808=CARTESIAN_POINT('',(-0.0215400989375615,-1.023765932496,2.6));
#3809=CARTESIAN_POINT('',(-0.0056744837948336,-0.868208296505988,2.59));
#3810=CARTESIAN_POINT('',(-0.0056744837948336,-0.868208296505988,2.6));
#3811=CARTESIAN_POINT('',(0.0348094725806784,-0.757571829489295,2.59));
#3812=CARTESIAN_POINT('',(0.0348094725806784,-0.757571829489295,2.6));
#3813=CARTESIAN_POINT('',(0.163050551789475,-0.697988240865536,2.59));
#3814=CARTESIAN_POINT('',(0.163050551789475,-0.697988240865536,2.6));
#3815=CARTESIAN_POINT('',(0.338180689597343,-0.713407545952149,2.59));
#3816=CARTESIAN_POINT('',(0.338180689597343,-0.713407545952149,2.6));
#3817=CARTESIAN_POINT('',(0.428642417292864,-0.766988988301889,2.59));
#3818=CARTESIAN_POINT('',(0.428642417292864,-0.766988988301889,2.6));
#3819=CARTESIAN_POINT('',(0.476538176572908,-0.864725076987479,2.59));
#3820=CARTESIAN_POINT('',(0.476538176572908,-0.864725076987479,2.6));
#3821=CARTESIAN_POINT('',(0.486811163127495,-1.15107820992396,2.59));
#3822=CARTESIAN_POINT('',(0.486811163127495,-1.15107820992396,2.6));
#3823=CARTESIAN_POINT('',(0.416178708258451,-1.3378738644621,2.59));
#3824=CARTESIAN_POINT('',(0.416178708258451,-1.3378738644621,2.6));
#3825=CARTESIAN_POINT('',(0.0738800500346246,-1.31893790474163,2.59));
#3826=CARTESIAN_POINT('',(0.0738800500346246,-1.31893790474163,2.6));
#3827=CARTESIAN_POINT('',(0.000289990262845101,-1.19800606376509,2.59));
#3828=CARTESIAN_POINT('',(0.000289990262845101,-1.19800606376509,2.6));
#3829=CARTESIAN_POINT('',(-0.0215400989375615,-1.023765932496,2.59));
#3830=CARTESIAN_POINT('',(-0.0215400989375615,-1.023765932496,2.6));
#3831=CARTESIAN_POINT('',(-0.0056744837948336,-0.868208296505988,2.59));
#3832=CARTESIAN_POINT('',(-0.0056744837948336,-0.868208296505988,2.6));
#3833=CARTESIAN_POINT('',(-0.0153746770025841,-1.01114590221042,2.59));
#3834=CARTESIAN_POINT('',(-0.0153746770025841,-0.902424971977858,2.59));
#3835=CARTESIAN_POINT('',(0.00329457364341102,-0.825002491357703,2.59));
#3836=CARTESIAN_POINT('',(0.0406330749354003,-0.777780269135481,2.59));
#3837=CARTESIAN_POINT('',(0.0779156616663866,-0.730628762387468,2.59));
#3838=CARTESIAN_POINT('',(0.142215762273902,-0.707496031409383,2.59));
#3839=CARTESIAN_POINT('',(0.322319121447028,-0.707496031409383,2.59));
#3840=CARTESIAN_POINT('',(0.386014211886305,-0.731107142520494,2.59));
#3841=CARTESIAN_POINT('',(0.42390180878553,-0.777780269135481,2.59));
#3842=CARTESIAN_POINT('',(0.462058089627391,-0.824784383216034,2.59));
#3843=CARTESIAN_POINT('',(0.480458656330749,-0.902974067585093,2.59));
#3844=CARTESIAN_POINT('',(0.480458656330749,-1.11986683244297,2.59));
#3845=CARTESIAN_POINT('',(0.462887596899225,-1.1983875042776,2.59));
#3846=CARTESIAN_POINT('',(0.393701550387597,-1.29393013993651,2.59));
#3847=CARTESIAN_POINT('',(0.328359173126615,-1.31809034665486,2.59));
#3848=CARTESIAN_POINT('',(0.137273901808785,-1.31809034665486,2.59));
#3849=CARTESIAN_POINT('',(0.0719315245478035,-1.29393013993651,2.59));
#3850=CARTESIAN_POINT('',(0.0016472868217053,-1.1983875042776,2.59));
#3851=CARTESIAN_POINT('',(-0.0153746770025841,-1.11986683244297,2.59));
#3852=CARTESIAN_POINT('',(-0.0153746770025841,-1.01114590221042,2.59));
#3853=CARTESIAN_POINT('',(-0.0153746770025841,-1.01114590221042,2.59));
#3854=CARTESIAN_POINT('',(0.480164042828267,-1.03503220031749,2.59));
#3855=CARTESIAN_POINT('',(0.,0.,2.6));
#3856=CARTESIAN_POINT('',(0.968055555555555,-0.468090346654861,2.59));
#3857=CARTESIAN_POINT('',(0.968055555555555,-0.468090346654861,2.59));
#3858=CARTESIAN_POINT('',(0.968055555555555,-0.468090346654861,2.59));
#3859=CARTESIAN_POINT('',(0.968055555555555,-0.468090346654861,2.59));
#3860=CARTESIAN_POINT('',(0.998438845822566,-0.468090346654861,2.59));
#3861=CARTESIAN_POINT('',(1.02882213608958,-0.468090346654861,2.59));
#3862=CARTESIAN_POINT('',(1.05920542635659,-0.468090346654861,2.59));
#3863=CARTESIAN_POINT('',(1.05920542635659,-0.468090346654861,2.59));
#3864=CARTESIAN_POINT('',(1.05920542635659,-0.468090346654861,2.59));
#3865=CARTESIAN_POINT('',(1.05920542635659,-0.468090346654861,2.59));
#3866=CARTESIAN_POINT('',(1.05920542635659,-0.468090346654861,2.59));
#3867=CARTESIAN_POINT('',(1.05920542635659,-0.747580010737548,2.59));
#3868=CARTESIAN_POINT('',(1.05920542635659,-1.02706967482024,2.59));
#3869=CARTESIAN_POINT('',(1.05920542635659,-1.30655933890292,2.59));
#3870=CARTESIAN_POINT('',(1.05920542635659,-1.30655933890292,2.59));
#3871=CARTESIAN_POINT('',(1.05920542635659,-1.30655933890292,2.59));
#3872=CARTESIAN_POINT('',(1.05920542635659,-1.30655933890292,2.59));
#3873=CARTESIAN_POINT('',(1.05920542635659,-1.30655933890292,2.59));
#3874=CARTESIAN_POINT('',(1.02882213608958,-1.30655933890292,2.59));
#3875=CARTESIAN_POINT('',(0.998438845822566,-1.30655933890292,2.59));
#3876=CARTESIAN_POINT('',(0.968055555555555,-1.30655933890292,2.59));
#3877=CARTESIAN_POINT('',(0.968055555555555,-1.30655933890292,2.59));
#3878=CARTESIAN_POINT('',(0.968055555555555,-1.30655933890292,2.59));
#3879=CARTESIAN_POINT('',(0.968055555555555,-1.30655933890292,2.59));
#3880=CARTESIAN_POINT('',(0.968055555555555,-1.30655933890292,2.59));
#3881=CARTESIAN_POINT('',(0.968055555555555,-1.29264891685297,2.59));
#3882=CARTESIAN_POINT('',(0.968055555555555,-1.27873849480301,2.59));
#3883=CARTESIAN_POINT('',(0.968055555555555,-1.26482807275305,2.59));
#3884=CARTESIAN_POINT('',(0.968055555555555,-1.26482807275305,2.59));
#3885=CARTESIAN_POINT('',(0.968055555555555,-1.26482807275305,2.59));
#3886=CARTESIAN_POINT('',(0.968055555555555,-1.26482807275305,2.59));
#3887=CARTESIAN_POINT('',(0.968055555555555,-1.26482807275305,2.6));
#3888=CARTESIAN_POINT('',(0.884039392713998,-1.32550641258307,2.59));
#3889=CARTESIAN_POINT('',(0.884039392713998,-1.32550641258307,2.6));
#3890=CARTESIAN_POINT('',(0.703540323664644,-1.33631943993373,2.59));
#3891=CARTESIAN_POINT('',(0.703540323664644,-1.33631943993373,2.6));
#3892=CARTESIAN_POINT('',(0.600971432278469,-1.20637507047763,2.59));
#3893=CARTESIAN_POINT('',(0.600971432278469,-1.20637507047763,2.6));
#3894=CARTESIAN_POINT('',(0.582750754448504,-1.02718496345123,2.59));
#3895=CARTESIAN_POINT('',(0.582750754448504,-1.02718496345123,2.6));
#3896=CARTESIAN_POINT('',(0.603261087463357,-0.846236027171178,2.59));
#3897=CARTESIAN_POINT('',(0.603261087463357,-0.846236027171178,2.6));
#3898=CARTESIAN_POINT('',(0.68599343837633,-0.718694357847008,2.59));
#3899=CARTESIAN_POINT('',(0.68599343837633,-0.718694357847008,2.6));
#3900=CARTESIAN_POINT('',(0.798996805043201,-0.691594568407683,2.59));
#3901=CARTESIAN_POINT('',(0.798996805043201,-0.691594568407683,2.6));
#3902=CARTESIAN_POINT('',(0.968055555555555,-0.721223421590261,2.59));
#3903=CARTESIAN_POINT('',(0.968055555555555,-0.721223421590261,2.6));
#3904=CARTESIAN_POINT('',(0.968055555555555,-1.26482807275305,2.59));
#3905=CARTESIAN_POINT('',(0.918636950904393,-1.30051928722334,2.59));
#3906=CARTESIAN_POINT('',(0.862629198966408,-1.31809034665486,2.59));
#3907=CARTESIAN_POINT('',(0.769832041343669,-1.31809034665486,2.59));
#3908=CARTESIAN_POINT('',(0.744573643410852,-1.31479577301145,2.59));
#3909=CARTESIAN_POINT('',(0.723158914728682,-1.30765753011739,2.59));
#3910=CARTESIAN_POINT('',(0.701908914728682,-1.30057419678406,2.59));
#3911=CARTESIAN_POINT('',(0.679780361757106,-1.28789008825693,2.59));
#3912=CARTESIAN_POINT('',(0.657267441860465,-1.26757355078923,2.59));
#3913=CARTESIAN_POINT('',(0.611938969373491,-1.22666736830098,2.59));
#3914=CARTESIAN_POINT('',(0.589179586563307,-1.14896889962644,2.59));
#3915=CARTESIAN_POINT('',(0.589179586563307,-0.919446935802147,2.59));
#3916=CARTESIAN_POINT('',(0.608397932816537,-0.835984403502406,2.59));
#3917=CARTESIAN_POINT('',(0.646285529715762,-0.784918512029538,2.59));
#3918=CARTESIAN_POINT('',(0.684435881761268,-0.73349847231603,2.59));
#3919=CARTESIAN_POINT('',(0.747868217054264,-0.707496031409383,2.59));
#3920=CARTESIAN_POINT('',(0.871414728682171,-0.707496031409383,2.59));
#3921=CARTESIAN_POINT('',(0.914793281653747,-0.711888796267264,2.59));
#3922=CARTESIAN_POINT('',(0.968055555555555,-0.721223421590261,2.59));
#3923=CARTESIAN_POINT('',(0.968055555555555,-0.721223421590261,2.59));
#3924=CARTESIAN_POINT('',(0.968055555555555,-0.721223421590261,2.59));
#3925=CARTESIAN_POINT('',(0.968055555555555,-1.19015107016907,2.59));
#3926=CARTESIAN_POINT('',(0.968055555555555,-1.19015107016907,2.6));
#3927=CARTESIAN_POINT('',(0.968055555555555,-1.06074753873066,2.6));
#3928=CARTESIAN_POINT('',(0.968055555555554,-0.931344007292242,2.6));
#3929=CARTESIAN_POINT('',(0.968055555555555,-0.801940475853827,2.6));
#3930=CARTESIAN_POINT('',(0.968055555555555,-1.19015107016907,2.6));
#3931=CARTESIAN_POINT('',(0.968055555555555,-0.801940475853827,2.6));
#3932=CARTESIAN_POINT('',(0.968055555555555,-1.19015107016907,2.59));
#3933=CARTESIAN_POINT('',(0.968055555555555,-1.19015107016907,2.59));
#3934=CARTESIAN_POINT('',(0.968055555555555,-1.19015107016907,2.59));
#3935=CARTESIAN_POINT('',(0.968055555555555,-1.06074753873066,2.59));
#3936=CARTESIAN_POINT('',(0.968055555555554,-0.931344007292242,2.59));
#3937=CARTESIAN_POINT('',(0.968055555555555,-0.801940475853827,2.59));
#3938=CARTESIAN_POINT('',(0.968055555555555,-0.801940475853827,2.59));
#3939=CARTESIAN_POINT('',(0.968055555555555,-0.801940475853827,2.59));
#3940=CARTESIAN_POINT('',(0.968055555555555,-0.801940475853827,2.59));
#3941=CARTESIAN_POINT('',(0.968055555555555,-0.801940475853827,2.6));
#3942=CARTESIAN_POINT('',(0.901860944777306,-0.792386614504389,2.59));
#3943=CARTESIAN_POINT('',(0.901860944777306,-0.792386614504389,2.6));
#3944=CARTESIAN_POINT('',(0.796516350633679,-0.773199817604238,2.59));
#3945=CARTESIAN_POINT('',(0.796516350633679,-0.773199817604238,2.6));
#3946=CARTESIAN_POINT('',(0.680731159115644,-0.858174034676178,2.59));
#3947=CARTESIAN_POINT('',(0.680731159115644,-0.858174034676178,2.6));
#3948=CARTESIAN_POINT('',(0.677660204980645,-1.0858588926846,2.59));
#3949=CARTESIAN_POINT('',(0.677660204980645,-1.0858588926846,2.6));
#3950=CARTESIAN_POINT('',(0.701625564527316,-1.17850144089794,2.59));
#3951=CARTESIAN_POINT('',(0.701625564527316,-1.17850144089794,2.6));
#3952=CARTESIAN_POINT('',(0.723158914728682,-1.2000347910993,2.59));
#3953=CARTESIAN_POINT('',(0.723158914728682,-1.2000347910993,2.6));
#3954=CARTESIAN_POINT('',(0.968055555555555,-0.801940475853827,2.6));
#3955=CARTESIAN_POINT('',(0.914793281653747,-0.794253137352535,2.6));
#3956=CARTESIAN_POINT('',(0.871963824289405,-0.790409468101889,2.6));
#3957=CARTESIAN_POINT('',(0.840116279069767,-0.789860372494654,2.6));
#3958=CARTESIAN_POINT('',(0.780841041117139,-0.788838385633402,2.6));
#3959=CARTESIAN_POINT('',(0.739631782945737,-0.808529623140649,2.6));
#3960=CARTESIAN_POINT('',(0.71656976744186,-0.844769933218168,2.6));
#3961=CARTESIAN_POINT('',(0.693666020671833,-0.880761535285351,2.6));
#3962=CARTESIAN_POINT('',(0.682525839793281,-0.939214377662612,2.6));
#3963=CARTESIAN_POINT('',(0.682525839793281,-1.11272858954892,2.6));
#3964=CARTESIAN_POINT('',(0.69625322997416,-1.17312910634478,2.6));
#3965=CARTESIAN_POINT('',(0.723158914728682,-1.2000347910993,2.6));
#3966=CARTESIAN_POINT('',(0.723158914728682,-1.2000347910993,2.6));
#3967=CARTESIAN_POINT('',(0.968055555555555,-0.801940475853827,2.59));
#3968=CARTESIAN_POINT('',(0.914793281653747,-0.794253137352535,2.59));
#3969=CARTESIAN_POINT('',(0.871963824289405,-0.790409468101889,2.59));
#3970=CARTESIAN_POINT('',(0.840116279069767,-0.789860372494654,2.59));
#3971=CARTESIAN_POINT('',(0.780841041117139,-0.788838385633402,2.59));
#3972=CARTESIAN_POINT('',(0.739631782945737,-0.808529623140649,2.59));
#3973=CARTESIAN_POINT('',(0.71656976744186,-0.844769933218168,2.59));
#3974=CARTESIAN_POINT('',(0.693666020671833,-0.880761535285351,2.59));
#3975=CARTESIAN_POINT('',(0.682525839793281,-0.939214377662612,2.59));
#3976=CARTESIAN_POINT('',(0.682525839793281,-1.11272858954892,2.59));
#3977=CARTESIAN_POINT('',(0.69625322997416,-1.17312910634478,2.59));
#3978=CARTESIAN_POINT('',(0.723158914728682,-1.2000347910993,2.59));
#3979=CARTESIAN_POINT('',(0.723158914728682,-1.2000347910993,2.59));
#3980=CARTESIAN_POINT('',(0.723158914728682,-1.2000347910993,2.59));
#3981=CARTESIAN_POINT('',(0.723158914728682,-1.2000347910993,2.59));
#3982=CARTESIAN_POINT('',(0.723158914728682,-1.2000347910993,2.6));
#3983=CARTESIAN_POINT('',(0.761011173285209,-1.23788704965583,2.59));
#3984=CARTESIAN_POINT('',(0.761011173285209,-1.23788704965583,2.6));
#3985=CARTESIAN_POINT('',(0.822657206591025,-1.24094487554113,2.59));
#3986=CARTESIAN_POINT('',(0.822657206591025,-1.24094487554113,2.6));
#3987=CARTESIAN_POINT('',(0.929810621603267,-1.21125172338413,2.59));
#3988=CARTESIAN_POINT('',(0.929810621603267,-1.21125172338413,2.6));
#3989=CARTESIAN_POINT('',(0.968055555555555,-1.19015107016907,2.59));
#3990=CARTESIAN_POINT('',(0.968055555555555,-1.19015107016907,2.6));
#3991=CARTESIAN_POINT('',(0.723158914728682,-1.2000347910993,2.6));
#3992=CARTESIAN_POINT('',(0.736886304909561,-1.21376218128018,2.6));
#3993=CARTESIAN_POINT('',(0.749515503875969,-1.22254771099595,2.6));
#3994=CARTESIAN_POINT('',(0.761595607235142,-1.22748957146106,2.6));
#3995=CARTESIAN_POINT('',(0.773483284169125,-1.23235271202496,2.6));
#3996=CARTESIAN_POINT('',(0.790697674418605,-1.23407871874788,2.6));
#3997=CARTESIAN_POINT('',(0.832428940568475,-1.23407871874788,2.6));
#3998=CARTESIAN_POINT('',(0.857138242894057,-1.23023504949724,2.6));
#3999=CARTESIAN_POINT('',(0.884593023255814,-1.22254771099595,2.6));
#4000=CARTESIAN_POINT('',(0.912699549145446,-1.21467788374685,2.6));
#4001=CARTESIAN_POINT('',(0.935109819121447,-1.20662393838613,2.6));
#4002=CARTESIAN_POINT('',(0.952131782945736,-1.19893659988483,2.6));
#4003=CARTESIAN_POINT('',(0.957639033125706,-1.19644945464227,2.6));
#4004=CARTESIAN_POINT('',(0.962747631352282,-1.19307958007433,2.6));
#4005=CARTESIAN_POINT('',(0.968055555555555,-1.19015107016907,2.6));
#4006=CARTESIAN_POINT('',(0.723158914728682,-1.2000347910993,2.59));
#4007=CARTESIAN_POINT('',(0.736886304909561,-1.21376218128018,2.59));
#4008=CARTESIAN_POINT('',(0.749515503875969,-1.22254771099595,2.59));
#4009=CARTESIAN_POINT('',(0.761595607235142,-1.22748957146106,2.59));
#4010=CARTESIAN_POINT('',(0.773483284169125,-1.23235271202496,2.59));
#4011=CARTESIAN_POINT('',(0.790697674418605,-1.23407871874788,2.59));
#4012=CARTESIAN_POINT('',(0.832428940568475,-1.23407871874788,2.59));
#4013=CARTESIAN_POINT('',(0.857138242894057,-1.23023504949724,2.59));
#4014=CARTESIAN_POINT('',(0.884593023255814,-1.22254771099595,2.59));
#4015=CARTESIAN_POINT('',(0.912699549145446,-1.21467788374685,2.59));
#4016=CARTESIAN_POINT('',(0.935109819121447,-1.20662393838613,2.59));
#4017=CARTESIAN_POINT('',(0.952131782945736,-1.19893659988483,2.59));
#4018=CARTESIAN_POINT('',(0.957639033125706,-1.19644945464227,2.59));
#4019=CARTESIAN_POINT('',(0.962747631352282,-1.19307958007433,2.59));
#4020=CARTESIAN_POINT('',(0.968055555555555,-1.19015107016907,2.59));
#4021=CARTESIAN_POINT('',(0.968055555555555,-0.721223421590261,2.59));
#4022=CARTESIAN_POINT('',(0.968055555555555,-0.721223421590261,2.59));
#4023=CARTESIAN_POINT('',(0.968055555555555,-0.636845729945128,2.59));
#4024=CARTESIAN_POINT('',(0.968055555555555,-0.552468038299994,2.59));
#4025=CARTESIAN_POINT('',(0.968055555555555,-0.468090346654861,2.59));
#4026=CARTESIAN_POINT('',(0.589205922922641,-1.02689182524229,2.59));
#4027=CARTESIAN_POINT('',(0.,0.,2.6));
#4028=CARTESIAN_POINT('',(1.28488372093023,-0.973258305311191,2.59));
#4029=CARTESIAN_POINT('',(1.28488372093023,-0.973258305311191,2.6));
#4030=CARTESIAN_POINT('',(1.38298880275624,-0.973258305311191,2.6));
#4031=CARTESIAN_POINT('',(1.48109388458226,-0.973258305311191,2.6));
#4032=CARTESIAN_POINT('',(1.57919896640827,-0.973258305311191,2.6));
#4033=CARTESIAN_POINT('',(1.28488372093023,-0.973258305311191,2.6));
#4034=CARTESIAN_POINT('',(1.57919896640827,-0.973258305311191,2.6));
#4035=CARTESIAN_POINT('',(1.28488372093023,-0.973258305311191,2.59));
#4036=CARTESIAN_POINT('',(1.28488372093023,-0.973258305311191,2.59));
#4037=CARTESIAN_POINT('',(1.28488372093023,-0.973258305311191,2.59));
#4038=CARTESIAN_POINT('',(1.38298880275624,-0.973258305311191,2.59));
#4039=CARTESIAN_POINT('',(1.48109388458226,-0.973258305311191,2.59));
#4040=CARTESIAN_POINT('',(1.57919896640827,-0.973258305311191,2.59));
#4041=CARTESIAN_POINT('',(1.57919896640827,-0.973258305311191,2.59));
#4042=CARTESIAN_POINT('',(1.57919896640827,-0.973258305311191,2.59));
#4043=CARTESIAN_POINT('',(1.28488372093023,-1.05232807275305,2.59));
#4044=CARTESIAN_POINT('',(1.28488372093023,-1.05232807275305,2.6));
#4045=CARTESIAN_POINT('',(1.28488372093023,-1.1441788679617,2.59));
#4046=CARTESIAN_POINT('',(1.28488372093023,-1.1441788679617,2.6));
#4047=CARTESIAN_POINT('',(1.32955534995297,-1.25854200336226,2.59));
#4048=CARTESIAN_POINT('',(1.32955534995297,-1.25854200336226,2.6));
#4049=CARTESIAN_POINT('',(1.51937660106071,-1.23394461133486,2.59));
#4050=CARTESIAN_POINT('',(1.51937660106071,-1.23394461133486,2.6));
#4051=CARTESIAN_POINT('',(1.6000645994832,-1.22748957146106,2.59));
#4052=CARTESIAN_POINT('',(1.6000645994832,-1.22748957146106,2.6));
#4053=CARTESIAN_POINT('',(1.28488372093023,-1.05232807275305,2.59));
#4054=CARTESIAN_POINT('',(1.28488372093023,-1.05232807275305,2.59));
#4055=CARTESIAN_POINT('',(1.28488372093023,-1.05232807275305,2.59));
#4056=CARTESIAN_POINT('',(1.28488372093023,-1.11163039833445,2.59));
#4057=CARTESIAN_POINT('',(1.29586563307494,-1.15720533373496,2.59));
#4058=CARTESIAN_POINT('',(1.31728036175711,-1.18795468774013,2.59));
#4059=CARTESIAN_POINT('',(1.3388744278708,-1.21896155190338,2.59));
#4060=CARTESIAN_POINT('',(1.37822997416021,-1.23407871874788,2.59));
#4061=CARTESIAN_POINT('',(1.48969638242894,-1.23407871874788,2.59));
#4062=CARTESIAN_POINT('',(1.54515503875969,-1.23188233631894,2.59));
#4063=CARTESIAN_POINT('',(1.6000645994832,-1.22748957146106,2.59));
#4064=CARTESIAN_POINT('',(1.6000645994832,-1.22748957146106,2.59));
#4065=CARTESIAN_POINT('',(1.6000645994832,-1.22748957146106,2.59));
#4066=CARTESIAN_POINT('',(1.6000645994832,-1.22748957146106,2.59));
#4067=CARTESIAN_POINT('',(1.6000645994832,-1.22748957146106,2.6));
#4068=CARTESIAN_POINT('',(1.61582163558908,-1.22622900857259,2.59));
#4069=CARTESIAN_POINT('',(1.61582163558908,-1.22622900857259,2.6));
#4070=CARTESIAN_POINT('',(1.63154608096469,-1.22456106155581,2.59));
#4071=CARTESIAN_POINT('',(1.63154608096469,-1.22456106155581,2.6));
#4072=CARTESIAN_POINT('',(1.64728682170543,-1.22309680660318,2.59));
#4073=CARTESIAN_POINT('',(1.64728682170543,-1.22309680660318,2.6));
#4074=CARTESIAN_POINT('',(1.6000645994832,-1.22748957146106,2.59));
#4075=CARTESIAN_POINT('',(1.61582163558908,-1.22622900857259,2.59));
#4076=CARTESIAN_POINT('',(1.63154608096469,-1.22456106155581,2.59));
#4077=CARTESIAN_POINT('',(1.64728682170543,-1.22309680660318,2.59));
#4078=CARTESIAN_POINT('',(1.64728682170543,-1.22309680660318,2.59));
#4079=CARTESIAN_POINT('',(1.64728682170543,-1.22309680660318,2.59));
#4080=CARTESIAN_POINT('',(1.64728682170543,-1.22309680660318,2.59));
#4081=CARTESIAN_POINT('',(1.64728682170543,-1.22309680660318,2.59));
#4082=CARTESIAN_POINT('',(1.64820198105082,-1.24890430014323,2.59));
#4083=CARTESIAN_POINT('',(1.64911714039621,-1.27471179368328,2.59));
#4084=CARTESIAN_POINT('',(1.6500322997416,-1.30051928722334,2.59));
#4085=CARTESIAN_POINT('',(1.6500322997416,-1.30051928722334,2.59));
#4086=CARTESIAN_POINT('',(1.6500322997416,-1.30051928722334,2.59));
#4087=CARTESIAN_POINT('',(1.6500322997416,-1.30051928722334,2.59));
#4088=CARTESIAN_POINT('',(1.6500322997416,-1.30051928722334,2.6));
#4089=CARTESIAN_POINT('',(1.56915155113708,-1.3106293807989,2.59));
#4090=CARTESIAN_POINT('',(1.56915155113708,-1.3106293807989,2.6));
#4091=CARTESIAN_POINT('',(1.45318816514101,-1.32939852454155,2.59));
#4092=CARTESIAN_POINT('',(1.45318816514101,-1.32939852454155,2.6));
#4093=CARTESIAN_POINT('',(1.23239284832572,-1.28805846186641,2.59));
#4094=CARTESIAN_POINT('',(1.23239284832572,-1.28805846186641,2.6));
#4095=CARTESIAN_POINT('',(1.18375804973296,-1.09625030414974,2.59));
#4096=CARTESIAN_POINT('',(1.18375804973296,-1.09625030414974,2.6));
#4097=CARTESIAN_POINT('',(1.20221093815008,-0.815977918523805,2.59));
#4098=CARTESIAN_POINT('',(1.20221093815008,-0.815977918523805,2.6));
#4099=CARTESIAN_POINT('',(1.32328545947375,-0.702891186870266,2.59));
#4100=CARTESIAN_POINT('',(1.32328545947375,-0.702891186870266,2.6));
#4101=CARTESIAN_POINT('',(1.5562790151229,-0.704244975294565,2.59));
#4102=CARTESIAN_POINT('',(1.5562790151229,-0.704244975294565,2.6));
#4103=CARTESIAN_POINT('',(1.66801267509296,-0.820007856671609,2.59));
#4104=CARTESIAN_POINT('',(1.66801267509296,-0.820007856671609,2.6));
#4105=CARTESIAN_POINT('',(1.67022608875723,-0.985710741316883,2.59));
#4106=CARTESIAN_POINT('',(1.67022608875723,-0.985710741316883,2.6));
#4107=CARTESIAN_POINT('',(1.66760335917313,-1.05232807275305,2.59));
#4108=CARTESIAN_POINT('',(1.66760335917313,-1.05232807275305,2.6));
#4109=CARTESIAN_POINT('',(1.6500322997416,-1.30051928722334,2.59));
#4110=CARTESIAN_POINT('',(1.5577842377261,-1.31205029497527,2.59));
#4111=CARTESIAN_POINT('',(1.48200904392765,-1.31809034665486,2.59));
#4112=CARTESIAN_POINT('',(1.42270671834625,-1.31809034665486,2.59));
#4113=CARTESIAN_POINT('',(1.33759689922481,-1.31809034665486,2.59));
#4114=CARTESIAN_POINT('',(1.27774547803618,-1.29173375750757,2.59));
#4115=CARTESIAN_POINT('',(1.2437015503876,-1.24176605724918,2.59));
#4116=CARTESIAN_POINT('',(1.20948354244919,-1.19154285204925,2.59));
#4117=CARTESIAN_POINT('',(1.19208656330749,-1.11602316319233,2.59));
#4118=CARTESIAN_POINT('',(1.19208656330749,-0.809627814355119,2.59));
#4119=CARTESIAN_POINT('',(1.27390180878553,-0.707496031409383,2.59));
#4120=CARTESIAN_POINT('',(1.51440568475452,-0.707496031409383,2.59));
#4121=CARTESIAN_POINT('',(1.57315891472868,-0.730008951306023,2.59));
#4122=CARTESIAN_POINT('',(1.61214470284238,-0.775034791099305,2.59));
#4123=CARTESIAN_POINT('',(1.65089521760664,-0.819788906742538,2.59));
#4124=CARTESIAN_POINT('',(1.6703488372093,-0.889246677404215,2.59));
#4125=CARTESIAN_POINT('',(1.6703488372093,-0.982592930634189,2.59));
#4126=CARTESIAN_POINT('',(1.6703488372093,-1.00583797800714,2.59));
#4127=CARTESIAN_POINT('',(1.66851851851852,-1.0290830253801,2.59));
#4128=CARTESIAN_POINT('',(1.66760335917313,-1.05232807275305,2.59));
#4129=CARTESIAN_POINT('',(1.66760335917313,-1.05232807275305,2.59));
#4130=CARTESIAN_POINT('',(1.66760335917313,-1.05232807275305,2.59));
#4131=CARTESIAN_POINT('',(1.66760335917313,-1.05232807275305,2.59));
#4132=CARTESIAN_POINT('',(1.66760335917313,-1.05232807275305,2.59));
#4133=CARTESIAN_POINT('',(1.5400301464255,-1.05232807275305,2.59));
#4134=CARTESIAN_POINT('',(1.41245693367786,-1.05232807275305,2.59));
#4135=CARTESIAN_POINT('',(1.28488372093023,-1.05232807275305,2.59));
#4136=CARTESIAN_POINT('',(1.57919896640827,-0.973258305311191,2.59));
#4137=CARTESIAN_POINT('',(1.57919896640827,-0.973258305311191,2.6));
#4138=CARTESIAN_POINT('',(1.57919896640827,-0.908821030699498,2.59));
#4139=CARTESIAN_POINT('',(1.57919896640827,-0.908821030699498,2.6));
#4140=CARTESIAN_POINT('',(1.56124191108251,-0.817589513595111,2.59));
#4141=CARTESIAN_POINT('',(1.56124191108251,-0.817589513595111,2.6));
#4142=CARTESIAN_POINT('',(1.44000567841795,-0.774231910828706,2.59));
#4143=CARTESIAN_POINT('',(1.44000567841795,-0.774231910828706,2.6));
#4144=CARTESIAN_POINT('',(1.30719390878985,-0.818088152032005,2.59));
#4145=CARTESIAN_POINT('',(1.30719390878985,-0.818088152032005,2.6));
#4146=CARTESIAN_POINT('',(1.28488372093023,-0.910313645535136,2.59));
#4147=CARTESIAN_POINT('',(1.28488372093023,-0.910313645535136,2.6));
#4148=CARTESIAN_POINT('',(1.28488372093023,-0.973258305311191,2.59));
#4149=CARTESIAN_POINT('',(1.28488372093023,-0.973258305311191,2.6));
#4150=CARTESIAN_POINT('',(1.57919896640827,-0.973258305311191,2.6));
#4151=CARTESIAN_POINT('',(1.57919896640827,-0.908465023657445,2.6));
#4152=CARTESIAN_POINT('',(1.56766795865633,-0.861791897042457,2.6));
#4153=CARTESIAN_POINT('',(1.52264211886305,-0.803587762675532,2.6));
#4154=CARTESIAN_POINT('',(1.48640180878553,-0.788762181280183,2.6));
#4155=CARTESIAN_POINT('',(1.38701550387597,-0.788762181280183,2.6));
#4156=CARTESIAN_POINT('',(1.34912790697674,-0.804136858282768,2.6));
#4157=CARTESIAN_POINT('',(1.29751291989664,-0.864537375078633,2.6));
#4158=CARTESIAN_POINT('',(1.28488372093023,-0.910661406086385,2.6));
#4159=CARTESIAN_POINT('',(1.28488372093023,-0.973258305311191,2.6));
#4160=CARTESIAN_POINT('',(1.57919896640827,-0.973258305311191,2.59));
#4161=CARTESIAN_POINT('',(1.57919896640827,-0.908465023657445,2.59));
#4162=CARTESIAN_POINT('',(1.56766795865633,-0.861791897042457,2.59));
#4163=CARTESIAN_POINT('',(1.52264211886305,-0.803587762675532,2.59));
#4164=CARTESIAN_POINT('',(1.48640180878553,-0.788762181280183,2.59));
#4165=CARTESIAN_POINT('',(1.38701550387597,-0.788762181280183,2.59));
#4166=CARTESIAN_POINT('',(1.34912790697674,-0.804136858282768,2.59));
#4167=CARTESIAN_POINT('',(1.29751291989664,-0.864537375078633,2.59));
#4168=CARTESIAN_POINT('',(1.28488372093023,-0.910661406086385,2.59));
#4169=CARTESIAN_POINT('',(1.28488372093023,-0.973258305311191,2.59));
#4170=CARTESIAN_POINT('',(1.36584275547422,-1.22380187150527,2.59));
#4171=CARTESIAN_POINT('',(0.,0.,2.6));
#4172=CARTESIAN_POINT('',(1.91486963725577,1.89194783114334,2.59));
#4173=CARTESIAN_POINT('',(0.887258075399239,1.89194783114334,2.59));
#4174=CARTESIAN_POINT('',(0.887258075399239,1.89194783114334,2.59));
#4175=CARTESIAN_POINT('',(1.91486963725577,1.89194783114334,2.59));
#4176=CARTESIAN_POINT('',(1.91486963725577,1.89194783114333,2.59));
#4177=CARTESIAN_POINT('',(1.91486963725577,1.89194783114333,2.59));
#4178=CARTESIAN_POINT('',(0.887258075399239,1.89194783114334,2.59));
#4179=CARTESIAN_POINT('',(0.0575093820004969,0.454780936662823,2.59));
#4180=CARTESIAN_POINT('',(0.0575093820004969,0.454780936662823,2.59));
#4181=CARTESIAN_POINT('',(0.887258075399239,1.89194783114334,2.59));
#4182=CARTESIAN_POINT('',(0.0575093820004968,0.454780936662822,2.59));
#4183=CARTESIAN_POINT('',(1.07767448326387,0.454780936662822,2.59));
#4184=CARTESIAN_POINT('',(1.07767448326387,0.454780936662822,2.59));
#4185=CARTESIAN_POINT('',(0.0575093820004968,0.454780936662822,2.59));
#4186=CARTESIAN_POINT('',(1.07767448326387,0.454780936662822,2.59));
#4187=CARTESIAN_POINT('',(1.28200521109066,0.815934275431242,2.59));
#4188=CARTESIAN_POINT('',(1.28200521109066,0.815934275431242,2.59));
#4189=CARTESIAN_POINT('',(1.07767448326387,0.454780936662822,2.59));
#4190=CARTESIAN_POINT('',(1.28200521109066,0.815934275431241,2.59));
#4191=CARTESIAN_POINT('',(0.678841903044439,0.815934275431241,2.59));
#4192=CARTESIAN_POINT('',(0.678841903044439,0.815934275431241,2.59));
#4193=CARTESIAN_POINT('',(1.28200521109066,0.815934275431241,2.59));
#4194=CARTESIAN_POINT('',(0.678841903044437,0.815934275431241,2.59));
#4195=CARTESIAN_POINT('',(0.79920349774009,1.00581902055691,2.59));
#4196=CARTESIAN_POINT('',(0.79920349774009,1.00581902055691,2.59));
#4197=CARTESIAN_POINT('',(0.678841903044437,0.815934275431241,2.59));
#4198=CARTESIAN_POINT('',(0.79920349774009,1.00581902055691,2.59));
#4199=CARTESIAN_POINT('',(1.40236680578632,1.00581902055691,2.59));
#4200=CARTESIAN_POINT('',(1.40236680578632,1.00581902055691,2.59));
#4201=CARTESIAN_POINT('',(0.79920349774009,1.00581902055691,2.59));
#4202=CARTESIAN_POINT('',(1.40236680578632,1.00581902055691,2.59));
#4203=CARTESIAN_POINT('',(1.60669753361311,1.36697235932533,2.59));
#4204=CARTESIAN_POINT('',(1.60669753361311,1.36697235932533,2.59));
#4205=CARTESIAN_POINT('',(1.40236680578632,1.00581902055691,2.59));
#4206=CARTESIAN_POINT('',(1.60669753361311,1.36697235932533,2.59));
#4207=CARTESIAN_POINT('',(1.00353422556689,1.36697235932533,2.59));
#4208=CARTESIAN_POINT('',(1.00353422556689,1.36697235932533,2.59));
#4209=CARTESIAN_POINT('',(1.60669753361311,1.36697235932533,2.59));
#4210=CARTESIAN_POINT('',(1.00353422556689,1.36697235932533,2.59));
#4211=CARTESIAN_POINT('',(1.10737560138275,1.53079449237492,2.59));
#4212=CARTESIAN_POINT('',(1.10737560138275,1.53079449237492,2.59));
#4213=CARTESIAN_POINT('',(1.00353422556689,1.36697235932533,2.59));
#4214=CARTESIAN_POINT('',(1.10737560138275,1.53079449237492,2.59));
#4215=CARTESIAN_POINT('',(1.71053890942897,1.53079449237492,2.59));
#4216=CARTESIAN_POINT('',(1.71053890942897,1.53079449237492,2.59));
#4217=CARTESIAN_POINT('',(1.10737560138275,1.53079449237492,2.59));
#4218=CARTESIAN_POINT('',(1.71053890942897,1.53079449237492,2.59));
#4219=CARTESIAN_POINT('',(1.71053890942897,1.53079449237492,2.59));
#4220=CARTESIAN_POINT('',(0.,0.,2.59));
#4221=CARTESIAN_POINT('',(-1.82120377418723,1.22576486334967,2.59));
#4222=CARTESIAN_POINT('',(-1.82120377418723,1.22576486334967,2.59));
#4223=CARTESIAN_POINT('',(-1.62120377418723,1.22576486334967,2.59));
#4224=CARTESIAN_POINT('',(-1.82120377418723,1.22576486334967,2.59));
#4225=MECHANICAL_DESIGN_GEOMETRIC_PRESENTATION_REPRESENTATION('',(#1718,
#1719,#1720,#1721,#1722,#1723,#1724,#1725,#1726,#1727,#1728,#1729,#1730,
#1731,#1732,#1733,#1734,#1735,#1736,#1737,#1738,#1739,#1740,#1741,#1742,
#1743,#1744,#1745,#1746,#1747,#1748,#1749,#1750,#1751,#1752,#1753,#1754,
#1755,#1756,#1757,#1758,#1759,#1760,#1761,#1762,#1763,#1764,#1765,#1766,
#1767,#1768,#1769,#1770,#1771,#1772,#1773,#1774,#1775,#1776,#1777,#1778,
#1779,#1780,#1781,#1782,#1783,#1784,#1785,#1786,#1787,#1788,#1789,#1790,
#1791,#1792,#1793,#1794,#1795,#1796,#1797,#1798,#1799,#1800,#1801,#1802,
#1803,#1804,#1805,#1806,#1807,#1808,#1809,#1810,#1811,#1812,#1813,#1814,
#1815,#1816,#1817,#1818,#1819,#1820),#4226);
#4226=(
GEOMETRIC_REPRESENTATION_CONTEXT(3)
GLOBAL_UNCERTAINTY_ASSIGNED_CONTEXT((#4227))
GLOBAL_UNIT_ASSIGNED_CONTEXT((#4230,#4229,#4228))
REPRESENTATION_CONTEXT('74439344xxx','TOP_LEVEL_ASSEMBLY_PART')
);
#4227=UNCERTAINTY_MEASURE_WITH_UNIT(LENGTH_MEASURE(0.005),#4230,
'DISTANCE_ACCURACY_VALUE','Maximum Tolerance applied to model');
#4228=(
NAMED_UNIT(*)
SI_UNIT($,.STERADIAN.)
SOLID_ANGLE_UNIT()
);
#4229=(
NAMED_UNIT(*)
PLANE_ANGLE_UNIT()
SI_UNIT($,.RADIAN.)
);
#4230=(
LENGTH_UNIT()
NAMED_UNIT(*)
SI_UNIT(.MILLI.,.METRE.)
);
#4231=PRODUCT_DEFINITION_SHAPE('','',#4232);
#4232=PRODUCT_DEFINITION('','',#4234,#4233);
#4233=PRODUCT_DEFINITION_CONTEXT('',#4240,'design');
#4234=PRODUCT_DEFINITION_FORMATION_WITH_SPECIFIED_SOURCE('','',#4236,
 .NOT_KNOWN.);
#4235=PRODUCT_RELATED_PRODUCT_CATEGORY('','',(#4236));
#4236=PRODUCT('74439344xxx','74439344xxx','74439344xxx',(#4238));
#4237=PRODUCT_CATEGORY('','');
#4238=PRODUCT_CONTEXT('',#4240,'mechanical');
#4239=APPLICATION_PROTOCOL_DEFINITION('international standard',
'automotive_design',2010,#4240);
#4240=APPLICATION_CONTEXT(
'core data for automotive mechanical design processes');
ENDSEC;
END-ISO-10303-21;
