ISO-10303-21;
HEADER;
/* Generated by software containing ST-Developer
 * from STEP Tools, Inc. (www.steptools.com) 
 */
/* OPTION: using custom renumber hook */

FILE_DESCRIPTION(
/* description */ ('STEP AP214'),
/* implementation_level */ '2;1');

FILE_NAME(
/* name */ 'USB4130-GF-C',
/* time_stamp */ '2026-03-15T22:44:47+01:00',
/* author */ ('License CC BY-ND 4.0'),
/* organization */ ('CADENAS'),
/* preprocessor_version */ 'ST-DEVELOPER v20',
/* originating_system */ 'PARTsolutions',
/* authorisation */ '  ');

FILE_SCHEMA (('AUTOMOTIVE_DESIGN {1 0 10303 214 3 1 1}'));
ENDSEC;

DATA;
#10=PROPERTY_DEFINITION_REPRESENTATION(#14,#12);
#11=PROPERTY_DEFINITION_REPRESENTATION(#15,#13);
#12=REPRESENTATION('',(#16),#21560);
#13=REPRESENTATION('',(#17),#21560);
#14=PROPERTY_DEFINITION('pmi validation property','',#21567);
#15=PROPERTY_DEFINITION('pmi validation property','',#21567);
#16=VALUE_REPRESENTATION_ITEM('number of annotations',COUNT_MEASURE(0.));
#17=VALUE_REPRESENTATION_ITEM('number of views',COUNT_MEASURE(0.));
#18=CONTEXT_DEPENDENT_SHAPE_REPRESENTATION(#20,#21569);
#19=NEXT_ASSEMBLY_USAGE_OCCURRENCE('NAUO1','USB4130-GF-C_PART1',
'USB4130-GF-C_PART1',#21570,#21571,'');
#20=(
REPRESENTATION_RELATIONSHIP(' ',' ',#14302,#14301)
REPRESENTATION_RELATIONSHIP_WITH_TRANSFORMATION(#21)
SHAPE_REPRESENTATION_RELATIONSHIP()
);
#21=ITEM_DEFINED_TRANSFORMATION(' ',' ',#14303,#15201);
#22=SHAPE_REPRESENTATION_RELATIONSHIP('','',#14302,#23);
#23=ADVANCED_BREP_SHAPE_REPRESENTATION('',(#14298),#21561);
#24=(
BOUNDED_CURVE()
B_SPLINE_CURVE(3,(#18655,#18656,#18657,#18658),.UNSPECIFIED.,.F.,.F.)
B_SPLINE_CURVE_WITH_KNOTS((4,4),(0.,1.),.UNSPECIFIED.)
CURVE()
GEOMETRIC_REPRESENTATION_ITEM()
RATIONAL_B_SPLINE_CURVE((1.,0.804737854124369,0.804737854124369,1.))
REPRESENTATION_ITEM('')
);
#25=(
BOUNDED_CURVE()
B_SPLINE_CURVE(3,(#19113,#19114,#19115,#19116),.UNSPECIFIED.,.F.,.F.)
B_SPLINE_CURVE_WITH_KNOTS((4,4),(0.,1.),.UNSPECIFIED.)
CURVE()
GEOMETRIC_REPRESENTATION_ITEM()
RATIONAL_B_SPLINE_CURVE((1.,0.804737854124363,0.804737854124363,1.))
REPRESENTATION_ITEM('')
);
#26=(
BOUNDED_CURVE()
B_SPLINE_CURVE(3,(#19372,#19373,#19374,#19375),.UNSPECIFIED.,.F.,.F.)
B_SPLINE_CURVE_WITH_KNOTS((4,4),(0.,1.),.UNSPECIFIED.)
CURVE()
GEOMETRIC_REPRESENTATION_ITEM()
RATIONAL_B_SPLINE_CURVE((1.,0.935056856233205,0.935056856233205,1.))
REPRESENTATION_ITEM('')
);
#27=(
BOUNDED_CURVE()
B_SPLINE_CURVE(3,(#19952,#19953,#19954,#19955),.UNSPECIFIED.,.F.,.F.)
B_SPLINE_CURVE_WITH_KNOTS((4,4),(0.,1.),.UNSPECIFIED.)
CURVE()
GEOMETRIC_REPRESENTATION_ITEM()
RATIONAL_B_SPLINE_CURVE((1.,0.804737854124366,0.804737854124366,1.))
REPRESENTATION_ITEM('')
);
#28=(
BOUNDED_CURVE()
B_SPLINE_CURVE(3,(#19961,#19962,#19963,#19964),.UNSPECIFIED.,.F.,.F.)
B_SPLINE_CURVE_WITH_KNOTS((4,4),(0.,1.),.UNSPECIFIED.)
CURVE()
GEOMETRIC_REPRESENTATION_ITEM()
RATIONAL_B_SPLINE_CURVE((1.,0.984479226611957,0.984479226611957,1.))
REPRESENTATION_ITEM('')
);
#29=(
BOUNDED_CURVE()
B_SPLINE_CURVE(3,(#19966,#19967,#19968,#19969),.UNSPECIFIED.,.F.,.F.)
B_SPLINE_CURVE_WITH_KNOTS((4,4),(0.,1.),.UNSPECIFIED.)
CURVE()
GEOMETRIC_REPRESENTATION_ITEM()
RATIONAL_B_SPLINE_CURVE((1.,0.935056856233208,0.935056856233208,1.))
REPRESENTATION_ITEM('')
);
#30=(
BOUNDED_CURVE()
B_SPLINE_CURVE(3,(#20489,#20490,#20491,#20492),.UNSPECIFIED.,.F.,.F.)
B_SPLINE_CURVE_WITH_KNOTS((4,4),(0.,1.),.UNSPECIFIED.)
CURVE()
GEOMETRIC_REPRESENTATION_ITEM()
RATIONAL_B_SPLINE_CURVE((1.,0.80473785412437,0.80473785412437,1.))
REPRESENTATION_ITEM('')
);
#31=(
BOUNDED_CURVE()
B_SPLINE_CURVE(3,(#21005,#21006,#21007,#21008),.UNSPECIFIED.,.F.,.F.)
B_SPLINE_CURVE_WITH_KNOTS((4,4),(0.,1.),.UNSPECIFIED.)
CURVE()
GEOMETRIC_REPRESENTATION_ITEM()
RATIONAL_B_SPLINE_CURVE((1.,0.984479226611908,0.984479226611908,1.))
REPRESENTATION_ITEM('')
);
#32=(
BOUNDED_CURVE()
B_SPLINE_CURVE(3,(#21013,#21014,#21015,#21016),.UNSPECIFIED.,.F.,.F.)
B_SPLINE_CURVE_WITH_KNOTS((4,4),(0.,1.),.UNSPECIFIED.)
CURVE()
GEOMETRIC_REPRESENTATION_ITEM()
RATIONAL_B_SPLINE_CURVE((1.,0.984479226611862,0.984479226611862,1.))
REPRESENTATION_ITEM('')
);
#33=(
BOUNDED_CURVE()
B_SPLINE_CURVE(3,(#21018,#21019,#21020,#21021),.UNSPECIFIED.,.F.,.F.)
B_SPLINE_CURVE_WITH_KNOTS((4,4),(0.,1.),.UNSPECIFIED.)
CURVE()
GEOMETRIC_REPRESENTATION_ITEM()
RATIONAL_B_SPLINE_CURVE((1.,0.935056856233122,0.935056856233122,1.))
REPRESENTATION_ITEM('')
);
#34=(
BOUNDED_SURFACE()
B_SPLINE_SURFACE(3,3,((#18636,#18637,#18638,#18639),(#18640,#18641,#18642,
#18643),(#18644,#18645,#18646,#18647),(#18648,#18649,#18650,#18651)),
 .TOROIDAL_SURF.,.F.,.F.,.F.)
B_SPLINE_SURFACE_WITH_KNOTS((4,4),(4,4),(0.152524684768586,0.847475315234218),
(0.,1.),.PIECEWISE_BEZIER_KNOTS.)
GEOMETRIC_REPRESENTATION_ITEM()
RATIONAL_B_SPLINE_SURFACE(((0.864466469333847,0.695668891435096,0.695668891435096,
0.864466469333847),(0.695668891494963,0.559831090875181,0.559831090875181,
0.695668891494963),(0.695668891495644,0.559831090875729,0.559831090875729,
0.695668891495644),(0.86446646933589,0.695668891436741,0.695668891436741,
0.86446646933589)))
REPRESENTATION_ITEM('')
SURFACE()
);
#35=(
BOUNDED_SURFACE()
B_SPLINE_SURFACE(3,3,((#18766,#18767,#18768,#18769),(#18770,#18771,#18772,
#18773),(#18774,#18775,#18776,#18777),(#18778,#18779,#18780,#18781)),
 .SURF_OF_REVOLUTION.,.F.,.F.,.F.)
B_SPLINE_SURFACE_WITH_KNOTS((4,4),(4,4),(0.169477374485227,1.),(0.,1.),
 .PIECEWISE_BEZIER_KNOTS.)
GEOMETRIC_REPRESENTATION_ITEM()
RATIONAL_B_SPLINE_SURFACE(((0.886742036534873,0.713594883642925,0.713594883642925,
0.886742036534873),(0.739488085739951,0.595094055268887,0.595094055268887,
0.739488085739951),(0.777240740228326,0.62547504542936,0.62547504542936,
0.777240740228326),(1.,0.804737854124345,0.804737854124345,1.)))
REPRESENTATION_ITEM('')
SURFACE()
);
#36=(
BOUNDED_SURFACE()
B_SPLINE_SURFACE(3,3,((#18963,#18964,#18965,#18966),(#18967,#18968,#18969,
#18970),(#18971,#18972,#18973,#18974),(#18975,#18976,#18977,#18978)),
 .SURF_OF_REVOLUTION.,.F.,.F.,.F.)
B_SPLINE_SURFACE_WITH_KNOTS((4,4),(4,4),(0.169477374486343,1.),(0.,1.),
 .PIECEWISE_BEZIER_KNOTS.)
GEOMETRIC_REPRESENTATION_ITEM()
RATIONAL_B_SPLINE_SURFACE(((0.886742036534286,0.713594883641408,0.713594883641408,
0.886742036534286),(0.73948808574007,0.595094055268112,0.595094055268112,
0.73948808574007),(0.777240740228641,0.625475045428698,0.625475045428698,
0.777240740228641),(1.,0.804737854123166,0.804737854123166,1.)))
REPRESENTATION_ITEM('')
SURFACE()
);
#37=(
BOUNDED_SURFACE()
B_SPLINE_SURFACE(3,3,((#19002,#19003,#19004,#19005),(#19006,#19007,#19008,
#19009),(#19010,#19011,#19012,#19013),(#19014,#19015,#19016,#19017)),
 .SURF_OF_REVOLUTION.,.F.,.F.,.F.)
B_SPLINE_SURFACE_WITH_KNOTS((4,4),(4,4),(0.169477374486353,1.),(0.,1.),
 .PIECEWISE_BEZIER_KNOTS.)
GEOMETRIC_REPRESENTATION_ITEM()
RATIONAL_B_SPLINE_SURFACE(((0.886742036534288,0.713594883642472,0.713594883642472,
0.886742036534288),(0.739488085740086,0.595094055269011,0.595094055269011,
0.739488085740086),(0.777240740228657,0.625475045429642,0.625475045429642,
0.777240740228657),(1.,0.804737854124365,0.804737854124365,1.)))
REPRESENTATION_ITEM('')
SURFACE()
);
#38=(
BOUNDED_SURFACE()
B_SPLINE_SURFACE(3,3,((#19097,#19098,#19099,#19100),(#19101,#19102,#19103,
#19104),(#19105,#19106,#19107,#19108),(#19109,#19110,#19111,#19112)),
 .TOROIDAL_SURF.,.F.,.F.,.F.)
B_SPLINE_SURFACE_WITH_KNOTS((4,4),(4,4),(0.152524684768699,0.847475315228533),
(0.,1.),.PIECEWISE_BEZIER_KNOTS.)
GEOMETRIC_REPRESENTATION_ITEM()
RATIONAL_B_SPLINE_SURFACE(((0.864466469332609,0.695668891414742,0.695668891414742,
0.864466469332609),(0.695668891493748,0.559831090858625,0.559831090858625,
0.695668891493748),(0.695668891493076,0.559831090858084,0.559831090858084,
0.695668891493076),(0.864466469330592,0.695668891413119,0.695668891413119,
0.864466469330592)))
REPRESENTATION_ITEM('')
SURFACE()
);
#39=(
BOUNDED_SURFACE()
B_SPLINE_SURFACE(3,3,((#19354,#19355,#19356,#19357),(#19358,#19359,#19360,
#19361),(#19362,#19363,#19364,#19365),(#19366,#19367,#19368,#19369)),
 .TOROIDAL_SURF.,.F.,.F.,.F.)
B_SPLINE_SURFACE_WITH_KNOTS((4,4),(4,4),(0.152524684766324,0.847475315225823),
(0.,1.),.PIECEWISE_BEZIER_KNOTS.)
GEOMETRIC_REPRESENTATION_ITEM()
RATIONAL_B_SPLINE_SURFACE(((0.864466469334011,0.808325299134288,0.808325299134288,
0.864466469334011),(0.695668891493669,0.650489966659155,0.650489966659155,
0.695668891493669),(0.695668891491761,0.650489966657371,0.650489966657371,
0.695668891491761),(0.864466469328289,0.808325299128937,0.808325299128937,
0.864466469328289)))
REPRESENTATION_ITEM('')
SURFACE()
);
#40=(
BOUNDED_SURFACE()
B_SPLINE_SURFACE(3,3,((#19853,#19854,#19855,#19856),(#19857,#19858,#19859,
#19860),(#19861,#19862,#19863,#19864),(#19865,#19866,#19867,#19868)),
 .TOROIDAL_SURF.,.F.,.F.,.F.)
B_SPLINE_SURFACE_WITH_KNOTS((4,4),(4,4),(0.152524684735211,0.847475315233172),
(0.,1.),.PIECEWISE_BEZIER_KNOTS.)
GEOMETRIC_REPRESENTATION_ITEM()
RATIONAL_B_SPLINE_SURFACE(((0.864466469357834,0.851049281182985,0.851049281182985,
0.864466469357834),(0.69566889149447,0.684871572274555,0.684871572274555,
0.69566889149447),(0.695668891486791,0.684871572266995,0.684871572266995,
0.695668891486791),(0.864466469334796,0.851049281160304,0.851049281160304,
0.864466469334796)))
REPRESENTATION_ITEM('')
SURFACE()
);
#41=(
BOUNDED_SURFACE()
B_SPLINE_SURFACE(3,3,((#20291,#20292,#20293,#20294),(#20295,#20296,#20297,
#20298),(#20299,#20300,#20301,#20302),(#20303,#20304,#20305,#20306)),
 .SURF_OF_REVOLUTION.,.F.,.F.,.F.)
B_SPLINE_SURFACE_WITH_KNOTS((4,4),(4,4),(0.169477374486351,1.),(0.,1.),
 .PIECEWISE_BEZIER_KNOTS.)
GEOMETRIC_REPRESENTATION_ITEM()
RATIONAL_B_SPLINE_SURFACE(((0.886742036534282,0.713594883641748,0.713594883641748,
0.886742036534282),(0.73948808574007,0.595094055268399,0.595094055268399,
0.73948808574007),(0.777240740228643,0.625475045429,0.625475045429,0.777240740228643),
(1.,0.804737854123553,0.804737854123553,1.)))
REPRESENTATION_ITEM('')
SURFACE()
);
#42=(
BOUNDED_SURFACE()
B_SPLINE_SURFACE(3,3,((#20472,#20473,#20474,#20475),(#20476,#20477,#20478,
#20479),(#20480,#20481,#20482,#20483),(#20484,#20485,#20486,#20487)),
 .TOROIDAL_SURF.,.F.,.F.,.F.)
B_SPLINE_SURFACE_WITH_KNOTS((4,4),(4,4),(0.152524684761107,0.847475315178526),
(0.,1.),.PIECEWISE_BEZIER_KNOTS.)
GEOMETRIC_REPRESENTATION_ITEM()
RATIONAL_B_SPLINE_SURFACE(((0.864466469325495,0.695668891487469,0.695668891487469,
0.864466469325495),(0.6956688914775,0.559831090908682,0.559831090908682,
0.6956688914775),(0.695668891462837,0.559831090896883,0.559831090896883,
0.695668891462837),(0.864466469281508,0.695668891452071,0.695668891452071,
0.864466469281508)))
REPRESENTATION_ITEM('')
SURFACE()
);
#43=(
BOUNDED_SURFACE()
B_SPLINE_SURFACE(3,3,((#20493,#20494,#20495,#20496),(#20497,#20498,#20499,
#20500),(#20501,#20502,#20503,#20504),(#20505,#20506,#20507,#20508)),
 .TOROIDAL_SURF.,.F.,.F.,.F.)
B_SPLINE_SURFACE_WITH_KNOTS((4,4),(4,4),(0.152524684764432,0.847475315223843),
(0.,1.),.PIECEWISE_BEZIER_KNOTS.)
GEOMETRIC_REPRESENTATION_ITEM()
RATIONAL_B_SPLINE_SURFACE(((0.864466469335361,0.851049281163173,0.851049281163173,
0.864466469335361),(0.695668891494084,0.684871572276035,0.684871572276035,
0.695668891494084),(0.695668891491236,0.684871572273231,0.684871572273231,
0.695668891491236),(0.864466469326817,0.851049281154761,0.851049281154761,
0.864466469326817)))
REPRESENTATION_ITEM('')
SURFACE()
);
#44=(
BOUNDED_SURFACE()
B_SPLINE_SURFACE(3,3,((#21034,#21035,#21036,#21037),(#21038,#21039,#21040,
#21041),(#21042,#21043,#21044,#21045),(#21046,#21047,#21048,#21049)),
 .TOROIDAL_SURF.,.F.,.F.,.F.)
B_SPLINE_SURFACE_WITH_KNOTS((4,4),(4,4),(0.15252468476699,0.84747531523296),
(0.,1.),.PIECEWISE_BEZIER_KNOTS.)
GEOMETRIC_REPRESENTATION_ITEM()
RATIONAL_B_SPLINE_SURFACE(((0.864466469335133,0.695668891472807,0.695668891472807,
0.864466469335133),(0.695668891495544,0.559831090905162,0.559831090905162,
0.695668891495544),(0.695668891495532,0.559831090905153,0.559831090905153,
0.695668891495532),(0.864466469335097,0.695668891472777,0.695668891472777,
0.864466469335097)))
REPRESENTATION_ITEM('')
SURFACE()
);
#45=(
BOUNDED_SURFACE()
B_SPLINE_SURFACE(3,3,((#21245,#21246,#21247,#21248),(#21249,#21250,#21251,
#21252),(#21253,#21254,#21255,#21256),(#21257,#21258,#21259,#21260)),
 .TOROIDAL_SURF.,.F.,.F.,.F.)
B_SPLINE_SURFACE_WITH_KNOTS((4,4),(4,4),(0.152524684766255,0.847475315230152),
(0.,1.),.PIECEWISE_BEZIER_KNOTS.)
GEOMETRIC_REPRESENTATION_ITEM()
RATIONAL_B_SPLINE_SURFACE(((0.864466469333883,0.851049281161747,0.851049281161747,
0.864466469333883),(0.695668891492216,0.68487157227422,0.68487157227422,
0.695668891492216),(0.695668891491344,0.684871572273361,0.684871572273361,
0.695668891491344),(0.864466469331264,0.85104928115917,0.85104928115917,
0.864466469331264)))
REPRESENTATION_ITEM('')
SURFACE()
);
#46=(
BOUNDED_SURFACE()
B_SPLINE_SURFACE(3,3,((#21291,#21292,#21293,#21294),(#21295,#21296,#21297,
#21298),(#21299,#21300,#21301,#21302),(#21303,#21304,#21305,#21306)),
 .TOROIDAL_SURF.,.F.,.F.,.F.)
B_SPLINE_SURFACE_WITH_KNOTS((4,4),(4,4),(0.152524684766781,0.847475315244069),
(0.,1.),.PIECEWISE_BEZIER_KNOTS.)
GEOMETRIC_REPRESENTATION_ITEM()
RATIONAL_B_SPLINE_SURFACE(((0.864466469334618,0.851049281162398,0.851049281162398,
0.864466469334618),(0.695668891491348,0.684871572273306,0.684871572273306,
0.695668891491348),(0.695668891493983,0.684871572275901,0.684871572275901,
0.695668891493983),(0.864466469342524,0.851049281170181,0.851049281170181,
0.864466469342524)))
REPRESENTATION_ITEM('')
SURFACE()
);
#47=(
BOUNDED_SURFACE()
B_SPLINE_SURFACE(3,3,((#21392,#21393,#21394,#21395),(#21396,#21397,#21398,
#21399),(#21400,#21401,#21402,#21403),(#21404,#21405,#21406,#21407)),
 .TOROIDAL_SURF.,.F.,.F.,.F.)
B_SPLINE_SURFACE_WITH_KNOTS((4,4),(4,4),(0.152524684766454,0.847475315233996),
(0.,1.),.PIECEWISE_BEZIER_KNOTS.)
GEOMETRIC_REPRESENTATION_ITEM()
RATIONAL_B_SPLINE_SURFACE(((0.864466469334197,0.80832529913458,0.80832529913458,
0.864466469334197),(0.695668891492313,0.650489966657982,0.650489966657982,
0.695668891492313),(0.695668891492422,0.650489966658084,0.650489966658084,
0.695668891492422),(0.864466469334524,0.808325299134886,0.808325299134886,
0.864466469334524)))
REPRESENTATION_ITEM('')
SURFACE()
);
#48=(
BOUNDED_SURFACE()
B_SPLINE_SURFACE(3,3,((#21463,#21464,#21465,#21466),(#21467,#21468,#21469,
#21470),(#21471,#21472,#21473,#21474),(#21475,#21476,#21477,#21478)),
 .TOROIDAL_SURF.,.F.,.F.,.F.)
B_SPLINE_SURFACE_WITH_KNOTS((4,4),(4,4),(0.152524684768385,0.847475315229317),
(0.,1.),.PIECEWISE_BEZIER_KNOTS.)
GEOMETRIC_REPRESENTATION_ITEM()
RATIONAL_B_SPLINE_SURFACE(((0.864466469332867,0.808325299133217,0.808325299133217,
0.864466469332867),(0.695668891493623,0.650489966659112,0.650489966659112,
0.695668891493623),(0.695668891493065,0.65048996665859,0.65048996665859,
0.695668891493065),(0.864466469331193,0.808325299131653,0.808325299131653,
0.864466469331193)))
REPRESENTATION_ITEM('')
SURFACE()
);
#49=B_SPLINE_SURFACE_WITH_KNOTS('',3,3,((#18544,#18545,#18546,#18547),(#18548,
#18549,#18550,#18551),(#18552,#18553,#18554,#18555),(#18556,#18557,#18558,
#18559)),.UNSPECIFIED.,.F.,.F.,.F.,(4,4),(4,4),(0.148318377050459,0.847475315233005),
(0.,1.),.UNSPECIFIED.);
#50=ELLIPSE('',#14339,0.0794507864532776,0.05);
#51=ELLIPSE('',#14363,0.576281181369286,0.45);
#52=ELLIPSE('',#14364,0.576281181369286,0.45);
#53=ELLIPSE('',#14376,0.212132034355715,0.15);
#54=ELLIPSE('',#14378,0.579041804650858,0.45);
#55=ELLIPSE('',#14379,0.579041804650858,0.45);
#56=ELLIPSE('',#14539,0.579041804650587,0.45);
#57=ELLIPSE('',#14541,0.576281181369286,0.45);
#58=ELLIPSE('',#14566,0.0794507864534141,0.05);
#59=ELLIPSE('',#14569,0.424264068711928,0.3);
#60=ELLIPSE('',#14631,0.212132034355964,0.15);
#61=ELLIPSE('',#14648,0.0917809042517381,0.05);
#62=ELLIPSE('',#14666,0.212132034356477,0.15);
#63=ELLIPSE('',#14697,0.14142135623731,0.1);
#64=ELLIPSE('',#14711,0.0917809042517407,0.05);
#65=ELLIPSE('',#14730,0.0794507864532773,0.05);
#66=ELLIPSE('',#14758,0.212132034355964,0.15);
#67=ELLIPSE('',#14786,0.212132034355964,0.15);
#68=ELLIPSE('',#14787,0.212132034355964,0.15);
#69=ELLIPSE('',#14817,0.18750000000006,0.15);
#70=ELLIPSE('',#14818,0.0917809042517284,0.05);
#71=ELLIPSE('',#14819,0.0917809042517319,0.05);
#72=ELLIPSE('',#14820,0.18750000000006,0.15);
#73=ELLIPSE('',#14851,0.18750000000005,0.15);
#74=ELLIPSE('',#14854,0.0794507864534914,0.05);
#75=ELLIPSE('',#14873,0.212132034355964,0.15);
#76=ELLIPSE('',#14882,0.212132034355964,0.15);
#77=ELLIPSE('',#14909,0.576281181369286,0.45);
#78=ELLIPSE('',#14916,0.424264068711928,0.3);
#79=ELLIPSE('',#15016,0.212132034355964,0.15);
#80=ELLIPSE('',#15054,0.579041804650587,0.45);
#81=ELLIPSE('',#15066,0.18750000000005,0.15);
#82=ELLIPSE('',#15098,0.212132034355964,0.15);
#83=ELLIPSE('',#15106,0.212132034356748,0.15);
#84=ELLIPSE('',#15108,0.212132034355964,0.15);
#85=ELLIPSE('',#15109,0.212132034355964,0.15);
#86=ELLIPSE('',#15115,0.424264068711928,0.3);
#87=ELLIPSE('',#15137,0.212132034355964,0.15);
#88=ELLIPSE('',#15139,0.212132034355964,0.15);
#89=ELLIPSE('',#15143,0.212132034356554,0.15);
#90=ELLIPSE('',#15150,0.14142135623731,0.1);
#91=ELLIPSE('',#15155,0.212132034355964,0.15);
#92=ELLIPSE('',#15180,0.424264068711928,0.3);
#93=ELLIPSE('',#15185,0.212132034355964,0.15);
#94=B_SPLINE_CURVE_WITH_KNOTS('',3,(#18234,#18235,#18236,#18237),
 .UNSPECIFIED.,.F.,.F.,(4,4),(7.23552636185986E-16,0.000288853197754688),
 .UNSPECIFIED.);
#95=B_SPLINE_CURVE_WITH_KNOTS('',3,(#18444,#18445,#18446,#18447),
 .UNSPECIFIED.,.F.,.F.,(4,4),(0.,1.),.UNSPECIFIED.);
#96=B_SPLINE_CURVE_WITH_KNOTS('',3,(#18563,#18564,#18565,#18566),
 .UNSPECIFIED.,.F.,.F.,(4,4),(0.,1.),.UNSPECIFIED.);
#97=B_SPLINE_CURVE_WITH_KNOTS('',3,(#18623,#18624,#18625,#18626),
 .UNSPECIFIED.,.F.,.F.,(4,4),(0.,1.),.UNSPECIFIED.);
#98=B_SPLINE_CURVE_WITH_KNOTS('',3,(#18792,#18793,#18794,#18795),
 .UNSPECIFIED.,.F.,.F.,(4,4),(2.07841415072339E-16,4.85139493604999E-5),
 .UNSPECIFIED.);
#99=B_SPLINE_CURVE_WITH_KNOTS('',3,(#19660,#19661,#19662,#19663),
 .UNSPECIFIED.,.F.,.F.,(4,4),(4.94413785324775E-15,5.43805532316041E-5),
 .UNSPECIFIED.);
#100=B_SPLINE_CURVE_WITH_KNOTS('',3,(#19667,#19668,#19669,#19670),
 .UNSPECIFIED.,.F.,.F.,(4,4),(0.,1.),.UNSPECIFIED.);
#101=B_SPLINE_CURVE_WITH_KNOTS('',3,(#19876,#19877,#19878,#19879),
 .UNSPECIFIED.,.F.,.F.,(4,4),(0.,1.),.UNSPECIFIED.);
#102=B_SPLINE_CURVE_WITH_KNOTS('',3,(#20326,#20327,#20328,#20329),
 .UNSPECIFIED.,.F.,.F.,(4,4),(0.,7.58655677979381E-5),.UNSPECIFIED.);
#103=B_SPLINE_CURVE_WITH_KNOTS('',3,(#20542,#20543,#20544,#20545),
 .UNSPECIFIED.,.F.,.F.,(4,4),(0.,1.),.UNSPECIFIED.);
#104=B_SPLINE_CURVE_WITH_KNOTS('',3,(#20642,#20643,#20644,#20645),
 .UNSPECIFIED.,.F.,.F.,(4,4),(0.,0.000287537715784849),.UNSPECIFIED.);
#105=B_SPLINE_CURVE_WITH_KNOTS('',3,(#20886,#20887,#20888,#20889),
 .UNSPECIFIED.,.F.,.F.,(4,4),(0.,1.),.UNSPECIFIED.);
#106=B_SPLINE_CURVE_WITH_KNOTS('',3,(#21169,#21170,#21171,#21172),
 .UNSPECIFIED.,.F.,.F.,(4,4),(2.06189015854408E-15,0.000234700690771473),
 .UNSPECIFIED.);
#107=B_SPLINE_CURVE_WITH_KNOTS('',3,(#21239,#21240,#21241,#21242),
 .UNSPECIFIED.,.F.,.F.,(4,4),(4.55629685535756E-15,7.58659594711779E-5),
 .UNSPECIFIED.);
#108=B_SPLINE_CURVE_WITH_KNOTS('',3,(#21265,#21266,#21267,#21268),
 .UNSPECIFIED.,.F.,.F.,(4,4),(0.,0.0002346620753644),.UNSPECIFIED.);
#109=B_SPLINE_CURVE_WITH_KNOTS('',3,(#21340,#21341,#21342,#21343),
 .UNSPECIFIED.,.F.,.F.,(4,4),(3.44274277299273E-15,4.85139493594153E-5),
 .UNSPECIFIED.);
#110=B_SPLINE_CURVE_WITH_KNOTS('',3,(#21418,#21419,#21420,#21421),
 .UNSPECIFIED.,.F.,.F.,(4,4),(0.,1.),.UNSPECIFIED.);
#111=B_SPLINE_CURVE_WITH_KNOTS('',3,(#21422,#21423,#21424,#21425),
 .UNSPECIFIED.,.F.,.F.,(4,4),(2.58044836515729E-9,5.45429370528264E-5),
 .UNSPECIFIED.);
#112=B_SPLINE_CURVE_WITH_KNOTS('',3,(#21484,#21485,#21486,#21487),
 .UNSPECIFIED.,.F.,.F.,(4,4),(5.76800751782891E-15,5.20032736596912E-5),
 .UNSPECIFIED.);
#113=B_SPLINE_CURVE_WITH_KNOTS('',3,(#21491,#21492,#21493,#21494),
 .UNSPECIFIED.,.F.,.F.,(4,4),(0.,5.45275280079798E-5),.UNSPECIFIED.);
#114=B_SPLINE_CURVE_WITH_KNOTS('',3,(#21532,#21533,#21534,#21535),
 .UNSPECIFIED.,.F.,.F.,(4,4),(3.00138557891065E-15,5.20032736553142E-5),
 .UNSPECIFIED.);
#115=B_SPLINE_CURVE_WITH_KNOTS('',3,(#21537,#21538,#21539,#21540),
 .UNSPECIFIED.,.F.,.F.,(4,4),(1.51342376290619E-13,5.45275520968489E-5),
 .UNSPECIFIED.);
#116=CONICAL_SURFACE('',#14314,1.,0.7853981634);
#117=CONICAL_SURFACE('',#14344,0.2,0.7853981634);
#118=CONICAL_SURFACE('',#14421,0.82,0.7853981634);
#119=CONICAL_SURFACE('',#14593,1.,0.7853981634);
#120=CONICAL_SURFACE('',#14600,0.82,0.7853981634);
#121=CONICAL_SURFACE('',#14613,0.2,0.7853981634);
#122=CONICAL_SURFACE('',#14667,0.2,0.7853981634);
#123=CONICAL_SURFACE('',#14736,0.82,0.7853981634);
#124=CONICAL_SURFACE('',#14806,1.,0.7853981634);
#125=CONICAL_SURFACE('',#14825,1.,0.7853981634);
#126=CONICAL_SURFACE('',#14948,0.82,0.7853981634);
#127=CONICAL_SURFACE('',#15003,0.2,0.7853981634);
#128=CONICAL_SURFACE('',#15092,1.,0.7853981634);
#129=CONICAL_SURFACE('',#15117,1.,0.7853981634);
#130=CONICAL_SURFACE('',#15119,1.,0.7853981634);
#131=CONICAL_SURFACE('',#15193,1.,0.7853981634);
#132=CYLINDRICAL_SURFACE('',#14311,0.14);
#133=CYLINDRICAL_SURFACE('',#14319,0.25);
#134=CYLINDRICAL_SURFACE('',#14322,0.05);
#135=CYLINDRICAL_SURFACE('',#14325,0.4);
#136=CYLINDRICAL_SURFACE('',#14333,0.3);
#137=CYLINDRICAL_SURFACE('',#14341,0.15);
#138=CYLINDRICAL_SURFACE('',#14358,0.05);
#139=CYLINDRICAL_SURFACE('',#14365,0.05);
#140=CYLINDRICAL_SURFACE('',#14368,0.15);
#141=CYLINDRICAL_SURFACE('',#14370,0.15);
#142=CYLINDRICAL_SURFACE('',#14373,0.15);
#143=CYLINDRICAL_SURFACE('',#14384,0.2);
#144=CYLINDRICAL_SURFACE('',#14393,0.2);
#145=CYLINDRICAL_SURFACE('',#14403,0.1);
#146=CYLINDRICAL_SURFACE('',#14427,0.4);
#147=CYLINDRICAL_SURFACE('',#14449,0.14);
#148=CYLINDRICAL_SURFACE('',#14457,0.4);
#149=CYLINDRICAL_SURFACE('',#14460,0.15);
#150=CYLINDRICAL_SURFACE('',#14465,0.2);
#151=CYLINDRICAL_SURFACE('',#14473,0.05);
#152=CYLINDRICAL_SURFACE('',#14487,0.4);
#153=CYLINDRICAL_SURFACE('',#14492,0.97);
#154=CYLINDRICAL_SURFACE('',#14520,0.05);
#155=CYLINDRICAL_SURFACE('',#14538,0.45);
#156=CYLINDRICAL_SURFACE('',#14548,0.05);
#157=CYLINDRICAL_SURFACE('',#14549,0.15);
#158=CYLINDRICAL_SURFACE('',#14553,0.15);
#159=CYLINDRICAL_SURFACE('',#14556,0.15);
#160=CYLINDRICAL_SURFACE('',#14559,0.4);
#161=CYLINDRICAL_SURFACE('',#14568,0.3);
#162=CYLINDRICAL_SURFACE('',#14576,0.2);
#163=CYLINDRICAL_SURFACE('',#14580,1.);
#164=CYLINDRICAL_SURFACE('',#14586,0.15);
#165=CYLINDRICAL_SURFACE('',#14591,0.15);
#166=CYLINDRICAL_SURFACE('',#14615,0.2);
#167=CYLINDRICAL_SURFACE('',#14619,0.15);
#168=CYLINDRICAL_SURFACE('',#14623,0.15);
#169=CYLINDRICAL_SURFACE('',#14647,0.05);
#170=CYLINDRICAL_SURFACE('',#14655,0.2);
#171=CYLINDRICAL_SURFACE('',#14658,0.05);
#172=CYLINDRICAL_SURFACE('',#14665,0.15);
#173=CYLINDRICAL_SURFACE('',#14673,0.15);
#174=CYLINDRICAL_SURFACE('',#14689,0.15);
#175=CYLINDRICAL_SURFACE('',#14698,0.15);
#176=CYLINDRICAL_SURFACE('',#14702,0.05);
#177=CYLINDRICAL_SURFACE('',#14710,0.05);
#178=CYLINDRICAL_SURFACE('',#14713,0.14);
#179=CYLINDRICAL_SURFACE('',#14716,0.15);
#180=CYLINDRICAL_SURFACE('',#14719,0.2);
#181=CYLINDRICAL_SURFACE('',#14722,0.4);
#182=CYLINDRICAL_SURFACE('',#14724,0.3);
#183=CYLINDRICAL_SURFACE('',#14728,0.05);
#184=CYLINDRICAL_SURFACE('',#14741,0.4);
#185=CYLINDRICAL_SURFACE('',#14743,0.15);
#186=CYLINDRICAL_SURFACE('',#14746,0.15);
#187=CYLINDRICAL_SURFACE('',#14751,1.);
#188=CYLINDRICAL_SURFACE('',#14753,0.15);
#189=CYLINDRICAL_SURFACE('',#14757,0.15);
#190=CYLINDRICAL_SURFACE('',#14775,0.97);
#191=CYLINDRICAL_SURFACE('',#14788,0.2);
#192=CYLINDRICAL_SURFACE('',#14794,0.15);
#193=CYLINDRICAL_SURFACE('',#14796,0.2);
#194=CYLINDRICAL_SURFACE('',#14810,0.14);
#195=CYLINDRICAL_SURFACE('',#14822,0.45);
#196=CYLINDRICAL_SURFACE('',#14835,0.05);
#197=CYLINDRICAL_SURFACE('',#14840,0.2);
#198=CYLINDRICAL_SURFACE('',#14845,0.25);
#199=CYLINDRICAL_SURFACE('',#14850,0.15);
#200=CYLINDRICAL_SURFACE('',#14865,0.15);
#201=CYLINDRICAL_SURFACE('',#14867,0.25);
#202=CYLINDRICAL_SURFACE('',#14874,0.14);
#203=CYLINDRICAL_SURFACE('',#14877,0.15);
#204=CYLINDRICAL_SURFACE('',#14881,0.15);
#205=CYLINDRICAL_SURFACE('',#14887,0.2);
#206=CYLINDRICAL_SURFACE('',#14893,1.);
#207=CYLINDRICAL_SURFACE('',#14895,0.05);
#208=CYLINDRICAL_SURFACE('',#14899,0.4);
#209=CYLINDRICAL_SURFACE('',#14903,0.15);
#210=CYLINDRICAL_SURFACE('',#14908,0.45);
#211=CYLINDRICAL_SURFACE('',#14911,0.2);
#212=CYLINDRICAL_SURFACE('',#14915,0.3);
#213=CYLINDRICAL_SURFACE('',#14917,0.15);
#214=CYLINDRICAL_SURFACE('',#14918,0.2);
#215=CYLINDRICAL_SURFACE('',#14920,0.3);
#216=CYLINDRICAL_SURFACE('',#14925,0.25);
#217=CYLINDRICAL_SURFACE('',#14929,0.2);
#218=CYLINDRICAL_SURFACE('',#14941,1.);
#219=CYLINDRICAL_SURFACE('',#14943,0.3);
#220=CYLINDRICAL_SURFACE('',#14957,0.2);
#221=CYLINDRICAL_SURFACE('',#14965,0.05);
#222=CYLINDRICAL_SURFACE('',#14970,0.3);
#223=CYLINDRICAL_SURFACE('',#14974,0.05);
#224=CYLINDRICAL_SURFACE('',#14975,0.4);
#225=CYLINDRICAL_SURFACE('',#14979,0.4);
#226=CYLINDRICAL_SURFACE('',#14980,0.25);
#227=CYLINDRICAL_SURFACE('',#14991,0.15);
#228=CYLINDRICAL_SURFACE('',#14994,0.15);
#229=CYLINDRICAL_SURFACE('',#14997,0.3);
#230=CYLINDRICAL_SURFACE('',#15000,0.97);
#231=CYLINDRICAL_SURFACE('',#15001,0.15);
#232=CYLINDRICAL_SURFACE('',#15005,0.14);
#233=CYLINDRICAL_SURFACE('',#15008,0.25);
#234=CYLINDRICAL_SURFACE('',#15009,1.2);
#235=CYLINDRICAL_SURFACE('',#15013,0.4);
#236=CYLINDRICAL_SURFACE('',#15015,0.15);
#237=CYLINDRICAL_SURFACE('',#15024,0.05);
#238=CYLINDRICAL_SURFACE('',#15025,0.2);
#239=CYLINDRICAL_SURFACE('',#15035,0.4);
#240=CYLINDRICAL_SURFACE('',#15039,0.4);
#241=CYLINDRICAL_SURFACE('',#15040,0.05);
#242=CYLINDRICAL_SURFACE('',#15045,1.2);
#243=CYLINDRICAL_SURFACE('',#15046,0.15);
#244=CYLINDRICAL_SURFACE('',#15047,0.15);
#245=CYLINDRICAL_SURFACE('',#15061,0.4);
#246=CYLINDRICAL_SURFACE('',#15065,0.15);
#247=CYLINDRICAL_SURFACE('',#15067,0.15);
#248=CYLINDRICAL_SURFACE('',#15069,0.05);
#249=CYLINDRICAL_SURFACE('',#15070,0.2);
#250=CYLINDRICAL_SURFACE('',#15079,0.14);
#251=CYLINDRICAL_SURFACE('',#15080,0.15);
#252=CYLINDRICAL_SURFACE('',#15081,0.4);
#253=CYLINDRICAL_SURFACE('',#15087,0.14);
#254=CYLINDRICAL_SURFACE('',#15090,0.15);
#255=CYLINDRICAL_SURFACE('',#15093,0.15);
#256=CYLINDRICAL_SURFACE('',#15099,0.15);
#257=CYLINDRICAL_SURFACE('',#15100,0.05);
#258=CYLINDRICAL_SURFACE('',#15107,0.15);
#259=CYLINDRICAL_SURFACE('',#15110,0.15);
#260=CYLINDRICAL_SURFACE('',#15114,0.3);
#261=CYLINDRICAL_SURFACE('',#15118,0.97);
#262=CYLINDRICAL_SURFACE('',#15121,0.2);
#263=CYLINDRICAL_SURFACE('',#15122,0.45);
#264=CYLINDRICAL_SURFACE('',#15132,0.05);
#265=CYLINDRICAL_SURFACE('',#15134,0.2);
#266=CYLINDRICAL_SURFACE('',#15135,0.15);
#267=CYLINDRICAL_SURFACE('',#15138,0.15);
#268=CYLINDRICAL_SURFACE('',#15142,0.15);
#269=CYLINDRICAL_SURFACE('',#15146,0.15);
#270=CYLINDRICAL_SURFACE('',#15148,0.4);
#271=CYLINDRICAL_SURFACE('',#15151,0.1);
#272=CYLINDRICAL_SURFACE('',#15152,1.2);
#273=CYLINDRICAL_SURFACE('',#15154,0.15);
#274=CYLINDRICAL_SURFACE('',#15164,0.2);
#275=CYLINDRICAL_SURFACE('',#15166,0.15);
#276=CYLINDRICAL_SURFACE('',#15167,0.15);
#277=CYLINDRICAL_SURFACE('',#15169,0.2);
#278=CYLINDRICAL_SURFACE('',#15175,0.15);
#279=CYLINDRICAL_SURFACE('',#15177,0.1);
#280=CYLINDRICAL_SURFACE('',#15179,0.3);
#281=CYLINDRICAL_SURFACE('',#15182,0.1);
#282=CYLINDRICAL_SURFACE('',#15183,1.2);
#283=CYLINDRICAL_SURFACE('',#15184,0.15);
#284=CYLINDRICAL_SURFACE('',#15189,0.2);
#285=CYLINDRICAL_SURFACE('',#15195,0.15);
#286=CYLINDRICAL_SURFACE('',#15197,0.05);
#287=CYLINDRICAL_SURFACE('',#15199,0.05);
#288=CIRCLE('',#14309,0.05);
#289=CIRCLE('',#14312,0.14);
#290=CIRCLE('',#14313,0.14);
#291=CIRCLE('',#14315,1.);
#292=CIRCLE('',#14316,1.05);
#293=CIRCLE('',#14317,1.05);
#294=CIRCLE('',#14318,1.05);
#295=CIRCLE('',#14320,0.25);
#296=CIRCLE('',#14321,0.25);
#297=CIRCLE('',#14323,0.05);
#298=CIRCLE('',#14324,0.05);
#299=CIRCLE('',#14326,0.4);
#300=CIRCLE('',#14327,0.4);
#301=CIRCLE('',#14329,0.4);
#302=CIRCLE('',#14330,0.4);
#303=CIRCLE('',#14334,0.3);
#304=CIRCLE('',#14335,0.3);
#305=CIRCLE('',#14338,0.45);
#306=CIRCLE('',#14342,0.15);
#307=CIRCLE('',#14343,0.15);
#308=CIRCLE('',#14345,0.25);
#309=CIRCLE('',#14346,0.2);
#310=CIRCLE('',#14348,0.14);
#311=CIRCLE('',#14349,0.15);
#312=CIRCLE('',#14350,0.15);
#313=CIRCLE('',#14351,0.14);
#314=CIRCLE('',#14352,0.14);
#315=CIRCLE('',#14353,0.15);
#316=CIRCLE('',#14354,0.15);
#317=CIRCLE('',#14355,0.14);
#318=CIRCLE('',#14356,0.15);
#319=CIRCLE('',#14357,0.15);
#320=CIRCLE('',#14359,0.05);
#321=CIRCLE('',#14360,0.05);
#322=CIRCLE('',#14366,0.05);
#323=CIRCLE('',#14367,0.05);
#324=CIRCLE('',#14369,0.15);
#325=CIRCLE('',#14371,0.15);
#326=CIRCLE('',#14372,0.15);
#327=CIRCLE('',#14374,0.15);
#328=CIRCLE('',#14375,0.15);
#329=CIRCLE('',#14381,0.05);
#330=CIRCLE('',#14382,0.2);
#331=CIRCLE('',#14385,0.2);
#332=CIRCLE('',#14386,0.2);
#333=CIRCLE('',#14389,0.15);
#334=CIRCLE('',#14390,0.15);
#335=CIRCLE('',#14392,0.2);
#336=CIRCLE('',#14394,0.2);
#337=CIRCLE('',#14395,0.2);
#338=CIRCLE('',#14397,0.05);
#339=CIRCLE('',#14398,0.05);
#340=CIRCLE('',#14399,0.2);
#341=CIRCLE('',#14402,0.25);
#342=CIRCLE('',#14404,0.1);
#343=CIRCLE('',#14405,0.1);
#344=CIRCLE('',#14408,0.15);
#345=CIRCLE('',#14409,0.15);
#346=CIRCLE('',#14410,0.15);
#347=CIRCLE('',#14411,0.15);
#348=CIRCLE('',#14412,0.3);
#349=CIRCLE('',#14413,0.3);
#350=CIRCLE('',#14414,0.15);
#351=CIRCLE('',#14415,0.15);
#352=CIRCLE('',#14417,0.2);
#353=CIRCLE('',#14419,0.14);
#354=CIRCLE('',#14420,0.15);
#355=CIRCLE('',#14422,0.82);
#356=CIRCLE('',#14423,0.97);
#357=CIRCLE('',#14424,0.05);
#358=CIRCLE('',#14425,0.05);
#359=CIRCLE('',#14426,0.05);
#360=CIRCLE('',#14428,0.4);
#361=CIRCLE('',#14429,0.4);
#362=CIRCLE('',#14433,0.05);
#363=CIRCLE('',#14436,0.15);
#364=CIRCLE('',#14437,0.15);
#365=CIRCLE('',#14438,0.15);
#366=CIRCLE('',#14439,0.15);
#367=CIRCLE('',#14440,0.15);
#368=CIRCLE('',#14441,0.15);
#369=CIRCLE('',#14442,0.15);
#370=CIRCLE('',#14443,0.15);
#371=CIRCLE('',#14444,0.15);
#372=CIRCLE('',#14445,0.15);
#373=CIRCLE('',#14446,0.15);
#374=CIRCLE('',#14447,0.15);
#375=CIRCLE('',#14450,0.14);
#376=CIRCLE('',#14455,0.15);
#377=CIRCLE('',#14456,0.15);
#378=CIRCLE('',#14458,0.4);
#379=CIRCLE('',#14459,0.4);
#380=CIRCLE('',#14462,0.05);
#381=CIRCLE('',#14463,0.05);
#382=CIRCLE('',#14466,0.2);
#383=CIRCLE('',#14467,0.2);
#384=CIRCLE('',#14468,0.2);
#385=CIRCLE('',#14469,0.05);
#386=CIRCLE('',#14470,0.05);
#387=CIRCLE('',#14471,0.05);
#388=CIRCLE('',#14474,0.05);
#389=CIRCLE('',#14477,0.4);
#390=CIRCLE('',#14478,0.4);
#391=CIRCLE('',#14480,0.2);
#392=CIRCLE('',#14481,0.4);
#393=CIRCLE('',#14482,0.2);
#394=CIRCLE('',#14483,0.2);
#395=CIRCLE('',#14485,0.4);
#396=CIRCLE('',#14486,1.2);
#397=CIRCLE('',#14488,0.4);
#398=CIRCLE('',#14490,0.15);
#399=CIRCLE('',#14491,0.2);
#400=CIRCLE('',#14493,0.97);
#401=CIRCLE('',#14494,0.97);
#402=CIRCLE('',#14495,0.97);
#403=CIRCLE('',#14499,0.97);
#404=CIRCLE('',#14501,0.3);
#405=CIRCLE('',#14504,0.05);
#406=CIRCLE('',#14505,0.1);
#407=CIRCLE('',#14506,0.15);
#408=CIRCLE('',#14507,0.2);
#409=CIRCLE('',#14509,0.15);
#410=CIRCLE('',#14510,0.15);
#411=CIRCLE('',#14512,1.2);
#412=CIRCLE('',#14513,1.2);
#413=CIRCLE('',#14514,1.2);
#414=CIRCLE('',#14515,1.1);
#415=CIRCLE('',#14516,1.1);
#416=CIRCLE('',#14517,1.1);
#417=CIRCLE('',#14518,1.1);
#418=CIRCLE('',#14519,1.2);
#419=CIRCLE('',#14521,0.05);
#420=CIRCLE('',#14522,0.05);
#421=CIRCLE('',#14523,0.05);
#422=CIRCLE('',#14527,0.2);
#423=CIRCLE('',#14530,0.05);
#424=CIRCLE('',#14531,0.05);
#425=CIRCLE('',#14534,0.25);
#426=CIRCLE('',#14535,0.4);
#427=CIRCLE('',#14536,1.2);
#428=CIRCLE('',#14537,1.05);
#429=CIRCLE('',#14540,0.45);
#430=CIRCLE('',#14542,0.45);
#431=CIRCLE('',#14550,0.15);
#432=CIRCLE('',#14554,0.15);
#433=CIRCLE('',#14557,0.15);
#434=CIRCLE('',#14560,0.4);
#435=CIRCLE('',#14561,0.4);
#436=CIRCLE('',#14563,0.3);
#437=CIRCLE('',#14567,0.45);
#438=CIRCLE('',#14570,0.3);
#439=CIRCLE('',#14571,0.3);
#440=CIRCLE('',#14577,0.2);
#441=CIRCLE('',#14578,0.2);
#442=CIRCLE('',#14581,1.);
#443=CIRCLE('',#14582,1.);
#444=CIRCLE('',#14584,0.3);
#445=CIRCLE('',#14587,0.15);
#446=CIRCLE('',#14588,0.15);
#447=CIRCLE('',#14592,0.15);
#448=CIRCLE('',#14594,1.);
#449=CIRCLE('',#14595,1.05);
#450=CIRCLE('',#14597,0.2);
#451=CIRCLE('',#14598,0.2);
#452=CIRCLE('',#14601,0.82);
#453=CIRCLE('',#14602,0.97);
#454=CIRCLE('',#14608,0.14);
#455=CIRCLE('',#14609,0.15);
#456=CIRCLE('',#14614,0.2);
#457=CIRCLE('',#14616,0.2);
#458=CIRCLE('',#14617,0.2);
#459=CIRCLE('',#14620,0.15);
#460=CIRCLE('',#14621,0.15);
#461=CIRCLE('',#14624,0.15);
#462=CIRCLE('',#14626,1.2);
#463=CIRCLE('',#14634,0.97);
#464=CIRCLE('',#14638,0.05);
#465=CIRCLE('',#14639,0.15);
#466=CIRCLE('',#14640,0.05);
#467=CIRCLE('',#14642,0.15);
#468=CIRCLE('',#14653,0.05);
#469=CIRCLE('',#14656,0.2);
#470=CIRCLE('',#14659,0.05);
#471=CIRCLE('',#14661,0.2);
#472=CIRCLE('',#14662,0.4);
#473=CIRCLE('',#14663,0.2);
#474=CIRCLE('',#14668,0.25);
#475=CIRCLE('',#14671,0.4);
#476=CIRCLE('',#14672,0.4);
#477=CIRCLE('',#14674,0.15);
#478=CIRCLE('',#14676,0.15);
#479=CIRCLE('',#14677,0.15);
#480=CIRCLE('',#14679,0.15);
#481=CIRCLE('',#14680,0.14);
#482=CIRCLE('',#14682,0.1);
#483=CIRCLE('',#14683,0.3);
#484=CIRCLE('',#14684,0.3);
#485=CIRCLE('',#14685,0.15);
#486=CIRCLE('',#14686,0.15);
#487=CIRCLE('',#14687,0.15);
#488=CIRCLE('',#14688,0.15);
#489=CIRCLE('',#14690,0.15);
#490=CIRCLE('',#14694,0.05);
#491=CIRCLE('',#14699,0.15);
#492=CIRCLE('',#14700,0.15);
#493=CIRCLE('',#14703,0.05);
#494=CIRCLE('',#14707,0.25);
#495=CIRCLE('',#14712,0.05);
#496=CIRCLE('',#14714,0.14);
#497=CIRCLE('',#14717,0.15);
#498=CIRCLE('',#14718,0.15);
#499=CIRCLE('',#14720,0.2);
#500=CIRCLE('',#14723,0.4);
#501=CIRCLE('',#14725,0.3);
#502=CIRCLE('',#14729,0.05);
#503=CIRCLE('',#14737,0.82);
#504=CIRCLE('',#14738,0.05);
#505=CIRCLE('',#14742,0.4);
#506=CIRCLE('',#14744,0.15);
#507=CIRCLE('',#14752,1.);
#508=CIRCLE('',#14754,0.15);
#509=CIRCLE('',#14755,0.15);
#510=CIRCLE('',#14761,0.15);
#511=CIRCLE('',#14762,0.15);
#512=CIRCLE('',#14763,0.15);
#513=CIRCLE('',#14764,0.15);
#514=CIRCLE('',#14766,0.97);
#515=CIRCLE('',#14770,0.2);
#516=CIRCLE('',#14776,0.97);
#517=CIRCLE('',#14777,0.2);
#518=CIRCLE('',#14780,0.3);
#519=CIRCLE('',#14783,0.25);
#520=CIRCLE('',#14784,0.4);
#521=CIRCLE('',#14789,0.2);
#522=CIRCLE('',#14790,0.2);
#523=CIRCLE('',#14795,0.15);
#524=CIRCLE('',#14797,0.2);
#525=CIRCLE('',#14798,0.2);
#526=CIRCLE('',#14799,0.2);
#527=CIRCLE('',#14801,0.25);
#528=CIRCLE('',#14803,1.05);
#529=CIRCLE('',#14804,1.2);
#530=CIRCLE('',#14807,1.);
#531=CIRCLE('',#14809,0.25);
#532=CIRCLE('',#14811,0.14);
#533=CIRCLE('',#14823,0.45);
#534=CIRCLE('',#14826,1.05);
#535=CIRCLE('',#14827,1.05);
#536=CIRCLE('',#14829,0.05);
#537=CIRCLE('',#14832,0.2);
#538=CIRCLE('',#14833,0.4);
#539=CIRCLE('',#14836,0.05);
#540=CIRCLE('',#14839,0.15);
#541=CIRCLE('',#14841,0.2);
#542=CIRCLE('',#14844,0.25);
#543=CIRCLE('',#14846,0.25);
#544=CIRCLE('',#14849,0.3);
#545=CIRCLE('',#14856,0.15);
#546=CIRCLE('',#14859,0.14);
#547=CIRCLE('',#14862,0.2);
#548=CIRCLE('',#14868,0.25);
#549=CIRCLE('',#14875,0.14);
#550=CIRCLE('',#14878,0.15);
#551=CIRCLE('',#14879,0.15);
#552=CIRCLE('',#14885,0.3);
#553=CIRCLE('',#14888,0.2);
#554=CIRCLE('',#14891,1.2);
#555=CIRCLE('',#14894,1.);
#556=CIRCLE('',#14896,0.05);
#557=CIRCLE('',#14897,0.05);
#558=CIRCLE('',#14900,0.4);
#559=CIRCLE('',#14910,0.45);
#560=CIRCLE('',#14912,0.2);
#561=CIRCLE('',#14913,0.2);
#562=CIRCLE('',#14921,0.3);
#563=CIRCLE('',#14926,0.25);
#564=CIRCLE('',#14927,0.25);
#565=CIRCLE('',#14931,0.15);
#566=CIRCLE('',#14936,0.97);
#567=CIRCLE('',#14939,0.05);
#568=CIRCLE('',#14940,0.2);
#569=CIRCLE('',#14942,1.);
#570=CIRCLE('',#14944,0.3);
#571=CIRCLE('',#14949,0.82);
#572=CIRCLE('',#14953,0.3);
#573=CIRCLE('',#14954,0.15);
#574=CIRCLE('',#14958,0.2);
#575=CIRCLE('',#14961,0.15);
#576=CIRCLE('',#14962,0.15);
#577=CIRCLE('',#14966,0.05);
#578=CIRCLE('',#14972,0.4);
#579=CIRCLE('',#14976,0.4);
#580=CIRCLE('',#14981,0.25);
#581=CIRCLE('',#14985,0.45);
#582=CIRCLE('',#14989,0.14);
#583=CIRCLE('',#14992,0.15);
#584=CIRCLE('',#14996,1.2);
#585=CIRCLE('',#14998,0.3);
#586=CIRCLE('',#15002,0.15);
#587=CIRCLE('',#15010,1.2);
#588=CIRCLE('',#15014,0.4);
#589=CIRCLE('',#15020,0.2);
#590=CIRCLE('',#15022,0.2);
#591=CIRCLE('',#15023,0.2);
#592=CIRCLE('',#15026,0.2);
#593=CIRCLE('',#15028,0.1);
#594=CIRCLE('',#15036,0.4);
#595=CIRCLE('',#15037,0.4);
#596=CIRCLE('',#15041,0.05);
#597=CIRCLE('',#15042,0.05);
#598=CIRCLE('',#15048,0.15);
#599=CIRCLE('',#15050,0.15);
#600=CIRCLE('',#15051,0.14);
#601=CIRCLE('',#15052,0.15);
#602=CIRCLE('',#15059,0.2);
#603=CIRCLE('',#15060,0.15);
#604=CIRCLE('',#15071,0.2);
#605=CIRCLE('',#15073,0.15);
#606=CIRCLE('',#15082,0.4);
#607=CIRCLE('',#15085,0.4);
#608=CIRCLE('',#15086,0.2);
#609=CIRCLE('',#15094,0.15);
#610=CIRCLE('',#15102,0.45);
#611=CIRCLE('',#15113,0.05);
#612=CIRCLE('',#15126,0.4);
#613=CIRCLE('',#15128,0.3);
#614=CIRCLE('',#15129,0.1);
#615=CIRCLE('',#15153,1.2);
#616=CIRCLE('',#15165,0.2);
#617=CIRCLE('',#15168,0.15);
#618=CIRCLE('',#15172,0.15);
#619=CIRCLE('',#15176,0.15);
#620=DRAUGHTING_PRE_DEFINED_COLOUR('white');
#621=ORIENTED_EDGE('',*,*,#3727,.F.);
#622=ORIENTED_EDGE('',*,*,#3728,.F.);
#623=ORIENTED_EDGE('',*,*,#3729,.F.);
#624=ORIENTED_EDGE('',*,*,#3730,.F.);
#625=ORIENTED_EDGE('',*,*,#3731,.T.);
#626=ORIENTED_EDGE('',*,*,#3732,.T.);
#627=ORIENTED_EDGE('',*,*,#3733,.T.);
#628=ORIENTED_EDGE('',*,*,#3734,.F.);
#629=ORIENTED_EDGE('',*,*,#3735,.F.);
#630=ORIENTED_EDGE('',*,*,#3736,.F.);
#631=ORIENTED_EDGE('',*,*,#3737,.F.);
#632=ORIENTED_EDGE('',*,*,#3738,.F.);
#633=ORIENTED_EDGE('',*,*,#3730,.T.);
#634=ORIENTED_EDGE('',*,*,#3739,.T.);
#635=ORIENTED_EDGE('',*,*,#3740,.T.);
#636=ORIENTED_EDGE('',*,*,#3741,.T.);
#637=ORIENTED_EDGE('',*,*,#3742,.F.);
#638=ORIENTED_EDGE('',*,*,#3743,.F.);
#639=ORIENTED_EDGE('',*,*,#3744,.T.);
#640=ORIENTED_EDGE('',*,*,#3745,.T.);
#641=ORIENTED_EDGE('',*,*,#3746,.T.);
#642=ORIENTED_EDGE('',*,*,#3747,.F.);
#643=ORIENTED_EDGE('',*,*,#3748,.F.);
#644=ORIENTED_EDGE('',*,*,#3749,.F.);
#645=ORIENTED_EDGE('',*,*,#3750,.F.);
#646=ORIENTED_EDGE('',*,*,#3751,.T.);
#647=ORIENTED_EDGE('',*,*,#3752,.T.);
#648=ORIENTED_EDGE('',*,*,#3753,.F.);
#649=ORIENTED_EDGE('',*,*,#3754,.F.);
#650=ORIENTED_EDGE('',*,*,#3755,.T.);
#651=ORIENTED_EDGE('',*,*,#3756,.T.);
#652=ORIENTED_EDGE('',*,*,#3757,.F.);
#653=ORIENTED_EDGE('',*,*,#3758,.F.);
#654=ORIENTED_EDGE('',*,*,#3759,.F.);
#655=ORIENTED_EDGE('',*,*,#3760,.T.);
#656=ORIENTED_EDGE('',*,*,#3761,.F.);
#657=ORIENTED_EDGE('',*,*,#3762,.F.);
#658=ORIENTED_EDGE('',*,*,#3763,.T.);
#659=ORIENTED_EDGE('',*,*,#3764,.F.);
#660=ORIENTED_EDGE('',*,*,#3765,.F.);
#661=ORIENTED_EDGE('',*,*,#3766,.F.);
#662=ORIENTED_EDGE('',*,*,#3767,.F.);
#663=ORIENTED_EDGE('',*,*,#3768,.T.);
#664=ORIENTED_EDGE('',*,*,#3769,.T.);
#665=ORIENTED_EDGE('',*,*,#3770,.T.);
#666=ORIENTED_EDGE('',*,*,#3771,.F.);
#667=ORIENTED_EDGE('',*,*,#3772,.F.);
#668=ORIENTED_EDGE('',*,*,#3773,.T.);
#669=ORIENTED_EDGE('',*,*,#3774,.T.);
#670=ORIENTED_EDGE('',*,*,#3775,.T.);
#671=ORIENTED_EDGE('',*,*,#3776,.T.);
#672=ORIENTED_EDGE('',*,*,#3777,.F.);
#673=ORIENTED_EDGE('',*,*,#3778,.T.);
#674=ORIENTED_EDGE('',*,*,#3779,.T.);
#675=ORIENTED_EDGE('',*,*,#3780,.F.);
#676=ORIENTED_EDGE('',*,*,#3781,.F.);
#677=ORIENTED_EDGE('',*,*,#3782,.T.);
#678=ORIENTED_EDGE('',*,*,#3783,.T.);
#679=ORIENTED_EDGE('',*,*,#3784,.T.);
#680=ORIENTED_EDGE('',*,*,#3785,.T.);
#681=ORIENTED_EDGE('',*,*,#3786,.F.);
#682=ORIENTED_EDGE('',*,*,#3787,.F.);
#683=ORIENTED_EDGE('',*,*,#3788,.F.);
#684=ORIENTED_EDGE('',*,*,#3789,.F.);
#685=ORIENTED_EDGE('',*,*,#3790,.T.);
#686=ORIENTED_EDGE('',*,*,#3791,.F.);
#687=ORIENTED_EDGE('',*,*,#3792,.F.);
#688=ORIENTED_EDGE('',*,*,#3793,.T.);
#689=ORIENTED_EDGE('',*,*,#3794,.F.);
#690=ORIENTED_EDGE('',*,*,#3795,.F.);
#691=ORIENTED_EDGE('',*,*,#3796,.T.);
#692=ORIENTED_EDGE('',*,*,#3797,.F.);
#693=ORIENTED_EDGE('',*,*,#3798,.T.);
#694=ORIENTED_EDGE('',*,*,#3799,.F.);
#695=ORIENTED_EDGE('',*,*,#3800,.T.);
#696=ORIENTED_EDGE('',*,*,#3801,.F.);
#697=ORIENTED_EDGE('',*,*,#3802,.T.);
#698=ORIENTED_EDGE('',*,*,#3803,.T.);
#699=ORIENTED_EDGE('',*,*,#3804,.T.);
#700=ORIENTED_EDGE('',*,*,#3805,.F.);
#701=ORIENTED_EDGE('',*,*,#3806,.T.);
#702=ORIENTED_EDGE('',*,*,#3807,.F.);
#703=ORIENTED_EDGE('',*,*,#3808,.F.);
#704=ORIENTED_EDGE('',*,*,#3809,.T.);
#705=ORIENTED_EDGE('',*,*,#3810,.T.);
#706=ORIENTED_EDGE('',*,*,#3811,.F.);
#707=ORIENTED_EDGE('',*,*,#3812,.F.);
#708=ORIENTED_EDGE('',*,*,#3813,.F.);
#709=ORIENTED_EDGE('',*,*,#3814,.T.);
#710=ORIENTED_EDGE('',*,*,#3815,.T.);
#711=ORIENTED_EDGE('',*,*,#3733,.F.);
#712=ORIENTED_EDGE('',*,*,#3816,.F.);
#713=ORIENTED_EDGE('',*,*,#3817,.F.);
#714=ORIENTED_EDGE('',*,*,#3818,.F.);
#715=ORIENTED_EDGE('',*,*,#3819,.T.);
#716=ORIENTED_EDGE('',*,*,#3820,.F.);
#717=ORIENTED_EDGE('',*,*,#3821,.F.);
#718=ORIENTED_EDGE('',*,*,#3822,.T.);
#719=ORIENTED_EDGE('',*,*,#3823,.F.);
#720=ORIENTED_EDGE('',*,*,#3824,.T.);
#721=ORIENTED_EDGE('',*,*,#3825,.T.);
#722=ORIENTED_EDGE('',*,*,#3826,.F.);
#723=ORIENTED_EDGE('',*,*,#3827,.T.);
#724=ORIENTED_EDGE('',*,*,#3828,.T.);
#725=ORIENTED_EDGE('',*,*,#3829,.F.);
#726=ORIENTED_EDGE('',*,*,#3830,.T.);
#727=ORIENTED_EDGE('',*,*,#3831,.T.);
#728=ORIENTED_EDGE('',*,*,#3832,.F.);
#729=ORIENTED_EDGE('',*,*,#3833,.F.);
#730=ORIENTED_EDGE('',*,*,#3834,.T.);
#731=ORIENTED_EDGE('',*,*,#3835,.T.);
#732=ORIENTED_EDGE('',*,*,#3836,.F.);
#733=ORIENTED_EDGE('',*,*,#3837,.T.);
#734=ORIENTED_EDGE('',*,*,#3838,.T.);
#735=ORIENTED_EDGE('',*,*,#3839,.T.);
#736=ORIENTED_EDGE('',*,*,#3840,.F.);
#737=ORIENTED_EDGE('',*,*,#3841,.T.);
#738=ORIENTED_EDGE('',*,*,#3738,.T.);
#739=ORIENTED_EDGE('',*,*,#3842,.F.);
#740=ORIENTED_EDGE('',*,*,#3843,.F.);
#741=ORIENTED_EDGE('',*,*,#3844,.F.);
#742=ORIENTED_EDGE('',*,*,#3845,.F.);
#743=ORIENTED_EDGE('',*,*,#3846,.F.);
#744=ORIENTED_EDGE('',*,*,#3847,.F.);
#745=ORIENTED_EDGE('',*,*,#3848,.F.);
#746=ORIENTED_EDGE('',*,*,#3849,.F.);
#747=ORIENTED_EDGE('',*,*,#3850,.F.);
#748=ORIENTED_EDGE('',*,*,#3851,.F.);
#749=ORIENTED_EDGE('',*,*,#3852,.F.);
#750=ORIENTED_EDGE('',*,*,#3853,.F.);
#751=ORIENTED_EDGE('',*,*,#3854,.F.);
#752=ORIENTED_EDGE('',*,*,#3855,.F.);
#753=ORIENTED_EDGE('',*,*,#3856,.F.);
#754=ORIENTED_EDGE('',*,*,#3857,.F.);
#755=ORIENTED_EDGE('',*,*,#3858,.F.);
#756=ORIENTED_EDGE('',*,*,#3859,.F.);
#757=ORIENTED_EDGE('',*,*,#3860,.F.);
#758=ORIENTED_EDGE('',*,*,#3861,.F.);
#759=ORIENTED_EDGE('',*,*,#3862,.F.);
#760=ORIENTED_EDGE('',*,*,#3863,.F.);
#761=ORIENTED_EDGE('',*,*,#3864,.F.);
#762=ORIENTED_EDGE('',*,*,#3865,.F.);
#763=ORIENTED_EDGE('',*,*,#3866,.F.);
#764=ORIENTED_EDGE('',*,*,#3867,.F.);
#765=ORIENTED_EDGE('',*,*,#3734,.T.);
#766=ORIENTED_EDGE('',*,*,#3815,.F.);
#767=ORIENTED_EDGE('',*,*,#3868,.F.);
#768=ORIENTED_EDGE('',*,*,#3731,.F.);
#769=ORIENTED_EDGE('',*,*,#3869,.T.);
#770=ORIENTED_EDGE('',*,*,#3870,.F.);
#771=ORIENTED_EDGE('',*,*,#3871,.T.);
#772=ORIENTED_EDGE('',*,*,#3872,.F.);
#773=ORIENTED_EDGE('',*,*,#3873,.F.);
#774=ORIENTED_EDGE('',*,*,#3874,.T.);
#775=ORIENTED_EDGE('',*,*,#3875,.F.);
#776=ORIENTED_EDGE('',*,*,#3876,.F.);
#777=ORIENTED_EDGE('',*,*,#3877,.F.);
#778=ORIENTED_EDGE('',*,*,#3878,.T.);
#779=ORIENTED_EDGE('',*,*,#3879,.F.);
#780=ORIENTED_EDGE('',*,*,#3880,.F.);
#781=ORIENTED_EDGE('',*,*,#3881,.F.);
#782=ORIENTED_EDGE('',*,*,#3882,.T.);
#783=ORIENTED_EDGE('',*,*,#3883,.T.);
#784=ORIENTED_EDGE('',*,*,#3821,.T.);
#785=ORIENTED_EDGE('',*,*,#3884,.F.);
#786=ORIENTED_EDGE('',*,*,#3885,.T.);
#787=ORIENTED_EDGE('',*,*,#3886,.T.);
#788=ORIENTED_EDGE('',*,*,#3887,.T.);
#789=ORIENTED_EDGE('',*,*,#3888,.F.);
#790=ORIENTED_EDGE('',*,*,#3889,.F.);
#791=ORIENTED_EDGE('',*,*,#3890,.T.);
#792=ORIENTED_EDGE('',*,*,#3891,.T.);
#793=ORIENTED_EDGE('',*,*,#3892,.F.);
#794=ORIENTED_EDGE('',*,*,#3855,.T.);
#795=ORIENTED_EDGE('',*,*,#3893,.T.);
#796=ORIENTED_EDGE('',*,*,#3894,.T.);
#797=ORIENTED_EDGE('',*,*,#3895,.F.);
#798=ORIENTED_EDGE('',*,*,#3896,.F.);
#799=ORIENTED_EDGE('',*,*,#3897,.T.);
#800=ORIENTED_EDGE('',*,*,#3745,.F.);
#801=ORIENTED_EDGE('',*,*,#3898,.F.);
#802=ORIENTED_EDGE('',*,*,#3899,.T.);
#803=ORIENTED_EDGE('',*,*,#3900,.T.);
#804=ORIENTED_EDGE('',*,*,#3817,.T.);
#805=ORIENTED_EDGE('',*,*,#3901,.T.);
#806=ORIENTED_EDGE('',*,*,#3902,.T.);
#807=ORIENTED_EDGE('',*,*,#3903,.T.);
#808=ORIENTED_EDGE('',*,*,#3904,.T.);
#809=ORIENTED_EDGE('',*,*,#3905,.T.);
#810=ORIENTED_EDGE('',*,*,#3906,.T.);
#811=ORIENTED_EDGE('',*,*,#3907,.F.);
#812=ORIENTED_EDGE('',*,*,#3908,.T.);
#813=ORIENTED_EDGE('',*,*,#3909,.F.);
#814=ORIENTED_EDGE('',*,*,#3910,.T.);
#815=ORIENTED_EDGE('',*,*,#3911,.T.);
#816=ORIENTED_EDGE('',*,*,#3912,.F.);
#817=ORIENTED_EDGE('',*,*,#3913,.F.);
#818=ORIENTED_EDGE('',*,*,#3914,.T.);
#819=ORIENTED_EDGE('',*,*,#3889,.T.);
#820=ORIENTED_EDGE('',*,*,#3915,.F.);
#821=ORIENTED_EDGE('',*,*,#3916,.T.);
#822=ORIENTED_EDGE('',*,*,#3917,.T.);
#823=ORIENTED_EDGE('',*,*,#3918,.T.);
#824=ORIENTED_EDGE('',*,*,#3919,.F.);
#825=ORIENTED_EDGE('',*,*,#3920,.F.);
#826=ORIENTED_EDGE('',*,*,#3921,.F.);
#827=ORIENTED_EDGE('',*,*,#3922,.F.);
#828=ORIENTED_EDGE('',*,*,#3923,.T.);
#829=ORIENTED_EDGE('',*,*,#3924,.F.);
#830=ORIENTED_EDGE('',*,*,#3925,.T.);
#831=ORIENTED_EDGE('',*,*,#3926,.T.);
#832=ORIENTED_EDGE('',*,*,#3927,.T.);
#833=ORIENTED_EDGE('',*,*,#3928,.F.);
#834=ORIENTED_EDGE('',*,*,#3929,.F.);
#835=ORIENTED_EDGE('',*,*,#3930,.F.);
#836=ORIENTED_EDGE('',*,*,#3931,.T.);
#837=ORIENTED_EDGE('',*,*,#3932,.T.);
#838=ORIENTED_EDGE('',*,*,#3933,.F.);
#839=ORIENTED_EDGE('',*,*,#3934,.T.);
#840=ORIENTED_EDGE('',*,*,#3935,.F.);
#841=ORIENTED_EDGE('',*,*,#3936,.T.);
#842=ORIENTED_EDGE('',*,*,#3937,.T.);
#843=ORIENTED_EDGE('',*,*,#3938,.F.);
#844=ORIENTED_EDGE('',*,*,#3939,.T.);
#845=ORIENTED_EDGE('',*,*,#3931,.F.);
#846=ORIENTED_EDGE('',*,*,#3940,.F.);
#847=ORIENTED_EDGE('',*,*,#3941,.T.);
#848=ORIENTED_EDGE('',*,*,#3942,.T.);
#849=ORIENTED_EDGE('',*,*,#3943,.F.);
#850=ORIENTED_EDGE('',*,*,#3944,.T.);
#851=ORIENTED_EDGE('',*,*,#3945,.T.);
#852=ORIENTED_EDGE('',*,*,#3946,.F.);
#853=ORIENTED_EDGE('',*,*,#3947,.F.);
#854=ORIENTED_EDGE('',*,*,#3948,.T.);
#855=ORIENTED_EDGE('',*,*,#3949,.T.);
#856=ORIENTED_EDGE('',*,*,#3950,.T.);
#857=ORIENTED_EDGE('',*,*,#3951,.T.);
#858=ORIENTED_EDGE('',*,*,#3885,.F.);
#859=ORIENTED_EDGE('',*,*,#3952,.F.);
#860=ORIENTED_EDGE('',*,*,#3953,.T.);
#861=ORIENTED_EDGE('',*,*,#3954,.F.);
#862=ORIENTED_EDGE('',*,*,#3955,.F.);
#863=ORIENTED_EDGE('',*,*,#3956,.T.);
#864=ORIENTED_EDGE('',*,*,#3957,.T.);
#865=ORIENTED_EDGE('',*,*,#3958,.T.);
#866=ORIENTED_EDGE('',*,*,#3959,.T.);
#867=ORIENTED_EDGE('',*,*,#3960,.F.);
#868=ORIENTED_EDGE('',*,*,#3961,.T.);
#869=ORIENTED_EDGE('',*,*,#3962,.F.);
#870=ORIENTED_EDGE('',*,*,#3963,.T.);
#871=ORIENTED_EDGE('',*,*,#3964,.T.);
#872=ORIENTED_EDGE('',*,*,#3965,.T.);
#873=ORIENTED_EDGE('',*,*,#3966,.T.);
#874=ORIENTED_EDGE('',*,*,#3967,.F.);
#875=ORIENTED_EDGE('',*,*,#3968,.T.);
#876=ORIENTED_EDGE('',*,*,#3969,.T.);
#877=ORIENTED_EDGE('',*,*,#3970,.F.);
#878=ORIENTED_EDGE('',*,*,#3971,.F.);
#879=ORIENTED_EDGE('',*,*,#3972,.F.);
#880=ORIENTED_EDGE('',*,*,#3973,.F.);
#881=ORIENTED_EDGE('',*,*,#3974,.F.);
#882=ORIENTED_EDGE('',*,*,#3975,.F.);
#883=ORIENTED_EDGE('',*,*,#3976,.F.);
#884=ORIENTED_EDGE('',*,*,#3977,.T.);
#885=ORIENTED_EDGE('',*,*,#3978,.F.);
#886=ORIENTED_EDGE('',*,*,#3979,.T.);
#887=ORIENTED_EDGE('',*,*,#3980,.T.);
#888=ORIENTED_EDGE('',*,*,#3981,.T.);
#889=ORIENTED_EDGE('',*,*,#3982,.F.);
#890=ORIENTED_EDGE('',*,*,#3983,.T.);
#891=ORIENTED_EDGE('',*,*,#3984,.F.);
#892=ORIENTED_EDGE('',*,*,#3835,.F.);
#893=ORIENTED_EDGE('',*,*,#3985,.T.);
#894=ORIENTED_EDGE('',*,*,#3986,.T.);
#895=ORIENTED_EDGE('',*,*,#3987,.F.);
#896=ORIENTED_EDGE('',*,*,#3988,.F.);
#897=ORIENTED_EDGE('',*,*,#3989,.T.);
#898=ORIENTED_EDGE('',*,*,#3990,.T.);
#899=ORIENTED_EDGE('',*,*,#3991,.T.);
#900=ORIENTED_EDGE('',*,*,#3992,.F.);
#901=ORIENTED_EDGE('',*,*,#3993,.T.);
#902=ORIENTED_EDGE('',*,*,#3994,.T.);
#903=ORIENTED_EDGE('',*,*,#3995,.F.);
#904=ORIENTED_EDGE('',*,*,#3996,.F.);
#905=ORIENTED_EDGE('',*,*,#3997,.T.);
#906=ORIENTED_EDGE('',*,*,#3998,.T.);
#907=ORIENTED_EDGE('',*,*,#3999,.F.);
#908=ORIENTED_EDGE('',*,*,#4000,.F.);
#909=ORIENTED_EDGE('',*,*,#4001,.T.);
#910=ORIENTED_EDGE('',*,*,#4002,.T.);
#911=ORIENTED_EDGE('',*,*,#4003,.F.);
#912=ORIENTED_EDGE('',*,*,#4004,.T.);
#913=ORIENTED_EDGE('',*,*,#4005,.F.);
#914=ORIENTED_EDGE('',*,*,#4006,.T.);
#915=ORIENTED_EDGE('',*,*,#4007,.F.);
#916=ORIENTED_EDGE('',*,*,#4008,.T.);
#917=ORIENTED_EDGE('',*,*,#4009,.F.);
#918=ORIENTED_EDGE('',*,*,#4010,.F.);
#919=ORIENTED_EDGE('',*,*,#4011,.F.);
#920=ORIENTED_EDGE('',*,*,#3810,.F.);
#921=ORIENTED_EDGE('',*,*,#4012,.T.);
#922=ORIENTED_EDGE('',*,*,#3963,.F.);
#923=ORIENTED_EDGE('',*,*,#4013,.F.);
#924=ORIENTED_EDGE('',*,*,#4014,.T.);
#925=ORIENTED_EDGE('',*,*,#4015,.T.);
#926=ORIENTED_EDGE('',*,*,#4016,.T.);
#927=ORIENTED_EDGE('',*,*,#4017,.T.);
#928=ORIENTED_EDGE('',*,*,#4018,.F.);
#929=ORIENTED_EDGE('',*,*,#4019,.T.);
#930=ORIENTED_EDGE('',*,*,#4020,.T.);
#931=ORIENTED_EDGE('',*,*,#4021,.F.);
#932=ORIENTED_EDGE('',*,*,#4022,.T.);
#933=ORIENTED_EDGE('',*,*,#4023,.F.);
#934=ORIENTED_EDGE('',*,*,#4024,.T.);
#935=ORIENTED_EDGE('',*,*,#4025,.T.);
#936=ORIENTED_EDGE('',*,*,#4026,.T.);
#937=ORIENTED_EDGE('',*,*,#4027,.T.);
#938=ORIENTED_EDGE('',*,*,#3781,.T.);
#939=ORIENTED_EDGE('',*,*,#4028,.T.);
#940=ORIENTED_EDGE('',*,*,#4029,.T.);
#941=ORIENTED_EDGE('',*,*,#4030,.T.);
#942=ORIENTED_EDGE('',*,*,#4031,.T.);
#943=ORIENTED_EDGE('',*,*,#3787,.T.);
#944=ORIENTED_EDGE('',*,*,#4032,.F.);
#945=ORIENTED_EDGE('',*,*,#4005,.T.);
#946=ORIENTED_EDGE('',*,*,#4033,.T.);
#947=ORIENTED_EDGE('',*,*,#4034,.T.);
#948=ORIENTED_EDGE('',*,*,#4035,.T.);
#949=ORIENTED_EDGE('',*,*,#4036,.T.);
#950=ORIENTED_EDGE('',*,*,#4037,.T.);
#951=ORIENTED_EDGE('',*,*,#4038,.T.);
#952=ORIENTED_EDGE('',*,*,#4039,.T.);
#953=ORIENTED_EDGE('',*,*,#4040,.T.);
#954=ORIENTED_EDGE('',*,*,#4041,.F.);
#955=ORIENTED_EDGE('',*,*,#4042,.T.);
#956=ORIENTED_EDGE('',*,*,#4043,.F.);
#957=ORIENTED_EDGE('',*,*,#4044,.F.);
#958=ORIENTED_EDGE('',*,*,#4045,.F.);
#959=ORIENTED_EDGE('',*,*,#4046,.F.);
#960=ORIENTED_EDGE('',*,*,#4047,.F.);
#961=ORIENTED_EDGE('',*,*,#4048,.T.);
#962=ORIENTED_EDGE('',*,*,#4049,.F.);
#963=ORIENTED_EDGE('',*,*,#4050,.T.);
#964=ORIENTED_EDGE('',*,*,#4051,.F.);
#965=ORIENTED_EDGE('',*,*,#4052,.F.);
#966=ORIENTED_EDGE('',*,*,#4053,.F.);
#967=ORIENTED_EDGE('',*,*,#4054,.F.);
#968=ORIENTED_EDGE('',*,*,#3812,.T.);
#969=ORIENTED_EDGE('',*,*,#4055,.F.);
#970=ORIENTED_EDGE('',*,*,#3728,.T.);
#971=ORIENTED_EDGE('',*,*,#4056,.T.);
#972=ORIENTED_EDGE('',*,*,#4057,.T.);
#973=ORIENTED_EDGE('',*,*,#4058,.F.);
#974=ORIENTED_EDGE('',*,*,#4059,.F.);
#975=ORIENTED_EDGE('',*,*,#3845,.T.);
#976=ORIENTED_EDGE('',*,*,#4060,.T.);
#977=ORIENTED_EDGE('',*,*,#4061,.F.);
#978=ORIENTED_EDGE('',*,*,#4016,.F.);
#979=ORIENTED_EDGE('',*,*,#4062,.F.);
#980=ORIENTED_EDGE('',*,*,#4063,.T.);
#981=ORIENTED_EDGE('',*,*,#4064,.T.);
#982=ORIENTED_EDGE('',*,*,#4065,.T.);
#983=ORIENTED_EDGE('',*,*,#4066,.T.);
#984=ORIENTED_EDGE('',*,*,#4067,.F.);
#985=ORIENTED_EDGE('',*,*,#4068,.F.);
#986=ORIENTED_EDGE('',*,*,#4069,.F.);
#987=ORIENTED_EDGE('',*,*,#4070,.T.);
#988=ORIENTED_EDGE('',*,*,#3955,.T.);
#989=ORIENTED_EDGE('',*,*,#3878,.F.);
#990=ORIENTED_EDGE('',*,*,#4071,.F.);
#991=ORIENTED_EDGE('',*,*,#4072,.F.);
#992=ORIENTED_EDGE('',*,*,#4073,.T.);
#993=ORIENTED_EDGE('',*,*,#4074,.T.);
#994=ORIENTED_EDGE('',*,*,#4075,.T.);
#995=ORIENTED_EDGE('',*,*,#4076,.F.);
#996=ORIENTED_EDGE('',*,*,#4077,.T.);
#997=ORIENTED_EDGE('',*,*,#4078,.T.);
#998=ORIENTED_EDGE('',*,*,#4079,.T.);
#999=ORIENTED_EDGE('',*,*,#4080,.T.);
#1000=ORIENTED_EDGE('',*,*,#4081,.F.);
#1001=ORIENTED_EDGE('',*,*,#4082,.T.);
#1002=ORIENTED_EDGE('',*,*,#3992,.T.);
#1003=ORIENTED_EDGE('',*,*,#4083,.F.);
#1004=ORIENTED_EDGE('',*,*,#3857,.T.);
#1005=ORIENTED_EDGE('',*,*,#4084,.F.);
#1006=ORIENTED_EDGE('',*,*,#4085,.T.);
#1007=ORIENTED_EDGE('',*,*,#4086,.T.);
#1008=ORIENTED_EDGE('',*,*,#4087,.T.);
#1009=ORIENTED_EDGE('',*,*,#4088,.T.);
#1010=ORIENTED_EDGE('',*,*,#4089,.T.);
#1011=ORIENTED_EDGE('',*,*,#3775,.F.);
#1012=ORIENTED_EDGE('',*,*,#4090,.F.);
#1013=ORIENTED_EDGE('',*,*,#4091,.F.);
#1014=ORIENTED_EDGE('',*,*,#4092,.T.);
#1015=ORIENTED_EDGE('',*,*,#4093,.T.);
#1016=ORIENTED_EDGE('',*,*,#4094,.F.);
#1017=ORIENTED_EDGE('',*,*,#4095,.F.);
#1018=ORIENTED_EDGE('',*,*,#4096,.T.);
#1019=ORIENTED_EDGE('',*,*,#4097,.T.);
#1020=ORIENTED_EDGE('',*,*,#4098,.T.);
#1021=ORIENTED_EDGE('',*,*,#4099,.T.);
#1022=ORIENTED_EDGE('',*,*,#4100,.T.);
#1023=ORIENTED_EDGE('',*,*,#4101,.F.);
#1024=ORIENTED_EDGE('',*,*,#4102,.T.);
#1025=ORIENTED_EDGE('',*,*,#3778,.F.);
#1026=ORIENTED_EDGE('',*,*,#4103,.F.);
#1027=ORIENTED_EDGE('',*,*,#4104,.T.);
#1028=ORIENTED_EDGE('',*,*,#4105,.T.);
#1029=ORIENTED_EDGE('',*,*,#4018,.T.);
#1030=ORIENTED_EDGE('',*,*,#4106,.T.);
#1031=ORIENTED_EDGE('',*,*,#4107,.F.);
#1032=ORIENTED_EDGE('',*,*,#4108,.F.);
#1033=ORIENTED_EDGE('',*,*,#4109,.F.);
#1034=ORIENTED_EDGE('',*,*,#4110,.F.);
#1035=ORIENTED_EDGE('',*,*,#4111,.T.);
#1036=ORIENTED_EDGE('',*,*,#4112,.T.);
#1037=ORIENTED_EDGE('',*,*,#4113,.T.);
#1038=ORIENTED_EDGE('',*,*,#4030,.F.);
#1039=ORIENTED_EDGE('',*,*,#4114,.T.);
#1040=ORIENTED_EDGE('',*,*,#4115,.T.);
#1041=ORIENTED_EDGE('',*,*,#4116,.T.);
#1042=ORIENTED_EDGE('',*,*,#4117,.F.);
#1043=ORIENTED_EDGE('',*,*,#3839,.F.);
#1044=ORIENTED_EDGE('',*,*,#4118,.T.);
#1045=ORIENTED_EDGE('',*,*,#4119,.T.);
#1046=ORIENTED_EDGE('',*,*,#4120,.T.);
#1047=ORIENTED_EDGE('',*,*,#4121,.T.);
#1048=ORIENTED_EDGE('',*,*,#4122,.T.);
#1049=ORIENTED_EDGE('',*,*,#3841,.F.);
#1050=ORIENTED_EDGE('',*,*,#4123,.F.);
#1051=ORIENTED_EDGE('',*,*,#4124,.F.);
#1052=ORIENTED_EDGE('',*,*,#4125,.F.);
#1053=ORIENTED_EDGE('',*,*,#4126,.T.);
#1054=ORIENTED_EDGE('',*,*,#4073,.F.);
#1055=ORIENTED_EDGE('',*,*,#4127,.F.);
#1056=ORIENTED_EDGE('',*,*,#4128,.F.);
#1057=ORIENTED_EDGE('',*,*,#3831,.F.);
#1058=ORIENTED_EDGE('',*,*,#4129,.T.);
#1059=ORIENTED_EDGE('',*,*,#3770,.F.);
#1060=ORIENTED_EDGE('',*,*,#4130,.F.);
#1061=ORIENTED_EDGE('',*,*,#4131,.T.);
#1062=ORIENTED_EDGE('',*,*,#4120,.F.);
#1063=ORIENTED_EDGE('',*,*,#4132,.F.);
#1064=ORIENTED_EDGE('',*,*,#4133,.T.);
#1065=ORIENTED_EDGE('',*,*,#4134,.T.);
#1066=ORIENTED_EDGE('',*,*,#4135,.T.);
#1067=ORIENTED_EDGE('',*,*,#4136,.T.);
#1068=ORIENTED_EDGE('',*,*,#4137,.T.);
#1069=ORIENTED_EDGE('',*,*,#4138,.F.);
#1070=ORIENTED_EDGE('',*,*,#4107,.T.);
#1071=ORIENTED_EDGE('',*,*,#4139,.T.);
#1072=ORIENTED_EDGE('',*,*,#4089,.F.);
#1073=ORIENTED_EDGE('',*,*,#4140,.T.);
#1074=ORIENTED_EDGE('',*,*,#4141,.T.);
#1075=ORIENTED_EDGE('',*,*,#3874,.F.);
#1076=ORIENTED_EDGE('',*,*,#4142,.T.);
#1077=ORIENTED_EDGE('',*,*,#4143,.T.);
#1078=ORIENTED_EDGE('',*,*,#4144,.F.);
#1079=ORIENTED_EDGE('',*,*,#4145,.F.);
#1080=ORIENTED_EDGE('',*,*,#4146,.F.);
#1081=ORIENTED_EDGE('',*,*,#4147,.T.);
#1082=ORIENTED_EDGE('',*,*,#4148,.T.);
#1083=ORIENTED_EDGE('',*,*,#4149,.T.);
#1084=ORIENTED_EDGE('',*,*,#4150,.T.);
#1085=ORIENTED_EDGE('',*,*,#4151,.F.);
#1086=ORIENTED_EDGE('',*,*,#3760,.F.);
#1087=ORIENTED_EDGE('',*,*,#4152,.T.);
#1088=ORIENTED_EDGE('',*,*,#4136,.F.);
#1089=ORIENTED_EDGE('',*,*,#4153,.F.);
#1090=ORIENTED_EDGE('',*,*,#4154,.T.);
#1091=ORIENTED_EDGE('',*,*,#4155,.T.);
#1092=ORIENTED_EDGE('',*,*,#4156,.F.);
#1093=ORIENTED_EDGE('',*,*,#4157,.T.);
#1094=ORIENTED_EDGE('',*,*,#4158,.F.);
#1095=ORIENTED_EDGE('',*,*,#4159,.T.);
#1096=ORIENTED_EDGE('',*,*,#4160,.F.);
#1097=ORIENTED_EDGE('',*,*,#4161,.F.);
#1098=ORIENTED_EDGE('',*,*,#4162,.F.);
#1099=ORIENTED_EDGE('',*,*,#4163,.F.);
#1100=ORIENTED_EDGE('',*,*,#4164,.T.);
#1101=ORIENTED_EDGE('',*,*,#4165,.F.);
#1102=ORIENTED_EDGE('',*,*,#4166,.F.);
#1103=ORIENTED_EDGE('',*,*,#4167,.F.);
#1104=ORIENTED_EDGE('',*,*,#4168,.F.);
#1105=ORIENTED_EDGE('',*,*,#4169,.F.);
#1106=ORIENTED_EDGE('',*,*,#4170,.F.);
#1107=ORIENTED_EDGE('',*,*,#4171,.F.);
#1108=ORIENTED_EDGE('',*,*,#4172,.F.);
#1109=ORIENTED_EDGE('',*,*,#4173,.F.);
#1110=ORIENTED_EDGE('',*,*,#4174,.F.);
#1111=ORIENTED_EDGE('',*,*,#4175,.F.);
#1112=ORIENTED_EDGE('',*,*,#4176,.F.);
#1113=ORIENTED_EDGE('',*,*,#4177,.F.);
#1114=ORIENTED_EDGE('',*,*,#4178,.F.);
#1115=ORIENTED_EDGE('',*,*,#4179,.F.);
#1116=ORIENTED_EDGE('',*,*,#4180,.F.);
#1117=ORIENTED_EDGE('',*,*,#4181,.F.);
#1118=ORIENTED_EDGE('',*,*,#4182,.F.);
#1119=ORIENTED_EDGE('',*,*,#4183,.F.);
#1120=ORIENTED_EDGE('',*,*,#4012,.F.);
#1121=ORIENTED_EDGE('',*,*,#3809,.F.);
#1122=ORIENTED_EDGE('',*,*,#4184,.F.);
#1123=ORIENTED_EDGE('',*,*,#4185,.F.);
#1124=ORIENTED_EDGE('',*,*,#4186,.F.);
#1125=ORIENTED_EDGE('',*,*,#4187,.F.);
#1126=ORIENTED_EDGE('',*,*,#4188,.F.);
#1127=ORIENTED_EDGE('',*,*,#4189,.F.);
#1128=ORIENTED_EDGE('',*,*,#4190,.F.);
#1129=ORIENTED_EDGE('',*,*,#4142,.F.);
#1130=ORIENTED_EDGE('',*,*,#3873,.T.);
#1131=ORIENTED_EDGE('',*,*,#4191,.F.);
#1132=ORIENTED_EDGE('',*,*,#4192,.F.);
#1133=ORIENTED_EDGE('',*,*,#4193,.F.);
#1134=ORIENTED_EDGE('',*,*,#4194,.F.);
#1135=ORIENTED_EDGE('',*,*,#4195,.F.);
#1136=ORIENTED_EDGE('',*,*,#4196,.F.);
#1137=ORIENTED_EDGE('',*,*,#4197,.T.);
#1138=ORIENTED_EDGE('',*,*,#4198,.F.);
#1139=ORIENTED_EDGE('',*,*,#4174,.T.);
#1140=ORIENTED_EDGE('',*,*,#4199,.T.);
#1141=ORIENTED_EDGE('',*,*,#4014,.F.);
#1142=ORIENTED_EDGE('',*,*,#4200,.F.);
#1143=ORIENTED_EDGE('',*,*,#4201,.F.);
#1144=ORIENTED_EDGE('',*,*,#4202,.T.);
#1145=ORIENTED_EDGE('',*,*,#4203,.T.);
#1146=ORIENTED_EDGE('',*,*,#4204,.F.);
#1147=ORIENTED_EDGE('',*,*,#4205,.T.);
#1148=ORIENTED_EDGE('',*,*,#4206,.F.);
#1149=ORIENTED_EDGE('',*,*,#4207,.F.);
#1150=ORIENTED_EDGE('',*,*,#4208,.T.);
#1151=ORIENTED_EDGE('',*,*,#4209,.T.);
#1152=ORIENTED_EDGE('',*,*,#4007,.T.);
#1153=ORIENTED_EDGE('',*,*,#4210,.F.);
#1154=ORIENTED_EDGE('',*,*,#4211,.T.);
#1155=ORIENTED_EDGE('',*,*,#4212,.F.);
#1156=ORIENTED_EDGE('',*,*,#4213,.F.);
#1157=ORIENTED_EDGE('',*,*,#4214,.F.);
#1158=ORIENTED_EDGE('',*,*,#4215,.T.);
#1159=ORIENTED_EDGE('',*,*,#4216,.T.);
#1160=ORIENTED_EDGE('',*,*,#4217,.F.);
#1161=ORIENTED_EDGE('',*,*,#4048,.F.);
#1162=ORIENTED_EDGE('',*,*,#4218,.F.);
#1163=ORIENTED_EDGE('',*,*,#4219,.T.);
#1164=ORIENTED_EDGE('',*,*,#4220,.F.);
#1165=ORIENTED_EDGE('',*,*,#4221,.T.);
#1166=ORIENTED_EDGE('',*,*,#4222,.T.);
#1167=ORIENTED_EDGE('',*,*,#4223,.T.);
#1168=ORIENTED_EDGE('',*,*,#4224,.F.);
#1169=ORIENTED_EDGE('',*,*,#4225,.F.);
#1170=ORIENTED_EDGE('',*,*,#4226,.F.);
#1171=ORIENTED_EDGE('',*,*,#4091,.T.);
#1172=ORIENTED_EDGE('',*,*,#4227,.F.);
#1173=ORIENTED_EDGE('',*,*,#4228,.F.);
#1174=ORIENTED_EDGE('',*,*,#4229,.F.);
#1175=ORIENTED_EDGE('',*,*,#4230,.T.);
#1176=ORIENTED_EDGE('',*,*,#3753,.T.);
#1177=ORIENTED_EDGE('',*,*,#4231,.T.);
#1178=ORIENTED_EDGE('',*,*,#4232,.F.);
#1179=ORIENTED_EDGE('',*,*,#4233,.T.);
#1180=ORIENTED_EDGE('',*,*,#4088,.F.);
#1181=ORIENTED_EDGE('',*,*,#4102,.F.);
#1182=ORIENTED_EDGE('',*,*,#4234,.F.);
#1183=ORIENTED_EDGE('',*,*,#4235,.T.);
#1184=ORIENTED_EDGE('',*,*,#4236,.T.);
#1185=ORIENTED_EDGE('',*,*,#3960,.T.);
#1186=ORIENTED_EDGE('',*,*,#4237,.T.);
#1187=ORIENTED_EDGE('',*,*,#4238,.F.);
#1188=ORIENTED_EDGE('',*,*,#4239,.F.);
#1189=ORIENTED_EDGE('',*,*,#3967,.T.);
#1190=ORIENTED_EDGE('',*,*,#4240,.T.);
#1191=ORIENTED_EDGE('',*,*,#4076,.T.);
#1192=ORIENTED_EDGE('',*,*,#3806,.F.);
#1193=ORIENTED_EDGE('',*,*,#4241,.T.);
#1194=ORIENTED_EDGE('',*,*,#4242,.F.);
#1195=ORIENTED_EDGE('',*,*,#4243,.F.);
#1196=ORIENTED_EDGE('',*,*,#3804,.F.);
#1197=ORIENTED_EDGE('',*,*,#4244,.F.);
#1198=ORIENTED_EDGE('',*,*,#4245,.T.);
#1199=ORIENTED_EDGE('',*,*,#4246,.F.);
#1200=ORIENTED_EDGE('',*,*,#3800,.F.);
#1201=ORIENTED_EDGE('',*,*,#4247,.F.);
#1202=ORIENTED_EDGE('',*,*,#4248,.F.);
#1203=ORIENTED_EDGE('',*,*,#4249,.F.);
#1204=ORIENTED_EDGE('',*,*,#4250,.F.);
#1205=ORIENTED_EDGE('',*,*,#4251,.T.);
#1206=ORIENTED_EDGE('',*,*,#4252,.F.);
#1207=ORIENTED_EDGE('',*,*,#4253,.T.);
#1208=ORIENTED_EDGE('',*,*,#4254,.T.);
#1209=ORIENTED_EDGE('',*,*,#4255,.F.);
#1210=ORIENTED_EDGE('',*,*,#4256,.F.);
#1211=ORIENTED_EDGE('',*,*,#4257,.T.);
#1212=ORIENTED_EDGE('',*,*,#4258,.T.);
#1213=ORIENTED_EDGE('',*,*,#4259,.T.);
#1214=ORIENTED_EDGE('',*,*,#4260,.T.);
#1215=ORIENTED_EDGE('',*,*,#4261,.T.);
#1216=ORIENTED_EDGE('',*,*,#4262,.T.);
#1217=ORIENTED_EDGE('',*,*,#4263,.T.);
#1218=ORIENTED_EDGE('',*,*,#3920,.T.);
#1219=ORIENTED_EDGE('',*,*,#3740,.F.);
#1220=ORIENTED_EDGE('',*,*,#4264,.F.);
#1221=ORIENTED_EDGE('',*,*,#4265,.F.);
#1222=ORIENTED_EDGE('',*,*,#4266,.T.);
#1223=ORIENTED_EDGE('',*,*,#3762,.T.);
#1224=ORIENTED_EDGE('',*,*,#4267,.F.);
#1225=ORIENTED_EDGE('',*,*,#4086,.F.);
#1226=ORIENTED_EDGE('',*,*,#4268,.F.);
#1227=ORIENTED_EDGE('',*,*,#3736,.T.);
#1228=ORIENTED_EDGE('',*,*,#4269,.F.);
#1229=ORIENTED_EDGE('',*,*,#4270,.F.);
#1230=ORIENTED_EDGE('',*,*,#3899,.F.);
#1231=ORIENTED_EDGE('',*,*,#4271,.F.);
#1232=ORIENTED_EDGE('',*,*,#4272,.F.);
#1233=ORIENTED_EDGE('',*,*,#4273,.F.);
#1234=ORIENTED_EDGE('',*,*,#4274,.T.);
#1235=ORIENTED_EDGE('',*,*,#4275,.F.);
#1236=ORIENTED_EDGE('',*,*,#4276,.T.);
#1237=ORIENTED_EDGE('',*,*,#4277,.F.);
#1238=ORIENTED_EDGE('',*,*,#4278,.F.);
#1239=ORIENTED_EDGE('',*,*,#4279,.F.);
#1240=ORIENTED_EDGE('',*,*,#4280,.F.);
#1241=ORIENTED_EDGE('',*,*,#4281,.T.);
#1242=ORIENTED_EDGE('',*,*,#4282,.T.);
#1243=ORIENTED_EDGE('',*,*,#4283,.F.);
#1244=ORIENTED_EDGE('',*,*,#4284,.T.);
#1245=ORIENTED_EDGE('',*,*,#4285,.T.);
#1246=ORIENTED_EDGE('',*,*,#4286,.T.);
#1247=ORIENTED_EDGE('',*,*,#4287,.T.);
#1248=ORIENTED_EDGE('',*,*,#4021,.T.);
#1249=ORIENTED_EDGE('',*,*,#4288,.T.);
#1250=ORIENTED_EDGE('',*,*,#4289,.T.);
#1251=ORIENTED_EDGE('',*,*,#4290,.T.);
#1252=ORIENTED_EDGE('',*,*,#4291,.T.);
#1253=ORIENTED_EDGE('',*,*,#4292,.T.);
#1254=ORIENTED_EDGE('',*,*,#4293,.F.);
#1255=ORIENTED_EDGE('',*,*,#4294,.T.);
#1256=ORIENTED_EDGE('',*,*,#4295,.F.);
#1257=ORIENTED_EDGE('',*,*,#4296,.F.);
#1258=ORIENTED_EDGE('',*,*,#4297,.T.);
#1259=ORIENTED_EDGE('',*,*,#4298,.T.);
#1260=ORIENTED_EDGE('',*,*,#4299,.T.);
#1261=ORIENTED_EDGE('',*,*,#4300,.T.);
#1262=ORIENTED_EDGE('',*,*,#4301,.F.);
#1263=ORIENTED_EDGE('',*,*,#4302,.F.);
#1264=ORIENTED_EDGE('',*,*,#4303,.F.);
#1265=ORIENTED_EDGE('',*,*,#4304,.F.);
#1266=ORIENTED_EDGE('',*,*,#4305,.T.);
#1267=ORIENTED_EDGE('',*,*,#3913,.T.);
#1268=ORIENTED_EDGE('',*,*,#4306,.F.);
#1269=ORIENTED_EDGE('',*,*,#3818,.T.);
#1270=ORIENTED_EDGE('',*,*,#3907,.T.);
#1271=ORIENTED_EDGE('',*,*,#4207,.T.);
#1272=ORIENTED_EDGE('',*,*,#4307,.F.);
#1273=ORIENTED_EDGE('',*,*,#4308,.T.);
#1274=ORIENTED_EDGE('',*,*,#4309,.T.);
#1275=ORIENTED_EDGE('',*,*,#4310,.T.);
#1276=ORIENTED_EDGE('',*,*,#4311,.T.);
#1277=ORIENTED_EDGE('',*,*,#4312,.T.);
#1278=ORIENTED_EDGE('',*,*,#4313,.F.);
#1279=ORIENTED_EDGE('',*,*,#4314,.T.);
#1280=ORIENTED_EDGE('',*,*,#4315,.T.);
#1281=ORIENTED_EDGE('',*,*,#4194,.T.);
#1282=ORIENTED_EDGE('',*,*,#4316,.T.);
#1283=ORIENTED_EDGE('',*,*,#4317,.F.);
#1284=ORIENTED_EDGE('',*,*,#4077,.F.);
#1285=ORIENTED_EDGE('',*,*,#4248,.T.);
#1286=ORIENTED_EDGE('',*,*,#4318,.T.);
#1287=ORIENTED_EDGE('',*,*,#4319,.F.);
#1288=ORIENTED_EDGE('',*,*,#4320,.F.);
#1289=ORIENTED_EDGE('',*,*,#4321,.T.);
#1290=ORIENTED_EDGE('',*,*,#4322,.T.);
#1291=ORIENTED_EDGE('',*,*,#4323,.F.);
#1292=ORIENTED_EDGE('',*,*,#4324,.T.);
#1293=ORIENTED_EDGE('',*,*,#3983,.F.);
#1294=ORIENTED_EDGE('',*,*,#4325,.T.);
#1295=ORIENTED_EDGE('',*,*,#4326,.T.);
#1296=ORIENTED_EDGE('',*,*,#3876,.T.);
#1297=ORIENTED_EDGE('',*,*,#4327,.F.);
#1298=ORIENTED_EDGE('',*,*,#4328,.T.);
#1299=ORIENTED_EDGE('',*,*,#4191,.T.);
#1300=ORIENTED_EDGE('',*,*,#4329,.T.);
#1301=ORIENTED_EDGE('',*,*,#4330,.T.);
#1302=ORIENTED_EDGE('',*,*,#4331,.T.);
#1303=ORIENTED_EDGE('',*,*,#4332,.F.);
#1304=ORIENTED_EDGE('',*,*,#4333,.T.);
#1305=ORIENTED_EDGE('',*,*,#4334,.F.);
#1306=ORIENTED_EDGE('',*,*,#4310,.F.);
#1307=ORIENTED_EDGE('',*,*,#4335,.F.);
#1308=ORIENTED_EDGE('',*,*,#4336,.F.);
#1309=ORIENTED_EDGE('',*,*,#4180,.T.);
#1310=ORIENTED_EDGE('',*,*,#4337,.F.);
#1311=ORIENTED_EDGE('',*,*,#4338,.F.);
#1312=ORIENTED_EDGE('',*,*,#4329,.F.);
#1313=ORIENTED_EDGE('',*,*,#4339,.F.);
#1314=ORIENTED_EDGE('',*,*,#4117,.T.);
#1315=ORIENTED_EDGE('',*,*,#4340,.F.);
#1316=ORIENTED_EDGE('',*,*,#4341,.T.);
#1317=ORIENTED_EDGE('',*,*,#4342,.T.);
#1318=ORIENTED_EDGE('',*,*,#4343,.T.);
#1319=ORIENTED_EDGE('',*,*,#3904,.F.);
#1320=ORIENTED_EDGE('',*,*,#4344,.T.);
#1321=ORIENTED_EDGE('',*,*,#4345,.F.);
#1322=ORIENTED_EDGE('',*,*,#4346,.F.);
#1323=ORIENTED_EDGE('',*,*,#4347,.T.);
#1324=ORIENTED_EDGE('',*,*,#4348,.T.);
#1325=ORIENTED_EDGE('',*,*,#4349,.F.);
#1326=ORIENTED_EDGE('',*,*,#4350,.F.);
#1327=ORIENTED_EDGE('',*,*,#4351,.F.);
#1328=ORIENTED_EDGE('',*,*,#4352,.T.);
#1329=ORIENTED_EDGE('',*,*,#4353,.T.);
#1330=ORIENTED_EDGE('',*,*,#4354,.F.);
#1331=ORIENTED_EDGE('',*,*,#3779,.F.);
#1332=ORIENTED_EDGE('',*,*,#4355,.F.);
#1333=ORIENTED_EDGE('',*,*,#4356,.T.);
#1334=ORIENTED_EDGE('',*,*,#4357,.T.);
#1335=ORIENTED_EDGE('',*,*,#4358,.T.);
#1336=ORIENTED_EDGE('',*,*,#4359,.T.);
#1337=ORIENTED_EDGE('',*,*,#4360,.T.);
#1338=ORIENTED_EDGE('',*,*,#4071,.T.);
#1339=ORIENTED_EDGE('',*,*,#4317,.T.);
#1340=ORIENTED_EDGE('',*,*,#4361,.F.);
#1341=ORIENTED_EDGE('',*,*,#4362,.F.);
#1342=ORIENTED_EDGE('',*,*,#4363,.F.);
#1343=ORIENTED_EDGE('',*,*,#4364,.T.);
#1344=ORIENTED_EDGE('',*,*,#4365,.F.);
#1345=ORIENTED_EDGE('',*,*,#4366,.T.);
#1346=ORIENTED_EDGE('',*,*,#4367,.T.);
#1347=ORIENTED_EDGE('',*,*,#4368,.T.);
#1348=ORIENTED_EDGE('',*,*,#4369,.T.);
#1349=ORIENTED_EDGE('',*,*,#4358,.F.);
#1350=ORIENTED_EDGE('',*,*,#4370,.T.);
#1351=ORIENTED_EDGE('',*,*,#4371,.T.);
#1352=ORIENTED_EDGE('',*,*,#4372,.F.);
#1353=ORIENTED_EDGE('',*,*,#4373,.T.);
#1354=ORIENTED_EDGE('',*,*,#4374,.T.);
#1355=ORIENTED_EDGE('',*,*,#4375,.F.);
#1356=ORIENTED_EDGE('',*,*,#3842,.T.);
#1357=ORIENTED_EDGE('',*,*,#4376,.F.);
#1358=ORIENTED_EDGE('',*,*,#3979,.F.);
#1359=ORIENTED_EDGE('',*,*,#4377,.F.);
#1360=ORIENTED_EDGE('',*,*,#4378,.F.);
#1361=ORIENTED_EDGE('',*,*,#4379,.F.);
#1362=ORIENTED_EDGE('',*,*,#4380,.F.);
#1363=ORIENTED_EDGE('',*,*,#4108,.T.);
#1364=ORIENTED_EDGE('',*,*,#4381,.F.);
#1365=ORIENTED_EDGE('',*,*,#4178,.T.);
#1366=ORIENTED_EDGE('',*,*,#4382,.T.);
#1367=ORIENTED_EDGE('',*,*,#4383,.F.);
#1368=ORIENTED_EDGE('',*,*,#4384,.T.);
#1369=ORIENTED_EDGE('',*,*,#4385,.T.);
#1370=ORIENTED_EDGE('',*,*,#3794,.T.);
#1371=ORIENTED_EDGE('',*,*,#4386,.T.);
#1372=ORIENTED_EDGE('',*,*,#4387,.F.);
#1373=ORIENTED_EDGE('',*,*,#4388,.T.);
#1374=ORIENTED_EDGE('',*,*,#4389,.T.);
#1375=ORIENTED_EDGE('',*,*,#4164,.F.);
#1376=ORIENTED_EDGE('',*,*,#4390,.F.);
#1377=ORIENTED_EDGE('',*,*,#4391,.F.);
#1378=ORIENTED_EDGE('',*,*,#4392,.T.);
#1379=ORIENTED_EDGE('',*,*,#4393,.T.);
#1380=ORIENTED_EDGE('',*,*,#4394,.T.);
#1381=ORIENTED_EDGE('',*,*,#4395,.T.);
#1382=ORIENTED_EDGE('',*,*,#4396,.T.);
#1383=ORIENTED_EDGE('',*,*,#4397,.T.);
#1384=ORIENTED_EDGE('',*,*,#4398,.T.);
#1385=ORIENTED_EDGE('',*,*,#4399,.F.);
#1386=ORIENTED_EDGE('',*,*,#3849,.T.);
#1387=ORIENTED_EDGE('',*,*,#4400,.T.);
#1388=ORIENTED_EDGE('',*,*,#4401,.F.);
#1389=ORIENTED_EDGE('',*,*,#4402,.F.);
#1390=ORIENTED_EDGE('',*,*,#4403,.T.);
#1391=ORIENTED_EDGE('',*,*,#4404,.F.);
#1392=ORIENTED_EDGE('',*,*,#4405,.F.);
#1393=ORIENTED_EDGE('',*,*,#4133,.F.);
#1394=ORIENTED_EDGE('',*,*,#4406,.F.);
#1395=ORIENTED_EDGE('',*,*,#4407,.F.);
#1396=ORIENTED_EDGE('',*,*,#4408,.F.);
#1397=ORIENTED_EDGE('',*,*,#4409,.T.);
#1398=ORIENTED_EDGE('',*,*,#4410,.T.);
#1399=ORIENTED_EDGE('',*,*,#4411,.T.);
#1400=ORIENTED_EDGE('',*,*,#4412,.F.);
#1401=ORIENTED_EDGE('',*,*,#4413,.F.);
#1402=ORIENTED_EDGE('',*,*,#4414,.F.);
#1403=ORIENTED_EDGE('',*,*,#4156,.T.);
#1404=ORIENTED_EDGE('',*,*,#4415,.F.);
#1405=ORIENTED_EDGE('',*,*,#4416,.F.);
#1406=ORIENTED_EDGE('',*,*,#4417,.F.);
#1407=ORIENTED_EDGE('',*,*,#4418,.F.);
#1408=ORIENTED_EDGE('',*,*,#4419,.T.);
#1409=ORIENTED_EDGE('',*,*,#4383,.T.);
#1410=ORIENTED_EDGE('',*,*,#4420,.F.);
#1411=ORIENTED_EDGE('',*,*,#4338,.T.);
#1412=ORIENTED_EDGE('',*,*,#3836,.T.);
#1413=ORIENTED_EDGE('',*,*,#4421,.T.);
#1414=ORIENTED_EDGE('',*,*,#4079,.F.);
#1415=ORIENTED_EDGE('',*,*,#4422,.F.);
#1416=ORIENTED_EDGE('',*,*,#4330,.F.);
#1417=ORIENTED_EDGE('',*,*,#4302,.T.);
#1418=ORIENTED_EDGE('',*,*,#4423,.T.);
#1419=ORIENTED_EDGE('',*,*,#4393,.F.);
#1420=ORIENTED_EDGE('',*,*,#4424,.F.);
#1421=ORIENTED_EDGE('',*,*,#4425,.T.);
#1422=ORIENTED_EDGE('',*,*,#4426,.F.);
#1423=ORIENTED_EDGE('',*,*,#3890,.F.);
#1424=ORIENTED_EDGE('',*,*,#3854,.T.);
#1425=ORIENTED_EDGE('',*,*,#4427,.T.);
#1426=ORIENTED_EDGE('',*,*,#4157,.F.);
#1427=ORIENTED_EDGE('',*,*,#4417,.T.);
#1428=ORIENTED_EDGE('',*,*,#4428,.T.);
#1429=ORIENTED_EDGE('',*,*,#4429,.F.);
#1430=ORIENTED_EDGE('',*,*,#4430,.F.);
#1431=ORIENTED_EDGE('',*,*,#4431,.T.);
#1432=ORIENTED_EDGE('',*,*,#4432,.T.);
#1433=ORIENTED_EDGE('',*,*,#4433,.T.);
#1434=ORIENTED_EDGE('',*,*,#4434,.F.);
#1435=ORIENTED_EDGE('',*,*,#4303,.T.);
#1436=ORIENTED_EDGE('',*,*,#4424,.T.);
#1437=ORIENTED_EDGE('',*,*,#4396,.F.);
#1438=ORIENTED_EDGE('',*,*,#4435,.F.);
#1439=ORIENTED_EDGE('',*,*,#4098,.F.);
#1440=ORIENTED_EDGE('',*,*,#4436,.T.);
#1441=ORIENTED_EDGE('',*,*,#4437,.F.);
#1442=ORIENTED_EDGE('',*,*,#4197,.F.);
#1443=ORIENTED_EDGE('',*,*,#4438,.F.);
#1444=ORIENTED_EDGE('',*,*,#4439,.F.);
#1445=ORIENTED_EDGE('',*,*,#4440,.T.);
#1446=ORIENTED_EDGE('',*,*,#4441,.T.);
#1447=ORIENTED_EDGE('',*,*,#4442,.T.);
#1448=ORIENTED_EDGE('',*,*,#4443,.F.);
#1449=ORIENTED_EDGE('',*,*,#4444,.F.);
#1450=ORIENTED_EDGE('',*,*,#4445,.F.);
#1451=ORIENTED_EDGE('',*,*,#4269,.T.);
#1452=ORIENTED_EDGE('',*,*,#3735,.T.);
#1453=ORIENTED_EDGE('',*,*,#4446,.F.);
#1454=ORIENTED_EDGE('',*,*,#4447,.T.);
#1455=ORIENTED_EDGE('',*,*,#4448,.F.);
#1456=ORIENTED_EDGE('',*,*,#4449,.T.);
#1457=ORIENTED_EDGE('',*,*,#4450,.T.);
#1458=ORIENTED_EDGE('',*,*,#4451,.T.);
#1459=ORIENTED_EDGE('',*,*,#4452,.F.);
#1460=ORIENTED_EDGE('',*,*,#4453,.T.);
#1461=ORIENTED_EDGE('',*,*,#4386,.F.);
#1462=ORIENTED_EDGE('',*,*,#4454,.F.);
#1463=ORIENTED_EDGE('',*,*,#4455,.F.);
#1464=ORIENTED_EDGE('',*,*,#4452,.T.);
#1465=ORIENTED_EDGE('',*,*,#4456,.T.);
#1466=ORIENTED_EDGE('',*,*,#3742,.T.);
#1467=ORIENTED_EDGE('',*,*,#4457,.T.);
#1468=ORIENTED_EDGE('',*,*,#4458,.T.);
#1469=ORIENTED_EDGE('',*,*,#4459,.T.);
#1470=ORIENTED_EDGE('',*,*,#4037,.F.);
#1471=ORIENTED_EDGE('',*,*,#4460,.F.);
#1472=ORIENTED_EDGE('',*,*,#4461,.T.);
#1473=ORIENTED_EDGE('',*,*,#4462,.T.);
#1474=ORIENTED_EDGE('',*,*,#4463,.F.);
#1475=ORIENTED_EDGE('',*,*,#4464,.T.);
#1476=ORIENTED_EDGE('',*,*,#3797,.T.);
#1477=ORIENTED_EDGE('',*,*,#3768,.F.);
#1478=ORIENTED_EDGE('',*,*,#4399,.T.);
#1479=ORIENTED_EDGE('',*,*,#4465,.F.);
#1480=ORIENTED_EDGE('',*,*,#4466,.F.);
#1481=ORIENTED_EDGE('',*,*,#3850,.T.);
#1482=ORIENTED_EDGE('',*,*,#4467,.T.);
#1483=ORIENTED_EDGE('',*,*,#4468,.T.);
#1484=ORIENTED_EDGE('',*,*,#4311,.F.);
#1485=ORIENTED_EDGE('',*,*,#4334,.T.);
#1486=ORIENTED_EDGE('',*,*,#4469,.F.);
#1487=ORIENTED_EDGE('',*,*,#4470,.F.);
#1488=ORIENTED_EDGE('',*,*,#4471,.F.);
#1489=ORIENTED_EDGE('',*,*,#4472,.F.);
#1490=ORIENTED_EDGE('',*,*,#4473,.F.);
#1491=ORIENTED_EDGE('',*,*,#3886,.F.);
#1492=ORIENTED_EDGE('',*,*,#4474,.F.);
#1493=ORIENTED_EDGE('',*,*,#4475,.T.);
#1494=ORIENTED_EDGE('',*,*,#4476,.T.);
#1495=ORIENTED_EDGE('',*,*,#4477,.F.);
#1496=ORIENTED_EDGE('',*,*,#4478,.T.);
#1497=ORIENTED_EDGE('',*,*,#4479,.T.);
#1498=ORIENTED_EDGE('',*,*,#4480,.T.);
#1499=ORIENTED_EDGE('',*,*,#4208,.F.);
#1500=ORIENTED_EDGE('',*,*,#4309,.F.);
#1501=ORIENTED_EDGE('',*,*,#4481,.F.);
#1502=ORIENTED_EDGE('',*,*,#4482,.F.);
#1503=ORIENTED_EDGE('',*,*,#4483,.F.);
#1504=ORIENTED_EDGE('',*,*,#4484,.T.);
#1505=ORIENTED_EDGE('',*,*,#4335,.T.);
#1506=ORIENTED_EDGE('',*,*,#4313,.T.);
#1507=ORIENTED_EDGE('',*,*,#4485,.T.);
#1508=ORIENTED_EDGE('',*,*,#4486,.T.);
#1509=ORIENTED_EDGE('',*,*,#4487,.T.);
#1510=ORIENTED_EDGE('',*,*,#4488,.F.);
#1511=ORIENTED_EDGE('',*,*,#3769,.F.);
#1512=ORIENTED_EDGE('',*,*,#3796,.F.);
#1513=ORIENTED_EDGE('',*,*,#4489,.T.);
#1514=ORIENTED_EDGE('',*,*,#3754,.T.);
#1515=ORIENTED_EDGE('',*,*,#4230,.F.);
#1516=ORIENTED_EDGE('',*,*,#4490,.T.);
#1517=ORIENTED_EDGE('',*,*,#4491,.F.);
#1518=ORIENTED_EDGE('',*,*,#4374,.F.);
#1519=ORIENTED_EDGE('',*,*,#4492,.T.);
#1520=ORIENTED_EDGE('',*,*,#3772,.T.);
#1521=ORIENTED_EDGE('',*,*,#4493,.T.);
#1522=ORIENTED_EDGE('',*,*,#4494,.T.);
#1523=ORIENTED_EDGE('',*,*,#4495,.F.);
#1524=ORIENTED_EDGE('',*,*,#4496,.F.);
#1525=ORIENTED_EDGE('',*,*,#4497,.F.);
#1526=ORIENTED_EDGE('',*,*,#4498,.T.);
#1527=ORIENTED_EDGE('',*,*,#4499,.T.);
#1528=ORIENTED_EDGE('',*,*,#4500,.F.);
#1529=ORIENTED_EDGE('',*,*,#4501,.T.);
#1530=ORIENTED_EDGE('',*,*,#4502,.T.);
#1531=ORIENTED_EDGE('',*,*,#4503,.T.);
#1532=ORIENTED_EDGE('',*,*,#4160,.T.);
#1533=ORIENTED_EDGE('',*,*,#4493,.F.);
#1534=ORIENTED_EDGE('',*,*,#4504,.F.);
#1535=ORIENTED_EDGE('',*,*,#4397,.F.);
#1536=ORIENTED_EDGE('',*,*,#3848,.T.);
#1537=ORIENTED_EDGE('',*,*,#4505,.T.);
#1538=ORIENTED_EDGE('',*,*,#4506,.F.);
#1539=ORIENTED_EDGE('',*,*,#3926,.F.);
#1540=ORIENTED_EDGE('',*,*,#4507,.F.);
#1541=ORIENTED_EDGE('',*,*,#4508,.T.);
#1542=ORIENTED_EDGE('',*,*,#4509,.T.);
#1543=ORIENTED_EDGE('',*,*,#4510,.T.);
#1544=ORIENTED_EDGE('',*,*,#4511,.T.);
#1545=ORIENTED_EDGE('',*,*,#4059,.T.);
#1546=ORIENTED_EDGE('',*,*,#4512,.F.);
#1547=ORIENTED_EDGE('',*,*,#4513,.F.);
#1548=ORIENTED_EDGE('',*,*,#3846,.T.);
#1549=ORIENTED_EDGE('',*,*,#4514,.T.);
#1550=ORIENTED_EDGE('',*,*,#4477,.T.);
#1551=ORIENTED_EDGE('',*,*,#4515,.T.);
#1552=ORIENTED_EDGE('',*,*,#4255,.T.);
#1553=ORIENTED_EDGE('',*,*,#4516,.T.);
#1554=ORIENTED_EDGE('',*,*,#4517,.T.);
#1555=ORIENTED_EDGE('',*,*,#4518,.F.);
#1556=ORIENTED_EDGE('',*,*,#4499,.F.);
#1557=ORIENTED_EDGE('',*,*,#4519,.F.);
#1558=ORIENTED_EDGE('',*,*,#4520,.F.);
#1559=ORIENTED_EDGE('',*,*,#4521,.F.);
#1560=ORIENTED_EDGE('',*,*,#4522,.T.);
#1561=ORIENTED_EDGE('',*,*,#4523,.F.);
#1562=ORIENTED_EDGE('',*,*,#3887,.F.);
#1563=ORIENTED_EDGE('',*,*,#4473,.T.);
#1564=ORIENTED_EDGE('',*,*,#4524,.T.);
#1565=ORIENTED_EDGE('',*,*,#4525,.F.);
#1566=ORIENTED_EDGE('',*,*,#4526,.F.);
#1567=ORIENTED_EDGE('',*,*,#4527,.F.);
#1568=ORIENTED_EDGE('',*,*,#4528,.F.);
#1569=ORIENTED_EDGE('',*,*,#4529,.T.);
#1570=ORIENTED_EDGE('',*,*,#4371,.F.);
#1571=ORIENTED_EDGE('',*,*,#4530,.T.);
#1572=ORIENTED_EDGE('',*,*,#4531,.T.);
#1573=ORIENTED_EDGE('',*,*,#4532,.T.);
#1574=ORIENTED_EDGE('',*,*,#4533,.T.);
#1575=ORIENTED_EDGE('',*,*,#4478,.F.);
#1576=ORIENTED_EDGE('',*,*,#4514,.F.);
#1577=ORIENTED_EDGE('',*,*,#4254,.F.);
#1578=ORIENTED_EDGE('',*,*,#4306,.T.);
#1579=ORIENTED_EDGE('',*,*,#3915,.T.);
#1580=ORIENTED_EDGE('',*,*,#3888,.T.);
#1581=ORIENTED_EDGE('',*,*,#4523,.T.);
#1582=ORIENTED_EDGE('',*,*,#4534,.F.);
#1583=ORIENTED_EDGE('',*,*,#4535,.T.);
#1584=ORIENTED_EDGE('',*,*,#4536,.T.);
#1585=ORIENTED_EDGE('',*,*,#4537,.F.);
#1586=ORIENTED_EDGE('',*,*,#4538,.T.);
#1587=ORIENTED_EDGE('',*,*,#4500,.T.);
#1588=ORIENTED_EDGE('',*,*,#4518,.T.);
#1589=ORIENTED_EDGE('',*,*,#4539,.T.);
#1590=ORIENTED_EDGE('',*,*,#4540,.F.);
#1591=ORIENTED_EDGE('',*,*,#4541,.F.);
#1592=ORIENTED_EDGE('',*,*,#3776,.F.);
#1593=ORIENTED_EDGE('',*,*,#4139,.F.);
#1594=ORIENTED_EDGE('',*,*,#4106,.F.);
#1595=ORIENTED_EDGE('',*,*,#4017,.F.);
#1596=ORIENTED_EDGE('',*,*,#4287,.F.);
#1597=ORIENTED_EDGE('',*,*,#4542,.F.);
#1598=ORIENTED_EDGE('',*,*,#3869,.F.);
#1599=ORIENTED_EDGE('',*,*,#4543,.F.);
#1600=ORIENTED_EDGE('',*,*,#4544,.F.);
#1601=ORIENTED_EDGE('',*,*,#4545,.F.);
#1602=ORIENTED_EDGE('',*,*,#4546,.F.);
#1603=ORIENTED_EDGE('',*,*,#4547,.F.);
#1604=ORIENTED_EDGE('',*,*,#3956,.F.);
#1605=ORIENTED_EDGE('',*,*,#4070,.F.);
#1606=ORIENTED_EDGE('',*,*,#4548,.F.);
#1607=ORIENTED_EDGE('',*,*,#4549,.F.);
#1608=ORIENTED_EDGE('',*,*,#4550,.F.);
#1609=ORIENTED_EDGE('',*,*,#3953,.F.);
#1610=ORIENTED_EDGE('',*,*,#4551,.F.);
#1611=ORIENTED_EDGE('',*,*,#4552,.F.);
#1612=ORIENTED_EDGE('',*,*,#4553,.F.);
#1613=ORIENTED_EDGE('',*,*,#3819,.F.);
#1614=ORIENTED_EDGE('',*,*,#4554,.F.);
#1615=ORIENTED_EDGE('',*,*,#4446,.T.);
#1616=ORIENTED_EDGE('',*,*,#3867,.T.);
#1617=ORIENTED_EDGE('',*,*,#3866,.T.);
#1618=ORIENTED_EDGE('',*,*,#4555,.F.);
#1619=ORIENTED_EDGE('',*,*,#4556,.T.);
#1620=ORIENTED_EDGE('',*,*,#4557,.T.);
#1621=ORIENTED_EDGE('',*,*,#4558,.F.);
#1622=ORIENTED_EDGE('',*,*,#4559,.F.);
#1623=ORIENTED_EDGE('',*,*,#4479,.F.);
#1624=ORIENTED_EDGE('',*,*,#4533,.F.);
#1625=ORIENTED_EDGE('',*,*,#4560,.T.);
#1626=ORIENTED_EDGE('',*,*,#4561,.T.);
#1627=ORIENTED_EDGE('',*,*,#3912,.T.);
#1628=ORIENTED_EDGE('',*,*,#4562,.T.);
#1629=ORIENTED_EDGE('',*,*,#4563,.T.);
#1630=ORIENTED_EDGE('',*,*,#4564,.F.);
#1631=ORIENTED_EDGE('',*,*,#4565,.F.);
#1632=ORIENTED_EDGE('',*,*,#4566,.F.);
#1633=ORIENTED_EDGE('',*,*,#4567,.F.);
#1634=ORIENTED_EDGE('',*,*,#4568,.F.);
#1635=ORIENTED_EDGE('',*,*,#4569,.F.);
#1636=ORIENTED_EDGE('',*,*,#4570,.F.);
#1637=ORIENTED_EDGE('',*,*,#4571,.T.);
#1638=ORIENTED_EDGE('',*,*,#4572,.T.);
#1639=ORIENTED_EDGE('',*,*,#4034,.F.);
#1640=ORIENTED_EDGE('',*,*,#4573,.F.);
#1641=ORIENTED_EDGE('',*,*,#3929,.T.);
#1642=ORIENTED_EDGE('',*,*,#4574,.T.);
#1643=ORIENTED_EDGE('',*,*,#4211,.F.);
#1644=ORIENTED_EDGE('',*,*,#4575,.T.);
#1645=ORIENTED_EDGE('',*,*,#4576,.F.);
#1646=ORIENTED_EDGE('',*,*,#4577,.T.);
#1647=ORIENTED_EDGE('',*,*,#4578,.T.);
#1648=ORIENTED_EDGE('',*,*,#3940,.T.);
#1649=ORIENTED_EDGE('',*,*,#4579,.F.);
#1650=ORIENTED_EDGE('',*,*,#4580,.T.);
#1651=ORIENTED_EDGE('',*,*,#4581,.T.);
#1652=ORIENTED_EDGE('',*,*,#4379,.T.);
#1653=ORIENTED_EDGE('',*,*,#4582,.F.);
#1654=ORIENTED_EDGE('',*,*,#4583,.T.);
#1655=ORIENTED_EDGE('',*,*,#4584,.T.);
#1656=ORIENTED_EDGE('',*,*,#4585,.F.);
#1657=ORIENTED_EDGE('',*,*,#4586,.T.);
#1658=ORIENTED_EDGE('',*,*,#4587,.T.);
#1659=ORIENTED_EDGE('',*,*,#4588,.T.);
#1660=ORIENTED_EDGE('',*,*,#3981,.F.);
#1661=ORIENTED_EDGE('',*,*,#4589,.T.);
#1662=ORIENTED_EDGE('',*,*,#4590,.T.);
#1663=ORIENTED_EDGE('',*,*,#4591,.F.);
#1664=ORIENTED_EDGE('',*,*,#4592,.T.);
#1665=ORIENTED_EDGE('',*,*,#4593,.F.);
#1666=ORIENTED_EDGE('',*,*,#4594,.T.);
#1667=ORIENTED_EDGE('',*,*,#3822,.F.);
#1668=ORIENTED_EDGE('',*,*,#4595,.F.);
#1669=ORIENTED_EDGE('',*,*,#4596,.F.);
#1670=ORIENTED_EDGE('',*,*,#4597,.T.);
#1671=ORIENTED_EDGE('',*,*,#4459,.F.);
#1672=ORIENTED_EDGE('',*,*,#4598,.F.);
#1673=ORIENTED_EDGE('',*,*,#3757,.T.);
#1674=ORIENTED_EDGE('',*,*,#4599,.F.);
#1675=ORIENTED_EDGE('',*,*,#4600,.T.);
#1676=ORIENTED_EDGE('',*,*,#4601,.T.);
#1677=ORIENTED_EDGE('',*,*,#4264,.T.);
#1678=ORIENTED_EDGE('',*,*,#3743,.T.);
#1679=ORIENTED_EDGE('',*,*,#4602,.T.);
#1680=ORIENTED_EDGE('',*,*,#4603,.T.);
#1681=ORIENTED_EDGE('',*,*,#4604,.T.);
#1682=ORIENTED_EDGE('',*,*,#4605,.F.);
#1683=ORIENTED_EDGE('',*,*,#4606,.T.);
#1684=ORIENTED_EDGE('',*,*,#4607,.T.);
#1685=ORIENTED_EDGE('',*,*,#4608,.T.);
#1686=ORIENTED_EDGE('',*,*,#4609,.F.);
#1687=ORIENTED_EDGE('',*,*,#4610,.F.);
#1688=ORIENTED_EDGE('',*,*,#4238,.T.);
#1689=ORIENTED_EDGE('',*,*,#4611,.F.);
#1690=ORIENTED_EDGE('',*,*,#4612,.T.);
#1691=ORIENTED_EDGE('',*,*,#4326,.F.);
#1692=ORIENTED_EDGE('',*,*,#4613,.T.);
#1693=ORIENTED_EDGE('',*,*,#4590,.F.);
#1694=ORIENTED_EDGE('',*,*,#4614,.T.);
#1695=ORIENTED_EDGE('',*,*,#4219,.F.);
#1696=ORIENTED_EDGE('',*,*,#4615,.T.);
#1697=ORIENTED_EDGE('',*,*,#4616,.F.);
#1698=ORIENTED_EDGE('',*,*,#4617,.F.);
#1699=ORIENTED_EDGE('',*,*,#3862,.T.);
#1700=ORIENTED_EDGE('',*,*,#4618,.T.);
#1701=ORIENTED_EDGE('',*,*,#4619,.T.);
#1702=ORIENTED_EDGE('',*,*,#4620,.F.);
#1703=ORIENTED_EDGE('',*,*,#4621,.T.);
#1704=ORIENTED_EDGE('',*,*,#4622,.T.);
#1705=ORIENTED_EDGE('',*,*,#4623,.T.);
#1706=ORIENTED_EDGE('',*,*,#3732,.F.);
#1707=ORIENTED_EDGE('',*,*,#3868,.T.);
#1708=ORIENTED_EDGE('',*,*,#3814,.F.);
#1709=ORIENTED_EDGE('',*,*,#4624,.F.);
#1710=ORIENTED_EDGE('',*,*,#4064,.F.);
#1711=ORIENTED_EDGE('',*,*,#4625,.T.);
#1712=ORIENTED_EDGE('',*,*,#4202,.F.);
#1713=ORIENTED_EDGE('',*,*,#4626,.T.);
#1714=ORIENTED_EDGE('',*,*,#4627,.F.);
#1715=ORIENTED_EDGE('',*,*,#4628,.F.);
#1716=ORIENTED_EDGE('',*,*,#4166,.T.);
#1717=ORIENTED_EDGE('',*,*,#4629,.F.);
#1718=ORIENTED_EDGE('',*,*,#4630,.F.);
#1719=ORIENTED_EDGE('',*,*,#4631,.T.);
#1720=ORIENTED_EDGE('',*,*,#4535,.F.);
#1721=ORIENTED_EDGE('',*,*,#4632,.F.);
#1722=ORIENTED_EDGE('',*,*,#4633,.F.);
#1723=ORIENTED_EDGE('',*,*,#4471,.T.);
#1724=ORIENTED_EDGE('',*,*,#4634,.T.);
#1725=ORIENTED_EDGE('',*,*,#4635,.T.);
#1726=ORIENTED_EDGE('',*,*,#4636,.F.);
#1727=ORIENTED_EDGE('',*,*,#3994,.F.);
#1728=ORIENTED_EDGE('',*,*,#4637,.T.);
#1729=ORIENTED_EDGE('',*,*,#4638,.T.);
#1730=ORIENTED_EDGE('',*,*,#4639,.T.);
#1731=ORIENTED_EDGE('',*,*,#4640,.T.);
#1732=ORIENTED_EDGE('',*,*,#4103,.T.);
#1733=ORIENTED_EDGE('',*,*,#4641,.F.);
#1734=ORIENTED_EDGE('',*,*,#4292,.F.);
#1735=ORIENTED_EDGE('',*,*,#4642,.T.);
#1736=ORIENTED_EDGE('',*,*,#4643,.T.);
#1737=ORIENTED_EDGE('',*,*,#4600,.F.);
#1738=ORIENTED_EDGE('',*,*,#4644,.F.);
#1739=ORIENTED_EDGE('',*,*,#4645,.T.);
#1740=ORIENTED_EDGE('',*,*,#4646,.T.);
#1741=ORIENTED_EDGE('',*,*,#4000,.T.);
#1742=ORIENTED_EDGE('',*,*,#4647,.T.);
#1743=ORIENTED_EDGE('',*,*,#4099,.F.);
#1744=ORIENTED_EDGE('',*,*,#4648,.F.);
#1745=ORIENTED_EDGE('',*,*,#4649,.F.);
#1746=ORIENTED_EDGE('',*,*,#4650,.F.);
#1747=ORIENTED_EDGE('',*,*,#4205,.F.);
#1748=ORIENTED_EDGE('',*,*,#4438,.T.);
#1749=ORIENTED_EDGE('',*,*,#4196,.T.);
#1750=ORIENTED_EDGE('',*,*,#4651,.F.);
#1751=ORIENTED_EDGE('',*,*,#4652,.T.);
#1752=ORIENTED_EDGE('',*,*,#4653,.T.);
#1753=ORIENTED_EDGE('',*,*,#4654,.T.);
#1754=ORIENTED_EDGE('',*,*,#3879,.T.);
#1755=ORIENTED_EDGE('',*,*,#3954,.T.);
#1756=ORIENTED_EDGE('',*,*,#4655,.F.);
#1757=ORIENTED_EDGE('',*,*,#3820,.T.);
#1758=ORIENTED_EDGE('',*,*,#4553,.T.);
#1759=ORIENTED_EDGE('',*,*,#4656,.T.);
#1760=ORIENTED_EDGE('',*,*,#4495,.T.);
#1761=ORIENTED_EDGE('',*,*,#4657,.T.);
#1762=ORIENTED_EDGE('',*,*,#4296,.T.);
#1763=ORIENTED_EDGE('',*,*,#4658,.T.);
#1764=ORIENTED_EDGE('',*,*,#4659,.T.);
#1765=ORIENTED_EDGE('',*,*,#4115,.F.);
#1766=ORIENTED_EDGE('',*,*,#4660,.F.);
#1767=ORIENTED_EDGE('',*,*,#3785,.F.);
#1768=ORIENTED_EDGE('',*,*,#3938,.T.);
#1769=ORIENTED_EDGE('',*,*,#4661,.T.);
#1770=ORIENTED_EDGE('',*,*,#4448,.T.);
#1771=ORIENTED_EDGE('',*,*,#4540,.T.);
#1772=ORIENTED_EDGE('',*,*,#4662,.F.);
#1773=ORIENTED_EDGE('',*,*,#4293,.T.);
#1774=ORIENTED_EDGE('',*,*,#4663,.T.);
#1775=ORIENTED_EDGE('',*,*,#4664,.T.);
#1776=ORIENTED_EDGE('',*,*,#4432,.F.);
#1777=ORIENTED_EDGE('',*,*,#4665,.F.);
#1778=ORIENTED_EDGE('',*,*,#4666,.T.);
#1779=ORIENTED_EDGE('',*,*,#4667,.F.);
#1780=ORIENTED_EDGE('',*,*,#4668,.F.);
#1781=ORIENTED_EDGE('',*,*,#4669,.T.);
#1782=ORIENTED_EDGE('',*,*,#4670,.T.);
#1783=ORIENTED_EDGE('',*,*,#4671,.T.);
#1784=ORIENTED_EDGE('',*,*,#4672,.T.);
#1785=ORIENTED_EDGE('',*,*,#4673,.F.);
#1786=ORIENTED_EDGE('',*,*,#4674,.F.);
#1787=ORIENTED_EDGE('',*,*,#3914,.F.);
#1788=ORIENTED_EDGE('',*,*,#3906,.F.);
#1789=ORIENTED_EDGE('',*,*,#4675,.T.);
#1790=ORIENTED_EDGE('',*,*,#4474,.T.);
#1791=ORIENTED_EDGE('',*,*,#4065,.F.);
#1792=ORIENTED_EDGE('',*,*,#4676,.F.);
#1793=ORIENTED_EDGE('',*,*,#4677,.F.);
#1794=ORIENTED_EDGE('',*,*,#4678,.T.);
#1795=ORIENTED_EDGE('',*,*,#4665,.T.);
#1796=ORIENTED_EDGE('',*,*,#4431,.F.);
#1797=ORIENTED_EDGE('',*,*,#4679,.F.);
#1798=ORIENTED_EDGE('',*,*,#4680,.F.);
#1799=ORIENTED_EDGE('',*,*,#4681,.T.);
#1800=ORIENTED_EDGE('',*,*,#4586,.F.);
#1801=ORIENTED_EDGE('',*,*,#4682,.T.);
#1802=ORIENTED_EDGE('',*,*,#4683,.T.);
#1803=ORIENTED_EDGE('',*,*,#4684,.F.);
#1804=ORIENTED_EDGE('',*,*,#4382,.F.);
#1805=ORIENTED_EDGE('',*,*,#4177,.T.);
#1806=ORIENTED_EDGE('',*,*,#4685,.T.);
#1807=ORIENTED_EDGE('',*,*,#4223,.F.);
#1808=ORIENTED_EDGE('',*,*,#4686,.F.);
#1809=ORIENTED_EDGE('',*,*,#3843,.T.);
#1810=ORIENTED_EDGE('',*,*,#4687,.F.);
#1811=ORIENTED_EDGE('',*,*,#4067,.T.);
#1812=ORIENTED_EDGE('',*,*,#4688,.T.);
#1813=ORIENTED_EDGE('',*,*,#4365,.T.);
#1814=ORIENTED_EDGE('',*,*,#4689,.T.);
#1815=ORIENTED_EDGE('',*,*,#4690,.T.);
#1816=ORIENTED_EDGE('',*,*,#4691,.T.);
#1817=ORIENTED_EDGE('',*,*,#4692,.T.);
#1818=ORIENTED_EDGE('',*,*,#4544,.T.);
#1819=ORIENTED_EDGE('',*,*,#4693,.F.);
#1820=ORIENTED_EDGE('',*,*,#4694,.F.);
#1821=ORIENTED_EDGE('',*,*,#4695,.T.);
#1822=ORIENTED_EDGE('',*,*,#4696,.T.);
#1823=ORIENTED_EDGE('',*,*,#4697,.F.);
#1824=ORIENTED_EDGE('',*,*,#4337,.T.);
#1825=ORIENTED_EDGE('',*,*,#4698,.T.);
#1826=ORIENTED_EDGE('',*,*,#4699,.T.);
#1827=ORIENTED_EDGE('',*,*,#4038,.F.);
#1828=ORIENTED_EDGE('',*,*,#4462,.F.);
#1829=ORIENTED_EDGE('',*,*,#4700,.T.);
#1830=ORIENTED_EDGE('',*,*,#4701,.T.);
#1831=ORIENTED_EDGE('',*,*,#4702,.F.);
#1832=ORIENTED_EDGE('',*,*,#3945,.F.);
#1833=ORIENTED_EDGE('',*,*,#4703,.T.);
#1834=ORIENTED_EDGE('',*,*,#4704,.T.);
#1835=ORIENTED_EDGE('',*,*,#4705,.T.);
#1836=ORIENTED_EDGE('',*,*,#4411,.F.);
#1837=ORIENTED_EDGE('',*,*,#4706,.F.);
#1838=ORIENTED_EDGE('',*,*,#4707,.T.);
#1839=ORIENTED_EDGE('',*,*,#4708,.T.);
#1840=ORIENTED_EDGE('',*,*,#4709,.T.);
#1841=ORIENTED_EDGE('',*,*,#4710,.F.);
#1842=ORIENTED_EDGE('',*,*,#4711,.T.);
#1843=ORIENTED_EDGE('',*,*,#4712,.T.);
#1844=ORIENTED_EDGE('',*,*,#4141,.F.);
#1845=ORIENTED_EDGE('',*,*,#4234,.T.);
#1846=ORIENTED_EDGE('',*,*,#4713,.T.);
#1847=ORIENTED_EDGE('',*,*,#3947,.T.);
#1848=ORIENTED_EDGE('',*,*,#4501,.F.);
#1849=ORIENTED_EDGE('',*,*,#4159,.F.);
#1850=ORIENTED_EDGE('',*,*,#4714,.T.);
#1851=ORIENTED_EDGE('',*,*,#4715,.F.);
#1852=ORIENTED_EDGE('',*,*,#4716,.F.);
#1853=ORIENTED_EDGE('',*,*,#4717,.F.);
#1854=ORIENTED_EDGE('',*,*,#4123,.T.);
#1855=ORIENTED_EDGE('',*,*,#4718,.F.);
#1856=ORIENTED_EDGE('',*,*,#4080,.F.);
#1857=ORIENTED_EDGE('',*,*,#4421,.F.);
#1858=ORIENTED_EDGE('',*,*,#3987,.T.);
#1859=ORIENTED_EDGE('',*,*,#4719,.T.);
#1860=ORIENTED_EDGE('',*,*,#4720,.T.);
#1861=ORIENTED_EDGE('',*,*,#4721,.T.);
#1862=ORIENTED_EDGE('',*,*,#4722,.F.);
#1863=ORIENTED_EDGE('',*,*,#4723,.T.);
#1864=ORIENTED_EDGE('',*,*,#4724,.F.);
#1865=ORIENTED_EDGE('',*,*,#4272,.T.);
#1866=ORIENTED_EDGE('',*,*,#4035,.F.);
#1867=ORIENTED_EDGE('',*,*,#4572,.F.);
#1868=ORIENTED_EDGE('',*,*,#4725,.T.);
#1869=ORIENTED_EDGE('',*,*,#4726,.T.);
#1870=ORIENTED_EDGE('',*,*,#4281,.F.);
#1871=ORIENTED_EDGE('',*,*,#4727,.T.);
#1872=ORIENTED_EDGE('',*,*,#4728,.F.);
#1873=ORIENTED_EDGE('',*,*,#4729,.F.);
#1874=ORIENTED_EDGE('',*,*,#4730,.F.);
#1875=ORIENTED_EDGE('',*,*,#3934,.F.);
#1876=ORIENTED_EDGE('',*,*,#4731,.T.);
#1877=ORIENTED_EDGE('',*,*,#4213,.T.);
#1878=ORIENTED_EDGE('',*,*,#4558,.T.);
#1879=ORIENTED_EDGE('',*,*,#4732,.T.);
#1880=ORIENTED_EDGE('',*,*,#4146,.T.);
#1881=ORIENTED_EDGE('',*,*,#4733,.T.);
#1882=ORIENTED_EDGE('',*,*,#4362,.T.);
#1883=ORIENTED_EDGE('',*,*,#4734,.T.);
#1884=ORIENTED_EDGE('',*,*,#3917,.F.);
#1885=ORIENTED_EDGE('',*,*,#4735,.T.);
#1886=ORIENTED_EDGE('',*,*,#3863,.T.);
#1887=ORIENTED_EDGE('',*,*,#4617,.T.);
#1888=ORIENTED_EDGE('',*,*,#4736,.F.);
#1889=ORIENTED_EDGE('',*,*,#4737,.F.);
#1890=ORIENTED_EDGE('',*,*,#4738,.F.);
#1891=ORIENTED_EDGE('',*,*,#4739,.F.);
#1892=ORIENTED_EDGE('',*,*,#4740,.F.);
#1893=ORIENTED_EDGE('',*,*,#4741,.T.);
#1894=ORIENTED_EDGE('',*,*,#3965,.F.);
#1895=ORIENTED_EDGE('',*,*,#4184,.T.);
#1896=ORIENTED_EDGE('',*,*,#3808,.T.);
#1897=ORIENTED_EDGE('',*,*,#3977,.F.);
#1898=ORIENTED_EDGE('',*,*,#4400,.F.);
#1899=ORIENTED_EDGE('',*,*,#4742,.T.);
#1900=ORIENTED_EDGE('',*,*,#4743,.F.);
#1901=ORIENTED_EDGE('',*,*,#4744,.T.);
#1902=ORIENTED_EDGE('',*,*,#4745,.T.);
#1903=ORIENTED_EDGE('',*,*,#4150,.F.);
#1904=ORIENTED_EDGE('',*,*,#4746,.F.);
#1905=ORIENTED_EDGE('',*,*,#4747,.F.);
#1906=ORIENTED_EDGE('',*,*,#4748,.T.);
#1907=ORIENTED_EDGE('',*,*,#4706,.T.);
#1908=ORIENTED_EDGE('',*,*,#4410,.F.);
#1909=ORIENTED_EDGE('',*,*,#4749,.T.);
#1910=ORIENTED_EDGE('',*,*,#4750,.T.);
#1911=ORIENTED_EDGE('',*,*,#4751,.T.);
#1912=ORIENTED_EDGE('',*,*,#4054,.T.);
#1913=ORIENTED_EDGE('',*,*,#3861,.T.);
#1914=ORIENTED_EDGE('',*,*,#4752,.T.);
#1915=ORIENTED_EDGE('',*,*,#4753,.F.);
#1916=ORIENTED_EDGE('',*,*,#4618,.F.);
#1917=ORIENTED_EDGE('',*,*,#4754,.T.);
#1918=ORIENTED_EDGE('',*,*,#3935,.T.);
#1919=ORIENTED_EDGE('',*,*,#3784,.F.);
#1920=ORIENTED_EDGE('',*,*,#4755,.T.);
#1921=ORIENTED_EDGE('',*,*,#4756,.T.);
#1922=ORIENTED_EDGE('',*,*,#4757,.F.);
#1923=ORIENTED_EDGE('',*,*,#4116,.F.);
#1924=ORIENTED_EDGE('',*,*,#4758,.F.);
#1925=ORIENTED_EDGE('',*,*,#4759,.T.);
#1926=ORIENTED_EDGE('',*,*,#4760,.F.);
#1927=ORIENTED_EDGE('',*,*,#4761,.F.);
#1928=ORIENTED_EDGE('',*,*,#4762,.F.);
#1929=ORIENTED_EDGE('',*,*,#4763,.T.);
#1930=ORIENTED_EDGE('',*,*,#4764,.T.);
#1931=ORIENTED_EDGE('',*,*,#4765,.F.);
#1932=ORIENTED_EDGE('',*,*,#4766,.T.);
#1933=ORIENTED_EDGE('',*,*,#4767,.F.);
#1934=ORIENTED_EDGE('',*,*,#4768,.F.);
#1935=ORIENTED_EDGE('',*,*,#4769,.F.);
#1936=ORIENTED_EDGE('',*,*,#4770,.F.);
#1937=ORIENTED_EDGE('',*,*,#4771,.F.);
#1938=ORIENTED_EDGE('',*,*,#4700,.F.);
#1939=ORIENTED_EDGE('',*,*,#4461,.F.);
#1940=ORIENTED_EDGE('',*,*,#4772,.F.);
#1941=ORIENTED_EDGE('',*,*,#4725,.F.);
#1942=ORIENTED_EDGE('',*,*,#4571,.F.);
#1943=ORIENTED_EDGE('',*,*,#4773,.F.);
#1944=ORIENTED_EDGE('',*,*,#3941,.F.);
#1945=ORIENTED_EDGE('',*,*,#4774,.F.);
#1946=ORIENTED_EDGE('',*,*,#4775,.F.);
#1947=ORIENTED_EDGE('',*,*,#4776,.F.);
#1948=ORIENTED_EDGE('',*,*,#4716,.T.);
#1949=ORIENTED_EDGE('',*,*,#4777,.F.);
#1950=ORIENTED_EDGE('',*,*,#4778,.F.);
#1951=ORIENTED_EDGE('',*,*,#4779,.F.);
#1952=ORIENTED_EDGE('',*,*,#4780,.F.);
#1953=ORIENTED_EDGE('',*,*,#4093,.F.);
#1954=ORIENTED_EDGE('',*,*,#4742,.F.);
#1955=ORIENTED_EDGE('',*,*,#4781,.F.);
#1956=ORIENTED_EDGE('',*,*,#4328,.F.);
#1957=ORIENTED_EDGE('',*,*,#4782,.F.);
#1958=ORIENTED_EDGE('',*,*,#4783,.T.);
#1959=ORIENTED_EDGE('',*,*,#4630,.T.);
#1960=ORIENTED_EDGE('',*,*,#4784,.T.);
#1961=ORIENTED_EDGE('',*,*,#3792,.T.);
#1962=ORIENTED_EDGE('',*,*,#4785,.F.);
#1963=ORIENTED_EDGE('',*,*,#4786,.F.);
#1964=ORIENTED_EDGE('',*,*,#4787,.T.);
#1965=ORIENTED_EDGE('',*,*,#4788,.F.);
#1966=ORIENTED_EDGE('',*,*,#4789,.T.);
#1967=ORIENTED_EDGE('',*,*,#4440,.F.);
#1968=ORIENTED_EDGE('',*,*,#4790,.T.);
#1969=ORIENTED_EDGE('',*,*,#4791,.T.);
#1970=ORIENTED_EDGE('',*,*,#4198,.T.);
#1971=ORIENTED_EDGE('',*,*,#4792,.F.);
#1972=ORIENTED_EDGE('',*,*,#4793,.F.);
#1973=ORIENTED_EDGE('',*,*,#4794,.F.);
#1974=ORIENTED_EDGE('',*,*,#4795,.T.);
#1975=ORIENTED_EDGE('',*,*,#4796,.T.);
#1976=ORIENTED_EDGE('',*,*,#4740,.T.);
#1977=ORIENTED_EDGE('',*,*,#4797,.F.);
#1978=ORIENTED_EDGE('',*,*,#4009,.T.);
#1979=ORIENTED_EDGE('',*,*,#4634,.F.);
#1980=ORIENTED_EDGE('',*,*,#3993,.F.);
#1981=ORIENTED_EDGE('',*,*,#4082,.F.);
#1982=ORIENTED_EDGE('',*,*,#3856,.T.);
#1983=ORIENTED_EDGE('',*,*,#3892,.T.);
#1984=ORIENTED_EDGE('',*,*,#4798,.F.);
#1985=ORIENTED_EDGE('',*,*,#4148,.F.);
#1986=ORIENTED_EDGE('',*,*,#4799,.F.);
#1987=ORIENTED_EDGE('',*,*,#4800,.T.);
#1988=ORIENTED_EDGE('',*,*,#4245,.F.);
#1989=ORIENTED_EDGE('',*,*,#4801,.T.);
#1990=ORIENTED_EDGE('',*,*,#4802,.T.);
#1991=ORIENTED_EDGE('',*,*,#4530,.F.);
#1992=ORIENTED_EDGE('',*,*,#4370,.F.);
#1993=ORIENTED_EDGE('',*,*,#4357,.F.);
#1994=ORIENTED_EDGE('',*,*,#4803,.T.);
#1995=ORIENTED_EDGE('',*,*,#4487,.F.);
#1996=ORIENTED_EDGE('',*,*,#3795,.T.);
#1997=ORIENTED_EDGE('',*,*,#4804,.T.);
#1998=ORIENTED_EDGE('',*,*,#4805,.T.);
#1999=ORIENTED_EDGE('',*,*,#4001,.F.);
#2000=ORIENTED_EDGE('',*,*,#4806,.F.);
#2001=ORIENTED_EDGE('',*,*,#4561,.F.);
#2002=ORIENTED_EDGE('',*,*,#4807,.T.);
#2003=ORIENTED_EDGE('',*,*,#3777,.T.);
#2004=ORIENTED_EDGE('',*,*,#4541,.T.);
#2005=ORIENTED_EDGE('',*,*,#4663,.F.);
#2006=ORIENTED_EDGE('',*,*,#4641,.T.);
#2007=ORIENTED_EDGE('',*,*,#4111,.F.);
#2008=ORIENTED_EDGE('',*,*,#4808,.T.);
#2009=ORIENTED_EDGE('',*,*,#4809,.T.);
#2010=ORIENTED_EDGE('',*,*,#4381,.T.);
#2011=ORIENTED_EDGE('',*,*,#4521,.T.);
#2012=ORIENTED_EDGE('',*,*,#4810,.F.);
#2013=ORIENTED_EDGE('',*,*,#4811,.F.);
#2014=ORIENTED_EDGE('',*,*,#4508,.F.);
#2015=ORIENTED_EDGE('',*,*,#4812,.F.);
#2016=ORIENTED_EDGE('',*,*,#4186,.T.);
#2017=ORIENTED_EDGE('',*,*,#4813,.F.);
#2018=ORIENTED_EDGE('',*,*,#4814,.T.);
#2019=ORIENTED_EDGE('',*,*,#4225,.T.);
#2020=ORIENTED_EDGE('',*,*,#4815,.T.);
#2021=ORIENTED_EDGE('',*,*,#3978,.T.);
#2022=ORIENTED_EDGE('',*,*,#4816,.T.);
#2023=ORIENTED_EDGE('',*,*,#4817,.F.);
#2024=ORIENTED_EDGE('',*,*,#4818,.F.);
#2025=ORIENTED_EDGE('',*,*,#4819,.F.);
#2026=ORIENTED_EDGE('',*,*,#4820,.T.);
#2027=ORIENTED_EDGE('',*,*,#4821,.T.);
#2028=ORIENTED_EDGE('',*,*,#4041,.T.);
#2029=ORIENTED_EDGE('',*,*,#4822,.T.);
#2030=ORIENTED_EDGE('',*,*,#4823,.F.);
#2031=ORIENTED_EDGE('',*,*,#4824,.F.);
#2032=ORIENTED_EDGE('',*,*,#4825,.F.);
#2033=ORIENTED_EDGE('',*,*,#4502,.F.);
#2034=ORIENTED_EDGE('',*,*,#4717,.T.);
#2035=ORIENTED_EDGE('',*,*,#4776,.T.);
#2036=ORIENTED_EDGE('',*,*,#4826,.F.);
#2037=ORIENTED_EDGE('',*,*,#4770,.T.);
#2038=ORIENTED_EDGE('',*,*,#4827,.F.);
#2039=ORIENTED_EDGE('',*,*,#4592,.F.);
#2040=ORIENTED_EDGE('',*,*,#4828,.F.);
#2041=ORIENTED_EDGE('',*,*,#4829,.T.);
#2042=ORIENTED_EDGE('',*,*,#3801,.T.);
#2043=ORIENTED_EDGE('',*,*,#4246,.T.);
#2044=ORIENTED_EDGE('',*,*,#4800,.F.);
#2045=ORIENTED_EDGE('',*,*,#4830,.T.);
#2046=ORIENTED_EDGE('',*,*,#3982,.T.);
#2047=ORIENTED_EDGE('',*,*,#4591,.T.);
#2048=ORIENTED_EDGE('',*,*,#4613,.F.);
#2049=ORIENTED_EDGE('',*,*,#4325,.F.);
#2050=ORIENTED_EDGE('',*,*,#4322,.F.);
#2051=ORIENTED_EDGE('',*,*,#4831,.T.);
#2052=ORIENTED_EDGE('',*,*,#4832,.T.);
#2053=ORIENTED_EDGE('',*,*,#4833,.F.);
#2054=ORIENTED_EDGE('',*,*,#4304,.T.);
#2055=ORIENTED_EDGE('',*,*,#4434,.T.);
#2056=ORIENTED_EDGE('',*,*,#4834,.F.);
#2057=ORIENTED_EDGE('',*,*,#4835,.F.);
#2058=ORIENTED_EDGE('',*,*,#4836,.F.);
#2059=ORIENTED_EDGE('',*,*,#4759,.F.);
#2060=ORIENTED_EDGE('',*,*,#4837,.F.);
#2061=ORIENTED_EDGE('',*,*,#4838,.T.);
#2062=ORIENTED_EDGE('',*,*,#4839,.T.);
#2063=ORIENTED_EDGE('',*,*,#4840,.F.);
#2064=ORIENTED_EDGE('',*,*,#3951,.F.);
#2065=ORIENTED_EDGE('',*,*,#4550,.T.);
#2066=ORIENTED_EDGE('',*,*,#4841,.T.);
#2067=ORIENTED_EDGE('',*,*,#4842,.F.);
#2068=ORIENTED_EDGE('',*,*,#4843,.F.);
#2069=ORIENTED_EDGE('',*,*,#4844,.T.);
#2070=ORIENTED_EDGE('',*,*,#4845,.F.);
#2071=ORIENTED_EDGE('',*,*,#4846,.T.);
#2072=ORIENTED_EDGE('',*,*,#4603,.F.);
#2073=ORIENTED_EDGE('',*,*,#4847,.F.);
#2074=ORIENTED_EDGE('',*,*,#4848,.F.);
#2075=ORIENTED_EDGE('',*,*,#3975,.T.);
#2076=ORIENTED_EDGE('',*,*,#4849,.F.);
#2077=ORIENTED_EDGE('',*,*,#4227,.T.);
#2078=ORIENTED_EDGE('',*,*,#4090,.T.);
#2079=ORIENTED_EDGE('',*,*,#4850,.T.);
#2080=ORIENTED_EDGE('',*,*,#4258,.F.);
#2081=ORIENTED_EDGE('',*,*,#4851,.F.);
#2082=ORIENTED_EDGE('',*,*,#4852,.T.);
#2083=ORIENTED_EDGE('',*,*,#4372,.T.);
#2084=ORIENTED_EDGE('',*,*,#4853,.T.);
#2085=ORIENTED_EDGE('',*,*,#4854,.F.);
#2086=ORIENTED_EDGE('',*,*,#4425,.F.);
#2087=ORIENTED_EDGE('',*,*,#3853,.T.);
#2088=ORIENTED_EDGE('',*,*,#4855,.F.);
#2089=ORIENTED_EDGE('',*,*,#4587,.F.);
#2090=ORIENTED_EDGE('',*,*,#4681,.F.);
#2091=ORIENTED_EDGE('',*,*,#4856,.F.);
#2092=ORIENTED_EDGE('',*,*,#4437,.T.);
#2093=ORIENTED_EDGE('',*,*,#4794,.T.);
#2094=ORIENTED_EDGE('',*,*,#4857,.F.);
#2095=ORIENTED_EDGE('',*,*,#4772,.T.);
#2096=ORIENTED_EDGE('',*,*,#4460,.T.);
#2097=ORIENTED_EDGE('',*,*,#4036,.F.);
#2098=ORIENTED_EDGE('',*,*,#4726,.F.);
#2099=ORIENTED_EDGE('',*,*,#4589,.F.);
#2100=ORIENTED_EDGE('',*,*,#3980,.F.);
#2101=ORIENTED_EDGE('',*,*,#4858,.T.);
#2102=ORIENTED_EDGE('',*,*,#4859,.F.);
#2103=ORIENTED_EDGE('',*,*,#4860,.F.);
#2104=ORIENTED_EDGE('',*,*,#4861,.T.);
#2105=ORIENTED_EDGE('',*,*,#4862,.T.);
#2106=ORIENTED_EDGE('',*,*,#4441,.F.);
#2107=ORIENTED_EDGE('',*,*,#4863,.F.);
#2108=ORIENTED_EDGE('',*,*,#4864,.F.);
#2109=ORIENTED_EDGE('',*,*,#4865,.F.);
#2110=ORIENTED_EDGE('',*,*,#4866,.T.);
#2111=ORIENTED_EDGE('',*,*,#4867,.T.);
#2112=ORIENTED_EDGE('',*,*,#4290,.F.);
#2113=ORIENTED_EDGE('',*,*,#4868,.F.);
#2114=ORIENTED_EDGE('',*,*,#4204,.T.);
#2115=ORIENTED_EDGE('',*,*,#4869,.F.);
#2116=ORIENTED_EDGE('',*,*,#3764,.T.);
#2117=ORIENTED_EDGE('',*,*,#4129,.F.);
#2118=ORIENTED_EDGE('',*,*,#3830,.F.);
#2119=ORIENTED_EDGE('',*,*,#4870,.F.);
#2120=ORIENTED_EDGE('',*,*,#4062,.T.);
#2121=ORIENTED_EDGE('',*,*,#4015,.F.);
#2122=ORIENTED_EDGE('',*,*,#4871,.T.);
#2123=ORIENTED_EDGE('',*,*,#3901,.F.);
#2124=ORIENTED_EDGE('',*,*,#3816,.T.);
#2125=ORIENTED_EDGE('',*,*,#3883,.F.);
#2126=ORIENTED_EDGE('',*,*,#4872,.T.);
#2127=ORIENTED_EDGE('',*,*,#4873,.F.);
#2128=ORIENTED_EDGE('',*,*,#4874,.F.);
#2129=ORIENTED_EDGE('',*,*,#3900,.F.);
#2130=ORIENTED_EDGE('',*,*,#4270,.T.);
#2131=ORIENTED_EDGE('',*,*,#4445,.T.);
#2132=ORIENTED_EDGE('',*,*,#4875,.F.);
#2133=ORIENTED_EDGE('',*,*,#4858,.F.);
#2134=ORIENTED_EDGE('',*,*,#4376,.T.);
#2135=ORIENTED_EDGE('',*,*,#3737,.T.);
#2136=ORIENTED_EDGE('',*,*,#4276,.F.);
#2137=ORIENTED_EDGE('',*,*,#4876,.T.);
#2138=ORIENTED_EDGE('',*,*,#4877,.T.);
#2139=ORIENTED_EDGE('',*,*,#4878,.F.);
#2140=ORIENTED_EDGE('',*,*,#4879,.F.);
#2141=ORIENTED_EDGE('',*,*,#4880,.T.);
#2142=ORIENTED_EDGE('',*,*,#4881,.T.);
#2143=ORIENTED_EDGE('',*,*,#4882,.T.);
#2144=ORIENTED_EDGE('',*,*,#4883,.F.);
#2145=ORIENTED_EDGE('',*,*,#4300,.F.);
#2146=ORIENTED_EDGE('',*,*,#4884,.T.);
#2147=ORIENTED_EDGE('',*,*,#4885,.T.);
#2148=ORIENTED_EDGE('',*,*,#4886,.T.);
#2149=ORIENTED_EDGE('',*,*,#3946,.T.);
#2150=ORIENTED_EDGE('',*,*,#4702,.T.);
#2151=ORIENTED_EDGE('',*,*,#4887,.F.);
#2152=ORIENTED_EDGE('',*,*,#4888,.F.);
#2153=ORIENTED_EDGE('',*,*,#4695,.F.);
#2154=ORIENTED_EDGE('',*,*,#4889,.F.);
#2155=ORIENTED_EDGE('',*,*,#4890,.F.);
#2156=ORIENTED_EDGE('',*,*,#4838,.F.);
#2157=ORIENTED_EDGE('',*,*,#4891,.F.);
#2158=ORIENTED_EDGE('',*,*,#4892,.F.);
#2159=ORIENTED_EDGE('',*,*,#3802,.F.);
#2160=ORIENTED_EDGE('',*,*,#4829,.F.);
#2161=ORIENTED_EDGE('',*,*,#4893,.F.);
#2162=ORIENTED_EDGE('',*,*,#4894,.F.);
#2163=ORIENTED_EDGE('',*,*,#4895,.T.);
#2164=ORIENTED_EDGE('',*,*,#4619,.F.);
#2165=ORIENTED_EDGE('',*,*,#4201,.T.);
#2166=ORIENTED_EDGE('',*,*,#4896,.F.);
#2167=ORIENTED_EDGE('',*,*,#4060,.F.);
#2168=ORIENTED_EDGE('',*,*,#4624,.T.);
#2169=ORIENTED_EDGE('',*,*,#3813,.T.);
#2170=ORIENTED_EDGE('',*,*,#4056,.F.);
#2171=ORIENTED_EDGE('',*,*,#3727,.T.);
#2172=ORIENTED_EDGE('',*,*,#4623,.F.);
#2173=ORIENTED_EDGE('',*,*,#4897,.F.);
#2174=ORIENTED_EDGE('',*,*,#4408,.T.);
#2175=ORIENTED_EDGE('',*,*,#4898,.F.);
#2176=ORIENTED_EDGE('',*,*,#4899,.F.);
#2177=ORIENTED_EDGE('',*,*,#3986,.F.);
#2178=ORIENTED_EDGE('',*,*,#4412,.T.);
#2179=ORIENTED_EDGE('',*,*,#4709,.F.);
#2180=ORIENTED_EDGE('',*,*,#4900,.F.);
#2181=ORIENTED_EDGE('',*,*,#4901,.T.);
#2182=ORIENTED_EDGE('',*,*,#4902,.F.);
#2183=ORIENTED_EDGE('',*,*,#4275,.T.);
#2184=ORIENTED_EDGE('',*,*,#4903,.F.);
#2185=ORIENTED_EDGE('',*,*,#4904,.F.);
#2186=ORIENTED_EDGE('',*,*,#4905,.F.);
#2187=ORIENTED_EDGE('',*,*,#4906,.T.);
#2188=ORIENTED_EDGE('',*,*,#4189,.T.);
#2189=ORIENTED_EDGE('',*,*,#4907,.F.);
#2190=ORIENTED_EDGE('',*,*,#4185,.T.);
#2191=ORIENTED_EDGE('',*,*,#3964,.F.);
#2192=ORIENTED_EDGE('',*,*,#4183,.T.);
#2193=ORIENTED_EDGE('',*,*,#4698,.F.);
#2194=ORIENTED_EDGE('',*,*,#4179,.T.);
#2195=ORIENTED_EDGE('',*,*,#4809,.F.);
#2196=ORIENTED_EDGE('',*,*,#4175,.T.);
#2197=ORIENTED_EDGE('',*,*,#4791,.F.);
#2198=ORIENTED_EDGE('',*,*,#4171,.T.);
#2199=ORIENTED_EDGE('',*,*,#4908,.F.);
#2200=ORIENTED_EDGE('',*,*,#4167,.T.);
#2201=ORIENTED_EDGE('',*,*,#4628,.T.);
#2202=ORIENTED_EDGE('',*,*,#4909,.F.);
#2203=ORIENTED_EDGE('',*,*,#3789,.T.);
#2204=ORIENTED_EDGE('',*,*,#4910,.F.);
#2205=ORIENTED_EDGE('',*,*,#4130,.T.);
#2206=ORIENTED_EDGE('',*,*,#4488,.T.);
#2207=ORIENTED_EDGE('',*,*,#4805,.F.);
#2208=ORIENTED_EDGE('',*,*,#4911,.T.);
#2209=ORIENTED_EDGE('',*,*,#4319,.T.);
#2210=ORIENTED_EDGE('',*,*,#4912,.F.);
#2211=ORIENTED_EDGE('',*,*,#4251,.F.);
#2212=ORIENTED_EDGE('',*,*,#4795,.F.);
#2213=ORIENTED_EDGE('',*,*,#4436,.F.);
#2214=ORIENTED_EDGE('',*,*,#4913,.T.);
#2215=ORIENTED_EDGE('',*,*,#4914,.F.);
#2216=ORIENTED_EDGE('',*,*,#4002,.F.);
#2217=ORIENTED_EDGE('',*,*,#4915,.T.);
#2218=ORIENTED_EDGE('',*,*,#4916,.T.);
#2219=ORIENTED_EDGE('',*,*,#4917,.F.);
#2220=ORIENTED_EDGE('',*,*,#4918,.T.);
#2221=ORIENTED_EDGE('',*,*,#4454,.T.);
#2222=ORIENTED_EDGE('',*,*,#4078,.F.);
#2223=ORIENTED_EDGE('',*,*,#4919,.T.);
#2224=ORIENTED_EDGE('',*,*,#4331,.F.);
#2225=ORIENTED_EDGE('',*,*,#4422,.T.);
#2226=ORIENTED_EDGE('',*,*,#4616,.T.);
#2227=ORIENTED_EDGE('',*,*,#4753,.T.);
#2228=ORIENTED_EDGE('',*,*,#4920,.T.);
#2229=ORIENTED_EDGE('',*,*,#4921,.F.);
#2230=ORIENTED_EDGE('',*,*,#4922,.F.);
#2231=ORIENTED_EDGE('',*,*,#4635,.F.);
#2232=ORIENTED_EDGE('',*,*,#4799,.T.);
#2233=ORIENTED_EDGE('',*,*,#4147,.F.);
#2234=ORIENTED_EDGE('',*,*,#4732,.F.);
#2235=ORIENTED_EDGE('',*,*,#4557,.F.);
#2236=ORIENTED_EDGE('',*,*,#4923,.T.);
#2237=ORIENTED_EDGE('',*,*,#4297,.F.);
#2238=ORIENTED_EDGE('',*,*,#4657,.F.);
#2239=ORIENTED_EDGE('',*,*,#4494,.F.);
#2240=ORIENTED_EDGE('',*,*,#4507,.T.);
#2241=ORIENTED_EDGE('',*,*,#3925,.F.);
#2242=ORIENTED_EDGE('',*,*,#4924,.F.);
#2243=ORIENTED_EDGE('',*,*,#4925,.F.);
#2244=ORIENTED_EDGE('',*,*,#4926,.T.);
#2245=ORIENTED_EDGE('',*,*,#4221,.F.);
#2246=ORIENTED_EDGE('',*,*,#4927,.F.);
#2247=ORIENTED_EDGE('',*,*,#4273,.T.);
#2248=ORIENTED_EDGE('',*,*,#4724,.T.);
#2249=ORIENTED_EDGE('',*,*,#4928,.T.);
#2250=ORIENTED_EDGE('',*,*,#4736,.T.);
#2251=ORIENTED_EDGE('',*,*,#4124,.T.);
#2252=ORIENTED_EDGE('',*,*,#4720,.F.);
#2253=ORIENTED_EDGE('',*,*,#4929,.T.);
#2254=ORIENTED_EDGE('',*,*,#4340,.T.);
#2255=ORIENTED_EDGE('',*,*,#4930,.F.);
#2256=ORIENTED_EDGE('',*,*,#4931,.F.);
#2257=ORIENTED_EDGE('',*,*,#4932,.T.);
#2258=ORIENTED_EDGE('',*,*,#4096,.F.);
#2259=ORIENTED_EDGE('',*,*,#4933,.F.);
#2260=ORIENTED_EDGE('',*,*,#4934,.F.);
#2261=ORIENTED_EDGE('',*,*,#4551,.T.);
#2262=ORIENTED_EDGE('',*,*,#3952,.T.);
#2263=ORIENTED_EDGE('',*,*,#4257,.F.);
#2264=ORIENTED_EDGE('',*,*,#4935,.F.);
#2265=ORIENTED_EDGE('',*,*,#4936,.T.);
#2266=ORIENTED_EDGE('',*,*,#4851,.T.);
#2267=ORIENTED_EDGE('',*,*,#4121,.F.);
#2268=ORIENTED_EDGE('',*,*,#4134,.F.);
#2269=ORIENTED_EDGE('',*,*,#4414,.T.);
#2270=ORIENTED_EDGE('',*,*,#4937,.F.);
#2271=ORIENTED_EDGE('',*,*,#4938,.F.);
#2272=ORIENTED_EDGE('',*,*,#3918,.F.);
#2273=ORIENTED_EDGE('',*,*,#4734,.F.);
#2274=ORIENTED_EDGE('',*,*,#4361,.T.);
#2275=ORIENTED_EDGE('',*,*,#4939,.F.);
#2276=ORIENTED_EDGE('',*,*,#4170,.T.);
#2277=ORIENTED_EDGE('',*,*,#4940,.T.);
#2278=ORIENTED_EDGE('',*,*,#4442,.F.);
#2279=ORIENTED_EDGE('',*,*,#4868,.T.);
#2280=ORIENTED_EDGE('',*,*,#4295,.T.);
#2281=ORIENTED_EDGE('',*,*,#4941,.T.);
#2282=ORIENTED_EDGE('',*,*,#4942,.F.);
#2283=ORIENTED_EDGE('',*,*,#3774,.F.);
#2284=ORIENTED_EDGE('',*,*,#4943,.T.);
#2285=ORIENTED_EDGE('',*,*,#4944,.T.);
#2286=ORIENTED_EDGE('',*,*,#4279,.T.);
#2287=ORIENTED_EDGE('',*,*,#4945,.F.);
#2288=ORIENTED_EDGE('',*,*,#4946,.F.);
#2289=ORIENTED_EDGE('',*,*,#4947,.T.);
#2290=ORIENTED_EDGE('',*,*,#4948,.T.);
#2291=ORIENTED_EDGE('',*,*,#4949,.F.);
#2292=ORIENTED_EDGE('',*,*,#4950,.T.);
#2293=ORIENTED_EDGE('',*,*,#4951,.T.);
#2294=ORIENTED_EDGE('',*,*,#4952,.T.);
#2295=ORIENTED_EDGE('',*,*,#4359,.F.);
#2296=ORIENTED_EDGE('',*,*,#4318,.F.);
#2297=ORIENTED_EDGE('',*,*,#4247,.T.);
#2298=ORIENTED_EDGE('',*,*,#4953,.T.);
#2299=ORIENTED_EDGE('',*,*,#4954,.F.);
#2300=ORIENTED_EDGE('',*,*,#4955,.T.);
#2301=ORIENTED_EDGE('',*,*,#4956,.F.);
#2302=ORIENTED_EDGE('',*,*,#4957,.T.);
#2303=ORIENTED_EDGE('',*,*,#4429,.T.);
#2304=ORIENTED_EDGE('',*,*,#4958,.T.);
#2305=ORIENTED_EDGE('',*,*,#4959,.F.);
#2306=ORIENTED_EDGE('',*,*,#4960,.T.);
#2307=ORIENTED_EDGE('',*,*,#4368,.F.);
#2308=ORIENTED_EDGE('',*,*,#4961,.T.);
#2309=ORIENTED_EDGE('',*,*,#3894,.F.);
#2310=ORIENTED_EDGE('',*,*,#4962,.T.);
#2311=ORIENTED_EDGE('',*,*,#4963,.T.);
#2312=ORIENTED_EDGE('',*,*,#4676,.T.);
#2313=ORIENTED_EDGE('',*,*,#4068,.T.);
#2314=ORIENTED_EDGE('',*,*,#4689,.F.);
#2315=ORIENTED_EDGE('',*,*,#4633,.T.);
#2316=ORIENTED_EDGE('',*,*,#4964,.F.);
#2317=ORIENTED_EDGE('',*,*,#4524,.F.);
#2318=ORIENTED_EDGE('',*,*,#4472,.T.);
#2319=ORIENTED_EDGE('',*,*,#4755,.F.);
#2320=ORIENTED_EDGE('',*,*,#4965,.F.);
#2321=ORIENTED_EDGE('',*,*,#4966,.T.);
#2322=ORIENTED_EDGE('',*,*,#4967,.T.);
#2323=ORIENTED_EDGE('',*,*,#4686,.T.);
#2324=ORIENTED_EDGE('',*,*,#4222,.F.);
#2325=ORIENTED_EDGE('',*,*,#4926,.F.);
#2326=ORIENTED_EDGE('',*,*,#4968,.F.);
#2327=ORIENTED_EDGE('',*,*,#4969,.F.);
#2328=ORIENTED_EDGE('',*,*,#4057,.F.);
#2329=ORIENTED_EDGE('',*,*,#3844,.T.);
#2330=ORIENTED_EDGE('',*,*,#4970,.F.);
#2331=ORIENTED_EDGE('',*,*,#4971,.F.);
#2332=ORIENTED_EDGE('',*,*,#4882,.F.);
#2333=ORIENTED_EDGE('',*,*,#4972,.T.);
#2334=ORIENTED_EDGE('',*,*,#3750,.T.);
#2335=ORIENTED_EDGE('',*,*,#4973,.F.);
#2336=ORIENTED_EDGE('',*,*,#3923,.F.);
#2337=ORIENTED_EDGE('',*,*,#3871,.F.);
#2338=ORIENTED_EDGE('',*,*,#4974,.F.);
#2339=ORIENTED_EDGE('',*,*,#4975,.F.);
#2340=ORIENTED_EDGE('',*,*,#4019,.F.);
#2341=ORIENTED_EDGE('',*,*,#4105,.F.);
#2342=ORIENTED_EDGE('',*,*,#4976,.F.);
#2343=ORIENTED_EDGE('',*,*,#4977,.F.);
#2344=ORIENTED_EDGE('',*,*,#4978,.F.);
#2345=ORIENTED_EDGE('',*,*,#4979,.F.);
#2346=ORIENTED_EDGE('',*,*,#4980,.T.);
#2347=ORIENTED_EDGE('',*,*,#4609,.T.);
#2348=ORIENTED_EDGE('',*,*,#4981,.F.);
#2349=ORIENTED_EDGE('',*,*,#3969,.F.);
#2350=ORIENTED_EDGE('',*,*,#4982,.T.);
#2351=ORIENTED_EDGE('',*,*,#4153,.T.);
#2352=ORIENTED_EDGE('',*,*,#4135,.F.);
#2353=ORIENTED_EDGE('',*,*,#4983,.F.);
#2354=ORIENTED_EDGE('',*,*,#4783,.F.);
#2355=ORIENTED_EDGE('',*,*,#4984,.F.);
#2356=ORIENTED_EDGE('',*,*,#4653,.F.);
#2357=ORIENTED_EDGE('',*,*,#3957,.F.);
#2358=ORIENTED_EDGE('',*,*,#4547,.T.);
#2359=ORIENTED_EDGE('',*,*,#4985,.T.);
#2360=ORIENTED_EDGE('',*,*,#4395,.F.);
#2361=ORIENTED_EDGE('',*,*,#4986,.T.);
#2362=ORIENTED_EDGE('',*,*,#4679,.T.);
#2363=ORIENTED_EDGE('',*,*,#4430,.T.);
#2364=ORIENTED_EDGE('',*,*,#4987,.T.);
#2365=ORIENTED_EDGE('',*,*,#4988,.T.);
#2366=ORIENTED_EDGE('',*,*,#4989,.F.);
#2367=ORIENTED_EDGE('',*,*,#4990,.F.);
#2368=ORIENTED_EDGE('',*,*,#4534,.T.);
#2369=ORIENTED_EDGE('',*,*,#4525,.T.);
#2370=ORIENTED_EDGE('',*,*,#4964,.T.);
#2371=ORIENTED_EDGE('',*,*,#4632,.T.);
#2372=ORIENTED_EDGE('',*,*,#4769,.T.);
#2373=ORIENTED_EDGE('',*,*,#4991,.F.);
#2374=ORIENTED_EDGE('',*,*,#4820,.F.);
#2375=ORIENTED_EDGE('',*,*,#4992,.F.);
#2376=ORIENTED_EDGE('',*,*,#4265,.T.);
#2377=ORIENTED_EDGE('',*,*,#4601,.F.);
#2378=ORIENTED_EDGE('',*,*,#4643,.F.);
#2379=ORIENTED_EDGE('',*,*,#4993,.T.);
#2380=ORIENTED_EDGE('',*,*,#3771,.T.);
#2381=ORIENTED_EDGE('',*,*,#4942,.T.);
#2382=ORIENTED_EDGE('',*,*,#4994,.F.);
#2383=ORIENTED_EDGE('',*,*,#4491,.T.);
#2384=ORIENTED_EDGE('',*,*,#4673,.T.);
#2385=ORIENTED_EDGE('',*,*,#4995,.F.);
#2386=ORIENTED_EDGE('',*,*,#4996,.F.);
#2387=ORIENTED_EDGE('',*,*,#4997,.T.);
#2388=ORIENTED_EDGE('',*,*,#3937,.F.);
#2389=ORIENTED_EDGE('',*,*,#4564,.T.);
#2390=ORIENTED_EDGE('',*,*,#4998,.F.);
#2391=ORIENTED_EDGE('',*,*,#4999,.T.);
#2392=ORIENTED_EDGE('',*,*,#5000,.F.);
#2393=ORIENTED_EDGE('',*,*,#4891,.T.);
#2394=ORIENTED_EDGE('',*,*,#5001,.F.);
#2395=ORIENTED_EDGE('',*,*,#4803,.F.);
#2396=ORIENTED_EDGE('',*,*,#5002,.F.);
#2397=ORIENTED_EDGE('',*,*,#4887,.T.);
#2398=ORIENTED_EDGE('',*,*,#4705,.F.);
#2399=ORIENTED_EDGE('',*,*,#5003,.F.);
#2400=ORIENTED_EDGE('',*,*,#4714,.F.);
#2401=ORIENTED_EDGE('',*,*,#4158,.T.);
#2402=ORIENTED_EDGE('',*,*,#4427,.F.);
#2403=ORIENTED_EDGE('',*,*,#4957,.F.);
#2404=ORIENTED_EDGE('',*,*,#5004,.F.);
#2405=ORIENTED_EDGE('',*,*,#4154,.F.);
#2406=ORIENTED_EDGE('',*,*,#4982,.F.);
#2407=ORIENTED_EDGE('',*,*,#5005,.F.);
#2408=ORIENTED_EDGE('',*,*,#3908,.F.);
#2409=ORIENTED_EDGE('',*,*,#4570,.T.);
#2410=ORIENTED_EDGE('',*,*,#4966,.F.);
#2411=ORIENTED_EDGE('',*,*,#5006,.F.);
#2412=ORIENTED_EDGE('',*,*,#3864,.T.);
#2413=ORIENTED_EDGE('',*,*,#4737,.T.);
#2414=ORIENTED_EDGE('',*,*,#4928,.F.);
#2415=ORIENTED_EDGE('',*,*,#4723,.F.);
#2416=ORIENTED_EDGE('',*,*,#5007,.T.);
#2417=ORIENTED_EDGE('',*,*,#5008,.F.);
#2418=ORIENTED_EDGE('',*,*,#4897,.T.);
#2419=ORIENTED_EDGE('',*,*,#4622,.F.);
#2420=ORIENTED_EDGE('',*,*,#5009,.T.);
#2421=ORIENTED_EDGE('',*,*,#4747,.T.);
#2422=ORIENTED_EDGE('',*,*,#4409,.F.);
#2423=ORIENTED_EDGE('',*,*,#4485,.F.);
#2424=ORIENTED_EDGE('',*,*,#4312,.F.);
#2425=ORIENTED_EDGE('',*,*,#4468,.F.);
#2426=ORIENTED_EDGE('',*,*,#5010,.T.);
#2427=ORIENTED_EDGE('',*,*,#4699,.F.);
#2428=ORIENTED_EDGE('',*,*,#4182,.T.);
#2429=ORIENTED_EDGE('',*,*,#5011,.T.);
#2430=ORIENTED_EDGE('',*,*,#4987,.F.);
#2431=ORIENTED_EDGE('',*,*,#5012,.F.);
#2432=ORIENTED_EDGE('',*,*,#4744,.F.);
#2433=ORIENTED_EDGE('',*,*,#5013,.T.);
#2434=ORIENTED_EDGE('',*,*,#3895,.T.);
#2435=ORIENTED_EDGE('',*,*,#4961,.F.);
#2436=ORIENTED_EDGE('',*,*,#4367,.F.);
#2437=ORIENTED_EDGE('',*,*,#5014,.F.);
#2438=ORIENTED_EDGE('',*,*,#5015,.T.);
#2439=ORIENTED_EDGE('',*,*,#3833,.T.);
#2440=ORIENTED_EDGE('',*,*,#4950,.F.);
#2441=ORIENTED_EDGE('',*,*,#5016,.F.);
#2442=ORIENTED_EDGE('',*,*,#5017,.T.);
#2443=ORIENTED_EDGE('',*,*,#4752,.F.);
#2444=ORIENTED_EDGE('',*,*,#3860,.T.);
#2445=ORIENTED_EDGE('',*,*,#5018,.T.);
#2446=ORIENTED_EDGE('',*,*,#3989,.F.);
#2447=ORIENTED_EDGE('',*,*,#5019,.F.);
#2448=ORIENTED_EDGE('',*,*,#4920,.F.);
#2449=ORIENTED_EDGE('',*,*,#3798,.F.);
#2450=ORIENTED_EDGE('',*,*,#5020,.F.);
#2451=ORIENTED_EDGE('',*,*,#4910,.T.);
#2452=ORIENTED_EDGE('',*,*,#4872,.F.);
#2453=ORIENTED_EDGE('',*,*,#3882,.F.);
#2454=ORIENTED_EDGE('',*,*,#5021,.F.);
#2455=ORIENTED_EDGE('',*,*,#5022,.T.);
#2456=ORIENTED_EDGE('',*,*,#4780,.T.);
#2457=ORIENTED_EDGE('',*,*,#5023,.F.);
#2458=ORIENTED_EDGE('',*,*,#5024,.F.);
#2459=ORIENTED_EDGE('',*,*,#4850,.F.);
#2460=ORIENTED_EDGE('',*,*,#5025,.T.);
#2461=ORIENTED_EDGE('',*,*,#5026,.T.);
#2462=ORIENTED_EDGE('',*,*,#4475,.F.);
#2463=ORIENTED_EDGE('',*,*,#5027,.F.);
#2464=ORIENTED_EDGE('',*,*,#4968,.T.);
#2465=ORIENTED_EDGE('',*,*,#4925,.T.);
#2466=ORIENTED_EDGE('',*,*,#5028,.F.);
#2467=ORIENTED_EDGE('',*,*,#5029,.F.);
#2468=ORIENTED_EDGE('',*,*,#5030,.T.);
#2469=ORIENTED_EDGE('',*,*,#4584,.F.);
#2470=ORIENTED_EDGE('',*,*,#5031,.T.);
#2471=ORIENTED_EDGE('',*,*,#5032,.T.);
#2472=ORIENTED_EDGE('',*,*,#4834,.T.);
#2473=ORIENTED_EDGE('',*,*,#4433,.F.);
#2474=ORIENTED_EDGE('',*,*,#4664,.F.);
#2475=ORIENTED_EDGE('',*,*,#5033,.T.);
#2476=ORIENTED_EDGE('',*,*,#4522,.F.);
#2477=ORIENTED_EDGE('',*,*,#4813,.T.);
#2478=ORIENTED_EDGE('',*,*,#4907,.T.);
#2479=ORIENTED_EDGE('',*,*,#5034,.T.);
#2480=ORIENTED_EDGE('',*,*,#4980,.F.);
#2481=ORIENTED_EDGE('',*,*,#3968,.F.);
#2482=ORIENTED_EDGE('',*,*,#4239,.T.);
#2483=ORIENTED_EDGE('',*,*,#4610,.T.);
#2484=ORIENTED_EDGE('',*,*,#5035,.T.);
#2485=ORIENTED_EDGE('',*,*,#3829,.T.);
#2486=ORIENTED_EDGE('',*,*,#5036,.T.);
#2487=ORIENTED_EDGE('',*,*,#4388,.F.);
#2488=ORIENTED_EDGE('',*,*,#4341,.F.);
#2489=ORIENTED_EDGE('',*,*,#4929,.F.);
#2490=ORIENTED_EDGE('',*,*,#4719,.F.);
#2491=ORIENTED_EDGE('',*,*,#4899,.T.);
#2492=ORIENTED_EDGE('',*,*,#5037,.F.);
#2493=ORIENTED_EDGE('',*,*,#5007,.F.);
#2494=ORIENTED_EDGE('',*,*,#4722,.T.);
#2495=ORIENTED_EDGE('',*,*,#5038,.F.);
#2496=ORIENTED_EDGE('',*,*,#3805,.T.);
#2497=ORIENTED_EDGE('',*,*,#5039,.F.);
#2498=ORIENTED_EDGE('',*,*,#4555,.T.);
#2499=ORIENTED_EDGE('',*,*,#4556,.F.);
#2500=ORIENTED_EDGE('',*,*,#5040,.F.);
#2501=ORIENTED_EDGE('',*,*,#4853,.F.);
#2502=ORIENTED_EDGE('',*,*,#3852,.T.);
#2503=ORIENTED_EDGE('',*,*,#5041,.T.);
#2504=ORIENTED_EDGE('',*,*,#5042,.F.);
#2505=ORIENTED_EDGE('',*,*,#4298,.F.);
#2506=ORIENTED_EDGE('',*,*,#4923,.F.);
#2507=ORIENTED_EDGE('',*,*,#5043,.F.);
#2508=ORIENTED_EDGE('',*,*,#4344,.F.);
#2509=ORIENTED_EDGE('',*,*,#3903,.F.);
#2510=ORIENTED_EDGE('',*,*,#5044,.F.);
#2511=ORIENTED_EDGE('',*,*,#5045,.T.);
#2512=ORIENTED_EDGE('',*,*,#4728,.T.);
#2513=ORIENTED_EDGE('',*,*,#5046,.F.);
#2514=ORIENTED_EDGE('',*,*,#5047,.F.);
#2515=ORIENTED_EDGE('',*,*,#4252,.T.);
#2516=ORIENTED_EDGE('',*,*,#5048,.T.);
#2517=ORIENTED_EDGE('',*,*,#4668,.T.);
#2518=ORIENTED_EDGE('',*,*,#4415,.T.);
#2519=ORIENTED_EDGE('',*,*,#4155,.F.);
#2520=ORIENTED_EDGE('',*,*,#5004,.T.);
#2521=ORIENTED_EDGE('',*,*,#4956,.T.);
#2522=ORIENTED_EDGE('',*,*,#5049,.T.);
#2523=ORIENTED_EDGE('',*,*,#5050,.T.);
#2524=ORIENTED_EDGE('',*,*,#5051,.F.);
#2525=ORIENTED_EDGE('',*,*,#4604,.F.);
#2526=ORIENTED_EDGE('',*,*,#4846,.F.);
#2527=ORIENTED_EDGE('',*,*,#3974,.T.);
#2528=ORIENTED_EDGE('',*,*,#4240,.F.);
#2529=ORIENTED_EDGE('',*,*,#3966,.F.);
#2530=ORIENTED_EDGE('',*,*,#5052,.T.);
#2531=ORIENTED_EDGE('',*,*,#4611,.T.);
#2532=ORIENTED_EDGE('',*,*,#3834,.F.);
#2533=ORIENTED_EDGE('',*,*,#4122,.F.);
#2534=ORIENTED_EDGE('',*,*,#4937,.T.);
#2535=ORIENTED_EDGE('',*,*,#4413,.T.);
#2536=ORIENTED_EDGE('',*,*,#3985,.F.);
#2537=ORIENTED_EDGE('',*,*,#5053,.F.);
#2538=ORIENTED_EDGE('',*,*,#4575,.F.);
#2539=ORIENTED_EDGE('',*,*,#4210,.T.);
#2540=ORIENTED_EDGE('',*,*,#4006,.F.);
#2541=ORIENTED_EDGE('',*,*,#4032,.T.);
#2542=ORIENTED_EDGE('',*,*,#4751,.F.);
#2543=ORIENTED_EDGE('',*,*,#5054,.T.);
#2544=ORIENTED_EDGE('',*,*,#4577,.F.);
#2545=ORIENTED_EDGE('',*,*,#5055,.F.);
#2546=ORIENTED_EDGE('',*,*,#4940,.F.);
#2547=ORIENTED_EDGE('',*,*,#4169,.T.);
#2548=ORIENTED_EDGE('',*,*,#5056,.T.);
#2549=ORIENTED_EDGE('',*,*,#5057,.F.);
#2550=ORIENTED_EDGE('',*,*,#4348,.F.);
#2551=ORIENTED_EDGE('',*,*,#5058,.T.);
#2552=ORIENTED_EDGE('',*,*,#5059,.T.);
#2553=ORIENTED_EDGE('',*,*,#4363,.T.);
#2554=ORIENTED_EDGE('',*,*,#4735,.F.);
#2555=ORIENTED_EDGE('',*,*,#3916,.F.);
#2556=ORIENTED_EDGE('',*,*,#5060,.F.);
#2557=ORIENTED_EDGE('',*,*,#5056,.F.);
#2558=ORIENTED_EDGE('',*,*,#4168,.T.);
#2559=ORIENTED_EDGE('',*,*,#5061,.F.);
#2560=ORIENTED_EDGE('',*,*,#4647,.F.);
#2561=ORIENTED_EDGE('',*,*,#4914,.T.);
#2562=ORIENTED_EDGE('',*,*,#5062,.T.);
#2563=ORIENTED_EDGE('',*,*,#5063,.F.);
#2564=ORIENTED_EDGE('',*,*,#4786,.T.);
#2565=ORIENTED_EDGE('',*,*,#5064,.F.);
#2566=ORIENTED_EDGE('',*,*,#5065,.T.);
#2567=ORIENTED_EDGE('',*,*,#5066,.F.);
#2568=ORIENTED_EDGE('',*,*,#5044,.T.);
#2569=ORIENTED_EDGE('',*,*,#3902,.F.);
#2570=ORIENTED_EDGE('',*,*,#4871,.F.);
#2571=ORIENTED_EDGE('',*,*,#5067,.F.);
#2572=ORIENTED_EDGE('',*,*,#4806,.T.);
#2573=ORIENTED_EDGE('',*,*,#4646,.F.);
#2574=ORIENTED_EDGE('',*,*,#4209,.F.);
#2575=ORIENTED_EDGE('',*,*,#4480,.F.);
#2576=ORIENTED_EDGE('',*,*,#4721,.F.);
#2577=ORIENTED_EDGE('',*,*,#4271,.T.);
#2578=ORIENTED_EDGE('',*,*,#3898,.T.);
#2579=ORIENTED_EDGE('',*,*,#3744,.F.);
#2580=ORIENTED_EDGE('',*,*,#5068,.F.);
#2581=ORIENTED_EDGE('',*,*,#4241,.F.);
#2582=ORIENTED_EDGE('',*,*,#5038,.T.);
#2583=ORIENTED_EDGE('',*,*,#4110,.T.);
#2584=ORIENTED_EDGE('',*,*,#5069,.F.);
#2585=ORIENTED_EDGE('',*,*,#4580,.F.);
#2586=ORIENTED_EDGE('',*,*,#5070,.F.);
#2587=ORIENTED_EDGE('',*,*,#4685,.F.);
#2588=ORIENTED_EDGE('',*,*,#4176,.T.);
#2589=ORIENTED_EDGE('',*,*,#4808,.F.);
#2590=ORIENTED_EDGE('',*,*,#5071,.T.);
#2591=ORIENTED_EDGE('',*,*,#5072,.T.);
#2592=ORIENTED_EDGE('',*,*,#4999,.F.);
#2593=ORIENTED_EDGE('',*,*,#5073,.T.);
#2594=ORIENTED_EDGE('',*,*,#5074,.F.);
#2595=ORIENTED_EDGE('',*,*,#5075,.F.);
#2596=ORIENTED_EDGE('',*,*,#4943,.F.);
#2597=ORIENTED_EDGE('',*,*,#3773,.F.);
#2598=ORIENTED_EDGE('',*,*,#4492,.F.);
#2599=ORIENTED_EDGE('',*,*,#4373,.F.);
#2600=ORIENTED_EDGE('',*,*,#4852,.F.);
#2601=ORIENTED_EDGE('',*,*,#4936,.F.);
#2602=ORIENTED_EDGE('',*,*,#5076,.F.);
#2603=ORIENTED_EDGE('',*,*,#4947,.F.);
#2604=ORIENTED_EDGE('',*,*,#5077,.F.);
#2605=ORIENTED_EDGE('',*,*,#4262,.F.);
#2606=ORIENTED_EDGE('',*,*,#5078,.F.);
#2607=ORIENTED_EDGE('',*,*,#3748,.T.);
#2608=ORIENTED_EDGE('',*,*,#5079,.T.);
#2609=ORIENTED_EDGE('',*,*,#4879,.T.);
#2610=ORIENTED_EDGE('',*,*,#5080,.F.);
#2611=ORIENTED_EDGE('',*,*,#3948,.F.);
#2612=ORIENTED_EDGE('',*,*,#5081,.F.);
#2613=ORIENTED_EDGE('',*,*,#5082,.F.);
#2614=ORIENTED_EDGE('',*,*,#5083,.F.);
#2615=ORIENTED_EDGE('',*,*,#4866,.F.);
#2616=ORIENTED_EDGE('',*,*,#5084,.F.);
#2617=ORIENTED_EDGE('',*,*,#5085,.F.);
#2618=ORIENTED_EDGE('',*,*,#4915,.F.);
#2619=ORIENTED_EDGE('',*,*,#4807,.F.);
#2620=ORIENTED_EDGE('',*,*,#4560,.F.);
#2621=ORIENTED_EDGE('',*,*,#4532,.F.);
#2622=ORIENTED_EDGE('',*,*,#4253,.F.);
#2623=ORIENTED_EDGE('',*,*,#5086,.F.);
#2624=ORIENTED_EDGE('',*,*,#5025,.F.);
#2625=ORIENTED_EDGE('',*,*,#5087,.F.);
#2626=ORIENTED_EDGE('',*,*,#5088,.F.);
#2627=ORIENTED_EDGE('',*,*,#4347,.F.);
#2628=ORIENTED_EDGE('',*,*,#5089,.F.);
#2629=ORIENTED_EDGE('',*,*,#5065,.F.);
#2630=ORIENTED_EDGE('',*,*,#5090,.T.);
#2631=ORIENTED_EDGE('',*,*,#5091,.T.);
#2632=ORIENTED_EDGE('',*,*,#4876,.F.);
#2633=ORIENTED_EDGE('',*,*,#4902,.T.);
#2634=ORIENTED_EDGE('',*,*,#5092,.T.);
#2635=ORIENTED_EDGE('',*,*,#4651,.T.);
#2636=ORIENTED_EDGE('',*,*,#4195,.T.);
#2637=ORIENTED_EDGE('',*,*,#4315,.F.);
#2638=ORIENTED_EDGE('',*,*,#5093,.F.);
#2639=ORIENTED_EDGE('',*,*,#4832,.F.);
#2640=ORIENTED_EDGE('',*,*,#5094,.T.);
#2641=ORIENTED_EDGE('',*,*,#4620,.T.);
#2642=ORIENTED_EDGE('',*,*,#4895,.F.);
#2643=ORIENTED_EDGE('',*,*,#5095,.T.);
#2644=ORIENTED_EDGE('',*,*,#5096,.T.);
#2645=ORIENTED_EDGE('',*,*,#4101,.T.);
#2646=ORIENTED_EDGE('',*,*,#4537,.T.);
#2647=ORIENTED_EDGE('',*,*,#5097,.F.);
#2648=ORIENTED_EDGE('',*,*,#3765,.T.);
#2649=ORIENTED_EDGE('',*,*,#5098,.T.);
#2650=ORIENTED_EDGE('',*,*,#5099,.F.);
#2651=ORIENTED_EDGE('',*,*,#4316,.F.);
#2652=ORIENTED_EDGE('',*,*,#4199,.F.);
#2653=ORIENTED_EDGE('',*,*,#4173,.T.);
#2654=ORIENTED_EDGE('',*,*,#5100,.T.);
#2655=ORIENTED_EDGE('',*,*,#3911,.F.);
#2656=ORIENTED_EDGE('',*,*,#5101,.T.);
#2657=ORIENTED_EDGE('',*,*,#5102,.T.);
#2658=ORIENTED_EDGE('',*,*,#4562,.F.);
#2659=ORIENTED_EDGE('',*,*,#5103,.T.);
#2660=ORIENTED_EDGE('',*,*,#5104,.T.);
#2661=ORIENTED_EDGE('',*,*,#3877,.T.);
#2662=ORIENTED_EDGE('',*,*,#4840,.T.);
#2663=ORIENTED_EDGE('',*,*,#4787,.F.);
#2664=ORIENTED_EDGE('',*,*,#5066,.T.);
#2665=ORIENTED_EDGE('',*,*,#5089,.T.);
#2666=ORIENTED_EDGE('',*,*,#4346,.T.);
#2667=ORIENTED_EDGE('',*,*,#4385,.F.);
#2668=ORIENTED_EDGE('',*,*,#5105,.T.);
#2669=ORIENTED_EDGE('',*,*,#5106,.T.);
#2670=ORIENTED_EDGE('',*,*,#4804,.F.);
#2671=ORIENTED_EDGE('',*,*,#4636,.T.);
#2672=ORIENTED_EDGE('',*,*,#4922,.T.);
#2673=ORIENTED_EDGE('',*,*,#5107,.T.);
#2674=ORIENTED_EDGE('',*,*,#3995,.T.);
#2675=ORIENTED_EDGE('',*,*,#5028,.T.);
#2676=ORIENTED_EDGE('',*,*,#4924,.T.);
#2677=ORIENTED_EDGE('',*,*,#3924,.T.);
#2678=ORIENTED_EDGE('',*,*,#5108,.T.);
#2679=ORIENTED_EDGE('',*,*,#5024,.T.);
#2680=ORIENTED_EDGE('',*,*,#4640,.F.);
#2681=ORIENTED_EDGE('',*,*,#5109,.F.);
#2682=ORIENTED_EDGE('',*,*,#4350,.T.);
#2683=ORIENTED_EDGE('',*,*,#5110,.F.);
#2684=ORIENTED_EDGE('',*,*,#5111,.T.);
#2685=ORIENTED_EDGE('',*,*,#5112,.F.);
#2686=ORIENTED_EDGE('',*,*,#4995,.T.);
#2687=ORIENTED_EDGE('',*,*,#4672,.F.);
#2688=ORIENTED_EDGE('',*,*,#5113,.F.);
#2689=ORIENTED_EDGE('',*,*,#4916,.F.);
#2690=ORIENTED_EDGE('',*,*,#4456,.F.);
#2691=ORIENTED_EDGE('',*,*,#4451,.F.);
#2692=ORIENTED_EDGE('',*,*,#4389,.F.);
#2693=ORIENTED_EDGE('',*,*,#5036,.F.);
#2694=ORIENTED_EDGE('',*,*,#3828,.F.);
#2695=ORIENTED_EDGE('',*,*,#5114,.T.);
#2696=ORIENTED_EDGE('',*,*,#5097,.T.);
#2697=ORIENTED_EDGE('',*,*,#5115,.F.);
#2698=ORIENTED_EDGE('',*,*,#5116,.T.);
#2699=ORIENTED_EDGE('',*,*,#4228,.T.);
#2700=ORIENTED_EDGE('',*,*,#4849,.T.);
#2701=ORIENTED_EDGE('',*,*,#5115,.T.);
#2702=ORIENTED_EDGE('',*,*,#4212,.T.);
#2703=ORIENTED_EDGE('',*,*,#4574,.F.);
#2704=ORIENTED_EDGE('',*,*,#3928,.T.);
#2705=ORIENTED_EDGE('',*,*,#4730,.T.);
#2706=ORIENTED_EDGE('',*,*,#4140,.F.);
#2707=ORIENTED_EDGE('',*,*,#4233,.F.);
#2708=ORIENTED_EDGE('',*,*,#5117,.F.);
#2709=ORIENTED_EDGE('',*,*,#4976,.T.);
#2710=ORIENTED_EDGE('',*,*,#5118,.T.);
#2711=ORIENTED_EDGE('',*,*,#5119,.F.);
#2712=ORIENTED_EDGE('',*,*,#5120,.F.);
#2713=ORIENTED_EDGE('',*,*,#4824,.T.);
#2714=ORIENTED_EDGE('',*,*,#5030,.F.);
#2715=ORIENTED_EDGE('',*,*,#5121,.T.);
#2716=ORIENTED_EDGE('',*,*,#4682,.F.);
#2717=ORIENTED_EDGE('',*,*,#4585,.T.);
#2718=ORIENTED_EDGE('',*,*,#4231,.F.);
#2719=ORIENTED_EDGE('',*,*,#3759,.T.);
#2720=ORIENTED_EDGE('',*,*,#5122,.F.);
#2721=ORIENTED_EDGE('',*,*,#4457,.F.);
#2722=ORIENTED_EDGE('',*,*,#3741,.F.);
#2723=ORIENTED_EDGE('',*,*,#4268,.T.);
#2724=ORIENTED_EDGE('',*,*,#4085,.F.);
#2725=ORIENTED_EDGE('',*,*,#5123,.F.);
#2726=ORIENTED_EDGE('',*,*,#4988,.F.);
#2727=ORIENTED_EDGE('',*,*,#5014,.T.);
#2728=ORIENTED_EDGE('',*,*,#4366,.F.);
#2729=ORIENTED_EDGE('',*,*,#4688,.F.);
#2730=ORIENTED_EDGE('',*,*,#4066,.F.);
#2731=ORIENTED_EDGE('',*,*,#4680,.T.);
#2732=ORIENTED_EDGE('',*,*,#4986,.F.);
#2733=ORIENTED_EDGE('',*,*,#4394,.F.);
#2734=ORIENTED_EDGE('',*,*,#4423,.F.);
#2735=ORIENTED_EDGE('',*,*,#4301,.T.);
#2736=ORIENTED_EDGE('',*,*,#4883,.T.);
#2737=ORIENTED_EDGE('',*,*,#5124,.T.);
#2738=ORIENTED_EDGE('',*,*,#4859,.T.);
#2739=ORIENTED_EDGE('',*,*,#5125,.T.);
#2740=ORIENTED_EDGE('',*,*,#5126,.F.);
#2741=ORIENTED_EDGE('',*,*,#4125,.T.);
#2742=ORIENTED_EDGE('',*,*,#5127,.T.);
#2743=ORIENTED_EDGE('',*,*,#4055,.T.);
#2744=ORIENTED_EDGE('',*,*,#3811,.T.);
#2745=ORIENTED_EDGE('',*,*,#3739,.F.);
#2746=ORIENTED_EDGE('',*,*,#3729,.T.);
#2747=ORIENTED_EDGE('',*,*,#4200,.T.);
#2748=ORIENTED_EDGE('',*,*,#4013,.T.);
#2749=ORIENTED_EDGE('',*,*,#4061,.T.);
#2750=ORIENTED_EDGE('',*,*,#4896,.T.);
#2751=ORIENTED_EDGE('',*,*,#5084,.T.);
#2752=ORIENTED_EDGE('',*,*,#4865,.T.);
#2753=ORIENTED_EDGE('',*,*,#5128,.F.);
#2754=ORIENTED_EDGE('',*,*,#5129,.F.);
#2755=ORIENTED_EDGE('',*,*,#5130,.T.);
#2756=ORIENTED_EDGE('',*,*,#5131,.F.);
#2757=ORIENTED_EDGE('',*,*,#4145,.T.);
#2758=ORIENTED_EDGE('',*,*,#5132,.F.);
#2759=ORIENTED_EDGE('',*,*,#4285,.F.);
#2760=ORIENTED_EDGE('',*,*,#5133,.F.);
#2761=ORIENTED_EDGE('',*,*,#4904,.T.);
#2762=ORIENTED_EDGE('',*,*,#5134,.F.);
#2763=ORIENTED_EDGE('',*,*,#5135,.F.);
#2764=ORIENTED_EDGE('',*,*,#5091,.F.);
#2765=ORIENTED_EDGE('',*,*,#5136,.T.);
#2766=ORIENTED_EDGE('',*,*,#4288,.F.);
#2767=ORIENTED_EDGE('',*,*,#4020,.F.);
#2768=ORIENTED_EDGE('',*,*,#4975,.T.);
#2769=ORIENTED_EDGE('',*,*,#5137,.T.);
#2770=ORIENTED_EDGE('',*,*,#5138,.T.);
#2771=ORIENTED_EDGE('',*,*,#4856,.T.);
#2772=ORIENTED_EDGE('',*,*,#4683,.F.);
#2773=ORIENTED_EDGE('',*,*,#5121,.F.);
#2774=ORIENTED_EDGE('',*,*,#5032,.F.);
#2775=ORIENTED_EDGE('',*,*,#4486,.F.);
#2776=ORIENTED_EDGE('',*,*,#5011,.F.);
#2777=ORIENTED_EDGE('',*,*,#4181,.T.);
#2778=ORIENTED_EDGE('',*,*,#4336,.T.);
#2779=ORIENTED_EDGE('',*,*,#5139,.F.);
#2780=ORIENTED_EDGE('',*,*,#5140,.F.);
#2781=ORIENTED_EDGE('',*,*,#4482,.T.);
#2782=ORIENTED_EDGE('',*,*,#5016,.T.);
#2783=ORIENTED_EDGE('',*,*,#4953,.F.);
#2784=ORIENTED_EDGE('',*,*,#3799,.T.);
#2785=ORIENTED_EDGE('',*,*,#4075,.F.);
#2786=ORIENTED_EDGE('',*,*,#4260,.F.);
#2787=ORIENTED_EDGE('',*,*,#4948,.F.);
#2788=ORIENTED_EDGE('',*,*,#5076,.T.);
#2789=ORIENTED_EDGE('',*,*,#4935,.T.);
#2790=ORIENTED_EDGE('',*,*,#5080,.T.);
#2791=ORIENTED_EDGE('',*,*,#4878,.T.);
#2792=ORIENTED_EDGE('',*,*,#4971,.T.);
#2793=ORIENTED_EDGE('',*,*,#3949,.F.);
#2794=ORIENTED_EDGE('',*,*,#5141,.F.);
#2795=ORIENTED_EDGE('',*,*,#5142,.F.);
#2796=ORIENTED_EDGE('',*,*,#4889,.T.);
#2797=ORIENTED_EDGE('',*,*,#4694,.T.);
#2798=ORIENTED_EDGE('',*,*,#3870,.T.);
#2799=ORIENTED_EDGE('',*,*,#4542,.T.);
#2800=ORIENTED_EDGE('',*,*,#4289,.F.);
#2801=ORIENTED_EDGE('',*,*,#5136,.F.);
#2802=ORIENTED_EDGE('',*,*,#4974,.T.);
#2803=ORIENTED_EDGE('',*,*,#5143,.F.);
#2804=ORIENTED_EDGE('',*,*,#4893,.T.);
#2805=ORIENTED_EDGE('',*,*,#4830,.F.);
#2806=ORIENTED_EDGE('',*,*,#4802,.F.);
#2807=ORIENTED_EDGE('',*,*,#5144,.T.);
#2808=ORIENTED_EDGE('',*,*,#3788,.T.);
#2809=ORIENTED_EDGE('',*,*,#4031,.F.);
#2810=ORIENTED_EDGE('',*,*,#4113,.F.);
#2811=ORIENTED_EDGE('',*,*,#5103,.F.);
#2812=ORIENTED_EDGE('',*,*,#4841,.F.);
#2813=ORIENTED_EDGE('',*,*,#4549,.T.);
#2814=ORIENTED_EDGE('',*,*,#5145,.T.);
#2815=ORIENTED_EDGE('',*,*,#4654,.F.);
#2816=ORIENTED_EDGE('',*,*,#4985,.F.);
#2817=ORIENTED_EDGE('',*,*,#4546,.T.);
#2818=ORIENTED_EDGE('',*,*,#5146,.F.);
#2819=ORIENTED_EDGE('',*,*,#5133,.T.);
#2820=ORIENTED_EDGE('',*,*,#4284,.F.);
#2821=ORIENTED_EDGE('',*,*,#5147,.T.);
#2822=ORIENTED_EDGE('',*,*,#4905,.T.);
#2823=ORIENTED_EDGE('',*,*,#4692,.F.);
#2824=ORIENTED_EDGE('',*,*,#5148,.T.);
#2825=ORIENTED_EDGE('',*,*,#5149,.T.);
#2826=ORIENTED_EDGE('',*,*,#3880,.T.);
#2827=ORIENTED_EDGE('',*,*,#5146,.T.);
#2828=ORIENTED_EDGE('',*,*,#4545,.T.);
#2829=ORIENTED_EDGE('',*,*,#4244,.T.);
#2830=ORIENTED_EDGE('',*,*,#3803,.F.);
#2831=ORIENTED_EDGE('',*,*,#4892,.T.);
#2832=ORIENTED_EDGE('',*,*,#5143,.T.);
#2833=ORIENTED_EDGE('',*,*,#4801,.F.);
#2834=ORIENTED_EDGE('',*,*,#5132,.T.);
#2835=ORIENTED_EDGE('',*,*,#4144,.T.);
#2836=ORIENTED_EDGE('',*,*,#5150,.T.);
#2837=ORIENTED_EDGE('',*,*,#4286,.F.);
#2838=ORIENTED_EDGE('',*,*,#4299,.F.);
#2839=ORIENTED_EDGE('',*,*,#5042,.T.);
#2840=ORIENTED_EDGE('',*,*,#5151,.T.);
#2841=ORIENTED_EDGE('',*,*,#4465,.T.);
#2842=ORIENTED_EDGE('',*,*,#4398,.F.);
#2843=ORIENTED_EDGE('',*,*,#4504,.T.);
#2844=ORIENTED_EDGE('',*,*,#4496,.T.);
#2845=ORIENTED_EDGE('',*,*,#4658,.F.);
#2846=ORIENTED_EDGE('',*,*,#5152,.T.);
#2847=ORIENTED_EDGE('',*,*,#4962,.F.);
#2848=ORIENTED_EDGE('',*,*,#3893,.F.);
#2849=ORIENTED_EDGE('',*,*,#5153,.T.);
#2850=ORIENTED_EDGE('',*,*,#3825,.F.);
#2851=ORIENTED_EDGE('',*,*,#5154,.F.);
#2852=ORIENTED_EDGE('',*,*,#5155,.T.);
#2853=ORIENTED_EDGE('',*,*,#4595,.T.);
#2854=ORIENTED_EDGE('',*,*,#5156,.T.);
#2855=ORIENTED_EDGE('',*,*,#4320,.T.);
#2856=ORIENTED_EDGE('',*,*,#4911,.F.);
#2857=ORIENTED_EDGE('',*,*,#5106,.F.);
#2858=ORIENTED_EDGE('',*,*,#5157,.T.);
#2859=ORIENTED_EDGE('',*,*,#5158,.T.);
#2860=ORIENTED_EDGE('',*,*,#4875,.T.);
#2861=ORIENTED_EDGE('',*,*,#4903,.T.);
#2862=ORIENTED_EDGE('',*,*,#5159,.T.);
#2863=ORIENTED_EDGE('',*,*,#5134,.T.);
#2864=ORIENTED_EDGE('',*,*,#4511,.F.);
#2865=ORIENTED_EDGE('',*,*,#5160,.F.);
#2866=ORIENTED_EDGE('',*,*,#4187,.T.);
#2867=ORIENTED_EDGE('',*,*,#4812,.T.);
#2868=ORIENTED_EDGE('',*,*,#4766,.F.);
#2869=ORIENTED_EDGE('',*,*,#4531,.F.);
#2870=ORIENTED_EDGE('',*,*,#5001,.T.);
#2871=ORIENTED_EDGE('',*,*,#4837,.T.);
#2872=ORIENTED_EDGE('',*,*,#4784,.F.);
#2873=ORIENTED_EDGE('',*,*,#4629,.T.);
#2874=ORIENTED_EDGE('',*,*,#4165,.T.);
#2875=ORIENTED_EDGE('',*,*,#4392,.F.);
#2876=ORIENTED_EDGE('',*,*,#4420,.T.);
#2877=ORIENTED_EDGE('',*,*,#3793,.F.);
#2878=ORIENTED_EDGE('',*,*,#4671,.F.);
#2879=ORIENTED_EDGE('',*,*,#5161,.F.);
#2880=ORIENTED_EDGE('',*,*,#4917,.T.);
#2881=ORIENTED_EDGE('',*,*,#5113,.T.);
#2882=ORIENTED_EDGE('',*,*,#4992,.T.);
#2883=ORIENTED_EDGE('',*,*,#4819,.T.);
#2884=ORIENTED_EDGE('',*,*,#5162,.F.);
#2885=ORIENTED_EDGE('',*,*,#4827,.T.);
#2886=ORIENTED_EDGE('',*,*,#4428,.F.);
#2887=ORIENTED_EDGE('',*,*,#4416,.T.);
#2888=ORIENTED_EDGE('',*,*,#5049,.F.);
#2889=ORIENTED_EDGE('',*,*,#4955,.F.);
#2890=ORIENTED_EDGE('',*,*,#4596,.T.);
#2891=ORIENTED_EDGE('',*,*,#5155,.F.);
#2892=ORIENTED_EDGE('',*,*,#5163,.T.);
#2893=ORIENTED_EDGE('',*,*,#4960,.F.);
#2894=ORIENTED_EDGE('',*,*,#4214,.T.);
#2895=ORIENTED_EDGE('',*,*,#4731,.F.);
#2896=ORIENTED_EDGE('',*,*,#3933,.T.);
#2897=ORIENTED_EDGE('',*,*,#4958,.F.);
#2898=ORIENTED_EDGE('',*,*,#4466,.T.);
#2899=ORIENTED_EDGE('',*,*,#5151,.F.);
#2900=ORIENTED_EDGE('',*,*,#5041,.F.);
#2901=ORIENTED_EDGE('',*,*,#3851,.T.);
#2902=ORIENTED_EDGE('',*,*,#4283,.T.);
#2903=ORIENTED_EDGE('',*,*,#5150,.F.);
#2904=ORIENTED_EDGE('',*,*,#4143,.F.);
#2905=ORIENTED_EDGE('',*,*,#4190,.T.);
#2906=ORIENTED_EDGE('',*,*,#4906,.F.);
#2907=ORIENTED_EDGE('',*,*,#5147,.F.);
#2908=ORIENTED_EDGE('',*,*,#4612,.F.);
#2909=ORIENTED_EDGE('',*,*,#5052,.F.);
#2910=ORIENTED_EDGE('',*,*,#3984,.T.);
#2911=ORIENTED_EDGE('',*,*,#4324,.F.);
#2912=ORIENTED_EDGE('',*,*,#5164,.F.);
#2913=ORIENTED_EDGE('',*,*,#4656,.F.);
#2914=ORIENTED_EDGE('',*,*,#4552,.T.);
#2915=ORIENTED_EDGE('',*,*,#4934,.T.);
#2916=ORIENTED_EDGE('',*,*,#4927,.T.);
#2917=ORIENTED_EDGE('',*,*,#4220,.T.);
#2918=ORIENTED_EDGE('',*,*,#4614,.F.);
#2919=ORIENTED_EDGE('',*,*,#5158,.F.);
#2920=ORIENTED_EDGE('',*,*,#5165,.F.);
#2921=ORIENTED_EDGE('',*,*,#5159,.F.);
#2922=ORIENTED_EDGE('',*,*,#4274,.F.);
#2923=ORIENTED_EDGE('',*,*,#4741,.F.);
#2924=ORIENTED_EDGE('',*,*,#4796,.F.);
#2925=ORIENTED_EDGE('',*,*,#4008,.F.);
#2926=ORIENTED_EDGE('',*,*,#3962,.T.);
#2927=ORIENTED_EDGE('',*,*,#5166,.F.);
#2928=ORIENTED_EDGE('',*,*,#5167,.F.);
#2929=ORIENTED_EDGE('',*,*,#4568,.T.);
#2930=ORIENTED_EDGE('',*,*,#5168,.T.);
#2931=ORIENTED_EDGE('',*,*,#5169,.F.);
#2932=ORIENTED_EDGE('',*,*,#5168,.F.);
#2933=ORIENTED_EDGE('',*,*,#4567,.T.);
#2934=ORIENTED_EDGE('',*,*,#5170,.T.);
#2935=ORIENTED_EDGE('',*,*,#5120,.T.);
#2936=ORIENTED_EDGE('',*,*,#5171,.F.);
#2937=ORIENTED_EDGE('',*,*,#4051,.T.);
#2938=ORIENTED_EDGE('',*,*,#5172,.T.);
#2939=ORIENTED_EDGE('',*,*,#4503,.F.);
#2940=ORIENTED_EDGE('',*,*,#4825,.T.);
#2941=ORIENTED_EDGE('',*,*,#4390,.T.);
#2942=ORIENTED_EDGE('',*,*,#4163,.T.);
#2943=ORIENTED_EDGE('',*,*,#4778,.T.);
#2944=ORIENTED_EDGE('',*,*,#5173,.F.);
#2945=ORIENTED_EDGE('',*,*,#3783,.F.);
#2946=ORIENTED_EDGE('',*,*,#5144,.F.);
#2947=ORIENTED_EDGE('',*,*,#4112,.F.);
#2948=ORIENTED_EDGE('',*,*,#5174,.T.);
#2949=ORIENTED_EDGE('',*,*,#4450,.F.);
#2950=ORIENTED_EDGE('',*,*,#5175,.T.);
#2951=ORIENTED_EDGE('',*,*,#4965,.T.);
#2952=ORIENTED_EDGE('',*,*,#5141,.T.);
#2953=ORIENTED_EDGE('',*,*,#4693,.T.);
#2954=ORIENTED_EDGE('',*,*,#5176,.T.);
#2955=ORIENTED_EDGE('',*,*,#4762,.T.);
#2956=ORIENTED_EDGE('',*,*,#4353,.F.);
#2957=ORIENTED_EDGE('',*,*,#4369,.F.);
#2958=ORIENTED_EDGE('',*,*,#4529,.F.);
#2959=ORIENTED_EDGE('',*,*,#4760,.T.);
#2960=ORIENTED_EDGE('',*,*,#4836,.T.);
#2961=ORIENTED_EDGE('',*,*,#5177,.T.);
#2962=ORIENTED_EDGE('',*,*,#5169,.T.);
#2963=ORIENTED_EDGE('',*,*,#5178,.T.);
#2964=ORIENTED_EDGE('',*,*,#5179,.T.);
#2965=ORIENTED_EDGE('',*,*,#4758,.T.);
#2966=ORIENTED_EDGE('',*,*,#4659,.F.);
#2967=ORIENTED_EDGE('',*,*,#4447,.F.);
#2968=ORIENTED_EDGE('',*,*,#5174,.F.);
#2969=ORIENTED_EDGE('',*,*,#4757,.T.);
#2970=ORIENTED_EDGE('',*,*,#5180,.T.);
#2971=ORIENTED_EDGE('',*,*,#5166,.T.);
#2972=ORIENTED_EDGE('',*,*,#4536,.F.);
#2973=ORIENTED_EDGE('',*,*,#4631,.F.);
#2974=ORIENTED_EDGE('',*,*,#4470,.T.);
#2975=ORIENTED_EDGE('',*,*,#5095,.F.);
#2976=ORIENTED_EDGE('',*,*,#5096,.F.);
#2977=ORIENTED_EDGE('',*,*,#4469,.T.);
#2978=ORIENTED_EDGE('',*,*,#5181,.T.);
#2979=ORIENTED_EDGE('',*,*,#4648,.T.);
#2980=ORIENTED_EDGE('',*,*,#5182,.F.);
#2981=ORIENTED_EDGE('',*,*,#4649,.T.);
#2982=ORIENTED_EDGE('',*,*,#5181,.F.);
#2983=ORIENTED_EDGE('',*,*,#4481,.T.);
#2984=ORIENTED_EDGE('',*,*,#4308,.F.);
#2985=ORIENTED_EDGE('',*,*,#5026,.F.);
#2986=ORIENTED_EDGE('',*,*,#5086,.T.);
#2987=ORIENTED_EDGE('',*,*,#4256,.T.);
#2988=ORIENTED_EDGE('',*,*,#4515,.F.);
#2989=ORIENTED_EDGE('',*,*,#4476,.F.);
#2990=ORIENTED_EDGE('',*,*,#3939,.F.);
#2991=ORIENTED_EDGE('',*,*,#5183,.F.);
#2992=ORIENTED_EDGE('',*,*,#4003,.T.);
#2993=ORIENTED_EDGE('',*,*,#4215,.F.);
#2994=ORIENTED_EDGE('',*,*,#4959,.T.);
#2995=ORIENTED_EDGE('',*,*,#3932,.F.);
#2996=ORIENTED_EDGE('',*,*,#5010,.F.);
#2997=ORIENTED_EDGE('',*,*,#4467,.F.);
#2998=ORIENTED_EDGE('',*,*,#4333,.F.);
#2999=ORIENTED_EDGE('',*,*,#4697,.T.);
#3000=ORIENTED_EDGE('',*,*,#3998,.F.);
#3001=ORIENTED_EDGE('',*,*,#5184,.T.);
#3002=ORIENTED_EDGE('',*,*,#4710,.T.);
#3003=ORIENTED_EDGE('',*,*,#5131,.T.);
#3004=ORIENTED_EDGE('',*,*,#5070,.T.);
#3005=ORIENTED_EDGE('',*,*,#4582,.T.);
#3006=ORIENTED_EDGE('',*,*,#4378,.T.);
#3007=ORIENTED_EDGE('',*,*,#4684,.T.);
#3008=ORIENTED_EDGE('',*,*,#5157,.F.);
#3009=ORIENTED_EDGE('',*,*,#4877,.F.);
#3010=ORIENTED_EDGE('',*,*,#5135,.T.);
#3011=ORIENTED_EDGE('',*,*,#5165,.T.);
#3012=ORIENTED_EDGE('',*,*,#4026,.F.);
#3013=ORIENTED_EDGE('',*,*,#5185,.F.);
#3014=ORIENTED_EDGE('',*,*,#4527,.T.);
#3015=ORIENTED_EDGE('',*,*,#5186,.T.);
#3016=ORIENTED_EDGE('',*,*,#3971,.T.);
#3017=ORIENTED_EDGE('',*,*,#5187,.T.);
#3018=ORIENTED_EDGE('',*,*,#4607,.F.);
#3019=ORIENTED_EDGE('',*,*,#5188,.F.);
#3020=ORIENTED_EDGE('',*,*,#5139,.T.);
#3021=ORIENTED_EDGE('',*,*,#4074,.F.);
#3022=ORIENTED_EDGE('',*,*,#4126,.F.);
#3023=ORIENTED_EDGE('',*,*,#5126,.T.);
#3024=ORIENTED_EDGE('',*,*,#5189,.T.);
#3025=ORIENTED_EDGE('',*,*,#4291,.F.);
#3026=ORIENTED_EDGE('',*,*,#4867,.F.);
#3027=ORIENTED_EDGE('',*,*,#5083,.T.);
#3028=ORIENTED_EDGE('',*,*,#5190,.T.);
#3029=ORIENTED_EDGE('',*,*,#5190,.F.);
#3030=ORIENTED_EDGE('',*,*,#5082,.T.);
#3031=ORIENTED_EDGE('',*,*,#5191,.T.);
#3032=ORIENTED_EDGE('',*,*,#4642,.F.);
#3033=ORIENTED_EDGE('',*,*,#5060,.T.);
#3034=ORIENTED_EDGE('',*,*,#3919,.T.);
#3035=ORIENTED_EDGE('',*,*,#4938,.T.);
#3036=ORIENTED_EDGE('',*,*,#5055,.T.);
#3037=ORIENTED_EDGE('',*,*,#5104,.F.);
#3038=ORIENTED_EDGE('',*,*,#5145,.F.);
#3039=ORIENTED_EDGE('',*,*,#4548,.T.);
#3040=ORIENTED_EDGE('',*,*,#4069,.T.);
#3041=ORIENTED_EDGE('',*,*,#5192,.F.);
#3042=ORIENTED_EDGE('',*,*,#5193,.F.);
#3043=ORIENTED_EDGE('',*,*,#4232,.T.);
#3044=ORIENTED_EDGE('',*,*,#5127,.F.);
#3045=ORIENTED_EDGE('',*,*,#4131,.F.);
#3046=ORIENTED_EDGE('',*,*,#5020,.T.);
#3047=ORIENTED_EDGE('',*,*,#4464,.F.);
#3048=ORIENTED_EDGE('',*,*,#4463,.T.);
#3049=ORIENTED_EDGE('',*,*,#3767,.T.);
#3050=ORIENTED_EDGE('',*,*,#5192,.T.);
#3051=ORIENTED_EDGE('',*,*,#5194,.T.);
#3052=ORIENTED_EDGE('',*,*,#4483,.T.);
#3053=ORIENTED_EDGE('',*,*,#5140,.T.);
#3054=ORIENTED_EDGE('',*,*,#5189,.F.);
#3055=ORIENTED_EDGE('',*,*,#5125,.F.);
#3056=ORIENTED_EDGE('',*,*,#4862,.F.);
#3057=ORIENTED_EDGE('',*,*,#5047,.T.);
#3058=ORIENTED_EDGE('',*,*,#5195,.F.);
#3059=ORIENTED_EDGE('',*,*,#4588,.F.);
#3060=ORIENTED_EDGE('',*,*,#5196,.F.);
#3061=ORIENTED_EDGE('',*,*,#4094,.T.);
#3062=ORIENTED_EDGE('',*,*,#4435,.T.);
#3063=ORIENTED_EDGE('',*,*,#5138,.F.);
#3064=ORIENTED_EDGE('',*,*,#4249,.T.);
#3065=ORIENTED_EDGE('',*,*,#4870,.T.);
#3066=ORIENTED_EDGE('',*,*,#5015,.F.);
#3067=ORIENTED_EDGE('',*,*,#5017,.F.);
#3068=ORIENTED_EDGE('',*,*,#4484,.F.);
#3069=ORIENTED_EDGE('',*,*,#5194,.F.);
#3070=ORIENTED_EDGE('',*,*,#4861,.F.);
#3071=ORIENTED_EDGE('',*,*,#5197,.F.);
#3072=ORIENTED_EDGE('',*,*,#4884,.F.);
#3073=ORIENTED_EDGE('',*,*,#4305,.F.);
#3074=ORIENTED_EDGE('',*,*,#4835,.T.);
#3075=ORIENTED_EDGE('',*,*,#5033,.F.);
#3076=ORIENTED_EDGE('',*,*,#4666,.F.);
#3077=ORIENTED_EDGE('',*,*,#4678,.F.);
#3078=ORIENTED_EDGE('',*,*,#5198,.F.);
#3079=ORIENTED_EDGE('',*,*,#5153,.F.);
#3080=ORIENTED_EDGE('',*,*,#3896,.T.);
#3081=ORIENTED_EDGE('',*,*,#5013,.F.);
#3082=ORIENTED_EDGE('',*,*,#4746,.T.);
#3083=ORIENTED_EDGE('',*,*,#4152,.F.);
#3084=ORIENTED_EDGE('',*,*,#3763,.F.);
#3085=ORIENTED_EDGE('',*,*,#4266,.F.);
#3086=ORIENTED_EDGE('',*,*,#4993,.F.);
#3087=ORIENTED_EDGE('',*,*,#4645,.F.);
#3088=ORIENTED_EDGE('',*,*,#5199,.T.);
#3089=ORIENTED_EDGE('',*,*,#3755,.F.);
#3090=ORIENTED_EDGE('',*,*,#4489,.F.);
#3091=ORIENTED_EDGE('',*,*,#5098,.F.);
#3092=ORIENTED_EDGE('',*,*,#4869,.T.);
#3093=ORIENTED_EDGE('',*,*,#4203,.F.);
#3094=ORIENTED_EDGE('',*,*,#4625,.F.);
#3095=ORIENTED_EDGE('',*,*,#4063,.F.);
#3096=ORIENTED_EDGE('',*,*,#4945,.T.);
#3097=ORIENTED_EDGE('',*,*,#4278,.T.);
#3098=ORIENTED_EDGE('',*,*,#5200,.T.);
#3099=ORIENTED_EDGE('',*,*,#5201,.T.);
#3100=ORIENTED_EDGE('',*,*,#5148,.F.);
#3101=ORIENTED_EDGE('',*,*,#4691,.F.);
#3102=ORIENTED_EDGE('',*,*,#3921,.T.);
#3103=ORIENTED_EDGE('',*,*,#5202,.T.);
#3104=ORIENTED_EDGE('',*,*,#4339,.T.);
#3105=ORIENTED_EDGE('',*,*,#4332,.T.);
#3106=ORIENTED_EDGE('',*,*,#4919,.F.);
#3107=ORIENTED_EDGE('',*,*,#4081,.T.);
#3108=ORIENTED_EDGE('',*,*,#4718,.T.);
#3109=ORIENTED_EDGE('',*,*,#3840,.T.);
#3110=ORIENTED_EDGE('',*,*,#4563,.F.);
#3111=ORIENTED_EDGE('',*,*,#5102,.F.);
#3112=ORIENTED_EDGE('',*,*,#5203,.T.);
#3113=ORIENTED_EDGE('',*,*,#5073,.F.);
#3114=ORIENTED_EDGE('',*,*,#4998,.T.);
#3115=ORIENTED_EDGE('',*,*,#5178,.F.);
#3116=ORIENTED_EDGE('',*,*,#5170,.F.);
#3117=ORIENTED_EDGE('',*,*,#4566,.T.);
#3118=ORIENTED_EDGE('',*,*,#5204,.T.);
#3119=ORIENTED_EDGE('',*,*,#4764,.F.);
#3120=ORIENTED_EDGE('',*,*,#5205,.T.);
#3121=ORIENTED_EDGE('',*,*,#5002,.T.);
#3122=ORIENTED_EDGE('',*,*,#4356,.F.);
#3123=ORIENTED_EDGE('',*,*,#5129,.T.);
#3124=ORIENTED_EDGE('',*,*,#5206,.F.);
#3125=ORIENTED_EDGE('',*,*,#4913,.F.);
#3126=ORIENTED_EDGE('',*,*,#5085,.T.);
#3127=ORIENTED_EDGE('',*,*,#4029,.F.);
#3128=ORIENTED_EDGE('',*,*,#3786,.T.);
#3129=ORIENTED_EDGE('',*,*,#4660,.T.);
#3130=ORIENTED_EDGE('',*,*,#4114,.F.);
#3131=ORIENTED_EDGE('',*,*,#5164,.T.);
#3132=ORIENTED_EDGE('',*,*,#4933,.T.);
#3133=ORIENTED_EDGE('',*,*,#3884,.T.);
#3134=ORIENTED_EDGE('',*,*,#4655,.T.);
#3135=ORIENTED_EDGE('',*,*,#5043,.T.);
#3136=ORIENTED_EDGE('',*,*,#4727,.F.);
#3137=ORIENTED_EDGE('',*,*,#4280,.T.);
#3138=ORIENTED_EDGE('',*,*,#4949,.T.);
#3139=ORIENTED_EDGE('',*,*,#4259,.F.);
#3140=ORIENTED_EDGE('',*,*,#4375,.T.);
#3141=ORIENTED_EDGE('',*,*,#4994,.T.);
#3142=ORIENTED_EDGE('',*,*,#5207,.F.);
#3143=ORIENTED_EDGE('',*,*,#4788,.T.);
#3144=ORIENTED_EDGE('',*,*,#4345,.T.);
#3145=ORIENTED_EDGE('',*,*,#4149,.F.);
#3146=ORIENTED_EDGE('',*,*,#4798,.T.);
#3147=ORIENTED_EDGE('',*,*,#3891,.F.);
#3148=ORIENTED_EDGE('',*,*,#4426,.T.);
#3149=ORIENTED_EDGE('',*,*,#4854,.T.);
#3150=ORIENTED_EDGE('',*,*,#5040,.T.);
#3151=ORIENTED_EDGE('',*,*,#4559,.T.);
#3152=ORIENTED_EDGE('',*,*,#4733,.F.);
#3153=ORIENTED_EDGE('',*,*,#5208,.F.);
#3154=ORIENTED_EDGE('',*,*,#4863,.T.);
#3155=ORIENTED_EDGE('',*,*,#4444,.T.);
#3156=ORIENTED_EDGE('',*,*,#5209,.F.);
#3157=ORIENTED_EDGE('',*,*,#5062,.F.);
#3158=ORIENTED_EDGE('',*,*,#5206,.T.);
#3159=ORIENTED_EDGE('',*,*,#5210,.T.);
#3160=ORIENTED_EDGE('',*,*,#4498,.F.);
#3161=ORIENTED_EDGE('',*,*,#5211,.F.);
#3162=ORIENTED_EDGE('',*,*,#4516,.F.);
#3163=ORIENTED_EDGE('',*,*,#5210,.F.);
#3164=ORIENTED_EDGE('',*,*,#5128,.T.);
#3165=ORIENTED_EDGE('',*,*,#4864,.T.);
#3166=ORIENTED_EDGE('',*,*,#5208,.T.);
#3167=ORIENTED_EDGE('',*,*,#4973,.T.);
#3168=ORIENTED_EDGE('',*,*,#3749,.T.);
#3169=ORIENTED_EDGE('',*,*,#5078,.T.);
#3170=ORIENTED_EDGE('',*,*,#4261,.F.);
#3171=ORIENTED_EDGE('',*,*,#3950,.F.);
#3172=ORIENTED_EDGE('',*,*,#4970,.T.);
#3173=ORIENTED_EDGE('',*,*,#5212,.T.);
#3174=ORIENTED_EDGE('',*,*,#4235,.F.);
#3175=ORIENTED_EDGE('',*,*,#3961,.F.);
#3176=ORIENTED_EDGE('',*,*,#4236,.F.);
#3177=ORIENTED_EDGE('',*,*,#5212,.F.);
#3178=ORIENTED_EDGE('',*,*,#4979,.T.);
#3179=ORIENTED_EDGE('',*,*,#5213,.F.);
#3180=ORIENTED_EDGE('',*,*,#5079,.F.);
#3181=ORIENTED_EDGE('',*,*,#3752,.F.);
#3182=ORIENTED_EDGE('',*,*,#5214,.T.);
#3183=ORIENTED_EDGE('',*,*,#4880,.F.);
#3184=ORIENTED_EDGE('',*,*,#3751,.F.);
#3185=ORIENTED_EDGE('',*,*,#4972,.F.);
#3186=ORIENTED_EDGE('',*,*,#4881,.F.);
#3187=ORIENTED_EDGE('',*,*,#5214,.F.);
#3188=ORIENTED_EDGE('',*,*,#4010,.T.);
#3189=ORIENTED_EDGE('',*,*,#4797,.T.);
#3190=ORIENTED_EDGE('',*,*,#4739,.T.);
#3191=ORIENTED_EDGE('',*,*,#5215,.F.);
#3192=ORIENTED_EDGE('',*,*,#4811,.T.);
#3193=ORIENTED_EDGE('',*,*,#5216,.T.);
#3194=ORIENTED_EDGE('',*,*,#5217,.T.);
#3195=ORIENTED_EDGE('',*,*,#4509,.F.);
#3196=ORIENTED_EDGE('',*,*,#4011,.T.);
#3197=ORIENTED_EDGE('',*,*,#5215,.T.);
#3198=ORIENTED_EDGE('',*,*,#4738,.T.);
#3199=ORIENTED_EDGE('',*,*,#3807,.T.);
#3200=ORIENTED_EDGE('',*,*,#4677,.T.);
#3201=ORIENTED_EDGE('',*,*,#4963,.F.);
#3202=ORIENTED_EDGE('',*,*,#5152,.F.);
#3203=ORIENTED_EDGE('',*,*,#5198,.T.);
#3204=ORIENTED_EDGE('',*,*,#4771,.T.);
#3205=ORIENTED_EDGE('',*,*,#4826,.T.);
#3206=ORIENTED_EDGE('',*,*,#5218,.T.);
#3207=ORIENTED_EDGE('',*,*,#5219,.F.);
#3208=ORIENTED_EDGE('',*,*,#4039,.F.);
#3209=ORIENTED_EDGE('',*,*,#4701,.F.);
#3210=ORIENTED_EDGE('',*,*,#5220,.T.);
#3211=ORIENTED_EDGE('',*,*,#5221,.T.);
#3212=ORIENTED_EDGE('',*,*,#4822,.F.);
#3213=ORIENTED_EDGE('',*,*,#4040,.F.);
#3214=ORIENTED_EDGE('',*,*,#5219,.T.);
#3215=ORIENTED_EDGE('',*,*,#5222,.F.);
#3216=ORIENTED_EDGE('',*,*,#5200,.F.);
#3217=ORIENTED_EDGE('',*,*,#4277,.T.);
#3218=ORIENTED_EDGE('',*,*,#5223,.F.);
#3219=ORIENTED_EDGE('',*,*,#5224,.T.);
#3220=ORIENTED_EDGE('',*,*,#5195,.T.);
#3221=ORIENTED_EDGE('',*,*,#5046,.T.);
#3222=ORIENTED_EDGE('',*,*,#4667,.T.);
#3223=ORIENTED_EDGE('',*,*,#5225,.T.);
#3224=ORIENTED_EDGE('',*,*,#4930,.T.);
#3225=ORIENTED_EDGE('',*,*,#4095,.T.);
#3226=ORIENTED_EDGE('',*,*,#5196,.T.);
#3227=ORIENTED_EDGE('',*,*,#4855,.T.);
#3228=ORIENTED_EDGE('',*,*,#5226,.F.);
#3229=ORIENTED_EDGE('',*,*,#5227,.T.);
#3230=ORIENTED_EDGE('',*,*,#3990,.F.);
#3231=ORIENTED_EDGE('',*,*,#5018,.F.);
#3232=ORIENTED_EDGE('',*,*,#3859,.T.);
#3233=ORIENTED_EDGE('',*,*,#4627,.T.);
#3234=ORIENTED_EDGE('',*,*,#5228,.F.);
#3235=ORIENTED_EDGE('',*,*,#3790,.F.);
#3236=ORIENTED_EDGE('',*,*,#4909,.T.);
#3237=ORIENTED_EDGE('',*,*,#4087,.F.);
#3238=ORIENTED_EDGE('',*,*,#4267,.T.);
#3239=ORIENTED_EDGE('',*,*,#3761,.T.);
#3240=ORIENTED_EDGE('',*,*,#4151,.T.);
#3241=ORIENTED_EDGE('',*,*,#4745,.F.);
#3242=ORIENTED_EDGE('',*,*,#5012,.T.);
#3243=ORIENTED_EDGE('',*,*,#4990,.T.);
#3244=ORIENTED_EDGE('',*,*,#5229,.F.);
#3245=ORIENTED_EDGE('',*,*,#4644,.T.);
#3246=ORIENTED_EDGE('',*,*,#4599,.T.);
#3247=ORIENTED_EDGE('',*,*,#3756,.F.);
#3248=ORIENTED_EDGE('',*,*,#5199,.F.);
#3249=ORIENTED_EDGE('',*,*,#4528,.T.);
#3250=ORIENTED_EDGE('',*,*,#5185,.T.);
#3251=ORIENTED_EDGE('',*,*,#4028,.F.);
#3252=ORIENTED_EDGE('',*,*,#3780,.T.);
#3253=ORIENTED_EDGE('',*,*,#4354,.T.);
#3254=ORIENTED_EDGE('',*,*,#4761,.T.);
#3255=ORIENTED_EDGE('',*,*,#4815,.F.);
#3256=ORIENTED_EDGE('',*,*,#4224,.T.);
#3257=ORIENTED_EDGE('',*,*,#4687,.T.);
#3258=ORIENTED_EDGE('',*,*,#4377,.T.);
#3259=ORIENTED_EDGE('',*,*,#5230,.T.);
#3260=ORIENTED_EDGE('',*,*,#3958,.F.);
#3261=ORIENTED_EDGE('',*,*,#5213,.T.);
#3262=ORIENTED_EDGE('',*,*,#4978,.T.);
#3263=ORIENTED_EDGE('',*,*,#4510,.F.);
#3264=ORIENTED_EDGE('',*,*,#5217,.F.);
#3265=ORIENTED_EDGE('',*,*,#5231,.F.);
#3266=ORIENTED_EDGE('',*,*,#4519,.T.);
#3267=ORIENTED_EDGE('',*,*,#5034,.F.);
#3268=ORIENTED_EDGE('',*,*,#4188,.T.);
#3269=ORIENTED_EDGE('',*,*,#5160,.T.);
#3270=ORIENTED_EDGE('',*,*,#5054,.F.);
#3271=ORIENTED_EDGE('',*,*,#4750,.F.);
#3272=ORIENTED_EDGE('',*,*,#4774,.T.);
#3273=ORIENTED_EDGE('',*,*,#4578,.F.);
#3274=ORIENTED_EDGE('',*,*,#5119,.T.);
#3275=ORIENTED_EDGE('',*,*,#5232,.T.);
#3276=ORIENTED_EDGE('',*,*,#4052,.T.);
#3277=ORIENTED_EDGE('',*,*,#5171,.T.);
#3278=ORIENTED_EDGE('',*,*,#4775,.T.);
#3279=ORIENTED_EDGE('',*,*,#4749,.F.);
#3280=ORIENTED_EDGE('',*,*,#4053,.T.);
#3281=ORIENTED_EDGE('',*,*,#5232,.F.);
#3282=ORIENTED_EDGE('',*,*,#5118,.F.);
#3283=ORIENTED_EDGE('',*,*,#4823,.T.);
#3284=ORIENTED_EDGE('',*,*,#4100,.F.);
#3285=ORIENTED_EDGE('',*,*,#5063,.T.);
#3286=ORIENTED_EDGE('',*,*,#4497,.T.);
#3287=ORIENTED_EDGE('',*,*,#4538,.F.);
#3288=ORIENTED_EDGE('',*,*,#5233,.T.);
#3289=ORIENTED_EDGE('',*,*,#5223,.T.);
#3290=ORIENTED_EDGE('',*,*,#4282,.F.);
#3291=ORIENTED_EDGE('',*,*,#4729,.T.);
#3292=ORIENTED_EDGE('',*,*,#5045,.F.);
#3293=ORIENTED_EDGE('',*,*,#5067,.T.);
#3294=ORIENTED_EDGE('',*,*,#4873,.T.);
#3295=ORIENTED_EDGE('',*,*,#5022,.F.);
#3296=ORIENTED_EDGE('',*,*,#5101,.F.);
#3297=ORIENTED_EDGE('',*,*,#3910,.F.);
#3298=ORIENTED_EDGE('',*,*,#5234,.F.);
#3299=ORIENTED_EDGE('',*,*,#4711,.F.);
#3300=ORIENTED_EDGE('',*,*,#5184,.F.);
#3301=ORIENTED_EDGE('',*,*,#3997,.F.);
#3302=ORIENTED_EDGE('',*,*,#5235,.F.);
#3303=ORIENTED_EDGE('',*,*,#4707,.F.);
#3304=ORIENTED_EDGE('',*,*,#4748,.F.);
#3305=ORIENTED_EDGE('',*,*,#5009,.F.);
#3306=ORIENTED_EDGE('',*,*,#4621,.F.);
#3307=ORIENTED_EDGE('',*,*,#5094,.F.);
#3308=ORIENTED_EDGE('',*,*,#4831,.F.);
#3309=ORIENTED_EDGE('',*,*,#4321,.F.);
#3310=ORIENTED_EDGE('',*,*,#5156,.F.);
#3311=ORIENTED_EDGE('',*,*,#5105,.F.);
#3312=ORIENTED_EDGE('',*,*,#4384,.F.);
#3313=ORIENTED_EDGE('',*,*,#4419,.F.);
#3314=ORIENTED_EDGE('',*,*,#5236,.F.);
#3315=ORIENTED_EDGE('',*,*,#4703,.F.);
#3316=ORIENTED_EDGE('',*,*,#3944,.F.);
#3317=ORIENTED_EDGE('',*,*,#5237,.F.);
#3318=ORIENTED_EDGE('',*,*,#5071,.F.);
#3319=ORIENTED_EDGE('',*,*,#5203,.F.);
#3320=ORIENTED_EDGE('',*,*,#4526,.T.);
#3321=ORIENTED_EDGE('',*,*,#4765,.T.);
#3322=ORIENTED_EDGE('',*,*,#4355,.T.);
#3323=ORIENTED_EDGE('',*,*,#3782,.F.);
#3324=ORIENTED_EDGE('',*,*,#4027,.F.);
#3325=ORIENTED_EDGE('',*,*,#5186,.F.);
#3326=ORIENTED_EDGE('',*,*,#3827,.F.);
#3327=ORIENTED_EDGE('',*,*,#3766,.T.);
#3328=ORIENTED_EDGE('',*,*,#5114,.F.);
#3329=ORIENTED_EDGE('',*,*,#4818,.T.);
#3330=ORIENTED_EDGE('',*,*,#5238,.T.);
#3331=ORIENTED_EDGE('',*,*,#4593,.T.);
#3332=ORIENTED_EDGE('',*,*,#5162,.T.);
#3333=ORIENTED_EDGE('',*,*,#4045,.T.);
#3334=ORIENTED_EDGE('',*,*,#5239,.F.);
#3335=ORIENTED_EDGE('',*,*,#4022,.F.);
#3336=ORIENTED_EDGE('',*,*,#5240,.T.);
#3337=ORIENTED_EDGE('',*,*,#4137,.F.);
#3338=ORIENTED_EDGE('',*,*,#5241,.T.);
#3339=ORIENTED_EDGE('',*,*,#4773,.T.);
#3340=ORIENTED_EDGE('',*,*,#4573,.T.);
#3341=ORIENTED_EDGE('',*,*,#4033,.F.);
#3342=ORIENTED_EDGE('',*,*,#4004,.F.);
#3343=ORIENTED_EDGE('',*,*,#5183,.T.);
#3344=ORIENTED_EDGE('',*,*,#3942,.F.);
#3345=ORIENTED_EDGE('',*,*,#5175,.F.);
#3346=ORIENTED_EDGE('',*,*,#4449,.F.);
#3347=ORIENTED_EDGE('',*,*,#4661,.F.);
#3348=ORIENTED_EDGE('',*,*,#5006,.T.);
#3349=ORIENTED_EDGE('',*,*,#5177,.F.);
#3350=ORIENTED_EDGE('',*,*,#4839,.F.);
#3351=ORIENTED_EDGE('',*,*,#4890,.T.);
#3352=ORIENTED_EDGE('',*,*,#5142,.T.);
#3353=ORIENTED_EDGE('',*,*,#5027,.T.);
#3354=ORIENTED_EDGE('',*,*,#4675,.F.);
#3355=ORIENTED_EDGE('',*,*,#5242,.F.);
#3356=ORIENTED_EDGE('',*,*,#5087,.T.);
#3357=ORIENTED_EDGE('',*,*,#3972,.T.);
#3358=ORIENTED_EDGE('',*,*,#5188,.T.);
#3359=ORIENTED_EDGE('',*,*,#4606,.F.);
#3360=ORIENTED_EDGE('',*,*,#5243,.F.);
#3361=ORIENTED_EDGE('',*,*,#5244,.F.);
#3362=ORIENTED_EDGE('',*,*,#5245,.F.);
#3363=ORIENTED_EDGE('',*,*,#5050,.F.);
#3364=ORIENTED_EDGE('',*,*,#3973,.T.);
#3365=ORIENTED_EDGE('',*,*,#5244,.T.);
#3366=ORIENTED_EDGE('',*,*,#4637,.F.);
#3367=ORIENTED_EDGE('',*,*,#5023,.T.);
#3368=ORIENTED_EDGE('',*,*,#5246,.F.);
#3369=ORIENTED_EDGE('',*,*,#5247,.F.);
#3370=ORIENTED_EDGE('',*,*,#4842,.T.);
#3371=ORIENTED_EDGE('',*,*,#5248,.F.);
#3372=ORIENTED_EDGE('',*,*,#5090,.F.);
#3373=ORIENTED_EDGE('',*,*,#4901,.F.);
#3374=ORIENTED_EDGE('',*,*,#3999,.T.);
#3375=ORIENTED_EDGE('',*,*,#5130,.F.);
#3376=ORIENTED_EDGE('',*,*,#4092,.F.);
#3377=ORIENTED_EDGE('',*,*,#4226,.T.);
#3378=ORIENTED_EDGE('',*,*,#4814,.F.);
#3379=ORIENTED_EDGE('',*,*,#4743,.T.);
#3380=ORIENTED_EDGE('',*,*,#3791,.T.);
#3381=ORIENTED_EDGE('',*,*,#5228,.T.);
#3382=ORIENTED_EDGE('',*,*,#4626,.F.);
#3383=ORIENTED_EDGE('',*,*,#4785,.T.);
#3384=ORIENTED_EDGE('',*,*,#5180,.F.);
#3385=ORIENTED_EDGE('',*,*,#4756,.F.);
#3386=ORIENTED_EDGE('',*,*,#4967,.F.);
#3387=ORIENTED_EDGE('',*,*,#4569,.T.);
#3388=ORIENTED_EDGE('',*,*,#5167,.T.);
#3389=ORIENTED_EDGE('',*,*,#3881,.T.);
#3390=ORIENTED_EDGE('',*,*,#5149,.F.);
#3391=ORIENTED_EDGE('',*,*,#5201,.F.);
#3392=ORIENTED_EDGE('',*,*,#5222,.T.);
#3393=ORIENTED_EDGE('',*,*,#5233,.F.);
#3394=ORIENTED_EDGE('',*,*,#5021,.T.);
#3395=ORIENTED_EDGE('',*,*,#4237,.F.);
#3396=ORIENTED_EDGE('',*,*,#3959,.F.);
#3397=ORIENTED_EDGE('',*,*,#5230,.F.);
#3398=ORIENTED_EDGE('',*,*,#4977,.T.);
#3399=ORIENTED_EDGE('',*,*,#5117,.T.);
#3400=ORIENTED_EDGE('',*,*,#5003,.T.);
#3401=ORIENTED_EDGE('',*,*,#4704,.F.);
#3402=ORIENTED_EDGE('',*,*,#5236,.T.);
#3403=ORIENTED_EDGE('',*,*,#4418,.T.);
#3404=ORIENTED_EDGE('',*,*,#4391,.T.);
#3405=ORIENTED_EDGE('',*,*,#5173,.T.);
#3406=ORIENTED_EDGE('',*,*,#4777,.T.);
#3407=ORIENTED_EDGE('',*,*,#4715,.T.);
#3408=ORIENTED_EDGE('',*,*,#5249,.F.);
#3409=ORIENTED_EDGE('',*,*,#4669,.F.);
#3410=ORIENTED_EDGE('',*,*,#5048,.F.);
#3411=ORIENTED_EDGE('',*,*,#4912,.T.);
#3412=ORIENTED_EDGE('',*,*,#4323,.T.);
#3413=ORIENTED_EDGE('',*,*,#4833,.T.);
#3414=ORIENTED_EDGE('',*,*,#5093,.T.);
#3415=ORIENTED_EDGE('',*,*,#4894,.T.);
#3416=ORIENTED_EDGE('',*,*,#4097,.F.);
#3417=ORIENTED_EDGE('',*,*,#4932,.F.);
#3418=ORIENTED_EDGE('',*,*,#4455,.T.);
#3419=ORIENTED_EDGE('',*,*,#4918,.F.);
#3420=ORIENTED_EDGE('',*,*,#5161,.T.);
#3421=ORIENTED_EDGE('',*,*,#4674,.T.);
#3422=ORIENTED_EDGE('',*,*,#4997,.F.);
#3423=ORIENTED_EDGE('',*,*,#5250,.F.);
#3424=ORIENTED_EDGE('',*,*,#5251,.F.);
#3425=ORIENTED_EDGE('',*,*,#5058,.F.);
#3426=ORIENTED_EDGE('',*,*,#4352,.F.);
#3427=ORIENTED_EDGE('',*,*,#5252,.F.);
#3428=ORIENTED_EDGE('',*,*,#5253,.F.);
#3429=ORIENTED_EDGE('',*,*,#5254,.F.);
#3430=ORIENTED_EDGE('',*,*,#4216,.F.);
#3431=ORIENTED_EDGE('',*,*,#5193,.T.);
#3432=ORIENTED_EDGE('',*,*,#3826,.T.);
#3433=ORIENTED_EDGE('',*,*,#5035,.F.);
#3434=ORIENTED_EDGE('',*,*,#4387,.T.);
#3435=ORIENTED_EDGE('',*,*,#4453,.F.);
#3436=ORIENTED_EDGE('',*,*,#4520,.T.);
#3437=ORIENTED_EDGE('',*,*,#5231,.T.);
#3438=ORIENTED_EDGE('',*,*,#5216,.F.);
#3439=ORIENTED_EDGE('',*,*,#4810,.T.);
#3440=ORIENTED_EDGE('',*,*,#5107,.F.);
#3441=ORIENTED_EDGE('',*,*,#4921,.T.);
#3442=ORIENTED_EDGE('',*,*,#5019,.T.);
#3443=ORIENTED_EDGE('',*,*,#3988,.T.);
#3444=ORIENTED_EDGE('',*,*,#4263,.F.);
#3445=ORIENTED_EDGE('',*,*,#5077,.T.);
#3446=ORIENTED_EDGE('',*,*,#4946,.T.);
#3447=ORIENTED_EDGE('',*,*,#5202,.F.);
#3448=ORIENTED_EDGE('',*,*,#4364,.F.);
#3449=ORIENTED_EDGE('',*,*,#5061,.T.);
#3450=ORIENTED_EDGE('',*,*,#4908,.T.);
#3451=ORIENTED_EDGE('',*,*,#4939,.T.);
#3452=ORIENTED_EDGE('',*,*,#4754,.F.);
#3453=ORIENTED_EDGE('',*,*,#5179,.F.);
#3454=ORIENTED_EDGE('',*,*,#5204,.F.);
#3455=ORIENTED_EDGE('',*,*,#4565,.T.);
#3456=ORIENTED_EDGE('',*,*,#3936,.F.);
#3457=ORIENTED_EDGE('',*,*,#5255,.T.);
#3458=ORIENTED_EDGE('',*,*,#4042,.F.);
#3459=ORIENTED_EDGE('',*,*,#4821,.F.);
#3460=ORIENTED_EDGE('',*,*,#4991,.T.);
#3461=ORIENTED_EDGE('',*,*,#4025,.F.);
#3462=ORIENTED_EDGE('',*,*,#5256,.F.);
#3463=ORIENTED_EDGE('',*,*,#4767,.T.);
#3464=ORIENTED_EDGE('',*,*,#4983,.T.);
#3465=ORIENTED_EDGE('',*,*,#4138,.T.);
#3466=ORIENTED_EDGE('',*,*,#5240,.F.);
#3467=ORIENTED_EDGE('',*,*,#4768,.T.);
#3468=ORIENTED_EDGE('',*,*,#5256,.T.);
#3469=ORIENTED_EDGE('',*,*,#4024,.F.);
#3470=ORIENTED_EDGE('',*,*,#5257,.F.);
#3471=ORIENTED_EDGE('',*,*,#4043,.T.);
#3472=ORIENTED_EDGE('',*,*,#5255,.F.);
#3473=ORIENTED_EDGE('',*,*,#4023,.T.);
#3474=ORIENTED_EDGE('',*,*,#5239,.T.);
#3475=ORIENTED_EDGE('',*,*,#4044,.T.);
#3476=ORIENTED_EDGE('',*,*,#5257,.T.);
#3477=ORIENTED_EDGE('',*,*,#4944,.F.);
#3478=ORIENTED_EDGE('',*,*,#5075,.T.);
#3479=ORIENTED_EDGE('',*,*,#5258,.T.);
#3480=ORIENTED_EDGE('',*,*,#5207,.T.);
#3481=ORIENTED_EDGE('',*,*,#4360,.F.);
#3482=ORIENTED_EDGE('',*,*,#4952,.F.);
#3483=ORIENTED_EDGE('',*,*,#5259,.F.);
#3484=ORIENTED_EDGE('',*,*,#4127,.T.);
#3485=ORIENTED_EDGE('',*,*,#4072,.T.);
#3486=ORIENTED_EDGE('',*,*,#4128,.T.);
#3487=ORIENTED_EDGE('',*,*,#5259,.T.);
#3488=ORIENTED_EDGE('',*,*,#4951,.F.);
#3489=ORIENTED_EDGE('',*,*,#3832,.T.);
#3490=ORIENTED_EDGE('',*,*,#4789,.F.);
#3491=ORIENTED_EDGE('',*,*,#5258,.F.);
#3492=ORIENTED_EDGE('',*,*,#5074,.T.);
#3493=ORIENTED_EDGE('',*,*,#5064,.T.);
#3494=ORIENTED_EDGE('',*,*,#5124,.F.);
#3495=ORIENTED_EDGE('',*,*,#4885,.F.);
#3496=ORIENTED_EDGE('',*,*,#5197,.T.);
#3497=ORIENTED_EDGE('',*,*,#4860,.T.);
#3498=ORIENTED_EDGE('',*,*,#4690,.F.);
#3499=ORIENTED_EDGE('',*,*,#4543,.T.);
#3500=ORIENTED_EDGE('',*,*,#3872,.T.);
#3501=ORIENTED_EDGE('',*,*,#3922,.T.);
#3502=ORIENTED_EDGE('',*,*,#4439,.T.);
#3503=ORIENTED_EDGE('',*,*,#4652,.F.);
#3504=ORIENTED_EDGE('',*,*,#5092,.F.);
#3505=ORIENTED_EDGE('',*,*,#4314,.F.);
#3506=ORIENTED_EDGE('',*,*,#5100,.F.);
#3507=ORIENTED_EDGE('',*,*,#4172,.T.);
#3508=ORIENTED_EDGE('',*,*,#4790,.F.);
#3509=ORIENTED_EDGE('',*,*,#5225,.F.);
#3510=ORIENTED_EDGE('',*,*,#4670,.F.);
#3511=ORIENTED_EDGE('',*,*,#5249,.T.);
#3512=ORIENTED_EDGE('',*,*,#4931,.T.);
#3513=ORIENTED_EDGE('',*,*,#5260,.F.);
#3514=ORIENTED_EDGE('',*,*,#4401,.T.);
#3515=ORIENTED_EDGE('',*,*,#3976,.T.);
#3516=ORIENTED_EDGE('',*,*,#4848,.T.);
#3517=ORIENTED_EDGE('',*,*,#4847,.T.);
#3518=ORIENTED_EDGE('',*,*,#4602,.F.);
#3519=ORIENTED_EDGE('',*,*,#5261,.T.);
#3520=ORIENTED_EDGE('',*,*,#5262,.F.);
#3521=ORIENTED_EDGE('',*,*,#4402,.T.);
#3522=ORIENTED_EDGE('',*,*,#5260,.T.);
#3523=ORIENTED_EDGE('',*,*,#4615,.F.);
#3524=ORIENTED_EDGE('',*,*,#4218,.T.);
#3525=ORIENTED_EDGE('',*,*,#4047,.T.);
#3526=ORIENTED_EDGE('',*,*,#5263,.F.);
#3527=ORIENTED_EDGE('',*,*,#5264,.F.);
#3528=ORIENTED_EDGE('',*,*,#5261,.F.);
#3529=ORIENTED_EDGE('',*,*,#4404,.T.);
#3530=ORIENTED_EDGE('',*,*,#5265,.T.);
#3531=ORIENTED_EDGE('',*,*,#5263,.T.);
#3532=ORIENTED_EDGE('',*,*,#4046,.T.);
#3533=ORIENTED_EDGE('',*,*,#5241,.F.);
#3534=ORIENTED_EDGE('',*,*,#4193,.T.);
#3535=ORIENTED_EDGE('',*,*,#5266,.F.);
#3536=ORIENTED_EDGE('',*,*,#4405,.T.);
#3537=ORIENTED_EDGE('',*,*,#5266,.T.);
#3538=ORIENTED_EDGE('',*,*,#4192,.T.);
#3539=ORIENTED_EDGE('',*,*,#4781,.T.);
#3540=ORIENTED_EDGE('',*,*,#4119,.F.);
#3541=ORIENTED_EDGE('',*,*,#5267,.F.);
#3542=ORIENTED_EDGE('',*,*,#4406,.T.);
#3543=ORIENTED_EDGE('',*,*,#4132,.T.);
#3544=ORIENTED_EDGE('',*,*,#4900,.T.);
#3545=ORIENTED_EDGE('',*,*,#4708,.F.);
#3546=ORIENTED_EDGE('',*,*,#5235,.T.);
#3547=ORIENTED_EDGE('',*,*,#3996,.T.);
#3548=ORIENTED_EDGE('',*,*,#3875,.T.);
#3549=ORIENTED_EDGE('',*,*,#4712,.F.);
#3550=ORIENTED_EDGE('',*,*,#5234,.T.);
#3551=ORIENTED_EDGE('',*,*,#3909,.T.);
#3552=ORIENTED_EDGE('',*,*,#5005,.T.);
#3553=ORIENTED_EDGE('',*,*,#4984,.T.);
#3554=ORIENTED_EDGE('',*,*,#4782,.T.);
#3555=ORIENTED_EDGE('',*,*,#4327,.T.);
#3556=ORIENTED_EDGE('',*,*,#5264,.T.);
#3557=ORIENTED_EDGE('',*,*,#5265,.F.);
#3558=ORIENTED_EDGE('',*,*,#4403,.F.);
#3559=ORIENTED_EDGE('',*,*,#5262,.T.);
#3560=ORIENTED_EDGE('',*,*,#4458,.F.);
#3561=ORIENTED_EDGE('',*,*,#5122,.T.);
#3562=ORIENTED_EDGE('',*,*,#3758,.T.);
#3563=ORIENTED_EDGE('',*,*,#4598,.T.);
#3564=ORIENTED_EDGE('',*,*,#5211,.T.);
#3565=ORIENTED_EDGE('',*,*,#5209,.T.);
#3566=ORIENTED_EDGE('',*,*,#4443,.T.);
#3567=ORIENTED_EDGE('',*,*,#4941,.F.);
#3568=ORIENTED_EDGE('',*,*,#4294,.F.);
#3569=ORIENTED_EDGE('',*,*,#4662,.T.);
#3570=ORIENTED_EDGE('',*,*,#4539,.F.);
#3571=ORIENTED_EDGE('',*,*,#4517,.F.);
#3572=ORIENTED_EDGE('',*,*,#5137,.F.);
#3573=ORIENTED_EDGE('',*,*,#5031,.F.);
#3574=ORIENTED_EDGE('',*,*,#4583,.F.);
#3575=ORIENTED_EDGE('',*,*,#5224,.F.);
#3576=ORIENTED_EDGE('',*,*,#5268,.F.);
#3577=ORIENTED_EDGE('',*,*,#4792,.T.);
#3578=ORIENTED_EDGE('',*,*,#4250,.T.);
#3579=ORIENTED_EDGE('',*,*,#4118,.F.);
#3580=ORIENTED_EDGE('',*,*,#3838,.F.);
#3581=ORIENTED_EDGE('',*,*,#5269,.F.);
#3582=ORIENTED_EDGE('',*,*,#4407,.T.);
#3583=ORIENTED_EDGE('',*,*,#5267,.T.);
#3584=ORIENTED_EDGE('',*,*,#4981,.T.);
#3585=ORIENTED_EDGE('',*,*,#4608,.F.);
#3586=ORIENTED_EDGE('',*,*,#5187,.F.);
#3587=ORIENTED_EDGE('',*,*,#3970,.T.);
#3588=ORIENTED_EDGE('',*,*,#3747,.T.);
#3589=ORIENTED_EDGE('',*,*,#5270,.F.);
#3590=ORIENTED_EDGE('',*,*,#4242,.T.);
#3591=ORIENTED_EDGE('',*,*,#5068,.T.);
#3592=ORIENTED_EDGE('',*,*,#5226,.T.);
#3593=ORIENTED_EDGE('',*,*,#4857,.T.);
#3594=ORIENTED_EDGE('',*,*,#4793,.T.);
#3595=ORIENTED_EDGE('',*,*,#5268,.T.);
#3596=ORIENTED_EDGE('',*,*,#5250,.T.);
#3597=ORIENTED_EDGE('',*,*,#4996,.T.);
#3598=ORIENTED_EDGE('',*,*,#5112,.T.);
#3599=ORIENTED_EDGE('',*,*,#5271,.F.);
#3600=ORIENTED_EDGE('',*,*,#3824,.F.);
#3601=ORIENTED_EDGE('',*,*,#5272,.F.);
#3602=ORIENTED_EDGE('',*,*,#4816,.F.);
#3603=ORIENTED_EDGE('',*,*,#5221,.F.);
#3604=ORIENTED_EDGE('',*,*,#5273,.T.);
#3605=ORIENTED_EDGE('',*,*,#5163,.F.);
#3606=ORIENTED_EDGE('',*,*,#5154,.T.);
#3607=ORIENTED_EDGE('',*,*,#3746,.F.);
#3608=ORIENTED_EDGE('',*,*,#3897,.F.);
#3609=ORIENTED_EDGE('',*,*,#4874,.T.);
#3610=ORIENTED_EDGE('',*,*,#4554,.T.);
#3611=ORIENTED_EDGE('',*,*,#5039,.T.);
#3612=ORIENTED_EDGE('',*,*,#4243,.T.);
#3613=ORIENTED_EDGE('',*,*,#5270,.T.);
#3614=ORIENTED_EDGE('',*,*,#4083,.T.);
#3615=ORIENTED_EDGE('',*,*,#3991,.F.);
#3616=ORIENTED_EDGE('',*,*,#5227,.F.);
#3617=ORIENTED_EDGE('',*,*,#3858,.T.);
#3618=ORIENTED_EDGE('',*,*,#4513,.T.);
#3619=ORIENTED_EDGE('',*,*,#5274,.T.);
#3620=ORIENTED_EDGE('',*,*,#4505,.F.);
#3621=ORIENTED_EDGE('',*,*,#3847,.T.);
#3622=ORIENTED_EDGE('',*,*,#4307,.T.);
#3623=ORIENTED_EDGE('',*,*,#4206,.T.);
#3624=ORIENTED_EDGE('',*,*,#4650,.T.);
#3625=ORIENTED_EDGE('',*,*,#5182,.T.);
#3626=ORIENTED_EDGE('',*,*,#5109,.T.);
#3627=ORIENTED_EDGE('',*,*,#4639,.F.);
#3628=ORIENTED_EDGE('',*,*,#5275,.F.);
#3629=ORIENTED_EDGE('',*,*,#5252,.T.);
#3630=ORIENTED_EDGE('',*,*,#4351,.T.);
#3631=ORIENTED_EDGE('',*,*,#5271,.T.);
#3632=ORIENTED_EDGE('',*,*,#5111,.F.);
#3633=ORIENTED_EDGE('',*,*,#5276,.F.);
#3634=ORIENTED_EDGE('',*,*,#5059,.F.);
#3635=ORIENTED_EDGE('',*,*,#5251,.T.);
#3636=ORIENTED_EDGE('',*,*,#5110,.T.);
#3637=ORIENTED_EDGE('',*,*,#4349,.T.);
#3638=ORIENTED_EDGE('',*,*,#5057,.T.);
#3639=ORIENTED_EDGE('',*,*,#5276,.T.);
#3640=ORIENTED_EDGE('',*,*,#5275,.T.);
#3641=ORIENTED_EDGE('',*,*,#4638,.F.);
#3642=ORIENTED_EDGE('',*,*,#5248,.T.);
#3643=ORIENTED_EDGE('',*,*,#4845,.T.);
#3644=ORIENTED_EDGE('',*,*,#5277,.F.);
#3645=ORIENTED_EDGE('',*,*,#5253,.T.);
#3646=ORIENTED_EDGE('',*,*,#5254,.T.);
#3647=ORIENTED_EDGE('',*,*,#5277,.T.);
#3648=ORIENTED_EDGE('',*,*,#4844,.F.);
#3649=ORIENTED_EDGE('',*,*,#5278,.F.);
#3650=ORIENTED_EDGE('',*,*,#4049,.T.);
#3651=ORIENTED_EDGE('',*,*,#4217,.T.);
#3652=ORIENTED_EDGE('',*,*,#4050,.F.);
#3653=ORIENTED_EDGE('',*,*,#5278,.T.);
#3654=ORIENTED_EDGE('',*,*,#4843,.T.);
#3655=ORIENTED_EDGE('',*,*,#5247,.T.);
#3656=ORIENTED_EDGE('',*,*,#5279,.F.);
#3657=ORIENTED_EDGE('',*,*,#4161,.T.);
#3658=ORIENTED_EDGE('',*,*,#5172,.F.);
#3659=ORIENTED_EDGE('',*,*,#5246,.T.);
#3660=ORIENTED_EDGE('',*,*,#4779,.T.);
#3661=ORIENTED_EDGE('',*,*,#4162,.T.);
#3662=ORIENTED_EDGE('',*,*,#5279,.T.);
#3663=ORIENTED_EDGE('',*,*,#4605,.T.);
#3664=ORIENTED_EDGE('',*,*,#5051,.T.);
#3665=ORIENTED_EDGE('',*,*,#5245,.T.);
#3666=ORIENTED_EDGE('',*,*,#5243,.T.);
#3667=ORIENTED_EDGE('',*,*,#4109,.T.);
#3668=ORIENTED_EDGE('',*,*,#4380,.T.);
#3669=ORIENTED_EDGE('',*,*,#4581,.F.);
#3670=ORIENTED_EDGE('',*,*,#5069,.T.);
#3671=ORIENTED_EDGE('',*,*,#4763,.F.);
#3672=ORIENTED_EDGE('',*,*,#5176,.F.);
#3673=ORIENTED_EDGE('',*,*,#4696,.F.);
#3674=ORIENTED_EDGE('',*,*,#4888,.T.);
#3675=ORIENTED_EDGE('',*,*,#5205,.F.);
#3676=ORIENTED_EDGE('',*,*,#3837,.F.);
#3677=ORIENTED_EDGE('',*,*,#4342,.F.);
#3678=ORIENTED_EDGE('',*,*,#4898,.T.);
#3679=ORIENTED_EDGE('',*,*,#5269,.T.);
#3680=ORIENTED_EDGE('',*,*,#4989,.T.);
#3681=ORIENTED_EDGE('',*,*,#5123,.T.);
#3682=ORIENTED_EDGE('',*,*,#4084,.T.);
#3683=ORIENTED_EDGE('',*,*,#5229,.T.);
#3684=ORIENTED_EDGE('',*,*,#5220,.F.);
#3685=ORIENTED_EDGE('',*,*,#5218,.F.);
#3686=ORIENTED_EDGE('',*,*,#4828,.T.);
#3687=ORIENTED_EDGE('',*,*,#4597,.F.);
#3688=ORIENTED_EDGE('',*,*,#4954,.T.);
#3689=ORIENTED_EDGE('',*,*,#5273,.F.);
#3690=ORIENTED_EDGE('',*,*,#4490,.F.);
#3691=ORIENTED_EDGE('',*,*,#4229,.T.);
#3692=ORIENTED_EDGE('',*,*,#5116,.F.);
#3693=ORIENTED_EDGE('',*,*,#5099,.T.);
#3694=ORIENTED_EDGE('',*,*,#3930,.T.);
#3695=ORIENTED_EDGE('',*,*,#4576,.T.);
#3696=ORIENTED_EDGE('',*,*,#5053,.T.);
#3697=ORIENTED_EDGE('',*,*,#4579,.T.);
#3698=ORIENTED_EDGE('',*,*,#3823,.T.);
#3699=ORIENTED_EDGE('',*,*,#4594,.F.);
#3700=ORIENTED_EDGE('',*,*,#5238,.F.);
#3701=ORIENTED_EDGE('',*,*,#4817,.T.);
#3702=ORIENTED_EDGE('',*,*,#5272,.T.);
#3703=ORIENTED_EDGE('',*,*,#5000,.T.);
#3704=ORIENTED_EDGE('',*,*,#5072,.F.);
#3705=ORIENTED_EDGE('',*,*,#5237,.T.);
#3706=ORIENTED_EDGE('',*,*,#3943,.T.);
#3707=ORIENTED_EDGE('',*,*,#4886,.F.);
#3708=ORIENTED_EDGE('',*,*,#5191,.F.);
#3709=ORIENTED_EDGE('',*,*,#5081,.T.);
#3710=ORIENTED_EDGE('',*,*,#4713,.F.);
#3711=ORIENTED_EDGE('',*,*,#4104,.F.);
#3712=ORIENTED_EDGE('',*,*,#3927,.F.);
#3713=ORIENTED_EDGE('',*,*,#4506,.T.);
#3714=ORIENTED_EDGE('',*,*,#5274,.F.);
#3715=ORIENTED_EDGE('',*,*,#4512,.T.);
#3716=ORIENTED_EDGE('',*,*,#4058,.T.);
#3717=ORIENTED_EDGE('',*,*,#4969,.T.);
#3718=ORIENTED_EDGE('',*,*,#5029,.T.);
#3719=ORIENTED_EDGE('',*,*,#5108,.F.);
#3720=ORIENTED_EDGE('',*,*,#5242,.T.);
#3721=ORIENTED_EDGE('',*,*,#3905,.F.);
#3722=ORIENTED_EDGE('',*,*,#4343,.F.);
#3723=ORIENTED_EDGE('',*,*,#5088,.T.);
#3724=ORIENTED_EDGE('',*,*,#5037,.T.);
#3725=ORIENTED_EDGE('',*,*,#3865,.T.);
#3726=ORIENTED_EDGE('',*,*,#5008,.T.);
#3727=EDGE_CURVE('',#5280,#5281,#6266,.T.);
#3728=EDGE_CURVE('',#5282,#5280,#6267,.T.);
#3729=EDGE_CURVE('',#5283,#5282,#6268,.T.);
#3730=EDGE_CURVE('',#5284,#5283,#6269,.T.);
#3731=EDGE_CURVE('',#5284,#5285,#6270,.T.);
#3732=EDGE_CURVE('',#5285,#5281,#6271,.T.);
#3733=EDGE_CURVE('',#5286,#5287,#6272,.T.);
#3734=EDGE_CURVE('',#5288,#5287,#6273,.T.);
#3735=EDGE_CURVE('',#5289,#5288,#6274,.T.);
#3736=EDGE_CURVE('',#5290,#5289,#6275,.T.);
#3737=EDGE_CURVE('',#5291,#5290,#6276,.T.);
#3738=EDGE_CURVE('',#5284,#5291,#6277,.T.);
#3739=EDGE_CURVE('',#5283,#5286,#6278,.T.);
#3740=EDGE_CURVE('',#5292,#5293,#6279,.T.);
#3741=EDGE_CURVE('',#5293,#5294,#6280,.T.);
#3742=EDGE_CURVE('',#5295,#5294,#6281,.T.);
#3743=EDGE_CURVE('',#5292,#5295,#6282,.T.);
#3744=EDGE_CURVE('',#5296,#5297,#6283,.T.);
#3745=EDGE_CURVE('',#5297,#5298,#6284,.T.);
#3746=EDGE_CURVE('',#5298,#5299,#6285,.T.);
#3747=EDGE_CURVE('',#5296,#5299,#6286,.T.);
#3748=EDGE_CURVE('',#5300,#5301,#6287,.T.);
#3749=EDGE_CURVE('',#5302,#5300,#288,.T.);
#3750=EDGE_CURVE('',#5303,#5302,#6288,.T.);
#3751=EDGE_CURVE('',#5303,#5304,#6289,.T.);
#3752=EDGE_CURVE('',#5304,#5301,#6290,.T.);
#3753=EDGE_CURVE('',#5305,#5306,#6291,.T.);
#3754=EDGE_CURVE('',#5307,#5305,#6292,.T.);
#3755=EDGE_CURVE('',#5307,#5308,#6293,.T.);
#3756=EDGE_CURVE('',#5308,#5309,#6294,.T.);
#3757=EDGE_CURVE('',#5310,#5309,#6295,.T.);
#3758=EDGE_CURVE('',#5311,#5310,#6296,.T.);
#3759=EDGE_CURVE('',#5306,#5311,#6297,.T.);
#3760=EDGE_CURVE('',#5312,#5313,#6298,.T.);
#3761=EDGE_CURVE('',#5314,#5313,#289,.T.);
#3762=EDGE_CURVE('',#5315,#5314,#6299,.T.);
#3763=EDGE_CURVE('',#5315,#5312,#290,.T.);
#3764=EDGE_CURVE('',#5316,#5317,#6300,.T.);
#3765=EDGE_CURVE('',#5318,#5316,#291,.T.);
#3766=EDGE_CURVE('',#5319,#5318,#6301,.T.);
#3767=EDGE_CURVE('',#5320,#5319,#94,.T.);
#3768=EDGE_CURVE('',#5320,#5321,#292,.T.);
#3769=EDGE_CURVE('',#5321,#5322,#293,.T.);
#3770=EDGE_CURVE('',#5322,#5317,#294,.T.);
#3771=EDGE_CURVE('',#5323,#5324,#6302,.T.);
#3772=EDGE_CURVE('',#5325,#5323,#295,.T.);
#3773=EDGE_CURVE('',#5325,#5326,#6303,.T.);
#3774=EDGE_CURVE('',#5326,#5324,#296,.T.);
#3775=EDGE_CURVE('',#5327,#5328,#297,.T.);
#3776=EDGE_CURVE('',#5328,#5329,#6304,.T.);
#3777=EDGE_CURVE('',#5330,#5329,#298,.T.);
#3778=EDGE_CURVE('',#5330,#5327,#6305,.T.);
#3779=EDGE_CURVE('',#5331,#5332,#6306,.T.);
#3780=EDGE_CURVE('',#5333,#5332,#299,.T.);
#3781=EDGE_CURVE('',#5334,#5333,#6307,.T.);
#3782=EDGE_CURVE('',#5334,#5331,#300,.T.);
#3783=EDGE_CURVE('',#5335,#5336,#6308,.T.);
#3784=EDGE_CURVE('',#5336,#5337,#6309,.T.);
#3785=EDGE_CURVE('',#5337,#5338,#6310,.T.);
#3786=EDGE_CURVE('',#5339,#5338,#301,.T.);
#3787=EDGE_CURVE('',#5340,#5339,#6311,.T.);
#3788=EDGE_CURVE('',#5335,#5340,#302,.T.);
#3789=EDGE_CURVE('',#5341,#5342,#6312,.T.);
#3790=EDGE_CURVE('',#5341,#5343,#6313,.T.);
#3791=EDGE_CURVE('',#5344,#5343,#6314,.T.);
#3792=EDGE_CURVE('',#5345,#5344,#6315,.T.);
#3793=EDGE_CURVE('',#5345,#5346,#6316,.T.);
#3794=EDGE_CURVE('',#5347,#5346,#6317,.T.);
#3795=EDGE_CURVE('',#5348,#5347,#6318,.T.);
#3796=EDGE_CURVE('',#5348,#5321,#6319,.T.);
#3797=EDGE_CURVE('',#5349,#5321,#6320,.T.);
#3798=EDGE_CURVE('',#5349,#5342,#6321,.T.);
#3799=EDGE_CURVE('',#5350,#5351,#6322,.T.);
#3800=EDGE_CURVE('',#5350,#5352,#6323,.T.);
#3801=EDGE_CURVE('',#5353,#5352,#6324,.T.);
#3802=EDGE_CURVE('',#5353,#5354,#6325,.T.);
#3803=EDGE_CURVE('',#5354,#5355,#6326,.T.);
#3804=EDGE_CURVE('',#5355,#5356,#6327,.T.);
#3805=EDGE_CURVE('',#5357,#5356,#6328,.T.);
#3806=EDGE_CURVE('',#5357,#5351,#6329,.T.);
#3807=EDGE_CURVE('',#5358,#5359,#6330,.T.);
#3808=EDGE_CURVE('',#5360,#5358,#303,.T.);
#3809=EDGE_CURVE('',#5360,#5361,#6331,.T.);
#3810=EDGE_CURVE('',#5361,#5359,#304,.T.);
#3811=EDGE_CURVE('',#5362,#5286,#6332,.T.);
#3812=EDGE_CURVE('',#5363,#5362,#6333,.T.);
#3813=EDGE_CURVE('',#5364,#5363,#6334,.T.);
#3814=EDGE_CURVE('',#5364,#5365,#6335,.T.);
#3815=EDGE_CURVE('',#5365,#5287,#6336,.T.);
#3816=EDGE_CURVE('',#5366,#5367,#305,.T.);
#3817=EDGE_CURVE('',#5368,#5366,#6337,.T.);
#3818=EDGE_CURVE('',#5369,#5368,#50,.T.);
#3819=EDGE_CURVE('',#5369,#5370,#6338,.T.);
#3820=EDGE_CURVE('',#5371,#5370,#6339,.T.);
#3821=EDGE_CURVE('',#5367,#5371,#6340,.T.);
#3822=EDGE_CURVE('',#5372,#5373,#6341,.T.);
#3823=EDGE_CURVE('',#5374,#5373,#6342,.T.);
#3824=EDGE_CURVE('',#5374,#5375,#6343,.T.);
#3825=EDGE_CURVE('',#5375,#5372,#6344,.T.);
#3826=EDGE_CURVE('',#5319,#5376,#306,.T.);
#3827=EDGE_CURVE('',#5319,#5377,#6345,.T.);
#3828=EDGE_CURVE('',#5377,#5378,#307,.T.);
#3829=EDGE_CURVE('',#5376,#5378,#6346,.T.);
#3830=EDGE_CURVE('',#5379,#5380,#6347,.T.);
#3831=EDGE_CURVE('',#5380,#5381,#308,.T.);
#3832=EDGE_CURVE('',#5382,#5381,#6348,.T.);
#3833=EDGE_CURVE('',#5379,#5382,#309,.T.);
#3834=EDGE_CURVE('',#5383,#5384,#6349,.T.);
#3835=EDGE_CURVE('',#5384,#5385,#6350,.T.);
#3836=EDGE_CURVE('',#5386,#5385,#6351,.T.);
#3837=EDGE_CURVE('',#5386,#5387,#6352,.T.);
#3838=EDGE_CURVE('',#5387,#5388,#6353,.T.);
#3839=EDGE_CURVE('',#5388,#5389,#6354,.T.);
#3840=EDGE_CURVE('',#5390,#5389,#6355,.T.);
#3841=EDGE_CURVE('',#5390,#5383,#6356,.T.);
#3842=EDGE_CURVE('',#5391,#5291,#6357,.T.);
#3843=EDGE_CURVE('',#5392,#5391,#6358,.T.);
#3844=EDGE_CURVE('',#5393,#5392,#6359,.T.);
#3845=EDGE_CURVE('',#5394,#5393,#310,.T.);
#3846=EDGE_CURVE('',#5395,#5394,#6360,.T.);
#3847=EDGE_CURVE('',#5396,#5395,#311,.T.);
#3848=EDGE_CURVE('',#5397,#5396,#6361,.T.);
#3849=EDGE_CURVE('',#5398,#5397,#312,.T.);
#3850=EDGE_CURVE('',#5399,#5398,#6362,.T.);
#3851=EDGE_CURVE('',#5400,#5399,#313,.T.);
#3852=EDGE_CURVE('',#5401,#5400,#6363,.T.);
#3853=EDGE_CURVE('',#5402,#5401,#314,.T.);
#3854=EDGE_CURVE('',#5403,#5402,#6364,.T.);
#3855=EDGE_CURVE('',#5404,#5403,#315,.T.);
#3856=EDGE_CURVE('',#5405,#5404,#6365,.T.);
#3857=EDGE_CURVE('',#5406,#5405,#316,.T.);
#3858=EDGE_CURVE('',#5407,#5406,#6366,.T.);
#3859=EDGE_CURVE('',#5408,#5407,#317,.T.);
#3860=EDGE_CURVE('',#5409,#5408,#6367,.T.);
#3861=EDGE_CURVE('',#5410,#5409,#6368,.T.);
#3862=EDGE_CURVE('',#5411,#5410,#318,.T.);
#3863=EDGE_CURVE('',#5412,#5411,#6369,.T.);
#3864=EDGE_CURVE('',#5413,#5412,#319,.T.);
#3865=EDGE_CURVE('',#5414,#5413,#6370,.T.);
#3866=EDGE_CURVE('',#5415,#5414,#95,.F.);
#3867=EDGE_CURVE('',#5288,#5415,#6371,.T.);
#3868=EDGE_CURVE('',#5285,#5365,#6372,.T.);
#3869=EDGE_CURVE('',#5416,#5417,#6373,.T.);
#3870=EDGE_CURVE('',#5418,#5417,#320,.T.);
#3871=EDGE_CURVE('',#5418,#5419,#6374,.T.);
#3872=EDGE_CURVE('',#5416,#5419,#321,.T.);
#3873=EDGE_CURVE('',#5420,#5421,#6375,.T.);
#3874=EDGE_CURVE('',#5420,#5422,#6376,.T.);
#3875=EDGE_CURVE('',#5423,#5422,#6377,.T.);
#3876=EDGE_CURVE('',#5421,#5423,#6378,.T.);
#3877=EDGE_CURVE('',#5424,#5425,#6379,.T.);
#3878=EDGE_CURVE('',#5424,#5426,#6380,.T.);
#3879=EDGE_CURVE('',#5427,#5426,#6381,.T.);
#3880=EDGE_CURVE('',#5428,#5427,#6382,.T.);
#3881=EDGE_CURVE('',#5429,#5428,#51,.T.);
#3882=EDGE_CURVE('',#5429,#5430,#6383,.T.);
#3883=EDGE_CURVE('',#5430,#5367,#52,.T.);
#3884=EDGE_CURVE('',#5431,#5371,#6384,.T.);
#3885=EDGE_CURVE('',#5431,#5425,#6385,.T.);
#3886=EDGE_CURVE('',#5432,#5433,#6386,.T.);
#3887=EDGE_CURVE('',#5433,#5434,#322,.T.);
#3888=EDGE_CURVE('',#5435,#5434,#6387,.T.);
#3889=EDGE_CURVE('',#5432,#5435,#323,.T.);
#3890=EDGE_CURVE('',#5403,#5436,#6388,.T.);
#3891=EDGE_CURVE('',#5436,#5437,#324,.T.);
#3892=EDGE_CURVE('',#5404,#5437,#6389,.T.);
#3893=EDGE_CURVE('',#5438,#5439,#6390,.T.);
#3894=EDGE_CURVE('',#5439,#5440,#325,.T.);
#3895=EDGE_CURVE('',#5441,#5440,#6391,.T.);
#3896=EDGE_CURVE('',#5438,#5441,#326,.T.);
#3897=EDGE_CURVE('',#5442,#5298,#327,.T.);
#3898=EDGE_CURVE('',#5443,#5297,#328,.T.);
#3899=EDGE_CURVE('',#5443,#5444,#6392,.T.);
#3900=EDGE_CURVE('',#5444,#5442,#53,.T.);
#3901=EDGE_CURVE('',#5366,#5445,#54,.T.);
#3902=EDGE_CURVE('',#5445,#5446,#6393,.T.);
#3903=EDGE_CURVE('',#5446,#5447,#55,.T.);
#3904=EDGE_CURVE('',#5447,#5448,#6394,.T.);
#3905=EDGE_CURVE('',#5448,#5449,#6395,.T.);
#3906=EDGE_CURVE('',#5449,#5450,#6396,.T.);
#3907=EDGE_CURVE('',#5368,#5450,#6397,.T.);
#3908=EDGE_CURVE('',#5451,#5452,#6398,.T.);
#3909=EDGE_CURVE('',#5453,#5452,#6399,.T.);
#3910=EDGE_CURVE('',#5453,#5454,#6400,.T.);
#3911=EDGE_CURVE('',#5454,#5455,#6401,.T.);
#3912=EDGE_CURVE('',#5451,#5455,#6402,.T.);
#3913=EDGE_CURVE('',#5450,#5456,#329,.T.);
#3914=EDGE_CURVE('',#5450,#5432,#330,.T.);
#3915=EDGE_CURVE('',#5456,#5435,#96,.T.);
#3916=EDGE_CURVE('',#5457,#5458,#6403,.T.);
#3917=EDGE_CURVE('',#5458,#5459,#6404,.T.);
#3918=EDGE_CURVE('',#5459,#5460,#6405,.T.);
#3919=EDGE_CURVE('',#5457,#5460,#6406,.T.);
#3920=EDGE_CURVE('',#5461,#5462,#331,.T.);
#3921=EDGE_CURVE('',#5463,#5461,#6407,.T.);
#3922=EDGE_CURVE('',#5419,#5463,#332,.T.);
#3923=EDGE_CURVE('',#5419,#5462,#6408,.T.);
#3924=EDGE_CURVE('',#5464,#5465,#6409,.T.);
#3925=EDGE_CURVE('',#5464,#5466,#6410,.T.);
#3926=EDGE_CURVE('',#5466,#5467,#6411,.T.);
#3927=EDGE_CURVE('',#5467,#5465,#6412,.T.);
#3928=EDGE_CURVE('',#5468,#5469,#6413,.T.);
#3929=EDGE_CURVE('',#5470,#5468,#333,.T.);
#3930=EDGE_CURVE('',#5471,#5470,#6414,.T.);
#3931=EDGE_CURVE('',#5471,#5472,#6415,.T.);
#3932=EDGE_CURVE('',#5472,#5473,#6416,.T.);
#3933=EDGE_CURVE('',#5474,#5473,#6417,.T.);
#3934=EDGE_CURVE('',#5474,#5469,#334,.T.);
#3935=EDGE_CURVE('',#5475,#5337,#6418,.T.);
#3936=EDGE_CURVE('',#5475,#5476,#335,.T.);
#3937=EDGE_CURVE('',#5476,#5477,#6419,.T.);
#3938=EDGE_CURVE('',#5337,#5477,#6420,.T.);
#3939=EDGE_CURVE('',#5478,#5472,#336,.T.);
#3940=EDGE_CURVE('',#5479,#5471,#337,.T.);
#3941=EDGE_CURVE('',#5479,#5480,#6421,.T.);
#3942=EDGE_CURVE('',#5480,#5478,#97,.T.);
#3943=EDGE_CURVE('',#5481,#5482,#6422,.T.);
#3944=EDGE_CURVE('',#5481,#5483,#6423,.T.);
#3945=EDGE_CURVE('',#5483,#5484,#6424,.T.);
#3946=EDGE_CURVE('',#5482,#5484,#6425,.T.);
#3947=EDGE_CURVE('',#5485,#5486,#338,.T.);
#3948=EDGE_CURVE('',#5485,#5487,#24,.T.);
#3949=EDGE_CURVE('',#5487,#5488,#339,.T.);
#3950=EDGE_CURVE('',#5488,#5486,#340,.T.);
#3951=EDGE_CURVE('',#5489,#5425,#6426,.T.);
#3952=EDGE_CURVE('',#5490,#5431,#6427,.T.);
#3953=EDGE_CURVE('',#5490,#5489,#6428,.T.);
#3954=EDGE_CURVE('',#5426,#5491,#6429,.T.);
#3955=EDGE_CURVE('',#5492,#5426,#6430,.T.);
#3956=EDGE_CURVE('',#5492,#5493,#6431,.T.);
#3957=EDGE_CURVE('',#5493,#5491,#341,.T.);
#3958=EDGE_CURVE('',#5494,#5495,#6432,.T.);
#3959=EDGE_CURVE('',#5495,#5496,#342,.T.);
#3960=EDGE_CURVE('',#5497,#5496,#6433,.T.);
#3961=EDGE_CURVE('',#5497,#5494,#343,.T.);
#3962=EDGE_CURVE('',#5498,#5499,#6434,.T.);
#3963=EDGE_CURVE('',#5498,#5500,#6435,.T.);
#3964=EDGE_CURVE('',#5500,#5501,#6436,.T.);
#3965=EDGE_CURVE('',#5501,#5499,#6437,.T.);
#3966=EDGE_CURVE('',#5502,#5503,#344,.T.);
#3967=EDGE_CURVE('',#5504,#5503,#6438,.T.);
#3968=EDGE_CURVE('',#5504,#5505,#345,.T.);
#3969=EDGE_CURVE('',#5505,#5506,#346,.T.);
#3970=EDGE_CURVE('',#5507,#5506,#347,.T.);
#3971=EDGE_CURVE('',#5508,#5507,#6439,.T.);
#3972=EDGE_CURVE('',#5509,#5508,#348,.T.);
#3973=EDGE_CURVE('',#5510,#5509,#6440,.T.);
#3974=EDGE_CURVE('',#5511,#5510,#349,.T.);
#3975=EDGE_CURVE('',#5512,#5511,#6441,.T.);
#3976=EDGE_CURVE('',#5513,#5512,#6442,.T.);
#3977=EDGE_CURVE('',#5513,#5514,#6443,.T.);
#3978=EDGE_CURVE('',#5515,#5514,#6444,.T.);
#3979=EDGE_CURVE('',#5515,#5516,#6445,.T.);
#3980=EDGE_CURVE('',#5516,#5517,#6446,.T.);
#3981=EDGE_CURVE('',#5517,#5518,#350,.T.);
#3982=EDGE_CURVE('',#5519,#5518,#6447,.T.);
#3983=EDGE_CURVE('',#5519,#5520,#351,.T.);
#3984=EDGE_CURVE('',#5502,#5520,#6448,.T.);
#3985=EDGE_CURVE('',#5384,#5521,#352,.T.);
#3986=EDGE_CURVE('',#5521,#5522,#6449,.T.);
#3987=EDGE_CURVE('',#5385,#5522,#6450,.T.);
#3988=EDGE_CURVE('',#5523,#5524,#6451,.T.);
#3989=EDGE_CURVE('',#5523,#5525,#6452,.T.);
#3990=EDGE_CURVE('',#5525,#5526,#353,.T.);
#3991=EDGE_CURVE('',#5526,#5527,#6453,.T.);
#3992=EDGE_CURVE('',#5528,#5527,#354,.T.);
#3993=EDGE_CURVE('',#5528,#5529,#6454,.T.);
#3994=EDGE_CURVE('',#5529,#5530,#6455,.T.);
#3995=EDGE_CURVE('',#5524,#5530,#6456,.T.);
#3996=EDGE_CURVE('',#5531,#5532,#6457,.T.);
#3997=EDGE_CURVE('',#5531,#5533,#355,.T.);
#3998=EDGE_CURVE('',#5533,#5534,#6458,.T.);
#3999=EDGE_CURVE('',#5532,#5534,#356,.T.);
#4000=EDGE_CURVE('',#5535,#5536,#357,.T.);
#4001=EDGE_CURVE('',#5535,#5537,#358,.T.);
#4002=EDGE_CURVE('',#5537,#5536,#359,.T.);
#4003=EDGE_CURVE('',#5538,#5539,#360,.T.);
#4004=EDGE_CURVE('',#5538,#5540,#98,.T.);
#4005=EDGE_CURVE('',#5541,#5540,#6459,.T.);
#4006=EDGE_CURVE('',#5541,#5542,#361,.T.);
#4007=EDGE_CURVE('',#5539,#5542,#6460,.T.);
#4008=EDGE_CURVE('',#5498,#5543,#6461,.T.);
#4009=EDGE_CURVE('',#5544,#5543,#6462,.T.);
#4010=EDGE_CURVE('',#5545,#5544,#6463,.T.);
#4011=EDGE_CURVE('',#5359,#5545,#6464,.T.);
#4012=EDGE_CURVE('',#5361,#5500,#6465,.T.);
#4013=EDGE_CURVE('',#5546,#5547,#6466,.T.);
#4014=EDGE_CURVE('',#5546,#5548,#6467,.T.);
#4015=EDGE_CURVE('',#5548,#5549,#6468,.T.);
#4016=EDGE_CURVE('',#5549,#5547,#6469,.T.);
#4017=EDGE_CURVE('',#5550,#5551,#6470,.T.);
#4018=EDGE_CURVE('',#5552,#5551,#362,.T.);
#4019=EDGE_CURVE('',#5552,#5553,#6471,.T.);
#4020=EDGE_CURVE('',#5553,#5554,#6472,.T.);
#4021=EDGE_CURVE('',#5550,#5554,#6473,.T.);
#4022=EDGE_CURVE('',#5555,#5556,#6474,.T.);
#4023=EDGE_CURVE('',#5557,#5556,#6475,.T.);
#4024=EDGE_CURVE('',#5557,#5558,#6476,.T.);
#4025=EDGE_CURVE('',#5558,#5555,#6477,.T.);
#4026=EDGE_CURVE('',#5559,#5560,#6478,.T.);
#4027=EDGE_CURVE('',#5560,#5334,#6479,.T.);
#4028=EDGE_CURVE('',#5333,#5559,#6480,.T.);
#4029=EDGE_CURVE('',#5339,#5561,#6481,.T.);
#4030=EDGE_CURVE('',#5561,#5562,#6482,.T.);
#4031=EDGE_CURVE('',#5562,#5340,#6483,.T.);
#4032=EDGE_CURVE('',#5541,#5563,#6484,.T.);
#4033=EDGE_CURVE('',#5540,#5564,#363,.T.);
#4034=EDGE_CURVE('',#5564,#5565,#6485,.T.);
#4035=EDGE_CURVE('',#5565,#5566,#364,.T.);
#4036=EDGE_CURVE('',#5566,#5567,#6486,.T.);
#4037=EDGE_CURVE('',#5567,#5568,#365,.T.);
#4038=EDGE_CURVE('',#5568,#5569,#6487,.T.);
#4039=EDGE_CURVE('',#5569,#5570,#366,.T.);
#4040=EDGE_CURVE('',#5570,#5571,#6488,.T.);
#4041=EDGE_CURVE('',#5572,#5571,#6489,.T.);
#4042=EDGE_CURVE('',#5572,#5573,#367,.T.);
#4043=EDGE_CURVE('',#5574,#5573,#368,.T.);
#4044=EDGE_CURVE('',#5575,#5574,#6490,.T.);
#4045=EDGE_CURVE('',#5576,#5575,#369,.T.);
#4046=EDGE_CURVE('',#5577,#5576,#370,.T.);
#4047=EDGE_CURVE('',#5578,#5577,#6491,.T.);
#4048=EDGE_CURVE('',#5578,#5579,#6492,.T.);
#4049=EDGE_CURVE('',#5580,#5579,#6493,.T.);
#4050=EDGE_CURVE('',#5580,#5581,#371,.T.);
#4051=EDGE_CURVE('',#5582,#5581,#372,.T.);
#4052=EDGE_CURVE('',#5583,#5582,#6494,.T.);
#4053=EDGE_CURVE('',#5584,#5583,#373,.T.);
#4054=EDGE_CURVE('',#5563,#5584,#374,.T.);
#4055=EDGE_CURVE('',#5282,#5362,#6495,.T.);
#4056=EDGE_CURVE('',#5280,#5363,#6496,.T.);
#4057=EDGE_CURVE('',#5393,#5585,#6497,.T.);
#4058=EDGE_CURVE('',#5586,#5585,#375,.T.);
#4059=EDGE_CURVE('',#5394,#5586,#6498,.T.);
#4060=EDGE_CURVE('',#5587,#5588,#6499,.T.);
#4061=EDGE_CURVE('',#5547,#5588,#6500,.T.);
#4062=EDGE_CURVE('',#5589,#5549,#6501,.T.);
#4063=EDGE_CURVE('',#5589,#5590,#6502,.T.);
#4064=EDGE_CURVE('',#5590,#5587,#6503,.T.);
#4065=EDGE_CURVE('',#5591,#5592,#6504,.T.);
#4066=EDGE_CURVE('',#5592,#5593,#6505,.T.);
#4067=EDGE_CURVE('',#5594,#5593,#6506,.T.);
#4068=EDGE_CURVE('',#5591,#5594,#6507,.T.);
#4069=EDGE_CURVE('',#5595,#5424,#6508,.T.);
#4070=EDGE_CURVE('',#5595,#5492,#6509,.T.);
#4071=EDGE_CURVE('',#5596,#5597,#6510,.T.);
#4072=EDGE_CURVE('',#5598,#5596,#376,.T.);
#4073=EDGE_CURVE('',#5598,#5599,#6511,.T.);
#4074=EDGE_CURVE('',#5599,#5600,#6512,.T.);
#4075=EDGE_CURVE('',#5600,#5351,#6513,.T.);
#4076=EDGE_CURVE('',#5601,#5351,#6514,.T.);
#4077=EDGE_CURVE('',#5601,#5597,#377,.T.);
#4078=EDGE_CURVE('',#5602,#5603,#6515,.T.);
#4079=EDGE_CURVE('',#5603,#5604,#378,.T.);
#4080=EDGE_CURVE('',#5604,#5605,#6516,.T.);
#4081=EDGE_CURVE('',#5602,#5605,#379,.T.);
#4082=EDGE_CURVE('',#5405,#5528,#6517,.T.);
#4083=EDGE_CURVE('',#5406,#5527,#6518,.T.);
#4084=EDGE_CURVE('',#5606,#5607,#6519,.T.);
#4085=EDGE_CURVE('',#5606,#5608,#6520,.T.);
#4086=EDGE_CURVE('',#5608,#5609,#6521,.T.);
#4087=EDGE_CURVE('',#5609,#5607,#6522,.T.);
#4088=EDGE_CURVE('',#5327,#5610,#380,.T.);
#4089=EDGE_CURVE('',#5610,#5328,#381,.T.);
#4090=EDGE_CURVE('',#5611,#5612,#6523,.T.);
#4091=EDGE_CURVE('',#5613,#5611,#6524,.T.);
#4092=EDGE_CURVE('',#5613,#5614,#6525,.T.);
#4093=EDGE_CURVE('',#5614,#5612,#6526,.T.);
#4094=EDGE_CURVE('',#5615,#5616,#6527,.T.);
#4095=EDGE_CURVE('',#5617,#5615,#382,.T.);
#4096=EDGE_CURVE('',#5617,#5618,#6528,.T.);
#4097=EDGE_CURVE('',#5618,#5619,#383,.T.);
#4098=EDGE_CURVE('',#5619,#5616,#384,.T.);
#4099=EDGE_CURVE('',#5620,#5621,#385,.T.);
#4100=EDGE_CURVE('',#5621,#5622,#386,.T.);
#4101=EDGE_CURVE('',#5620,#5622,#387,.T.);
#4102=EDGE_CURVE('',#5623,#5327,#6529,.T.);
#4103=EDGE_CURVE('',#5624,#5330,#6530,.T.);
#4104=EDGE_CURVE('',#5624,#5623,#6531,.T.);
#4105=EDGE_CURVE('',#5625,#5552,#6532,.T.);
#4106=EDGE_CURVE('',#5551,#5626,#6533,.T.);
#4107=EDGE_CURVE('',#5625,#5626,#388,.T.);
#4108=EDGE_CURVE('',#5627,#5628,#6534,.T.);
#4109=EDGE_CURVE('',#5629,#5627,#6535,.T.);
#4110=EDGE_CURVE('',#5630,#5629,#6536,.T.);
#4111=EDGE_CURVE('',#5630,#5628,#6537,.T.);
#4112=EDGE_CURVE('',#5631,#5632,#6538,.T.);
#4113=EDGE_CURVE('',#5632,#5562,#389,.T.);
#4114=EDGE_CURVE('',#5561,#5633,#390,.T.);
#4115=EDGE_CURVE('',#5633,#5634,#6539,.T.);
#4116=EDGE_CURVE('',#5634,#5631,#6540,.T.);
#4117=EDGE_CURVE('',#5389,#5635,#6541,.T.);
#4118=EDGE_CURVE('',#5388,#5636,#391,.T.);
#4119=EDGE_CURVE('',#5636,#5637,#6542,.T.);
#4120=EDGE_CURVE('',#5637,#5638,#392,.T.);
#4121=EDGE_CURVE('',#5638,#5639,#6543,.T.);
#4122=EDGE_CURVE('',#5639,#5383,#393,.T.);
#4123=EDGE_CURVE('',#5640,#5390,#6544,.T.);
#4124=EDGE_CURVE('',#5635,#5640,#394,.T.);
#4125=EDGE_CURVE('',#5641,#5642,#6545,.T.);
#4126=EDGE_CURVE('',#5641,#5599,#395,.T.);
#4127=EDGE_CURVE('',#5643,#5598,#6546,.T.);
#4128=EDGE_CURVE('',#5381,#5643,#6547,.T.);
#4129=EDGE_CURVE('',#5380,#5317,#6548,.T.);
#4130=EDGE_CURVE('',#5644,#5322,#6549,.T.);
#4131=EDGE_CURVE('',#5644,#5642,#396,.T.);
#4132=EDGE_CURVE('',#5645,#5637,#6550,.T.);
#4133=EDGE_CURVE('',#5645,#5646,#397,.T.);
#4134=EDGE_CURVE('',#5646,#5638,#6551,.T.);
#4135=EDGE_CURVE('',#5647,#5648,#6552,.T.);
#4136=EDGE_CURVE('',#5648,#5649,#6553,.T.);
#4137=EDGE_CURVE('',#5649,#5650,#398,.T.);
#4138=EDGE_CURVE('',#5647,#5650,#6554,.T.);
#4139=EDGE_CURVE('',#5626,#5328,#25,.T.);
#4140=EDGE_CURVE('',#5610,#5625,#399,.T.);
#4141=EDGE_CURVE('',#5651,#5422,#400,.T.);
#4142=EDGE_CURVE('',#5420,#5652,#401,.T.);
#4143=EDGE_CURVE('',#5652,#5653,#6555,.T.);
#4144=EDGE_CURVE('',#5654,#5653,#402,.T.);
#4145=EDGE_CURVE('',#5651,#5654,#6556,.T.);
#4146=EDGE_CURVE('',#5655,#5656,#6557,.T.);
#4147=EDGE_CURVE('',#5655,#5657,#6558,.T.);
#4148=EDGE_CURVE('',#5657,#5658,#6559,.T.);
#4149=EDGE_CURVE('',#5658,#5656,#6560,.T.);
#4150=EDGE_CURVE('',#5659,#5660,#6561,.T.);
#4151=EDGE_CURVE('',#5313,#5660,#6562,.T.);
#4152=EDGE_CURVE('',#5312,#5659,#6563,.T.);
#4153=EDGE_CURVE('',#5661,#5648,#6564,.T.);
#4154=EDGE_CURVE('',#5661,#5662,#6565,.T.);
#4155=EDGE_CURVE('',#5662,#5663,#6566,.T.);
#4156=EDGE_CURVE('',#5664,#5663,#6567,.T.);
#4157=EDGE_CURVE('',#5664,#5665,#6568,.T.);
#4158=EDGE_CURVE('',#5666,#5665,#6569,.T.);
#4159=EDGE_CURVE('',#5666,#5667,#6570,.T.);
#4160=EDGE_CURVE('',#5668,#5667,#6571,.T.);
#4161=EDGE_CURVE('',#5669,#5668,#6572,.T.);
#4162=EDGE_CURVE('',#5670,#5669,#6573,.T.);
#4163=EDGE_CURVE('',#5671,#5670,#6574,.T.);
#4164=EDGE_CURVE('',#5671,#5672,#6575,.T.);
#4165=EDGE_CURVE('',#5673,#5672,#403,.T.);
#4166=EDGE_CURVE('',#5674,#5673,#6576,.T.);
#4167=EDGE_CURVE('',#5675,#5674,#6577,.T.);
#4168=EDGE_CURVE('',#5676,#5675,#6578,.T.);
#4169=EDGE_CURVE('',#5677,#5676,#6579,.T.);
#4170=EDGE_CURVE('',#5678,#5677,#6580,.T.);
#4171=EDGE_CURVE('',#5679,#5678,#6581,.T.);
#4172=EDGE_CURVE('',#5680,#5679,#6582,.T.);
#4173=EDGE_CURVE('',#5681,#5680,#6583,.T.);
#4174=EDGE_CURVE('',#5682,#5681,#6584,.T.);
#4175=EDGE_CURVE('',#5683,#5682,#6585,.T.);
#4176=EDGE_CURVE('',#5684,#5683,#6586,.T.);
#4177=EDGE_CURVE('',#5685,#5684,#6587,.T.);
#4178=EDGE_CURVE('',#5686,#5685,#6588,.T.);
#4179=EDGE_CURVE('',#5687,#5686,#6589,.T.);
#4180=EDGE_CURVE('',#5688,#5687,#6590,.T.);
#4181=EDGE_CURVE('',#5689,#5688,#6591,.T.);
#4182=EDGE_CURVE('',#5690,#5689,#6592,.T.);
#4183=EDGE_CURVE('',#5500,#5690,#6593,.T.);
#4184=EDGE_CURVE('',#5501,#5360,#6594,.T.);
#4185=EDGE_CURVE('',#5691,#5501,#6595,.T.);
#4186=EDGE_CURVE('',#5692,#5691,#6596,.T.);
#4187=EDGE_CURVE('',#5693,#5692,#6597,.T.);
#4188=EDGE_CURVE('',#5694,#5693,#6598,.T.);
#4189=EDGE_CURVE('',#5695,#5694,#6599,.T.);
#4190=EDGE_CURVE('',#5652,#5695,#6600,.T.);
#4191=EDGE_CURVE('',#5696,#5421,#6601,.T.);
#4192=EDGE_CURVE('',#5697,#5696,#6602,.T.);
#4193=EDGE_CURVE('',#5649,#5697,#6603,.T.);
#4194=EDGE_CURVE('',#5698,#5699,#6604,.T.);
#4195=EDGE_CURVE('',#5700,#5698,#6605,.T.);
#4196=EDGE_CURVE('',#5701,#5700,#6606,.T.);
#4197=EDGE_CURVE('',#5701,#5702,#6607,.T.);
#4198=EDGE_CURVE('',#5682,#5702,#6608,.T.);
#4199=EDGE_CURVE('',#5681,#5699,#404,.T.);
#4200=EDGE_CURVE('',#5703,#5546,#6609,.T.);
#4201=EDGE_CURVE('',#5704,#5703,#6610,.T.);
#4202=EDGE_CURVE('',#5704,#5705,#6611,.T.);
#4203=EDGE_CURVE('',#5705,#5706,#6612,.T.);
#4204=EDGE_CURVE('',#5548,#5706,#6613,.T.);
#4205=EDGE_CURVE('',#5707,#5708,#405,.T.);
#4206=EDGE_CURVE('',#5709,#5708,#406,.T.);
#4207=EDGE_CURVE('',#5710,#5709,#407,.T.);
#4208=EDGE_CURVE('',#5710,#5711,#6614,.T.);
#4209=EDGE_CURVE('',#5711,#5707,#408,.T.);
#4210=EDGE_CURVE('',#5712,#5542,#6615,.T.);
#4211=EDGE_CURVE('',#5712,#5713,#409,.T.);
#4212=EDGE_CURVE('',#5714,#5713,#6616,.T.);
#4213=EDGE_CURVE('',#5715,#5714,#410,.T.);
#4214=EDGE_CURVE('',#5716,#5715,#6617,.T.);
#4215=EDGE_CURVE('',#5716,#5539,#6618,.T.);
#4216=EDGE_CURVE('',#5717,#5718,#6619,.T.);
#4217=EDGE_CURVE('',#5579,#5718,#411,.T.);
#4218=EDGE_CURVE('',#5719,#5578,#412,.T.);
#4219=EDGE_CURVE('',#5719,#5720,#6620,.T.);
#4220=EDGE_CURVE('',#5721,#5720,#413,.T.);
#4221=EDGE_CURVE('',#5721,#5722,#6621,.T.);
#4222=EDGE_CURVE('',#5722,#5723,#6622,.T.);
#4223=EDGE_CURVE('',#5723,#5724,#6623,.T.);
#4224=EDGE_CURVE('',#5725,#5724,#414,.T.);
#4225=EDGE_CURVE('',#5726,#5725,#6624,.T.);
#4226=EDGE_CURVE('',#5613,#5726,#415,.T.);
#4227=EDGE_CURVE('',#5727,#5611,#416,.T.);
#4228=EDGE_CURVE('',#5728,#5727,#6625,.T.);
#4229=EDGE_CURVE('',#5729,#5728,#417,.T.);
#4230=EDGE_CURVE('',#5729,#5305,#6626,.T.);
#4231=EDGE_CURVE('',#5306,#5730,#6627,.T.);
#4232=EDGE_CURVE('',#5717,#5730,#418,.T.);
#4233=EDGE_CURVE('',#5731,#5610,#6628,.T.);
#4234=EDGE_CURVE('',#5486,#5623,#419,.T.);
#4235=EDGE_CURVE('',#5486,#5732,#6629,.T.);
#4236=EDGE_CURVE('',#5732,#5497,#420,.T.);
#4237=EDGE_CURVE('',#5496,#5731,#421,.T.);
#4238=EDGE_CURVE('',#5733,#5734,#6630,.T.);
#4239=EDGE_CURVE('',#5504,#5733,#6631,.T.);
#4240=EDGE_CURVE('',#5503,#5734,#6632,.T.);
#4241=EDGE_CURVE('',#5357,#5735,#6633,.T.);
#4242=EDGE_CURVE('',#5736,#5735,#6634,.T.);
#4243=EDGE_CURVE('',#5356,#5736,#6635,.T.);
#4244=EDGE_CURVE('',#5737,#5355,#6636,.T.);
#4245=EDGE_CURVE('',#5737,#5738,#6637,.T.);
#4246=EDGE_CURVE('',#5352,#5738,#6638,.T.);
#4247=EDGE_CURVE('',#5739,#5350,#6639,.T.);
#4248=EDGE_CURVE('',#5601,#5739,#6640,.T.);
#4249=EDGE_CURVE('',#5740,#5741,#6641,.T.);
#4250=EDGE_CURVE('',#5742,#5740,#6642,.T.);
#4251=EDGE_CURVE('',#5742,#5743,#6643,.T.);
#4252=EDGE_CURVE('',#5741,#5743,#422,.T.);
#4253=EDGE_CURVE('',#5744,#5745,#6644,.T.);
#4254=EDGE_CURVE('',#5745,#5746,#6645,.T.);
#4255=EDGE_CURVE('',#5747,#5746,#6646,.T.);
#4256=EDGE_CURVE('',#5744,#5747,#6647,.T.);
#4257=EDGE_CURVE('',#5748,#5749,#6648,.T.);
#4258=EDGE_CURVE('',#5749,#5750,#6649,.T.);
#4259=EDGE_CURVE('',#5750,#5751,#6650,.T.);
#4260=EDGE_CURVE('',#5751,#5748,#6651,.T.);
#4261=EDGE_CURVE('',#5462,#5752,#423,.T.);
#4262=EDGE_CURVE('',#5752,#5753,#26,.T.);
#4263=EDGE_CURVE('',#5753,#5461,#424,.T.);
#4264=EDGE_CURVE('',#5754,#5292,#6652,.T.);
#4265=EDGE_CURVE('',#5755,#5754,#6653,.T.);
#4266=EDGE_CURVE('',#5755,#5315,#6654,.T.);
#4267=EDGE_CURVE('',#5609,#5314,#6655,.T.);
#4268=EDGE_CURVE('',#5293,#5608,#6656,.T.);
#4269=EDGE_CURVE('',#5756,#5289,#425,.T.);
#4270=EDGE_CURVE('',#5444,#5756,#6657,.T.);
#4271=EDGE_CURVE('',#5757,#5443,#6658,.T.);
#4272=EDGE_CURVE('',#5758,#5757,#426,.T.);
#4273=EDGE_CURVE('',#5759,#5758,#6659,.T.);
#4274=EDGE_CURVE('',#5759,#5760,#427,.T.);
#4275=EDGE_CURVE('',#5761,#5760,#6660,.T.);
#4276=EDGE_CURVE('',#5761,#5290,#428,.T.);
#4277=EDGE_CURVE('',#5762,#5763,#6661,.T.);
#4278=EDGE_CURVE('',#5764,#5762,#56,.T.);
#4279=EDGE_CURVE('',#5765,#5764,#429,.T.);
#4280=EDGE_CURVE('',#5766,#5765,#57,.T.);
#4281=EDGE_CURVE('',#5766,#5767,#6662,.T.);
#4282=EDGE_CURVE('',#5767,#5763,#430,.T.);
#4283=EDGE_CURVE('',#5768,#5769,#6663,.T.);
#4284=EDGE_CURVE('',#5768,#5770,#6664,.T.);
#4285=EDGE_CURVE('',#5770,#5771,#6665,.T.);
#4286=EDGE_CURVE('',#5771,#5769,#6666,.T.);
#4287=EDGE_CURVE('',#5772,#5550,#6667,.T.);
#4288=EDGE_CURVE('',#5554,#5773,#6668,.T.);
#4289=EDGE_CURVE('',#5773,#5772,#6669,.T.);
#4290=EDGE_CURVE('',#5774,#5775,#6670,.T.);
#4291=EDGE_CURVE('',#5775,#5776,#6671,.T.);
#4292=EDGE_CURVE('',#5776,#5777,#6672,.T.);
#4293=EDGE_CURVE('',#5778,#5777,#6673,.T.);
#4294=EDGE_CURVE('',#5778,#5779,#6674,.T.);
#4295=EDGE_CURVE('',#5774,#5779,#6675,.T.);
#4296=EDGE_CURVE('',#5780,#5781,#6676,.T.);
#4297=EDGE_CURVE('',#5780,#5782,#6677,.T.);
#4298=EDGE_CURVE('',#5782,#5783,#6678,.T.);
#4299=EDGE_CURVE('',#5783,#5781,#6679,.T.);
#4300=EDGE_CURVE('',#5784,#5785,#6680,.T.);
#4301=EDGE_CURVE('',#5786,#5785,#6681,.T.);
#4302=EDGE_CURVE('',#5787,#5786,#6682,.T.);
#4303=EDGE_CURVE('',#5788,#5787,#6683,.T.);
#4304=EDGE_CURVE('',#5789,#5788,#6684,.T.);
#4305=EDGE_CURVE('',#5789,#5784,#6685,.T.);
#4306=EDGE_CURVE('',#5369,#5456,#6686,.T.);
#4307=EDGE_CURVE('',#5790,#5709,#6687,.T.);
#4308=EDGE_CURVE('',#5790,#5791,#431,.T.);
#4309=EDGE_CURVE('',#5791,#5710,#6688,.T.);
#4310=EDGE_CURVE('',#5792,#5793,#6689,.T.);
#4311=EDGE_CURVE('',#5793,#5794,#6690,.T.);
#4312=EDGE_CURVE('',#5794,#5795,#6691,.T.);
#4313=EDGE_CURVE('',#5792,#5795,#6692,.T.);
#4314=EDGE_CURVE('',#5796,#5797,#6693,.T.);
#4315=EDGE_CURVE('',#5797,#5698,#6694,.T.);
#4316=EDGE_CURVE('',#5699,#5796,#6695,.T.);
#4317=EDGE_CURVE('',#5597,#5798,#6696,.T.);
#4318=EDGE_CURVE('',#5739,#5798,#432,.T.);
#4319=EDGE_CURVE('',#5799,#5800,#6697,.T.);
#4320=EDGE_CURVE('',#5801,#5799,#6698,.T.);
#4321=EDGE_CURVE('',#5801,#5802,#6699,.T.);
#4322=EDGE_CURVE('',#5802,#5803,#6700,.T.);
#4323=EDGE_CURVE('',#5800,#5803,#6701,.T.);
#4324=EDGE_CURVE('',#5804,#5520,#6702,.T.);
#4325=EDGE_CURVE('',#5519,#5805,#6703,.T.);
#4326=EDGE_CURVE('',#5805,#5804,#433,.T.);
#4327=EDGE_CURVE('',#5806,#5423,#6704,.T.);
#4328=EDGE_CURVE('',#5806,#5696,#6705,.T.);
#4329=EDGE_CURVE('',#5807,#5808,#6706,.T.);
#4330=EDGE_CURVE('',#5808,#5809,#434,.T.);
#4331=EDGE_CURVE('',#5809,#5810,#6707,.T.);
#4332=EDGE_CURVE('',#5807,#5810,#435,.T.);
#4333=EDGE_CURVE('',#5811,#5812,#6708,.T.);
#4334=EDGE_CURVE('',#5793,#5812,#6709,.T.);
#4335=EDGE_CURVE('',#5813,#5792,#6710,.T.);
#4336=EDGE_CURVE('',#5688,#5813,#436,.T.);
#4337=EDGE_CURVE('',#5811,#5687,#6711,.T.);
#4338=EDGE_CURVE('',#5808,#5386,#6712,.T.);
#4339=EDGE_CURVE('',#5389,#5807,#6713,.T.);
#4340=EDGE_CURVE('',#5814,#5635,#6714,.T.);
#4341=EDGE_CURVE('',#5814,#5815,#6715,.T.);
#4342=EDGE_CURVE('',#5815,#5386,#6716,.T.);
#4343=EDGE_CURVE('',#5816,#5448,#58,.T.);
#4344=EDGE_CURVE('',#5447,#5817,#437,.T.);
#4345=EDGE_CURVE('',#5818,#5817,#6717,.T.);
#4346=EDGE_CURVE('',#5819,#5818,#6718,.T.);
#4347=EDGE_CURVE('',#5819,#5816,#6719,.T.);
#4348=EDGE_CURVE('',#5820,#5821,#6720,.T.);
#4349=EDGE_CURVE('',#5822,#5821,#59,.F.);
#4350=EDGE_CURVE('',#5823,#5822,#438,.T.);
#4351=EDGE_CURVE('',#5824,#5823,#6721,.T.);
#4352=EDGE_CURVE('',#5824,#5820,#439,.T.);
#4353=EDGE_CURVE('',#5825,#5826,#6722,.T.);
#4354=EDGE_CURVE('',#5332,#5826,#6723,.T.);
#4355=EDGE_CURVE('',#5827,#5331,#6724,.T.);
#4356=EDGE_CURVE('',#5827,#5828,#6725,.T.);
#4357=EDGE_CURVE('',#5828,#5829,#6726,.T.);
#4358=EDGE_CURVE('',#5829,#5825,#6727,.T.);
#4359=EDGE_CURVE('',#5798,#5830,#6728,.T.);
#4360=EDGE_CURVE('',#5830,#5596,#6729,.T.);
#4361=EDGE_CURVE('',#5831,#5832,#6730,.T.);
#4362=EDGE_CURVE('',#5833,#5831,#6731,.T.);
#4363=EDGE_CURVE('',#5834,#5833,#6732,.T.);
#4364=EDGE_CURVE('',#5834,#5832,#6733,.T.);
#4365=EDGE_CURVE('',#5835,#5836,#6734,.T.);
#4366=EDGE_CURVE('',#5835,#5837,#6735,.T.);
#4367=EDGE_CURVE('',#5837,#5838,#6736,.T.);
#4368=EDGE_CURVE('',#5838,#5836,#6737,.T.);
#4369=EDGE_CURVE('',#5839,#5825,#440,.T.);
#4370=EDGE_CURVE('',#5829,#5840,#441,.T.);
#4371=EDGE_CURVE('',#5840,#5839,#6738,.T.);
#4372=EDGE_CURVE('',#5841,#5750,#6739,.T.);
#4373=EDGE_CURVE('',#5841,#5842,#6740,.T.);
#4374=EDGE_CURVE('',#5842,#5843,#6741,.T.);
#4375=EDGE_CURVE('',#5750,#5843,#6742,.T.);
#4376=EDGE_CURVE('',#5516,#5291,#442,.T.);
#4377=EDGE_CURVE('',#5391,#5515,#443,.T.);
#4378=EDGE_CURVE('',#5844,#5845,#6743,.T.);
#4379=EDGE_CURVE('',#5846,#5844,#6744,.T.);
#4380=EDGE_CURVE('',#5627,#5846,#6745,.T.);
#4381=EDGE_CURVE('',#5686,#5628,#6746,.T.);
#4382=EDGE_CURVE('',#5685,#5845,#444,.T.);
#4383=EDGE_CURVE('',#5847,#5346,#6747,.T.);
#4384=EDGE_CURVE('',#5847,#5848,#6748,.T.);
#4385=EDGE_CURVE('',#5848,#5347,#6749,.T.);
#4386=EDGE_CURVE('',#5849,#5850,#6750,.T.);
#4387=EDGE_CURVE('',#5851,#5850,#445,.T.);
#4388=EDGE_CURVE('',#5851,#5852,#6751,.T.);
#4389=EDGE_CURVE('',#5852,#5849,#446,.T.);
#4390=EDGE_CURVE('',#5853,#5671,#6752,.T.);
#4391=EDGE_CURVE('',#5854,#5853,#6753,.T.);
#4392=EDGE_CURVE('',#5854,#5672,#6754,.T.);
#4393=EDGE_CURVE('',#5855,#5856,#6755,.T.);
#4394=EDGE_CURVE('',#5856,#5857,#6756,.T.);
#4395=EDGE_CURVE('',#5857,#5858,#6757,.T.);
#4396=EDGE_CURVE('',#5858,#5855,#6758,.T.);
#4397=EDGE_CURVE('',#5397,#5859,#6759,.T.);
#4398=EDGE_CURVE('',#5859,#5860,#447,.T.);
#4399=EDGE_CURVE('',#5398,#5860,#6760,.T.);
#4400=EDGE_CURVE('',#5861,#5513,#448,.T.);
#4401=EDGE_CURVE('',#5862,#5513,#6761,.T.);
#4402=EDGE_CURVE('',#5863,#5862,#99,.T.);
#4403=EDGE_CURVE('',#5863,#5864,#449,.T.);
#4404=EDGE_CURVE('',#5865,#5864,#100,.T.);
#4405=EDGE_CURVE('',#5861,#5865,#6762,.T.);
#4406=EDGE_CURVE('',#5866,#5645,#6763,.T.);
#4407=EDGE_CURVE('',#5867,#5866,#450,.T.);
#4408=EDGE_CURVE('',#5868,#5867,#6764,.T.);
#4409=EDGE_CURVE('',#5868,#5869,#6765,.T.);
#4410=EDGE_CURVE('',#5869,#5870,#6766,.T.);
#4411=EDGE_CURVE('',#5870,#5871,#6767,.T.);
#4412=EDGE_CURVE('',#5521,#5871,#6768,.T.);
#4413=EDGE_CURVE('',#5872,#5521,#451,.T.);
#4414=EDGE_CURVE('',#5646,#5872,#6769,.T.);
#4415=EDGE_CURVE('',#5873,#5663,#6770,.T.);
#4416=EDGE_CURVE('',#5874,#5873,#6771,.T.);
#4417=EDGE_CURVE('',#5664,#5874,#6772,.T.);
#4418=EDGE_CURVE('',#5875,#5854,#6773,.T.);
#4419=EDGE_CURVE('',#5875,#5847,#452,.T.);
#4420=EDGE_CURVE('',#5854,#5346,#453,.T.);
#4421=EDGE_CURVE('',#5385,#5604,#6774,.T.);
#4422=EDGE_CURVE('',#5809,#5603,#6775,.T.);
#4423=EDGE_CURVE('',#5786,#5856,#6776,.T.);
#4424=EDGE_CURVE('',#5787,#5855,#6777,.T.);
#4425=EDGE_CURVE('',#5402,#5876,#6778,.T.);
#4426=EDGE_CURVE('',#5436,#5876,#6779,.T.);
#4427=EDGE_CURVE('',#5877,#5665,#6780,.T.);
#4428=EDGE_CURVE('',#5874,#5878,#6781,.T.);
#4429=EDGE_CURVE('',#5877,#5878,#6782,.T.);
#4430=EDGE_CURVE('',#5879,#5858,#6783,.T.);
#4431=EDGE_CURVE('',#5879,#5880,#6784,.T.);
#4432=EDGE_CURVE('',#5880,#5881,#454,.T.);
#4433=EDGE_CURVE('',#5881,#5882,#6785,.T.);
#4434=EDGE_CURVE('',#5788,#5882,#455,.T.);
#4435=EDGE_CURVE('',#5616,#5883,#6786,.T.);
#4436=EDGE_CURVE('',#5619,#5884,#6787,.T.);
#4437=EDGE_CURVE('',#5883,#5884,#6788,.T.);
#4438=EDGE_CURVE('',#5885,#5701,#6789,.T.);
#4439=EDGE_CURVE('',#5886,#5885,#6790,.T.);
#4440=EDGE_CURVE('',#5886,#5702,#6791,.T.);
#4441=EDGE_CURVE('',#5887,#5888,#6792,.T.);
#4442=EDGE_CURVE('',#5888,#5889,#6793,.T.);
#4443=EDGE_CURVE('',#5890,#5889,#6794,.T.);
#4444=EDGE_CURVE('',#5887,#5890,#6795,.T.);
#4445=EDGE_CURVE('',#5756,#5891,#6796,.T.);
#4446=EDGE_CURVE('',#5891,#5288,#456,.T.);
#4447=EDGE_CURVE('',#5892,#5893,#457,.T.);
#4448=EDGE_CURVE('',#5894,#5893,#6797,.T.);
#4449=EDGE_CURVE('',#5894,#5895,#458,.T.);
#4450=EDGE_CURVE('',#5895,#5892,#6798,.T.);
#4451=EDGE_CURVE('',#5849,#5896,#6799,.T.);
#4452=EDGE_CURVE('',#5897,#5896,#6800,.T.);
#4453=EDGE_CURVE('',#5897,#5850,#6801,.T.);
#4454=EDGE_CURVE('',#5898,#5899,#6802,.T.);
#4455=EDGE_CURVE('',#5897,#5898,#459,.T.);
#4456=EDGE_CURVE('',#5896,#5899,#460,.T.);
#4457=EDGE_CURVE('',#5294,#5900,#6803,.T.);
#4458=EDGE_CURVE('',#5900,#5901,#6804,.T.);
#4459=EDGE_CURVE('',#5901,#5295,#6805,.T.);
#4460=EDGE_CURVE('',#5902,#5567,#6806,.T.);
#4461=EDGE_CURVE('',#5902,#5903,#461,.T.);
#4462=EDGE_CURVE('',#5903,#5568,#6807,.T.);
#4463=EDGE_CURVE('',#5904,#5320,#6808,.T.);
#4464=EDGE_CURVE('',#5904,#5349,#462,.T.);
#4465=EDGE_CURVE('',#5905,#5860,#6809,.T.);
#4466=EDGE_CURVE('',#5399,#5905,#6810,.T.);
#4467=EDGE_CURVE('',#5812,#5906,#6811,.T.);
#4468=EDGE_CURVE('',#5906,#5794,#6812,.T.);
#4469=EDGE_CURVE('',#5907,#5908,#6813,.T.);
#4470=EDGE_CURVE('',#5909,#5907,#6814,.T.);
#4471=EDGE_CURVE('',#5910,#5909,#6815,.T.);
#4472=EDGE_CURVE('',#5911,#5910,#6816,.T.);
#4473=EDGE_CURVE('',#5433,#5911,#6817,.T.);
#4474=EDGE_CURVE('',#5912,#5432,#6818,.T.);
#4475=EDGE_CURVE('',#5912,#5913,#6819,.T.);
#4476=EDGE_CURVE('',#5913,#5914,#6820,.T.);
#4477=EDGE_CURVE('',#5915,#5914,#6821,.T.);
#4478=EDGE_CURVE('',#5915,#5916,#6822,.T.);
#4479=EDGE_CURVE('',#5916,#5917,#6823,.T.);
#4480=EDGE_CURVE('',#5917,#5711,#6824,.T.);
#4481=EDGE_CURVE('',#5908,#5791,#6825,.T.);
#4482=EDGE_CURVE('',#5918,#5919,#6826,.T.);
#4483=EDGE_CURVE('',#5920,#5918,#60,.F.);
#4484=EDGE_CURVE('',#5920,#5919,#6827,.T.);
#4485=EDGE_CURVE('',#5795,#5921,#6828,.T.);
#4486=EDGE_CURVE('',#5921,#5813,#6829,.T.);
#4487=EDGE_CURVE('',#5348,#5922,#463,.T.);
#4488=EDGE_CURVE('',#5322,#5922,#6830,.T.);
#4489=EDGE_CURVE('',#5923,#5307,#6831,.T.);
#4490=EDGE_CURVE('',#5729,#5923,#6832,.T.);
#4491=EDGE_CURVE('',#5843,#5323,#6833,.T.);
#4492=EDGE_CURVE('',#5842,#5325,#6834,.T.);
#4493=EDGE_CURVE('',#5924,#5925,#6835,.T.);
#4494=EDGE_CURVE('',#5925,#5926,#6836,.T.);
#4495=EDGE_CURVE('',#5927,#5926,#6837,.T.);
#4496=EDGE_CURVE('',#5924,#5927,#6838,.T.);
#4497=EDGE_CURVE('',#5928,#5929,#464,.T.);
#4498=EDGE_CURVE('',#5928,#5930,#465,.T.);
#4499=EDGE_CURVE('',#5930,#5931,#466,.T.);
#4500=EDGE_CURVE('',#5929,#5931,#101,.T.);
#4501=EDGE_CURVE('',#5667,#5932,#6839,.T.);
#4502=EDGE_CURVE('',#5932,#5933,#6840,.T.);
#4503=EDGE_CURVE('',#5933,#5668,#467,.T.);
#4504=EDGE_CURVE('',#5859,#5924,#6841,.T.);
#4505=EDGE_CURVE('',#5396,#5934,#6842,.T.);
#4506=EDGE_CURVE('',#5467,#5934,#6843,.T.);
#4507=EDGE_CURVE('',#5925,#5466,#6844,.T.);
#4508=EDGE_CURVE('',#5935,#5936,#6845,.T.);
#4509=EDGE_CURVE('',#5936,#5937,#6846,.T.);
#4510=EDGE_CURVE('',#5937,#5938,#6847,.T.);
#4511=EDGE_CURVE('',#5938,#5935,#6848,.T.);
#4512=EDGE_CURVE('',#5939,#5586,#6849,.T.);
#4513=EDGE_CURVE('',#5395,#5939,#6850,.T.);
#4514=EDGE_CURVE('',#5746,#5915,#6851,.T.);
#4515=EDGE_CURVE('',#5914,#5747,#6852,.T.);
#4516=EDGE_CURVE('',#5930,#5940,#6853,.T.);
#4517=EDGE_CURVE('',#5940,#5941,#61,.T.);
#4518=EDGE_CURVE('',#5931,#5941,#6854,.T.);
#4519=EDGE_CURVE('',#5942,#5943,#6855,.T.);
#4520=EDGE_CURVE('',#5944,#5942,#6856,.T.);
#4521=EDGE_CURVE('',#5945,#5944,#6857,.T.);
#4522=EDGE_CURVE('',#5945,#5943,#6858,.T.);
#4523=EDGE_CURVE('',#5434,#5946,#6859,.T.);
#4524=EDGE_CURVE('',#5911,#5947,#6860,.T.);
#4525=EDGE_CURVE('',#5946,#5947,#6861,.T.);
#4526=EDGE_CURVE('',#5948,#5949,#6862,.T.);
#4527=EDGE_CURVE('',#5950,#5948,#6863,.T.);
#4528=EDGE_CURVE('',#5951,#5950,#6864,.T.);
#4529=EDGE_CURVE('',#5951,#5839,#6865,.T.);
#4530=EDGE_CURVE('',#5840,#5952,#6866,.T.);
#4531=EDGE_CURVE('',#5952,#5949,#6867,.T.);
#4532=EDGE_CURVE('',#5745,#5953,#6868,.T.);
#4533=EDGE_CURVE('',#5953,#5916,#468,.T.);
#4534=EDGE_CURVE('',#5954,#5946,#6869,.T.);
#4535=EDGE_CURVE('',#5954,#5955,#6870,.T.);
#4536=EDGE_CURVE('',#5955,#5956,#6871,.T.);
#4537=EDGE_CURVE('',#5622,#5956,#27,.T.);
#4538=EDGE_CURVE('',#5622,#5929,#6872,.T.);
#4539=EDGE_CURVE('',#5941,#5957,#6873,.T.);
#4540=EDGE_CURVE('',#5958,#5957,#6874,.T.);
#4541=EDGE_CURVE('',#5329,#5958,#28,.T.);
#4542=EDGE_CURVE('',#5417,#5772,#6875,.T.);
#4543=EDGE_CURVE('',#5959,#5416,#29,.T.);
#4544=EDGE_CURVE('',#5960,#5959,#6876,.T.);
#4545=EDGE_CURVE('',#5961,#5960,#6877,.T.);
#4546=EDGE_CURVE('',#5962,#5961,#6878,.T.);
#4547=EDGE_CURVE('',#5493,#5962,#6879,.T.);
#4548=EDGE_CURVE('',#5963,#5595,#6880,.T.);
#4549=EDGE_CURVE('',#5964,#5963,#6881,.T.);
#4550=EDGE_CURVE('',#5489,#5964,#6882,.T.);
#4551=EDGE_CURVE('',#5965,#5490,#6883,.T.);
#4552=EDGE_CURVE('',#5966,#5965,#6884,.T.);
#4553=EDGE_CURVE('',#5370,#5966,#6885,.T.);
#4554=EDGE_CURVE('',#5891,#5967,#6886,.T.);
#4555=EDGE_CURVE('',#5967,#5414,#469,.T.);
#4556=EDGE_CURVE('',#5968,#5969,#6887,.T.);
#4557=EDGE_CURVE('',#5969,#5970,#6888,.T.);
#4558=EDGE_CURVE('',#5971,#5970,#6889,.T.);
#4559=EDGE_CURVE('',#5968,#5971,#6890,.T.);
#4560=EDGE_CURVE('',#5953,#5972,#6891,.T.);
#4561=EDGE_CURVE('',#5972,#5917,#470,.T.);
#4562=EDGE_CURVE('',#5455,#5973,#6892,.T.);
#4563=EDGE_CURVE('',#5973,#5974,#6893,.T.);
#4564=EDGE_CURVE('',#5476,#5974,#6894,.T.);
#4565=EDGE_CURVE('',#5975,#5476,#471,.T.);
#4566=EDGE_CURVE('',#5976,#5975,#6895,.T.);
#4567=EDGE_CURVE('',#5977,#5976,#472,.T.);
#4568=EDGE_CURVE('',#5978,#5977,#6896,.T.);
#4569=EDGE_CURVE('',#5979,#5978,#473,.T.);
#4570=EDGE_CURVE('',#5451,#5979,#6897,.T.);
#4571=EDGE_CURVE('',#5980,#5981,#6898,.T.);
#4572=EDGE_CURVE('',#5981,#5565,#6899,.T.);
#4573=EDGE_CURVE('',#5980,#5564,#6900,.T.);
#4574=EDGE_CURVE('',#5468,#5713,#6901,.T.);
#4575=EDGE_CURVE('',#5712,#5982,#6902,.T.);
#4576=EDGE_CURVE('',#5470,#5982,#62,.F.);
#4577=EDGE_CURVE('',#5983,#5984,#474,.T.);
#4578=EDGE_CURVE('',#5984,#5479,#6903,.T.);
#4579=EDGE_CURVE('',#5983,#5471,#6904,.T.);
#4580=EDGE_CURVE('',#5985,#5986,#6905,.T.);
#4581=EDGE_CURVE('',#5986,#5846,#6906,.T.);
#4582=EDGE_CURVE('',#5985,#5844,#6907,.T.);
#4583=EDGE_CURVE('',#5987,#5988,#6908,.T.);
#4584=EDGE_CURVE('',#5988,#5989,#475,.T.);
#4585=EDGE_CURVE('',#5990,#5989,#6909,.T.);
#4586=EDGE_CURVE('',#5990,#5991,#476,.T.);
#4587=EDGE_CURVE('',#5991,#5992,#6910,.T.);
#4588=EDGE_CURVE('',#5992,#5987,#6911,.T.);
#4589=EDGE_CURVE('',#5517,#5993,#6912,.T.);
#4590=EDGE_CURVE('',#5993,#5994,#477,.T.);
#4591=EDGE_CURVE('',#5518,#5994,#6913,.T.);
#4592=EDGE_CURVE('',#5995,#5996,#6914,.T.);
#4593=EDGE_CURVE('',#5997,#5996,#6915,.T.);
#4594=EDGE_CURVE('',#5997,#5373,#478,.T.);
#4595=EDGE_CURVE('',#5998,#5372,#479,.T.);
#4596=EDGE_CURVE('',#5999,#5998,#6916,.T.);
#4597=EDGE_CURVE('',#5999,#5995,#6917,.T.);
#4598=EDGE_CURVE('',#5310,#5901,#6918,.T.);
#4599=EDGE_CURVE('',#6000,#5309,#480,.T.);
#4600=EDGE_CURVE('',#6000,#6001,#6919,.T.);
#4601=EDGE_CURVE('',#6001,#5754,#481,.T.);
#4602=EDGE_CURVE('',#6002,#6003,#482,.T.);
#4603=EDGE_CURVE('',#6003,#6004,#6920,.T.);
#4604=EDGE_CURVE('',#6004,#6005,#483,.T.);
#4605=EDGE_CURVE('',#6006,#6005,#6921,.T.);
#4606=EDGE_CURVE('',#6006,#6007,#484,.T.);
#4607=EDGE_CURVE('',#6007,#6008,#6922,.T.);
#4608=EDGE_CURVE('',#6008,#6009,#485,.T.);
#4609=EDGE_CURVE('',#6010,#6009,#486,.T.);
#4610=EDGE_CURVE('',#5733,#6010,#487,.T.);
#4611=EDGE_CURVE('',#6011,#5734,#488,.T.);
#4612=EDGE_CURVE('',#6011,#5804,#6923,.T.);
#4613=EDGE_CURVE('',#5805,#5994,#6924,.T.);
#4614=EDGE_CURVE('',#5993,#5720,#6925,.T.);
#4615=EDGE_CURVE('',#5719,#6002,#6926,.T.);
#4616=EDGE_CURVE('',#6012,#6013,#489,.T.);
#4617=EDGE_CURVE('',#5411,#6012,#6927,.T.);
#4618=EDGE_CURVE('',#5410,#6013,#6928,.T.);
#4619=EDGE_CURVE('',#5704,#6014,#6929,.T.);
#4620=EDGE_CURVE('',#6015,#6014,#6930,.T.);
#4621=EDGE_CURVE('',#6015,#6016,#6931,.T.);
#4622=EDGE_CURVE('',#6016,#6017,#6932,.T.);
#4623=EDGE_CURVE('',#6017,#5281,#6933,.T.);
#4624=EDGE_CURVE('',#5587,#5364,#6934,.T.);
#4625=EDGE_CURVE('',#5590,#5705,#6935,.T.);
#4626=EDGE_CURVE('',#6018,#6019,#6936,.T.);
#4627=EDGE_CURVE('',#6020,#6019,#6937,.T.);
#4628=EDGE_CURVE('',#5674,#6020,#6938,.T.);
#4629=EDGE_CURVE('',#6021,#5673,#6939,.T.);
#4630=EDGE_CURVE('',#6018,#6021,#6940,.T.);
#4631=EDGE_CURVE('',#5909,#5955,#490,.T.);
#4632=EDGE_CURVE('',#6022,#5954,#6941,.T.);
#4633=EDGE_CURVE('',#5910,#6022,#6942,.T.);
#4634=EDGE_CURVE('',#5529,#6023,#6943,.T.);
#4635=EDGE_CURVE('',#6023,#6024,#6944,.T.);
#4636=EDGE_CURVE('',#5530,#6024,#6945,.T.);
#4637=EDGE_CURVE('',#6025,#6026,#6946,.T.);
#4638=EDGE_CURVE('',#6026,#6027,#63,.T.);
#4639=EDGE_CURVE('',#6027,#6028,#6947,.T.);
#4640=EDGE_CURVE('',#6028,#6025,#6948,.T.);
#4641=EDGE_CURVE('',#5777,#5330,#491,.T.);
#4642=EDGE_CURVE('',#5776,#5624,#492,.T.);
#4643=EDGE_CURVE('',#6029,#6001,#6949,.T.);
#4644=EDGE_CURVE('',#6030,#6000,#6950,.T.);
#4645=EDGE_CURVE('',#6030,#6029,#6951,.T.);
#4646=EDGE_CURVE('',#5707,#5535,#6952,.T.);
#4647=EDGE_CURVE('',#5536,#5621,#6953,.T.);
#4648=EDGE_CURVE('',#6031,#5620,#6954,.T.);
#4649=EDGE_CURVE('',#6032,#6031,#493,.T.);
#4650=EDGE_CURVE('',#5708,#6032,#6955,.T.);
#4651=EDGE_CURVE('',#6033,#5700,#6956,.T.);
#4652=EDGE_CURVE('',#6033,#5885,#6957,.T.);
#4653=EDGE_CURVE('',#5491,#6034,#6958,.T.);
#4654=EDGE_CURVE('',#6034,#5427,#6959,.T.);
#4655=EDGE_CURVE('',#5371,#6035,#6960,.T.);
#4656=EDGE_CURVE('',#5966,#6035,#494,.T.);
#4657=EDGE_CURVE('',#5926,#5780,#6961,.T.);
#4658=EDGE_CURVE('',#5781,#5927,#6962,.T.);
#4659=EDGE_CURVE('',#5893,#5634,#6963,.T.);
#4660=EDGE_CURVE('',#5338,#5633,#6964,.T.);
#4661=EDGE_CURVE('',#5477,#5894,#6965,.T.);
#4662=EDGE_CURVE('',#5778,#5957,#64,.T.);
#4663=EDGE_CURVE('',#5777,#5958,#495,.T.);
#4664=EDGE_CURVE('',#6036,#5881,#6966,.T.);
#4665=EDGE_CURVE('',#6037,#5880,#6967,.T.);
#4666=EDGE_CURVE('',#6037,#6036,#496,.T.);
#4667=EDGE_CURVE('',#6038,#6039,#6968,.T.);
#4668=EDGE_CURVE('',#6040,#6038,#6969,.T.);
#4669=EDGE_CURVE('',#6040,#6041,#6970,.T.);
#4670=EDGE_CURVE('',#6041,#6039,#6971,.T.);
#4671=EDGE_CURVE('',#6042,#6043,#6972,.T.);
#4672=EDGE_CURVE('',#6043,#6044,#497,.T.);
#4673=EDGE_CURVE('',#6045,#6044,#6973,.T.);
#4674=EDGE_CURVE('',#6042,#6045,#498,.T.);
#4675=EDGE_CURVE('',#5449,#5912,#499,.T.);
#4676=EDGE_CURVE('',#6046,#5591,#6974,.T.);
#4677=EDGE_CURVE('',#6047,#6046,#6975,.T.);
#4678=EDGE_CURVE('',#6047,#6037,#6976,.T.);
#4679=EDGE_CURVE('',#6048,#5879,#6977,.T.);
#4680=EDGE_CURVE('',#5592,#6048,#6978,.T.);
#4681=EDGE_CURVE('',#6049,#5991,#6979,.T.);
#4682=EDGE_CURVE('',#5990,#6050,#6980,.T.);
#4683=EDGE_CURVE('',#6050,#6049,#500,.T.);
#4684=EDGE_CURVE('',#5845,#6051,#6981,.T.);
#4685=EDGE_CURVE('',#5684,#6051,#501,.T.);
#4686=EDGE_CURVE('',#5392,#5723,#6982,.T.);
#4687=EDGE_CURVE('',#5724,#5391,#6983,.T.);
#4688=EDGE_CURVE('',#5593,#5835,#6984,.T.);
#4689=EDGE_CURVE('',#5836,#5594,#6985,.T.);
#4690=EDGE_CURVE('',#5959,#5463,#502,.T.);
#4691=EDGE_CURVE('',#5463,#6052,#6986,.T.);
#4692=EDGE_CURVE('',#6052,#5960,#65,.T.);
#4693=EDGE_CURVE('',#6053,#6054,#6987,.T.);
#4694=EDGE_CURVE('',#6055,#6053,#6988,.T.);
#4695=EDGE_CURVE('',#6055,#6056,#6989,.T.);
#4696=EDGE_CURVE('',#6056,#6054,#6990,.T.);
#4697=EDGE_CURVE('',#5811,#6057,#6991,.T.);
#4698=EDGE_CURVE('',#5687,#5690,#6992,.T.);
#4699=EDGE_CURVE('',#5690,#6057,#6993,.T.);
#4700=EDGE_CURVE('',#5903,#6058,#6994,.T.);
#4701=EDGE_CURVE('',#6058,#5569,#6995,.T.);
#4702=EDGE_CURVE('',#5484,#6059,#6996,.T.);
#4703=EDGE_CURVE('',#5483,#6060,#6997,.T.);
#4704=EDGE_CURVE('',#6060,#6061,#6998,.T.);
#4705=EDGE_CURVE('',#6061,#6059,#6999,.T.);
#4706=EDGE_CURVE('',#6062,#5870,#7000,.T.);
#4707=EDGE_CURVE('',#6062,#6063,#7001,.T.);
#4708=EDGE_CURVE('',#6063,#6064,#7002,.T.);
#4709=EDGE_CURVE('',#6064,#5871,#7003,.T.);
#4710=EDGE_CURVE('',#6065,#5651,#7004,.T.);
#4711=EDGE_CURVE('',#6065,#6066,#503,.T.);
#4712=EDGE_CURVE('',#6066,#5422,#7005,.T.);
#4713=EDGE_CURVE('',#5623,#5485,#504,.T.);
#4714=EDGE_CURVE('',#5666,#6067,#7006,.T.);
#4715=EDGE_CURVE('',#6068,#6067,#7007,.T.);
#4716=EDGE_CURVE('',#6069,#6068,#7008,.T.);
#4717=EDGE_CURVE('',#5932,#6069,#7009,.T.);
#4718=EDGE_CURVE('',#5605,#5390,#7010,.T.);
#4719=EDGE_CURVE('',#5522,#6070,#7011,.T.);
#4720=EDGE_CURVE('',#6070,#5640,#7012,.T.);
#4721=EDGE_CURVE('',#5757,#6071,#7013,.T.);
#4722=EDGE_CURVE('',#6072,#6071,#505,.T.);
#4723=EDGE_CURVE('',#6072,#6073,#102,.T.);
#4724=EDGE_CURVE('',#5758,#6073,#7014,.T.);
#4725=EDGE_CURVE('',#5981,#6074,#506,.T.);
#4726=EDGE_CURVE('',#6074,#5566,#7015,.T.);
#4727=EDGE_CURVE('',#5766,#6075,#7016,.T.);
#4728=EDGE_CURVE('',#6076,#6075,#7017,.T.);
#4729=EDGE_CURVE('',#5767,#6076,#7018,.T.);
#4730=EDGE_CURVE('',#5469,#5714,#7019,.T.);
#4731=EDGE_CURVE('',#5474,#5715,#7020,.T.);
#4732=EDGE_CURVE('',#5970,#5655,#7021,.T.);
#4733=EDGE_CURVE('',#5656,#5971,#7022,.T.);
#4734=EDGE_CURVE('',#5831,#5459,#7023,.T.);
#4735=EDGE_CURVE('',#5458,#5833,#7024,.T.);
#4736=EDGE_CURVE('',#6077,#6012,#7025,.T.);
#4737=EDGE_CURVE('',#5412,#6077,#7026,.T.);
#4738=EDGE_CURVE('',#6078,#5358,#7027,.T.);
#4739=EDGE_CURVE('',#6079,#6078,#7028,.T.);
#4740=EDGE_CURVE('',#6080,#6079,#7029,.T.);
#4741=EDGE_CURVE('',#6080,#5499,#7030,.T.);
#4742=EDGE_CURVE('',#5861,#5614,#7031,.T.);
#4743=EDGE_CURVE('',#5514,#5614,#507,.T.);
#4744=EDGE_CURVE('',#6081,#6082,#7032,.T.);
#4745=EDGE_CURVE('',#6082,#5660,#508,.T.);
#4746=EDGE_CURVE('',#6081,#5659,#509,.T.);
#4747=EDGE_CURVE('',#6083,#5869,#7033,.T.);
#4748=EDGE_CURVE('',#6083,#6062,#7034,.T.);
#4749=EDGE_CURVE('',#5584,#6084,#7035,.T.);
#4750=EDGE_CURVE('',#6084,#6085,#66,.T.);
#4751=EDGE_CURVE('',#6085,#5563,#7036,.T.);
#4752=EDGE_CURVE('',#5409,#6086,#7037,.T.);
#4753=EDGE_CURVE('',#6013,#6086,#7038,.T.);
#4754=EDGE_CURVE('',#6087,#5475,#7039,.T.);
#4755=EDGE_CURVE('',#5336,#6088,#7040,.T.);
#4756=EDGE_CURVE('',#6088,#6089,#7041,.T.);
#4757=EDGE_CURVE('',#5631,#6089,#7042,.T.);
#4758=EDGE_CURVE('',#6087,#5634,#7043,.T.);
#4759=EDGE_CURVE('',#6090,#6091,#7044,.T.);
#4760=EDGE_CURVE('',#5951,#6091,#7045,.T.);
#4761=EDGE_CURVE('',#5826,#5951,#7046,.T.);
#4762=EDGE_CURVE('',#6092,#5826,#7047,.T.);
#4763=EDGE_CURVE('',#6092,#6093,#7048,.T.);
#4764=EDGE_CURVE('',#6093,#5827,#7049,.T.);
#4765=EDGE_CURVE('',#5949,#5827,#7050,.T.);
#4766=EDGE_CURVE('',#5949,#6090,#7051,.T.);
#4767=EDGE_CURVE('',#6094,#6095,#7052,.T.);
#4768=EDGE_CURVE('',#6096,#6094,#510,.T.);
#4769=EDGE_CURVE('',#6097,#6096,#7053,.T.);
#4770=EDGE_CURVE('',#6098,#6097,#7054,.T.);
#4771=EDGE_CURVE('',#6058,#6098,#511,.T.);
#4772=EDGE_CURVE('',#6074,#5902,#7055,.T.);
#4773=EDGE_CURVE('',#5480,#5980,#512,.T.);
#4774=EDGE_CURVE('',#6084,#5479,#7056,.T.);
#4775=EDGE_CURVE('',#6099,#6084,#513,.T.);
#4776=EDGE_CURVE('',#6069,#6099,#7057,.T.);
#4777=EDGE_CURVE('',#6100,#6068,#7058,.T.);
#4778=EDGE_CURVE('',#5670,#6100,#7059,.T.);
#4779=EDGE_CURVE('',#6101,#5670,#7060,.T.);
#4780=EDGE_CURVE('',#5612,#6101,#7061,.T.);
#4781=EDGE_CURVE('',#5696,#5861,#7062,.T.);
#4782=EDGE_CURVE('',#6102,#5806,#7063,.T.);
#4783=EDGE_CURVE('',#6102,#6095,#7064,.T.);
#4784=EDGE_CURVE('',#6021,#5345,#514,.T.);
#4785=EDGE_CURVE('',#6018,#5344,#7065,.T.);
#4786=EDGE_CURVE('',#6103,#6104,#7066,.T.);
#4787=EDGE_CURVE('',#6103,#5818,#7067,.T.);
#4788=EDGE_CURVE('',#6105,#5818,#7068,.T.);
#4789=EDGE_CURVE('',#6105,#6104,#7069,.T.);
#4790=EDGE_CURVE('',#5886,#5679,#7070,.T.);
#4791=EDGE_CURVE('',#5679,#5682,#7071,.T.);
#4792=EDGE_CURVE('',#6106,#5742,#7072,.T.);
#4793=EDGE_CURVE('',#6107,#6106,#515,.T.);
#4794=EDGE_CURVE('',#5884,#6107,#7073,.T.);
#4795=EDGE_CURVE('',#5884,#5742,#7074,.T.);
#4796=EDGE_CURVE('',#5543,#6080,#7075,.T.);
#4797=EDGE_CURVE('',#5544,#6079,#7076,.T.);
#4798=EDGE_CURVE('',#5658,#5437,#7077,.T.);
#4799=EDGE_CURVE('',#6023,#5657,#7078,.T.);
#4800=EDGE_CURVE('',#6108,#5738,#7079,.T.);
#4801=EDGE_CURVE('',#5737,#6109,#7080,.T.);
#4802=EDGE_CURVE('',#6109,#6108,#7081,.T.);
#4803=EDGE_CURVE('',#5828,#5952,#7082,.T.);
#4804=EDGE_CURVE('',#5347,#6110,#516,.T.);
#4805=EDGE_CURVE('',#6110,#5922,#7083,.T.);
#4806=EDGE_CURVE('',#5917,#5535,#517,.T.);
#4807=EDGE_CURVE('',#5972,#5537,#30,.T.);
#4808=EDGE_CURVE('',#5630,#5683,#7084,.T.);
#4809=EDGE_CURVE('',#5683,#5686,#7085,.T.);
#4810=EDGE_CURVE('',#6111,#5944,#7086,.T.);
#4811=EDGE_CURVE('',#5936,#6111,#7087,.T.);
#4812=EDGE_CURVE('',#5692,#5935,#518,.T.);
#4813=EDGE_CURVE('',#5945,#5691,#7088,.T.);
#4814=EDGE_CURVE('',#5514,#5726,#7089,.T.);
#4815=EDGE_CURVE('',#5725,#5515,#7090,.T.);
#4816=EDGE_CURVE('',#6112,#6113,#7091,.T.);
#4817=EDGE_CURVE('',#6114,#6113,#7092,.T.);
#4818=EDGE_CURVE('',#6115,#6114,#7093,.T.);
#4819=EDGE_CURVE('',#6116,#6115,#519,.T.);
#4820=EDGE_CURVE('',#6116,#6117,#7094,.T.);
#4821=EDGE_CURVE('',#6117,#5572,#7095,.T.);
#4822=EDGE_CURVE('',#5571,#6112,#520,.T.);
#4823=EDGE_CURVE('',#6118,#6099,#67,.F.);
#4824=EDGE_CURVE('',#6119,#6118,#7096,.T.);
#4825=EDGE_CURVE('',#5933,#6119,#68,.F.);
#4826=EDGE_CURVE('',#6098,#6120,#103,.T.);
#4827=EDGE_CURVE('',#5996,#6097,#521,.T.);
#4828=EDGE_CURVE('',#6120,#5995,#522,.T.);
#4829=EDGE_CURVE('',#6121,#5353,#7097,.T.);
#4830=EDGE_CURVE('',#6108,#6121,#7098,.T.);
#4831=EDGE_CURVE('',#5802,#6122,#7099,.T.);
#4832=EDGE_CURVE('',#6122,#6123,#7100,.T.);
#4833=EDGE_CURVE('',#5803,#6123,#7101,.T.);
#4834=EDGE_CURVE('',#6124,#5882,#7102,.T.);
#4835=EDGE_CURVE('',#5789,#6124,#523,.T.);
#4836=EDGE_CURVE('',#6091,#6125,#524,.T.);
#4837=EDGE_CURVE('',#6126,#6090,#525,.T.);
#4838=EDGE_CURVE('',#6126,#6127,#526,.T.);
#4839=EDGE_CURVE('',#6127,#6125,#7103,.T.);
#4840=EDGE_CURVE('',#5425,#6128,#7104,.T.);
#4841=EDGE_CURVE('',#5964,#6128,#527,.T.);
#4842=EDGE_CURVE('',#6129,#6130,#528,.T.);
#4843=EDGE_CURVE('',#6131,#6129,#7105,.T.);
#4844=EDGE_CURVE('',#6131,#6132,#529,.T.);
#4845=EDGE_CURVE('',#6130,#6132,#7106,.T.);
#4846=EDGE_CURVE('',#5511,#6004,#7107,.T.);
#4847=EDGE_CURVE('',#6133,#6003,#7108,.T.);
#4848=EDGE_CURVE('',#5512,#6133,#7109,.T.);
#4849=EDGE_CURVE('',#5727,#6134,#7110,.T.);
#4850=EDGE_CURVE('',#5612,#6134,#530,.T.);
#4851=EDGE_CURVE('',#6135,#5749,#531,.T.);
#4852=EDGE_CURVE('',#6135,#5841,#7111,.T.);
#4853=EDGE_CURVE('',#5401,#6136,#7112,.T.);
#4854=EDGE_CURVE('',#5876,#6136,#532,.T.);
#4855=EDGE_CURVE('',#5992,#6137,#7113,.T.);
#4856=EDGE_CURVE('',#5883,#6049,#7114,.T.);
#4857=EDGE_CURVE('',#6137,#6107,#7115,.T.);
#4858=EDGE_CURVE('',#5516,#5993,#7116,.T.);
#4859=EDGE_CURVE('',#6138,#6139,#7117,.T.);
#4860=EDGE_CURVE('',#6140,#6138,#7118,.T.);
#4861=EDGE_CURVE('',#6140,#6141,#7119,.T.);
#4862=EDGE_CURVE('',#6141,#6139,#7120,.T.);
#4863=EDGE_CURVE('',#6142,#5887,#69,.T.);
#4864=EDGE_CURVE('',#6143,#6142,#7121,.T.);
#4865=EDGE_CURVE('',#6144,#6143,#70,.T.);
#4866=EDGE_CURVE('',#6144,#6145,#7122,.T.);
#4867=EDGE_CURVE('',#6145,#5775,#71,.T.);
#4868=EDGE_CURVE('',#5888,#5774,#72,.T.);
#4869=EDGE_CURVE('',#5316,#5706,#7123,.T.);
#4870=EDGE_CURVE('',#5589,#5379,#7124,.T.);
#4871=EDGE_CURVE('',#6146,#5445,#7125,.T.);
#4872=EDGE_CURVE('',#5430,#6147,#7126,.T.);
#4873=EDGE_CURVE('',#6146,#6147,#533,.T.);
#4874=EDGE_CURVE('',#5442,#5891,#7127,.T.);
#4875=EDGE_CURVE('',#5993,#6148,#104,.T.);
#4876=EDGE_CURVE('',#5761,#6149,#534,.T.);
#4877=EDGE_CURVE('',#6149,#6148,#535,.T.);
#4878=EDGE_CURVE('',#6150,#6151,#536,.T.);
#4879=EDGE_CURVE('',#6152,#6150,#7128,.T.);
#4880=EDGE_CURVE('',#6152,#6153,#7129,.T.);
#4881=EDGE_CURVE('',#6153,#6154,#7130,.T.);
#4882=EDGE_CURVE('',#6154,#6151,#7131,.T.);
#4883=EDGE_CURVE('',#5785,#6155,#7132,.T.);
#4884=EDGE_CURVE('',#5784,#6156,#7133,.T.);
#4885=EDGE_CURVE('',#6156,#6155,#7134,.T.);
#4886=EDGE_CURVE('',#6157,#5482,#7135,.T.);
#4887=EDGE_CURVE('',#6158,#6059,#7136,.T.);
#4888=EDGE_CURVE('',#6056,#6158,#537,.T.);
#4889=EDGE_CURVE('',#6159,#6055,#538,.T.);
#4890=EDGE_CURVE('',#6127,#6159,#7137,.T.);
#4891=EDGE_CURVE('',#6157,#6126,#7138,.T.);
#4892=EDGE_CURVE('',#5354,#6160,#7139,.T.);
#4893=EDGE_CURVE('',#6160,#6121,#7140,.T.);
#4894=EDGE_CURVE('',#6161,#5619,#7141,.T.);
#4895=EDGE_CURVE('',#6161,#6014,#7142,.T.);
#4896=EDGE_CURVE('',#5588,#5703,#7143,.T.);
#4897=EDGE_CURVE('',#5868,#6017,#7144,.T.);
#4898=EDGE_CURVE('',#5815,#5867,#7145,.T.);
#4899=EDGE_CURVE('',#5522,#5815,#7146,.T.);
#4900=EDGE_CURVE('',#5532,#6064,#7147,.T.);
#4901=EDGE_CURVE('',#5532,#6162,#7148,.T.);
#4902=EDGE_CURVE('',#5761,#6162,#7149,.T.);
#4903=EDGE_CURVE('',#6163,#5760,#7150,.T.);
#4904=EDGE_CURVE('',#6164,#6163,#7151,.T.);
#4905=EDGE_CURVE('',#6165,#6164,#7152,.T.);
#4906=EDGE_CURVE('',#6165,#5695,#7153,.T.);
#4907=EDGE_CURVE('',#5691,#5694,#7154,.T.);
#4908=EDGE_CURVE('',#5675,#5678,#7155,.T.);
#4909=EDGE_CURVE('',#5341,#6020,#7156,.T.);
#4910=EDGE_CURVE('',#5644,#5342,#7157,.T.);
#4911=EDGE_CURVE('',#6110,#5799,#7158,.T.);
#4912=EDGE_CURVE('',#5743,#5800,#7159,.T.);
#4913=EDGE_CURVE('',#6166,#6167,#539,.T.);
#4914=EDGE_CURVE('',#5536,#6167,#7160,.T.);
#4915=EDGE_CURVE('',#5537,#6166,#7161,.T.);
#4916=EDGE_CURVE('',#5899,#6168,#7162,.T.);
#4917=EDGE_CURVE('',#6169,#6168,#7163,.T.);
#4918=EDGE_CURVE('',#6169,#5898,#7164,.T.);
#4919=EDGE_CURVE('',#5602,#5810,#7165,.T.);
#4920=EDGE_CURVE('',#6086,#6170,#7166,.T.);
#4921=EDGE_CURVE('',#6171,#6170,#7167,.T.);
#4922=EDGE_CURVE('',#6024,#6171,#7168,.T.);
#4923=EDGE_CURVE('',#5969,#5782,#7169,.T.);
#4924=EDGE_CURVE('',#6172,#5464,#7170,.T.);
#4925=EDGE_CURVE('',#6173,#6172,#7171,.T.);
#4926=EDGE_CURVE('',#6173,#5722,#7172,.T.);
#4927=EDGE_CURVE('',#5759,#5721,#7173,.T.);
#4928=EDGE_CURVE('',#6073,#6077,#540,.T.);
#4929=EDGE_CURVE('',#6070,#5814,#541,.T.);
#4930=EDGE_CURVE('',#6174,#5617,#7174,.T.);
#4931=EDGE_CURVE('',#6175,#6174,#7175,.T.);
#4932=EDGE_CURVE('',#6175,#5618,#7176,.T.);
#4933=EDGE_CURVE('',#6176,#5431,#7177,.T.);
#4934=EDGE_CURVE('',#5965,#6176,#542,.T.);
#4935=EDGE_CURVE('',#6177,#5748,#543,.T.);
#4936=EDGE_CURVE('',#6177,#6135,#7178,.T.);
#4937=EDGE_CURVE('',#5639,#5872,#7179,.T.);
#4938=EDGE_CURVE('',#5460,#6178,#7180,.T.);
#4939=EDGE_CURVE('',#5678,#5832,#7181,.T.);
#4940=EDGE_CURVE('',#5677,#6178,#544,.T.);
#4941=EDGE_CURVE('',#5779,#5889,#73,.T.);
#4942=EDGE_CURVE('',#5324,#6179,#7182,.T.);
#4943=EDGE_CURVE('',#5326,#6180,#7183,.T.);
#4944=EDGE_CURVE('',#6180,#6179,#7184,.T.);
#4945=EDGE_CURVE('',#6181,#5764,#7185,.T.);
#4946=EDGE_CURVE('',#6182,#6181,#74,.T.);
#4947=EDGE_CURVE('',#6182,#6183,#7186,.T.);
#4948=EDGE_CURVE('',#6183,#5751,#7187,.T.);
#4949=EDGE_CURVE('',#5765,#5751,#7188,.T.);
#4950=EDGE_CURVE('',#6184,#5382,#7189,.T.);
#4951=EDGE_CURVE('',#5382,#6185,#7190,.T.);
#4952=EDGE_CURVE('',#6185,#5830,#545,.T.);
#4953=EDGE_CURVE('',#5350,#6184,#7191,.T.);
#4954=EDGE_CURVE('',#5999,#6186,#7192,.T.);
#4955=EDGE_CURVE('',#5999,#6187,#7193,.T.);
#4956=EDGE_CURVE('',#6188,#6187,#7194,.T.);
#4957=EDGE_CURVE('',#6188,#5877,#7195,.T.);
#4958=EDGE_CURVE('',#5878,#5473,#7196,.T.);
#4959=EDGE_CURVE('',#5716,#5473,#7197,.T.);
#4960=EDGE_CURVE('',#5716,#6186,#7198,.T.);
#4961=EDGE_CURVE('',#5838,#5440,#7199,.T.);
#4962=EDGE_CURVE('',#5439,#6189,#7200,.T.);
#4963=EDGE_CURVE('',#6189,#6046,#546,.T.);
#4964=EDGE_CURVE('',#5947,#6022,#7201,.T.);
#4965=EDGE_CURVE('',#6190,#5336,#7202,.T.);
#4966=EDGE_CURVE('',#6190,#5979,#7203,.T.);
#4967=EDGE_CURVE('',#5979,#6088,#547,.T.);
#4968=EDGE_CURVE('',#6191,#6173,#7204,.T.);
#4969=EDGE_CURVE('',#5585,#6191,#7205,.T.);
#4970=EDGE_CURVE('',#5488,#6192,#7206,.T.);
#4971=EDGE_CURVE('',#6151,#5488,#7207,.T.);
#4972=EDGE_CURVE('',#6154,#5303,#7208,.T.);
#4973=EDGE_CURVE('',#5462,#5302,#7209,.T.);
#4974=EDGE_CURVE('',#6193,#5418,#7210,.T.);
#4975=EDGE_CURVE('',#5553,#6193,#7211,.T.);
#4976=EDGE_CURVE('',#6194,#5625,#7212,.T.);
#4977=EDGE_CURVE('',#6195,#6194,#7213,.T.);
#4978=EDGE_CURVE('',#6196,#6195,#7214,.T.);
#4979=EDGE_CURVE('',#6192,#6196,#7215,.T.);
#4980=EDGE_CURVE('',#5505,#6010,#7216,.T.);
#4981=EDGE_CURVE('',#5506,#6009,#7217,.T.);
#4982=EDGE_CURVE('',#6197,#5661,#7218,.T.);
#4983=EDGE_CURVE('',#6095,#5647,#7219,.T.);
#4984=EDGE_CURVE('',#6197,#6102,#7220,.T.);
#4985=EDGE_CURVE('',#5962,#6034,#548,.T.);
#4986=EDGE_CURVE('',#5857,#6048,#7221,.T.);
#4987=EDGE_CURVE('',#6198,#6199,#7222,.T.);
#4988=EDGE_CURVE('',#6199,#6200,#7223,.T.);
#4989=EDGE_CURVE('',#6201,#6200,#7224,.T.);
#4990=EDGE_CURVE('',#6198,#6201,#7225,.T.);
#4991=EDGE_CURVE('',#6117,#6096,#75,.T.);
#4992=EDGE_CURVE('',#6097,#6116,#7226,.T.);
#4993=EDGE_CURVE('',#6029,#5755,#549,.T.);
#4994=EDGE_CURVE('',#5843,#6179,#7227,.T.);
#4995=EDGE_CURVE('',#6202,#6044,#550,.T.);
#4996=EDGE_CURVE('',#6203,#6202,#7228,.T.);
#4997=EDGE_CURVE('',#6203,#6045,#551,.T.);
#4998=EDGE_CURVE('',#6204,#5974,#7229,.T.);
#4999=EDGE_CURVE('',#6204,#6205,#7230,.T.);
#5000=EDGE_CURVE('',#6157,#6205,#7231,.T.);
#5001=EDGE_CURVE('',#5952,#6126,#7232,.T.);
#5002=EDGE_CURVE('',#6158,#5828,#7233,.T.);
#5003=EDGE_CURVE('',#6067,#6061,#7234,.T.);
#5004=EDGE_CURVE('',#5662,#6188,#7235,.T.);
#5005=EDGE_CURVE('',#5452,#6197,#7236,.T.);
#5006=EDGE_CURVE('',#5477,#6190,#7237,.T.);
#5007=EDGE_CURVE('',#6072,#6206,#7238,.T.);
#5008=EDGE_CURVE('',#5413,#6206,#76,.F.);
#5009=EDGE_CURVE('',#6016,#6083,#7239,.T.);
#5010=EDGE_CURVE('',#5906,#6057,#7240,.T.);
#5011=EDGE_CURVE('',#5689,#5921,#552,.T.);
#5012=EDGE_CURVE('',#6082,#6198,#7241,.T.);
#5013=EDGE_CURVE('',#6081,#5441,#7242,.T.);
#5014=EDGE_CURVE('',#6199,#5837,#7243,.T.);
#5015=EDGE_CURVE('',#6207,#5379,#7244,.T.);
#5016=EDGE_CURVE('',#5919,#6184,#553,.T.);
#5017=EDGE_CURVE('',#5919,#6207,#105,.F.);
#5018=EDGE_CURVE('',#5408,#5525,#7245,.T.);
#5019=EDGE_CURVE('',#6170,#5523,#7246,.T.);
#5020=EDGE_CURVE('',#5644,#5349,#554,.T.);
#5021=EDGE_CURVE('',#6208,#5429,#7247,.T.);
#5022=EDGE_CURVE('',#6208,#6147,#7248,.T.);
#5023=EDGE_CURVE('',#6025,#6101,#555,.T.);
#5024=EDGE_CURVE('',#6134,#6025,#7249,.T.);
#5025=EDGE_CURVE('',#6209,#6210,#7250,.T.);
#5026=EDGE_CURVE('',#6210,#5913,#556,.T.);
#5027=EDGE_CURVE('',#6209,#5912,#557,.T.);
#5028=EDGE_CURVE('',#6211,#6172,#7251,.T.);
#5029=EDGE_CURVE('',#6191,#6211,#7252,.T.);
#5030=EDGE_CURVE('',#6212,#5989,#7253,.T.);
#5031=EDGE_CURVE('',#5988,#6213,#7254,.T.);
#5032=EDGE_CURVE('',#6213,#6212,#558,.T.);
#5033=EDGE_CURVE('',#6036,#6124,#7255,.T.);
#5034=EDGE_CURVE('',#5694,#5943,#7256,.T.);
#5035=EDGE_CURVE('',#5851,#5376,#7257,.T.);
#5036=EDGE_CURVE('',#5378,#5852,#7258,.T.);
#5037=EDGE_CURVE('',#6206,#5414,#7259,.T.);
#5038=EDGE_CURVE('',#5357,#6071,#7260,.T.);
#5039=EDGE_CURVE('',#5967,#5356,#7261,.T.);
#5040=EDGE_CURVE('',#6136,#5968,#7262,.T.);
#5041=EDGE_CURVE('',#5400,#6214,#7263,.T.);
#5042=EDGE_CURVE('',#5783,#6214,#7264,.T.);
#5043=EDGE_CURVE('',#5817,#6075,#77,.T.);
#5044=EDGE_CURVE('',#6215,#5446,#7265,.T.);
#5045=EDGE_CURVE('',#6215,#6076,#559,.T.);
#5046=EDGE_CURVE('',#6216,#6038,#560,.T.);
#5047=EDGE_CURVE('',#5741,#6216,#7266,.T.);
#5048=EDGE_CURVE('',#5743,#6040,#561,.T.);
#5049=EDGE_CURVE('',#6187,#5873,#7267,.T.);
#5050=EDGE_CURVE('',#5510,#6217,#78,.F.);
#5051=EDGE_CURVE('',#6005,#6217,#7268,.T.);
#5052=EDGE_CURVE('',#5502,#6011,#7269,.T.);
#5053=EDGE_CURVE('',#5982,#5983,#7270,.T.);
#5054=EDGE_CURVE('',#6085,#5984,#7271,.T.);
#5055=EDGE_CURVE('',#6178,#6218,#7272,.T.);
#5056=EDGE_CURVE('',#5676,#6218,#562,.T.);
#5057=EDGE_CURVE('',#5821,#6219,#7273,.T.);
#5058=EDGE_CURVE('',#5820,#6220,#7274,.T.);
#5059=EDGE_CURVE('',#6220,#6219,#7275,.T.);
#5060=EDGE_CURVE('',#6218,#5457,#7276,.T.);
#5061=EDGE_CURVE('',#5834,#5675,#7277,.T.);
#5062=EDGE_CURVE('',#6167,#5928,#7278,.T.);
#5063=EDGE_CURVE('',#5621,#5928,#7279,.T.);
#5064=EDGE_CURVE('',#6221,#6104,#563,.T.);
#5065=EDGE_CURVE('',#6221,#6222,#7280,.T.);
#5066=EDGE_CURVE('',#6103,#6222,#564,.T.);
#5067=EDGE_CURVE('',#6215,#6146,#7281,.T.);
#5068=EDGE_CURVE('',#5735,#5296,#565,.T.);
#5069=EDGE_CURVE('',#5986,#5629,#7282,.T.);
#5070=EDGE_CURVE('',#6051,#5985,#7283,.T.);
#5071=EDGE_CURVE('',#6223,#6224,#7284,.T.);
#5072=EDGE_CURVE('',#6224,#6205,#7285,.T.);
#5073=EDGE_CURVE('',#6204,#6223,#7286,.T.);
#5074=EDGE_CURVE('',#6225,#6221,#7287,.T.);
#5075=EDGE_CURVE('',#6180,#6225,#7288,.T.);
#5076=EDGE_CURVE('',#6183,#6177,#7289,.T.);
#5077=EDGE_CURVE('',#5753,#6182,#7290,.T.);
#5078=EDGE_CURVE('',#5300,#5752,#7291,.T.);
#5079=EDGE_CURVE('',#5301,#6152,#7292,.T.);
#5080=EDGE_CURVE('',#5487,#6150,#7293,.T.);
#5081=EDGE_CURVE('',#6226,#5485,#7294,.T.);
#5082=EDGE_CURVE('',#6227,#6226,#31,.T.);
#5083=EDGE_CURVE('',#6145,#6227,#7295,.T.);
#5084=EDGE_CURVE('',#6228,#6144,#7296,.T.);
#5085=EDGE_CURVE('',#6166,#6228,#32,.T.);
#5086=EDGE_CURVE('',#6210,#5744,#7297,.T.);
#5087=EDGE_CURVE('',#6229,#6209,#33,.T.);
#5088=EDGE_CURVE('',#5816,#6229,#7298,.T.);
#5089=EDGE_CURVE('',#6222,#5819,#7299,.T.);
#5090=EDGE_CURVE('',#6162,#6230,#566,.T.);
#5091=EDGE_CURVE('',#6230,#6149,#7300,.T.);
#5092=EDGE_CURVE('',#5797,#6033,#7301,.T.);
#5093=EDGE_CURVE('',#6123,#6161,#7302,.T.);
#5094=EDGE_CURVE('',#6122,#6015,#7303,.T.);
#5095=EDGE_CURVE('',#5956,#5907,#567,.T.);
#5096=EDGE_CURVE('',#5907,#5620,#568,.T.);
#5097=EDGE_CURVE('',#5318,#6231,#7304,.T.);
#5098=EDGE_CURVE('',#5316,#5923,#7305,.T.);
#5099=EDGE_CURVE('',#6231,#5923,#569,.T.);
#5100=EDGE_CURVE('',#5680,#5796,#570,.T.);
#5101=EDGE_CURVE('',#5454,#6232,#7306,.T.);
#5102=EDGE_CURVE('',#6232,#5973,#7307,.T.);
#5103=EDGE_CURVE('',#6128,#6233,#7308,.T.);
#5104=EDGE_CURVE('',#6233,#5424,#7309,.T.);
#5105=EDGE_CURVE('',#5848,#6234,#571,.T.);
#5106=EDGE_CURVE('',#6234,#6110,#7310,.T.);
#5107=EDGE_CURVE('',#6171,#5524,#7311,.T.);
#5108=EDGE_CURVE('',#5465,#6211,#7312,.T.);
#5109=EDGE_CURVE('',#5823,#6028,#7313,.T.);
#5110=EDGE_CURVE('',#6235,#5822,#7314,.T.);
#5111=EDGE_CURVE('',#6235,#6236,#572,.T.);
#5112=EDGE_CURVE('',#6202,#6236,#7315,.T.);
#5113=EDGE_CURVE('',#6168,#6043,#573,.T.);
#5114=EDGE_CURVE('',#5377,#5318,#7316,.T.);
#5115=EDGE_CURVE('',#6134,#6231,#7317,.T.);
#5116=EDGE_CURVE('',#6231,#5728,#7318,.T.);
#5117=EDGE_CURVE('',#6194,#5731,#574,.T.);
#5118=EDGE_CURVE('',#6118,#6237,#7319,.T.);
#5119=EDGE_CURVE('',#6238,#6237,#7320,.T.);
#5120=EDGE_CURVE('',#6119,#6238,#7321,.T.);
#5121=EDGE_CURVE('',#6212,#6050,#7322,.T.);
#5122=EDGE_CURVE('',#5900,#5311,#7323,.T.);
#5123=EDGE_CURVE('',#6200,#5606,#7324,.T.);
#5124=EDGE_CURVE('',#6155,#6138,#575,.T.);
#5125=EDGE_CURVE('',#6139,#6239,#576,.T.);
#5126=EDGE_CURVE('',#5641,#6239,#7325,.T.);
#5127=EDGE_CURVE('',#5642,#5730,#7326,.T.);
#5128=EDGE_CURVE('',#6240,#6143,#7327,.T.);
#5129=EDGE_CURVE('',#6228,#6240,#577,.T.);
#5130=EDGE_CURVE('',#6230,#5534,#7328,.T.);
#5131=EDGE_CURVE('',#5651,#5534,#7329,.T.);
#5132=EDGE_CURVE('',#5771,#5654,#7330,.T.);
#5133=EDGE_CURVE('',#6164,#5770,#7331,.T.);
#5134=EDGE_CURVE('',#6241,#6163,#7332,.T.);
#5135=EDGE_CURVE('',#6149,#6241,#7333,.T.);
#5136=EDGE_CURVE('',#6193,#5773,#7334,.T.);
#5137=EDGE_CURVE('',#6213,#5740,#7335,.T.);
#5138=EDGE_CURVE('',#5740,#5883,#7336,.T.);
#5139=EDGE_CURVE('',#6242,#5600,#578,.T.);
#5140=EDGE_CURVE('',#5918,#6242,#7337,.T.);
#5141=EDGE_CURVE('',#6243,#6053,#579,.T.);
#5142=EDGE_CURVE('',#6159,#6243,#7338,.T.);
#5143=EDGE_CURVE('',#6160,#6109,#7339,.T.);
#5144=EDGE_CURVE('',#5632,#5335,#7340,.T.);
#5145=EDGE_CURVE('',#5963,#6233,#580,.T.);
#5146=EDGE_CURVE('',#5427,#5961,#7341,.T.);
#5147=EDGE_CURVE('',#5768,#6165,#7342,.T.);
#5148=EDGE_CURVE('',#6052,#6244,#7343,.T.);
#5149=EDGE_CURVE('',#6244,#5428,#581,.T.);
#5150=EDGE_CURVE('',#5653,#5769,#7344,.T.);
#5151=EDGE_CURVE('',#6214,#5905,#582,.T.);
#5152=EDGE_CURVE('',#6245,#6189,#7345,.T.);
#5153=EDGE_CURVE('',#5438,#6245,#7346,.T.);
#5154=EDGE_CURVE('',#6246,#5375,#583,.T.);
#5155=EDGE_CURVE('',#6246,#5998,#7347,.T.);
#5156=EDGE_CURVE('',#6234,#5801,#7348,.T.);
#5157=EDGE_CURVE('',#6148,#6247,#7349,.T.);
#5158=EDGE_CURVE('',#6247,#5993,#106,.T.);
#5159=EDGE_CURVE('',#5760,#6241,#584,.T.);
#5160=EDGE_CURVE('',#5693,#5938,#585,.T.);
#5161=EDGE_CURVE('',#6169,#6042,#586,.T.);
#5162=EDGE_CURVE('',#5996,#6115,#7350,.T.);
#5163=EDGE_CURVE('',#6246,#6186,#7351,.T.);
#5164=EDGE_CURVE('',#6035,#6176,#7352,.T.);
#5165=EDGE_CURVE('',#6241,#6247,#587,.T.);
#5166=EDGE_CURVE('',#6248,#6249,#7353,.T.);
#5167=EDGE_CURVE('',#5978,#6248,#7354,.T.);
#5168=EDGE_CURVE('',#5977,#6249,#7355,.T.);
#5169=EDGE_CURVE('',#6249,#6250,#588,.T.);
#5170=EDGE_CURVE('',#5976,#6250,#7356,.T.);
#5171=EDGE_CURVE('',#5582,#6238,#79,.F.);
#5172=EDGE_CURVE('',#5581,#5668,#7357,.T.);
#5173=EDGE_CURVE('',#5853,#6100,#7358,.T.);
#5174=EDGE_CURVE('',#5631,#5892,#7359,.T.);
#5175=EDGE_CURVE('',#5895,#6190,#7360,.T.);
#5176=EDGE_CURVE('',#6054,#6092,#589,.T.);
#5177=EDGE_CURVE('',#6125,#6243,#7361,.T.);
#5178=EDGE_CURVE('',#6250,#6251,#7362,.T.);
#5179=EDGE_CURVE('',#6251,#6087,#590,.T.);
#5180=EDGE_CURVE('',#6089,#6248,#591,.T.);
#5181=EDGE_CURVE('',#5908,#6031,#592,.T.);
#5182=EDGE_CURVE('',#6032,#5790,#593,.T.);
#5183=EDGE_CURVE('',#5538,#5478,#7363,.T.);
#5184=EDGE_CURVE('',#5533,#6065,#7364,.T.);
#5185=EDGE_CURVE('',#5950,#5559,#594,.T.);
#5186=EDGE_CURVE('',#5948,#5560,#595,.T.);
#5187=EDGE_CURVE('',#5507,#6008,#7365,.T.);
#5188=EDGE_CURVE('',#5508,#6007,#7366,.T.);
#5189=EDGE_CURVE('',#6239,#6242,#107,.T.);
#5190=EDGE_CURVE('',#6227,#5776,#596,.T.);
#5191=EDGE_CURVE('',#6226,#5624,#597,.T.);
#5192=EDGE_CURVE('',#5319,#5904,#108,.T.);
#5193=EDGE_CURVE('',#5717,#5319,#7367,.T.);
#5194=EDGE_CURVE('',#6141,#5920,#598,.T.);
#5195=EDGE_CURVE('',#5987,#6216,#7368,.T.);
#5196=EDGE_CURVE('',#5615,#5992,#7369,.T.);
#5197=EDGE_CURVE('',#6156,#6140,#599,.T.);
#5198=EDGE_CURVE('',#6245,#6047,#600,.T.);
#5199=EDGE_CURVE('',#6030,#5308,#601,.T.);
#5200=EDGE_CURVE('',#5762,#6252,#7370,.T.);
#5201=EDGE_CURVE('',#6252,#6244,#80,.T.);
#5202=EDGE_CURVE('',#5461,#6181,#7371,.T.);
#5203=EDGE_CURVE('',#6232,#6223,#7372,.T.);
#5204=EDGE_CURVE('',#5975,#6251,#7373,.T.);
#5205=EDGE_CURVE('',#6093,#6158,#602,.T.);
#5206=EDGE_CURVE('',#6167,#6240,#603,.T.);
#5207=EDGE_CURVE('',#6105,#6179,#7374,.T.);
#5208=EDGE_CURVE('',#6142,#6253,#7375,.T.);
#5209=EDGE_CURVE('',#6253,#5890,#81,.T.);
#5210=EDGE_CURVE('',#6240,#5930,#7376,.T.);
#5211=EDGE_CURVE('',#5940,#6253,#7377,.T.);
#5212=EDGE_CURVE('',#6192,#5732,#604,.T.);
#5213=EDGE_CURVE('',#5494,#6196,#605,.T.);
#5214=EDGE_CURVE('',#5304,#6153,#7378,.T.);
#5215=EDGE_CURVE('',#5545,#6078,#7379,.T.);
#5216=EDGE_CURVE('',#6111,#6254,#7380,.T.);
#5217=EDGE_CURVE('',#6254,#5937,#7381,.T.);
#5218=EDGE_CURVE('',#6120,#6255,#7382,.T.);
#5219=EDGE_CURVE('',#5570,#6255,#109,.T.);
#5220=EDGE_CURVE('',#6255,#6256,#606,.T.);
#5221=EDGE_CURVE('',#6256,#6112,#7383,.T.);
#5222=EDGE_CURVE('',#6252,#6257,#7384,.T.);
#5223=EDGE_CURVE('',#6257,#5763,#7385,.T.);
#5224=EDGE_CURVE('',#6258,#5987,#7386,.T.);
#5225=EDGE_CURVE('',#6039,#6174,#607,.T.);
#5226=EDGE_CURVE('',#6258,#6137,#608,.T.);
#5227=EDGE_CURVE('',#5407,#5526,#7387,.T.);
#5228=EDGE_CURVE('',#5343,#6019,#7388,.T.);
#5229=EDGE_CURVE('',#5607,#6201,#7389,.T.);
#5230=EDGE_CURVE('',#6195,#5495,#609,.T.);
#5231=EDGE_CURVE('',#5942,#6254,#7390,.T.);
#5232=EDGE_CURVE('',#6237,#5583,#82,.F.);
#5233=EDGE_CURVE('',#6208,#6257,#610,.T.);
#5234=EDGE_CURVE('',#6066,#5453,#7391,.T.);
#5235=EDGE_CURVE('',#6063,#5531,#7392,.T.);
#5236=EDGE_CURVE('',#6060,#5875,#7393,.T.);
#5237=EDGE_CURVE('',#6224,#5481,#7394,.T.);
#5238=EDGE_CURVE('',#6114,#5997,#83,.F.);
#5239=EDGE_CURVE('',#5556,#5575,#84,.F.);
#5240=EDGE_CURVE('',#5555,#5650,#85,.F.);
#5241=EDGE_CURVE('',#5649,#5576,#7395,.T.);
#5242=EDGE_CURVE('',#6229,#5449,#611,.T.);
#5243=EDGE_CURVE('',#6259,#6006,#7396,.T.);
#5244=EDGE_CURVE('',#5509,#6259,#86,.T.);
#5245=EDGE_CURVE('',#6217,#6259,#7397,.T.);
#5246=EDGE_CURVE('',#6260,#6101,#7398,.T.);
#5247=EDGE_CURVE('',#6129,#6260,#110,.T.);
#5248=EDGE_CURVE('',#6026,#6130,#111,.T.);
#5249=EDGE_CURVE('',#6041,#6175,#612,.T.);
#5250=EDGE_CURVE('',#6261,#6203,#7399,.T.);
#5251=EDGE_CURVE('',#6220,#6261,#613,.T.);
#5252=EDGE_CURVE('',#6262,#5824,#7400,.T.);
#5253=EDGE_CURVE('',#6263,#6262,#614,.T.);
#5254=EDGE_CURVE('',#5718,#6263,#7401,.T.);
#5255=EDGE_CURVE('',#6096,#5573,#7402,.T.);
#5256=EDGE_CURVE('',#6094,#5558,#87,.F.);
#5257=EDGE_CURVE('',#5574,#5557,#88,.F.);
#5258=EDGE_CURVE('',#6225,#6105,#7403,.T.);
#5259=EDGE_CURVE('',#5643,#6185,#89,.F.);
#5260=EDGE_CURVE('',#5862,#6133,#90,.T.);
#5261=EDGE_CURVE('',#6002,#6264,#112,.T.);
#5262=EDGE_CURVE('',#5863,#6264,#7404,.T.);
#5263=EDGE_CURVE('',#6265,#5577,#113,.T.);
#5264=EDGE_CURVE('',#6264,#6265,#615,.T.);
#5265=EDGE_CURVE('',#5864,#6265,#7405,.T.);
#5266=EDGE_CURVE('',#5865,#5697,#91,.F.);
#5267=EDGE_CURVE('',#5866,#5636,#7406,.T.);
#5268=EDGE_CURVE('',#6106,#6258,#7407,.T.);
#5269=EDGE_CURVE('',#5867,#5387,#616,.T.);
#5270=EDGE_CURVE('',#5736,#5299,#617,.T.);
#5271=EDGE_CURVE('',#6261,#6236,#7408,.T.);
#5272=EDGE_CURVE('',#6113,#5374,#618,.T.);
#5273=EDGE_CURVE('',#6256,#6186,#7409,.T.);
#5274=EDGE_CURVE('',#5939,#5934,#619,.T.);
#5275=EDGE_CURVE('',#6262,#6027,#7410,.T.);
#5276=EDGE_CURVE('',#6219,#6235,#92,.F.);
#5277=EDGE_CURVE('',#6263,#6132,#114,.T.);
#5278=EDGE_CURVE('',#5580,#6131,#115,.T.);
#5279=EDGE_CURVE('',#5669,#6260,#93,.F.);
#5280=VERTEX_POINT('',#18148);
#5281=VERTEX_POINT('',#18149);
#5282=VERTEX_POINT('',#18151);
#5283=VERTEX_POINT('',#18153);
#5284=VERTEX_POINT('',#18155);
#5285=VERTEX_POINT('',#18157);
#5286=VERTEX_POINT('',#18161);
#5287=VERTEX_POINT('',#18162);
#5288=VERTEX_POINT('',#18164);
#5289=VERTEX_POINT('',#18166);
#5290=VERTEX_POINT('',#18168);
#5291=VERTEX_POINT('',#18170);
#5292=VERTEX_POINT('',#18175);
#5293=VERTEX_POINT('',#18176);
#5294=VERTEX_POINT('',#18178);
#5295=VERTEX_POINT('',#18180);
#5296=VERTEX_POINT('',#18184);
#5297=VERTEX_POINT('',#18185);
#5298=VERTEX_POINT('',#18187);
#5299=VERTEX_POINT('',#18189);
#5300=VERTEX_POINT('',#18193);
#5301=VERTEX_POINT('',#18194);
#5302=VERTEX_POINT('',#18196);
#5303=VERTEX_POINT('',#18198);
#5304=VERTEX_POINT('',#18200);
#5305=VERTEX_POINT('',#18204);
#5306=VERTEX_POINT('',#18205);
#5307=VERTEX_POINT('',#18207);
#5308=VERTEX_POINT('',#18209);
#5309=VERTEX_POINT('',#18211);
#5310=VERTEX_POINT('',#18213);
#5311=VERTEX_POINT('',#18215);
#5312=VERTEX_POINT('',#18219);
#5313=VERTEX_POINT('',#18220);
#5314=VERTEX_POINT('',#18222);
#5315=VERTEX_POINT('',#18224);
#5316=VERTEX_POINT('',#18228);
#5317=VERTEX_POINT('',#18229);
#5318=VERTEX_POINT('',#18231);
#5319=VERTEX_POINT('',#18233);
#5320=VERTEX_POINT('',#18238);
#5321=VERTEX_POINT('',#18240);
#5322=VERTEX_POINT('',#18242);
#5323=VERTEX_POINT('',#18246);
#5324=VERTEX_POINT('',#18247);
#5325=VERTEX_POINT('',#18249);
#5326=VERTEX_POINT('',#18251);
#5327=VERTEX_POINT('',#18255);
#5328=VERTEX_POINT('',#18256);
#5329=VERTEX_POINT('',#18258);
#5330=VERTEX_POINT('',#18260);
#5331=VERTEX_POINT('',#18264);
#5332=VERTEX_POINT('',#18265);
#5333=VERTEX_POINT('',#18267);
#5334=VERTEX_POINT('',#18269);
#5335=VERTEX_POINT('',#18273);
#5336=VERTEX_POINT('',#18274);
#5337=VERTEX_POINT('',#18276);
#5338=VERTEX_POINT('',#18278);
#5339=VERTEX_POINT('',#18280);
#5340=VERTEX_POINT('',#18282);
#5341=VERTEX_POINT('',#18286);
#5342=VERTEX_POINT('',#18287);
#5343=VERTEX_POINT('',#18289);
#5344=VERTEX_POINT('',#18291);
#5345=VERTEX_POINT('',#18293);
#5346=VERTEX_POINT('',#18295);
#5347=VERTEX_POINT('',#18297);
#5348=VERTEX_POINT('',#18299);
#5349=VERTEX_POINT('',#18302);
#5350=VERTEX_POINT('',#18306);
#5351=VERTEX_POINT('',#18307);
#5352=VERTEX_POINT('',#18309);
#5353=VERTEX_POINT('',#18311);
#5354=VERTEX_POINT('',#18313);
#5355=VERTEX_POINT('',#18315);
#5356=VERTEX_POINT('',#18317);
#5357=VERTEX_POINT('',#18319);
#5358=VERTEX_POINT('',#18323);
#5359=VERTEX_POINT('',#18324);
#5360=VERTEX_POINT('',#18326);
#5361=VERTEX_POINT('',#18328);
#5362=VERTEX_POINT('',#18332);
#5363=VERTEX_POINT('',#18334);
#5364=VERTEX_POINT('',#18336);
#5365=VERTEX_POINT('',#18338);
#5366=VERTEX_POINT('',#18342);
#5367=VERTEX_POINT('',#18343);
#5368=VERTEX_POINT('',#18345);
#5369=VERTEX_POINT('',#18347);
#5370=VERTEX_POINT('',#18349);
#5371=VERTEX_POINT('',#18351);
#5372=VERTEX_POINT('',#18355);
#5373=VERTEX_POINT('',#18356);
#5374=VERTEX_POINT('',#18358);
#5375=VERTEX_POINT('',#18360);
#5376=VERTEX_POINT('',#18364);
#5377=VERTEX_POINT('',#18366);
#5378=VERTEX_POINT('',#18368);
#5379=VERTEX_POINT('',#18372);
#5380=VERTEX_POINT('',#18373);
#5381=VERTEX_POINT('',#18375);
#5382=VERTEX_POINT('',#18377);
#5383=VERTEX_POINT('',#18381);
#5384=VERTEX_POINT('',#18382);
#5385=VERTEX_POINT('',#18384);
#5386=VERTEX_POINT('',#18386);
#5387=VERTEX_POINT('',#18388);
#5388=VERTEX_POINT('',#18390);
#5389=VERTEX_POINT('',#18392);
#5390=VERTEX_POINT('',#18394);
#5391=VERTEX_POINT('',#18397);
#5392=VERTEX_POINT('',#18399);
#5393=VERTEX_POINT('',#18401);
#5394=VERTEX_POINT('',#18403);
#5395=VERTEX_POINT('',#18405);
#5396=VERTEX_POINT('',#18407);
#5397=VERTEX_POINT('',#18409);
#5398=VERTEX_POINT('',#18411);
#5399=VERTEX_POINT('',#18413);
#5400=VERTEX_POINT('',#18415);
#5401=VERTEX_POINT('',#18417);
#5402=VERTEX_POINT('',#18419);
#5403=VERTEX_POINT('',#18421);
#5404=VERTEX_POINT('',#18423);
#5405=VERTEX_POINT('',#18425);
#5406=VERTEX_POINT('',#18427);
#5407=VERTEX_POINT('',#18429);
#5408=VERTEX_POINT('',#18431);
#5409=VERTEX_POINT('',#18433);
#5410=VERTEX_POINT('',#18435);
#5411=VERTEX_POINT('',#18437);
#5412=VERTEX_POINT('',#18439);
#5413=VERTEX_POINT('',#18441);
#5414=VERTEX_POINT('',#18443);
#5415=VERTEX_POINT('',#18448);
#5416=VERTEX_POINT('',#18453);
#5417=VERTEX_POINT('',#18454);
#5418=VERTEX_POINT('',#18456);
#5419=VERTEX_POINT('',#18458);
#5420=VERTEX_POINT('',#18462);
#5421=VERTEX_POINT('',#18463);
#5422=VERTEX_POINT('',#18465);
#5423=VERTEX_POINT('',#18467);
#5424=VERTEX_POINT('',#18471);
#5425=VERTEX_POINT('',#18472);
#5426=VERTEX_POINT('',#18474);
#5427=VERTEX_POINT('',#18476);
#5428=VERTEX_POINT('',#18478);
#5429=VERTEX_POINT('',#18480);
#5430=VERTEX_POINT('',#18482);
#5431=VERTEX_POINT('',#18485);
#5432=VERTEX_POINT('',#18489);
#5433=VERTEX_POINT('',#18490);
#5434=VERTEX_POINT('',#18492);
#5435=VERTEX_POINT('',#18494);
#5436=VERTEX_POINT('',#18498);
#5437=VERTEX_POINT('',#18500);
#5438=VERTEX_POINT('',#18504);
#5439=VERTEX_POINT('',#18505);
#5440=VERTEX_POINT('',#18507);
#5441=VERTEX_POINT('',#18509);
#5442=VERTEX_POINT('',#18513);
#5443=VERTEX_POINT('',#18515);
#5444=VERTEX_POINT('',#18517);
#5445=VERTEX_POINT('',#18521);
#5446=VERTEX_POINT('',#18523);
#5447=VERTEX_POINT('',#18525);
#5448=VERTEX_POINT('',#18527);
#5449=VERTEX_POINT('',#18529);
#5450=VERTEX_POINT('',#18531);
#5451=VERTEX_POINT('',#18535);
#5452=VERTEX_POINT('',#18536);
#5453=VERTEX_POINT('',#18538);
#5454=VERTEX_POINT('',#18540);
#5455=VERTEX_POINT('',#18542);
#5456=VERTEX_POINT('',#18561);
#5457=VERTEX_POINT('',#18569);
#5458=VERTEX_POINT('',#18570);
#5459=VERTEX_POINT('',#18572);
#5460=VERTEX_POINT('',#18574);
#5461=VERTEX_POINT('',#18578);
#5462=VERTEX_POINT('',#18579);
#5463=VERTEX_POINT('',#18581);
#5464=VERTEX_POINT('',#18586);
#5465=VERTEX_POINT('',#18587);
#5466=VERTEX_POINT('',#18589);
#5467=VERTEX_POINT('',#18591);
#5468=VERTEX_POINT('',#18595);
#5469=VERTEX_POINT('',#18596);
#5470=VERTEX_POINT('',#18598);
#5471=VERTEX_POINT('',#18600);
#5472=VERTEX_POINT('',#18602);
#5473=VERTEX_POINT('',#18604);
#5474=VERTEX_POINT('',#18606);
#5475=VERTEX_POINT('',#18610);
#5476=VERTEX_POINT('',#18612);
#5477=VERTEX_POINT('',#18614);
#5478=VERTEX_POINT('',#18618);
#5479=VERTEX_POINT('',#18620);
#5480=VERTEX_POINT('',#18622);
#5481=VERTEX_POINT('',#18629);
#5482=VERTEX_POINT('',#18630);
#5483=VERTEX_POINT('',#18632);
#5484=VERTEX_POINT('',#18634);
#5485=VERTEX_POINT('',#18653);
#5486=VERTEX_POINT('',#18654);
#5487=VERTEX_POINT('',#18659);
#5488=VERTEX_POINT('',#18661);
#5489=VERTEX_POINT('',#18665);
#5490=VERTEX_POINT('',#18667);
#5491=VERTEX_POINT('',#18671);
#5492=VERTEX_POINT('',#18673);
#5493=VERTEX_POINT('',#18675);
#5494=VERTEX_POINT('',#18679);
#5495=VERTEX_POINT('',#18680);
#5496=VERTEX_POINT('',#18682);
#5497=VERTEX_POINT('',#18684);
#5498=VERTEX_POINT('',#18688);
#5499=VERTEX_POINT('',#18689);
#5500=VERTEX_POINT('',#18691);
#5501=VERTEX_POINT('',#18693);
#5502=VERTEX_POINT('',#18697);
#5503=VERTEX_POINT('',#18698);
#5504=VERTEX_POINT('',#18700);
#5505=VERTEX_POINT('',#18702);
#5506=VERTEX_POINT('',#18704);
#5507=VERTEX_POINT('',#18706);
#5508=VERTEX_POINT('',#18708);
#5509=VERTEX_POINT('',#18710);
#5510=VERTEX_POINT('',#18712);
#5511=VERTEX_POINT('',#18714);
#5512=VERTEX_POINT('',#18716);
#5513=VERTEX_POINT('',#18718);
#5514=VERTEX_POINT('',#18720);
#5515=VERTEX_POINT('',#18722);
#5516=VERTEX_POINT('',#18724);
#5517=VERTEX_POINT('',#18726);
#5518=VERTEX_POINT('',#18728);
#5519=VERTEX_POINT('',#18730);
#5520=VERTEX_POINT('',#18732);
#5521=VERTEX_POINT('',#18736);
#5522=VERTEX_POINT('',#18738);
#5523=VERTEX_POINT('',#18742);
#5524=VERTEX_POINT('',#18743);
#5525=VERTEX_POINT('',#18745);
#5526=VERTEX_POINT('',#18747);
#5527=VERTEX_POINT('',#18749);
#5528=VERTEX_POINT('',#18751);
#5529=VERTEX_POINT('',#18753);
#5530=VERTEX_POINT('',#18755);
#5531=VERTEX_POINT('',#18759);
#5532=VERTEX_POINT('',#18760);
#5533=VERTEX_POINT('',#18762);
#5534=VERTEX_POINT('',#18764);
#5535=VERTEX_POINT('',#18783);
#5536=VERTEX_POINT('',#18784);
#5537=VERTEX_POINT('',#18786);
#5538=VERTEX_POINT('',#18790);
#5539=VERTEX_POINT('',#18791);
#5540=VERTEX_POINT('',#18796);
#5541=VERTEX_POINT('',#18798);
#5542=VERTEX_POINT('',#18800);
#5543=VERTEX_POINT('',#18804);
#5544=VERTEX_POINT('',#18806);
#5545=VERTEX_POINT('',#18808);
#5546=VERTEX_POINT('',#18813);
#5547=VERTEX_POINT('',#18814);
#5548=VERTEX_POINT('',#18816);
#5549=VERTEX_POINT('',#18818);
#5550=VERTEX_POINT('',#18822);
#5551=VERTEX_POINT('',#18823);
#5552=VERTEX_POINT('',#18825);
#5553=VERTEX_POINT('',#18827);
#5554=VERTEX_POINT('',#18829);
#5555=VERTEX_POINT('',#18833);
#5556=VERTEX_POINT('',#18834);
#5557=VERTEX_POINT('',#18836);
#5558=VERTEX_POINT('',#18838);
#5559=VERTEX_POINT('',#18842);
#5560=VERTEX_POINT('',#18843);
#5561=VERTEX_POINT('',#18847);
#5562=VERTEX_POINT('',#18849);
#5563=VERTEX_POINT('',#18852);
#5564=VERTEX_POINT('',#18854);
#5565=VERTEX_POINT('',#18856);
#5566=VERTEX_POINT('',#18858);
#5567=VERTEX_POINT('',#18860);
#5568=VERTEX_POINT('',#18862);
#5569=VERTEX_POINT('',#18864);
#5570=VERTEX_POINT('',#18866);
#5571=VERTEX_POINT('',#18868);
#5572=VERTEX_POINT('',#18870);
#5573=VERTEX_POINT('',#18872);
#5574=VERTEX_POINT('',#18874);
#5575=VERTEX_POINT('',#18876);
#5576=VERTEX_POINT('',#18878);
#5577=VERTEX_POINT('',#18880);
#5578=VERTEX_POINT('',#18882);
#5579=VERTEX_POINT('',#18884);
#5580=VERTEX_POINT('',#18886);
#5581=VERTEX_POINT('',#18888);
#5582=VERTEX_POINT('',#18890);
#5583=VERTEX_POINT('',#18892);
#5584=VERTEX_POINT('',#18894);
#5585=VERTEX_POINT('',#18901);
#5586=VERTEX_POINT('',#18903);
#5587=VERTEX_POINT('',#18907);
#5588=VERTEX_POINT('',#18908);
#5589=VERTEX_POINT('',#18911);
#5590=VERTEX_POINT('',#18913);
#5591=VERTEX_POINT('',#18917);
#5592=VERTEX_POINT('',#18918);
#5593=VERTEX_POINT('',#18920);
#5594=VERTEX_POINT('',#18922);
#5595=VERTEX_POINT('',#18926);
#5596=VERTEX_POINT('',#18930);
#5597=VERTEX_POINT('',#18931);
#5598=VERTEX_POINT('',#18933);
#5599=VERTEX_POINT('',#18935);
#5600=VERTEX_POINT('',#18937);
#5601=VERTEX_POINT('',#18940);
#5602=VERTEX_POINT('',#18944);
#5603=VERTEX_POINT('',#18945);
#5604=VERTEX_POINT('',#18947);
#5605=VERTEX_POINT('',#18949);
#5606=VERTEX_POINT('',#18956);
#5607=VERTEX_POINT('',#18957);
#5608=VERTEX_POINT('',#18959);
#5609=VERTEX_POINT('',#18961);
#5610=VERTEX_POINT('',#18980);
#5611=VERTEX_POINT('',#18984);
#5612=VERTEX_POINT('',#18985);
#5613=VERTEX_POINT('',#18987);
#5614=VERTEX_POINT('',#18989);
#5615=VERTEX_POINT('',#18993);
#5616=VERTEX_POINT('',#18994);
#5617=VERTEX_POINT('',#18996);
#5618=VERTEX_POINT('',#18998);
#5619=VERTEX_POINT('',#19000);
#5620=VERTEX_POINT('',#19019);
#5621=VERTEX_POINT('',#19020);
#5622=VERTEX_POINT('',#19022);
#5623=VERTEX_POINT('',#19026);
#5624=VERTEX_POINT('',#19028);
#5625=VERTEX_POINT('',#19032);
#5626=VERTEX_POINT('',#19034);
#5627=VERTEX_POINT('',#19038);
#5628=VERTEX_POINT('',#19039);
#5629=VERTEX_POINT('',#19041);
#5630=VERTEX_POINT('',#19043);
#5631=VERTEX_POINT('',#19047);
#5632=VERTEX_POINT('',#19048);
#5633=VERTEX_POINT('',#19051);
#5634=VERTEX_POINT('',#19053);
#5635=VERTEX_POINT('',#19057);
#5636=VERTEX_POINT('',#19059);
#5637=VERTEX_POINT('',#19061);
#5638=VERTEX_POINT('',#19063);
#5639=VERTEX_POINT('',#19065);
#5640=VERTEX_POINT('',#19068);
#5641=VERTEX_POINT('',#19072);
#5642=VERTEX_POINT('',#19073);
#5643=VERTEX_POINT('',#19076);
#5644=VERTEX_POINT('',#19080);
#5645=VERTEX_POINT('',#19084);
#5646=VERTEX_POINT('',#19086);
#5647=VERTEX_POINT('',#19090);
#5648=VERTEX_POINT('',#19091);
#5649=VERTEX_POINT('',#19093);
#5650=VERTEX_POINT('',#19095);
#5651=VERTEX_POINT('',#19120);
#5652=VERTEX_POINT('',#19122);
#5653=VERTEX_POINT('',#19124);
#5654=VERTEX_POINT('',#19126);
#5655=VERTEX_POINT('',#19130);
#5656=VERTEX_POINT('',#19131);
#5657=VERTEX_POINT('',#19133);
#5658=VERTEX_POINT('',#19135);
#5659=VERTEX_POINT('',#19139);
#5660=VERTEX_POINT('',#19140);
#5661=VERTEX_POINT('',#19145);
#5662=VERTEX_POINT('',#19147);
#5663=VERTEX_POINT('',#19149);
#5664=VERTEX_POINT('',#19151);
#5665=VERTEX_POINT('',#19153);
#5666=VERTEX_POINT('',#19155);
#5667=VERTEX_POINT('',#19157);
#5668=VERTEX_POINT('',#19159);
#5669=VERTEX_POINT('',#19161);
#5670=VERTEX_POINT('',#19163);
#5671=VERTEX_POINT('',#19165);
#5672=VERTEX_POINT('',#19167);
#5673=VERTEX_POINT('',#19169);
#5674=VERTEX_POINT('',#19171);
#5675=VERTEX_POINT('',#19173);
#5676=VERTEX_POINT('',#19175);
#5677=VERTEX_POINT('',#19177);
#5678=VERTEX_POINT('',#19179);
#5679=VERTEX_POINT('',#19181);
#5680=VERTEX_POINT('',#19183);
#5681=VERTEX_POINT('',#19185);
#5682=VERTEX_POINT('',#19187);
#5683=VERTEX_POINT('',#19189);
#5684=VERTEX_POINT('',#19191);
#5685=VERTEX_POINT('',#19193);
#5686=VERTEX_POINT('',#19195);
#5687=VERTEX_POINT('',#19197);
#5688=VERTEX_POINT('',#19199);
#5689=VERTEX_POINT('',#19201);
#5690=VERTEX_POINT('',#19203);
#5691=VERTEX_POINT('',#19207);
#5692=VERTEX_POINT('',#19209);
#5693=VERTEX_POINT('',#19211);
#5694=VERTEX_POINT('',#19213);
#5695=VERTEX_POINT('',#19215);
#5696=VERTEX_POINT('',#19218);
#5697=VERTEX_POINT('',#19220);
#5698=VERTEX_POINT('',#19224);
#5699=VERTEX_POINT('',#19225);
#5700=VERTEX_POINT('',#19227);
#5701=VERTEX_POINT('',#19229);
#5702=VERTEX_POINT('',#19231);
#5703=VERTEX_POINT('',#19236);
#5704=VERTEX_POINT('',#19238);
#5705=VERTEX_POINT('',#19240);
#5706=VERTEX_POINT('',#19242);
#5707=VERTEX_POINT('',#19246);
#5708=VERTEX_POINT('',#19247);
#5709=VERTEX_POINT('',#19249);
#5710=VERTEX_POINT('',#19251);
#5711=VERTEX_POINT('',#19253);
#5712=VERTEX_POINT('',#19257);
#5713=VERTEX_POINT('',#19259);
#5714=VERTEX_POINT('',#19261);
#5715=VERTEX_POINT('',#19263);
#5716=VERTEX_POINT('',#19265);
#5717=VERTEX_POINT('',#19269);
#5718=VERTEX_POINT('',#19270);
#5719=VERTEX_POINT('',#19273);
#5720=VERTEX_POINT('',#19275);
#5721=VERTEX_POINT('',#19277);
#5722=VERTEX_POINT('',#19279);
#5723=VERTEX_POINT('',#19281);
#5724=VERTEX_POINT('',#19283);
#5725=VERTEX_POINT('',#19285);
#5726=VERTEX_POINT('',#19287);
#5727=VERTEX_POINT('',#19290);
#5728=VERTEX_POINT('',#19292);
#5729=VERTEX_POINT('',#19294);
#5730=VERTEX_POINT('',#19297);
#5731=VERTEX_POINT('',#19301);
#5732=VERTEX_POINT('',#19304);
#5733=VERTEX_POINT('',#19309);
#5734=VERTEX_POINT('',#19310);
#5735=VERTEX_POINT('',#19315);
#5736=VERTEX_POINT('',#19317);
#5737=VERTEX_POINT('',#19320);
#5738=VERTEX_POINT('',#19322);
#5739=VERTEX_POINT('',#19325);
#5740=VERTEX_POINT('',#19329);
#5741=VERTEX_POINT('',#19330);
#5742=VERTEX_POINT('',#19332);
#5743=VERTEX_POINT('',#19334);
#5744=VERTEX_POINT('',#19338);
#5745=VERTEX_POINT('',#19339);
#5746=VERTEX_POINT('',#19341);
#5747=VERTEX_POINT('',#19343);
#5748=VERTEX_POINT('',#19347);
#5749=VERTEX_POINT('',#19348);
#5750=VERTEX_POINT('',#19350);
#5751=VERTEX_POINT('',#19352);
#5752=VERTEX_POINT('',#19371);
#5753=VERTEX_POINT('',#19376);
#5754=VERTEX_POINT('',#19380);
#5755=VERTEX_POINT('',#19382);
#5756=VERTEX_POINT('',#19388);
#5757=VERTEX_POINT('',#19391);
#5758=VERTEX_POINT('',#19393);
#5759=VERTEX_POINT('',#19395);
#5760=VERTEX_POINT('',#19397);
#5761=VERTEX_POINT('',#19399);
#5762=VERTEX_POINT('',#19403);
#5763=VERTEX_POINT('',#19404);
#5764=VERTEX_POINT('',#19406);
#5765=VERTEX_POINT('',#19408);
#5766=VERTEX_POINT('',#19410);
#5767=VERTEX_POINT('',#19412);
#5768=VERTEX_POINT('',#19416);
#5769=VERTEX_POINT('',#19417);
#5770=VERTEX_POINT('',#19419);
#5771=VERTEX_POINT('',#19421);
#5772=VERTEX_POINT('',#19425);
#5773=VERTEX_POINT('',#19427);
#5774=VERTEX_POINT('',#19431);
#5775=VERTEX_POINT('',#19432);
#5776=VERTEX_POINT('',#19434);
#5777=VERTEX_POINT('',#19436);
#5778=VERTEX_POINT('',#19438);
#5779=VERTEX_POINT('',#19440);
#5780=VERTEX_POINT('',#19444);
#5781=VERTEX_POINT('',#19445);
#5782=VERTEX_POINT('',#19447);
#5783=VERTEX_POINT('',#19449);
#5784=VERTEX_POINT('',#19453);
#5785=VERTEX_POINT('',#19454);
#5786=VERTEX_POINT('',#19456);
#5787=VERTEX_POINT('',#19458);
#5788=VERTEX_POINT('',#19460);
#5789=VERTEX_POINT('',#19462);
#5790=VERTEX_POINT('',#19468);
#5791=VERTEX_POINT('',#19470);
#5792=VERTEX_POINT('',#19474);
#5793=VERTEX_POINT('',#19475);
#5794=VERTEX_POINT('',#19477);
#5795=VERTEX_POINT('',#19479);
#5796=VERTEX_POINT('',#19483);
#5797=VERTEX_POINT('',#19484);
#5798=VERTEX_POINT('',#19489);
#5799=VERTEX_POINT('',#19493);
#5800=VERTEX_POINT('',#19494);
#5801=VERTEX_POINT('',#19496);
#5802=VERTEX_POINT('',#19498);
#5803=VERTEX_POINT('',#19500);
#5804=VERTEX_POINT('',#19504);
#5805=VERTEX_POINT('',#19506);
#5806=VERTEX_POINT('',#19510);
#5807=VERTEX_POINT('',#19514);
#5808=VERTEX_POINT('',#19515);
#5809=VERTEX_POINT('',#19517);
#5810=VERTEX_POINT('',#19519);
#5811=VERTEX_POINT('',#19523);
#5812=VERTEX_POINT('',#19524);
#5813=VERTEX_POINT('',#19527);
#5814=VERTEX_POINT('',#19534);
#5815=VERTEX_POINT('',#19536);
#5816=VERTEX_POINT('',#19540);
#5817=VERTEX_POINT('',#19542);
#5818=VERTEX_POINT('',#19544);
#5819=VERTEX_POINT('',#19546);
#5820=VERTEX_POINT('',#19550);
#5821=VERTEX_POINT('',#19551);
#5822=VERTEX_POINT('',#19553);
#5823=VERTEX_POINT('',#19555);
#5824=VERTEX_POINT('',#19557);
#5825=VERTEX_POINT('',#19561);
#5826=VERTEX_POINT('',#19562);
#5827=VERTEX_POINT('',#19565);
#5828=VERTEX_POINT('',#19567);
#5829=VERTEX_POINT('',#19569);
#5830=VERTEX_POINT('',#19573);
#5831=VERTEX_POINT('',#19577);
#5832=VERTEX_POINT('',#19578);
#5833=VERTEX_POINT('',#19580);
#5834=VERTEX_POINT('',#19582);
#5835=VERTEX_POINT('',#19586);
#5836=VERTEX_POINT('',#19587);
#5837=VERTEX_POINT('',#19589);
#5838=VERTEX_POINT('',#19591);
#5839=VERTEX_POINT('',#19595);
#5840=VERTEX_POINT('',#19597);
#5841=VERTEX_POINT('',#19601);
#5842=VERTEX_POINT('',#19603);
#5843=VERTEX_POINT('',#19605);
#5844=VERTEX_POINT('',#19612);
#5845=VERTEX_POINT('',#19613);
#5846=VERTEX_POINT('',#19615);
#5847=VERTEX_POINT('',#19621);
#5848=VERTEX_POINT('',#19623);
#5849=VERTEX_POINT('',#19627);
#5850=VERTEX_POINT('',#19628);
#5851=VERTEX_POINT('',#19630);
#5852=VERTEX_POINT('',#19632);
#5853=VERTEX_POINT('',#19636);
#5854=VERTEX_POINT('',#19638);
#5855=VERTEX_POINT('',#19642);
#5856=VERTEX_POINT('',#19643);
#5857=VERTEX_POINT('',#19645);
#5858=VERTEX_POINT('',#19647);
#5859=VERTEX_POINT('',#19651);
#5860=VERTEX_POINT('',#19653);
#5861=VERTEX_POINT('',#19657);
#5862=VERTEX_POINT('',#19659);
#5863=VERTEX_POINT('',#19664);
#5864=VERTEX_POINT('',#19666);
#5865=VERTEX_POINT('',#19671);
#5866=VERTEX_POINT('',#19675);
#5867=VERTEX_POINT('',#19677);
#5868=VERTEX_POINT('',#19679);
#5869=VERTEX_POINT('',#19681);
#5870=VERTEX_POINT('',#19683);
#5871=VERTEX_POINT('',#19685);
#5872=VERTEX_POINT('',#19688);
#5873=VERTEX_POINT('',#19692);
#5874=VERTEX_POINT('',#19694);
#5875=VERTEX_POINT('',#19698);
#5876=VERTEX_POINT('',#19709);
#5877=VERTEX_POINT('',#19713);
#5878=VERTEX_POINT('',#19715);
#5879=VERTEX_POINT('',#19719);
#5880=VERTEX_POINT('',#19721);
#5881=VERTEX_POINT('',#19723);
#5882=VERTEX_POINT('',#19725);
#5883=VERTEX_POINT('',#19729);
#5884=VERTEX_POINT('',#19731);
#5885=VERTEX_POINT('',#19735);
#5886=VERTEX_POINT('',#19737);
#5887=VERTEX_POINT('',#19741);
#5888=VERTEX_POINT('',#19742);
#5889=VERTEX_POINT('',#19744);
#5890=VERTEX_POINT('',#19746);
#5891=VERTEX_POINT('',#19750);
#5892=VERTEX_POINT('',#19754);
#5893=VERTEX_POINT('',#19755);
#5894=VERTEX_POINT('',#19757);
#5895=VERTEX_POINT('',#19759);
#5896=VERTEX_POINT('',#19763);
#5897=VERTEX_POINT('',#19765);
#5898=VERTEX_POINT('',#19769);
#5899=VERTEX_POINT('',#19770);
#5900=VERTEX_POINT('',#19775);
#5901=VERTEX_POINT('',#19777);
#5902=VERTEX_POINT('',#19781);
#5903=VERTEX_POINT('',#19783);
#5904=VERTEX_POINT('',#19787);
#5905=VERTEX_POINT('',#19791);
#5906=VERTEX_POINT('',#19795);
#5907=VERTEX_POINT('',#19799);
#5908=VERTEX_POINT('',#19800);
#5909=VERTEX_POINT('',#19802);
#5910=VERTEX_POINT('',#19804);
#5911=VERTEX_POINT('',#19806);
#5912=VERTEX_POINT('',#19809);
#5913=VERTEX_POINT('',#19811);
#5914=VERTEX_POINT('',#19813);
#5915=VERTEX_POINT('',#19815);
#5916=VERTEX_POINT('',#19817);
#5917=VERTEX_POINT('',#19819);
#5918=VERTEX_POINT('',#19824);
#5919=VERTEX_POINT('',#19825);
#5920=VERTEX_POINT('',#19827);
#5921=VERTEX_POINT('',#19831);
#5922=VERTEX_POINT('',#19835);
#5923=VERTEX_POINT('',#19839);
#5924=VERTEX_POINT('',#19846);
#5925=VERTEX_POINT('',#19847);
#5926=VERTEX_POINT('',#19849);
#5927=VERTEX_POINT('',#19851);
#5928=VERTEX_POINT('',#19870);
#5929=VERTEX_POINT('',#19871);
#5930=VERTEX_POINT('',#19873);
#5931=VERTEX_POINT('',#19875);
#5932=VERTEX_POINT('',#19882);
#5933=VERTEX_POINT('',#19884);
#5934=VERTEX_POINT('',#19889);
#5935=VERTEX_POINT('',#19894);
#5936=VERTEX_POINT('',#19895);
#5937=VERTEX_POINT('',#19897);
#5938=VERTEX_POINT('',#19899);
#5939=VERTEX_POINT('',#19903);
#5940=VERTEX_POINT('',#19910);
#5941=VERTEX_POINT('',#19912);
#5942=VERTEX_POINT('',#19916);
#5943=VERTEX_POINT('',#19917);
#5944=VERTEX_POINT('',#19919);
#5945=VERTEX_POINT('',#19921);
#5946=VERTEX_POINT('',#19925);
#5947=VERTEX_POINT('',#19927);
#5948=VERTEX_POINT('',#19931);
#5949=VERTEX_POINT('',#19932);
#5950=VERTEX_POINT('',#19934);
#5951=VERTEX_POINT('',#19936);
#5952=VERTEX_POINT('',#19939);
#5953=VERTEX_POINT('',#19943);
#5954=VERTEX_POINT('',#19947);
#5955=VERTEX_POINT('',#19949);
#5956=VERTEX_POINT('',#19951);
#5957=VERTEX_POINT('',#19958);
#5958=VERTEX_POINT('',#19960);
#5959=VERTEX_POINT('',#19970);
#5960=VERTEX_POINT('',#19972);
#5961=VERTEX_POINT('',#19974);
#5962=VERTEX_POINT('',#19976);
#5963=VERTEX_POINT('',#19979);
#5964=VERTEX_POINT('',#19981);
#5965=VERTEX_POINT('',#19984);
#5966=VERTEX_POINT('',#19986);
#5967=VERTEX_POINT('',#19990);
#5968=VERTEX_POINT('',#19994);
#5969=VERTEX_POINT('',#19995);
#5970=VERTEX_POINT('',#19997);
#5971=VERTEX_POINT('',#19999);
#5972=VERTEX_POINT('',#20003);
#5973=VERTEX_POINT('',#20007);
#5974=VERTEX_POINT('',#20009);
#5975=VERTEX_POINT('',#20012);
#5976=VERTEX_POINT('',#20014);
#5977=VERTEX_POINT('',#20016);
#5978=VERTEX_POINT('',#20018);
#5979=VERTEX_POINT('',#20020);
#5980=VERTEX_POINT('',#20024);
#5981=VERTEX_POINT('',#20025);
#5982=VERTEX_POINT('',#20031);
#5983=VERTEX_POINT('',#20035);
#5984=VERTEX_POINT('',#20036);
#5985=VERTEX_POINT('',#20041);
#5986=VERTEX_POINT('',#20042);
#5987=VERTEX_POINT('',#20047);
#5988=VERTEX_POINT('',#20048);
#5989=VERTEX_POINT('',#20050);
#5990=VERTEX_POINT('',#20052);
#5991=VERTEX_POINT('',#20054);
#5992=VERTEX_POINT('',#20056);
#5993=VERTEX_POINT('',#20060);
#5994=VERTEX_POINT('',#20062);
#5995=VERTEX_POINT('',#20066);
#5996=VERTEX_POINT('',#20067);
#5997=VERTEX_POINT('',#20069);
#5998=VERTEX_POINT('',#20072);
#5999=VERTEX_POINT('',#20074);
#6000=VERTEX_POINT('',#20079);
#6001=VERTEX_POINT('',#20081);
#6002=VERTEX_POINT('',#20085);
#6003=VERTEX_POINT('',#20086);
#6004=VERTEX_POINT('',#20088);
#6005=VERTEX_POINT('',#20090);
#6006=VERTEX_POINT('',#20092);
#6007=VERTEX_POINT('',#20094);
#6008=VERTEX_POINT('',#20096);
#6009=VERTEX_POINT('',#20098);
#6010=VERTEX_POINT('',#20100);
#6011=VERTEX_POINT('',#20103);
#6012=VERTEX_POINT('',#20110);
#6013=VERTEX_POINT('',#20111);
#6014=VERTEX_POINT('',#20116);
#6015=VERTEX_POINT('',#20118);
#6016=VERTEX_POINT('',#20120);
#6017=VERTEX_POINT('',#20122);
#6018=VERTEX_POINT('',#20128);
#6019=VERTEX_POINT('',#20129);
#6020=VERTEX_POINT('',#20131);
#6021=VERTEX_POINT('',#20134);
#6022=VERTEX_POINT('',#20139);
#6023=VERTEX_POINT('',#20143);
#6024=VERTEX_POINT('',#20145);
#6025=VERTEX_POINT('',#20149);
#6026=VERTEX_POINT('',#20150);
#6027=VERTEX_POINT('',#20152);
#6028=VERTEX_POINT('',#20154);
#6029=VERTEX_POINT('',#20161);
#6030=VERTEX_POINT('',#20163);
#6031=VERTEX_POINT('',#20169);
#6032=VERTEX_POINT('',#20171);
#6033=VERTEX_POINT('',#20175);
#6034=VERTEX_POINT('',#20179);
#6035=VERTEX_POINT('',#20183);
#6036=VERTEX_POINT('',#20197);
#6037=VERTEX_POINT('',#20199);
#6038=VERTEX_POINT('',#20203);
#6039=VERTEX_POINT('',#20204);
#6040=VERTEX_POINT('',#20206);
#6041=VERTEX_POINT('',#20208);
#6042=VERTEX_POINT('',#20212);
#6043=VERTEX_POINT('',#20213);
#6044=VERTEX_POINT('',#20215);
#6045=VERTEX_POINT('',#20217);
#6046=VERTEX_POINT('',#20223);
#6047=VERTEX_POINT('',#20225);
#6048=VERTEX_POINT('',#20228);
#6049=VERTEX_POINT('',#20232);
#6050=VERTEX_POINT('',#20234);
#6051=VERTEX_POINT('',#20238);
#6052=VERTEX_POINT('',#20249);
#6053=VERTEX_POINT('',#20253);
#6054=VERTEX_POINT('',#20254);
#6055=VERTEX_POINT('',#20256);
#6056=VERTEX_POINT('',#20258);
#6057=VERTEX_POINT('',#20262);
#6058=VERTEX_POINT('',#20267);
#6059=VERTEX_POINT('',#20271);
#6060=VERTEX_POINT('',#20273);
#6061=VERTEX_POINT('',#20275);
#6062=VERTEX_POINT('',#20279);
#6063=VERTEX_POINT('',#20281);
#6064=VERTEX_POINT('',#20283);
#6065=VERTEX_POINT('',#20287);
#6066=VERTEX_POINT('',#20289);
#6067=VERTEX_POINT('',#20310);
#6068=VERTEX_POINT('',#20312);
#6069=VERTEX_POINT('',#20314);
#6070=VERTEX_POINT('',#20319);
#6071=VERTEX_POINT('',#20323);
#6072=VERTEX_POINT('',#20325);
#6073=VERTEX_POINT('',#20330);
#6074=VERTEX_POINT('',#20334);
#6075=VERTEX_POINT('',#20338);
#6076=VERTEX_POINT('',#20340);
#6077=VERTEX_POINT('',#20353);
#6078=VERTEX_POINT('',#20357);
#6079=VERTEX_POINT('',#20359);
#6080=VERTEX_POINT('',#20361);
#6081=VERTEX_POINT('',#20368);
#6082=VERTEX_POINT('',#20369);
#6083=VERTEX_POINT('',#20374);
#6084=VERTEX_POINT('',#20378);
#6085=VERTEX_POINT('',#20380);
#6086=VERTEX_POINT('',#20384);
#6087=VERTEX_POINT('',#20388);
#6088=VERTEX_POINT('',#20390);
#6089=VERTEX_POINT('',#20392);
#6090=VERTEX_POINT('',#20396);
#6091=VERTEX_POINT('',#20397);
#6092=VERTEX_POINT('',#20401);
#6093=VERTEX_POINT('',#20403);
#6094=VERTEX_POINT('',#20408);
#6095=VERTEX_POINT('',#20409);
#6096=VERTEX_POINT('',#20411);
#6097=VERTEX_POINT('',#20413);
#6098=VERTEX_POINT('',#20415);
#6099=VERTEX_POINT('',#20421);
#6100=VERTEX_POINT('',#20424);
#6101=VERTEX_POINT('',#20427);
#6102=VERTEX_POINT('',#20431);
#6103=VERTEX_POINT('',#20438);
#6104=VERTEX_POINT('',#20439);
#6105=VERTEX_POINT('',#20442);
#6106=VERTEX_POINT('',#20449);
#6107=VERTEX_POINT('',#20451);
#6108=VERTEX_POINT('',#20462);
#6109=VERTEX_POINT('',#20464);
#6110=VERTEX_POINT('',#20470);
#6111=VERTEX_POINT('',#20514);
#6112=VERTEX_POINT('',#20523);
#6113=VERTEX_POINT('',#20524);
#6114=VERTEX_POINT('',#20526);
#6115=VERTEX_POINT('',#20528);
#6116=VERTEX_POINT('',#20530);
#6117=VERTEX_POINT('',#20532);
#6118=VERTEX_POINT('',#20537);
#6119=VERTEX_POINT('',#20539);
#6120=VERTEX_POINT('',#20546);
#6121=VERTEX_POINT('',#20551);
#6122=VERTEX_POINT('',#20556);
#6123=VERTEX_POINT('',#20558);
#6124=VERTEX_POINT('',#20562);
#6125=VERTEX_POINT('',#20566);
#6126=VERTEX_POINT('',#20568);
#6127=VERTEX_POINT('',#20570);
#6128=VERTEX_POINT('',#20574);
#6129=VERTEX_POINT('',#20578);
#6130=VERTEX_POINT('',#20579);
#6131=VERTEX_POINT('',#20581);
#6132=VERTEX_POINT('',#20583);
#6133=VERTEX_POINT('',#20588);
#6134=VERTEX_POINT('',#20592);
#6135=VERTEX_POINT('',#20596);
#6136=VERTEX_POINT('',#20600);
#6137=VERTEX_POINT('',#20604);
#6138=VERTEX_POINT('',#20612);
#6139=VERTEX_POINT('',#20613);
#6140=VERTEX_POINT('',#20615);
#6141=VERTEX_POINT('',#20617);
#6142=VERTEX_POINT('',#20621);
#6143=VERTEX_POINT('',#20623);
#6144=VERTEX_POINT('',#20625);
#6145=VERTEX_POINT('',#20627);
#6146=VERTEX_POINT('',#20635);
#6147=VERTEX_POINT('',#20637);
#6148=VERTEX_POINT('',#20646);
#6149=VERTEX_POINT('',#20648);
#6150=VERTEX_POINT('',#20652);
#6151=VERTEX_POINT('',#20653);
#6152=VERTEX_POINT('',#20655);
#6153=VERTEX_POINT('',#20657);
#6154=VERTEX_POINT('',#20659);
#6155=VERTEX_POINT('',#20663);
#6156=VERTEX_POINT('',#20665);
#6157=VERTEX_POINT('',#20669);
#6158=VERTEX_POINT('',#20671);
#6159=VERTEX_POINT('',#20674);
#6160=VERTEX_POINT('',#20679);
#6161=VERTEX_POINT('',#20682);
#6162=VERTEX_POINT('',#20690);
#6163=VERTEX_POINT('',#20693);
#6164=VERTEX_POINT('',#20695);
#6165=VERTEX_POINT('',#20697);
#6166=VERTEX_POINT('',#20707);
#6167=VERTEX_POINT('',#20708);
#6168=VERTEX_POINT('',#20713);
#6169=VERTEX_POINT('',#20715);
#6170=VERTEX_POINT('',#20720);
#6171=VERTEX_POINT('',#20722);
#6172=VERTEX_POINT('',#20726);
#6173=VERTEX_POINT('',#20728);
#6174=VERTEX_POINT('',#20736);
#6175=VERTEX_POINT('',#20738);
#6176=VERTEX_POINT('',#20742);
#6177=VERTEX_POINT('',#20746);
#6178=VERTEX_POINT('',#20752);
#6179=VERTEX_POINT('',#20759);
#6180=VERTEX_POINT('',#20761);
#6181=VERTEX_POINT('',#20765);
#6182=VERTEX_POINT('',#20767);
#6183=VERTEX_POINT('',#20769);
#6184=VERTEX_POINT('',#20774);
#6185=VERTEX_POINT('',#20776);
#6186=VERTEX_POINT('',#20781);
#6187=VERTEX_POINT('',#20783);
#6188=VERTEX_POINT('',#20785);
#6189=VERTEX_POINT('',#20793);
#6190=VERTEX_POINT('',#20799);
#6191=VERTEX_POINT('',#20804);
#6192=VERTEX_POINT('',#20808);
#6193=VERTEX_POINT('',#20813);
#6194=VERTEX_POINT('',#20816);
#6195=VERTEX_POINT('',#20818);
#6196=VERTEX_POINT('',#20820);
#6197=VERTEX_POINT('',#20827);
#6198=VERTEX_POINT('',#20836);
#6199=VERTEX_POINT('',#20837);
#6200=VERTEX_POINT('',#20839);
#6201=VERTEX_POINT('',#20841);
#6202=VERTEX_POINT('',#20853);
#6203=VERTEX_POINT('',#20855);
#6204=VERTEX_POINT('',#20859);
#6205=VERTEX_POINT('',#20861);
#6206=VERTEX_POINT('',#20871);
#6207=VERTEX_POINT('',#20884);
#6208=VERTEX_POINT('',#20897);
#6209=VERTEX_POINT('',#20904);
#6210=VERTEX_POINT('',#20905);
#6211=VERTEX_POINT('',#20910);
#6212=VERTEX_POINT('',#20914);
#6213=VERTEX_POINT('',#20916);
#6214=VERTEX_POINT('',#20934);
#6215=VERTEX_POINT('',#20939);
#6216=VERTEX_POINT('',#20943);
#6217=VERTEX_POINT('',#20950);
#6218=VERTEX_POINT('',#20960);
#6219=VERTEX_POINT('',#20964);
#6220=VERTEX_POINT('',#20966);
#6221=VERTEX_POINT('',#20976);
#6222=VERTEX_POINT('',#20978);
#6223=VERTEX_POINT('',#20990);
#6224=VERTEX_POINT('',#20991);
#6225=VERTEX_POINT('',#20996);
#6226=VERTEX_POINT('',#21004);
#6227=VERTEX_POINT('',#21009);
#6228=VERTEX_POINT('',#21012);
#6229=VERTEX_POINT('',#21022);
#6230=VERTEX_POINT('',#21027);
#6231=VERTEX_POINT('',#21054);
#6232=VERTEX_POINT('',#21061);
#6233=VERTEX_POINT('',#21065);
#6234=VERTEX_POINT('',#21070);
#6235=VERTEX_POINT('',#21079);
#6236=VERTEX_POINT('',#21081);
#6237=VERTEX_POINT('',#21093);
#6238=VERTEX_POINT('',#21095);
#6239=VERTEX_POINT('',#21103);
#6240=VERTEX_POINT('',#21110);
#6241=VERTEX_POINT('',#21118);
#6242=VERTEX_POINT('',#21128);
#6243=VERTEX_POINT('',#21134);
#6244=VERTEX_POINT('',#21149);
#6245=VERTEX_POINT('',#21158);
#6246=VERTEX_POINT('',#21162);
#6247=VERTEX_POINT('',#21168);
#6248=VERTEX_POINT('',#21195);
#6249=VERTEX_POINT('',#21196);
#6250=VERTEX_POINT('',#21201);
#6251=VERTEX_POINT('',#21216);
#6252=VERTEX_POINT('',#21281);
#6253=VERTEX_POINT('',#21315);
#6254=VERTEX_POINT('',#21333);
#6255=VERTEX_POINT('',#21339);
#6256=VERTEX_POINT('',#21346);
#6257=VERTEX_POINT('',#21350);
#6258=VERTEX_POINT('',#21354);
#6259=VERTEX_POINT('',#21411);
#6260=VERTEX_POINT('',#21417);
#6261=VERTEX_POINT('',#21437);
#6262=VERTEX_POINT('',#21440);
#6263=VERTEX_POINT('',#21442);
#6264=VERTEX_POINT('',#21488);
#6265=VERTEX_POINT('',#21495);
#6266=LINE('',#18147,#7411);
#6267=LINE('',#18150,#7412);
#6268=LINE('',#18152,#7413);
#6269=LINE('',#18154,#7414);
#6270=LINE('',#18156,#7415);
#6271=LINE('',#18158,#7416);
#6272=LINE('',#18160,#7417);
#6273=LINE('',#18163,#7418);
#6274=LINE('',#18165,#7419);
#6275=LINE('',#18167,#7420);
#6276=LINE('',#18169,#7421);
#6277=LINE('',#18171,#7422);
#6278=LINE('',#18172,#7423);
#6279=LINE('',#18174,#7424);
#6280=LINE('',#18177,#7425);
#6281=LINE('',#18179,#7426);
#6282=LINE('',#18181,#7427);
#6283=LINE('',#18183,#7428);
#6284=LINE('',#18186,#7429);
#6285=LINE('',#18188,#7430);
#6286=LINE('',#18190,#7431);
#6287=LINE('',#18192,#7432);
#6288=LINE('',#18197,#7433);
#6289=LINE('',#18199,#7434);
#6290=LINE('',#18201,#7435);
#6291=LINE('',#18203,#7436);
#6292=LINE('',#18206,#7437);
#6293=LINE('',#18208,#7438);
#6294=LINE('',#18210,#7439);
#6295=LINE('',#18212,#7440);
#6296=LINE('',#18214,#7441);
#6297=LINE('',#18216,#7442);
#6298=LINE('',#18218,#7443);
#6299=LINE('',#18223,#7444);
#6300=LINE('',#18227,#7445);
#6301=LINE('',#18232,#7446);
#6302=LINE('',#18245,#7447);
#6303=LINE('',#18250,#7448);
#6304=LINE('',#18257,#7449);
#6305=LINE('',#18261,#7450);
#6306=LINE('',#18263,#7451);
#6307=LINE('',#18268,#7452);
#6308=LINE('',#18272,#7453);
#6309=LINE('',#18275,#7454);
#6310=LINE('',#18277,#7455);
#6311=LINE('',#18281,#7456);
#6312=LINE('',#18285,#7457);
#6313=LINE('',#18288,#7458);
#6314=LINE('',#18290,#7459);
#6315=LINE('',#18292,#7460);
#6316=LINE('',#18294,#7461);
#6317=LINE('',#18296,#7462);
#6318=LINE('',#18298,#7463);
#6319=LINE('',#18300,#7464);
#6320=LINE('',#18301,#7465);
#6321=LINE('',#18303,#7466);
#6322=LINE('',#18305,#7467);
#6323=LINE('',#18308,#7468);
#6324=LINE('',#18310,#7469);
#6325=LINE('',#18312,#7470);
#6326=LINE('',#18314,#7471);
#6327=LINE('',#18316,#7472);
#6328=LINE('',#18318,#7473);
#6329=LINE('',#18320,#7474);
#6330=LINE('',#18322,#7475);
#6331=LINE('',#18327,#7476);
#6332=LINE('',#18331,#7477);
#6333=LINE('',#18333,#7478);
#6334=LINE('',#18335,#7479);
#6335=LINE('',#18337,#7480);
#6336=LINE('',#18339,#7481);
#6337=LINE('',#18344,#7482);
#6338=LINE('',#18348,#7483);
#6339=LINE('',#18350,#7484);
#6340=LINE('',#18352,#7485);
#6341=LINE('',#18354,#7486);
#6342=LINE('',#18357,#7487);
#6343=LINE('',#18359,#7488);
#6344=LINE('',#18361,#7489);
#6345=LINE('',#18365,#7490);
#6346=LINE('',#18369,#7491);
#6347=LINE('',#18371,#7492);
#6348=LINE('',#18376,#7493);
#6349=LINE('',#18380,#7494);
#6350=LINE('',#18383,#7495);
#6351=LINE('',#18385,#7496);
#6352=LINE('',#18387,#7497);
#6353=LINE('',#18389,#7498);
#6354=LINE('',#18391,#7499);
#6355=LINE('',#18393,#7500);
#6356=LINE('',#18395,#7501);
#6357=LINE('',#18396,#7502);
#6358=LINE('',#18398,#7503);
#6359=LINE('',#18400,#7504);
#6360=LINE('',#18404,#7505);
#6361=LINE('',#18408,#7506);
#6362=LINE('',#18412,#7507);
#6363=LINE('',#18416,#7508);
#6364=LINE('',#18420,#7509);
#6365=LINE('',#18424,#7510);
#6366=LINE('',#18428,#7511);
#6367=LINE('',#18432,#7512);
#6368=LINE('',#18434,#7513);
#6369=LINE('',#18438,#7514);
#6370=LINE('',#18442,#7515);
#6371=LINE('',#18449,#7516);
#6372=LINE('',#18450,#7517);
#6373=LINE('',#18452,#7518);
#6374=LINE('',#18457,#7519);
#6375=LINE('',#18461,#7520);
#6376=LINE('',#18464,#7521);
#6377=LINE('',#18466,#7522);
#6378=LINE('',#18468,#7523);
#6379=LINE('',#18470,#7524);
#6380=LINE('',#18473,#7525);
#6381=LINE('',#18475,#7526);
#6382=LINE('',#18477,#7527);
#6383=LINE('',#18481,#7528);
#6384=LINE('',#18484,#7529);
#6385=LINE('',#18486,#7530);
#6386=LINE('',#18488,#7531);
#6387=LINE('',#18493,#7532);
#6388=LINE('',#18497,#7533);
#6389=LINE('',#18501,#7534);
#6390=LINE('',#18503,#7535);
#6391=LINE('',#18508,#7536);
#6392=LINE('',#18516,#7537);
#6393=LINE('',#18522,#7538);
#6394=LINE('',#18526,#7539);
#6395=LINE('',#18528,#7540);
#6396=LINE('',#18530,#7541);
#6397=LINE('',#18532,#7542);
#6398=LINE('',#18534,#7543);
#6399=LINE('',#18537,#7544);
#6400=LINE('',#18539,#7545);
#6401=LINE('',#18541,#7546);
#6402=LINE('',#18543,#7547);
#6403=LINE('',#18568,#7548);
#6404=LINE('',#18571,#7549);
#6405=LINE('',#18573,#7550);
#6406=LINE('',#18575,#7551);
#6407=LINE('',#18580,#7552);
#6408=LINE('',#18583,#7553);
#6409=LINE('',#18585,#7554);
#6410=LINE('',#18588,#7555);
#6411=LINE('',#18590,#7556);
#6412=LINE('',#18592,#7557);
#6413=LINE('',#18594,#7558);
#6414=LINE('',#18599,#7559);
#6415=LINE('',#18601,#7560);
#6416=LINE('',#18603,#7561);
#6417=LINE('',#18605,#7562);
#6418=LINE('',#18609,#7563);
#6419=LINE('',#18613,#7564);
#6420=LINE('',#18615,#7565);
#6421=LINE('',#18621,#7566);
#6422=LINE('',#18628,#7567);
#6423=LINE('',#18631,#7568);
#6424=LINE('',#18633,#7569);
#6425=LINE('',#18635,#7570);
#6426=LINE('',#18664,#7571);
#6427=LINE('',#18666,#7572);
#6428=LINE('',#18668,#7573);
#6429=LINE('',#18670,#7574);
#6430=LINE('',#18672,#7575);
#6431=LINE('',#18674,#7576);
#6432=LINE('',#18678,#7577);
#6433=LINE('',#18683,#7578);
#6434=LINE('',#18687,#7579);
#6435=LINE('',#18690,#7580);
#6436=LINE('',#18692,#7581);
#6437=LINE('',#18694,#7582);
#6438=LINE('',#18699,#7583);
#6439=LINE('',#18707,#7584);
#6440=LINE('',#18711,#7585);
#6441=LINE('',#18715,#7586);
#6442=LINE('',#18717,#7587);
#6443=LINE('',#18719,#7588);
#6444=LINE('',#18721,#7589);
#6445=LINE('',#18723,#7590);
#6446=LINE('',#18725,#7591);
#6447=LINE('',#18729,#7592);
#6448=LINE('',#18733,#7593);
#6449=LINE('',#18737,#7594);
#6450=LINE('',#18739,#7595);
#6451=LINE('',#18741,#7596);
#6452=LINE('',#18744,#7597);
#6453=LINE('',#18748,#7598);
#6454=LINE('',#18752,#7599);
#6455=LINE('',#18754,#7600);
#6456=LINE('',#18756,#7601);
#6457=LINE('',#18758,#7602);
#6458=LINE('',#18763,#7603);
#6459=LINE('',#18797,#7604);
#6460=LINE('',#18801,#7605);
#6461=LINE('',#18803,#7606);
#6462=LINE('',#18805,#7607);
#6463=LINE('',#18807,#7608);
#6464=LINE('',#18809,#7609);
#6465=LINE('',#18810,#7610);
#6466=LINE('',#18812,#7611);
#6467=LINE('',#18815,#7612);
#6468=LINE('',#18817,#7613);
#6469=LINE('',#18819,#7614);
#6470=LINE('',#18821,#7615);
#6471=LINE('',#18826,#7616);
#6472=LINE('',#18828,#7617);
#6473=LINE('',#18830,#7618);
#6474=LINE('',#18832,#7619);
#6475=LINE('',#18835,#7620);
#6476=LINE('',#18837,#7621);
#6477=LINE('',#18839,#7622);
#6478=LINE('',#18841,#7623);
#6479=LINE('',#18844,#7624);
#6480=LINE('',#18845,#7625);
#6481=LINE('',#18846,#7626);
#6482=LINE('',#18848,#7627);
#6483=LINE('',#18850,#7628);
#6484=LINE('',#18851,#7629);
#6485=LINE('',#18855,#7630);
#6486=LINE('',#18859,#7631);
#6487=LINE('',#18863,#7632);
#6488=LINE('',#18867,#7633);
#6489=LINE('',#18869,#7634);
#6490=LINE('',#18875,#7635);
#6491=LINE('',#18881,#7636);
#6492=LINE('',#18883,#7637);
#6493=LINE('',#18885,#7638);
#6494=LINE('',#18891,#7639);
#6495=LINE('',#18897,#7640);
#6496=LINE('',#18898,#7641);
#6497=LINE('',#18900,#7642);
#6498=LINE('',#18904,#7643);
#6499=LINE('',#18906,#7644);
#6500=LINE('',#18909,#7645);
#6501=LINE('',#18910,#7646);
#6502=LINE('',#18912,#7647);
#6503=LINE('',#18914,#7648);
#6504=LINE('',#18916,#7649);
#6505=LINE('',#18919,#7650);
#6506=LINE('',#18921,#7651);
#6507=LINE('',#18923,#7652);
#6508=LINE('',#18925,#7653);
#6509=LINE('',#18927,#7654);
#6510=LINE('',#18929,#7655);
#6511=LINE('',#18934,#7656);
#6512=LINE('',#18936,#7657);
#6513=LINE('',#18938,#7658);
#6514=LINE('',#18939,#7659);
#6515=LINE('',#18943,#7660);
#6516=LINE('',#18948,#7661);
#6517=LINE('',#18952,#7662);
#6518=LINE('',#18953,#7663);
#6519=LINE('',#18955,#7664);
#6520=LINE('',#18958,#7665);
#6521=LINE('',#18960,#7666);
#6522=LINE('',#18962,#7667);
#6523=LINE('',#18983,#7668);
#6524=LINE('',#18986,#7669);
#6525=LINE('',#18988,#7670);
#6526=LINE('',#18990,#7671);
#6527=LINE('',#18992,#7672);
#6528=LINE('',#18997,#7673);
#6529=LINE('',#19025,#7674);
#6530=LINE('',#19027,#7675);
#6531=LINE('',#19029,#7676);
#6532=LINE('',#19031,#7677);
#6533=LINE('',#19033,#7678);
#6534=LINE('',#19037,#7679);
#6535=LINE('',#19040,#7680);
#6536=LINE('',#19042,#7681);
#6537=LINE('',#19044,#7682);
#6538=LINE('',#19046,#7683);
#6539=LINE('',#19052,#7684);
#6540=LINE('',#19054,#7685);
#6541=LINE('',#19056,#7686);
#6542=LINE('',#19060,#7687);
#6543=LINE('',#19064,#7688);
#6544=LINE('',#19067,#7689);
#6545=LINE('',#19071,#7690);
#6546=LINE('',#19075,#7691);
#6547=LINE('',#19077,#7692);
#6548=LINE('',#19078,#7693);
#6549=LINE('',#19079,#7694);
#6550=LINE('',#19083,#7695);
#6551=LINE('',#19087,#7696);
#6552=LINE('',#19089,#7697);
#6553=LINE('',#19092,#7698);
#6554=LINE('',#19096,#7699);
#6555=LINE('',#19123,#7700);
#6556=LINE('',#19127,#7701);
#6557=LINE('',#19129,#7702);
#6558=LINE('',#19132,#7703);
#6559=LINE('',#19134,#7704);
#6560=LINE('',#19136,#7705);
#6561=LINE('',#19138,#7706);
#6562=LINE('',#19141,#7707);
#6563=LINE('',#19142,#7708);
#6564=LINE('',#19144,#7709);
#6565=LINE('',#19146,#7710);
#6566=LINE('',#19148,#7711);
#6567=LINE('',#19150,#7712);
#6568=LINE('',#19152,#7713);
#6569=LINE('',#19154,#7714);
#6570=LINE('',#19156,#7715);
#6571=LINE('',#19158,#7716);
#6572=LINE('',#19160,#7717);
#6573=LINE('',#19162,#7718);
#6574=LINE('',#19164,#7719);
#6575=LINE('',#19166,#7720);
#6576=LINE('',#19170,#7721);
#6577=LINE('',#19172,#7722);
#6578=LINE('',#19174,#7723);
#6579=LINE('',#19176,#7724);
#6580=LINE('',#19178,#7725);
#6581=LINE('',#19180,#7726);
#6582=LINE('',#19182,#7727);
#6583=LINE('',#19184,#7728);
#6584=LINE('',#19186,#7729);
#6585=LINE('',#19188,#7730);
#6586=LINE('',#19190,#7731);
#6587=LINE('',#19192,#7732);
#6588=LINE('',#19194,#7733);
#6589=LINE('',#19196,#7734);
#6590=LINE('',#19198,#7735);
#6591=LINE('',#19200,#7736);
#6592=LINE('',#19202,#7737);
#6593=LINE('',#19204,#7738);
#6594=LINE('',#19205,#7739);
#6595=LINE('',#19206,#7740);
#6596=LINE('',#19208,#7741);
#6597=LINE('',#19210,#7742);
#6598=LINE('',#19212,#7743);
#6599=LINE('',#19214,#7744);
#6600=LINE('',#19216,#7745);
#6601=LINE('',#19217,#7746);
#6602=LINE('',#19219,#7747);
#6603=LINE('',#19221,#7748);
#6604=LINE('',#19223,#7749);
#6605=LINE('',#19226,#7750);
#6606=LINE('',#19228,#7751);
#6607=LINE('',#19230,#7752);
#6608=LINE('',#19232,#7753);
#6609=LINE('',#19235,#7754);
#6610=LINE('',#19237,#7755);
#6611=LINE('',#19239,#7756);
#6612=LINE('',#19241,#7757);
#6613=LINE('',#19243,#7758);
#6614=LINE('',#19252,#7759);
#6615=LINE('',#19256,#7760);
#6616=LINE('',#19260,#7761);
#6617=LINE('',#19264,#7762);
#6618=LINE('',#19266,#7763);
#6619=LINE('',#19268,#7764);
#6620=LINE('',#19274,#7765);
#6621=LINE('',#19278,#7766);
#6622=LINE('',#19280,#7767);
#6623=LINE('',#19282,#7768);
#6624=LINE('',#19286,#7769);
#6625=LINE('',#19291,#7770);
#6626=LINE('',#19295,#7771);
#6627=LINE('',#19296,#7772);
#6628=LINE('',#19300,#7773);
#6629=LINE('',#19303,#7774);
#6630=LINE('',#19308,#7775);
#6631=LINE('',#19311,#7776);
#6632=LINE('',#19312,#7777);
#6633=LINE('',#19314,#7778);
#6634=LINE('',#19316,#7779);
#6635=LINE('',#19318,#7780);
#6636=LINE('',#19319,#7781);
#6637=LINE('',#19321,#7782);
#6638=LINE('',#19323,#7783);
#6639=LINE('',#19324,#7784);
#6640=LINE('',#19326,#7785);
#6641=LINE('',#19328,#7786);
#6642=LINE('',#19331,#7787);
#6643=LINE('',#19333,#7788);
#6644=LINE('',#19337,#7789);
#6645=LINE('',#19340,#7790);
#6646=LINE('',#19342,#7791);
#6647=LINE('',#19344,#7792);
#6648=LINE('',#19346,#7793);
#6649=LINE('',#19349,#7794);
#6650=LINE('',#19351,#7795);
#6651=LINE('',#19353,#7796);
#6652=LINE('',#19379,#7797);
#6653=LINE('',#19381,#7798);
#6654=LINE('',#19383,#7799);
#6655=LINE('',#19384,#7800);
#6656=LINE('',#19385,#7801);
#6657=LINE('',#19389,#7802);
#6658=LINE('',#19390,#7803);
#6659=LINE('',#19394,#7804);
#6660=LINE('',#19398,#7805);
#6661=LINE('',#19402,#7806);
#6662=LINE('',#19411,#7807);
#6663=LINE('',#19415,#7808);
#6664=LINE('',#19418,#7809);
#6665=LINE('',#19420,#7810);
#6666=LINE('',#19422,#7811);
#6667=LINE('',#19424,#7812);
#6668=LINE('',#19426,#7813);
#6669=LINE('',#19428,#7814);
#6670=LINE('',#19430,#7815);
#6671=LINE('',#19433,#7816);
#6672=LINE('',#19435,#7817);
#6673=LINE('',#19437,#7818);
#6674=LINE('',#19439,#7819);
#6675=LINE('',#19441,#7820);
#6676=LINE('',#19443,#7821);
#6677=LINE('',#19446,#7822);
#6678=LINE('',#19448,#7823);
#6679=LINE('',#19450,#7824);
#6680=LINE('',#19452,#7825);
#6681=LINE('',#19455,#7826);
#6682=LINE('',#19457,#7827);
#6683=LINE('',#19459,#7828);
#6684=LINE('',#19461,#7829);
#6685=LINE('',#19463,#7830);
#6686=LINE('',#19465,#7831);
#6687=LINE('',#19467,#7832);
#6688=LINE('',#19471,#7833);
#6689=LINE('',#19473,#7834);
#6690=LINE('',#19476,#7835);
#6691=LINE('',#19478,#7836);
#6692=LINE('',#19480,#7837);
#6693=LINE('',#19482,#7838);
#6694=LINE('',#19485,#7839);
#6695=LINE('',#19486,#7840);
#6696=LINE('',#19488,#7841);
#6697=LINE('',#19492,#7842);
#6698=LINE('',#19495,#7843);
#6699=LINE('',#19497,#7844);
#6700=LINE('',#19499,#7845);
#6701=LINE('',#19501,#7846);
#6702=LINE('',#19503,#7847);
#6703=LINE('',#19505,#7848);
#6704=LINE('',#19509,#7849);
#6705=LINE('',#19511,#7850);
#6706=LINE('',#19513,#7851);
#6707=LINE('',#19518,#7852);
#6708=LINE('',#19522,#7853);
#6709=LINE('',#19525,#7854);
#6710=LINE('',#19526,#7855);
#6711=LINE('',#19529,#7856);
#6712=LINE('',#19531,#7857);
#6713=LINE('',#19532,#7858);
#6714=LINE('',#19533,#7859);
#6715=LINE('',#19535,#7860);
#6716=LINE('',#19537,#7861);
#6717=LINE('',#19543,#7862);
#6718=LINE('',#19545,#7863);
#6719=LINE('',#19547,#7864);
#6720=LINE('',#19549,#7865);
#6721=LINE('',#19556,#7866);
#6722=LINE('',#19560,#7867);
#6723=LINE('',#19563,#7868);
#6724=LINE('',#19564,#7869);
#6725=LINE('',#19566,#7870);
#6726=LINE('',#19568,#7871);
#6727=LINE('',#19570,#7872);
#6728=LINE('',#19572,#7873);
#6729=LINE('',#19574,#7874);
#6730=LINE('',#19576,#7875);
#6731=LINE('',#19579,#7876);
#6732=LINE('',#19581,#7877);
#6733=LINE('',#19583,#7878);
#6734=LINE('',#19585,#7879);
#6735=LINE('',#19588,#7880);
#6736=LINE('',#19590,#7881);
#6737=LINE('',#19592,#7882);
#6738=LINE('',#19598,#7883);
#6739=LINE('',#19600,#7884);
#6740=LINE('',#19602,#7885);
#6741=LINE('',#19604,#7886);
#6742=LINE('',#19606,#7887);
#6743=LINE('',#19611,#7888);
#6744=LINE('',#19614,#7889);
#6745=LINE('',#19616,#7890);
#6746=LINE('',#19617,#7891);
#6747=LINE('',#19620,#7892);
#6748=LINE('',#19622,#7893);
#6749=LINE('',#19624,#7894);
#6750=LINE('',#19626,#7895);
#6751=LINE('',#19631,#7896);
#6752=LINE('',#19635,#7897);
#6753=LINE('',#19637,#7898);
#6754=LINE('',#19639,#7899);
#6755=LINE('',#19641,#7900);
#6756=LINE('',#19644,#7901);
#6757=LINE('',#19646,#7902);
#6758=LINE('',#19648,#7903);
#6759=LINE('',#19650,#7904);
#6760=LINE('',#19654,#7905);
#6761=LINE('',#19658,#7906);
#6762=LINE('',#19672,#7907);
#6763=LINE('',#19674,#7908);
#6764=LINE('',#19678,#7909);
#6765=LINE('',#19680,#7910);
#6766=LINE('',#19682,#7911);
#6767=LINE('',#19684,#7912);
#6768=LINE('',#19686,#7913);
#6769=LINE('',#19689,#7914);
#6770=LINE('',#19691,#7915);
#6771=LINE('',#19693,#7916);
#6772=LINE('',#19695,#7917);
#6773=LINE('',#19697,#7918);
#6774=LINE('',#19702,#7919);
#6775=LINE('',#19703,#7920);
#6776=LINE('',#19705,#7921);
#6777=LINE('',#19706,#7922);
#6778=LINE('',#19708,#7923);
#6779=LINE('',#19710,#7924);
#6780=LINE('',#19712,#7925);
#6781=LINE('',#19714,#7926);
#6782=LINE('',#19716,#7927);
#6783=LINE('',#19718,#7928);
#6784=LINE('',#19720,#7929);
#6785=LINE('',#19724,#7930);
#6786=LINE('',#19728,#7931);
#6787=LINE('',#19730,#7932);
#6788=LINE('',#19732,#7933);
#6789=LINE('',#19734,#7934);
#6790=LINE('',#19736,#7935);
#6791=LINE('',#19738,#7936);
#6792=LINE('',#19740,#7937);
#6793=LINE('',#19743,#7938);
#6794=LINE('',#19745,#7939);
#6795=LINE('',#19747,#7940);
#6796=LINE('',#19749,#7941);
#6797=LINE('',#19756,#7942);
#6798=LINE('',#19760,#7943);
#6799=LINE('',#19762,#7944);
#6800=LINE('',#19764,#7945);
#6801=LINE('',#19766,#7946);
#6802=LINE('',#19768,#7947);
#6803=LINE('',#19774,#7948);
#6804=LINE('',#19776,#7949);
#6805=LINE('',#19778,#7950);
#6806=LINE('',#19780,#7951);
#6807=LINE('',#19784,#7952);
#6808=LINE('',#19786,#7953);
#6809=LINE('',#19790,#7954);
#6810=LINE('',#19792,#7955);
#6811=LINE('',#19794,#7956);
#6812=LINE('',#19796,#7957);
#6813=LINE('',#19798,#7958);
#6814=LINE('',#19801,#7959);
#6815=LINE('',#19803,#7960);
#6816=LINE('',#19805,#7961);
#6817=LINE('',#19807,#7962);
#6818=LINE('',#19808,#7963);
#6819=LINE('',#19810,#7964);
#6820=LINE('',#19812,#7965);
#6821=LINE('',#19814,#7966);
#6822=LINE('',#19816,#7967);
#6823=LINE('',#19818,#7968);
#6824=LINE('',#19820,#7969);
#6825=LINE('',#19821,#7970);
#6826=LINE('',#19823,#7971);
#6827=LINE('',#19828,#7972);
#6828=LINE('',#19830,#7973);
#6829=LINE('',#19832,#7974);
#6830=LINE('',#19836,#7975);
#6831=LINE('',#19838,#7976);
#6832=LINE('',#19840,#7977);
#6833=LINE('',#19842,#7978);
#6834=LINE('',#19843,#7979);
#6835=LINE('',#19845,#7980);
#6836=LINE('',#19848,#7981);
#6837=LINE('',#19850,#7982);
#6838=LINE('',#19852,#7983);
#6839=LINE('',#19881,#7984);
#6840=LINE('',#19883,#7985);
#6841=LINE('',#19887,#7986);
#6842=LINE('',#19888,#7987);
#6843=LINE('',#19890,#7988);
#6844=LINE('',#19891,#7989);
#6845=LINE('',#19893,#7990);
#6846=LINE('',#19896,#7991);
#6847=LINE('',#19898,#7992);
#6848=LINE('',#19900,#7993);
#6849=LINE('',#19902,#7994);
#6850=LINE('',#19904,#7995);
#6851=LINE('',#19906,#7996);
#6852=LINE('',#19907,#7997);
#6853=LINE('',#19909,#7998);
#6854=LINE('',#19913,#7999);
#6855=LINE('',#19915,#8000);
#6856=LINE('',#19918,#8001);
#6857=LINE('',#19920,#8002);
#6858=LINE('',#19922,#8003);
#6859=LINE('',#19924,#8004);
#6860=LINE('',#19926,#8005);
#6861=LINE('',#19928,#8006);
#6862=LINE('',#19930,#8007);
#6863=LINE('',#19933,#8008);
#6864=LINE('',#19935,#8009);
#6865=LINE('',#19937,#8010);
#6866=LINE('',#19938,#8011);
#6867=LINE('',#19940,#8012);
#6868=LINE('',#19942,#8013);
#6869=LINE('',#19946,#8014);
#6870=LINE('',#19948,#8015);
#6871=LINE('',#19950,#8016);
#6872=LINE('',#19956,#8017);
#6873=LINE('',#19957,#8018);
#6874=LINE('',#19959,#8019);
#6875=LINE('',#19965,#8020);
#6876=LINE('',#19971,#8021);
#6877=LINE('',#19973,#8022);
#6878=LINE('',#19975,#8023);
#6879=LINE('',#19977,#8024);
#6880=LINE('',#19978,#8025);
#6881=LINE('',#19980,#8026);
#6882=LINE('',#19982,#8027);
#6883=LINE('',#19983,#8028);
#6884=LINE('',#19985,#8029);
#6885=LINE('',#19987,#8030);
#6886=LINE('',#19989,#8031);
#6887=LINE('',#19993,#8032);
#6888=LINE('',#19996,#8033);
#6889=LINE('',#19998,#8034);
#6890=LINE('',#20000,#8035);
#6891=LINE('',#20002,#8036);
#6892=LINE('',#20006,#8037);
#6893=LINE('',#20008,#8038);
#6894=LINE('',#20010,#8039);
#6895=LINE('',#20013,#8040);
#6896=LINE('',#20017,#8041);
#6897=LINE('',#20021,#8042);
#6898=LINE('',#20023,#8043);
#6899=LINE('',#20026,#8044);
#6900=LINE('',#20027,#8045);
#6901=LINE('',#20029,#8046);
#6902=LINE('',#20030,#8047);
#6903=LINE('',#20037,#8048);
#6904=LINE('',#20038,#8049);
#6905=LINE('',#20040,#8050);
#6906=LINE('',#20043,#8051);
#6907=LINE('',#20044,#8052);
#6908=LINE('',#20046,#8053);
#6909=LINE('',#20051,#8054);
#6910=LINE('',#20055,#8055);
#6911=LINE('',#20057,#8056);
#6912=LINE('',#20059,#8057);
#6913=LINE('',#20063,#8058);
#6914=LINE('',#20065,#8059);
#6915=LINE('',#20068,#8060);
#6916=LINE('',#20073,#8061);
#6917=LINE('',#20075,#8062);
#6918=LINE('',#20077,#8063);
#6919=LINE('',#20080,#8064);
#6920=LINE('',#20087,#8065);
#6921=LINE('',#20091,#8066);
#6922=LINE('',#20095,#8067);
#6923=LINE('',#20104,#8068);
#6924=LINE('',#20105,#8069);
#6925=LINE('',#20106,#8070);
#6926=LINE('',#20107,#8071);
#6927=LINE('',#20112,#8072);
#6928=LINE('',#20113,#8073);
#6929=LINE('',#20115,#8074);
#6930=LINE('',#20117,#8075);
#6931=LINE('',#20119,#8076);
#6932=LINE('',#20121,#8077);
#6933=LINE('',#20123,#8078);
#6934=LINE('',#20124,#8079);
#6935=LINE('',#20125,#8080);
#6936=LINE('',#20127,#8081);
#6937=LINE('',#20130,#8082);
#6938=LINE('',#20132,#8083);
#6939=LINE('',#20133,#8084);
#6940=LINE('',#20135,#8085);
#6941=LINE('',#20138,#8086);
#6942=LINE('',#20140,#8087);
#6943=LINE('',#20142,#8088);
#6944=LINE('',#20144,#8089);
#6945=LINE('',#20146,#8090);
#6946=LINE('',#20148,#8091);
#6947=LINE('',#20153,#8092);
#6948=LINE('',#20155,#8093);
#6949=LINE('',#20160,#8094);
#6950=LINE('',#20162,#8095);
#6951=LINE('',#20164,#8096);
#6952=LINE('',#20166,#8097);
#6953=LINE('',#20167,#8098);
#6954=LINE('',#20168,#8099);
#6955=LINE('',#20172,#8100);
#6956=LINE('',#20174,#8101);
#6957=LINE('',#20176,#8102);
#6958=LINE('',#20178,#8103);
#6959=LINE('',#20180,#8104);
#6960=LINE('',#20182,#8105);
#6961=LINE('',#20186,#8106);
#6962=LINE('',#20187,#8107);
#6963=LINE('',#20189,#8108);
#6964=LINE('',#20190,#8109);
#6965=LINE('',#20191,#8110);
#6966=LINE('',#20196,#8111);
#6967=LINE('',#20198,#8112);
#6968=LINE('',#20202,#8113);
#6969=LINE('',#20205,#8114);
#6970=LINE('',#20207,#8115);
#6971=LINE('',#20209,#8116);
#6972=LINE('',#20211,#8117);
#6973=LINE('',#20216,#8118);
#6974=LINE('',#20222,#8119);
#6975=LINE('',#20224,#8120);
#6976=LINE('',#20226,#8121);
#6977=LINE('',#20227,#8122);
#6978=LINE('',#20229,#8123);
#6979=LINE('',#20231,#8124);
#6980=LINE('',#20233,#8125);
#6981=LINE('',#20237,#8126);
#6982=LINE('',#20241,#8127);
#6983=LINE('',#20242,#8128);
#6984=LINE('',#20244,#8129);
#6985=LINE('',#20245,#8130);
#6986=LINE('',#20248,#8131);
#6987=LINE('',#20252,#8132);
#6988=LINE('',#20255,#8133);
#6989=LINE('',#20257,#8134);
#6990=LINE('',#20259,#8135);
#6991=LINE('',#20261,#8136);
#6992=LINE('',#20263,#8137);
#6993=LINE('',#20264,#8138);
#6994=LINE('',#20266,#8139);
#6995=LINE('',#20268,#8140);
#6996=LINE('',#20270,#8141);
#6997=LINE('',#20272,#8142);
#6998=LINE('',#20274,#8143);
#6999=LINE('',#20276,#8144);
#7000=LINE('',#20278,#8145);
#7001=LINE('',#20280,#8146);
#7002=LINE('',#20282,#8147);
#7003=LINE('',#20284,#8148);
#7004=LINE('',#20286,#8149);
#7005=LINE('',#20290,#8150);
#7006=LINE('',#20309,#8151);
#7007=LINE('',#20311,#8152);
#7008=LINE('',#20313,#8153);
#7009=LINE('',#20315,#8154);
#7010=LINE('',#20317,#8155);
#7011=LINE('',#20318,#8156);
#7012=LINE('',#20320,#8157);
#7013=LINE('',#20322,#8158);
#7014=LINE('',#20331,#8159);
#7015=LINE('',#20335,#8160);
#7016=LINE('',#20337,#8161);
#7017=LINE('',#20339,#8162);
#7018=LINE('',#20341,#8163);
#7019=LINE('',#20343,#8164);
#7020=LINE('',#20344,#8165);
#7021=LINE('',#20346,#8166);
#7022=LINE('',#20347,#8167);
#7023=LINE('',#20349,#8168);
#7024=LINE('',#20350,#8169);
#7025=LINE('',#20352,#8170);
#7026=LINE('',#20354,#8171);
#7027=LINE('',#20356,#8172);
#7028=LINE('',#20358,#8173);
#7029=LINE('',#20360,#8174);
#7030=LINE('',#20362,#8175);
#7031=LINE('',#20364,#8176);
#7032=LINE('',#20367,#8177);
#7033=LINE('',#20373,#8178);
#7034=LINE('',#20375,#8179);
#7035=LINE('',#20377,#8180);
#7036=LINE('',#20381,#8181);
#7037=LINE('',#20383,#8182);
#7038=LINE('',#20385,#8183);
#7039=LINE('',#20387,#8184);
#7040=LINE('',#20389,#8185);
#7041=LINE('',#20391,#8186);
#7042=LINE('',#20393,#8187);
#7043=LINE('',#20394,#8188);
#7044=LINE('',#20395,#8189);
#7045=LINE('',#20398,#8190);
#7046=LINE('',#20399,#8191);
#7047=LINE('',#20400,#8192);
#7048=LINE('',#20402,#8193);
#7049=LINE('',#20404,#8194);
#7050=LINE('',#20405,#8195);
#7051=LINE('',#20406,#8196);
#7052=LINE('',#20407,#8197);
#7053=LINE('',#20412,#8198);
#7054=LINE('',#20414,#8199);
#7055=LINE('',#20417,#8200);
#7056=LINE('',#20419,#8201);
#7057=LINE('',#20422,#8202);
#7058=LINE('',#20423,#8203);
#7059=LINE('',#20425,#8204);
#7060=LINE('',#20426,#8205);
#7061=LINE('',#20428,#8206);
#7062=LINE('',#20429,#8207);
#7063=LINE('',#20430,#8208);
#7064=LINE('',#20432,#8209);
#7065=LINE('',#20435,#8210);
#7066=LINE('',#20437,#8211);
#7067=LINE('',#20440,#8212);
#7068=LINE('',#20441,#8213);
#7069=LINE('',#20443,#8214);
#7070=LINE('',#20445,#8215);
#7071=LINE('',#20446,#8216);
#7072=LINE('',#20448,#8217);
#7073=LINE('',#20452,#8218);
#7074=LINE('',#20453,#8219);
#7075=LINE('',#20455,#8220);
#7076=LINE('',#20456,#8221);
#7077=LINE('',#20458,#8222);
#7078=LINE('',#20459,#8223);
#7079=LINE('',#20461,#8224);
#7080=LINE('',#20463,#8225);
#7081=LINE('',#20465,#8226);
#7082=LINE('',#20467,#8227);
#7083=LINE('',#20471,#8228);
#7084=LINE('',#20510,#8229);
#7085=LINE('',#20511,#8230);
#7086=LINE('',#20513,#8231);
#7087=LINE('',#20515,#8232);
#7088=LINE('',#20517,#8233);
#7089=LINE('',#20519,#8234);
#7090=LINE('',#20520,#8235);
#7091=LINE('',#20522,#8236);
#7092=LINE('',#20525,#8237);
#7093=LINE('',#20527,#8238);
#7094=LINE('',#20531,#8239);
#7095=LINE('',#20533,#8240);
#7096=LINE('',#20538,#8241);
#7097=LINE('',#20550,#8242);
#7098=LINE('',#20552,#8243);
#7099=LINE('',#20555,#8244);
#7100=LINE('',#20557,#8245);
#7101=LINE('',#20559,#8246);
#7102=LINE('',#20561,#8247);
#7103=LINE('',#20571,#8248);
#7104=LINE('',#20573,#8249);
#7105=LINE('',#20580,#8250);
#7106=LINE('',#20584,#8251);
#7107=LINE('',#20586,#8252);
#7108=LINE('',#20587,#8253);
#7109=LINE('',#20589,#8254);
#7110=LINE('',#20591,#8255);
#7111=LINE('',#20597,#8256);
#7112=LINE('',#20599,#8257);
#7113=LINE('',#20603,#8258);
#7114=LINE('',#20605,#8259);
#7115=LINE('',#20606,#8260);
#7116=LINE('',#20609,#8261);
#7117=LINE('',#20611,#8262);
#7118=LINE('',#20614,#8263);
#7119=LINE('',#20616,#8264);
#7120=LINE('',#20618,#8265);
#7121=LINE('',#20622,#8266);
#7122=LINE('',#20626,#8267);
#7123=LINE('',#20631,#8268);
#7124=LINE('',#20632,#8269);
#7125=LINE('',#20634,#8270);
#7126=LINE('',#20636,#8271);
#7127=LINE('',#20640,#8272);
#7128=LINE('',#20654,#8273);
#7129=LINE('',#20656,#8274);
#7130=LINE('',#20658,#8275);
#7131=LINE('',#20660,#8276);
#7132=LINE('',#20662,#8277);
#7133=LINE('',#20664,#8278);
#7134=LINE('',#20666,#8279);
#7135=LINE('',#20668,#8280);
#7136=LINE('',#20670,#8281);
#7137=LINE('',#20675,#8282);
#7138=LINE('',#20676,#8283);
#7139=LINE('',#20678,#8284);
#7140=LINE('',#20680,#8285);
#7141=LINE('',#20681,#8286);
#7142=LINE('',#20683,#8287);
#7143=LINE('',#20684,#8288);
#7144=LINE('',#20685,#8289);
#7145=LINE('',#20686,#8290);
#7146=LINE('',#20687,#8291);
#7147=LINE('',#20688,#8292);
#7148=LINE('',#20689,#8293);
#7149=LINE('',#20691,#8294);
#7150=LINE('',#20692,#8295);
#7151=LINE('',#20694,#8296);
#7152=LINE('',#20696,#8297);
#7153=LINE('',#20698,#8298);
#7154=LINE('',#20699,#8299);
#7155=LINE('',#20700,#8300);
#7156=LINE('',#20701,#8301);
#7157=LINE('',#20702,#8302);
#7158=LINE('',#20703,#8303);
#7159=LINE('',#20704,#8304);
#7160=LINE('',#20709,#8305);
#7161=LINE('',#20710,#8306);
#7162=LINE('',#20712,#8307);
#7163=LINE('',#20714,#8308);
#7164=LINE('',#20716,#8309);
#7165=LINE('',#20718,#8310);
#7166=LINE('',#20719,#8311);
#7167=LINE('',#20721,#8312);
#7168=LINE('',#20723,#8313);
#7169=LINE('',#20724,#8314);
#7170=LINE('',#20725,#8315);
#7171=LINE('',#20727,#8316);
#7172=LINE('',#20729,#8317);
#7173=LINE('',#20730,#8318);
#7174=LINE('',#20735,#8319);
#7175=LINE('',#20737,#8320);
#7176=LINE('',#20739,#8321);
#7177=LINE('',#20741,#8322);
#7178=LINE('',#20747,#8323);
#7179=LINE('',#20749,#8324);
#7180=LINE('',#20751,#8325);
#7181=LINE('',#20753,#8326);
#7182=LINE('',#20758,#8327);
#7183=LINE('',#20760,#8328);
#7184=LINE('',#20762,#8329);
#7185=LINE('',#20764,#8330);
#7186=LINE('',#20768,#8331);
#7187=LINE('',#20770,#8332);
#7188=LINE('',#20771,#8333);
#7189=LINE('',#20773,#8334);
#7190=LINE('',#20775,#8335);
#7191=LINE('',#20778,#8336);
#7192=LINE('',#20780,#8337);
#7193=LINE('',#20782,#8338);
#7194=LINE('',#20784,#8339);
#7195=LINE('',#20786,#8340);
#7196=LINE('',#20787,#8341);
#7197=LINE('',#20788,#8342);
#7198=LINE('',#20789,#8343);
#7199=LINE('',#20791,#8344);
#7200=LINE('',#20792,#8345);
#7201=LINE('',#20796,#8346);
#7202=LINE('',#20798,#8347);
#7203=LINE('',#20800,#8348);
#7204=LINE('',#20803,#8349);
#7205=LINE('',#20805,#8350);
#7206=LINE('',#20807,#8351);
#7207=LINE('',#20809,#8352);
#7208=LINE('',#20810,#8353);
#7209=LINE('',#20811,#8354);
#7210=LINE('',#20812,#8355);
#7211=LINE('',#20814,#8356);
#7212=LINE('',#20815,#8357);
#7213=LINE('',#20817,#8358);
#7214=LINE('',#20819,#8359);
#7215=LINE('',#20821,#8360);
#7216=LINE('',#20823,#8361);
#7217=LINE('',#20824,#8362);
#7218=LINE('',#20826,#8363);
#7219=LINE('',#20828,#8364);
#7220=LINE('',#20829,#8365);
#7221=LINE('',#20833,#8366);
#7222=LINE('',#20835,#8367);
#7223=LINE('',#20838,#8368);
#7224=LINE('',#20840,#8369);
#7225=LINE('',#20842,#8370);
#7226=LINE('',#20846,#8371);
#7227=LINE('',#20850,#8372);
#7228=LINE('',#20854,#8373);
#7229=LINE('',#20858,#8374);
#7230=LINE('',#20860,#8375);
#7231=LINE('',#20862,#8376);
#7232=LINE('',#20863,#8377);
#7233=LINE('',#20864,#8378);
#7234=LINE('',#20865,#8379);
#7235=LINE('',#20866,#8380);
#7236=LINE('',#20867,#8381);
#7237=LINE('',#20868,#8382);
#7238=LINE('',#20870,#8383);
#7239=LINE('',#20874,#8384);
#7240=LINE('',#20876,#8385);
#7241=LINE('',#20879,#8386);
#7242=LINE('',#20880,#8387);
#7243=LINE('',#20881,#8388);
#7244=LINE('',#20883,#8389);
#7245=LINE('',#20891,#8390);
#7246=LINE('',#20892,#8391);
#7247=LINE('',#20896,#8392);
#7248=LINE('',#20898,#8393);
#7249=LINE('',#20901,#8394);
#7250=LINE('',#20903,#8395);
#7251=LINE('',#20909,#8396);
#7252=LINE('',#20911,#8397);
#7253=LINE('',#20913,#8398);
#7254=LINE('',#20915,#8399);
#7255=LINE('',#20919,#8400);
#7256=LINE('',#20921,#8401);
#7257=LINE('',#20924,#8402);
#7258=LINE('',#20925,#8403);
#7259=LINE('',#20928,#8404);
#7260=LINE('',#20929,#8405);
#7261=LINE('',#20930,#8406);
#7262=LINE('',#20932,#8407);
#7263=LINE('',#20933,#8408);
#7264=LINE('',#20935,#8409);
#7265=LINE('',#20938,#8410);
#7266=LINE('',#20944,#8411);
#7267=LINE('',#20947,#8412);
#7268=LINE('',#20951,#8413);
#7269=LINE('',#20953,#8414);
#7270=LINE('',#20956,#8415);
#7271=LINE('',#20957,#8416);
#7272=LINE('',#20959,#8417);
#7273=LINE('',#20963,#8418);
#7274=LINE('',#20965,#8419);
#7275=LINE('',#20967,#8420);
#7276=LINE('',#20969,#8421);
#7277=LINE('',#20970,#8422);
#7278=LINE('',#20972,#8423);
#7279=LINE('',#20973,#8424);
#7280=LINE('',#20977,#8425);
#7281=LINE('',#20981,#8426);
#7282=LINE('',#20986,#8427);
#7283=LINE('',#20987,#8428);
#7284=LINE('',#20989,#8429);
#7285=LINE('',#20992,#8430);
#7286=LINE('',#20993,#8431);
#7287=LINE('',#20995,#8432);
#7288=LINE('',#20997,#8433);
#7289=LINE('',#20998,#8434);
#7290=LINE('',#20999,#8435);
#7291=LINE('',#21000,#8436);
#7292=LINE('',#21001,#8437);
#7293=LINE('',#21002,#8438);
#7294=LINE('',#21003,#8439);
#7295=LINE('',#21010,#8440);
#7296=LINE('',#21011,#8441);
#7297=LINE('',#21017,#8442);
#7298=LINE('',#21023,#8443);
#7299=LINE('',#21024,#8444);
#7300=LINE('',#21028,#8445);
#7301=LINE('',#21030,#8446);
#7302=LINE('',#21032,#8447);
#7303=LINE('',#21033,#8448);
#7304=LINE('',#21053,#8449);
#7305=LINE('',#21055,#8450);
#7306=LINE('',#21060,#8451);
#7307=LINE('',#21062,#8452);
#7308=LINE('',#21064,#8453);
#7309=LINE('',#21066,#8454);
#7310=LINE('',#21071,#8455);
#7311=LINE('',#21073,#8456);
#7312=LINE('',#21075,#8457);
#7313=LINE('',#21077,#8458);
#7314=LINE('',#21078,#8459);
#7315=LINE('',#21082,#8460);
#7316=LINE('',#21084,#8461);
#7317=LINE('',#21085,#8462);
#7318=LINE('',#21087,#8463);
#7319=LINE('',#21092,#8464);
#7320=LINE('',#21094,#8465);
#7321=LINE('',#21096,#8466);
#7322=LINE('',#21098,#8467);
#7323=LINE('',#21099,#8468);
#7324=LINE('',#21100,#8469);
#7325=LINE('',#21104,#8470);
#7326=LINE('',#21105,#8471);
#7327=LINE('',#21109,#8472);
#7328=LINE('',#21113,#8473);
#7329=LINE('',#21114,#8474);
#7330=LINE('',#21115,#8475);
#7331=LINE('',#21116,#8476);
#7332=LINE('',#21117,#8477);
#7333=LINE('',#21119,#8478);
#7334=LINE('',#21121,#8479);
#7335=LINE('',#21123,#8480);
#7336=LINE('',#21124,#8481);
#7337=LINE('',#21129,#8482);
#7338=LINE('',#21135,#8483);
#7339=LINE('',#21138,#8484);
#7340=LINE('',#21140,#8485);
#7341=LINE('',#21144,#8486);
#7342=LINE('',#21146,#8487);
#7343=LINE('',#21148,#8488);
#7344=LINE('',#21153,#8489);
#7345=LINE('',#21157,#8490);
#7346=LINE('',#21159,#8491);
#7347=LINE('',#21163,#8492);
#7348=LINE('',#21165,#8493);
#7349=LINE('',#21167,#8494);
#7350=LINE('',#21182,#8495);
#7351=LINE('',#21184,#8496);
#7352=LINE('',#21189,#8497);
#7353=LINE('',#21194,#8498);
#7354=LINE('',#21197,#8499);
#7355=LINE('',#21198,#8500);
#7356=LINE('',#21202,#8501);
#7357=LINE('',#21205,#8502);
#7358=LINE('',#21207,#8503);
#7359=LINE('',#21209,#8504);
#7360=LINE('',#21210,#8505);
#7361=LINE('',#21213,#8506);
#7362=LINE('',#21215,#8507);
#7363=LINE('',#21226,#8508);
#7364=LINE('',#21229,#8509);
#7365=LINE('',#21236,#8510);
#7366=LINE('',#21237,#8511);
#7367=LINE('',#21269,#8512);
#7368=LINE('',#21274,#8513);
#7369=LINE('',#21275,#8514);
#7370=LINE('',#21280,#8515);
#7371=LINE('',#21283,#8516);
#7372=LINE('',#21286,#8517);
#7373=LINE('',#21288,#8518);
#7374=LINE('',#21311,#8519);
#7375=LINE('',#21314,#8520);
#7376=LINE('',#21318,#8521);
#7377=LINE('',#21320,#8522);
#7378=LINE('',#21327,#8523);
#7379=LINE('',#21330,#8524);
#7380=LINE('',#21332,#8525);
#7381=LINE('',#21334,#8526);
#7382=LINE('',#21338,#8527);
#7383=LINE('',#21347,#8528);
#7384=LINE('',#21349,#8529);
#7385=LINE('',#21351,#8530);
#7386=LINE('',#21353,#8531);
#7387=LINE('',#21358,#8532);
#7388=LINE('',#21360,#8533);
#7389=LINE('',#21362,#8534);
#7390=LINE('',#21369,#8535);
#7391=LINE('',#21377,#8536);
#7392=LINE('',#21378,#8537);
#7393=LINE('',#21379,#8538);
#7394=LINE('',#21380,#8539);
#7395=LINE('',#21388,#8540);
#7396=LINE('',#21410,#8541);
#7397=LINE('',#21414,#8542);
#7398=LINE('',#21416,#8543);
#7399=LINE('',#21436,#8544);
#7400=LINE('',#21439,#8545);
#7401=LINE('',#21443,#8546);
#7402=LINE('',#21450,#8547);
#7403=LINE('',#21457,#8548);
#7404=LINE('',#21489,#8549);
#7405=LINE('',#21498,#8550);
#7406=LINE('',#21502,#8551);
#7407=LINE('',#21509,#8552);
#7408=LINE('',#21517,#8553);
#7409=LINE('',#21520,#8554);
#7410=LINE('',#21527,#8555);
#7411=VECTOR('',#15206,1000.);
#7412=VECTOR('',#15207,1000.);
#7413=VECTOR('',#15208,1000.);
#7414=VECTOR('',#15209,1000.);
#7415=VECTOR('',#15210,1000.);
#7416=VECTOR('',#15211,1000.);
#7417=VECTOR('',#15214,1000.);
#7418=VECTOR('',#15215,1000.);
#7419=VECTOR('',#15216,1000.);
#7420=VECTOR('',#15217,1000.);
#7421=VECTOR('',#15218,1000.);
#7422=VECTOR('',#15219,1000.);
#7423=VECTOR('',#15220,1000.);
#7424=VECTOR('',#15223,1000.);
#7425=VECTOR('',#15224,1000.);
#7426=VECTOR('',#15225,1000.);
#7427=VECTOR('',#15226,1000.);
#7428=VECTOR('',#15229,1000.);
#7429=VECTOR('',#15230,1000.);
#7430=VECTOR('',#15231,1000.);
#7431=VECTOR('',#15232,1000.);
#7432=VECTOR('',#15235,1000.);
#7433=VECTOR('',#15238,1000.);
#7434=VECTOR('',#15239,1000.);
#7435=VECTOR('',#15240,1000.);
#7436=VECTOR('',#15243,1000.);
#7437=VECTOR('',#15244,1000.);
#7438=VECTOR('',#15245,1000.);
#7439=VECTOR('',#15246,1000.);
#7440=VECTOR('',#15247,1000.);
#7441=VECTOR('',#15248,1000.);
#7442=VECTOR('',#15249,1000.);
#7443=VECTOR('',#15252,1000.);
#7444=VECTOR('',#15255,1000.);
#7445=VECTOR('',#15260,1000.);
#7446=VECTOR('',#15263,1000.);
#7447=VECTOR('',#15272,1000.);
#7448=VECTOR('',#15275,1000.);
#7449=VECTOR('',#15282,1000.);
#7450=VECTOR('',#15285,1000.);
#7451=VECTOR('',#15288,1000.);
#7452=VECTOR('',#15291,1000.);
#7453=VECTOR('',#15296,1000.);
#7454=VECTOR('',#15297,1000.);
#7455=VECTOR('',#15298,1000.);
#7456=VECTOR('',#15301,1000.);
#7457=VECTOR('',#15306,1000.);
#7458=VECTOR('',#15307,1000.);
#7459=VECTOR('',#15308,1000.);
#7460=VECTOR('',#15309,1000.);
#7461=VECTOR('',#15310,1000.);
#7462=VECTOR('',#15311,1000.);
#7463=VECTOR('',#15312,1000.);
#7464=VECTOR('',#15313,1000.);
#7465=VECTOR('',#15314,1000.);
#7466=VECTOR('',#15315,1000.);
#7467=VECTOR('',#15318,1000.);
#7468=VECTOR('',#15319,1000.);
#7469=VECTOR('',#15320,1000.);
#7470=VECTOR('',#15321,1000.);
#7471=VECTOR('',#15322,1000.);
#7472=VECTOR('',#15323,1000.);
#7473=VECTOR('',#15324,1000.);
#7474=VECTOR('',#15325,1000.);
#7475=VECTOR('',#15328,1000.);
#7476=VECTOR('',#15331,1000.);
#7477=VECTOR('',#15336,1000.);
#7478=VECTOR('',#15337,1000.);
#7479=VECTOR('',#15338,1000.);
#7480=VECTOR('',#15339,1000.);
#7481=VECTOR('',#15340,1000.);
#7482=VECTOR('',#15345,1000.);
#7483=VECTOR('',#15348,1000.);
#7484=VECTOR('',#15349,1000.);
#7485=VECTOR('',#15350,1000.);
#7486=VECTOR('',#15353,1000.);
#7487=VECTOR('',#15354,1000.);
#7488=VECTOR('',#15355,1000.);
#7489=VECTOR('',#15356,1000.);
#7490=VECTOR('',#15361,1000.);
#7491=VECTOR('',#15364,1000.);
#7492=VECTOR('',#15367,1000.);
#7493=VECTOR('',#15370,1000.);
#7494=VECTOR('',#15375,1000.);
#7495=VECTOR('',#15376,1000.);
#7496=VECTOR('',#15377,1000.);
#7497=VECTOR('',#15378,1000.);
#7498=VECTOR('',#15379,1000.);
#7499=VECTOR('',#15380,1000.);
#7500=VECTOR('',#15381,1000.);
#7501=VECTOR('',#15382,1000.);
#7502=VECTOR('',#15383,1000.);
#7503=VECTOR('',#15384,1000.);
#7504=VECTOR('',#15385,1000.);
#7505=VECTOR('',#15388,1000.);
#7506=VECTOR('',#15391,1000.);
#7507=VECTOR('',#15394,1000.);
#7508=VECTOR('',#15397,1000.);
#7509=VECTOR('',#15400,1000.);
#7510=VECTOR('',#15403,1000.);
#7511=VECTOR('',#15406,1000.);
#7512=VECTOR('',#15409,1000.);
#7513=VECTOR('',#15410,1000.);
#7514=VECTOR('',#15413,1000.);
#7515=VECTOR('',#15416,1000.);
#7516=VECTOR('',#15417,1000.);
#7517=VECTOR('',#15418,1000.);
#7518=VECTOR('',#15421,1000.);
#7519=VECTOR('',#15424,1000.);
#7520=VECTOR('',#15429,1000.);
#7521=VECTOR('',#15430,1000.);
#7522=VECTOR('',#15431,1000.);
#7523=VECTOR('',#15432,1000.);
#7524=VECTOR('',#15435,1000.);
#7525=VECTOR('',#15436,1000.);
#7526=VECTOR('',#15437,1000.);
#7527=VECTOR('',#15438,1000.);
#7528=VECTOR('',#15441,1000.);
#7529=VECTOR('',#15444,1000.);
#7530=VECTOR('',#15445,1000.);
#7531=VECTOR('',#15448,1000.);
#7532=VECTOR('',#15451,1000.);
#7533=VECTOR('',#15456,1000.);
#7534=VECTOR('',#15459,1000.);
#7535=VECTOR('',#15462,1000.);
#7536=VECTOR('',#15465,1000.);
#7537=VECTOR('',#15474,1000.);
#7538=VECTOR('',#15481,1000.);
#7539=VECTOR('',#15484,1000.);
#7540=VECTOR('',#15485,1000.);
#7541=VECTOR('',#15486,1000.);
#7542=VECTOR('',#15487,1000.);
#7543=VECTOR('',#15490,1000.);
#7544=VECTOR('',#15491,1000.);
#7545=VECTOR('',#15492,1000.);
#7546=VECTOR('',#15493,1000.);
#7547=VECTOR('',#15494,1000.);
#7548=VECTOR('',#15501,1000.);
#7549=VECTOR('',#15502,1000.);
#7550=VECTOR('',#15503,1000.);
#7551=VECTOR('',#15504,1000.);
#7552=VECTOR('',#15509,1000.);
#7553=VECTOR('',#15512,1000.);
#7554=VECTOR('',#15515,1000.);
#7555=VECTOR('',#15516,1000.);
#7556=VECTOR('',#15517,1000.);
#7557=VECTOR('',#15518,1000.);
#7558=VECTOR('',#15521,1000.);
#7559=VECTOR('',#15524,1000.);
#7560=VECTOR('',#15525,1000.);
#7561=VECTOR('',#15526,1000.);
#7562=VECTOR('',#15527,1000.);
#7563=VECTOR('',#15532,1000.);
#7564=VECTOR('',#15535,1000.);
#7565=VECTOR('',#15536,1000.);
#7566=VECTOR('',#15543,1000.);
#7567=VECTOR('',#15546,1000.);
#7568=VECTOR('',#15547,1000.);
#7569=VECTOR('',#15548,1000.);
#7570=VECTOR('',#15549,1000.);
#7571=VECTOR('',#15558,1000.);
#7572=VECTOR('',#15559,1000.);
#7573=VECTOR('',#15560,1000.);
#7574=VECTOR('',#15563,1000.);
#7575=VECTOR('',#15564,1000.);
#7576=VECTOR('',#15565,1000.);
#7577=VECTOR('',#15570,1000.);
#7578=VECTOR('',#15573,1000.);
#7579=VECTOR('',#15578,1000.);
#7580=VECTOR('',#15579,1000.);
#7581=VECTOR('',#15580,1000.);
#7582=VECTOR('',#15581,1000.);
#7583=VECTOR('',#15586,1000.);
#7584=VECTOR('',#15593,1000.);
#7585=VECTOR('',#15596,1000.);
#7586=VECTOR('',#15599,1000.);
#7587=VECTOR('',#15600,1000.);
#7588=VECTOR('',#15601,1000.);
#7589=VECTOR('',#15602,1000.);
#7590=VECTOR('',#15603,1000.);
#7591=VECTOR('',#15604,1000.);
#7592=VECTOR('',#15607,1000.);
#7593=VECTOR('',#15610,1000.);
#7594=VECTOR('',#15615,1000.);
#7595=VECTOR('',#15616,1000.);
#7596=VECTOR('',#15619,1000.);
#7597=VECTOR('',#15620,1000.);
#7598=VECTOR('',#15623,1000.);
#7599=VECTOR('',#15626,1000.);
#7600=VECTOR('',#15627,1000.);
#7601=VECTOR('',#15628,1000.);
#7602=VECTOR('',#15631,1000.);
#7603=VECTOR('',#15634,1000.);
#7604=VECTOR('',#15647,1000.);
#7605=VECTOR('',#15650,1000.);
#7606=VECTOR('',#15653,1000.);
#7607=VECTOR('',#15654,1000.);
#7608=VECTOR('',#15655,1000.);
#7609=VECTOR('',#15656,1000.);
#7610=VECTOR('',#15657,1000.);
#7611=VECTOR('',#15660,1000.);
#7612=VECTOR('',#15661,1000.);
#7613=VECTOR('',#15662,1000.);
#7614=VECTOR('',#15663,1000.);
#7615=VECTOR('',#15666,1000.);
#7616=VECTOR('',#15669,1000.);
#7617=VECTOR('',#15670,1000.);
#7618=VECTOR('',#15671,1000.);
#7619=VECTOR('',#15674,1000.);
#7620=VECTOR('',#15675,1000.);
#7621=VECTOR('',#15676,1000.);
#7622=VECTOR('',#15677,1000.);
#7623=VECTOR('',#15680,1000.);
#7624=VECTOR('',#15681,1000.);
#7625=VECTOR('',#15682,1000.);
#7626=VECTOR('',#15683,1000.);
#7627=VECTOR('',#15684,1000.);
#7628=VECTOR('',#15685,1000.);
#7629=VECTOR('',#15686,1000.);
#7630=VECTOR('',#15689,1000.);
#7631=VECTOR('',#15692,1000.);
#7632=VECTOR('',#15695,1000.);
#7633=VECTOR('',#15698,1000.);
#7634=VECTOR('',#15699,1000.);
#7635=VECTOR('',#15704,1000.);
#7636=VECTOR('',#15709,1000.);
#7637=VECTOR('',#15710,1000.);
#7638=VECTOR('',#15711,1000.);
#7639=VECTOR('',#15716,1000.);
#7640=VECTOR('',#15723,1000.);
#7641=VECTOR('',#15724,1000.);
#7642=VECTOR('',#15727,1000.);
#7643=VECTOR('',#15730,1000.);
#7644=VECTOR('',#15733,1000.);
#7645=VECTOR('',#15734,1000.);
#7646=VECTOR('',#15735,1000.);
#7647=VECTOR('',#15736,1000.);
#7648=VECTOR('',#15737,1000.);
#7649=VECTOR('',#15740,1000.);
#7650=VECTOR('',#15741,1000.);
#7651=VECTOR('',#15742,1000.);
#7652=VECTOR('',#15743,1000.);
#7653=VECTOR('',#15746,1000.);
#7654=VECTOR('',#15747,1000.);
#7655=VECTOR('',#15750,1000.);
#7656=VECTOR('',#15753,1000.);
#7657=VECTOR('',#15754,1000.);
#7658=VECTOR('',#15755,1000.);
#7659=VECTOR('',#15756,1000.);
#7660=VECTOR('',#15761,1000.);
#7661=VECTOR('',#15764,1000.);
#7662=VECTOR('',#15769,1000.);
#7663=VECTOR('',#15770,1000.);
#7664=VECTOR('',#15773,1000.);
#7665=VECTOR('',#15774,1000.);
#7666=VECTOR('',#15775,1000.);
#7667=VECTOR('',#15776,1000.);
#7668=VECTOR('',#15783,1000.);
#7669=VECTOR('',#15784,1000.);
#7670=VECTOR('',#15785,1000.);
#7671=VECTOR('',#15786,1000.);
#7672=VECTOR('',#15789,1000.);
#7673=VECTOR('',#15792,1000.);
#7674=VECTOR('',#15805,1000.);
#7675=VECTOR('',#15806,1000.);
#7676=VECTOR('',#15807,1000.);
#7677=VECTOR('',#15810,1000.);
#7678=VECTOR('',#15811,1000.);
#7679=VECTOR('',#15816,1000.);
#7680=VECTOR('',#15817,1000.);
#7681=VECTOR('',#15818,1000.);
#7682=VECTOR('',#15819,1000.);
#7683=VECTOR('',#15822,1000.);
#7684=VECTOR('',#15827,1000.);
#7685=VECTOR('',#15828,1000.);
#7686=VECTOR('',#15831,1000.);
#7687=VECTOR('',#15834,1000.);
#7688=VECTOR('',#15837,1000.);
#7689=VECTOR('',#15840,1000.);
#7690=VECTOR('',#15845,1000.);
#7691=VECTOR('',#15848,1000.);
#7692=VECTOR('',#15849,1000.);
#7693=VECTOR('',#15850,1000.);
#7694=VECTOR('',#15851,1000.);
#7695=VECTOR('',#15856,1000.);
#7696=VECTOR('',#15859,1000.);
#7697=VECTOR('',#15862,1000.);
#7698=VECTOR('',#15863,1000.);
#7699=VECTOR('',#15866,1000.);
#7700=VECTOR('',#15875,1000.);
#7701=VECTOR('',#15878,1000.);
#7702=VECTOR('',#15881,1000.);
#7703=VECTOR('',#15882,1000.);
#7704=VECTOR('',#15883,1000.);
#7705=VECTOR('',#15884,1000.);
#7706=VECTOR('',#15887,1000.);
#7707=VECTOR('',#15888,1000.);
#7708=VECTOR('',#15889,1000.);
#7709=VECTOR('',#15892,1000.);
#7710=VECTOR('',#15893,1000.);
#7711=VECTOR('',#15894,1000.);
#7712=VECTOR('',#15895,1000.);
#7713=VECTOR('',#15896,1000.);
#7714=VECTOR('',#15897,1000.);
#7715=VECTOR('',#15898,1000.);
#7716=VECTOR('',#15899,1000.);
#7717=VECTOR('',#15900,1000.);
#7718=VECTOR('',#15901,1000.);
#7719=VECTOR('',#15902,1000.);
#7720=VECTOR('',#15903,1000.);
#7721=VECTOR('',#15906,1000.);
#7722=VECTOR('',#15907,1000.);
#7723=VECTOR('',#15908,1000.);
#7724=VECTOR('',#15909,1000.);
#7725=VECTOR('',#15910,1000.);
#7726=VECTOR('',#15911,1000.);
#7727=VECTOR('',#15912,1000.);
#7728=VECTOR('',#15913,1000.);
#7729=VECTOR('',#15914,1000.);
#7730=VECTOR('',#15915,1000.);
#7731=VECTOR('',#15916,1000.);
#7732=VECTOR('',#15917,1000.);
#7733=VECTOR('',#15918,1000.);
#7734=VECTOR('',#15919,1000.);
#7735=VECTOR('',#15920,1000.);
#7736=VECTOR('',#15921,1000.);
#7737=VECTOR('',#15922,1000.);
#7738=VECTOR('',#15923,1000.);
#7739=VECTOR('',#15924,1000.);
#7740=VECTOR('',#15925,1000.);
#7741=VECTOR('',#15926,1000.);
#7742=VECTOR('',#15927,1000.);
#7743=VECTOR('',#15928,1000.);
#7744=VECTOR('',#15929,1000.);
#7745=VECTOR('',#15930,1000.);
#7746=VECTOR('',#15931,1000.);
#7747=VECTOR('',#15932,1000.);
#7748=VECTOR('',#15933,1000.);
#7749=VECTOR('',#15936,1000.);
#7750=VECTOR('',#15937,1000.);
#7751=VECTOR('',#15938,1000.);
#7752=VECTOR('',#15939,1000.);
#7753=VECTOR('',#15940,1000.);
#7754=VECTOR('',#15945,1000.);
#7755=VECTOR('',#15946,1000.);
#7756=VECTOR('',#15947,1000.);
#7757=VECTOR('',#15948,1000.);
#7758=VECTOR('',#15949,1000.);
#7759=VECTOR('',#15958,1000.);
#7760=VECTOR('',#15963,1000.);
#7761=VECTOR('',#15966,1000.);
#7762=VECTOR('',#15969,1000.);
#7763=VECTOR('',#15970,1000.);
#7764=VECTOR('',#15973,1000.);
#7765=VECTOR('',#15978,1000.);
#7766=VECTOR('',#15981,1000.);
#7767=VECTOR('',#15982,1000.);
#7768=VECTOR('',#15983,1000.);
#7769=VECTOR('',#15986,1000.);
#7770=VECTOR('',#15991,1000.);
#7771=VECTOR('',#15994,1000.);
#7772=VECTOR('',#15995,1000.);
#7773=VECTOR('',#16000,1000.);
#7774=VECTOR('',#16003,1000.);
#7775=VECTOR('',#16010,1000.);
#7776=VECTOR('',#16011,1000.);
#7777=VECTOR('',#16012,1000.);
#7778=VECTOR('',#16015,1000.);
#7779=VECTOR('',#16016,1000.);
#7780=VECTOR('',#16017,1000.);
#7781=VECTOR('',#16018,1000.);
#7782=VECTOR('',#16019,1000.);
#7783=VECTOR('',#16020,1000.);
#7784=VECTOR('',#16021,1000.);
#7785=VECTOR('',#16022,1000.);
#7786=VECTOR('',#16025,1000.);
#7787=VECTOR('',#16026,1000.);
#7788=VECTOR('',#16027,1000.);
#7789=VECTOR('',#16032,1000.);
#7790=VECTOR('',#16033,1000.);
#7791=VECTOR('',#16034,1000.);
#7792=VECTOR('',#16035,1000.);
#7793=VECTOR('',#16038,1000.);
#7794=VECTOR('',#16039,1000.);
#7795=VECTOR('',#16040,1000.);
#7796=VECTOR('',#16041,1000.);
#7797=VECTOR('',#16048,1000.);
#7798=VECTOR('',#16049,1000.);
#7799=VECTOR('',#16050,1000.);
#7800=VECTOR('',#16051,1000.);
#7801=VECTOR('',#16052,1000.);
#7802=VECTOR('',#16057,1000.);
#7803=VECTOR('',#16058,1000.);
#7804=VECTOR('',#16061,1000.);
#7805=VECTOR('',#16064,1000.);
#7806=VECTOR('',#16069,1000.);
#7807=VECTOR('',#16076,1000.);
#7808=VECTOR('',#16081,1000.);
#7809=VECTOR('',#16082,1000.);
#7810=VECTOR('',#16083,1000.);
#7811=VECTOR('',#16084,1000.);
#7812=VECTOR('',#16087,1000.);
#7813=VECTOR('',#16088,1000.);
#7814=VECTOR('',#16089,1000.);
#7815=VECTOR('',#16092,1000.);
#7816=VECTOR('',#16093,1000.);
#7817=VECTOR('',#16094,1000.);
#7818=VECTOR('',#16095,1000.);
#7819=VECTOR('',#16096,1000.);
#7820=VECTOR('',#16097,1000.);
#7821=VECTOR('',#16100,1000.);
#7822=VECTOR('',#16101,1000.);
#7823=VECTOR('',#16102,1000.);
#7824=VECTOR('',#16103,1000.);
#7825=VECTOR('',#16106,1000.);
#7826=VECTOR('',#16107,1000.);
#7827=VECTOR('',#16108,1000.);
#7828=VECTOR('',#16109,1000.);
#7829=VECTOR('',#16110,1000.);
#7830=VECTOR('',#16111,1000.);
#7831=VECTOR('',#16114,1000.);
#7832=VECTOR('',#16117,1000.);
#7833=VECTOR('',#16120,1000.);
#7834=VECTOR('',#16123,1000.);
#7835=VECTOR('',#16124,1000.);
#7836=VECTOR('',#16125,1000.);
#7837=VECTOR('',#16126,1000.);
#7838=VECTOR('',#16129,1000.);
#7839=VECTOR('',#16130,1000.);
#7840=VECTOR('',#16131,1000.);
#7841=VECTOR('',#16134,1000.);
#7842=VECTOR('',#16139,1000.);
#7843=VECTOR('',#16140,1000.);
#7844=VECTOR('',#16141,1000.);
#7845=VECTOR('',#16142,1000.);
#7846=VECTOR('',#16143,1000.);
#7847=VECTOR('',#16146,1000.);
#7848=VECTOR('',#16147,1000.);
#7849=VECTOR('',#16152,1000.);
#7850=VECTOR('',#16153,1000.);
#7851=VECTOR('',#16156,1000.);
#7852=VECTOR('',#16159,1000.);
#7853=VECTOR('',#16164,1000.);
#7854=VECTOR('',#16165,1000.);
#7855=VECTOR('',#16166,1000.);
#7856=VECTOR('',#16169,1000.);
#7857=VECTOR('',#16172,1000.);
#7858=VECTOR('',#16173,1000.);
#7859=VECTOR('',#16174,1000.);
#7860=VECTOR('',#16175,1000.);
#7861=VECTOR('',#16176,1000.);
#7862=VECTOR('',#16183,1000.);
#7863=VECTOR('',#16184,1000.);
#7864=VECTOR('',#16185,1000.);
#7865=VECTOR('',#16188,1000.);
#7866=VECTOR('',#16193,1000.);
#7867=VECTOR('',#16198,1000.);
#7868=VECTOR('',#16199,1000.);
#7869=VECTOR('',#16200,1000.);
#7870=VECTOR('',#16201,1000.);
#7871=VECTOR('',#16202,1000.);
#7872=VECTOR('',#16203,1000.);
#7873=VECTOR('',#16206,1000.);
#7874=VECTOR('',#16207,1000.);
#7875=VECTOR('',#16210,1000.);
#7876=VECTOR('',#16211,1000.);
#7877=VECTOR('',#16212,1000.);
#7878=VECTOR('',#16213,1000.);
#7879=VECTOR('',#16216,1000.);
#7880=VECTOR('',#16217,1000.);
#7881=VECTOR('',#16218,1000.);
#7882=VECTOR('',#16219,1000.);
#7883=VECTOR('',#16226,1000.);
#7884=VECTOR('',#16229,1000.);
#7885=VECTOR('',#16230,1000.);
#7886=VECTOR('',#16231,1000.);
#7887=VECTOR('',#16232,1000.);
#7888=VECTOR('',#16241,1000.);
#7889=VECTOR('',#16242,1000.);
#7890=VECTOR('',#16243,1000.);
#7891=VECTOR('',#16244,1000.);
#7892=VECTOR('',#16249,1000.);
#7893=VECTOR('',#16250,1000.);
#7894=VECTOR('',#16251,1000.);
#7895=VECTOR('',#16254,1000.);
#7896=VECTOR('',#16257,1000.);
#7897=VECTOR('',#16262,1000.);
#7898=VECTOR('',#16263,1000.);
#7899=VECTOR('',#16264,1000.);
#7900=VECTOR('',#16267,1000.);
#7901=VECTOR('',#16268,1000.);
#7902=VECTOR('',#16269,1000.);
#7903=VECTOR('',#16270,1000.);
#7904=VECTOR('',#16273,1000.);
#7905=VECTOR('',#16276,1000.);
#7906=VECTOR('',#16281,1000.);
#7907=VECTOR('',#16284,1000.);
#7908=VECTOR('',#16287,1000.);
#7909=VECTOR('',#16290,1000.);
#7910=VECTOR('',#16291,1000.);
#7911=VECTOR('',#16292,1000.);
#7912=VECTOR('',#16293,1000.);
#7913=VECTOR('',#16294,1000.);
#7914=VECTOR('',#16297,1000.);
#7915=VECTOR('',#16300,1000.);
#7916=VECTOR('',#16301,1000.);
#7917=VECTOR('',#16302,1000.);
#7918=VECTOR('',#16305,1000.);
#7919=VECTOR('',#16312,1000.);
#7920=VECTOR('',#16313,1000.);
#7921=VECTOR('',#16316,1000.);
#7922=VECTOR('',#16317,1000.);
#7923=VECTOR('',#16320,1000.);
#7924=VECTOR('',#16321,1000.);
#7925=VECTOR('',#16324,1000.);
#7926=VECTOR('',#16325,1000.);
#7927=VECTOR('',#16326,1000.);
#7928=VECTOR('',#16329,1000.);
#7929=VECTOR('',#16330,1000.);
#7930=VECTOR('',#16333,1000.);
#7931=VECTOR('',#16338,1000.);
#7932=VECTOR('',#16339,1000.);
#7933=VECTOR('',#16340,1000.);
#7934=VECTOR('',#16343,1000.);
#7935=VECTOR('',#16344,1000.);
#7936=VECTOR('',#16345,1000.);
#7937=VECTOR('',#16348,1000.);
#7938=VECTOR('',#16349,1000.);
#7939=VECTOR('',#16350,1000.);
#7940=VECTOR('',#16351,1000.);
#7941=VECTOR('',#16354,1000.);
#7942=VECTOR('',#16361,1000.);
#7943=VECTOR('',#16364,1000.);
#7944=VECTOR('',#16367,1000.);
#7945=VECTOR('',#16368,1000.);
#7946=VECTOR('',#16369,1000.);
#7947=VECTOR('',#16372,1000.);
#7948=VECTOR('',#16379,1000.);
#7949=VECTOR('',#16380,1000.);
#7950=VECTOR('',#16381,1000.);
#7951=VECTOR('',#16384,1000.);
#7952=VECTOR('',#16387,1000.);
#7953=VECTOR('',#16390,1000.);
#7954=VECTOR('',#16395,1000.);
#7955=VECTOR('',#16396,1000.);
#7956=VECTOR('',#16399,1000.);
#7957=VECTOR('',#16400,1000.);
#7958=VECTOR('',#16403,1000.);
#7959=VECTOR('',#16404,1000.);
#7960=VECTOR('',#16405,1000.);
#7961=VECTOR('',#16406,1000.);
#7962=VECTOR('',#16407,1000.);
#7963=VECTOR('',#16408,1000.);
#7964=VECTOR('',#16409,1000.);
#7965=VECTOR('',#16410,1000.);
#7966=VECTOR('',#16411,1000.);
#7967=VECTOR('',#16412,1000.);
#7968=VECTOR('',#16413,1000.);
#7969=VECTOR('',#16414,1000.);
#7970=VECTOR('',#16415,1000.);
#7971=VECTOR('',#16418,1000.);
#7972=VECTOR('',#16421,1000.);
#7973=VECTOR('',#16424,1000.);
#7974=VECTOR('',#16425,1000.);
#7975=VECTOR('',#16430,1000.);
#7976=VECTOR('',#16433,1000.);
#7977=VECTOR('',#16434,1000.);
#7978=VECTOR('',#16437,1000.);
#7979=VECTOR('',#16438,1000.);
#7980=VECTOR('',#16441,1000.);
#7981=VECTOR('',#16442,1000.);
#7982=VECTOR('',#16443,1000.);
#7983=VECTOR('',#16444,1000.);
#7984=VECTOR('',#16453,1000.);
#7985=VECTOR('',#16454,1000.);
#7986=VECTOR('',#16459,1000.);
#7987=VECTOR('',#16460,1000.);
#7988=VECTOR('',#16461,1000.);
#7989=VECTOR('',#16462,1000.);
#7990=VECTOR('',#16465,1000.);
#7991=VECTOR('',#16466,1000.);
#7992=VECTOR('',#16467,1000.);
#7993=VECTOR('',#16468,1000.);
#7994=VECTOR('',#16471,1000.);
#7995=VECTOR('',#16472,1000.);
#7996=VECTOR('',#16475,1000.);
#7997=VECTOR('',#16476,1000.);
#7998=VECTOR('',#16479,1000.);
#7999=VECTOR('',#16482,1000.);
#8000=VECTOR('',#16485,1000.);
#8001=VECTOR('',#16486,1000.);
#8002=VECTOR('',#16487,1000.);
#8003=VECTOR('',#16488,1000.);
#8004=VECTOR('',#16491,1000.);
#8005=VECTOR('',#16492,1000.);
#8006=VECTOR('',#16493,1000.);
#8007=VECTOR('',#16496,1000.);
#8008=VECTOR('',#16497,1000.);
#8009=VECTOR('',#16498,1000.);
#8010=VECTOR('',#16499,1000.);
#8011=VECTOR('',#16500,1000.);
#8012=VECTOR('',#16501,1000.);
#8013=VECTOR('',#16504,1000.);
#8014=VECTOR('',#16509,1000.);
#8015=VECTOR('',#16510,1000.);
#8016=VECTOR('',#16511,1000.);
#8017=VECTOR('',#16512,1000.);
#8018=VECTOR('',#16513,1000.);
#8019=VECTOR('',#16514,1000.);
#8020=VECTOR('',#16515,1000.);
#8021=VECTOR('',#16516,1000.);
#8022=VECTOR('',#16517,1000.);
#8023=VECTOR('',#16518,1000.);
#8024=VECTOR('',#16519,1000.);
#8025=VECTOR('',#16520,1000.);
#8026=VECTOR('',#16521,1000.);
#8027=VECTOR('',#16522,1000.);
#8028=VECTOR('',#16523,1000.);
#8029=VECTOR('',#16524,1000.);
#8030=VECTOR('',#16525,1000.);
#8031=VECTOR('',#16528,1000.);
#8032=VECTOR('',#16533,1000.);
#8033=VECTOR('',#16534,1000.);
#8034=VECTOR('',#16535,1000.);
#8035=VECTOR('',#16536,1000.);
#8036=VECTOR('',#16539,1000.);
#8037=VECTOR('',#16544,1000.);
#8038=VECTOR('',#16545,1000.);
#8039=VECTOR('',#16546,1000.);
#8040=VECTOR('',#16549,1000.);
#8041=VECTOR('',#16552,1000.);
#8042=VECTOR('',#16555,1000.);
#8043=VECTOR('',#16558,1000.);
#8044=VECTOR('',#16559,1000.);
#8045=VECTOR('',#16560,1000.);
#8046=VECTOR('',#16563,1000.);
#8047=VECTOR('',#16564,1000.);
#8048=VECTOR('',#16571,1000.);
#8049=VECTOR('',#16572,1000.);
#8050=VECTOR('',#16575,1000.);
#8051=VECTOR('',#16576,1000.);
#8052=VECTOR('',#16577,1000.);
#8053=VECTOR('',#16580,1000.);
#8054=VECTOR('',#16583,1000.);
#8055=VECTOR('',#16586,1000.);
#8056=VECTOR('',#16587,1000.);
#8057=VECTOR('',#16590,1000.);
#8058=VECTOR('',#16593,1000.);
#8059=VECTOR('',#16596,1000.);
#8060=VECTOR('',#16597,1000.);
#8061=VECTOR('',#16602,1000.);
#8062=VECTOR('',#16603,1000.);
#8063=VECTOR('',#16606,1000.);
#8064=VECTOR('',#16609,1000.);
#8065=VECTOR('',#16616,1000.);
#8066=VECTOR('',#16619,1000.);
#8067=VECTOR('',#16622,1000.);
#8068=VECTOR('',#16631,1000.);
#8069=VECTOR('',#16632,1000.);
#8070=VECTOR('',#16633,1000.);
#8071=VECTOR('',#16634,1000.);
#8072=VECTOR('',#16639,1000.);
#8073=VECTOR('',#16640,1000.);
#8074=VECTOR('',#16643,1000.);
#8075=VECTOR('',#16644,1000.);
#8076=VECTOR('',#16645,1000.);
#8077=VECTOR('',#16646,1000.);
#8078=VECTOR('',#16647,1000.);
#8079=VECTOR('',#16648,1000.);
#8080=VECTOR('',#16649,1000.);
#8081=VECTOR('',#16652,1000.);
#8082=VECTOR('',#16653,1000.);
#8083=VECTOR('',#16654,1000.);
#8084=VECTOR('',#16655,1000.);
#8085=VECTOR('',#16656,1000.);
#8086=VECTOR('',#16661,1000.);
#8087=VECTOR('',#16662,1000.);
#8088=VECTOR('',#16665,1000.);
#8089=VECTOR('',#16666,1000.);
#8090=VECTOR('',#16667,1000.);
#8091=VECTOR('',#16670,1000.);
#8092=VECTOR('',#16673,1000.);
#8093=VECTOR('',#16674,1000.);
#8094=VECTOR('',#16683,1000.);
#8095=VECTOR('',#16684,1000.);
#8096=VECTOR('',#16685,1000.);
#8097=VECTOR('',#16688,1000.);
#8098=VECTOR('',#16689,1000.);
#8099=VECTOR('',#16690,1000.);
#8100=VECTOR('',#16693,1000.);
#8101=VECTOR('',#16696,1000.);
#8102=VECTOR('',#16697,1000.);
#8103=VECTOR('',#16700,1000.);
#8104=VECTOR('',#16701,1000.);
#8105=VECTOR('',#16704,1000.);
#8106=VECTOR('',#16709,1000.);
#8107=VECTOR('',#16710,1000.);
#8108=VECTOR('',#16713,1000.);
#8109=VECTOR('',#16714,1000.);
#8110=VECTOR('',#16715,1000.);
#8111=VECTOR('',#16724,1000.);
#8112=VECTOR('',#16725,1000.);
#8113=VECTOR('',#16730,1000.);
#8114=VECTOR('',#16731,1000.);
#8115=VECTOR('',#16732,1000.);
#8116=VECTOR('',#16733,1000.);
#8117=VECTOR('',#16736,1000.);
#8118=VECTOR('',#16739,1000.);
#8119=VECTOR('',#16748,1000.);
#8120=VECTOR('',#16749,1000.);
#8121=VECTOR('',#16750,1000.);
#8122=VECTOR('',#16751,1000.);
#8123=VECTOR('',#16752,1000.);
#8124=VECTOR('',#16755,1000.);
#8125=VECTOR('',#16756,1000.);
#8126=VECTOR('',#16761,1000.);
#8127=VECTOR('',#16766,1000.);
#8128=VECTOR('',#16767,1000.);
#8129=VECTOR('',#16770,1000.);
#8130=VECTOR('',#16771,1000.);
#8131=VECTOR('',#16776,1000.);
#8132=VECTOR('',#16781,1000.);
#8133=VECTOR('',#16782,1000.);
#8134=VECTOR('',#16783,1000.);
#8135=VECTOR('',#16784,1000.);
#8136=VECTOR('',#16787,1000.);
#8137=VECTOR('',#16788,1000.);
#8138=VECTOR('',#16789,1000.);
#8139=VECTOR('',#16792,1000.);
#8140=VECTOR('',#16793,1000.);
#8141=VECTOR('',#16796,1000.);
#8142=VECTOR('',#16797,1000.);
#8143=VECTOR('',#16798,1000.);
#8144=VECTOR('',#16799,1000.);
#8145=VECTOR('',#16802,1000.);
#8146=VECTOR('',#16803,1000.);
#8147=VECTOR('',#16804,1000.);
#8148=VECTOR('',#16805,1000.);
#8149=VECTOR('',#16808,1000.);
#8150=VECTOR('',#16811,1000.);
#8151=VECTOR('',#16816,1000.);
#8152=VECTOR('',#16817,1000.);
#8153=VECTOR('',#16818,1000.);
#8154=VECTOR('',#16819,1000.);
#8155=VECTOR('',#16822,1000.);
#8156=VECTOR('',#16823,1000.);
#8157=VECTOR('',#16824,1000.);
#8158=VECTOR('',#16827,1000.);
#8159=VECTOR('',#16830,1000.);
#8160=VECTOR('',#16835,1000.);
#8161=VECTOR('',#16838,1000.);
#8162=VECTOR('',#16839,1000.);
#8163=VECTOR('',#16840,1000.);
#8164=VECTOR('',#16843,1000.);
#8165=VECTOR('',#16844,1000.);
#8166=VECTOR('',#16847,1000.);
#8167=VECTOR('',#16848,1000.);
#8168=VECTOR('',#16851,1000.);
#8169=VECTOR('',#16852,1000.);
#8170=VECTOR('',#16855,1000.);
#8171=VECTOR('',#16856,1000.);
#8172=VECTOR('',#16859,1000.);
#8173=VECTOR('',#16860,1000.);
#8174=VECTOR('',#16861,1000.);
#8175=VECTOR('',#16862,1000.);
#8176=VECTOR('',#16865,1000.);
#8177=VECTOR('',#16870,1000.);
#8178=VECTOR('',#16877,1000.);
#8179=VECTOR('',#16878,1000.);
#8180=VECTOR('',#16881,1000.);
#8181=VECTOR('',#16884,1000.);
#8182=VECTOR('',#16887,1000.);
#8183=VECTOR('',#16888,1000.);
#8184=VECTOR('',#16891,1000.);
#8185=VECTOR('',#16892,1000.);
#8186=VECTOR('',#16893,1000.);
#8187=VECTOR('',#16894,1000.);
#8188=VECTOR('',#16895,1000.);
#8189=VECTOR('',#16896,1000.);
#8190=VECTOR('',#16897,1000.);
#8191=VECTOR('',#16898,1000.);
#8192=VECTOR('',#16899,1000.);
#8193=VECTOR('',#16900,1000.);
#8194=VECTOR('',#16901,1000.);
#8195=VECTOR('',#16902,1000.);
#8196=VECTOR('',#16903,1000.);
#8197=VECTOR('',#16904,1000.);
#8198=VECTOR('',#16907,1000.);
#8199=VECTOR('',#16908,1000.);
#8200=VECTOR('',#16911,1000.);
#8201=VECTOR('',#16914,1000.);
#8202=VECTOR('',#16917,1000.);
#8203=VECTOR('',#16918,1000.);
#8204=VECTOR('',#16919,1000.);
#8205=VECTOR('',#16920,1000.);
#8206=VECTOR('',#16921,1000.);
#8207=VECTOR('',#16922,1000.);
#8208=VECTOR('',#16923,1000.);
#8209=VECTOR('',#16924,1000.);
#8210=VECTOR('',#16929,1000.);
#8211=VECTOR('',#16932,1000.);
#8212=VECTOR('',#16933,1000.);
#8213=VECTOR('',#16934,1000.);
#8214=VECTOR('',#16935,1000.);
#8215=VECTOR('',#16938,1000.);
#8216=VECTOR('',#16939,1000.);
#8217=VECTOR('',#16942,1000.);
#8218=VECTOR('',#16945,1000.);
#8219=VECTOR('',#16946,1000.);
#8220=VECTOR('',#16949,1000.);
#8221=VECTOR('',#16950,1000.);
#8222=VECTOR('',#16953,1000.);
#8223=VECTOR('',#16954,1000.);
#8224=VECTOR('',#16957,1000.);
#8225=VECTOR('',#16958,1000.);
#8226=VECTOR('',#16959,1000.);
#8227=VECTOR('',#16962,1000.);
#8228=VECTOR('',#16967,1000.);
#8229=VECTOR('',#16972,1000.);
#8230=VECTOR('',#16973,1000.);
#8231=VECTOR('',#16976,1000.);
#8232=VECTOR('',#16977,1000.);
#8233=VECTOR('',#16980,1000.);
#8234=VECTOR('',#16983,1000.);
#8235=VECTOR('',#16984,1000.);
#8236=VECTOR('',#16987,1000.);
#8237=VECTOR('',#16988,1000.);
#8238=VECTOR('',#16989,1000.);
#8239=VECTOR('',#16992,1000.);
#8240=VECTOR('',#16993,1000.);
#8241=VECTOR('',#17000,1000.);
#8242=VECTOR('',#17011,1000.);
#8243=VECTOR('',#17012,1000.);
#8244=VECTOR('',#17017,1000.);
#8245=VECTOR('',#17018,1000.);
#8246=VECTOR('',#17019,1000.);
#8247=VECTOR('',#17022,1000.);
#8248=VECTOR('',#17033,1000.);
#8249=VECTOR('',#17036,1000.);
#8250=VECTOR('',#17043,1000.);
#8251=VECTOR('',#17046,1000.);
#8252=VECTOR('',#17049,1000.);
#8253=VECTOR('',#17050,1000.);
#8254=VECTOR('',#17051,1000.);
#8255=VECTOR('',#17054,1000.);
#8256=VECTOR('',#17061,1000.);
#8257=VECTOR('',#17064,1000.);
#8258=VECTOR('',#17069,1000.);
#8259=VECTOR('',#17070,1000.);
#8260=VECTOR('',#17071,1000.);
#8261=VECTOR('',#17076,1000.);
#8262=VECTOR('',#17079,1000.);
#8263=VECTOR('',#17080,1000.);
#8264=VECTOR('',#17081,1000.);
#8265=VECTOR('',#17082,1000.);
#8266=VECTOR('',#17087,1000.);
#8267=VECTOR('',#17090,1000.);
#8268=VECTOR('',#17097,1000.);
#8269=VECTOR('',#17098,1000.);
#8270=VECTOR('',#17101,1000.);
#8271=VECTOR('',#17102,1000.);
#8272=VECTOR('',#17107,1000.);
#8273=VECTOR('',#17118,1000.);
#8274=VECTOR('',#17119,1000.);
#8275=VECTOR('',#17120,1000.);
#8276=VECTOR('',#17121,1000.);
#8277=VECTOR('',#17124,1000.);
#8278=VECTOR('',#17125,1000.);
#8279=VECTOR('',#17126,1000.);
#8280=VECTOR('',#17129,1000.);
#8281=VECTOR('',#17130,1000.);
#8282=VECTOR('',#17135,1000.);
#8283=VECTOR('',#17136,1000.);
#8284=VECTOR('',#17139,1000.);
#8285=VECTOR('',#17140,1000.);
#8286=VECTOR('',#17141,1000.);
#8287=VECTOR('',#17142,1000.);
#8288=VECTOR('',#17143,1000.);
#8289=VECTOR('',#17144,1000.);
#8290=VECTOR('',#17145,1000.);
#8291=VECTOR('',#17146,1000.);
#8292=VECTOR('',#17147,1000.);
#8293=VECTOR('',#17148,1000.);
#8294=VECTOR('',#17149,1000.);
#8295=VECTOR('',#17150,1000.);
#8296=VECTOR('',#17151,1000.);
#8297=VECTOR('',#17152,1000.);
#8298=VECTOR('',#17153,1000.);
#8299=VECTOR('',#17154,1000.);
#8300=VECTOR('',#17155,1000.);
#8301=VECTOR('',#17156,1000.);
#8302=VECTOR('',#17157,1000.);
#8303=VECTOR('',#17158,1000.);
#8304=VECTOR('',#17159,1000.);
#8305=VECTOR('',#17164,1000.);
#8306=VECTOR('',#17165,1000.);
#8307=VECTOR('',#17168,1000.);
#8308=VECTOR('',#17169,1000.);
#8309=VECTOR('',#17170,1000.);
#8310=VECTOR('',#17173,1000.);
#8311=VECTOR('',#17174,1000.);
#8312=VECTOR('',#17175,1000.);
#8313=VECTOR('',#17176,1000.);
#8314=VECTOR('',#17177,1000.);
#8315=VECTOR('',#17178,1000.);
#8316=VECTOR('',#17179,1000.);
#8317=VECTOR('',#17180,1000.);
#8318=VECTOR('',#17181,1000.);
#8319=VECTOR('',#17190,1000.);
#8320=VECTOR('',#17191,1000.);
#8321=VECTOR('',#17192,1000.);
#8322=VECTOR('',#17195,1000.);
#8323=VECTOR('',#17202,1000.);
#8324=VECTOR('',#17205,1000.);
#8325=VECTOR('',#17208,1000.);
#8326=VECTOR('',#17209,1000.);
#8327=VECTOR('',#17218,1000.);
#8328=VECTOR('',#17219,1000.);
#8329=VECTOR('',#17220,1000.);
#8330=VECTOR('',#17223,1000.);
#8331=VECTOR('',#17226,1000.);
#8332=VECTOR('',#17227,1000.);
#8333=VECTOR('',#17228,1000.);
#8334=VECTOR('',#17231,1000.);
#8335=VECTOR('',#17232,1000.);
#8336=VECTOR('',#17235,1000.);
#8337=VECTOR('',#17238,1000.);
#8338=VECTOR('',#17239,1000.);
#8339=VECTOR('',#17240,1000.);
#8340=VECTOR('',#17241,1000.);
#8341=VECTOR('',#17242,1000.);
#8342=VECTOR('',#17243,1000.);
#8343=VECTOR('',#17244,1000.);
#8344=VECTOR('',#17247,1000.);
#8345=VECTOR('',#17248,1000.);
#8346=VECTOR('',#17253,1000.);
#8347=VECTOR('',#17256,1000.);
#8348=VECTOR('',#17257,1000.);
#8349=VECTOR('',#17262,1000.);
#8350=VECTOR('',#17263,1000.);
#8351=VECTOR('',#17266,1000.);
#8352=VECTOR('',#17267,1000.);
#8353=VECTOR('',#17268,1000.);
#8354=VECTOR('',#17269,1000.);
#8355=VECTOR('',#17270,1000.);
#8356=VECTOR('',#17271,1000.);
#8357=VECTOR('',#17272,1000.);
#8358=VECTOR('',#17273,1000.);
#8359=VECTOR('',#17274,1000.);
#8360=VECTOR('',#17275,1000.);
#8361=VECTOR('',#17278,1000.);
#8362=VECTOR('',#17279,1000.);
#8363=VECTOR('',#17282,1000.);
#8364=VECTOR('',#17283,1000.);
#8365=VECTOR('',#17284,1000.);
#8366=VECTOR('',#17291,1000.);
#8367=VECTOR('',#17294,1000.);
#8368=VECTOR('',#17295,1000.);
#8369=VECTOR('',#17296,1000.);
#8370=VECTOR('',#17297,1000.);
#8371=VECTOR('',#17304,1000.);
#8372=VECTOR('',#17311,1000.);
#8373=VECTOR('',#17316,1000.);
#8374=VECTOR('',#17321,1000.);
#8375=VECTOR('',#17322,1000.);
#8376=VECTOR('',#17323,1000.);
#8377=VECTOR('',#17324,1000.);
#8378=VECTOR('',#17325,1000.);
#8379=VECTOR('',#17326,1000.);
#8380=VECTOR('',#17327,1000.);
#8381=VECTOR('',#17328,1000.);
#8382=VECTOR('',#17329,1000.);
#8383=VECTOR('',#17332,1000.);
#8384=VECTOR('',#17337,1000.);
#8385=VECTOR('',#17340,1000.);
#8386=VECTOR('',#17345,1000.);
#8387=VECTOR('',#17346,1000.);
#8388=VECTOR('',#17347,1000.);
#8389=VECTOR('',#17350,1000.);
#8390=VECTOR('',#17355,1000.);
#8391=VECTOR('',#17356,1000.);
#8392=VECTOR('',#17363,1000.);
#8393=VECTOR('',#17364,1000.);
#8394=VECTOR('',#17369,1000.);
#8395=VECTOR('',#17372,1000.);
#8396=VECTOR('',#17379,1000.);
#8397=VECTOR('',#17380,1000.);
#8398=VECTOR('',#17383,1000.);
#8399=VECTOR('',#17384,1000.);
#8400=VECTOR('',#17389,1000.);
#8401=VECTOR('',#17392,1000.);
#8402=VECTOR('',#17397,1000.);
#8403=VECTOR('',#17398,1000.);
#8404=VECTOR('',#17403,1000.);
#8405=VECTOR('',#17404,1000.);
#8406=VECTOR('',#17405,1000.);
#8407=VECTOR('',#17408,1000.);
#8408=VECTOR('',#17409,1000.);
#8409=VECTOR('',#17410,1000.);
#8410=VECTOR('',#17415,1000.);
#8411=VECTOR('',#17422,1000.);
#8412=VECTOR('',#17427,1000.);
#8413=VECTOR('',#17432,1000.);
#8414=VECTOR('',#17435,1000.);
#8415=VECTOR('',#17440,1000.);
#8416=VECTOR('',#17441,1000.);
#8417=VECTOR('',#17444,1000.);
#8418=VECTOR('',#17449,1000.);
#8419=VECTOR('',#17450,1000.);
#8420=VECTOR('',#17451,1000.);
#8421=VECTOR('',#17454,1000.);
#8422=VECTOR('',#17455,1000.);
#8423=VECTOR('',#17458,1000.);
#8424=VECTOR('',#17459,1000.);
#8425=VECTOR('',#17464,1000.);
#8426=VECTOR('',#17469,1000.);
#8427=VECTOR('',#17478,1000.);
#8428=VECTOR('',#17479,1000.);
#8429=VECTOR('',#17482,1000.);
#8430=VECTOR('',#17483,1000.);
#8431=VECTOR('',#17484,1000.);
#8432=VECTOR('',#17487,1000.);
#8433=VECTOR('',#17488,1000.);
#8434=VECTOR('',#17489,1000.);
#8435=VECTOR('',#17490,1000.);
#8436=VECTOR('',#17491,1000.);
#8437=VECTOR('',#17492,1000.);
#8438=VECTOR('',#17493,1000.);
#8439=VECTOR('',#17494,1000.);
#8440=VECTOR('',#17495,1000.);
#8441=VECTOR('',#17496,1000.);
#8442=VECTOR('',#17497,1000.);
#8443=VECTOR('',#17498,1000.);
#8444=VECTOR('',#17499,1000.);
#8445=VECTOR('',#17504,1000.);
#8446=VECTOR('',#17507,1000.);
#8447=VECTOR('',#17510,1000.);
#8448=VECTOR('',#17511,1000.);
#8449=VECTOR('',#17518,1000.);
#8450=VECTOR('',#17519,1000.);
#8451=VECTOR('',#17528,1000.);
#8452=VECTOR('',#17529,1000.);
#8453=VECTOR('',#17532,1000.);
#8454=VECTOR('',#17533,1000.);
#8455=VECTOR('',#17540,1000.);
#8456=VECTOR('',#17543,1000.);
#8457=VECTOR('',#17546,1000.);
#8458=VECTOR('',#17549,1000.);
#8459=VECTOR('',#17550,1000.);
#8460=VECTOR('',#17553,1000.);
#8461=VECTOR('',#17556,1000.);
#8462=VECTOR('',#17557,1000.);
#8463=VECTOR('',#17560,1000.);
#8464=VECTOR('',#17569,1000.);
#8465=VECTOR('',#17570,1000.);
#8466=VECTOR('',#17571,1000.);
#8467=VECTOR('',#17574,1000.);
#8468=VECTOR('',#17575,1000.);
#8469=VECTOR('',#17576,1000.);
#8470=VECTOR('',#17581,1000.);
#8471=VECTOR('',#17582,1000.);
#8472=VECTOR('',#17589,1000.);
#8473=VECTOR('',#17594,1000.);
#8474=VECTOR('',#17595,1000.);
#8475=VECTOR('',#17596,1000.);
#8476=VECTOR('',#17597,1000.);
#8477=VECTOR('',#17598,1000.);
#8478=VECTOR('',#17599,1000.);
#8479=VECTOR('',#17602,1000.);
#8480=VECTOR('',#17605,1000.);
#8481=VECTOR('',#17606,1000.);
#8482=VECTOR('',#17613,1000.);
#8483=VECTOR('',#17622,1000.);
#8484=VECTOR('',#17627,1000.);
#8485=VECTOR('',#17630,1000.);
#8486=VECTOR('',#17637,1000.);
#8487=VECTOR('',#17640,1000.);
#8488=VECTOR('',#17643,1000.);
#8489=VECTOR('',#17650,1000.);
#8490=VECTOR('',#17657,1000.);
#8491=VECTOR('',#17658,1000.);
#8492=VECTOR('',#17663,1000.);
#8493=VECTOR('',#17666,1000.);
#8494=VECTOR('',#17669,1000.);
#8495=VECTOR('',#17688,1000.);
#8496=VECTOR('',#17691,1000.);
#8497=VECTOR('',#17700,1000.);
#8498=VECTOR('',#17709,1000.);
#8499=VECTOR('',#17710,1000.);
#8500=VECTOR('',#17711,1000.);
#8501=VECTOR('',#17716,1000.);
#8502=VECTOR('',#17721,1000.);
#8503=VECTOR('',#17724,1000.);
#8504=VECTOR('',#17727,1000.);
#8505=VECTOR('',#17728,1000.);
#8506=VECTOR('',#17733,1000.);
#8507=VECTOR('',#17736,1000.);
#8508=VECTOR('',#17755,1000.);
#8509=VECTOR('',#17760,1000.);
#8510=VECTOR('',#17773,1000.);
#8511=VECTOR('',#17774,1000.);
#8512=VECTOR('',#17789,1000.);
#8513=VECTOR('',#17798,1000.);
#8514=VECTOR('',#17799,1000.);
#8515=VECTOR('',#17808,1000.);
#8516=VECTOR('',#17811,1000.);
#8517=VECTOR('',#17816,1000.);
#8518=VECTOR('',#17819,1000.);
#8519=VECTOR('',#17832,1000.);
#8520=VECTOR('',#17837,1000.);
#8521=VECTOR('',#17842,1000.);
#8522=VECTOR('',#17845,1000.);
#8523=VECTOR('',#17858,1000.);
#8524=VECTOR('',#17863,1000.);
#8525=VECTOR('',#17866,1000.);
#8526=VECTOR('',#17867,1000.);
#8527=VECTOR('',#17874,1000.);
#8528=VECTOR('',#17879,1000.);
#8529=VECTOR('',#17882,1000.);
#8530=VECTOR('',#17883,1000.);
#8531=VECTOR('',#17886,1000.);
#8532=VECTOR('',#17893,1000.);
#8533=VECTOR('',#17896,1000.);
#8534=VECTOR('',#17899,1000.);
#8535=VECTOR('',#17912,1000.);
#8536=VECTOR('',#17927,1000.);
#8537=VECTOR('',#17928,1000.);
#8538=VECTOR('',#17929,1000.);
#8539=VECTOR('',#17930,1000.);
#8540=VECTOR('',#17945,1000.);
#8541=VECTOR('',#17956,1000.);
#8542=VECTOR('',#17961,1000.);
#8543=VECTOR('',#17964,1000.);
#8544=VECTOR('',#17985,1000.);
#8545=VECTOR('',#17988,1000.);
#8546=VECTOR('',#17991,1000.);
#8547=VECTOR('',#18004,1000.);
#8548=VECTOR('',#18017,1000.);
#8549=VECTOR('',#18038,1000.);
#8550=VECTOR('',#18045,1000.);
#8551=VECTOR('',#18052,1000.);
#8552=VECTOR('',#18065,1000.);
#8553=VECTOR('',#18080,1000.);
#8554=VECTOR('',#18085,1000.);
#8555=VECTOR('',#18098,1000.);
#8556=EDGE_LOOP('',(#621,#622,#623,#624,#625,#626));
#8557=EDGE_LOOP('',(#627,#628,#629,#630,#631,#632,#633,#634));
#8558=EDGE_LOOP('',(#635,#636,#637,#638));
#8559=EDGE_LOOP('',(#639,#640,#641,#642));
#8560=EDGE_LOOP('',(#643,#644,#645,#646,#647));
#8561=EDGE_LOOP('',(#648,#649,#650,#651,#652,#653,#654));
#8562=EDGE_LOOP('',(#655,#656,#657,#658));
#8563=EDGE_LOOP('',(#659,#660,#661,#662,#663,#664,#665));
#8564=EDGE_LOOP('',(#666,#667,#668,#669));
#8565=EDGE_LOOP('',(#670,#671,#672,#673));
#8566=EDGE_LOOP('',(#674,#675,#676,#677));
#8567=EDGE_LOOP('',(#678,#679,#680,#681,#682,#683));
#8568=EDGE_LOOP('',(#684,#685,#686,#687,#688,#689,#690,#691,#692,#693));
#8569=EDGE_LOOP('',(#694,#695,#696,#697,#698,#699,#700,#701));
#8570=EDGE_LOOP('',(#702,#703,#704,#705));
#8571=EDGE_LOOP('',(#706,#707,#708,#709,#710,#711));
#8572=EDGE_LOOP('',(#712,#713,#714,#715,#716,#717));
#8573=EDGE_LOOP('',(#718,#719,#720,#721));
#8574=EDGE_LOOP('',(#722,#723,#724,#725));
#8575=EDGE_LOOP('',(#726,#727,#728,#729));
#8576=EDGE_LOOP('',(#730,#731,#732,#733,#734,#735,#736,#737));
#8577=EDGE_LOOP('',(#738,#739,#740,#741,#742,#743,#744,#745,#746,#747,#748,
#749,#750,#751,#752,#753,#754,#755,#756,#757,#758,#759,#760,#761,#762,#763,
#764,#765,#766,#767,#768));
#8578=EDGE_LOOP('',(#769,#770,#771,#772));
#8579=EDGE_LOOP('',(#773,#774,#775,#776));
#8580=EDGE_LOOP('',(#777,#778,#779,#780,#781,#782,#783,#784,#785,#786));
#8581=EDGE_LOOP('',(#787,#788,#789,#790));
#8582=EDGE_LOOP('',(#791,#792,#793,#794));
#8583=EDGE_LOOP('',(#795,#796,#797,#798));
#8584=EDGE_LOOP('',(#799,#800,#801,#802,#803));
#8585=EDGE_LOOP('',(#804,#805,#806,#807,#808,#809,#810,#811));
#8586=EDGE_LOOP('',(#812,#813,#814,#815,#816));
#8587=EDGE_LOOP('',(#817,#818,#819,#820));
#8588=EDGE_LOOP('',(#821,#822,#823,#824));
#8589=EDGE_LOOP('',(#825,#826,#827,#828));
#8590=EDGE_LOOP('',(#829,#830,#831,#832));
#8591=EDGE_LOOP('',(#833,#834,#835,#836,#837,#838,#839));
#8592=EDGE_LOOP('',(#840,#841,#842,#843));
#8593=EDGE_LOOP('',(#844,#845,#846,#847,#848));
#8594=EDGE_LOOP('',(#849,#850,#851,#852));
#8595=EDGE_LOOP('',(#853,#854,#855,#856));
#8596=EDGE_LOOP('',(#857,#858,#859,#860));
#8597=EDGE_LOOP('',(#861,#862,#863,#864));
#8598=EDGE_LOOP('',(#865,#866,#867,#868));
#8599=EDGE_LOOP('',(#869,#870,#871,#872));
#8600=EDGE_LOOP('',(#873,#874,#875,#876,#877,#878,#879,#880,#881,#882,#883,
#884,#885,#886,#887,#888,#889,#890,#891));
#8601=EDGE_LOOP('',(#892,#893,#894,#895));
#8602=EDGE_LOOP('',(#896,#897,#898,#899,#900,#901,#902,#903));
#8603=EDGE_LOOP('',(#904,#905,#906,#907));
#8604=EDGE_LOOP('',(#908,#909,#910));
#8605=EDGE_LOOP('',(#911,#912,#913,#914,#915));
#8606=EDGE_LOOP('',(#916,#917,#918,#919,#920,#921,#922));
#8607=EDGE_LOOP('',(#923,#924,#925,#926));
#8608=EDGE_LOOP('',(#927,#928,#929,#930,#931));
#8609=EDGE_LOOP('',(#932,#933,#934,#935));
#8610=EDGE_LOOP('',(#936,#937,#938,#939));
#8611=EDGE_LOOP('',(#940,#941,#942,#943));
#8612=EDGE_LOOP('',(#944,#945,#946,#947,#948,#949,#950,#951,#952,#953,#954,
#955,#956,#957,#958,#959,#960,#961,#962,#963,#964,#965,#966,#967));
#8613=EDGE_LOOP('',(#968,#969,#970,#971));
#8614=EDGE_LOOP('',(#972,#973,#974,#975));
#8615=EDGE_LOOP('',(#976,#977,#978,#979,#980,#981));
#8616=EDGE_LOOP('',(#982,#983,#984,#985));
#8617=EDGE_LOOP('',(#986,#987,#988,#989));
#8618=EDGE_LOOP('',(#990,#991,#992,#993,#994,#995,#996));
#8619=EDGE_LOOP('',(#997,#998,#999,#1000));
#8620=EDGE_LOOP('',(#1001,#1002,#1003,#1004));
#8621=EDGE_LOOP('',(#1005,#1006,#1007,#1008));
#8622=EDGE_LOOP('',(#1009,#1010,#1011));
#8623=EDGE_LOOP('',(#1012,#1013,#1014,#1015));
#8624=EDGE_LOOP('',(#1016,#1017,#1018,#1019,#1020));
#8625=EDGE_LOOP('',(#1021,#1022,#1023));
#8626=EDGE_LOOP('',(#1024,#1025,#1026,#1027));
#8627=EDGE_LOOP('',(#1028,#1029,#1030,#1031));
#8628=EDGE_LOOP('',(#1032,#1033,#1034,#1035));
#8629=EDGE_LOOP('',(#1036,#1037,#1038,#1039,#1040,#1041));
#8630=EDGE_LOOP('',(#1042,#1043,#1044,#1045,#1046,#1047,#1048,#1049,#1050,
#1051));
#8631=EDGE_LOOP('',(#1052,#1053,#1054,#1055,#1056,#1057,#1058,#1059,#1060,
#1061));
#8632=EDGE_LOOP('',(#1062,#1063,#1064,#1065));
#8633=EDGE_LOOP('',(#1066,#1067,#1068,#1069));
#8634=EDGE_LOOP('',(#1070,#1071,#1072,#1073));
#8635=EDGE_LOOP('',(#1074,#1075,#1076,#1077,#1078,#1079));
#8636=EDGE_LOOP('',(#1080,#1081,#1082,#1083));
#8637=EDGE_LOOP('',(#1084,#1085,#1086,#1087));
#8638=EDGE_LOOP('',(#1088,#1089,#1090,#1091,#1092,#1093,#1094,#1095,#1096,
#1097,#1098,#1099,#1100,#1101,#1102,#1103,#1104,#1105,#1106,#1107,#1108,
#1109,#1110,#1111,#1112,#1113,#1114,#1115,#1116,#1117,#1118,#1119,#1120,
#1121,#1122,#1123,#1124,#1125,#1126,#1127,#1128,#1129,#1130,#1131,#1132,
#1133));
#8639=EDGE_LOOP('',(#1134,#1135,#1136,#1137,#1138,#1139,#1140));
#8640=EDGE_LOOP('',(#1141,#1142,#1143,#1144,#1145,#1146));
#8641=EDGE_LOOP('',(#1147,#1148,#1149,#1150,#1151));
#8642=EDGE_LOOP('',(#1152,#1153,#1154,#1155,#1156,#1157,#1158));
#8643=EDGE_LOOP('',(#1159,#1160,#1161,#1162,#1163,#1164,#1165,#1166,#1167,
#1168,#1169,#1170,#1171,#1172,#1173,#1174,#1175,#1176,#1177,#1178));
#8644=EDGE_LOOP('',(#1179,#1180,#1181,#1182,#1183,#1184,#1185,#1186));
#8645=EDGE_LOOP('',(#1187,#1188,#1189,#1190));
#8646=EDGE_LOOP('',(#1191,#1192,#1193,#1194,#1195,#1196,#1197,#1198,#1199,
#1200,#1201,#1202));
#8647=EDGE_LOOP('',(#1203,#1204,#1205,#1206));
#8648=EDGE_LOOP('',(#1207,#1208,#1209,#1210));
#8649=EDGE_LOOP('',(#1211,#1212,#1213,#1214));
#8650=EDGE_LOOP('',(#1215,#1216,#1217,#1218));
#8651=EDGE_LOOP('',(#1219,#1220,#1221,#1222,#1223,#1224,#1225,#1226));
#8652=EDGE_LOOP('',(#1227,#1228,#1229,#1230,#1231,#1232,#1233,#1234,#1235,
#1236));
#8653=EDGE_LOOP('',(#1237,#1238,#1239,#1240,#1241,#1242));
#8654=EDGE_LOOP('',(#1243,#1244,#1245,#1246));
#8655=EDGE_LOOP('',(#1247,#1248,#1249,#1250));
#8656=EDGE_LOOP('',(#1251,#1252,#1253,#1254,#1255,#1256));
#8657=EDGE_LOOP('',(#1257,#1258,#1259,#1260));
#8658=EDGE_LOOP('',(#1261,#1262,#1263,#1264,#1265,#1266));
#8659=EDGE_LOOP('',(#1267,#1268,#1269,#1270));
#8660=EDGE_LOOP('',(#1271,#1272,#1273,#1274));
#8661=EDGE_LOOP('',(#1275,#1276,#1277,#1278));
#8662=EDGE_LOOP('',(#1279,#1280,#1281,#1282));
#8663=EDGE_LOOP('',(#1283,#1284,#1285,#1286));
#8664=EDGE_LOOP('',(#1287,#1288,#1289,#1290,#1291));
#8665=EDGE_LOOP('',(#1292,#1293,#1294,#1295));
#8666=EDGE_LOOP('',(#1296,#1297,#1298,#1299));
#8667=EDGE_LOOP('',(#1300,#1301,#1302,#1303));
#8668=EDGE_LOOP('',(#1304,#1305,#1306,#1307,#1308,#1309,#1310));
#8669=EDGE_LOOP('',(#1311,#1312,#1313,#1314,#1315,#1316,#1317));
#8670=EDGE_LOOP('',(#1318,#1319,#1320,#1321,#1322,#1323));
#8671=EDGE_LOOP('',(#1324,#1325,#1326,#1327,#1328));
#8672=EDGE_LOOP('',(#1329,#1330,#1331,#1332,#1333,#1334,#1335));
#8673=EDGE_LOOP('',(#1336,#1337,#1338,#1339));
#8674=EDGE_LOOP('',(#1340,#1341,#1342,#1343));
#8675=EDGE_LOOP('',(#1344,#1345,#1346,#1347));
#8676=EDGE_LOOP('',(#1348,#1349,#1350,#1351));
#8677=EDGE_LOOP('',(#1352,#1353,#1354,#1355));
#8678=EDGE_LOOP('',(#1356,#1357,#1358,#1359));
#8679=EDGE_LOOP('',(#1360,#1361,#1362,#1363,#1364,#1365,#1366));
#8680=EDGE_LOOP('',(#1367,#1368,#1369,#1370));
#8681=EDGE_LOOP('',(#1371,#1372,#1373,#1374));
#8682=EDGE_LOOP('',(#1375,#1376,#1377,#1378));
#8683=EDGE_LOOP('',(#1379,#1380,#1381,#1382));
#8684=EDGE_LOOP('',(#1383,#1384,#1385,#1386));
#8685=EDGE_LOOP('',(#1387,#1388,#1389,#1390,#1391,#1392));
#8686=EDGE_LOOP('',(#1393,#1394,#1395,#1396,#1397,#1398,#1399,#1400,#1401,
#1402));
#8687=EDGE_LOOP('',(#1403,#1404,#1405,#1406));
#8688=EDGE_LOOP('',(#1407,#1408,#1409,#1410));
#8689=EDGE_LOOP('',(#1411,#1412,#1413,#1414,#1415,#1416));
#8690=EDGE_LOOP('',(#1417,#1418,#1419,#1420));
#8691=EDGE_LOOP('',(#1421,#1422,#1423,#1424));
#8692=EDGE_LOOP('',(#1425,#1426,#1427,#1428,#1429));
#8693=EDGE_LOOP('',(#1430,#1431,#1432,#1433,#1434,#1435,#1436,#1437));
#8694=EDGE_LOOP('',(#1438,#1439,#1440,#1441));
#8695=EDGE_LOOP('',(#1442,#1443,#1444,#1445));
#8696=EDGE_LOOP('',(#1446,#1447,#1448,#1449));
#8697=EDGE_LOOP('',(#1450,#1451,#1452,#1453));
#8698=EDGE_LOOP('',(#1454,#1455,#1456,#1457));
#8699=EDGE_LOOP('',(#1458,#1459,#1460,#1461));
#8700=EDGE_LOOP('',(#1462,#1463,#1464,#1465));
#8701=EDGE_LOOP('',(#1466,#1467,#1468,#1469));
#8702=EDGE_LOOP('',(#1470,#1471,#1472,#1473));
#8703=EDGE_LOOP('',(#1474,#1475,#1476,#1477));
#8704=EDGE_LOOP('',(#1478,#1479,#1480,#1481));
#8705=EDGE_LOOP('',(#1482,#1483,#1484,#1485));
#8706=EDGE_LOOP('',(#1486,#1487,#1488,#1489,#1490,#1491,#1492,#1493,#1494,
#1495,#1496,#1497,#1498,#1499,#1500,#1501));
#8707=EDGE_LOOP('',(#1502,#1503,#1504));
#8708=EDGE_LOOP('',(#1505,#1506,#1507,#1508));
#8709=EDGE_LOOP('',(#1509,#1510,#1511,#1512));
#8710=EDGE_LOOP('',(#1513,#1514,#1515,#1516));
#8711=EDGE_LOOP('',(#1517,#1518,#1519,#1520));
#8712=EDGE_LOOP('',(#1521,#1522,#1523,#1524));
#8713=EDGE_LOOP('',(#1525,#1526,#1527,#1528));
#8714=EDGE_LOOP('',(#1529,#1530,#1531,#1532));
#8715=EDGE_LOOP('',(#1533,#1534,#1535,#1536,#1537,#1538,#1539,#1540));
#8716=EDGE_LOOP('',(#1541,#1542,#1543,#1544));
#8717=EDGE_LOOP('',(#1545,#1546,#1547,#1548));
#8718=EDGE_LOOP('',(#1549,#1550,#1551,#1552));
#8719=EDGE_LOOP('',(#1553,#1554,#1555,#1556));
#8720=EDGE_LOOP('',(#1557,#1558,#1559,#1560));
#8721=EDGE_LOOP('',(#1561,#1562,#1563,#1564,#1565));
#8722=EDGE_LOOP('',(#1566,#1567,#1568,#1569,#1570,#1571,#1572));
#8723=EDGE_LOOP('',(#1573,#1574,#1575,#1576,#1577));
#8724=EDGE_LOOP('',(#1578,#1579,#1580,#1581,#1582,#1583,#1584,#1585,#1586,
#1587,#1588,#1589,#1590,#1591,#1592,#1593,#1594,#1595,#1596,#1597,#1598,
#1599,#1600,#1601,#1602,#1603,#1604,#1605,#1606,#1607,#1608,#1609,#1610,
#1611,#1612,#1613));
#8725=EDGE_LOOP('',(#1614,#1615,#1616,#1617,#1618));
#8726=EDGE_LOOP('',(#1619,#1620,#1621,#1622));
#8727=EDGE_LOOP('',(#1623,#1624,#1625,#1626));
#8728=EDGE_LOOP('',(#1627,#1628,#1629,#1630,#1631,#1632,#1633,#1634,#1635,
#1636));
#8729=EDGE_LOOP('',(#1637,#1638,#1639,#1640));
#8730=EDGE_LOOP('',(#1641,#1642,#1643,#1644,#1645));
#8731=EDGE_LOOP('',(#1646,#1647,#1648,#1649));
#8732=EDGE_LOOP('',(#1650,#1651,#1652,#1653));
#8733=EDGE_LOOP('',(#1654,#1655,#1656,#1657,#1658,#1659));
#8734=EDGE_LOOP('',(#1660,#1661,#1662,#1663));
#8735=EDGE_LOOP('',(#1664,#1665,#1666,#1667,#1668,#1669,#1670));
#8736=EDGE_LOOP('',(#1671,#1672,#1673,#1674,#1675,#1676,#1677,#1678));
#8737=EDGE_LOOP('',(#1679,#1680,#1681,#1682,#1683,#1684,#1685,#1686,#1687,
#1688,#1689,#1690,#1691,#1692,#1693,#1694,#1695,#1696));
#8738=EDGE_LOOP('',(#1697,#1698,#1699,#1700));
#8739=EDGE_LOOP('',(#1701,#1702,#1703,#1704,#1705,#1706,#1707,#1708,#1709,
#1710,#1711,#1712));
#8740=EDGE_LOOP('',(#1713,#1714,#1715,#1716,#1717,#1718));
#8741=EDGE_LOOP('',(#1719,#1720,#1721,#1722,#1723));
#8742=EDGE_LOOP('',(#1724,#1725,#1726,#1727));
#8743=EDGE_LOOP('',(#1728,#1729,#1730,#1731));
#8744=EDGE_LOOP('',(#1732,#1733,#1734,#1735));
#8745=EDGE_LOOP('',(#1736,#1737,#1738,#1739));
#8746=EDGE_LOOP('',(#1740,#1741,#1742,#1743,#1744,#1745,#1746,#1747));
#8747=EDGE_LOOP('',(#1748,#1749,#1750,#1751));
#8748=EDGE_LOOP('',(#1752,#1753,#1754,#1755));
#8749=EDGE_LOOP('',(#1756,#1757,#1758,#1759));
#8750=EDGE_LOOP('',(#1760,#1761,#1762,#1763));
#8751=EDGE_LOOP('',(#1764,#1765,#1766,#1767,#1768,#1769,#1770));
#8752=EDGE_LOOP('',(#1771,#1772,#1773,#1774));
#8753=EDGE_LOOP('',(#1775,#1776,#1777,#1778));
#8754=EDGE_LOOP('',(#1779,#1780,#1781,#1782));
#8755=EDGE_LOOP('',(#1783,#1784,#1785,#1786));
#8756=EDGE_LOOP('',(#1787,#1788,#1789,#1790));
#8757=EDGE_LOOP('',(#1791,#1792,#1793,#1794,#1795,#1796,#1797,#1798));
#8758=EDGE_LOOP('',(#1799,#1800,#1801,#1802));
#8759=EDGE_LOOP('',(#1803,#1804,#1805,#1806));
#8760=EDGE_LOOP('',(#1807,#1808,#1809,#1810));
#8761=EDGE_LOOP('',(#1811,#1812,#1813,#1814));
#8762=EDGE_LOOP('',(#1815,#1816,#1817,#1818));
#8763=EDGE_LOOP('',(#1819,#1820,#1821,#1822));
#8764=EDGE_LOOP('',(#1823,#1824,#1825,#1826));
#8765=EDGE_LOOP('',(#1827,#1828,#1829,#1830));
#8766=EDGE_LOOP('',(#1831,#1832,#1833,#1834,#1835));
#8767=EDGE_LOOP('',(#1836,#1837,#1838,#1839,#1840));
#8768=EDGE_LOOP('',(#1841,#1842,#1843,#1844));
#8769=EDGE_LOOP('',(#1845,#1846,#1847));
#8770=EDGE_LOOP('',(#1848,#1849,#1850,#1851,#1852,#1853));
#8771=EDGE_LOOP('',(#1854,#1855,#1856,#1857,#1858,#1859,#1860));
#8772=EDGE_LOOP('',(#1861,#1862,#1863,#1864,#1865));
#8773=EDGE_LOOP('',(#1866,#1867,#1868,#1869));
#8774=EDGE_LOOP('',(#1870,#1871,#1872,#1873));
#8775=EDGE_LOOP('',(#1874,#1875,#1876,#1877));
#8776=EDGE_LOOP('',(#1878,#1879,#1880,#1881));
#8777=EDGE_LOOP('',(#1882,#1883,#1884,#1885));
#8778=EDGE_LOOP('',(#1886,#1887,#1888,#1889));
#8779=EDGE_LOOP('',(#1890,#1891,#1892,#1893,#1894,#1895,#1896));
#8780=EDGE_LOOP('',(#1897,#1898,#1899,#1900));
#8781=EDGE_LOOP('',(#1901,#1902,#1903,#1904));
#8782=EDGE_LOOP('',(#1905,#1906,#1907,#1908));
#8783=EDGE_LOOP('',(#1909,#1910,#1911,#1912));
#8784=EDGE_LOOP('',(#1913,#1914,#1915,#1916));
#8785=EDGE_LOOP('',(#1917,#1918,#1919,#1920,#1921,#1922,#1923,#1924));
#8786=EDGE_LOOP('',(#1925,#1926,#1927,#1928,#1929,#1930,#1931,#1932));
#8787=EDGE_LOOP('',(#1933,#1934,#1935,#1936,#1937,#1938,#1939,#1940,#1941,
#1942,#1943,#1944,#1945,#1946,#1947,#1948,#1949,#1950,#1951,#1952,#1953,
#1954,#1955,#1956,#1957,#1958));
#8788=EDGE_LOOP('',(#1959,#1960,#1961,#1962));
#8789=EDGE_LOOP('',(#1963,#1964,#1965,#1966));
#8790=EDGE_LOOP('',(#1967,#1968,#1969,#1970));
#8791=EDGE_LOOP('',(#1971,#1972,#1973,#1974));
#8792=EDGE_LOOP('',(#1975,#1976,#1977,#1978));
#8793=EDGE_LOOP('',(#1979,#1980,#1981,#1982,#1983,#1984,#1985,#1986));
#8794=EDGE_LOOP('',(#1987,#1988,#1989,#1990));
#8795=EDGE_LOOP('',(#1991,#1992,#1993,#1994));
#8796=EDGE_LOOP('',(#1995,#1996,#1997,#1998));
#8797=EDGE_LOOP('',(#1999,#2000,#2001,#2002));
#8798=EDGE_LOOP('',(#2003,#2004,#2005,#2006));
#8799=EDGE_LOOP('',(#2007,#2008,#2009,#2010));
#8800=EDGE_LOOP('',(#2011,#2012,#2013,#2014,#2015,#2016,#2017));
#8801=EDGE_LOOP('',(#2018,#2019,#2020,#2021));
#8802=EDGE_LOOP('',(#2022,#2023,#2024,#2025,#2026,#2027,#2028,#2029));
#8803=EDGE_LOOP('',(#2030,#2031,#2032,#2033,#2034,#2035));
#8804=EDGE_LOOP('',(#2036,#2037,#2038,#2039,#2040));
#8805=EDGE_LOOP('',(#2041,#2042,#2043,#2044,#2045));
#8806=EDGE_LOOP('',(#2046,#2047,#2048,#2049));
#8807=EDGE_LOOP('',(#2050,#2051,#2052,#2053));
#8808=EDGE_LOOP('',(#2054,#2055,#2056,#2057));
#8809=EDGE_LOOP('',(#2058,#2059,#2060,#2061,#2062));
#8810=EDGE_LOOP('',(#2063,#2064,#2065,#2066));
#8811=EDGE_LOOP('',(#2067,#2068,#2069,#2070));
#8812=EDGE_LOOP('',(#2071,#2072,#2073,#2074,#2075));
#8813=EDGE_LOOP('',(#2076,#2077,#2078,#2079));
#8814=EDGE_LOOP('',(#2080,#2081,#2082,#2083));
#8815=EDGE_LOOP('',(#2084,#2085,#2086,#2087));
#8816=EDGE_LOOP('',(#2088,#2089,#2090,#2091,#2092,#2093,#2094));
#8817=EDGE_LOOP('',(#2095,#2096,#2097,#2098));
#8818=EDGE_LOOP('',(#2099,#2100,#2101));
#8819=EDGE_LOOP('',(#2102,#2103,#2104,#2105));
#8820=EDGE_LOOP('',(#2106,#2107,#2108,#2109,#2110,#2111,#2112,#2113));
#8821=EDGE_LOOP('',(#2114,#2115,#2116,#2117,#2118,#2119,#2120,#2121));
#8822=EDGE_LOOP('',(#2122,#2123,#2124,#2125,#2126,#2127));
#8823=EDGE_LOOP('',(#2128,#2129,#2130,#2131));
#8824=EDGE_LOOP('',(#2132,#2133,#2134,#2135,#2136,#2137,#2138));
#8825=EDGE_LOOP('',(#2139,#2140,#2141,#2142,#2143));
#8826=EDGE_LOOP('',(#2144,#2145,#2146,#2147));
#8827=EDGE_LOOP('',(#2148,#2149,#2150,#2151,#2152,#2153,#2154,#2155,#2156,
#2157));
#8828=EDGE_LOOP('',(#2158,#2159,#2160,#2161));
#8829=EDGE_LOOP('',(#2162,#2163,#2164,#2165,#2166,#2167,#2168,#2169,#2170,
#2171,#2172,#2173,#2174,#2175,#2176,#2177,#2178,#2179,#2180,#2181,#2182,
#2183,#2184,#2185,#2186,#2187,#2188,#2189,#2190,#2191,#2192,#2193,#2194,
#2195,#2196,#2197,#2198,#2199,#2200,#2201,#2202,#2203,#2204,#2205,#2206,
#2207,#2208,#2209,#2210,#2211,#2212,#2213));
#8830=EDGE_LOOP('',(#2214,#2215,#2216,#2217));
#8831=EDGE_LOOP('',(#2218,#2219,#2220,#2221));
#8832=EDGE_LOOP('',(#2222,#2223,#2224,#2225));
#8833=EDGE_LOOP('',(#2226,#2227,#2228,#2229,#2230,#2231,#2232,#2233,#2234,
#2235,#2236,#2237,#2238,#2239,#2240,#2241,#2242,#2243,#2244,#2245,#2246,
#2247,#2248,#2249,#2250));
#8834=EDGE_LOOP('',(#2251,#2252,#2253,#2254));
#8835=EDGE_LOOP('',(#2255,#2256,#2257,#2258));
#8836=EDGE_LOOP('',(#2259,#2260,#2261,#2262));
#8837=EDGE_LOOP('',(#2263,#2264,#2265,#2266));
#8838=EDGE_LOOP('',(#2267,#2268,#2269,#2270));
#8839=EDGE_LOOP('',(#2271,#2272,#2273,#2274,#2275,#2276,#2277));
#8840=EDGE_LOOP('',(#2278,#2279,#2280,#2281));
#8841=EDGE_LOOP('',(#2282,#2283,#2284,#2285));
#8842=EDGE_LOOP('',(#2286,#2287,#2288,#2289,#2290,#2291));
#8843=EDGE_LOOP('',(#2292,#2293,#2294,#2295,#2296,#2297,#2298));
#8844=EDGE_LOOP('',(#2299,#2300,#2301,#2302,#2303,#2304,#2305,#2306));
#8845=EDGE_LOOP('',(#2307,#2308,#2309,#2310,#2311,#2312,#2313,#2314));
#8846=EDGE_LOOP('',(#2315,#2316,#2317,#2318));
#8847=EDGE_LOOP('',(#2319,#2320,#2321,#2322));
#8848=EDGE_LOOP('',(#2323,#2324,#2325,#2326,#2327,#2328,#2329));
#8849=EDGE_LOOP('',(#2330,#2331,#2332,#2333,#2334,#2335,#2336,#2337,#2338,
#2339,#2340,#2341,#2342,#2343,#2344,#2345));
#8850=EDGE_LOOP('',(#2346,#2347,#2348,#2349));
#8851=EDGE_LOOP('',(#2350,#2351,#2352,#2353,#2354,#2355));
#8852=EDGE_LOOP('',(#2356,#2357,#2358,#2359));
#8853=EDGE_LOOP('',(#2360,#2361,#2362,#2363));
#8854=EDGE_LOOP('',(#2364,#2365,#2366,#2367));
#8855=EDGE_LOOP('',(#2368,#2369,#2370,#2371));
#8856=EDGE_LOOP('',(#2372,#2373,#2374,#2375));
#8857=EDGE_LOOP('',(#2376,#2377,#2378,#2379));
#8858=EDGE_LOOP('',(#2380,#2381,#2382,#2383));
#8859=EDGE_LOOP('',(#2384,#2385,#2386,#2387));
#8860=EDGE_LOOP('',(#2388,#2389,#2390,#2391,#2392,#2393,#2394,#2395,#2396,
#2397,#2398,#2399,#2400,#2401,#2402,#2403,#2404,#2405,#2406,#2407,#2408,
#2409,#2410,#2411));
#8861=EDGE_LOOP('',(#2412,#2413,#2414,#2415,#2416,#2417));
#8862=EDGE_LOOP('',(#2418,#2419,#2420,#2421,#2422));
#8863=EDGE_LOOP('',(#2423,#2424,#2425,#2426,#2427,#2428,#2429));
#8864=EDGE_LOOP('',(#2430,#2431,#2432,#2433,#2434,#2435,#2436,#2437));
#8865=EDGE_LOOP('',(#2438,#2439,#2440,#2441,#2442));
#8866=EDGE_LOOP('',(#2443,#2444,#2445,#2446,#2447,#2448));
#8867=EDGE_LOOP('',(#2449,#2450,#2451));
#8868=EDGE_LOOP('',(#2452,#2453,#2454,#2455));
#8869=EDGE_LOOP('',(#2456,#2457,#2458,#2459));
#8870=EDGE_LOOP('',(#2460,#2461,#2462,#2463));
#8871=EDGE_LOOP('',(#2464,#2465,#2466,#2467));
#8872=EDGE_LOOP('',(#2468,#2469,#2470,#2471));
#8873=EDGE_LOOP('',(#2472,#2473,#2474,#2475));
#8874=EDGE_LOOP('',(#2476,#2477,#2478,#2479));
#8875=EDGE_LOOP('',(#2480,#2481,#2482,#2483));
#8876=EDGE_LOOP('',(#2484,#2485,#2486,#2487));
#8877=EDGE_LOOP('',(#2488,#2489,#2490,#2491));
#8878=EDGE_LOOP('',(#2492,#2493,#2494,#2495,#2496,#2497,#2498));
#8879=EDGE_LOOP('',(#2499,#2500,#2501,#2502,#2503,#2504,#2505,#2506));
#8880=EDGE_LOOP('',(#2507,#2508,#2509,#2510,#2511,#2512));
#8881=EDGE_LOOP('',(#2513,#2514,#2515,#2516,#2517));
#8882=EDGE_LOOP('',(#2518,#2519,#2520,#2521,#2522));
#8883=EDGE_LOOP('',(#2523,#2524,#2525,#2526,#2527));
#8884=EDGE_LOOP('',(#2528,#2529,#2530,#2531));
#8885=EDGE_LOOP('',(#2532,#2533,#2534,#2535,#2536));
#8886=EDGE_LOOP('',(#2537,#2538,#2539,#2540,#2541,#2542,#2543,#2544));
#8887=EDGE_LOOP('',(#2545,#2546,#2547,#2548));
#8888=EDGE_LOOP('',(#2549,#2550,#2551,#2552));
#8889=EDGE_LOOP('',(#2553,#2554,#2555,#2556,#2557,#2558,#2559));
#8890=EDGE_LOOP('',(#2560,#2561,#2562,#2563));
#8891=EDGE_LOOP('',(#2564,#2565,#2566,#2567));
#8892=EDGE_LOOP('',(#2568,#2569,#2570,#2571));
#8893=EDGE_LOOP('',(#2572,#2573,#2574,#2575));
#8894=EDGE_LOOP('',(#2576,#2577,#2578,#2579,#2580,#2581,#2582));
#8895=EDGE_LOOP('',(#2583,#2584,#2585,#2586,#2587,#2588,#2589));
#8896=EDGE_LOOP('',(#2590,#2591,#2592,#2593));
#8897=EDGE_LOOP('',(#2594,#2595,#2596,#2597,#2598,#2599,#2600,#2601,#2602,
#2603,#2604,#2605,#2606,#2607,#2608,#2609,#2610,#2611,#2612,#2613,#2614,
#2615,#2616,#2617,#2618,#2619,#2620,#2621,#2622,#2623,#2624,#2625,#2626,
#2627,#2628,#2629));
#8898=EDGE_LOOP('',(#2630,#2631,#2632,#2633));
#8899=EDGE_LOOP('',(#2634,#2635,#2636,#2637));
#8900=EDGE_LOOP('',(#2638,#2639,#2640,#2641,#2642));
#8901=EDGE_LOOP('',(#2643,#2644,#2645,#2646));
#8902=EDGE_LOOP('',(#2647,#2648,#2649,#2650));
#8903=EDGE_LOOP('',(#2651,#2652,#2653,#2654));
#8904=EDGE_LOOP('',(#2655,#2656,#2657,#2658));
#8905=EDGE_LOOP('',(#2659,#2660,#2661,#2662));
#8906=EDGE_LOOP('',(#2663,#2664,#2665,#2666));
#8907=EDGE_LOOP('',(#2667,#2668,#2669,#2670));
#8908=EDGE_LOOP('',(#2671,#2672,#2673,#2674));
#8909=EDGE_LOOP('',(#2675,#2676,#2677,#2678));
#8910=EDGE_LOOP('',(#2679,#2680,#2681,#2682,#2683,#2684,#2685,#2686,#2687,
#2688,#2689,#2690,#2691,#2692,#2693,#2694,#2695,#2696,#2697));
#8911=EDGE_LOOP('',(#2698,#2699,#2700,#2701));
#8912=EDGE_LOOP('',(#2702,#2703,#2704,#2705));
#8913=EDGE_LOOP('',(#2706,#2707,#2708,#2709));
#8914=EDGE_LOOP('',(#2710,#2711,#2712,#2713));
#8915=EDGE_LOOP('',(#2714,#2715,#2716,#2717));
#8916=EDGE_LOOP('',(#2718,#2719,#2720,#2721,#2722,#2723,#2724,#2725,#2726,
#2727,#2728,#2729,#2730,#2731,#2732,#2733,#2734,#2735,#2736,#2737,#2738,
#2739,#2740,#2741,#2742));
#8917=EDGE_LOOP('',(#2743,#2744,#2745,#2746));
#8918=EDGE_LOOP('',(#2747,#2748,#2749,#2750));
#8919=EDGE_LOOP('',(#2751,#2752,#2753,#2754));
#8920=EDGE_LOOP('',(#2755,#2756,#2757,#2758,#2759,#2760,#2761,#2762,#2763,
#2764));
#8921=EDGE_LOOP('',(#2765,#2766,#2767,#2768));
#8922=EDGE_LOOP('',(#2769,#2770,#2771,#2772,#2773,#2774));
#8923=EDGE_LOOP('',(#2775,#2776,#2777,#2778));
#8924=EDGE_LOOP('',(#2779,#2780,#2781,#2782,#2783,#2784,#2785));
#8925=EDGE_LOOP('',(#2786,#2787,#2788,#2789));
#8926=EDGE_LOOP('',(#2790,#2791,#2792,#2793));
#8927=EDGE_LOOP('',(#2794,#2795,#2796,#2797));
#8928=EDGE_LOOP('',(#2798,#2799,#2800,#2801,#2802));
#8929=EDGE_LOOP('',(#2803,#2804,#2805,#2806));
#8930=EDGE_LOOP('',(#2807,#2808,#2809,#2810));
#8931=EDGE_LOOP('',(#2811,#2812,#2813,#2814));
#8932=EDGE_LOOP('',(#2815,#2816,#2817,#2818));
#8933=EDGE_LOOP('',(#2819,#2820,#2821,#2822));
#8934=EDGE_LOOP('',(#2823,#2824,#2825,#2826,#2827,#2828));
#8935=EDGE_LOOP('',(#2829,#2830,#2831,#2832,#2833));
#8936=EDGE_LOOP('',(#2834,#2835,#2836,#2837));
#8937=EDGE_LOOP('',(#2838,#2839,#2840,#2841,#2842,#2843,#2844,#2845));
#8938=EDGE_LOOP('',(#2846,#2847,#2848,#2849));
#8939=EDGE_LOOP('',(#2850,#2851,#2852,#2853));
#8940=EDGE_LOOP('',(#2854,#2855,#2856,#2857));
#8941=EDGE_LOOP('',(#2858,#2859,#2860));
#8942=EDGE_LOOP('',(#2861,#2862,#2863));
#8943=EDGE_LOOP('',(#2864,#2865,#2866,#2867));
#8944=EDGE_LOOP('',(#2868,#2869,#2870,#2871));
#8945=EDGE_LOOP('',(#2872,#2873,#2874,#2875,#2876,#2877));
#8946=EDGE_LOOP('',(#2878,#2879,#2880,#2881));
#8947=EDGE_LOOP('',(#2882,#2883,#2884,#2885));
#8948=EDGE_LOOP('',(#2886,#2887,#2888,#2889,#2890,#2891,#2892,#2893,#2894,
#2895,#2896,#2897));
#8949=EDGE_LOOP('',(#2898,#2899,#2900,#2901));
#8950=EDGE_LOOP('',(#2902,#2903,#2904,#2905,#2906,#2907));
#8951=EDGE_LOOP('',(#2908,#2909,#2910,#2911));
#8952=EDGE_LOOP('',(#2912,#2913,#2914,#2915));
#8953=EDGE_LOOP('',(#2916,#2917,#2918,#2919,#2920,#2921,#2922));
#8954=EDGE_LOOP('',(#2923,#2924,#2925,#2926));
#8955=EDGE_LOOP('',(#2927,#2928,#2929,#2930));
#8956=EDGE_LOOP('',(#2931,#2932,#2933,#2934));
#8957=EDGE_LOOP('',(#2935,#2936,#2937,#2938,#2939,#2940));
#8958=EDGE_LOOP('',(#2941,#2942,#2943,#2944));
#8959=EDGE_LOOP('',(#2945,#2946,#2947,#2948,#2949,#2950,#2951));
#8960=EDGE_LOOP('',(#2952,#2953,#2954,#2955,#2956,#2957,#2958,#2959,#2960,
#2961));
#8961=EDGE_LOOP('',(#2962,#2963,#2964,#2965,#2966,#2967,#2968,#2969,#2970,
#2971));
#8962=EDGE_LOOP('',(#2972,#2973,#2974,#2975));
#8963=EDGE_LOOP('',(#2976,#2977,#2978,#2979));
#8964=EDGE_LOOP('',(#2980,#2981,#2982,#2983,#2984));
#8965=EDGE_LOOP('',(#2985,#2986,#2987,#2988,#2989));
#8966=EDGE_LOOP('',(#2990,#2991,#2992,#2993,#2994,#2995));
#8967=EDGE_LOOP('',(#2996,#2997,#2998,#2999));
#8968=EDGE_LOOP('',(#3000,#3001,#3002,#3003));
#8969=EDGE_LOOP('',(#3004,#3005,#3006,#3007));
#8970=EDGE_LOOP('',(#3008,#3009,#3010,#3011));
#8971=EDGE_LOOP('',(#3012,#3013,#3014,#3015));
#8972=EDGE_LOOP('',(#3016,#3017,#3018,#3019));
#8973=EDGE_LOOP('',(#3020,#3021,#3022,#3023,#3024));
#8974=EDGE_LOOP('',(#3025,#3026,#3027,#3028));
#8975=EDGE_LOOP('',(#3029,#3030,#3031,#3032));
#8976=EDGE_LOOP('',(#3033,#3034,#3035,#3036));
#8977=EDGE_LOOP('',(#3037,#3038,#3039,#3040));
#8978=EDGE_LOOP('',(#3041,#3042,#3043,#3044,#3045,#3046,#3047));
#8979=EDGE_LOOP('',(#3048,#3049,#3050));
#8980=EDGE_LOOP('',(#3051,#3052,#3053,#3054,#3055,#3056));
#8981=EDGE_LOOP('',(#3057,#3058,#3059,#3060,#3061,#3062,#3063,#3064));
#8982=EDGE_LOOP('',(#3065,#3066,#3067,#3068,#3069,#3070,#3071,#3072,#3073,
#3074,#3075,#3076,#3077,#3078,#3079,#3080,#3081,#3082,#3083,#3084,#3085,
#3086,#3087,#3088,#3089,#3090,#3091,#3092,#3093,#3094,#3095));
#8983=EDGE_LOOP('',(#3096,#3097,#3098,#3099,#3100,#3101,#3102,#3103));
#8984=EDGE_LOOP('',(#3104,#3105,#3106,#3107,#3108,#3109));
#8985=EDGE_LOOP('',(#3110,#3111,#3112,#3113,#3114));
#8986=EDGE_LOOP('',(#3115,#3116,#3117,#3118));
#8987=EDGE_LOOP('',(#3119,#3120,#3121,#3122));
#8988=EDGE_LOOP('',(#3123,#3124,#3125,#3126));
#8989=EDGE_LOOP('',(#3127,#3128,#3129,#3130));
#8990=EDGE_LOOP('',(#3131,#3132,#3133,#3134));
#8991=EDGE_LOOP('',(#3135,#3136,#3137,#3138,#3139,#3140,#3141,#3142,#3143,
#3144));
#8992=EDGE_LOOP('',(#3145,#3146,#3147,#3148,#3149,#3150,#3151,#3152));
#8993=EDGE_LOOP('',(#3153,#3154,#3155,#3156));
#8994=EDGE_LOOP('',(#3157,#3158,#3159,#3160));
#8995=EDGE_LOOP('',(#3161,#3162,#3163,#3164,#3165,#3166));
#8996=EDGE_LOOP('',(#3167,#3168,#3169,#3170));
#8997=EDGE_LOOP('',(#3171,#3172,#3173,#3174));
#8998=EDGE_LOOP('',(#3175,#3176,#3177,#3178,#3179));
#8999=EDGE_LOOP('',(#3180,#3181,#3182,#3183));
#9000=EDGE_LOOP('',(#3184,#3185,#3186,#3187));
#9001=EDGE_LOOP('',(#3188,#3189,#3190,#3191));
#9002=EDGE_LOOP('',(#3192,#3193,#3194,#3195));
#9003=EDGE_LOOP('',(#3196,#3197,#3198,#3199));
#9004=EDGE_LOOP('',(#3200,#3201,#3202,#3203));
#9005=EDGE_LOOP('',(#3204,#3205,#3206,#3207,#3208,#3209));
#9006=EDGE_LOOP('',(#3210,#3211,#3212,#3213,#3214));
#9007=EDGE_LOOP('',(#3215,#3216,#3217,#3218));
#9008=EDGE_LOOP('',(#3219,#3220,#3221,#3222,#3223,#3224,#3225,#3226,#3227,
#3228));
#9009=EDGE_LOOP('',(#3229,#3230,#3231,#3232));
#9010=EDGE_LOOP('',(#3233,#3234,#3235,#3236));
#9011=EDGE_LOOP('',(#3237,#3238,#3239,#3240,#3241,#3242,#3243,#3244));
#9012=EDGE_LOOP('',(#3245,#3246,#3247,#3248));
#9013=EDGE_LOOP('',(#3249,#3250,#3251,#3252,#3253,#3254));
#9014=EDGE_LOOP('',(#3255,#3256,#3257,#3258));
#9015=EDGE_LOOP('',(#3259,#3260,#3261,#3262));
#9016=EDGE_LOOP('',(#3263,#3264,#3265,#3266,#3267,#3268,#3269));
#9017=EDGE_LOOP('',(#3270,#3271,#3272,#3273));
#9018=EDGE_LOOP('',(#3274,#3275,#3276,#3277));
#9019=EDGE_LOOP('',(#3278,#3279,#3280,#3281,#3282,#3283));
#9020=EDGE_LOOP('',(#3284,#3285,#3286,#3287));
#9021=EDGE_LOOP('',(#3288,#3289,#3290,#3291,#3292,#3293,#3294,#3295));
#9022=EDGE_LOOP('',(#3296,#3297,#3298,#3299,#3300,#3301,#3302,#3303,#3304,
#3305,#3306,#3307,#3308,#3309,#3310,#3311,#3312,#3313,#3314,#3315,#3316,
#3317,#3318,#3319));
#9023=EDGE_LOOP('',(#3320,#3321,#3322,#3323,#3324,#3325));
#9024=EDGE_LOOP('',(#3326,#3327,#3328));
#9025=EDGE_LOOP('',(#3329,#3330,#3331,#3332));
#9026=EDGE_LOOP('',(#3333,#3334,#3335,#3336,#3337,#3338));
#9027=EDGE_LOOP('',(#3339,#3340,#3341,#3342,#3343,#3344));
#9028=EDGE_LOOP('',(#3345,#3346,#3347,#3348));
#9029=EDGE_LOOP('',(#3349,#3350,#3351,#3352));
#9030=EDGE_LOOP('',(#3353,#3354,#3355,#3356));
#9031=EDGE_LOOP('',(#3357,#3358,#3359,#3360,#3361));
#9032=EDGE_LOOP('',(#3362,#3363,#3364,#3365));
#9033=EDGE_LOOP('',(#3366,#3367,#3368,#3369,#3370,#3371));
#9034=EDGE_LOOP('',(#3372,#3373,#3374,#3375));
#9035=EDGE_LOOP('',(#3376,#3377,#3378,#3379));
#9036=EDGE_LOOP('',(#3380,#3381,#3382,#3383));
#9037=EDGE_LOOP('',(#3384,#3385,#3386,#3387,#3388));
#9038=EDGE_LOOP('',(#3389,#3390,#3391,#3392,#3393,#3394));
#9039=EDGE_LOOP('',(#3395,#3396,#3397,#3398,#3399));
#9040=EDGE_LOOP('',(#3400,#3401,#3402,#3403,#3404,#3405,#3406,#3407));
#9041=EDGE_LOOP('',(#3408,#3409,#3410,#3411,#3412,#3413,#3414,#3415,#3416,
#3417));
#9042=EDGE_LOOP('',(#3418,#3419,#3420,#3421,#3422,#3423,#3424,#3425,#3426,
#3427,#3428,#3429,#3430,#3431,#3432,#3433,#3434,#3435));
#9043=EDGE_LOOP('',(#3436,#3437,#3438,#3439));
#9044=EDGE_LOOP('',(#3440,#3441,#3442,#3443));
#9045=EDGE_LOOP('',(#3444,#3445,#3446,#3447));
#9046=EDGE_LOOP('',(#3448,#3449,#3450,#3451));
#9047=EDGE_LOOP('',(#3452,#3453,#3454,#3455,#3456));
#9048=EDGE_LOOP('',(#3457,#3458,#3459,#3460));
#9049=EDGE_LOOP('',(#3461,#3462,#3463,#3464,#3465,#3466));
#9050=EDGE_LOOP('',(#3467,#3468,#3469,#3470,#3471,#3472));
#9051=EDGE_LOOP('',(#3473,#3474,#3475,#3476));
#9052=EDGE_LOOP('',(#3477,#3478,#3479,#3480));
#9053=EDGE_LOOP('',(#3481,#3482,#3483,#3484,#3485));
#9054=EDGE_LOOP('',(#3486,#3487,#3488,#3489));
#9055=EDGE_LOOP('',(#3490,#3491,#3492,#3493));
#9056=EDGE_LOOP('',(#3494,#3495,#3496,#3497));
#9057=EDGE_LOOP('',(#3498,#3499,#3500,#3501));
#9058=EDGE_LOOP('',(#3502,#3503,#3504,#3505,#3506,#3507,#3508));
#9059=EDGE_LOOP('',(#3509,#3510,#3511,#3512));
#9060=EDGE_LOOP('',(#3513,#3514,#3515,#3516));
#9061=EDGE_LOOP('',(#3517,#3518,#3519,#3520,#3521,#3522));
#9062=EDGE_LOOP('',(#3523,#3524,#3525,#3526,#3527,#3528));
#9063=EDGE_LOOP('',(#3529,#3530,#3531,#3532,#3533,#3534,#3535));
#9064=EDGE_LOOP('',(#3536,#3537,#3538,#3539));
#9065=EDGE_LOOP('',(#3540,#3541,#3542,#3543));
#9066=EDGE_LOOP('',(#3544,#3545,#3546,#3547));
#9067=EDGE_LOOP('',(#3548,#3549,#3550,#3551,#3552,#3553,#3554,#3555));
#9068=EDGE_LOOP('',(#3556,#3557,#3558,#3559));
#9069=EDGE_LOOP('',(#3560,#3561,#3562,#3563));
#9070=EDGE_LOOP('',(#3564,#3565,#3566,#3567,#3568,#3569,#3570,#3571));
#9071=EDGE_LOOP('',(#3572,#3573,#3574,#3575,#3576,#3577,#3578));
#9072=EDGE_LOOP('',(#3579,#3580,#3581,#3582,#3583));
#9073=EDGE_LOOP('',(#3584,#3585,#3586,#3587));
#9074=EDGE_LOOP('',(#3588,#3589,#3590,#3591));
#9075=EDGE_LOOP('',(#3592,#3593,#3594,#3595));
#9076=EDGE_LOOP('',(#3596,#3597,#3598,#3599));
#9077=EDGE_LOOP('',(#3600,#3601,#3602,#3603,#3604,#3605,#3606));
#9078=EDGE_LOOP('',(#3607,#3608,#3609,#3610,#3611,#3612,#3613));
#9079=EDGE_LOOP('',(#3614,#3615,#3616,#3617));
#9080=EDGE_LOOP('',(#3618,#3619,#3620,#3621));
#9081=EDGE_LOOP('',(#3622,#3623,#3624,#3625));
#9082=EDGE_LOOP('',(#3626,#3627,#3628,#3629,#3630));
#9083=EDGE_LOOP('',(#3631,#3632,#3633,#3634,#3635));
#9084=EDGE_LOOP('',(#3636,#3637,#3638,#3639));
#9085=EDGE_LOOP('',(#3640,#3641,#3642,#3643,#3644,#3645));
#9086=EDGE_LOOP('',(#3646,#3647,#3648,#3649,#3650,#3651));
#9087=EDGE_LOOP('',(#3652,#3653,#3654,#3655,#3656,#3657,#3658));
#9088=EDGE_LOOP('',(#3659,#3660,#3661,#3662));
#9089=EDGE_LOOP('',(#3663,#3664,#3665,#3666));
#9090=EDGE_LOOP('',(#3667,#3668,#3669,#3670));
#9091=EDGE_LOOP('',(#3671,#3672,#3673,#3674,#3675));
#9092=EDGE_LOOP('',(#3676,#3677,#3678,#3679));
#9093=EDGE_LOOP('',(#3680,#3681,#3682,#3683));
#9094=EDGE_LOOP('',(#3684,#3685,#3686,#3687,#3688,#3689));
#9095=EDGE_LOOP('',(#3690,#3691,#3692,#3693));
#9096=EDGE_LOOP('',(#3694,#3695,#3696,#3697));
#9097=EDGE_LOOP('',(#3698,#3699,#3700,#3701,#3702));
#9098=EDGE_LOOP('',(#3703,#3704,#3705,#3706,#3707));
#9099=EDGE_LOOP('',(#3708,#3709,#3710,#3711));
#9100=EDGE_LOOP('',(#3712,#3713,#3714,#3715,#3716,#3717,#3718,#3719));
#9101=EDGE_LOOP('',(#3720,#3721,#3722,#3723));
#9102=EDGE_LOOP('',(#3724,#3725,#3726));
#9103=FACE_BOUND('',#8556,.T.);
#9104=FACE_BOUND('',#8557,.T.);
#9105=FACE_BOUND('',#8558,.T.);
#9106=FACE_BOUND('',#8559,.T.);
#9107=FACE_BOUND('',#8560,.T.);
#9108=FACE_BOUND('',#8561,.T.);
#9109=FACE_BOUND('',#8562,.T.);
#9110=FACE_BOUND('',#8563,.T.);
#9111=FACE_BOUND('',#8564,.T.);
#9112=FACE_BOUND('',#8565,.T.);
#9113=FACE_BOUND('',#8566,.T.);
#9114=FACE_BOUND('',#8567,.T.);
#9115=FACE_BOUND('',#8568,.T.);
#9116=FACE_BOUND('',#8569,.T.);
#9117=FACE_BOUND('',#8570,.T.);
#9118=FACE_BOUND('',#8571,.T.);
#9119=FACE_BOUND('',#8572,.T.);
#9120=FACE_BOUND('',#8573,.T.);
#9121=FACE_BOUND('',#8574,.T.);
#9122=FACE_BOUND('',#8575,.T.);
#9123=FACE_BOUND('',#8576,.T.);
#9124=FACE_BOUND('',#8577,.T.);
#9125=FACE_BOUND('',#8578,.T.);
#9126=FACE_BOUND('',#8579,.T.);
#9127=FACE_BOUND('',#8580,.T.);
#9128=FACE_BOUND('',#8581,.T.);
#9129=FACE_BOUND('',#8582,.T.);
#9130=FACE_BOUND('',#8583,.T.);
#9131=FACE_BOUND('',#8584,.T.);
#9132=FACE_BOUND('',#8585,.T.);
#9133=FACE_BOUND('',#8586,.T.);
#9134=FACE_BOUND('',#8587,.T.);
#9135=FACE_BOUND('',#8588,.T.);
#9136=FACE_BOUND('',#8589,.T.);
#9137=FACE_BOUND('',#8590,.T.);
#9138=FACE_BOUND('',#8591,.T.);
#9139=FACE_BOUND('',#8592,.T.);
#9140=FACE_BOUND('',#8593,.T.);
#9141=FACE_BOUND('',#8594,.T.);
#9142=FACE_BOUND('',#8595,.T.);
#9143=FACE_BOUND('',#8596,.T.);
#9144=FACE_BOUND('',#8597,.T.);
#9145=FACE_BOUND('',#8598,.T.);
#9146=FACE_BOUND('',#8599,.T.);
#9147=FACE_BOUND('',#8600,.T.);
#9148=FACE_BOUND('',#8601,.T.);
#9149=FACE_BOUND('',#8602,.T.);
#9150=FACE_BOUND('',#8603,.T.);
#9151=FACE_BOUND('',#8604,.T.);
#9152=FACE_BOUND('',#8605,.T.);
#9153=FACE_BOUND('',#8606,.T.);
#9154=FACE_BOUND('',#8607,.T.);
#9155=FACE_BOUND('',#8608,.T.);
#9156=FACE_BOUND('',#8609,.T.);
#9157=FACE_BOUND('',#8610,.T.);
#9158=FACE_BOUND('',#8611,.T.);
#9159=FACE_BOUND('',#8612,.T.);
#9160=FACE_BOUND('',#8613,.T.);
#9161=FACE_BOUND('',#8614,.T.);
#9162=FACE_BOUND('',#8615,.T.);
#9163=FACE_BOUND('',#8616,.T.);
#9164=FACE_BOUND('',#8617,.T.);
#9165=FACE_BOUND('',#8618,.T.);
#9166=FACE_BOUND('',#8619,.T.);
#9167=FACE_BOUND('',#8620,.T.);
#9168=FACE_BOUND('',#8621,.T.);
#9169=FACE_BOUND('',#8622,.T.);
#9170=FACE_BOUND('',#8623,.T.);
#9171=FACE_BOUND('',#8624,.T.);
#9172=FACE_BOUND('',#8625,.T.);
#9173=FACE_BOUND('',#8626,.T.);
#9174=FACE_BOUND('',#8627,.T.);
#9175=FACE_BOUND('',#8628,.T.);
#9176=FACE_BOUND('',#8629,.T.);
#9177=FACE_BOUND('',#8630,.T.);
#9178=FACE_BOUND('',#8631,.T.);
#9179=FACE_BOUND('',#8632,.T.);
#9180=FACE_BOUND('',#8633,.T.);
#9181=FACE_BOUND('',#8634,.T.);
#9182=FACE_BOUND('',#8635,.T.);
#9183=FACE_BOUND('',#8636,.T.);
#9184=FACE_BOUND('',#8637,.T.);
#9185=FACE_BOUND('',#8638,.T.);
#9186=FACE_BOUND('',#8639,.T.);
#9187=FACE_BOUND('',#8640,.T.);
#9188=FACE_BOUND('',#8641,.T.);
#9189=FACE_BOUND('',#8642,.T.);
#9190=FACE_BOUND('',#8643,.T.);
#9191=FACE_BOUND('',#8644,.T.);
#9192=FACE_BOUND('',#8645,.T.);
#9193=FACE_BOUND('',#8646,.T.);
#9194=FACE_BOUND('',#8647,.T.);
#9195=FACE_BOUND('',#8648,.T.);
#9196=FACE_BOUND('',#8649,.T.);
#9197=FACE_BOUND('',#8650,.T.);
#9198=FACE_BOUND('',#8651,.T.);
#9199=FACE_BOUND('',#8652,.T.);
#9200=FACE_BOUND('',#8653,.T.);
#9201=FACE_BOUND('',#8654,.T.);
#9202=FACE_BOUND('',#8655,.T.);
#9203=FACE_BOUND('',#8656,.T.);
#9204=FACE_BOUND('',#8657,.T.);
#9205=FACE_BOUND('',#8658,.T.);
#9206=FACE_BOUND('',#8659,.T.);
#9207=FACE_BOUND('',#8660,.T.);
#9208=FACE_BOUND('',#8661,.T.);
#9209=FACE_BOUND('',#8662,.T.);
#9210=FACE_BOUND('',#8663,.T.);
#9211=FACE_BOUND('',#8664,.T.);
#9212=FACE_BOUND('',#8665,.T.);
#9213=FACE_BOUND('',#8666,.T.);
#9214=FACE_BOUND('',#8667,.T.);
#9215=FACE_BOUND('',#8668,.T.);
#9216=FACE_BOUND('',#8669,.T.);
#9217=FACE_BOUND('',#8670,.T.);
#9218=FACE_BOUND('',#8671,.T.);
#9219=FACE_BOUND('',#8672,.T.);
#9220=FACE_BOUND('',#8673,.T.);
#9221=FACE_BOUND('',#8674,.T.);
#9222=FACE_BOUND('',#8675,.T.);
#9223=FACE_BOUND('',#8676,.T.);
#9224=FACE_BOUND('',#8677,.T.);
#9225=FACE_BOUND('',#8678,.T.);
#9226=FACE_BOUND('',#8679,.T.);
#9227=FACE_BOUND('',#8680,.T.);
#9228=FACE_BOUND('',#8681,.T.);
#9229=FACE_BOUND('',#8682,.T.);
#9230=FACE_BOUND('',#8683,.T.);
#9231=FACE_BOUND('',#8684,.T.);
#9232=FACE_BOUND('',#8685,.T.);
#9233=FACE_BOUND('',#8686,.T.);
#9234=FACE_BOUND('',#8687,.T.);
#9235=FACE_BOUND('',#8688,.T.);
#9236=FACE_BOUND('',#8689,.T.);
#9237=FACE_BOUND('',#8690,.T.);
#9238=FACE_BOUND('',#8691,.T.);
#9239=FACE_BOUND('',#8692,.T.);
#9240=FACE_BOUND('',#8693,.T.);
#9241=FACE_BOUND('',#8694,.T.);
#9242=FACE_BOUND('',#8695,.T.);
#9243=FACE_BOUND('',#8696,.T.);
#9244=FACE_BOUND('',#8697,.T.);
#9245=FACE_BOUND('',#8698,.T.);
#9246=FACE_BOUND('',#8699,.T.);
#9247=FACE_BOUND('',#8700,.T.);
#9248=FACE_BOUND('',#8701,.T.);
#9249=FACE_BOUND('',#8702,.T.);
#9250=FACE_BOUND('',#8703,.T.);
#9251=FACE_BOUND('',#8704,.T.);
#9252=FACE_BOUND('',#8705,.T.);
#9253=FACE_BOUND('',#8706,.T.);
#9254=FACE_BOUND('',#8707,.T.);
#9255=FACE_BOUND('',#8708,.T.);
#9256=FACE_BOUND('',#8709,.T.);
#9257=FACE_BOUND('',#8710,.T.);
#9258=FACE_BOUND('',#8711,.T.);
#9259=FACE_BOUND('',#8712,.T.);
#9260=FACE_BOUND('',#8713,.T.);
#9261=FACE_BOUND('',#8714,.T.);
#9262=FACE_BOUND('',#8715,.T.);
#9263=FACE_BOUND('',#8716,.T.);
#9264=FACE_BOUND('',#8717,.T.);
#9265=FACE_BOUND('',#8718,.T.);
#9266=FACE_BOUND('',#8719,.T.);
#9267=FACE_BOUND('',#8720,.T.);
#9268=FACE_BOUND('',#8721,.T.);
#9269=FACE_BOUND('',#8722,.T.);
#9270=FACE_BOUND('',#8723,.T.);
#9271=FACE_BOUND('',#8724,.T.);
#9272=FACE_BOUND('',#8725,.T.);
#9273=FACE_BOUND('',#8726,.T.);
#9274=FACE_BOUND('',#8727,.T.);
#9275=FACE_BOUND('',#8728,.T.);
#9276=FACE_BOUND('',#8729,.T.);
#9277=FACE_BOUND('',#8730,.T.);
#9278=FACE_BOUND('',#8731,.T.);
#9279=FACE_BOUND('',#8732,.T.);
#9280=FACE_BOUND('',#8733,.T.);
#9281=FACE_BOUND('',#8734,.T.);
#9282=FACE_BOUND('',#8735,.T.);
#9283=FACE_BOUND('',#8736,.T.);
#9284=FACE_BOUND('',#8737,.T.);
#9285=FACE_BOUND('',#8738,.T.);
#9286=FACE_BOUND('',#8739,.T.);
#9287=FACE_BOUND('',#8740,.T.);
#9288=FACE_BOUND('',#8741,.T.);
#9289=FACE_BOUND('',#8742,.T.);
#9290=FACE_BOUND('',#8743,.T.);
#9291=FACE_BOUND('',#8744,.T.);
#9292=FACE_BOUND('',#8745,.T.);
#9293=FACE_BOUND('',#8746,.T.);
#9294=FACE_BOUND('',#8747,.T.);
#9295=FACE_BOUND('',#8748,.T.);
#9296=FACE_BOUND('',#8749,.T.);
#9297=FACE_BOUND('',#8750,.T.);
#9298=FACE_BOUND('',#8751,.T.);
#9299=FACE_BOUND('',#8752,.T.);
#9300=FACE_BOUND('',#8753,.T.);
#9301=FACE_BOUND('',#8754,.T.);
#9302=FACE_BOUND('',#8755,.T.);
#9303=FACE_BOUND('',#8756,.T.);
#9304=FACE_BOUND('',#8757,.T.);
#9305=FACE_BOUND('',#8758,.T.);
#9306=FACE_BOUND('',#8759,.T.);
#9307=FACE_BOUND('',#8760,.T.);
#9308=FACE_BOUND('',#8761,.T.);
#9309=FACE_BOUND('',#8762,.T.);
#9310=FACE_BOUND('',#8763,.T.);
#9311=FACE_BOUND('',#8764,.T.);
#9312=FACE_BOUND('',#8765,.T.);
#9313=FACE_BOUND('',#8766,.T.);
#9314=FACE_BOUND('',#8767,.T.);
#9315=FACE_BOUND('',#8768,.T.);
#9316=FACE_BOUND('',#8769,.T.);
#9317=FACE_BOUND('',#8770,.T.);
#9318=FACE_BOUND('',#8771,.T.);
#9319=FACE_BOUND('',#8772,.T.);
#9320=FACE_BOUND('',#8773,.T.);
#9321=FACE_BOUND('',#8774,.T.);
#9322=FACE_BOUND('',#8775,.T.);
#9323=FACE_BOUND('',#8776,.T.);
#9324=FACE_BOUND('',#8777,.T.);
#9325=FACE_BOUND('',#8778,.T.);
#9326=FACE_BOUND('',#8779,.T.);
#9327=FACE_BOUND('',#8780,.T.);
#9328=FACE_BOUND('',#8781,.T.);
#9329=FACE_BOUND('',#8782,.T.);
#9330=FACE_BOUND('',#8783,.T.);
#9331=FACE_BOUND('',#8784,.T.);
#9332=FACE_BOUND('',#8785,.T.);
#9333=FACE_BOUND('',#8786,.T.);
#9334=FACE_BOUND('',#8787,.T.);
#9335=FACE_BOUND('',#8788,.T.);
#9336=FACE_BOUND('',#8789,.T.);
#9337=FACE_BOUND('',#8790,.T.);
#9338=FACE_BOUND('',#8791,.T.);
#9339=FACE_BOUND('',#8792,.T.);
#9340=FACE_BOUND('',#8793,.T.);
#9341=FACE_BOUND('',#8794,.T.);
#9342=FACE_BOUND('',#8795,.T.);
#9343=FACE_BOUND('',#8796,.T.);
#9344=FACE_BOUND('',#8797,.T.);
#9345=FACE_BOUND('',#8798,.T.);
#9346=FACE_BOUND('',#8799,.T.);
#9347=FACE_BOUND('',#8800,.T.);
#9348=FACE_BOUND('',#8801,.T.);
#9349=FACE_BOUND('',#8802,.T.);
#9350=FACE_BOUND('',#8803,.T.);
#9351=FACE_BOUND('',#8804,.T.);
#9352=FACE_BOUND('',#8805,.T.);
#9353=FACE_BOUND('',#8806,.T.);
#9354=FACE_BOUND('',#8807,.T.);
#9355=FACE_BOUND('',#8808,.T.);
#9356=FACE_BOUND('',#8809,.T.);
#9357=FACE_BOUND('',#8810,.T.);
#9358=FACE_BOUND('',#8811,.T.);
#9359=FACE_BOUND('',#8812,.T.);
#9360=FACE_BOUND('',#8813,.T.);
#9361=FACE_BOUND('',#8814,.T.);
#9362=FACE_BOUND('',#8815,.T.);
#9363=FACE_BOUND('',#8816,.T.);
#9364=FACE_BOUND('',#8817,.T.);
#9365=FACE_BOUND('',#8818,.T.);
#9366=FACE_BOUND('',#8819,.T.);
#9367=FACE_BOUND('',#8820,.T.);
#9368=FACE_BOUND('',#8821,.T.);
#9369=FACE_BOUND('',#8822,.T.);
#9370=FACE_BOUND('',#8823,.T.);
#9371=FACE_BOUND('',#8824,.T.);
#9372=FACE_BOUND('',#8825,.T.);
#9373=FACE_BOUND('',#8826,.T.);
#9374=FACE_BOUND('',#8827,.T.);
#9375=FACE_BOUND('',#8828,.T.);
#9376=FACE_BOUND('',#8829,.T.);
#9377=FACE_BOUND('',#8830,.T.);
#9378=FACE_BOUND('',#8831,.T.);
#9379=FACE_BOUND('',#8832,.T.);
#9380=FACE_BOUND('',#8833,.T.);
#9381=FACE_BOUND('',#8834,.T.);
#9382=FACE_BOUND('',#8835,.T.);
#9383=FACE_BOUND('',#8836,.T.);
#9384=FACE_BOUND('',#8837,.T.);
#9385=FACE_BOUND('',#8838,.T.);
#9386=FACE_BOUND('',#8839,.T.);
#9387=FACE_BOUND('',#8840,.T.);
#9388=FACE_BOUND('',#8841,.T.);
#9389=FACE_BOUND('',#8842,.T.);
#9390=FACE_BOUND('',#8843,.T.);
#9391=FACE_BOUND('',#8844,.T.);
#9392=FACE_BOUND('',#8845,.T.);
#9393=FACE_BOUND('',#8846,.T.);
#9394=FACE_BOUND('',#8847,.T.);
#9395=FACE_BOUND('',#8848,.T.);
#9396=FACE_BOUND('',#8849,.T.);
#9397=FACE_BOUND('',#8850,.T.);
#9398=FACE_BOUND('',#8851,.T.);
#9399=FACE_BOUND('',#8852,.T.);
#9400=FACE_BOUND('',#8853,.T.);
#9401=FACE_BOUND('',#8854,.T.);
#9402=FACE_BOUND('',#8855,.T.);
#9403=FACE_BOUND('',#8856,.T.);
#9404=FACE_BOUND('',#8857,.T.);
#9405=FACE_BOUND('',#8858,.T.);
#9406=FACE_BOUND('',#8859,.T.);
#9407=FACE_BOUND('',#8860,.T.);
#9408=FACE_BOUND('',#8861,.T.);
#9409=FACE_BOUND('',#8862,.T.);
#9410=FACE_BOUND('',#8863,.T.);
#9411=FACE_BOUND('',#8864,.T.);
#9412=FACE_BOUND('',#8865,.T.);
#9413=FACE_BOUND('',#8866,.T.);
#9414=FACE_BOUND('',#8867,.T.);
#9415=FACE_BOUND('',#8868,.T.);
#9416=FACE_BOUND('',#8869,.T.);
#9417=FACE_BOUND('',#8870,.T.);
#9418=FACE_BOUND('',#8871,.T.);
#9419=FACE_BOUND('',#8872,.T.);
#9420=FACE_BOUND('',#8873,.T.);
#9421=FACE_BOUND('',#8874,.T.);
#9422=FACE_BOUND('',#8875,.T.);
#9423=FACE_BOUND('',#8876,.T.);
#9424=FACE_BOUND('',#8877,.T.);
#9425=FACE_BOUND('',#8878,.T.);
#9426=FACE_BOUND('',#8879,.T.);
#9427=FACE_BOUND('',#8880,.T.);
#9428=FACE_BOUND('',#8881,.T.);
#9429=FACE_BOUND('',#8882,.T.);
#9430=FACE_BOUND('',#8883,.T.);
#9431=FACE_BOUND('',#8884,.T.);
#9432=FACE_BOUND('',#8885,.T.);
#9433=FACE_BOUND('',#8886,.T.);
#9434=FACE_BOUND('',#8887,.T.);
#9435=FACE_BOUND('',#8888,.T.);
#9436=FACE_BOUND('',#8889,.T.);
#9437=FACE_BOUND('',#8890,.T.);
#9438=FACE_BOUND('',#8891,.T.);
#9439=FACE_BOUND('',#8892,.T.);
#9440=FACE_BOUND('',#8893,.T.);
#9441=FACE_BOUND('',#8894,.T.);
#9442=FACE_BOUND('',#8895,.T.);
#9443=FACE_BOUND('',#8896,.T.);
#9444=FACE_BOUND('',#8897,.T.);
#9445=FACE_BOUND('',#8898,.T.);
#9446=FACE_BOUND('',#8899,.T.);
#9447=FACE_BOUND('',#8900,.T.);
#9448=FACE_BOUND('',#8901,.T.);
#9449=FACE_BOUND('',#8902,.T.);
#9450=FACE_BOUND('',#8903,.T.);
#9451=FACE_BOUND('',#8904,.T.);
#9452=FACE_BOUND('',#8905,.T.);
#9453=FACE_BOUND('',#8906,.T.);
#9454=FACE_BOUND('',#8907,.T.);
#9455=FACE_BOUND('',#8908,.T.);
#9456=FACE_BOUND('',#8909,.T.);
#9457=FACE_BOUND('',#8910,.T.);
#9458=FACE_BOUND('',#8911,.T.);
#9459=FACE_BOUND('',#8912,.T.);
#9460=FACE_BOUND('',#8913,.T.);
#9461=FACE_BOUND('',#8914,.T.);
#9462=FACE_BOUND('',#8915,.T.);
#9463=FACE_BOUND('',#8916,.T.);
#9464=FACE_BOUND('',#8917,.T.);
#9465=FACE_BOUND('',#8918,.T.);
#9466=FACE_BOUND('',#8919,.T.);
#9467=FACE_BOUND('',#8920,.T.);
#9468=FACE_BOUND('',#8921,.T.);
#9469=FACE_BOUND('',#8922,.T.);
#9470=FACE_BOUND('',#8923,.T.);
#9471=FACE_BOUND('',#8924,.T.);
#9472=FACE_BOUND('',#8925,.T.);
#9473=FACE_BOUND('',#8926,.T.);
#9474=FACE_BOUND('',#8927,.T.);
#9475=FACE_BOUND('',#8928,.T.);
#9476=FACE_BOUND('',#8929,.T.);
#9477=FACE_BOUND('',#8930,.T.);
#9478=FACE_BOUND('',#8931,.T.);
#9479=FACE_BOUND('',#8932,.T.);
#9480=FACE_BOUND('',#8933,.T.);
#9481=FACE_BOUND('',#8934,.T.);
#9482=FACE_BOUND('',#8935,.T.);
#9483=FACE_BOUND('',#8936,.T.);
#9484=FACE_BOUND('',#8937,.T.);
#9485=FACE_BOUND('',#8938,.T.);
#9486=FACE_BOUND('',#8939,.T.);
#9487=FACE_BOUND('',#8940,.T.);
#9488=FACE_BOUND('',#8941,.T.);
#9489=FACE_BOUND('',#8942,.T.);
#9490=FACE_BOUND('',#8943,.T.);
#9491=FACE_BOUND('',#8944,.T.);
#9492=FACE_BOUND('',#8945,.T.);
#9493=FACE_BOUND('',#8946,.T.);
#9494=FACE_BOUND('',#8947,.T.);
#9495=FACE_BOUND('',#8948,.T.);
#9496=FACE_BOUND('',#8949,.T.);
#9497=FACE_BOUND('',#8950,.T.);
#9498=FACE_BOUND('',#8951,.T.);
#9499=FACE_BOUND('',#8952,.T.);
#9500=FACE_BOUND('',#8953,.T.);
#9501=FACE_BOUND('',#8954,.T.);
#9502=FACE_BOUND('',#8955,.T.);
#9503=FACE_BOUND('',#8956,.T.);
#9504=FACE_BOUND('',#8957,.T.);
#9505=FACE_BOUND('',#8958,.T.);
#9506=FACE_BOUND('',#8959,.T.);
#9507=FACE_BOUND('',#8960,.T.);
#9508=FACE_BOUND('',#8961,.T.);
#9509=FACE_BOUND('',#8962,.T.);
#9510=FACE_BOUND('',#8963,.T.);
#9511=FACE_BOUND('',#8964,.T.);
#9512=FACE_BOUND('',#8965,.T.);
#9513=FACE_BOUND('',#8966,.T.);
#9514=FACE_BOUND('',#8967,.T.);
#9515=FACE_BOUND('',#8968,.T.);
#9516=FACE_BOUND('',#8969,.T.);
#9517=FACE_BOUND('',#8970,.T.);
#9518=FACE_BOUND('',#8971,.T.);
#9519=FACE_BOUND('',#8972,.T.);
#9520=FACE_BOUND('',#8973,.T.);
#9521=FACE_BOUND('',#8974,.T.);
#9522=FACE_BOUND('',#8975,.T.);
#9523=FACE_BOUND('',#8976,.T.);
#9524=FACE_BOUND('',#8977,.T.);
#9525=FACE_BOUND('',#8978,.T.);
#9526=FACE_BOUND('',#8979,.T.);
#9527=FACE_BOUND('',#8980,.T.);
#9528=FACE_BOUND('',#8981,.T.);
#9529=FACE_BOUND('',#8982,.T.);
#9530=FACE_BOUND('',#8983,.T.);
#9531=FACE_BOUND('',#8984,.T.);
#9532=FACE_BOUND('',#8985,.T.);
#9533=FACE_BOUND('',#8986,.T.);
#9534=FACE_BOUND('',#8987,.T.);
#9535=FACE_BOUND('',#8988,.T.);
#9536=FACE_BOUND('',#8989,.T.);
#9537=FACE_BOUND('',#8990,.T.);
#9538=FACE_BOUND('',#8991,.T.);
#9539=FACE_BOUND('',#8992,.T.);
#9540=FACE_BOUND('',#8993,.T.);
#9541=FACE_BOUND('',#8994,.T.);
#9542=FACE_BOUND('',#8995,.T.);
#9543=FACE_BOUND('',#8996,.T.);
#9544=FACE_BOUND('',#8997,.T.);
#9545=FACE_BOUND('',#8998,.T.);
#9546=FACE_BOUND('',#8999,.T.);
#9547=FACE_BOUND('',#9000,.T.);
#9548=FACE_BOUND('',#9001,.T.);
#9549=FACE_BOUND('',#9002,.T.);
#9550=FACE_BOUND('',#9003,.T.);
#9551=FACE_BOUND('',#9004,.T.);
#9552=FACE_BOUND('',#9005,.T.);
#9553=FACE_BOUND('',#9006,.T.);
#9554=FACE_BOUND('',#9007,.T.);
#9555=FACE_BOUND('',#9008,.T.);
#9556=FACE_BOUND('',#9009,.T.);
#9557=FACE_BOUND('',#9010,.T.);
#9558=FACE_BOUND('',#9011,.T.);
#9559=FACE_BOUND('',#9012,.T.);
#9560=FACE_BOUND('',#9013,.T.);
#9561=FACE_BOUND('',#9014,.T.);
#9562=FACE_BOUND('',#9015,.T.);
#9563=FACE_BOUND('',#9016,.T.);
#9564=FACE_BOUND('',#9017,.T.);
#9565=FACE_BOUND('',#9018,.T.);
#9566=FACE_BOUND('',#9019,.T.);
#9567=FACE_BOUND('',#9020,.T.);
#9568=FACE_BOUND('',#9021,.T.);
#9569=FACE_BOUND('',#9022,.T.);
#9570=FACE_BOUND('',#9023,.T.);
#9571=FACE_BOUND('',#9024,.T.);
#9572=FACE_BOUND('',#9025,.T.);
#9573=FACE_BOUND('',#9026,.T.);
#9574=FACE_BOUND('',#9027,.T.);
#9575=FACE_BOUND('',#9028,.T.);
#9576=FACE_BOUND('',#9029,.T.);
#9577=FACE_BOUND('',#9030,.T.);
#9578=FACE_BOUND('',#9031,.T.);
#9579=FACE_BOUND('',#9032,.T.);
#9580=FACE_BOUND('',#9033,.T.);
#9581=FACE_BOUND('',#9034,.T.);
#9582=FACE_BOUND('',#9035,.T.);
#9583=FACE_BOUND('',#9036,.T.);
#9584=FACE_BOUND('',#9037,.T.);
#9585=FACE_BOUND('',#9038,.T.);
#9586=FACE_BOUND('',#9039,.T.);
#9587=FACE_BOUND('',#9040,.T.);
#9588=FACE_BOUND('',#9041,.T.);
#9589=FACE_BOUND('',#9042,.T.);
#9590=FACE_BOUND('',#9043,.T.);
#9591=FACE_BOUND('',#9044,.T.);
#9592=FACE_BOUND('',#9045,.T.);
#9593=FACE_BOUND('',#9046,.T.);
#9594=FACE_BOUND('',#9047,.T.);
#9595=FACE_BOUND('',#9048,.T.);
#9596=FACE_BOUND('',#9049,.T.);
#9597=FACE_BOUND('',#9050,.T.);
#9598=FACE_BOUND('',#9051,.T.);
#9599=FACE_BOUND('',#9052,.T.);
#9600=FACE_BOUND('',#9053,.T.);
#9601=FACE_BOUND('',#9054,.T.);
#9602=FACE_BOUND('',#9055,.T.);
#9603=FACE_BOUND('',#9056,.T.);
#9604=FACE_BOUND('',#9057,.T.);
#9605=FACE_BOUND('',#9058,.T.);
#9606=FACE_BOUND('',#9059,.T.);
#9607=FACE_BOUND('',#9060,.T.);
#9608=FACE_BOUND('',#9061,.T.);
#9609=FACE_BOUND('',#9062,.T.);
#9610=FACE_BOUND('',#9063,.T.);
#9611=FACE_BOUND('',#9064,.T.);
#9612=FACE_BOUND('',#9065,.T.);
#9613=FACE_BOUND('',#9066,.T.);
#9614=FACE_BOUND('',#9067,.T.);
#9615=FACE_BOUND('',#9068,.T.);
#9616=FACE_BOUND('',#9069,.T.);
#9617=FACE_BOUND('',#9070,.T.);
#9618=FACE_BOUND('',#9071,.T.);
#9619=FACE_BOUND('',#9072,.T.);
#9620=FACE_BOUND('',#9073,.T.);
#9621=FACE_BOUND('',#9074,.T.);
#9622=FACE_BOUND('',#9075,.T.);
#9623=FACE_BOUND('',#9076,.T.);
#9624=FACE_BOUND('',#9077,.T.);
#9625=FACE_BOUND('',#9078,.T.);
#9626=FACE_BOUND('',#9079,.T.);
#9627=FACE_BOUND('',#9080,.T.);
#9628=FACE_BOUND('',#9081,.T.);
#9629=FACE_BOUND('',#9082,.T.);
#9630=FACE_BOUND('',#9083,.T.);
#9631=FACE_BOUND('',#9084,.T.);
#9632=FACE_BOUND('',#9085,.T.);
#9633=FACE_BOUND('',#9086,.T.);
#9634=FACE_BOUND('',#9087,.T.);
#9635=FACE_BOUND('',#9088,.T.);
#9636=FACE_BOUND('',#9089,.T.);
#9637=FACE_BOUND('',#9090,.T.);
#9638=FACE_BOUND('',#9091,.T.);
#9639=FACE_BOUND('',#9092,.T.);
#9640=FACE_BOUND('',#9093,.T.);
#9641=FACE_BOUND('',#9094,.T.);
#9642=FACE_BOUND('',#9095,.T.);
#9643=FACE_BOUND('',#9096,.T.);
#9644=FACE_BOUND('',#9097,.T.);
#9645=FACE_BOUND('',#9098,.T.);
#9646=FACE_BOUND('',#9099,.T.);
#9647=FACE_BOUND('',#9100,.T.);
#9648=FACE_BOUND('',#9101,.T.);
#9649=FACE_BOUND('',#9102,.T.);
#9650=PLANE('',#14304);
#9651=PLANE('',#14305);
#9652=PLANE('',#14306);
#9653=PLANE('',#14307);
#9654=PLANE('',#14308);
#9655=PLANE('',#14310);
#9656=PLANE('',#14328);
#9657=PLANE('',#14331);
#9658=PLANE('',#14332);
#9659=PLANE('',#14336);
#9660=PLANE('',#14337);
#9661=PLANE('',#14340);
#9662=PLANE('',#14347);
#9663=PLANE('',#14361);
#9664=PLANE('',#14362);
#9665=PLANE('',#14377);
#9666=PLANE('',#14380);
#9667=PLANE('',#14383);
#9668=PLANE('',#14387);
#9669=PLANE('',#14388);
#9670=PLANE('',#14391);
#9671=PLANE('',#14396);
#9672=PLANE('',#14400);
#9673=PLANE('',#14401);
#9674=PLANE('',#14406);
#9675=PLANE('',#14407);
#9676=PLANE('',#14416);
#9677=PLANE('',#14418);
#9678=PLANE('',#14430);
#9679=PLANE('',#14431);
#9680=PLANE('',#14432);
#9681=PLANE('',#14434);
#9682=PLANE('',#14435);
#9683=PLANE('',#14448);
#9684=PLANE('',#14451);
#9685=PLANE('',#14452);
#9686=PLANE('',#14453);
#9687=PLANE('',#14454);
#9688=PLANE('',#14461);
#9689=PLANE('',#14464);
#9690=PLANE('',#14472);
#9691=PLANE('',#14475);
#9692=PLANE('',#14476);
#9693=PLANE('',#14479);
#9694=PLANE('',#14484);
#9695=PLANE('',#14489);
#9696=PLANE('',#14496);
#9697=PLANE('',#14497);
#9698=PLANE('',#14498);
#9699=PLANE('',#14500);
#9700=PLANE('',#14502);
#9701=PLANE('',#14503);
#9702=PLANE('',#14508);
#9703=PLANE('',#14511);
#9704=PLANE('',#14524);
#9705=PLANE('',#14525);
#9706=PLANE('',#14526);
#9707=PLANE('',#14528);
#9708=PLANE('',#14529);
#9709=PLANE('',#14532);
#9710=PLANE('',#14533);
#9711=PLANE('',#14543);
#9712=PLANE('',#14544);
#9713=PLANE('',#14545);
#9714=PLANE('',#14546);
#9715=PLANE('',#14547);
#9716=PLANE('',#14551);
#9717=PLANE('',#14552);
#9718=PLANE('',#14555);
#9719=PLANE('',#14558);
#9720=PLANE('',#14562);
#9721=PLANE('',#14564);
#9722=PLANE('',#14565);
#9723=PLANE('',#14572);
#9724=PLANE('',#14573);
#9725=PLANE('',#14574);
#9726=PLANE('',#14575);
#9727=PLANE('',#14579);
#9728=PLANE('',#14583);
#9729=PLANE('',#14585);
#9730=PLANE('',#14589);
#9731=PLANE('',#14590);
#9732=PLANE('',#14596);
#9733=PLANE('',#14599);
#9734=PLANE('',#14603);
#9735=PLANE('',#14604);
#9736=PLANE('',#14605);
#9737=PLANE('',#14606);
#9738=PLANE('',#14607);
#9739=PLANE('',#14610);
#9740=PLANE('',#14611);
#9741=PLANE('',#14612);
#9742=PLANE('',#14618);
#9743=PLANE('',#14622);
#9744=PLANE('',#14625);
#9745=PLANE('',#14627);
#9746=PLANE('',#14628);
#9747=PLANE('',#14629);
#9748=PLANE('',#14630);
#9749=PLANE('',#14632);
#9750=PLANE('',#14633);
#9751=PLANE('',#14635);
#9752=PLANE('',#14636);
#9753=PLANE('',#14637);
#9754=PLANE('',#14641);
#9755=PLANE('',#14643);
#9756=PLANE('',#14644);
#9757=PLANE('',#14645);
#9758=PLANE('',#14646);
#9759=PLANE('',#14649);
#9760=PLANE('',#14650);
#9761=PLANE('',#14651);
#9762=PLANE('',#14652);
#9763=PLANE('',#14654);
#9764=PLANE('',#14657);
#9765=PLANE('',#14660);
#9766=PLANE('',#14664);
#9767=PLANE('',#14669);
#9768=PLANE('',#14670);
#9769=PLANE('',#14675);
#9770=PLANE('',#14678);
#9771=PLANE('',#14681);
#9772=PLANE('',#14691);
#9773=PLANE('',#14692);
#9774=PLANE('',#14693);
#9775=PLANE('',#14695);
#9776=PLANE('',#14696);
#9777=PLANE('',#14701);
#9778=PLANE('',#14704);
#9779=PLANE('',#14705);
#9780=PLANE('',#14706);
#9781=PLANE('',#14708);
#9782=PLANE('',#14709);
#9783=PLANE('',#14715);
#9784=PLANE('',#14721);
#9785=PLANE('',#14726);
#9786=PLANE('',#14727);
#9787=PLANE('',#14731);
#9788=PLANE('',#14732);
#9789=PLANE('',#14733);
#9790=PLANE('',#14734);
#9791=PLANE('',#14735);
#9792=PLANE('',#14739);
#9793=PLANE('',#14740);
#9794=PLANE('',#14745);
#9795=PLANE('',#14747);
#9796=PLANE('',#14748);
#9797=PLANE('',#14749);
#9798=PLANE('',#14750);
#9799=PLANE('',#14756);
#9800=PLANE('',#14759);
#9801=PLANE('',#14760);
#9802=PLANE('',#14765);
#9803=PLANE('',#14767);
#9804=PLANE('',#14768);
#9805=PLANE('',#14769);
#9806=PLANE('',#14771);
#9807=PLANE('',#14772);
#9808=PLANE('',#14773);
#9809=PLANE('',#14774);
#9810=PLANE('',#14778);
#9811=PLANE('',#14779);
#9812=PLANE('',#14781);
#9813=PLANE('',#14782);
#9814=PLANE('',#14785);
#9815=PLANE('',#14791);
#9816=PLANE('',#14792);
#9817=PLANE('',#14793);
#9818=PLANE('',#14800);
#9819=PLANE('',#14802);
#9820=PLANE('',#14805);
#9821=PLANE('',#14808);
#9822=PLANE('',#14812);
#9823=PLANE('',#14813);
#9824=PLANE('',#14814);
#9825=PLANE('',#14815);
#9826=PLANE('',#14816);
#9827=PLANE('',#14821);
#9828=PLANE('',#14824);
#9829=PLANE('',#14828);
#9830=PLANE('',#14830);
#9831=PLANE('',#14831);
#9832=PLANE('',#14834);
#9833=PLANE('',#14837);
#9834=PLANE('',#14838);
#9835=PLANE('',#14842);
#9836=PLANE('',#14843);
#9837=PLANE('',#14847);
#9838=PLANE('',#14848);
#9839=PLANE('',#14852);
#9840=PLANE('',#14853);
#9841=PLANE('',#14855);
#9842=PLANE('',#14857);
#9843=PLANE('',#14858);
#9844=PLANE('',#14860);
#9845=PLANE('',#14861);
#9846=PLANE('',#14863);
#9847=PLANE('',#14864);
#9848=PLANE('',#14866);
#9849=PLANE('',#14869);
#9850=PLANE('',#14870);
#9851=PLANE('',#14871);
#9852=PLANE('',#14872);
#9853=PLANE('',#14876);
#9854=PLANE('',#14880);
#9855=PLANE('',#14883);
#9856=PLANE('',#14884);
#9857=PLANE('',#14886);
#9858=PLANE('',#14889);
#9859=PLANE('',#14890);
#9860=PLANE('',#14892);
#9861=PLANE('',#14898);
#9862=PLANE('',#14901);
#9863=PLANE('',#14902);
#9864=PLANE('',#14904);
#9865=PLANE('',#14905);
#9866=PLANE('',#14906);
#9867=PLANE('',#14907);
#9868=PLANE('',#14914);
#9869=PLANE('',#14919);
#9870=PLANE('',#14922);
#9871=PLANE('',#14923);
#9872=PLANE('',#14924);
#9873=PLANE('',#14928);
#9874=PLANE('',#14930);
#9875=PLANE('',#14932);
#9876=PLANE('',#14933);
#9877=PLANE('',#14934);
#9878=PLANE('',#14935);
#9879=PLANE('',#14937);
#9880=PLANE('',#14938);
#9881=PLANE('',#14945);
#9882=PLANE('',#14946);
#9883=PLANE('',#14947);
#9884=PLANE('',#14950);
#9885=PLANE('',#14951);
#9886=PLANE('',#14952);
#9887=PLANE('',#14955);
#9888=PLANE('',#14956);
#9889=PLANE('',#14959);
#9890=PLANE('',#14960);
#9891=PLANE('',#14963);
#9892=PLANE('',#14964);
#9893=PLANE('',#14967);
#9894=PLANE('',#14968);
#9895=PLANE('',#14969);
#9896=PLANE('',#14971);
#9897=PLANE('',#14973);
#9898=PLANE('',#14977);
#9899=PLANE('',#14978);
#9900=PLANE('',#14982);
#9901=PLANE('',#14983);
#9902=PLANE('',#14984);
#9903=PLANE('',#14986);
#9904=PLANE('',#14987);
#9905=PLANE('',#14988);
#9906=PLANE('',#14990);
#9907=PLANE('',#14993);
#9908=PLANE('',#14995);
#9909=PLANE('',#14999);
#9910=PLANE('',#15004);
#9911=PLANE('',#15006);
#9912=PLANE('',#15007);
#9913=PLANE('',#15011);
#9914=PLANE('',#15012);
#9915=PLANE('',#15017);
#9916=PLANE('',#15018);
#9917=PLANE('',#15019);
#9918=PLANE('',#15021);
#9919=PLANE('',#15027);
#9920=PLANE('',#15029);
#9921=PLANE('',#15030);
#9922=PLANE('',#15031);
#9923=PLANE('',#15032);
#9924=PLANE('',#15033);
#9925=PLANE('',#15034);
#9926=PLANE('',#15038);
#9927=PLANE('',#15043);
#9928=PLANE('',#15044);
#9929=PLANE('',#15049);
#9930=PLANE('',#15053);
#9931=PLANE('',#15055);
#9932=PLANE('',#15056);
#9933=PLANE('',#15057);
#9934=PLANE('',#15058);
#9935=PLANE('',#15062);
#9936=PLANE('',#15063);
#9937=PLANE('',#15064);
#9938=PLANE('',#15068);
#9939=PLANE('',#15072);
#9940=PLANE('',#15074);
#9941=PLANE('',#15075);
#9942=PLANE('',#15076);
#9943=PLANE('',#15077);
#9944=PLANE('',#15078);
#9945=PLANE('',#15083);
#9946=PLANE('',#15084);
#9947=PLANE('',#15088);
#9948=PLANE('',#15089);
#9949=PLANE('',#15091);
#9950=PLANE('',#15095);
#9951=PLANE('',#15096);
#9952=PLANE('',#15097);
#9953=PLANE('',#15101);
#9954=PLANE('',#15103);
#9955=PLANE('',#15104);
#9956=PLANE('',#15105);
#9957=PLANE('',#15111);
#9958=PLANE('',#15112);
#9959=PLANE('',#15116);
#9960=PLANE('',#15120);
#9961=PLANE('',#15123);
#9962=PLANE('',#15124);
#9963=PLANE('',#15125);
#9964=PLANE('',#15127);
#9965=PLANE('',#15130);
#9966=PLANE('',#15131);
#9967=PLANE('',#15133);
#9968=PLANE('',#15136);
#9969=PLANE('',#15140);
#9970=PLANE('',#15141);
#9971=PLANE('',#15144);
#9972=PLANE('',#15145);
#9973=PLANE('',#15147);
#9974=PLANE('',#15149);
#9975=PLANE('',#15156);
#9976=PLANE('',#15157);
#9977=PLANE('',#15158);
#9978=PLANE('',#15159);
#9979=PLANE('',#15160);
#9980=PLANE('',#15161);
#9981=PLANE('',#15162);
#9982=PLANE('',#15163);
#9983=PLANE('',#15170);
#9984=PLANE('',#15171);
#9985=PLANE('',#15173);
#9986=PLANE('',#15174);
#9987=PLANE('',#15178);
#9988=PLANE('',#15181);
#9989=PLANE('',#15186);
#9990=PLANE('',#15187);
#9991=PLANE('',#15188);
#9992=PLANE('',#15190);
#9993=PLANE('',#15191);
#9994=PLANE('',#15192);
#9995=PLANE('',#15194);
#9996=PLANE('',#15196);
#9997=PLANE('',#15198);
#9998=PLANE('',#15200);
#9999=STYLED_ITEM('',(#10536),#13760);
#10000=STYLED_ITEM('',(#10537),#13761);
#10001=STYLED_ITEM('',(#10538),#13762);
#10002=STYLED_ITEM('',(#10539),#13763);
#10003=STYLED_ITEM('',(#10540),#13764);
#10004=STYLED_ITEM('',(#10541),#13765);
#10005=STYLED_ITEM('',(#10542),#13766);
#10006=STYLED_ITEM('',(#10543),#13767);
#10007=STYLED_ITEM('',(#10544),#13768);
#10008=STYLED_ITEM('',(#10545),#13769);
#10009=STYLED_ITEM('',(#10546),#13770);
#10010=STYLED_ITEM('',(#10547),#13771);
#10011=STYLED_ITEM('',(#10548),#13772);
#10012=STYLED_ITEM('',(#10549),#13773);
#10013=STYLED_ITEM('',(#10550),#13774);
#10014=STYLED_ITEM('',(#10551),#13775);
#10015=STYLED_ITEM('',(#10552),#13776);
#10016=STYLED_ITEM('',(#10553),#13777);
#10017=STYLED_ITEM('',(#10554),#13778);
#10018=STYLED_ITEM('',(#10555),#13779);
#10019=STYLED_ITEM('',(#10556),#13780);
#10020=STYLED_ITEM('',(#10557),#13781);
#10021=STYLED_ITEM('',(#10558),#13782);
#10022=STYLED_ITEM('',(#10559),#13783);
#10023=STYLED_ITEM('',(#10560),#13784);
#10024=STYLED_ITEM('',(#10561),#13785);
#10025=STYLED_ITEM('',(#10562),#13786);
#10026=STYLED_ITEM('',(#10563),#13787);
#10027=STYLED_ITEM('',(#10564),#13788);
#10028=STYLED_ITEM('',(#10565),#13789);
#10029=STYLED_ITEM('',(#10566),#13790);
#10030=STYLED_ITEM('',(#10567),#13791);
#10031=STYLED_ITEM('',(#10568),#13792);
#10032=STYLED_ITEM('',(#10569),#13793);
#10033=STYLED_ITEM('',(#10570),#13794);
#10034=STYLED_ITEM('',(#10571),#13795);
#10035=STYLED_ITEM('',(#10572),#13796);
#10036=STYLED_ITEM('',(#10573),#13797);
#10037=STYLED_ITEM('',(#10574),#13798);
#10038=STYLED_ITEM('',(#10575),#13799);
#10039=STYLED_ITEM('',(#10576),#13800);
#10040=STYLED_ITEM('',(#10577),#13801);
#10041=STYLED_ITEM('',(#10578),#13802);
#10042=STYLED_ITEM('',(#10579),#13803);
#10043=STYLED_ITEM('',(#10580),#13804);
#10044=STYLED_ITEM('',(#10581),#13805);
#10045=STYLED_ITEM('',(#10582),#13806);
#10046=STYLED_ITEM('',(#10583),#13807);
#10047=STYLED_ITEM('',(#10584),#13808);
#10048=STYLED_ITEM('',(#10585),#13809);
#10049=STYLED_ITEM('',(#10586),#13810);
#10050=STYLED_ITEM('',(#10587),#13811);
#10051=STYLED_ITEM('',(#10588),#13812);
#10052=STYLED_ITEM('',(#10589),#13813);
#10053=STYLED_ITEM('',(#10590),#13814);
#10054=STYLED_ITEM('',(#10591),#13815);
#10055=STYLED_ITEM('',(#10592),#13816);
#10056=STYLED_ITEM('',(#10593),#13817);
#10057=STYLED_ITEM('',(#10594),#13818);
#10058=STYLED_ITEM('',(#10595),#13819);
#10059=STYLED_ITEM('',(#10596),#13820);
#10060=STYLED_ITEM('',(#10597),#13821);
#10061=STYLED_ITEM('',(#10598),#13822);
#10062=STYLED_ITEM('',(#10599),#13823);
#10063=STYLED_ITEM('',(#10600),#13824);
#10064=STYLED_ITEM('',(#10601),#13825);
#10065=STYLED_ITEM('',(#10602),#13826);
#10066=STYLED_ITEM('',(#10603),#13827);
#10067=STYLED_ITEM('',(#10604),#13828);
#10068=STYLED_ITEM('',(#10605),#13829);
#10069=STYLED_ITEM('',(#10606),#13830);
#10070=STYLED_ITEM('',(#10607),#13831);
#10071=STYLED_ITEM('',(#10608),#13832);
#10072=STYLED_ITEM('',(#10609),#13833);
#10073=STYLED_ITEM('',(#10610),#13834);
#10074=STYLED_ITEM('',(#10611),#13835);
#10075=STYLED_ITEM('',(#10612),#13836);
#10076=STYLED_ITEM('',(#10613),#13837);
#10077=STYLED_ITEM('',(#10614),#13838);
#10078=STYLED_ITEM('',(#10615),#13839);
#10079=STYLED_ITEM('',(#10616),#13840);
#10080=STYLED_ITEM('',(#10617),#13841);
#10081=STYLED_ITEM('',(#10618),#13842);
#10082=STYLED_ITEM('',(#10619),#13843);
#10083=STYLED_ITEM('',(#10620),#13844);
#10084=STYLED_ITEM('',(#10621),#13845);
#10085=STYLED_ITEM('',(#10622),#13846);
#10086=STYLED_ITEM('',(#10623),#13847);
#10087=STYLED_ITEM('',(#10624),#13848);
#10088=STYLED_ITEM('',(#10625),#13849);
#10089=STYLED_ITEM('',(#10626),#13850);
#10090=STYLED_ITEM('',(#10627),#13851);
#10091=STYLED_ITEM('',(#10628),#13852);
#10092=STYLED_ITEM('',(#10629),#13853);
#10093=STYLED_ITEM('',(#10630),#13854);
#10094=STYLED_ITEM('',(#10631),#13855);
#10095=STYLED_ITEM('',(#10632),#13856);
#10096=STYLED_ITEM('',(#10633),#13857);
#10097=STYLED_ITEM('',(#10634),#13858);
#10098=STYLED_ITEM('',(#10635),#13859);
#10099=STYLED_ITEM('',(#10636),#13860);
#10100=STYLED_ITEM('',(#10637),#13861);
#10101=STYLED_ITEM('',(#10638),#13862);
#10102=STYLED_ITEM('',(#10639),#13863);
#10103=STYLED_ITEM('',(#10640),#13864);
#10104=STYLED_ITEM('',(#10641),#13865);
#10105=STYLED_ITEM('',(#10642),#13866);
#10106=STYLED_ITEM('',(#10643),#13867);
#10107=STYLED_ITEM('',(#10644),#13868);
#10108=STYLED_ITEM('',(#10645),#13869);
#10109=STYLED_ITEM('',(#10646),#13870);
#10110=STYLED_ITEM('',(#10647),#13871);
#10111=STYLED_ITEM('',(#10648),#13872);
#10112=STYLED_ITEM('',(#10649),#13873);
#10113=STYLED_ITEM('',(#10650),#13874);
#10114=STYLED_ITEM('',(#10651),#13875);
#10115=STYLED_ITEM('',(#10652),#13876);
#10116=STYLED_ITEM('',(#10653),#13877);
#10117=STYLED_ITEM('',(#10654),#13878);
#10118=STYLED_ITEM('',(#10655),#13879);
#10119=STYLED_ITEM('',(#10656),#13880);
#10120=STYLED_ITEM('',(#10657),#13881);
#10121=STYLED_ITEM('',(#10658),#13882);
#10122=STYLED_ITEM('',(#10659),#13883);
#10123=STYLED_ITEM('',(#10660),#13884);
#10124=STYLED_ITEM('',(#10661),#13885);
#10125=STYLED_ITEM('',(#10662),#13886);
#10126=STYLED_ITEM('',(#10663),#13887);
#10127=STYLED_ITEM('',(#10664),#13888);
#10128=STYLED_ITEM('',(#10665),#13889);
#10129=STYLED_ITEM('',(#10666),#13890);
#10130=STYLED_ITEM('',(#10667),#13891);
#10131=STYLED_ITEM('',(#10668),#13892);
#10132=STYLED_ITEM('',(#10669),#13893);
#10133=STYLED_ITEM('',(#10670),#13894);
#10134=STYLED_ITEM('',(#10671),#13895);
#10135=STYLED_ITEM('',(#10672),#13896);
#10136=STYLED_ITEM('',(#10673),#13897);
#10137=STYLED_ITEM('',(#10674),#13898);
#10138=STYLED_ITEM('',(#10675),#13899);
#10139=STYLED_ITEM('',(#10676),#13900);
#10140=STYLED_ITEM('',(#10677),#13901);
#10141=STYLED_ITEM('',(#10678),#13902);
#10142=STYLED_ITEM('',(#10679),#13903);
#10143=STYLED_ITEM('',(#10680),#13904);
#10144=STYLED_ITEM('',(#10681),#13905);
#10145=STYLED_ITEM('',(#10682),#13906);
#10146=STYLED_ITEM('',(#10683),#13907);
#10147=STYLED_ITEM('',(#10684),#13908);
#10148=STYLED_ITEM('',(#10685),#13909);
#10149=STYLED_ITEM('',(#10686),#13910);
#10150=STYLED_ITEM('',(#10687),#13911);
#10151=STYLED_ITEM('',(#10688),#13912);
#10152=STYLED_ITEM('',(#10689),#13913);
#10153=STYLED_ITEM('',(#10690),#13914);
#10154=STYLED_ITEM('',(#10691),#13915);
#10155=STYLED_ITEM('',(#10692),#13916);
#10156=STYLED_ITEM('',(#10693),#13917);
#10157=STYLED_ITEM('',(#10694),#13918);
#10158=STYLED_ITEM('',(#10695),#13919);
#10159=STYLED_ITEM('',(#10696),#13920);
#10160=STYLED_ITEM('',(#10697),#13921);
#10161=STYLED_ITEM('',(#10698),#13922);
#10162=STYLED_ITEM('',(#10699),#13923);
#10163=STYLED_ITEM('',(#10700),#13924);
#10164=STYLED_ITEM('',(#10701),#13925);
#10165=STYLED_ITEM('',(#10702),#13926);
#10166=STYLED_ITEM('',(#10703),#13927);
#10167=STYLED_ITEM('',(#10704),#13928);
#10168=STYLED_ITEM('',(#10705),#13929);
#10169=STYLED_ITEM('',(#10706),#13930);
#10170=STYLED_ITEM('',(#10707),#13931);
#10171=STYLED_ITEM('',(#10708),#13932);
#10172=STYLED_ITEM('',(#10709),#13933);
#10173=STYLED_ITEM('',(#10710),#13934);
#10174=STYLED_ITEM('',(#10711),#13935);
#10175=STYLED_ITEM('',(#10712),#13936);
#10176=STYLED_ITEM('',(#10713),#13937);
#10177=STYLED_ITEM('',(#10714),#13938);
#10178=STYLED_ITEM('',(#10715),#13939);
#10179=STYLED_ITEM('',(#10716),#13940);
#10180=STYLED_ITEM('',(#10717),#13941);
#10181=STYLED_ITEM('',(#10718),#13942);
#10182=STYLED_ITEM('',(#10719),#13943);
#10183=STYLED_ITEM('',(#10720),#13944);
#10184=STYLED_ITEM('',(#10721),#13945);
#10185=STYLED_ITEM('',(#10722),#13946);
#10186=STYLED_ITEM('',(#10723),#13947);
#10187=STYLED_ITEM('',(#10724),#13948);
#10188=STYLED_ITEM('',(#10725),#13949);
#10189=STYLED_ITEM('',(#10726),#13950);
#10190=STYLED_ITEM('',(#10727),#13951);
#10191=STYLED_ITEM('',(#10728),#13952);
#10192=STYLED_ITEM('',(#10729),#13953);
#10193=STYLED_ITEM('',(#10730),#13954);
#10194=STYLED_ITEM('',(#10731),#13955);
#10195=STYLED_ITEM('',(#10732),#13956);
#10196=STYLED_ITEM('',(#10733),#13957);
#10197=STYLED_ITEM('',(#10734),#13958);
#10198=STYLED_ITEM('',(#10735),#13959);
#10199=STYLED_ITEM('',(#10736),#13960);
#10200=STYLED_ITEM('',(#10737),#13961);
#10201=STYLED_ITEM('',(#10738),#13962);
#10202=STYLED_ITEM('',(#10739),#13963);
#10203=STYLED_ITEM('',(#10740),#13964);
#10204=STYLED_ITEM('',(#10741),#13965);
#10205=STYLED_ITEM('',(#10742),#13966);
#10206=STYLED_ITEM('',(#10743),#13967);
#10207=STYLED_ITEM('',(#10744),#13968);
#10208=STYLED_ITEM('',(#10745),#13969);
#10209=STYLED_ITEM('',(#10746),#13970);
#10210=STYLED_ITEM('',(#10747),#13971);
#10211=STYLED_ITEM('',(#10748),#13972);
#10212=STYLED_ITEM('',(#10749),#13973);
#10213=STYLED_ITEM('',(#10750),#13974);
#10214=STYLED_ITEM('',(#10751),#13975);
#10215=STYLED_ITEM('',(#10752),#13976);
#10216=STYLED_ITEM('',(#10753),#13977);
#10217=STYLED_ITEM('',(#10754),#13978);
#10218=STYLED_ITEM('',(#10755),#13979);
#10219=STYLED_ITEM('',(#10756),#13980);
#10220=STYLED_ITEM('',(#10757),#13981);
#10221=STYLED_ITEM('',(#10758),#13982);
#10222=STYLED_ITEM('',(#10759),#13983);
#10223=STYLED_ITEM('',(#10760),#13984);
#10224=STYLED_ITEM('',(#10761),#13985);
#10225=STYLED_ITEM('',(#10762),#13986);
#10226=STYLED_ITEM('',(#10763),#13987);
#10227=STYLED_ITEM('',(#10764),#13988);
#10228=STYLED_ITEM('',(#10765),#13989);
#10229=STYLED_ITEM('',(#10766),#13990);
#10230=STYLED_ITEM('',(#10767),#13991);
#10231=STYLED_ITEM('',(#10768),#13992);
#10232=STYLED_ITEM('',(#10769),#13993);
#10233=STYLED_ITEM('',(#10770),#13994);
#10234=STYLED_ITEM('',(#10771),#13995);
#10235=STYLED_ITEM('',(#10772),#13996);
#10236=STYLED_ITEM('',(#10773),#13997);
#10237=STYLED_ITEM('',(#10774),#13998);
#10238=STYLED_ITEM('',(#10775),#13999);
#10239=STYLED_ITEM('',(#10776),#14000);
#10240=STYLED_ITEM('',(#10777),#14001);
#10241=STYLED_ITEM('',(#10778),#14002);
#10242=STYLED_ITEM('',(#10779),#14003);
#10243=STYLED_ITEM('',(#10780),#14004);
#10244=STYLED_ITEM('',(#10781),#14005);
#10245=STYLED_ITEM('',(#10782),#14006);
#10246=STYLED_ITEM('',(#10783),#14007);
#10247=STYLED_ITEM('',(#10784),#14008);
#10248=STYLED_ITEM('',(#10785),#14009);
#10249=STYLED_ITEM('',(#10786),#14010);
#10250=STYLED_ITEM('',(#10787),#14011);
#10251=STYLED_ITEM('',(#10788),#14012);
#10252=STYLED_ITEM('',(#10789),#14013);
#10253=STYLED_ITEM('',(#10790),#14014);
#10254=STYLED_ITEM('',(#10791),#14015);
#10255=STYLED_ITEM('',(#10792),#14016);
#10256=STYLED_ITEM('',(#10793),#14017);
#10257=STYLED_ITEM('',(#10794),#14018);
#10258=STYLED_ITEM('',(#10795),#14019);
#10259=STYLED_ITEM('',(#10796),#14020);
#10260=STYLED_ITEM('',(#10797),#14021);
#10261=STYLED_ITEM('',(#10798),#14022);
#10262=STYLED_ITEM('',(#10799),#14023);
#10263=STYLED_ITEM('',(#10800),#14024);
#10264=STYLED_ITEM('',(#10801),#14025);
#10265=STYLED_ITEM('',(#10802),#14026);
#10266=STYLED_ITEM('',(#10803),#14027);
#10267=STYLED_ITEM('',(#10804),#14028);
#10268=STYLED_ITEM('',(#10805),#14029);
#10269=STYLED_ITEM('',(#10806),#14030);
#10270=STYLED_ITEM('',(#10807),#14031);
#10271=STYLED_ITEM('',(#10808),#14032);
#10272=STYLED_ITEM('',(#10809),#14033);
#10273=STYLED_ITEM('',(#10810),#14034);
#10274=STYLED_ITEM('',(#10811),#14035);
#10275=STYLED_ITEM('',(#10812),#14036);
#10276=STYLED_ITEM('',(#10813),#14037);
#10277=STYLED_ITEM('',(#10814),#14038);
#10278=STYLED_ITEM('',(#10815),#14039);
#10279=STYLED_ITEM('',(#10816),#14040);
#10280=STYLED_ITEM('',(#10817),#14041);
#10281=STYLED_ITEM('',(#10818),#14042);
#10282=STYLED_ITEM('',(#10819),#14043);
#10283=STYLED_ITEM('',(#10820),#14044);
#10284=STYLED_ITEM('',(#10821),#14045);
#10285=STYLED_ITEM('',(#10822),#14046);
#10286=STYLED_ITEM('',(#10823),#14047);
#10287=STYLED_ITEM('',(#10824),#14048);
#10288=STYLED_ITEM('',(#10825),#14049);
#10289=STYLED_ITEM('',(#10826),#14050);
#10290=STYLED_ITEM('',(#10827),#14051);
#10291=STYLED_ITEM('',(#10828),#14052);
#10292=STYLED_ITEM('',(#10829),#14053);
#10293=STYLED_ITEM('',(#10830),#14054);
#10294=STYLED_ITEM('',(#10831),#14055);
#10295=STYLED_ITEM('',(#10832),#14056);
#10296=STYLED_ITEM('',(#10833),#14057);
#10297=STYLED_ITEM('',(#10834),#14058);
#10298=STYLED_ITEM('',(#10835),#14059);
#10299=STYLED_ITEM('',(#10836),#14060);
#10300=STYLED_ITEM('',(#10837),#14061);
#10301=STYLED_ITEM('',(#10838),#14062);
#10302=STYLED_ITEM('',(#10839),#14063);
#10303=STYLED_ITEM('',(#10840),#14064);
#10304=STYLED_ITEM('',(#10841),#14065);
#10305=STYLED_ITEM('',(#10842),#14066);
#10306=STYLED_ITEM('',(#10843),#14067);
#10307=STYLED_ITEM('',(#10844),#14068);
#10308=STYLED_ITEM('',(#10845),#14069);
#10309=STYLED_ITEM('',(#10846),#14070);
#10310=STYLED_ITEM('',(#10847),#14071);
#10311=STYLED_ITEM('',(#10848),#14072);
#10312=STYLED_ITEM('',(#10849),#14073);
#10313=STYLED_ITEM('',(#10850),#14074);
#10314=STYLED_ITEM('',(#10851),#14075);
#10315=STYLED_ITEM('',(#10852),#14076);
#10316=STYLED_ITEM('',(#10853),#14077);
#10317=STYLED_ITEM('',(#10854),#14078);
#10318=STYLED_ITEM('',(#10855),#14079);
#10319=STYLED_ITEM('',(#10856),#14080);
#10320=STYLED_ITEM('',(#10857),#14081);
#10321=STYLED_ITEM('',(#10858),#14082);
#10322=STYLED_ITEM('',(#10859),#14083);
#10323=STYLED_ITEM('',(#10860),#14084);
#10324=STYLED_ITEM('',(#10861),#14085);
#10325=STYLED_ITEM('',(#10862),#14086);
#10326=STYLED_ITEM('',(#10863),#14087);
#10327=STYLED_ITEM('',(#10864),#14088);
#10328=STYLED_ITEM('',(#10865),#14089);
#10329=STYLED_ITEM('',(#10866),#14090);
#10330=STYLED_ITEM('',(#10867),#14091);
#10331=STYLED_ITEM('',(#10868),#14092);
#10332=STYLED_ITEM('',(#10869),#14093);
#10333=STYLED_ITEM('',(#10870),#14094);
#10334=STYLED_ITEM('',(#10871),#14095);
#10335=STYLED_ITEM('',(#10872),#14096);
#10336=STYLED_ITEM('',(#10873),#14097);
#10337=STYLED_ITEM('',(#10874),#14098);
#10338=STYLED_ITEM('',(#10875),#14099);
#10339=STYLED_ITEM('',(#10876),#14100);
#10340=STYLED_ITEM('',(#10877),#14101);
#10341=STYLED_ITEM('',(#10878),#14102);
#10342=STYLED_ITEM('',(#10879),#14103);
#10343=STYLED_ITEM('',(#10880),#14104);
#10344=STYLED_ITEM('',(#10881),#14105);
#10345=STYLED_ITEM('',(#10882),#14106);
#10346=STYLED_ITEM('',(#10883),#14107);
#10347=STYLED_ITEM('',(#10884),#14108);
#10348=STYLED_ITEM('',(#10885),#14109);
#10349=STYLED_ITEM('',(#10886),#14110);
#10350=STYLED_ITEM('',(#10887),#14111);
#10351=STYLED_ITEM('',(#10888),#14112);
#10352=STYLED_ITEM('',(#10889),#14113);
#10353=STYLED_ITEM('',(#10890),#14114);
#10354=STYLED_ITEM('',(#10891),#14115);
#10355=STYLED_ITEM('',(#10892),#14116);
#10356=STYLED_ITEM('',(#10893),#14117);
#10357=STYLED_ITEM('',(#10894),#14118);
#10358=STYLED_ITEM('',(#10895),#14119);
#10359=STYLED_ITEM('',(#10896),#14120);
#10360=STYLED_ITEM('',(#10897),#14121);
#10361=STYLED_ITEM('',(#10898),#14122);
#10362=STYLED_ITEM('',(#10899),#14123);
#10363=STYLED_ITEM('',(#10900),#14124);
#10364=STYLED_ITEM('',(#10901),#14125);
#10365=STYLED_ITEM('',(#10902),#14126);
#10366=STYLED_ITEM('',(#10903),#14127);
#10367=STYLED_ITEM('',(#10904),#14128);
#10368=STYLED_ITEM('',(#10905),#14129);
#10369=STYLED_ITEM('',(#10906),#14130);
#10370=STYLED_ITEM('',(#10907),#14131);
#10371=STYLED_ITEM('',(#10908),#14132);
#10372=STYLED_ITEM('',(#10909),#14133);
#10373=STYLED_ITEM('',(#10910),#14134);
#10374=STYLED_ITEM('',(#10911),#14135);
#10375=STYLED_ITEM('',(#10912),#14136);
#10376=STYLED_ITEM('',(#10913),#14137);
#10377=STYLED_ITEM('',(#10914),#14138);
#10378=STYLED_ITEM('',(#10915),#14139);
#10379=STYLED_ITEM('',(#10916),#14140);
#10380=STYLED_ITEM('',(#10917),#14141);
#10381=STYLED_ITEM('',(#10918),#14142);
#10382=STYLED_ITEM('',(#10919),#14143);
#10383=STYLED_ITEM('',(#10920),#14144);
#10384=STYLED_ITEM('',(#10921),#14145);
#10385=STYLED_ITEM('',(#10922),#14146);
#10386=STYLED_ITEM('',(#10923),#14147);
#10387=STYLED_ITEM('',(#10924),#14148);
#10388=STYLED_ITEM('',(#10925),#14149);
#10389=STYLED_ITEM('',(#10926),#14150);
#10390=STYLED_ITEM('',(#10927),#14151);
#10391=STYLED_ITEM('',(#10928),#14152);
#10392=STYLED_ITEM('',(#10929),#14153);
#10393=STYLED_ITEM('',(#10930),#14154);
#10394=STYLED_ITEM('',(#10931),#14155);
#10395=STYLED_ITEM('',(#10932),#14156);
#10396=STYLED_ITEM('',(#10933),#14157);
#10397=STYLED_ITEM('',(#10934),#14158);
#10398=STYLED_ITEM('',(#10935),#14159);
#10399=STYLED_ITEM('',(#10936),#14160);
#10400=STYLED_ITEM('',(#10937),#14161);
#10401=STYLED_ITEM('',(#10938),#14162);
#10402=STYLED_ITEM('',(#10939),#14163);
#10403=STYLED_ITEM('',(#10940),#14164);
#10404=STYLED_ITEM('',(#10941),#14165);
#10405=STYLED_ITEM('',(#10942),#14166);
#10406=STYLED_ITEM('',(#10943),#14167);
#10407=STYLED_ITEM('',(#10944),#14168);
#10408=STYLED_ITEM('',(#10945),#14169);
#10409=STYLED_ITEM('',(#10946),#14170);
#10410=STYLED_ITEM('',(#10947),#14171);
#10411=STYLED_ITEM('',(#10948),#14172);
#10412=STYLED_ITEM('',(#10949),#14173);
#10413=STYLED_ITEM('',(#10950),#14174);
#10414=STYLED_ITEM('',(#10951),#14175);
#10415=STYLED_ITEM('',(#10952),#14176);
#10416=STYLED_ITEM('',(#10953),#14177);
#10417=STYLED_ITEM('',(#10954),#14178);
#10418=STYLED_ITEM('',(#10955),#14179);
#10419=STYLED_ITEM('',(#10956),#14180);
#10420=STYLED_ITEM('',(#10957),#14181);
#10421=STYLED_ITEM('',(#10958),#14182);
#10422=STYLED_ITEM('',(#10959),#14183);
#10423=STYLED_ITEM('',(#10960),#14184);
#10424=STYLED_ITEM('',(#10961),#14185);
#10425=STYLED_ITEM('',(#10962),#14186);
#10426=STYLED_ITEM('',(#10963),#14187);
#10427=STYLED_ITEM('',(#10964),#14188);
#10428=STYLED_ITEM('',(#10965),#14189);
#10429=STYLED_ITEM('',(#10966),#14190);
#10430=STYLED_ITEM('',(#10967),#14191);
#10431=STYLED_ITEM('',(#10968),#14192);
#10432=STYLED_ITEM('',(#10969),#14193);
#10433=STYLED_ITEM('',(#10970),#14194);
#10434=STYLED_ITEM('',(#10971),#14195);
#10435=STYLED_ITEM('',(#10972),#14196);
#10436=STYLED_ITEM('',(#10973),#14197);
#10437=STYLED_ITEM('',(#10974),#14198);
#10438=STYLED_ITEM('',(#10975),#14199);
#10439=STYLED_ITEM('',(#10976),#14200);
#10440=STYLED_ITEM('',(#10977),#14201);
#10441=STYLED_ITEM('',(#10978),#14202);
#10442=STYLED_ITEM('',(#10979),#14203);
#10443=STYLED_ITEM('',(#10980),#14204);
#10444=STYLED_ITEM('',(#10981),#14205);
#10445=STYLED_ITEM('',(#10982),#14206);
#10446=STYLED_ITEM('',(#10983),#14207);
#10447=STYLED_ITEM('',(#10984),#14208);
#10448=STYLED_ITEM('',(#10985),#14209);
#10449=STYLED_ITEM('',(#10986),#14210);
#10450=STYLED_ITEM('',(#10987),#14211);
#10451=STYLED_ITEM('',(#10988),#14212);
#10452=STYLED_ITEM('',(#10989),#14213);
#10453=STYLED_ITEM('',(#10990),#14214);
#10454=STYLED_ITEM('',(#10991),#14215);
#10455=STYLED_ITEM('',(#10992),#14216);
#10456=STYLED_ITEM('',(#10993),#14217);
#10457=STYLED_ITEM('',(#10994),#14218);
#10458=STYLED_ITEM('',(#10995),#14219);
#10459=STYLED_ITEM('',(#10996),#14220);
#10460=STYLED_ITEM('',(#10997),#14221);
#10461=STYLED_ITEM('',(#10998),#14222);
#10462=STYLED_ITEM('',(#10999),#14223);
#10463=STYLED_ITEM('',(#11000),#14224);
#10464=STYLED_ITEM('',(#11001),#14225);
#10465=STYLED_ITEM('',(#11002),#14226);
#10466=STYLED_ITEM('',(#11003),#14227);
#10467=STYLED_ITEM('',(#11004),#14228);
#10468=STYLED_ITEM('',(#11005),#14229);
#10469=STYLED_ITEM('',(#11006),#14230);
#10470=STYLED_ITEM('',(#11007),#14231);
#10471=STYLED_ITEM('',(#11008),#14232);
#10472=STYLED_ITEM('',(#11009),#14233);
#10473=STYLED_ITEM('',(#11010),#14234);
#10474=STYLED_ITEM('',(#11011),#14235);
#10475=STYLED_ITEM('',(#11012),#14236);
#10476=STYLED_ITEM('',(#11013),#14237);
#10477=STYLED_ITEM('',(#11014),#14238);
#10478=STYLED_ITEM('',(#11015),#14239);
#10479=STYLED_ITEM('',(#11016),#14240);
#10480=STYLED_ITEM('',(#11017),#14241);
#10481=STYLED_ITEM('',(#11018),#14242);
#10482=STYLED_ITEM('',(#11019),#14243);
#10483=STYLED_ITEM('',(#11020),#14244);
#10484=STYLED_ITEM('',(#11021),#14245);
#10485=STYLED_ITEM('',(#11022),#14246);
#10486=STYLED_ITEM('',(#11023),#14247);
#10487=STYLED_ITEM('',(#11024),#14248);
#10488=STYLED_ITEM('',(#11025),#14249);
#10489=STYLED_ITEM('',(#11026),#14250);
#10490=STYLED_ITEM('',(#11027),#14251);
#10491=STYLED_ITEM('',(#11028),#14252);
#10492=STYLED_ITEM('',(#11029),#14253);
#10493=STYLED_ITEM('',(#11030),#14254);
#10494=STYLED_ITEM('',(#11031),#14255);
#10495=STYLED_ITEM('',(#11032),#14256);
#10496=STYLED_ITEM('',(#11033),#14257);
#10497=STYLED_ITEM('',(#11034),#14258);
#10498=STYLED_ITEM('',(#11035),#14259);
#10499=STYLED_ITEM('',(#11036),#14260);
#10500=STYLED_ITEM('',(#11037),#14261);
#10501=STYLED_ITEM('',(#11038),#14262);
#10502=STYLED_ITEM('',(#11039),#14263);
#10503=STYLED_ITEM('',(#11040),#14264);
#10504=STYLED_ITEM('',(#11041),#14265);
#10505=STYLED_ITEM('',(#11042),#14266);
#10506=STYLED_ITEM('',(#11043),#14267);
#10507=STYLED_ITEM('',(#11044),#14268);
#10508=STYLED_ITEM('',(#11045),#14269);
#10509=STYLED_ITEM('',(#11046),#14270);
#10510=STYLED_ITEM('',(#11047),#14271);
#10511=STYLED_ITEM('',(#11048),#14272);
#10512=STYLED_ITEM('',(#11049),#14273);
#10513=STYLED_ITEM('',(#11050),#14274);
#10514=STYLED_ITEM('',(#11051),#14275);
#10515=STYLED_ITEM('',(#11052),#14276);
#10516=STYLED_ITEM('',(#11053),#14277);
#10517=STYLED_ITEM('',(#11054),#14278);
#10518=STYLED_ITEM('',(#11055),#14279);
#10519=STYLED_ITEM('',(#11056),#14280);
#10520=STYLED_ITEM('',(#11057),#14281);
#10521=STYLED_ITEM('',(#11058),#14282);
#10522=STYLED_ITEM('',(#11059),#14283);
#10523=STYLED_ITEM('',(#11060),#14284);
#10524=STYLED_ITEM('',(#11061),#14285);
#10525=STYLED_ITEM('',(#11062),#14286);
#10526=STYLED_ITEM('',(#11063),#14287);
#10527=STYLED_ITEM('',(#11064),#14288);
#10528=STYLED_ITEM('',(#11065),#14289);
#10529=STYLED_ITEM('',(#11066),#14290);
#10530=STYLED_ITEM('',(#11067),#14291);
#10531=STYLED_ITEM('',(#11068),#14292);
#10532=STYLED_ITEM('',(#11069),#14293);
#10533=STYLED_ITEM('',(#11070),#14294);
#10534=STYLED_ITEM('',(#11071),#14295);
#10535=STYLED_ITEM('',(#11072),#14296);
#10536=PRESENTATION_STYLE_ASSIGNMENT((#11073));
#10537=PRESENTATION_STYLE_ASSIGNMENT((#11074));
#10538=PRESENTATION_STYLE_ASSIGNMENT((#11075));
#10539=PRESENTATION_STYLE_ASSIGNMENT((#11076));
#10540=PRESENTATION_STYLE_ASSIGNMENT((#11077));
#10541=PRESENTATION_STYLE_ASSIGNMENT((#11078));
#10542=PRESENTATION_STYLE_ASSIGNMENT((#11079));
#10543=PRESENTATION_STYLE_ASSIGNMENT((#11080));
#10544=PRESENTATION_STYLE_ASSIGNMENT((#11081));
#10545=PRESENTATION_STYLE_ASSIGNMENT((#11082));
#10546=PRESENTATION_STYLE_ASSIGNMENT((#11083));
#10547=PRESENTATION_STYLE_ASSIGNMENT((#11084));
#10548=PRESENTATION_STYLE_ASSIGNMENT((#11085));
#10549=PRESENTATION_STYLE_ASSIGNMENT((#11086));
#10550=PRESENTATION_STYLE_ASSIGNMENT((#11087));
#10551=PRESENTATION_STYLE_ASSIGNMENT((#11088));
#10552=PRESENTATION_STYLE_ASSIGNMENT((#11089));
#10553=PRESENTATION_STYLE_ASSIGNMENT((#11090));
#10554=PRESENTATION_STYLE_ASSIGNMENT((#11091));
#10555=PRESENTATION_STYLE_ASSIGNMENT((#11092));
#10556=PRESENTATION_STYLE_ASSIGNMENT((#11093));
#10557=PRESENTATION_STYLE_ASSIGNMENT((#11094));
#10558=PRESENTATION_STYLE_ASSIGNMENT((#11095));
#10559=PRESENTATION_STYLE_ASSIGNMENT((#11096));
#10560=PRESENTATION_STYLE_ASSIGNMENT((#11097));
#10561=PRESENTATION_STYLE_ASSIGNMENT((#11098));
#10562=PRESENTATION_STYLE_ASSIGNMENT((#11099));
#10563=PRESENTATION_STYLE_ASSIGNMENT((#11100));
#10564=PRESENTATION_STYLE_ASSIGNMENT((#11101));
#10565=PRESENTATION_STYLE_ASSIGNMENT((#11102));
#10566=PRESENTATION_STYLE_ASSIGNMENT((#11103));
#10567=PRESENTATION_STYLE_ASSIGNMENT((#11104));
#10568=PRESENTATION_STYLE_ASSIGNMENT((#11105));
#10569=PRESENTATION_STYLE_ASSIGNMENT((#11106));
#10570=PRESENTATION_STYLE_ASSIGNMENT((#11107));
#10571=PRESENTATION_STYLE_ASSIGNMENT((#11108));
#10572=PRESENTATION_STYLE_ASSIGNMENT((#11109));
#10573=PRESENTATION_STYLE_ASSIGNMENT((#11110));
#10574=PRESENTATION_STYLE_ASSIGNMENT((#11111));
#10575=PRESENTATION_STYLE_ASSIGNMENT((#11112));
#10576=PRESENTATION_STYLE_ASSIGNMENT((#11113));
#10577=PRESENTATION_STYLE_ASSIGNMENT((#11114));
#10578=PRESENTATION_STYLE_ASSIGNMENT((#11115));
#10579=PRESENTATION_STYLE_ASSIGNMENT((#11116));
#10580=PRESENTATION_STYLE_ASSIGNMENT((#11117));
#10581=PRESENTATION_STYLE_ASSIGNMENT((#11118));
#10582=PRESENTATION_STYLE_ASSIGNMENT((#11119));
#10583=PRESENTATION_STYLE_ASSIGNMENT((#11120));
#10584=PRESENTATION_STYLE_ASSIGNMENT((#11121));
#10585=PRESENTATION_STYLE_ASSIGNMENT((#11122));
#10586=PRESENTATION_STYLE_ASSIGNMENT((#11123));
#10587=PRESENTATION_STYLE_ASSIGNMENT((#11124));
#10588=PRESENTATION_STYLE_ASSIGNMENT((#11125));
#10589=PRESENTATION_STYLE_ASSIGNMENT((#11126));
#10590=PRESENTATION_STYLE_ASSIGNMENT((#11127));
#10591=PRESENTATION_STYLE_ASSIGNMENT((#11128));
#10592=PRESENTATION_STYLE_ASSIGNMENT((#11129));
#10593=PRESENTATION_STYLE_ASSIGNMENT((#11130));
#10594=PRESENTATION_STYLE_ASSIGNMENT((#11131));
#10595=PRESENTATION_STYLE_ASSIGNMENT((#11132));
#10596=PRESENTATION_STYLE_ASSIGNMENT((#11133));
#10597=PRESENTATION_STYLE_ASSIGNMENT((#11134));
#10598=PRESENTATION_STYLE_ASSIGNMENT((#11135));
#10599=PRESENTATION_STYLE_ASSIGNMENT((#11136));
#10600=PRESENTATION_STYLE_ASSIGNMENT((#11137));
#10601=PRESENTATION_STYLE_ASSIGNMENT((#11138));
#10602=PRESENTATION_STYLE_ASSIGNMENT((#11139));
#10603=PRESENTATION_STYLE_ASSIGNMENT((#11140));
#10604=PRESENTATION_STYLE_ASSIGNMENT((#11141));
#10605=PRESENTATION_STYLE_ASSIGNMENT((#11142));
#10606=PRESENTATION_STYLE_ASSIGNMENT((#11143));
#10607=PRESENTATION_STYLE_ASSIGNMENT((#11144));
#10608=PRESENTATION_STYLE_ASSIGNMENT((#11145));
#10609=PRESENTATION_STYLE_ASSIGNMENT((#11146));
#10610=PRESENTATION_STYLE_ASSIGNMENT((#11147));
#10611=PRESENTATION_STYLE_ASSIGNMENT((#11148));
#10612=PRESENTATION_STYLE_ASSIGNMENT((#11149));
#10613=PRESENTATION_STYLE_ASSIGNMENT((#11150));
#10614=PRESENTATION_STYLE_ASSIGNMENT((#11151));
#10615=PRESENTATION_STYLE_ASSIGNMENT((#11152));
#10616=PRESENTATION_STYLE_ASSIGNMENT((#11153));
#10617=PRESENTATION_STYLE_ASSIGNMENT((#11154));
#10618=PRESENTATION_STYLE_ASSIGNMENT((#11155));
#10619=PRESENTATION_STYLE_ASSIGNMENT((#11156));
#10620=PRESENTATION_STYLE_ASSIGNMENT((#11157));
#10621=PRESENTATION_STYLE_ASSIGNMENT((#11158));
#10622=PRESENTATION_STYLE_ASSIGNMENT((#11159));
#10623=PRESENTATION_STYLE_ASSIGNMENT((#11160));
#10624=PRESENTATION_STYLE_ASSIGNMENT((#11161));
#10625=PRESENTATION_STYLE_ASSIGNMENT((#11162));
#10626=PRESENTATION_STYLE_ASSIGNMENT((#11163));
#10627=PRESENTATION_STYLE_ASSIGNMENT((#11164));
#10628=PRESENTATION_STYLE_ASSIGNMENT((#11165));
#10629=PRESENTATION_STYLE_ASSIGNMENT((#11166));
#10630=PRESENTATION_STYLE_ASSIGNMENT((#11167));
#10631=PRESENTATION_STYLE_ASSIGNMENT((#11168));
#10632=PRESENTATION_STYLE_ASSIGNMENT((#11169));
#10633=PRESENTATION_STYLE_ASSIGNMENT((#11170));
#10634=PRESENTATION_STYLE_ASSIGNMENT((#11171));
#10635=PRESENTATION_STYLE_ASSIGNMENT((#11172));
#10636=PRESENTATION_STYLE_ASSIGNMENT((#11173));
#10637=PRESENTATION_STYLE_ASSIGNMENT((#11174));
#10638=PRESENTATION_STYLE_ASSIGNMENT((#11175));
#10639=PRESENTATION_STYLE_ASSIGNMENT((#11176));
#10640=PRESENTATION_STYLE_ASSIGNMENT((#11177));
#10641=PRESENTATION_STYLE_ASSIGNMENT((#11178));
#10642=PRESENTATION_STYLE_ASSIGNMENT((#11179));
#10643=PRESENTATION_STYLE_ASSIGNMENT((#11180));
#10644=PRESENTATION_STYLE_ASSIGNMENT((#11181));
#10645=PRESENTATION_STYLE_ASSIGNMENT((#11182));
#10646=PRESENTATION_STYLE_ASSIGNMENT((#11183));
#10647=PRESENTATION_STYLE_ASSIGNMENT((#11184));
#10648=PRESENTATION_STYLE_ASSIGNMENT((#11185));
#10649=PRESENTATION_STYLE_ASSIGNMENT((#11186));
#10650=PRESENTATION_STYLE_ASSIGNMENT((#11187));
#10651=PRESENTATION_STYLE_ASSIGNMENT((#11188));
#10652=PRESENTATION_STYLE_ASSIGNMENT((#11189));
#10653=PRESENTATION_STYLE_ASSIGNMENT((#11190));
#10654=PRESENTATION_STYLE_ASSIGNMENT((#11191));
#10655=PRESENTATION_STYLE_ASSIGNMENT((#11192));
#10656=PRESENTATION_STYLE_ASSIGNMENT((#11193));
#10657=PRESENTATION_STYLE_ASSIGNMENT((#11194));
#10658=PRESENTATION_STYLE_ASSIGNMENT((#11195));
#10659=PRESENTATION_STYLE_ASSIGNMENT((#11196));
#10660=PRESENTATION_STYLE_ASSIGNMENT((#11197));
#10661=PRESENTATION_STYLE_ASSIGNMENT((#11198));
#10662=PRESENTATION_STYLE_ASSIGNMENT((#11199));
#10663=PRESENTATION_STYLE_ASSIGNMENT((#11200));
#10664=PRESENTATION_STYLE_ASSIGNMENT((#11201));
#10665=PRESENTATION_STYLE_ASSIGNMENT((#11202));
#10666=PRESENTATION_STYLE_ASSIGNMENT((#11203));
#10667=PRESENTATION_STYLE_ASSIGNMENT((#11204));
#10668=PRESENTATION_STYLE_ASSIGNMENT((#11205));
#10669=PRESENTATION_STYLE_ASSIGNMENT((#11206));
#10670=PRESENTATION_STYLE_ASSIGNMENT((#11207));
#10671=PRESENTATION_STYLE_ASSIGNMENT((#11208));
#10672=PRESENTATION_STYLE_ASSIGNMENT((#11209));
#10673=PRESENTATION_STYLE_ASSIGNMENT((#11210));
#10674=PRESENTATION_STYLE_ASSIGNMENT((#11211));
#10675=PRESENTATION_STYLE_ASSIGNMENT((#11212));
#10676=PRESENTATION_STYLE_ASSIGNMENT((#11213));
#10677=PRESENTATION_STYLE_ASSIGNMENT((#11214));
#10678=PRESENTATION_STYLE_ASSIGNMENT((#11215));
#10679=PRESENTATION_STYLE_ASSIGNMENT((#11216));
#10680=PRESENTATION_STYLE_ASSIGNMENT((#11217));
#10681=PRESENTATION_STYLE_ASSIGNMENT((#11218));
#10682=PRESENTATION_STYLE_ASSIGNMENT((#11219));
#10683=PRESENTATION_STYLE_ASSIGNMENT((#11220));
#10684=PRESENTATION_STYLE_ASSIGNMENT((#11221));
#10685=PRESENTATION_STYLE_ASSIGNMENT((#11222));
#10686=PRESENTATION_STYLE_ASSIGNMENT((#11223));
#10687=PRESENTATION_STYLE_ASSIGNMENT((#11224));
#10688=PRESENTATION_STYLE_ASSIGNMENT((#11225));
#10689=PRESENTATION_STYLE_ASSIGNMENT((#11226));
#10690=PRESENTATION_STYLE_ASSIGNMENT((#11227));
#10691=PRESENTATION_STYLE_ASSIGNMENT((#11228));
#10692=PRESENTATION_STYLE_ASSIGNMENT((#11229));
#10693=PRESENTATION_STYLE_ASSIGNMENT((#11230));
#10694=PRESENTATION_STYLE_ASSIGNMENT((#11231));
#10695=PRESENTATION_STYLE_ASSIGNMENT((#11232));
#10696=PRESENTATION_STYLE_ASSIGNMENT((#11233));
#10697=PRESENTATION_STYLE_ASSIGNMENT((#11234));
#10698=PRESENTATION_STYLE_ASSIGNMENT((#11235));
#10699=PRESENTATION_STYLE_ASSIGNMENT((#11236));
#10700=PRESENTATION_STYLE_ASSIGNMENT((#11237));
#10701=PRESENTATION_STYLE_ASSIGNMENT((#11238));
#10702=PRESENTATION_STYLE_ASSIGNMENT((#11239));
#10703=PRESENTATION_STYLE_ASSIGNMENT((#11240));
#10704=PRESENTATION_STYLE_ASSIGNMENT((#11241));
#10705=PRESENTATION_STYLE_ASSIGNMENT((#11242));
#10706=PRESENTATION_STYLE_ASSIGNMENT((#11243));
#10707=PRESENTATION_STYLE_ASSIGNMENT((#11244));
#10708=PRESENTATION_STYLE_ASSIGNMENT((#11245));
#10709=PRESENTATION_STYLE_ASSIGNMENT((#11246));
#10710=PRESENTATION_STYLE_ASSIGNMENT((#11247));
#10711=PRESENTATION_STYLE_ASSIGNMENT((#11248));
#10712=PRESENTATION_STYLE_ASSIGNMENT((#11249));
#10713=PRESENTATION_STYLE_ASSIGNMENT((#11250));
#10714=PRESENTATION_STYLE_ASSIGNMENT((#11251));
#10715=PRESENTATION_STYLE_ASSIGNMENT((#11252));
#10716=PRESENTATION_STYLE_ASSIGNMENT((#11253));
#10717=PRESENTATION_STYLE_ASSIGNMENT((#11254));
#10718=PRESENTATION_STYLE_ASSIGNMENT((#11255));
#10719=PRESENTATION_STYLE_ASSIGNMENT((#11256));
#10720=PRESENTATION_STYLE_ASSIGNMENT((#11257));
#10721=PRESENTATION_STYLE_ASSIGNMENT((#11258));
#10722=PRESENTATION_STYLE_ASSIGNMENT((#11259));
#10723=PRESENTATION_STYLE_ASSIGNMENT((#11260));
#10724=PRESENTATION_STYLE_ASSIGNMENT((#11261));
#10725=PRESENTATION_STYLE_ASSIGNMENT((#11262));
#10726=PRESENTATION_STYLE_ASSIGNMENT((#11263));
#10727=PRESENTATION_STYLE_ASSIGNMENT((#11264));
#10728=PRESENTATION_STYLE_ASSIGNMENT((#11265));
#10729=PRESENTATION_STYLE_ASSIGNMENT((#11266));
#10730=PRESENTATION_STYLE_ASSIGNMENT((#11267));
#10731=PRESENTATION_STYLE_ASSIGNMENT((#11268));
#10732=PRESENTATION_STYLE_ASSIGNMENT((#11269));
#10733=PRESENTATION_STYLE_ASSIGNMENT((#11270));
#10734=PRESENTATION_STYLE_ASSIGNMENT((#11271));
#10735=PRESENTATION_STYLE_ASSIGNMENT((#11272));
#10736=PRESENTATION_STYLE_ASSIGNMENT((#11273));
#10737=PRESENTATION_STYLE_ASSIGNMENT((#11274));
#10738=PRESENTATION_STYLE_ASSIGNMENT((#11275));
#10739=PRESENTATION_STYLE_ASSIGNMENT((#11276));
#10740=PRESENTATION_STYLE_ASSIGNMENT((#11277));
#10741=PRESENTATION_STYLE_ASSIGNMENT((#11278));
#10742=PRESENTATION_STYLE_ASSIGNMENT((#11279));
#10743=PRESENTATION_STYLE_ASSIGNMENT((#11280));
#10744=PRESENTATION_STYLE_ASSIGNMENT((#11281));
#10745=PRESENTATION_STYLE_ASSIGNMENT((#11282));
#10746=PRESENTATION_STYLE_ASSIGNMENT((#11283));
#10747=PRESENTATION_STYLE_ASSIGNMENT((#11284));
#10748=PRESENTATION_STYLE_ASSIGNMENT((#11285));
#10749=PRESENTATION_STYLE_ASSIGNMENT((#11286));
#10750=PRESENTATION_STYLE_ASSIGNMENT((#11287));
#10751=PRESENTATION_STYLE_ASSIGNMENT((#11288));
#10752=PRESENTATION_STYLE_ASSIGNMENT((#11289));
#10753=PRESENTATION_STYLE_ASSIGNMENT((#11290));
#10754=PRESENTATION_STYLE_ASSIGNMENT((#11291));
#10755=PRESENTATION_STYLE_ASSIGNMENT((#11292));
#10756=PRESENTATION_STYLE_ASSIGNMENT((#11293));
#10757=PRESENTATION_STYLE_ASSIGNMENT((#11294));
#10758=PRESENTATION_STYLE_ASSIGNMENT((#11295));
#10759=PRESENTATION_STYLE_ASSIGNMENT((#11296));
#10760=PRESENTATION_STYLE_ASSIGNMENT((#11297));
#10761=PRESENTATION_STYLE_ASSIGNMENT((#11298));
#10762=PRESENTATION_STYLE_ASSIGNMENT((#11299));
#10763=PRESENTATION_STYLE_ASSIGNMENT((#11300));
#10764=PRESENTATION_STYLE_ASSIGNMENT((#11301));
#10765=PRESENTATION_STYLE_ASSIGNMENT((#11302));
#10766=PRESENTATION_STYLE_ASSIGNMENT((#11303));
#10767=PRESENTATION_STYLE_ASSIGNMENT((#11304));
#10768=PRESENTATION_STYLE_ASSIGNMENT((#11305));
#10769=PRESENTATION_STYLE_ASSIGNMENT((#11306));
#10770=PRESENTATION_STYLE_ASSIGNMENT((#11307));
#10771=PRESENTATION_STYLE_ASSIGNMENT((#11308));
#10772=PRESENTATION_STYLE_ASSIGNMENT((#11309));
#10773=PRESENTATION_STYLE_ASSIGNMENT((#11310));
#10774=PRESENTATION_STYLE_ASSIGNMENT((#11311));
#10775=PRESENTATION_STYLE_ASSIGNMENT((#11312));
#10776=PRESENTATION_STYLE_ASSIGNMENT((#11313));
#10777=PRESENTATION_STYLE_ASSIGNMENT((#11314));
#10778=PRESENTATION_STYLE_ASSIGNMENT((#11315));
#10779=PRESENTATION_STYLE_ASSIGNMENT((#11316));
#10780=PRESENTATION_STYLE_ASSIGNMENT((#11317));
#10781=PRESENTATION_STYLE_ASSIGNMENT((#11318));
#10782=PRESENTATION_STYLE_ASSIGNMENT((#11319));
#10783=PRESENTATION_STYLE_ASSIGNMENT((#11320));
#10784=PRESENTATION_STYLE_ASSIGNMENT((#11321));
#10785=PRESENTATION_STYLE_ASSIGNMENT((#11322));
#10786=PRESENTATION_STYLE_ASSIGNMENT((#11323));
#10787=PRESENTATION_STYLE_ASSIGNMENT((#11324));
#10788=PRESENTATION_STYLE_ASSIGNMENT((#11325));
#10789=PRESENTATION_STYLE_ASSIGNMENT((#11326));
#10790=PRESENTATION_STYLE_ASSIGNMENT((#11327));
#10791=PRESENTATION_STYLE_ASSIGNMENT((#11328));
#10792=PRESENTATION_STYLE_ASSIGNMENT((#11329));
#10793=PRESENTATION_STYLE_ASSIGNMENT((#11330));
#10794=PRESENTATION_STYLE_ASSIGNMENT((#11331));
#10795=PRESENTATION_STYLE_ASSIGNMENT((#11332));
#10796=PRESENTATION_STYLE_ASSIGNMENT((#11333));
#10797=PRESENTATION_STYLE_ASSIGNMENT((#11334));
#10798=PRESENTATION_STYLE_ASSIGNMENT((#11335));
#10799=PRESENTATION_STYLE_ASSIGNMENT((#11336));
#10800=PRESENTATION_STYLE_ASSIGNMENT((#11337));
#10801=PRESENTATION_STYLE_ASSIGNMENT((#11338));
#10802=PRESENTATION_STYLE_ASSIGNMENT((#11339));
#10803=PRESENTATION_STYLE_ASSIGNMENT((#11340));
#10804=PRESENTATION_STYLE_ASSIGNMENT((#11341));
#10805=PRESENTATION_STYLE_ASSIGNMENT((#11342));
#10806=PRESENTATION_STYLE_ASSIGNMENT((#11343));
#10807=PRESENTATION_STYLE_ASSIGNMENT((#11344));
#10808=PRESENTATION_STYLE_ASSIGNMENT((#11345));
#10809=PRESENTATION_STYLE_ASSIGNMENT((#11346));
#10810=PRESENTATION_STYLE_ASSIGNMENT((#11347));
#10811=PRESENTATION_STYLE_ASSIGNMENT((#11348));
#10812=PRESENTATION_STYLE_ASSIGNMENT((#11349));
#10813=PRESENTATION_STYLE_ASSIGNMENT((#11350));
#10814=PRESENTATION_STYLE_ASSIGNMENT((#11351));
#10815=PRESENTATION_STYLE_ASSIGNMENT((#11352));
#10816=PRESENTATION_STYLE_ASSIGNMENT((#11353));
#10817=PRESENTATION_STYLE_ASSIGNMENT((#11354));
#10818=PRESENTATION_STYLE_ASSIGNMENT((#11355));
#10819=PRESENTATION_STYLE_ASSIGNMENT((#11356));
#10820=PRESENTATION_STYLE_ASSIGNMENT((#11357));
#10821=PRESENTATION_STYLE_ASSIGNMENT((#11358));
#10822=PRESENTATION_STYLE_ASSIGNMENT((#11359));
#10823=PRESENTATION_STYLE_ASSIGNMENT((#11360));
#10824=PRESENTATION_STYLE_ASSIGNMENT((#11361));
#10825=PRESENTATION_STYLE_ASSIGNMENT((#11362));
#10826=PRESENTATION_STYLE_ASSIGNMENT((#11363));
#10827=PRESENTATION_STYLE_ASSIGNMENT((#11364));
#10828=PRESENTATION_STYLE_ASSIGNMENT((#11365));
#10829=PRESENTATION_STYLE_ASSIGNMENT((#11366));
#10830=PRESENTATION_STYLE_ASSIGNMENT((#11367));
#10831=PRESENTATION_STYLE_ASSIGNMENT((#11368));
#10832=PRESENTATION_STYLE_ASSIGNMENT((#11369));
#10833=PRESENTATION_STYLE_ASSIGNMENT((#11370));
#10834=PRESENTATION_STYLE_ASSIGNMENT((#11371));
#10835=PRESENTATION_STYLE_ASSIGNMENT((#11372));
#10836=PRESENTATION_STYLE_ASSIGNMENT((#11373));
#10837=PRESENTATION_STYLE_ASSIGNMENT((#11374));
#10838=PRESENTATION_STYLE_ASSIGNMENT((#11375));
#10839=PRESENTATION_STYLE_ASSIGNMENT((#11376));
#10840=PRESENTATION_STYLE_ASSIGNMENT((#11377));
#10841=PRESENTATION_STYLE_ASSIGNMENT((#11378));
#10842=PRESENTATION_STYLE_ASSIGNMENT((#11379));
#10843=PRESENTATION_STYLE_ASSIGNMENT((#11380));
#10844=PRESENTATION_STYLE_ASSIGNMENT((#11381));
#10845=PRESENTATION_STYLE_ASSIGNMENT((#11382));
#10846=PRESENTATION_STYLE_ASSIGNMENT((#11383));
#10847=PRESENTATION_STYLE_ASSIGNMENT((#11384));
#10848=PRESENTATION_STYLE_ASSIGNMENT((#11385));
#10849=PRESENTATION_STYLE_ASSIGNMENT((#11386));
#10850=PRESENTATION_STYLE_ASSIGNMENT((#11387));
#10851=PRESENTATION_STYLE_ASSIGNMENT((#11388));
#10852=PRESENTATION_STYLE_ASSIGNMENT((#11389));
#10853=PRESENTATION_STYLE_ASSIGNMENT((#11390));
#10854=PRESENTATION_STYLE_ASSIGNMENT((#11391));
#10855=PRESENTATION_STYLE_ASSIGNMENT((#11392));
#10856=PRESENTATION_STYLE_ASSIGNMENT((#11393));
#10857=PRESENTATION_STYLE_ASSIGNMENT((#11394));
#10858=PRESENTATION_STYLE_ASSIGNMENT((#11395));
#10859=PRESENTATION_STYLE_ASSIGNMENT((#11396));
#10860=PRESENTATION_STYLE_ASSIGNMENT((#11397));
#10861=PRESENTATION_STYLE_ASSIGNMENT((#11398));
#10862=PRESENTATION_STYLE_ASSIGNMENT((#11399));
#10863=PRESENTATION_STYLE_ASSIGNMENT((#11400));
#10864=PRESENTATION_STYLE_ASSIGNMENT((#11401));
#10865=PRESENTATION_STYLE_ASSIGNMENT((#11402));
#10866=PRESENTATION_STYLE_ASSIGNMENT((#11403));
#10867=PRESENTATION_STYLE_ASSIGNMENT((#11404));
#10868=PRESENTATION_STYLE_ASSIGNMENT((#11405));
#10869=PRESENTATION_STYLE_ASSIGNMENT((#11406));
#10870=PRESENTATION_STYLE_ASSIGNMENT((#11407));
#10871=PRESENTATION_STYLE_ASSIGNMENT((#11408));
#10872=PRESENTATION_STYLE_ASSIGNMENT((#11409));
#10873=PRESENTATION_STYLE_ASSIGNMENT((#11410));
#10874=PRESENTATION_STYLE_ASSIGNMENT((#11411));
#10875=PRESENTATION_STYLE_ASSIGNMENT((#11412));
#10876=PRESENTATION_STYLE_ASSIGNMENT((#11413));
#10877=PRESENTATION_STYLE_ASSIGNMENT((#11414));
#10878=PRESENTATION_STYLE_ASSIGNMENT((#11415));
#10879=PRESENTATION_STYLE_ASSIGNMENT((#11416));
#10880=PRESENTATION_STYLE_ASSIGNMENT((#11417));
#10881=PRESENTATION_STYLE_ASSIGNMENT((#11418));
#10882=PRESENTATION_STYLE_ASSIGNMENT((#11419));
#10883=PRESENTATION_STYLE_ASSIGNMENT((#11420));
#10884=PRESENTATION_STYLE_ASSIGNMENT((#11421));
#10885=PRESENTATION_STYLE_ASSIGNMENT((#11422));
#10886=PRESENTATION_STYLE_ASSIGNMENT((#11423));
#10887=PRESENTATION_STYLE_ASSIGNMENT((#11424));
#10888=PRESENTATION_STYLE_ASSIGNMENT((#11425));
#10889=PRESENTATION_STYLE_ASSIGNMENT((#11426));
#10890=PRESENTATION_STYLE_ASSIGNMENT((#11427));
#10891=PRESENTATION_STYLE_ASSIGNMENT((#11428));
#10892=PRESENTATION_STYLE_ASSIGNMENT((#11429));
#10893=PRESENTATION_STYLE_ASSIGNMENT((#11430));
#10894=PRESENTATION_STYLE_ASSIGNMENT((#11431));
#10895=PRESENTATION_STYLE_ASSIGNMENT((#11432));
#10896=PRESENTATION_STYLE_ASSIGNMENT((#11433));
#10897=PRESENTATION_STYLE_ASSIGNMENT((#11434));
#10898=PRESENTATION_STYLE_ASSIGNMENT((#11435));
#10899=PRESENTATION_STYLE_ASSIGNMENT((#11436));
#10900=PRESENTATION_STYLE_ASSIGNMENT((#11437));
#10901=PRESENTATION_STYLE_ASSIGNMENT((#11438));
#10902=PRESENTATION_STYLE_ASSIGNMENT((#11439));
#10903=PRESENTATION_STYLE_ASSIGNMENT((#11440));
#10904=PRESENTATION_STYLE_ASSIGNMENT((#11441));
#10905=PRESENTATION_STYLE_ASSIGNMENT((#11442));
#10906=PRESENTATION_STYLE_ASSIGNMENT((#11443));
#10907=PRESENTATION_STYLE_ASSIGNMENT((#11444));
#10908=PRESENTATION_STYLE_ASSIGNMENT((#11445));
#10909=PRESENTATION_STYLE_ASSIGNMENT((#11446));
#10910=PRESENTATION_STYLE_ASSIGNMENT((#11447));
#10911=PRESENTATION_STYLE_ASSIGNMENT((#11448));
#10912=PRESENTATION_STYLE_ASSIGNMENT((#11449));
#10913=PRESENTATION_STYLE_ASSIGNMENT((#11450));
#10914=PRESENTATION_STYLE_ASSIGNMENT((#11451));
#10915=PRESENTATION_STYLE_ASSIGNMENT((#11452));
#10916=PRESENTATION_STYLE_ASSIGNMENT((#11453));
#10917=PRESENTATION_STYLE_ASSIGNMENT((#11454));
#10918=PRESENTATION_STYLE_ASSIGNMENT((#11455));
#10919=PRESENTATION_STYLE_ASSIGNMENT((#11456));
#10920=PRESENTATION_STYLE_ASSIGNMENT((#11457));
#10921=PRESENTATION_STYLE_ASSIGNMENT((#11458));
#10922=PRESENTATION_STYLE_ASSIGNMENT((#11459));
#10923=PRESENTATION_STYLE_ASSIGNMENT((#11460));
#10924=PRESENTATION_STYLE_ASSIGNMENT((#11461));
#10925=PRESENTATION_STYLE_ASSIGNMENT((#11462));
#10926=PRESENTATION_STYLE_ASSIGNMENT((#11463));
#10927=PRESENTATION_STYLE_ASSIGNMENT((#11464));
#10928=PRESENTATION_STYLE_ASSIGNMENT((#11465));
#10929=PRESENTATION_STYLE_ASSIGNMENT((#11466));
#10930=PRESENTATION_STYLE_ASSIGNMENT((#11467));
#10931=PRESENTATION_STYLE_ASSIGNMENT((#11468));
#10932=PRESENTATION_STYLE_ASSIGNMENT((#11469));
#10933=PRESENTATION_STYLE_ASSIGNMENT((#11470));
#10934=PRESENTATION_STYLE_ASSIGNMENT((#11471));
#10935=PRESENTATION_STYLE_ASSIGNMENT((#11472));
#10936=PRESENTATION_STYLE_ASSIGNMENT((#11473));
#10937=PRESENTATION_STYLE_ASSIGNMENT((#11474));
#10938=PRESENTATION_STYLE_ASSIGNMENT((#11475));
#10939=PRESENTATION_STYLE_ASSIGNMENT((#11476));
#10940=PRESENTATION_STYLE_ASSIGNMENT((#11477));
#10941=PRESENTATION_STYLE_ASSIGNMENT((#11478));
#10942=PRESENTATION_STYLE_ASSIGNMENT((#11479));
#10943=PRESENTATION_STYLE_ASSIGNMENT((#11480));
#10944=PRESENTATION_STYLE_ASSIGNMENT((#11481));
#10945=PRESENTATION_STYLE_ASSIGNMENT((#11482));
#10946=PRESENTATION_STYLE_ASSIGNMENT((#11483));
#10947=PRESENTATION_STYLE_ASSIGNMENT((#11484));
#10948=PRESENTATION_STYLE_ASSIGNMENT((#11485));
#10949=PRESENTATION_STYLE_ASSIGNMENT((#11486));
#10950=PRESENTATION_STYLE_ASSIGNMENT((#11487));
#10951=PRESENTATION_STYLE_ASSIGNMENT((#11488));
#10952=PRESENTATION_STYLE_ASSIGNMENT((#11489));
#10953=PRESENTATION_STYLE_ASSIGNMENT((#11490));
#10954=PRESENTATION_STYLE_ASSIGNMENT((#11491));
#10955=PRESENTATION_STYLE_ASSIGNMENT((#11492));
#10956=PRESENTATION_STYLE_ASSIGNMENT((#11493));
#10957=PRESENTATION_STYLE_ASSIGNMENT((#11494));
#10958=PRESENTATION_STYLE_ASSIGNMENT((#11495));
#10959=PRESENTATION_STYLE_ASSIGNMENT((#11496));
#10960=PRESENTATION_STYLE_ASSIGNMENT((#11497));
#10961=PRESENTATION_STYLE_ASSIGNMENT((#11498));
#10962=PRESENTATION_STYLE_ASSIGNMENT((#11499));
#10963=PRESENTATION_STYLE_ASSIGNMENT((#11500));
#10964=PRESENTATION_STYLE_ASSIGNMENT((#11501));
#10965=PRESENTATION_STYLE_ASSIGNMENT((#11502));
#10966=PRESENTATION_STYLE_ASSIGNMENT((#11503));
#10967=PRESENTATION_STYLE_ASSIGNMENT((#11504));
#10968=PRESENTATION_STYLE_ASSIGNMENT((#11505));
#10969=PRESENTATION_STYLE_ASSIGNMENT((#11506));
#10970=PRESENTATION_STYLE_ASSIGNMENT((#11507));
#10971=PRESENTATION_STYLE_ASSIGNMENT((#11508));
#10972=PRESENTATION_STYLE_ASSIGNMENT((#11509));
#10973=PRESENTATION_STYLE_ASSIGNMENT((#11510));
#10974=PRESENTATION_STYLE_ASSIGNMENT((#11511));
#10975=PRESENTATION_STYLE_ASSIGNMENT((#11512));
#10976=PRESENTATION_STYLE_ASSIGNMENT((#11513));
#10977=PRESENTATION_STYLE_ASSIGNMENT((#11514));
#10978=PRESENTATION_STYLE_ASSIGNMENT((#11515));
#10979=PRESENTATION_STYLE_ASSIGNMENT((#11516));
#10980=PRESENTATION_STYLE_ASSIGNMENT((#11517));
#10981=PRESENTATION_STYLE_ASSIGNMENT((#11518));
#10982=PRESENTATION_STYLE_ASSIGNMENT((#11519));
#10983=PRESENTATION_STYLE_ASSIGNMENT((#11520));
#10984=PRESENTATION_STYLE_ASSIGNMENT((#11521));
#10985=PRESENTATION_STYLE_ASSIGNMENT((#11522));
#10986=PRESENTATION_STYLE_ASSIGNMENT((#11523));
#10987=PRESENTATION_STYLE_ASSIGNMENT((#11524));
#10988=PRESENTATION_STYLE_ASSIGNMENT((#11525));
#10989=PRESENTATION_STYLE_ASSIGNMENT((#11526));
#10990=PRESENTATION_STYLE_ASSIGNMENT((#11527));
#10991=PRESENTATION_STYLE_ASSIGNMENT((#11528));
#10992=PRESENTATION_STYLE_ASSIGNMENT((#11529));
#10993=PRESENTATION_STYLE_ASSIGNMENT((#11530));
#10994=PRESENTATION_STYLE_ASSIGNMENT((#11531));
#10995=PRESENTATION_STYLE_ASSIGNMENT((#11532));
#10996=PRESENTATION_STYLE_ASSIGNMENT((#11533));
#10997=PRESENTATION_STYLE_ASSIGNMENT((#11534));
#10998=PRESENTATION_STYLE_ASSIGNMENT((#11535));
#10999=PRESENTATION_STYLE_ASSIGNMENT((#11536));
#11000=PRESENTATION_STYLE_ASSIGNMENT((#11537));
#11001=PRESENTATION_STYLE_ASSIGNMENT((#11538));
#11002=PRESENTATION_STYLE_ASSIGNMENT((#11539));
#11003=PRESENTATION_STYLE_ASSIGNMENT((#11540));
#11004=PRESENTATION_STYLE_ASSIGNMENT((#11541));
#11005=PRESENTATION_STYLE_ASSIGNMENT((#11542));
#11006=PRESENTATION_STYLE_ASSIGNMENT((#11543));
#11007=PRESENTATION_STYLE_ASSIGNMENT((#11544));
#11008=PRESENTATION_STYLE_ASSIGNMENT((#11545));
#11009=PRESENTATION_STYLE_ASSIGNMENT((#11546));
#11010=PRESENTATION_STYLE_ASSIGNMENT((#11547));
#11011=PRESENTATION_STYLE_ASSIGNMENT((#11548));
#11012=PRESENTATION_STYLE_ASSIGNMENT((#11549));
#11013=PRESENTATION_STYLE_ASSIGNMENT((#11550));
#11014=PRESENTATION_STYLE_ASSIGNMENT((#11551));
#11015=PRESENTATION_STYLE_ASSIGNMENT((#11552));
#11016=PRESENTATION_STYLE_ASSIGNMENT((#11553));
#11017=PRESENTATION_STYLE_ASSIGNMENT((#11554));
#11018=PRESENTATION_STYLE_ASSIGNMENT((#11555));
#11019=PRESENTATION_STYLE_ASSIGNMENT((#11556));
#11020=PRESENTATION_STYLE_ASSIGNMENT((#11557));
#11021=PRESENTATION_STYLE_ASSIGNMENT((#11558));
#11022=PRESENTATION_STYLE_ASSIGNMENT((#11559));
#11023=PRESENTATION_STYLE_ASSIGNMENT((#11560));
#11024=PRESENTATION_STYLE_ASSIGNMENT((#11561));
#11025=PRESENTATION_STYLE_ASSIGNMENT((#11562));
#11026=PRESENTATION_STYLE_ASSIGNMENT((#11563));
#11027=PRESENTATION_STYLE_ASSIGNMENT((#11564));
#11028=PRESENTATION_STYLE_ASSIGNMENT((#11565));
#11029=PRESENTATION_STYLE_ASSIGNMENT((#11566));
#11030=PRESENTATION_STYLE_ASSIGNMENT((#11567));
#11031=PRESENTATION_STYLE_ASSIGNMENT((#11568));
#11032=PRESENTATION_STYLE_ASSIGNMENT((#11569));
#11033=PRESENTATION_STYLE_ASSIGNMENT((#11570));
#11034=PRESENTATION_STYLE_ASSIGNMENT((#11571));
#11035=PRESENTATION_STYLE_ASSIGNMENT((#11572));
#11036=PRESENTATION_STYLE_ASSIGNMENT((#11573));
#11037=PRESENTATION_STYLE_ASSIGNMENT((#11574));
#11038=PRESENTATION_STYLE_ASSIGNMENT((#11575));
#11039=PRESENTATION_STYLE_ASSIGNMENT((#11576));
#11040=PRESENTATION_STYLE_ASSIGNMENT((#11577));
#11041=PRESENTATION_STYLE_ASSIGNMENT((#11578));
#11042=PRESENTATION_STYLE_ASSIGNMENT((#11579));
#11043=PRESENTATION_STYLE_ASSIGNMENT((#11580));
#11044=PRESENTATION_STYLE_ASSIGNMENT((#11581));
#11045=PRESENTATION_STYLE_ASSIGNMENT((#11582));
#11046=PRESENTATION_STYLE_ASSIGNMENT((#11583));
#11047=PRESENTATION_STYLE_ASSIGNMENT((#11584));
#11048=PRESENTATION_STYLE_ASSIGNMENT((#11585));
#11049=PRESENTATION_STYLE_ASSIGNMENT((#11586));
#11050=PRESENTATION_STYLE_ASSIGNMENT((#11587));
#11051=PRESENTATION_STYLE_ASSIGNMENT((#11588));
#11052=PRESENTATION_STYLE_ASSIGNMENT((#11589));
#11053=PRESENTATION_STYLE_ASSIGNMENT((#11590));
#11054=PRESENTATION_STYLE_ASSIGNMENT((#11591));
#11055=PRESENTATION_STYLE_ASSIGNMENT((#11592));
#11056=PRESENTATION_STYLE_ASSIGNMENT((#11593));
#11057=PRESENTATION_STYLE_ASSIGNMENT((#11594));
#11058=PRESENTATION_STYLE_ASSIGNMENT((#11595));
#11059=PRESENTATION_STYLE_ASSIGNMENT((#11596));
#11060=PRESENTATION_STYLE_ASSIGNMENT((#11597));
#11061=PRESENTATION_STYLE_ASSIGNMENT((#11598));
#11062=PRESENTATION_STYLE_ASSIGNMENT((#11599));
#11063=PRESENTATION_STYLE_ASSIGNMENT((#11600));
#11064=PRESENTATION_STYLE_ASSIGNMENT((#11601));
#11065=PRESENTATION_STYLE_ASSIGNMENT((#11602));
#11066=PRESENTATION_STYLE_ASSIGNMENT((#11603));
#11067=PRESENTATION_STYLE_ASSIGNMENT((#11604));
#11068=PRESENTATION_STYLE_ASSIGNMENT((#11605));
#11069=PRESENTATION_STYLE_ASSIGNMENT((#11606));
#11070=PRESENTATION_STYLE_ASSIGNMENT((#11607));
#11071=PRESENTATION_STYLE_ASSIGNMENT((#11608));
#11072=PRESENTATION_STYLE_ASSIGNMENT((#11609));
#11073=SURFACE_STYLE_USAGE(.BOTH.,#11610);
#11074=SURFACE_STYLE_USAGE(.BOTH.,#11611);
#11075=SURFACE_STYLE_USAGE(.BOTH.,#11612);
#11076=SURFACE_STYLE_USAGE(.BOTH.,#11613);
#11077=SURFACE_STYLE_USAGE(.BOTH.,#11614);
#11078=SURFACE_STYLE_USAGE(.BOTH.,#11615);
#11079=SURFACE_STYLE_USAGE(.BOTH.,#11616);
#11080=SURFACE_STYLE_USAGE(.BOTH.,#11617);
#11081=SURFACE_STYLE_USAGE(.BOTH.,#11618);
#11082=SURFACE_STYLE_USAGE(.BOTH.,#11619);
#11083=SURFACE_STYLE_USAGE(.BOTH.,#11620);
#11084=SURFACE_STYLE_USAGE(.BOTH.,#11621);
#11085=SURFACE_STYLE_USAGE(.BOTH.,#11622);
#11086=SURFACE_STYLE_USAGE(.BOTH.,#11623);
#11087=SURFACE_STYLE_USAGE(.BOTH.,#11624);
#11088=SURFACE_STYLE_USAGE(.BOTH.,#11625);
#11089=SURFACE_STYLE_USAGE(.BOTH.,#11626);
#11090=SURFACE_STYLE_USAGE(.BOTH.,#11627);
#11091=SURFACE_STYLE_USAGE(.BOTH.,#11628);
#11092=SURFACE_STYLE_USAGE(.BOTH.,#11629);
#11093=SURFACE_STYLE_USAGE(.BOTH.,#11630);
#11094=SURFACE_STYLE_USAGE(.BOTH.,#11631);
#11095=SURFACE_STYLE_USAGE(.BOTH.,#11632);
#11096=SURFACE_STYLE_USAGE(.BOTH.,#11633);
#11097=SURFACE_STYLE_USAGE(.BOTH.,#11634);
#11098=SURFACE_STYLE_USAGE(.BOTH.,#11635);
#11099=SURFACE_STYLE_USAGE(.BOTH.,#11636);
#11100=SURFACE_STYLE_USAGE(.BOTH.,#11637);
#11101=SURFACE_STYLE_USAGE(.BOTH.,#11638);
#11102=SURFACE_STYLE_USAGE(.BOTH.,#11639);
#11103=SURFACE_STYLE_USAGE(.BOTH.,#11640);
#11104=SURFACE_STYLE_USAGE(.BOTH.,#11641);
#11105=SURFACE_STYLE_USAGE(.BOTH.,#11642);
#11106=SURFACE_STYLE_USAGE(.BOTH.,#11643);
#11107=SURFACE_STYLE_USAGE(.BOTH.,#11644);
#11108=SURFACE_STYLE_USAGE(.BOTH.,#11645);
#11109=SURFACE_STYLE_USAGE(.BOTH.,#11646);
#11110=SURFACE_STYLE_USAGE(.BOTH.,#11647);
#11111=SURFACE_STYLE_USAGE(.BOTH.,#11648);
#11112=SURFACE_STYLE_USAGE(.BOTH.,#11649);
#11113=SURFACE_STYLE_USAGE(.BOTH.,#11650);
#11114=SURFACE_STYLE_USAGE(.BOTH.,#11651);
#11115=SURFACE_STYLE_USAGE(.BOTH.,#11652);
#11116=SURFACE_STYLE_USAGE(.BOTH.,#11653);
#11117=SURFACE_STYLE_USAGE(.BOTH.,#11654);
#11118=SURFACE_STYLE_USAGE(.BOTH.,#11655);
#11119=SURFACE_STYLE_USAGE(.BOTH.,#11656);
#11120=SURFACE_STYLE_USAGE(.BOTH.,#11657);
#11121=SURFACE_STYLE_USAGE(.BOTH.,#11658);
#11122=SURFACE_STYLE_USAGE(.BOTH.,#11659);
#11123=SURFACE_STYLE_USAGE(.BOTH.,#11660);
#11124=SURFACE_STYLE_USAGE(.BOTH.,#11661);
#11125=SURFACE_STYLE_USAGE(.BOTH.,#11662);
#11126=SURFACE_STYLE_USAGE(.BOTH.,#11663);
#11127=SURFACE_STYLE_USAGE(.BOTH.,#11664);
#11128=SURFACE_STYLE_USAGE(.BOTH.,#11665);
#11129=SURFACE_STYLE_USAGE(.BOTH.,#11666);
#11130=SURFACE_STYLE_USAGE(.BOTH.,#11667);
#11131=SURFACE_STYLE_USAGE(.BOTH.,#11668);
#11132=SURFACE_STYLE_USAGE(.BOTH.,#11669);
#11133=SURFACE_STYLE_USAGE(.BOTH.,#11670);
#11134=SURFACE_STYLE_USAGE(.BOTH.,#11671);
#11135=SURFACE_STYLE_USAGE(.BOTH.,#11672);
#11136=SURFACE_STYLE_USAGE(.BOTH.,#11673);
#11137=SURFACE_STYLE_USAGE(.BOTH.,#11674);
#11138=SURFACE_STYLE_USAGE(.BOTH.,#11675);
#11139=SURFACE_STYLE_USAGE(.BOTH.,#11676);
#11140=SURFACE_STYLE_USAGE(.BOTH.,#11677);
#11141=SURFACE_STYLE_USAGE(.BOTH.,#11678);
#11142=SURFACE_STYLE_USAGE(.BOTH.,#11679);
#11143=SURFACE_STYLE_USAGE(.BOTH.,#11680);
#11144=SURFACE_STYLE_USAGE(.BOTH.,#11681);
#11145=SURFACE_STYLE_USAGE(.BOTH.,#11682);
#11146=SURFACE_STYLE_USAGE(.BOTH.,#11683);
#11147=SURFACE_STYLE_USAGE(.BOTH.,#11684);
#11148=SURFACE_STYLE_USAGE(.BOTH.,#11685);
#11149=SURFACE_STYLE_USAGE(.BOTH.,#11686);
#11150=SURFACE_STYLE_USAGE(.BOTH.,#11687);
#11151=SURFACE_STYLE_USAGE(.BOTH.,#11688);
#11152=SURFACE_STYLE_USAGE(.BOTH.,#11689);
#11153=SURFACE_STYLE_USAGE(.BOTH.,#11690);
#11154=SURFACE_STYLE_USAGE(.BOTH.,#11691);
#11155=SURFACE_STYLE_USAGE(.BOTH.,#11692);
#11156=SURFACE_STYLE_USAGE(.BOTH.,#11693);
#11157=SURFACE_STYLE_USAGE(.BOTH.,#11694);
#11158=SURFACE_STYLE_USAGE(.BOTH.,#11695);
#11159=SURFACE_STYLE_USAGE(.BOTH.,#11696);
#11160=SURFACE_STYLE_USAGE(.BOTH.,#11697);
#11161=SURFACE_STYLE_USAGE(.BOTH.,#11698);
#11162=SURFACE_STYLE_USAGE(.BOTH.,#11699);
#11163=SURFACE_STYLE_USAGE(.BOTH.,#11700);
#11164=SURFACE_STYLE_USAGE(.BOTH.,#11701);
#11165=SURFACE_STYLE_USAGE(.BOTH.,#11702);
#11166=SURFACE_STYLE_USAGE(.BOTH.,#11703);
#11167=SURFACE_STYLE_USAGE(.BOTH.,#11704);
#11168=SURFACE_STYLE_USAGE(.BOTH.,#11705);
#11169=SURFACE_STYLE_USAGE(.BOTH.,#11706);
#11170=SURFACE_STYLE_USAGE(.BOTH.,#11707);
#11171=SURFACE_STYLE_USAGE(.BOTH.,#11708);
#11172=SURFACE_STYLE_USAGE(.BOTH.,#11709);
#11173=SURFACE_STYLE_USAGE(.BOTH.,#11710);
#11174=SURFACE_STYLE_USAGE(.BOTH.,#11711);
#11175=SURFACE_STYLE_USAGE(.BOTH.,#11712);
#11176=SURFACE_STYLE_USAGE(.BOTH.,#11713);
#11177=SURFACE_STYLE_USAGE(.BOTH.,#11714);
#11178=SURFACE_STYLE_USAGE(.BOTH.,#11715);
#11179=SURFACE_STYLE_USAGE(.BOTH.,#11716);
#11180=SURFACE_STYLE_USAGE(.BOTH.,#11717);
#11181=SURFACE_STYLE_USAGE(.BOTH.,#11718);
#11182=SURFACE_STYLE_USAGE(.BOTH.,#11719);
#11183=SURFACE_STYLE_USAGE(.BOTH.,#11720);
#11184=SURFACE_STYLE_USAGE(.BOTH.,#11721);
#11185=SURFACE_STYLE_USAGE(.BOTH.,#11722);
#11186=SURFACE_STYLE_USAGE(.BOTH.,#11723);
#11187=SURFACE_STYLE_USAGE(.BOTH.,#11724);
#11188=SURFACE_STYLE_USAGE(.BOTH.,#11725);
#11189=SURFACE_STYLE_USAGE(.BOTH.,#11726);
#11190=SURFACE_STYLE_USAGE(.BOTH.,#11727);
#11191=SURFACE_STYLE_USAGE(.BOTH.,#11728);
#11192=SURFACE_STYLE_USAGE(.BOTH.,#11729);
#11193=SURFACE_STYLE_USAGE(.BOTH.,#11730);
#11194=SURFACE_STYLE_USAGE(.BOTH.,#11731);
#11195=SURFACE_STYLE_USAGE(.BOTH.,#11732);
#11196=SURFACE_STYLE_USAGE(.BOTH.,#11733);
#11197=SURFACE_STYLE_USAGE(.BOTH.,#11734);
#11198=SURFACE_STYLE_USAGE(.BOTH.,#11735);
#11199=SURFACE_STYLE_USAGE(.BOTH.,#11736);
#11200=SURFACE_STYLE_USAGE(.BOTH.,#11737);
#11201=SURFACE_STYLE_USAGE(.BOTH.,#11738);
#11202=SURFACE_STYLE_USAGE(.BOTH.,#11739);
#11203=SURFACE_STYLE_USAGE(.BOTH.,#11740);
#11204=SURFACE_STYLE_USAGE(.BOTH.,#11741);
#11205=SURFACE_STYLE_USAGE(.BOTH.,#11742);
#11206=SURFACE_STYLE_USAGE(.BOTH.,#11743);
#11207=SURFACE_STYLE_USAGE(.BOTH.,#11744);
#11208=SURFACE_STYLE_USAGE(.BOTH.,#11745);
#11209=SURFACE_STYLE_USAGE(.BOTH.,#11746);
#11210=SURFACE_STYLE_USAGE(.BOTH.,#11747);
#11211=SURFACE_STYLE_USAGE(.BOTH.,#11748);
#11212=SURFACE_STYLE_USAGE(.BOTH.,#11749);
#11213=SURFACE_STYLE_USAGE(.BOTH.,#11750);
#11214=SURFACE_STYLE_USAGE(.BOTH.,#11751);
#11215=SURFACE_STYLE_USAGE(.BOTH.,#11752);
#11216=SURFACE_STYLE_USAGE(.BOTH.,#11753);
#11217=SURFACE_STYLE_USAGE(.BOTH.,#11754);
#11218=SURFACE_STYLE_USAGE(.BOTH.,#11755);
#11219=SURFACE_STYLE_USAGE(.BOTH.,#11756);
#11220=SURFACE_STYLE_USAGE(.BOTH.,#11757);
#11221=SURFACE_STYLE_USAGE(.BOTH.,#11758);
#11222=SURFACE_STYLE_USAGE(.BOTH.,#11759);
#11223=SURFACE_STYLE_USAGE(.BOTH.,#11760);
#11224=SURFACE_STYLE_USAGE(.BOTH.,#11761);
#11225=SURFACE_STYLE_USAGE(.BOTH.,#11762);
#11226=SURFACE_STYLE_USAGE(.BOTH.,#11763);
#11227=SURFACE_STYLE_USAGE(.BOTH.,#11764);
#11228=SURFACE_STYLE_USAGE(.BOTH.,#11765);
#11229=SURFACE_STYLE_USAGE(.BOTH.,#11766);
#11230=SURFACE_STYLE_USAGE(.BOTH.,#11767);
#11231=SURFACE_STYLE_USAGE(.BOTH.,#11768);
#11232=SURFACE_STYLE_USAGE(.BOTH.,#11769);
#11233=SURFACE_STYLE_USAGE(.BOTH.,#11770);
#11234=SURFACE_STYLE_USAGE(.BOTH.,#11771);
#11235=SURFACE_STYLE_USAGE(.BOTH.,#11772);
#11236=SURFACE_STYLE_USAGE(.BOTH.,#11773);
#11237=SURFACE_STYLE_USAGE(.BOTH.,#11774);
#11238=SURFACE_STYLE_USAGE(.BOTH.,#11775);
#11239=SURFACE_STYLE_USAGE(.BOTH.,#11776);
#11240=SURFACE_STYLE_USAGE(.BOTH.,#11777);
#11241=SURFACE_STYLE_USAGE(.BOTH.,#11778);
#11242=SURFACE_STYLE_USAGE(.BOTH.,#11779);
#11243=SURFACE_STYLE_USAGE(.BOTH.,#11780);
#11244=SURFACE_STYLE_USAGE(.BOTH.,#11781);
#11245=SURFACE_STYLE_USAGE(.BOTH.,#11782);
#11246=SURFACE_STYLE_USAGE(.BOTH.,#11783);
#11247=SURFACE_STYLE_USAGE(.BOTH.,#11784);
#11248=SURFACE_STYLE_USAGE(.BOTH.,#11785);
#11249=SURFACE_STYLE_USAGE(.BOTH.,#11786);
#11250=SURFACE_STYLE_USAGE(.BOTH.,#11787);
#11251=SURFACE_STYLE_USAGE(.BOTH.,#11788);
#11252=SURFACE_STYLE_USAGE(.BOTH.,#11789);
#11253=SURFACE_STYLE_USAGE(.BOTH.,#11790);
#11254=SURFACE_STYLE_USAGE(.BOTH.,#11791);
#11255=SURFACE_STYLE_USAGE(.BOTH.,#11792);
#11256=SURFACE_STYLE_USAGE(.BOTH.,#11793);
#11257=SURFACE_STYLE_USAGE(.BOTH.,#11794);
#11258=SURFACE_STYLE_USAGE(.BOTH.,#11795);
#11259=SURFACE_STYLE_USAGE(.BOTH.,#11796);
#11260=SURFACE_STYLE_USAGE(.BOTH.,#11797);
#11261=SURFACE_STYLE_USAGE(.BOTH.,#11798);
#11262=SURFACE_STYLE_USAGE(.BOTH.,#11799);
#11263=SURFACE_STYLE_USAGE(.BOTH.,#11800);
#11264=SURFACE_STYLE_USAGE(.BOTH.,#11801);
#11265=SURFACE_STYLE_USAGE(.BOTH.,#11802);
#11266=SURFACE_STYLE_USAGE(.BOTH.,#11803);
#11267=SURFACE_STYLE_USAGE(.BOTH.,#11804);
#11268=SURFACE_STYLE_USAGE(.BOTH.,#11805);
#11269=SURFACE_STYLE_USAGE(.BOTH.,#11806);
#11270=SURFACE_STYLE_USAGE(.BOTH.,#11807);
#11271=SURFACE_STYLE_USAGE(.BOTH.,#11808);
#11272=SURFACE_STYLE_USAGE(.BOTH.,#11809);
#11273=SURFACE_STYLE_USAGE(.BOTH.,#11810);
#11274=SURFACE_STYLE_USAGE(.BOTH.,#11811);
#11275=SURFACE_STYLE_USAGE(.BOTH.,#11812);
#11276=SURFACE_STYLE_USAGE(.BOTH.,#11813);
#11277=SURFACE_STYLE_USAGE(.BOTH.,#11814);
#11278=SURFACE_STYLE_USAGE(.BOTH.,#11815);
#11279=SURFACE_STYLE_USAGE(.BOTH.,#11816);
#11280=SURFACE_STYLE_USAGE(.BOTH.,#11817);
#11281=SURFACE_STYLE_USAGE(.BOTH.,#11818);
#11282=SURFACE_STYLE_USAGE(.BOTH.,#11819);
#11283=SURFACE_STYLE_USAGE(.BOTH.,#11820);
#11284=SURFACE_STYLE_USAGE(.BOTH.,#11821);
#11285=SURFACE_STYLE_USAGE(.BOTH.,#11822);
#11286=SURFACE_STYLE_USAGE(.BOTH.,#11823);
#11287=SURFACE_STYLE_USAGE(.BOTH.,#11824);
#11288=SURFACE_STYLE_USAGE(.BOTH.,#11825);
#11289=SURFACE_STYLE_USAGE(.BOTH.,#11826);
#11290=SURFACE_STYLE_USAGE(.BOTH.,#11827);
#11291=SURFACE_STYLE_USAGE(.BOTH.,#11828);
#11292=SURFACE_STYLE_USAGE(.BOTH.,#11829);
#11293=SURFACE_STYLE_USAGE(.BOTH.,#11830);
#11294=SURFACE_STYLE_USAGE(.BOTH.,#11831);
#11295=SURFACE_STYLE_USAGE(.BOTH.,#11832);
#11296=SURFACE_STYLE_USAGE(.BOTH.,#11833);
#11297=SURFACE_STYLE_USAGE(.BOTH.,#11834);
#11298=SURFACE_STYLE_USAGE(.BOTH.,#11835);
#11299=SURFACE_STYLE_USAGE(.BOTH.,#11836);
#11300=SURFACE_STYLE_USAGE(.BOTH.,#11837);
#11301=SURFACE_STYLE_USAGE(.BOTH.,#11838);
#11302=SURFACE_STYLE_USAGE(.BOTH.,#11839);
#11303=SURFACE_STYLE_USAGE(.BOTH.,#11840);
#11304=SURFACE_STYLE_USAGE(.BOTH.,#11841);
#11305=SURFACE_STYLE_USAGE(.BOTH.,#11842);
#11306=SURFACE_STYLE_USAGE(.BOTH.,#11843);
#11307=SURFACE_STYLE_USAGE(.BOTH.,#11844);
#11308=SURFACE_STYLE_USAGE(.BOTH.,#11845);
#11309=SURFACE_STYLE_USAGE(.BOTH.,#11846);
#11310=SURFACE_STYLE_USAGE(.BOTH.,#11847);
#11311=SURFACE_STYLE_USAGE(.BOTH.,#11848);
#11312=SURFACE_STYLE_USAGE(.BOTH.,#11849);
#11313=SURFACE_STYLE_USAGE(.BOTH.,#11850);
#11314=SURFACE_STYLE_USAGE(.BOTH.,#11851);
#11315=SURFACE_STYLE_USAGE(.BOTH.,#11852);
#11316=SURFACE_STYLE_USAGE(.BOTH.,#11853);
#11317=SURFACE_STYLE_USAGE(.BOTH.,#11854);
#11318=SURFACE_STYLE_USAGE(.BOTH.,#11855);
#11319=SURFACE_STYLE_USAGE(.BOTH.,#11856);
#11320=SURFACE_STYLE_USAGE(.BOTH.,#11857);
#11321=SURFACE_STYLE_USAGE(.BOTH.,#11858);
#11322=SURFACE_STYLE_USAGE(.BOTH.,#11859);
#11323=SURFACE_STYLE_USAGE(.BOTH.,#11860);
#11324=SURFACE_STYLE_USAGE(.BOTH.,#11861);
#11325=SURFACE_STYLE_USAGE(.BOTH.,#11862);
#11326=SURFACE_STYLE_USAGE(.BOTH.,#11863);
#11327=SURFACE_STYLE_USAGE(.BOTH.,#11864);
#11328=SURFACE_STYLE_USAGE(.BOTH.,#11865);
#11329=SURFACE_STYLE_USAGE(.BOTH.,#11866);
#11330=SURFACE_STYLE_USAGE(.BOTH.,#11867);
#11331=SURFACE_STYLE_USAGE(.BOTH.,#11868);
#11332=SURFACE_STYLE_USAGE(.BOTH.,#11869);
#11333=SURFACE_STYLE_USAGE(.BOTH.,#11870);
#11334=SURFACE_STYLE_USAGE(.BOTH.,#11871);
#11335=SURFACE_STYLE_USAGE(.BOTH.,#11872);
#11336=SURFACE_STYLE_USAGE(.BOTH.,#11873);
#11337=SURFACE_STYLE_USAGE(.BOTH.,#11874);
#11338=SURFACE_STYLE_USAGE(.BOTH.,#11875);
#11339=SURFACE_STYLE_USAGE(.BOTH.,#11876);
#11340=SURFACE_STYLE_USAGE(.BOTH.,#11877);
#11341=SURFACE_STYLE_USAGE(.BOTH.,#11878);
#11342=SURFACE_STYLE_USAGE(.BOTH.,#11879);
#11343=SURFACE_STYLE_USAGE(.BOTH.,#11880);
#11344=SURFACE_STYLE_USAGE(.BOTH.,#11881);
#11345=SURFACE_STYLE_USAGE(.BOTH.,#11882);
#11346=SURFACE_STYLE_USAGE(.BOTH.,#11883);
#11347=SURFACE_STYLE_USAGE(.BOTH.,#11884);
#11348=SURFACE_STYLE_USAGE(.BOTH.,#11885);
#11349=SURFACE_STYLE_USAGE(.BOTH.,#11886);
#11350=SURFACE_STYLE_USAGE(.BOTH.,#11887);
#11351=SURFACE_STYLE_USAGE(.BOTH.,#11888);
#11352=SURFACE_STYLE_USAGE(.BOTH.,#11889);
#11353=SURFACE_STYLE_USAGE(.BOTH.,#11890);
#11354=SURFACE_STYLE_USAGE(.BOTH.,#11891);
#11355=SURFACE_STYLE_USAGE(.BOTH.,#11892);
#11356=SURFACE_STYLE_USAGE(.BOTH.,#11893);
#11357=SURFACE_STYLE_USAGE(.BOTH.,#11894);
#11358=SURFACE_STYLE_USAGE(.BOTH.,#11895);
#11359=SURFACE_STYLE_USAGE(.BOTH.,#11896);
#11360=SURFACE_STYLE_USAGE(.BOTH.,#11897);
#11361=SURFACE_STYLE_USAGE(.BOTH.,#11898);
#11362=SURFACE_STYLE_USAGE(.BOTH.,#11899);
#11363=SURFACE_STYLE_USAGE(.BOTH.,#11900);
#11364=SURFACE_STYLE_USAGE(.BOTH.,#11901);
#11365=SURFACE_STYLE_USAGE(.BOTH.,#11902);
#11366=SURFACE_STYLE_USAGE(.BOTH.,#11903);
#11367=SURFACE_STYLE_USAGE(.BOTH.,#11904);
#11368=SURFACE_STYLE_USAGE(.BOTH.,#11905);
#11369=SURFACE_STYLE_USAGE(.BOTH.,#11906);
#11370=SURFACE_STYLE_USAGE(.BOTH.,#11907);
#11371=SURFACE_STYLE_USAGE(.BOTH.,#11908);
#11372=SURFACE_STYLE_USAGE(.BOTH.,#11909);
#11373=SURFACE_STYLE_USAGE(.BOTH.,#11910);
#11374=SURFACE_STYLE_USAGE(.BOTH.,#11911);
#11375=SURFACE_STYLE_USAGE(.BOTH.,#11912);
#11376=SURFACE_STYLE_USAGE(.BOTH.,#11913);
#11377=SURFACE_STYLE_USAGE(.BOTH.,#11914);
#11378=SURFACE_STYLE_USAGE(.BOTH.,#11915);
#11379=SURFACE_STYLE_USAGE(.BOTH.,#11916);
#11380=SURFACE_STYLE_USAGE(.BOTH.,#11917);
#11381=SURFACE_STYLE_USAGE(.BOTH.,#11918);
#11382=SURFACE_STYLE_USAGE(.BOTH.,#11919);
#11383=SURFACE_STYLE_USAGE(.BOTH.,#11920);
#11384=SURFACE_STYLE_USAGE(.BOTH.,#11921);
#11385=SURFACE_STYLE_USAGE(.BOTH.,#11922);
#11386=SURFACE_STYLE_USAGE(.BOTH.,#11923);
#11387=SURFACE_STYLE_USAGE(.BOTH.,#11924);
#11388=SURFACE_STYLE_USAGE(.BOTH.,#11925);
#11389=SURFACE_STYLE_USAGE(.BOTH.,#11926);
#11390=SURFACE_STYLE_USAGE(.BOTH.,#11927);
#11391=SURFACE_STYLE_USAGE(.BOTH.,#11928);
#11392=SURFACE_STYLE_USAGE(.BOTH.,#11929);
#11393=SURFACE_STYLE_USAGE(.BOTH.,#11930);
#11394=SURFACE_STYLE_USAGE(.BOTH.,#11931);
#11395=SURFACE_STYLE_USAGE(.BOTH.,#11932);
#11396=SURFACE_STYLE_USAGE(.BOTH.,#11933);
#11397=SURFACE_STYLE_USAGE(.BOTH.,#11934);
#11398=SURFACE_STYLE_USAGE(.BOTH.,#11935);
#11399=SURFACE_STYLE_USAGE(.BOTH.,#11936);
#11400=SURFACE_STYLE_USAGE(.BOTH.,#11937);
#11401=SURFACE_STYLE_USAGE(.BOTH.,#11938);
#11402=SURFACE_STYLE_USAGE(.BOTH.,#11939);
#11403=SURFACE_STYLE_USAGE(.BOTH.,#11940);
#11404=SURFACE_STYLE_USAGE(.BOTH.,#11941);
#11405=SURFACE_STYLE_USAGE(.BOTH.,#11942);
#11406=SURFACE_STYLE_USAGE(.BOTH.,#11943);
#11407=SURFACE_STYLE_USAGE(.BOTH.,#11944);
#11408=SURFACE_STYLE_USAGE(.BOTH.,#11945);
#11409=SURFACE_STYLE_USAGE(.BOTH.,#11946);
#11410=SURFACE_STYLE_USAGE(.BOTH.,#11947);
#11411=SURFACE_STYLE_USAGE(.BOTH.,#11948);
#11412=SURFACE_STYLE_USAGE(.BOTH.,#11949);
#11413=SURFACE_STYLE_USAGE(.BOTH.,#11950);
#11414=SURFACE_STYLE_USAGE(.BOTH.,#11951);
#11415=SURFACE_STYLE_USAGE(.BOTH.,#11952);
#11416=SURFACE_STYLE_USAGE(.BOTH.,#11953);
#11417=SURFACE_STYLE_USAGE(.BOTH.,#11954);
#11418=SURFACE_STYLE_USAGE(.BOTH.,#11955);
#11419=SURFACE_STYLE_USAGE(.BOTH.,#11956);
#11420=SURFACE_STYLE_USAGE(.BOTH.,#11957);
#11421=SURFACE_STYLE_USAGE(.BOTH.,#11958);
#11422=SURFACE_STYLE_USAGE(.BOTH.,#11959);
#11423=SURFACE_STYLE_USAGE(.BOTH.,#11960);
#11424=SURFACE_STYLE_USAGE(.BOTH.,#11961);
#11425=SURFACE_STYLE_USAGE(.BOTH.,#11962);
#11426=SURFACE_STYLE_USAGE(.BOTH.,#11963);
#11427=SURFACE_STYLE_USAGE(.BOTH.,#11964);
#11428=SURFACE_STYLE_USAGE(.BOTH.,#11965);
#11429=SURFACE_STYLE_USAGE(.BOTH.,#11966);
#11430=SURFACE_STYLE_USAGE(.BOTH.,#11967);
#11431=SURFACE_STYLE_USAGE(.BOTH.,#11968);
#11432=SURFACE_STYLE_USAGE(.BOTH.,#11969);
#11433=SURFACE_STYLE_USAGE(.BOTH.,#11970);
#11434=SURFACE_STYLE_USAGE(.BOTH.,#11971);
#11435=SURFACE_STYLE_USAGE(.BOTH.,#11972);
#11436=SURFACE_STYLE_USAGE(.BOTH.,#11973);
#11437=SURFACE_STYLE_USAGE(.BOTH.,#11974);
#11438=SURFACE_STYLE_USAGE(.BOTH.,#11975);
#11439=SURFACE_STYLE_USAGE(.BOTH.,#11976);
#11440=SURFACE_STYLE_USAGE(.BOTH.,#11977);
#11441=SURFACE_STYLE_USAGE(.BOTH.,#11978);
#11442=SURFACE_STYLE_USAGE(.BOTH.,#11979);
#11443=SURFACE_STYLE_USAGE(.BOTH.,#11980);
#11444=SURFACE_STYLE_USAGE(.BOTH.,#11981);
#11445=SURFACE_STYLE_USAGE(.BOTH.,#11982);
#11446=SURFACE_STYLE_USAGE(.BOTH.,#11983);
#11447=SURFACE_STYLE_USAGE(.BOTH.,#11984);
#11448=SURFACE_STYLE_USAGE(.BOTH.,#11985);
#11449=SURFACE_STYLE_USAGE(.BOTH.,#11986);
#11450=SURFACE_STYLE_USAGE(.BOTH.,#11987);
#11451=SURFACE_STYLE_USAGE(.BOTH.,#11988);
#11452=SURFACE_STYLE_USAGE(.BOTH.,#11989);
#11453=SURFACE_STYLE_USAGE(.BOTH.,#11990);
#11454=SURFACE_STYLE_USAGE(.BOTH.,#11991);
#11455=SURFACE_STYLE_USAGE(.BOTH.,#11992);
#11456=SURFACE_STYLE_USAGE(.BOTH.,#11993);
#11457=SURFACE_STYLE_USAGE(.BOTH.,#11994);
#11458=SURFACE_STYLE_USAGE(.BOTH.,#11995);
#11459=SURFACE_STYLE_USAGE(.BOTH.,#11996);
#11460=SURFACE_STYLE_USAGE(.BOTH.,#11997);
#11461=SURFACE_STYLE_USAGE(.BOTH.,#11998);
#11462=SURFACE_STYLE_USAGE(.BOTH.,#11999);
#11463=SURFACE_STYLE_USAGE(.BOTH.,#12000);
#11464=SURFACE_STYLE_USAGE(.BOTH.,#12001);
#11465=SURFACE_STYLE_USAGE(.BOTH.,#12002);
#11466=SURFACE_STYLE_USAGE(.BOTH.,#12003);
#11467=SURFACE_STYLE_USAGE(.BOTH.,#12004);
#11468=SURFACE_STYLE_USAGE(.BOTH.,#12005);
#11469=SURFACE_STYLE_USAGE(.BOTH.,#12006);
#11470=SURFACE_STYLE_USAGE(.BOTH.,#12007);
#11471=SURFACE_STYLE_USAGE(.BOTH.,#12008);
#11472=SURFACE_STYLE_USAGE(.BOTH.,#12009);
#11473=SURFACE_STYLE_USAGE(.BOTH.,#12010);
#11474=SURFACE_STYLE_USAGE(.BOTH.,#12011);
#11475=SURFACE_STYLE_USAGE(.BOTH.,#12012);
#11476=SURFACE_STYLE_USAGE(.BOTH.,#12013);
#11477=SURFACE_STYLE_USAGE(.BOTH.,#12014);
#11478=SURFACE_STYLE_USAGE(.BOTH.,#12015);
#11479=SURFACE_STYLE_USAGE(.BOTH.,#12016);
#11480=SURFACE_STYLE_USAGE(.BOTH.,#12017);
#11481=SURFACE_STYLE_USAGE(.BOTH.,#12018);
#11482=SURFACE_STYLE_USAGE(.BOTH.,#12019);
#11483=SURFACE_STYLE_USAGE(.BOTH.,#12020);
#11484=SURFACE_STYLE_USAGE(.BOTH.,#12021);
#11485=SURFACE_STYLE_USAGE(.BOTH.,#12022);
#11486=SURFACE_STYLE_USAGE(.BOTH.,#12023);
#11487=SURFACE_STYLE_USAGE(.BOTH.,#12024);
#11488=SURFACE_STYLE_USAGE(.BOTH.,#12025);
#11489=SURFACE_STYLE_USAGE(.BOTH.,#12026);
#11490=SURFACE_STYLE_USAGE(.BOTH.,#12027);
#11491=SURFACE_STYLE_USAGE(.BOTH.,#12028);
#11492=SURFACE_STYLE_USAGE(.BOTH.,#12029);
#11493=SURFACE_STYLE_USAGE(.BOTH.,#12030);
#11494=SURFACE_STYLE_USAGE(.BOTH.,#12031);
#11495=SURFACE_STYLE_USAGE(.BOTH.,#12032);
#11496=SURFACE_STYLE_USAGE(.BOTH.,#12033);
#11497=SURFACE_STYLE_USAGE(.BOTH.,#12034);
#11498=SURFACE_STYLE_USAGE(.BOTH.,#12035);
#11499=SURFACE_STYLE_USAGE(.BOTH.,#12036);
#11500=SURFACE_STYLE_USAGE(.BOTH.,#12037);
#11501=SURFACE_STYLE_USAGE(.BOTH.,#12038);
#11502=SURFACE_STYLE_USAGE(.BOTH.,#12039);
#11503=SURFACE_STYLE_USAGE(.BOTH.,#12040);
#11504=SURFACE_STYLE_USAGE(.BOTH.,#12041);
#11505=SURFACE_STYLE_USAGE(.BOTH.,#12042);
#11506=SURFACE_STYLE_USAGE(.BOTH.,#12043);
#11507=SURFACE_STYLE_USAGE(.BOTH.,#12044);
#11508=SURFACE_STYLE_USAGE(.BOTH.,#12045);
#11509=SURFACE_STYLE_USAGE(.BOTH.,#12046);
#11510=SURFACE_STYLE_USAGE(.BOTH.,#12047);
#11511=SURFACE_STYLE_USAGE(.BOTH.,#12048);
#11512=SURFACE_STYLE_USAGE(.BOTH.,#12049);
#11513=SURFACE_STYLE_USAGE(.BOTH.,#12050);
#11514=SURFACE_STYLE_USAGE(.BOTH.,#12051);
#11515=SURFACE_STYLE_USAGE(.BOTH.,#12052);
#11516=SURFACE_STYLE_USAGE(.BOTH.,#12053);
#11517=SURFACE_STYLE_USAGE(.BOTH.,#12054);
#11518=SURFACE_STYLE_USAGE(.BOTH.,#12055);
#11519=SURFACE_STYLE_USAGE(.BOTH.,#12056);
#11520=SURFACE_STYLE_USAGE(.BOTH.,#12057);
#11521=SURFACE_STYLE_USAGE(.BOTH.,#12058);
#11522=SURFACE_STYLE_USAGE(.BOTH.,#12059);
#11523=SURFACE_STYLE_USAGE(.BOTH.,#12060);
#11524=SURFACE_STYLE_USAGE(.BOTH.,#12061);
#11525=SURFACE_STYLE_USAGE(.BOTH.,#12062);
#11526=SURFACE_STYLE_USAGE(.BOTH.,#12063);
#11527=SURFACE_STYLE_USAGE(.BOTH.,#12064);
#11528=SURFACE_STYLE_USAGE(.BOTH.,#12065);
#11529=SURFACE_STYLE_USAGE(.BOTH.,#12066);
#11530=SURFACE_STYLE_USAGE(.BOTH.,#12067);
#11531=SURFACE_STYLE_USAGE(.BOTH.,#12068);
#11532=SURFACE_STYLE_USAGE(.BOTH.,#12069);
#11533=SURFACE_STYLE_USAGE(.BOTH.,#12070);
#11534=SURFACE_STYLE_USAGE(.BOTH.,#12071);
#11535=SURFACE_STYLE_USAGE(.BOTH.,#12072);
#11536=SURFACE_STYLE_USAGE(.BOTH.,#12073);
#11537=SURFACE_STYLE_USAGE(.BOTH.,#12074);
#11538=SURFACE_STYLE_USAGE(.BOTH.,#12075);
#11539=SURFACE_STYLE_USAGE(.BOTH.,#12076);
#11540=SURFACE_STYLE_USAGE(.BOTH.,#12077);
#11541=SURFACE_STYLE_USAGE(.BOTH.,#12078);
#11542=SURFACE_STYLE_USAGE(.BOTH.,#12079);
#11543=SURFACE_STYLE_USAGE(.BOTH.,#12080);
#11544=SURFACE_STYLE_USAGE(.BOTH.,#12081);
#11545=SURFACE_STYLE_USAGE(.BOTH.,#12082);
#11546=SURFACE_STYLE_USAGE(.BOTH.,#12083);
#11547=SURFACE_STYLE_USAGE(.BOTH.,#12084);
#11548=SURFACE_STYLE_USAGE(.BOTH.,#12085);
#11549=SURFACE_STYLE_USAGE(.BOTH.,#12086);
#11550=SURFACE_STYLE_USAGE(.BOTH.,#12087);
#11551=SURFACE_STYLE_USAGE(.BOTH.,#12088);
#11552=SURFACE_STYLE_USAGE(.BOTH.,#12089);
#11553=SURFACE_STYLE_USAGE(.BOTH.,#12090);
#11554=SURFACE_STYLE_USAGE(.BOTH.,#12091);
#11555=SURFACE_STYLE_USAGE(.BOTH.,#12092);
#11556=SURFACE_STYLE_USAGE(.BOTH.,#12093);
#11557=SURFACE_STYLE_USAGE(.BOTH.,#12094);
#11558=SURFACE_STYLE_USAGE(.BOTH.,#12095);
#11559=SURFACE_STYLE_USAGE(.BOTH.,#12096);
#11560=SURFACE_STYLE_USAGE(.BOTH.,#12097);
#11561=SURFACE_STYLE_USAGE(.BOTH.,#12098);
#11562=SURFACE_STYLE_USAGE(.BOTH.,#12099);
#11563=SURFACE_STYLE_USAGE(.BOTH.,#12100);
#11564=SURFACE_STYLE_USAGE(.BOTH.,#12101);
#11565=SURFACE_STYLE_USAGE(.BOTH.,#12102);
#11566=SURFACE_STYLE_USAGE(.BOTH.,#12103);
#11567=SURFACE_STYLE_USAGE(.BOTH.,#12104);
#11568=SURFACE_STYLE_USAGE(.BOTH.,#12105);
#11569=SURFACE_STYLE_USAGE(.BOTH.,#12106);
#11570=SURFACE_STYLE_USAGE(.BOTH.,#12107);
#11571=SURFACE_STYLE_USAGE(.BOTH.,#12108);
#11572=SURFACE_STYLE_USAGE(.BOTH.,#12109);
#11573=SURFACE_STYLE_USAGE(.BOTH.,#12110);
#11574=SURFACE_STYLE_USAGE(.BOTH.,#12111);
#11575=SURFACE_STYLE_USAGE(.BOTH.,#12112);
#11576=SURFACE_STYLE_USAGE(.BOTH.,#12113);
#11577=SURFACE_STYLE_USAGE(.BOTH.,#12114);
#11578=SURFACE_STYLE_USAGE(.BOTH.,#12115);
#11579=SURFACE_STYLE_USAGE(.BOTH.,#12116);
#11580=SURFACE_STYLE_USAGE(.BOTH.,#12117);
#11581=SURFACE_STYLE_USAGE(.BOTH.,#12118);
#11582=SURFACE_STYLE_USAGE(.BOTH.,#12119);
#11583=SURFACE_STYLE_USAGE(.BOTH.,#12120);
#11584=SURFACE_STYLE_USAGE(.BOTH.,#12121);
#11585=SURFACE_STYLE_USAGE(.BOTH.,#12122);
#11586=SURFACE_STYLE_USAGE(.BOTH.,#12123);
#11587=SURFACE_STYLE_USAGE(.BOTH.,#12124);
#11588=SURFACE_STYLE_USAGE(.BOTH.,#12125);
#11589=SURFACE_STYLE_USAGE(.BOTH.,#12126);
#11590=SURFACE_STYLE_USAGE(.BOTH.,#12127);
#11591=SURFACE_STYLE_USAGE(.BOTH.,#12128);
#11592=SURFACE_STYLE_USAGE(.BOTH.,#12129);
#11593=SURFACE_STYLE_USAGE(.BOTH.,#12130);
#11594=SURFACE_STYLE_USAGE(.BOTH.,#12131);
#11595=SURFACE_STYLE_USAGE(.BOTH.,#12132);
#11596=SURFACE_STYLE_USAGE(.BOTH.,#12133);
#11597=SURFACE_STYLE_USAGE(.BOTH.,#12134);
#11598=SURFACE_STYLE_USAGE(.BOTH.,#12135);
#11599=SURFACE_STYLE_USAGE(.BOTH.,#12136);
#11600=SURFACE_STYLE_USAGE(.BOTH.,#12137);
#11601=SURFACE_STYLE_USAGE(.BOTH.,#12138);
#11602=SURFACE_STYLE_USAGE(.BOTH.,#12139);
#11603=SURFACE_STYLE_USAGE(.BOTH.,#12140);
#11604=SURFACE_STYLE_USAGE(.BOTH.,#12141);
#11605=SURFACE_STYLE_USAGE(.BOTH.,#12142);
#11606=SURFACE_STYLE_USAGE(.BOTH.,#12143);
#11607=SURFACE_STYLE_USAGE(.BOTH.,#12144);
#11608=SURFACE_STYLE_USAGE(.BOTH.,#12145);
#11609=SURFACE_STYLE_USAGE(.BOTH.,#12146);
#11610=SURFACE_SIDE_STYLE('',(#12147));
#11611=SURFACE_SIDE_STYLE('',(#12148));
#11612=SURFACE_SIDE_STYLE('',(#12149));
#11613=SURFACE_SIDE_STYLE('',(#12150));
#11614=SURFACE_SIDE_STYLE('',(#12151));
#11615=SURFACE_SIDE_STYLE('',(#12152));
#11616=SURFACE_SIDE_STYLE('',(#12153));
#11617=SURFACE_SIDE_STYLE('',(#12154));
#11618=SURFACE_SIDE_STYLE('',(#12155));
#11619=SURFACE_SIDE_STYLE('',(#12156));
#11620=SURFACE_SIDE_STYLE('',(#12157));
#11621=SURFACE_SIDE_STYLE('',(#12158));
#11622=SURFACE_SIDE_STYLE('',(#12159));
#11623=SURFACE_SIDE_STYLE('',(#12160));
#11624=SURFACE_SIDE_STYLE('',(#12161));
#11625=SURFACE_SIDE_STYLE('',(#12162));
#11626=SURFACE_SIDE_STYLE('',(#12163));
#11627=SURFACE_SIDE_STYLE('',(#12164));
#11628=SURFACE_SIDE_STYLE('',(#12165));
#11629=SURFACE_SIDE_STYLE('',(#12166));
#11630=SURFACE_SIDE_STYLE('',(#12167));
#11631=SURFACE_SIDE_STYLE('',(#12168));
#11632=SURFACE_SIDE_STYLE('',(#12169));
#11633=SURFACE_SIDE_STYLE('',(#12170));
#11634=SURFACE_SIDE_STYLE('',(#12171));
#11635=SURFACE_SIDE_STYLE('',(#12172));
#11636=SURFACE_SIDE_STYLE('',(#12173));
#11637=SURFACE_SIDE_STYLE('',(#12174));
#11638=SURFACE_SIDE_STYLE('',(#12175));
#11639=SURFACE_SIDE_STYLE('',(#12176));
#11640=SURFACE_SIDE_STYLE('',(#12177));
#11641=SURFACE_SIDE_STYLE('',(#12178));
#11642=SURFACE_SIDE_STYLE('',(#12179));
#11643=SURFACE_SIDE_STYLE('',(#12180));
#11644=SURFACE_SIDE_STYLE('',(#12181));
#11645=SURFACE_SIDE_STYLE('',(#12182));
#11646=SURFACE_SIDE_STYLE('',(#12183));
#11647=SURFACE_SIDE_STYLE('',(#12184));
#11648=SURFACE_SIDE_STYLE('',(#12185));
#11649=SURFACE_SIDE_STYLE('',(#12186));
#11650=SURFACE_SIDE_STYLE('',(#12187));
#11651=SURFACE_SIDE_STYLE('',(#12188));
#11652=SURFACE_SIDE_STYLE('',(#12189));
#11653=SURFACE_SIDE_STYLE('',(#12190));
#11654=SURFACE_SIDE_STYLE('',(#12191));
#11655=SURFACE_SIDE_STYLE('',(#12192));
#11656=SURFACE_SIDE_STYLE('',(#12193));
#11657=SURFACE_SIDE_STYLE('',(#12194));
#11658=SURFACE_SIDE_STYLE('',(#12195));
#11659=SURFACE_SIDE_STYLE('',(#12196));
#11660=SURFACE_SIDE_STYLE('',(#12197));
#11661=SURFACE_SIDE_STYLE('',(#12198));
#11662=SURFACE_SIDE_STYLE('',(#12199));
#11663=SURFACE_SIDE_STYLE('',(#12200));
#11664=SURFACE_SIDE_STYLE('',(#12201));
#11665=SURFACE_SIDE_STYLE('',(#12202));
#11666=SURFACE_SIDE_STYLE('',(#12203));
#11667=SURFACE_SIDE_STYLE('',(#12204));
#11668=SURFACE_SIDE_STYLE('',(#12205));
#11669=SURFACE_SIDE_STYLE('',(#12206));
#11670=SURFACE_SIDE_STYLE('',(#12207));
#11671=SURFACE_SIDE_STYLE('',(#12208));
#11672=SURFACE_SIDE_STYLE('',(#12209));
#11673=SURFACE_SIDE_STYLE('',(#12210));
#11674=SURFACE_SIDE_STYLE('',(#12211));
#11675=SURFACE_SIDE_STYLE('',(#12212));
#11676=SURFACE_SIDE_STYLE('',(#12213));
#11677=SURFACE_SIDE_STYLE('',(#12214));
#11678=SURFACE_SIDE_STYLE('',(#12215));
#11679=SURFACE_SIDE_STYLE('',(#12216));
#11680=SURFACE_SIDE_STYLE('',(#12217));
#11681=SURFACE_SIDE_STYLE('',(#12218));
#11682=SURFACE_SIDE_STYLE('',(#12219));
#11683=SURFACE_SIDE_STYLE('',(#12220));
#11684=SURFACE_SIDE_STYLE('',(#12221));
#11685=SURFACE_SIDE_STYLE('',(#12222));
#11686=SURFACE_SIDE_STYLE('',(#12223));
#11687=SURFACE_SIDE_STYLE('',(#12224));
#11688=SURFACE_SIDE_STYLE('',(#12225));
#11689=SURFACE_SIDE_STYLE('',(#12226));
#11690=SURFACE_SIDE_STYLE('',(#12227));
#11691=SURFACE_SIDE_STYLE('',(#12228));
#11692=SURFACE_SIDE_STYLE('',(#12229));
#11693=SURFACE_SIDE_STYLE('',(#12230));
#11694=SURFACE_SIDE_STYLE('',(#12231));
#11695=SURFACE_SIDE_STYLE('',(#12232));
#11696=SURFACE_SIDE_STYLE('',(#12233));
#11697=SURFACE_SIDE_STYLE('',(#12234));
#11698=SURFACE_SIDE_STYLE('',(#12235));
#11699=SURFACE_SIDE_STYLE('',(#12236));
#11700=SURFACE_SIDE_STYLE('',(#12237));
#11701=SURFACE_SIDE_STYLE('',(#12238));
#11702=SURFACE_SIDE_STYLE('',(#12239));
#11703=SURFACE_SIDE_STYLE('',(#12240));
#11704=SURFACE_SIDE_STYLE('',(#12241));
#11705=SURFACE_SIDE_STYLE('',(#12242));
#11706=SURFACE_SIDE_STYLE('',(#12243));
#11707=SURFACE_SIDE_STYLE('',(#12244));
#11708=SURFACE_SIDE_STYLE('',(#12245));
#11709=SURFACE_SIDE_STYLE('',(#12246));
#11710=SURFACE_SIDE_STYLE('',(#12247));
#11711=SURFACE_SIDE_STYLE('',(#12248));
#11712=SURFACE_SIDE_STYLE('',(#12249));
#11713=SURFACE_SIDE_STYLE('',(#12250));
#11714=SURFACE_SIDE_STYLE('',(#12251));
#11715=SURFACE_SIDE_STYLE('',(#12252));
#11716=SURFACE_SIDE_STYLE('',(#12253));
#11717=SURFACE_SIDE_STYLE('',(#12254));
#11718=SURFACE_SIDE_STYLE('',(#12255));
#11719=SURFACE_SIDE_STYLE('',(#12256));
#11720=SURFACE_SIDE_STYLE('',(#12257));
#11721=SURFACE_SIDE_STYLE('',(#12258));
#11722=SURFACE_SIDE_STYLE('',(#12259));
#11723=SURFACE_SIDE_STYLE('',(#12260));
#11724=SURFACE_SIDE_STYLE('',(#12261));
#11725=SURFACE_SIDE_STYLE('',(#12262));
#11726=SURFACE_SIDE_STYLE('',(#12263));
#11727=SURFACE_SIDE_STYLE('',(#12264));
#11728=SURFACE_SIDE_STYLE('',(#12265));
#11729=SURFACE_SIDE_STYLE('',(#12266));
#11730=SURFACE_SIDE_STYLE('',(#12267));
#11731=SURFACE_SIDE_STYLE('',(#12268));
#11732=SURFACE_SIDE_STYLE('',(#12269));
#11733=SURFACE_SIDE_STYLE('',(#12270));
#11734=SURFACE_SIDE_STYLE('',(#12271));
#11735=SURFACE_SIDE_STYLE('',(#12272));
#11736=SURFACE_SIDE_STYLE('',(#12273));
#11737=SURFACE_SIDE_STYLE('',(#12274));
#11738=SURFACE_SIDE_STYLE('',(#12275));
#11739=SURFACE_SIDE_STYLE('',(#12276));
#11740=SURFACE_SIDE_STYLE('',(#12277));
#11741=SURFACE_SIDE_STYLE('',(#12278));
#11742=SURFACE_SIDE_STYLE('',(#12279));
#11743=SURFACE_SIDE_STYLE('',(#12280));
#11744=SURFACE_SIDE_STYLE('',(#12281));
#11745=SURFACE_SIDE_STYLE('',(#12282));
#11746=SURFACE_SIDE_STYLE('',(#12283));
#11747=SURFACE_SIDE_STYLE('',(#12284));
#11748=SURFACE_SIDE_STYLE('',(#12285));
#11749=SURFACE_SIDE_STYLE('',(#12286));
#11750=SURFACE_SIDE_STYLE('',(#12287));
#11751=SURFACE_SIDE_STYLE('',(#12288));
#11752=SURFACE_SIDE_STYLE('',(#12289));
#11753=SURFACE_SIDE_STYLE('',(#12290));
#11754=SURFACE_SIDE_STYLE('',(#12291));
#11755=SURFACE_SIDE_STYLE('',(#12292));
#11756=SURFACE_SIDE_STYLE('',(#12293));
#11757=SURFACE_SIDE_STYLE('',(#12294));
#11758=SURFACE_SIDE_STYLE('',(#12295));
#11759=SURFACE_SIDE_STYLE('',(#12296));
#11760=SURFACE_SIDE_STYLE('',(#12297));
#11761=SURFACE_SIDE_STYLE('',(#12298));
#11762=SURFACE_SIDE_STYLE('',(#12299));
#11763=SURFACE_SIDE_STYLE('',(#12300));
#11764=SURFACE_SIDE_STYLE('',(#12301));
#11765=SURFACE_SIDE_STYLE('',(#12302));
#11766=SURFACE_SIDE_STYLE('',(#12303));
#11767=SURFACE_SIDE_STYLE('',(#12304));
#11768=SURFACE_SIDE_STYLE('',(#12305));
#11769=SURFACE_SIDE_STYLE('',(#12306));
#11770=SURFACE_SIDE_STYLE('',(#12307));
#11771=SURFACE_SIDE_STYLE('',(#12308));
#11772=SURFACE_SIDE_STYLE('',(#12309));
#11773=SURFACE_SIDE_STYLE('',(#12310));
#11774=SURFACE_SIDE_STYLE('',(#12311));
#11775=SURFACE_SIDE_STYLE('',(#12312));
#11776=SURFACE_SIDE_STYLE('',(#12313));
#11777=SURFACE_SIDE_STYLE('',(#12314));
#11778=SURFACE_SIDE_STYLE('',(#12315));
#11779=SURFACE_SIDE_STYLE('',(#12316));
#11780=SURFACE_SIDE_STYLE('',(#12317));
#11781=SURFACE_SIDE_STYLE('',(#12318));
#11782=SURFACE_SIDE_STYLE('',(#12319));
#11783=SURFACE_SIDE_STYLE('',(#12320));
#11784=SURFACE_SIDE_STYLE('',(#12321));
#11785=SURFACE_SIDE_STYLE('',(#12322));
#11786=SURFACE_SIDE_STYLE('',(#12323));
#11787=SURFACE_SIDE_STYLE('',(#12324));
#11788=SURFACE_SIDE_STYLE('',(#12325));
#11789=SURFACE_SIDE_STYLE('',(#12326));
#11790=SURFACE_SIDE_STYLE('',(#12327));
#11791=SURFACE_SIDE_STYLE('',(#12328));
#11792=SURFACE_SIDE_STYLE('',(#12329));
#11793=SURFACE_SIDE_STYLE('',(#12330));
#11794=SURFACE_SIDE_STYLE('',(#12331));
#11795=SURFACE_SIDE_STYLE('',(#12332));
#11796=SURFACE_SIDE_STYLE('',(#12333));
#11797=SURFACE_SIDE_STYLE('',(#12334));
#11798=SURFACE_SIDE_STYLE('',(#12335));
#11799=SURFACE_SIDE_STYLE('',(#12336));
#11800=SURFACE_SIDE_STYLE('',(#12337));
#11801=SURFACE_SIDE_STYLE('',(#12338));
#11802=SURFACE_SIDE_STYLE('',(#12339));
#11803=SURFACE_SIDE_STYLE('',(#12340));
#11804=SURFACE_SIDE_STYLE('',(#12341));
#11805=SURFACE_SIDE_STYLE('',(#12342));
#11806=SURFACE_SIDE_STYLE('',(#12343));
#11807=SURFACE_SIDE_STYLE('',(#12344));
#11808=SURFACE_SIDE_STYLE('',(#12345));
#11809=SURFACE_SIDE_STYLE('',(#12346));
#11810=SURFACE_SIDE_STYLE('',(#12347));
#11811=SURFACE_SIDE_STYLE('',(#12348));
#11812=SURFACE_SIDE_STYLE('',(#12349));
#11813=SURFACE_SIDE_STYLE('',(#12350));
#11814=SURFACE_SIDE_STYLE('',(#12351));
#11815=SURFACE_SIDE_STYLE('',(#12352));
#11816=SURFACE_SIDE_STYLE('',(#12353));
#11817=SURFACE_SIDE_STYLE('',(#12354));
#11818=SURFACE_SIDE_STYLE('',(#12355));
#11819=SURFACE_SIDE_STYLE('',(#12356));
#11820=SURFACE_SIDE_STYLE('',(#12357));
#11821=SURFACE_SIDE_STYLE('',(#12358));
#11822=SURFACE_SIDE_STYLE('',(#12359));
#11823=SURFACE_SIDE_STYLE('',(#12360));
#11824=SURFACE_SIDE_STYLE('',(#12361));
#11825=SURFACE_SIDE_STYLE('',(#12362));
#11826=SURFACE_SIDE_STYLE('',(#12363));
#11827=SURFACE_SIDE_STYLE('',(#12364));
#11828=SURFACE_SIDE_STYLE('',(#12365));
#11829=SURFACE_SIDE_STYLE('',(#12366));
#11830=SURFACE_SIDE_STYLE('',(#12367));
#11831=SURFACE_SIDE_STYLE('',(#12368));
#11832=SURFACE_SIDE_STYLE('',(#12369));
#11833=SURFACE_SIDE_STYLE('',(#12370));
#11834=SURFACE_SIDE_STYLE('',(#12371));
#11835=SURFACE_SIDE_STYLE('',(#12372));
#11836=SURFACE_SIDE_STYLE('',(#12373));
#11837=SURFACE_SIDE_STYLE('',(#12374));
#11838=SURFACE_SIDE_STYLE('',(#12375));
#11839=SURFACE_SIDE_STYLE('',(#12376));
#11840=SURFACE_SIDE_STYLE('',(#12377));
#11841=SURFACE_SIDE_STYLE('',(#12378));
#11842=SURFACE_SIDE_STYLE('',(#12379));
#11843=SURFACE_SIDE_STYLE('',(#12380));
#11844=SURFACE_SIDE_STYLE('',(#12381));
#11845=SURFACE_SIDE_STYLE('',(#12382));
#11846=SURFACE_SIDE_STYLE('',(#12383));
#11847=SURFACE_SIDE_STYLE('',(#12384));
#11848=SURFACE_SIDE_STYLE('',(#12385));
#11849=SURFACE_SIDE_STYLE('',(#12386));
#11850=SURFACE_SIDE_STYLE('',(#12387));
#11851=SURFACE_SIDE_STYLE('',(#12388));
#11852=SURFACE_SIDE_STYLE('',(#12389));
#11853=SURFACE_SIDE_STYLE('',(#12390));
#11854=SURFACE_SIDE_STYLE('',(#12391));
#11855=SURFACE_SIDE_STYLE('',(#12392));
#11856=SURFACE_SIDE_STYLE('',(#12393));
#11857=SURFACE_SIDE_STYLE('',(#12394));
#11858=SURFACE_SIDE_STYLE('',(#12395));
#11859=SURFACE_SIDE_STYLE('',(#12396));
#11860=SURFACE_SIDE_STYLE('',(#12397));
#11861=SURFACE_SIDE_STYLE('',(#12398));
#11862=SURFACE_SIDE_STYLE('',(#12399));
#11863=SURFACE_SIDE_STYLE('',(#12400));
#11864=SURFACE_SIDE_STYLE('',(#12401));
#11865=SURFACE_SIDE_STYLE('',(#12402));
#11866=SURFACE_SIDE_STYLE('',(#12403));
#11867=SURFACE_SIDE_STYLE('',(#12404));
#11868=SURFACE_SIDE_STYLE('',(#12405));
#11869=SURFACE_SIDE_STYLE('',(#12406));
#11870=SURFACE_SIDE_STYLE('',(#12407));
#11871=SURFACE_SIDE_STYLE('',(#12408));
#11872=SURFACE_SIDE_STYLE('',(#12409));
#11873=SURFACE_SIDE_STYLE('',(#12410));
#11874=SURFACE_SIDE_STYLE('',(#12411));
#11875=SURFACE_SIDE_STYLE('',(#12412));
#11876=SURFACE_SIDE_STYLE('',(#12413));
#11877=SURFACE_SIDE_STYLE('',(#12414));
#11878=SURFACE_SIDE_STYLE('',(#12415));
#11879=SURFACE_SIDE_STYLE('',(#12416));
#11880=SURFACE_SIDE_STYLE('',(#12417));
#11881=SURFACE_SIDE_STYLE('',(#12418));
#11882=SURFACE_SIDE_STYLE('',(#12419));
#11883=SURFACE_SIDE_STYLE('',(#12420));
#11884=SURFACE_SIDE_STYLE('',(#12421));
#11885=SURFACE_SIDE_STYLE('',(#12422));
#11886=SURFACE_SIDE_STYLE('',(#12423));
#11887=SURFACE_SIDE_STYLE('',(#12424));
#11888=SURFACE_SIDE_STYLE('',(#12425));
#11889=SURFACE_SIDE_STYLE('',(#12426));
#11890=SURFACE_SIDE_STYLE('',(#12427));
#11891=SURFACE_SIDE_STYLE('',(#12428));
#11892=SURFACE_SIDE_STYLE('',(#12429));
#11893=SURFACE_SIDE_STYLE('',(#12430));
#11894=SURFACE_SIDE_STYLE('',(#12431));
#11895=SURFACE_SIDE_STYLE('',(#12432));
#11896=SURFACE_SIDE_STYLE('',(#12433));
#11897=SURFACE_SIDE_STYLE('',(#12434));
#11898=SURFACE_SIDE_STYLE('',(#12435));
#11899=SURFACE_SIDE_STYLE('',(#12436));
#11900=SURFACE_SIDE_STYLE('',(#12437));
#11901=SURFACE_SIDE_STYLE('',(#12438));
#11902=SURFACE_SIDE_STYLE('',(#12439));
#11903=SURFACE_SIDE_STYLE('',(#12440));
#11904=SURFACE_SIDE_STYLE('',(#12441));
#11905=SURFACE_SIDE_STYLE('',(#12442));
#11906=SURFACE_SIDE_STYLE('',(#12443));
#11907=SURFACE_SIDE_STYLE('',(#12444));
#11908=SURFACE_SIDE_STYLE('',(#12445));
#11909=SURFACE_SIDE_STYLE('',(#12446));
#11910=SURFACE_SIDE_STYLE('',(#12447));
#11911=SURFACE_SIDE_STYLE('',(#12448));
#11912=SURFACE_SIDE_STYLE('',(#12449));
#11913=SURFACE_SIDE_STYLE('',(#12450));
#11914=SURFACE_SIDE_STYLE('',(#12451));
#11915=SURFACE_SIDE_STYLE('',(#12452));
#11916=SURFACE_SIDE_STYLE('',(#12453));
#11917=SURFACE_SIDE_STYLE('',(#12454));
#11918=SURFACE_SIDE_STYLE('',(#12455));
#11919=SURFACE_SIDE_STYLE('',(#12456));
#11920=SURFACE_SIDE_STYLE('',(#12457));
#11921=SURFACE_SIDE_STYLE('',(#12458));
#11922=SURFACE_SIDE_STYLE('',(#12459));
#11923=SURFACE_SIDE_STYLE('',(#12460));
#11924=SURFACE_SIDE_STYLE('',(#12461));
#11925=SURFACE_SIDE_STYLE('',(#12462));
#11926=SURFACE_SIDE_STYLE('',(#12463));
#11927=SURFACE_SIDE_STYLE('',(#12464));
#11928=SURFACE_SIDE_STYLE('',(#12465));
#11929=SURFACE_SIDE_STYLE('',(#12466));
#11930=SURFACE_SIDE_STYLE('',(#12467));
#11931=SURFACE_SIDE_STYLE('',(#12468));
#11932=SURFACE_SIDE_STYLE('',(#12469));
#11933=SURFACE_SIDE_STYLE('',(#12470));
#11934=SURFACE_SIDE_STYLE('',(#12471));
#11935=SURFACE_SIDE_STYLE('',(#12472));
#11936=SURFACE_SIDE_STYLE('',(#12473));
#11937=SURFACE_SIDE_STYLE('',(#12474));
#11938=SURFACE_SIDE_STYLE('',(#12475));
#11939=SURFACE_SIDE_STYLE('',(#12476));
#11940=SURFACE_SIDE_STYLE('',(#12477));
#11941=SURFACE_SIDE_STYLE('',(#12478));
#11942=SURFACE_SIDE_STYLE('',(#12479));
#11943=SURFACE_SIDE_STYLE('',(#12480));
#11944=SURFACE_SIDE_STYLE('',(#12481));
#11945=SURFACE_SIDE_STYLE('',(#12482));
#11946=SURFACE_SIDE_STYLE('',(#12483));
#11947=SURFACE_SIDE_STYLE('',(#12484));
#11948=SURFACE_SIDE_STYLE('',(#12485));
#11949=SURFACE_SIDE_STYLE('',(#12486));
#11950=SURFACE_SIDE_STYLE('',(#12487));
#11951=SURFACE_SIDE_STYLE('',(#12488));
#11952=SURFACE_SIDE_STYLE('',(#12489));
#11953=SURFACE_SIDE_STYLE('',(#12490));
#11954=SURFACE_SIDE_STYLE('',(#12491));
#11955=SURFACE_SIDE_STYLE('',(#12492));
#11956=SURFACE_SIDE_STYLE('',(#12493));
#11957=SURFACE_SIDE_STYLE('',(#12494));
#11958=SURFACE_SIDE_STYLE('',(#12495));
#11959=SURFACE_SIDE_STYLE('',(#12496));
#11960=SURFACE_SIDE_STYLE('',(#12497));
#11961=SURFACE_SIDE_STYLE('',(#12498));
#11962=SURFACE_SIDE_STYLE('',(#12499));
#11963=SURFACE_SIDE_STYLE('',(#12500));
#11964=SURFACE_SIDE_STYLE('',(#12501));
#11965=SURFACE_SIDE_STYLE('',(#12502));
#11966=SURFACE_SIDE_STYLE('',(#12503));
#11967=SURFACE_SIDE_STYLE('',(#12504));
#11968=SURFACE_SIDE_STYLE('',(#12505));
#11969=SURFACE_SIDE_STYLE('',(#12506));
#11970=SURFACE_SIDE_STYLE('',(#12507));
#11971=SURFACE_SIDE_STYLE('',(#12508));
#11972=SURFACE_SIDE_STYLE('',(#12509));
#11973=SURFACE_SIDE_STYLE('',(#12510));
#11974=SURFACE_SIDE_STYLE('',(#12511));
#11975=SURFACE_SIDE_STYLE('',(#12512));
#11976=SURFACE_SIDE_STYLE('',(#12513));
#11977=SURFACE_SIDE_STYLE('',(#12514));
#11978=SURFACE_SIDE_STYLE('',(#12515));
#11979=SURFACE_SIDE_STYLE('',(#12516));
#11980=SURFACE_SIDE_STYLE('',(#12517));
#11981=SURFACE_SIDE_STYLE('',(#12518));
#11982=SURFACE_SIDE_STYLE('',(#12519));
#11983=SURFACE_SIDE_STYLE('',(#12520));
#11984=SURFACE_SIDE_STYLE('',(#12521));
#11985=SURFACE_SIDE_STYLE('',(#12522));
#11986=SURFACE_SIDE_STYLE('',(#12523));
#11987=SURFACE_SIDE_STYLE('',(#12524));
#11988=SURFACE_SIDE_STYLE('',(#12525));
#11989=SURFACE_SIDE_STYLE('',(#12526));
#11990=SURFACE_SIDE_STYLE('',(#12527));
#11991=SURFACE_SIDE_STYLE('',(#12528));
#11992=SURFACE_SIDE_STYLE('',(#12529));
#11993=SURFACE_SIDE_STYLE('',(#12530));
#11994=SURFACE_SIDE_STYLE('',(#12531));
#11995=SURFACE_SIDE_STYLE('',(#12532));
#11996=SURFACE_SIDE_STYLE('',(#12533));
#11997=SURFACE_SIDE_STYLE('',(#12534));
#11998=SURFACE_SIDE_STYLE('',(#12535));
#11999=SURFACE_SIDE_STYLE('',(#12536));
#12000=SURFACE_SIDE_STYLE('',(#12537));
#12001=SURFACE_SIDE_STYLE('',(#12538));
#12002=SURFACE_SIDE_STYLE('',(#12539));
#12003=SURFACE_SIDE_STYLE('',(#12540));
#12004=SURFACE_SIDE_STYLE('',(#12541));
#12005=SURFACE_SIDE_STYLE('',(#12542));
#12006=SURFACE_SIDE_STYLE('',(#12543));
#12007=SURFACE_SIDE_STYLE('',(#12544));
#12008=SURFACE_SIDE_STYLE('',(#12545));
#12009=SURFACE_SIDE_STYLE('',(#12546));
#12010=SURFACE_SIDE_STYLE('',(#12547));
#12011=SURFACE_SIDE_STYLE('',(#12548));
#12012=SURFACE_SIDE_STYLE('',(#12549));
#12013=SURFACE_SIDE_STYLE('',(#12550));
#12014=SURFACE_SIDE_STYLE('',(#12551));
#12015=SURFACE_SIDE_STYLE('',(#12552));
#12016=SURFACE_SIDE_STYLE('',(#12553));
#12017=SURFACE_SIDE_STYLE('',(#12554));
#12018=SURFACE_SIDE_STYLE('',(#12555));
#12019=SURFACE_SIDE_STYLE('',(#12556));
#12020=SURFACE_SIDE_STYLE('',(#12557));
#12021=SURFACE_SIDE_STYLE('',(#12558));
#12022=SURFACE_SIDE_STYLE('',(#12559));
#12023=SURFACE_SIDE_STYLE('',(#12560));
#12024=SURFACE_SIDE_STYLE('',(#12561));
#12025=SURFACE_SIDE_STYLE('',(#12562));
#12026=SURFACE_SIDE_STYLE('',(#12563));
#12027=SURFACE_SIDE_STYLE('',(#12564));
#12028=SURFACE_SIDE_STYLE('',(#12565));
#12029=SURFACE_SIDE_STYLE('',(#12566));
#12030=SURFACE_SIDE_STYLE('',(#12567));
#12031=SURFACE_SIDE_STYLE('',(#12568));
#12032=SURFACE_SIDE_STYLE('',(#12569));
#12033=SURFACE_SIDE_STYLE('',(#12570));
#12034=SURFACE_SIDE_STYLE('',(#12571));
#12035=SURFACE_SIDE_STYLE('',(#12572));
#12036=SURFACE_SIDE_STYLE('',(#12573));
#12037=SURFACE_SIDE_STYLE('',(#12574));
#12038=SURFACE_SIDE_STYLE('',(#12575));
#12039=SURFACE_SIDE_STYLE('',(#12576));
#12040=SURFACE_SIDE_STYLE('',(#12577));
#12041=SURFACE_SIDE_STYLE('',(#12578));
#12042=SURFACE_SIDE_STYLE('',(#12579));
#12043=SURFACE_SIDE_STYLE('',(#12580));
#12044=SURFACE_SIDE_STYLE('',(#12581));
#12045=SURFACE_SIDE_STYLE('',(#12582));
#12046=SURFACE_SIDE_STYLE('',(#12583));
#12047=SURFACE_SIDE_STYLE('',(#12584));
#12048=SURFACE_SIDE_STYLE('',(#12585));
#12049=SURFACE_SIDE_STYLE('',(#12586));
#12050=SURFACE_SIDE_STYLE('',(#12587));
#12051=SURFACE_SIDE_STYLE('',(#12588));
#12052=SURFACE_SIDE_STYLE('',(#12589));
#12053=SURFACE_SIDE_STYLE('',(#12590));
#12054=SURFACE_SIDE_STYLE('',(#12591));
#12055=SURFACE_SIDE_STYLE('',(#12592));
#12056=SURFACE_SIDE_STYLE('',(#12593));
#12057=SURFACE_SIDE_STYLE('',(#12594));
#12058=SURFACE_SIDE_STYLE('',(#12595));
#12059=SURFACE_SIDE_STYLE('',(#12596));
#12060=SURFACE_SIDE_STYLE('',(#12597));
#12061=SURFACE_SIDE_STYLE('',(#12598));
#12062=SURFACE_SIDE_STYLE('',(#12599));
#12063=SURFACE_SIDE_STYLE('',(#12600));
#12064=SURFACE_SIDE_STYLE('',(#12601));
#12065=SURFACE_SIDE_STYLE('',(#12602));
#12066=SURFACE_SIDE_STYLE('',(#12603));
#12067=SURFACE_SIDE_STYLE('',(#12604));
#12068=SURFACE_SIDE_STYLE('',(#12605));
#12069=SURFACE_SIDE_STYLE('',(#12606));
#12070=SURFACE_SIDE_STYLE('',(#12607));
#12071=SURFACE_SIDE_STYLE('',(#12608));
#12072=SURFACE_SIDE_STYLE('',(#12609));
#12073=SURFACE_SIDE_STYLE('',(#12610));
#12074=SURFACE_SIDE_STYLE('',(#12611));
#12075=SURFACE_SIDE_STYLE('',(#12612));
#12076=SURFACE_SIDE_STYLE('',(#12613));
#12077=SURFACE_SIDE_STYLE('',(#12614));
#12078=SURFACE_SIDE_STYLE('',(#12615));
#12079=SURFACE_SIDE_STYLE('',(#12616));
#12080=SURFACE_SIDE_STYLE('',(#12617));
#12081=SURFACE_SIDE_STYLE('',(#12618));
#12082=SURFACE_SIDE_STYLE('',(#12619));
#12083=SURFACE_SIDE_STYLE('',(#12620));
#12084=SURFACE_SIDE_STYLE('',(#12621));
#12085=SURFACE_SIDE_STYLE('',(#12622));
#12086=SURFACE_SIDE_STYLE('',(#12623));
#12087=SURFACE_SIDE_STYLE('',(#12624));
#12088=SURFACE_SIDE_STYLE('',(#12625));
#12089=SURFACE_SIDE_STYLE('',(#12626));
#12090=SURFACE_SIDE_STYLE('',(#12627));
#12091=SURFACE_SIDE_STYLE('',(#12628));
#12092=SURFACE_SIDE_STYLE('',(#12629));
#12093=SURFACE_SIDE_STYLE('',(#12630));
#12094=SURFACE_SIDE_STYLE('',(#12631));
#12095=SURFACE_SIDE_STYLE('',(#12632));
#12096=SURFACE_SIDE_STYLE('',(#12633));
#12097=SURFACE_SIDE_STYLE('',(#12634));
#12098=SURFACE_SIDE_STYLE('',(#12635));
#12099=SURFACE_SIDE_STYLE('',(#12636));
#12100=SURFACE_SIDE_STYLE('',(#12637));
#12101=SURFACE_SIDE_STYLE('',(#12638));
#12102=SURFACE_SIDE_STYLE('',(#12639));
#12103=SURFACE_SIDE_STYLE('',(#12640));
#12104=SURFACE_SIDE_STYLE('',(#12641));
#12105=SURFACE_SIDE_STYLE('',(#12642));
#12106=SURFACE_SIDE_STYLE('',(#12643));
#12107=SURFACE_SIDE_STYLE('',(#12644));
#12108=SURFACE_SIDE_STYLE('',(#12645));
#12109=SURFACE_SIDE_STYLE('',(#12646));
#12110=SURFACE_SIDE_STYLE('',(#12647));
#12111=SURFACE_SIDE_STYLE('',(#12648));
#12112=SURFACE_SIDE_STYLE('',(#12649));
#12113=SURFACE_SIDE_STYLE('',(#12650));
#12114=SURFACE_SIDE_STYLE('',(#12651));
#12115=SURFACE_SIDE_STYLE('',(#12652));
#12116=SURFACE_SIDE_STYLE('',(#12653));
#12117=SURFACE_SIDE_STYLE('',(#12654));
#12118=SURFACE_SIDE_STYLE('',(#12655));
#12119=SURFACE_SIDE_STYLE('',(#12656));
#12120=SURFACE_SIDE_STYLE('',(#12657));
#12121=SURFACE_SIDE_STYLE('',(#12658));
#12122=SURFACE_SIDE_STYLE('',(#12659));
#12123=SURFACE_SIDE_STYLE('',(#12660));
#12124=SURFACE_SIDE_STYLE('',(#12661));
#12125=SURFACE_SIDE_STYLE('',(#12662));
#12126=SURFACE_SIDE_STYLE('',(#12663));
#12127=SURFACE_SIDE_STYLE('',(#12664));
#12128=SURFACE_SIDE_STYLE('',(#12665));
#12129=SURFACE_SIDE_STYLE('',(#12666));
#12130=SURFACE_SIDE_STYLE('',(#12667));
#12131=SURFACE_SIDE_STYLE('',(#12668));
#12132=SURFACE_SIDE_STYLE('',(#12669));
#12133=SURFACE_SIDE_STYLE('',(#12670));
#12134=SURFACE_SIDE_STYLE('',(#12671));
#12135=SURFACE_SIDE_STYLE('',(#12672));
#12136=SURFACE_SIDE_STYLE('',(#12673));
#12137=SURFACE_SIDE_STYLE('',(#12674));
#12138=SURFACE_SIDE_STYLE('',(#12675));
#12139=SURFACE_SIDE_STYLE('',(#12676));
#12140=SURFACE_SIDE_STYLE('',(#12677));
#12141=SURFACE_SIDE_STYLE('',(#12678));
#12142=SURFACE_SIDE_STYLE('',(#12679));
#12143=SURFACE_SIDE_STYLE('',(#12680));
#12144=SURFACE_SIDE_STYLE('',(#12681));
#12145=SURFACE_SIDE_STYLE('',(#12682));
#12146=SURFACE_SIDE_STYLE('',(#12683));
#12147=SURFACE_STYLE_FILL_AREA(#12684);
#12148=SURFACE_STYLE_FILL_AREA(#12685);
#12149=SURFACE_STYLE_FILL_AREA(#12686);
#12150=SURFACE_STYLE_FILL_AREA(#12687);
#12151=SURFACE_STYLE_FILL_AREA(#12688);
#12152=SURFACE_STYLE_FILL_AREA(#12689);
#12153=SURFACE_STYLE_FILL_AREA(#12690);
#12154=SURFACE_STYLE_FILL_AREA(#12691);
#12155=SURFACE_STYLE_FILL_AREA(#12692);
#12156=SURFACE_STYLE_FILL_AREA(#12693);
#12157=SURFACE_STYLE_FILL_AREA(#12694);
#12158=SURFACE_STYLE_FILL_AREA(#12695);
#12159=SURFACE_STYLE_FILL_AREA(#12696);
#12160=SURFACE_STYLE_FILL_AREA(#12697);
#12161=SURFACE_STYLE_FILL_AREA(#12698);
#12162=SURFACE_STYLE_FILL_AREA(#12699);
#12163=SURFACE_STYLE_FILL_AREA(#12700);
#12164=SURFACE_STYLE_FILL_AREA(#12701);
#12165=SURFACE_STYLE_FILL_AREA(#12702);
#12166=SURFACE_STYLE_FILL_AREA(#12703);
#12167=SURFACE_STYLE_FILL_AREA(#12704);
#12168=SURFACE_STYLE_FILL_AREA(#12705);
#12169=SURFACE_STYLE_FILL_AREA(#12706);
#12170=SURFACE_STYLE_FILL_AREA(#12707);
#12171=SURFACE_STYLE_FILL_AREA(#12708);
#12172=SURFACE_STYLE_FILL_AREA(#12709);
#12173=SURFACE_STYLE_FILL_AREA(#12710);
#12174=SURFACE_STYLE_FILL_AREA(#12711);
#12175=SURFACE_STYLE_FILL_AREA(#12712);
#12176=SURFACE_STYLE_FILL_AREA(#12713);
#12177=SURFACE_STYLE_FILL_AREA(#12714);
#12178=SURFACE_STYLE_FILL_AREA(#12715);
#12179=SURFACE_STYLE_FILL_AREA(#12716);
#12180=SURFACE_STYLE_FILL_AREA(#12717);
#12181=SURFACE_STYLE_FILL_AREA(#12718);
#12182=SURFACE_STYLE_FILL_AREA(#12719);
#12183=SURFACE_STYLE_FILL_AREA(#12720);
#12184=SURFACE_STYLE_FILL_AREA(#12721);
#12185=SURFACE_STYLE_FILL_AREA(#12722);
#12186=SURFACE_STYLE_FILL_AREA(#12723);
#12187=SURFACE_STYLE_FILL_AREA(#12724);
#12188=SURFACE_STYLE_FILL_AREA(#12725);
#12189=SURFACE_STYLE_FILL_AREA(#12726);
#12190=SURFACE_STYLE_FILL_AREA(#12727);
#12191=SURFACE_STYLE_FILL_AREA(#12728);
#12192=SURFACE_STYLE_FILL_AREA(#12729);
#12193=SURFACE_STYLE_FILL_AREA(#12730);
#12194=SURFACE_STYLE_FILL_AREA(#12731);
#12195=SURFACE_STYLE_FILL_AREA(#12732);
#12196=SURFACE_STYLE_FILL_AREA(#12733);
#12197=SURFACE_STYLE_FILL_AREA(#12734);
#12198=SURFACE_STYLE_FILL_AREA(#12735);
#12199=SURFACE_STYLE_FILL_AREA(#12736);
#12200=SURFACE_STYLE_FILL_AREA(#12737);
#12201=SURFACE_STYLE_FILL_AREA(#12738);
#12202=SURFACE_STYLE_FILL_AREA(#12739);
#12203=SURFACE_STYLE_FILL_AREA(#12740);
#12204=SURFACE_STYLE_FILL_AREA(#12741);
#12205=SURFACE_STYLE_FILL_AREA(#12742);
#12206=SURFACE_STYLE_FILL_AREA(#12743);
#12207=SURFACE_STYLE_FILL_AREA(#12744);
#12208=SURFACE_STYLE_FILL_AREA(#12745);
#12209=SURFACE_STYLE_FILL_AREA(#12746);
#12210=SURFACE_STYLE_FILL_AREA(#12747);
#12211=SURFACE_STYLE_FILL_AREA(#12748);
#12212=SURFACE_STYLE_FILL_AREA(#12749);
#12213=SURFACE_STYLE_FILL_AREA(#12750);
#12214=SURFACE_STYLE_FILL_AREA(#12751);
#12215=SURFACE_STYLE_FILL_AREA(#12752);
#12216=SURFACE_STYLE_FILL_AREA(#12753);
#12217=SURFACE_STYLE_FILL_AREA(#12754);
#12218=SURFACE_STYLE_FILL_AREA(#12755);
#12219=SURFACE_STYLE_FILL_AREA(#12756);
#12220=SURFACE_STYLE_FILL_AREA(#12757);
#12221=SURFACE_STYLE_FILL_AREA(#12758);
#12222=SURFACE_STYLE_FILL_AREA(#12759);
#12223=SURFACE_STYLE_FILL_AREA(#12760);
#12224=SURFACE_STYLE_FILL_AREA(#12761);
#12225=SURFACE_STYLE_FILL_AREA(#12762);
#12226=SURFACE_STYLE_FILL_AREA(#12763);
#12227=SURFACE_STYLE_FILL_AREA(#12764);
#12228=SURFACE_STYLE_FILL_AREA(#12765);
#12229=SURFACE_STYLE_FILL_AREA(#12766);
#12230=SURFACE_STYLE_FILL_AREA(#12767);
#12231=SURFACE_STYLE_FILL_AREA(#12768);
#12232=SURFACE_STYLE_FILL_AREA(#12769);
#12233=SURFACE_STYLE_FILL_AREA(#12770);
#12234=SURFACE_STYLE_FILL_AREA(#12771);
#12235=SURFACE_STYLE_FILL_AREA(#12772);
#12236=SURFACE_STYLE_FILL_AREA(#12773);
#12237=SURFACE_STYLE_FILL_AREA(#12774);
#12238=SURFACE_STYLE_FILL_AREA(#12775);
#12239=SURFACE_STYLE_FILL_AREA(#12776);
#12240=SURFACE_STYLE_FILL_AREA(#12777);
#12241=SURFACE_STYLE_FILL_AREA(#12778);
#12242=SURFACE_STYLE_FILL_AREA(#12779);
#12243=SURFACE_STYLE_FILL_AREA(#12780);
#12244=SURFACE_STYLE_FILL_AREA(#12781);
#12245=SURFACE_STYLE_FILL_AREA(#12782);
#12246=SURFACE_STYLE_FILL_AREA(#12783);
#12247=SURFACE_STYLE_FILL_AREA(#12784);
#12248=SURFACE_STYLE_FILL_AREA(#12785);
#12249=SURFACE_STYLE_FILL_AREA(#12786);
#12250=SURFACE_STYLE_FILL_AREA(#12787);
#12251=SURFACE_STYLE_FILL_AREA(#12788);
#12252=SURFACE_STYLE_FILL_AREA(#12789);
#12253=SURFACE_STYLE_FILL_AREA(#12790);
#12254=SURFACE_STYLE_FILL_AREA(#12791);
#12255=SURFACE_STYLE_FILL_AREA(#12792);
#12256=SURFACE_STYLE_FILL_AREA(#12793);
#12257=SURFACE_STYLE_FILL_AREA(#12794);
#12258=SURFACE_STYLE_FILL_AREA(#12795);
#12259=SURFACE_STYLE_FILL_AREA(#12796);
#12260=SURFACE_STYLE_FILL_AREA(#12797);
#12261=SURFACE_STYLE_FILL_AREA(#12798);
#12262=SURFACE_STYLE_FILL_AREA(#12799);
#12263=SURFACE_STYLE_FILL_AREA(#12800);
#12264=SURFACE_STYLE_FILL_AREA(#12801);
#12265=SURFACE_STYLE_FILL_AREA(#12802);
#12266=SURFACE_STYLE_FILL_AREA(#12803);
#12267=SURFACE_STYLE_FILL_AREA(#12804);
#12268=SURFACE_STYLE_FILL_AREA(#12805);
#12269=SURFACE_STYLE_FILL_AREA(#12806);
#12270=SURFACE_STYLE_FILL_AREA(#12807);
#12271=SURFACE_STYLE_FILL_AREA(#12808);
#12272=SURFACE_STYLE_FILL_AREA(#12809);
#12273=SURFACE_STYLE_FILL_AREA(#12810);
#12274=SURFACE_STYLE_FILL_AREA(#12811);
#12275=SURFACE_STYLE_FILL_AREA(#12812);
#12276=SURFACE_STYLE_FILL_AREA(#12813);
#12277=SURFACE_STYLE_FILL_AREA(#12814);
#12278=SURFACE_STYLE_FILL_AREA(#12815);
#12279=SURFACE_STYLE_FILL_AREA(#12816);
#12280=SURFACE_STYLE_FILL_AREA(#12817);
#12281=SURFACE_STYLE_FILL_AREA(#12818);
#12282=SURFACE_STYLE_FILL_AREA(#12819);
#12283=SURFACE_STYLE_FILL_AREA(#12820);
#12284=SURFACE_STYLE_FILL_AREA(#12821);
#12285=SURFACE_STYLE_FILL_AREA(#12822);
#12286=SURFACE_STYLE_FILL_AREA(#12823);
#12287=SURFACE_STYLE_FILL_AREA(#12824);
#12288=SURFACE_STYLE_FILL_AREA(#12825);
#12289=SURFACE_STYLE_FILL_AREA(#12826);
#12290=SURFACE_STYLE_FILL_AREA(#12827);
#12291=SURFACE_STYLE_FILL_AREA(#12828);
#12292=SURFACE_STYLE_FILL_AREA(#12829);
#12293=SURFACE_STYLE_FILL_AREA(#12830);
#12294=SURFACE_STYLE_FILL_AREA(#12831);
#12295=SURFACE_STYLE_FILL_AREA(#12832);
#12296=SURFACE_STYLE_FILL_AREA(#12833);
#12297=SURFACE_STYLE_FILL_AREA(#12834);
#12298=SURFACE_STYLE_FILL_AREA(#12835);
#12299=SURFACE_STYLE_FILL_AREA(#12836);
#12300=SURFACE_STYLE_FILL_AREA(#12837);
#12301=SURFACE_STYLE_FILL_AREA(#12838);
#12302=SURFACE_STYLE_FILL_AREA(#12839);
#12303=SURFACE_STYLE_FILL_AREA(#12840);
#12304=SURFACE_STYLE_FILL_AREA(#12841);
#12305=SURFACE_STYLE_FILL_AREA(#12842);
#12306=SURFACE_STYLE_FILL_AREA(#12843);
#12307=SURFACE_STYLE_FILL_AREA(#12844);
#12308=SURFACE_STYLE_FILL_AREA(#12845);
#12309=SURFACE_STYLE_FILL_AREA(#12846);
#12310=SURFACE_STYLE_FILL_AREA(#12847);
#12311=SURFACE_STYLE_FILL_AREA(#12848);
#12312=SURFACE_STYLE_FILL_AREA(#12849);
#12313=SURFACE_STYLE_FILL_AREA(#12850);
#12314=SURFACE_STYLE_FILL_AREA(#12851);
#12315=SURFACE_STYLE_FILL_AREA(#12852);
#12316=SURFACE_STYLE_FILL_AREA(#12853);
#12317=SURFACE_STYLE_FILL_AREA(#12854);
#12318=SURFACE_STYLE_FILL_AREA(#12855);
#12319=SURFACE_STYLE_FILL_AREA(#12856);
#12320=SURFACE_STYLE_FILL_AREA(#12857);
#12321=SURFACE_STYLE_FILL_AREA(#12858);
#12322=SURFACE_STYLE_FILL_AREA(#12859);
#12323=SURFACE_STYLE_FILL_AREA(#12860);
#12324=SURFACE_STYLE_FILL_AREA(#12861);
#12325=SURFACE_STYLE_FILL_AREA(#12862);
#12326=SURFACE_STYLE_FILL_AREA(#12863);
#12327=SURFACE_STYLE_FILL_AREA(#12864);
#12328=SURFACE_STYLE_FILL_AREA(#12865);
#12329=SURFACE_STYLE_FILL_AREA(#12866);
#12330=SURFACE_STYLE_FILL_AREA(#12867);
#12331=SURFACE_STYLE_FILL_AREA(#12868);
#12332=SURFACE_STYLE_FILL_AREA(#12869);
#12333=SURFACE_STYLE_FILL_AREA(#12870);
#12334=SURFACE_STYLE_FILL_AREA(#12871);
#12335=SURFACE_STYLE_FILL_AREA(#12872);
#12336=SURFACE_STYLE_FILL_AREA(#12873);
#12337=SURFACE_STYLE_FILL_AREA(#12874);
#12338=SURFACE_STYLE_FILL_AREA(#12875);
#12339=SURFACE_STYLE_FILL_AREA(#12876);
#12340=SURFACE_STYLE_FILL_AREA(#12877);
#12341=SURFACE_STYLE_FILL_AREA(#12878);
#12342=SURFACE_STYLE_FILL_AREA(#12879);
#12343=SURFACE_STYLE_FILL_AREA(#12880);
#12344=SURFACE_STYLE_FILL_AREA(#12881);
#12345=SURFACE_STYLE_FILL_AREA(#12882);
#12346=SURFACE_STYLE_FILL_AREA(#12883);
#12347=SURFACE_STYLE_FILL_AREA(#12884);
#12348=SURFACE_STYLE_FILL_AREA(#12885);
#12349=SURFACE_STYLE_FILL_AREA(#12886);
#12350=SURFACE_STYLE_FILL_AREA(#12887);
#12351=SURFACE_STYLE_FILL_AREA(#12888);
#12352=SURFACE_STYLE_FILL_AREA(#12889);
#12353=SURFACE_STYLE_FILL_AREA(#12890);
#12354=SURFACE_STYLE_FILL_AREA(#12891);
#12355=SURFACE_STYLE_FILL_AREA(#12892);
#12356=SURFACE_STYLE_FILL_AREA(#12893);
#12357=SURFACE_STYLE_FILL_AREA(#12894);
#12358=SURFACE_STYLE_FILL_AREA(#12895);
#12359=SURFACE_STYLE_FILL_AREA(#12896);
#12360=SURFACE_STYLE_FILL_AREA(#12897);
#12361=SURFACE_STYLE_FILL_AREA(#12898);
#12362=SURFACE_STYLE_FILL_AREA(#12899);
#12363=SURFACE_STYLE_FILL_AREA(#12900);
#12364=SURFACE_STYLE_FILL_AREA(#12901);
#12365=SURFACE_STYLE_FILL_AREA(#12902);
#12366=SURFACE_STYLE_FILL_AREA(#12903);
#12367=SURFACE_STYLE_FILL_AREA(#12904);
#12368=SURFACE_STYLE_FILL_AREA(#12905);
#12369=SURFACE_STYLE_FILL_AREA(#12906);
#12370=SURFACE_STYLE_FILL_AREA(#12907);
#12371=SURFACE_STYLE_FILL_AREA(#12908);
#12372=SURFACE_STYLE_FILL_AREA(#12909);
#12373=SURFACE_STYLE_FILL_AREA(#12910);
#12374=SURFACE_STYLE_FILL_AREA(#12911);
#12375=SURFACE_STYLE_FILL_AREA(#12912);
#12376=SURFACE_STYLE_FILL_AREA(#12913);
#12377=SURFACE_STYLE_FILL_AREA(#12914);
#12378=SURFACE_STYLE_FILL_AREA(#12915);
#12379=SURFACE_STYLE_FILL_AREA(#12916);
#12380=SURFACE_STYLE_FILL_AREA(#12917);
#12381=SURFACE_STYLE_FILL_AREA(#12918);
#12382=SURFACE_STYLE_FILL_AREA(#12919);
#12383=SURFACE_STYLE_FILL_AREA(#12920);
#12384=SURFACE_STYLE_FILL_AREA(#12921);
#12385=SURFACE_STYLE_FILL_AREA(#12922);
#12386=SURFACE_STYLE_FILL_AREA(#12923);
#12387=SURFACE_STYLE_FILL_AREA(#12924);
#12388=SURFACE_STYLE_FILL_AREA(#12925);
#12389=SURFACE_STYLE_FILL_AREA(#12926);
#12390=SURFACE_STYLE_FILL_AREA(#12927);
#12391=SURFACE_STYLE_FILL_AREA(#12928);
#12392=SURFACE_STYLE_FILL_AREA(#12929);
#12393=SURFACE_STYLE_FILL_AREA(#12930);
#12394=SURFACE_STYLE_FILL_AREA(#12931);
#12395=SURFACE_STYLE_FILL_AREA(#12932);
#12396=SURFACE_STYLE_FILL_AREA(#12933);
#12397=SURFACE_STYLE_FILL_AREA(#12934);
#12398=SURFACE_STYLE_FILL_AREA(#12935);
#12399=SURFACE_STYLE_FILL_AREA(#12936);
#12400=SURFACE_STYLE_FILL_AREA(#12937);
#12401=SURFACE_STYLE_FILL_AREA(#12938);
#12402=SURFACE_STYLE_FILL_AREA(#12939);
#12403=SURFACE_STYLE_FILL_AREA(#12940);
#12404=SURFACE_STYLE_FILL_AREA(#12941);
#12405=SURFACE_STYLE_FILL_AREA(#12942);
#12406=SURFACE_STYLE_FILL_AREA(#12943);
#12407=SURFACE_STYLE_FILL_AREA(#12944);
#12408=SURFACE_STYLE_FILL_AREA(#12945);
#12409=SURFACE_STYLE_FILL_AREA(#12946);
#12410=SURFACE_STYLE_FILL_AREA(#12947);
#12411=SURFACE_STYLE_FILL_AREA(#12948);
#12412=SURFACE_STYLE_FILL_AREA(#12949);
#12413=SURFACE_STYLE_FILL_AREA(#12950);
#12414=SURFACE_STYLE_FILL_AREA(#12951);
#12415=SURFACE_STYLE_FILL_AREA(#12952);
#12416=SURFACE_STYLE_FILL_AREA(#12953);
#12417=SURFACE_STYLE_FILL_AREA(#12954);
#12418=SURFACE_STYLE_FILL_AREA(#12955);
#12419=SURFACE_STYLE_FILL_AREA(#12956);
#12420=SURFACE_STYLE_FILL_AREA(#12957);
#12421=SURFACE_STYLE_FILL_AREA(#12958);
#12422=SURFACE_STYLE_FILL_AREA(#12959);
#12423=SURFACE_STYLE_FILL_AREA(#12960);
#12424=SURFACE_STYLE_FILL_AREA(#12961);
#12425=SURFACE_STYLE_FILL_AREA(#12962);
#12426=SURFACE_STYLE_FILL_AREA(#12963);
#12427=SURFACE_STYLE_FILL_AREA(#12964);
#12428=SURFACE_STYLE_FILL_AREA(#12965);
#12429=SURFACE_STYLE_FILL_AREA(#12966);
#12430=SURFACE_STYLE_FILL_AREA(#12967);
#12431=SURFACE_STYLE_FILL_AREA(#12968);
#12432=SURFACE_STYLE_FILL_AREA(#12969);
#12433=SURFACE_STYLE_FILL_AREA(#12970);
#12434=SURFACE_STYLE_FILL_AREA(#12971);
#12435=SURFACE_STYLE_FILL_AREA(#12972);
#12436=SURFACE_STYLE_FILL_AREA(#12973);
#12437=SURFACE_STYLE_FILL_AREA(#12974);
#12438=SURFACE_STYLE_FILL_AREA(#12975);
#12439=SURFACE_STYLE_FILL_AREA(#12976);
#12440=SURFACE_STYLE_FILL_AREA(#12977);
#12441=SURFACE_STYLE_FILL_AREA(#12978);
#12442=SURFACE_STYLE_FILL_AREA(#12979);
#12443=SURFACE_STYLE_FILL_AREA(#12980);
#12444=SURFACE_STYLE_FILL_AREA(#12981);
#12445=SURFACE_STYLE_FILL_AREA(#12982);
#12446=SURFACE_STYLE_FILL_AREA(#12983);
#12447=SURFACE_STYLE_FILL_AREA(#12984);
#12448=SURFACE_STYLE_FILL_AREA(#12985);
#12449=SURFACE_STYLE_FILL_AREA(#12986);
#12450=SURFACE_STYLE_FILL_AREA(#12987);
#12451=SURFACE_STYLE_FILL_AREA(#12988);
#12452=SURFACE_STYLE_FILL_AREA(#12989);
#12453=SURFACE_STYLE_FILL_AREA(#12990);
#12454=SURFACE_STYLE_FILL_AREA(#12991);
#12455=SURFACE_STYLE_FILL_AREA(#12992);
#12456=SURFACE_STYLE_FILL_AREA(#12993);
#12457=SURFACE_STYLE_FILL_AREA(#12994);
#12458=SURFACE_STYLE_FILL_AREA(#12995);
#12459=SURFACE_STYLE_FILL_AREA(#12996);
#12460=SURFACE_STYLE_FILL_AREA(#12997);
#12461=SURFACE_STYLE_FILL_AREA(#12998);
#12462=SURFACE_STYLE_FILL_AREA(#12999);
#12463=SURFACE_STYLE_FILL_AREA(#13000);
#12464=SURFACE_STYLE_FILL_AREA(#13001);
#12465=SURFACE_STYLE_FILL_AREA(#13002);
#12466=SURFACE_STYLE_FILL_AREA(#13003);
#12467=SURFACE_STYLE_FILL_AREA(#13004);
#12468=SURFACE_STYLE_FILL_AREA(#13005);
#12469=SURFACE_STYLE_FILL_AREA(#13006);
#12470=SURFACE_STYLE_FILL_AREA(#13007);
#12471=SURFACE_STYLE_FILL_AREA(#13008);
#12472=SURFACE_STYLE_FILL_AREA(#13009);
#12473=SURFACE_STYLE_FILL_AREA(#13010);
#12474=SURFACE_STYLE_FILL_AREA(#13011);
#12475=SURFACE_STYLE_FILL_AREA(#13012);
#12476=SURFACE_STYLE_FILL_AREA(#13013);
#12477=SURFACE_STYLE_FILL_AREA(#13014);
#12478=SURFACE_STYLE_FILL_AREA(#13015);
#12479=SURFACE_STYLE_FILL_AREA(#13016);
#12480=SURFACE_STYLE_FILL_AREA(#13017);
#12481=SURFACE_STYLE_FILL_AREA(#13018);
#12482=SURFACE_STYLE_FILL_AREA(#13019);
#12483=SURFACE_STYLE_FILL_AREA(#13020);
#12484=SURFACE_STYLE_FILL_AREA(#13021);
#12485=SURFACE_STYLE_FILL_AREA(#13022);
#12486=SURFACE_STYLE_FILL_AREA(#13023);
#12487=SURFACE_STYLE_FILL_AREA(#13024);
#12488=SURFACE_STYLE_FILL_AREA(#13025);
#12489=SURFACE_STYLE_FILL_AREA(#13026);
#12490=SURFACE_STYLE_FILL_AREA(#13027);
#12491=SURFACE_STYLE_FILL_AREA(#13028);
#12492=SURFACE_STYLE_FILL_AREA(#13029);
#12493=SURFACE_STYLE_FILL_AREA(#13030);
#12494=SURFACE_STYLE_FILL_AREA(#13031);
#12495=SURFACE_STYLE_FILL_AREA(#13032);
#12496=SURFACE_STYLE_FILL_AREA(#13033);
#12497=SURFACE_STYLE_FILL_AREA(#13034);
#12498=SURFACE_STYLE_FILL_AREA(#13035);
#12499=SURFACE_STYLE_FILL_AREA(#13036);
#12500=SURFACE_STYLE_FILL_AREA(#13037);
#12501=SURFACE_STYLE_FILL_AREA(#13038);
#12502=SURFACE_STYLE_FILL_AREA(#13039);
#12503=SURFACE_STYLE_FILL_AREA(#13040);
#12504=SURFACE_STYLE_FILL_AREA(#13041);
#12505=SURFACE_STYLE_FILL_AREA(#13042);
#12506=SURFACE_STYLE_FILL_AREA(#13043);
#12507=SURFACE_STYLE_FILL_AREA(#13044);
#12508=SURFACE_STYLE_FILL_AREA(#13045);
#12509=SURFACE_STYLE_FILL_AREA(#13046);
#12510=SURFACE_STYLE_FILL_AREA(#13047);
#12511=SURFACE_STYLE_FILL_AREA(#13048);
#12512=SURFACE_STYLE_FILL_AREA(#13049);
#12513=SURFACE_STYLE_FILL_AREA(#13050);
#12514=SURFACE_STYLE_FILL_AREA(#13051);
#12515=SURFACE_STYLE_FILL_AREA(#13052);
#12516=SURFACE_STYLE_FILL_AREA(#13053);
#12517=SURFACE_STYLE_FILL_AREA(#13054);
#12518=SURFACE_STYLE_FILL_AREA(#13055);
#12519=SURFACE_STYLE_FILL_AREA(#13056);
#12520=SURFACE_STYLE_FILL_AREA(#13057);
#12521=SURFACE_STYLE_FILL_AREA(#13058);
#12522=SURFACE_STYLE_FILL_AREA(#13059);
#12523=SURFACE_STYLE_FILL_AREA(#13060);
#12524=SURFACE_STYLE_FILL_AREA(#13061);
#12525=SURFACE_STYLE_FILL_AREA(#13062);
#12526=SURFACE_STYLE_FILL_AREA(#13063);
#12527=SURFACE_STYLE_FILL_AREA(#13064);
#12528=SURFACE_STYLE_FILL_AREA(#13065);
#12529=SURFACE_STYLE_FILL_AREA(#13066);
#12530=SURFACE_STYLE_FILL_AREA(#13067);
#12531=SURFACE_STYLE_FILL_AREA(#13068);
#12532=SURFACE_STYLE_FILL_AREA(#13069);
#12533=SURFACE_STYLE_FILL_AREA(#13070);
#12534=SURFACE_STYLE_FILL_AREA(#13071);
#12535=SURFACE_STYLE_FILL_AREA(#13072);
#12536=SURFACE_STYLE_FILL_AREA(#13073);
#12537=SURFACE_STYLE_FILL_AREA(#13074);
#12538=SURFACE_STYLE_FILL_AREA(#13075);
#12539=SURFACE_STYLE_FILL_AREA(#13076);
#12540=SURFACE_STYLE_FILL_AREA(#13077);
#12541=SURFACE_STYLE_FILL_AREA(#13078);
#12542=SURFACE_STYLE_FILL_AREA(#13079);
#12543=SURFACE_STYLE_FILL_AREA(#13080);
#12544=SURFACE_STYLE_FILL_AREA(#13081);
#12545=SURFACE_STYLE_FILL_AREA(#13082);
#12546=SURFACE_STYLE_FILL_AREA(#13083);
#12547=SURFACE_STYLE_FILL_AREA(#13084);
#12548=SURFACE_STYLE_FILL_AREA(#13085);
#12549=SURFACE_STYLE_FILL_AREA(#13086);
#12550=SURFACE_STYLE_FILL_AREA(#13087);
#12551=SURFACE_STYLE_FILL_AREA(#13088);
#12552=SURFACE_STYLE_FILL_AREA(#13089);
#12553=SURFACE_STYLE_FILL_AREA(#13090);
#12554=SURFACE_STYLE_FILL_AREA(#13091);
#12555=SURFACE_STYLE_FILL_AREA(#13092);
#12556=SURFACE_STYLE_FILL_AREA(#13093);
#12557=SURFACE_STYLE_FILL_AREA(#13094);
#12558=SURFACE_STYLE_FILL_AREA(#13095);
#12559=SURFACE_STYLE_FILL_AREA(#13096);
#12560=SURFACE_STYLE_FILL_AREA(#13097);
#12561=SURFACE_STYLE_FILL_AREA(#13098);
#12562=SURFACE_STYLE_FILL_AREA(#13099);
#12563=SURFACE_STYLE_FILL_AREA(#13100);
#12564=SURFACE_STYLE_FILL_AREA(#13101);
#12565=SURFACE_STYLE_FILL_AREA(#13102);
#12566=SURFACE_STYLE_FILL_AREA(#13103);
#12567=SURFACE_STYLE_FILL_AREA(#13104);
#12568=SURFACE_STYLE_FILL_AREA(#13105);
#12569=SURFACE_STYLE_FILL_AREA(#13106);
#12570=SURFACE_STYLE_FILL_AREA(#13107);
#12571=SURFACE_STYLE_FILL_AREA(#13108);
#12572=SURFACE_STYLE_FILL_AREA(#13109);
#12573=SURFACE_STYLE_FILL_AREA(#13110);
#12574=SURFACE_STYLE_FILL_AREA(#13111);
#12575=SURFACE_STYLE_FILL_AREA(#13112);
#12576=SURFACE_STYLE_FILL_AREA(#13113);
#12577=SURFACE_STYLE_FILL_AREA(#13114);
#12578=SURFACE_STYLE_FILL_AREA(#13115);
#12579=SURFACE_STYLE_FILL_AREA(#13116);
#12580=SURFACE_STYLE_FILL_AREA(#13117);
#12581=SURFACE_STYLE_FILL_AREA(#13118);
#12582=SURFACE_STYLE_FILL_AREA(#13119);
#12583=SURFACE_STYLE_FILL_AREA(#13120);
#12584=SURFACE_STYLE_FILL_AREA(#13121);
#12585=SURFACE_STYLE_FILL_AREA(#13122);
#12586=SURFACE_STYLE_FILL_AREA(#13123);
#12587=SURFACE_STYLE_FILL_AREA(#13124);
#12588=SURFACE_STYLE_FILL_AREA(#13125);
#12589=SURFACE_STYLE_FILL_AREA(#13126);
#12590=SURFACE_STYLE_FILL_AREA(#13127);
#12591=SURFACE_STYLE_FILL_AREA(#13128);
#12592=SURFACE_STYLE_FILL_AREA(#13129);
#12593=SURFACE_STYLE_FILL_AREA(#13130);
#12594=SURFACE_STYLE_FILL_AREA(#13131);
#12595=SURFACE_STYLE_FILL_AREA(#13132);
#12596=SURFACE_STYLE_FILL_AREA(#13133);
#12597=SURFACE_STYLE_FILL_AREA(#13134);
#12598=SURFACE_STYLE_FILL_AREA(#13135);
#12599=SURFACE_STYLE_FILL_AREA(#13136);
#12600=SURFACE_STYLE_FILL_AREA(#13137);
#12601=SURFACE_STYLE_FILL_AREA(#13138);
#12602=SURFACE_STYLE_FILL_AREA(#13139);
#12603=SURFACE_STYLE_FILL_AREA(#13140);
#12604=SURFACE_STYLE_FILL_AREA(#13141);
#12605=SURFACE_STYLE_FILL_AREA(#13142);
#12606=SURFACE_STYLE_FILL_AREA(#13143);
#12607=SURFACE_STYLE_FILL_AREA(#13144);
#12608=SURFACE_STYLE_FILL_AREA(#13145);
#12609=SURFACE_STYLE_FILL_AREA(#13146);
#12610=SURFACE_STYLE_FILL_AREA(#13147);
#12611=SURFACE_STYLE_FILL_AREA(#13148);
#12612=SURFACE_STYLE_FILL_AREA(#13149);
#12613=SURFACE_STYLE_FILL_AREA(#13150);
#12614=SURFACE_STYLE_FILL_AREA(#13151);
#12615=SURFACE_STYLE_FILL_AREA(#13152);
#12616=SURFACE_STYLE_FILL_AREA(#13153);
#12617=SURFACE_STYLE_FILL_AREA(#13154);
#12618=SURFACE_STYLE_FILL_AREA(#13155);
#12619=SURFACE_STYLE_FILL_AREA(#13156);
#12620=SURFACE_STYLE_FILL_AREA(#13157);
#12621=SURFACE_STYLE_FILL_AREA(#13158);
#12622=SURFACE_STYLE_FILL_AREA(#13159);
#12623=SURFACE_STYLE_FILL_AREA(#13160);
#12624=SURFACE_STYLE_FILL_AREA(#13161);
#12625=SURFACE_STYLE_FILL_AREA(#13162);
#12626=SURFACE_STYLE_FILL_AREA(#13163);
#12627=SURFACE_STYLE_FILL_AREA(#13164);
#12628=SURFACE_STYLE_FILL_AREA(#13165);
#12629=SURFACE_STYLE_FILL_AREA(#13166);
#12630=SURFACE_STYLE_FILL_AREA(#13167);
#12631=SURFACE_STYLE_FILL_AREA(#13168);
#12632=SURFACE_STYLE_FILL_AREA(#13169);
#12633=SURFACE_STYLE_FILL_AREA(#13170);
#12634=SURFACE_STYLE_FILL_AREA(#13171);
#12635=SURFACE_STYLE_FILL_AREA(#13172);
#12636=SURFACE_STYLE_FILL_AREA(#13173);
#12637=SURFACE_STYLE_FILL_AREA(#13174);
#12638=SURFACE_STYLE_FILL_AREA(#13175);
#12639=SURFACE_STYLE_FILL_AREA(#13176);
#12640=SURFACE_STYLE_FILL_AREA(#13177);
#12641=SURFACE_STYLE_FILL_AREA(#13178);
#12642=SURFACE_STYLE_FILL_AREA(#13179);
#12643=SURFACE_STYLE_FILL_AREA(#13180);
#12644=SURFACE_STYLE_FILL_AREA(#13181);
#12645=SURFACE_STYLE_FILL_AREA(#13182);
#12646=SURFACE_STYLE_FILL_AREA(#13183);
#12647=SURFACE_STYLE_FILL_AREA(#13184);
#12648=SURFACE_STYLE_FILL_AREA(#13185);
#12649=SURFACE_STYLE_FILL_AREA(#13186);
#12650=SURFACE_STYLE_FILL_AREA(#13187);
#12651=SURFACE_STYLE_FILL_AREA(#13188);
#12652=SURFACE_STYLE_FILL_AREA(#13189);
#12653=SURFACE_STYLE_FILL_AREA(#13190);
#12654=SURFACE_STYLE_FILL_AREA(#13191);
#12655=SURFACE_STYLE_FILL_AREA(#13192);
#12656=SURFACE_STYLE_FILL_AREA(#13193);
#12657=SURFACE_STYLE_FILL_AREA(#13194);
#12658=SURFACE_STYLE_FILL_AREA(#13195);
#12659=SURFACE_STYLE_FILL_AREA(#13196);
#12660=SURFACE_STYLE_FILL_AREA(#13197);
#12661=SURFACE_STYLE_FILL_AREA(#13198);
#12662=SURFACE_STYLE_FILL_AREA(#13199);
#12663=SURFACE_STYLE_FILL_AREA(#13200);
#12664=SURFACE_STYLE_FILL_AREA(#13201);
#12665=SURFACE_STYLE_FILL_AREA(#13202);
#12666=SURFACE_STYLE_FILL_AREA(#13203);
#12667=SURFACE_STYLE_FILL_AREA(#13204);
#12668=SURFACE_STYLE_FILL_AREA(#13205);
#12669=SURFACE_STYLE_FILL_AREA(#13206);
#12670=SURFACE_STYLE_FILL_AREA(#13207);
#12671=SURFACE_STYLE_FILL_AREA(#13208);
#12672=SURFACE_STYLE_FILL_AREA(#13209);
#12673=SURFACE_STYLE_FILL_AREA(#13210);
#12674=SURFACE_STYLE_FILL_AREA(#13211);
#12675=SURFACE_STYLE_FILL_AREA(#13212);
#12676=SURFACE_STYLE_FILL_AREA(#13213);
#12677=SURFACE_STYLE_FILL_AREA(#13214);
#12678=SURFACE_STYLE_FILL_AREA(#13215);
#12679=SURFACE_STYLE_FILL_AREA(#13216);
#12680=SURFACE_STYLE_FILL_AREA(#13217);
#12681=SURFACE_STYLE_FILL_AREA(#13218);
#12682=SURFACE_STYLE_FILL_AREA(#13219);
#12683=SURFACE_STYLE_FILL_AREA(#13220);
#12684=FILL_AREA_STYLE('',(#13221));
#12685=FILL_AREA_STYLE('',(#13222));
#12686=FILL_AREA_STYLE('',(#13223));
#12687=FILL_AREA_STYLE('',(#13224));
#12688=FILL_AREA_STYLE('',(#13225));
#12689=FILL_AREA_STYLE('',(#13226));
#12690=FILL_AREA_STYLE('',(#13227));
#12691=FILL_AREA_STYLE('',(#13228));
#12692=FILL_AREA_STYLE('',(#13229));
#12693=FILL_AREA_STYLE('',(#13230));
#12694=FILL_AREA_STYLE('',(#13231));
#12695=FILL_AREA_STYLE('',(#13232));
#12696=FILL_AREA_STYLE('',(#13233));
#12697=FILL_AREA_STYLE('',(#13234));
#12698=FILL_AREA_STYLE('',(#13235));
#12699=FILL_AREA_STYLE('',(#13236));
#12700=FILL_AREA_STYLE('',(#13237));
#12701=FILL_AREA_STYLE('',(#13238));
#12702=FILL_AREA_STYLE('',(#13239));
#12703=FILL_AREA_STYLE('',(#13240));
#12704=FILL_AREA_STYLE('',(#13241));
#12705=FILL_AREA_STYLE('',(#13242));
#12706=FILL_AREA_STYLE('',(#13243));
#12707=FILL_AREA_STYLE('',(#13244));
#12708=FILL_AREA_STYLE('',(#13245));
#12709=FILL_AREA_STYLE('',(#13246));
#12710=FILL_AREA_STYLE('',(#13247));
#12711=FILL_AREA_STYLE('',(#13248));
#12712=FILL_AREA_STYLE('',(#13249));
#12713=FILL_AREA_STYLE('',(#13250));
#12714=FILL_AREA_STYLE('',(#13251));
#12715=FILL_AREA_STYLE('',(#13252));
#12716=FILL_AREA_STYLE('',(#13253));
#12717=FILL_AREA_STYLE('',(#13254));
#12718=FILL_AREA_STYLE('',(#13255));
#12719=FILL_AREA_STYLE('',(#13256));
#12720=FILL_AREA_STYLE('',(#13257));
#12721=FILL_AREA_STYLE('',(#13258));
#12722=FILL_AREA_STYLE('',(#13259));
#12723=FILL_AREA_STYLE('',(#13260));
#12724=FILL_AREA_STYLE('',(#13261));
#12725=FILL_AREA_STYLE('',(#13262));
#12726=FILL_AREA_STYLE('',(#13263));
#12727=FILL_AREA_STYLE('',(#13264));
#12728=FILL_AREA_STYLE('',(#13265));
#12729=FILL_AREA_STYLE('',(#13266));
#12730=FILL_AREA_STYLE('',(#13267));
#12731=FILL_AREA_STYLE('',(#13268));
#12732=FILL_AREA_STYLE('',(#13269));
#12733=FILL_AREA_STYLE('',(#13270));
#12734=FILL_AREA_STYLE('',(#13271));
#12735=FILL_AREA_STYLE('',(#13272));
#12736=FILL_AREA_STYLE('',(#13273));
#12737=FILL_AREA_STYLE('',(#13274));
#12738=FILL_AREA_STYLE('',(#13275));
#12739=FILL_AREA_STYLE('',(#13276));
#12740=FILL_AREA_STYLE('',(#13277));
#12741=FILL_AREA_STYLE('',(#13278));
#12742=FILL_AREA_STYLE('',(#13279));
#12743=FILL_AREA_STYLE('',(#13280));
#12744=FILL_AREA_STYLE('',(#13281));
#12745=FILL_AREA_STYLE('',(#13282));
#12746=FILL_AREA_STYLE('',(#13283));
#12747=FILL_AREA_STYLE('',(#13284));
#12748=FILL_AREA_STYLE('',(#13285));
#12749=FILL_AREA_STYLE('',(#13286));
#12750=FILL_AREA_STYLE('',(#13287));
#12751=FILL_AREA_STYLE('',(#13288));
#12752=FILL_AREA_STYLE('',(#13289));
#12753=FILL_AREA_STYLE('',(#13290));
#12754=FILL_AREA_STYLE('',(#13291));
#12755=FILL_AREA_STYLE('',(#13292));
#12756=FILL_AREA_STYLE('',(#13293));
#12757=FILL_AREA_STYLE('',(#13294));
#12758=FILL_AREA_STYLE('',(#13295));
#12759=FILL_AREA_STYLE('',(#13296));
#12760=FILL_AREA_STYLE('',(#13297));
#12761=FILL_AREA_STYLE('',(#13298));
#12762=FILL_AREA_STYLE('',(#13299));
#12763=FILL_AREA_STYLE('',(#13300));
#12764=FILL_AREA_STYLE('',(#13301));
#12765=FILL_AREA_STYLE('',(#13302));
#12766=FILL_AREA_STYLE('',(#13303));
#12767=FILL_AREA_STYLE('',(#13304));
#12768=FILL_AREA_STYLE('',(#13305));
#12769=FILL_AREA_STYLE('',(#13306));
#12770=FILL_AREA_STYLE('',(#13307));
#12771=FILL_AREA_STYLE('',(#13308));
#12772=FILL_AREA_STYLE('',(#13309));
#12773=FILL_AREA_STYLE('',(#13310));
#12774=FILL_AREA_STYLE('',(#13311));
#12775=FILL_AREA_STYLE('',(#13312));
#12776=FILL_AREA_STYLE('',(#13313));
#12777=FILL_AREA_STYLE('',(#13314));
#12778=FILL_AREA_STYLE('',(#13315));
#12779=FILL_AREA_STYLE('',(#13316));
#12780=FILL_AREA_STYLE('',(#13317));
#12781=FILL_AREA_STYLE('',(#13318));
#12782=FILL_AREA_STYLE('',(#13319));
#12783=FILL_AREA_STYLE('',(#13320));
#12784=FILL_AREA_STYLE('',(#13321));
#12785=FILL_AREA_STYLE('',(#13322));
#12786=FILL_AREA_STYLE('',(#13323));
#12787=FILL_AREA_STYLE('',(#13324));
#12788=FILL_AREA_STYLE('',(#13325));
#12789=FILL_AREA_STYLE('',(#13326));
#12790=FILL_AREA_STYLE('',(#13327));
#12791=FILL_AREA_STYLE('',(#13328));
#12792=FILL_AREA_STYLE('',(#13329));
#12793=FILL_AREA_STYLE('',(#13330));
#12794=FILL_AREA_STYLE('',(#13331));
#12795=FILL_AREA_STYLE('',(#13332));
#12796=FILL_AREA_STYLE('',(#13333));
#12797=FILL_AREA_STYLE('',(#13334));
#12798=FILL_AREA_STYLE('',(#13335));
#12799=FILL_AREA_STYLE('',(#13336));
#12800=FILL_AREA_STYLE('',(#13337));
#12801=FILL_AREA_STYLE('',(#13338));
#12802=FILL_AREA_STYLE('',(#13339));
#12803=FILL_AREA_STYLE('',(#13340));
#12804=FILL_AREA_STYLE('',(#13341));
#12805=FILL_AREA_STYLE('',(#13342));
#12806=FILL_AREA_STYLE('',(#13343));
#12807=FILL_AREA_STYLE('',(#13344));
#12808=FILL_AREA_STYLE('',(#13345));
#12809=FILL_AREA_STYLE('',(#13346));
#12810=FILL_AREA_STYLE('',(#13347));
#12811=FILL_AREA_STYLE('',(#13348));
#12812=FILL_AREA_STYLE('',(#13349));
#12813=FILL_AREA_STYLE('',(#13350));
#12814=FILL_AREA_STYLE('',(#13351));
#12815=FILL_AREA_STYLE('',(#13352));
#12816=FILL_AREA_STYLE('',(#13353));
#12817=FILL_AREA_STYLE('',(#13354));
#12818=FILL_AREA_STYLE('',(#13355));
#12819=FILL_AREA_STYLE('',(#13356));
#12820=FILL_AREA_STYLE('',(#13357));
#12821=FILL_AREA_STYLE('',(#13358));
#12822=FILL_AREA_STYLE('',(#13359));
#12823=FILL_AREA_STYLE('',(#13360));
#12824=FILL_AREA_STYLE('',(#13361));
#12825=FILL_AREA_STYLE('',(#13362));
#12826=FILL_AREA_STYLE('',(#13363));
#12827=FILL_AREA_STYLE('',(#13364));
#12828=FILL_AREA_STYLE('',(#13365));
#12829=FILL_AREA_STYLE('',(#13366));
#12830=FILL_AREA_STYLE('',(#13367));
#12831=FILL_AREA_STYLE('',(#13368));
#12832=FILL_AREA_STYLE('',(#13369));
#12833=FILL_AREA_STYLE('',(#13370));
#12834=FILL_AREA_STYLE('',(#13371));
#12835=FILL_AREA_STYLE('',(#13372));
#12836=FILL_AREA_STYLE('',(#13373));
#12837=FILL_AREA_STYLE('',(#13374));
#12838=FILL_AREA_STYLE('',(#13375));
#12839=FILL_AREA_STYLE('',(#13376));
#12840=FILL_AREA_STYLE('',(#13377));
#12841=FILL_AREA_STYLE('',(#13378));
#12842=FILL_AREA_STYLE('',(#13379));
#12843=FILL_AREA_STYLE('',(#13380));
#12844=FILL_AREA_STYLE('',(#13381));
#12845=FILL_AREA_STYLE('',(#13382));
#12846=FILL_AREA_STYLE('',(#13383));
#12847=FILL_AREA_STYLE('',(#13384));
#12848=FILL_AREA_STYLE('',(#13385));
#12849=FILL_AREA_STYLE('',(#13386));
#12850=FILL_AREA_STYLE('',(#13387));
#12851=FILL_AREA_STYLE('',(#13388));
#12852=FILL_AREA_STYLE('',(#13389));
#12853=FILL_AREA_STYLE('',(#13390));
#12854=FILL_AREA_STYLE('',(#13391));
#12855=FILL_AREA_STYLE('',(#13392));
#12856=FILL_AREA_STYLE('',(#13393));
#12857=FILL_AREA_STYLE('',(#13394));
#12858=FILL_AREA_STYLE('',(#13395));
#12859=FILL_AREA_STYLE('',(#13396));
#12860=FILL_AREA_STYLE('',(#13397));
#12861=FILL_AREA_STYLE('',(#13398));
#12862=FILL_AREA_STYLE('',(#13399));
#12863=FILL_AREA_STYLE('',(#13400));
#12864=FILL_AREA_STYLE('',(#13401));
#12865=FILL_AREA_STYLE('',(#13402));
#12866=FILL_AREA_STYLE('',(#13403));
#12867=FILL_AREA_STYLE('',(#13404));
#12868=FILL_AREA_STYLE('',(#13405));
#12869=FILL_AREA_STYLE('',(#13406));
#12870=FILL_AREA_STYLE('',(#13407));
#12871=FILL_AREA_STYLE('',(#13408));
#12872=FILL_AREA_STYLE('',(#13409));
#12873=FILL_AREA_STYLE('',(#13410));
#12874=FILL_AREA_STYLE('',(#13411));
#12875=FILL_AREA_STYLE('',(#13412));
#12876=FILL_AREA_STYLE('',(#13413));
#12877=FILL_AREA_STYLE('',(#13414));
#12878=FILL_AREA_STYLE('',(#13415));
#12879=FILL_AREA_STYLE('',(#13416));
#12880=FILL_AREA_STYLE('',(#13417));
#12881=FILL_AREA_STYLE('',(#13418));
#12882=FILL_AREA_STYLE('',(#13419));
#12883=FILL_AREA_STYLE('',(#13420));
#12884=FILL_AREA_STYLE('',(#13421));
#12885=FILL_AREA_STYLE('',(#13422));
#12886=FILL_AREA_STYLE('',(#13423));
#12887=FILL_AREA_STYLE('',(#13424));
#12888=FILL_AREA_STYLE('',(#13425));
#12889=FILL_AREA_STYLE('',(#13426));
#12890=FILL_AREA_STYLE('',(#13427));
#12891=FILL_AREA_STYLE('',(#13428));
#12892=FILL_AREA_STYLE('',(#13429));
#12893=FILL_AREA_STYLE('',(#13430));
#12894=FILL_AREA_STYLE('',(#13431));
#12895=FILL_AREA_STYLE('',(#13432));
#12896=FILL_AREA_STYLE('',(#13433));
#12897=FILL_AREA_STYLE('',(#13434));
#12898=FILL_AREA_STYLE('',(#13435));
#12899=FILL_AREA_STYLE('',(#13436));
#12900=FILL_AREA_STYLE('',(#13437));
#12901=FILL_AREA_STYLE('',(#13438));
#12902=FILL_AREA_STYLE('',(#13439));
#12903=FILL_AREA_STYLE('',(#13440));
#12904=FILL_AREA_STYLE('',(#13441));
#12905=FILL_AREA_STYLE('',(#13442));
#12906=FILL_AREA_STYLE('',(#13443));
#12907=FILL_AREA_STYLE('',(#13444));
#12908=FILL_AREA_STYLE('',(#13445));
#12909=FILL_AREA_STYLE('',(#13446));
#12910=FILL_AREA_STYLE('',(#13447));
#12911=FILL_AREA_STYLE('',(#13448));
#12912=FILL_AREA_STYLE('',(#13449));
#12913=FILL_AREA_STYLE('',(#13450));
#12914=FILL_AREA_STYLE('',(#13451));
#12915=FILL_AREA_STYLE('',(#13452));
#12916=FILL_AREA_STYLE('',(#13453));
#12917=FILL_AREA_STYLE('',(#13454));
#12918=FILL_AREA_STYLE('',(#13455));
#12919=FILL_AREA_STYLE('',(#13456));
#12920=FILL_AREA_STYLE('',(#13457));
#12921=FILL_AREA_STYLE('',(#13458));
#12922=FILL_AREA_STYLE('',(#13459));
#12923=FILL_AREA_STYLE('',(#13460));
#12924=FILL_AREA_STYLE('',(#13461));
#12925=FILL_AREA_STYLE('',(#13462));
#12926=FILL_AREA_STYLE('',(#13463));
#12927=FILL_AREA_STYLE('',(#13464));
#12928=FILL_AREA_STYLE('',(#13465));
#12929=FILL_AREA_STYLE('',(#13466));
#12930=FILL_AREA_STYLE('',(#13467));
#12931=FILL_AREA_STYLE('',(#13468));
#12932=FILL_AREA_STYLE('',(#13469));
#12933=FILL_AREA_STYLE('',(#13470));
#12934=FILL_AREA_STYLE('',(#13471));
#12935=FILL_AREA_STYLE('',(#13472));
#12936=FILL_AREA_STYLE('',(#13473));
#12937=FILL_AREA_STYLE('',(#13474));
#12938=FILL_AREA_STYLE('',(#13475));
#12939=FILL_AREA_STYLE('',(#13476));
#12940=FILL_AREA_STYLE('',(#13477));
#12941=FILL_AREA_STYLE('',(#13478));
#12942=FILL_AREA_STYLE('',(#13479));
#12943=FILL_AREA_STYLE('',(#13480));
#12944=FILL_AREA_STYLE('',(#13481));
#12945=FILL_AREA_STYLE('',(#13482));
#12946=FILL_AREA_STYLE('',(#13483));
#12947=FILL_AREA_STYLE('',(#13484));
#12948=FILL_AREA_STYLE('',(#13485));
#12949=FILL_AREA_STYLE('',(#13486));
#12950=FILL_AREA_STYLE('',(#13487));
#12951=FILL_AREA_STYLE('',(#13488));
#12952=FILL_AREA_STYLE('',(#13489));
#12953=FILL_AREA_STYLE('',(#13490));
#12954=FILL_AREA_STYLE('',(#13491));
#12955=FILL_AREA_STYLE('',(#13492));
#12956=FILL_AREA_STYLE('',(#13493));
#12957=FILL_AREA_STYLE('',(#13494));
#12958=FILL_AREA_STYLE('',(#13495));
#12959=FILL_AREA_STYLE('',(#13496));
#12960=FILL_AREA_STYLE('',(#13497));
#12961=FILL_AREA_STYLE('',(#13498));
#12962=FILL_AREA_STYLE('',(#13499));
#12963=FILL_AREA_STYLE('',(#13500));
#12964=FILL_AREA_STYLE('',(#13501));
#12965=FILL_AREA_STYLE('',(#13502));
#12966=FILL_AREA_STYLE('',(#13503));
#12967=FILL_AREA_STYLE('',(#13504));
#12968=FILL_AREA_STYLE('',(#13505));
#12969=FILL_AREA_STYLE('',(#13506));
#12970=FILL_AREA_STYLE('',(#13507));
#12971=FILL_AREA_STYLE('',(#13508));
#12972=FILL_AREA_STYLE('',(#13509));
#12973=FILL_AREA_STYLE('',(#13510));
#12974=FILL_AREA_STYLE('',(#13511));
#12975=FILL_AREA_STYLE('',(#13512));
#12976=FILL_AREA_STYLE('',(#13513));
#12977=FILL_AREA_STYLE('',(#13514));
#12978=FILL_AREA_STYLE('',(#13515));
#12979=FILL_AREA_STYLE('',(#13516));
#12980=FILL_AREA_STYLE('',(#13517));
#12981=FILL_AREA_STYLE('',(#13518));
#12982=FILL_AREA_STYLE('',(#13519));
#12983=FILL_AREA_STYLE('',(#13520));
#12984=FILL_AREA_STYLE('',(#13521));
#12985=FILL_AREA_STYLE('',(#13522));
#12986=FILL_AREA_STYLE('',(#13523));
#12987=FILL_AREA_STYLE('',(#13524));
#12988=FILL_AREA_STYLE('',(#13525));
#12989=FILL_AREA_STYLE('',(#13526));
#12990=FILL_AREA_STYLE('',(#13527));
#12991=FILL_AREA_STYLE('',(#13528));
#12992=FILL_AREA_STYLE('',(#13529));
#12993=FILL_AREA_STYLE('',(#13530));
#12994=FILL_AREA_STYLE('',(#13531));
#12995=FILL_AREA_STYLE('',(#13532));
#12996=FILL_AREA_STYLE('',(#13533));
#12997=FILL_AREA_STYLE('',(#13534));
#12998=FILL_AREA_STYLE('',(#13535));
#12999=FILL_AREA_STYLE('',(#13536));
#13000=FILL_AREA_STYLE('',(#13537));
#13001=FILL_AREA_STYLE('',(#13538));
#13002=FILL_AREA_STYLE('',(#13539));
#13003=FILL_AREA_STYLE('',(#13540));
#13004=FILL_AREA_STYLE('',(#13541));
#13005=FILL_AREA_STYLE('',(#13542));
#13006=FILL_AREA_STYLE('',(#13543));
#13007=FILL_AREA_STYLE('',(#13544));
#13008=FILL_AREA_STYLE('',(#13545));
#13009=FILL_AREA_STYLE('',(#13546));
#13010=FILL_AREA_STYLE('',(#13547));
#13011=FILL_AREA_STYLE('',(#13548));
#13012=FILL_AREA_STYLE('',(#13549));
#13013=FILL_AREA_STYLE('',(#13550));
#13014=FILL_AREA_STYLE('',(#13551));
#13015=FILL_AREA_STYLE('',(#13552));
#13016=FILL_AREA_STYLE('',(#13553));
#13017=FILL_AREA_STYLE('',(#13554));
#13018=FILL_AREA_STYLE('',(#13555));
#13019=FILL_AREA_STYLE('',(#13556));
#13020=FILL_AREA_STYLE('',(#13557));
#13021=FILL_AREA_STYLE('',(#13558));
#13022=FILL_AREA_STYLE('',(#13559));
#13023=FILL_AREA_STYLE('',(#13560));
#13024=FILL_AREA_STYLE('',(#13561));
#13025=FILL_AREA_STYLE('',(#13562));
#13026=FILL_AREA_STYLE('',(#13563));
#13027=FILL_AREA_STYLE('',(#13564));
#13028=FILL_AREA_STYLE('',(#13565));
#13029=FILL_AREA_STYLE('',(#13566));
#13030=FILL_AREA_STYLE('',(#13567));
#13031=FILL_AREA_STYLE('',(#13568));
#13032=FILL_AREA_STYLE('',(#13569));
#13033=FILL_AREA_STYLE('',(#13570));
#13034=FILL_AREA_STYLE('',(#13571));
#13035=FILL_AREA_STYLE('',(#13572));
#13036=FILL_AREA_STYLE('',(#13573));
#13037=FILL_AREA_STYLE('',(#13574));
#13038=FILL_AREA_STYLE('',(#13575));
#13039=FILL_AREA_STYLE('',(#13576));
#13040=FILL_AREA_STYLE('',(#13577));
#13041=FILL_AREA_STYLE('',(#13578));
#13042=FILL_AREA_STYLE('',(#13579));
#13043=FILL_AREA_STYLE('',(#13580));
#13044=FILL_AREA_STYLE('',(#13581));
#13045=FILL_AREA_STYLE('',(#13582));
#13046=FILL_AREA_STYLE('',(#13583));
#13047=FILL_AREA_STYLE('',(#13584));
#13048=FILL_AREA_STYLE('',(#13585));
#13049=FILL_AREA_STYLE('',(#13586));
#13050=FILL_AREA_STYLE('',(#13587));
#13051=FILL_AREA_STYLE('',(#13588));
#13052=FILL_AREA_STYLE('',(#13589));
#13053=FILL_AREA_STYLE('',(#13590));
#13054=FILL_AREA_STYLE('',(#13591));
#13055=FILL_AREA_STYLE('',(#13592));
#13056=FILL_AREA_STYLE('',(#13593));
#13057=FILL_AREA_STYLE('',(#13594));
#13058=FILL_AREA_STYLE('',(#13595));
#13059=FILL_AREA_STYLE('',(#13596));
#13060=FILL_AREA_STYLE('',(#13597));
#13061=FILL_AREA_STYLE('',(#13598));
#13062=FILL_AREA_STYLE('',(#13599));
#13063=FILL_AREA_STYLE('',(#13600));
#13064=FILL_AREA_STYLE('',(#13601));
#13065=FILL_AREA_STYLE('',(#13602));
#13066=FILL_AREA_STYLE('',(#13603));
#13067=FILL_AREA_STYLE('',(#13604));
#13068=FILL_AREA_STYLE('',(#13605));
#13069=FILL_AREA_STYLE('',(#13606));
#13070=FILL_AREA_STYLE('',(#13607));
#13071=FILL_AREA_STYLE('',(#13608));
#13072=FILL_AREA_STYLE('',(#13609));
#13073=FILL_AREA_STYLE('',(#13610));
#13074=FILL_AREA_STYLE('',(#13611));
#13075=FILL_AREA_STYLE('',(#13612));
#13076=FILL_AREA_STYLE('',(#13613));
#13077=FILL_AREA_STYLE('',(#13614));
#13078=FILL_AREA_STYLE('',(#13615));
#13079=FILL_AREA_STYLE('',(#13616));
#13080=FILL_AREA_STYLE('',(#13617));
#13081=FILL_AREA_STYLE('',(#13618));
#13082=FILL_AREA_STYLE('',(#13619));
#13083=FILL_AREA_STYLE('',(#13620));
#13084=FILL_AREA_STYLE('',(#13621));
#13085=FILL_AREA_STYLE('',(#13622));
#13086=FILL_AREA_STYLE('',(#13623));
#13087=FILL_AREA_STYLE('',(#13624));
#13088=FILL_AREA_STYLE('',(#13625));
#13089=FILL_AREA_STYLE('',(#13626));
#13090=FILL_AREA_STYLE('',(#13627));
#13091=FILL_AREA_STYLE('',(#13628));
#13092=FILL_AREA_STYLE('',(#13629));
#13093=FILL_AREA_STYLE('',(#13630));
#13094=FILL_AREA_STYLE('',(#13631));
#13095=FILL_AREA_STYLE('',(#13632));
#13096=FILL_AREA_STYLE('',(#13633));
#13097=FILL_AREA_STYLE('',(#13634));
#13098=FILL_AREA_STYLE('',(#13635));
#13099=FILL_AREA_STYLE('',(#13636));
#13100=FILL_AREA_STYLE('',(#13637));
#13101=FILL_AREA_STYLE('',(#13638));
#13102=FILL_AREA_STYLE('',(#13639));
#13103=FILL_AREA_STYLE('',(#13640));
#13104=FILL_AREA_STYLE('',(#13641));
#13105=FILL_AREA_STYLE('',(#13642));
#13106=FILL_AREA_STYLE('',(#13643));
#13107=FILL_AREA_STYLE('',(#13644));
#13108=FILL_AREA_STYLE('',(#13645));
#13109=FILL_AREA_STYLE('',(#13646));
#13110=FILL_AREA_STYLE('',(#13647));
#13111=FILL_AREA_STYLE('',(#13648));
#13112=FILL_AREA_STYLE('',(#13649));
#13113=FILL_AREA_STYLE('',(#13650));
#13114=FILL_AREA_STYLE('',(#13651));
#13115=FILL_AREA_STYLE('',(#13652));
#13116=FILL_AREA_STYLE('',(#13653));
#13117=FILL_AREA_STYLE('',(#13654));
#13118=FILL_AREA_STYLE('',(#13655));
#13119=FILL_AREA_STYLE('',(#13656));
#13120=FILL_AREA_STYLE('',(#13657));
#13121=FILL_AREA_STYLE('',(#13658));
#13122=FILL_AREA_STYLE('',(#13659));
#13123=FILL_AREA_STYLE('',(#13660));
#13124=FILL_AREA_STYLE('',(#13661));
#13125=FILL_AREA_STYLE('',(#13662));
#13126=FILL_AREA_STYLE('',(#13663));
#13127=FILL_AREA_STYLE('',(#13664));
#13128=FILL_AREA_STYLE('',(#13665));
#13129=FILL_AREA_STYLE('',(#13666));
#13130=FILL_AREA_STYLE('',(#13667));
#13131=FILL_AREA_STYLE('',(#13668));
#13132=FILL_AREA_STYLE('',(#13669));
#13133=FILL_AREA_STYLE('',(#13670));
#13134=FILL_AREA_STYLE('',(#13671));
#13135=FILL_AREA_STYLE('',(#13672));
#13136=FILL_AREA_STYLE('',(#13673));
#13137=FILL_AREA_STYLE('',(#13674));
#13138=FILL_AREA_STYLE('',(#13675));
#13139=FILL_AREA_STYLE('',(#13676));
#13140=FILL_AREA_STYLE('',(#13677));
#13141=FILL_AREA_STYLE('',(#13678));
#13142=FILL_AREA_STYLE('',(#13679));
#13143=FILL_AREA_STYLE('',(#13680));
#13144=FILL_AREA_STYLE('',(#13681));
#13145=FILL_AREA_STYLE('',(#13682));
#13146=FILL_AREA_STYLE('',(#13683));
#13147=FILL_AREA_STYLE('',(#13684));
#13148=FILL_AREA_STYLE('',(#13685));
#13149=FILL_AREA_STYLE('',(#13686));
#13150=FILL_AREA_STYLE('',(#13687));
#13151=FILL_AREA_STYLE('',(#13688));
#13152=FILL_AREA_STYLE('',(#13689));
#13153=FILL_AREA_STYLE('',(#13690));
#13154=FILL_AREA_STYLE('',(#13691));
#13155=FILL_AREA_STYLE('',(#13692));
#13156=FILL_AREA_STYLE('',(#13693));
#13157=FILL_AREA_STYLE('',(#13694));
#13158=FILL_AREA_STYLE('',(#13695));
#13159=FILL_AREA_STYLE('',(#13696));
#13160=FILL_AREA_STYLE('',(#13697));
#13161=FILL_AREA_STYLE('',(#13698));
#13162=FILL_AREA_STYLE('',(#13699));
#13163=FILL_AREA_STYLE('',(#13700));
#13164=FILL_AREA_STYLE('',(#13701));
#13165=FILL_AREA_STYLE('',(#13702));
#13166=FILL_AREA_STYLE('',(#13703));
#13167=FILL_AREA_STYLE('',(#13704));
#13168=FILL_AREA_STYLE('',(#13705));
#13169=FILL_AREA_STYLE('',(#13706));
#13170=FILL_AREA_STYLE('',(#13707));
#13171=FILL_AREA_STYLE('',(#13708));
#13172=FILL_AREA_STYLE('',(#13709));
#13173=FILL_AREA_STYLE('',(#13710));
#13174=FILL_AREA_STYLE('',(#13711));
#13175=FILL_AREA_STYLE('',(#13712));
#13176=FILL_AREA_STYLE('',(#13713));
#13177=FILL_AREA_STYLE('',(#13714));
#13178=FILL_AREA_STYLE('',(#13715));
#13179=FILL_AREA_STYLE('',(#13716));
#13180=FILL_AREA_STYLE('',(#13717));
#13181=FILL_AREA_STYLE('',(#13718));
#13182=FILL_AREA_STYLE('',(#13719));
#13183=FILL_AREA_STYLE('',(#13720));
#13184=FILL_AREA_STYLE('',(#13721));
#13185=FILL_AREA_STYLE('',(#13722));
#13186=FILL_AREA_STYLE('',(#13723));
#13187=FILL_AREA_STYLE('',(#13724));
#13188=FILL_AREA_STYLE('',(#13725));
#13189=FILL_AREA_STYLE('',(#13726));
#13190=FILL_AREA_STYLE('',(#13727));
#13191=FILL_AREA_STYLE('',(#13728));
#13192=FILL_AREA_STYLE('',(#13729));
#13193=FILL_AREA_STYLE('',(#13730));
#13194=FILL_AREA_STYLE('',(#13731));
#13195=FILL_AREA_STYLE('',(#13732));
#13196=FILL_AREA_STYLE('',(#13733));
#13197=FILL_AREA_STYLE('',(#13734));
#13198=FILL_AREA_STYLE('',(#13735));
#13199=FILL_AREA_STYLE('',(#13736));
#13200=FILL_AREA_STYLE('',(#13737));
#13201=FILL_AREA_STYLE('',(#13738));
#13202=FILL_AREA_STYLE('',(#13739));
#13203=FILL_AREA_STYLE('',(#13740));
#13204=FILL_AREA_STYLE('',(#13741));
#13205=FILL_AREA_STYLE('',(#13742));
#13206=FILL_AREA_STYLE('',(#13743));
#13207=FILL_AREA_STYLE('',(#13744));
#13208=FILL_AREA_STYLE('',(#13745));
#13209=FILL_AREA_STYLE('',(#13746));
#13210=FILL_AREA_STYLE('',(#13747));
#13211=FILL_AREA_STYLE('',(#13748));
#13212=FILL_AREA_STYLE('',(#13749));
#13213=FILL_AREA_STYLE('',(#13750));
#13214=FILL_AREA_STYLE('',(#13751));
#13215=FILL_AREA_STYLE('',(#13752));
#13216=FILL_AREA_STYLE('',(#13753));
#13217=FILL_AREA_STYLE('',(#13754));
#13218=FILL_AREA_STYLE('',(#13755));
#13219=FILL_AREA_STYLE('',(#13756));
#13220=FILL_AREA_STYLE('',(#13757));
#13221=FILL_AREA_STYLE_COLOUR('',#13758);
#13222=FILL_AREA_STYLE_COLOUR('',#620);
#13223=FILL_AREA_STYLE_COLOUR('',#620);
#13224=FILL_AREA_STYLE_COLOUR('',#620);
#13225=FILL_AREA_STYLE_COLOUR('',#13758);
#13226=FILL_AREA_STYLE_COLOUR('',#620);
#13227=FILL_AREA_STYLE_COLOUR('',#620);
#13228=FILL_AREA_STYLE_COLOUR('',#620);
#13229=FILL_AREA_STYLE_COLOUR('',#13759);
#13230=FILL_AREA_STYLE_COLOUR('',#13758);
#13231=FILL_AREA_STYLE_COLOUR('',#620);
#13232=FILL_AREA_STYLE_COLOUR('',#620);
#13233=FILL_AREA_STYLE_COLOUR('',#13758);
#13234=FILL_AREA_STYLE_COLOUR('',#13758);
#13235=FILL_AREA_STYLE_COLOUR('',#13759);
#13236=FILL_AREA_STYLE_COLOUR('',#13758);
#13237=FILL_AREA_STYLE_COLOUR('',#13758);
#13238=FILL_AREA_STYLE_COLOUR('',#620);
#13239=FILL_AREA_STYLE_COLOUR('',#620);
#13240=FILL_AREA_STYLE_COLOUR('',#620);
#13241=FILL_AREA_STYLE_COLOUR('',#620);
#13242=FILL_AREA_STYLE_COLOUR('',#13758);
#13243=FILL_AREA_STYLE_COLOUR('',#13758);
#13244=FILL_AREA_STYLE_COLOUR('',#13758);
#13245=FILL_AREA_STYLE_COLOUR('',#13758);
#13246=FILL_AREA_STYLE_COLOUR('',#620);
#13247=FILL_AREA_STYLE_COLOUR('',#620);
#13248=FILL_AREA_STYLE_COLOUR('',#620);
#13249=FILL_AREA_STYLE_COLOUR('',#13758);
#13250=FILL_AREA_STYLE_COLOUR('',#13758);
#13251=FILL_AREA_STYLE_COLOUR('',#13758);
#13252=FILL_AREA_STYLE_COLOUR('',#13759);
#13253=FILL_AREA_STYLE_COLOUR('',#13758);
#13254=FILL_AREA_STYLE_COLOUR('',#620);
#13255=FILL_AREA_STYLE_COLOUR('',#620);
#13256=FILL_AREA_STYLE_COLOUR('',#620);
#13257=FILL_AREA_STYLE_COLOUR('',#620);
#13258=FILL_AREA_STYLE_COLOUR('',#13758);
#13259=FILL_AREA_STYLE_COLOUR('',#13758);
#13260=FILL_AREA_STYLE_COLOUR('',#13758);
#13261=FILL_AREA_STYLE_COLOUR('',#13759);
#13262=FILL_AREA_STYLE_COLOUR('',#13758);
#13263=FILL_AREA_STYLE_COLOUR('',#13759);
#13264=FILL_AREA_STYLE_COLOUR('',#620);
#13265=FILL_AREA_STYLE_COLOUR('',#620);
#13266=FILL_AREA_STYLE_COLOUR('',#620);
#13267=FILL_AREA_STYLE_COLOUR('',#13758);
#13268=FILL_AREA_STYLE_COLOUR('',#13758);
#13269=FILL_AREA_STYLE_COLOUR('',#620);
#13270=FILL_AREA_STYLE_COLOUR('',#13759);
#13271=FILL_AREA_STYLE_COLOUR('',#13758);
#13272=FILL_AREA_STYLE_COLOUR('',#13758);
#13273=FILL_AREA_STYLE_COLOUR('',#620);
#13274=FILL_AREA_STYLE_COLOUR('',#620);
#13275=FILL_AREA_STYLE_COLOUR('',#13758);
#13276=FILL_AREA_STYLE_COLOUR('',#620);
#13277=FILL_AREA_STYLE_COLOUR('',#13758);
#13278=FILL_AREA_STYLE_COLOUR('',#620);
#13279=FILL_AREA_STYLE_COLOUR('',#13758);
#13280=FILL_AREA_STYLE_COLOUR('',#620);
#13281=FILL_AREA_STYLE_COLOUR('',#620);
#13282=FILL_AREA_STYLE_COLOUR('',#620);
#13283=FILL_AREA_STYLE_COLOUR('',#620);
#13284=FILL_AREA_STYLE_COLOUR('',#13758);
#13285=FILL_AREA_STYLE_COLOUR('',#620);
#13286=FILL_AREA_STYLE_COLOUR('',#620);
#13287=FILL_AREA_STYLE_COLOUR('',#13758);
#13288=FILL_AREA_STYLE_COLOUR('',#13758);
#13289=FILL_AREA_STYLE_COLOUR('',#13758);
#13290=FILL_AREA_STYLE_COLOUR('',#13759);
#13291=FILL_AREA_STYLE_COLOUR('',#620);
#13292=FILL_AREA_STYLE_COLOUR('',#620);
#13293=FILL_AREA_STYLE_COLOUR('',#620);
#13294=FILL_AREA_STYLE_COLOUR('',#620);
#13295=FILL_AREA_STYLE_COLOUR('',#13758);
#13296=FILL_AREA_STYLE_COLOUR('',#13758);
#13297=FILL_AREA_STYLE_COLOUR('',#13758);
#13298=FILL_AREA_STYLE_COLOUR('',#620);
#13299=FILL_AREA_STYLE_COLOUR('',#620);
#13300=FILL_AREA_STYLE_COLOUR('',#13758);
#13301=FILL_AREA_STYLE_COLOUR('',#13759);
#13302=FILL_AREA_STYLE_COLOUR('',#13758);
#13303=FILL_AREA_STYLE_COLOUR('',#13758);
#13304=FILL_AREA_STYLE_COLOUR('',#620);
#13305=FILL_AREA_STYLE_COLOUR('',#620);
#13306=FILL_AREA_STYLE_COLOUR('',#13758);
#13307=FILL_AREA_STYLE_COLOUR('',#620);
#13308=FILL_AREA_STYLE_COLOUR('',#13758);
#13309=FILL_AREA_STYLE_COLOUR('',#620);
#13310=FILL_AREA_STYLE_COLOUR('',#13758);
#13311=FILL_AREA_STYLE_COLOUR('',#13759);
#13312=FILL_AREA_STYLE_COLOUR('',#13758);
#13313=FILL_AREA_STYLE_COLOUR('',#620);
#13314=FILL_AREA_STYLE_COLOUR('',#620);
#13315=FILL_AREA_STYLE_COLOUR('',#13758);
#13316=FILL_AREA_STYLE_COLOUR('',#13758);
#13317=FILL_AREA_STYLE_COLOUR('',#13758);
#13318=FILL_AREA_STYLE_COLOUR('',#13758);
#13319=FILL_AREA_STYLE_COLOUR('',#620);
#13320=FILL_AREA_STYLE_COLOUR('',#620);
#13321=FILL_AREA_STYLE_COLOUR('',#13758);
#13322=FILL_AREA_STYLE_COLOUR('',#13758);
#13323=FILL_AREA_STYLE_COLOUR('',#13759);
#13324=FILL_AREA_STYLE_COLOUR('',#13759);
#13325=FILL_AREA_STYLE_COLOUR('',#620);
#13326=FILL_AREA_STYLE_COLOUR('',#13758);
#13327=FILL_AREA_STYLE_COLOUR('',#620);
#13328=FILL_AREA_STYLE_COLOUR('',#13758);
#13329=FILL_AREA_STYLE_COLOUR('',#620);
#13330=FILL_AREA_STYLE_COLOUR('',#13759);
#13331=FILL_AREA_STYLE_COLOUR('',#620);
#13332=FILL_AREA_STYLE_COLOUR('',#13758);
#13333=FILL_AREA_STYLE_COLOUR('',#620);
#13334=FILL_AREA_STYLE_COLOUR('',#620);
#13335=FILL_AREA_STYLE_COLOUR('',#620);
#13336=FILL_AREA_STYLE_COLOUR('',#13759);
#13337=FILL_AREA_STYLE_COLOUR('',#620);
#13338=FILL_AREA_STYLE_COLOUR('',#620);
#13339=FILL_AREA_STYLE_COLOUR('',#13758);
#13340=FILL_AREA_STYLE_COLOUR('',#620);
#13341=FILL_AREA_STYLE_COLOUR('',#13759);
#13342=FILL_AREA_STYLE_COLOUR('',#13758);
#13343=FILL_AREA_STYLE_COLOUR('',#620);
#13344=FILL_AREA_STYLE_COLOUR('',#13758);
#13345=FILL_AREA_STYLE_COLOUR('',#620);
#13346=FILL_AREA_STYLE_COLOUR('',#620);
#13347=FILL_AREA_STYLE_COLOUR('',#620);
#13348=FILL_AREA_STYLE_COLOUR('',#13758);
#13349=FILL_AREA_STYLE_COLOUR('',#13758);
#13350=FILL_AREA_STYLE_COLOUR('',#13758);
#13351=FILL_AREA_STYLE_COLOUR('',#620);
#13352=FILL_AREA_STYLE_COLOUR('',#620);
#13353=FILL_AREA_STYLE_COLOUR('',#620);
#13354=FILL_AREA_STYLE_COLOUR('',#13758);
#13355=FILL_AREA_STYLE_COLOUR('',#620);
#13356=FILL_AREA_STYLE_COLOUR('',#620);
#13357=FILL_AREA_STYLE_COLOUR('',#13759);
#13358=FILL_AREA_STYLE_COLOUR('',#13758);
#13359=FILL_AREA_STYLE_COLOUR('',#620);
#13360=FILL_AREA_STYLE_COLOUR('',#620);
#13361=FILL_AREA_STYLE_COLOUR('',#620);
#13362=FILL_AREA_STYLE_COLOUR('',#620);
#13363=FILL_AREA_STYLE_COLOUR('',#620);
#13364=FILL_AREA_STYLE_COLOUR('',#620);
#13365=FILL_AREA_STYLE_COLOUR('',#620);
#13366=FILL_AREA_STYLE_COLOUR('',#620);
#13367=FILL_AREA_STYLE_COLOUR('',#13759);
#13368=FILL_AREA_STYLE_COLOUR('',#13758);
#13369=FILL_AREA_STYLE_COLOUR('',#620);
#13370=FILL_AREA_STYLE_COLOUR('',#13759);
#13371=FILL_AREA_STYLE_COLOUR('',#13758);
#13372=FILL_AREA_STYLE_COLOUR('',#620);
#13373=FILL_AREA_STYLE_COLOUR('',#13759);
#13374=FILL_AREA_STYLE_COLOUR('',#620);
#13375=FILL_AREA_STYLE_COLOUR('',#13758);
#13376=FILL_AREA_STYLE_COLOUR('',#13758);
#13377=FILL_AREA_STYLE_COLOUR('',#620);
#13378=FILL_AREA_STYLE_COLOUR('',#13759);
#13379=FILL_AREA_STYLE_COLOUR('',#620);
#13380=FILL_AREA_STYLE_COLOUR('',#13758);
#13381=FILL_AREA_STYLE_COLOUR('',#13758);
#13382=FILL_AREA_STYLE_COLOUR('',#13759);
#13383=FILL_AREA_STYLE_COLOUR('',#13758);
#13384=FILL_AREA_STYLE_COLOUR('',#620);
#13385=FILL_AREA_STYLE_COLOUR('',#13758);
#13386=FILL_AREA_STYLE_COLOUR('',#13758);
#13387=FILL_AREA_STYLE_COLOUR('',#620);
#13388=FILL_AREA_STYLE_COLOUR('',#620);
#13389=FILL_AREA_STYLE_COLOUR('',#13758);
#13390=FILL_AREA_STYLE_COLOUR('',#13758);
#13391=FILL_AREA_STYLE_COLOUR('',#620);
#13392=FILL_AREA_STYLE_COLOUR('',#620);
#13393=FILL_AREA_STYLE_COLOUR('',#620);
#13394=FILL_AREA_STYLE_COLOUR('',#13759);
#13395=FILL_AREA_STYLE_COLOUR('',#620);
#13396=FILL_AREA_STYLE_COLOUR('',#620);
#13397=FILL_AREA_STYLE_COLOUR('',#620);
#13398=FILL_AREA_STYLE_COLOUR('',#620);
#13399=FILL_AREA_STYLE_COLOUR('',#620);
#13400=FILL_AREA_STYLE_COLOUR('',#620);
#13401=FILL_AREA_STYLE_COLOUR('',#13758);
#13402=FILL_AREA_STYLE_COLOUR('',#13758);
#13403=FILL_AREA_STYLE_COLOUR('',#13758);
#13404=FILL_AREA_STYLE_COLOUR('',#620);
#13405=FILL_AREA_STYLE_COLOUR('',#620);
#13406=FILL_AREA_STYLE_COLOUR('',#13758);
#13407=FILL_AREA_STYLE_COLOUR('',#620);
#13408=FILL_AREA_STYLE_COLOUR('',#13758);
#13409=FILL_AREA_STYLE_COLOUR('',#13759);
#13410=FILL_AREA_STYLE_COLOUR('',#13759);
#13411=FILL_AREA_STYLE_COLOUR('',#13759);
#13412=FILL_AREA_STYLE_COLOUR('',#620);
#13413=FILL_AREA_STYLE_COLOUR('',#620);
#13414=FILL_AREA_STYLE_COLOUR('',#13758);
#13415=FILL_AREA_STYLE_COLOUR('',#620);
#13416=FILL_AREA_STYLE_COLOUR('',#620);
#13417=FILL_AREA_STYLE_COLOUR('',#620);
#13418=FILL_AREA_STYLE_COLOUR('',#13758);
#13419=FILL_AREA_STYLE_COLOUR('',#620);
#13420=FILL_AREA_STYLE_COLOUR('',#620);
#13421=FILL_AREA_STYLE_COLOUR('',#13759);
#13422=FILL_AREA_STYLE_COLOUR('',#620);
#13423=FILL_AREA_STYLE_COLOUR('',#620);
#13424=FILL_AREA_STYLE_COLOUR('',#13758);
#13425=FILL_AREA_STYLE_COLOUR('',#620);
#13426=FILL_AREA_STYLE_COLOUR('',#13759);
#13427=FILL_AREA_STYLE_COLOUR('',#620);
#13428=FILL_AREA_STYLE_COLOUR('',#13758);
#13429=FILL_AREA_STYLE_COLOUR('',#13758);
#13430=FILL_AREA_STYLE_COLOUR('',#13758);
#13431=FILL_AREA_STYLE_COLOUR('',#13758);
#13432=FILL_AREA_STYLE_COLOUR('',#13758);
#13433=FILL_AREA_STYLE_COLOUR('',#620);
#13434=FILL_AREA_STYLE_COLOUR('',#620);
#13435=FILL_AREA_STYLE_COLOUR('',#620);
#13436=FILL_AREA_STYLE_COLOUR('',#13758);
#13437=FILL_AREA_STYLE_COLOUR('',#620);
#13438=FILL_AREA_STYLE_COLOUR('',#620);
#13439=FILL_AREA_STYLE_COLOUR('',#13759);
#13440=FILL_AREA_STYLE_COLOUR('',#620);
#13441=FILL_AREA_STYLE_COLOUR('',#13759);
#13442=FILL_AREA_STYLE_COLOUR('',#620);
#13443=FILL_AREA_STYLE_COLOUR('',#620);
#13444=FILL_AREA_STYLE_COLOUR('',#13758);
#13445=FILL_AREA_STYLE_COLOUR('',#620);
#13446=FILL_AREA_STYLE_COLOUR('',#620);
#13447=FILL_AREA_STYLE_COLOUR('',#620);
#13448=FILL_AREA_STYLE_COLOUR('',#13758);
#13449=FILL_AREA_STYLE_COLOUR('',#13759);
#13450=FILL_AREA_STYLE_COLOUR('',#13759);
#13451=FILL_AREA_STYLE_COLOUR('',#13758);
#13452=FILL_AREA_STYLE_COLOUR('',#13759);
#13453=FILL_AREA_STYLE_COLOUR('',#620);
#13454=FILL_AREA_STYLE_COLOUR('',#13758);
#13455=FILL_AREA_STYLE_COLOUR('',#13758);
#13456=FILL_AREA_STYLE_COLOUR('',#13758);
#13457=FILL_AREA_STYLE_COLOUR('',#13758);
#13458=FILL_AREA_STYLE_COLOUR('',#13758);
#13459=FILL_AREA_STYLE_COLOUR('',#13759);
#13460=FILL_AREA_STYLE_COLOUR('',#13759);
#13461=FILL_AREA_STYLE_COLOUR('',#620);
#13462=FILL_AREA_STYLE_COLOUR('',#620);
#13463=FILL_AREA_STYLE_COLOUR('',#620);
#13464=FILL_AREA_STYLE_COLOUR('',#620);
#13465=FILL_AREA_STYLE_COLOUR('',#13758);
#13466=FILL_AREA_STYLE_COLOUR('',#620);
#13467=FILL_AREA_STYLE_COLOUR('',#13758);
#13468=FILL_AREA_STYLE_COLOUR('',#620);
#13469=FILL_AREA_STYLE_COLOUR('',#620);
#13470=FILL_AREA_STYLE_COLOUR('',#13759);
#13471=FILL_AREA_STYLE_COLOUR('',#620);
#13472=FILL_AREA_STYLE_COLOUR('',#620);
#13473=FILL_AREA_STYLE_COLOUR('',#620);
#13474=FILL_AREA_STYLE_COLOUR('',#13759);
#13475=FILL_AREA_STYLE_COLOUR('',#620);
#13476=FILL_AREA_STYLE_COLOUR('',#620);
#13477=FILL_AREA_STYLE_COLOUR('',#620);
#13478=FILL_AREA_STYLE_COLOUR('',#620);
#13479=FILL_AREA_STYLE_COLOUR('',#620);
#13480=FILL_AREA_STYLE_COLOUR('',#13758);
#13481=FILL_AREA_STYLE_COLOUR('',#620);
#13482=FILL_AREA_STYLE_COLOUR('',#13758);
#13483=FILL_AREA_STYLE_COLOUR('',#620);
#13484=FILL_AREA_STYLE_COLOUR('',#620);
#13485=FILL_AREA_STYLE_COLOUR('',#13758);
#13486=FILL_AREA_STYLE_COLOUR('',#620);
#13487=FILL_AREA_STYLE_COLOUR('',#13758);
#13488=FILL_AREA_STYLE_COLOUR('',#13758);
#13489=FILL_AREA_STYLE_COLOUR('',#13758);
#13490=FILL_AREA_STYLE_COLOUR('',#620);
#13491=FILL_AREA_STYLE_COLOUR('',#620);
#13492=FILL_AREA_STYLE_COLOUR('',#620);
#13493=FILL_AREA_STYLE_COLOUR('',#620);
#13494=FILL_AREA_STYLE_COLOUR('',#13759);
#13495=FILL_AREA_STYLE_COLOUR('',#13759);
#13496=FILL_AREA_STYLE_COLOUR('',#620);
#13497=FILL_AREA_STYLE_COLOUR('',#13759);
#13498=FILL_AREA_STYLE_COLOUR('',#13758);
#13499=FILL_AREA_STYLE_COLOUR('',#13759);
#13500=FILL_AREA_STYLE_COLOUR('',#13758);
#13501=FILL_AREA_STYLE_COLOUR('',#620);
#13502=FILL_AREA_STYLE_COLOUR('',#13758);
#13503=FILL_AREA_STYLE_COLOUR('',#620);
#13504=FILL_AREA_STYLE_COLOUR('',#13758);
#13505=FILL_AREA_STYLE_COLOUR('',#620);
#13506=FILL_AREA_STYLE_COLOUR('',#620);
#13507=FILL_AREA_STYLE_COLOUR('',#13758);
#13508=FILL_AREA_STYLE_COLOUR('',#620);
#13509=FILL_AREA_STYLE_COLOUR('',#13758);
#13510=FILL_AREA_STYLE_COLOUR('',#13759);
#13511=FILL_AREA_STYLE_COLOUR('',#620);
#13512=FILL_AREA_STYLE_COLOUR('',#620);
#13513=FILL_AREA_STYLE_COLOUR('',#13758);
#13514=FILL_AREA_STYLE_COLOUR('',#620);
#13515=FILL_AREA_STYLE_COLOUR('',#620);
#13516=FILL_AREA_STYLE_COLOUR('',#13759);
#13517=FILL_AREA_STYLE_COLOUR('',#620);
#13518=FILL_AREA_STYLE_COLOUR('',#13758);
#13519=FILL_AREA_STYLE_COLOUR('',#620);
#13520=FILL_AREA_STYLE_COLOUR('',#13758);
#13521=FILL_AREA_STYLE_COLOUR('',#13759);
#13522=FILL_AREA_STYLE_COLOUR('',#620);
#13523=FILL_AREA_STYLE_COLOUR('',#620);
#13524=FILL_AREA_STYLE_COLOUR('',#620);
#13525=FILL_AREA_STYLE_COLOUR('',#13758);
#13526=FILL_AREA_STYLE_COLOUR('',#13758);
#13527=FILL_AREA_STYLE_COLOUR('',#620);
#13528=FILL_AREA_STYLE_COLOUR('',#13758);
#13529=FILL_AREA_STYLE_COLOUR('',#620);
#13530=FILL_AREA_STYLE_COLOUR('',#620);
#13531=FILL_AREA_STYLE_COLOUR('',#620);
#13532=FILL_AREA_STYLE_COLOUR('',#13759);
#13533=FILL_AREA_STYLE_COLOUR('',#620);
#13534=FILL_AREA_STYLE_COLOUR('',#620);
#13535=FILL_AREA_STYLE_COLOUR('',#13758);
#13536=FILL_AREA_STYLE_COLOUR('',#620);
#13537=FILL_AREA_STYLE_COLOUR('',#620);
#13538=FILL_AREA_STYLE_COLOUR('',#13758);
#13539=FILL_AREA_STYLE_COLOUR('',#620);
#13540=FILL_AREA_STYLE_COLOUR('',#13758);
#13541=FILL_AREA_STYLE_COLOUR('',#620);
#13542=FILL_AREA_STYLE_COLOUR('',#620);
#13543=FILL_AREA_STYLE_COLOUR('',#620);
#13544=FILL_AREA_STYLE_COLOUR('',#620);
#13545=FILL_AREA_STYLE_COLOUR('',#13759);
#13546=FILL_AREA_STYLE_COLOUR('',#620);
#13547=FILL_AREA_STYLE_COLOUR('',#13759);
#13548=FILL_AREA_STYLE_COLOUR('',#13758);
#13549=FILL_AREA_STYLE_COLOUR('',#13759);
#13550=FILL_AREA_STYLE_COLOUR('',#13758);
#13551=FILL_AREA_STYLE_COLOUR('',#13758);
#13552=FILL_AREA_STYLE_COLOUR('',#620);
#13553=FILL_AREA_STYLE_COLOUR('',#13759);
#13554=FILL_AREA_STYLE_COLOUR('',#13758);
#13555=FILL_AREA_STYLE_COLOUR('',#13758);
#13556=FILL_AREA_STYLE_COLOUR('',#13758);
#13557=FILL_AREA_STYLE_COLOUR('',#13759);
#13558=FILL_AREA_STYLE_COLOUR('',#13758);
#13559=FILL_AREA_STYLE_COLOUR('',#13758);
#13560=FILL_AREA_STYLE_COLOUR('',#620);
#13561=FILL_AREA_STYLE_COLOUR('',#13759);
#13562=FILL_AREA_STYLE_COLOUR('',#13758);
#13563=FILL_AREA_STYLE_COLOUR('',#13759);
#13564=FILL_AREA_STYLE_COLOUR('',#13759);
#13565=FILL_AREA_STYLE_COLOUR('',#13758);
#13566=FILL_AREA_STYLE_COLOUR('',#620);
#13567=FILL_AREA_STYLE_COLOUR('',#620);
#13568=FILL_AREA_STYLE_COLOUR('',#620);
#13569=FILL_AREA_STYLE_COLOUR('',#620);
#13570=FILL_AREA_STYLE_COLOUR('',#620);
#13571=FILL_AREA_STYLE_COLOUR('',#13758);
#13572=FILL_AREA_STYLE_COLOUR('',#620);
#13573=FILL_AREA_STYLE_COLOUR('',#620);
#13574=FILL_AREA_STYLE_COLOUR('',#13758);
#13575=FILL_AREA_STYLE_COLOUR('',#13758);
#13576=FILL_AREA_STYLE_COLOUR('',#13758);
#13577=FILL_AREA_STYLE_COLOUR('',#13758);
#13578=FILL_AREA_STYLE_COLOUR('',#13758);
#13579=FILL_AREA_STYLE_COLOUR('',#620);
#13580=FILL_AREA_STYLE_COLOUR('',#13759);
#13581=FILL_AREA_STYLE_COLOUR('',#620);
#13582=FILL_AREA_STYLE_COLOUR('',#13759);
#13583=FILL_AREA_STYLE_COLOUR('',#13758);
#13584=FILL_AREA_STYLE_COLOUR('',#620);
#13585=FILL_AREA_STYLE_COLOUR('',#13758);
#13586=FILL_AREA_STYLE_COLOUR('',#13758);
#13587=FILL_AREA_STYLE_COLOUR('',#620);
#13588=FILL_AREA_STYLE_COLOUR('',#13759);
#13589=FILL_AREA_STYLE_COLOUR('',#13759);
#13590=FILL_AREA_STYLE_COLOUR('',#13758);
#13591=FILL_AREA_STYLE_COLOUR('',#13758);
#13592=FILL_AREA_STYLE_COLOUR('',#13758);
#13593=FILL_AREA_STYLE_COLOUR('',#13758);
#13594=FILL_AREA_STYLE_COLOUR('',#620);
#13595=FILL_AREA_STYLE_COLOUR('',#620);
#13596=FILL_AREA_STYLE_COLOUR('',#620);
#13597=FILL_AREA_STYLE_COLOUR('',#13758);
#13598=FILL_AREA_STYLE_COLOUR('',#620);
#13599=FILL_AREA_STYLE_COLOUR('',#13758);
#13600=FILL_AREA_STYLE_COLOUR('',#13759);
#13601=FILL_AREA_STYLE_COLOUR('',#620);
#13602=FILL_AREA_STYLE_COLOUR('',#13758);
#13603=FILL_AREA_STYLE_COLOUR('',#620);
#13604=FILL_AREA_STYLE_COLOUR('',#620);
#13605=FILL_AREA_STYLE_COLOUR('',#13758);
#13606=FILL_AREA_STYLE_COLOUR('',#620);
#13607=FILL_AREA_STYLE_COLOUR('',#13758);
#13608=FILL_AREA_STYLE_COLOUR('',#620);
#13609=FILL_AREA_STYLE_COLOUR('',#13759);
#13610=FILL_AREA_STYLE_COLOUR('',#620);
#13611=FILL_AREA_STYLE_COLOUR('',#13759);
#13612=FILL_AREA_STYLE_COLOUR('',#620);
#13613=FILL_AREA_STYLE_COLOUR('',#620);
#13614=FILL_AREA_STYLE_COLOUR('',#620);
#13615=FILL_AREA_STYLE_COLOUR('',#13758);
#13616=FILL_AREA_STYLE_COLOUR('',#620);
#13617=FILL_AREA_STYLE_COLOUR('',#620);
#13618=FILL_AREA_STYLE_COLOUR('',#620);
#13619=FILL_AREA_STYLE_COLOUR('',#13758);
#13620=FILL_AREA_STYLE_COLOUR('',#13758);
#13621=FILL_AREA_STYLE_COLOUR('',#13758);
#13622=FILL_AREA_STYLE_COLOUR('',#13758);
#13623=FILL_AREA_STYLE_COLOUR('',#620);
#13624=FILL_AREA_STYLE_COLOUR('',#13759);
#13625=FILL_AREA_STYLE_COLOUR('',#13758);
#13626=FILL_AREA_STYLE_COLOUR('',#13759);
#13627=FILL_AREA_STYLE_COLOUR('',#620);
#13628=FILL_AREA_STYLE_COLOUR('',#620);
#13629=FILL_AREA_STYLE_COLOUR('',#620);
#13630=FILL_AREA_STYLE_COLOUR('',#620);
#13631=FILL_AREA_STYLE_COLOUR('',#13758);
#13632=FILL_AREA_STYLE_COLOUR('',#13758);
#13633=FILL_AREA_STYLE_COLOUR('',#13759);
#13634=FILL_AREA_STYLE_COLOUR('',#13759);
#13635=FILL_AREA_STYLE_COLOUR('',#620);
#13636=FILL_AREA_STYLE_COLOUR('',#620);
#13637=FILL_AREA_STYLE_COLOUR('',#620);
#13638=FILL_AREA_STYLE_COLOUR('',#620);
#13639=FILL_AREA_STYLE_COLOUR('',#13758);
#13640=FILL_AREA_STYLE_COLOUR('',#620);
#13641=FILL_AREA_STYLE_COLOUR('',#13758);
#13642=FILL_AREA_STYLE_COLOUR('',#620);
#13643=FILL_AREA_STYLE_COLOUR('',#620);
#13644=FILL_AREA_STYLE_COLOUR('',#13758);
#13645=FILL_AREA_STYLE_COLOUR('',#620);
#13646=FILL_AREA_STYLE_COLOUR('',#13759);
#13647=FILL_AREA_STYLE_COLOUR('',#13758);
#13648=FILL_AREA_STYLE_COLOUR('',#620);
#13649=FILL_AREA_STYLE_COLOUR('',#13758);
#13650=FILL_AREA_STYLE_COLOUR('',#13758);
#13651=FILL_AREA_STYLE_COLOUR('',#13758);
#13652=FILL_AREA_STYLE_COLOUR('',#13758);
#13653=FILL_AREA_STYLE_COLOUR('',#13758);
#13654=FILL_AREA_STYLE_COLOUR('',#13758);
#13655=FILL_AREA_STYLE_COLOUR('',#13758);
#13656=FILL_AREA_STYLE_COLOUR('',#13758);
#13657=FILL_AREA_STYLE_COLOUR('',#13759);
#13658=FILL_AREA_STYLE_COLOUR('',#13759);
#13659=FILL_AREA_STYLE_COLOUR('',#13759);
#13660=FILL_AREA_STYLE_COLOUR('',#620);
#13661=FILL_AREA_STYLE_COLOUR('',#620);
#13662=FILL_AREA_STYLE_COLOUR('',#620);
#13663=FILL_AREA_STYLE_COLOUR('',#13758);
#13664=FILL_AREA_STYLE_COLOUR('',#620);
#13665=FILL_AREA_STYLE_COLOUR('',#620);
#13666=FILL_AREA_STYLE_COLOUR('',#13758);
#13667=FILL_AREA_STYLE_COLOUR('',#620);
#13668=FILL_AREA_STYLE_COLOUR('',#620);
#13669=FILL_AREA_STYLE_COLOUR('',#620);
#13670=FILL_AREA_STYLE_COLOUR('',#620);
#13671=FILL_AREA_STYLE_COLOUR('',#13758);
#13672=FILL_AREA_STYLE_COLOUR('',#13759);
#13673=FILL_AREA_STYLE_COLOUR('',#620);
#13674=FILL_AREA_STYLE_COLOUR('',#620);
#13675=FILL_AREA_STYLE_COLOUR('',#620);
#13676=FILL_AREA_STYLE_COLOUR('',#13758);
#13677=FILL_AREA_STYLE_COLOUR('',#13758);
#13678=FILL_AREA_STYLE_COLOUR('',#620);
#13679=FILL_AREA_STYLE_COLOUR('',#620);
#13680=FILL_AREA_STYLE_COLOUR('',#620);
#13681=FILL_AREA_STYLE_COLOUR('',#620);
#13682=FILL_AREA_STYLE_COLOUR('',#620);
#13683=FILL_AREA_STYLE_COLOUR('',#13758);
#13684=FILL_AREA_STYLE_COLOUR('',#620);
#13685=FILL_AREA_STYLE_COLOUR('',#13758);
#13686=FILL_AREA_STYLE_COLOUR('',#620);
#13687=FILL_AREA_STYLE_COLOUR('',#620);
#13688=FILL_AREA_STYLE_COLOUR('',#620);
#13689=FILL_AREA_STYLE_COLOUR('',#13758);
#13690=FILL_AREA_STYLE_COLOUR('',#620);
#13691=FILL_AREA_STYLE_COLOUR('',#13758);
#13692=FILL_AREA_STYLE_COLOUR('',#620);
#13693=FILL_AREA_STYLE_COLOUR('',#13758);
#13694=FILL_AREA_STYLE_COLOUR('',#13758);
#13695=FILL_AREA_STYLE_COLOUR('',#13758);
#13696=FILL_AREA_STYLE_COLOUR('',#13758);
#13697=FILL_AREA_STYLE_COLOUR('',#620);
#13698=FILL_AREA_STYLE_COLOUR('',#13759);
#13699=FILL_AREA_STYLE_COLOUR('',#620);
#13700=FILL_AREA_STYLE_COLOUR('',#13758);
#13701=FILL_AREA_STYLE_COLOUR('',#13759);
#13702=FILL_AREA_STYLE_COLOUR('',#620);
#13703=FILL_AREA_STYLE_COLOUR('',#620);
#13704=FILL_AREA_STYLE_COLOUR('',#620);
#13705=FILL_AREA_STYLE_COLOUR('',#620);
#13706=FILL_AREA_STYLE_COLOUR('',#620);
#13707=FILL_AREA_STYLE_COLOUR('',#13758);
#13708=FILL_AREA_STYLE_COLOUR('',#620);
#13709=FILL_AREA_STYLE_COLOUR('',#620);
#13710=FILL_AREA_STYLE_COLOUR('',#13759);
#13711=FILL_AREA_STYLE_COLOUR('',#620);
#13712=FILL_AREA_STYLE_COLOUR('',#13758);
#13713=FILL_AREA_STYLE_COLOUR('',#13759);
#13714=FILL_AREA_STYLE_COLOUR('',#620);
#13715=FILL_AREA_STYLE_COLOUR('',#620);
#13716=FILL_AREA_STYLE_COLOUR('',#620);
#13717=FILL_AREA_STYLE_COLOUR('',#620);
#13718=FILL_AREA_STYLE_COLOUR('',#620);
#13719=FILL_AREA_STYLE_COLOUR('',#620);
#13720=FILL_AREA_STYLE_COLOUR('',#620);
#13721=FILL_AREA_STYLE_COLOUR('',#13758);
#13722=FILL_AREA_STYLE_COLOUR('',#13758);
#13723=FILL_AREA_STYLE_COLOUR('',#620);
#13724=FILL_AREA_STYLE_COLOUR('',#620);
#13725=FILL_AREA_STYLE_COLOUR('',#13758);
#13726=FILL_AREA_STYLE_COLOUR('',#620);
#13727=FILL_AREA_STYLE_COLOUR('',#620);
#13728=FILL_AREA_STYLE_COLOUR('',#620);
#13729=FILL_AREA_STYLE_COLOUR('',#620);
#13730=FILL_AREA_STYLE_COLOUR('',#620);
#13731=FILL_AREA_STYLE_COLOUR('',#620);
#13732=FILL_AREA_STYLE_COLOUR('',#620);
#13733=FILL_AREA_STYLE_COLOUR('',#620);
#13734=FILL_AREA_STYLE_COLOUR('',#620);
#13735=FILL_AREA_STYLE_COLOUR('',#620);
#13736=FILL_AREA_STYLE_COLOUR('',#13758);
#13737=FILL_AREA_STYLE_COLOUR('',#620);
#13738=FILL_AREA_STYLE_COLOUR('',#620);
#13739=FILL_AREA_STYLE_COLOUR('',#620);
#13740=FILL_AREA_STYLE_COLOUR('',#620);
#13741=FILL_AREA_STYLE_COLOUR('',#620);
#13742=FILL_AREA_STYLE_COLOUR('',#620);
#13743=FILL_AREA_STYLE_COLOUR('',#620);
#13744=FILL_AREA_STYLE_COLOUR('',#620);
#13745=FILL_AREA_STYLE_COLOUR('',#13759);
#13746=FILL_AREA_STYLE_COLOUR('',#620);
#13747=FILL_AREA_STYLE_COLOUR('',#620);
#13748=FILL_AREA_STYLE_COLOUR('',#620);
#13749=FILL_AREA_STYLE_COLOUR('',#620);
#13750=FILL_AREA_STYLE_COLOUR('',#620);
#13751=FILL_AREA_STYLE_COLOUR('',#620);
#13752=FILL_AREA_STYLE_COLOUR('',#620);
#13753=FILL_AREA_STYLE_COLOUR('',#13758);
#13754=FILL_AREA_STYLE_COLOUR('',#13758);
#13755=FILL_AREA_STYLE_COLOUR('',#620);
#13756=FILL_AREA_STYLE_COLOUR('',#13758);
#13757=FILL_AREA_STYLE_COLOUR('',#620);
#13758=COLOUR_RGB('',0.4117647111,0.4117647111,0.4117647111);
#13759=COLOUR_RGB('',1.,0.8078431487,0.4980392158);
#13760=ADVANCED_FACE('',(#9103),#9650,.F.);
#13761=ADVANCED_FACE('',(#9104),#9651,.F.);
#13762=ADVANCED_FACE('',(#9105),#9652,.T.);
#13763=ADVANCED_FACE('',(#9106),#9653,.T.);
#13764=ADVANCED_FACE('',(#9107),#9654,.T.);
#13765=ADVANCED_FACE('',(#9108),#9655,.F.);
#13766=ADVANCED_FACE('',(#9109),#132,.T.);
#13767=ADVANCED_FACE('',(#9110),#116,.F.);
#13768=ADVANCED_FACE('',(#9111),#133,.T.);
#13769=ADVANCED_FACE('',(#9112),#134,.T.);
#13770=ADVANCED_FACE('',(#9113),#135,.T.);
#13771=ADVANCED_FACE('',(#9114),#9656,.T.);
#13772=ADVANCED_FACE('',(#9115),#9657,.T.);
#13773=ADVANCED_FACE('',(#9116),#9658,.F.);
#13774=ADVANCED_FACE('',(#9117),#136,.T.);
#13775=ADVANCED_FACE('',(#9118),#9659,.T.);
#13776=ADVANCED_FACE('',(#9119),#9660,.T.);
#13777=ADVANCED_FACE('',(#9120),#9661,.T.);
#13778=ADVANCED_FACE('',(#9121),#137,.F.);
#13779=ADVANCED_FACE('',(#9122),#117,.F.);
#13780=ADVANCED_FACE('',(#9123,#9124),#9662,.T.);
#13781=ADVANCED_FACE('',(#9125),#138,.T.);
#13782=ADVANCED_FACE('',(#9126),#9663,.T.);
#13783=ADVANCED_FACE('',(#9127),#9664,.T.);
#13784=ADVANCED_FACE('',(#9128),#139,.T.);
#13785=ADVANCED_FACE('',(#9129),#140,.F.);
#13786=ADVANCED_FACE('',(#9130),#141,.F.);
#13787=ADVANCED_FACE('',(#9131),#142,.T.);
#13788=ADVANCED_FACE('',(#9132),#9665,.T.);
#13789=ADVANCED_FACE('',(#9133),#9666,.T.);
#13790=ADVANCED_FACE('',(#9134),#49,.F.);
#13791=ADVANCED_FACE('',(#9135),#9667,.F.);
#13792=ADVANCED_FACE('',(#9136),#143,.F.);
#13793=ADVANCED_FACE('',(#9137),#9668,.T.);
#13794=ADVANCED_FACE('',(#9138),#9669,.F.);
#13795=ADVANCED_FACE('',(#9139),#9670,.F.);
#13796=ADVANCED_FACE('',(#9140),#144,.F.);
#13797=ADVANCED_FACE('',(#9141),#9671,.T.);
#13798=ADVANCED_FACE('',(#9142),#34,.F.);
#13799=ADVANCED_FACE('',(#9143),#9672,.T.);
#13800=ADVANCED_FACE('',(#9144),#9673,.F.);
#13801=ADVANCED_FACE('',(#9145),#145,.T.);
#13802=ADVANCED_FACE('',(#9146),#9674,.T.);
#13803=ADVANCED_FACE('',(#9147),#9675,.T.);
#13804=ADVANCED_FACE('',(#9148),#9676,.F.);
#13805=ADVANCED_FACE('',(#9149),#9677,.F.);
#13806=ADVANCED_FACE('',(#9150),#118,.T.);
#13807=ADVANCED_FACE('',(#9151),#35,.F.);
#13808=ADVANCED_FACE('',(#9152),#146,.T.);
#13809=ADVANCED_FACE('',(#9153),#9678,.T.);
#13810=ADVANCED_FACE('',(#9154),#9679,.F.);
#13811=ADVANCED_FACE('',(#9155),#9680,.F.);
#13812=ADVANCED_FACE('',(#9156),#9681,.F.);
#13813=ADVANCED_FACE('',(#9157,#9158,#9159),#9682,.T.);
#13814=ADVANCED_FACE('',(#9160),#9683,.F.);
#13815=ADVANCED_FACE('',(#9161),#147,.T.);
#13816=ADVANCED_FACE('',(#9162),#9684,.F.);
#13817=ADVANCED_FACE('',(#9163),#9685,.T.);
#13818=ADVANCED_FACE('',(#9164),#9686,.T.);
#13819=ADVANCED_FACE('',(#9165),#9687,.F.);
#13820=ADVANCED_FACE('',(#9166),#148,.T.);
#13821=ADVANCED_FACE('',(#9167),#149,.F.);
#13822=ADVANCED_FACE('',(#9168),#9688,.F.);
#13823=ADVANCED_FACE('',(#9169),#36,.F.);
#13824=ADVANCED_FACE('',(#9170),#9689,.F.);
#13825=ADVANCED_FACE('',(#9171),#150,.F.);
#13826=ADVANCED_FACE('',(#9172),#37,.F.);
#13827=ADVANCED_FACE('',(#9173),#9690,.T.);
#13828=ADVANCED_FACE('',(#9174),#151,.T.);
#13829=ADVANCED_FACE('',(#9175),#9691,.F.);
#13830=ADVANCED_FACE('',(#9176),#9692,.F.);
#13831=ADVANCED_FACE('',(#9177),#9693,.T.);
#13832=ADVANCED_FACE('',(#9178),#9694,.F.);
#13833=ADVANCED_FACE('',(#9179),#152,.T.);
#13834=ADVANCED_FACE('',(#9180),#9695,.T.);
#13835=ADVANCED_FACE('',(#9181),#38,.F.);
#13836=ADVANCED_FACE('',(#9182),#153,.T.);
#13837=ADVANCED_FACE('',(#9183),#9696,.T.);
#13838=ADVANCED_FACE('',(#9184),#9697,.F.);
#13839=ADVANCED_FACE('',(#9185),#9698,.F.);
#13840=ADVANCED_FACE('',(#9186),#9699,.F.);
#13841=ADVANCED_FACE('',(#9187),#9700,.T.);
#13842=ADVANCED_FACE('',(#9188),#9701,.F.);
#13843=ADVANCED_FACE('',(#9189),#9702,.T.);
#13844=ADVANCED_FACE('',(#9190),#9703,.T.);
#13845=ADVANCED_FACE('',(#9191),#154,.T.);
#13846=ADVANCED_FACE('',(#9192),#9704,.F.);
#13847=ADVANCED_FACE('',(#9193),#9705,.F.);
#13848=ADVANCED_FACE('',(#9194),#9706,.F.);
#13849=ADVANCED_FACE('',(#9195),#9707,.F.);
#13850=ADVANCED_FACE('',(#9196),#9708,.F.);
#13851=ADVANCED_FACE('',(#9197),#39,.F.);
#13852=ADVANCED_FACE('',(#9198),#9709,.F.);
#13853=ADVANCED_FACE('',(#9199),#9710,.F.);
#13854=ADVANCED_FACE('',(#9200),#155,.T.);
#13855=ADVANCED_FACE('',(#9201),#9711,.F.);
#13856=ADVANCED_FACE('',(#9202),#9712,.T.);
#13857=ADVANCED_FACE('',(#9203),#9713,.T.);
#13858=ADVANCED_FACE('',(#9204),#9714,.T.);
#13859=ADVANCED_FACE('',(#9205),#9715,.F.);
#13860=ADVANCED_FACE('',(#9206),#156,.T.);
#13861=ADVANCED_FACE('',(#9207),#157,.F.);
#13862=ADVANCED_FACE('',(#9208),#9716,.F.);
#13863=ADVANCED_FACE('',(#9209),#9717,.F.);
#13864=ADVANCED_FACE('',(#9210),#158,.T.);
#13865=ADVANCED_FACE('',(#9211),#9718,.F.);
#13866=ADVANCED_FACE('',(#9212),#159,.T.);
#13867=ADVANCED_FACE('',(#9213),#9719,.F.);
#13868=ADVANCED_FACE('',(#9214),#160,.T.);
#13869=ADVANCED_FACE('',(#9215),#9720,.T.);
#13870=ADVANCED_FACE('',(#9216),#9721,.F.);
#13871=ADVANCED_FACE('',(#9217),#9722,.T.);
#13872=ADVANCED_FACE('',(#9218),#161,.T.);
#13873=ADVANCED_FACE('',(#9219),#9723,.T.);
#13874=ADVANCED_FACE('',(#9220),#9724,.F.);
#13875=ADVANCED_FACE('',(#9221),#9725,.F.);
#13876=ADVANCED_FACE('',(#9222),#9726,.F.);
#13877=ADVANCED_FACE('',(#9223),#162,.F.);
#13878=ADVANCED_FACE('',(#9224),#9727,.T.);
#13879=ADVANCED_FACE('',(#9225),#163,.F.);
#13880=ADVANCED_FACE('',(#9226),#9728,.F.);
#13881=ADVANCED_FACE('',(#9227),#9729,.T.);
#13882=ADVANCED_FACE('',(#9228),#164,.T.);
#13883=ADVANCED_FACE('',(#9229),#9730,.T.);
#13884=ADVANCED_FACE('',(#9230),#9731,.F.);
#13885=ADVANCED_FACE('',(#9231),#165,.F.);
#13886=ADVANCED_FACE('',(#9232),#119,.F.);
#13887=ADVANCED_FACE('',(#9233),#9732,.T.);
#13888=ADVANCED_FACE('',(#9234),#9733,.T.);
#13889=ADVANCED_FACE('',(#9235),#120,.T.);
#13890=ADVANCED_FACE('',(#9236),#9734,.T.);
#13891=ADVANCED_FACE('',(#9237),#9735,.T.);
#13892=ADVANCED_FACE('',(#9238),#9736,.F.);
#13893=ADVANCED_FACE('',(#9239),#9737,.F.);
#13894=ADVANCED_FACE('',(#9240),#9738,.F.);
#13895=ADVANCED_FACE('',(#9241),#9739,.F.);
#13896=ADVANCED_FACE('',(#9242),#9740,.F.);
#13897=ADVANCED_FACE('',(#9243),#9741,.T.);
#13898=ADVANCED_FACE('',(#9244),#121,.F.);
#13899=ADVANCED_FACE('',(#9245),#166,.F.);
#13900=ADVANCED_FACE('',(#9246),#9742,.F.);
#13901=ADVANCED_FACE('',(#9247),#167,.T.);
#13902=ADVANCED_FACE('',(#9248),#9743,.F.);
#13903=ADVANCED_FACE('',(#9249),#168,.F.);
#13904=ADVANCED_FACE('',(#9250),#9744,.F.);
#13905=ADVANCED_FACE('',(#9251),#9745,.T.);
#13906=ADVANCED_FACE('',(#9252),#9746,.F.);
#13907=ADVANCED_FACE('',(#9253),#9747,.F.);
#13908=ADVANCED_FACE('',(#9254),#9748,.F.);
#13909=ADVANCED_FACE('',(#9255),#9749,.F.);
#13910=ADVANCED_FACE('',(#9256),#9750,.T.);
#13911=ADVANCED_FACE('',(#9257),#9751,.T.);
#13912=ADVANCED_FACE('',(#9258),#9752,.T.);
#13913=ADVANCED_FACE('',(#9259),#9753,.F.);
#13914=ADVANCED_FACE('',(#9260),#40,.F.);
#13915=ADVANCED_FACE('',(#9261),#9754,.T.);
#13916=ADVANCED_FACE('',(#9262),#9755,.T.);
#13917=ADVANCED_FACE('',(#9263),#9756,.F.);
#13918=ADVANCED_FACE('',(#9264),#9757,.F.);
#13919=ADVANCED_FACE('',(#9265),#9758,.F.);
#13920=ADVANCED_FACE('',(#9266),#169,.T.);
#13921=ADVANCED_FACE('',(#9267),#9759,.F.);
#13922=ADVANCED_FACE('',(#9268),#9760,.T.);
#13923=ADVANCED_FACE('',(#9269),#9761,.T.);
#13924=ADVANCED_FACE('',(#9270),#9762,.F.);
#13925=ADVANCED_FACE('',(#9271),#9763,.T.);
#13926=ADVANCED_FACE('',(#9272),#170,.F.);
#13927=ADVANCED_FACE('',(#9273),#9764,.F.);
#13928=ADVANCED_FACE('',(#9274),#171,.T.);
#13929=ADVANCED_FACE('',(#9275),#9765,.T.);
#13930=ADVANCED_FACE('',(#9276),#9766,.F.);
#13931=ADVANCED_FACE('',(#9277),#172,.T.);
#13932=ADVANCED_FACE('',(#9278),#122,.F.);
#13933=ADVANCED_FACE('',(#9279),#9767,.F.);
#13934=ADVANCED_FACE('',(#9280),#9768,.F.);
#13935=ADVANCED_FACE('',(#9281),#173,.F.);
#13936=ADVANCED_FACE('',(#9282),#9769,.F.);
#13937=ADVANCED_FACE('',(#9283),#9770,.F.);
#13938=ADVANCED_FACE('',(#9284),#9771,.F.);
#13939=ADVANCED_FACE('',(#9285),#174,.F.);
#13940=ADVANCED_FACE('',(#9286),#9772,.F.);
#13941=ADVANCED_FACE('',(#9287),#9773,.F.);
#13942=ADVANCED_FACE('',(#9288),#9774,.F.);
#13943=ADVANCED_FACE('',(#9289),#9775,.F.);
#13944=ADVANCED_FACE('',(#9290),#9776,.F.);
#13945=ADVANCED_FACE('',(#9291),#175,.T.);
#13946=ADVANCED_FACE('',(#9292),#9777,.T.);
#13947=ADVANCED_FACE('',(#9293),#176,.T.);
#13948=ADVANCED_FACE('',(#9294),#9778,.F.);
#13949=ADVANCED_FACE('',(#9295),#9779,.T.);
#13950=ADVANCED_FACE('',(#9296),#9780,.F.);
#13951=ADVANCED_FACE('',(#9297),#9781,.T.);
#13952=ADVANCED_FACE('',(#9298),#9782,.T.);
#13953=ADVANCED_FACE('',(#9299),#177,.T.);
#13954=ADVANCED_FACE('',(#9300),#178,.T.);
#13955=ADVANCED_FACE('',(#9301),#9783,.T.);
#13956=ADVANCED_FACE('',(#9302),#179,.F.);
#13957=ADVANCED_FACE('',(#9303),#180,.F.);
#13958=ADVANCED_FACE('',(#9304),#9784,.F.);
#13959=ADVANCED_FACE('',(#9305),#181,.T.);
#13960=ADVANCED_FACE('',(#9306),#182,.T.);
#13961=ADVANCED_FACE('',(#9307),#9785,.T.);
#13962=ADVANCED_FACE('',(#9308),#9786,.F.);
#13963=ADVANCED_FACE('',(#9309),#183,.T.);
#13964=ADVANCED_FACE('',(#9310),#9787,.F.);
#13965=ADVANCED_FACE('',(#9311),#9788,.T.);
#13966=ADVANCED_FACE('',(#9312),#9789,.T.);
#13967=ADVANCED_FACE('',(#9313),#9790,.F.);
#13968=ADVANCED_FACE('',(#9314),#9791,.T.);
#13969=ADVANCED_FACE('',(#9315),#123,.T.);
#13970=ADVANCED_FACE('',(#9316),#41,.F.);
#13971=ADVANCED_FACE('',(#9317),#9792,.F.);
#13972=ADVANCED_FACE('',(#9318),#9793,.F.);
#13973=ADVANCED_FACE('',(#9319),#184,.T.);
#13974=ADVANCED_FACE('',(#9320),#185,.F.);
#13975=ADVANCED_FACE('',(#9321),#9794,.F.);
#13976=ADVANCED_FACE('',(#9322),#186,.T.);
#13977=ADVANCED_FACE('',(#9323),#9795,.T.);
#13978=ADVANCED_FACE('',(#9324),#9796,.F.);
#13979=ADVANCED_FACE('',(#9325),#9797,.T.);
#13980=ADVANCED_FACE('',(#9326),#9798,.F.);
#13981=ADVANCED_FACE('',(#9327),#187,.F.);
#13982=ADVANCED_FACE('',(#9328),#188,.F.);
#13983=ADVANCED_FACE('',(#9329),#9799,.F.);
#13984=ADVANCED_FACE('',(#9330),#189,.T.);
#13985=ADVANCED_FACE('',(#9331),#9800,.F.);
#13986=ADVANCED_FACE('',(#9332,#9333,#9334),#9801,.F.);
#13987=ADVANCED_FACE('',(#9335),#9802,.F.);
#13988=ADVANCED_FACE('',(#9336),#9803,.F.);
#13989=ADVANCED_FACE('',(#9337),#9804,.T.);
#13990=ADVANCED_FACE('',(#9338),#9805,.T.);
#13991=ADVANCED_FACE('',(#9339),#9806,.F.);
#13992=ADVANCED_FACE('',(#9340),#9807,.T.);
#13993=ADVANCED_FACE('',(#9341),#9808,.F.);
#13994=ADVANCED_FACE('',(#9342),#9809,.T.);
#13995=ADVANCED_FACE('',(#9343),#190,.T.);
#13996=ADVANCED_FACE('',(#9344),#42,.F.);
#13997=ADVANCED_FACE('',(#9345),#43,.F.);
#13998=ADVANCED_FACE('',(#9346),#9810,.T.);
#13999=ADVANCED_FACE('',(#9347),#9811,.T.);
#14000=ADVANCED_FACE('',(#9348),#9812,.T.);
#14001=ADVANCED_FACE('',(#9349),#9813,.F.);
#14002=ADVANCED_FACE('',(#9350),#9814,.F.);
#14003=ADVANCED_FACE('',(#9351),#191,.F.);
#14004=ADVANCED_FACE('',(#9352),#9815,.F.);
#14005=ADVANCED_FACE('',(#9353),#9816,.T.);
#14006=ADVANCED_FACE('',(#9354),#9817,.F.);
#14007=ADVANCED_FACE('',(#9355),#192,.F.);
#14008=ADVANCED_FACE('',(#9356),#193,.F.);
#14009=ADVANCED_FACE('',(#9357),#9818,.F.);
#14010=ADVANCED_FACE('',(#9358),#9819,.F.);
#14011=ADVANCED_FACE('',(#9359),#9820,.T.);
#14012=ADVANCED_FACE('',(#9360),#124,.F.);
#14013=ADVANCED_FACE('',(#9361),#9821,.F.);
#14014=ADVANCED_FACE('',(#9362),#194,.T.);
#14015=ADVANCED_FACE('',(#9363),#9822,.F.);
#14016=ADVANCED_FACE('',(#9364),#9823,.F.);
#14017=ADVANCED_FACE('',(#9365),#9824,.F.);
#14018=ADVANCED_FACE('',(#9366),#9825,.F.);
#14019=ADVANCED_FACE('',(#9367),#9826,.F.);
#14020=ADVANCED_FACE('',(#9368),#9827,.F.);
#14021=ADVANCED_FACE('',(#9369),#195,.T.);
#14022=ADVANCED_FACE('',(#9370),#9828,.F.);
#14023=ADVANCED_FACE('',(#9371),#125,.F.);
#14024=ADVANCED_FACE('',(#9372),#9829,.F.);
#14025=ADVANCED_FACE('',(#9373),#9830,.F.);
#14026=ADVANCED_FACE('',(#9374),#9831,.T.);
#14027=ADVANCED_FACE('',(#9375,#9376),#9832,.F.);
#14028=ADVANCED_FACE('',(#9377),#196,.T.);
#14029=ADVANCED_FACE('',(#9378),#9833,.F.);
#14030=ADVANCED_FACE('',(#9379,#9380),#9834,.F.);
#14031=ADVANCED_FACE('',(#9381),#197,.F.);
#14032=ADVANCED_FACE('',(#9382),#9835,.T.);
#14033=ADVANCED_FACE('',(#9383),#9836,.T.);
#14034=ADVANCED_FACE('',(#9384),#198,.T.);
#14035=ADVANCED_FACE('',(#9385),#9837,.T.);
#14036=ADVANCED_FACE('',(#9386),#9838,.F.);
#14037=ADVANCED_FACE('',(#9387),#199,.T.);
#14038=ADVANCED_FACE('',(#9388),#9839,.F.);
#14039=ADVANCED_FACE('',(#9389),#9840,.T.);
#14040=ADVANCED_FACE('',(#9390),#9841,.T.);
#14041=ADVANCED_FACE('',(#9391),#9842,.T.);
#14042=ADVANCED_FACE('',(#9392),#9843,.F.);
#14043=ADVANCED_FACE('',(#9393),#9844,.T.);
#14044=ADVANCED_FACE('',(#9394),#9845,.F.);
#14045=ADVANCED_FACE('',(#9395),#9846,.T.);
#14046=ADVANCED_FACE('',(#9396),#9847,.T.);
#14047=ADVANCED_FACE('',(#9397),#200,.F.);
#14048=ADVANCED_FACE('',(#9398),#9848,.T.);
#14049=ADVANCED_FACE('',(#9399),#201,.T.);
#14050=ADVANCED_FACE('',(#9400),#9849,.F.);
#14051=ADVANCED_FACE('',(#9401),#9850,.T.);
#14052=ADVANCED_FACE('',(#9402),#9851,.F.);
#14053=ADVANCED_FACE('',(#9403),#9852,.F.);
#14054=ADVANCED_FACE('',(#9404),#202,.T.);
#14055=ADVANCED_FACE('',(#9405),#9853,.F.);
#14056=ADVANCED_FACE('',(#9406),#203,.T.);
#14057=ADVANCED_FACE('',(#9407),#9854,.T.);
#14058=ADVANCED_FACE('',(#9408),#204,.F.);
#14059=ADVANCED_FACE('',(#9409),#9855,.F.);
#14060=ADVANCED_FACE('',(#9410),#9856,.F.);
#14061=ADVANCED_FACE('',(#9411),#9857,.F.);
#14062=ADVANCED_FACE('',(#9412),#205,.F.);
#14063=ADVANCED_FACE('',(#9413),#9858,.T.);
#14064=ADVANCED_FACE('',(#9414),#9859,.T.);
#14065=ADVANCED_FACE('',(#9415),#9860,.T.);
#14066=ADVANCED_FACE('',(#9416),#206,.F.);
#14067=ADVANCED_FACE('',(#9417),#207,.T.);
#14068=ADVANCED_FACE('',(#9418),#9861,.F.);
#14069=ADVANCED_FACE('',(#9419),#208,.T.);
#14070=ADVANCED_FACE('',(#9420),#9862,.F.);
#14071=ADVANCED_FACE('',(#9421),#9863,.T.);
#14072=ADVANCED_FACE('',(#9422),#209,.T.);
#14073=ADVANCED_FACE('',(#9423),#9864,.T.);
#14074=ADVANCED_FACE('',(#9424),#9865,.T.);
#14075=ADVANCED_FACE('',(#9425),#9866,.T.);
#14076=ADVANCED_FACE('',(#9426),#9867,.T.);
#14077=ADVANCED_FACE('',(#9427),#210,.T.);
#14078=ADVANCED_FACE('',(#9428),#211,.F.);
#14079=ADVANCED_FACE('',(#9429),#9868,.T.);
#14080=ADVANCED_FACE('',(#9430),#212,.T.);
#14081=ADVANCED_FACE('',(#9431),#213,.T.);
#14082=ADVANCED_FACE('',(#9432),#214,.F.);
#14083=ADVANCED_FACE('',(#9433),#9869,.F.);
#14084=ADVANCED_FACE('',(#9434),#215,.T.);
#14085=ADVANCED_FACE('',(#9435),#9870,.F.);
#14086=ADVANCED_FACE('',(#9436),#9871,.T.);
#14087=ADVANCED_FACE('',(#9437),#9872,.F.);
#14088=ADVANCED_FACE('',(#9438),#216,.T.);
#14089=ADVANCED_FACE('',(#9439),#9873,.F.);
#14090=ADVANCED_FACE('',(#9440),#217,.F.);
#14091=ADVANCED_FACE('',(#9441),#9874,.F.);
#14092=ADVANCED_FACE('',(#9442),#9875,.T.);
#14093=ADVANCED_FACE('',(#9443),#9876,.T.);
#14094=ADVANCED_FACE('',(#9444),#9877,.F.);
#14095=ADVANCED_FACE('',(#9445),#9878,.T.);
#14096=ADVANCED_FACE('',(#9446),#9879,.F.);
#14097=ADVANCED_FACE('',(#9447),#9880,.T.);
#14098=ADVANCED_FACE('',(#9448),#44,.F.);
#14099=ADVANCED_FACE('',(#9449),#218,.F.);
#14100=ADVANCED_FACE('',(#9450),#219,.T.);
#14101=ADVANCED_FACE('',(#9451),#9881,.T.);
#14102=ADVANCED_FACE('',(#9452),#9882,.T.);
#14103=ADVANCED_FACE('',(#9453),#9883,.F.);
#14104=ADVANCED_FACE('',(#9454),#126,.T.);
#14105=ADVANCED_FACE('',(#9455),#9884,.T.);
#14106=ADVANCED_FACE('',(#9456),#9885,.T.);
#14107=ADVANCED_FACE('',(#9457),#9886,.F.);
#14108=ADVANCED_FACE('',(#9458),#9887,.F.);
#14109=ADVANCED_FACE('',(#9459),#9888,.F.);
#14110=ADVANCED_FACE('',(#9460),#220,.F.);
#14111=ADVANCED_FACE('',(#9461),#9889,.F.);
#14112=ADVANCED_FACE('',(#9462,#9463),#9890,.F.);
#14113=ADVANCED_FACE('',(#9464),#9891,.F.);
#14114=ADVANCED_FACE('',(#9465),#9892,.F.);
#14115=ADVANCED_FACE('',(#9466),#221,.T.);
#14116=ADVANCED_FACE('',(#9467),#9893,.F.);
#14117=ADVANCED_FACE('',(#9468),#9894,.T.);
#14118=ADVANCED_FACE('',(#9469),#9895,.T.);
#14119=ADVANCED_FACE('',(#9470),#222,.T.);
#14120=ADVANCED_FACE('',(#9471),#9896,.T.);
#14121=ADVANCED_FACE('',(#9472),#9897,.T.);
#14122=ADVANCED_FACE('',(#9473),#223,.T.);
#14123=ADVANCED_FACE('',(#9474),#224,.T.);
#14124=ADVANCED_FACE('',(#9475),#9898,.T.);
#14125=ADVANCED_FACE('',(#9476),#9899,.T.);
#14126=ADVANCED_FACE('',(#9477),#225,.T.);
#14127=ADVANCED_FACE('',(#9478),#226,.T.);
#14128=ADVANCED_FACE('',(#9479),#9900,.T.);
#14129=ADVANCED_FACE('',(#9480),#9901,.F.);
#14130=ADVANCED_FACE('',(#9481),#9902,.T.);
#14131=ADVANCED_FACE('',(#9482),#9903,.T.);
#14132=ADVANCED_FACE('',(#9483),#9904,.F.);
#14133=ADVANCED_FACE('',(#9484),#9905,.F.);
#14134=ADVANCED_FACE('',(#9485),#9906,.T.);
#14135=ADVANCED_FACE('',(#9486),#227,.T.);
#14136=ADVANCED_FACE('',(#9487),#9907,.F.);
#14137=ADVANCED_FACE('',(#9488),#228,.F.);
#14138=ADVANCED_FACE('',(#9489),#9908,.T.);
#14139=ADVANCED_FACE('',(#9490),#229,.T.);
#14140=ADVANCED_FACE('',(#9491),#9909,.F.);
#14141=ADVANCED_FACE('',(#9492),#230,.T.);
#14142=ADVANCED_FACE('',(#9493),#231,.T.);
#14143=ADVANCED_FACE('',(#9494),#127,.F.);
#14144=ADVANCED_FACE('',(#9495),#9910,.F.);
#14145=ADVANCED_FACE('',(#9496),#232,.T.);
#14146=ADVANCED_FACE('',(#9497),#9911,.T.);
#14147=ADVANCED_FACE('',(#9498),#9912,.F.);
#14148=ADVANCED_FACE('',(#9499),#233,.T.);
#14149=ADVANCED_FACE('',(#9500),#234,.T.);
#14150=ADVANCED_FACE('',(#9501),#9913,.F.);
#14151=ADVANCED_FACE('',(#9502),#9914,.F.);
#14152=ADVANCED_FACE('',(#9503),#235,.T.);
#14153=ADVANCED_FACE('',(#9504),#236,.F.);
#14154=ADVANCED_FACE('',(#9505),#9915,.T.);
#14155=ADVANCED_FACE('',(#9506),#9916,.T.);
#14156=ADVANCED_FACE('',(#9507),#9917,.T.);
#14157=ADVANCED_FACE('',(#9508),#9918,.T.);
#14158=ADVANCED_FACE('',(#9509),#237,.T.);
#14159=ADVANCED_FACE('',(#9510),#238,.F.);
#14160=ADVANCED_FACE('',(#9511),#9919,.T.);
#14161=ADVANCED_FACE('',(#9512),#9920,.T.);
#14162=ADVANCED_FACE('',(#9513),#9921,.T.);
#14163=ADVANCED_FACE('',(#9514),#9922,.F.);
#14164=ADVANCED_FACE('',(#9515),#9923,.F.);
#14165=ADVANCED_FACE('',(#9516),#9924,.F.);
#14166=ADVANCED_FACE('',(#9517),#9925,.F.);
#14167=ADVANCED_FACE('',(#9518),#239,.T.);
#14168=ADVANCED_FACE('',(#9519),#9926,.F.);
#14169=ADVANCED_FACE('',(#9520),#240,.T.);
#14170=ADVANCED_FACE('',(#9521),#241,.T.);
#14171=ADVANCED_FACE('',(#9522),#45,.F.);
#14172=ADVANCED_FACE('',(#9523),#9927,.F.);
#14173=ADVANCED_FACE('',(#9524),#9928,.T.);
#14174=ADVANCED_FACE('',(#9525),#242,.T.);
#14175=ADVANCED_FACE('',(#9526),#243,.F.);
#14176=ADVANCED_FACE('',(#9527),#244,.F.);
#14177=ADVANCED_FACE('',(#9528,#9529),#9929,.T.);
#14178=ADVANCED_FACE('',(#9530),#9930,.T.);
#14179=ADVANCED_FACE('',(#9531),#9931,.F.);
#14180=ADVANCED_FACE('',(#9532),#9932,.F.);
#14181=ADVANCED_FACE('',(#9533),#9933,.F.);
#14182=ADVANCED_FACE('',(#9534),#9934,.F.);
#14183=ADVANCED_FACE('',(#9535),#46,.F.);
#14184=ADVANCED_FACE('',(#9536),#245,.T.);
#14185=ADVANCED_FACE('',(#9537),#9935,.T.);
#14186=ADVANCED_FACE('',(#9538),#9936,.T.);
#14187=ADVANCED_FACE('',(#9539),#9937,.F.);
#14188=ADVANCED_FACE('',(#9540),#246,.T.);
#14189=ADVANCED_FACE('',(#9541),#247,.T.);
#14190=ADVANCED_FACE('',(#9542),#9938,.F.);
#14191=ADVANCED_FACE('',(#9543),#248,.T.);
#14192=ADVANCED_FACE('',(#9544),#249,.F.);
#14193=ADVANCED_FACE('',(#9545),#9939,.F.);
#14194=ADVANCED_FACE('',(#9546),#9940,.T.);
#14195=ADVANCED_FACE('',(#9547),#9941,.F.);
#14196=ADVANCED_FACE('',(#9548),#9942,.F.);
#14197=ADVANCED_FACE('',(#9549),#9943,.F.);
#14198=ADVANCED_FACE('',(#9550),#9944,.F.);
#14199=ADVANCED_FACE('',(#9551),#250,.T.);
#14200=ADVANCED_FACE('',(#9552),#251,.F.);
#14201=ADVANCED_FACE('',(#9553),#252,.T.);
#14202=ADVANCED_FACE('',(#9554),#9945,.T.);
#14203=ADVANCED_FACE('',(#9555),#9946,.T.);
#14204=ADVANCED_FACE('',(#9556),#253,.T.);
#14205=ADVANCED_FACE('',(#9557),#9947,.F.);
#14206=ADVANCED_FACE('',(#9558),#9948,.F.);
#14207=ADVANCED_FACE('',(#9559),#254,.F.);
#14208=ADVANCED_FACE('',(#9560),#9949,.F.);
#14209=ADVANCED_FACE('',(#9561),#128,.F.);
#14210=ADVANCED_FACE('',(#9562),#255,.F.);
#14211=ADVANCED_FACE('',(#9563),#9950,.F.);
#14212=ADVANCED_FACE('',(#9564),#9951,.F.);
#14213=ADVANCED_FACE('',(#9565),#9952,.T.);
#14214=ADVANCED_FACE('',(#9566),#256,.F.);
#14215=ADVANCED_FACE('',(#9567),#257,.T.);
#14216=ADVANCED_FACE('',(#9568,#9569),#9953,.T.);
#14217=ADVANCED_FACE('',(#9570),#9954,.T.);
#14218=ADVANCED_FACE('',(#9571),#9955,.F.);
#14219=ADVANCED_FACE('',(#9572),#9956,.F.);
#14220=ADVANCED_FACE('',(#9573),#258,.F.);
#14221=ADVANCED_FACE('',(#9574),#259,.F.);
#14222=ADVANCED_FACE('',(#9575),#9957,.T.);
#14223=ADVANCED_FACE('',(#9576),#9958,.F.);
#14224=ADVANCED_FACE('',(#9577),#47,.F.);
#14225=ADVANCED_FACE('',(#9578),#260,.T.);
#14226=ADVANCED_FACE('',(#9579),#9959,.T.);
#14227=ADVANCED_FACE('',(#9580),#129,.F.);
#14228=ADVANCED_FACE('',(#9581),#261,.T.);
#14229=ADVANCED_FACE('',(#9582),#130,.F.);
#14230=ADVANCED_FACE('',(#9583),#9960,.F.);
#14231=ADVANCED_FACE('',(#9584),#262,.F.);
#14232=ADVANCED_FACE('',(#9585),#263,.T.);
#14233=ADVANCED_FACE('',(#9586),#9961,.T.);
#14234=ADVANCED_FACE('',(#9587),#9962,.T.);
#14235=ADVANCED_FACE('',(#9588),#9963,.T.);
#14236=ADVANCED_FACE('',(#9589),#9964,.T.);
#14237=ADVANCED_FACE('',(#9590),#9965,.F.);
#14238=ADVANCED_FACE('',(#9591),#9966,.T.);
#14239=ADVANCED_FACE('',(#9592),#264,.T.);
#14240=ADVANCED_FACE('',(#9593),#9967,.T.);
#14241=ADVANCED_FACE('',(#9594),#265,.F.);
#14242=ADVANCED_FACE('',(#9595),#266,.T.);
#14243=ADVANCED_FACE('',(#9596),#9968,.F.);
#14244=ADVANCED_FACE('',(#9597),#267,.F.);
#14245=ADVANCED_FACE('',(#9598),#9969,.T.);
#14246=ADVANCED_FACE('',(#9599),#9970,.T.);
#14247=ADVANCED_FACE('',(#9600),#268,.T.);
#14248=ADVANCED_FACE('',(#9601),#9971,.F.);
#14249=ADVANCED_FACE('',(#9602),#9972,.T.);
#14250=ADVANCED_FACE('',(#9603),#269,.F.);
#14251=ADVANCED_FACE('',(#9604),#48,.F.);
#14252=ADVANCED_FACE('',(#9605),#9973,.T.);
#14253=ADVANCED_FACE('',(#9606),#270,.T.);
#14254=ADVANCED_FACE('',(#9607),#9974,.T.);
#14255=ADVANCED_FACE('',(#9608),#271,.F.);
#14256=ADVANCED_FACE('',(#9609),#272,.T.);
#14257=ADVANCED_FACE('',(#9610),#273,.T.);
#14258=ADVANCED_FACE('',(#9611),#9975,.F.);
#14259=ADVANCED_FACE('',(#9612),#9976,.T.);
#14260=ADVANCED_FACE('',(#9613),#9977,.F.);
#14261=ADVANCED_FACE('',(#9614),#9978,.T.);
#14262=ADVANCED_FACE('',(#9615),#9979,.F.);
#14263=ADVANCED_FACE('',(#9616),#9980,.F.);
#14264=ADVANCED_FACE('',(#9617),#9981,.T.);
#14265=ADVANCED_FACE('',(#9618),#9982,.F.);
#14266=ADVANCED_FACE('',(#9619),#274,.F.);
#14267=ADVANCED_FACE('',(#9620),#275,.T.);
#14268=ADVANCED_FACE('',(#9621),#276,.T.);
#14269=ADVANCED_FACE('',(#9622),#277,.F.);
#14270=ADVANCED_FACE('',(#9623),#9983,.F.);
#14271=ADVANCED_FACE('',(#9624),#9984,.T.);
#14272=ADVANCED_FACE('',(#9625),#9985,.T.);
#14273=ADVANCED_FACE('',(#9626),#9986,.T.);
#14274=ADVANCED_FACE('',(#9627),#278,.F.);
#14275=ADVANCED_FACE('',(#9628),#279,.T.);
#14276=ADVANCED_FACE('',(#9629),#9987,.T.);
#14277=ADVANCED_FACE('',(#9630),#280,.T.);
#14278=ADVANCED_FACE('',(#9631),#9988,.F.);
#14279=ADVANCED_FACE('',(#9632),#281,.F.);
#14280=ADVANCED_FACE('',(#9633),#282,.T.);
#14281=ADVANCED_FACE('',(#9634),#283,.T.);
#14282=ADVANCED_FACE('',(#9635),#9989,.F.);
#14283=ADVANCED_FACE('',(#9636),#9990,.F.);
#14284=ADVANCED_FACE('',(#9637),#9991,.F.);
#14285=ADVANCED_FACE('',(#9638),#284,.F.);
#14286=ADVANCED_FACE('',(#9639),#9992,.F.);
#14287=ADVANCED_FACE('',(#9640),#9993,.F.);
#14288=ADVANCED_FACE('',(#9641),#9994,.T.);
#14289=ADVANCED_FACE('',(#9642),#131,.F.);
#14290=ADVANCED_FACE('',(#9643),#9995,.F.);
#14291=ADVANCED_FACE('',(#9644),#285,.T.);
#14292=ADVANCED_FACE('',(#9645),#9996,.T.);
#14293=ADVANCED_FACE('',(#9646),#286,.T.);
#14294=ADVANCED_FACE('',(#9647),#9997,.F.);
#14295=ADVANCED_FACE('',(#9648),#287,.T.);
#14296=ADVANCED_FACE('',(#9649),#9998,.T.);
#14297=CLOSED_SHELL('',(#13760,#13761,#13762,#13763,#13764,#13765,#13766,
#13767,#13768,#13769,#13770,#13771,#13772,#13773,#13774,#13775,#13776,#13777,
#13778,#13779,#13780,#13781,#13782,#13783,#13784,#13785,#13786,#13787,#13788,
#13789,#13790,#13791,#13792,#13793,#13794,#13795,#13796,#13797,#13798,#13799,
#13800,#13801,#13802,#13803,#13804,#13805,#13806,#13807,#13808,#13809,#13810,
#13811,#13812,#13813,#13814,#13815,#13816,#13817,#13818,#13819,#13820,#13821,
#13822,#13823,#13824,#13825,#13826,#13827,#13828,#13829,#13830,#13831,#13832,
#13833,#13834,#13835,#13836,#13837,#13838,#13839,#13840,#13841,#13842,#13843,
#13844,#13845,#13846,#13847,#13848,#13849,#13850,#13851,#13852,#13853,#13854,
#13855,#13856,#13857,#13858,#13859,#13860,#13861,#13862,#13863,#13864,#13865,
#13866,#13867,#13868,#13869,#13870,#13871,#13872,#13873,#13874,#13875,#13876,
#13877,#13878,#13879,#13880,#13881,#13882,#13883,#13884,#13885,#13886,#13887,
#13888,#13889,#13890,#13891,#13892,#13893,#13894,#13895,#13896,#13897,#13898,
#13899,#13900,#13901,#13902,#13903,#13904,#13905,#13906,#13907,#13908,#13909,
#13910,#13911,#13912,#13913,#13914,#13915,#13916,#13917,#13918,#13919,#13920,
#13921,#13922,#13923,#13924,#13925,#13926,#13927,#13928,#13929,#13930,#13931,
#13932,#13933,#13934,#13935,#13936,#13937,#13938,#13939,#13940,#13941,#13942,
#13943,#13944,#13945,#13946,#13947,#13948,#13949,#13950,#13951,#13952,#13953,
#13954,#13955,#13956,#13957,#13958,#13959,#13960,#13961,#13962,#13963,#13964,
#13965,#13966,#13967,#13968,#13969,#13970,#13971,#13972,#13973,#13974,#13975,
#13976,#13977,#13978,#13979,#13980,#13981,#13982,#13983,#13984,#13985,#13986,
#13987,#13988,#13989,#13990,#13991,#13992,#13993,#13994,#13995,#13996,#13997,
#13998,#13999,#14000,#14001,#14002,#14003,#14004,#14005,#14006,#14007,#14008,
#14009,#14010,#14011,#14012,#14013,#14014,#14015,#14016,#14017,#14018,#14019,
#14020,#14021,#14022,#14023,#14024,#14025,#14026,#14027,#14028,#14029,#14030,
#14031,#14032,#14033,#14034,#14035,#14036,#14037,#14038,#14039,#14040,#14041,
#14042,#14043,#14044,#14045,#14046,#14047,#14048,#14049,#14050,#14051,#14052,
#14053,#14054,#14055,#14056,#14057,#14058,#14059,#14060,#14061,#14062,#14063,
#14064,#14065,#14066,#14067,#14068,#14069,#14070,#14071,#14072,#14073,#14074,
#14075,#14076,#14077,#14078,#14079,#14080,#14081,#14082,#14083,#14084,#14085,
#14086,#14087,#14088,#14089,#14090,#14091,#14092,#14093,#14094,#14095,#14096,
#14097,#14098,#14099,#14100,#14101,#14102,#14103,#14104,#14105,#14106,#14107,
#14108,#14109,#14110,#14111,#14112,#14113,#14114,#14115,#14116,#14117,#14118,
#14119,#14120,#14121,#14122,#14123,#14124,#14125,#14126,#14127,#14128,#14129,
#14130,#14131,#14132,#14133,#14134,#14135,#14136,#14137,#14138,#14139,#14140,
#14141,#14142,#14143,#14144,#14145,#14146,#14147,#14148,#14149,#14150,#14151,
#14152,#14153,#14154,#14155,#14156,#14157,#14158,#14159,#14160,#14161,#14162,
#14163,#14164,#14165,#14166,#14167,#14168,#14169,#14170,#14171,#14172,#14173,
#14174,#14175,#14176,#14177,#14178,#14179,#14180,#14181,#14182,#14183,#14184,
#14185,#14186,#14187,#14188,#14189,#14190,#14191,#14192,#14193,#14194,#14195,
#14196,#14197,#14198,#14199,#14200,#14201,#14202,#14203,#14204,#14205,#14206,
#14207,#14208,#14209,#14210,#14211,#14212,#14213,#14214,#14215,#14216,#14217,
#14218,#14219,#14220,#14221,#14222,#14223,#14224,#14225,#14226,#14227,#14228,
#14229,#14230,#14231,#14232,#14233,#14234,#14235,#14236,#14237,#14238,#14239,
#14240,#14241,#14242,#14243,#14244,#14245,#14246,#14247,#14248,#14249,#14250,
#14251,#14252,#14253,#14254,#14255,#14256,#14257,#14258,#14259,#14260,#14261,
#14262,#14263,#14264,#14265,#14266,#14267,#14268,#14269,#14270,#14271,#14272,
#14273,#14274,#14275,#14276,#14277,#14278,#14279,#14280,#14281,#14282,#14283,
#14284,#14285,#14286,#14287,#14288,#14289,#14290,#14291,#14292,#14293,#14294,
#14295,#14296));
#14298=MANIFOLD_SOLID_BREP('\X\CA\X\E4\X\C8\X\EB1',#14297);
#14299=SHAPE_DEFINITION_REPRESENTATION(#21567,#14301);
#14300=SHAPE_DEFINITION_REPRESENTATION(#21568,#14302);
#14301=SHAPE_REPRESENTATION('USB4130-GF-C',(#14303,#15201),#21560);
#14302=SHAPE_REPRESENTATION('USB4130-GF-C_PART1',(#14303),#21561);
#14303=AXIS2_PLACEMENT_3D('',#18145,#15202,#15203);
#14304=AXIS2_PLACEMENT_3D('',#18146,#15204,#15205);
#14305=AXIS2_PLACEMENT_3D('',#18159,#15212,#15213);
#14306=AXIS2_PLACEMENT_3D('',#18173,#15221,#15222);
#14307=AXIS2_PLACEMENT_3D('',#18182,#15227,#15228);
#14308=AXIS2_PLACEMENT_3D('',#18191,#15233,#15234);
#14309=AXIS2_PLACEMENT_3D('',#18195,#15236,#15237);
#14310=AXIS2_PLACEMENT_3D('',#18202,#15241,#15242);
#14311=AXIS2_PLACEMENT_3D('',#18217,#15250,#15251);
#14312=AXIS2_PLACEMENT_3D('',#18221,#15253,#15254);
#14313=AXIS2_PLACEMENT_3D('',#18225,#15256,#15257);
#14314=AXIS2_PLACEMENT_3D('',#18226,#15258,#15259);
#14315=AXIS2_PLACEMENT_3D('',#18230,#15261,#15262);
#14316=AXIS2_PLACEMENT_3D('',#18239,#15264,#15265);
#14317=AXIS2_PLACEMENT_3D('',#18241,#15266,#15267);
#14318=AXIS2_PLACEMENT_3D('',#18243,#15268,#15269);
#14319=AXIS2_PLACEMENT_3D('',#18244,#15270,#15271);
#14320=AXIS2_PLACEMENT_3D('',#18248,#15273,#15274);
#14321=AXIS2_PLACEMENT_3D('',#18252,#15276,#15277);
#14322=AXIS2_PLACEMENT_3D('',#18253,#15278,#15279);
#14323=AXIS2_PLACEMENT_3D('',#18254,#15280,#15281);
#14324=AXIS2_PLACEMENT_3D('',#18259,#15283,#15284);
#14325=AXIS2_PLACEMENT_3D('',#18262,#15286,#15287);
#14326=AXIS2_PLACEMENT_3D('',#18266,#15289,#15290);
#14327=AXIS2_PLACEMENT_3D('',#18270,#15292,#15293);
#14328=AXIS2_PLACEMENT_3D('',#18271,#15294,#15295);
#14329=AXIS2_PLACEMENT_3D('',#18279,#15299,#15300);
#14330=AXIS2_PLACEMENT_3D('',#18283,#15302,#15303);
#14331=AXIS2_PLACEMENT_3D('',#18284,#15304,#15305);
#14332=AXIS2_PLACEMENT_3D('',#18304,#15316,#15317);
#14333=AXIS2_PLACEMENT_3D('',#18321,#15326,#15327);
#14334=AXIS2_PLACEMENT_3D('',#18325,#15329,#15330);
#14335=AXIS2_PLACEMENT_3D('',#18329,#15332,#15333);
#14336=AXIS2_PLACEMENT_3D('',#18330,#15334,#15335);
#14337=AXIS2_PLACEMENT_3D('',#18340,#15341,#15342);
#14338=AXIS2_PLACEMENT_3D('',#18341,#15343,#15344);
#14339=AXIS2_PLACEMENT_3D('',#18346,#15346,#15347);
#14340=AXIS2_PLACEMENT_3D('',#18353,#15351,#15352);
#14341=AXIS2_PLACEMENT_3D('',#18362,#15357,#15358);
#14342=AXIS2_PLACEMENT_3D('',#18363,#15359,#15360);
#14343=AXIS2_PLACEMENT_3D('',#18367,#15362,#15363);
#14344=AXIS2_PLACEMENT_3D('',#18370,#15365,#15366);
#14345=AXIS2_PLACEMENT_3D('',#18374,#15368,#15369);
#14346=AXIS2_PLACEMENT_3D('',#18378,#15371,#15372);
#14347=AXIS2_PLACEMENT_3D('',#18379,#15373,#15374);
#14348=AXIS2_PLACEMENT_3D('',#18402,#15386,#15387);
#14349=AXIS2_PLACEMENT_3D('',#18406,#15389,#15390);
#14350=AXIS2_PLACEMENT_3D('',#18410,#15392,#15393);
#14351=AXIS2_PLACEMENT_3D('',#18414,#15395,#15396);
#14352=AXIS2_PLACEMENT_3D('',#18418,#15398,#15399);
#14353=AXIS2_PLACEMENT_3D('',#18422,#15401,#15402);
#14354=AXIS2_PLACEMENT_3D('',#18426,#15404,#15405);
#14355=AXIS2_PLACEMENT_3D('',#18430,#15407,#15408);
#14356=AXIS2_PLACEMENT_3D('',#18436,#15411,#15412);
#14357=AXIS2_PLACEMENT_3D('',#18440,#15414,#15415);
#14358=AXIS2_PLACEMENT_3D('',#18451,#15419,#15420);
#14359=AXIS2_PLACEMENT_3D('',#18455,#15422,#15423);
#14360=AXIS2_PLACEMENT_3D('',#18459,#15425,#15426);
#14361=AXIS2_PLACEMENT_3D('',#18460,#15427,#15428);
#14362=AXIS2_PLACEMENT_3D('',#18469,#15433,#15434);
#14363=AXIS2_PLACEMENT_3D('',#18479,#15439,#15440);
#14364=AXIS2_PLACEMENT_3D('',#18483,#15442,#15443);
#14365=AXIS2_PLACEMENT_3D('',#18487,#15446,#15447);
#14366=AXIS2_PLACEMENT_3D('',#18491,#15449,#15450);
#14367=AXIS2_PLACEMENT_3D('',#18495,#15452,#15453);
#14368=AXIS2_PLACEMENT_3D('',#18496,#15454,#15455);
#14369=AXIS2_PLACEMENT_3D('',#18499,#15457,#15458);
#14370=AXIS2_PLACEMENT_3D('',#18502,#15460,#15461);
#14371=AXIS2_PLACEMENT_3D('',#18506,#15463,#15464);
#14372=AXIS2_PLACEMENT_3D('',#18510,#15466,#15467);
#14373=AXIS2_PLACEMENT_3D('',#18511,#15468,#15469);
#14374=AXIS2_PLACEMENT_3D('',#18512,#15470,#15471);
#14375=AXIS2_PLACEMENT_3D('',#18514,#15472,#15473);
#14376=AXIS2_PLACEMENT_3D('',#18518,#15475,#15476);
#14377=AXIS2_PLACEMENT_3D('',#18519,#15477,#15478);
#14378=AXIS2_PLACEMENT_3D('',#18520,#15479,#15480);
#14379=AXIS2_PLACEMENT_3D('',#18524,#15482,#15483);
#14380=AXIS2_PLACEMENT_3D('',#18533,#15488,#15489);
#14381=AXIS2_PLACEMENT_3D('',#18560,#15495,#15496);
#14382=AXIS2_PLACEMENT_3D('',#18562,#15497,#15498);
#14383=AXIS2_PLACEMENT_3D('',#18567,#15499,#15500);
#14384=AXIS2_PLACEMENT_3D('',#18576,#15505,#15506);
#14385=AXIS2_PLACEMENT_3D('',#18577,#15507,#15508);
#14386=AXIS2_PLACEMENT_3D('',#18582,#15510,#15511);
#14387=AXIS2_PLACEMENT_3D('',#18584,#15513,#15514);
#14388=AXIS2_PLACEMENT_3D('',#18593,#15519,#15520);
#14389=AXIS2_PLACEMENT_3D('',#18597,#15522,#15523);
#14390=AXIS2_PLACEMENT_3D('',#18607,#15528,#15529);
#14391=AXIS2_PLACEMENT_3D('',#18608,#15530,#15531);
#14392=AXIS2_PLACEMENT_3D('',#18611,#15533,#15534);
#14393=AXIS2_PLACEMENT_3D('',#18616,#15537,#15538);
#14394=AXIS2_PLACEMENT_3D('',#18617,#15539,#15540);
#14395=AXIS2_PLACEMENT_3D('',#18619,#15541,#15542);
#14396=AXIS2_PLACEMENT_3D('',#18627,#15544,#15545);
#14397=AXIS2_PLACEMENT_3D('',#18652,#15550,#15551);
#14398=AXIS2_PLACEMENT_3D('',#18660,#15552,#15553);
#14399=AXIS2_PLACEMENT_3D('',#18662,#15554,#15555);
#14400=AXIS2_PLACEMENT_3D('',#18663,#15556,#15557);
#14401=AXIS2_PLACEMENT_3D('',#18669,#15561,#15562);
#14402=AXIS2_PLACEMENT_3D('',#18676,#15566,#15567);
#14403=AXIS2_PLACEMENT_3D('',#18677,#15568,#15569);
#14404=AXIS2_PLACEMENT_3D('',#18681,#15571,#15572);
#14405=AXIS2_PLACEMENT_3D('',#18685,#15574,#15575);
#14406=AXIS2_PLACEMENT_3D('',#18686,#15576,#15577);
#14407=AXIS2_PLACEMENT_3D('',#18695,#15582,#15583);
#14408=AXIS2_PLACEMENT_3D('',#18696,#15584,#15585);
#14409=AXIS2_PLACEMENT_3D('',#18701,#15587,#15588);
#14410=AXIS2_PLACEMENT_3D('',#18703,#15589,#15590);
#14411=AXIS2_PLACEMENT_3D('',#18705,#15591,#15592);
#14412=AXIS2_PLACEMENT_3D('',#18709,#15594,#15595);
#14413=AXIS2_PLACEMENT_3D('',#18713,#15597,#15598);
#14414=AXIS2_PLACEMENT_3D('',#18727,#15605,#15606);
#14415=AXIS2_PLACEMENT_3D('',#18731,#15608,#15609);
#14416=AXIS2_PLACEMENT_3D('',#18734,#15611,#15612);
#14417=AXIS2_PLACEMENT_3D('',#18735,#15613,#15614);
#14418=AXIS2_PLACEMENT_3D('',#18740,#15617,#15618);
#14419=AXIS2_PLACEMENT_3D('',#18746,#15621,#15622);
#14420=AXIS2_PLACEMENT_3D('',#18750,#15624,#15625);
#14421=AXIS2_PLACEMENT_3D('',#18757,#15629,#15630);
#14422=AXIS2_PLACEMENT_3D('',#18761,#15632,#15633);
#14423=AXIS2_PLACEMENT_3D('',#18765,#15635,#15636);
#14424=AXIS2_PLACEMENT_3D('',#18782,#15637,#15638);
#14425=AXIS2_PLACEMENT_3D('',#18785,#15639,#15640);
#14426=AXIS2_PLACEMENT_3D('',#18787,#15641,#15642);
#14427=AXIS2_PLACEMENT_3D('',#18788,#15643,#15644);
#14428=AXIS2_PLACEMENT_3D('',#18789,#15645,#15646);
#14429=AXIS2_PLACEMENT_3D('',#18799,#15648,#15649);
#14430=AXIS2_PLACEMENT_3D('',#18802,#15651,#15652);
#14431=AXIS2_PLACEMENT_3D('',#18811,#15658,#15659);
#14432=AXIS2_PLACEMENT_3D('',#18820,#15664,#15665);
#14433=AXIS2_PLACEMENT_3D('',#18824,#15667,#15668);
#14434=AXIS2_PLACEMENT_3D('',#18831,#15672,#15673);
#14435=AXIS2_PLACEMENT_3D('',#18840,#15678,#15679);
#14436=AXIS2_PLACEMENT_3D('',#18853,#15687,#15688);
#14437=AXIS2_PLACEMENT_3D('',#18857,#15690,#15691);
#14438=AXIS2_PLACEMENT_3D('',#18861,#15693,#15694);
#14439=AXIS2_PLACEMENT_3D('',#18865,#15696,#15697);
#14440=AXIS2_PLACEMENT_3D('',#18871,#15700,#15701);
#14441=AXIS2_PLACEMENT_3D('',#18873,#15702,#15703);
#14442=AXIS2_PLACEMENT_3D('',#18877,#15705,#15706);
#14443=AXIS2_PLACEMENT_3D('',#18879,#15707,#15708);
#14444=AXIS2_PLACEMENT_3D('',#18887,#15712,#15713);
#14445=AXIS2_PLACEMENT_3D('',#18889,#15714,#15715);
#14446=AXIS2_PLACEMENT_3D('',#18893,#15717,#15718);
#14447=AXIS2_PLACEMENT_3D('',#18895,#15719,#15720);
#14448=AXIS2_PLACEMENT_3D('',#18896,#15721,#15722);
#14449=AXIS2_PLACEMENT_3D('',#18899,#15725,#15726);
#14450=AXIS2_PLACEMENT_3D('',#18902,#15728,#15729);
#14451=AXIS2_PLACEMENT_3D('',#18905,#15731,#15732);
#14452=AXIS2_PLACEMENT_3D('',#18915,#15738,#15739);
#14453=AXIS2_PLACEMENT_3D('',#18924,#15744,#15745);
#14454=AXIS2_PLACEMENT_3D('',#18928,#15748,#15749);
#14455=AXIS2_PLACEMENT_3D('',#18932,#15751,#15752);
#14456=AXIS2_PLACEMENT_3D('',#18941,#15757,#15758);
#14457=AXIS2_PLACEMENT_3D('',#18942,#15759,#15760);
#14458=AXIS2_PLACEMENT_3D('',#18946,#15762,#15763);
#14459=AXIS2_PLACEMENT_3D('',#18950,#15765,#15766);
#14460=AXIS2_PLACEMENT_3D('',#18951,#15767,#15768);
#14461=AXIS2_PLACEMENT_3D('',#18954,#15771,#15772);
#14462=AXIS2_PLACEMENT_3D('',#18979,#15777,#15778);
#14463=AXIS2_PLACEMENT_3D('',#18981,#15779,#15780);
#14464=AXIS2_PLACEMENT_3D('',#18982,#15781,#15782);
#14465=AXIS2_PLACEMENT_3D('',#18991,#15787,#15788);
#14466=AXIS2_PLACEMENT_3D('',#18995,#15790,#15791);
#14467=AXIS2_PLACEMENT_3D('',#18999,#15793,#15794);
#14468=AXIS2_PLACEMENT_3D('',#19001,#15795,#15796);
#14469=AXIS2_PLACEMENT_3D('',#19018,#15797,#15798);
#14470=AXIS2_PLACEMENT_3D('',#19021,#15799,#15800);
#14471=AXIS2_PLACEMENT_3D('',#19023,#15801,#15802);
#14472=AXIS2_PLACEMENT_3D('',#19024,#15803,#15804);
#14473=AXIS2_PLACEMENT_3D('',#19030,#15808,#15809);
#14474=AXIS2_PLACEMENT_3D('',#19035,#15812,#15813);
#14475=AXIS2_PLACEMENT_3D('',#19036,#15814,#15815);
#14476=AXIS2_PLACEMENT_3D('',#19045,#15820,#15821);
#14477=AXIS2_PLACEMENT_3D('',#19049,#15823,#15824);
#14478=AXIS2_PLACEMENT_3D('',#19050,#15825,#15826);
#14479=AXIS2_PLACEMENT_3D('',#19055,#15829,#15830);
#14480=AXIS2_PLACEMENT_3D('',#19058,#15832,#15833);
#14481=AXIS2_PLACEMENT_3D('',#19062,#15835,#15836);
#14482=AXIS2_PLACEMENT_3D('',#19066,#15838,#15839);
#14483=AXIS2_PLACEMENT_3D('',#19069,#15841,#15842);
#14484=AXIS2_PLACEMENT_3D('',#19070,#15843,#15844);
#14485=AXIS2_PLACEMENT_3D('',#19074,#15846,#15847);
#14486=AXIS2_PLACEMENT_3D('',#19081,#15852,#15853);
#14487=AXIS2_PLACEMENT_3D('',#19082,#15854,#15855);
#14488=AXIS2_PLACEMENT_3D('',#19085,#15857,#15858);
#14489=AXIS2_PLACEMENT_3D('',#19088,#15860,#15861);
#14490=AXIS2_PLACEMENT_3D('',#19094,#15864,#15865);
#14491=AXIS2_PLACEMENT_3D('',#19117,#15867,#15868);
#14492=AXIS2_PLACEMENT_3D('',#19118,#15869,#15870);
#14493=AXIS2_PLACEMENT_3D('',#19119,#15871,#15872);
#14494=AXIS2_PLACEMENT_3D('',#19121,#15873,#15874);
#14495=AXIS2_PLACEMENT_3D('',#19125,#15876,#15877);
#14496=AXIS2_PLACEMENT_3D('',#19128,#15879,#15880);
#14497=AXIS2_PLACEMENT_3D('',#19137,#15885,#15886);
#14498=AXIS2_PLACEMENT_3D('',#19143,#15890,#15891);
#14499=AXIS2_PLACEMENT_3D('',#19168,#15904,#15905);
#14500=AXIS2_PLACEMENT_3D('',#19222,#15934,#15935);
#14501=AXIS2_PLACEMENT_3D('',#19233,#15941,#15942);
#14502=AXIS2_PLACEMENT_3D('',#19234,#15943,#15944);
#14503=AXIS2_PLACEMENT_3D('',#19244,#15950,#15951);
#14504=AXIS2_PLACEMENT_3D('',#19245,#15952,#15953);
#14505=AXIS2_PLACEMENT_3D('',#19248,#15954,#15955);
#14506=AXIS2_PLACEMENT_3D('',#19250,#15956,#15957);
#14507=AXIS2_PLACEMENT_3D('',#19254,#15959,#15960);
#14508=AXIS2_PLACEMENT_3D('',#19255,#15961,#15962);
#14509=AXIS2_PLACEMENT_3D('',#19258,#15964,#15965);
#14510=AXIS2_PLACEMENT_3D('',#19262,#15967,#15968);
#14511=AXIS2_PLACEMENT_3D('',#19267,#15971,#15972);
#14512=AXIS2_PLACEMENT_3D('',#19271,#15974,#15975);
#14513=AXIS2_PLACEMENT_3D('',#19272,#15976,#15977);
#14514=AXIS2_PLACEMENT_3D('',#19276,#15979,#15980);
#14515=AXIS2_PLACEMENT_3D('',#19284,#15984,#15985);
#14516=AXIS2_PLACEMENT_3D('',#19288,#15987,#15988);
#14517=AXIS2_PLACEMENT_3D('',#19289,#15989,#15990);
#14518=AXIS2_PLACEMENT_3D('',#19293,#15992,#15993);
#14519=AXIS2_PLACEMENT_3D('',#19298,#15996,#15997);
#14520=AXIS2_PLACEMENT_3D('',#19299,#15998,#15999);
#14521=AXIS2_PLACEMENT_3D('',#19302,#16001,#16002);
#14522=AXIS2_PLACEMENT_3D('',#19305,#16004,#16005);
#14523=AXIS2_PLACEMENT_3D('',#19306,#16006,#16007);
#14524=AXIS2_PLACEMENT_3D('',#19307,#16008,#16009);
#14525=AXIS2_PLACEMENT_3D('',#19313,#16013,#16014);
#14526=AXIS2_PLACEMENT_3D('',#19327,#16023,#16024);
#14527=AXIS2_PLACEMENT_3D('',#19335,#16028,#16029);
#14528=AXIS2_PLACEMENT_3D('',#19336,#16030,#16031);
#14529=AXIS2_PLACEMENT_3D('',#19345,#16036,#16037);
#14530=AXIS2_PLACEMENT_3D('',#19370,#16042,#16043);
#14531=AXIS2_PLACEMENT_3D('',#19377,#16044,#16045);
#14532=AXIS2_PLACEMENT_3D('',#19378,#16046,#16047);
#14533=AXIS2_PLACEMENT_3D('',#19386,#16053,#16054);
#14534=AXIS2_PLACEMENT_3D('',#19387,#16055,#16056);
#14535=AXIS2_PLACEMENT_3D('',#19392,#16059,#16060);
#14536=AXIS2_PLACEMENT_3D('',#19396,#16062,#16063);
#14537=AXIS2_PLACEMENT_3D('',#19400,#16065,#16066);
#14538=AXIS2_PLACEMENT_3D('',#19401,#16067,#16068);
#14539=AXIS2_PLACEMENT_3D('',#19405,#16070,#16071);
#14540=AXIS2_PLACEMENT_3D('',#19407,#16072,#16073);
#14541=AXIS2_PLACEMENT_3D('',#19409,#16074,#16075);
#14542=AXIS2_PLACEMENT_3D('',#19413,#16077,#16078);
#14543=AXIS2_PLACEMENT_3D('',#19414,#16079,#16080);
#14544=AXIS2_PLACEMENT_3D('',#19423,#16085,#16086);
#14545=AXIS2_PLACEMENT_3D('',#19429,#16090,#16091);
#14546=AXIS2_PLACEMENT_3D('',#19442,#16098,#16099);
#14547=AXIS2_PLACEMENT_3D('',#19451,#16104,#16105);
#14548=AXIS2_PLACEMENT_3D('',#19464,#16112,#16113);
#14549=AXIS2_PLACEMENT_3D('',#19466,#16115,#16116);
#14550=AXIS2_PLACEMENT_3D('',#19469,#16118,#16119);
#14551=AXIS2_PLACEMENT_3D('',#19472,#16121,#16122);
#14552=AXIS2_PLACEMENT_3D('',#19481,#16127,#16128);
#14553=AXIS2_PLACEMENT_3D('',#19487,#16132,#16133);
#14554=AXIS2_PLACEMENT_3D('',#19490,#16135,#16136);
#14555=AXIS2_PLACEMENT_3D('',#19491,#16137,#16138);
#14556=AXIS2_PLACEMENT_3D('',#19502,#16144,#16145);
#14557=AXIS2_PLACEMENT_3D('',#19507,#16148,#16149);
#14558=AXIS2_PLACEMENT_3D('',#19508,#16150,#16151);
#14559=AXIS2_PLACEMENT_3D('',#19512,#16154,#16155);
#14560=AXIS2_PLACEMENT_3D('',#19516,#16157,#16158);
#14561=AXIS2_PLACEMENT_3D('',#19520,#16160,#16161);
#14562=AXIS2_PLACEMENT_3D('',#19521,#16162,#16163);
#14563=AXIS2_PLACEMENT_3D('',#19528,#16167,#16168);
#14564=AXIS2_PLACEMENT_3D('',#19530,#16170,#16171);
#14565=AXIS2_PLACEMENT_3D('',#19538,#16177,#16178);
#14566=AXIS2_PLACEMENT_3D('',#19539,#16179,#16180);
#14567=AXIS2_PLACEMENT_3D('',#19541,#16181,#16182);
#14568=AXIS2_PLACEMENT_3D('',#19548,#16186,#16187);
#14569=AXIS2_PLACEMENT_3D('',#19552,#16189,#16190);
#14570=AXIS2_PLACEMENT_3D('',#19554,#16191,#16192);
#14571=AXIS2_PLACEMENT_3D('',#19558,#16194,#16195);
#14572=AXIS2_PLACEMENT_3D('',#19559,#16196,#16197);
#14573=AXIS2_PLACEMENT_3D('',#19571,#16204,#16205);
#14574=AXIS2_PLACEMENT_3D('',#19575,#16208,#16209);
#14575=AXIS2_PLACEMENT_3D('',#19584,#16214,#16215);
#14576=AXIS2_PLACEMENT_3D('',#19593,#16220,#16221);
#14577=AXIS2_PLACEMENT_3D('',#19594,#16222,#16223);
#14578=AXIS2_PLACEMENT_3D('',#19596,#16224,#16225);
#14579=AXIS2_PLACEMENT_3D('',#19599,#16227,#16228);
#14580=AXIS2_PLACEMENT_3D('',#19607,#16233,#16234);
#14581=AXIS2_PLACEMENT_3D('',#19608,#16235,#16236);
#14582=AXIS2_PLACEMENT_3D('',#19609,#16237,#16238);
#14583=AXIS2_PLACEMENT_3D('',#19610,#16239,#16240);
#14584=AXIS2_PLACEMENT_3D('',#19618,#16245,#16246);
#14585=AXIS2_PLACEMENT_3D('',#19619,#16247,#16248);
#14586=AXIS2_PLACEMENT_3D('',#19625,#16252,#16253);
#14587=AXIS2_PLACEMENT_3D('',#19629,#16255,#16256);
#14588=AXIS2_PLACEMENT_3D('',#19633,#16258,#16259);
#14589=AXIS2_PLACEMENT_3D('',#19634,#16260,#16261);
#14590=AXIS2_PLACEMENT_3D('',#19640,#16265,#16266);
#14591=AXIS2_PLACEMENT_3D('',#19649,#16271,#16272);
#14592=AXIS2_PLACEMENT_3D('',#19652,#16274,#16275);
#14593=AXIS2_PLACEMENT_3D('',#19655,#16277,#16278);
#14594=AXIS2_PLACEMENT_3D('',#19656,#16279,#16280);
#14595=AXIS2_PLACEMENT_3D('',#19665,#16282,#16283);
#14596=AXIS2_PLACEMENT_3D('',#19673,#16285,#16286);
#14597=AXIS2_PLACEMENT_3D('',#19676,#16288,#16289);
#14598=AXIS2_PLACEMENT_3D('',#19687,#16295,#16296);
#14599=AXIS2_PLACEMENT_3D('',#19690,#16298,#16299);
#14600=AXIS2_PLACEMENT_3D('',#19696,#16303,#16304);
#14601=AXIS2_PLACEMENT_3D('',#19699,#16306,#16307);
#14602=AXIS2_PLACEMENT_3D('',#19700,#16308,#16309);
#14603=AXIS2_PLACEMENT_3D('',#19701,#16310,#16311);
#14604=AXIS2_PLACEMENT_3D('',#19704,#16314,#16315);
#14605=AXIS2_PLACEMENT_3D('',#19707,#16318,#16319);
#14606=AXIS2_PLACEMENT_3D('',#19711,#16322,#16323);
#14607=AXIS2_PLACEMENT_3D('',#19717,#16327,#16328);
#14608=AXIS2_PLACEMENT_3D('',#19722,#16331,#16332);
#14609=AXIS2_PLACEMENT_3D('',#19726,#16334,#16335);
#14610=AXIS2_PLACEMENT_3D('',#19727,#16336,#16337);
#14611=AXIS2_PLACEMENT_3D('',#19733,#16341,#16342);
#14612=AXIS2_PLACEMENT_3D('',#19739,#16346,#16347);
#14613=AXIS2_PLACEMENT_3D('',#19748,#16352,#16353);
#14614=AXIS2_PLACEMENT_3D('',#19751,#16355,#16356);
#14615=AXIS2_PLACEMENT_3D('',#19752,#16357,#16358);
#14616=AXIS2_PLACEMENT_3D('',#19753,#16359,#16360);
#14617=AXIS2_PLACEMENT_3D('',#19758,#16362,#16363);
#14618=AXIS2_PLACEMENT_3D('',#19761,#16365,#16366);
#14619=AXIS2_PLACEMENT_3D('',#19767,#16370,#16371);
#14620=AXIS2_PLACEMENT_3D('',#19771,#16373,#16374);
#14621=AXIS2_PLACEMENT_3D('',#19772,#16375,#16376);
#14622=AXIS2_PLACEMENT_3D('',#19773,#16377,#16378);
#14623=AXIS2_PLACEMENT_3D('',#19779,#16382,#16383);
#14624=AXIS2_PLACEMENT_3D('',#19782,#16385,#16386);
#14625=AXIS2_PLACEMENT_3D('',#19785,#16388,#16389);
#14626=AXIS2_PLACEMENT_3D('',#19788,#16391,#16392);
#14627=AXIS2_PLACEMENT_3D('',#19789,#16393,#16394);
#14628=AXIS2_PLACEMENT_3D('',#19793,#16397,#16398);
#14629=AXIS2_PLACEMENT_3D('',#19797,#16401,#16402);
#14630=AXIS2_PLACEMENT_3D('',#19822,#16416,#16417);
#14631=AXIS2_PLACEMENT_3D('',#19826,#16419,#16420);
#14632=AXIS2_PLACEMENT_3D('',#19829,#16422,#16423);
#14633=AXIS2_PLACEMENT_3D('',#19833,#16426,#16427);
#14634=AXIS2_PLACEMENT_3D('',#19834,#16428,#16429);
#14635=AXIS2_PLACEMENT_3D('',#19837,#16431,#16432);
#14636=AXIS2_PLACEMENT_3D('',#19841,#16435,#16436);
#14637=AXIS2_PLACEMENT_3D('',#19844,#16439,#16440);
#14638=AXIS2_PLACEMENT_3D('',#19869,#16445,#16446);
#14639=AXIS2_PLACEMENT_3D('',#19872,#16447,#16448);
#14640=AXIS2_PLACEMENT_3D('',#19874,#16449,#16450);
#14641=AXIS2_PLACEMENT_3D('',#19880,#16451,#16452);
#14642=AXIS2_PLACEMENT_3D('',#19885,#16455,#16456);
#14643=AXIS2_PLACEMENT_3D('',#19886,#16457,#16458);
#14644=AXIS2_PLACEMENT_3D('',#19892,#16463,#16464);
#14645=AXIS2_PLACEMENT_3D('',#19901,#16469,#16470);
#14646=AXIS2_PLACEMENT_3D('',#19905,#16473,#16474);
#14647=AXIS2_PLACEMENT_3D('',#19908,#16477,#16478);
#14648=AXIS2_PLACEMENT_3D('',#19911,#16480,#16481);
#14649=AXIS2_PLACEMENT_3D('',#19914,#16483,#16484);
#14650=AXIS2_PLACEMENT_3D('',#19923,#16489,#16490);
#14651=AXIS2_PLACEMENT_3D('',#19929,#16494,#16495);
#14652=AXIS2_PLACEMENT_3D('',#19941,#16502,#16503);
#14653=AXIS2_PLACEMENT_3D('',#19944,#16505,#16506);
#14654=AXIS2_PLACEMENT_3D('',#19945,#16507,#16508);
#14655=AXIS2_PLACEMENT_3D('',#19988,#16526,#16527);
#14656=AXIS2_PLACEMENT_3D('',#19991,#16529,#16530);
#14657=AXIS2_PLACEMENT_3D('',#19992,#16531,#16532);
#14658=AXIS2_PLACEMENT_3D('',#20001,#16537,#16538);
#14659=AXIS2_PLACEMENT_3D('',#20004,#16540,#16541);
#14660=AXIS2_PLACEMENT_3D('',#20005,#16542,#16543);
#14661=AXIS2_PLACEMENT_3D('',#20011,#16547,#16548);
#14662=AXIS2_PLACEMENT_3D('',#20015,#16550,#16551);
#14663=AXIS2_PLACEMENT_3D('',#20019,#16553,#16554);
#14664=AXIS2_PLACEMENT_3D('',#20022,#16556,#16557);
#14665=AXIS2_PLACEMENT_3D('',#20028,#16561,#16562);
#14666=AXIS2_PLACEMENT_3D('',#20032,#16565,#16566);
#14667=AXIS2_PLACEMENT_3D('',#20033,#16567,#16568);
#14668=AXIS2_PLACEMENT_3D('',#20034,#16569,#16570);
#14669=AXIS2_PLACEMENT_3D('',#20039,#16573,#16574);
#14670=AXIS2_PLACEMENT_3D('',#20045,#16578,#16579);
#14671=AXIS2_PLACEMENT_3D('',#20049,#16581,#16582);
#14672=AXIS2_PLACEMENT_3D('',#20053,#16584,#16585);
#14673=AXIS2_PLACEMENT_3D('',#20058,#16588,#16589);
#14674=AXIS2_PLACEMENT_3D('',#20061,#16591,#16592);
#14675=AXIS2_PLACEMENT_3D('',#20064,#16594,#16595);
#14676=AXIS2_PLACEMENT_3D('',#20070,#16598,#16599);
#14677=AXIS2_PLACEMENT_3D('',#20071,#16600,#16601);
#14678=AXIS2_PLACEMENT_3D('',#20076,#16604,#16605);
#14679=AXIS2_PLACEMENT_3D('',#20078,#16607,#16608);
#14680=AXIS2_PLACEMENT_3D('',#20082,#16610,#16611);
#14681=AXIS2_PLACEMENT_3D('',#20083,#16612,#16613);
#14682=AXIS2_PLACEMENT_3D('',#20084,#16614,#16615);
#14683=AXIS2_PLACEMENT_3D('',#20089,#16617,#16618);
#14684=AXIS2_PLACEMENT_3D('',#20093,#16620,#16621);
#14685=AXIS2_PLACEMENT_3D('',#20097,#16623,#16624);
#14686=AXIS2_PLACEMENT_3D('',#20099,#16625,#16626);
#14687=AXIS2_PLACEMENT_3D('',#20101,#16627,#16628);
#14688=AXIS2_PLACEMENT_3D('',#20102,#16629,#16630);
#14689=AXIS2_PLACEMENT_3D('',#20108,#16635,#16636);
#14690=AXIS2_PLACEMENT_3D('',#20109,#16637,#16638);
#14691=AXIS2_PLACEMENT_3D('',#20114,#16641,#16642);
#14692=AXIS2_PLACEMENT_3D('',#20126,#16650,#16651);
#14693=AXIS2_PLACEMENT_3D('',#20136,#16657,#16658);
#14694=AXIS2_PLACEMENT_3D('',#20137,#16659,#16660);
#14695=AXIS2_PLACEMENT_3D('',#20141,#16663,#16664);
#14696=AXIS2_PLACEMENT_3D('',#20147,#16668,#16669);
#14697=AXIS2_PLACEMENT_3D('',#20151,#16671,#16672);
#14698=AXIS2_PLACEMENT_3D('',#20156,#16675,#16676);
#14699=AXIS2_PLACEMENT_3D('',#20157,#16677,#16678);
#14700=AXIS2_PLACEMENT_3D('',#20158,#16679,#16680);
#14701=AXIS2_PLACEMENT_3D('',#20159,#16681,#16682);
#14702=AXIS2_PLACEMENT_3D('',#20165,#16686,#16687);
#14703=AXIS2_PLACEMENT_3D('',#20170,#16691,#16692);
#14704=AXIS2_PLACEMENT_3D('',#20173,#16694,#16695);
#14705=AXIS2_PLACEMENT_3D('',#20177,#16698,#16699);
#14706=AXIS2_PLACEMENT_3D('',#20181,#16702,#16703);
#14707=AXIS2_PLACEMENT_3D('',#20184,#16705,#16706);
#14708=AXIS2_PLACEMENT_3D('',#20185,#16707,#16708);
#14709=AXIS2_PLACEMENT_3D('',#20188,#16711,#16712);
#14710=AXIS2_PLACEMENT_3D('',#20192,#16716,#16717);
#14711=AXIS2_PLACEMENT_3D('',#20193,#16718,#16719);
#14712=AXIS2_PLACEMENT_3D('',#20194,#16720,#16721);
#14713=AXIS2_PLACEMENT_3D('',#20195,#16722,#16723);
#14714=AXIS2_PLACEMENT_3D('',#20200,#16726,#16727);
#14715=AXIS2_PLACEMENT_3D('',#20201,#16728,#16729);
#14716=AXIS2_PLACEMENT_3D('',#20210,#16734,#16735);
#14717=AXIS2_PLACEMENT_3D('',#20214,#16737,#16738);
#14718=AXIS2_PLACEMENT_3D('',#20218,#16740,#16741);
#14719=AXIS2_PLACEMENT_3D('',#20219,#16742,#16743);
#14720=AXIS2_PLACEMENT_3D('',#20220,#16744,#16745);
#14721=AXIS2_PLACEMENT_3D('',#20221,#16746,#16747);
#14722=AXIS2_PLACEMENT_3D('',#20230,#16753,#16754);
#14723=AXIS2_PLACEMENT_3D('',#20235,#16757,#16758);
#14724=AXIS2_PLACEMENT_3D('',#20236,#16759,#16760);
#14725=AXIS2_PLACEMENT_3D('',#20239,#16762,#16763);
#14726=AXIS2_PLACEMENT_3D('',#20240,#16764,#16765);
#14727=AXIS2_PLACEMENT_3D('',#20243,#16768,#16769);
#14728=AXIS2_PLACEMENT_3D('',#20246,#16772,#16773);
#14729=AXIS2_PLACEMENT_3D('',#20247,#16774,#16775);
#14730=AXIS2_PLACEMENT_3D('',#20250,#16777,#16778);
#14731=AXIS2_PLACEMENT_3D('',#20251,#16779,#16780);
#14732=AXIS2_PLACEMENT_3D('',#20260,#16785,#16786);
#14733=AXIS2_PLACEMENT_3D('',#20265,#16790,#16791);
#14734=AXIS2_PLACEMENT_3D('',#20269,#16794,#16795);
#14735=AXIS2_PLACEMENT_3D('',#20277,#16800,#16801);
#14736=AXIS2_PLACEMENT_3D('',#20285,#16806,#16807);
#14737=AXIS2_PLACEMENT_3D('',#20288,#16809,#16810);
#14738=AXIS2_PLACEMENT_3D('',#20307,#16812,#16813);
#14739=AXIS2_PLACEMENT_3D('',#20308,#16814,#16815);
#14740=AXIS2_PLACEMENT_3D('',#20316,#16820,#16821);
#14741=AXIS2_PLACEMENT_3D('',#20321,#16825,#16826);
#14742=AXIS2_PLACEMENT_3D('',#20324,#16828,#16829);
#14743=AXIS2_PLACEMENT_3D('',#20332,#16831,#16832);
#14744=AXIS2_PLACEMENT_3D('',#20333,#16833,#16834);
#14745=AXIS2_PLACEMENT_3D('',#20336,#16836,#16837);
#14746=AXIS2_PLACEMENT_3D('',#20342,#16841,#16842);
#14747=AXIS2_PLACEMENT_3D('',#20345,#16845,#16846);
#14748=AXIS2_PLACEMENT_3D('',#20348,#16849,#16850);
#14749=AXIS2_PLACEMENT_3D('',#20351,#16853,#16854);
#14750=AXIS2_PLACEMENT_3D('',#20355,#16857,#16858);
#14751=AXIS2_PLACEMENT_3D('',#20363,#16863,#16864);
#14752=AXIS2_PLACEMENT_3D('',#20365,#16866,#16867);
#14753=AXIS2_PLACEMENT_3D('',#20366,#16868,#16869);
#14754=AXIS2_PLACEMENT_3D('',#20370,#16871,#16872);
#14755=AXIS2_PLACEMENT_3D('',#20371,#16873,#16874);
#14756=AXIS2_PLACEMENT_3D('',#20372,#16875,#16876);
#14757=AXIS2_PLACEMENT_3D('',#20376,#16879,#16880);
#14758=AXIS2_PLACEMENT_3D('',#20379,#16882,#16883);
#14759=AXIS2_PLACEMENT_3D('',#20382,#16885,#16886);
#14760=AXIS2_PLACEMENT_3D('',#20386,#16889,#16890);
#14761=AXIS2_PLACEMENT_3D('',#20410,#16905,#16906);
#14762=AXIS2_PLACEMENT_3D('',#20416,#16909,#16910);
#14763=AXIS2_PLACEMENT_3D('',#20418,#16912,#16913);
#14764=AXIS2_PLACEMENT_3D('',#20420,#16915,#16916);
#14765=AXIS2_PLACEMENT_3D('',#20433,#16925,#16926);
#14766=AXIS2_PLACEMENT_3D('',#20434,#16927,#16928);
#14767=AXIS2_PLACEMENT_3D('',#20436,#16930,#16931);
#14768=AXIS2_PLACEMENT_3D('',#20444,#16936,#16937);
#14769=AXIS2_PLACEMENT_3D('',#20447,#16940,#16941);
#14770=AXIS2_PLACEMENT_3D('',#20450,#16943,#16944);
#14771=AXIS2_PLACEMENT_3D('',#20454,#16947,#16948);
#14772=AXIS2_PLACEMENT_3D('',#20457,#16951,#16952);
#14773=AXIS2_PLACEMENT_3D('',#20460,#16955,#16956);
#14774=AXIS2_PLACEMENT_3D('',#20466,#16960,#16961);
#14775=AXIS2_PLACEMENT_3D('',#20468,#16963,#16964);
#14776=AXIS2_PLACEMENT_3D('',#20469,#16965,#16966);
#14777=AXIS2_PLACEMENT_3D('',#20488,#16968,#16969);
#14778=AXIS2_PLACEMENT_3D('',#20509,#16970,#16971);
#14779=AXIS2_PLACEMENT_3D('',#20512,#16974,#16975);
#14780=AXIS2_PLACEMENT_3D('',#20516,#16978,#16979);
#14781=AXIS2_PLACEMENT_3D('',#20518,#16981,#16982);
#14782=AXIS2_PLACEMENT_3D('',#20521,#16985,#16986);
#14783=AXIS2_PLACEMENT_3D('',#20529,#16990,#16991);
#14784=AXIS2_PLACEMENT_3D('',#20534,#16994,#16995);
#14785=AXIS2_PLACEMENT_3D('',#20535,#16996,#16997);
#14786=AXIS2_PLACEMENT_3D('',#20536,#16998,#16999);
#14787=AXIS2_PLACEMENT_3D('',#20540,#17001,#17002);
#14788=AXIS2_PLACEMENT_3D('',#20541,#17003,#17004);
#14789=AXIS2_PLACEMENT_3D('',#20547,#17005,#17006);
#14790=AXIS2_PLACEMENT_3D('',#20548,#17007,#17008);
#14791=AXIS2_PLACEMENT_3D('',#20549,#17009,#17010);
#14792=AXIS2_PLACEMENT_3D('',#20553,#17013,#17014);
#14793=AXIS2_PLACEMENT_3D('',#20554,#17015,#17016);
#14794=AXIS2_PLACEMENT_3D('',#20560,#17020,#17021);
#14795=AXIS2_PLACEMENT_3D('',#20563,#17023,#17024);
#14796=AXIS2_PLACEMENT_3D('',#20564,#17025,#17026);
#14797=AXIS2_PLACEMENT_3D('',#20565,#17027,#17028);
#14798=AXIS2_PLACEMENT_3D('',#20567,#17029,#17030);
#14799=AXIS2_PLACEMENT_3D('',#20569,#17031,#17032);
#14800=AXIS2_PLACEMENT_3D('',#20572,#17034,#17035);
#14801=AXIS2_PLACEMENT_3D('',#20575,#17037,#17038);
#14802=AXIS2_PLACEMENT_3D('',#20576,#17039,#17040);
#14803=AXIS2_PLACEMENT_3D('',#20577,#17041,#17042);
#14804=AXIS2_PLACEMENT_3D('',#20582,#17044,#17045);
#14805=AXIS2_PLACEMENT_3D('',#20585,#17047,#17048);
#14806=AXIS2_PLACEMENT_3D('',#20590,#17052,#17053);
#14807=AXIS2_PLACEMENT_3D('',#20593,#17055,#17056);
#14808=AXIS2_PLACEMENT_3D('',#20594,#17057,#17058);
#14809=AXIS2_PLACEMENT_3D('',#20595,#17059,#17060);
#14810=AXIS2_PLACEMENT_3D('',#20598,#17062,#17063);
#14811=AXIS2_PLACEMENT_3D('',#20601,#17065,#17066);
#14812=AXIS2_PLACEMENT_3D('',#20602,#17067,#17068);
#14813=AXIS2_PLACEMENT_3D('',#20607,#17072,#17073);
#14814=AXIS2_PLACEMENT_3D('',#20608,#17074,#17075);
#14815=AXIS2_PLACEMENT_3D('',#20610,#17077,#17078);
#14816=AXIS2_PLACEMENT_3D('',#20619,#17083,#17084);
#14817=AXIS2_PLACEMENT_3D('',#20620,#17085,#17086);
#14818=AXIS2_PLACEMENT_3D('',#20624,#17088,#17089);
#14819=AXIS2_PLACEMENT_3D('',#20628,#17091,#17092);
#14820=AXIS2_PLACEMENT_3D('',#20629,#17093,#17094);
#14821=AXIS2_PLACEMENT_3D('',#20630,#17095,#17096);
#14822=AXIS2_PLACEMENT_3D('',#20633,#17099,#17100);
#14823=AXIS2_PLACEMENT_3D('',#20638,#17103,#17104);
#14824=AXIS2_PLACEMENT_3D('',#20639,#17105,#17106);
#14825=AXIS2_PLACEMENT_3D('',#20641,#17108,#17109);
#14826=AXIS2_PLACEMENT_3D('',#20647,#17110,#17111);
#14827=AXIS2_PLACEMENT_3D('',#20649,#17112,#17113);
#14828=AXIS2_PLACEMENT_3D('',#20650,#17114,#17115);
#14829=AXIS2_PLACEMENT_3D('',#20651,#17116,#17117);
#14830=AXIS2_PLACEMENT_3D('',#20661,#17122,#17123);
#14831=AXIS2_PLACEMENT_3D('',#20667,#17127,#17128);
#14832=AXIS2_PLACEMENT_3D('',#20672,#17131,#17132);
#14833=AXIS2_PLACEMENT_3D('',#20673,#17133,#17134);
#14834=AXIS2_PLACEMENT_3D('',#20677,#17137,#17138);
#14835=AXIS2_PLACEMENT_3D('',#20705,#17160,#17161);
#14836=AXIS2_PLACEMENT_3D('',#20706,#17162,#17163);
#14837=AXIS2_PLACEMENT_3D('',#20711,#17166,#17167);
#14838=AXIS2_PLACEMENT_3D('',#20717,#17171,#17172);
#14839=AXIS2_PLACEMENT_3D('',#20731,#17182,#17183);
#14840=AXIS2_PLACEMENT_3D('',#20732,#17184,#17185);
#14841=AXIS2_PLACEMENT_3D('',#20733,#17186,#17187);
#14842=AXIS2_PLACEMENT_3D('',#20734,#17188,#17189);
#14843=AXIS2_PLACEMENT_3D('',#20740,#17193,#17194);
#14844=AXIS2_PLACEMENT_3D('',#20743,#17196,#17197);
#14845=AXIS2_PLACEMENT_3D('',#20744,#17198,#17199);
#14846=AXIS2_PLACEMENT_3D('',#20745,#17200,#17201);
#14847=AXIS2_PLACEMENT_3D('',#20748,#17203,#17204);
#14848=AXIS2_PLACEMENT_3D('',#20750,#17206,#17207);
#14849=AXIS2_PLACEMENT_3D('',#20754,#17210,#17211);
#14850=AXIS2_PLACEMENT_3D('',#20755,#17212,#17213);
#14851=AXIS2_PLACEMENT_3D('',#20756,#17214,#17215);
#14852=AXIS2_PLACEMENT_3D('',#20757,#17216,#17217);
#14853=AXIS2_PLACEMENT_3D('',#20763,#17221,#17222);
#14854=AXIS2_PLACEMENT_3D('',#20766,#17224,#17225);
#14855=AXIS2_PLACEMENT_3D('',#20772,#17229,#17230);
#14856=AXIS2_PLACEMENT_3D('',#20777,#17233,#17234);
#14857=AXIS2_PLACEMENT_3D('',#20779,#17236,#17237);
#14858=AXIS2_PLACEMENT_3D('',#20790,#17245,#17246);
#14859=AXIS2_PLACEMENT_3D('',#20794,#17249,#17250);
#14860=AXIS2_PLACEMENT_3D('',#20795,#17251,#17252);
#14861=AXIS2_PLACEMENT_3D('',#20797,#17254,#17255);
#14862=AXIS2_PLACEMENT_3D('',#20801,#17258,#17259);
#14863=AXIS2_PLACEMENT_3D('',#20802,#17260,#17261);
#14864=AXIS2_PLACEMENT_3D('',#20806,#17264,#17265);
#14865=AXIS2_PLACEMENT_3D('',#20822,#17276,#17277);
#14866=AXIS2_PLACEMENT_3D('',#20825,#17280,#17281);
#14867=AXIS2_PLACEMENT_3D('',#20830,#17285,#17286);
#14868=AXIS2_PLACEMENT_3D('',#20831,#17287,#17288);
#14869=AXIS2_PLACEMENT_3D('',#20832,#17289,#17290);
#14870=AXIS2_PLACEMENT_3D('',#20834,#17292,#17293);
#14871=AXIS2_PLACEMENT_3D('',#20843,#17298,#17299);
#14872=AXIS2_PLACEMENT_3D('',#20844,#17300,#17301);
#14873=AXIS2_PLACEMENT_3D('',#20845,#17302,#17303);
#14874=AXIS2_PLACEMENT_3D('',#20847,#17305,#17306);
#14875=AXIS2_PLACEMENT_3D('',#20848,#17307,#17308);
#14876=AXIS2_PLACEMENT_3D('',#20849,#17309,#17310);
#14877=AXIS2_PLACEMENT_3D('',#20851,#17312,#17313);
#14878=AXIS2_PLACEMENT_3D('',#20852,#17314,#17315);
#14879=AXIS2_PLACEMENT_3D('',#20856,#17317,#17318);
#14880=AXIS2_PLACEMENT_3D('',#20857,#17319,#17320);
#14881=AXIS2_PLACEMENT_3D('',#20869,#17330,#17331);
#14882=AXIS2_PLACEMENT_3D('',#20872,#17333,#17334);
#14883=AXIS2_PLACEMENT_3D('',#20873,#17335,#17336);
#14884=AXIS2_PLACEMENT_3D('',#20875,#17338,#17339);
#14885=AXIS2_PLACEMENT_3D('',#20877,#17341,#17342);
#14886=AXIS2_PLACEMENT_3D('',#20878,#17343,#17344);
#14887=AXIS2_PLACEMENT_3D('',#20882,#17348,#17349);
#14888=AXIS2_PLACEMENT_3D('',#20885,#17351,#17352);
#14889=AXIS2_PLACEMENT_3D('',#20890,#17353,#17354);
#14890=AXIS2_PLACEMENT_3D('',#20893,#17357,#17358);
#14891=AXIS2_PLACEMENT_3D('',#20894,#17359,#17360);
#14892=AXIS2_PLACEMENT_3D('',#20895,#17361,#17362);
#14893=AXIS2_PLACEMENT_3D('',#20899,#17365,#17366);
#14894=AXIS2_PLACEMENT_3D('',#20900,#17367,#17368);
#14895=AXIS2_PLACEMENT_3D('',#20902,#17370,#17371);
#14896=AXIS2_PLACEMENT_3D('',#20906,#17373,#17374);
#14897=AXIS2_PLACEMENT_3D('',#20907,#17375,#17376);
#14898=AXIS2_PLACEMENT_3D('',#20908,#17377,#17378);
#14899=AXIS2_PLACEMENT_3D('',#20912,#17381,#17382);
#14900=AXIS2_PLACEMENT_3D('',#20917,#17385,#17386);
#14901=AXIS2_PLACEMENT_3D('',#20918,#17387,#17388);
#14902=AXIS2_PLACEMENT_3D('',#20920,#17390,#17391);
#14903=AXIS2_PLACEMENT_3D('',#20922,#17393,#17394);
#14904=AXIS2_PLACEMENT_3D('',#20923,#17395,#17396);
#14905=AXIS2_PLACEMENT_3D('',#20926,#17399,#17400);
#14906=AXIS2_PLACEMENT_3D('',#20927,#17401,#17402);
#14907=AXIS2_PLACEMENT_3D('',#20931,#17406,#17407);
#14908=AXIS2_PLACEMENT_3D('',#20936,#17411,#17412);
#14909=AXIS2_PLACEMENT_3D('',#20937,#17413,#17414);
#14910=AXIS2_PLACEMENT_3D('',#20940,#17416,#17417);
#14911=AXIS2_PLACEMENT_3D('',#20941,#17418,#17419);
#14912=AXIS2_PLACEMENT_3D('',#20942,#17420,#17421);
#14913=AXIS2_PLACEMENT_3D('',#20945,#17423,#17424);
#14914=AXIS2_PLACEMENT_3D('',#20946,#17425,#17426);
#14915=AXIS2_PLACEMENT_3D('',#20948,#17428,#17429);
#14916=AXIS2_PLACEMENT_3D('',#20949,#17430,#17431);
#14917=AXIS2_PLACEMENT_3D('',#20952,#17433,#17434);
#14918=AXIS2_PLACEMENT_3D('',#20954,#17436,#17437);
#14919=AXIS2_PLACEMENT_3D('',#20955,#17438,#17439);
#14920=AXIS2_PLACEMENT_3D('',#20958,#17442,#17443);
#14921=AXIS2_PLACEMENT_3D('',#20961,#17445,#17446);
#14922=AXIS2_PLACEMENT_3D('',#20962,#17447,#17448);
#14923=AXIS2_PLACEMENT_3D('',#20968,#17452,#17453);
#14924=AXIS2_PLACEMENT_3D('',#20971,#17456,#17457);
#14925=AXIS2_PLACEMENT_3D('',#20974,#17460,#17461);
#14926=AXIS2_PLACEMENT_3D('',#20975,#17462,#17463);
#14927=AXIS2_PLACEMENT_3D('',#20979,#17465,#17466);
#14928=AXIS2_PLACEMENT_3D('',#20980,#17467,#17468);
#14929=AXIS2_PLACEMENT_3D('',#20982,#17470,#17471);
#14930=AXIS2_PLACEMENT_3D('',#20983,#17472,#17473);
#14931=AXIS2_PLACEMENT_3D('',#20984,#17474,#17475);
#14932=AXIS2_PLACEMENT_3D('',#20985,#17476,#17477);
#14933=AXIS2_PLACEMENT_3D('',#20988,#17480,#17481);
#14934=AXIS2_PLACEMENT_3D('',#20994,#17485,#17486);
#14935=AXIS2_PLACEMENT_3D('',#21025,#17500,#17501);
#14936=AXIS2_PLACEMENT_3D('',#21026,#17502,#17503);
#14937=AXIS2_PLACEMENT_3D('',#21029,#17505,#17506);
#14938=AXIS2_PLACEMENT_3D('',#21031,#17508,#17509);
#14939=AXIS2_PLACEMENT_3D('',#21050,#17512,#17513);
#14940=AXIS2_PLACEMENT_3D('',#21051,#17514,#17515);
#14941=AXIS2_PLACEMENT_3D('',#21052,#17516,#17517);
#14942=AXIS2_PLACEMENT_3D('',#21056,#17520,#17521);
#14943=AXIS2_PLACEMENT_3D('',#21057,#17522,#17523);
#14944=AXIS2_PLACEMENT_3D('',#21058,#17524,#17525);
#14945=AXIS2_PLACEMENT_3D('',#21059,#17526,#17527);
#14946=AXIS2_PLACEMENT_3D('',#21063,#17530,#17531);
#14947=AXIS2_PLACEMENT_3D('',#21067,#17534,#17535);
#14948=AXIS2_PLACEMENT_3D('',#21068,#17536,#17537);
#14949=AXIS2_PLACEMENT_3D('',#21069,#17538,#17539);
#14950=AXIS2_PLACEMENT_3D('',#21072,#17541,#17542);
#14951=AXIS2_PLACEMENT_3D('',#21074,#17544,#17545);
#14952=AXIS2_PLACEMENT_3D('',#21076,#17547,#17548);
#14953=AXIS2_PLACEMENT_3D('',#21080,#17551,#17552);
#14954=AXIS2_PLACEMENT_3D('',#21083,#17554,#17555);
#14955=AXIS2_PLACEMENT_3D('',#21086,#17558,#17559);
#14956=AXIS2_PLACEMENT_3D('',#21088,#17561,#17562);
#14957=AXIS2_PLACEMENT_3D('',#21089,#17563,#17564);
#14958=AXIS2_PLACEMENT_3D('',#21090,#17565,#17566);
#14959=AXIS2_PLACEMENT_3D('',#21091,#17567,#17568);
#14960=AXIS2_PLACEMENT_3D('',#21097,#17572,#17573);
#14961=AXIS2_PLACEMENT_3D('',#21101,#17577,#17578);
#14962=AXIS2_PLACEMENT_3D('',#21102,#17579,#17580);
#14963=AXIS2_PLACEMENT_3D('',#21106,#17583,#17584);
#14964=AXIS2_PLACEMENT_3D('',#21107,#17585,#17586);
#14965=AXIS2_PLACEMENT_3D('',#21108,#17587,#17588);
#14966=AXIS2_PLACEMENT_3D('',#21111,#17590,#17591);
#14967=AXIS2_PLACEMENT_3D('',#21112,#17592,#17593);
#14968=AXIS2_PLACEMENT_3D('',#21120,#17600,#17601);
#14969=AXIS2_PLACEMENT_3D('',#21122,#17603,#17604);
#14970=AXIS2_PLACEMENT_3D('',#21125,#17607,#17608);
#14971=AXIS2_PLACEMENT_3D('',#21126,#17609,#17610);
#14972=AXIS2_PLACEMENT_3D('',#21127,#17611,#17612);
#14973=AXIS2_PLACEMENT_3D('',#21130,#17614,#17615);
#14974=AXIS2_PLACEMENT_3D('',#21131,#17616,#17617);
#14975=AXIS2_PLACEMENT_3D('',#21132,#17618,#17619);
#14976=AXIS2_PLACEMENT_3D('',#21133,#17620,#17621);
#14977=AXIS2_PLACEMENT_3D('',#21136,#17623,#17624);
#14978=AXIS2_PLACEMENT_3D('',#21137,#17625,#17626);
#14979=AXIS2_PLACEMENT_3D('',#21139,#17628,#17629);
#14980=AXIS2_PLACEMENT_3D('',#21141,#17631,#17632);
#14981=AXIS2_PLACEMENT_3D('',#21142,#17633,#17634);
#14982=AXIS2_PLACEMENT_3D('',#21143,#17635,#17636);
#14983=AXIS2_PLACEMENT_3D('',#21145,#17638,#17639);
#14984=AXIS2_PLACEMENT_3D('',#21147,#17641,#17642);
#14985=AXIS2_PLACEMENT_3D('',#21150,#17644,#17645);
#14986=AXIS2_PLACEMENT_3D('',#21151,#17646,#17647);
#14987=AXIS2_PLACEMENT_3D('',#21152,#17648,#17649);
#14988=AXIS2_PLACEMENT_3D('',#21154,#17651,#17652);
#14989=AXIS2_PLACEMENT_3D('',#21155,#17653,#17654);
#14990=AXIS2_PLACEMENT_3D('',#21156,#17655,#17656);
#14991=AXIS2_PLACEMENT_3D('',#21160,#17659,#17660);
#14992=AXIS2_PLACEMENT_3D('',#21161,#17661,#17662);
#14993=AXIS2_PLACEMENT_3D('',#21164,#17664,#17665);
#14994=AXIS2_PLACEMENT_3D('',#21166,#17667,#17668);
#14995=AXIS2_PLACEMENT_3D('',#21173,#17670,#17671);
#14996=AXIS2_PLACEMENT_3D('',#21174,#17672,#17673);
#14997=AXIS2_PLACEMENT_3D('',#21175,#17674,#17675);
#14998=AXIS2_PLACEMENT_3D('',#21176,#17676,#17677);
#14999=AXIS2_PLACEMENT_3D('',#21177,#17678,#17679);
#15000=AXIS2_PLACEMENT_3D('',#21178,#17680,#17681);
#15001=AXIS2_PLACEMENT_3D('',#21179,#17682,#17683);
#15002=AXIS2_PLACEMENT_3D('',#21180,#17684,#17685);
#15003=AXIS2_PLACEMENT_3D('',#21181,#17686,#17687);
#15004=AXIS2_PLACEMENT_3D('',#21183,#17689,#17690);
#15005=AXIS2_PLACEMENT_3D('',#21185,#17692,#17693);
#15006=AXIS2_PLACEMENT_3D('',#21186,#17694,#17695);
#15007=AXIS2_PLACEMENT_3D('',#21187,#17696,#17697);
#15008=AXIS2_PLACEMENT_3D('',#21188,#17698,#17699);
#15009=AXIS2_PLACEMENT_3D('',#21190,#17701,#17702);
#15010=AXIS2_PLACEMENT_3D('',#21191,#17703,#17704);
#15011=AXIS2_PLACEMENT_3D('',#21192,#17705,#17706);
#15012=AXIS2_PLACEMENT_3D('',#21193,#17707,#17708);
#15013=AXIS2_PLACEMENT_3D('',#21199,#17712,#17713);
#15014=AXIS2_PLACEMENT_3D('',#21200,#17714,#17715);
#15015=AXIS2_PLACEMENT_3D('',#21203,#17717,#17718);
#15016=AXIS2_PLACEMENT_3D('',#21204,#17719,#17720);
#15017=AXIS2_PLACEMENT_3D('',#21206,#17722,#17723);
#15018=AXIS2_PLACEMENT_3D('',#21208,#17725,#17726);
#15019=AXIS2_PLACEMENT_3D('',#21211,#17729,#17730);
#15020=AXIS2_PLACEMENT_3D('',#21212,#17731,#17732);
#15021=AXIS2_PLACEMENT_3D('',#21214,#17734,#17735);
#15022=AXIS2_PLACEMENT_3D('',#21217,#17737,#17738);
#15023=AXIS2_PLACEMENT_3D('',#21218,#17739,#17740);
#15024=AXIS2_PLACEMENT_3D('',#21219,#17741,#17742);
#15025=AXIS2_PLACEMENT_3D('',#21220,#17743,#17744);
#15026=AXIS2_PLACEMENT_3D('',#21221,#17745,#17746);
#15027=AXIS2_PLACEMENT_3D('',#21222,#17747,#17748);
#15028=AXIS2_PLACEMENT_3D('',#21223,#17749,#17750);
#15029=AXIS2_PLACEMENT_3D('',#21224,#17751,#17752);
#15030=AXIS2_PLACEMENT_3D('',#21225,#17753,#17754);
#15031=AXIS2_PLACEMENT_3D('',#21227,#17756,#17757);
#15032=AXIS2_PLACEMENT_3D('',#21228,#17758,#17759);
#15033=AXIS2_PLACEMENT_3D('',#21230,#17761,#17762);
#15034=AXIS2_PLACEMENT_3D('',#21231,#17763,#17764);
#15035=AXIS2_PLACEMENT_3D('',#21232,#17765,#17766);
#15036=AXIS2_PLACEMENT_3D('',#21233,#17767,#17768);
#15037=AXIS2_PLACEMENT_3D('',#21234,#17769,#17770);
#15038=AXIS2_PLACEMENT_3D('',#21235,#17771,#17772);
#15039=AXIS2_PLACEMENT_3D('',#21238,#17775,#17776);
#15040=AXIS2_PLACEMENT_3D('',#21243,#17777,#17778);
#15041=AXIS2_PLACEMENT_3D('',#21244,#17779,#17780);
#15042=AXIS2_PLACEMENT_3D('',#21261,#17781,#17782);
#15043=AXIS2_PLACEMENT_3D('',#21262,#17783,#17784);
#15044=AXIS2_PLACEMENT_3D('',#21263,#17785,#17786);
#15045=AXIS2_PLACEMENT_3D('',#21264,#17787,#17788);
#15046=AXIS2_PLACEMENT_3D('',#21270,#17790,#17791);
#15047=AXIS2_PLACEMENT_3D('',#21271,#17792,#17793);
#15048=AXIS2_PLACEMENT_3D('',#21272,#17794,#17795);
#15049=AXIS2_PLACEMENT_3D('',#21273,#17796,#17797);
#15050=AXIS2_PLACEMENT_3D('',#21276,#17800,#17801);
#15051=AXIS2_PLACEMENT_3D('',#21277,#17802,#17803);
#15052=AXIS2_PLACEMENT_3D('',#21278,#17804,#17805);
#15053=AXIS2_PLACEMENT_3D('',#21279,#17806,#17807);
#15054=AXIS2_PLACEMENT_3D('',#21282,#17809,#17810);
#15055=AXIS2_PLACEMENT_3D('',#21284,#17812,#17813);
#15056=AXIS2_PLACEMENT_3D('',#21285,#17814,#17815);
#15057=AXIS2_PLACEMENT_3D('',#21287,#17817,#17818);
#15058=AXIS2_PLACEMENT_3D('',#21289,#17820,#17821);
#15059=AXIS2_PLACEMENT_3D('',#21290,#17822,#17823);
#15060=AXIS2_PLACEMENT_3D('',#21307,#17824,#17825);
#15061=AXIS2_PLACEMENT_3D('',#21308,#17826,#17827);
#15062=AXIS2_PLACEMENT_3D('',#21309,#17828,#17829);
#15063=AXIS2_PLACEMENT_3D('',#21310,#17830,#17831);
#15064=AXIS2_PLACEMENT_3D('',#21312,#17833,#17834);
#15065=AXIS2_PLACEMENT_3D('',#21313,#17835,#17836);
#15066=AXIS2_PLACEMENT_3D('',#21316,#17838,#17839);
#15067=AXIS2_PLACEMENT_3D('',#21317,#17840,#17841);
#15068=AXIS2_PLACEMENT_3D('',#21319,#17843,#17844);
#15069=AXIS2_PLACEMENT_3D('',#21321,#17846,#17847);
#15070=AXIS2_PLACEMENT_3D('',#21322,#17848,#17849);
#15071=AXIS2_PLACEMENT_3D('',#21323,#17850,#17851);
#15072=AXIS2_PLACEMENT_3D('',#21324,#17852,#17853);
#15073=AXIS2_PLACEMENT_3D('',#21325,#17854,#17855);
#15074=AXIS2_PLACEMENT_3D('',#21326,#17856,#17857);
#15075=AXIS2_PLACEMENT_3D('',#21328,#17859,#17860);
#15076=AXIS2_PLACEMENT_3D('',#21329,#17861,#17862);
#15077=AXIS2_PLACEMENT_3D('',#21331,#17864,#17865);
#15078=AXIS2_PLACEMENT_3D('',#21335,#17868,#17869);
#15079=AXIS2_PLACEMENT_3D('',#21336,#17870,#17871);
#15080=AXIS2_PLACEMENT_3D('',#21337,#17872,#17873);
#15081=AXIS2_PLACEMENT_3D('',#21344,#17875,#17876);
#15082=AXIS2_PLACEMENT_3D('',#21345,#17877,#17878);
#15083=AXIS2_PLACEMENT_3D('',#21348,#17880,#17881);
#15084=AXIS2_PLACEMENT_3D('',#21352,#17884,#17885);
#15085=AXIS2_PLACEMENT_3D('',#21355,#17887,#17888);
#15086=AXIS2_PLACEMENT_3D('',#21356,#17889,#17890);
#15087=AXIS2_PLACEMENT_3D('',#21357,#17891,#17892);
#15088=AXIS2_PLACEMENT_3D('',#21359,#17894,#17895);
#15089=AXIS2_PLACEMENT_3D('',#21361,#17897,#17898);
#15090=AXIS2_PLACEMENT_3D('',#21363,#17900,#17901);
#15091=AXIS2_PLACEMENT_3D('',#21364,#17902,#17903);
#15092=AXIS2_PLACEMENT_3D('',#21365,#17904,#17905);
#15093=AXIS2_PLACEMENT_3D('',#21366,#17906,#17907);
#15094=AXIS2_PLACEMENT_3D('',#21367,#17908,#17909);
#15095=AXIS2_PLACEMENT_3D('',#21368,#17910,#17911);
#15096=AXIS2_PLACEMENT_3D('',#21370,#17913,#17914);
#15097=AXIS2_PLACEMENT_3D('',#21371,#17915,#17916);
#15098=AXIS2_PLACEMENT_3D('',#21372,#17917,#17918);
#15099=AXIS2_PLACEMENT_3D('',#21373,#17919,#17920);
#15100=AXIS2_PLACEMENT_3D('',#21374,#17921,#17922);
#15101=AXIS2_PLACEMENT_3D('',#21375,#17923,#17924);
#15102=AXIS2_PLACEMENT_3D('',#21376,#17925,#17926);
#15103=AXIS2_PLACEMENT_3D('',#21381,#17931,#17932);
#15104=AXIS2_PLACEMENT_3D('',#21382,#17933,#17934);
#15105=AXIS2_PLACEMENT_3D('',#21383,#17935,#17936);
#15106=AXIS2_PLACEMENT_3D('',#21384,#17937,#17938);
#15107=AXIS2_PLACEMENT_3D('',#21385,#17939,#17940);
#15108=AXIS2_PLACEMENT_3D('',#21386,#17941,#17942);
#15109=AXIS2_PLACEMENT_3D('',#21387,#17943,#17944);
#15110=AXIS2_PLACEMENT_3D('',#21389,#17946,#17947);
#15111=AXIS2_PLACEMENT_3D('',#21390,#17948,#17949);
#15112=AXIS2_PLACEMENT_3D('',#21391,#17950,#17951);
#15113=AXIS2_PLACEMENT_3D('',#21408,#17952,#17953);
#15114=AXIS2_PLACEMENT_3D('',#21409,#17954,#17955);
#15115=AXIS2_PLACEMENT_3D('',#21412,#17957,#17958);
#15116=AXIS2_PLACEMENT_3D('',#21413,#17959,#17960);
#15117=AXIS2_PLACEMENT_3D('',#21415,#17962,#17963);
#15118=AXIS2_PLACEMENT_3D('',#21426,#17965,#17966);
#15119=AXIS2_PLACEMENT_3D('',#21427,#17967,#17968);
#15120=AXIS2_PLACEMENT_3D('',#21428,#17969,#17970);
#15121=AXIS2_PLACEMENT_3D('',#21429,#17971,#17972);
#15122=AXIS2_PLACEMENT_3D('',#21430,#17973,#17974);
#15123=AXIS2_PLACEMENT_3D('',#21431,#17975,#17976);
#15124=AXIS2_PLACEMENT_3D('',#21432,#17977,#17978);
#15125=AXIS2_PLACEMENT_3D('',#21433,#17979,#17980);
#15126=AXIS2_PLACEMENT_3D('',#21434,#17981,#17982);
#15127=AXIS2_PLACEMENT_3D('',#21435,#17983,#17984);
#15128=AXIS2_PLACEMENT_3D('',#21438,#17986,#17987);
#15129=AXIS2_PLACEMENT_3D('',#21441,#17989,#17990);
#15130=AXIS2_PLACEMENT_3D('',#21444,#17992,#17993);
#15131=AXIS2_PLACEMENT_3D('',#21445,#17994,#17995);
#15132=AXIS2_PLACEMENT_3D('',#21446,#17996,#17997);
#15133=AXIS2_PLACEMENT_3D('',#21447,#17998,#17999);
#15134=AXIS2_PLACEMENT_3D('',#21448,#18000,#18001);
#15135=AXIS2_PLACEMENT_3D('',#21449,#18002,#18003);
#15136=AXIS2_PLACEMENT_3D('',#21451,#18005,#18006);
#15137=AXIS2_PLACEMENT_3D('',#21452,#18007,#18008);
#15138=AXIS2_PLACEMENT_3D('',#21453,#18009,#18010);
#15139=AXIS2_PLACEMENT_3D('',#21454,#18011,#18012);
#15140=AXIS2_PLACEMENT_3D('',#21455,#18013,#18014);
#15141=AXIS2_PLACEMENT_3D('',#21456,#18015,#18016);
#15142=AXIS2_PLACEMENT_3D('',#21458,#18018,#18019);
#15143=AXIS2_PLACEMENT_3D('',#21459,#18020,#18021);
#15144=AXIS2_PLACEMENT_3D('',#21460,#18022,#18023);
#15145=AXIS2_PLACEMENT_3D('',#21461,#18024,#18025);
#15146=AXIS2_PLACEMENT_3D('',#21462,#18026,#18027);
#15147=AXIS2_PLACEMENT_3D('',#21479,#18028,#18029);
#15148=AXIS2_PLACEMENT_3D('',#21480,#18030,#18031);
#15149=AXIS2_PLACEMENT_3D('',#21481,#18032,#18033);
#15150=AXIS2_PLACEMENT_3D('',#21482,#18034,#18035);
#15151=AXIS2_PLACEMENT_3D('',#21483,#18036,#18037);
#15152=AXIS2_PLACEMENT_3D('',#21490,#18039,#18040);
#15153=AXIS2_PLACEMENT_3D('',#21496,#18041,#18042);
#15154=AXIS2_PLACEMENT_3D('',#21497,#18043,#18044);
#15155=AXIS2_PLACEMENT_3D('',#21499,#18046,#18047);
#15156=AXIS2_PLACEMENT_3D('',#21500,#18048,#18049);
#15157=AXIS2_PLACEMENT_3D('',#21501,#18050,#18051);
#15158=AXIS2_PLACEMENT_3D('',#21503,#18053,#18054);
#15159=AXIS2_PLACEMENT_3D('',#21504,#18055,#18056);
#15160=AXIS2_PLACEMENT_3D('',#21505,#18057,#18058);
#15161=AXIS2_PLACEMENT_3D('',#21506,#18059,#18060);
#15162=AXIS2_PLACEMENT_3D('',#21507,#18061,#18062);
#15163=AXIS2_PLACEMENT_3D('',#21508,#18063,#18064);
#15164=AXIS2_PLACEMENT_3D('',#21510,#18066,#18067);
#15165=AXIS2_PLACEMENT_3D('',#21511,#18068,#18069);
#15166=AXIS2_PLACEMENT_3D('',#21512,#18070,#18071);
#15167=AXIS2_PLACEMENT_3D('',#21513,#18072,#18073);
#15168=AXIS2_PLACEMENT_3D('',#21514,#18074,#18075);
#15169=AXIS2_PLACEMENT_3D('',#21515,#18076,#18077);
#15170=AXIS2_PLACEMENT_3D('',#21516,#18078,#18079);
#15171=AXIS2_PLACEMENT_3D('',#21518,#18081,#18082);
#15172=AXIS2_PLACEMENT_3D('',#21519,#18083,#18084);
#15173=AXIS2_PLACEMENT_3D('',#21521,#18086,#18087);
#15174=AXIS2_PLACEMENT_3D('',#21522,#18088,#18089);
#15175=AXIS2_PLACEMENT_3D('',#21523,#18090,#18091);
#15176=AXIS2_PLACEMENT_3D('',#21524,#18092,#18093);
#15177=AXIS2_PLACEMENT_3D('',#21525,#18094,#18095);
#15178=AXIS2_PLACEMENT_3D('',#21526,#18096,#18097);
#15179=AXIS2_PLACEMENT_3D('',#21528,#18099,#18100);
#15180=AXIS2_PLACEMENT_3D('',#21529,#18101,#18102);
#15181=AXIS2_PLACEMENT_3D('',#21530,#18103,#18104);
#15182=AXIS2_PLACEMENT_3D('',#21531,#18105,#18106);
#15183=AXIS2_PLACEMENT_3D('',#21536,#18107,#18108);
#15184=AXIS2_PLACEMENT_3D('',#21541,#18109,#18110);
#15185=AXIS2_PLACEMENT_3D('',#21542,#18111,#18112);
#15186=AXIS2_PLACEMENT_3D('',#21543,#18113,#18114);
#15187=AXIS2_PLACEMENT_3D('',#21544,#18115,#18116);
#15188=AXIS2_PLACEMENT_3D('',#21545,#18117,#18118);
#15189=AXIS2_PLACEMENT_3D('',#21546,#18119,#18120);
#15190=AXIS2_PLACEMENT_3D('',#21547,#18121,#18122);
#15191=AXIS2_PLACEMENT_3D('',#21548,#18123,#18124);
#15192=AXIS2_PLACEMENT_3D('',#21549,#18125,#18126);
#15193=AXIS2_PLACEMENT_3D('',#21550,#18127,#18128);
#15194=AXIS2_PLACEMENT_3D('',#21551,#18129,#18130);
#15195=AXIS2_PLACEMENT_3D('',#21552,#18131,#18132);
#15196=AXIS2_PLACEMENT_3D('',#21553,#18133,#18134);
#15197=AXIS2_PLACEMENT_3D('',#21554,#18135,#18136);
#15198=AXIS2_PLACEMENT_3D('',#21555,#18137,#18138);
#15199=AXIS2_PLACEMENT_3D('',#21556,#18139,#18140);
#15200=AXIS2_PLACEMENT_3D('',#21557,#18141,#18142);
#15201=AXIS2_PLACEMENT_3D('',#21558,#18143,#18144);
#15202=DIRECTION('',(0.,0.,1.));
#15203=DIRECTION('',(1.,0.,0.));
#15204=DIRECTION('',(1.,0.,0.));
#15205=DIRECTION('',(0.,1.,0.));
#15206=DIRECTION('',(0.,0.,1.));
#15207=DIRECTION('',(0.,1.,0.));
#15208=DIRECTION('',(0.,0.,-1.));
#15209=DIRECTION('',(0.,-0.707106781191571,-0.707106781181524));
#15210=DIRECTION('',(0.,0.,1.));
#15211=DIRECTION('',(0.,0.707106781186547,0.707106781186548));
#15212=DIRECTION('',(0.,-0.707106781186548,0.707106781186548));
#15213=DIRECTION('',(-1.,0.,0.));
#15214=DIRECTION('',(0.,0.707106781191571,0.707106781181524));
#15215=DIRECTION('',(-1.,0.,0.));
#15216=DIRECTION('',(0.,0.707106781191571,0.707106781181524));
#15217=DIRECTION('',(1.,0.,0.));
#15218=DIRECTION('',(0.,-0.707106781191567,-0.707106781181528));
#15219=DIRECTION('',(-1.,0.,0.));
#15220=DIRECTION('',(1.,0.,0.));
#15221=DIRECTION('',(0.,0.,1.));
#15222=DIRECTION('',(1.,0.,0.));
#15223=DIRECTION('',(0.,-1.,0.));
#15224=DIRECTION('',(1.,0.,0.));
#15225=DIRECTION('',(0.,-1.,0.));
#15226=DIRECTION('',(1.,0.,0.));
#15227=DIRECTION('',(0.766044443119095,0.6427876096864,0.));
#15228=DIRECTION('',(0.,0.,-1.));
#15229=DIRECTION('',(0.,0.,-1.));
#15230=DIRECTION('',(-0.642787609686084,0.76604444311936,3.85038992603948E-13));
#15231=DIRECTION('',(0.,0.,1.));
#15232=DIRECTION('',(-0.642787609686401,0.766044443119094,0.));
#15233=DIRECTION('',(0.,0.,1.));
#15234=DIRECTION('',(1.,0.,0.));
#15235=DIRECTION('',(-1.,0.,0.));
#15236=DIRECTION('',(0.,0.,-1.));
#15237=DIRECTION('',(1.,0.,0.));
#15238=DIRECTION('',(0.,-1.,0.));
#15239=DIRECTION('',(-1.,0.,0.));
#15240=DIRECTION('',(0.,-1.,0.));
#15241=DIRECTION('',(1.,0.,0.));
#15242=DIRECTION('',(0.,1.,0.));
#15243=DIRECTION('',(0.,-1.,0.));
#15244=DIRECTION('',(0.,-0.707106781186548,0.707106781186548));
#15245=DIRECTION('',(0.,0.,-1.));
#15246=DIRECTION('',(0.,-1.,0.));
#15247=DIRECTION('',(0.,0.,-1.));
#15248=DIRECTION('',(0.,1.,0.));
#15249=DIRECTION('',(0.,0.,-1.));
#15250=DIRECTION('',(0.,1.,0.));
#15251=DIRECTION('',(0.,0.,-1.));
#15252=DIRECTION('',(0.,-1.,0.));
#15253=DIRECTION('',(1.79922604717697E-30,-1.,1.54886024640786E-15));
#15254=DIRECTION('',(0.,-1.54886024640786E-15,-1.));
#15255=DIRECTION('',(0.,-1.,0.));
#15256=DIRECTION('',(1.79922604717697E-30,-1.,1.54886024640786E-15));
#15257=DIRECTION('',(0.,-1.54886024640786E-15,-1.));
#15258=DIRECTION('',(0.,0.,-1.));
#15259=DIRECTION('',(-1.,0.,0.));
#15260=DIRECTION('',(0.,-0.707106781186549,-0.707106781186546));
#15261=DIRECTION('',(0.,0.,-1.));
#15262=DIRECTION('',(0.,-1.,0.));
#15263=DIRECTION('',(-0.707106781186549,0.,0.707106781186546));
#15264=DIRECTION('',(0.,0.,-1.));
#15265=DIRECTION('',(-1.,0.,0.));
#15266=DIRECTION('',(0.,0.,-1.));
#15267=DIRECTION('',(-1.,0.,0.));
#15268=DIRECTION('',(0.,0.,-1.));
#15269=DIRECTION('',(-1.,0.,0.));
#15270=DIRECTION('',(-1.,0.,0.));
#15271=DIRECTION('',(0.,0.,-1.));
#15272=DIRECTION('',(-1.,0.,0.));
#15273=DIRECTION('',(1.,0.,0.));
#15274=DIRECTION('',(0.,0.,-1.));
#15275=DIRECTION('',(-1.,0.,0.));
#15276=DIRECTION('',(1.,0.,0.));
#15277=DIRECTION('',(0.,0.,-1.));
#15278=DIRECTION('',(0.,0.,1.));
#15279=DIRECTION('',(-1.,0.,0.));
#15280=DIRECTION('',(0.,0.,1.));
#15281=DIRECTION('',(-0.285565948628858,0.958359060573698,0.));
#15282=DIRECTION('',(0.,0.,1.));
#15283=DIRECTION('',(0.,0.,1.));
#15284=DIRECTION('',(0.,1.,0.));
#15285=DIRECTION('',(0.,0.,-1.));
#15286=DIRECTION('',(0.,0.,-1.));
#15287=DIRECTION('',(0.,-1.,0.));
#15288=DIRECTION('',(0.,0.,1.));
#15289=DIRECTION('',(0.,-2.16840434497101E-15,1.));
#15290=DIRECTION('',(0.,-1.,-2.16840434497101E-15));
#15291=DIRECTION('',(0.,0.,1.));
#15292=DIRECTION('',(0.,-2.16840434497101E-15,1.));
#15293=DIRECTION('',(0.,-1.,-2.16840434497101E-15));
#15294=DIRECTION('',(0.,0.,1.));
#15295=DIRECTION('',(1.,0.,0.));
#15296=DIRECTION('',(0.766044443119622,-0.642787609685772,0.));
#15297=DIRECTION('',(1.,0.,0.));
#15298=DIRECTION('',(0.766044443116355,0.642787609689665,0.));
#15299=DIRECTION('',(0.,-2.16840434497101E-15,1.));
#15300=DIRECTION('',(0.,-1.,-2.16840434497101E-15));
#15301=DIRECTION('',(1.,0.,0.));
#15302=DIRECTION('',(0.,-2.16840434497101E-15,1.));
#15303=DIRECTION('',(0.,-1.,-2.16840434497101E-15));
#15304=DIRECTION('',(1.,0.,0.));
#15305=DIRECTION('',(0.,1.,0.));
#15306=DIRECTION('',(0.,0.,1.));
#15307=DIRECTION('',(0.,1.,0.));
#15308=DIRECTION('',(0.,0.,1.));
#15309=DIRECTION('',(0.,-1.,0.));
#15310=DIRECTION('',(0.,0.,1.));
#15311=DIRECTION('',(0.,1.,0.));
#15312=DIRECTION('',(0.,0.,1.));
#15313=DIRECTION('',(0.,-1.,0.));
#15314=DIRECTION('',(0.,1.,0.));
#15315=DIRECTION('',(0.,-1.,0.));
#15316=DIRECTION('',(0.,0.707106781186548,0.707106781186548));
#15317=DIRECTION('',(1.,0.,0.));
#15318=DIRECTION('',(-1.,0.,0.));
#15319=DIRECTION('',(1.,0.,0.));
#15320=DIRECTION('',(0.,0.707106781186547,-0.707106781186548));
#15321=DIRECTION('',(-1.,0.,0.));
#15322=DIRECTION('',(0.,0.707106781186547,-0.707106781186548));
#15323=DIRECTION('',(1.,0.,0.));
#15324=DIRECTION('',(-1.,0.,0.));
#15325=DIRECTION('',(1.,0.,0.));
#15326=DIRECTION('',(1.,0.,0.));
#15327=DIRECTION('',(0.,0.,1.));
#15328=DIRECTION('',(1.,0.,0.));
#15329=DIRECTION('',(-1.,0.,0.));
#15330=DIRECTION('',(0.,0.,1.));
#15331=DIRECTION('',(1.,0.,0.));
#15332=DIRECTION('',(-1.,0.,0.));
#15333=DIRECTION('',(0.,0.,1.));
#15334=DIRECTION('',(1.,0.,0.));
#15335=DIRECTION('',(0.,1.,0.));
#15336=DIRECTION('',(0.,0.,1.));
#15337=DIRECTION('',(0.,-1.,0.));
#15338=DIRECTION('',(0.,0.,-1.));
#15339=DIRECTION('',(0.,-0.707106781186548,-0.707106781186547));
#15340=DIRECTION('',(0.,0.,-1.));
#15341=DIRECTION('',(0.,0.,1.));
#15342=DIRECTION('',(1.,0.,0.));
#15343=DIRECTION('',(0.,0.,-1.));
#15344=DIRECTION('',(1.,0.,0.));
#15345=DIRECTION('',(0.,1.,0.));
#15346=DIRECTION('',(0.,0.,1.));
#15347=DIRECTION('',(1.,0.,0.));
#15348=DIRECTION('',(1.,0.,0.));
#15349=DIRECTION('',(0.,-1.,0.));
#15350=DIRECTION('',(1.,0.,0.));
#15351=DIRECTION('',(0.76604444311913,-0.642787609686359,0.));
#15352=DIRECTION('',(0.,0.,-1.));
#15353=DIRECTION('',(0.,0.,-1.));
#15354=DIRECTION('',(-0.64278760968636,-0.766044443119129,0.));
#15355=DIRECTION('',(0.,0.,1.));
#15356=DIRECTION('',(-0.642787609686184,-0.766044443119276,2.94120448942844E-13));
#15357=DIRECTION('',(1.,0.,0.));
#15358=DIRECTION('',(0.,0.,1.));
#15359=DIRECTION('',(-1.,0.,0.));
#15360=DIRECTION('',(0.,0.,1.));
#15361=DIRECTION('',(-1.,0.,0.));
#15362=DIRECTION('',(-1.,0.,0.));
#15363=DIRECTION('',(0.,0.,1.));
#15364=DIRECTION('',(-1.,0.,0.));
#15365=DIRECTION('',(0.,0.,-1.));
#15366=DIRECTION('',(-1.,0.,0.));
#15367=DIRECTION('',(0.,-0.707106781186551,-0.707106781186544));
#15368=DIRECTION('',(0.,0.,-1.));
#15369=DIRECTION('',(-1.,0.,0.));
#15370=DIRECTION('',(-0.454519477619367,-0.541675220463914,-0.707106781186539));
#15371=DIRECTION('',(0.,0.,-1.));
#15372=DIRECTION('',(0.,-1.,0.));
#15373=DIRECTION('',(0.,1.,0.));
#15374=DIRECTION('',(1.,0.,0.));
#15375=DIRECTION('',(0.,0.,-1.));
#15376=DIRECTION('',(1.,0.,0.));
#15377=DIRECTION('',(-1.,0.,0.));
#15378=DIRECTION('',(1.,0.,0.));
#15379=DIRECTION('',(0.,0.,1.));
#15380=DIRECTION('',(-1.,0.,0.));
#15381=DIRECTION('',(1.,0.,0.));
#15382=DIRECTION('',(-1.,0.,0.));
#15383=DIRECTION('',(0.,0.,-1.));
#15384=DIRECTION('',(-1.,0.,0.));
#15385=DIRECTION('',(0.,0.,1.));
#15386=DIRECTION('',(0.,-1.,0.));
#15387=DIRECTION('',(0.,0.,-1.));
#15388=DIRECTION('',(0.924171931982511,0.,-0.381976753397001));
#15389=DIRECTION('',(0.,1.,0.));
#15390=DIRECTION('',(0.,0.,-1.));
#15391=DIRECTION('',(0.,0.,1.));
#15392=DIRECTION('',(0.,1.,-4.44468537766793E-21));
#15393=DIRECTION('',(0.,7.52316384526264E-37,-1.));
#15394=DIRECTION('',(-0.924171931981781,0.,-0.381976753398766));
#15395=DIRECTION('',(0.,-1.,0.));
#15396=DIRECTION('',(0.,0.,-1.));
#15397=DIRECTION('',(0.,0.,1.));
#15398=DIRECTION('',(0.,-1.,0.));
#15399=DIRECTION('',(0.,0.,-1.));
#15400=DIRECTION('',(0.924171931981684,0.,-0.381976753399002));
#15401=DIRECTION('',(0.,1.,0.));
#15402=DIRECTION('',(0.,0.,-1.));
#15403=DIRECTION('',(0.,0.,1.));
#15404=DIRECTION('',(0.,1.,0.));
#15405=DIRECTION('',(0.,0.,-1.));
#15406=DIRECTION('',(-0.924171931981781,0.,-0.381976753398767));
#15407=DIRECTION('',(0.,-1.,0.));
#15408=DIRECTION('',(0.,0.,-1.));
#15409=DIRECTION('',(0.,0.,1.));
#15410=DIRECTION('',(1.,0.,0.));
#15411=DIRECTION('',(0.,1.,0.));
#15412=DIRECTION('',(0.,0.,1.));
#15413=DIRECTION('',(0.,0.,1.));
#15414=DIRECTION('',(0.,1.,0.));
#15415=DIRECTION('',(-1.,0.,0.));
#15416=DIRECTION('',(0.,0.,1.));
#15417=DIRECTION('',(0.,0.,1.));
#15418=DIRECTION('',(1.,0.,0.));
#15419=DIRECTION('',(0.,0.,1.));
#15420=DIRECTION('',(-1.,0.,0.));
#15421=DIRECTION('',(0.,0.,1.));
#15422=DIRECTION('',(0.,0.,1.));
#15423=DIRECTION('',(-1.,0.,0.));
#15424=DIRECTION('',(0.,0.,-1.));
#15425=DIRECTION('',(0.,0.,-1.));
#15426=DIRECTION('',(0.,1.,0.));
#15427=DIRECTION('',(0.,1.,0.));
#15428=DIRECTION('',(1.,0.,0.));
#15429=DIRECTION('',(1.,0.,0.));
#15430=DIRECTION('',(0.,0.,1.));
#15431=DIRECTION('',(-1.,0.,0.));
#15432=DIRECTION('',(0.,0.,1.));
#15433=DIRECTION('',(0.,0.624695047554982,0.780868809442584));
#15434=DIRECTION('',(1.,0.,0.));
#15435=DIRECTION('',(-1.,0.,0.));
#15436=DIRECTION('',(1.,0.,0.));
#15437=DIRECTION('',(-1.,0.,0.));
#15438=DIRECTION('',(-1.,0.,0.));
#15439=DIRECTION('',(0.,-0.624695047554982,-0.780868809442584));
#15440=DIRECTION('',(0.,0.780868809442585,-0.624695047554982));
#15441=DIRECTION('',(-1.,0.,0.));
#15442=DIRECTION('',(0.,0.624695047554982,0.780868809442584));
#15443=DIRECTION('',(0.,0.780868809442585,-0.624695047554982));
#15444=DIRECTION('',(-1.,0.,0.));
#15445=DIRECTION('',(1.,0.,0.));
#15446=DIRECTION('',(0.,0.,1.));
#15447=DIRECTION('',(-1.,0.,0.));
#15448=DIRECTION('',(0.,0.,1.));
#15449=DIRECTION('',(0.,0.,-1.));
#15450=DIRECTION('',(-1.,0.,0.));
#15451=DIRECTION('',(0.,0.,1.));
#15452=DIRECTION('',(0.,0.,-1.));
#15453=DIRECTION('',(-1.,0.,0.));
#15454=DIRECTION('',(-1.04488386739759E-30,1.,0.));
#15455=DIRECTION('',(0.,0.,-1.));
#15456=DIRECTION('',(0.,-1.,0.));
#15457=DIRECTION('',(1.04488386739759E-30,-1.,0.));
#15458=DIRECTION('',(1.,1.04488386739759E-30,0.));
#15459=DIRECTION('',(0.,-1.,0.));
#15460=DIRECTION('',(0.,1.,0.));
#15461=DIRECTION('',(0.,0.,-1.));
#15462=DIRECTION('',(0.,-1.,0.));
#15463=DIRECTION('',(0.,-1.,1.44560289664734E-15));
#15464=DIRECTION('',(0.,-1.44560289664734E-15,-1.));
#15465=DIRECTION('',(0.,-1.,0.));
#15466=DIRECTION('',(0.,-1.,1.44560289664734E-15));
#15467=DIRECTION('',(0.,-1.44560289664734E-15,-1.));
#15468=DIRECTION('',(-0.642787609686083,0.766044443119361,-3.73983452019848E-16));
#15469=DIRECTION('',(0.766044443119361,0.642787609686083,0.));
#15470=DIRECTION('',(0.642787609686083,-0.766044443119361,3.73983452019848E-16));
#15471=DIRECTION('',(0.766044443119361,0.642787609686083,-2.07602519630616E-32));
#15472=DIRECTION('',(0.642787609686083,-0.766044443119361,3.73983452019848E-16));
#15473=DIRECTION('',(0.766044443119361,0.642787609686083,-2.07602519630616E-32));
#15474=DIRECTION('',(-0.642787609686083,0.766044443119361,-3.73983452019848E-16));
#15475=DIRECTION('',(0.454519477672243,-0.54167522042062,0.707106781185716));
#15476=DIRECTION('',(-0.454519477671199,0.541675220419325,0.707106781187379));
#15477=DIRECTION('',(-0.629320391048069,0.,0.777145961458403));
#15478=DIRECTION('',(0.,1.,0.));
#15479=DIRECTION('',(-0.629320391048069,0.,0.777145961458403));
#15480=DIRECTION('',(-0.777145961458403,0.,-0.629320391048069));
#15481=DIRECTION('',(0.,-1.,0.));
#15482=DIRECTION('',(-0.629320391048069,0.,0.777145961458403));
#15483=DIRECTION('',(-0.777145961458403,0.,-0.629320391048069));
#15484=DIRECTION('',(0.,1.,0.));
#15485=DIRECTION('',(0.777145961457223,0.,0.629320391049526));
#15486=DIRECTION('',(0.,1.,0.));
#15487=DIRECTION('',(0.777145961458402,0.,0.629320391048071));
#15488=DIRECTION('',(0.894427191000546,0.447213595498697,0.));
#15489=DIRECTION('',(0.,0.,-1.));
#15490=DIRECTION('',(0.,0.,1.));
#15491=DIRECTION('',(-0.333333333334966,0.666666666664553,-0.666666666667964));
#15492=DIRECTION('',(0.447213595498701,-0.894427191000544,0.));
#15493=DIRECTION('',(0.,0.,-1.));
#15494=DIRECTION('',(0.447213595498701,-0.894427191000544,0.));
#15495=DIRECTION('',(-0.777145961435864,0.,-0.629320391075902));
#15496=DIRECTION('',(-0.179712474515188,-0.958359060551864,0.221926423757464));
#15497=DIRECTION('',(0.,-1.,0.));
#15498=DIRECTION('',(1.,0.,0.));
#15499=DIRECTION('',(0.,0.707106781186548,0.707106781186548));
#15500=DIRECTION('',(1.,0.,0.));
#15501=DIRECTION('',(0.,-0.707106781186548,0.707106781186548));
#15502=DIRECTION('',(-1.,0.,0.));
#15503=DIRECTION('',(0.,0.707106781186548,-0.707106781186548));
#15504=DIRECTION('',(-1.,0.,0.));
#15505=DIRECTION('',(0.,-1.,0.));
#15506=DIRECTION('',(0.,0.,1.));
#15507=DIRECTION('',(0.,1.,0.));
#15508=DIRECTION('',(1.,0.,0.));
#15509=DIRECTION('',(0.,-1.,0.));
#15510=DIRECTION('',(0.,-1.,0.));
#15511=DIRECTION('',(1.,0.,0.));
#15512=DIRECTION('',(0.,-1.,0.));
#15513=DIRECTION('',(0.,0.,1.));
#15514=DIRECTION('',(1.,0.,0.));
#15515=DIRECTION('',(0.,1.,0.));
#15516=DIRECTION('',(1.,0.,0.));
#15517=DIRECTION('',(0.,1.,0.));
#15518=DIRECTION('',(-1.,0.,0.));
#15519=DIRECTION('',(-0.642787609687121,0.76604444311849,0.));
#15520=DIRECTION('',(0.,0.,1.));
#15521=DIRECTION('',(0.,0.,1.));
#15522=DIRECTION('',(-0.642787609686182,0.766044443119278,-3.1415903602294E-16));
#15523=DIRECTION('',(-0.766044443119278,-0.642787609686182,0.));
#15524=DIRECTION('',(-0.766044443118489,-0.642787609687122,0.));
#15525=DIRECTION('',(0.,0.,1.));
#15526=DIRECTION('',(-0.76604444311849,-0.642787609687121,0.));
#15527=DIRECTION('',(0.766044443118489,0.642787609687122,0.));
#15528=DIRECTION('',(0.642787609686898,-0.766044443118677,-8.0448115089535E-16));
#15529=DIRECTION('',(0.766044443118677,0.642787609686898,4.46576748300481E-32));
#15530=DIRECTION('',(0.,0.,1.));
#15531=DIRECTION('',(1.,0.,0.));
#15532=DIRECTION('',(-1.,0.,0.));
#15533=DIRECTION('',(0.,0.,1.));
#15534=DIRECTION('',(0.,-1.,0.));
#15535=DIRECTION('',(-1.,0.,0.));
#15536=DIRECTION('',(-0.766044443116355,-0.642787609689665,0.));
#15537=DIRECTION('',(0.,0.,-1.));
#15538=DIRECTION('',(1.,0.,0.));
#15539=DIRECTION('',(0.,0.,1.));
#15540=DIRECTION('',(1.,0.,0.));
#15541=DIRECTION('',(0.,0.,1.));
#15542=DIRECTION('',(0.,1.,0.));
#15543=DIRECTION('',(0.,0.,1.));
#15544=DIRECTION('',(0.,1.,0.));
#15545=DIRECTION('',(1.,0.,0.));
#15546=DIRECTION('',(0.,0.,-1.));
#15547=DIRECTION('',(1.,0.,0.));
#15548=DIRECTION('',(0.,0.,-1.));
#15549=DIRECTION('',(1.,0.,0.));
#15550=DIRECTION('',(1.,0.,0.));
#15551=DIRECTION('',(0.,0.285565948633956,-0.958359060572179));
#15552=DIRECTION('',(0.,0.,1.));
#15553=DIRECTION('',(0.,-1.,0.));
#15554=DIRECTION('',(0.,1.,0.));
#15555=DIRECTION('',(1.,0.,0.));
#15556=DIRECTION('',(0.,0.,1.));
#15557=DIRECTION('',(1.,0.,0.));
#15558=DIRECTION('',(0.,1.,0.));
#15559=DIRECTION('',(0.,1.,0.));
#15560=DIRECTION('',(1.,0.,0.));
#15561=DIRECTION('',(1.,0.,0.));
#15562=DIRECTION('',(0.,1.,0.));
#15563=DIRECTION('',(0.,0.,1.));
#15564=DIRECTION('',(0.,1.,0.));
#15565=DIRECTION('',(0.,0.,1.));
#15566=DIRECTION('',(-1.,0.,0.));
#15567=DIRECTION('',(0.,1.,0.));
#15568=DIRECTION('',(0.,1.,0.));
#15569=DIRECTION('',(0.,0.,-1.));
#15570=DIRECTION('',(0.,1.,0.));
#15571=DIRECTION('',(0.,-1.,0.));
#15572=DIRECTION('',(0.,0.,-1.));
#15573=DIRECTION('',(0.,1.,0.));
#15574=DIRECTION('',(0.,1.,0.));
#15575=DIRECTION('',(0.,0.,-1.));
#15576=DIRECTION('',(0.,0.,1.));
#15577=DIRECTION('',(1.,0.,0.));
#15578=DIRECTION('',(-1.,0.,0.));
#15579=DIRECTION('',(0.,1.,0.));
#15580=DIRECTION('',(-1.,0.,0.));
#15581=DIRECTION('',(0.,-1.,0.));
#15582=DIRECTION('',(1.,0.,0.));
#15583=DIRECTION('',(0.,1.,0.));
#15584=DIRECTION('',(1.,0.,0.));
#15585=DIRECTION('',(0.,0.,-1.));
#15586=DIRECTION('',(0.,-1.,0.));
#15587=DIRECTION('',(1.,0.,0.));
#15588=DIRECTION('',(0.,0.,-1.));
#15589=DIRECTION('',(-1.,0.,0.));
#15590=DIRECTION('',(0.,0.,1.));
#15591=DIRECTION('',(-1.,0.,0.));
#15592=DIRECTION('',(0.,0.,1.));
#15593=DIRECTION('',(0.,0.,1.));
#15594=DIRECTION('',(-1.,-2.89120579329468E-15,0.));
#15595=DIRECTION('',(2.89120579329468E-15,-1.,0.));
#15596=DIRECTION('',(0.,-1.,0.));
#15597=DIRECTION('',(-1.,0.,-2.89120579329468E-15));
#15598=DIRECTION('',(-2.89120579329468E-15,0.,1.));
#15599=DIRECTION('',(0.,0.,-1.));
#15600=DIRECTION('',(0.,-1.,0.));
#15601=DIRECTION('',(0.,0.,1.));
#15602=DIRECTION('',(0.,1.,0.));
#15603=DIRECTION('',(0.,0.,-1.));
#15604=DIRECTION('',(0.,0.,-1.));
#15605=DIRECTION('',(-1.,0.,0.));
#15606=DIRECTION('',(0.,0.,1.));
#15607=DIRECTION('',(0.,1.,0.));
#15608=DIRECTION('',(1.,0.,0.));
#15609=DIRECTION('',(0.,0.,-1.));
#15610=DIRECTION('',(0.,0.,1.));
#15611=DIRECTION('',(0.,0.,1.));
#15612=DIRECTION('',(1.,0.,0.));
#15613=DIRECTION('',(0.,0.,1.));
#15614=DIRECTION('',(0.,-1.,0.));
#15615=DIRECTION('',(1.,0.,0.));
#15616=DIRECTION('',(0.766044443116356,0.642787609689665,0.));
#15617=DIRECTION('',(0.,1.,0.));
#15618=DIRECTION('',(1.,0.,0.));
#15619=DIRECTION('',(-1.,0.,0.));
#15620=DIRECTION('',(0.,0.,1.));
#15621=DIRECTION('',(0.,-1.,1.54886024640786E-15));
#15622=DIRECTION('',(0.,-1.54886024640786E-15,-1.));
#15623=DIRECTION('',(-0.924171931981781,0.,-0.381976753398767));
#15624=DIRECTION('',(0.,-1.,1.44560289664734E-15));
#15625=DIRECTION('',(0.,-1.44560289664734E-15,-1.));
#15626=DIRECTION('',(0.,0.,1.));
#15627=DIRECTION('',(-1.,0.,0.));
#15628=DIRECTION('',(0.,0.,1.));
#15629=DIRECTION('',(0.,0.,-1.));
#15630=DIRECTION('',(-1.,0.,0.));
#15631=DIRECTION('',(0.,-0.707106781186548,-0.707106781186547));
#15632=DIRECTION('',(0.,0.,-1.));
#15633=DIRECTION('',(-1.,0.,0.));
#15634=DIRECTION('',(-0.707106781186549,0.,-0.707106781186546));
#15635=DIRECTION('',(0.,0.,-1.));
#15636=DIRECTION('',(0.,-1.,0.));
#15637=DIRECTION('',(0.,1.,0.));
#15638=DIRECTION('',(-0.958359060573692,0.,0.285565948628877));
#15639=DIRECTION('',(-1.,0.,0.));
#15640=DIRECTION('',(0.,0.285565948628849,-0.9583590605737));
#15641=DIRECTION('',(0.,0.,-1.));
#15642=DIRECTION('',(-1.,0.,0.));
#15643=DIRECTION('',(0.,0.,-1.));
#15644=DIRECTION('',(1.,0.,0.));
#15645=DIRECTION('',(0.,0.,1.));
#15646=DIRECTION('',(1.,0.,0.));
#15647=DIRECTION('',(0.,0.,1.));
#15648=DIRECTION('',(0.,0.,1.));
#15649=DIRECTION('',(1.,0.,0.));
#15650=DIRECTION('',(0.,0.,-1.));
#15651=DIRECTION('',(1.,0.,0.));
#15652=DIRECTION('',(0.,1.,0.));
#15653=DIRECTION('',(0.,-0.707106781186556,-0.707106781186539));
#15654=DIRECTION('',(0.,0.,1.));
#15655=DIRECTION('',(0.,-0.707106781186548,0.707106781186548));
#15656=DIRECTION('',(0.,-1.,0.));
#15657=DIRECTION('',(0.,-1.,0.));
#15658=DIRECTION('',(0.,1.,0.));
#15659=DIRECTION('',(1.,0.,0.));
#15660=DIRECTION('',(-1.,0.,0.));
#15661=DIRECTION('',(0.,0.,1.));
#15662=DIRECTION('',(-1.,0.,0.));
#15663=DIRECTION('',(0.,0.,-1.));
#15664=DIRECTION('',(0.,0.,1.));
#15665=DIRECTION('',(1.,0.,0.));
#15666=DIRECTION('',(1.,0.,0.));
#15667=DIRECTION('',(-4.00002168244342E-20,0.,1.));
#15668=DIRECTION('',(-1.,0.,-6.01853107621011E-36));
#15669=DIRECTION('',(0.,-1.,0.));
#15670=DIRECTION('',(-1.,0.,0.));
#15671=DIRECTION('',(0.,-1.,0.));
#15672=DIRECTION('',(0.,0.,1.));
#15673=DIRECTION('',(1.,0.,0.));
#15674=DIRECTION('',(0.,1.,0.));
#15675=DIRECTION('',(-1.,0.,0.));
#15676=DIRECTION('',(0.,-1.,0.));
#15677=DIRECTION('',(-1.,0.,0.));
#15678=DIRECTION('',(0.,1.,0.));
#15679=DIRECTION('',(1.,0.,0.));
#15680=DIRECTION('',(0.,0.,-1.));
#15681=DIRECTION('',(1.,0.,0.));
#15682=DIRECTION('',(-1.,0.,0.));
#15683=DIRECTION('',(0.,0.,1.));
#15684=DIRECTION('',(-1.,0.,0.));
#15685=DIRECTION('',(0.,0.,-1.));
#15686=DIRECTION('',(1.,0.,0.));
#15687=DIRECTION('',(0.,-1.,0.));
#15688=DIRECTION('',(0.,0.,-1.));
#15689=DIRECTION('',(0.,0.,1.));
#15690=DIRECTION('',(0.,-1.,0.));
#15691=DIRECTION('',(0.,0.,-1.));
#15692=DIRECTION('',(-1.,0.,0.));
#15693=DIRECTION('',(0.,-1.,0.));
#15694=DIRECTION('',(0.,0.,-1.));
#15695=DIRECTION('',(0.,0.,-1.));
#15696=DIRECTION('',(6.26930320438555E-30,-1.,1.44560289664734E-15));
#15697=DIRECTION('',(0.,-1.44560289664734E-15,-1.));
#15698=DIRECTION('',(0.,0.,-1.));
#15699=DIRECTION('',(1.,0.,0.));
#15700=DIRECTION('',(-1.44560289664735E-15,1.,0.));
#15701=DIRECTION('',(-1.,-1.44560289664735E-15,0.));
#15702=DIRECTION('',(0.,1.,0.));
#15703=DIRECTION('',(0.,0.,1.));
#15704=DIRECTION('',(1.,0.,0.));
#15705=DIRECTION('',(0.,1.,0.));
#15706=DIRECTION('',(0.,0.,1.));
#15707=DIRECTION('',(0.,-1.,0.));
#15708=DIRECTION('',(0.,0.,-1.));
#15709=DIRECTION('',(0.,0.,-1.));
#15710=DIRECTION('',(1.,0.,0.));
#15711=DIRECTION('',(0.,0.,1.));
#15712=DIRECTION('',(0.,1.,0.));
#15713=DIRECTION('',(0.,0.,1.));
#15714=DIRECTION('',(0.,1.,0.));
#15715=DIRECTION('',(0.,0.,1.));
#15716=DIRECTION('',(1.,0.,0.));
#15717=DIRECTION('',(0.,1.,0.));
#15718=DIRECTION('',(0.,0.,1.));
#15719=DIRECTION('',(0.,-1.,0.));
#15720=DIRECTION('',(0.,0.,-1.));
#15721=DIRECTION('',(0.,0.,1.));
#15722=DIRECTION('',(1.,0.,0.));
#15723=DIRECTION('',(1.,0.,0.));
#15724=DIRECTION('',(1.,0.,0.));
#15725=DIRECTION('',(0.,1.,0.));
#15726=DIRECTION('',(0.,0.,-1.));
#15727=DIRECTION('',(0.,-1.,0.));
#15728=DIRECTION('',(0.,-1.,1.54886024640786E-15));
#15729=DIRECTION('',(0.,-1.54886024640786E-15,-1.));
#15730=DIRECTION('',(0.,-1.,0.));
#15731=DIRECTION('',(1.,0.,0.));
#15732=DIRECTION('',(0.,1.,0.));
#15733=DIRECTION('',(0.,0.,-1.));
#15734=DIRECTION('',(0.,1.,0.));
#15735=DIRECTION('',(0.,-0.707106781186551,-0.707106781186544));
#15736=DIRECTION('',(0.,0.,1.));
#15737=DIRECTION('',(0.,0.707106781186547,0.707106781186548));
#15738=DIRECTION('',(0.,0.,1.));
#15739=DIRECTION('',(1.,0.,0.));
#15740=DIRECTION('',(0.,-1.,0.));
#15741=DIRECTION('',(1.,0.,0.));
#15742=DIRECTION('',(0.,-1.,0.));
#15743=DIRECTION('',(1.,0.,0.));
#15744=DIRECTION('',(0.,0.,1.));
#15745=DIRECTION('',(1.,0.,0.));
#15746=DIRECTION('',(0.,1.,0.));
#15747=DIRECTION('',(1.,0.,0.));
#15748=DIRECTION('',(0.642787609687021,0.766044443118574,0.));
#15749=DIRECTION('',(0.,0.,-1.));
#15750=DIRECTION('',(0.,0.,1.));
#15751=DIRECTION('',(0.642787609686428,0.766044443119072,-1.46049537709489E-15));
#15752=DIRECTION('',(-0.766044443119071,0.642787609686428,0.));
#15753=DIRECTION('',(0.766044443118574,-0.642787609687021,0.));
#15754=DIRECTION('',(0.,0.,1.));
#15755=DIRECTION('',(-0.766044443118574,0.642787609687021,0.));
#15756=DIRECTION('',(0.766044443118573,-0.642787609687022,0.));
#15757=DIRECTION('',(-0.642787609686083,-0.766044443119361,-6.14133071914165E-16));
#15758=DIRECTION('',(0.766044443119361,-0.642787609686083,-3.40912338311441E-32));
#15759=DIRECTION('',(0.,0.,-1.));
#15760=DIRECTION('',(0.,-1.,0.));
#15761=DIRECTION('',(0.,0.,-1.));
#15762=DIRECTION('',(0.,0.,1.));
#15763=DIRECTION('',(1.,0.,0.));
#15764=DIRECTION('',(0.,0.,1.));
#15765=DIRECTION('',(0.,0.,1.));
#15766=DIRECTION('',(1.,0.,0.));
#15767=DIRECTION('',(0.,1.,0.));
#15768=DIRECTION('',(0.,0.,-1.));
#15769=DIRECTION('',(0.,-1.,0.));
#15770=DIRECTION('',(0.,-1.,0.));
#15771=DIRECTION('',(0.,0.,1.));
#15772=DIRECTION('',(1.,0.,0.));
#15773=DIRECTION('',(0.,1.,0.));
#15774=DIRECTION('',(-1.,0.,0.));
#15775=DIRECTION('',(0.,1.,0.));
#15776=DIRECTION('',(1.,0.,0.));
#15777=DIRECTION('',(0.,1.,0.));
#15778=DIRECTION('',(1.,0.,0.));
#15779=DIRECTION('',(1.,0.,0.));
#15780=DIRECTION('',(0.,0.958359060573852,0.285565948628341));
#15781=DIRECTION('',(0.,0.707106781186548,-0.707106781186548));
#15782=DIRECTION('',(-1.,0.,0.));
#15783=DIRECTION('',(0.,-0.707106781188367,-0.707106781184728));
#15784=DIRECTION('',(1.,0.,0.));
#15785=DIRECTION('',(0.,-0.707106781185991,-0.707106781187104));
#15786=DIRECTION('',(1.,0.,0.));
#15787=DIRECTION('',(0.,0.,-1.));
#15788=DIRECTION('',(0.,-1.,0.));
#15789=DIRECTION('',(0.,0.,-1.));
#15790=DIRECTION('',(0.,0.,-1.));
#15791=DIRECTION('',(0.,-1.,0.));
#15792=DIRECTION('',(0.,0.,-1.));
#15793=DIRECTION('',(0.,0.,-1.));
#15794=DIRECTION('',(0.,-1.,0.));
#15795=DIRECTION('',(0.,2.50016263007585E-21,-1.));
#15796=DIRECTION('',(0.,-1.,3.76158192263132E-37));
#15797=DIRECTION('',(0.,1.,0.));
#15798=DIRECTION('',(1.,0.,0.));
#15799=DIRECTION('',(0.,0.,-1.));
#15800=DIRECTION('',(-1.,0.,0.));
#15801=DIRECTION('',(1.,0.,0.));
#15802=DIRECTION('',(0.,0.,-1.));
#15803=DIRECTION('',(1.,0.,0.));
#15804=DIRECTION('',(0.,1.,0.));
#15805=DIRECTION('',(0.,1.,0.));
#15806=DIRECTION('',(0.,1.,0.));
#15807=DIRECTION('',(0.,0.,-1.));
#15808=DIRECTION('',(0.,0.,1.));
#15809=DIRECTION('',(-1.,0.,0.));
#15810=DIRECTION('',(0.,0.,-1.));
#15811=DIRECTION('',(0.,0.,1.));
#15812=DIRECTION('',(0.,0.,1.));
#15813=DIRECTION('',(0.,1.,0.));
#15814=DIRECTION('',(0.,0.707106781186548,-0.707106781186548));
#15815=DIRECTION('',(-1.,0.,0.));
#15816=DIRECTION('',(0.,0.707106781186561,0.707106781186535));
#15817=DIRECTION('',(-1.,0.,0.));
#15818=DIRECTION('',(0.,-0.707106781186556,-0.707106781186539));
#15819=DIRECTION('',(-1.,0.,0.));
#15820=DIRECTION('',(0.,0.,1.));
#15821=DIRECTION('',(1.,0.,0.));
#15822=DIRECTION('',(-0.766044443119622,0.642787609685772,0.));
#15823=DIRECTION('',(0.,-2.16840434497101E-15,1.));
#15824=DIRECTION('',(0.,-1.,-2.16840434497101E-15));
#15825=DIRECTION('',(0.,-2.16840434497101E-15,1.));
#15826=DIRECTION('',(0.,-1.,-2.16840434497101E-15));
#15827=DIRECTION('',(-0.766044443116355,-0.642787609689665,0.));
#15828=DIRECTION('',(-1.,0.,0.));
#15829=DIRECTION('',(0.,0.,1.));
#15830=DIRECTION('',(1.,0.,0.));
#15831=DIRECTION('',(-0.766044443119621,0.642787609685773,0.));
#15832=DIRECTION('',(0.,0.,-1.));
#15833=DIRECTION('',(0.,-1.,0.));
#15834=DIRECTION('',(-0.766044443119621,0.642787609685773,0.));
#15835=DIRECTION('',(0.,0.,1.));
#15836=DIRECTION('',(0.,-1.,0.));
#15837=DIRECTION('',(-0.766044443116355,-0.642787609689666,0.));
#15838=DIRECTION('',(0.,2.50010841996723E-21,-1.));
#15839=DIRECTION('',(0.,-1.,3.76158192263132E-37));
#15840=DIRECTION('',(-0.766044443116356,-0.642787609689665,0.));
#15841=DIRECTION('',(0.,0.,1.));
#15842=DIRECTION('',(0.,-1.,0.));
#15843=DIRECTION('',(0.,0.,1.));
#15844=DIRECTION('',(1.,0.,0.));
#15845=DIRECTION('',(1.,0.,0.));
#15846=DIRECTION('',(0.,0.,-1.));
#15847=DIRECTION('',(-1.,0.,0.));
#15848=DIRECTION('',(-0.642787609686428,-0.766044443119072,1.46049537709489E-15));
#15849=DIRECTION('',(-0.766044443118742,0.642787609686821,0.));
#15850=DIRECTION('',(1.,0.,0.));
#15851=DIRECTION('',(-1.,0.,0.));
#15852=DIRECTION('',(0.,0.,-1.));
#15853=DIRECTION('',(-1.,0.,0.));
#15854=DIRECTION('',(0.,0.,-1.));
#15855=DIRECTION('',(0.,-1.,0.));
#15856=DIRECTION('',(0.,0.,1.));
#15857=DIRECTION('',(0.,0.,1.));
#15858=DIRECTION('',(0.,-1.,0.));
#15859=DIRECTION('',(0.,0.,1.));
#15860=DIRECTION('',(0.,1.,0.));
#15861=DIRECTION('',(1.,0.,0.));
#15862=DIRECTION('',(0.,0.,-1.));
#15863=DIRECTION('',(-1.,0.,0.));
#15864=DIRECTION('',(0.,1.,0.));
#15865=DIRECTION('',(0.,0.,1.));
#15866=DIRECTION('',(-1.,0.,0.));
#15867=DIRECTION('',(0.,-1.,0.));
#15868=DIRECTION('',(1.,0.,0.));
#15869=DIRECTION('',(0.,0.,1.));
#15870=DIRECTION('',(-1.,0.,0.));
#15871=DIRECTION('',(0.,0.,-1.));
#15872=DIRECTION('',(0.,-1.,0.));
#15873=DIRECTION('',(0.,0.,1.));
#15874=DIRECTION('',(-1.,0.,0.));
#15875=DIRECTION('',(0.,0.,-1.));
#15876=DIRECTION('',(0.,0.,-1.));
#15877=DIRECTION('',(-1.,0.,0.));
#15878=DIRECTION('',(0.,0.,-1.));
#15879=DIRECTION('',(0.,0.,1.));
#15880=DIRECTION('',(1.,0.,0.));
#15881=DIRECTION('',(0.,1.,0.));
#15882=DIRECTION('',(1.,0.,0.));
#15883=DIRECTION('',(0.,1.,0.));
#15884=DIRECTION('',(-1.,0.,0.));
#15885=DIRECTION('',(-0.381976753398762,0.,0.924171931981783));
#15886=DIRECTION('',(0.,1.,0.));
#15887=DIRECTION('',(0.,-1.,0.));
#15888=DIRECTION('',(0.924171931981781,0.,0.381976753398767));
#15889=DIRECTION('',(0.924171931981783,0.,0.381976753398762));
#15890=DIRECTION('',(0.,0.,1.));
#15891=DIRECTION('',(1.,0.,0.));
#15892=DIRECTION('',(0.,1.,0.));
#15893=DIRECTION('',(1.,0.,0.));
#15894=DIRECTION('',(0.,-1.,0.));
#15895=DIRECTION('',(-1.,0.,0.));
#15896=DIRECTION('',(0.,1.,0.));
#15897=DIRECTION('',(-1.,0.,0.));
#15898=DIRECTION('',(0.,1.,0.));
#15899=DIRECTION('',(-1.,0.,0.));
#15900=DIRECTION('',(0.,1.,0.));
#15901=DIRECTION('',(-1.,0.,0.));
#15902=DIRECTION('',(0.,1.,0.));
#15903=DIRECTION('',(1.,0.,0.));
#15904=DIRECTION('',(0.,0.,1.));
#15905=DIRECTION('',(-1.,0.,0.));
#15906=DIRECTION('',(0.,1.,0.));
#15907=DIRECTION('',(1.,0.,0.));
#15908=DIRECTION('',(0.,-1.,0.));
#15909=DIRECTION('',(1.,0.,0.));
#15910=DIRECTION('',(0.,1.,0.));
#15911=DIRECTION('',(1.,0.,0.));
#15912=DIRECTION('',(0.,-1.,0.));
#15913=DIRECTION('',(1.,0.,0.));
#15914=DIRECTION('',(0.,1.,0.));
#15915=DIRECTION('',(1.,0.,0.));
#15916=DIRECTION('',(0.,-1.,0.));
#15917=DIRECTION('',(1.,0.,0.));
#15918=DIRECTION('',(0.,1.,0.));
#15919=DIRECTION('',(1.,0.,0.));
#15920=DIRECTION('',(0.,-1.,0.));
#15921=DIRECTION('',(1.,0.,0.));
#15922=DIRECTION('',(0.,1.,0.));
#15923=DIRECTION('',(1.,0.,0.));
#15924=DIRECTION('',(0.,1.,0.));
#15925=DIRECTION('',(1.,0.,0.));
#15926=DIRECTION('',(0.,-1.,0.));
#15927=DIRECTION('',(1.,0.,0.));
#15928=DIRECTION('',(0.,1.,0.));
#15929=DIRECTION('',(1.,0.,0.));
#15930=DIRECTION('',(0.,-1.,0.));
#15931=DIRECTION('',(0.,-1.,0.));
#15932=DIRECTION('',(-1.,0.,0.));
#15933=DIRECTION('',(0.,-1.,0.));
#15934=DIRECTION('',(1.,0.,0.));
#15935=DIRECTION('',(0.,1.,0.));
#15936=DIRECTION('',(0.,1.,0.));
#15937=DIRECTION('',(0.,0.707106781186548,-0.707106781186548));
#15938=DIRECTION('',(0.,0.,-1.));
#15939=DIRECTION('',(0.,0.707106781186556,0.707106781186539));
#15940=DIRECTION('',(0.,-1.,0.));
#15941=DIRECTION('',(-1.,0.,0.));
#15942=DIRECTION('',(0.,0.,1.));
#15943=DIRECTION('',(1.,0.,0.));
#15944=DIRECTION('',(0.,1.,0.));
#15945=DIRECTION('',(0.,-1.,0.));
#15946=DIRECTION('',(0.,0.,-1.));
#15947=DIRECTION('',(0.,-0.707106781186547,-0.707106781186548));
#15948=DIRECTION('',(0.,0.,-1.));
#15949=DIRECTION('',(0.,0.707106781186551,0.707106781186544));
#15950=DIRECTION('',(0.,1.,0.));
#15951=DIRECTION('',(1.,0.,0.));
#15952=DIRECTION('',(0.,1.,0.));
#15953=DIRECTION('',(0.,0.,1.));
#15954=DIRECTION('',(0.,1.,0.));
#15955=DIRECTION('',(0.,0.,1.));
#15956=DIRECTION('',(0.,-1.,0.));
#15957=DIRECTION('',(0.,0.,-1.));
#15958=DIRECTION('',(0.,0.,1.));
#15959=DIRECTION('',(0.,-1.,0.));
#15960=DIRECTION('',(0.,0.,1.));
#15961=DIRECTION('',(-0.642787609685936,0.766044443119484,0.));
#15962=DIRECTION('',(0.,0.,1.));
#15963=DIRECTION('',(0.766044443119483,0.642787609685937,0.));
#15964=DIRECTION('',(-0.642787609686182,0.766044443119278,-3.1415903602294E-16));
#15965=DIRECTION('',(-0.766044443119278,-0.642787609686182,0.));
#15966=DIRECTION('',(0.,0.,-1.));
#15967=DIRECTION('',(0.642787609686898,-0.766044443118677,-8.0448115089535E-16));
#15968=DIRECTION('',(0.766044443118677,0.642787609686898,4.46576748300481E-32));
#15969=DIRECTION('',(-0.766044443119483,-0.642787609685937,0.));
#15970=DIRECTION('',(0.766044443119484,0.642787609685936,0.));
#15971=DIRECTION('',(0.,0.,1.));
#15972=DIRECTION('',(1.,0.,0.));
#15973=DIRECTION('',(0.,1.,0.));
#15974=DIRECTION('',(0.,0.,-1.));
#15975=DIRECTION('',(-1.,0.,0.));
#15976=DIRECTION('',(0.,0.,-1.));
#15977=DIRECTION('',(-1.,0.,0.));
#15978=DIRECTION('',(0.,-1.,0.));
#15979=DIRECTION('',(0.,0.,-1.));
#15980=DIRECTION('',(-1.,0.,0.));
#15981=DIRECTION('',(1.,0.,0.));
#15982=DIRECTION('',(0.,1.,0.));
#15983=DIRECTION('',(-1.,0.,0.));
#15984=DIRECTION('',(0.,0.,1.));
#15985=DIRECTION('',(1.,0.,0.));
#15986=DIRECTION('',(0.,-1.,0.));
#15987=DIRECTION('',(0.,2.93873587705576E-33,1.));
#15988=DIRECTION('',(0.,-1.,2.93873587705576E-33));
#15989=DIRECTION('',(-1.35525271560689E-17,0.,1.));
#15990=DIRECTION('',(1.,0.,1.35525271560689E-17));
#15991=DIRECTION('',(0.,1.,0.));
#15992=DIRECTION('',(0.,0.,1.));
#15993=DIRECTION('',(1.,0.,0.));
#15994=DIRECTION('',(-1.,0.,0.));
#15995=DIRECTION('',(1.,0.,0.));
#15996=DIRECTION('',(0.,0.,-1.));
#15997=DIRECTION('',(-1.,0.,0.));
#15998=DIRECTION('',(0.,-1.,0.));
#15999=DIRECTION('',(0.,0.,1.));
#16000=DIRECTION('',(0.,1.,0.));
#16001=DIRECTION('',(0.,-1.,0.));
#16002=DIRECTION('',(1.,0.,0.));
#16003=DIRECTION('',(0.,1.,0.));
#16004=DIRECTION('',(0.,-1.,0.));
#16005=DIRECTION('',(0.,0.,1.));
#16006=DIRECTION('',(0.,1.,0.));
#16007=DIRECTION('',(0.,0.,1.));
#16008=DIRECTION('',(0.,0.,1.));
#16009=DIRECTION('',(1.,0.,0.));
#16010=DIRECTION('',(0.,-1.,0.));
#16011=DIRECTION('',(-1.,0.,0.));
#16012=DIRECTION('',(-1.,0.,0.));
#16013=DIRECTION('',(0.,0.,1.));
#16014=DIRECTION('',(1.,0.,0.));
#16015=DIRECTION('',(0.766044443118655,0.642787609686924,0.));
#16016=DIRECTION('',(0.642787609686428,-0.766044443119071,-5.50686362769198E-17));
#16017=DIRECTION('',(0.766044443119065,0.642787609686436,0.));
#16018=DIRECTION('',(0.,-1.,0.));
#16019=DIRECTION('',(1.,0.,0.));
#16020=DIRECTION('',(0.,1.,0.));
#16021=DIRECTION('',(0.766044443118561,-0.642787609687036,0.));
#16022=DIRECTION('',(0.642787609686083,0.766044443119361,6.14133071914165E-16));
#16023=DIRECTION('',(0.,0.,1.));
#16024=DIRECTION('',(1.,0.,0.));
#16025=DIRECTION('',(1.,0.,0.));
#16026=DIRECTION('',(0.766044443119622,-0.642787609685772,0.));
#16027=DIRECTION('',(1.,0.,0.));
#16028=DIRECTION('',(0.,0.,-1.));
#16029=DIRECTION('',(0.,-1.,0.));
#16030=DIRECTION('',(1.,0.,0.));
#16031=DIRECTION('',(0.,1.,0.));
#16032=DIRECTION('',(0.,0.,1.));
#16033=DIRECTION('',(0.,1.,0.));
#16034=DIRECTION('',(0.,0.,1.));
#16035=DIRECTION('',(0.,1.,0.));
#16036=DIRECTION('',(0.,1.,0.));
#16037=DIRECTION('',(1.,0.,0.));
#16038=DIRECTION('',(-1.,0.,0.));
#16039=DIRECTION('',(0.,0.,-1.));
#16040=DIRECTION('',(1.,0.,0.));
#16041=DIRECTION('',(0.,0.,1.));
#16042=DIRECTION('',(0.,0.,-1.));
#16043=DIRECTION('',(0.,-1.,0.));
#16044=DIRECTION('',(-0.77714596143967,0.,0.629320391071202));
#16045=DIRECTION('',(0.,-1.,0.));
#16046=DIRECTION('',(1.,0.,0.));
#16047=DIRECTION('',(0.,1.,0.));
#16048=DIRECTION('',(0.,0.,-1.));
#16049=DIRECTION('',(0.,-1.,0.));
#16050=DIRECTION('',(0.,0.,-1.));
#16051=DIRECTION('',(0.,0.,-1.));
#16052=DIRECTION('',(0.,0.,-1.));
#16053=DIRECTION('',(0.,0.,1.));
#16054=DIRECTION('',(1.,0.,0.));
#16055=DIRECTION('',(-4.33680868993986E-15,0.,-1.));
#16056=DIRECTION('',(-1.,0.,4.33680868993986E-15));
#16057=DIRECTION('',(-0.766044443119376,-0.642787609686065,0.));
#16058=DIRECTION('',(0.766044443118656,0.642787609686923,0.));
#16059=DIRECTION('',(0.,0.,1.));
#16060=DIRECTION('',(1.,0.,0.));
#16061=DIRECTION('',(1.,0.,0.));
#16062=DIRECTION('',(0.,0.,-1.));
#16063=DIRECTION('',(-1.,0.,0.));
#16064=DIRECTION('',(-1.,0.,0.));
#16065=DIRECTION('',(0.,0.,1.));
#16066=DIRECTION('',(-1.,0.,0.));
#16067=DIRECTION('',(0.,0.,-1.));
#16068=DIRECTION('',(1.,0.,0.));
#16069=DIRECTION('',(0.,0.,-1.));
#16070=DIRECTION('',(0.629320391047619,0.,0.777145961458767));
#16071=DIRECTION('',(0.777145961458767,0.,-0.629320391047619));
#16072=DIRECTION('',(0.,0.,1.));
#16073=DIRECTION('',(1.,0.,0.));
#16074=DIRECTION('',(0.,-0.624695047554982,0.780868809442584));
#16075=DIRECTION('',(0.,-0.780868809442585,-0.624695047554982));
#16076=DIRECTION('',(0.,0.,-1.));
#16077=DIRECTION('',(0.,0.,1.));
#16078=DIRECTION('',(1.,0.,0.));
#16079=DIRECTION('',(0.,1.,0.));
#16080=DIRECTION('',(1.,0.,0.));
#16081=DIRECTION('',(0.,0.,-1.));
#16082=DIRECTION('',(-1.,0.,0.));
#16083=DIRECTION('',(0.,0.,-1.));
#16084=DIRECTION('',(1.,0.,0.));
#16085=DIRECTION('',(1.,0.,0.));
#16086=DIRECTION('',(0.,1.,0.));
#16087=DIRECTION('',(0.,0.,1.));
#16088=DIRECTION('',(0.,0.,-1.));
#16089=DIRECTION('',(0.,1.,0.));
#16090=DIRECTION('',(0.907959384500119,0.,0.419058177462467));
#16091=DIRECTION('',(0.,-1.,0.));
#16092=DIRECTION('',(0.346374082759146,-0.562857884485778,-0.750477179309907));
#16093=DIRECTION('',(0.419058177462044,0.,-0.907959384500315));
#16094=DIRECTION('',(0.,1.,0.));
#16095=DIRECTION('',(0.419058177462471,0.,-0.907959384500117));
#16096=DIRECTION('',(-0.346374082760989,-0.562857884479318,0.750477179313902));
#16097=DIRECTION('',(0.,1.,0.));
#16098=DIRECTION('',(0.,0.,1.));
#16099=DIRECTION('',(1.,0.,0.));
#16100=DIRECTION('',(0.,1.,0.));
#16101=DIRECTION('',(1.,0.,0.));
#16102=DIRECTION('',(0.,1.,0.));
#16103=DIRECTION('',(-1.,0.,0.));
#16104=DIRECTION('',(1.,0.,0.));
#16105=DIRECTION('',(0.,1.,0.));
#16106=DIRECTION('',(0.,-1.,0.));
#16107=DIRECTION('',(0.,0.,-1.));
#16108=DIRECTION('',(0.,-1.,0.));
#16109=DIRECTION('',(0.,0.,-1.));
#16110=DIRECTION('',(0.,-1.,0.));
#16111=DIRECTION('',(0.,0.,-1.));
#16112=DIRECTION('',(0.777145961456908,0.,0.629320391049916));
#16113=DIRECTION('',(-0.629320391049916,0.,0.777145961456908));
#16114=DIRECTION('',(0.777145961456901,0.,0.629320391049924));
#16115=DIRECTION('',(0.,1.,0.));
#16116=DIRECTION('',(0.,0.,-1.));
#16117=DIRECTION('',(0.,-1.,0.));
#16118=DIRECTION('',(0.,1.,0.));
#16119=DIRECTION('',(0.,0.,-1.));
#16120=DIRECTION('',(0.,-1.,0.));
#16121=DIRECTION('',(0.,0.707106781186548,0.707106781186548));
#16122=DIRECTION('',(1.,0.,0.));
#16123=DIRECTION('',(0.,-0.707106781186548,0.707106781186548));
#16124=DIRECTION('',(-1.,0.,0.));
#16125=DIRECTION('',(0.,0.707106781186548,-0.707106781186548));
#16126=DIRECTION('',(-1.,0.,0.));
#16127=DIRECTION('',(0.,0.,1.));
#16128=DIRECTION('',(1.,0.,0.));
#16129=DIRECTION('',(0.,-1.,0.));
#16130=DIRECTION('',(-1.,0.,0.));
#16131=DIRECTION('',(1.,0.,0.));
#16132=DIRECTION('',(0.642787609686083,0.766044443119361,6.14133071914165E-16));
#16133=DIRECTION('',(0.766044443119361,-0.642787609686083,0.));
#16134=DIRECTION('',(0.642787609686084,0.76604444311936,-4.4186308239269E-13));
#16135=DIRECTION('',(-0.642787609686083,-0.766044443119361,-6.14133071914165E-16));
#16136=DIRECTION('',(0.766044443119361,-0.642787609686083,-3.40912338311441E-32));
#16137=DIRECTION('',(0.894427191000126,0.447213595499537,0.));
#16138=DIRECTION('',(0.,0.,-1.));
#16139=DIRECTION('',(0.,0.,-1.));
#16140=DIRECTION('',(0.333333333337369,-0.666666666663704,-0.666666666667612));
#16141=DIRECTION('',(-0.447213595499541,0.894427191000124,0.));
#16142=DIRECTION('',(0.,0.,-1.));
#16143=DIRECTION('',(-0.447213595499541,0.894427191000124,0.));
#16144=DIRECTION('',(-1.,0.,0.));
#16145=DIRECTION('',(0.,0.,-1.));
#16146=DIRECTION('',(1.,0.,0.));
#16147=DIRECTION('',(-1.,0.,0.));
#16148=DIRECTION('',(1.,0.,0.));
#16149=DIRECTION('',(0.,0.,-1.));
#16150=DIRECTION('',(1.,0.,0.));
#16151=DIRECTION('',(0.,1.,0.));
#16152=DIRECTION('',(0.,-0.707106781184739,0.707106781188356));
#16153=DIRECTION('',(0.,0.,-1.));
#16154=DIRECTION('',(0.,0.,-1.));
#16155=DIRECTION('',(0.,-1.,0.));
#16156=DIRECTION('',(0.,0.,-1.));
#16157=DIRECTION('',(0.,-2.16840434497101E-15,1.));
#16158=DIRECTION('',(0.,-1.,-2.16840434497101E-15));
#16159=DIRECTION('',(0.,0.,1.));
#16160=DIRECTION('',(0.,-2.16840434497101E-15,1.));
#16161=DIRECTION('',(0.,-1.,-2.16840434497101E-15));
#16162=DIRECTION('',(1.,0.,0.));
#16163=DIRECTION('',(0.,1.,0.));
#16164=DIRECTION('',(0.,-0.707106781186556,-0.707106781186539));
#16165=DIRECTION('',(0.,0.,1.));
#16166=DIRECTION('',(0.,-1.,0.));
#16167=DIRECTION('',(-1.,0.,0.));
#16168=DIRECTION('',(0.,0.,1.));
#16169=DIRECTION('',(0.,1.,0.));
#16170=DIRECTION('',(0.642787609685772,0.766044443119622,0.));
#16171=DIRECTION('',(0.,0.,-1.));
#16172=DIRECTION('',(-0.766044443119621,0.642787609685773,0.));
#16173=DIRECTION('',(0.766044443119621,-0.642787609685773,0.));
#16174=DIRECTION('',(0.,0.,1.));
#16175=DIRECTION('',(0.766044443119621,-0.642787609685773,0.));
#16176=DIRECTION('',(0.766044443119621,-0.642787609685773,0.));
#16177=DIRECTION('',(0.,0.,1.));
#16178=DIRECTION('',(1.,0.,0.));
#16179=DIRECTION('',(0.,0.,-1.));
#16180=DIRECTION('',(-1.,0.,0.));
#16181=DIRECTION('',(0.,0.,1.));
#16182=DIRECTION('',(1.,0.,0.));
#16183=DIRECTION('',(-1.,0.,0.));
#16184=DIRECTION('',(0.,-1.,0.));
#16185=DIRECTION('',(-1.,0.,0.));
#16186=DIRECTION('',(1.,0.,0.));
#16187=DIRECTION('',(0.,0.,1.));
#16188=DIRECTION('',(-1.,0.,0.));
#16189=DIRECTION('',(0.707106781186548,0.,0.707106781186548));
#16190=DIRECTION('',(0.707106781186548,0.,-0.707106781186548));
#16191=DIRECTION('',(-1.,0.,0.));
#16192=DIRECTION('',(0.,0.,1.));
#16193=DIRECTION('',(-1.,0.,0.));
#16194=DIRECTION('',(-1.,0.,0.));
#16195=DIRECTION('',(0.,0.,1.));
#16196=DIRECTION('',(-0.642787609689664,0.766044443116356,0.));
#16197=DIRECTION('',(0.,0.,1.));
#16198=DIRECTION('',(0.766044443116356,0.642787609689664,0.));
#16199=DIRECTION('',(-0.766044443116356,-0.642787609689665,0.));
#16200=DIRECTION('',(0.766044443116356,0.642787609689665,0.));
#16201=DIRECTION('',(-0.766044443116356,-0.642787609689665,0.));
#16202=DIRECTION('',(-0.766044443116356,-0.642787609689665,0.));
#16203=DIRECTION('',(0.,0.,1.));
#16204=DIRECTION('',(0.766044443118915,-0.642787609686615,0.));
#16205=DIRECTION('',(0.,0.,-1.));
#16206=DIRECTION('',(0.,0.,-1.));
#16207=DIRECTION('',(-0.642787609686428,-0.766044443119071,7.41136621846572E-13));
#16208=DIRECTION('',(0.,0.707106781186548,-0.707106781186548));
#16209=DIRECTION('',(-1.,0.,0.));
#16210=DIRECTION('',(0.,0.707106781186556,0.707106781186539));
#16211=DIRECTION('',(-1.,0.,0.));
#16212=DIRECTION('',(0.,-0.707106781186556,-0.707106781186539));
#16213=DIRECTION('',(-1.,0.,0.));
#16214=DIRECTION('',(0.,0.,1.));
#16215=DIRECTION('',(1.,0.,0.));
#16216=DIRECTION('',(0.,1.,0.));
#16217=DIRECTION('',(-1.,0.,0.));
#16218=DIRECTION('',(0.,1.,0.));
#16219=DIRECTION('',(1.,0.,0.));
#16220=DIRECTION('',(0.,0.,-1.));
#16221=DIRECTION('',(0.,-1.,0.));
#16222=DIRECTION('',(0.,-4.33680868994203E-15,1.));
#16223=DIRECTION('',(0.,-1.,-4.33680868994202E-15));
#16224=DIRECTION('',(0.,0.,-1.));
#16225=DIRECTION('',(0.,-1.,0.));
#16226=DIRECTION('',(0.,0.,1.));
#16227=DIRECTION('',(0.,0.,1.));
#16228=DIRECTION('',(1.,0.,0.));
#16229=DIRECTION('',(0.,-1.,0.));
#16230=DIRECTION('',(-1.,0.,0.));
#16231=DIRECTION('',(0.,-1.,0.));
#16232=DIRECTION('',(-1.,0.,0.));
#16233=DIRECTION('',(0.,0.,-1.));
#16234=DIRECTION('',(1.,0.,0.));
#16235=DIRECTION('',(0.,0.,1.));
#16236=DIRECTION('',(-1.,0.,0.));
#16237=DIRECTION('',(0.,1.00008809152406E-22,-1.));
#16238=DIRECTION('',(-1.,0.,0.));
#16239=DIRECTION('',(1.,0.,0.));
#16240=DIRECTION('',(0.,1.,0.));
#16241=DIRECTION('',(0.,1.,0.));
#16242=DIRECTION('',(0.,0.707106781186548,-0.707106781186548));
#16243=DIRECTION('',(0.,0.,-1.));
#16244=DIRECTION('',(0.,-1.,0.));
#16245=DIRECTION('',(-1.,0.,0.));
#16246=DIRECTION('',(0.,0.,1.));
#16247=DIRECTION('',(0.707106781186548,0.,0.707106781186548));
#16248=DIRECTION('',(0.,-1.,0.));
#16249=DIRECTION('',(0.707106781186549,0.,-0.707106781186546));
#16250=DIRECTION('',(0.,-1.,0.));
#16251=DIRECTION('',(0.707106781186551,0.,-0.707106781186544));
#16252=DIRECTION('',(-1.,0.,0.));
#16253=DIRECTION('',(0.,0.,-1.));
#16254=DIRECTION('',(1.,0.,0.));
#16255=DIRECTION('',(1.,0.,0.));
#16256=DIRECTION('',(0.,0.,-1.));
#16257=DIRECTION('',(-1.,0.,0.));
#16258=DIRECTION('',(1.,0.,0.));
#16259=DIRECTION('',(0.,0.,-1.));
#16260=DIRECTION('',(0.,1.,0.));
#16261=DIRECTION('',(1.,0.,0.));
#16262=DIRECTION('',(0.,0.,-1.));
#16263=DIRECTION('',(-1.,0.,0.));
#16264=DIRECTION('',(0.,0.,-1.));
#16265=DIRECTION('',(1.,0.,0.));
#16266=DIRECTION('',(0.,1.,0.));
#16267=DIRECTION('',(0.,-1.,0.));
#16268=DIRECTION('',(0.,0.,1.));
#16269=DIRECTION('',(0.,1.,0.));
#16270=DIRECTION('',(0.,0.,-1.));
#16271=DIRECTION('',(0.,1.,0.));
#16272=DIRECTION('',(0.,0.,-1.));
#16273=DIRECTION('',(0.,-1.,0.));
#16274=DIRECTION('',(0.,-1.,0.));
#16275=DIRECTION('',(0.,0.,-1.));
#16276=DIRECTION('',(0.,-1.,0.));
#16277=DIRECTION('',(0.,0.,-1.));
#16278=DIRECTION('',(-1.,0.,0.));
#16279=DIRECTION('',(0.,0.,1.));
#16280=DIRECTION('',(0.,1.,0.));
#16281=DIRECTION('',(0.70710678118782,0.,0.707106781185275));
#16282=DIRECTION('',(0.,0.,-1.));
#16283=DIRECTION('',(-1.,0.,0.));
#16284=DIRECTION('',(0.,0.707106781187819,-0.707106781185276));
#16285=DIRECTION('',(0.,0.,1.));
#16286=DIRECTION('',(1.,0.,0.));
#16287=DIRECTION('',(-0.766044443119622,0.642787609685772,0.));
#16288=DIRECTION('',(0.,2.50010841996724E-21,-1.));
#16289=DIRECTION('',(0.,-1.,-3.76158192263132E-37));
#16290=DIRECTION('',(-1.,0.,0.));
#16291=DIRECTION('',(-0.447213595498703,0.894427191000543,0.));
#16292=DIRECTION('',(-1.,0.,0.));
#16293=DIRECTION('',(-0.447213595498701,-0.894427191000544,0.));
#16294=DIRECTION('',(-1.,0.,0.));
#16295=DIRECTION('',(0.,2.5003252604017E-21,-1.));
#16296=DIRECTION('',(0.,-1.,3.76158192263132E-37));
#16297=DIRECTION('',(-0.766044443116355,-0.642787609689666,0.));
#16298=DIRECTION('',(0.,1.,0.));
#16299=DIRECTION('',(1.,0.,0.));
#16300=DIRECTION('',(0.,0.,-1.));
#16301=DIRECTION('',(-1.,0.,0.));
#16302=DIRECTION('',(0.,0.,1.));
#16303=DIRECTION('',(0.,0.,-1.));
#16304=DIRECTION('',(-1.,0.,0.));
#16305=DIRECTION('',(0.,0.707106781187378,-0.707106781185717));
#16306=DIRECTION('',(0.,0.,-1.));
#16307=DIRECTION('',(-1.,0.,0.));
#16308=DIRECTION('',(0.,0.,-1.));
#16309=DIRECTION('',(0.,-1.,0.));
#16310=DIRECTION('',(0.,0.,1.));
#16311=DIRECTION('',(1.,0.,0.));
#16312=DIRECTION('',(-0.766044443116356,-0.642787609689665,0.));
#16313=DIRECTION('',(-1.,0.,0.));
#16314=DIRECTION('',(0.,0.,1.));
#16315=DIRECTION('',(1.,0.,0.));
#16316=DIRECTION('',(1.,0.,0.));
#16317=DIRECTION('',(1.,0.,0.));
#16318=DIRECTION('',(0.381976753398997,0.,0.924171931981686));
#16319=DIRECTION('',(0.,-1.,0.));
#16320=DIRECTION('',(0.,-1.,0.));
#16321=DIRECTION('',(0.924171931981684,0.,-0.381976753399002));
#16322=DIRECTION('',(1.,0.,0.));
#16323=DIRECTION('',(0.,1.,0.));
#16324=DIRECTION('',(0.,0.,-1.));
#16325=DIRECTION('',(0.,1.,0.));
#16326=DIRECTION('',(0.,-0.707106781186548,-0.707106781186547));
#16327=DIRECTION('',(0.,1.,0.));
#16328=DIRECTION('',(1.,0.,0.));
#16329=DIRECTION('',(1.,0.,0.));
#16330=DIRECTION('',(0.,0.,-1.));
#16331=DIRECTION('',(0.,-1.,0.));
#16332=DIRECTION('',(0.,0.,-1.));
#16333=DIRECTION('',(0.924171931981781,0.,0.381976753398767));
#16334=DIRECTION('',(0.,-1.,0.));
#16335=DIRECTION('',(0.,0.,-1.));
#16336=DIRECTION('',(0.,0.,1.));
#16337=DIRECTION('',(1.,0.,0.));
#16338=DIRECTION('',(1.,0.,0.));
#16339=DIRECTION('',(1.,0.,0.));
#16340=DIRECTION('',(0.766044443116355,0.642787609689665,0.));
#16341=DIRECTION('',(0.,0.707106781186548,-0.707106781186548));
#16342=DIRECTION('',(-1.,0.,0.));
#16343=DIRECTION('',(-1.,0.,0.));
#16344=DIRECTION('',(0.,-0.707106781186556,-0.707106781186539));
#16345=DIRECTION('',(-1.,0.,0.));
#16346=DIRECTION('',(0.,0.,1.));
#16347=DIRECTION('',(1.,0.,0.));
#16348=DIRECTION('',(1.,0.,0.));
#16349=DIRECTION('',(0.,1.,0.));
#16350=DIRECTION('',(1.,0.,0.));
#16351=DIRECTION('',(0.,1.,0.));
#16352=DIRECTION('',(0.,0.,-1.));
#16353=DIRECTION('',(-1.,0.,0.));
#16354=DIRECTION('',(-0.454519477589745,0.541675220488769,0.70710678118654));
#16355=DIRECTION('',(0.,0.,-1.));
#16356=DIRECTION('',(0.,-1.,0.));
#16357=DIRECTION('',(0.,0.,-1.));
#16358=DIRECTION('',(0.,-1.,0.));
#16359=DIRECTION('',(0.,0.,1.));
#16360=DIRECTION('',(-3.23117426778527E-37,-1.,0.));
#16361=DIRECTION('',(0.,0.,1.));
#16362=DIRECTION('',(0.,0.,-1.));
#16363=DIRECTION('',(-3.23117426778527E-37,-1.,0.));
#16364=DIRECTION('',(0.,0.,1.));
#16365=DIRECTION('',(0.,1.,0.));
#16366=DIRECTION('',(1.,0.,0.));
#16367=DIRECTION('',(0.,0.,-1.));
#16368=DIRECTION('',(-1.,0.,0.));
#16369=DIRECTION('',(0.,0.,1.));
#16370=DIRECTION('',(-1.,0.,0.));
#16371=DIRECTION('',(0.,0.,-1.));
#16372=DIRECTION('',(-1.,0.,0.));
#16373=DIRECTION('',(1.,0.,0.));
#16374=DIRECTION('',(0.,0.,-1.));
#16375=DIRECTION('',(1.,0.,0.));
#16376=DIRECTION('',(0.,0.,-1.));
#16377=DIRECTION('',(1.,0.,0.));
#16378=DIRECTION('',(0.,1.,0.));
#16379=DIRECTION('',(0.,0.,1.));
#16380=DIRECTION('',(0.,1.,0.));
#16381=DIRECTION('',(0.,0.,-1.));
#16382=DIRECTION('',(0.,1.,0.));
#16383=DIRECTION('',(1.,0.,0.));
#16384=DIRECTION('',(0.,1.,0.));
#16385=DIRECTION('',(0.,-1.,0.));
#16386=DIRECTION('',(1.,0.,0.));
#16387=DIRECTION('',(0.,1.,0.));
#16388=DIRECTION('',(0.,0.,1.));
#16389=DIRECTION('',(1.,0.,0.));
#16390=DIRECTION('',(-1.,0.,0.));
#16391=DIRECTION('',(0.,0.,-1.));
#16392=DIRECTION('',(-1.,0.,0.));
#16393=DIRECTION('',(-0.381976753398761,0.,0.924171931981783));
#16394=DIRECTION('',(0.,1.,0.));
#16395=DIRECTION('',(-0.924171931981782,0.,-0.381976753398765));
#16396=DIRECTION('',(0.,-1.,0.));
#16397=DIRECTION('',(0.,1.,0.));
#16398=DIRECTION('',(1.,0.,0.));
#16399=DIRECTION('',(-1.,0.,0.));
#16400=DIRECTION('',(0.,0.,-1.));
#16401=DIRECTION('',(1.,0.,0.));
#16402=DIRECTION('',(0.,1.,0.));
#16403=DIRECTION('',(0.,-1.,0.));
#16404=DIRECTION('',(0.,0.,1.));
#16405=DIRECTION('',(0.,1.,0.));
#16406=DIRECTION('',(0.,0.,1.));
#16407=DIRECTION('',(0.,-1.,0.));
#16408=DIRECTION('',(0.,1.,0.));
#16409=DIRECTION('',(0.,0.,1.));
#16410=DIRECTION('',(0.,1.,0.));
#16411=DIRECTION('',(0.,0.,-1.));
#16412=DIRECTION('',(0.,-1.,0.));
#16413=DIRECTION('',(0.,0.,1.));
#16414=DIRECTION('',(0.,1.,0.));
#16415=DIRECTION('',(0.,0.,-1.));
#16416=DIRECTION('',(0.707106781186548,-0.707106781186548,0.));
#16417=DIRECTION('',(0.,0.,-1.));
#16418=DIRECTION('',(0.707106781188051,0.707106781185044,0.));
#16419=DIRECTION('',(0.707106781186548,-0.707106781186548,0.));
#16420=DIRECTION('',(-0.707106781186548,-0.707106781186548,0.));
#16421=DIRECTION('',(0.,0.,-1.));
#16422=DIRECTION('',(0.,0.,1.));
#16423=DIRECTION('',(1.,0.,0.));
#16424=DIRECTION('',(0.,1.,0.));
#16425=DIRECTION('',(1.,0.,0.));
#16426=DIRECTION('',(0.,0.,1.));
#16427=DIRECTION('',(1.,0.,0.));
#16428=DIRECTION('',(0.,0.,-1.));
#16429=DIRECTION('',(-1.,0.,0.));
#16430=DIRECTION('',(-1.,0.,0.));
#16431=DIRECTION('',(0.,0.707106781186548,0.707106781186548));
#16432=DIRECTION('',(1.,0.,0.));
#16433=DIRECTION('',(-1.,0.,0.));
#16434=DIRECTION('',(0.,0.707106781185434,-0.707106781187661));
#16435=DIRECTION('',(1.,0.,0.));
#16436=DIRECTION('',(0.,1.,0.));
#16437=DIRECTION('',(0.,0.,1.));
#16438=DIRECTION('',(0.,0.,1.));
#16439=DIRECTION('',(0.,0.,1.));
#16440=DIRECTION('',(1.,0.,0.));
#16441=DIRECTION('',(0.,-1.,0.));
#16442=DIRECTION('',(-1.,0.,0.));
#16443=DIRECTION('',(0.,-1.,0.));
#16444=DIRECTION('',(-1.,0.,0.));
#16445=DIRECTION('',(0.,0.,-1.));
#16446=DIRECTION('',(0.285565948631129,0.958359060573021,6.46234853557053E-27));
#16447=DIRECTION('',(0.,1.,0.));
#16448=DIRECTION('',(-0.907959384487383,0.,0.419058177490062));
#16449=DIRECTION('',(-0.41905817755076,0.,-0.907959384459369));
#16450=DIRECTION('',(-0.907959384459369,0.,0.41905817755076));
#16451=DIRECTION('',(0.,1.,0.));
#16452=DIRECTION('',(1.,0.,0.));
#16453=DIRECTION('',(0.,0.,1.));
#16454=DIRECTION('',(1.,0.,0.));
#16455=DIRECTION('',(0.,1.,0.));
#16456=DIRECTION('',(0.,0.,1.));
#16457=DIRECTION('',(1.,0.,0.));
#16458=DIRECTION('',(0.,1.,0.));
#16459=DIRECTION('',(0.,0.,1.));
#16460=DIRECTION('',(0.,-1.,0.));
#16461=DIRECTION('',(0.,0.,1.));
#16462=DIRECTION('',(0.,0.,1.));
#16463=DIRECTION('',(0.,0.,1.));
#16464=DIRECTION('',(1.,0.,0.));
#16465=DIRECTION('',(0.,-1.,0.));
#16466=DIRECTION('',(-1.,0.,0.));
#16467=DIRECTION('',(0.,1.,0.));
#16468=DIRECTION('',(1.,0.,0.));
#16469=DIRECTION('',(0.381976753396996,0.,0.924171931982513));
#16470=DIRECTION('',(0.,-1.,0.));
#16471=DIRECTION('',(0.924171931982511,0.,-0.381976753397001));
#16472=DIRECTION('',(0.,-1.,0.));
#16473=DIRECTION('',(0.,1.,0.));
#16474=DIRECTION('',(1.,0.,0.));
#16475=DIRECTION('',(-1.,0.,0.));
#16476=DIRECTION('',(1.,0.,0.));
#16477=DIRECTION('',(0.419058177461966,-1.81737514566113E-15,0.907959384500351));
#16478=DIRECTION('',(-0.907959384500351,-1.00884586554724E-31,0.419058177461966));
#16479=DIRECTION('',(0.419058177462595,0.,0.90795938450006));
#16480=DIRECTION('',(0.,-0.799999999999785,-0.600000000000287));
#16481=DIRECTION('',(0.499722453489915,-0.519711351629292,0.692948468838538));
#16482=DIRECTION('',(0.41905817746198,6.52600719303569E-14,0.907959384500344));
#16483=DIRECTION('',(0.,0.707106781186548,-0.707106781186548));
#16484=DIRECTION('',(-1.,0.,0.));
#16485=DIRECTION('',(0.,0.707106781186556,0.707106781186539));
#16486=DIRECTION('',(-1.,0.,0.));
#16487=DIRECTION('',(0.,-0.707106781186556,-0.707106781186539));
#16488=DIRECTION('',(-1.,0.,0.));
#16489=DIRECTION('',(0.,0.,1.));
#16490=DIRECTION('',(1.,0.,0.));
#16491=DIRECTION('',(1.,0.,0.));
#16492=DIRECTION('',(1.,0.,0.));
#16493=DIRECTION('',(0.,-1.,0.));
#16494=DIRECTION('',(0.642787609685772,0.766044443119622,0.));
#16495=DIRECTION('',(0.,0.,-1.));
#16496=DIRECTION('',(0.766044443119621,-0.642787609685773,0.));
#16497=DIRECTION('',(0.,0.,-1.));
#16498=DIRECTION('',(-0.766044443119621,0.642787609685773,0.));
#16499=DIRECTION('',(0.766044443119622,-0.642787609685772,0.));
#16500=DIRECTION('',(-0.766044443119621,0.642787609685773,0.));
#16501=DIRECTION('',(-0.766044443119621,0.642787609685773,0.));
#16502=DIRECTION('',(0.,0.,1.));
#16503=DIRECTION('',(1.,0.,0.));
#16504=DIRECTION('',(-1.,0.,0.));
#16505=DIRECTION('',(0.,0.,-1.));
#16506=DIRECTION('',(1.,0.,0.));
#16507=DIRECTION('',(0.,1.,0.));
#16508=DIRECTION('',(1.,0.,0.));
#16509=DIRECTION('',(0.,0.,-1.));
#16510=DIRECTION('',(-1.,0.,0.));
#16511=DIRECTION('',(0.,0.,1.));
#16512=DIRECTION('',(0.,0.,1.));
#16513=DIRECTION('',(1.,0.,0.));
#16514=DIRECTION('',(-0.419058177462018,-1.37483362433275E-14,0.907959384500327));
#16515=DIRECTION('',(-1.,0.,0.));
#16516=DIRECTION('',(-0.777145961456903,1.0366590236491E-14,0.629320391049921));
#16517=DIRECTION('',(1.,0.,0.));
#16518=DIRECTION('',(0.,0.,-1.));
#16519=DIRECTION('',(1.,0.,0.));
#16520=DIRECTION('',(0.,0.,-1.));
#16521=DIRECTION('',(1.,0.,0.));
#16522=DIRECTION('',(0.,0.,1.));
#16523=DIRECTION('',(0.,0.,-1.));
#16524=DIRECTION('',(1.,0.,0.));
#16525=DIRECTION('',(0.,0.,1.));
#16526=DIRECTION('',(0.,0.,1.));
#16527=DIRECTION('',(-1.,0.,0.));
#16528=DIRECTION('',(0.,0.,1.));
#16529=DIRECTION('',(0.,0.,-1.));
#16530=DIRECTION('',(-1.,0.,0.));
#16531=DIRECTION('',(0.,0.,1.));
#16532=DIRECTION('',(1.,0.,0.));
#16533=DIRECTION('',(0.,-1.,0.));
#16534=DIRECTION('',(-1.,0.,0.));
#16535=DIRECTION('',(0.,-1.,0.));
#16536=DIRECTION('',(-1.,0.,0.));
#16537=DIRECTION('',(0.,0.,-1.));
#16538=DIRECTION('',(0.,-1.,0.));
#16539=DIRECTION('',(0.,0.,1.));
#16540=DIRECTION('',(0.,0.,-1.));
#16541=DIRECTION('',(-0.958359060573698,0.285565948628858,0.));
#16542=DIRECTION('',(0.,0.,1.));
#16543=DIRECTION('',(1.,0.,0.));
#16544=DIRECTION('',(1.,0.,0.));
#16545=DIRECTION('',(0.447213595498703,0.894427191000543,0.));
#16546=DIRECTION('',(1.,0.,0.));
#16547=DIRECTION('',(0.,0.,-1.));
#16548=DIRECTION('',(0.,-1.,0.));
#16549=DIRECTION('',(0.766044443116356,0.642787609689664,0.));
#16550=DIRECTION('',(0.,0.,1.));
#16551=DIRECTION('',(0.,-1.,0.));
#16552=DIRECTION('',(0.76604444311962,-0.642787609685774,0.));
#16553=DIRECTION('',(0.,2.50043368061894E-21,-1.));
#16554=DIRECTION('',(0.,-1.,0.));
#16555=DIRECTION('',(1.,0.,0.));
#16556=DIRECTION('',(1.,0.,0.));
#16557=DIRECTION('',(0.,1.,0.));
#16558=DIRECTION('',(0.,0.,1.));
#16559=DIRECTION('',(0.,1.,0.));
#16560=DIRECTION('',(0.,1.,0.));
#16561=DIRECTION('',(0.642787609686182,-0.766044443119278,3.1415903602294E-16));
#16562=DIRECTION('',(-0.766044443119278,-0.642787609686182,0.));
#16563=DIRECTION('',(-0.64278760968636,0.766044443119129,0.));
#16564=DIRECTION('',(0.642787609686182,-0.766044443119278,3.1415903602294E-16));
#16565=DIRECTION('',(-0.454519477671294,0.541675220418102,0.707106781188255));
#16566=DIRECTION('',(0.454519477672288,-0.541675220421726,0.70710678118484));
#16567=DIRECTION('',(0.,0.,-1.));
#16568=DIRECTION('',(-1.,0.,0.));
#16569=DIRECTION('',(0.,0.,-1.));
#16570=DIRECTION('',(-1.,0.,0.));
#16571=DIRECTION('',(0.,-0.707106781186556,0.707106781186539));
#16572=DIRECTION('',(0.45451946868478,-0.541675227962233,0.707106781185535));
#16573=DIRECTION('',(0.,0.707106781186548,0.707106781186548));
#16574=DIRECTION('',(1.,0.,0.));
#16575=DIRECTION('',(0.,-0.707106781186548,0.707106781186548));
#16576=DIRECTION('',(-1.,0.,0.));
#16577=DIRECTION('',(-1.,0.,0.));
#16578=DIRECTION('',(0.,0.,1.));
#16579=DIRECTION('',(1.,0.,0.));
#16580=DIRECTION('',(0.766044443119622,-0.642787609685772,0.));
#16581=DIRECTION('',(0.,-2.16840434497101E-15,1.));
#16582=DIRECTION('',(0.,-1.,-2.16840434497101E-15));
#16583=DIRECTION('',(1.,0.,0.));
#16584=DIRECTION('',(0.,-2.16840434497101E-15,1.));
#16585=DIRECTION('',(0.,-1.,-2.16840434497101E-15));
#16586=DIRECTION('',(0.766044443116355,0.642787609689665,0.));
#16587=DIRECTION('',(1.,0.,0.));
#16588=DIRECTION('',(1.,0.,0.));
#16589=DIRECTION('',(0.,0.,1.));
#16590=DIRECTION('',(-1.,0.,0.));
#16591=DIRECTION('',(-1.,0.,0.));
#16592=DIRECTION('',(0.,0.,1.));
#16593=DIRECTION('',(-1.,0.,0.));
#16594=DIRECTION('',(0.642787609687481,0.766044443118188,0.));
#16595=DIRECTION('',(0.,0.,-1.));
#16596=DIRECTION('',(0.,0.,-1.));
#16597=DIRECTION('',(-0.766044443118187,0.642787609687482,0.));
#16598=DIRECTION('',(-0.642787609686898,-0.766044443118677,7.3910596151312E-16));
#16599=DIRECTION('',(0.766044443118677,-0.642787609686898,4.1028622805479E-32));
#16600=DIRECTION('',(0.642787609686182,0.766044443119278,-1.94993888082106E-16));
#16601=DIRECTION('',(-0.766044443119278,0.642787609686182,0.));
#16602=DIRECTION('',(0.766044443118187,-0.642787609687482,0.));
#16603=DIRECTION('',(-0.766044443118188,0.642787609687481,0.));
#16604=DIRECTION('',(0.,1.,0.));
#16605=DIRECTION('',(1.,0.,0.));
#16606=DIRECTION('',(1.,0.,0.));
#16607=DIRECTION('',(0.,-1.,1.44560289664734E-15));
#16608=DIRECTION('',(0.,-1.44560289664734E-15,-1.));
#16609=DIRECTION('',(-0.924171931982511,0.,0.381976753397));
#16610=DIRECTION('',(0.,-1.,1.54886024640786E-15));
#16611=DIRECTION('',(0.,-1.54886024640786E-15,-1.));
#16612=DIRECTION('',(1.,0.,0.));
#16613=DIRECTION('',(0.,1.,0.));
#16614=DIRECTION('',(1.,0.,0.));
#16615=DIRECTION('',(0.,0.,-1.));
#16616=DIRECTION('',(0.,0.,-1.));
#16617=DIRECTION('',(-1.,0.,-2.89120579329468E-15));
#16618=DIRECTION('',(-2.89120579329468E-15,0.,1.));
#16619=DIRECTION('',(0.,1.,0.));
#16620=DIRECTION('',(-1.,-2.89120579329468E-15,0.));
#16621=DIRECTION('',(2.89120579329468E-15,-1.,0.));
#16622=DIRECTION('',(0.,0.,1.));
#16623=DIRECTION('',(-1.,0.,0.));
#16624=DIRECTION('',(0.,0.,1.));
#16625=DIRECTION('',(-1.,0.,0.));
#16626=DIRECTION('',(0.,0.,1.));
#16627=DIRECTION('',(1.,0.,0.));
#16628=DIRECTION('',(0.,0.,-1.));
#16629=DIRECTION('',(1.,0.,0.));
#16630=DIRECTION('',(0.,0.,-1.));
#16631=DIRECTION('',(0.,0.,1.));
#16632=DIRECTION('',(0.,1.,0.));
#16633=DIRECTION('',(0.,0.,1.));
#16634=DIRECTION('',(0.,0.,-1.));
#16635=DIRECTION('',(0.,-1.,0.));
#16636=DIRECTION('',(0.,0.,1.));
#16637=DIRECTION('',(0.,1.,-1.44560289664734E-15));
#16638=DIRECTION('',(0.,1.44560289664734E-15,1.));
#16639=DIRECTION('',(0.,-1.,0.));
#16640=DIRECTION('',(0.,-1.,0.));
#16641=DIRECTION('',(0.,0.707106781186548,-0.707106781186548));
#16642=DIRECTION('',(-1.,0.,0.));
#16643=DIRECTION('',(1.,0.,0.));
#16644=DIRECTION('',(-0.333333333332399,-0.666666666667135,-0.666666666666666));
#16645=DIRECTION('',(-1.,0.,0.));
#16646=DIRECTION('',(0.333333333332403,-0.666666666666899,-0.6666666666669));
#16647=DIRECTION('',(1.,0.,0.));
#16648=DIRECTION('',(-1.,0.,0.));
#16649=DIRECTION('',(1.,0.,0.));
#16650=DIRECTION('',(1.,0.,0.));
#16651=DIRECTION('',(0.,1.,0.));
#16652=DIRECTION('',(0.,0.,1.));
#16653=DIRECTION('',(0.,1.,0.));
#16654=DIRECTION('',(0.,0.,-1.));
#16655=DIRECTION('',(0.,0.,1.));
#16656=DIRECTION('',(0.,1.,0.));
#16657=DIRECTION('',(0.,0.,1.));
#16658=DIRECTION('',(1.,0.,0.));
#16659=DIRECTION('',(0.,0.,-1.));
#16660=DIRECTION('',(0.,1.,0.));
#16661=DIRECTION('',(0.,1.,0.));
#16662=DIRECTION('',(1.,0.,0.));
#16663=DIRECTION('',(0.,0.,1.));
#16664=DIRECTION('',(1.,0.,0.));
#16665=DIRECTION('',(0.,-1.,0.));
#16666=DIRECTION('',(-1.,0.,0.));
#16667=DIRECTION('',(0.,-1.,0.));
#16668=DIRECTION('',(0.707106781186548,0.,0.707106781186548));
#16669=DIRECTION('',(0.,-1.,0.));
#16670=DIRECTION('',(0.707106781186134,0.,-0.707106781186961));
#16671=DIRECTION('',(0.707106781186548,0.,0.707106781186548));
#16672=DIRECTION('',(-0.707106781186548,0.,0.707106781186548));
#16673=DIRECTION('',(-0.707106781186548,0.,0.707106781186548));
#16674=DIRECTION('',(0.,1.,0.));
#16675=DIRECTION('',(0.,1.,0.));
#16676=DIRECTION('',(0.,0.,-1.));
#16677=DIRECTION('',(0.,1.,0.));
#16678=DIRECTION('',(1.,0.,0.));
#16679=DIRECTION('',(0.,1.,0.));
#16680=DIRECTION('',(0.994132237190249,0.,-0.108171599688233));
#16681=DIRECTION('',(0.381976753396995,0.,0.924171931982513));
#16682=DIRECTION('',(0.,-1.,0.));
#16683=DIRECTION('',(0.,-1.,0.));
#16684=DIRECTION('',(0.,-1.,0.));
#16685=DIRECTION('',(-0.924171931982513,0.,0.381976753396995));
#16686=DIRECTION('',(0.,-1.,0.));
#16687=DIRECTION('',(0.,0.,1.));
#16688=DIRECTION('',(0.,-1.,0.));
#16689=DIRECTION('',(0.,1.,0.));
#16690=DIRECTION('',(0.,1.,0.));
#16691=DIRECTION('',(0.,-1.,0.));
#16692=DIRECTION('',(0.,0.,1.));
#16693=DIRECTION('',(0.,1.,0.));
#16694=DIRECTION('',(0.,1.,0.));
#16695=DIRECTION('',(1.,0.,0.));
#16696=DIRECTION('',(-1.,0.,0.));
#16697=DIRECTION('',(0.,0.,1.));
#16698=DIRECTION('',(0.,1.,0.));
#16699=DIRECTION('',(1.,0.,0.));
#16700=DIRECTION('',(1.,0.,0.));
#16701=DIRECTION('',(0.,0.,-1.));
#16702=DIRECTION('',(1.,0.,0.));
#16703=DIRECTION('',(0.,1.,0.));
#16704=DIRECTION('',(0.,0.,1.));
#16705=DIRECTION('',(-1.,0.,0.));
#16706=DIRECTION('',(0.,0.,1.));
#16707=DIRECTION('',(1.,0.,0.));
#16708=DIRECTION('',(0.,1.,0.));
#16709=DIRECTION('',(0.,0.,-1.));
#16710=DIRECTION('',(0.,0.,1.));
#16711=DIRECTION('',(-0.642787609689664,0.766044443116356,0.));
#16712=DIRECTION('',(0.,0.,1.));
#16713=DIRECTION('',(0.766044443116355,0.642787609689665,0.));
#16714=DIRECTION('',(0.,0.,1.));
#16715=DIRECTION('',(-0.766044443116355,-0.642787609689665,0.));
#16716=DIRECTION('',(-0.419058177462016,-3.74833624332766E-15,0.907959384500328));
#16717=DIRECTION('',(-0.907959384500328,2.08074460068966E-31,-0.419058177462016));
#16718=DIRECTION('',(0.,0.799999999999785,0.600000000000287));
#16719=DIRECTION('',(-0.499722453489969,-0.519711351629273,0.692948468838513));
#16720=DIRECTION('',(-0.419058177570417,0.,0.907959384450296));
#16721=DIRECTION('',(0.259282282985257,-0.958359060557868,0.119668746030839));
#16722=DIRECTION('',(0.,1.,0.));
#16723=DIRECTION('',(0.,0.,-1.));
#16724=DIRECTION('',(0.,-1.,0.));
#16725=DIRECTION('',(0.,-1.,0.));
#16726=DIRECTION('',(0.,-1.,0.));
#16727=DIRECTION('',(0.,0.,-1.));
#16728=DIRECTION('',(0.642787609685773,0.766044443119621,0.));
#16729=DIRECTION('',(0.,0.,-1.));
#16730=DIRECTION('',(-0.76604444311962,0.642787609685774,0.));
#16731=DIRECTION('',(0.,0.,1.));
#16732=DIRECTION('',(-0.76604444311962,0.642787609685774,0.));
#16733=DIRECTION('',(0.,0.,1.));
#16734=DIRECTION('',(1.,0.,0.));
#16735=DIRECTION('',(0.,0.,1.));
#16736=DIRECTION('',(-1.,0.,0.));
#16737=DIRECTION('',(-1.,0.,0.));
#16738=DIRECTION('',(0.,0.,1.));
#16739=DIRECTION('',(-1.,0.,0.));
#16740=DIRECTION('',(-1.,0.,0.));
#16741=DIRECTION('',(0.,0.,1.));
#16742=DIRECTION('',(0.,-1.,0.));
#16743=DIRECTION('',(0.,0.,1.));
#16744=DIRECTION('',(0.,-1.,0.));
#16745=DIRECTION('',(0.566718943755823,0.,-0.823911183798523));
#16746=DIRECTION('',(1.,0.,0.));
#16747=DIRECTION('',(0.,1.,0.));
#16748=DIRECTION('',(0.,0.,-1.));
#16749=DIRECTION('',(0.,-1.,0.));
#16750=DIRECTION('',(0.,0.,-1.));
#16751=DIRECTION('',(0.,1.,0.));
#16752=DIRECTION('',(0.,0.,-1.));
#16753=DIRECTION('',(0.,0.,-1.));
#16754=DIRECTION('',(0.,-1.,0.));
#16755=DIRECTION('',(0.,0.,1.));
#16756=DIRECTION('',(0.,0.,-1.));
#16757=DIRECTION('',(0.,-2.16840434497101E-15,1.));
#16758=DIRECTION('',(0.,-1.,-2.16840434497101E-15));
#16759=DIRECTION('',(1.,0.,0.));
#16760=DIRECTION('',(0.,0.,1.));
#16761=DIRECTION('',(1.,0.,0.));
#16762=DIRECTION('',(-1.,0.,0.));
#16763=DIRECTION('',(0.,0.,1.));
#16764=DIRECTION('',(0.,0.707106781186548,0.707106781186548));
#16765=DIRECTION('',(1.,0.,0.));
#16766=DIRECTION('',(0.,-0.707106781187048,0.707106781186047));
#16767=DIRECTION('',(0.,0.707106781187048,-0.707106781186047));
#16768=DIRECTION('',(1.,0.,0.));
#16769=DIRECTION('',(0.,1.,0.));
#16770=DIRECTION('',(0.,0.,1.));
#16771=DIRECTION('',(0.,0.,-1.));
#16772=DIRECTION('',(-0.777145961456906,3.66590236491112E-16,0.629320391049918));
#16773=DIRECTION('',(-0.629320391049918,-4.06996921155214E-32,-0.777145961456906));
#16774=DIRECTION('',(0.777145961433949,0.,-0.629320391078267));
#16775=DIRECTION('',(0.179712474516025,-0.958359060551787,0.221926423757117));
#16776=DIRECTION('',(0.777145961458767,0.,-0.629320391047619));
#16777=DIRECTION('',(0.,0.,1.));
#16778=DIRECTION('',(-1.,4.71713493568016E-16,0.));
#16779=DIRECTION('',(-0.642787609689665,0.766044443116355,0.));
#16780=DIRECTION('',(0.,0.,1.));
#16781=DIRECTION('',(0.766044443116355,0.642787609689666,0.));
#16782=DIRECTION('',(0.,0.,1.));
#16783=DIRECTION('',(0.766044443116355,0.642787609689666,0.));
#16784=DIRECTION('',(0.,0.,1.));
#16785=DIRECTION('',(0.,0.,1.));
#16786=DIRECTION('',(1.,0.,0.));
#16787=DIRECTION('',(-1.,0.,0.));
#16788=DIRECTION('',(-1.,0.,0.));
#16789=DIRECTION('',(0.,-1.,0.));
#16790=DIRECTION('',(1.,0.,0.));
#16791=DIRECTION('',(0.,1.,0.));
#16792=DIRECTION('',(0.,0.,-1.));
#16793=DIRECTION('',(0.,1.,0.));
#16794=DIRECTION('',(0.894427191000546,-0.447213595498697,0.));
#16795=DIRECTION('',(0.,0.,-1.));
#16796=DIRECTION('',(0.447213595498701,0.894427191000544,0.));
#16797=DIRECTION('',(0.447213595498701,0.894427191000544,0.));
#16798=DIRECTION('',(0.333333333333386,0.666666666669112,-0.666666666664195));
#16799=DIRECTION('',(0.,0.,-1.));
#16800=DIRECTION('',(0.894427191000546,-0.447213595498697,0.));
#16801=DIRECTION('',(0.,0.,-1.));
#16802=DIRECTION('',(0.,0.,-1.));
#16803=DIRECTION('',(-0.447213595498701,-0.894427191000544,0.));
#16804=DIRECTION('',(-0.333333333332504,-0.666666666667351,-0.666666666666398));
#16805=DIRECTION('',(0.,0.,-1.));
#16806=DIRECTION('',(0.,0.,-1.));
#16807=DIRECTION('',(-1.,0.,0.));
#16808=DIRECTION('',(-0.707106781187379,0.,-0.707106781185717));
#16809=DIRECTION('',(0.,0.,-1.));
#16810=DIRECTION('',(-1.,0.,0.));
#16811=DIRECTION('',(0.,0.707106781184739,-0.707106781188356));
#16812=DIRECTION('',(0.,0.,-1.));
#16813=DIRECTION('',(0.,-1.,0.));
#16814=DIRECTION('',(1.,0.,0.));
#16815=DIRECTION('',(0.,1.,0.));
#16816=DIRECTION('',(0.,0.,1.));
#16817=DIRECTION('',(0.,-0.707106781186548,0.707106781186548));
#16818=DIRECTION('',(0.,0.,1.));
#16819=DIRECTION('',(0.,-0.707106781186552,0.707106781186543));
#16820=DIRECTION('',(-0.642787609689664,0.766044443116356,0.));
#16821=DIRECTION('',(0.,0.,1.));
#16822=DIRECTION('',(0.766044443116356,0.642787609689665,0.));
#16823=DIRECTION('',(0.766044443116356,0.642787609689665,0.));
#16824=DIRECTION('',(0.,0.,1.));
#16825=DIRECTION('',(0.,0.,-1.));
#16826=DIRECTION('',(1.,0.,0.));
#16827=DIRECTION('',(0.,0.,1.));
#16828=DIRECTION('',(0.,0.,1.));
#16829=DIRECTION('',(1.,0.,0.));
#16830=DIRECTION('',(0.,0.,1.));
#16831=DIRECTION('',(0.,1.,0.));
#16832=DIRECTION('',(0.,0.,-1.));
#16833=DIRECTION('',(0.,-1.,0.));
#16834=DIRECTION('',(0.,0.,-1.));
#16835=DIRECTION('',(0.,1.,0.));
#16836=DIRECTION('',(0.,1.,0.));
#16837=DIRECTION('',(1.,0.,0.));
#16838=DIRECTION('',(-1.,0.,0.));
#16839=DIRECTION('',(0.,0.,1.));
#16840=DIRECTION('',(-1.,0.,0.));
#16841=DIRECTION('',(-0.642787609686898,0.766044443118677,8.0448115089535E-16));
#16842=DIRECTION('',(0.766044443118677,0.642787609686898,4.46576748300481E-32));
#16843=DIRECTION('',(-0.642787609686897,0.766044443118678,4.4094453873143E-14));
#16844=DIRECTION('',(-0.642787609686898,0.766044443118677,8.0448115089535E-16));
#16845=DIRECTION('',(1.,0.,0.));
#16846=DIRECTION('',(0.,1.,0.));
#16847=DIRECTION('',(0.,0.,-1.));
#16848=DIRECTION('',(0.,0.,1.));
#16849=DIRECTION('',(0.,1.,0.));
#16850=DIRECTION('',(1.,0.,0.));
#16851=DIRECTION('',(0.,0.,-1.));
#16852=DIRECTION('',(0.,0.,1.));
#16853=DIRECTION('',(1.,0.,0.));
#16854=DIRECTION('',(0.,1.,0.));
#16855=DIRECTION('',(0.,0.,1.));
#16856=DIRECTION('',(0.,-1.,0.));
#16857=DIRECTION('',(1.,0.,0.));
#16858=DIRECTION('',(0.,1.,0.));
#16859=DIRECTION('',(0.,1.,0.));
#16860=DIRECTION('',(0.,0.707106781186548,-0.707106781186548));
#16861=DIRECTION('',(0.,0.,-1.));
#16862=DIRECTION('',(0.,0.707106781186562,0.707106781186533));
#16863=DIRECTION('',(0.,0.,-1.));
#16864=DIRECTION('',(1.,0.,0.));
#16865=DIRECTION('',(0.,0.,1.));
#16866=DIRECTION('',(-1.00017618330322E-22,0.,-1.));
#16867=DIRECTION('',(0.,1.,0.));
#16868=DIRECTION('',(0.,1.,0.));
#16869=DIRECTION('',(0.,0.,-1.));
#16870=DIRECTION('',(0.,-1.,0.));
#16871=DIRECTION('',(0.,-1.,0.));
#16872=DIRECTION('',(0.,0.,-1.));
#16873=DIRECTION('',(0.,-1.,0.));
#16874=DIRECTION('',(0.,0.,-1.));
#16875=DIRECTION('',(0.,1.,0.));
#16876=DIRECTION('',(1.,0.,0.));
#16877=DIRECTION('',(0.,0.,-1.));
#16878=DIRECTION('',(-1.,0.,0.));
#16879=DIRECTION('',(0.,1.,0.));
#16880=DIRECTION('',(1.,0.,0.));
#16881=DIRECTION('',(0.,-1.,0.));
#16882=DIRECTION('',(0.,0.707106781186548,0.707106781186548));
#16883=DIRECTION('',(0.,0.707106781186548,-0.707106781186548));
#16884=DIRECTION('',(0.,1.,0.));
#16885=DIRECTION('',(0.,0.,1.));
#16886=DIRECTION('',(1.,0.,0.));
#16887=DIRECTION('',(0.,-1.,0.));
#16888=DIRECTION('',(1.,0.,0.));
#16889=DIRECTION('',(0.,1.,0.));
#16890=DIRECTION('',(1.,0.,0.));
#16891=DIRECTION('',(0.,0.,-1.));
#16892=DIRECTION('',(-1.,0.,0.));
#16893=DIRECTION('',(0.,0.,1.));
#16894=DIRECTION('',(-1.,0.,0.));
#16895=DIRECTION('',(-1.,0.,0.));
#16896=DIRECTION('',(0.,0.,1.));
#16897=DIRECTION('',(-1.,0.,0.));
#16898=DIRECTION('',(-1.,0.,0.));
#16899=DIRECTION('',(-1.,0.,0.));
#16900=DIRECTION('',(0.,0.,-1.));
#16901=DIRECTION('',(-1.,0.,0.));
#16902=DIRECTION('',(1.,0.,0.));
#16903=DIRECTION('',(-1.,0.,0.));
#16904=DIRECTION('',(-1.,0.,0.));
#16905=DIRECTION('',(0.,-1.,0.));
#16906=DIRECTION('',(0.,0.,1.));
#16907=DIRECTION('',(-1.,0.,0.));
#16908=DIRECTION('',(0.,0.,-1.));
#16909=DIRECTION('',(0.,-1.,0.));
#16910=DIRECTION('',(0.,0.,-1.));
#16911=DIRECTION('',(-1.,0.,0.));
#16912=DIRECTION('',(0.,-1.,0.));
#16913=DIRECTION('',(1.,0.,0.));
#16914=DIRECTION('',(-1.,0.,0.));
#16915=DIRECTION('',(0.,-1.,0.));
#16916=DIRECTION('',(0.,0.,1.));
#16917=DIRECTION('',(-1.,0.,0.));
#16918=DIRECTION('',(-1.,0.,0.));
#16919=DIRECTION('',(0.,0.,1.));
#16920=DIRECTION('',(-1.,0.,0.));
#16921=DIRECTION('',(0.,0.,-1.));
#16922=DIRECTION('',(-1.,0.,0.));
#16923=DIRECTION('',(-1.,0.,0.));
#16924=DIRECTION('',(0.,0.,-1.));
#16925=DIRECTION('',(0.,0.,1.));
#16926=DIRECTION('',(1.,0.,0.));
#16927=DIRECTION('',(0.,0.,-1.));
#16928=DIRECTION('',(-1.,0.,0.));
#16929=DIRECTION('',(1.,0.,0.));
#16930=DIRECTION('',(0.,1.,0.));
#16931=DIRECTION('',(1.,0.,0.));
#16932=DIRECTION('',(1.,0.,0.));
#16933=DIRECTION('',(0.,0.,-1.));
#16934=DIRECTION('',(-1.,0.,0.));
#16935=DIRECTION('',(0.,0.,1.));
#16936=DIRECTION('',(0.,0.,1.));
#16937=DIRECTION('',(1.,0.,0.));
#16938=DIRECTION('',(0.,1.,0.));
#16939=DIRECTION('',(-1.,0.,0.));
#16940=DIRECTION('',(0.,0.,1.));
#16941=DIRECTION('',(1.,0.,0.));
#16942=DIRECTION('',(0.766044443119622,-0.642787609685772,0.));
#16943=DIRECTION('',(0.,2.50010841996725E-21,-1.));
#16944=DIRECTION('',(0.,-1.,0.));
#16945=DIRECTION('',(0.766044443116355,0.642787609689665,0.));
#16946=DIRECTION('',(1.,0.,0.));
#16947=DIRECTION('',(0.,1.,0.));
#16948=DIRECTION('',(1.,0.,0.));
#16949=DIRECTION('',(-1.,0.,0.));
#16950=DIRECTION('',(-1.,0.,0.));
#16951=DIRECTION('',(1.,0.,0.));
#16952=DIRECTION('',(0.,1.,0.));
#16953=DIRECTION('',(0.,0.,1.));
#16954=DIRECTION('',(0.,0.,1.));
#16955=DIRECTION('',(0.,1.,0.));
#16956=DIRECTION('',(1.,0.,0.));
#16957=DIRECTION('',(0.,0.,1.));
#16958=DIRECTION('',(0.,0.,-1.));
#16959=DIRECTION('',(1.,0.,0.));
#16960=DIRECTION('',(0.,0.,1.));
#16961=DIRECTION('',(1.,0.,0.));
#16962=DIRECTION('',(-1.,0.,0.));
#16963=DIRECTION('',(0.,0.,1.));
#16964=DIRECTION('',(-1.,0.,0.));
#16965=DIRECTION('',(0.,0.,-1.));
#16966=DIRECTION('',(0.,-1.,0.));
#16967=DIRECTION('',(0.,0.,-1.));
#16968=DIRECTION('',(0.,-1.,0.));
#16969=DIRECTION('',(0.996947036383611,0.,-0.0780807700137186));
#16970=DIRECTION('',(0.,0.,1.));
#16971=DIRECTION('',(1.,0.,0.));
#16972=DIRECTION('',(0.,1.,0.));
#16973=DIRECTION('',(-1.,0.,0.));
#16974=DIRECTION('',(1.,0.,0.));
#16975=DIRECTION('',(0.,1.,0.));
#16976=DIRECTION('',(0.,0.,1.));
#16977=DIRECTION('',(0.,-0.707106781186548,0.707106781186548));
#16978=DIRECTION('',(-1.,0.,0.));
#16979=DIRECTION('',(0.,0.,1.));
#16980=DIRECTION('',(0.,1.,0.));
#16981=DIRECTION('',(0.707106781186548,0.,0.707106781186548));
#16982=DIRECTION('',(0.,-1.,0.));
#16983=DIRECTION('',(-0.707106781185991,0.,0.707106781187104));
#16984=DIRECTION('',(0.707106781186902,0.,-0.707106781186193));
#16985=DIRECTION('',(0.,0.,1.));
#16986=DIRECTION('',(1.,0.,0.));
#16987=DIRECTION('',(0.766044443119483,-0.642787609685937,0.));
#16988=DIRECTION('',(0.642787609686898,0.766044443118677,-7.3910596151312E-16));
#16989=DIRECTION('',(0.766044443118769,-0.642787609686788,0.));
#16990=DIRECTION('',(-4.33680868994287E-15,-2.3509887016455E-30,-1.));
#16991=DIRECTION('',(-1.,0.,4.33680868994287E-15));
#16992=DIRECTION('',(-1.,0.,0.));
#16993=DIRECTION('',(0.,1.,0.));
#16994=DIRECTION('',(0.,0.,-1.));
#16995=DIRECTION('',(-1.,0.,0.));
#16996=DIRECTION('',(0.,0.707106781186548,0.707106781186548));
#16997=DIRECTION('',(1.,0.,0.));
#16998=DIRECTION('',(0.,0.707106781186548,0.707106781186548));
#16999=DIRECTION('',(0.,-0.707106781186548,0.707106781186548));
#17000=DIRECTION('',(-1.,0.,0.));
#17001=DIRECTION('',(0.,0.707106781186548,0.707106781186548));
#17002=DIRECTION('',(0.,-0.707106781186548,0.707106781186548));
#17003=DIRECTION('',(0.,0.,1.));
#17004=DIRECTION('',(-1.,0.,0.));
#17005=DIRECTION('',(0.,0.,1.));
#17006=DIRECTION('',(0.,1.,0.));
#17007=DIRECTION('',(0.,0.,-1.));
#17008=DIRECTION('',(-1.,0.,0.));
#17009=DIRECTION('',(1.,0.,0.));
#17010=DIRECTION('',(0.,1.,0.));
#17011=DIRECTION('',(0.,0.,1.));
#17012=DIRECTION('',(0.,-1.,0.));
#17013=DIRECTION('',(0.,0.,1.));
#17014=DIRECTION('',(1.,0.,0.));
#17015=DIRECTION('',(0.,1.,0.));
#17016=DIRECTION('',(1.,0.,0.));
#17017=DIRECTION('',(-1.,0.,0.));
#17018=DIRECTION('',(0.,0.,-1.));
#17019=DIRECTION('',(-1.,0.,0.));
#17020=DIRECTION('',(0.,1.,0.));
#17021=DIRECTION('',(0.,0.,-1.));
#17022=DIRECTION('',(0.,-1.,0.));
#17023=DIRECTION('',(0.,-1.,0.));
#17024=DIRECTION('',(0.,0.,-1.));
#17025=DIRECTION('',(0.,0.,-1.));
#17026=DIRECTION('',(0.,-1.,0.));
#17027=DIRECTION('',(0.,0.,-1.));
#17028=DIRECTION('',(0.,-1.,0.));
#17029=DIRECTION('',(0.,0.,1.));
#17030=DIRECTION('',(0.,-1.,0.));
#17031=DIRECTION('',(0.,0.,-1.));
#17032=DIRECTION('',(0.,-1.,0.));
#17033=DIRECTION('',(0.,0.,1.));
#17034=DIRECTION('',(1.,0.,0.));
#17035=DIRECTION('',(0.,1.,0.));
#17036=DIRECTION('',(0.,0.,1.));
#17037=DIRECTION('',(-1.,0.,0.));
#17038=DIRECTION('',(0.,0.,-1.));
#17039=DIRECTION('',(0.,0.,1.));
#17040=DIRECTION('',(1.,0.,0.));
#17041=DIRECTION('',(-8.67361737988236E-16,0.,-1.));
#17042=DIRECTION('',(-1.,0.,8.67361737988236E-16));
#17043=DIRECTION('',(0.,-1.,0.));
#17044=DIRECTION('',(0.,0.,-1.));
#17045=DIRECTION('',(-1.,0.,0.));
#17046=DIRECTION('',(1.,0.,0.));
#17047=DIRECTION('',(0.,1.,0.));
#17048=DIRECTION('',(1.,0.,0.));
#17049=DIRECTION('',(-1.,0.,0.));
#17050=DIRECTION('',(-1.,0.,0.));
#17051=DIRECTION('',(-0.707106781186548,0.,-0.707106781186548));
#17052=DIRECTION('',(-1.35525271560689E-17,0.,1.));
#17053=DIRECTION('',(1.,0.,1.35525271560689E-17));
#17054=DIRECTION('',(-0.707106781185991,0.,-0.707106781187104));
#17055=DIRECTION('',(0.,0.,-1.));
#17056=DIRECTION('',(1.,0.,0.));
#17057=DIRECTION('',(1.,0.,0.));
#17058=DIRECTION('',(0.,1.,0.));
#17059=DIRECTION('',(1.,0.,0.));
#17060=DIRECTION('',(0.,0.,-1.));
#17061=DIRECTION('',(0.,0.,-1.));
#17062=DIRECTION('',(0.,1.,0.));
#17063=DIRECTION('',(0.,0.,-1.));
#17064=DIRECTION('',(0.,-1.,0.));
#17065=DIRECTION('',(0.,-1.,1.54886024640786E-15));
#17066=DIRECTION('',(0.,-1.54886024640786E-15,-1.));
#17067=DIRECTION('',(-0.642787609689664,0.766044443116356,0.));
#17068=DIRECTION('',(0.,0.,1.));
#17069=DIRECTION('',(0.766044443116355,0.642787609689665,0.));
#17070=DIRECTION('',(-0.766044443116355,-0.642787609689665,0.));
#17071=DIRECTION('',(0.,0.,-1.));
#17072=DIRECTION('',(0.,0.,1.));
#17073=DIRECTION('',(1.,0.,0.));
#17074=DIRECTION('',(0.,1.,0.));
#17075=DIRECTION('',(1.,0.,0.));
#17076=DIRECTION('',(-0.707106781186548,-8.58439032810217E-13,-0.707106781186548));
#17077=DIRECTION('',(1.,0.,0.));
#17078=DIRECTION('',(0.,1.,0.));
#17079=DIRECTION('',(0.,0.,-1.));
#17080=DIRECTION('',(0.,-1.,0.));
#17081=DIRECTION('',(0.,0.,-1.));
#17082=DIRECTION('',(0.,-1.,0.));
#17083=DIRECTION('',(0.,0.799999999999742,-0.600000000000344));
#17084=DIRECTION('',(-1.,0.,0.));
#17085=DIRECTION('',(0.,0.799999999999742,-0.600000000000344));
#17086=DIRECTION('',(0.,0.600000000000344,0.799999999999742));
#17087=DIRECTION('',(0.34637408276015,0.562857884482613,0.750477179311818));
#17088=DIRECTION('',(0.,0.799999999999742,-0.600000000000344));
#17089=DIRECTION('',(-0.499722453489921,-0.519711351629339,-0.692948468838498));
#17090=DIRECTION('',(1.,0.,0.));
#17091=DIRECTION('',(0.,-0.799999999999742,0.600000000000344));
#17092=DIRECTION('',(0.499722453490021,-0.519711351629305,-0.692948468838452));
#17093=DIRECTION('',(0.,0.799999999999742,-0.600000000000344));
#17094=DIRECTION('',(-6.31033036667673E-17,0.600000000000344,0.799999999999742));
#17095=DIRECTION('',(0.,-0.707106781186548,0.707106781186548));
#17096=DIRECTION('',(-1.,0.,0.));
#17097=DIRECTION('',(-1.,0.,0.));
#17098=DIRECTION('',(-1.,0.,0.));
#17099=DIRECTION('',(0.,0.,-1.));
#17100=DIRECTION('',(1.,0.,0.));
#17101=DIRECTION('',(0.,0.,1.));
#17102=DIRECTION('',(0.,0.,-1.));
#17103=DIRECTION('',(0.,0.,-1.));
#17104=DIRECTION('',(1.,0.,0.));
#17105=DIRECTION('',(0.454519477672243,-0.54167522042062,0.707106781185716));
#17106=DIRECTION('',(-0.766044443119376,-0.642787609686066,0.));
#17107=DIRECTION('',(-0.766044443120544,-0.642787609684674,0.));
#17108=DIRECTION('',(0.,0.,-1.));
#17109=DIRECTION('',(-1.,0.,0.));
#17110=DIRECTION('',(0.,0.,-1.));
#17111=DIRECTION('',(-1.,0.,0.));
#17112=DIRECTION('',(0.,0.,-1.));
#17113=DIRECTION('',(-1.,0.,0.));
#17114=DIRECTION('',(0.,0.,1.));
#17115=DIRECTION('',(1.,0.,0.));
#17116=DIRECTION('',(0.,0.,1.));
#17117=DIRECTION('',(1.,0.,0.));
#17118=DIRECTION('',(1.,0.,0.));
#17119=DIRECTION('',(0.,1.,0.));
#17120=DIRECTION('',(1.,0.,0.));
#17121=DIRECTION('',(0.,-1.,0.));
#17122=DIRECTION('',(0.,0.,1.));
#17123=DIRECTION('',(1.,0.,0.));
#17124=DIRECTION('',(1.,0.,0.));
#17125=DIRECTION('',(1.,0.,0.));
#17126=DIRECTION('',(0.,-1.,0.));
#17127=DIRECTION('',(0.,0.,1.));
#17128=DIRECTION('',(1.,0.,0.));
#17129=DIRECTION('',(0.447213595498703,-0.894427191000543,0.));
#17130=DIRECTION('',(1.,0.,0.));
#17131=DIRECTION('',(0.,0.,-1.));
#17132=DIRECTION('',(0.,-1.,0.));
#17133=DIRECTION('',(0.,0.,1.));
#17134=DIRECTION('',(0.,-1.,0.));
#17135=DIRECTION('',(0.766044443119622,-0.642787609685772,0.));
#17136=DIRECTION('',(1.,0.,0.));
#17137=DIRECTION('',(0.,1.,0.));
#17138=DIRECTION('',(1.,0.,0.));
#17139=DIRECTION('',(0.,0.,-1.));
#17140=DIRECTION('',(1.,0.,0.));
#17141=DIRECTION('',(1.,0.,0.));
#17142=DIRECTION('',(0.,0.,1.));
#17143=DIRECTION('',(1.,0.,0.));
#17144=DIRECTION('',(0.,0.,1.));
#17145=DIRECTION('',(1.,0.,0.));
#17146=DIRECTION('',(1.,0.,0.));
#17147=DIRECTION('',(1.,0.,0.));
#17148=DIRECTION('',(0.,0.,-1.));
#17149=DIRECTION('',(1.,0.,0.));
#17150=DIRECTION('',(1.,0.,0.));
#17151=DIRECTION('',(0.,0.,1.));
#17152=DIRECTION('',(-1.,0.,0.));
#17153=DIRECTION('',(0.,0.,1.));
#17154=DIRECTION('',(-1.,0.,0.));
#17155=DIRECTION('',(-1.,0.,0.));
#17156=DIRECTION('',(-1.,0.,0.));
#17157=DIRECTION('',(1.,0.,0.));
#17158=DIRECTION('',(-1.,0.,0.));
#17159=DIRECTION('',(1.,0.,0.));
#17160=DIRECTION('',(0.,0.,-1.));
#17161=DIRECTION('',(1.,0.,0.));
#17162=DIRECTION('',(0.,0.,-1.));
#17163=DIRECTION('',(-0.958359060573664,0.285565948628971,0.));
#17164=DIRECTION('',(0.,0.,1.));
#17165=DIRECTION('',(0.,0.,1.));
#17166=DIRECTION('',(0.,0.,1.));
#17167=DIRECTION('',(1.,0.,0.));
#17168=DIRECTION('',(0.,1.,0.));
#17169=DIRECTION('',(-1.,0.,0.));
#17170=DIRECTION('',(0.,-1.,0.));
#17171=DIRECTION('',(0.,1.,0.));
#17172=DIRECTION('',(1.,0.,0.));
#17173=DIRECTION('',(1.,0.,0.));
#17174=DIRECTION('',(0.,0.,1.));
#17175=DIRECTION('',(1.,0.,0.));
#17176=DIRECTION('',(0.,0.,-1.));
#17177=DIRECTION('',(0.,0.,1.));
#17178=DIRECTION('',(0.,0.,-1.));
#17179=DIRECTION('',(-1.,0.,0.));
#17180=DIRECTION('',(0.,0.,1.));
#17181=DIRECTION('',(0.,0.,1.));
#17182=DIRECTION('',(0.,1.,0.));
#17183=DIRECTION('',(0.,0.,1.));
#17184=DIRECTION('',(2.35098870164457E-30,0.,-1.));
#17185=DIRECTION('',(0.,-1.,0.));
#17186=DIRECTION('',(0.,0.,-1.));
#17187=DIRECTION('',(0.,-1.,0.));
#17188=DIRECTION('',(-0.642787609689663,0.766044443116357,0.));
#17189=DIRECTION('',(0.,0.,1.));
#17190=DIRECTION('',(-0.766044443116356,-0.642787609689664,0.));
#17191=DIRECTION('',(0.,0.,1.));
#17192=DIRECTION('',(-0.766044443116356,-0.642787609689664,0.));
#17193=DIRECTION('',(1.,0.,0.));
#17194=DIRECTION('',(0.,1.,0.));
#17195=DIRECTION('',(0.,0.,-1.));
#17196=DIRECTION('',(-1.,0.,0.));
#17197=DIRECTION('',(0.,0.,1.));
#17198=DIRECTION('',(-1.,0.,0.));
#17199=DIRECTION('',(0.,0.,-1.));
#17200=DIRECTION('',(1.,0.,0.));
#17201=DIRECTION('',(0.,0.,-1.));
#17202=DIRECTION('',(-1.,0.,0.));
#17203=DIRECTION('',(-0.642787609689665,0.766044443116355,0.));
#17204=DIRECTION('',(0.,0.,1.));
#17205=DIRECTION('',(0.,0.,-1.));
#17206=DIRECTION('',(1.,0.,0.));
#17207=DIRECTION('',(0.,1.,0.));
#17208=DIRECTION('',(0.,1.,0.));
#17209=DIRECTION('',(0.,-1.,0.));
#17210=DIRECTION('',(-1.,2.08976773479518E-30,1.44560289664734E-15));
#17211=DIRECTION('',(1.44560289664734E-15,0.,1.));
#17212=DIRECTION('',(-3.78619822000821E-17,1.,0.));
#17213=DIRECTION('',(0.,0.,-1.));
#17214=DIRECTION('',(0.,-0.799999999999785,-0.600000000000287));
#17215=DIRECTION('',(-6.31033036667733E-17,0.600000000000287,-0.799999999999785));
#17216=DIRECTION('',(1.,0.,0.));
#17217=DIRECTION('',(0.,1.,0.));
#17218=DIRECTION('',(0.,0.,-1.));
#17219=DIRECTION('',(0.,0.,-1.));
#17220=DIRECTION('',(0.,-1.,0.));
#17221=DIRECTION('',(0.,0.,1.));
#17222=DIRECTION('',(1.,0.,0.));
#17223=DIRECTION('',(0.,-1.,0.));
#17224=DIRECTION('',(0.,0.,1.));
#17225=DIRECTION('',(1.,-4.08608801706387E-15,0.));
#17226=DIRECTION('',(-1.,0.,0.));
#17227=DIRECTION('',(0.,-1.,0.));
#17228=DIRECTION('',(-1.,0.,0.));
#17229=DIRECTION('',(0.642787609687036,0.766044443118561,0.));
#17230=DIRECTION('',(0.,0.,-1.));
#17231=DIRECTION('',(0.,0.,-1.));
#17232=DIRECTION('',(-0.766044443118486,0.642787609687126,0.));
#17233=DIRECTION('',(0.642787609686428,0.766044443119072,-1.46049537709489E-15));
#17234=DIRECTION('',(-0.766044443119071,0.642787609686428,0.));
#17235=DIRECTION('',(0.766044443118561,-0.642787609687036,0.));
#17236=DIRECTION('',(0.,0.707106781186548,-0.707106781186548));
#17237=DIRECTION('',(-1.,0.,0.));
#17238=DIRECTION('',(1.,0.,0.));
#17239=DIRECTION('',(-1.,0.,0.));
#17240=DIRECTION('',(0.,-0.707106781186548,-0.707106781186547));
#17241=DIRECTION('',(1.,0.,0.));
#17242=DIRECTION('',(-1.,0.,0.));
#17243=DIRECTION('',(1.,0.,0.));
#17244=DIRECTION('',(-1.,0.,0.));
#17245=DIRECTION('',(0.,1.,0.));
#17246=DIRECTION('',(1.,0.,0.));
#17247=DIRECTION('',(0.,0.,-1.));
#17248=DIRECTION('',(-0.924171931981683,0.,0.381976753399003));
#17249=DIRECTION('',(2.39896806290262E-30,-1.,0.));
#17250=DIRECTION('',(1.,2.39896806290262E-30,0.));
#17251=DIRECTION('',(0.,1.,0.));
#17252=DIRECTION('',(1.,0.,0.));
#17253=DIRECTION('',(0.,0.,1.));
#17254=DIRECTION('',(0.,0.,1.));
#17255=DIRECTION('',(1.,0.,0.));
#17256=DIRECTION('',(-0.766044443119622,0.642787609685772,0.));
#17257=DIRECTION('',(-1.,0.,0.));
#17258=DIRECTION('',(0.,0.,1.));
#17259=DIRECTION('',(0.,-1.,0.));
#17260=DIRECTION('',(1.,0.,0.));
#17261=DIRECTION('',(0.,1.,0.));
#17262=DIRECTION('',(0.,-1.,0.));
#17263=DIRECTION('',(0.,0.,1.));
#17264=DIRECTION('',(1.,0.,0.));
#17265=DIRECTION('',(0.,1.,0.));
#17266=DIRECTION('',(0.,1.,0.));
#17267=DIRECTION('',(0.,0.,1.));
#17268=DIRECTION('',(0.,0.,-1.));
#17269=DIRECTION('',(0.,0.,1.));
#17270=DIRECTION('',(0.,1.,0.));
#17271=DIRECTION('',(0.,0.,-1.));
#17272=DIRECTION('',(0.,1.,0.));
#17273=DIRECTION('',(0.,0.,1.));
#17274=DIRECTION('',(0.,1.,0.));
#17275=DIRECTION('',(0.,0.,-1.));
#17276=DIRECTION('',(1.,0.,0.));
#17277=DIRECTION('',(0.,0.,1.));
#17278=DIRECTION('',(-1.,0.,0.));
#17279=DIRECTION('',(-1.,0.,0.));
#17280=DIRECTION('',(1.,0.,0.));
#17281=DIRECTION('',(0.,1.,0.));
#17282=DIRECTION('',(0.,0.,-1.));
#17283=DIRECTION('',(0.,0.707106781186552,-0.707106781186543));
#17284=DIRECTION('',(0.,0.707106781184739,-0.707106781188356));
#17285=DIRECTION('',(-1.,0.,0.));
#17286=DIRECTION('',(0.,0.,-1.));
#17287=DIRECTION('',(-1.,0.,0.));
#17288=DIRECTION('',(0.,1.,0.));
#17289=DIRECTION('',(0.,0.,1.));
#17290=DIRECTION('',(1.,0.,0.));
#17291=DIRECTION('',(-1.,0.,0.));
#17292=DIRECTION('',(0.,0.,1.));
#17293=DIRECTION('',(1.,0.,0.));
#17294=DIRECTION('',(0.,-1.,0.));
#17295=DIRECTION('',(1.,0.,0.));
#17296=DIRECTION('',(0.,-1.,0.));
#17297=DIRECTION('',(1.,0.,0.));
#17298=DIRECTION('',(1.,0.,0.));
#17299=DIRECTION('',(0.,1.,0.));
#17300=DIRECTION('',(0.,0.707106781186548,0.707106781186548));
#17301=DIRECTION('',(1.,0.,0.));
#17302=DIRECTION('',(0.,0.707106781186548,0.707106781186548));
#17303=DIRECTION('',(0.,-0.707106781186548,0.707106781186548));
#17304=DIRECTION('',(0.,0.707106781186559,-0.707106781186536));
#17305=DIRECTION('',(0.,1.,0.));
#17306=DIRECTION('',(0.,0.,-1.));
#17307=DIRECTION('',(0.,-1.,1.54886024640786E-15));
#17308=DIRECTION('',(0.,-1.54886024640786E-15,-1.));
#17309=DIRECTION('',(0.,1.,0.));
#17310=DIRECTION('',(1.,0.,0.));
#17311=DIRECTION('',(-1.,0.,0.));
#17312=DIRECTION('',(1.,0.,0.));
#17313=DIRECTION('',(0.,0.,1.));
#17314=DIRECTION('',(-1.,0.,0.));
#17315=DIRECTION('',(0.,0.,1.));
#17316=DIRECTION('',(-1.,0.,0.));
#17317=DIRECTION('',(-1.,0.,0.));
#17318=DIRECTION('',(0.,0.,1.));
#17319=DIRECTION('',(0.,1.,0.));
#17320=DIRECTION('',(1.,0.,0.));
#17321=DIRECTION('',(0.,0.,-1.));
#17322=DIRECTION('',(1.,0.,0.));
#17323=DIRECTION('',(0.,0.,1.));
#17324=DIRECTION('',(-1.,0.,0.));
#17325=DIRECTION('',(-1.,0.,0.));
#17326=DIRECTION('',(-1.,0.,0.));
#17327=DIRECTION('',(0.,0.,1.));
#17328=DIRECTION('',(-1.,0.,0.));
#17329=DIRECTION('',(-1.,0.,0.));
#17330=DIRECTION('',(0.,-1.,0.));
#17331=DIRECTION('',(-1.,0.,0.));
#17332=DIRECTION('',(0.,1.,0.));
#17333=DIRECTION('',(0.707106781186548,0.707106781186548,0.));
#17334=DIRECTION('',(0.707106781186548,-0.707106781186548,0.));
#17335=DIRECTION('',(0.894427191000545,0.447213595498699,0.));
#17336=DIRECTION('',(0.,0.,-1.));
#17337=DIRECTION('',(-0.447213595498703,0.894427191000543,0.));
#17338=DIRECTION('',(1.,0.,0.));
#17339=DIRECTION('',(0.,1.,0.));
#17340=DIRECTION('',(0.,0.707106781186551,0.707106781186544));
#17341=DIRECTION('',(-1.,0.,0.));
#17342=DIRECTION('',(0.,0.,1.));
#17343=DIRECTION('',(1.,0.,0.));
#17344=DIRECTION('',(0.,1.,0.));
#17345=DIRECTION('',(0.,0.,-1.));
#17346=DIRECTION('',(0.,0.,-1.));
#17347=DIRECTION('',(0.,0.,-1.));
#17348=DIRECTION('',(0.,0.,1.));
#17349=DIRECTION('',(-1.,0.,0.));
#17350=DIRECTION('',(0.,0.,-1.));
#17351=DIRECTION('',(0.,0.,-1.));
#17352=DIRECTION('',(-1.,0.,0.));
#17353=DIRECTION('',(1.,0.,0.));
#17354=DIRECTION('',(0.,1.,0.));
#17355=DIRECTION('',(0.,-1.,0.));
#17356=DIRECTION('',(0.,1.,0.));
#17357=DIRECTION('',(0.,0.,1.));
#17358=DIRECTION('',(1.,0.,0.));
#17359=DIRECTION('',(0.,0.,1.));
#17360=DIRECTION('',(-1.,0.,0.));
#17361=DIRECTION('',(0.,1.,0.));
#17362=DIRECTION('',(1.,0.,0.));
#17363=DIRECTION('',(0.,0.,1.));
#17364=DIRECTION('',(-1.,0.,0.));
#17365=DIRECTION('',(0.,0.,-1.));
#17366=DIRECTION('',(1.,0.,0.));
#17367=DIRECTION('',(0.,0.,1.));
#17368=DIRECTION('',(1.,0.,0.));
#17369=DIRECTION('',(0.,0.,-1.));
#17370=DIRECTION('',(0.,0.,-1.));
#17371=DIRECTION('',(0.,-1.,0.));
#17372=DIRECTION('',(0.,0.,1.));
#17373=DIRECTION('',(0.,0.,-1.));
#17374=DIRECTION('',(0.,-1.,0.));
#17375=DIRECTION('',(0.,0.,-1.));
#17376=DIRECTION('',(-1.,0.,0.));
#17377=DIRECTION('',(0.,0.,1.));
#17378=DIRECTION('',(1.,0.,0.));
#17379=DIRECTION('',(0.,-1.,0.));
#17380=DIRECTION('',(-1.,0.,0.));
#17381=DIRECTION('',(0.,0.,-1.));
#17382=DIRECTION('',(0.,-1.,0.));
#17383=DIRECTION('',(0.,0.,1.));
#17384=DIRECTION('',(0.,0.,-1.));
#17385=DIRECTION('',(0.,-2.16840434497101E-15,1.));
#17386=DIRECTION('',(0.,-1.,-2.16840434497101E-15));
#17387=DIRECTION('',(-0.381976753398762,0.,0.924171931981783));
#17388=DIRECTION('',(0.,1.,0.));
#17389=DIRECTION('',(0.924171931981783,0.,0.381976753398762));
#17390=DIRECTION('',(0.,0.,1.));
#17391=DIRECTION('',(1.,0.,0.));
#17392=DIRECTION('',(0.,-1.,0.));
#17393=DIRECTION('',(-1.,0.,0.));
#17394=DIRECTION('',(0.,0.,-1.));
#17395=DIRECTION('',(0.,0.,1.));
#17396=DIRECTION('',(1.,0.,0.));
#17397=DIRECTION('',(0.,1.,0.));
#17398=DIRECTION('',(0.,-1.,0.));
#17399=DIRECTION('',(0.,0.,1.));
#17400=DIRECTION('',(1.,0.,0.));
#17401=DIRECTION('',(0.,0.,1.));
#17402=DIRECTION('',(1.,0.,0.));
#17403=DIRECTION('',(-0.707106781187048,0.707106781186047,0.));
#17404=DIRECTION('',(-0.766044443118656,-0.642787609686923,0.));
#17405=DIRECTION('',(0.766044443119065,0.642787609686436,0.));
#17406=DIRECTION('',(1.,0.,0.));
#17407=DIRECTION('',(0.,1.,0.));
#17408=DIRECTION('',(0.,0.,1.));
#17409=DIRECTION('',(0.,-1.,0.));
#17410=DIRECTION('',(0.,0.,1.));
#17411=DIRECTION('',(0.,0.,-1.));
#17412=DIRECTION('',(1.,0.,0.));
#17413=DIRECTION('',(0.,-0.624695047554982,0.780868809442584));
#17414=DIRECTION('',(0.,-0.780868809442585,-0.624695047554982));
#17415=DIRECTION('',(0.,0.,1.));
#17416=DIRECTION('',(0.,0.,1.));
#17417=DIRECTION('',(1.,0.,0.));
#17418=DIRECTION('',(0.,0.,-1.));
#17419=DIRECTION('',(0.,-1.,0.));
#17420=DIRECTION('',(0.,0.,-1.));
#17421=DIRECTION('',(0.,-1.,0.));
#17422=DIRECTION('',(0.,0.,1.));
#17423=DIRECTION('',(0.,2.50010841996725E-21,-1.));
#17424=DIRECTION('',(0.,-1.,0.));
#17425=DIRECTION('',(1.,0.,0.));
#17426=DIRECTION('',(0.,1.,0.));
#17427=DIRECTION('',(0.,-1.,0.));
#17428=DIRECTION('',(1.,0.,0.));
#17429=DIRECTION('',(0.,0.,1.));
#17430=DIRECTION('',(0.707106781186548,0.,-0.707106781186548));
#17431=DIRECTION('',(0.707106781186548,0.,0.707106781186548));
#17432=DIRECTION('',(1.,0.,0.));
#17433=DIRECTION('',(-1.,0.,0.));
#17434=DIRECTION('',(0.,0.,-1.));
#17435=DIRECTION('',(-1.,0.,0.));
#17436=DIRECTION('',(0.,0.,-1.));
#17437=DIRECTION('',(0.,-1.,0.));
#17438=DIRECTION('',(0.,0.,1.));
#17439=DIRECTION('',(1.,0.,0.));
#17440=DIRECTION('',(0.766044443118565,0.642787609687031,0.));
#17441=DIRECTION('',(-1.,0.,0.));
#17442=DIRECTION('',(1.,0.,0.));
#17443=DIRECTION('',(0.,0.,1.));
#17444=DIRECTION('',(1.,0.,0.));
#17445=DIRECTION('',(-1.,2.08976773479518E-30,1.44560289664734E-15));
#17446=DIRECTION('',(1.44560289664734E-15,0.,1.));
#17447=DIRECTION('',(0.,0.,1.));
#17448=DIRECTION('',(1.,0.,0.));
#17449=DIRECTION('',(0.,-1.,0.));
#17450=DIRECTION('',(0.,-1.,0.));
#17451=DIRECTION('',(-1.,0.,0.));
#17452=DIRECTION('',(1.,0.,0.));
#17453=DIRECTION('',(0.,1.,0.));
#17454=DIRECTION('',(0.,-1.,0.));
#17455=DIRECTION('',(0.,1.,0.));
#17456=DIRECTION('',(1.,0.,0.));
#17457=DIRECTION('',(0.,1.,0.));
#17458=DIRECTION('',(0.,1.,0.));
#17459=DIRECTION('',(0.,0.,1.));
#17460=DIRECTION('',(-1.,0.,0.));
#17461=DIRECTION('',(0.,0.,-1.));
#17462=DIRECTION('',(1.,0.,0.));
#17463=DIRECTION('',(0.,0.,-1.));
#17464=DIRECTION('',(-1.,0.,0.));
#17465=DIRECTION('',(-1.,0.,0.));
#17466=DIRECTION('',(0.,0.,-1.));
#17467=DIRECTION('',(1.,0.,0.));
#17468=DIRECTION('',(0.,1.,0.));
#17469=DIRECTION('',(0.,1.,0.));
#17470=DIRECTION('',(0.,-1.,0.));
#17471=DIRECTION('',(0.,0.,1.));
#17472=DIRECTION('',(-0.642787609686923,0.766044443118656,0.));
#17473=DIRECTION('',(0.,0.,1.));
#17474=DIRECTION('',(-0.642787609686428,0.766044443119071,5.50686362769198E-17));
#17475=DIRECTION('',(-0.766044443119071,-0.642787609686428,0.));
#17476=DIRECTION('',(1.,0.,0.));
#17477=DIRECTION('',(0.,1.,0.));
#17478=DIRECTION('',(0.,0.,1.));
#17479=DIRECTION('',(0.,-1.,0.));
#17480=DIRECTION('',(0.,0.707106781186548,0.707106781186548));
#17481=DIRECTION('',(1.,0.,0.));
#17482=DIRECTION('',(1.,0.,0.));
#17483=DIRECTION('',(-0.333333333332399,0.6666666666669,-0.6666666666669));
#17484=DIRECTION('',(-0.333333333332397,-0.666666666666902,0.6666666666669));
#17485=DIRECTION('',(0.,1.,0.));
#17486=DIRECTION('',(1.,0.,0.));
#17487=DIRECTION('',(0.,0.,1.));
#17488=DIRECTION('',(-1.,0.,0.));
#17489=DIRECTION('',(0.,0.,1.));
#17490=DIRECTION('',(0.777145961458277,-1.31754868006241E-14,-0.629320391048225));
#17491=DIRECTION('',(0.,0.,-1.));
#17492=DIRECTION('',(0.,0.,1.));
#17493=DIRECTION('',(0.,0.,-1.));
#17494=DIRECTION('',(0.,0.,-1.));
#17495=DIRECTION('',(0.419058177462047,1.56035733675857E-14,-0.907959384500313));
#17496=DIRECTION('',(0.419058177461957,0.,0.907959384500355));
#17497=DIRECTION('',(1.,0.,0.));
#17498=DIRECTION('',(0.77714596145778,0.,0.629320391048838));
#17499=DIRECTION('',(0.,0.,-1.));
#17500=DIRECTION('',(0.,0.,1.));
#17501=DIRECTION('',(1.,0.,0.));
#17502=DIRECTION('',(0.,0.,-1.));
#17503=DIRECTION('',(-1.,0.,0.));
#17504=DIRECTION('',(0.,-1.,0.));
#17505=DIRECTION('',(0.,0.707106781186548,0.707106781186548));
#17506=DIRECTION('',(1.,0.,0.));
#17507=DIRECTION('',(0.,-0.707106781186548,0.707106781186548));
#17508=DIRECTION('',(0.894427191000545,-0.447213595498699,0.));
#17509=DIRECTION('',(0.,0.,-1.));
#17510=DIRECTION('',(-0.447213595498703,-0.894427191000543,0.));
#17511=DIRECTION('',(-0.447213595498703,-0.894427191000543,0.));
#17512=DIRECTION('',(0.,0.,1.));
#17513=DIRECTION('',(-1.,0.,0.));
#17514=DIRECTION('',(0.,-1.,0.));
#17515=DIRECTION('',(1.,0.,0.));
#17516=DIRECTION('',(0.,0.,-1.));
#17517=DIRECTION('',(1.,0.,0.));
#17518=DIRECTION('',(0.,0.,1.));
#17519=DIRECTION('',(0.,0.,1.));
#17520=DIRECTION('',(1.00011790966989E-22,0.,-1.));
#17521=DIRECTION('',(0.,-1.,0.));
#17522=DIRECTION('',(1.,0.,0.));
#17523=DIRECTION('',(0.,0.,1.));
#17524=DIRECTION('',(-1.,0.,0.));
#17525=DIRECTION('',(0.,0.,1.));
#17526=DIRECTION('',(0.,1.,0.));
#17527=DIRECTION('',(1.,0.,0.));
#17528=DIRECTION('',(1.,0.,0.));
#17529=DIRECTION('',(0.,0.,-1.));
#17530=DIRECTION('',(0.,1.,0.));
#17531=DIRECTION('',(1.,0.,0.));
#17532=DIRECTION('',(1.,0.,0.));
#17533=DIRECTION('',(0.,0.,-1.));
#17534=DIRECTION('',(1.,0.,0.));
#17535=DIRECTION('',(0.,1.,0.));
#17536=DIRECTION('',(0.,0.,-1.));
#17537=DIRECTION('',(-1.,0.,0.));
#17538=DIRECTION('',(0.,0.,-1.));
#17539=DIRECTION('',(-1.,0.,0.));
#17540=DIRECTION('',(0.,-0.707106781184476,-0.707106781188619));
#17541=DIRECTION('',(1.,0.,0.));
#17542=DIRECTION('',(0.,1.,0.));
#17543=DIRECTION('',(0.,1.,0.));
#17544=DIRECTION('',(1.,0.,0.));
#17545=DIRECTION('',(0.,1.,0.));
#17546=DIRECTION('',(0.,0.,1.));
#17547=DIRECTION('',(1.,0.,0.));
#17548=DIRECTION('',(0.,1.,0.));
#17549=DIRECTION('',(0.,0.,1.));
#17550=DIRECTION('',(0.,1.,0.));
#17551=DIRECTION('',(-1.,0.,0.));
#17552=DIRECTION('',(0.,0.,1.));
#17553=DIRECTION('',(0.,0.,-1.));
#17554=DIRECTION('',(1.,0.,0.));
#17555=DIRECTION('',(0.,0.,-1.));
#17556=DIRECTION('',(0.,0.,1.));
#17557=DIRECTION('',(0.,-1.,0.));
#17558=DIRECTION('',(0.707106781186548,0.,-0.707106781186548));
#17559=DIRECTION('',(0.,-1.,0.));
#17560=DIRECTION('',(0.707106781185435,0.,0.70710678118766));
#17561=DIRECTION('',(0.76604444311913,0.642787609686359,0.));
#17562=DIRECTION('',(0.,0.,-1.));
#17563=DIRECTION('',(0.,-1.,0.));
#17564=DIRECTION('',(0.,0.,1.));
#17565=DIRECTION('',(0.,1.,0.));
#17566=DIRECTION('',(0.,0.,1.));
#17567=DIRECTION('',(0.,0.,1.));
#17568=DIRECTION('',(1.,0.,0.));
#17569=DIRECTION('',(0.,1.,0.));
#17570=DIRECTION('',(-1.,0.,0.));
#17571=DIRECTION('',(0.,1.,0.));
#17572=DIRECTION('',(0.,1.,0.));
#17573=DIRECTION('',(1.,0.,0.));
#17574=DIRECTION('',(-1.,0.,0.));
#17575=DIRECTION('',(-1.,0.,0.));
#17576=DIRECTION('',(0.,0.,1.));
#17577=DIRECTION('',(-1.44560289664734E-15,1.,0.));
#17578=DIRECTION('',(-1.,-1.44560289664734E-15,0.));
#17579=DIRECTION('',(0.,1.,0.));
#17580=DIRECTION('',(0.,0.,1.));
#17581=DIRECTION('',(0.,0.,1.));
#17582=DIRECTION('',(0.,0.,1.));
#17583=DIRECTION('',(0.,1.,0.));
#17584=DIRECTION('',(1.,0.,0.));
#17585=DIRECTION('',(0.,0.,1.));
#17586=DIRECTION('',(1.,0.,0.));
#17587=DIRECTION('',(-0.419058177461952,0.,-0.907959384500357));
#17588=DIRECTION('',(0.907959384500357,0.,-0.419058177461952));
#17589=DIRECTION('',(0.419058177461795,0.,0.907959384500429));
#17590=DIRECTION('',(-0.419058177550724,0.,-0.907959384459385));
#17591=DIRECTION('',(-0.907959384459385,0.,0.419058177550724));
#17592=DIRECTION('',(1.,0.,0.));
#17593=DIRECTION('',(0.,1.,0.));
#17594=DIRECTION('',(0.,0.,1.));
#17595=DIRECTION('',(0.,-1.,0.));
#17596=DIRECTION('',(0.,1.,0.));
#17597=DIRECTION('',(0.,1.,0.));
#17598=DIRECTION('',(0.,-1.,0.));
#17599=DIRECTION('',(0.,-1.,0.));
#17600=DIRECTION('',(0.,1.,0.));
#17601=DIRECTION('',(1.,0.,0.));
#17602=DIRECTION('',(-1.,0.,0.));
#17603=DIRECTION('',(0.,0.,1.));
#17604=DIRECTION('',(1.,0.,0.));
#17605=DIRECTION('',(-0.766044443119622,0.642787609685772,0.));
#17606=DIRECTION('',(-1.,0.,0.));
#17607=DIRECTION('',(1.,0.,0.));
#17608=DIRECTION('',(0.,0.,1.));
#17609=DIRECTION('',(0.,0.,1.));
#17610=DIRECTION('',(1.,0.,0.));
#17611=DIRECTION('',(0.,0.,-1.));
#17612=DIRECTION('',(-1.,0.,0.));
#17613=DIRECTION('',(0.,-1.,0.));
#17614=DIRECTION('',(1.,0.,0.));
#17615=DIRECTION('',(0.,1.,0.));
#17616=DIRECTION('',(0.,0.,-1.));
#17617=DIRECTION('',(1.,0.,0.));
#17618=DIRECTION('',(0.,0.,-1.));
#17619=DIRECTION('',(0.,-1.,0.));
#17620=DIRECTION('',(0.,0.,1.));
#17621=DIRECTION('',(0.,-1.,0.));
#17622=DIRECTION('',(0.,0.,1.));
#17623=DIRECTION('',(0.,0.,1.));
#17624=DIRECTION('',(1.,0.,0.));
#17625=DIRECTION('',(0.,0.,1.));
#17626=DIRECTION('',(1.,0.,0.));
#17627=DIRECTION('',(0.,1.,0.));
#17628=DIRECTION('',(0.,0.,-1.));
#17629=DIRECTION('',(0.,-1.,0.));
#17630=DIRECTION('',(0.,0.,-1.));
#17631=DIRECTION('',(-1.,0.,0.));
#17632=DIRECTION('',(0.,0.,-1.));
#17633=DIRECTION('',(-1.,0.,0.));
#17634=DIRECTION('',(0.,0.,-1.));
#17635=DIRECTION('',(1.,0.,0.));
#17636=DIRECTION('',(0.,1.,0.));
#17637=DIRECTION('',(0.,-1.,0.));
#17638=DIRECTION('',(0.,0.,1.));
#17639=DIRECTION('',(1.,0.,0.));
#17640=DIRECTION('',(0.,-1.,0.));
#17641=DIRECTION('',(0.,0.,1.));
#17642=DIRECTION('',(1.,0.,0.));
#17643=DIRECTION('',(0.,1.,0.));
#17644=DIRECTION('',(0.,0.,1.));
#17645=DIRECTION('',(1.,0.,0.));
#17646=DIRECTION('',(1.,0.,0.));
#17647=DIRECTION('',(0.,1.,0.));
#17648=DIRECTION('',(0.,0.,1.));
#17649=DIRECTION('',(1.,0.,0.));
#17650=DIRECTION('',(0.,-1.,0.));
#17651=DIRECTION('',(0.,1.,0.));
#17652=DIRECTION('',(1.,0.,0.));
#17653=DIRECTION('',(0.,-1.,1.54886024640786E-15));
#17654=DIRECTION('',(0.,-1.54886024640786E-15,-1.));
#17655=DIRECTION('',(0.381976753398998,0.,0.924171931981685));
#17656=DIRECTION('',(0.,-1.,0.));
#17657=DIRECTION('',(0.,-1.,0.));
#17658=DIRECTION('',(-0.924171931981685,0.,0.381976753398998));
#17659=DIRECTION('',(-0.642787609686182,-0.766044443119278,1.94993888082106E-16));
#17660=DIRECTION('',(-0.766044443119278,0.642787609686182,0.));
#17661=DIRECTION('',(0.642787609686182,0.766044443119278,-1.94993888082106E-16));
#17662=DIRECTION('',(-0.766044443119278,0.642787609686182,0.));
#17663=DIRECTION('',(-0.642787609686182,-0.766044443119278,1.94993888082106E-16));
#17664=DIRECTION('',(0.,0.707106781186548,-0.707106781186548));
#17665=DIRECTION('',(-1.,0.,0.));
#17666=DIRECTION('',(-1.,0.,0.));
#17667=DIRECTION('',(1.,0.,0.));
#17668=DIRECTION('',(0.,0.,1.));
#17669=DIRECTION('',(-1.,0.,0.));
#17670=DIRECTION('',(0.,0.,1.));
#17671=DIRECTION('',(1.,0.,0.));
#17672=DIRECTION('',(0.,0.,-1.));
#17673=DIRECTION('',(-1.,0.,0.));
#17674=DIRECTION('',(1.,0.,0.));
#17675=DIRECTION('',(0.,0.,1.));
#17676=DIRECTION('',(-1.,0.,0.));
#17677=DIRECTION('',(0.,0.,1.));
#17678=DIRECTION('',(0.,0.,1.));
#17679=DIRECTION('',(1.,0.,0.));
#17680=DIRECTION('',(0.,0.,1.));
#17681=DIRECTION('',(-1.,0.,0.));
#17682=DIRECTION('',(-1.,0.,0.));
#17683=DIRECTION('',(0.,0.,-1.));
#17684=DIRECTION('',(1.,0.,0.));
#17685=DIRECTION('',(0.,0.,-1.));
#17686=DIRECTION('',(0.,0.,-1.));
#17687=DIRECTION('',(-1.,0.,0.));
#17688=DIRECTION('',(0.45451947753307,0.541675220537632,-0.707106781185538));
#17689=DIRECTION('',(0.,0.,1.));
#17690=DIRECTION('',(1.,0.,0.));
#17691=DIRECTION('',(-0.766044443119483,0.642787609685937,0.));
#17692=DIRECTION('',(0.,1.,0.));
#17693=DIRECTION('',(0.,0.,-1.));
#17694=DIRECTION('',(1.,0.,0.));
#17695=DIRECTION('',(0.,1.,0.));
#17696=DIRECTION('',(0.,1.,0.));
#17697=DIRECTION('',(1.,0.,0.));
#17698=DIRECTION('',(1.,0.,0.));
#17699=DIRECTION('',(0.,0.,1.));
#17700=DIRECTION('',(1.,0.,0.));
#17701=DIRECTION('',(0.,0.,1.));
#17702=DIRECTION('',(-1.,0.,0.));
#17703=DIRECTION('',(0.,0.,-1.));
#17704=DIRECTION('',(-1.,0.,0.));
#17705=DIRECTION('',(0.,0.707106781186548,-0.707106781186548));
#17706=DIRECTION('',(-1.,0.,0.));
#17707=DIRECTION('',(0.642787609685773,0.766044443119621,0.));
#17708=DIRECTION('',(0.,0.,-1.));
#17709=DIRECTION('',(0.76604444311962,-0.642787609685774,0.));
#17710=DIRECTION('',(0.,0.,1.));
#17711=DIRECTION('',(0.,0.,1.));
#17712=DIRECTION('',(0.,0.,-1.));
#17713=DIRECTION('',(0.,-1.,0.));
#17714=DIRECTION('',(0.,0.,1.));
#17715=DIRECTION('',(0.,-1.,0.));
#17716=DIRECTION('',(0.,0.,1.));
#17717=DIRECTION('',(0.,-1.,0.));
#17718=DIRECTION('',(0.,0.,1.));
#17719=DIRECTION('',(0.,0.707106781186548,-0.707106781186548));
#17720=DIRECTION('',(0.,-0.707106781186548,-0.707106781186548));
#17721=DIRECTION('',(0.,-1.,0.));
#17722=DIRECTION('',(1.,0.,0.));
#17723=DIRECTION('',(0.,1.,0.));
#17724=DIRECTION('',(0.,0.707106781186548,-0.707106781186548));
#17725=DIRECTION('',(0.642787609685771,0.766044443119622,0.));
#17726=DIRECTION('',(0.,0.,-1.));
#17727=DIRECTION('',(0.766044443119622,-0.642787609685772,0.));
#17728=DIRECTION('',(-0.766044443119622,0.642787609685772,0.));
#17729=DIRECTION('',(0.,0.,1.));
#17730=DIRECTION('',(1.,0.,0.));
#17731=DIRECTION('',(0.,0.,-1.));
#17732=DIRECTION('',(0.,-1.,0.));
#17733=DIRECTION('',(0.766044443119622,-0.642787609685772,0.));
#17734=DIRECTION('',(0.,0.,1.));
#17735=DIRECTION('',(1.,0.,0.));
#17736=DIRECTION('',(0.766044443116356,0.642787609689664,0.));
#17737=DIRECTION('',(0.,2.50010841996724E-21,-1.));
#17738=DIRECTION('',(0.,-1.,-3.76158192263132E-37));
#17739=DIRECTION('',(0.,2.50010841996723E-21,-1.));
#17740=DIRECTION('',(0.,-1.,3.76158192263132E-37));
#17741=DIRECTION('',(0.,0.,1.));
#17742=DIRECTION('',(-1.,0.,0.));
#17743=DIRECTION('',(0.,-1.,0.));
#17744=DIRECTION('',(0.,0.,1.));
#17745=DIRECTION('',(0.,-1.,0.));
#17746=DIRECTION('',(0.,0.,1.));
#17747=DIRECTION('',(0.,1.,0.));
#17748=DIRECTION('',(1.,0.,0.));
#17749=DIRECTION('',(0.,-1.,0.));
#17750=DIRECTION('',(0.,0.,1.));
#17751=DIRECTION('',(0.,0.,1.));
#17752=DIRECTION('',(1.,0.,0.));
#17753=DIRECTION('',(0.,0.,1.));
#17754=DIRECTION('',(1.,0.,0.));
#17755=DIRECTION('',(0.,-1.,0.));
#17756=DIRECTION('',(0.,0.707106781186548,-0.707106781186548));
#17757=DIRECTION('',(-1.,0.,0.));
#17758=DIRECTION('',(0.707106781186548,0.,-0.707106781186548));
#17759=DIRECTION('',(0.,-1.,0.));
#17760=DIRECTION('',(0.,1.,0.));
#17761=DIRECTION('',(0.,0.,1.));
#17762=DIRECTION('',(1.,0.,0.));
#17763=DIRECTION('',(0.,0.,1.));
#17764=DIRECTION('',(1.,0.,0.));
#17765=DIRECTION('',(0.,0.,-1.));
#17766=DIRECTION('',(0.,-1.,0.));
#17767=DIRECTION('',(0.,-2.16840434497101E-15,1.));
#17768=DIRECTION('',(0.,-1.,-2.16840434497101E-15));
#17769=DIRECTION('',(0.,-2.16840434497101E-15,1.));
#17770=DIRECTION('',(0.,-1.,-2.16840434497101E-15));
#17771=DIRECTION('',(0.,1.,0.));
#17772=DIRECTION('',(1.,0.,0.));
#17773=DIRECTION('',(-1.,0.,0.));
#17774=DIRECTION('',(-1.,0.,0.));
#17775=DIRECTION('',(0.,0.,1.));
#17776=DIRECTION('',(-1.,0.,0.));
#17777=DIRECTION('',(0.419058177462043,5.60357336758594E-15,-0.907959384500315));
#17778=DIRECTION('',(0.907959384500315,0.,0.419058177462043));
#17779=DIRECTION('',(-0.419058177571217,0.,0.907959384449927));
#17780=DIRECTION('',(-0.870151102725346,-0.285565948610964,-0.401608201385112));
#17781=DIRECTION('',(0.,0.,1.));
#17782=DIRECTION('',(0.,-1.,0.));
#17783=DIRECTION('',(0.,0.,1.));
#17784=DIRECTION('',(1.,0.,0.));
#17785=DIRECTION('',(1.,0.,0.));
#17786=DIRECTION('',(0.,1.,0.));
#17787=DIRECTION('',(0.,0.,1.));
#17788=DIRECTION('',(-1.,0.,0.));
#17789=DIRECTION('',(0.,0.,-1.));
#17790=DIRECTION('',(1.,0.,0.));
#17791=DIRECTION('',(0.,0.,1.));
#17792=DIRECTION('',(0.,-1.,0.));
#17793=DIRECTION('',(0.,0.,1.));
#17794=DIRECTION('',(0.,1.,1.44560289664734E-15));
#17795=DIRECTION('',(0.,-1.44560289664734E-15,1.));
#17796=DIRECTION('',(0.,1.,0.));
#17797=DIRECTION('',(1.,0.,0.));
#17798=DIRECTION('',(1.,0.,0.));
#17799=DIRECTION('',(1.,0.,0.));
#17800=DIRECTION('',(-1.44560289664734E-15,1.,0.));
#17801=DIRECTION('',(-1.,-1.44560289664734E-15,0.));
#17802=DIRECTION('',(2.39896806290262E-30,-1.,0.));
#17803=DIRECTION('',(1.,2.39896806290262E-30,0.));
#17804=DIRECTION('',(0.,-1.,1.44560289664734E-15));
#17805=DIRECTION('',(0.,-1.44560289664734E-15,-1.));
#17806=DIRECTION('',(0.629320391047619,0.,0.777145961458767));
#17807=DIRECTION('',(0.,-1.,0.));
#17808=DIRECTION('',(0.,1.,0.));
#17809=DIRECTION('',(0.629320391047619,0.,0.777145961458767));
#17810=DIRECTION('',(0.777145961458767,0.,-0.629320391047619));
#17811=DIRECTION('',(0.777145961458273,0.,-0.629320391048229));
#17812=DIRECTION('',(0.,0.,1.));
#17813=DIRECTION('',(1.,0.,0.));
#17814=DIRECTION('',(0.894427191000545,-0.447213595498699,0.));
#17815=DIRECTION('',(0.,0.,-1.));
#17816=DIRECTION('',(0.447213595498703,0.894427191000543,0.));
#17817=DIRECTION('',(-0.642787609689663,0.766044443116357,0.));
#17818=DIRECTION('',(0.,0.,1.));
#17819=DIRECTION('',(0.,0.,1.));
#17820=DIRECTION('',(0.,0.,1.));
#17821=DIRECTION('',(1.,0.,0.));
#17822=DIRECTION('',(0.,0.,1.));
#17823=DIRECTION('',(0.,-1.,0.));
#17824=DIRECTION('',(0.,1.,0.));
#17825=DIRECTION('',(-0.994574658053262,0.,-0.104025235199143));
#17826=DIRECTION('',(0.,0.,-1.));
#17827=DIRECTION('',(0.,-1.,0.));
#17828=DIRECTION('',(0.,1.,0.));
#17829=DIRECTION('',(1.,0.,0.));
#17830=DIRECTION('',(0.,-0.624695047554982,0.780868809442584));
#17831=DIRECTION('',(-1.,0.,0.));
#17832=DIRECTION('',(1.,0.,0.));
#17833=DIRECTION('',(0.,1.,0.));
#17834=DIRECTION('',(1.,0.,0.));
#17835=DIRECTION('',(0.,1.,0.));
#17836=DIRECTION('',(1.,0.,0.));
#17837=DIRECTION('',(0.,1.,0.));
#17838=DIRECTION('',(0.,0.799999999999785,0.600000000000287));
#17839=DIRECTION('',(0.,0.600000000000287,-0.799999999999785));
#17840=DIRECTION('',(0.,1.,0.));
#17841=DIRECTION('',(0.,0.,-1.));
#17842=DIRECTION('',(0.,1.,0.));
#17843=DIRECTION('',(0.907959384500063,0.,-0.41905817746259));
#17844=DIRECTION('',(0.,-1.,0.));
#17845=DIRECTION('',(0.346374082758421,-0.562857884484067,0.750477179311525));
#17846=DIRECTION('',(0.,0.,-1.));
#17847=DIRECTION('',(1.,0.,0.));
#17848=DIRECTION('',(0.,-1.,0.));
#17849=DIRECTION('',(0.,0.,1.));
#17850=DIRECTION('',(0.,1.,0.));
#17851=DIRECTION('',(0.,0.,1.));
#17852=DIRECTION('',(0.,1.,0.));
#17853=DIRECTION('',(1.,0.,0.));
#17854=DIRECTION('',(0.,-1.,0.));
#17855=DIRECTION('',(0.,0.,1.));
#17856=DIRECTION('',(1.,0.,0.));
#17857=DIRECTION('',(0.,1.,0.));
#17858=DIRECTION('',(0.,0.,1.));
#17859=DIRECTION('',(0.,1.,0.));
#17860=DIRECTION('',(1.,0.,0.));
#17861=DIRECTION('',(0.,0.707106781186548,0.707106781186548));
#17862=DIRECTION('',(1.,0.,0.));
#17863=DIRECTION('',(-1.,0.,0.));
#17864=DIRECTION('',(0.,0.707106781186548,0.707106781186548));
#17865=DIRECTION('',(1.,0.,0.));
#17866=DIRECTION('',(-1.,0.,0.));
#17867=DIRECTION('',(0.,0.707106781186548,-0.707106781186548));
#17868=DIRECTION('',(0.,0.,1.));
#17869=DIRECTION('',(1.,0.,0.));
#17870=DIRECTION('',(-2.39896806290262E-30,1.,0.));
#17871=DIRECTION('',(0.,0.,-1.));
#17872=DIRECTION('',(0.,1.,0.));
#17873=DIRECTION('',(0.,0.,-1.));
#17874=DIRECTION('',(0.,1.,0.));
#17875=DIRECTION('',(0.,0.,1.));
#17876=DIRECTION('',(-1.,0.,0.));
#17877=DIRECTION('',(0.,0.,-1.));
#17878=DIRECTION('',(-1.,0.,0.));
#17879=DIRECTION('',(0.,0.,-1.));
#17880=DIRECTION('',(1.,0.,0.));
#17881=DIRECTION('',(0.,1.,0.));
#17882=DIRECTION('',(0.,0.,-1.));
#17883=DIRECTION('',(0.,-1.,0.));
#17884=DIRECTION('',(0.,0.,1.));
#17885=DIRECTION('',(1.,0.,0.));
#17886=DIRECTION('',(0.766044443119622,-0.642787609685772,0.));
#17887=DIRECTION('',(0.,0.,1.));
#17888=DIRECTION('',(0.,-1.,0.));
#17889=DIRECTION('',(0.,0.,1.));
#17890=DIRECTION('',(1.,0.,0.));
#17891=DIRECTION('',(0.,1.,0.));
#17892=DIRECTION('',(0.,0.,-1.));
#17893=DIRECTION('',(0.,-1.,0.));
#17894=DIRECTION('',(0.,0.,1.));
#17895=DIRECTION('',(1.,0.,0.));
#17896=DIRECTION('',(-1.,0.,0.));
#17897=DIRECTION('',(0.,1.,0.));
#17898=DIRECTION('',(1.,0.,0.));
#17899=DIRECTION('',(0.,0.,-1.));
#17900=DIRECTION('',(0.,1.,0.));
#17901=DIRECTION('',(0.,0.,-1.));
#17902=DIRECTION('',(0.,0.,1.));
#17903=DIRECTION('',(1.,0.,0.));
#17904=DIRECTION('',(0.,0.,1.));
#17905=DIRECTION('',(1.,0.,0.));
#17906=DIRECTION('',(0.,-1.,0.));
#17907=DIRECTION('',(0.,0.,1.));
#17908=DIRECTION('',(0.,1.,0.));
#17909=DIRECTION('',(0.,0.,1.));
#17910=DIRECTION('',(1.,0.,0.));
#17911=DIRECTION('',(0.,1.,0.));
#17912=DIRECTION('',(0.,0.,-1.));
#17913=DIRECTION('',(0.,0.707106781186548,0.707106781186548));
#17914=DIRECTION('',(1.,0.,0.));
#17915=DIRECTION('',(0.,0.707106781186548,-0.707106781186548));
#17916=DIRECTION('',(-1.,0.,0.));
#17917=DIRECTION('',(0.,0.707106781186548,-0.707106781186548));
#17918=DIRECTION('',(0.,-0.707106781186548,-0.707106781186548));
#17919=DIRECTION('',(0.,-1.,0.));
#17920=DIRECTION('',(0.,0.,1.));
#17921=DIRECTION('',(0.,0.,1.));
#17922=DIRECTION('',(-1.,0.,0.));
#17923=DIRECTION('',(0.,0.,1.));
#17924=DIRECTION('',(1.,0.,0.));
#17925=DIRECTION('',(0.,0.,-1.));
#17926=DIRECTION('',(1.,0.,0.));
#17927=DIRECTION('',(1.,0.,0.));
#17928=DIRECTION('',(-1.,0.,0.));
#17929=DIRECTION('',(1.,0.,0.));
#17930=DIRECTION('',(0.447213595498703,-0.894427191000543,0.));
#17931=DIRECTION('',(0.,0.,1.));
#17932=DIRECTION('',(1.,0.,0.));
#17933=DIRECTION('',(0.,1.,0.));
#17934=DIRECTION('',(1.,0.,0.));
#17935=DIRECTION('',(0.454519477670541,0.541675220417554,0.707106781189159));
#17936=DIRECTION('',(0.76604444311877,-0.642787609686788,3.92523114672393E-17));
#17937=DIRECTION('',(0.454519477670541,0.541675220417554,0.707106781189159));
#17938=DIRECTION('',(0.454519477674054,0.541675220421424,-0.707106781183936));
#17939=DIRECTION('',(0.,-1.,0.));
#17940=DIRECTION('',(0.,0.,1.));
#17941=DIRECTION('',(0.,0.707106781186548,-0.707106781186548));
#17942=DIRECTION('',(0.,-0.707106781186548,-0.707106781186548));
#17943=DIRECTION('',(0.,0.707106781186548,0.707106781186548));
#17944=DIRECTION('',(0.,-0.707106781186548,0.707106781186548));
#17945=DIRECTION('',(0.,1.,0.));
#17946=DIRECTION('',(0.,1.,0.));
#17947=DIRECTION('',(1.,0.,0.));
#17948=DIRECTION('',(0.,0.,1.));
#17949=DIRECTION('',(1.,0.,0.));
#17950=DIRECTION('',(0.642787609685771,0.766044443119622,0.));
#17951=DIRECTION('',(0.,0.,-1.));
#17952=DIRECTION('',(-0.777145961434309,0.,-0.629320391077822));
#17953=DIRECTION('',(-0.603114898792974,0.285565948606609,0.744784873537553));
#17954=DIRECTION('',(1.,0.,0.));
#17955=DIRECTION('',(0.,-1.,0.));
#17956=DIRECTION('',(-1.,0.,0.));
#17957=DIRECTION('',(0.707106781186548,0.,-0.707106781186548));
#17958=DIRECTION('',(0.707106781186548,0.,0.707106781186548));
#17959=DIRECTION('',(0.707106781186548,0.,-0.707106781186548));
#17960=DIRECTION('',(0.,-1.,0.));
#17961=DIRECTION('',(0.,-1.,0.));
#17962=DIRECTION('',(0.,0.,-1.));
#17963=DIRECTION('',(-1.,0.,0.));
#17964=DIRECTION('',(0.,-0.707106781186132,0.707106781186963));
#17965=DIRECTION('',(0.,0.,1.));
#17966=DIRECTION('',(-1.,0.,0.));
#17967=DIRECTION('',(0.,2.93873587705576E-33,1.));
#17968=DIRECTION('',(1.,0.,0.));
#17969=DIRECTION('',(0.,1.,0.));
#17970=DIRECTION('',(1.,0.,0.));
#17971=DIRECTION('',(0.,0.,-1.));
#17972=DIRECTION('',(0.,-1.,0.));
#17973=DIRECTION('',(0.,0.,-1.));
#17974=DIRECTION('',(1.,0.,0.));
#17975=DIRECTION('',(0.,1.,0.));
#17976=DIRECTION('',(1.,0.,0.));
#17977=DIRECTION('',(0.,0.707106781186548,0.707106781186548));
#17978=DIRECTION('',(1.,0.,0.));
#17979=DIRECTION('',(0.,0.,1.));
#17980=DIRECTION('',(1.,0.,0.));
#17981=DIRECTION('',(0.,0.,1.));
#17982=DIRECTION('',(0.,-1.,0.));
#17983=DIRECTION('',(1.,0.,0.));
#17984=DIRECTION('',(0.,1.,0.));
#17985=DIRECTION('',(0.,0.,1.));
#17986=DIRECTION('',(-1.,0.,0.));
#17987=DIRECTION('',(0.,0.,1.));
#17988=DIRECTION('',(0.,0.,-1.));
#17989=DIRECTION('',(1.,0.,0.));
#17990=DIRECTION('',(0.,0.,-1.));
#17991=DIRECTION('',(0.,0.,-1.));
#17992=DIRECTION('',(0.,1.,0.));
#17993=DIRECTION('',(1.,0.,0.));
#17994=DIRECTION('',(0.,0.,1.));
#17995=DIRECTION('',(1.,0.,0.));
#17996=DIRECTION('',(0.777145961458279,-3.17548680062425E-15,-0.629320391048222));
#17997=DIRECTION('',(0.629320391048222,-3.52549856044632E-31,0.777145961458279));
#17998=DIRECTION('',(0.,0.,1.));
#17999=DIRECTION('',(1.,0.,0.));
#18000=DIRECTION('',(0.,0.,-1.));
#18001=DIRECTION('',(0.,-1.,0.));
#18002=DIRECTION('',(0.,-1.,0.));
#18003=DIRECTION('',(-1.,0.,0.));
#18004=DIRECTION('',(0.,1.,0.));
#18005=DIRECTION('',(0.,0.707106781186548,0.707106781186548));
#18006=DIRECTION('',(1.,0.,0.));
#18007=DIRECTION('',(0.,0.707106781186548,0.707106781186548));
#18008=DIRECTION('',(0.,-0.707106781186548,0.707106781186548));
#18009=DIRECTION('',(0.,-1.,0.));
#18010=DIRECTION('',(0.,0.,1.));
#18011=DIRECTION('',(0.,0.707106781186548,-0.707106781186548));
#18012=DIRECTION('',(0.,-0.707106781186548,-0.707106781186548));
#18013=DIRECTION('',(0.,0.707106781186548,-0.707106781186548));
#18014=DIRECTION('',(-1.,0.,0.));
#18015=DIRECTION('',(0.,0.,1.));
#18016=DIRECTION('',(1.,0.,0.));
#18017=DIRECTION('',(0.,-1.,0.));
#18018=DIRECTION('',(-0.642787609686428,-0.766044443119072,1.46049537709489E-15));
#18019=DIRECTION('',(-0.766044443119071,0.642787609686428,1.62147559500935E-31));
#18020=DIRECTION('',(-0.454519477670978,-0.541675220418028,0.707106781188515));
#18021=DIRECTION('',(-0.454519477672951,-0.541675220421508,-0.70710678118458));
#18022=DIRECTION('',(-0.454519477670978,-0.541675220418028,0.707106781188515));
#18023=DIRECTION('',(-0.766044443118742,0.64278760968682,3.92523114672036E-17));
#18024=DIRECTION('',(1.,0.,0.));
#18025=DIRECTION('',(0.,1.,0.));
#18026=DIRECTION('',(0.,-1.,0.));
#18027=DIRECTION('',(-1.,0.,0.));
#18028=DIRECTION('',(1.,0.,0.));
#18029=DIRECTION('',(0.,1.,0.));
#18030=DIRECTION('',(0.,0.,-1.));
#18031=DIRECTION('',(0.,-1.,0.));
#18032=DIRECTION('',(0.707106781186548,0.,-0.707106781186548));
#18033=DIRECTION('',(0.,-1.,0.));
#18034=DIRECTION('',(0.707106781186548,0.,-0.707106781186548));
#18035=DIRECTION('',(-0.707106781186548,0.,-0.707106781186548));
#18036=DIRECTION('',(-1.,0.,0.));
#18037=DIRECTION('',(0.,1.,0.));
#18038=DIRECTION('',(-1.,0.,0.));
#18039=DIRECTION('',(0.,0.,1.));
#18040=DIRECTION('',(-1.,0.,0.));
#18041=DIRECTION('',(0.,0.,-1.));
#18042=DIRECTION('',(-1.,0.,0.));
#18043=DIRECTION('',(0.,1.,0.));
#18044=DIRECTION('',(1.,0.,0.));
#18045=DIRECTION('',(0.,1.,0.));
#18046=DIRECTION('',(0.,0.707106781186548,0.707106781186548));
#18047=DIRECTION('',(0.,0.707106781186548,-0.707106781186548));
#18048=DIRECTION('',(0.,0.707106781186548,0.707106781186548));
#18049=DIRECTION('',(1.,0.,0.));
#18050=DIRECTION('',(0.642787609685771,0.766044443119622,0.));
#18051=DIRECTION('',(0.,0.,-1.));
#18052=DIRECTION('',(0.,0.,1.));
#18053=DIRECTION('',(0.,0.707106781186548,-0.707106781186548));
#18054=DIRECTION('',(-1.,0.,0.));
#18055=DIRECTION('',(0.,0.707106781186548,0.707106781186548));
#18056=DIRECTION('',(1.,0.,0.));
#18057=DIRECTION('',(0.,0.,1.));
#18058=DIRECTION('',(1.,0.,0.));
#18059=DIRECTION('',(0.,0.,1.));
#18060=DIRECTION('',(1.,0.,0.));
#18061=DIRECTION('',(0.,0.799999999999785,0.600000000000287));
#18062=DIRECTION('',(1.,0.,0.));
#18063=DIRECTION('',(0.642787609685771,0.766044443119622,0.));
#18064=DIRECTION('',(0.,0.,-1.));
#18065=DIRECTION('',(0.,0.,1.));
#18066=DIRECTION('',(0.,0.,-1.));
#18067=DIRECTION('',(0.,-1.,0.));
#18068=DIRECTION('',(0.,0.,1.));
#18069=DIRECTION('',(0.,-1.,0.));
#18070=DIRECTION('',(1.,0.,0.));
#18071=DIRECTION('',(0.,0.,1.));
#18072=DIRECTION('',(0.642787609686428,-0.766044443119071,-5.50686362769198E-17));
#18073=DIRECTION('',(-0.766044443119071,-0.642787609686428,0.));
#18074=DIRECTION('',(-0.642787609686428,0.766044443119071,5.50686362769198E-17));
#18075=DIRECTION('',(-0.766044443119071,-0.642787609686428,0.));
#18076=DIRECTION('',(0.,0.,-1.));
#18077=DIRECTION('',(0.,-1.,0.));
#18078=DIRECTION('',(0.,1.,0.));
#18079=DIRECTION('',(1.,0.,0.));
#18080=DIRECTION('',(-1.,0.,0.));
#18081=DIRECTION('',(0.642787609685936,0.766044443119484,0.));
#18082=DIRECTION('',(0.,0.,-1.));
#18083=DIRECTION('',(-0.642787609686898,-0.766044443118677,7.3910596151312E-16));
#18084=DIRECTION('',(0.766044443118677,-0.642787609686898,4.1028622805479E-32));
#18085=DIRECTION('',(0.766044443119484,-0.642787609685936,0.));
#18086=DIRECTION('',(-0.642787609686436,0.766044443119065,0.));
#18087=DIRECTION('',(0.,0.,1.));
#18088=DIRECTION('',(-0.381976753398762,0.,0.924171931981783));
#18089=DIRECTION('',(0.,1.,0.));
#18090=DIRECTION('',(0.,1.,0.));
#18091=DIRECTION('',(0.,0.,-1.));
#18092=DIRECTION('',(-2.61220966849397E-31,-1.,1.44560289664734E-15));
#18093=DIRECTION('',(0.,-1.44560289664734E-15,-1.));
#18094=DIRECTION('',(0.,-1.,0.));
#18095=DIRECTION('',(0.,0.,1.));
#18096=DIRECTION('',(0.,1.,0.));
#18097=DIRECTION('',(1.,0.,0.));
#18098=DIRECTION('',(-1.,0.,0.));
#18099=DIRECTION('',(1.,0.,0.));
#18100=DIRECTION('',(0.,-1.,0.));
#18101=DIRECTION('',(0.707106781186548,0.,0.707106781186548));
#18102=DIRECTION('',(0.707106781186548,0.,-0.707106781186548));
#18103=DIRECTION('',(0.707106781186548,0.,0.707106781186548));
#18104=DIRECTION('',(0.,-1.,0.));
#18105=DIRECTION('',(-1.,0.,0.));
#18106=DIRECTION('',(0.,1.,0.));
#18107=DIRECTION('',(0.,0.,1.));
#18108=DIRECTION('',(-1.,0.,0.));
#18109=DIRECTION('',(0.,-1.,0.));
#18110=DIRECTION('',(0.,0.,1.));
#18111=DIRECTION('',(0.,0.707106781186548,0.707106781186548));
#18112=DIRECTION('',(0.,-0.707106781186548,0.707106781186548));
#18113=DIRECTION('',(0.,0.707106781186548,0.707106781186548));
#18114=DIRECTION('',(1.,0.,0.));
#18115=DIRECTION('',(0.,0.,1.));
#18116=DIRECTION('',(1.,0.,0.));
#18117=DIRECTION('',(0.,1.,0.));
#18118=DIRECTION('',(1.,0.,0.));
#18119=DIRECTION('',(0.,0.,-1.));
#18120=DIRECTION('',(0.,-1.,0.));
#18121=DIRECTION('',(0.,0.,1.));
#18122=DIRECTION('',(1.,0.,0.));
#18123=DIRECTION('',(1.,0.,0.));
#18124=DIRECTION('',(0.,1.,0.));
#18125=DIRECTION('',(0.,0.,1.));
#18126=DIRECTION('',(1.,0.,0.));
#18127=DIRECTION('',(0.,0.,1.));
#18128=DIRECTION('',(1.,0.,0.));
#18129=DIRECTION('',(-0.454519477671294,0.541675220418102,0.707106781188255));
#18130=DIRECTION('',(0.766044443118565,0.642787609687032,0.));
#18131=DIRECTION('',(0.642787609686898,0.766044443118677,-7.3910596151312E-16));
#18132=DIRECTION('',(0.766044443118677,-0.642787609686898,4.1028622805479E-32));
#18133=DIRECTION('',(0.894427191000545,0.447213595498699,0.));
#18134=DIRECTION('',(0.,0.,-1.));
#18135=DIRECTION('',(0.,0.,-1.));
#18136=DIRECTION('',(1.,0.,0.));
#18137=DIRECTION('',(0.,1.,0.));
#18138=DIRECTION('',(1.,0.,0.));
#18139=DIRECTION('',(-0.777145961457783,0.,-0.629320391048835));
#18140=DIRECTION('',(0.629320391048835,0.,-0.777145961457783));
#18141=DIRECTION('',(0.707106781186548,0.707106781186548,0.));
#18142=DIRECTION('',(0.,0.,-1.));
#18143=DIRECTION('',(0.,1.,0.));
#18144=DIRECTION('',(1.,0.,0.));
#18145=CARTESIAN_POINT('',(0.,0.,0.));
#18146=CARTESIAN_POINT('',(-1.275,-1.319479845768,-4.834));
#18147=CARTESIAN_POINT('',(-1.27500000001,-1.25500000001,-5.25000000001));
#18148=CARTESIAN_POINT('',(-1.27500000000667,-1.25500000000667,-5.65000000000667));
#18149=CARTESIAN_POINT('',(-1.27500000000667,-1.25500000000667,-4.85000000000333));
#18150=CARTESIAN_POINT('',(-1.27500000001,-1.28000000001,-5.65000000001));
#18151=CARTESIAN_POINT('',(-1.27500000000667,-1.30500000000667,-5.65000000000667));
#18152=CARTESIAN_POINT('',(-1.27500000001,-1.30500000001,-5.25000000001));
#18153=CARTESIAN_POINT('',(-1.27500000000667,-1.30500000000671,-5.62500000000312));
#18154=CARTESIAN_POINT('',(-1.27500000001,-1.269761202386,-5.589761202386));
#18155=CARTESIAN_POINT('',(-1.27500000000667,-1.2800000000067,-5.60000000000324));
#18156=CARTESIAN_POINT('',(-1.27500000001,-1.28000000001,-2.85000000002837));
#18157=CARTESIAN_POINT('',(-1.27500000000667,-1.28000000000667,-4.87500000000333));
#18158=CARTESIAN_POINT('',(-1.27500000001,-1.19250000001,-4.78750000001));
#18159=CARTESIAN_POINT('',(-3.216944118397,-1.269761202376,-5.589761202376));
#18160=CARTESIAN_POINT('',(-1.02500000001,-1.269761202386,-5.589761202386));
#18161=CARTESIAN_POINT('',(-1.02500000000667,-1.30500000000671,-5.62500000000312));
#18162=CARTESIAN_POINT('',(-1.02500000000667,-1.27999999988736,-5.59999999988721));
#18163=CARTESIAN_POINT('',(-1.9963970196334,-1.27999999964207,-5.59999999964193));
#18164=CARTESIAN_POINT('',(-0.82279404184745,-1.27999999991814,-5.59999999982602));
#18165=CARTESIAN_POINT('',(-0.8227940377701,-1.304999999567,-5.6249999995665));
#18166=CARTESIAN_POINT('',(-0.82279404231165,-1.32999999994244,-5.65000000000559));
#18167=CARTESIAN_POINT('',(-1.9963970196334,-1.32999999987843,-5.64999999987757));
#18168=CARTESIAN_POINT('',(-3.1699999990505,-1.32999999987843,-5.64999999994378));
#18169=CARTESIAN_POINT('',(-3.169999998091,-1.304999999567,-5.6249999995665));
#18170=CARTESIAN_POINT('',(-3.1699999981595,-1.27999999999857,-5.59999999997805));
#18171=CARTESIAN_POINT('',(-1.9963970196334,-1.28000000001007,-5.60000000000993));
#18172=CARTESIAN_POINT('',(-1.15000000001,-1.30500000001,-5.62500000001));
#18173=CARTESIAN_POINT('',(-0.6594798457681,-1.4802,-1.));
#18174=CARTESIAN_POINT('',(-0.64500000001,-1.38000000001,-1.00000000001));
#18175=CARTESIAN_POINT('',(-0.645000000006667,-1.47000000000667,-1.00000000000667));
#18176=CARTESIAN_POINT('',(-0.645,-1.48,-1.));
#18177=CARTESIAN_POINT('',(1.26250000001,-1.48000000001,-1.00000000001));
#18178=CARTESIAN_POINT('',(0.0499999999999999,-1.48,-1.));
#18179=CARTESIAN_POINT('',(0.05000000001,-1.47500000001,-1.00000000001));
#18180=CARTESIAN_POINT('',(0.0500000000066667,-1.47000000000667,-1.00000000000667));
#18181=CARTESIAN_POINT('',(-0.297500000009985,-1.47000000001,-1.00000000001));
#18182=CARTESIAN_POINT('',(-0.1924345775419,-0.793244963444,-5.335520154232));
#18183=CARTESIAN_POINT('',(-0.0545695901642733,-0.957546057465496,-5.42500000001));
#18184=CARTESIAN_POINT('',(-0.0545695901538119,-0.957546057455216,-5.34999999999975));
#18185=CARTESIAN_POINT('',(-0.0545695901567425,-0.95754605745768,-5.49999999999925));
#18186=CARTESIAN_POINT('',(-0.118848351135737,-0.880941613156128,-5.50000000000896));
#18187=CARTESIAN_POINT('',(-0.183127112094276,-0.804337168833824,-5.49999999999946));
#18188=CARTESIAN_POINT('',(-0.183127112103699,-0.804337168843301,-5.40000000001));
#18189=CARTESIAN_POINT('',(-0.183127112091166,-0.804337168831191,-5.3499999999995));
#18190=CARTESIAN_POINT('',(-0.1188483511333,-0.88094161315385,-5.35000000001));
#18191=CARTESIAN_POINT('',(-3.109479845768,-0.3144798457681,-2.1));
#18192=CARTESIAN_POINT('',(3.04750000001,-0.30000000001,-2.10000000001));
#18193=CARTESIAN_POINT('',(3.04500000000333,-0.30000000001,-2.10000000000667));
#18194=CARTESIAN_POINT('',(3.00000000000667,-0.300000000006667,-2.10000000000667));
#18195=CARTESIAN_POINT('',(3.04500000001,-0.25000000001,-2.10000000001));
#18196=CARTESIAN_POINT('',(3.09500000001,-0.250000000003333,-2.10000000000667));
#18197=CARTESIAN_POINT('',(3.09500000001,0.,-2.10000000001));
#18198=CARTESIAN_POINT('',(3.09500000000667,-0.0750000000066667,-2.10000000000667));
#18199=CARTESIAN_POINT('',(3.16749997499,-0.07500000001,-2.10000000001));
#18200=CARTESIAN_POINT('',(3.00000000000667,-0.0750000000066667,-2.10000000000667));
#18201=CARTESIAN_POINT('',(3.00000000001,0.,-2.10000000001));
#18202=CARTESIAN_POINT('',(0.005,-1.265520154232,-2.919));
#18203=CARTESIAN_POINT('',(0.00500000001,-1.380000000008,-2.83326237626928E-11));
#18204=CARTESIAN_POINT('',(0.0050000000066667,-1.37999999997857,-2.83741524704899E-11));
#18205=CARTESIAN_POINT('',(0.00500000000666667,-1.48000000000667,-1.70546872021229E-11));
#18206=CARTESIAN_POINT('',(0.005,-1.390238797106,0.01023879710593));
#18207=CARTESIAN_POINT('',(0.00500000000666683,-1.28000000000944,-0.100000000017411));
#18208=CARTESIAN_POINT('',(0.00500000001000012,-1.28000000001,-2.85000000001561));
#18209=CARTESIAN_POINT('',(0.0050000000066667,-1.28000000000667,-0.750000000006667));
#18210=CARTESIAN_POINT('',(0.00500000001,-1.37500000001,-0.75000000001));
#18211=CARTESIAN_POINT('',(0.00500000000666666,-1.47000000000667,-0.750000000006667));
#18212=CARTESIAN_POINT('',(0.00500000001,-1.47000000001,-0.37500000001551));
#18213=CARTESIAN_POINT('',(0.00500000000666667,-1.47000000000667,-0.700000000006667));
#18214=CARTESIAN_POINT('',(0.00500000001,-1.380000000008,-0.70000000001));
#18215=CARTESIAN_POINT('',(0.00500000000666667,-1.48000000000667,-0.700000000006667));
#18216=CARTESIAN_POINT('',(0.00500000001,-1.48000000001,-0.37500000001551));
#18217=CARTESIAN_POINT('',(-0.505,-1.28,-1.785));
#18218=CARTESIAN_POINT('',(-0.45152325453459,-1.37500000001,-1.91438407048778));
#18219=CARTESIAN_POINT('',(-0.451523254530407,-1.28000000000667,-1.91438407048604));
#18220=CARTESIAN_POINT('',(-0.451523254531274,-1.47000000000667,-1.9143840704844));
#18221=CARTESIAN_POINT('',(-0.505,-1.47,-1.785));
#18222=CARTESIAN_POINT('',(-0.64500000001,-1.47000000000333,-1.785000002043));
#18223=CARTESIAN_POINT('',(-0.64500000001,-1.37500000001,-1.785000006129));
#18224=CARTESIAN_POINT('',(-0.64500000001,-1.28000000000333,-1.785000002043));
#18225=CARTESIAN_POINT('',(-0.505,-1.28,-1.785));
#18226=CARTESIAN_POINT('',(3.17,-0.28,-5.6));
#18227=CARTESIAN_POINT('',(3.17000000001,-1.379999999991,-5.699999999991));
#18228=CARTESIAN_POINT('',(3.17000000002028,-1.27999999998875,-5.59999999998226));
#18229=CARTESIAN_POINT('',(3.170000000005,-1.329999999969,-5.65));
#18230=CARTESIAN_POINT('',(3.17000000001,-0.28000000001,-5.60000000001));
#18231=CARTESIAN_POINT('',(4.1700000000075,-0.2799999996044,-5.600000000005));
#18232=CARTESIAN_POINT('',(4.269999999991,-0.280000000009999,-5.699999999991));
#18233=CARTESIAN_POINT('',(4.36999995290366,-0.280000000005015,-5.79999995290315));
#18234=CARTESIAN_POINT('',(4.20923048454096,-0.430000000004338,-5.65));
#18235=CARTESIAN_POINT('',(4.22322819362004,-0.333021026729361,-5.6499999999972));
#18236=CARTESIAN_POINT('',(4.30129046484954,-0.280000041957236,-5.73129046484872));
#18237=CARTESIAN_POINT('',(4.36999990834033,-0.279999999970805,-5.79999990833917));
#18238=CARTESIAN_POINT('',(4.2092304845406,-0.430000000005,-5.65));
#18239=CARTESIAN_POINT('',(3.17,-0.28,-5.65));
#18240=CARTESIAN_POINT('',(4.15000000001,-0.656961536491417,-5.650000000005));
#18241=CARTESIAN_POINT('',(3.17000000001,-0.28000000001,-5.65000000001));
#18242=CARTESIAN_POINT('',(3.55971143169549,-1.25500000001,-5.650000000005));
#18243=CARTESIAN_POINT('',(3.17,-0.28,-5.65));
#18244=CARTESIAN_POINT('',(-2.88,-0.1,-0.945803989155));
#18245=CARTESIAN_POINT('',(-1.25000000001,-0.35000000001,-0.945803989165));
#18246=CARTESIAN_POINT('',(-1.12000000000667,-0.35000000001,-0.945803989158333));
#18247=CARTESIAN_POINT('',(-1.38000000000667,-0.35000000001,-0.945803989158333));
#18248=CARTESIAN_POINT('',(-1.12000000001,-0.10000000001,-0.945803989165));
#18249=CARTESIAN_POINT('',(-1.12000000000667,-0.300000000007192,-0.795803989157873));
#18250=CARTESIAN_POINT('',(-1.35000214532177E-11,-0.30000000001,-0.7958039891649));
#18251=CARTESIAN_POINT('',(-1.38000000000667,-0.300000000007192,-0.795803989157873));
#18252=CARTESIAN_POINT('',(-1.38000000001,-0.10000000001,-0.945803989165));
#18253=CARTESIAN_POINT('',(3.295,0.25,-0.932945526582));
#18254=CARTESIAN_POINT('',(3.29500000001,0.250000000010001,-1.37000000001));
#18255=CARTESIAN_POINT('',(3.345000000008,0.250000000004,-1.370000000004));
#18256=CARTESIAN_POINT('',(3.295,0.300000000000001,-1.36999999999991));
#18257=CARTESIAN_POINT('',(3.29500000001,0.30000000001,-1.77500000000975));
#18258=CARTESIAN_POINT('',(3.295,0.3,-0.932945526582));
#18259=CARTESIAN_POINT('',(3.29500000001,0.25000000001,-0.932945526592));
#18260=CARTESIAN_POINT('',(3.34500000001,0.250000000005,-0.932945526587));
#18261=CARTESIAN_POINT('',(3.34500000001,0.25000000001,-1.15147276330095));
#18262=CARTESIAN_POINT('',(2.675908218338,1.08,-5.15));
#18263=CARTESIAN_POINT('',(2.41879317447354,1.38641777725736,-4.92500000001));
#18264=CARTESIAN_POINT('',(2.41879317446753,1.38641777725232,-5.150000000005));
#18265=CARTESIAN_POINT('',(2.41879317446753,1.38641777725232,-4.700000000005));
#18266=CARTESIAN_POINT('',(2.675908218338,1.08,-4.7));
#18267=CARTESIAN_POINT('',(2.675908218343,1.48000000001,-4.700000000005));
#18268=CARTESIAN_POINT('',(2.675908218348,1.48000000001,-4.92500000001));
#18269=CARTESIAN_POINT('',(2.67590821834467,1.48000000000667,-5.15000000000667));
#18270=CARTESIAN_POINT('',(2.675908218338,1.08,-5.15));
#18271=CARTESIAN_POINT('',(-2.803,-1.269479845768,-5.15));
#18272=CARTESIAN_POINT('',(-2.32367534821,1.3066044443215,-5.15000000001));
#18273=CARTESIAN_POINT('',(-2.41879317446826,1.38641777725303,-5.150000000005));
#18274=CARTESIAN_POINT('',(-2.29196940612273,1.28000000001,-5.15000000001));
#18275=CARTESIAN_POINT('',(2.65500048201851E-10,1.28000000001,-5.15000000001));
#18276=CARTESIAN_POINT('',(-1.90803059389584,1.28000000001,-5.15000000001));
#18277=CARTESIAN_POINT('',(-1.8763246518095,1.306604444321,-5.15000000001));
#18278=CARTESIAN_POINT('',(-1.78120682554287,1.38641777725437,-5.15000000000333));
#18279=CARTESIAN_POINT('',(-1.524091781662,1.08,-5.15));
#18280=CARTESIAN_POINT('',(-1.52409178166867,1.48000000000667,-5.15000000000667));
#18281=CARTESIAN_POINT('',(-2.10000000001,1.48000000001,-5.15000000001));
#18282=CARTESIAN_POINT('',(-2.675908218343,1.48000000001,-5.150000000005));
#18283=CARTESIAN_POINT('',(-2.675908218338,1.08,-5.15));
#18284=CARTESIAN_POINT('',(4.15,-1.285799999996,-6.533));
#18285=CARTESIAN_POINT('',(4.15000000001,-1.25500000001,-5.675000000003));
#18286=CARTESIAN_POINT('',(4.15000000000667,-1.25500000000667,-6.40000000000667));
#18287=CARTESIAN_POINT('',(4.15000000000667,-1.25500000000667,-5.65000000000667));
#18288=CARTESIAN_POINT('',(4.15000000001,-0.57500000001,-6.40000000001));
#18289=CARTESIAN_POINT('',(4.15000000000667,0.105000000006667,-6.40000000000667));
#18290=CARTESIAN_POINT('',(4.15000000001,0.10500000001,-5.675000000003));
#18291=CARTESIAN_POINT('',(4.15000000000667,0.105000000006667,-6.50000000000667));
#18292=CARTESIAN_POINT('',(4.15000000001,-0.48500000010775,-6.50000000001));
#18293=CARTESIAN_POINT('',(4.15000000001,0.284999999933933,-6.50000000000667));
#18294=CARTESIAN_POINT('',(4.15000000001,0.2849999997818,-5.67500000001));
#18295=CARTESIAN_POINT('',(4.15000000000687,0.284999999869038,-4.85000000000147));
#18296=CARTESIAN_POINT('',(4.15000000001,-0.48500000010775,-4.850000000002));
#18297=CARTESIAN_POINT('',(4.150000000007,-0.284999999610413,-4.850000000005));
#18298=CARTESIAN_POINT('',(4.15000000001,-0.28500000001,-5.675000000003));
#18299=CARTESIAN_POINT('',(4.15000000001,-0.285000000003333,-5.65000000000667));
#18300=CARTESIAN_POINT('',(4.15000000001,-0.77000000001,-5.65000000001));
#18301=CARTESIAN_POINT('',(4.15000000001,-0.48500000010775,-5.65000000001));
#18302=CARTESIAN_POINT('',(4.15000000001,-0.972531587725156,-5.650000000005));
#18303=CARTESIAN_POINT('',(4.15000000001,-0.77000000001,-5.65000000001));
#18304=CARTESIAN_POINT('',(0.884,-1.265238797133,-5.089761202867));
#18305=CARTESIAN_POINT('',(0.2754061897953,-1.15500000001,-5.20000000001));
#18306=CARTESIAN_POINT('',(0.601030800930386,-1.15500000001001,-5.20000000001));
#18307=CARTESIAN_POINT('',(0.289886035560907,-1.15500000001,-5.20000000001));
#18308=CARTESIAN_POINT('',(0.,-1.15500000001,-5.20000000001));
#18309=CARTESIAN_POINT('',(0.850000000006667,-1.15500000000667,-5.20000000001));
#18310=CARTESIAN_POINT('',(0.85000000001,-1.20500000001,-5.15000000001));
#18311=CARTESIAN_POINT('',(0.850000000006667,-1.25500000001,-5.10000000000667));
#18312=CARTESIAN_POINT('',(0.,-1.25500000001,-5.10000000001));
#18313=CARTESIAN_POINT('',(-0.850000000006667,-1.25500000001,-5.10000000000667));
#18314=CARTESIAN_POINT('',(-0.85000000001,-1.265238797143,-5.089761202877));
#18315=CARTESIAN_POINT('',(-0.850000000006667,-1.15500000000667,-5.20000000001));
#18316=CARTESIAN_POINT('',(0.,-1.15500000001,-5.20000000001));
#18317=CARTESIAN_POINT('',(-0.601030800933045,-1.15500000000998,-5.20000000001));
#18318=CARTESIAN_POINT('',(-0.837273891944101,-1.15500000001,-5.20000000001));
#18319=CARTESIAN_POINT('',(-0.289886035555689,-1.15500000000775,-5.20000000001));
#18320=CARTESIAN_POINT('',(0.,-1.15500000001,-5.20000000001));
#18321=CARTESIAN_POINT('',(-2.45,-0.2,-6.2));
#18322=CARTESIAN_POINT('',(-1.52000000001,-0.20000000001,-6.50000000001));
#18323=CARTESIAN_POINT('',(-1.80000000000667,-0.200000000006667,-6.50000000000667));
#18324=CARTESIAN_POINT('',(-1.24000000000667,-0.200000000006665,-6.50000000000667));
#18325=CARTESIAN_POINT('',(-1.8,-0.2,-6.2));
#18326=CARTESIAN_POINT('',(-1.80000000000667,0.0828427124801078,-6.30000000001));
#18327=CARTESIAN_POINT('',(0.,0.08284271248462,-6.30000000001));
#18328=CARTESIAN_POINT('',(-1.24000000000667,0.0828427124801078,-6.30000000001));
#18329=CARTESIAN_POINT('',(-1.24,-0.2,-6.2));
#18330=CARTESIAN_POINT('',(-1.025,-1.240520154232,-5.666));
#18331=CARTESIAN_POINT('',(-1.02500000001,-1.30500000001,-5.25000000001));
#18332=CARTESIAN_POINT('',(-1.02500000000667,-1.30500000000667,-5.65000000000667));
#18333=CARTESIAN_POINT('',(-1.02500000001,-1.28000000001,-5.65000000001));
#18334=CARTESIAN_POINT('',(-1.02500000000667,-1.25500000000667,-5.65000000000667));
#18335=CARTESIAN_POINT('',(-1.02500000001,-1.25500000001,-5.25000000001));
#18336=CARTESIAN_POINT('',(-1.02500000000667,-1.25500000000667,-4.85000000000333));
#18337=CARTESIAN_POINT('',(-1.02500000001,-1.19250000001,-4.78750000001));
#18338=CARTESIAN_POINT('',(-1.02500000000667,-1.28000000000667,-4.87500000000333));
#18339=CARTESIAN_POINT('',(-1.02500000001,-1.28000000001,-2.85000000002837));
#18340=CARTESIAN_POINT('',(-3.443043849909,-0.364479845768,-3.1));
#18341=CARTESIAN_POINT('',(-2.89500000001,0.15000000001,-3.10000000000958));
#18342=CARTESIAN_POINT('',(-3.31061908646089,0.322513115388755,-3.10000000000979));
#18343=CARTESIAN_POINT('',(-3.29811288742238,0.350000000008395,-3.10000000000979));
#18344=CARTESIAN_POINT('',(-3.310619086461,0.30000000000995,-3.10000000001));
#18345=CARTESIAN_POINT('',(-3.3106190864575,0.250000000006667,-3.10000000000699));
#18346=CARTESIAN_POINT('',(-3.23116829999877,0.25,-3.1));
#18347=CARTESIAN_POINT('',(-3.23116830000413,0.300000000009525,-3.10000000000719));
#18348=CARTESIAN_POINT('',(-1.29999874112674E-11,0.30000000001,-3.10000000001));
#18349=CARTESIAN_POINT('',(-0.880000000006667,0.300000000006667,-3.10000000000667));
#18350=CARTESIAN_POINT('',(-0.880000000010001,0.30000000000995,-3.10000000001));
#18351=CARTESIAN_POINT('',(-0.880000000005,0.350000000007391,-3.10000000000746));
#18352=CARTESIAN_POINT('',(0.,0.3500000000098,-3.10000000001));
#18353=CARTESIAN_POINT('',(-0.2476950138057,0.8657922452938,-5.935520154232));
#18354=CARTESIAN_POINT('',(-0.385560001204125,0.70149115129307,-6.0499999999975));
#18355=CARTESIAN_POINT('',(-0.385560001195101,0.701491151284002,-5.95000000000047));
#18356=CARTESIAN_POINT('',(-0.385560001197419,0.70149115127849,-6.2));
#18357=CARTESIAN_POINT('',(-0.32128124023425,0.778095595604,-6.20000000001));
#18358=CARTESIAN_POINT('',(-0.257002479256473,0.854700039906638,-6.20000000000001));
#18359=CARTESIAN_POINT('',(-0.257002479266467,0.854700039916639,-6.07500000001));
#18360=CARTESIAN_POINT('',(-0.257002479257898,0.854700039907784,-5.95000000000075));
#18361=CARTESIAN_POINT('',(-0.321281240236808,0.77809559560622,-5.95000000001097));
#18362=CARTESIAN_POINT('',(-4.17,-0.43,-5.8));
#18363=CARTESIAN_POINT('',(4.37000000001,-0.43,-5.8));
#18364=CARTESIAN_POINT('',(4.37000000000667,-0.430000000003333,-5.95000000000667));
#18365=CARTESIAN_POINT('',(4.27000000001,-0.28000000001,-5.80000000001));
#18366=CARTESIAN_POINT('',(4.17000000000667,-0.280000000006667,-5.80000000000667));
#18367=CARTESIAN_POINT('',(4.17,-0.43,-5.8));
#18368=CARTESIAN_POINT('',(4.17000000000667,-0.430000000006667,-5.95000000000667));
#18369=CARTESIAN_POINT('',(4.27000000001,-0.43000000001,-5.95000000001));
#18370=CARTESIAN_POINT('',(0.8227940468532,-1.08,-5.6));
#18371=CARTESIAN_POINT('',(0.8227940468632,-1.3049999999165,-5.6249999999165));
#18372=CARTESIAN_POINT('',(0.8227940468582,-1.28000000000603,-5.60000000000059));
#18373=CARTESIAN_POINT('',(0.8227940468632,-1.32999999995001,-5.64999999995001));
#18374=CARTESIAN_POINT('',(0.8227940468532,-1.08,-5.64999999997403));
#18375=CARTESIAN_POINT('',(0.662097144505847,-1.27151111082816,-5.64999999998603));
#18376=CARTESIAN_POINT('',(0.678166834718812,-1.252359999704,-5.6249999999815));
#18377=CARTESIAN_POINT('',(0.694236524976331,-1.23320888867066,-5.59999999999705));
#18378=CARTESIAN_POINT('',(0.8227940468632,-1.08000000001,-5.60000000001));
#18379=CARTESIAN_POINT('',(3.2463,-1.28,-5.71));
#18380=CARTESIAN_POINT('',(-2.675908218348,-1.28000000001,-4.92500000001));
#18381=CARTESIAN_POINT('',(-2.67590821834133,-1.28000000001,-4.70000000000667));
#18382=CARTESIAN_POINT('',(-2.67590821834133,-1.28000000001,-5.15000000000667));
#18383=CARTESIAN_POINT('',(-2.10000000001,-1.28000000001,-5.15000000001));
#18384=CARTESIAN_POINT('',(-2.29196940612416,-1.28000000001,-5.15000000001));
#18385=CARTESIAN_POINT('',(-1.58749999886147,-1.28000000001,-5.15000000001));
#18386=CARTESIAN_POINT('',(-1.90803059389727,-1.28000000001,-5.15000000001));
#18387=CARTESIAN_POINT('',(-2.10000000001,-1.28000000001,-5.15000000001));
#18388=CARTESIAN_POINT('',(-1.52409178166533,-1.28000000001,-5.15000000000667));
#18389=CARTESIAN_POINT('',(-1.524091781672,-1.28000000001,-4.92500000001));
#18390=CARTESIAN_POINT('',(-1.52409178166533,-1.28000000001,-4.70000000000667));
#18391=CARTESIAN_POINT('',(-2.10000000001,-1.28000000001,-4.70000000001));
#18392=CARTESIAN_POINT('',(-1.90803059389727,-1.28000000001,-4.70000000001));
#18393=CARTESIAN_POINT('',(-1.58749999886147,-1.28000000001,-4.70000000001));
#18394=CARTESIAN_POINT('',(-2.29196940612416,-1.28000000001,-4.70000000001));
#18395=CARTESIAN_POINT('',(-2.10000000001,-1.28000000001,-4.70000000001));
#18396=CARTESIAN_POINT('',(-3.169999998287,-1.28000000001,-2.85000000002837));
#18397=CARTESIAN_POINT('',(-3.1699999985355,-1.28000000000996,-0.1000000000321));
#18398=CARTESIAN_POINT('',(-1.58749999886147,-1.28000000001,-0.1000000000542));
#18399=CARTESIAN_POINT('',(-0.00500000000666667,-1.28000000001,-0.100000000024676));
#18400=CARTESIAN_POINT('',(-0.0050000000099999,-1.28000000001,-2.85000000002837));
#18401=CARTESIAN_POINT('',(-0.00500000000999997,-1.28000000000667,-0.750000000003333));
#18402=CARTESIAN_POINT('',(-0.14500000001,-1.28000000001,-0.75000000001));
#18403=CARTESIAN_POINT('',(-0.198476745482151,-1.28000000000667,-0.879384070488947));
#18404=CARTESIAN_POINT('',(-0.1850948784472,-1.28000000001,-0.8849150349637));
#18405=CARTESIAN_POINT('',(-0.447703486997005,-1.28000000000667,-0.776374210213978));
#18406=CARTESIAN_POINT('',(-0.50500000001,-1.28000000001,-0.91500000001));
#18407=CARTESIAN_POINT('',(-0.65500000001,-1.28000000000667,-0.915000000003333));
#18408=CARTESIAN_POINT('',(-0.65500000001,-1.28000000001,-2.85000000002837));
#18409=CARTESIAN_POINT('',(-0.65500000001,-1.28000000000667,-1.78500000000333));
#18410=CARTESIAN_POINT('',(-0.50500000001,-1.28000000001,-1.78500000001));
#18411=CARTESIAN_POINT('',(-0.447703486992147,-1.28000000000667,-1.92362578980409));
#18412=CARTESIAN_POINT('',(-0.4610853540387,-1.28000000001,-1.929156754284));
#18413=CARTESIAN_POINT('',(-0.198476745477501,-1.28000000000667,-1.820615929529));
#18414=CARTESIAN_POINT('',(-0.14500000001,-1.28000000001,-1.95000000001));
#18415=CARTESIAN_POINT('',(-0.00500000001000005,-1.28000000000667,-1.95000000000333));
#18416=CARTESIAN_POINT('',(-0.00500000001000012,-1.28000000001,-2.85000000002837));
#18417=CARTESIAN_POINT('',(-0.00500000001000005,-1.28000000000667,-2.90000000000333));
#18418=CARTESIAN_POINT('',(-0.14500000001,-1.28000000001,-2.90000000001));
#18419=CARTESIAN_POINT('',(-0.198476745482204,-1.28000000000667,-3.02938407048901));
#18420=CARTESIAN_POINT('',(-0.1850948784472,-1.28000000001,-3.034915034964));
#18421=CARTESIAN_POINT('',(-0.447703486996725,-1.28000000000667,-2.92637421021385));
#18422=CARTESIAN_POINT('',(-0.50500000001,-1.28000000001,-3.06500000001));
#18423=CARTESIAN_POINT('',(-0.65500000001,-1.28000000000667,-3.06500000000333));
#18424=CARTESIAN_POINT('',(-0.65500000001,-1.28000000001,-2.85000000002837));
#18425=CARTESIAN_POINT('',(-0.65500000001,-1.28000000000667,-3.93500000000333));
#18426=CARTESIAN_POINT('',(-0.50500000001,-1.28000000001,-3.93500000001));
#18427=CARTESIAN_POINT('',(-0.447703486992208,-1.28000000000667,-4.0736257898041));
#18428=CARTESIAN_POINT('',(-0.4610853540388,-1.28000000001,-4.079156754284));
#18429=CARTESIAN_POINT('',(-0.198476745477569,-1.28000000000667,-3.970615929529));
#18430=CARTESIAN_POINT('',(-0.14500000001,-1.28000000001,-4.10000000001));
#18431=CARTESIAN_POINT('',(-0.00500000000999997,-1.28000000000667,-4.10000000000333));
#18432=CARTESIAN_POINT('',(-0.0050000000099999,-1.28000000001,-2.85000000002837));
#18433=CARTESIAN_POINT('',(-0.00500000000666657,-1.28000000000667,-4.85000000000667));
#18434=CARTESIAN_POINT('',(-1.58749999886147,-1.28000000001,-4.85000000001));
#18435=CARTESIAN_POINT('',(-0.750000000003333,-1.28000000000667,-4.85000000001));
#18436=CARTESIAN_POINT('',(-0.75000000001,-1.28000000001,-5.00000000001));
#18437=CARTESIAN_POINT('',(-0.90000000001,-1.28000000000667,-5.00000000000333));
#18438=CARTESIAN_POINT('',(-0.90000000001,-1.28000000001,-2.85000000002837));
#18439=CARTESIAN_POINT('',(-0.90000000001,-1.28000000000667,-5.05000000000333));
#18440=CARTESIAN_POINT('',(-0.75000000001,-1.28000000001,-5.05000000001));
#18441=CARTESIAN_POINT('',(-0.7999999999999,-1.28000000001,-5.1914213562425));
#18442=CARTESIAN_POINT('',(-0.8000000000099,-1.28000000001,-2.85000000002837));
#18443=CARTESIAN_POINT('',(-0.800158287947067,-1.27936644718266,-5.20000000001));
#18444=CARTESIAN_POINT('',(-0.800221675952632,-1.28,-5.20000000001));
#18445=CARTESIAN_POINT('',(-0.807745799380389,-1.28,-5.20000000001));
#18446=CARTESIAN_POINT('',(-0.815269922808145,-1.28,-5.20000000001));
#18447=CARTESIAN_POINT('',(-0.822794046235902,-1.28,-5.20000000001));
#18448=CARTESIAN_POINT('',(-0.822794046135234,-1.28000000000333,-5.20000000000667));
#18449=CARTESIAN_POINT('',(-0.8227940459248,-1.28000000001,-2.85000000002837));
#18450=CARTESIAN_POINT('',(-1.58749999886147,-1.28000000001,-4.87500000001));
#18451=CARTESIAN_POINT('',(3.045,0.25,-2.1));
#18452=CARTESIAN_POINT('',(3.04500000001,0.30000000001,-1.77500000000975));
#18453=CARTESIAN_POINT('',(3.045,0.300000000000001,-2.82999999999999));
#18454=CARTESIAN_POINT('',(3.04500000000333,0.30000000001,-2.10000000000667));
#18455=CARTESIAN_POINT('',(3.04500000001,0.25000000001,-2.10000000001));
#18456=CARTESIAN_POINT('',(3.09500000001,0.250000000003333,-2.10000000000667));
#18457=CARTESIAN_POINT('',(3.09500000001,0.25000000001,-2.2250000000485));
#18458=CARTESIAN_POINT('',(3.095,0.249999999999975,-2.83));
#18459=CARTESIAN_POINT('',(3.04500000001,0.25000000001,-2.83000000001));
#18460=CARTESIAN_POINT('',(2.99,1.255,-6.329));
#18461=CARTESIAN_POINT('',(-3.152499999912,1.25500000001,-6.30000000001));
#18462=CARTESIAN_POINT('',(-3.17999999995333,1.25500000001,-6.30000000000667));
#18463=CARTESIAN_POINT('',(-3.12500000000667,1.25500000000667,-6.30000000000667));
#18464=CARTESIAN_POINT('',(-3.17999999984,1.25500000001,-5.675000000007));
#18465=CARTESIAN_POINT('',(-3.17999999980681,1.25500000000718,-4.85000000000559));
#18466=CARTESIAN_POINT('',(-3.152499999912,1.25500000001,-4.850000000004));
#18467=CARTESIAN_POINT('',(-3.12500000000667,1.25500000001,-4.85000000000788));
#18468=CARTESIAN_POINT('',(-3.12500000001,1.25500000001,-5.5750000000065));
#18469=CARTESIAN_POINT('',(3.430037402912,0.3386931400739,-3.090954512059));
#18470=CARTESIAN_POINT('',(0.,0.350000000009991,-3.10000000000989));
#18471=CARTESIAN_POINT('',(1.380000000005,0.35000000000746,-3.10000000000746));
#18472=CARTESIAN_POINT('',(1.120000000005,0.350000000007429,-3.10000000000746));
#18473=CARTESIAN_POINT('',(0.,0.3500000000099,-3.10000000001));
#18474=CARTESIAN_POINT('',(2.620000000005,0.350000000007429,-3.10000000000746));
#18475=CARTESIAN_POINT('',(0.,0.350000000009991,-3.10000000000989));
#18476=CARTESIAN_POINT('',(2.880000000005,0.350000000007479,-3.10000000000742));
#18477=CARTESIAN_POINT('',(0.,0.35000000000993,-3.10000000000984));
#18478=CARTESIAN_POINT('',(3.29811288742225,0.35000000000865,-3.10000000000992));
#18479=CARTESIAN_POINT('',(2.895,0.15,-2.93999999999966));
#18480=CARTESIAN_POINT('',(2.895,0.6,-3.30000000000009));
#18481=CARTESIAN_POINT('',(0.,0.60000000001,-3.30000000001));
#18482=CARTESIAN_POINT('',(-2.894999999999,0.6,-3.30000000000009));
#18483=CARTESIAN_POINT('',(-2.895,0.15,-2.93999999999966));
#18484=CARTESIAN_POINT('',(0.,0.350000000009991,-3.10000000000989));
#18485=CARTESIAN_POINT('',(-0.620000000005,0.35000000000746,-3.10000000000746));
#18486=CARTESIAN_POINT('',(0.,0.3500000000099,-3.10000000001));
#18487=CARTESIAN_POINT('',(-3.045,0.25,-2.1));
#18488=CARTESIAN_POINT('',(-3.09500000001,0.25000000001,-2.22500000001));
#18489=CARTESIAN_POINT('',(-3.095,0.25,-2.83));
#18490=CARTESIAN_POINT('',(-3.095,0.25,-2.1));
#18491=CARTESIAN_POINT('',(-3.04500000001,0.25000000001,-2.10000000001));
#18492=CARTESIAN_POINT('',(-3.045,0.3,-2.1));
#18493=CARTESIAN_POINT('',(-3.04500000001,0.30000000001,-2.465000000011));
#18494=CARTESIAN_POINT('',(-3.045,0.300000000000002,-2.8300000000005));
#18495=CARTESIAN_POINT('',(-3.04500000001,0.25000000001,-2.83000000001));
#18496=CARTESIAN_POINT('',(-0.505,-1.28,-3.065));
#18497=CARTESIAN_POINT('',(-0.447703487000023,-1.37500000001,-2.92637421021233));
#18498=CARTESIAN_POINT('',(-0.447703486995089,-1.47000000000333,-2.92637421020981));
#18499=CARTESIAN_POINT('',(-0.505,-1.47,-3.065));
#18500=CARTESIAN_POINT('',(-0.655000000006667,-1.47000000000667,-3.06500000000667));
#18501=CARTESIAN_POINT('',(-0.65500000001,-1.37500000001,-3.06500000001));
#18502=CARTESIAN_POINT('',(-0.145,-1.28,-2.9));
#18503=CARTESIAN_POINT('',(-0.202296513019977,-1.37500000001,-3.03862578980767));
#18504=CARTESIAN_POINT('',(-0.202296513016494,-1.28000000000333,-3.0386257898041));
#18505=CARTESIAN_POINT('',(-0.202296513014904,-1.47000000000333,-3.0386257898049));
#18506=CARTESIAN_POINT('',(-0.145,-1.47,-2.9));
#18507=CARTESIAN_POINT('',(0.00500000000666666,-1.47000000000667,-2.90000000000667));
#18508=CARTESIAN_POINT('',(0.00500000001,-1.37500000001,-2.90000000001));
#18509=CARTESIAN_POINT('',(0.0050000000066667,-1.28000000000667,-2.90000000000667));
#18510=CARTESIAN_POINT('',(-0.145,-1.28,-2.9));
#18511=CARTESIAN_POINT('',(-0.298033778562383,-0.900755310286945,-5.5));
#18512=CARTESIAN_POINT('',(-0.29803377856161,-0.900755310287867,-5.5));
#18513=CARTESIAN_POINT('',(-0.212387406135097,-0.828889470773329,-5.60000000000525));
#18514=CARTESIAN_POINT('',(-0.169476256624985,-1.05396419891103,-5.5));
#18515=CARTESIAN_POINT('',(-0.169476256766163,-1.0539641990295,-5.65));
#18516=CARTESIAN_POINT('',(-0.298033778562383,-0.900755310286945,-5.65));
#18517=CARTESIAN_POINT('',(-0.265894398042187,-0.93905753249538,-5.65000000000501));
#18518=CARTESIAN_POINT('',(-0.362312539530709,-0.824150865975345,-5.5));
#18519=CARTESIAN_POINT('',(-3.356252953661,-0.3369929611461,-3.136953577039));
#18520=CARTESIAN_POINT('',(-2.895,0.15,-2.76343829990202));
#18521=CARTESIAN_POINT('',(-3.345,0.15,-3.12784111483804));
#18522=CARTESIAN_POINT('',(-3.34500000001,0.,-3.127841114848));
#18523=CARTESIAN_POINT('',(-3.345,-0.15,-3.12784111483804));
#18524=CARTESIAN_POINT('',(-2.895,-0.15,-2.76343829990202));
#18525=CARTESIAN_POINT('',(-3.31061908645126,-0.322513115377981,-3.1));
#18526=CARTESIAN_POINT('',(-3.310619086461,-0.30000000000995,-3.10000000001));
#18527=CARTESIAN_POINT('',(-3.31061908645163,-0.25,-3.09999999999988));
#18528=CARTESIAN_POINT('',(-3.239877504131,-0.25000000001,-3.0427145961555));
#18529=CARTESIAN_POINT('',(-3.1691359217903,-0.25,-2.98542919229115));
#18530=CARTESIAN_POINT('',(-3.16913592179982,0.,-2.98542919230122));
#18531=CARTESIAN_POINT('',(-3.16913592178994,0.25,-2.98542919229144));
#18532=CARTESIAN_POINT('',(-3.2570679609045,0.25000000001,-3.0566351535745));
#18533=CARTESIAN_POINT('',(-2.781475583888,1.267951167777,-4.685520154232));
#18534=CARTESIAN_POINT('',(-2.77500000001,1.25500000001,-5.57500000001));
#18535=CARTESIAN_POINT('',(-2.7750000000045,1.25500000000606,-5.15000000000667));
#18536=CARTESIAN_POINT('',(-2.77500000000979,1.25500000001002,-4.85000000000998));
#18537=CARTESIAN_POINT('',(-2.70000000000803,1.10500000000822,-4.70000000000727));
#18538=CARTESIAN_POINT('',(-2.70000000000926,1.10500000000939,-4.70000000001));
#18539=CARTESIAN_POINT('',(-2.781475583898,1.267951167787,-4.70000000001));
#18540=CARTESIAN_POINT('',(-2.57500000000011,0.855,-4.7));
#18541=CARTESIAN_POINT('',(-2.57500000001,0.85500000001,-4.92500000001));
#18542=CARTESIAN_POINT('',(-2.57500000000476,0.855000000005969,-5.15000000000667));
#18543=CARTESIAN_POINT('',(-2.67500000001,1.05500000001025,-5.15000000001));
#18544=CARTESIAN_POINT('',(-3.04457201150991,0.300000000000008,-2.83));
#18545=CARTESIAN_POINT('',(-3.04457201150991,0.300000000000008,-2.90187468533115));
#18546=CARTESIAN_POINT('',(-3.08154343891798,0.300000000000008,-2.97938689481237));
#18547=CARTESIAN_POINT('',(-3.13740056035423,0.300000000000008,-3.02461909989137));
#18548=CARTESIAN_POINT('',(-3.06828490037947,0.299999999999988,-2.83));
#18549=CARTESIAN_POINT('',(-3.06828490037947,0.299999999999988,-2.89506891080064));
#18550=CARTESIAN_POINT('',(-3.10175552360522,0.299999999999988,-2.96524153168179));
#18551=CARTESIAN_POINT('',(-3.15232356485047,0.299999999999988,-3.00619072407187));
#18552=CARTESIAN_POINT('',(-3.09499999999992,0.273712888869565,-2.83));
#18553=CARTESIAN_POINT('',(-3.09499999999993,0.273712888869565,-2.88740147957466));
#18554=CARTESIAN_POINT('',(-3.12452659375727,0.273712888869565,-2.94930527071924));
#18555=CARTESIAN_POINT('',(-3.16913592179049,0.273712888869565,-2.98542919229186));
#18556=CARTESIAN_POINT('',(-3.09499999999993,0.25,-2.83));
#18557=CARTESIAN_POINT('',(-3.09499999999993,0.25,-2.88740147957466));
#18558=CARTESIAN_POINT('',(-3.12452659375727,0.25,-2.94930527071924));
#18559=CARTESIAN_POINT('',(-3.16913592179049,0.25,-2.98542919229186));
#18560=CARTESIAN_POINT('',(-3.13766990224812,0.25000000001,-3.02428649037482));
#18561=CARTESIAN_POINT('',(-3.13766990223794,0.299999999999771,-3.02428649036479));
#18562=CARTESIAN_POINT('',(-3.29500000001,0.25000000001,-2.83000000001));
#18563=CARTESIAN_POINT('',(-3.13766990224794,0.300000000009771,-3.02428649037479));
#18564=CARTESIAN_POINT('',(-3.07940042979462,0.30000000001,-2.97710080195948));
#18565=CARTESIAN_POINT('',(-3.04500000001,0.30000000001,-2.90586773654387));
#18566=CARTESIAN_POINT('',(-3.04500000001,0.300000000010002,-2.8300000000105));
#18567=CARTESIAN_POINT('',(-3.064479845768,-1.599761202867,-6.510238797133));
#18568=CARTESIAN_POINT('',(3.05,-1.599761202867,-6.510238797133));
#18569=CARTESIAN_POINT('',(3.05000000000667,-1.61000000000667,-6.50000000001));
#18570=CARTESIAN_POINT('',(3.05000000000667,-1.66000000001,-6.45000000000667));
#18571=CARTESIAN_POINT('',(2.75000000001,-1.66000000001,-6.45000000001));
#18572=CARTESIAN_POINT('',(2.45000000000667,-1.66000000001,-6.45000000000667));
#18573=CARTESIAN_POINT('',(2.45,-1.599761202867,-6.510238797133));
#18574=CARTESIAN_POINT('',(2.45000000000667,-1.61000000000667,-6.50000000001));
#18575=CARTESIAN_POINT('',(2.75000000001,-1.61000000001,-6.50000000001));
#18576=CARTESIAN_POINT('',(3.295,-0.25,-2.83));
#18577=CARTESIAN_POINT('',(3.29500000001,-0.25000000001,-2.83000000001));
#18578=CARTESIAN_POINT('',(3.16913592178151,-0.25,-2.98542919230216));
#18579=CARTESIAN_POINT('',(3.095,-0.25,-2.83));
#18580=CARTESIAN_POINT('',(3.16913592180031,0.,-2.98542919230162));
#18581=CARTESIAN_POINT('',(3.1691359217901,0.25,-2.98542919229175));
#18582=CARTESIAN_POINT('',(3.29500000001,0.25000000001,-2.83000000001));
#18583=CARTESIAN_POINT('',(3.09500000001,0.,-2.83000000001));
#18584=CARTESIAN_POINT('',(-0.6594798457681,-1.4802,-1.));
#18585=CARTESIAN_POINT('',(-0.70000000001,-1.47500000001,-1.00000000001));
#18586=CARTESIAN_POINT('',(-0.700000000006667,-1.48000000000667,-1.00000000000667));
#18587=CARTESIAN_POINT('',(-0.700000000006667,-1.47000000000667,-1.00000000000667));
#18588=CARTESIAN_POINT('',(-1.58750000001,-1.48000000001,-1.00000000001));
#18589=CARTESIAN_POINT('',(-0.655000000006667,-1.48000000000667,-1.00000000000667));
#18590=CARTESIAN_POINT('',(-0.65500000001,-1.38000000001,-1.00000000001));
#18591=CARTESIAN_POINT('',(-0.655000000006667,-1.47000000000667,-1.00000000000667));
#18592=CARTESIAN_POINT('',(-0.352500000009983,-1.47000000001,-1.00000000001));
#18593=CARTESIAN_POINT('',(1.031910055994,1.243843243878,-6.314479845751));
#18594=CARTESIAN_POINT('',(0.385560001204564,0.701491151293542,-6.0500000000015));
#18595=CARTESIAN_POINT('',(0.385560001194608,0.701491151283534,-6.19999999999976));
#18596=CARTESIAN_POINT('',(0.385560001194132,0.701491151283153,-5.95000000000075));
#18597=CARTESIAN_POINT('',(0.500466667670339,0.797909292728854,-6.2));
#18598=CARTESIAN_POINT('',(0.414820295233388,0.726043453213354,-6.29999999999571));
#18599=CARTESIAN_POINT('',(0.7023982633608,0.9673500202121,-6.300000000002));
#18600=CARTESIAN_POINT('',(1.01923652587418,1.23320888942822,-6.29999999999801));
#18601=CARTESIAN_POINT('',(1.01923652540412,1.23320888903524,-6.046091014001));
#18602=CARTESIAN_POINT('',(1.01923652521326,1.23320888887507,-5.80000000000667));
#18603=CARTESIAN_POINT('',(1.031910055994,1.243843243878,-5.8));
#18604=CARTESIAN_POINT('',(0.866443121297738,1.10500000000778,-5.80000000001));
#18605=CARTESIAN_POINT('',(0.7023982633608,0.9673500202121,-5.80000000001));
#18606=CARTESIAN_POINT('',(0.500466667661743,0.797909292736056,-5.8));
#18607=CARTESIAN_POINT('',(0.500466667662098,0.797909292736325,-5.95));
#18608=CARTESIAN_POINT('',(-2.803,-1.269479845768,-5.15));
#18609=CARTESIAN_POINT('',(-2.10000000001,1.28000000001,-5.15000000001));
#18610=CARTESIAN_POINT('',(-1.52409178166533,1.28000000001,-5.15000000000667));
#18611=CARTESIAN_POINT('',(-1.524091781672,1.08000000001,-5.15000000001));
#18612=CARTESIAN_POINT('',(-1.62091636532719,1.25500000001,-5.15000000001));
#18613=CARTESIAN_POINT('',(0.,1.25500000001,-5.15000000001));
#18614=CARTESIAN_POINT('',(-1.93782443371045,1.25500000001,-5.15000000001));
#18615=CARTESIAN_POINT('',(-1.770114620159,1.395725242707,-5.15000000001));
#18616=CARTESIAN_POINT('',(1.147794046853,1.08,-6.3));
#18617=CARTESIAN_POINT('',(1.147794046853,1.08,-5.8));
#18618=CARTESIAN_POINT('',(1.10000000000664,1.27420537862449,-5.80000000000667));
#18619=CARTESIAN_POINT('',(1.147794046863,1.08000000001,-6.30000000001));
#18620=CARTESIAN_POINT('',(1.147794046293,1.28000000001,-6.2999999999505));
#18621=CARTESIAN_POINT('',(1.147794046621,1.28000000001,-3.20000000004367));
#18622=CARTESIAN_POINT('',(1.14779404672672,1.28,-5.79218202803235));
#18623=CARTESIAN_POINT('',(1.14779404673672,1.28000000001,-5.79218202804235));
#18624=CARTESIAN_POINT('',(1.13228897610493,1.28000000000497,-5.79739400934969));
#18625=CARTESIAN_POINT('',(1.11618600721047,1.27818876360231,-5.80000000001));
#18626=CARTESIAN_POINT('',(1.10000000000997,1.27420537863113,-5.80000000001));
#18627=CARTESIAN_POINT('',(-2.595,0.855,-4.685520154232));
#18628=CARTESIAN_POINT('',(1.57500000001,0.85500000001,-4.92500000001));
#18629=CARTESIAN_POINT('',(1.57500000000723,0.855000000008652,-4.70000000000667));
#18630=CARTESIAN_POINT('',(1.57500000000725,0.855000000008637,-5.15000000000667));
#18631=CARTESIAN_POINT('',(0.,0.85500000001,-4.70000000001));
#18632=CARTESIAN_POINT('',(2.57500000000487,0.855000000005955,-4.70000000000667));
#18633=CARTESIAN_POINT('',(2.57500000001018,0.855000000009909,-4.92500000001));
#18634=CARTESIAN_POINT('',(2.57500000000485,0.855000000005947,-5.15000000000667));
#18635=CARTESIAN_POINT('',(2.07500000001,0.85500000001,-5.15000000001));
#18636=CARTESIAN_POINT('',(3.09499999999965,-0.2499999999999,-1.620000000058));
#18637=CARTESIAN_POINT('',(3.09499999996567,-0.2499999999999,-1.50284271250547));
#18638=CARTESIAN_POINT('',(3.17784271244748,-0.2499999999999,-1.41999999999965));
#18639=CARTESIAN_POINT('',(3.295,-0.2499999999999,-1.41999999999965));
#18640=CARTESIAN_POINT('',(3.09499999999971,-0.279289321881221,-1.620000000058));
#18641=CARTESIAN_POINT('',(3.09499999996573,-0.279289321881221,-1.50284271250551));
#18642=CARTESIAN_POINT('',(3.17784271244751,-0.279289321881221,-1.4199999999997));
#18643=CARTESIAN_POINT('',(3.295,-0.279289321881221,-1.41999999999971));
#18644=CARTESIAN_POINT('',(3.07428932188112,-0.299999999999891,-1.620000000064));
#18645=CARTESIAN_POINT('',(3.07428932184363,-0.299999999999891,-1.4907106781528));
#18646=CARTESIAN_POINT('',(3.1657106780888,-0.299999999999891,-1.39928932188112));
#18647=CARTESIAN_POINT('',(3.295,-0.299999999999891,-1.39928932188112));
#18648=CARTESIAN_POINT('',(3.04499999999983,-0.299999999999992,-1.6200000000725));
#18649=CARTESIAN_POINT('',(3.04499999995736,-0.299999999999992,-1.47355339063199));
#18650=CARTESIAN_POINT('',(3.1485533905595,-0.299999999999992,-1.36999999999982));
#18651=CARTESIAN_POINT('',(3.29500000000001,-0.299999999999992,-1.36999999999983));
#18652=CARTESIAN_POINT('',(3.29500000001,-0.250000000010001,-1.37000000000966));
#18653=CARTESIAN_POINT('',(3.295,-0.299999999999997,-1.36999999999993));
#18654=CARTESIAN_POINT('',(3.295,-0.25,-1.41999999999991));
#18655=CARTESIAN_POINT('',(3.29500000001,-0.300000000009997,-1.37000000000993));
#18656=CARTESIAN_POINT('',(3.14855339060318,-0.300000000009992,-1.37000000000983));
#18657=CARTESIAN_POINT('',(3.04500000000983,-0.300000000009992,-1.47355339060317));
#18658=CARTESIAN_POINT('',(3.04500000000996,-0.300000000009998,-1.6200000000155));
#18659=CARTESIAN_POINT('',(3.04500000000664,-0.300000000009999,-1.62000000001033));
#18660=CARTESIAN_POINT('',(3.04500000001,-0.25000000001,-1.62000000001));
#18661=CARTESIAN_POINT('',(3.09500000001,-0.250000000004988,-1.62000000004125));
#18662=CARTESIAN_POINT('',(3.29500000001,-0.25000000001,-1.62000000001));
#18663=CARTESIAN_POINT('',(-3.443043849909,-0.364479845768,-3.1));
#18664=CARTESIAN_POINT('',(1.12000000001,0.32500000001,-3.10000000001));
#18665=CARTESIAN_POINT('',(1.12000000000667,0.300000000006667,-3.10000000000667));
#18666=CARTESIAN_POINT('',(-0.62000000001,0.30000000000995,-3.10000000001));
#18667=CARTESIAN_POINT('',(-0.620000000006667,0.300000000006667,-3.10000000000667));
#18668=CARTESIAN_POINT('',(-1.29999874112674E-11,0.30000000001,-3.10000000001));
#18669=CARTESIAN_POINT('',(2.62,0.2855201542319,-0.7497200689377));
#18670=CARTESIAN_POINT('',(2.62000000001,0.3500000000099,-1.94790199458735));
#18671=CARTESIAN_POINT('',(2.62000000000667,0.350000000009967,-0.945803989158333));
#18672=CARTESIAN_POINT('',(2.62000000001,0.32500000001,-3.10000000001));
#18673=CARTESIAN_POINT('',(2.62000000000667,0.300000000006667,-3.10000000000667));
#18674=CARTESIAN_POINT('',(2.62000000001,0.30000000001,-1.77500000000975));
#18675=CARTESIAN_POINT('',(2.62000000000667,0.300000000007192,-0.795803989157873));
#18676=CARTESIAN_POINT('',(2.62000000001,0.10000000001,-0.945803989165));
#18677=CARTESIAN_POINT('',(3.235,0.075,-1.400200080064));
#18678=CARTESIAN_POINT('',(3.23900000001002,0.,-1.50012004804844));
#18679=CARTESIAN_POINT('',(3.23900000000362,-0.0750000000066667,-1.50012004804867));
#18680=CARTESIAN_POINT('',(3.23900000000362,0.0750000000066667,-1.50012004804867));
#18681=CARTESIAN_POINT('',(3.23500000001,0.07500000001,-1.400200080074));
#18682=CARTESIAN_POINT('',(3.33499895578804,0.0750000000095153,-1.40000627767099));
#18683=CARTESIAN_POINT('',(3.33499980038147,-0.07500000001,-1.40000026617954));
#18684=CARTESIAN_POINT('',(3.33499895578804,-0.0750000000095153,-1.40000627767099));
#18685=CARTESIAN_POINT('',(3.23500000001,-0.07500000001,-1.400200080074));
#18686=CARTESIAN_POINT('',(-3.484,-1.3062,-6.3));
#18687=CARTESIAN_POINT('',(-1.52000000001,-1.61000000001,-6.30000000001));
#18688=CARTESIAN_POINT('',(-1.24000000000667,-1.61000000000333,-6.30000000000667));
#18689=CARTESIAN_POINT('',(-1.80000000000667,-1.61000000000333,-6.30000000000667));
#18690=CARTESIAN_POINT('',(-1.24000000001,-0.78857864377245,-6.30000000001));
#18691=CARTESIAN_POINT('',(-1.240000000005,-1.255000000005,-6.30000000001));
#18692=CARTESIAN_POINT('',(0.,-1.25500000001,-6.30000000001));
#18693=CARTESIAN_POINT('',(-1.80000000001,-1.25500000001,-6.30000000001));
#18694=CARTESIAN_POINT('',(-1.80000000001,-0.78857864377245,-6.30000000001));
#18695=CARTESIAN_POINT('',(-4.17,-1.70899999996,-7.770399999999));
#18696=CARTESIAN_POINT('',(-4.17,-1.52,-6.35));
#18697=CARTESIAN_POINT('',(-4.17,-1.66999999999504,-6.3500009964409));
#18698=CARTESIAN_POINT('',(-4.17000000000667,-1.52000000000667,-6.50000000000667));
#18699=CARTESIAN_POINT('',(-4.17000000001,-0.6950000009992,-6.50000000001));
#18700=CARTESIAN_POINT('',(-4.17000000000667,-0.843606797756667,-6.50000000000667));
#18701=CARTESIAN_POINT('',(-4.17,-0.84360679775,-6.35));
#18702=CARTESIAN_POINT('',(-4.17,-0.731803398874999,-6.45));
#18703=CARTESIAN_POINT('',(-4.17,-0.62,-6.55));
#18704=CARTESIAN_POINT('',(-4.17,-0.519999999999998,-6.661803398875));
#18705=CARTESIAN_POINT('',(-4.17000000001,-0.42,-6.77360679775));
#18706=CARTESIAN_POINT('',(-4.17,-0.57,-6.77360679775));
#18707=CARTESIAN_POINT('',(-4.17000000001,-0.57000000001,-3.86000000004367));
#18708=CARTESIAN_POINT('',(-4.17000000000667,-0.570000000006667,-7.40000000000667));
#18709=CARTESIAN_POINT('',(-4.17,-0.27,-7.4));
#18710=CARTESIAN_POINT('',(-4.170000000005,-0.473960780538319,-7.620000000005));
#18711=CARTESIAN_POINT('',(-4.17000000001,-0.6950000009992,-7.62000000001));
#18712=CARTESIAN_POINT('',(-4.17000000001,0.133960780532926,-7.62000000001));
#18713=CARTESIAN_POINT('',(-4.17000000001,-0.07,-7.4));
#18714=CARTESIAN_POINT('',(-4.17000000000667,0.230000000006667,-7.40000000000333));
#18715=CARTESIAN_POINT('',(-4.17000000001,0.23000000001,-3.86000000004367));
#18716=CARTESIAN_POINT('',(-4.17000000000867,0.230000000006667,-6.29999999998945));
#18717=CARTESIAN_POINT('',(-4.17000000001,-0.6950000009992,-6.299999999995));
#18718=CARTESIAN_POINT('',(-4.17000000000997,0.279999980001171,-6.3000000000025));
#18719=CARTESIAN_POINT('',(-4.17000000001,0.2799999874315,-3.20000000001));
#18720=CARTESIAN_POINT('',(-4.17000000000999,0.279999992070623,-0.10000000003935));
#18721=CARTESIAN_POINT('',(-4.17000000001,-0.6950000009992,-0.100000000068699));
#18722=CARTESIAN_POINT('',(-4.17000000000263,-0.279999997211988,-0.100000000031976));
#18723=CARTESIAN_POINT('',(-4.17000000001,-0.28000000001,-2.85000000001));
#18724=CARTESIAN_POINT('',(-4.17,-0.2800000000003,-5.6));
#18725=CARTESIAN_POINT('',(-4.17000000001,-0.28000000001,-5.700000351695));
#18726=CARTESIAN_POINT('',(-4.17,-0.280000000004443,-5.80000123089765));
#18727=CARTESIAN_POINT('',(-4.17,-0.43,-5.8));
#18728=CARTESIAN_POINT('',(-4.17,-0.43,-5.95));
#18729=CARTESIAN_POINT('',(-4.17000000001,-0.6950000009992,-5.95000000001));
#18730=CARTESIAN_POINT('',(-4.17,-1.52,-5.95));
#18731=CARTESIAN_POINT('',(-4.17,-1.52,-6.1));
#18732=CARTESIAN_POINT('',(-4.17,-1.67,-6.1));
#18733=CARTESIAN_POINT('',(-4.17000000001,-1.670000000005,-3.86000000004367));
#18734=CARTESIAN_POINT('',(-2.803,-1.269479845768,-5.15));
#18735=CARTESIAN_POINT('',(-2.675908218348,-1.08000000001,-5.15000000001));
#18736=CARTESIAN_POINT('',(-2.57908363469281,-1.25500000001,-5.15000000001));
#18737=CARTESIAN_POINT('',(0.,-1.25500000001,-5.15000000001));
#18738=CARTESIAN_POINT('',(-2.26217556630955,-1.25500000001,-5.15000000001));
#18739=CARTESIAN_POINT('',(-2.429885379861,-1.395725242707,-5.15000000001));
#18740=CARTESIAN_POINT('',(-0.7144798457681,-1.47,-0.6855201542319));
#18741=CARTESIAN_POINT('',(-0.352500000009985,-1.47000000001,-4.15000000001));
#18742=CARTESIAN_POINT('',(-0.00500000000666667,-1.47000000000667,-4.15000000000667));
#18743=CARTESIAN_POINT('',(-0.700000000006667,-1.47000000000667,-4.15000000000667));
#18744=CARTESIAN_POINT('',(-0.00500000001,-1.47000000001,-4.474999990831));
#18745=CARTESIAN_POINT('',(-0.00500000000666714,-1.47000000000667,-4.09999999337753));
#18746=CARTESIAN_POINT('',(-0.145,-1.47,-4.1));
#18747=CARTESIAN_POINT('',(-0.19847674547967,-1.470000000005,-3.9706159295298));
#18748=CARTESIAN_POINT('',(-0.323090116243,-1.47000000001,-4.02212085967));
#18749=CARTESIAN_POINT('',(-0.447703486996992,-1.47000000000667,-4.07362578980412));
#18750=CARTESIAN_POINT('',(-0.505,-1.47,-3.935));
#18751=CARTESIAN_POINT('',(-0.655000000006667,-1.47000000000667,-3.93500000000667));
#18752=CARTESIAN_POINT('',(-0.65500000001,-1.47000000001,-3.50000000001));
#18753=CARTESIAN_POINT('',(-0.655000000006667,-1.47000000000667,-3.85000000000667));
#18754=CARTESIAN_POINT('',(-0.67750000001,-1.47000000001,-3.85000000001));
#18755=CARTESIAN_POINT('',(-0.700000000006667,-1.47000000000667,-3.85000000000667));
#18756=CARTESIAN_POINT('',(-0.70000000001,-1.47000000001,-4.00000000001));
#18757=CARTESIAN_POINT('',(-3.18,-0.285,-4.7000000000001));
#18758=CARTESIAN_POINT('',(-3.18000000001,-1.1800000000055,-4.7750000000055));
#18759=CARTESIAN_POINT('',(-3.18000000000333,-1.10500000000419,-4.70000000000623));
#18760=CARTESIAN_POINT('',(-3.180000000005,-1.25500000000741,-4.85000000000397));
#18761=CARTESIAN_POINT('',(-3.18000000001,-0.28500000001,-4.7000000000101));
#18762=CARTESIAN_POINT('',(-4.00000000000705,-0.2849999999859,-4.7000000000101));
#18763=CARTESIAN_POINT('',(-4.075000000003,-0.2849999999618,-4.775000000003));
#18764=CARTESIAN_POINT('',(-4.15000000000709,-0.284999999894688,-4.85000000000278));
#18765=CARTESIAN_POINT('',(-3.18000000001,-0.28500000001,-4.85000000001));
#18766=CARTESIAN_POINT('',(-3.295,-0.299999999999999,-1.3699999999999));
#18767=CARTESIAN_POINT('',(-3.32428932188134,-0.300000000000002,-1.3699999999999));
#18768=CARTESIAN_POINT('',(-3.345,-0.279289321881347,-1.3699999999999));
#18769=CARTESIAN_POINT('',(-3.345,-0.250000000000001,-1.3699999999999));
#18770=CARTESIAN_POINT('',(-3.295,-0.30000000000006,-1.4000145070255));
#18771=CARTESIAN_POINT('',(-3.32428932188138,-0.300000000000062,-1.40001450702551));
#18772=CARTESIAN_POINT('',(-3.34500000000006,-0.279289321881383,-1.40001450702551));
#18773=CARTESIAN_POINT('',(-3.34500000000006,-0.25,-1.4000145070255));
#18774=CARTESIAN_POINT('',(-3.295,-0.278556622415693,-1.42));
#18775=CARTESIAN_POINT('',(-3.31172808211554,-0.278556622415695,-1.42));
#18776=CARTESIAN_POINT('',(-3.32355662241569,-0.266728082115547,-1.42));
#18777=CARTESIAN_POINT('',(-3.32355662241569,-0.25,-1.42));
#18778=CARTESIAN_POINT('',(-3.295,-0.25,-1.42));
#18779=CARTESIAN_POINT('',(-3.295,-0.25,-1.42));
#18780=CARTESIAN_POINT('',(-3.295,-0.25,-1.42));
#18781=CARTESIAN_POINT('',(-3.295,-0.25,-1.42));
#18782=CARTESIAN_POINT('',(-3.29500000001,-0.25000000001,-1.37000000001));
#18783=CARTESIAN_POINT('',(-3.29500000001425,-0.25,-1.41999999999989));
#18784=CARTESIAN_POINT('',(-3.34500000001,-0.250000000005,-1.370000000005));
#18785=CARTESIAN_POINT('',(-3.29500000000999,-0.25000000001,-1.3700000000098));
#18786=CARTESIAN_POINT('',(-3.29500000000245,-0.299999999999997,-1.36999999999996));
#18787=CARTESIAN_POINT('',(-3.29500000001,-0.25000000001,-1.37000000001));
#18788=CARTESIAN_POINT('',(1.147794046853,1.08,-6.35));
#18789=CARTESIAN_POINT('',(1.147794046853,1.08,-5.8));
#18790=CARTESIAN_POINT('',(1.10000000000898,1.47713439675539,-5.800000000005));
#18791=CARTESIAN_POINT('',(0.890679002984377,1.38641777725369,-5.80000000000333));
#18792=CARTESIAN_POINT('',(1.10000000000796,1.47713439675527,-5.8));
#18793=CARTESIAN_POINT('',(1.11629730203266,1.47909573282382,-5.79999999999914));
#18794=CARTESIAN_POINT('',(1.13223468980792,1.48,-5.79741225751424));
#18795=CARTESIAN_POINT('',(1.14779404685304,1.48,-5.79218202799724));
#18796=CARTESIAN_POINT('',(1.14779404685802,1.480000000005,-5.79218202799557));
#18797=CARTESIAN_POINT('',(1.147794046863,1.48000000001,-6.0710910140085));
#18798=CARTESIAN_POINT('',(1.14779404685967,1.48000000000667,-6.35000000000667));
#18799=CARTESIAN_POINT('',(1.147794046853,1.08,-6.35));
#18800=CARTESIAN_POINT('',(0.890679002984749,1.38641777725366,-6.35000000000667));
#18801=CARTESIAN_POINT('',(0.890679002987692,1.38641777725701,-6.0710910140085));
#18802=CARTESIAN_POINT('',(-1.24,-1.694856854249,-6.285520154232));
#18803=CARTESIAN_POINT('',(-1.24000000001,-1.63500000001,-6.32500000001));
#18804=CARTESIAN_POINT('',(-1.24000000000667,-1.66000000000667,-6.35000000000333));
#18805=CARTESIAN_POINT('',(-1.24000000001,-1.66000000001,-6.40000000001));
#18806=CARTESIAN_POINT('',(-1.24000000000667,-1.66000000001,-6.45000000000667));
#18807=CARTESIAN_POINT('',(-1.24,-1.599761202867,-6.510238797133));
#18808=CARTESIAN_POINT('',(-1.24000000000667,-1.61000000000667,-6.50000000001));
#18809=CARTESIAN_POINT('',(-1.24000000001,-0.78857864377245,-6.50000000001));
#18810=CARTESIAN_POINT('',(-1.24000000001,0.0250000000100001,-6.30000000001));
#18811=CARTESIAN_POINT('',(-1.010520154232,-1.305,-5.664479845768));
#18812=CARTESIAN_POINT('',(1.15000000001,-1.30500000001,-5.65000000001));
#18813=CARTESIAN_POINT('',(1.27500000000667,-1.30500000000667,-5.65000000000667));
#18814=CARTESIAN_POINT('',(1.02500000000667,-1.30500000000667,-5.65000000000667));
#18815=CARTESIAN_POINT('',(1.27500000001,-1.30500000001,-5.25000000001));
#18816=CARTESIAN_POINT('',(1.27500000000667,-1.30500000000667,-5.62500000000333));
#18817=CARTESIAN_POINT('',(1.99639702302835,-1.30500000001,-5.62500000001));
#18818=CARTESIAN_POINT('',(1.02500000000667,-1.30500000000667,-5.62500000000333));
#18819=CARTESIAN_POINT('',(1.02500000001,-1.30500000001,-5.25000000001));
#18820=CARTESIAN_POINT('',(-2.985520154232,0.3144798457681,-1.75));
#18821=CARTESIAN_POINT('',(-1.29999874112674E-11,0.30000000001,-1.75000000001));
#18822=CARTESIAN_POINT('',(3.00000000000667,0.300000000006667,-1.75000000000667));
#18823=CARTESIAN_POINT('',(3.04500000000333,0.30000000001,-1.75000000000667));
#18824=CARTESIAN_POINT('',(3.04500000001,0.25000000001,-1.75000000001));
#18825=CARTESIAN_POINT('',(3.09500000001,0.250000000003333,-1.75000000000667));
#18826=CARTESIAN_POINT('',(3.09500000001,0.,-1.75000000001));
#18827=CARTESIAN_POINT('',(3.09500000000667,0.0750000000066667,-1.75000000000667));
#18828=CARTESIAN_POINT('',(3.16749997499,0.07500000001,-1.75000000001));
#18829=CARTESIAN_POINT('',(3.00000000000667,0.0750000000066667,-1.75000000000667));
#18830=CARTESIAN_POINT('',(3.00000000001,0.,-1.75000000001));
#18831=CARTESIAN_POINT('',(-3.484,-1.3062,-6.3));
#18832=CARTESIAN_POINT('',(-2.88819660113501,1.39250000001,-6.30000000001001));
#18833=CARTESIAN_POINT('',(-2.88819660112554,1.33000000001,-6.30000000001001));
#18834=CARTESIAN_POINT('',(-2.88819660113001,1.43,-6.30000000001001));
#18835=CARTESIAN_POINT('',(-2.50000000001,1.43000000001,-6.30000000001));
#18836=CARTESIAN_POINT('',(-2.11180339887999,1.43,-6.30000000001));
#18837=CARTESIAN_POINT('',(-2.11180339888499,1.38000000001,-6.30000000001));
#18838=CARTESIAN_POINT('',(-2.11180339888446,1.33000000001,-6.30000000001));
#18839=CARTESIAN_POINT('',(-2.458542197257,1.33000000001,-6.30000000001));
#18840=CARTESIAN_POINT('',(3.2968,1.48,-6.477));
#18841=CARTESIAN_POINT('',(1.524091781672,1.48000000001,-4.92500000001));
#18842=CARTESIAN_POINT('',(1.52409178166867,1.48000000000667,-4.70000000000667));
#18843=CARTESIAN_POINT('',(1.52409178166867,1.48000000000667,-5.15000000000667));
#18844=CARTESIAN_POINT('',(2.10000000001,1.48000000001,-5.15000000001));
#18845=CARTESIAN_POINT('',(2.10000000001,1.48000000001,-4.70000000001));
#18846=CARTESIAN_POINT('',(-1.524091781672,1.48000000001,-4.92500000001));
#18847=CARTESIAN_POINT('',(-1.52409178166867,1.48000000000667,-4.70000000000667));
#18848=CARTESIAN_POINT('',(-2.10000000001,1.48000000001,-4.70000000001));
#18849=CARTESIAN_POINT('',(-2.67590821834467,1.48000000000667,-4.70000000000667));
#18850=CARTESIAN_POINT('',(-2.675908218348,1.48000000001,-4.92500000001));
#18851=CARTESIAN_POINT('',(0.,1.48000000001,-6.35000000001));
#18852=CARTESIAN_POINT('',(1.77639320225333,1.48000000000667,-6.35000000000667));
#18853=CARTESIAN_POINT('',(1.1,1.48000000001,-5.65));
#18854=CARTESIAN_POINT('',(1.25,1.48,-5.65));
#18855=CARTESIAN_POINT('',(1.25000000001,1.48000000001,-5.60000000001));
#18856=CARTESIAN_POINT('',(1.25,1.48,-5.55));
#18857=CARTESIAN_POINT('',(1.1,1.48,-5.55));
#18858=CARTESIAN_POINT('',(1.1,1.48,-5.4));
#18859=CARTESIAN_POINT('',(0.,1.48000000001,-5.40000000001));
#18860=CARTESIAN_POINT('',(-1.1,1.48,-5.4));
#18861=CARTESIAN_POINT('',(-1.1,1.48,-5.55));
#18862=CARTESIAN_POINT('',(-1.25,1.48,-5.55));
#18863=CARTESIAN_POINT('',(-1.25000000001,1.48000000001,-5.60000000001));
#18864=CARTESIAN_POINT('',(-1.25000000000667,1.48000000000667,-5.65000000000333));
#18865=CARTESIAN_POINT('',(-1.1,1.48000000001,-5.65));
#18866=CARTESIAN_POINT('',(-1.14779404685997,1.480000000005,-5.79218202799492));
#18867=CARTESIAN_POINT('',(-1.147794046863,1.48000000001,-6.0710910140085));
#18868=CARTESIAN_POINT('',(-1.14779404685967,1.48000000000667,-6.35000000000667));
#18869=CARTESIAN_POINT('',(0.,1.48000000001,-6.35000000001));
#18870=CARTESIAN_POINT('',(-1.77639320225333,1.48000000000667,-6.35000000000667));
#18871=CARTESIAN_POINT('',(-1.77639320225,1.48000000001,-6.2));
#18872=CARTESIAN_POINT('',(-1.88819660114345,1.4800000000025,-6.29999999998996));
#18873=CARTESIAN_POINT('',(-2.,1.48,-6.4));
#18874=CARTESIAN_POINT('',(-2.0003115751907,1.47999983820106,-6.25000032359735));
#18875=CARTESIAN_POINT('',(0.,1.48000000001,-6.25000000001));
#18876=CARTESIAN_POINT('',(-3.,1.480000000005,-6.250000000005));
#18877=CARTESIAN_POINT('',(-3.,1.48000000001,-6.4));
#18878=CARTESIAN_POINT('',(-3.11180339887443,1.48,-6.29999999999936));
#18879=CARTESIAN_POINT('',(-3.22360679775,1.48000000001,-6.2));
#18880=CARTESIAN_POINT('',(-3.17000000000707,1.48000000001,-6.34009393718412));
#18881=CARTESIAN_POINT('',(-3.17000000001,1.48000000001,-3.17500000001));
#18882=CARTESIAN_POINT('',(-3.17000000857625,1.48,1.0842021724855E-16));
#18883=CARTESIAN_POINT('',(0.,1.48000000001,0.));
#18884=CARTESIAN_POINT('',(3.1700000001265,1.48,1.0842021724855E-16));
#18885=CARTESIAN_POINT('',(3.170000000516,1.48000000001,-3.17500000001));
#18886=CARTESIAN_POINT('',(3.17000000037212,1.480000000005,-6.34009393732381));
#18887=CARTESIAN_POINT('',(3.22360679775,1.48,-6.2));
#18888=CARTESIAN_POINT('',(3.11180339887501,1.48,-6.30000000000001));
#18889=CARTESIAN_POINT('',(3.,1.48000000001,-6.4));
#18890=CARTESIAN_POINT('',(2.99968842483351,1.47999983820608,-6.2500003235973));
#18891=CARTESIAN_POINT('',(0.,1.48000000001,-6.25000000001));
#18892=CARTESIAN_POINT('',(2.,1.48,-6.250000000005));
#18893=CARTESIAN_POINT('',(2.,1.48,-6.4));
#18894=CARTESIAN_POINT('',(1.8881966011332,1.48,-6.29999999999083));
#18895=CARTESIAN_POINT('',(1.77639320225,1.48000000001,-6.2));
#18896=CARTESIAN_POINT('',(-4.444410326646,-0.4089999999995,-5.65));
#18897=CARTESIAN_POINT('',(-1.15000000001,-1.30500000001,-5.65000000001));
#18898=CARTESIAN_POINT('',(0.,-1.25500000001,-5.65000000001));
#18899=CARTESIAN_POINT('',(-0.145,-1.28,-0.75));
#18900=CARTESIAN_POINT('',(-0.00500000001,-1.3799999999975,-0.75000000001));
#18901=CARTESIAN_POINT('',(-0.00500000000666667,-1.47000000000667,-0.750000000006667));
#18902=CARTESIAN_POINT('',(-0.145,-1.47,-0.75));
#18903=CARTESIAN_POINT('',(-0.198476745480485,-1.47000000000333,-0.879384070484924));
#18904=CARTESIAN_POINT('',(-0.198476745485459,-1.37500000001,-0.879384070487602));
#18905=CARTESIAN_POINT('',(1.025,-1.319479845768,-4.834));
#18906=CARTESIAN_POINT('',(1.02500000001,-1.25500000001,-5.625000000007));
#18907=CARTESIAN_POINT('',(1.02500000000667,-1.25500000000667,-4.85000000000333));
#18908=CARTESIAN_POINT('',(1.02500000000667,-1.25500000000667,-5.65000000000667));
#18909=CARTESIAN_POINT('',(1.02500000001,-1.28000000001,-5.65000000001));
#18910=CARTESIAN_POINT('',(1.02500000001,-1.26976120282,-5.58976120282));
#18911=CARTESIAN_POINT('',(1.02500000000667,-1.28000000000667,-5.60000000000333));
#18912=CARTESIAN_POINT('',(1.02500000001,-1.28000000001,-2.85000000001561));
#18913=CARTESIAN_POINT('',(1.02500000000667,-1.28000000000667,-4.87500000000333));
#18914=CARTESIAN_POINT('',(1.02500000001,-1.19250000001,-4.78750000001));
#18915=CARTESIAN_POINT('',(-0.6594798457681,-1.4802,-3.15));
#18916=CARTESIAN_POINT('',(-0.64500000001,-1.38000000001,-3.15000000001));
#18917=CARTESIAN_POINT('',(-0.645000000006667,-1.47000000000667,-3.15000000000667));
#18918=CARTESIAN_POINT('',(-0.645000000006667,-1.48000000000667,-3.15000000000667));
#18919=CARTESIAN_POINT('',(1.26250000001,-1.48000000001,-3.15000000001));
#18920=CARTESIAN_POINT('',(0.0500000000066666,-1.48000000000667,-3.15000000000667));
#18921=CARTESIAN_POINT('',(0.05000000001,-1.47500000001,-3.15000000001));
#18922=CARTESIAN_POINT('',(0.0500000000066667,-1.47000000000667,-3.15000000000667));
#18923=CARTESIAN_POINT('',(-0.297500000009985,-1.47000000001,-3.15000000001));
#18924=CARTESIAN_POINT('',(-3.443043849909,-0.364479845768,-3.1));
#18925=CARTESIAN_POINT('',(1.38000000001,0.30000000000995,-3.10000000001));
#18926=CARTESIAN_POINT('',(1.38000000000667,0.300000000006667,-3.10000000000667));
#18927=CARTESIAN_POINT('',(-1.29999874112674E-11,0.30000000001,-3.10000000001));
#18928=CARTESIAN_POINT('',(0.5767712083665,-1.395725242698,-5.664479845768));
#18929=CARTESIAN_POINT('',(0.054569590163833,-0.957546057465013,-5.42500000001));
#18930=CARTESIAN_POINT('',(0.0545695901531737,-0.957546057454836,-5.49999999999993));
#18931=CARTESIAN_POINT('',(0.0545695901568074,-0.957546057457635,-5.35000000000075));
#18932=CARTESIAN_POINT('',(0.169476256700374,-1.05396419881275,-5.5));
#18933=CARTESIAN_POINT('',(0.169476491514718,-1.0539641782775,-5.65000000000667));
#18934=CARTESIAN_POINT('',(0.5767712083665,-1.395725242698,-5.65));
#18935=CARTESIAN_POINT('',(0.565679002983395,-1.38641777725272,-5.65000000000333));
#18936=CARTESIAN_POINT('',(0.565679002986578,-1.38641777725591,-5.4155763424335));
#18937=CARTESIAN_POINT('',(0.565679002984135,-1.38641777725398,-5.20000000000667));
#18938=CARTESIAN_POINT('',(0.5767712083665,-1.395725242698,-5.2));
#18939=CARTESIAN_POINT('',(0.310124296575995,-1.17198191736135,-5.20000000001));
#18940=CARTESIAN_POINT('',(0.16947625662445,-1.05396419891047,-5.2));
#18941=CARTESIAN_POINT('',(0.169476256625111,-1.05396419891088,-5.35));
#18942=CARTESIAN_POINT('',(-2.675908218338,-1.08,-5.15));
#18943=CARTESIAN_POINT('',(-2.675908218348,-1.48000000001,-2.82500000001));
#18944=CARTESIAN_POINT('',(-2.67590821834466,-1.48000000000667,-4.70000000000667));
#18945=CARTESIAN_POINT('',(-2.67590821834467,-1.48000000000667,-5.15000000000667));
#18946=CARTESIAN_POINT('',(-2.675908218338,-1.08,-5.15));
#18947=CARTESIAN_POINT('',(-2.41879317446753,-1.38641777725232,-5.150000000005));
#18948=CARTESIAN_POINT('',(-2.41879317447354,-1.38641777725736,-4.92500000001));
#18949=CARTESIAN_POINT('',(-2.41879317446753,-1.38641777725232,-4.700000000005));
#18950=CARTESIAN_POINT('',(-2.675908218338,-1.08,-4.7));
#18951=CARTESIAN_POINT('',(-0.505,-1.28,-3.935));
#18952=CARTESIAN_POINT('',(-0.65500000001,-1.38000000001,-3.93500000001));
#18953=CARTESIAN_POINT('',(-0.44770348700036,-1.37500000001,-4.07362578980734));
#18954=CARTESIAN_POINT('',(0.06447984576813,-1.4698,-1.7));
#18955=CARTESIAN_POINT('',(0.05000000001,-1.47500000001,-1.70000000001));
#18956=CARTESIAN_POINT('',(0.0500000000066666,-1.48000000000667,-1.70000000000667));
#18957=CARTESIAN_POINT('',(0.0500000000066667,-1.47000000000667,-1.70000000000667));
#18958=CARTESIAN_POINT('',(1.26250000001,-1.48000000001,-1.70000000001));
#18959=CARTESIAN_POINT('',(-0.645,-1.48,-1.7));
#18960=CARTESIAN_POINT('',(-0.64500000001,-1.38000000001,-1.70000000001));
#18961=CARTESIAN_POINT('',(-0.645000000006667,-1.47000000000667,-1.70000000000667));
#18962=CARTESIAN_POINT('',(-0.297500000009985,-1.47000000001,-1.70000000001));
#18963=CARTESIAN_POINT('',(3.295,0.25,-1.42));
#18964=CARTESIAN_POINT('',(3.295,0.279289321881463,-1.42));
#18965=CARTESIAN_POINT('',(3.295,0.300000000000148,-1.39928932188121));
#18966=CARTESIAN_POINT('',(3.295,0.299999999999999,-1.36999999999975));
#18967=CARTESIAN_POINT('',(3.32501450702556,0.25,-1.42));
#18968=CARTESIAN_POINT('',(3.32501450702556,0.279289321881463,-1.42));
#18969=CARTESIAN_POINT('',(3.32501450702556,0.300000000000149,-1.39928932188121));
#18970=CARTESIAN_POINT('',(3.32501450702556,0.3,-1.36999999999975));
#18971=CARTESIAN_POINT('',(3.345,0.25,-1.39855662241565));
#18972=CARTESIAN_POINT('',(3.345,0.266728082115586,-1.39855662241565));
#18973=CARTESIAN_POINT('',(3.345,0.278556622415732,-1.38672808211544));
#18974=CARTESIAN_POINT('',(3.345,0.278556622415646,-1.36999999999985));
#18975=CARTESIAN_POINT('',(3.345,0.25,-1.37));
#18976=CARTESIAN_POINT('',(3.345,0.250000000000002,-1.37));
#18977=CARTESIAN_POINT('',(3.345,0.250000000000003,-1.37));
#18978=CARTESIAN_POINT('',(3.345,0.250000000000003,-1.37));
#18979=CARTESIAN_POINT('',(3.29500000001,0.25000000001,-1.37000000001));
#18980=CARTESIAN_POINT('',(3.295000000005,0.250000000005,-1.42000000000987));
#18981=CARTESIAN_POINT('',(3.29500000001,0.25000000001,-1.37000000000949));
#18982=CARTESIAN_POINT('',(3.296799999865,1.390238797046,0.01023879704568));
#18983=CARTESIAN_POINT('',(3.169999999582,1.329999999941,-0.05000000007901));
#18984=CARTESIAN_POINT('',(3.169999999791,1.37999999996157,-2.9315981025481E-11));
#18985=CARTESIAN_POINT('',(3.169999998497,1.28000000000988,-0.10000000003935));
#18986=CARTESIAN_POINT('',(0.,1.37999999996157,-5.87005404672123E-11));
#18987=CARTESIAN_POINT('',(-3.16999999720627,1.37999999998468,-1.20303344109535E-11));
#18988=CARTESIAN_POINT('',(-3.16999999441255,1.32999999997645,-0.050000000043455));
#18989=CARTESIAN_POINT('',(-3.16999999588277,1.28000000000266,-0.10000000003201));
#18990=CARTESIAN_POINT('',(2.65500048201851E-10,1.28000000001,-0.1000000000687));
#18991=CARTESIAN_POINT('',(1.524091781662,-1.08,-5.15));
#18992=CARTESIAN_POINT('',(1.524091781672,-1.28000000001,-4.92500000001));
#18993=CARTESIAN_POINT('',(1.52409178166533,-1.28000000001,-4.70000000000667));
#18994=CARTESIAN_POINT('',(1.52409178166533,-1.28000000001,-5.15000000000667));
#18995=CARTESIAN_POINT('',(1.524091781672,-1.08000000001,-4.70000000001));
#18996=CARTESIAN_POINT('',(1.65264930360925,-1.23320888863497,-4.70000000000667));
#18997=CARTESIAN_POINT('',(1.65264930360986,-1.23320888863503,-4.92500000001));
#18998=CARTESIAN_POINT('',(1.65264930360925,-1.23320888863497,-5.15000000000667));
#18999=CARTESIAN_POINT('',(1.524091781672,-1.08000000001,-5.15000000001));
#19000=CARTESIAN_POINT('',(1.62091636532719,-1.25500000001,-5.15000000001));
#19001=CARTESIAN_POINT('',(1.524091781672,-1.08000000001,-5.15000000001));
#19002=CARTESIAN_POINT('',(-3.295,0.299999999999999,-1.37));
#19003=CARTESIAN_POINT('',(-3.295,0.299999999999999,-1.39928932188135));
#19004=CARTESIAN_POINT('',(-3.295,0.279289321881344,-1.42));
#19005=CARTESIAN_POINT('',(-3.295,0.25,-1.42));
#19006=CARTESIAN_POINT('',(-3.32501450702556,0.299999999999999,-1.37));
#19007=CARTESIAN_POINT('',(-3.32501450702556,0.299999999999999,-1.39928932188135));
#19008=CARTESIAN_POINT('',(-3.32501450702556,0.279289321881345,-1.42));
#19009=CARTESIAN_POINT('',(-3.32501450702556,0.25,-1.42));
#19010=CARTESIAN_POINT('',(-3.34499999999999,0.278556622415647,-1.37));
#19011=CARTESIAN_POINT('',(-3.34499999999999,0.278556622415647,-1.38672808211552));
#19012=CARTESIAN_POINT('',(-3.34499999999999,0.266728082115519,-1.39855662241565));
#19013=CARTESIAN_POINT('',(-3.34499999999999,0.25,-1.39855662241565));
#19014=CARTESIAN_POINT('',(-3.345,0.250000000000006,-1.37));
#19015=CARTESIAN_POINT('',(-3.345,0.250000000000006,-1.37));
#19016=CARTESIAN_POINT('',(-3.345,0.250000000000004,-1.37000000000001));
#19017=CARTESIAN_POINT('',(-3.345,0.25,-1.37000000000001));
#19018=CARTESIAN_POINT('',(-3.29500000001,0.25000000001,-1.37000000001));
#19019=CARTESIAN_POINT('',(-3.29500000003325,0.250000000005,-1.42000000001));
#19020=CARTESIAN_POINT('',(-3.345000000008,0.250000000004001,-1.370000000004));
#19021=CARTESIAN_POINT('',(-3.29500000001,0.25000000001,-1.37000000001));
#19022=CARTESIAN_POINT('',(-3.2950000000028,0.3,-1.37));
#19023=CARTESIAN_POINT('',(-3.29500000001,0.25000000001,-1.37000000001));
#19024=CARTESIAN_POINT('',(3.345,-0.1644798457681,-4.731443177703));
#19025=CARTESIAN_POINT('',(3.34500000001,0.,-1.37000000001));
#19026=CARTESIAN_POINT('',(3.345000000008,-0.250000000004081,-1.370000000004));
#19027=CARTESIAN_POINT('',(3.34500000001,0.,-0.932945526592));
#19028=CARTESIAN_POINT('',(3.34500000001,-0.25000000001015,-0.9329455265895));
#19029=CARTESIAN_POINT('',(3.34500000001,-0.2500000000102,-1.15147276330095));
#19030=CARTESIAN_POINT('',(3.045,0.25,-2.1));
#19031=CARTESIAN_POINT('',(3.09500000001,0.25000000001,-2.2250000000485));
#19032=CARTESIAN_POINT('',(3.09500000001,0.250000000005,-1.62000000006562));
#19033=CARTESIAN_POINT('',(3.04500000001,0.30000000001,-1.77500000000975));
#19034=CARTESIAN_POINT('',(3.04500000000667,0.30000000001,-1.62000000001017));
#19035=CARTESIAN_POINT('',(3.04500000001,0.25000000001,-1.62000000001));
#19036=CARTESIAN_POINT('',(-3.064479845768,-1.670238797133,-6.360238797133));
#19037=CARTESIAN_POINT('',(0.25000000001,-1.63500000001,-6.32500000001));
#19038=CARTESIAN_POINT('',(0.250000000006667,-1.66000000000667,-6.35000000000333));
#19039=CARTESIAN_POINT('',(0.250000000006667,-1.61000000000333,-6.30000000000667));
#19040=CARTESIAN_POINT('',(0.50000000001,-1.66000000001,-6.35000000001));
#19041=CARTESIAN_POINT('',(0.750000000006667,-1.66000000000667,-6.35000000000333));
#19042=CARTESIAN_POINT('',(0.75000000001,-1.63500000001,-6.32500000001));
#19043=CARTESIAN_POINT('',(0.750000000006667,-1.61000000000333,-6.30000000000667));
#19044=CARTESIAN_POINT('',(0.50000000001,-1.61000000001,-6.30000000001));
#19045=CARTESIAN_POINT('',(-4.16,-1.1492,-4.7));
#19046=CARTESIAN_POINT('',(-2.32367534821,1.3066044443215,-4.70000000001));
#19047=CARTESIAN_POINT('',(-2.29196940612273,1.28000000001,-4.70000000001));
#19048=CARTESIAN_POINT('',(-2.41879317446826,1.38641777725303,-4.700000000005));
#19049=CARTESIAN_POINT('',(-2.675908218338,1.08,-4.7));
#19050=CARTESIAN_POINT('',(-1.524091781662,1.08,-4.7));
#19051=CARTESIAN_POINT('',(-1.78120682554287,1.38641777725436,-4.70000000000333));
#19052=CARTESIAN_POINT('',(-1.8763246518095,1.306604444321,-4.70000000001));
#19053=CARTESIAN_POINT('',(-1.90803059389584,1.28000000001,-4.70000000001));
#19054=CARTESIAN_POINT('',(2.65500048201851E-10,1.28000000001,-4.70000000001));
#19055=CARTESIAN_POINT('',(-4.16,-1.1492,-4.7));
#19056=CARTESIAN_POINT('',(-1.982534683461,-1.217483645936,-4.70000000001));
#19057=CARTESIAN_POINT('',(-1.97144247807232,-1.22679111138655,-4.70000000000667));
#19058=CARTESIAN_POINT('',(-1.524091781672,-1.08000000001,-4.70000000001));
#19059=CARTESIAN_POINT('',(-1.65264930360842,-1.2332088886345,-4.70000000000667));
#19060=CARTESIAN_POINT('',(-1.747767129872,-1.1533955556985,-4.70000000001));
#19061=CARTESIAN_POINT('',(-1.84288495613528,-1.07358222276259,-4.70000000000667));
#19062=CARTESIAN_POINT('',(-2.10000000001,-1.38000000001,-4.70000000001));
#19063=CARTESIAN_POINT('',(-2.35711504388509,-1.07358222276316,-4.70000000000667));
#19064=CARTESIAN_POINT('',(-2.4522328701475,-1.153395555699,-4.70000000001));
#19065=CARTESIAN_POINT('',(-2.54735069640292,-1.23320888862841,-4.70000000000667));
#19066=CARTESIAN_POINT('',(-2.675908218348,-1.08000000001,-4.70000000001));
#19067=CARTESIAN_POINT('',(-2.429885379861,-1.395725242707,-4.70000000001));
#19068=CARTESIAN_POINT('',(-2.22855752194041,-1.22679111137985,-4.70000000000667));
#19069=CARTESIAN_POINT('',(-2.10000000001,-1.38000000001,-4.70000000001));
#19070=CARTESIAN_POINT('',(-4.444410326646,-0.4089999999995,-5.65));
#19071=CARTESIAN_POINT('',(2.26503217331073,-1.48000000001,-5.65000000001));
#19072=CARTESIAN_POINT('',(0.822794046859869,-1.48000000000667,-5.65000000000667));
#19073=CARTESIAN_POINT('',(3.17000000000667,-1.48000000000667,-5.65000000000667));
#19074=CARTESIAN_POINT('',(0.8227940468532,-1.08,-5.65));
#19075=CARTESIAN_POINT('',(0.169476256620603,-1.05396419890781,-5.65));
#19076=CARTESIAN_POINT('',(0.265894501909207,-0.939057408693452,-5.65));
#19077=CARTESIAN_POINT('',(0.673189349954026,-1.280818576343,-5.65));
#19078=CARTESIAN_POINT('',(1.99639702302835,-1.329999999938,-5.649999999938));
#19079=CARTESIAN_POINT('',(2.26503217331073,-1.25500000001,-5.65000000001));
#19080=CARTESIAN_POINT('',(3.86955342897969,-1.25500000001,-5.650000000005));
#19081=CARTESIAN_POINT('',(3.17,-0.28,-5.65));
#19082=CARTESIAN_POINT('',(-2.1,-1.38,-5.15));
#19083=CARTESIAN_POINT('',(-1.84288495613595,-1.07358222276194,-4.92500000001));
#19084=CARTESIAN_POINT('',(-1.84288495613528,-1.07358222276259,-5.15000000000667));
#19085=CARTESIAN_POINT('',(-2.10000000001,-1.38000000001,-5.15000000001));
#19086=CARTESIAN_POINT('',(-2.35711504388509,-1.07358222276316,-5.15000000000667));
#19087=CARTESIAN_POINT('',(-2.35711504388388,-1.07358222276215,-4.92500000001));
#19088=CARTESIAN_POINT('',(-3.126283244643,1.305,-6.235261194063));
#19089=CARTESIAN_POINT('',(-2.87500000001,1.30500000001,-5.57500000001));
#19090=CARTESIAN_POINT('',(-2.87500000000667,1.30500000000667,-6.27500000000333));
#19091=CARTESIAN_POINT('',(-2.875,1.305,-6.3));
#19092=CARTESIAN_POINT('',(0.,1.30500000001,-6.30000000001));
#19093=CARTESIAN_POINT('',(-3.11180339887385,1.305,-6.29999999999916));
#19094=CARTESIAN_POINT('',(-3.,1.30500000001001,-6.4));
#19095=CARTESIAN_POINT('',(-2.91708438022603,1.30500000001001,-6.27500000001));
#19096=CARTESIAN_POINT('',(-2.9934016994475,1.30500000001,-6.27500000001));
#19097=CARTESIAN_POINT('',(3.04499999999975,0.300000000000001,-1.62000000009625));
#19098=CARTESIAN_POINT('',(3.04499999994336,0.300000000000001,-1.47355339064467));
#19099=CARTESIAN_POINT('',(3.14855339054842,0.300000000000001,-1.36999999999974));
#19100=CARTESIAN_POINT('',(3.295,0.300000000000001,-1.36999999999975));
#19101=CARTESIAN_POINT('',(3.07428932188096,0.299999999999853,-1.62000000008497));
#19102=CARTESIAN_POINT('',(3.07428932183118,0.299999999999853,-1.49071067816393));
#19103=CARTESIAN_POINT('',(3.16571067807896,0.299999999999853,-1.39928932188096));
#19104=CARTESIAN_POINT('',(3.295,0.299999999999853,-1.39928932188096));
#19105=CARTESIAN_POINT('',(3.09499999999949,0.279289321881242,-1.620000000077));
#19106=CARTESIAN_POINT('',(3.09499999995439,0.279289321881242,-1.50284271251556));
#19107=CARTESIAN_POINT('',(3.17784271243856,0.279289321881242,-1.41999999999949));
#19108=CARTESIAN_POINT('',(3.295,0.279289321881242,-1.41999999999949));
#19109=CARTESIAN_POINT('',(3.09499999999949,0.25,-1.620000000077));
#19110=CARTESIAN_POINT('',(3.09499999995439,0.25,-1.50284271251556));
#19111=CARTESIAN_POINT('',(3.17784271243856,0.25,-1.41999999999949));
#19112=CARTESIAN_POINT('',(3.295,0.25,-1.41999999999949));
#19113=CARTESIAN_POINT('',(3.04500000001,0.30000000001,-1.62000000001525));
#19114=CARTESIAN_POINT('',(3.04500000001,0.300000000010001,-1.47355339060327));
#19115=CARTESIAN_POINT('',(3.14855339060328,0.300000000010001,-1.37000000001));
#19116=CARTESIAN_POINT('',(3.29500000001,0.30000000001,-1.37000000000991));
#19117=CARTESIAN_POINT('',(3.29500000001,0.25000000001,-1.62000000001));
#19118=CARTESIAN_POINT('',(-3.18,0.285,-4.85));
#19119=CARTESIAN_POINT('',(-3.18000000001,0.28500000001,-4.85000000000991));
#19120=CARTESIAN_POINT('',(-4.15000000000736,0.284999999609488,-4.85000000000602));
#19121=CARTESIAN_POINT('',(-3.18000000001,0.28500000001,-6.30000000001));
#19122=CARTESIAN_POINT('',(-3.35,1.23998691090503,-6.3));
#19123=CARTESIAN_POINT('',(-3.35000000001,1.239986910915,-6.40000000001));
#19124=CARTESIAN_POINT('',(-3.35000000000735,1.23998691091217,-6.50000000000667));
#19125=CARTESIAN_POINT('',(-3.18000000001,0.28500000001,-6.50000000001));
#19126=CARTESIAN_POINT('',(-4.15000000001,0.285000000003333,-6.50000000000667));
#19127=CARTESIAN_POINT('',(-4.15000000001,0.28500000001,-5.675000000007));
#19128=CARTESIAN_POINT('',(-0.6594798457681,-1.4802,-3.15));
#19129=CARTESIAN_POINT('',(-0.70000000001,-1.47500000001,-3.15000000001));
#19130=CARTESIAN_POINT('',(-0.700000000006667,-1.48000000000667,-3.15000000000667));
#19131=CARTESIAN_POINT('',(-0.700000000006667,-1.47000000000667,-3.15000000000667));
#19132=CARTESIAN_POINT('',(-1.58750000001,-1.48000000001,-3.15000000001));
#19133=CARTESIAN_POINT('',(-0.655000000006667,-1.48000000000667,-3.15000000000667));
#19134=CARTESIAN_POINT('',(-0.65500000001,-1.38000000001,-3.15000000001));
#19135=CARTESIAN_POINT('',(-0.655000000006667,-1.47000000000667,-3.15000000000667));
#19136=CARTESIAN_POINT('',(-0.352500000009983,-1.47000000001,-3.15000000001));
#19137=CARTESIAN_POINT('',(-0.1889146459713,-1.265520154232,-1.805843245726));
#19138=CARTESIAN_POINT('',(-0.202296513019726,-1.37500000001,-1.8113742102127));
#19139=CARTESIAN_POINT('',(-0.202296513009673,-1.28,-1.81137421020276));
#19140=CARTESIAN_POINT('',(-0.202296513016428,-1.47000000000667,-1.81137421020923));
#19141=CARTESIAN_POINT('',(-0.3269098837771,-1.47000000001,-1.86287914035));
#19142=CARTESIAN_POINT('',(-0.1889146459713,-1.28,-1.805843245726));
#19143=CARTESIAN_POINT('',(-3.484,-1.3062,-6.3));
#19144=CARTESIAN_POINT('',(-2.87500000001,0.02500000001,-6.30000000001));
#19145=CARTESIAN_POINT('',(-2.875,1.255,-6.3));
#19146=CARTESIAN_POINT('',(0.,1.25500000001,-6.30000000001));
#19147=CARTESIAN_POINT('',(-1.4,1.255,-6.3));
#19148=CARTESIAN_POINT('',(-1.40000000001,0.83000000001,-6.30000000001));
#19149=CARTESIAN_POINT('',(-1.4,0.405,-6.3));
#19150=CARTESIAN_POINT('',(0.,0.40500000001,-6.30000000001));
#19151=CARTESIAN_POINT('',(1.4,0.405,-6.3));
#19152=CARTESIAN_POINT('',(1.40000000001,0.83000000001,-6.30000000001));
#19153=CARTESIAN_POINT('',(1.4,1.255,-6.3));
#19154=CARTESIAN_POINT('',(0.,1.25500000001,-6.30000000001));
#19155=CARTESIAN_POINT('',(2.875,1.255,-6.3));
#19156=CARTESIAN_POINT('',(2.87500000001,1.28000000001,-6.30000000001));
#19157=CARTESIAN_POINT('',(2.87500000000667,1.30500000000667,-6.30000000000667));
#19158=CARTESIAN_POINT('',(0.,1.30500000001,-6.30000000001));
#19159=CARTESIAN_POINT('',(3.11180339887972,1.3050000000025,-6.30000000000734));
#19160=CARTESIAN_POINT('',(3.111803398885,0.0250000000100001,-6.30000000001));
#19161=CARTESIAN_POINT('',(3.11180339888448,1.28000000001,-6.30000000001));
#19162=CARTESIAN_POINT('',(0.,1.28000000001,-6.30000000001));
#19163=CARTESIAN_POINT('',(3.125000000005,1.2800000000075,-6.30000000000488));
#19164=CARTESIAN_POINT('',(3.12500000001,0.0250000000100001,-6.30000000001));
#19165=CARTESIAN_POINT('',(3.12500000000667,1.25500000000667,-6.30000000000667));
#19166=CARTESIAN_POINT('',(3.15250000001,1.25500000001,-6.30000000001));
#19167=CARTESIAN_POINT('',(3.18000000000333,1.25500000001,-6.30000000000667));
#19168=CARTESIAN_POINT('',(3.18000000001,0.28500000001,-6.30000000001));
#19169=CARTESIAN_POINT('',(3.35,1.23998691090503,-6.3));
#19170=CARTESIAN_POINT('',(3.35000000001,0.0250000000100001,-6.30000000001));
#19171=CARTESIAN_POINT('',(3.35,-1.255,-6.3));
#19172=CARTESIAN_POINT('',(0.,-1.25500000001,-6.30000000001));
#19173=CARTESIAN_POINT('',(3.050000000005,-1.255000000005,-6.30000000001));
#19174=CARTESIAN_POINT('',(3.05000000001,0.0250000000100001,-6.30000000001));
#19175=CARTESIAN_POINT('',(3.05000000000667,0.0828427124801078,-6.30000000001));
#19176=CARTESIAN_POINT('',(0.,0.08284271248462,-6.30000000001));
#19177=CARTESIAN_POINT('',(2.45000000000667,0.0828427124801078,-6.30000000001));
#19178=CARTESIAN_POINT('',(2.45000000001,0.0250000000100001,-6.30000000001));
#19179=CARTESIAN_POINT('',(2.45000000001,-1.25500000001,-6.30000000001));
#19180=CARTESIAN_POINT('',(0.,-1.25500000001,-6.30000000001));
#19181=CARTESIAN_POINT('',(1.80000000001,-1.25500000001,-6.30000000001));
#19182=CARTESIAN_POINT('',(1.80000000001,0.0250000000100001,-6.30000000001));
#19183=CARTESIAN_POINT('',(1.80000000000667,0.0828427124801078,-6.30000000001));
#19184=CARTESIAN_POINT('',(0.,0.08284271248462,-6.30000000001));
#19185=CARTESIAN_POINT('',(1.24000000000667,0.0828427124801078,-6.30000000001));
#19186=CARTESIAN_POINT('',(1.24000000001,0.0250000000100001,-6.30000000001));
#19187=CARTESIAN_POINT('',(1.240000000005,-1.255000000005,-6.30000000001));
#19188=CARTESIAN_POINT('',(0.,-1.25500000001,-6.30000000001));
#19189=CARTESIAN_POINT('',(0.75000000001,-1.25500000001,-6.30000000001));
#19190=CARTESIAN_POINT('',(0.75000000001,0.0250000000100001,-6.30000000001));
#19191=CARTESIAN_POINT('',(0.750000000006667,0.0828427124801078,-6.30000000001));
#19192=CARTESIAN_POINT('',(0.,0.08284271248462,-6.30000000001));
#19193=CARTESIAN_POINT('',(0.250000000006667,0.0828427124801078,-6.30000000001));
#19194=CARTESIAN_POINT('',(0.250000000010001,0.0250000000100001,-6.30000000001));
#19195=CARTESIAN_POINT('',(0.250000000007501,-1.2550000000075,-6.30000000001));
#19196=CARTESIAN_POINT('',(0.,-1.25500000001,-6.30000000001));
#19197=CARTESIAN_POINT('',(-0.250000000005,-1.255000000005,-6.30000000001));
#19198=CARTESIAN_POINT('',(-0.25000000001,0.0250000000100001,-6.30000000001));
#19199=CARTESIAN_POINT('',(-0.250000000006667,0.0828427124801078,-6.30000000001));
#19200=CARTESIAN_POINT('',(0.,0.08284271248462,-6.30000000001));
#19201=CARTESIAN_POINT('',(-0.750000000006667,0.0828427124801078,-6.30000000001));
#19202=CARTESIAN_POINT('',(-0.75000000001,0.0250000000100001,-6.30000000001));
#19203=CARTESIAN_POINT('',(-0.75000000001,-1.25500000001,-6.30000000001));
#19204=CARTESIAN_POINT('',(0.,-1.25500000001,-6.30000000001));
#19205=CARTESIAN_POINT('',(-1.80000000001,0.0250000000100001,-6.30000000001));
#19206=CARTESIAN_POINT('',(0.,-1.25500000001,-6.30000000001));
#19207=CARTESIAN_POINT('',(-2.450000000005,-1.255000000005,-6.30000000001));
#19208=CARTESIAN_POINT('',(-2.45000000001,0.0250000000100001,-6.30000000001));
#19209=CARTESIAN_POINT('',(-2.45,0.0828427124746223,-6.3));
#19210=CARTESIAN_POINT('',(0.,0.08284271248462,-6.30000000001));
#19211=CARTESIAN_POINT('',(-3.05,0.082842712474619,-6.3));
#19212=CARTESIAN_POINT('',(-3.05000000001,0.0250000000100001,-6.30000000001));
#19213=CARTESIAN_POINT('',(-3.050000000005,-1.255000000005,-6.30000000001));
#19214=CARTESIAN_POINT('',(0.,-1.25500000001,-6.30000000001));
#19215=CARTESIAN_POINT('',(-3.35,-1.255,-6.3));
#19216=CARTESIAN_POINT('',(-3.35000000001,0.0250000000100001,-6.30000000001));
#19217=CARTESIAN_POINT('',(-3.12500000001,0.0250000000100001,-6.30000000001));
#19218=CARTESIAN_POINT('',(-3.125000000005,1.2800000000075,-6.3000000000075));
#19219=CARTESIAN_POINT('',(0.,1.28000000001,-6.30000000001));
#19220=CARTESIAN_POINT('',(-3.11180339888398,1.28000000001,-6.30000000001));
#19221=CARTESIAN_POINT('',(-3.111803398884,0.0250000000100001,-6.30000000001));
#19222=CARTESIAN_POINT('',(1.24,0.1176995667241,-6.514479845768));
#19223=CARTESIAN_POINT('',(1.24000000001,-0.78857864377245,-6.50000000001));
#19224=CARTESIAN_POINT('',(1.24000000000667,-1.61000000000667,-6.50000000001));
#19225=CARTESIAN_POINT('',(1.24000000000667,-0.200000000006667,-6.50000000000667));
#19226=CARTESIAN_POINT('',(1.24,-1.599761202867,-6.510238797133));
#19227=CARTESIAN_POINT('',(1.24000000000667,-1.66000000001,-6.45000000000667));
#19228=CARTESIAN_POINT('',(1.24000000001,-1.66000000001,-6.40000000001));
#19229=CARTESIAN_POINT('',(1.24000000000667,-1.66000000000667,-6.35000000000333));
#19230=CARTESIAN_POINT('',(1.24000000001,-1.63500000001,-6.32500000001));
#19231=CARTESIAN_POINT('',(1.24000000000667,-1.61000000000333,-6.30000000000667));
#19232=CARTESIAN_POINT('',(1.24000000001,-0.78857864377245,-6.30000000001));
#19233=CARTESIAN_POINT('',(1.24,-0.2,-6.2));
#19234=CARTESIAN_POINT('',(1.275,-1.240520154232,-5.666));
#19235=CARTESIAN_POINT('',(1.27500000001,-1.28000000001,-5.65000000001));
#19236=CARTESIAN_POINT('',(1.27500000000667,-1.25500000000667,-5.65000000000667));
#19237=CARTESIAN_POINT('',(1.27500000001,-1.25500000001,-5.25000000001));
#19238=CARTESIAN_POINT('',(1.27500000000667,-1.25500000000667,-4.85000000000333));
#19239=CARTESIAN_POINT('',(1.27500000001,-1.19250000001,-4.78750000001));
#19240=CARTESIAN_POINT('',(1.27500000000667,-1.28000000000667,-4.87500000000333));
#19241=CARTESIAN_POINT('',(1.27500000001,-1.28000000001,-2.85000000001561));
#19242=CARTESIAN_POINT('',(1.27500000000667,-1.27999999999583,-5.59999999999583));
#19243=CARTESIAN_POINT('',(1.27500000001,-1.26976120282,-5.58976120282));
#19244=CARTESIAN_POINT('',(-2.985520154232,-0.075,-1.385570174348));
#19245=CARTESIAN_POINT('',(-3.29500000001,-0.07500000001,-1.37000000001));
#19246=CARTESIAN_POINT('',(-3.2950000000285,-0.075,-1.42));
#19247=CARTESIAN_POINT('',(-3.33499189500394,-0.075,-1.40003215642858));
#19248=CARTESIAN_POINT('',(-3.23500000001,-0.07500000001,-1.400200080074));
#19249=CARTESIAN_POINT('',(-3.239,-0.075,-1.50012004803822));
#19250=CARTESIAN_POINT('',(-3.24500000001,-0.07500000001,-1.65000000001));
#19251=CARTESIAN_POINT('',(-3.095,-0.075,-1.65));
#19252=CARTESIAN_POINT('',(-3.09500000001,-0.07500000001,-2.22500000001));
#19253=CARTESIAN_POINT('',(-3.095,-0.075,-1.62));
#19254=CARTESIAN_POINT('',(-3.29500000001,-0.07500000001,-1.62000000001));
#19255=CARTESIAN_POINT('',(0.2443289487821,0.8440656851599,-5.785520154232));
#19256=CARTESIAN_POINT('',(0.57384074112785,1.12055890858695,-6.35000000001));
#19257=CARTESIAN_POINT('',(0.37190914573025,0.951118181365559,-6.35000000000667));
#19258=CARTESIAN_POINT('',(0.371909145726107,0.951118181361047,-6.2));
#19259=CARTESIAN_POINT('',(0.257002479257209,0.854700039907275,-6.1999999999995));
#19260=CARTESIAN_POINT('',(0.257002479266359,0.854700039916548,-6.07500000001));
#19261=CARTESIAN_POINT('',(0.257002479256807,0.854700039906879,-5.9500000000005));
#19262=CARTESIAN_POINT('',(0.371909145724821,0.951118181359937,-5.95));
#19263=CARTESIAN_POINT('',(0.37190914572448,0.951118181359651,-5.8));
#19264=CARTESIAN_POINT('',(0.57384074112785,1.12055890858695,-5.80000000001));
#19265=CARTESIAN_POINT('',(0.555298355934356,1.10500000001,-5.80000000001));
#19266=CARTESIAN_POINT('',(0.2443289487821,0.8440656851599,-5.8));
#19267=CARTESIAN_POINT('',(-4.5448,-1.5392,0.));
#19268=CARTESIAN_POINT('',(4.37000000001,-0.69500000001,-1.00011926223897E-11));
#19269=CARTESIAN_POINT('',(4.37,-0.28,-2.94767465644496E-16));
#19270=CARTESIAN_POINT('',(4.37,0.28,-6.09863722023096E-16));
#19271=CARTESIAN_POINT('',(3.17,0.28,1.00001084202172E-11));
#19272=CARTESIAN_POINT('',(-3.17,0.28,1.00000271050543E-11));
#19273=CARTESIAN_POINT('',(-4.37,0.279999999999975,2.71050543121376E-17));
#19274=CARTESIAN_POINT('',(-4.37000000001,-0.69500000001,1.00001084202172E-11));
#19275=CARTESIAN_POINT('',(-4.37,-0.28,3.04931861011548E-17));
#19276=CARTESIAN_POINT('',(-3.17,-0.28,-1.00001016439537E-11));
#19277=CARTESIAN_POINT('',(-3.17000000000333,-1.48000000000667,-2.93638088334159E-17));
#19278=CARTESIAN_POINT('',(-1.58750000001,-1.48000000001,1.00000135525272E-11));
#19279=CARTESIAN_POINT('',(-0.00500000000666674,-1.48000000000667,5.64688633606496E-19));
#19280=CARTESIAN_POINT('',(-0.00500000001,-1.3799999999975,-1.00000118584613E-11));
#19281=CARTESIAN_POINT('',(-0.0050000000066667,-1.38000000000235,-1.77034974990607E-11));
#19282=CARTESIAN_POINT('',(-1.58749999955069,-1.37999999998695,-3.31104570972817E-11));
#19283=CARTESIAN_POINT('',(-3.169999999392,-1.37999999999507,-1.68566603817727E-11));
#19284=CARTESIAN_POINT('',(-3.17,-0.28,-1.68566603817727E-11));
#19285=CARTESIAN_POINT('',(-4.26999999996898,-0.279999998137992,-1.68566581230182E-11));
#19286=CARTESIAN_POINT('',(-4.269999999952,0.,0.));
#19287=CARTESIAN_POINT('',(-4.2699999999706,0.279999998903248,-1.20303344109535E-11));
#19288=CARTESIAN_POINT('',(-3.17,0.28,-1.20303344109535E-11));
#19289=CARTESIAN_POINT('',(3.17,0.28,6.7762635780344E-14));
#19290=CARTESIAN_POINT('',(4.26999999997463,0.279999998137515,6.777709180931E-14));
#19291=CARTESIAN_POINT('',(4.269999999952,0.,0.));
#19292=CARTESIAN_POINT('',(4.2699999999731,-0.279999999758228,-4.55107414427947E-12));
#19293=CARTESIAN_POINT('',(3.17,-0.28,-4.55107414427947E-12));
#19294=CARTESIAN_POINT('',(3.17000000001,-1.38000000000734,-1.25091198136362E-11));
#19295=CARTESIAN_POINT('',(1.58750000001,-1.37999999999143,-2.84260633552362E-11));
#19296=CARTESIAN_POINT('',(1.26250000001,-1.48000000001,-1.36654842572661E-11));
#19297=CARTESIAN_POINT('',(3.17,-1.48,-9.16367676184748E-13));
#19298=CARTESIAN_POINT('',(3.17,-0.28,-1.00002947674656E-11));
#19299=CARTESIAN_POINT('',(3.295,-0.25,-1.37));
#19300=CARTESIAN_POINT('',(3.29500000001,0.,-1.42000000001));
#19301=CARTESIAN_POINT('',(3.29500000000333,0.0750000000066667,-1.42000000001));
#19302=CARTESIAN_POINT('',(3.29500000001,-0.25000000001,-1.37000000001));
#19303=CARTESIAN_POINT('',(3.29500000001,0.,-1.42000000001));
#19304=CARTESIAN_POINT('',(3.29500000000333,-0.0750000000066667,-1.42000000001));
#19305=CARTESIAN_POINT('',(3.29500000001,-0.07500000001,-1.37000000001));
#19306=CARTESIAN_POINT('',(3.29500000001,0.07500000001,-1.37000000001));
#19307=CARTESIAN_POINT('',(-2.435520154232,-1.6382,-6.5));
#19308=CARTESIAN_POINT('',(-4.37000000001,-1.18180339888495,-6.50000000001));
#19309=CARTESIAN_POINT('',(-4.37000000000667,-0.843606797753333,-6.50000000000667));
#19310=CARTESIAN_POINT('',(-4.37000000000667,-1.52000000000667,-6.50000000000667));
#19311=CARTESIAN_POINT('',(-4.27000000001,-0.84360679776,-6.50000000001));
#19312=CARTESIAN_POINT('',(-4.27000000001,-1.52000000001,-6.50000000001));
#19313=CARTESIAN_POINT('',(0.884,-0.6905201542319,-5.2));
#19314=CARTESIAN_POINT('',(-0.31012429657676,-1.17198191736205,-5.20000000001));
#19315=CARTESIAN_POINT('',(-0.16947625662159,-1.05396419890827,-5.2));
#19316=CARTESIAN_POINT('',(-0.169476256620727,-1.05396419890767,-5.2));
#19317=CARTESIAN_POINT('',(-0.298033778558448,-0.900755310283748,-5.2));
#19318=CARTESIAN_POINT('',(-0.7053287303116,-1.24251635408,-5.2));
#19319=CARTESIAN_POINT('',(-0.85000000001,-0.93000000000995,-5.20000000001));
#19320=CARTESIAN_POINT('',(-0.85,-0.705,-5.2));
#19321=CARTESIAN_POINT('',(0.,-0.70500000001,-5.20000000001));
#19322=CARTESIAN_POINT('',(0.85,-0.705,-5.2));
#19323=CARTESIAN_POINT('',(0.85000000001,-0.93000000000995,-5.20000000001));
#19324=CARTESIAN_POINT('',(0.1720349067043,-0.7950297033822,-5.2));
#19325=CARTESIAN_POINT('',(0.298033778562286,-0.900755310287017,-5.2));
#19326=CARTESIAN_POINT('',(0.298033778562334,-0.900755310287003,-5.2));
#19327=CARTESIAN_POINT('',(-2.803,-1.269479845768,-5.15));
#19328=CARTESIAN_POINT('',(2.10000000001,-1.28000000001,-5.15000000001));
#19329=CARTESIAN_POINT('',(2.29196940612273,-1.28000000001,-5.15000000001));
#19330=CARTESIAN_POINT('',(2.67590821834133,-1.28000000001,-5.15000000000667));
#19331=CARTESIAN_POINT('',(2.217465316559,-1.217483645936,-5.15000000001));
#19332=CARTESIAN_POINT('',(2.26217556630782,-1.25500000001,-5.15000000001));
#19333=CARTESIAN_POINT('',(0.,-1.25500000001,-5.15000000001));
#19334=CARTESIAN_POINT('',(2.57908363469281,-1.25500000001,-5.15000000001));
#19335=CARTESIAN_POINT('',(2.675908218348,-1.08000000001,-5.15000000001));
#19336=CARTESIAN_POINT('',(-3.,0.3144798457681,-2.114479845768));
#19337=CARTESIAN_POINT('',(-3.00000000001,-0.30000000001,-1.77500000001));
#19338=CARTESIAN_POINT('',(-3.,-0.3,-2.1));
#19339=CARTESIAN_POINT('',(-3.,-0.3,-1.75));
#19340=CARTESIAN_POINT('',(-3.00000000001,0.,-1.75000000001));
#19341=CARTESIAN_POINT('',(-3.,-0.075,-1.75));
#19342=CARTESIAN_POINT('',(-3.00000000001,-0.07500000001,-1.92500000001));
#19343=CARTESIAN_POINT('',(-3.,-0.075,-2.1));
#19344=CARTESIAN_POINT('',(-3.00000000001,0.,-2.10000000001));
#19345=CARTESIAN_POINT('',(-2.605520154232,-0.35,-0.9027200689381));
#19346=CARTESIAN_POINT('',(0.75000000001,-0.35000000001,-1.445803989165));
#19347=CARTESIAN_POINT('',(0.880000000006667,-0.35000000001,-1.44580398915833));
#19348=CARTESIAN_POINT('',(0.620000000006667,-0.35000000001,-1.44580398915833));
#19349=CARTESIAN_POINT('',(0.62000000001,-0.35000000001,-2.1979019945875));
#19350=CARTESIAN_POINT('',(0.620000000005,-0.350000000007516,-3.10000000000748));
#19351=CARTESIAN_POINT('',(0.,-0.350000000010052,-3.10000000000994));
#19352=CARTESIAN_POINT('',(0.880000000005,-0.350000000007454,-3.10000000000748));
#19353=CARTESIAN_POINT('',(0.88000000001,-0.35000000001,-2.1979019945875));
#19354=CARTESIAN_POINT('',(3.16913592179009,-0.25,-2.98542919229188));
#19355=CARTESIAN_POINT('',(3.12142831156747,-0.25,-2.94679633127185));
#19356=CARTESIAN_POINT('',(3.09499999999966,-0.25,-2.89138822381978));
#19357=CARTESIAN_POINT('',(3.09499999999966,-0.25,-2.83));
#19358=CARTESIAN_POINT('',(3.16913592179009,-0.279289321881226,-2.98542919229188));
#19359=CARTESIAN_POINT('',(3.12142831156747,-0.279289321881226,-2.94679633127185));
#19360=CARTESIAN_POINT('',(3.09499999999966,-0.279289321881226,-2.89138822381977));
#19361=CARTESIAN_POINT('',(3.09499999999966,-0.279289321881226,-2.83));
#19362=CARTESIAN_POINT('',(3.15610226973767,-0.299999999999901,-3.00152441215075));
#19363=CARTESIAN_POINT('',(3.10345437471943,-0.299999999999901,-2.95889098738381));
#19364=CARTESIAN_POINT('',(3.07428932188114,-0.299999999999901,-2.89774518253876));
#19365=CARTESIAN_POINT('',(3.07428932188114,-0.299999999999901,-2.83));
#19366=CARTESIAN_POINT('',(3.13766990223778,-0.300000000000002,-3.02428649036465));
#19367=CARTESIAN_POINT('',(3.07803538945956,-0.300000000000002,-2.97599541408966));
#19368=CARTESIAN_POINT('',(3.04499999999983,-0.300000000000002,-2.90673527977463));
#19369=CARTESIAN_POINT('',(3.04499999999983,-0.300000000000002,-2.82999999999999));
#19370=CARTESIAN_POINT('',(3.04500000001,-0.25000000001,-2.83000000001));
#19371=CARTESIAN_POINT('',(3.04499999999996,-0.3,-2.83));
#19372=CARTESIAN_POINT('',(3.04500000000996,-0.30000000001,-2.83000000001));
#19373=CARTESIAN_POINT('',(3.04500000000983,-0.300000000010001,-2.9067352797845));
#19374=CARTESIAN_POINT('',(3.07803538946945,-0.300000000010001,-2.97599541409942));
#19375=CARTESIAN_POINT('',(3.13766990224727,-0.30000000001,-3.02428649037417));
#19376=CARTESIAN_POINT('',(3.13766990223727,-0.3,-3.02428649036417));
#19377=CARTESIAN_POINT('',(3.1376699022303,-0.25000000001,-3.02428649039562));
#19378=CARTESIAN_POINT('',(-0.645,-1.265520154232,-1.802400019459));
#19379=CARTESIAN_POINT('',(-0.64500000001,-1.47000000001,-1.34999999083125));
#19380=CARTESIAN_POINT('',(-0.64500000001,-1.47000000000333,-0.914999981645867));
#19381=CARTESIAN_POINT('',(-0.64500000001,-1.38000000001,-0.9149999449376));
#19382=CARTESIAN_POINT('',(-0.64500000001,-1.28000000000333,-0.914999981645867));
#19383=CARTESIAN_POINT('',(-0.64500000001,-1.28000000001,-2.85000000001561));
#19384=CARTESIAN_POINT('',(-0.64500000001,-1.47000000001,-1.34999999083125));
#19385=CARTESIAN_POINT('',(-0.64500000001,-1.48000000001,-1.34999999083125));
#19386=CARTESIAN_POINT('',(-4.444410326646,-0.4089999999995,-5.65));
#19387=CARTESIAN_POINT('',(-0.8227940468532,-1.08,-5.65000000000559));
#19388=CARTESIAN_POINT('',(-0.662097144413098,-1.27151111087394,-5.65000000009176));
#19389=CARTESIAN_POINT('',(-0.169155820260509,-0.857884227475791,-5.65));
#19390=CARTESIAN_POINT('',(-0.04347738476702,-0.9482385920061,-5.65));
#19391=CARTESIAN_POINT('',(-0.565679002978088,-1.38641777724741,-5.65));
#19392=CARTESIAN_POINT('',(-0.8227940468532,-1.08,-5.65));
#19393=CARTESIAN_POINT('',(-0.822794046859867,-1.48000000000667,-5.65000000000667));
#19394=CARTESIAN_POINT('',(-2.26503217331068,-1.48000000001,-5.65000000001));
#19395=CARTESIAN_POINT('',(-3.17000000000333,-1.48000000000667,-5.65000000000667));
#19396=CARTESIAN_POINT('',(-3.17,-0.28,-5.65000000001));
#19397=CARTESIAN_POINT('',(-3.86955342896772,-1.25500000001,-5.650000000005));
#19398=CARTESIAN_POINT('',(-2.26503217331068,-1.25500000001,-5.65000000001));
#19399=CARTESIAN_POINT('',(-3.559711431713,-1.25500000001,-5.65000000001));
#19400=CARTESIAN_POINT('',(-3.17000000001,-0.28000000001,-5.65000000001));
#19401=CARTESIAN_POINT('',(2.895,-0.15,-4.7));
#19402=CARTESIAN_POINT('',(3.34500000001,-0.15000000001,-3.90000000001));
#19403=CARTESIAN_POINT('',(3.345,-0.15,-3.12784111483805));
#19404=CARTESIAN_POINT('',(3.345,-0.15,-4.7));
#19405=CARTESIAN_POINT('',(2.895,-0.15,-2.76343829990247));
#19406=CARTESIAN_POINT('',(3.31061908643624,-0.322513115414186,-3.1));
#19407=CARTESIAN_POINT('',(2.89500000001,-0.15000000001,-3.10000000001));
#19408=CARTESIAN_POINT('',(3.29811288741494,-0.349999999999967,-3.1));
#19409=CARTESIAN_POINT('',(2.895,-0.15,-2.93999999999966));
#19410=CARTESIAN_POINT('',(2.8949999999995,-0.599999999999962,-3.30000000000013));
#19411=CARTESIAN_POINT('',(2.895000000009,-0.60000000001,-4.00000000001));
#19412=CARTESIAN_POINT('',(2.8949999999995,-0.6,-4.7));
#19413=CARTESIAN_POINT('',(2.89500000001,-0.15000000001,-4.70000000001));
#19414=CARTESIAN_POINT('',(-3.334,0.105,-6.514479845768));
#19415=CARTESIAN_POINT('',(-3.35000000001,0.10500000001,-6.45000000001));
#19416=CARTESIAN_POINT('',(-3.35,0.105,-6.4));
#19417=CARTESIAN_POINT('',(-3.35000000000667,0.105000000006667,-6.50000000000667));
#19418=CARTESIAN_POINT('',(-3.75000000001,0.10500000001,-6.40000000001));
#19419=CARTESIAN_POINT('',(-4.15,0.105,-6.4));
#19420=CARTESIAN_POINT('',(-4.15000000001,0.10500000001,-5.675000000006));
#19421=CARTESIAN_POINT('',(-4.15000000000667,0.105000000006667,-6.50000000000667));
#19422=CARTESIAN_POINT('',(-3.75000000001,0.10500000001,-6.50000000001));
#19423=CARTESIAN_POINT('',(3.,-0.3144798457681,-1.735520154232));
#19424=CARTESIAN_POINT('',(3.00000000001,0.30000000001,-1.77500000000975));
#19425=CARTESIAN_POINT('',(3.00000000000667,0.300000000006667,-2.10000000000667));
#19426=CARTESIAN_POINT('',(3.00000000001,0.07500000001,-1.750025010068));
#19427=CARTESIAN_POINT('',(3.00000000000667,0.0750000000066667,-2.10000000000667));
#19428=CARTESIAN_POINT('',(3.00000000001,0.,-2.10000000001));
#19429=CARTESIAN_POINT('',(3.079151151475,-0.2644798457681,-0.3239941615299));
#19430=CARTESIAN_POINT('',(3.08521904926252,-0.215355955045659,-0.337141273391176));
#19431=CARTESIAN_POINT('',(3.08521904925272,-0.215355955035694,-0.337141273381004));
#19432=CARTESIAN_POINT('',(3.1065384615382,-0.24999999999996,-0.383333333333305));
#19433=CARTESIAN_POINT('',(3.21886618461655,-0.250000000009563,-0.626710066657833));
#19434=CARTESIAN_POINT('',(3.33119390767529,-0.249999999999806,-0.870086799962807));
#19435=CARTESIAN_POINT('',(3.33119390768512,0.,-0.870086799972846));
#19436=CARTESIAN_POINT('',(3.33119390767515,0.249999999999975,-0.870086799962995));
#19437=CARTESIAN_POINT('',(3.208206478474,0.2500000000099,-0.60361403668215));
#19438=CARTESIAN_POINT('',(3.10653846153945,0.249999999999873,-0.383333333333223));
#19439=CARTESIAN_POINT('',(3.10653846154838,0.250000000009728,-0.383333333343776));
#19440=CARTESIAN_POINT('',(3.08521904925265,0.215355955035567,-0.337141273380848));
#19441=CARTESIAN_POINT('',(3.08521904926254,0.,-0.337141273391212));
#19442=CARTESIAN_POINT('',(-0.7144798457681,-1.4802,-2.));
#19443=CARTESIAN_POINT('',(-0.70000000001,-1.47500000001,-2.00000000001));
#19444=CARTESIAN_POINT('',(-0.700000000006667,-1.48000000000667,-2.00000000000667));
#19445=CARTESIAN_POINT('',(-0.700000000006667,-1.47000000000667,-2.00000000000667));
#19446=CARTESIAN_POINT('',(-1.58750000001,-1.48000000001,-2.00000000001));
#19447=CARTESIAN_POINT('',(-0.00500000000666674,-1.48000000000667,-2.00000000000667));
#19448=CARTESIAN_POINT('',(-0.00500000001,-1.38000000001,-2.00000000001));
#19449=CARTESIAN_POINT('',(-0.00500000000666667,-1.47000000000667,-2.00000000000667));
#19450=CARTESIAN_POINT('',(-0.352500000009985,-1.47000000001,-2.00000000001));
#19451=CARTESIAN_POINT('',(0.005,-1.265520154232,-2.919));
#19452=CARTESIAN_POINT('',(0.00500000001000003,-1.38000000001,-4.85000000001));
#19453=CARTESIAN_POINT('',(0.00500000000666672,-1.28000000000667,-4.85000000000667));
#19454=CARTESIAN_POINT('',(0.00500000000666668,-1.48000000000667,-4.85000000000667));
#19455=CARTESIAN_POINT('',(0.00500000001,-1.48000000001,-4.47500000001));
#19456=CARTESIAN_POINT('',(0.00500000000666667,-1.48000000000667,-4.15000000000667));
#19457=CARTESIAN_POINT('',(0.00500000001,-1.38000000001,-4.15000000001));
#19458=CARTESIAN_POINT('',(0.00500000000666667,-1.47000000000667,-4.15000000000667));
#19459=CARTESIAN_POINT('',(0.00500000001,-1.47000000001,-4.47500000001));
#19460=CARTESIAN_POINT('',(0.00500000000666666,-1.47000000000667,-4.10000000000667));
#19461=CARTESIAN_POINT('',(0.00500000001,-1.38000000001,-4.10000000001));
#19462=CARTESIAN_POINT('',(0.0050000000066667,-1.28000000000667,-4.10000000000667));
#19463=CARTESIAN_POINT('',(0.00500000001000012,-1.28000000001,-2.85000000001561));
#19464=CARTESIAN_POINT('',(-3.13766990223849,0.25,-3.02428649036439));
#19465=CARTESIAN_POINT('',(-3.20841148457782,0.30000000000918,-3.08157189422908));
#19466=CARTESIAN_POINT('',(-3.245,0.075,-1.65));
#19467=CARTESIAN_POINT('',(-3.23900000001002,0.,-1.50012004804844));
#19468=CARTESIAN_POINT('',(-3.23900000000001,0.075,-1.50012004803844));
#19469=CARTESIAN_POINT('',(-3.24500000001,0.07500000001,-1.65000000001));
#19470=CARTESIAN_POINT('',(-3.095,0.075,-1.65));
#19471=CARTESIAN_POINT('',(-3.09500000001,0.,-1.65000000001));
#19472=CARTESIAN_POINT('',(-3.064479845768,-1.599761202867,-6.510238797133));
#19473=CARTESIAN_POINT('',(-0.25,-1.599761202867,-6.510238797133));
#19474=CARTESIAN_POINT('',(-0.250000000006667,-1.61000000000667,-6.50000000001));
#19475=CARTESIAN_POINT('',(-0.250000000006667,-1.66000000001,-6.45000000000667));
#19476=CARTESIAN_POINT('',(-0.50000000001,-1.66000000001,-6.45000000001));
#19477=CARTESIAN_POINT('',(-0.750000000006667,-1.66000000001,-6.45000000000667));
#19478=CARTESIAN_POINT('',(-0.75,-1.599761202867,-6.510238797133));
#19479=CARTESIAN_POINT('',(-0.750000000006667,-1.61000000000667,-6.50000000001));
#19480=CARTESIAN_POINT('',(-0.50000000001,-1.61000000001,-6.50000000001));
#19481=CARTESIAN_POINT('',(-2.435520154232,-1.6382,-6.5));
#19482=CARTESIAN_POINT('',(1.80000000001,-0.78857864377245,-6.50000000001));
#19483=CARTESIAN_POINT('',(1.80000000000667,-0.200000000006665,-6.50000000000667));
#19484=CARTESIAN_POINT('',(1.80000000000667,-1.61000000000667,-6.50000000001));
#19485=CARTESIAN_POINT('',(1.52000000001,-1.61000000001,-6.50000000001));
#19486=CARTESIAN_POINT('',(1.52000000001,-0.20000000001,-6.50000000001));
#19487=CARTESIAN_POINT('',(0.298033778562334,-0.900755310287003,-5.35));
#19488=CARTESIAN_POINT('',(0.118848351135733,-0.880941613156133,-5.35000000001104));
#19489=CARTESIAN_POINT('',(0.183127112094048,-0.804337168833732,-5.35000000000054));
#19490=CARTESIAN_POINT('',(0.298033778562307,-0.900755310287035,-5.35));
#19491=CARTESIAN_POINT('',(2.781475583888,-1.267951167776,-5.164479845768));
#19492=CARTESIAN_POINT('',(2.77500000000941,-1.2550000000088,-4.92500000001));
#19493=CARTESIAN_POINT('',(2.7750000000095,-1.25500000000869,-4.85000000000852));
#19494=CARTESIAN_POINT('',(2.77500000000421,-1.25500000000533,-5.15000000000667));
#19495=CARTESIAN_POINT('',(2.70000000000828,-1.10500000000815,-4.70000000000721));
#19496=CARTESIAN_POINT('',(2.70000000000956,-1.10500000000938,-4.70000000001));
#19497=CARTESIAN_POINT('',(2.781475583898,-1.267951167786,-4.70000000001));
#19498=CARTESIAN_POINT('',(2.57500000000478,-0.855000000005984,-4.70000000000667));
#19499=CARTESIAN_POINT('',(2.57500000001,-0.85500000001,-4.92500000001));
#19500=CARTESIAN_POINT('',(2.57500000000475,-0.855000000005967,-5.15000000000667));
#19501=CARTESIAN_POINT('',(2.67500000001,-1.05500000000975,-5.15000000001));
#19502=CARTESIAN_POINT('',(-4.37,-1.52,-6.1));
#19503=CARTESIAN_POINT('',(-4.27000000001,-1.67000000001,-6.10000000001));
#19504=CARTESIAN_POINT('',(-4.37,-1.67,-6.1));
#19505=CARTESIAN_POINT('',(-4.27000000001,-1.52000000001,-5.95000000001));
#19506=CARTESIAN_POINT('',(-4.37,-1.52,-5.95));
#19507=CARTESIAN_POINT('',(-4.37,-1.52,-6.1));
#19508=CARTESIAN_POINT('',(-3.125,1.294479845768,-6.329));
#19509=CARTESIAN_POINT('',(-3.12500000001,1.094761202874,-4.689761202873));
#19510=CARTESIAN_POINT('',(-3.12500000000667,1.28000000000667,-4.87500000000331));
#19511=CARTESIAN_POINT('',(-3.12500000001,1.28000000001,-3.20000000004367));
#19512=CARTESIAN_POINT('',(-1.524091781662,-1.08,-5.15));
#19513=CARTESIAN_POINT('',(-1.78120682554651,-1.38641777725742,-4.92500000001));
#19514=CARTESIAN_POINT('',(-1.7812068255429,-1.3864177772544,-4.70000000000333));
#19515=CARTESIAN_POINT('',(-1.78120682554291,-1.3864177772544,-5.15000000000333));
#19516=CARTESIAN_POINT('',(-1.524091781662,-1.08,-5.15));
#19517=CARTESIAN_POINT('',(-1.52409178166867,-1.48000000000667,-5.15000000000667));
#19518=CARTESIAN_POINT('',(-1.524091781672,-1.48000000001,-2.82500000001));
#19519=CARTESIAN_POINT('',(-1.52409178166867,-1.48000000000667,-4.70000000000667));
#19520=CARTESIAN_POINT('',(-1.524091781662,-1.08,-4.7));
#19521=CARTESIAN_POINT('',(-0.25,-1.694856854249,-6.285520154232));
#19522=CARTESIAN_POINT('',(-0.25000000001,-1.63500000001,-6.32500000001));
#19523=CARTESIAN_POINT('',(-0.250000000006667,-1.61000000000333,-6.30000000000667));
#19524=CARTESIAN_POINT('',(-0.250000000006667,-1.66000000000667,-6.35000000000333));
#19525=CARTESIAN_POINT('',(-0.25000000001,-1.66000000001,-6.40000000001));
#19526=CARTESIAN_POINT('',(-0.25000000001,-0.78857864377245,-6.50000000001));
#19527=CARTESIAN_POINT('',(-0.250000000006667,-0.200000000006665,-6.50000000000667));
#19528=CARTESIAN_POINT('',(-0.25,-0.2,-6.2));
#19529=CARTESIAN_POINT('',(-0.25000000001,-0.78857864377245,-6.30000000001));
#19530=CARTESIAN_POINT('',(-1.982534683451,-1.217483645926,-4.685520154232));
#19531=CARTESIAN_POINT('',(-1.87632465181,-1.3066044443215,-5.15000000001));
#19532=CARTESIAN_POINT('',(-1.87632465181,-1.3066044443215,-4.70000000001));
#19533=CARTESIAN_POINT('',(-1.971442478073,-1.226791111386,-4.92500000001));
#19534=CARTESIAN_POINT('',(-1.97144247806293,-1.22679111137605,-5.15));
#19535=CARTESIAN_POINT('',(-1.982534683461,-1.217483645936,-5.15000000001));
#19536=CARTESIAN_POINT('',(-1.93782443371218,-1.25500000001,-5.15000000001));
#19537=CARTESIAN_POINT('',(-1.982534683461,-1.217483645936,-5.15000000001));
#19538=CARTESIAN_POINT('',(-3.443043849909,-0.364479845768,-3.1));
#19539=CARTESIAN_POINT('',(-3.23116829995593,-0.25,-3.1));
#19540=CARTESIAN_POINT('',(-3.23116830011273,-0.300000000020162,-3.1));
#19541=CARTESIAN_POINT('',(-2.89500000001,-0.15000000001,-3.10000000001));
#19542=CARTESIAN_POINT('',(-3.29811288741489,-0.350000000000067,-3.1));
#19543=CARTESIAN_POINT('',(-1.5500157621019E-11,-0.35000000001,-3.10000000001));
#19544=CARTESIAN_POINT('',(-2.88,-0.35,-3.1));
#19545=CARTESIAN_POINT('',(-2.88000000001,-0.30000000000995,-3.10000000001));
#19546=CARTESIAN_POINT('',(-2.88,-0.3,-3.1));
#19547=CARTESIAN_POINT('',(-1.35000214532177E-11,-0.30000000001,-3.10000000001));
#19548=CARTESIAN_POINT('',(-4.16999999999999,-0.07,-7.4));
#19549=CARTESIAN_POINT('',(4.31000000001,-0.07000000001,-7.70000000001));
#19550=CARTESIAN_POINT('',(4.37000000000667,-0.0700000000066667,-7.70000000000667));
#19551=CARTESIAN_POINT('',(4.250000000005,-0.070000000005,-7.700000000005));
#19552=CARTESIAN_POINT('',(3.95,-0.07,-7.4));
#19553=CARTESIAN_POINT('',(4.170000000005,0.133960780538319,-7.620000000005));
#19554=CARTESIAN_POINT('',(4.17,-0.07,-7.4));
#19555=CARTESIAN_POINT('',(4.170000000005,0.2300000000001,-7.400000000005));
#19556=CARTESIAN_POINT('',(4.27000000001,0.23000000001,-7.40000000001));
#19557=CARTESIAN_POINT('',(4.37000000000667,0.230000000006667,-7.40000000000667));
#19558=CARTESIAN_POINT('',(4.37,-0.07,-7.4));
#19559=CARTESIAN_POINT('',(2.429885379851,1.395725242697,-5.164479845768));
#19560=CARTESIAN_POINT('',(2.429885379851,1.395725242697,-4.7));
#19561=CARTESIAN_POINT('',(2.22855752194132,1.22679111138119,-4.70000000000333));
#19562=CARTESIAN_POINT('',(2.29196940612364,1.28000000000996,-4.70000000001));
#19563=CARTESIAN_POINT('',(2.3236753482105,1.306604444321,-4.70000000001));
#19564=CARTESIAN_POINT('',(2.3236753482105,1.306604444321,-5.15000000001));
#19565=CARTESIAN_POINT('',(2.29196940612416,1.28000000001,-5.15000000001));
#19566=CARTESIAN_POINT('',(2.429885379861,1.395725242707,-5.15000000001));
#19567=CARTESIAN_POINT('',(2.26217556630955,1.25500000001,-5.15000000001));
#19568=CARTESIAN_POINT('',(2.429885379861,1.395725242707,-5.15000000001));
#19569=CARTESIAN_POINT('',(2.22855752194041,1.22679111137985,-5.15000000000667));
#19570=CARTESIAN_POINT('',(2.22855752194703,1.22679111138597,-4.92500000001));
#19571=CARTESIAN_POINT('',(0.0452621247047,-0.9686382628437,-5.514479845768));
#19572=CARTESIAN_POINT('',(0.183127112102885,-0.804337168842717,-5.3999999999975));
#19573=CARTESIAN_POINT('',(0.183127112090745,-0.804337168830896,-5.5));
#19574=CARTESIAN_POINT('',(0.118848351141655,-0.880941613140703,-5.50000000000993));
#19575=CARTESIAN_POINT('',(-3.064479845768,-1.670238797133,-6.360238797133));
#19576=CARTESIAN_POINT('',(2.45000000001,-1.63500000001,-6.32500000001));
#19577=CARTESIAN_POINT('',(2.45000000000667,-1.66000000000667,-6.35000000000333));
#19578=CARTESIAN_POINT('',(2.45000000000667,-1.61000000000333,-6.30000000000667));
#19579=CARTESIAN_POINT('',(2.75000000001,-1.66000000001,-6.35000000001));
#19580=CARTESIAN_POINT('',(3.05000000000667,-1.66000000000667,-6.35000000000333));
#19581=CARTESIAN_POINT('',(3.05000000001,-1.63500000001,-6.32500000001));
#19582=CARTESIAN_POINT('',(3.05000000000667,-1.61000000000333,-6.30000000000667));
#19583=CARTESIAN_POINT('',(2.75000000001,-1.61000000001,-6.30000000001));
#19584=CARTESIAN_POINT('',(0.009479845768134,-1.4698,-2.85));
#19585=CARTESIAN_POINT('',(0.05000000001,-1.47500000001,-2.85000000001));
#19586=CARTESIAN_POINT('',(0.0500000000066666,-1.48000000000667,-2.85000000000667));
#19587=CARTESIAN_POINT('',(0.0500000000066667,-1.47000000000667,-2.85000000000667));
#19588=CARTESIAN_POINT('',(1.26250000001,-1.48000000001,-2.85000000001));
#19589=CARTESIAN_POINT('',(0.00500000000666667,-1.48000000000667,-2.85000000000667));
#19590=CARTESIAN_POINT('',(0.00500000001,-1.38000000001,-2.85000000001));
#19591=CARTESIAN_POINT('',(0.00500000000666665,-1.47000000000667,-2.85000000000667));
#19592=CARTESIAN_POINT('',(-0.297500000009985,-1.47000000001,-2.85000000001));
#19593=CARTESIAN_POINT('',(2.1,1.38,-5.15));
#19594=CARTESIAN_POINT('',(2.1,1.38,-4.7));
#19595=CARTESIAN_POINT('',(1.97144247806966,1.22679111138265,-4.70000000000333));
#19596=CARTESIAN_POINT('',(2.10000000001,1.38000000001,-5.15000000001));
#19597=CARTESIAN_POINT('',(1.97144247807232,1.22679111138655,-5.15000000000667));
#19598=CARTESIAN_POINT('',(1.971442478073,1.226791111386,-4.92500000001));
#19599=CARTESIAN_POINT('',(-3.443043849909,-0.364479845768,-3.1));
#19600=CARTESIAN_POINT('',(0.620000000009999,-0.30000000000995,-3.10000000001));
#19601=CARTESIAN_POINT('',(0.62,-0.3,-3.1));
#19602=CARTESIAN_POINT('',(-1.35000214532177E-11,-0.30000000001,-3.10000000001));
#19603=CARTESIAN_POINT('',(-1.12,-0.3,-3.1));
#19604=CARTESIAN_POINT('',(-1.12000000001,-0.32500000001,-3.10000000001));
#19605=CARTESIAN_POINT('',(-1.120000000005,-0.3500000000075,-3.1000000000075));
#19606=CARTESIAN_POINT('',(-1.5500157621019E-11,-0.35000000001,-3.10000000001));
#19607=CARTESIAN_POINT('',(-3.17,-0.28,-5.6));
#19608=CARTESIAN_POINT('',(-3.17000000001,-0.28000000001,-5.60000000001));
#19609=CARTESIAN_POINT('',(-3.17000000001,-0.28000000001,-0.10000000001));
#19610=CARTESIAN_POINT('',(0.25,0.1176995667241,-6.514479845768));
#19611=CARTESIAN_POINT('',(0.25000000001,-0.78857864377245,-6.50000000001));
#19612=CARTESIAN_POINT('',(0.250000000006667,-1.61000000000667,-6.50000000001));
#19613=CARTESIAN_POINT('',(0.250000000006667,-0.200000000006667,-6.50000000000667));
#19614=CARTESIAN_POINT('',(0.25,-1.599761202867,-6.510238797133));
#19615=CARTESIAN_POINT('',(0.250000000006667,-1.66000000001,-6.45000000000667));
#19616=CARTESIAN_POINT('',(0.25000000001,-1.66000000001,-6.40000000001));
#19617=CARTESIAN_POINT('',(0.25000000001,-0.78857864377245,-6.30000000001));
#19618=CARTESIAN_POINT('',(0.25,-0.2,-6.2));
#19619=CARTESIAN_POINT('',(3.989761202858,-0.299479845063,-4.689761202858));
#19620=CARTESIAN_POINT('',(4.0750000000005,0.2849999999595,-4.7750000000005));
#19621=CARTESIAN_POINT('',(4.00000000000705,0.28499999998475,-4.70000000001009));
#19622=CARTESIAN_POINT('',(4.000000000004,0.,-4.70000000001));
#19623=CARTESIAN_POINT('',(4.00000000000705,-0.284999999494938,-4.7000000000101));
#19624=CARTESIAN_POINT('',(4.0750000000085,-0.284999998979876,-4.7750000000085));
#19625=CARTESIAN_POINT('',(-4.37,-1.52,-6.1));
#19626=CARTESIAN_POINT('',(4.27000000001,-1.67000000001,-6.10000000001));
#19627=CARTESIAN_POINT('',(4.17000000000667,-1.67000000000667,-6.10000000000667));
#19628=CARTESIAN_POINT('',(4.37000000000667,-1.67000000000667,-6.10000000000667));
#19629=CARTESIAN_POINT('',(4.37,-1.52,-6.1));
#19630=CARTESIAN_POINT('',(4.37000000000667,-1.52000000000667,-5.95000000000667));
#19631=CARTESIAN_POINT('',(4.27000000001,-1.52000000001,-5.95000000001));
#19632=CARTESIAN_POINT('',(4.17000000000667,-1.52000000000667,-5.95000000000667));
#19633=CARTESIAN_POINT('',(4.17,-1.52,-6.1));
#19634=CARTESIAN_POINT('',(2.99,1.255,-6.329));
#19635=CARTESIAN_POINT('',(3.12500000001,1.25500000001,-5.575000000008));
#19636=CARTESIAN_POINT('',(3.12500000000667,1.25500000000978,-4.85000000000423));
#19637=CARTESIAN_POINT('',(3.15250000001,1.25500000001,-4.850000000008));
#19638=CARTESIAN_POINT('',(3.17999999955858,1.25500000000746,-4.85000000000687));
#19639=CARTESIAN_POINT('',(3.18000000001,1.25500000001,-5.67500000001));
#19640=CARTESIAN_POINT('',(0.05,-1.4698,-1.014479845768));
#19641=CARTESIAN_POINT('',(0.05000000001,-1.47500000001,-4.15000000001));
#19642=CARTESIAN_POINT('',(0.0500000000066667,-1.47000000000667,-4.15000000000667));
#19643=CARTESIAN_POINT('',(0.0500000000066666,-1.48000000000667,-4.15000000000667));
#19644=CARTESIAN_POINT('',(0.0500000000099999,-1.48000000001,-2.82500000001));
#19645=CARTESIAN_POINT('',(0.0500000000066666,-1.48000000000667,-3.85000000000667));
#19646=CARTESIAN_POINT('',(0.05000000001,-1.47500000001,-3.85000000001));
#19647=CARTESIAN_POINT('',(0.0500000000066667,-1.47000000000667,-3.85000000000667));
#19648=CARTESIAN_POINT('',(0.05000000001,-1.47000000001,-4.00000000001));
#19649=CARTESIAN_POINT('',(-0.505,-1.28,-1.785));
#19650=CARTESIAN_POINT('',(-0.65500000001,-1.38000000001,-1.78500000001));
#19651=CARTESIAN_POINT('',(-0.655000000006667,-1.47000000000667,-1.78500000000667));
#19652=CARTESIAN_POINT('',(-0.505,-1.47,-1.785));
#19653=CARTESIAN_POINT('',(-0.447703486996905,-1.47000000000667,-1.9236257898041));
#19654=CARTESIAN_POINT('',(-0.447703487000274,-1.37500000001,-1.9236257898073));
#19655=CARTESIAN_POINT('',(-3.17,0.28,-6.30000000000003));
#19656=CARTESIAN_POINT('',(-3.17000000001,0.28000000001,-6.30000000001));
#19657=CARTESIAN_POINT('',(-3.16999999732694,1.28000000000749,-6.30000000000501));
#19658=CARTESIAN_POINT('',(-4.20169873939455,0.279999966866236,-6.3316987393945));
#19659=CARTESIAN_POINT('',(-4.23339736912683,0.280000156742408,-6.36339736912675));
#19660=CARTESIAN_POINT('',(-4.21880884817038,0.330000000000006,-6.35));
#19661=CARTESIAN_POINT('',(-4.21968704816206,0.311578721565096,-6.35));
#19662=CARTESIAN_POINT('',(-4.22517198676096,0.294247059595539,-6.35517199136855));
#19663=CARTESIAN_POINT('',(-4.23339726105173,0.28000034393425,-6.36339726105147));
#19664=CARTESIAN_POINT('',(-4.21880884817002,0.330000000005003,-6.34999999999994));
#19665=CARTESIAN_POINT('',(-3.17,0.28,-6.34999999999989));
#19666=CARTESIAN_POINT('',(-3.22360679775,1.32863068390891,-6.35));
#19667=CARTESIAN_POINT('',(-3.1699999940738,1.32009393593882,-6.34009393539563));
#19668=CARTESIAN_POINT('',(-3.18728323677218,1.3267073518561,-6.34670735048095));
#19669=CARTESIAN_POINT('',(-3.20556616969601,1.32955293454023,-6.35000000001));
#19670=CARTESIAN_POINT('',(-3.22360679776,1.32863068391891,-6.35000000001));
#19671=CARTESIAN_POINT('',(-3.16999999567129,1.32009393603759,-6.34009393576595));
#19672=CARTESIAN_POINT('',(-3.16999999726878,1.31169873939455,-6.3316987393945));
#19673=CARTESIAN_POINT('',(-2.803,-1.269479845768,-5.15));
#19674=CARTESIAN_POINT('',(-1.641557098221,-1.242516354084,-5.15000000001));
#19675=CARTESIAN_POINT('',(-1.65264930359907,-1.23320888862395,-5.15));
#19676=CARTESIAN_POINT('',(-1.524091781672,-1.08000000001,-5.15000000001));
#19677=CARTESIAN_POINT('',(-1.62091636532719,-1.25500000001,-5.15000000001));
#19678=CARTESIAN_POINT('',(-2.07500000001,-1.25500000001,-5.15000000001));
#19679=CARTESIAN_POINT('',(-1.37500000000013,-1.25500000000006,-5.15));
#19680=CARTESIAN_POINT('',(-1.47500000001,-1.05500000001025,-5.15000000001));
#19681=CARTESIAN_POINT('',(-1.57499999999994,-0.85499999999997,-5.15));
#19682=CARTESIAN_POINT('',(-2.07500000001,-0.85500000001,-5.15000000001));
#19683=CARTESIAN_POINT('',(-2.57500000000018,-0.854999999999939,-5.15));
#19684=CARTESIAN_POINT('',(-2.67500000001,-1.05500000001025,-5.15000000001));
#19685=CARTESIAN_POINT('',(-2.77499999999954,-1.25500000000006,-5.15));
#19686=CARTESIAN_POINT('',(-2.07500000001,-1.25500000001,-5.15000000001));
#19687=CARTESIAN_POINT('',(-2.675908218348,-1.08000000001,-5.15000000001));
#19688=CARTESIAN_POINT('',(-2.54735069639969,-1.23320888862465,-5.15));
#19689=CARTESIAN_POINT('',(-2.346022838497,-1.064274757313,-5.15000000001));
#19690=CARTESIAN_POINT('',(1.456,0.405,-6.314479845768));
#19691=CARTESIAN_POINT('',(-1.40000000001,0.40500000001,-6.05000000001));
#19692=CARTESIAN_POINT('',(-1.4,0.405,-5.8));
#19693=CARTESIAN_POINT('',(0.,0.40500000001,-5.80000000001));
#19694=CARTESIAN_POINT('',(1.4,0.405,-5.8));
#19695=CARTESIAN_POINT('',(1.40000000001,0.40500000001,-6.05000000001));
#19696=CARTESIAN_POINT('',(3.18,0.285,-4.70000000000009));
#19697=CARTESIAN_POINT('',(3.17999999884541,1.1800000000055,-4.7750000000055));
#19698=CARTESIAN_POINT('',(3.17999999942771,1.10500000000596,-4.70000000001009));
#19699=CARTESIAN_POINT('',(3.18000000001,0.28500000001,-4.70000000001009));
#19700=CARTESIAN_POINT('',(3.18000000001,0.28500000001,-4.85000000000991));
#19701=CARTESIAN_POINT('',(-2.803,-1.269479845768,-5.15));
#19702=CARTESIAN_POINT('',(-2.3236753482105,-1.306604444321,-5.15000000001));
#19703=CARTESIAN_POINT('',(-2.10000000001,-1.48000000001,-5.15000000001));
#19704=CARTESIAN_POINT('',(-0.7144798457681,-1.4802,-4.15));
#19705=CARTESIAN_POINT('',(1.26250000001,-1.48000000001,-4.15000000001));
#19706=CARTESIAN_POINT('',(0.027500000009998,-1.47000000001,-4.15000000001));
#19707=CARTESIAN_POINT('',(-0.1850948784372,-1.265520154232,-3.034915034954));
#19708=CARTESIAN_POINT('',(-0.198476745485353,-1.37500000001,-3.02938407048764));
#19709=CARTESIAN_POINT('',(-0.198476745480417,-1.47000000000333,-3.02938407048504));
#19710=CARTESIAN_POINT('',(-0.3230901162429,-1.47000000001,-2.97787914035));
#19711=CARTESIAN_POINT('',(1.4,1.272,-5.635520154232));
#19712=CARTESIAN_POINT('',(1.40000000001,1.25500000001,-5.57500000001));
#19713=CARTESIAN_POINT('',(1.40000000000667,1.25500000001,-5.65000000000667));
#19714=CARTESIAN_POINT('',(1.40000000001,0.75500000000995,-5.80000000001));
#19715=CARTESIAN_POINT('',(1.40000000000667,1.10500000000667,-5.80000000001));
#19716=CARTESIAN_POINT('',(1.40000000001,1.265238797143,-5.639761202877));
#19717=CARTESIAN_POINT('',(-0.7144798457681,-1.47,-0.6855201542319));
#19718=CARTESIAN_POINT('',(-0.297500000009985,-1.47000000001,-3.85000000001));
#19719=CARTESIAN_POINT('',(-0.645000000006667,-1.47000000000667,-3.85000000000667));
#19720=CARTESIAN_POINT('',(-0.64500000001,-1.47000000001,-3.4999999908315));
#19721=CARTESIAN_POINT('',(-0.64500000001,-1.47000000000333,-3.935000002043));
#19722=CARTESIAN_POINT('',(-0.505,-1.47,-3.935));
#19723=CARTESIAN_POINT('',(-0.451523254531167,-1.47000000000667,-4.06438407048439));
#19724=CARTESIAN_POINT('',(-0.326909883777,-1.47000000001,-4.01287914035));
#19725=CARTESIAN_POINT('',(-0.202296513016343,-1.47000000000667,-3.96137421020921));
#19726=CARTESIAN_POINT('',(-0.145,-1.47,-4.1));
#19727=CARTESIAN_POINT('',(-2.803,-1.269479845768,-5.15));
#19728=CARTESIAN_POINT('',(2.10000000001,-1.28000000001,-5.15000000001));
#19729=CARTESIAN_POINT('',(1.90803059389584,-1.28000000001,-5.15000000001));
#19730=CARTESIAN_POINT('',(0.,-1.25500000001,-5.15000000001));
#19731=CARTESIAN_POINT('',(1.93782443371045,-1.25500000001,-5.15000000001));
#19732=CARTESIAN_POINT('',(1.770114620159,-1.395725242707,-5.15000000001));
#19733=CARTESIAN_POINT('',(-3.064479845768,-1.670238797133,-6.360238797133));
#19734=CARTESIAN_POINT('',(1.52000000001,-1.66000000001,-6.35000000001));
#19735=CARTESIAN_POINT('',(1.80000000000667,-1.66000000000667,-6.35000000000333));
#19736=CARTESIAN_POINT('',(1.80000000001,-1.63500000001,-6.32500000001));
#19737=CARTESIAN_POINT('',(1.80000000000667,-1.61000000000333,-6.30000000000667));
#19738=CARTESIAN_POINT('',(1.52000000001,-1.61000000001,-6.30000000001));
#19739=CARTESIAN_POINT('',(-3.066986147241,-0.164479845768,-0.25));
#19740=CARTESIAN_POINT('',(0.,-0.150000000009889,-0.250000000010008));
#19741=CARTESIAN_POINT('',(-2.94902514158467,-0.150000000006554,-0.250000000010003));
#19742=CARTESIAN_POINT('',(2.949025141578,-0.14999999999995,-0.250000000000131));
#19743=CARTESIAN_POINT('',(2.949025141588,1.00499952726787E-11,-0.250000000010172));
#19744=CARTESIAN_POINT('',(2.949025141578,0.149999999999955,-0.250000000000129));
#19745=CARTESIAN_POINT('',(0.,0.1500000000099,-0.25000000001));
#19746=CARTESIAN_POINT('',(-2.94902514158467,0.150000000006561,-0.25000000001));
#19747=CARTESIAN_POINT('',(-2.949025141588,0.,-0.25000000001));
#19748=CARTESIAN_POINT('',(-0.8227940468532,-1.08,-5.6000000000001));
#19749=CARTESIAN_POINT('',(-0.678166834815013,-1.2523599996085,-5.6249999998465));
#19750=CARTESIAN_POINT('',(-0.694236524938424,-1.23320888864396,-5.60000000000738));
#19751=CARTESIAN_POINT('',(-0.8227940468632,-1.08000000001,-5.6000000000101));
#19752=CARTESIAN_POINT('',(-2.1,1.38,-5.15));
#19753=CARTESIAN_POINT('',(-2.10000000001,1.38000000001,-4.70000000001));
#19754=CARTESIAN_POINT('',(-2.22855752193986,1.22679111137999,-4.70000000000667));
#19755=CARTESIAN_POINT('',(-1.97144247807176,1.22679111138642,-4.70000000000667));
#19756=CARTESIAN_POINT('',(-1.97144247807297,1.22679111138597,-4.92500000001));
#19757=CARTESIAN_POINT('',(-1.97144247807176,1.22679111138642,-5.15000000000667));
#19758=CARTESIAN_POINT('',(-2.10000000001,1.38000000001,-5.15000000001));
#19759=CARTESIAN_POINT('',(-2.22855752193986,1.22679111137999,-5.15000000000667));
#19760=CARTESIAN_POINT('',(-2.228557521947,1.226791111386,-4.92500000001));
#19761=CARTESIAN_POINT('',(-4.384479845768,-1.67,-6.364480549138));
#19762=CARTESIAN_POINT('',(4.17000000001,-1.67000000001,-3.86000000002939));
#19763=CARTESIAN_POINT('',(4.17000000000667,-1.67000000000667,-6.35000000000667));
#19764=CARTESIAN_POINT('',(4.27000000001,-1.67000000001,-6.35000000001));
#19765=CARTESIAN_POINT('',(4.37000000000667,-1.67000000000667,-6.35000000000667));
#19766=CARTESIAN_POINT('',(4.37000000001,-1.67000000001,-3.85000000001));
#19767=CARTESIAN_POINT('',(-4.37,-1.52,-6.35));
#19768=CARTESIAN_POINT('',(4.27000000001,-1.52000000001,-6.50000000001));
#19769=CARTESIAN_POINT('',(4.37000000000667,-1.52000000000667,-6.50000000000667));
#19770=CARTESIAN_POINT('',(4.17000000000667,-1.52000000000667,-6.50000000000667));
#19771=CARTESIAN_POINT('',(4.37,-1.52,-6.35));
#19772=CARTESIAN_POINT('',(4.17,-1.52,-6.35));
#19773=CARTESIAN_POINT('',(0.05,-1.4698,-1.014479845768));
#19774=CARTESIAN_POINT('',(0.0500000000099999,-1.48000000001,-2.82500000001));
#19775=CARTESIAN_POINT('',(0.0500000000066666,-1.48000000000667,-0.700000000006667));
#19776=CARTESIAN_POINT('',(0.05000000001,-1.47500000001,-0.70000000001));
#19777=CARTESIAN_POINT('',(0.0500000000066667,-1.47000000000667,-0.700000000006667));
#19778=CARTESIAN_POINT('',(0.05000000001,-1.47000000001,-0.85000000000995));
#19779=CARTESIAN_POINT('',(-1.1,1.48,-5.55));
#19780=CARTESIAN_POINT('',(-1.10000000001,1.38000000001,-5.40000000001));
#19781=CARTESIAN_POINT('',(-1.1,1.28,-5.4));
#19782=CARTESIAN_POINT('',(-1.10000000001,1.28000000001,-5.55000000001));
#19783=CARTESIAN_POINT('',(-1.25,1.28,-5.55));
#19784=CARTESIAN_POINT('',(-1.25000000001,1.38000000001,-5.55000000001));
#19785=CARTESIAN_POINT('',(-4.444410326646,-0.4089999999995,-5.65));
#19786=CARTESIAN_POINT('',(2.26503217331073,-0.43000000001,-5.65000000001));
#19787=CARTESIAN_POINT('',(4.36059175897964,-0.429966478369908,-5.65000000749133));
#19788=CARTESIAN_POINT('',(3.17,-0.28,-5.65));
#19789=CARTESIAN_POINT('',(-0.4610853540287,-1.484479845768,-1.929156754274));
#19790=CARTESIAN_POINT('',(-0.3230901162429,-1.47000000001,-1.87212085967));
#19791=CARTESIAN_POINT('',(-0.198476745479612,-1.470000000005,-1.82061592952982));
#19792=CARTESIAN_POINT('',(-0.198476745485411,-1.37500000001,-1.82061592953222));
#19793=CARTESIAN_POINT('',(-3.064479845768,-1.66,-6.464479845768));
#19794=CARTESIAN_POINT('',(-0.50000000001,-1.66000000001,-6.35000000001));
#19795=CARTESIAN_POINT('',(-0.750000000006667,-1.66000000000667,-6.35000000000333));
#19796=CARTESIAN_POINT('',(-0.75000000001,-1.66000000001,-6.40000000001));
#19797=CARTESIAN_POINT('',(-3.095,-0.2644798457681,-1.5958));
#19798=CARTESIAN_POINT('',(-3.09500000001,0.,-1.62000000001));
#19799=CARTESIAN_POINT('',(-3.09500000001,0.250000000005,-1.620000000005));
#19800=CARTESIAN_POINT('',(-3.09500000001,0.0750000000066667,-1.62000000000333));
#19801=CARTESIAN_POINT('',(-3.09500000001,0.25000000001,-2.22500000001));
#19802=CARTESIAN_POINT('',(-3.09500000001,0.250000000003333,-1.75000000000667));
#19803=CARTESIAN_POINT('',(-3.09500000001,0.,-1.75000000001));
#19804=CARTESIAN_POINT('',(-3.095,0.075,-1.75));
#19805=CARTESIAN_POINT('',(-3.09500000001,0.07500000001,-2.22500000001));
#19806=CARTESIAN_POINT('',(-3.095,0.075,-2.1));
#19807=CARTESIAN_POINT('',(-3.09500000001,0.,-2.10000000001));
#19808=CARTESIAN_POINT('',(-3.09500000001,0.,-2.83000000001));
#19809=CARTESIAN_POINT('',(-3.09500000001,-0.250000000005,-2.830000000005));
#19810=CARTESIAN_POINT('',(-3.09500000001,-0.25000000001,-2.46500000001));
#19811=CARTESIAN_POINT('',(-3.09500000001,-0.250000000003332,-2.10000000000667));
#19812=CARTESIAN_POINT('',(-3.09500000001,0.,-2.10000000001));
#19813=CARTESIAN_POINT('',(-3.095,-0.075,-2.1));
#19814=CARTESIAN_POINT('',(-3.09500000001,-0.07500000001,-2.22500000001));
#19815=CARTESIAN_POINT('',(-3.095,-0.075,-1.75));
#19816=CARTESIAN_POINT('',(-3.09500000001,0.,-1.75000000001));
#19817=CARTESIAN_POINT('',(-3.09500000001,-0.250000000003333,-1.75000000000667));
#19818=CARTESIAN_POINT('',(-3.09500000001,-0.25000000001,-1.68500000001));
#19819=CARTESIAN_POINT('',(-3.09500000000995,-0.250000000005,-1.620000000005));
#19820=CARTESIAN_POINT('',(-3.09500000001,0.,-1.62000000001));
#19821=CARTESIAN_POINT('',(-3.09500000001,0.07500000001,-2.22500000001));
#19822=CARTESIAN_POINT('',(0.8102387971332,-1.269761202867,-5.191249783362));
#19823=CARTESIAN_POINT('',(0.8102387971332,-1.269761202867,-5.20000000001));
#19824=CARTESIAN_POINT('',(0.750000000005008,-1.33000000000507,-5.200000000005));
#19825=CARTESIAN_POINT('',(0.80014861472939,-1.27936535262687,-5.20000000000997));
#19826=CARTESIAN_POINT('',(0.75,-1.3300000000002,-5.05));
#19827=CARTESIAN_POINT('',(0.800000000005101,-1.280000000005,-5.19142135623726));
#19828=CARTESIAN_POINT('',(0.800000000010001,-1.28000000001,-2.85000000001561));
#19829=CARTESIAN_POINT('',(-2.435520154232,-1.6382,-6.5));
#19830=CARTESIAN_POINT('',(-0.75000000001,-0.78857864377245,-6.50000000001));
#19831=CARTESIAN_POINT('',(-0.750000000006667,-0.200000000006667,-6.50000000000667));
#19832=CARTESIAN_POINT('',(-0.50000000001,-0.20000000001,-6.50000000001));
#19833=CARTESIAN_POINT('',(-4.444410326646,-0.4089999999995,-5.65));
#19834=CARTESIAN_POINT('',(3.18000000001,-0.28500000001,-5.65000000001));
#19835=CARTESIAN_POINT('',(3.17999999994467,-1.25500000001,-5.65000000000667));
#19836=CARTESIAN_POINT('',(3.6649999998795,-1.25500000001,-5.65000000001));
#19837=CARTESIAN_POINT('',(0.05829999998162,-1.390238797106,0.01023879710593));
#19838=CARTESIAN_POINT('',(1.26250000001,-1.28000000001,-0.1000000000201));
#19839=CARTESIAN_POINT('',(3.17000000002,-1.28000000001008,-0.10000000001505));
#19840=CARTESIAN_POINT('',(3.17000000001,-1.3300000000035,-0.05000000001651));
#19841=CARTESIAN_POINT('',(-1.12,-0.3644798457681,-0.7497200689377));
#19842=CARTESIAN_POINT('',(-1.12000000001,-0.35000000001,-1.94790199458735));
#19843=CARTESIAN_POINT('',(-1.12000000001,-0.30000000001,-1.77500000001));
#19844=CARTESIAN_POINT('',(0.06447984576813,-1.4698,-1.7));
#19845=CARTESIAN_POINT('',(-0.65500000001,-1.38000000001,-1.70000000001));
#19846=CARTESIAN_POINT('',(-0.655000000006667,-1.47000000000667,-1.70000000000667));
#19847=CARTESIAN_POINT('',(-0.655000000006667,-1.48000000000667,-1.70000000000667));
#19848=CARTESIAN_POINT('',(-1.58750000001,-1.48000000001,-1.70000000001));
#19849=CARTESIAN_POINT('',(-0.700000000006667,-1.48000000000667,-1.70000000000667));
#19850=CARTESIAN_POINT('',(-0.70000000001,-1.47500000001,-1.70000000001));
#19851=CARTESIAN_POINT('',(-0.700000000006667,-1.47000000000667,-1.70000000000667));
#19852=CARTESIAN_POINT('',(-0.67750000001,-1.47000000001,-1.70000000001));
#19853=CARTESIAN_POINT('',(-3.28579593844707,0.300000000000013,-0.891039708837351));
#19854=CARTESIAN_POINT('',(-3.29188361070874,0.300000000000013,-0.904229665404346));
#19855=CARTESIAN_POINT('',(-3.29499999999721,0.300000000000013,-0.918418492896685));
#19856=CARTESIAN_POINT('',(-3.29499999999666,0.300000000000013,-0.9329455265858));
#19857=CARTESIAN_POINT('',(-3.31238945311618,0.300000000001966,-0.878765778990117));
#19858=CARTESIAN_POINT('',(-3.32026016330179,0.300000000001966,-0.895818984392341));
#19859=CARTESIAN_POINT('',(-3.32428932188011,0.300000000001966,-0.914163623240437));
#19860=CARTESIAN_POINT('',(-3.3242893218794,0.300000000001966,-0.932945526586913));
#19861=CARTESIAN_POINT('',(-3.33119390767516,0.279289321883063,-0.870086799962924));
#19862=CARTESIAN_POINT('',(-3.34032541606797,0.279289321883063,-0.889871734814078));
#19863=CARTESIAN_POINT('',(-3.34500000000084,0.279289321883063,-0.911154976053298));
#19864=CARTESIAN_POINT('',(-3.34500000000001,0.279289321883063,-0.932945526587699));
#19865=CARTESIAN_POINT('',(-3.33119390767516,0.25,-0.870086799962925));
#19866=CARTESIAN_POINT('',(-3.34032541606797,0.25,-0.889871734814078));
#19867=CARTESIAN_POINT('',(-3.34500000000084,0.25,-0.911154976053298));
#19868=CARTESIAN_POINT('',(-3.34500000000001,0.25,-0.9329455265877));
#19869=CARTESIAN_POINT('',(-3.29500000001,0.25000000001,-0.932945526592));
#19870=CARTESIAN_POINT('',(-3.34500000000996,0.250000000005,-0.932945526590563));
#19871=CARTESIAN_POINT('',(-3.295000000001,0.300000000000006,-0.932945526582));
#19872=CARTESIAN_POINT('',(-3.19500000001,0.25000000001,-0.932945526592));
#19873=CARTESIAN_POINT('',(-3.33119390767534,0.25,-0.870086799962801));
#19874=CARTESIAN_POINT('',(-3.28579593846184,0.25000000001,-0.891039708845269));
#19875=CARTESIAN_POINT('',(-3.28579593844862,0.299999999999262,-0.891039708836727));
#19876=CARTESIAN_POINT('',(-3.295000000011,0.300000000010006,-0.932945526592));
#19877=CARTESIAN_POINT('',(-3.29500000001,0.30000000001,-0.918303070333461));
#19878=CARTESIAN_POINT('',(-3.29193197949338,0.30000000001,-0.904334464418146));
#19879=CARTESIAN_POINT('',(-3.28579593845862,0.300000000009262,-0.891039708846727));
#19880=CARTESIAN_POINT('',(-3.126283244643,1.305,-6.235261194063));
#19881=CARTESIAN_POINT('',(2.87500000001,1.30500000001,-5.57500000001));
#19882=CARTESIAN_POINT('',(2.87500000000667,1.30500000000667,-6.27500000000333));
#19883=CARTESIAN_POINT('',(2.4585421930745,1.30500000001,-6.27500000001));
#19884=CARTESIAN_POINT('',(2.91708438023358,1.305000000005,-6.275000000005));
#19885=CARTESIAN_POINT('',(3.,1.305,-6.4));
#19886=CARTESIAN_POINT('',(-0.655,-1.494479845768,-0.8976));
#19887=CARTESIAN_POINT('',(-0.65500000001,-1.47000000001,-1.35000000001));
#19888=CARTESIAN_POINT('',(-0.65500000001,-1.37500000001,-0.91500000001));
#19889=CARTESIAN_POINT('',(-0.655000000006667,-1.47000000000667,-0.915000000006667));
#19890=CARTESIAN_POINT('',(-0.65500000001,-1.47000000001,-1.35000000001));
#19891=CARTESIAN_POINT('',(-0.65500000001,-1.48000000001,-1.35000000001));
#19892=CARTESIAN_POINT('',(-2.435520154232,-1.6382,-6.5));
#19893=CARTESIAN_POINT('',(-2.45000000001,-0.78857864377245,-6.50000000001));
#19894=CARTESIAN_POINT('',(-2.45,-0.199999999999995,-6.5));
#19895=CARTESIAN_POINT('',(-2.45000000000667,-1.61000000000667,-6.50000000001));
#19896=CARTESIAN_POINT('',(-2.75000000001,-1.61000000001,-6.50000000001));
#19897=CARTESIAN_POINT('',(-3.05000000000667,-1.61000000000667,-6.50000000001));
#19898=CARTESIAN_POINT('',(-3.05000000001,-0.78857864377245,-6.50000000001));
#19899=CARTESIAN_POINT('',(-3.05,-0.2,-6.5));
#19900=CARTESIAN_POINT('',(-2.75000000001,-0.20000000001,-6.50000000001));
#19901=CARTESIAN_POINT('',(-0.1850948784372,-1.265520154232,-0.8849150349537));
#19902=CARTESIAN_POINT('',(-0.3230901162429,-1.47000000001,-0.82787914035005));
#19903=CARTESIAN_POINT('',(-0.44770348699528,-1.47000000000333,-0.77637421020998));
#19904=CARTESIAN_POINT('',(-0.447703487000294,-1.37500000001,-0.776374210212585));
#19905=CARTESIAN_POINT('',(-2.985520154232,-0.075,-1.385570174348));
#19906=CARTESIAN_POINT('',(-3.04750000001,-0.07500000001,-1.75000000001));
#19907=CARTESIAN_POINT('',(-3.04750000001,-0.0750000000100001,-2.10000000001));
#19908=CARTESIAN_POINT('',(-3.05979255963805,0.25,-0.40136572140571));
#19909=CARTESIAN_POINT('',(-3.208206478474,0.25000000001,-0.60361403668195));
#19910=CARTESIAN_POINT('',(-3.10653846153851,0.250000000000039,-0.383333333333439));
#19911=CARTESIAN_POINT('',(-3.05146991898928,0.25,-0.383333333333392));
#19912=CARTESIAN_POINT('',(-3.08223914975475,0.299999999998539,-0.449999999998061));
#19913=CARTESIAN_POINT('',(-3.17346821538859,0.300000000008532,-0.647662975532466));
#19914=CARTESIAN_POINT('',(-3.064479845768,-1.670238797133,-6.360238797133));
#19915=CARTESIAN_POINT('',(-3.05000000001,-1.63500000001,-6.32500000001));
#19916=CARTESIAN_POINT('',(-3.05000000000667,-1.66000000000667,-6.35000000000333));
#19917=CARTESIAN_POINT('',(-3.05000000000667,-1.61000000000333,-6.30000000000667));
#19918=CARTESIAN_POINT('',(-2.75000000001,-1.66000000001,-6.35000000001));
#19919=CARTESIAN_POINT('',(-2.45000000000667,-1.66000000000667,-6.35000000000333));
#19920=CARTESIAN_POINT('',(-2.45000000001,-1.63500000001,-6.32500000001));
#19921=CARTESIAN_POINT('',(-2.45000000000667,-1.61000000000333,-6.30000000000667));
#19922=CARTESIAN_POINT('',(-2.75000000001,-1.61000000001,-6.30000000001));
#19923=CARTESIAN_POINT('',(-3.109479845768,-0.3144798457681,-2.1));
#19924=CARTESIAN_POINT('',(-3.04750000001,0.30000000001,-2.10000000001));
#19925=CARTESIAN_POINT('',(-3.,0.3,-2.1));
#19926=CARTESIAN_POINT('',(-3.16749997499,0.07500000001,-2.10000000001));
#19927=CARTESIAN_POINT('',(-3.,0.075,-2.1));
#19928=CARTESIAN_POINT('',(-3.00000000001,0.,-2.10000000001));
#19929=CARTESIAN_POINT('',(1.982534683451,1.217483645926,-5.164479845768));
#19930=CARTESIAN_POINT('',(1.87632465181,1.3066044443215,-5.15000000001));
#19931=CARTESIAN_POINT('',(1.78120682554291,1.3864177772544,-5.15000000000333));
#19932=CARTESIAN_POINT('',(1.90803059389727,1.28000000001,-5.15000000001));
#19933=CARTESIAN_POINT('',(1.78120682554651,1.38641777725742,-4.92500000001));
#19934=CARTESIAN_POINT('',(1.7812068255429,1.3864177772544,-4.70000000000333));
#19935=CARTESIAN_POINT('',(1.87632465181,1.3066044443215,-4.70000000001));
#19936=CARTESIAN_POINT('',(1.90803059389716,1.28000000001001,-4.70000000001));
#19937=CARTESIAN_POINT('',(1.982534683451,1.217483645926,-4.7));
#19938=CARTESIAN_POINT('',(1.982534683461,1.217483645936,-5.15000000001));
#19939=CARTESIAN_POINT('',(1.93782443371218,1.25500000001,-5.15000000001));
#19940=CARTESIAN_POINT('',(1.982534683461,1.217483645936,-5.15000000001));
#19941=CARTESIAN_POINT('',(-2.985520154232,0.3144798457681,-1.75));
#19942=CARTESIAN_POINT('',(-1.34998046127832E-11,-0.30000000001,-1.75000000001));
#19943=CARTESIAN_POINT('',(-3.04500000002067,-0.30000000001,-1.75000000000667));
#19944=CARTESIAN_POINT('',(-3.04500000001,-0.25000000001,-1.75000000001));
#19945=CARTESIAN_POINT('',(-3.426800000006,0.3,-0.3969999999995));
#19946=CARTESIAN_POINT('',(-3.00000000001,0.30000000001,-1.77500000000975));
#19947=CARTESIAN_POINT('',(-3.,0.3,-1.75));
#19948=CARTESIAN_POINT('',(-3.04750000001,0.30000000001,-1.75000000001));
#19949=CARTESIAN_POINT('',(-3.04500000000667,0.30000000001,-1.75000000000667));
#19950=CARTESIAN_POINT('',(-3.045000000015,0.30000000001,-1.68500000001));
#19951=CARTESIAN_POINT('',(-3.04500000001,0.30000000001,-1.62000000000883));
#19952=CARTESIAN_POINT('',(-3.2950000000128,0.30000000001,-1.37000000001));
#19953=CARTESIAN_POINT('',(-3.14855339060327,0.30000000001,-1.37000000001));
#19954=CARTESIAN_POINT('',(-3.04500000001,0.30000000001,-1.47355339060327));
#19955=CARTESIAN_POINT('',(-3.0450000000125,0.30000000001,-1.62000000001325));
#19956=CARTESIAN_POINT('',(-3.295000000014,0.30000000001,-1.15147276330095));
#19957=CARTESIAN_POINT('',(0.,0.300000000008868,-0.450000000008499));
#19958=CARTESIAN_POINT('',(3.0822391497578,0.299999999999716,-0.449999999999253));
#19959=CARTESIAN_POINT('',(3.05979255964726,0.300000000009999,-0.401365721416641));
#19960=CARTESIAN_POINT('',(3.2857959384503,0.3,-0.891039708835923));
#19961=CARTESIAN_POINT('',(3.29500000001,0.30000000001,-0.932945526592));
#19962=CARTESIAN_POINT('',(3.29500000001,0.30000000001,-0.918418492903718));
#19963=CARTESIAN_POINT('',(3.29188361072144,0.30000000001,-0.904229665412248));
#19964=CARTESIAN_POINT('',(3.2857959384603,0.30000000001,-0.891039708845923));
#19965=CARTESIAN_POINT('',(-1.30002042517019E-11,0.30000000001,-2.10000000001));
#19966=CARTESIAN_POINT('',(3.1376699022474,0.300000000010001,-3.02428649037451));
#19967=CARTESIAN_POINT('',(3.07803538946959,0.300000000010002,-2.97599541409932));
#19968=CARTESIAN_POINT('',(3.04500000001,0.300000000010002,-2.90673527978444));
#19969=CARTESIAN_POINT('',(3.04500000001,0.300000000010001,-2.83000000000999));
#19970=CARTESIAN_POINT('',(3.1376699022374,0.300000000000001,-3.02428649036451));
#19971=CARTESIAN_POINT('',(3.13766990224728,0.30000000001,-3.02428649037463));
#19972=CARTESIAN_POINT('',(3.23116830000715,0.30000000001,-3.10000000001));
#19973=CARTESIAN_POINT('',(-1.29999874112674E-11,0.30000000001,-3.10000000001));
#19974=CARTESIAN_POINT('',(2.88000000000667,0.300000000006667,-3.10000000000667));
#19975=CARTESIAN_POINT('',(2.88000000001,0.30000000001,-1.77500000000975));
#19976=CARTESIAN_POINT('',(2.88000000000667,0.300000000007192,-0.795803989157873));
#19977=CARTESIAN_POINT('',(-1.29999874112674E-11,0.30000000001,-0.7958039891649));
#19978=CARTESIAN_POINT('',(1.38000000001,0.30000000001,-1.77500000000975));
#19979=CARTESIAN_POINT('',(1.38,0.3,-0.79580398915495));
#19980=CARTESIAN_POINT('',(-1.29999874112674E-11,0.30000000001,-0.7958039891649));
#19981=CARTESIAN_POINT('',(1.12,0.3,-0.79580398915495));
#19982=CARTESIAN_POINT('',(1.12000000001,0.30000000001,-1.77500000000975));
#19983=CARTESIAN_POINT('',(-0.62000000001,0.30000000001,-1.77500000000975));
#19984=CARTESIAN_POINT('',(-0.62,0.3,-1.295803989155));
#19985=CARTESIAN_POINT('',(-1.29999874112674E-11,0.30000000001,-1.295803989165));
#19986=CARTESIAN_POINT('',(-0.88,0.3,-1.295803989155));
#19987=CARTESIAN_POINT('',(-0.88000000001,0.30000000001,-1.77500000000975));
#19988=CARTESIAN_POINT('',(-0.8227940468532,-1.08,-5.2));
#19989=CARTESIAN_POINT('',(-0.6942365249259,-1.233208888634,-5.40000000001));
#19990=CARTESIAN_POINT('',(-0.694236524919443,-1.23320888862794,-5.20000000000667));
#19991=CARTESIAN_POINT('',(-0.8227940468532,-1.08,-5.20000000001));
#19992=CARTESIAN_POINT('',(0.009479845768134,-1.4698,-2.85));
#19993=CARTESIAN_POINT('',(-0.00500000001,-1.38000000001,-2.85000000001));
#19994=CARTESIAN_POINT('',(-0.00500000000666667,-1.47000000000667,-2.85000000000667));
#19995=CARTESIAN_POINT('',(-0.00500000000666674,-1.48000000000667,-2.85000000000667));
#19996=CARTESIAN_POINT('',(-1.58750000001,-1.48000000001,-2.85000000001));
#19997=CARTESIAN_POINT('',(-0.700000000006667,-1.48000000000667,-2.85000000000667));
#19998=CARTESIAN_POINT('',(-0.70000000001,-1.47500000001,-2.85000000001));
#19999=CARTESIAN_POINT('',(-0.700000000006667,-1.47000000000667,-2.85000000000667));
#20000=CARTESIAN_POINT('',(-0.352500000009983,-1.47000000001,-2.85000000001));
#20001=CARTESIAN_POINT('',(-3.045,-0.25,-2.83));
#20002=CARTESIAN_POINT('',(-3.045000000036,-0.30000000001,-1.77500000001));
#20003=CARTESIAN_POINT('',(-3.0450000000229,-0.300000000009998,-1.62000000001));
#20004=CARTESIAN_POINT('',(-3.0450000000098,-0.250000000010001,-1.62000000001));
#20005=CARTESIAN_POINT('',(-2.803,-1.269479845768,-5.15));
#20006=CARTESIAN_POINT('',(-2.07500000001,0.85500000001,-5.15000000001));
#20007=CARTESIAN_POINT('',(-1.5750000000072,0.855000000008607,-5.15000000000667));
#20008=CARTESIAN_POINT('',(-1.47500000001,1.05500000001025,-5.15000000001));
#20009=CARTESIAN_POINT('',(-1.3750000000075,1.25500000000873,-5.15000000000667));
#20010=CARTESIAN_POINT('',(-2.07500000001,1.25500000001,-5.15000000001));
#20011=CARTESIAN_POINT('',(-1.524091781672,1.08000000001,-5.15000000001));
#20012=CARTESIAN_POINT('',(-1.65264930360898,1.23320888863464,-5.15000000000667));
#20013=CARTESIAN_POINT('',(-1.853977161523,1.064274757313,-5.15000000001));
#20014=CARTESIAN_POINT('',(-1.84288495613483,1.07358222276311,-5.15000000000667));
#20015=CARTESIAN_POINT('',(-2.10000000001,1.38000000001,-5.15000000001));
#20016=CARTESIAN_POINT('',(-2.3571150438769,1.07358222275602,-5.15000000000667));
#20017=CARTESIAN_POINT('',(-2.558442901799,1.242516354084,-5.15000000001));
#20018=CARTESIAN_POINT('',(-2.54735069640375,1.23320888862794,-5.15000000000667));
#20019=CARTESIAN_POINT('',(-2.675908218348,1.08000000001,-5.15000000001));
#20020=CARTESIAN_POINT('',(-2.57908363469281,1.25500000001,-5.15000000001));
#20021=CARTESIAN_POINT('',(-2.07500000001,1.25500000001,-5.15000000001));
#20022=CARTESIAN_POINT('',(1.25,1.265520154232,-5.535520154232));
#20023=CARTESIAN_POINT('',(1.25000000001,1.28000000001,-3.20000000004367));
#20024=CARTESIAN_POINT('',(1.25,1.28,-5.65));
#20025=CARTESIAN_POINT('',(1.25,1.28,-5.55));
#20026=CARTESIAN_POINT('',(1.25000000001,1.38000000001,-5.55000000001));
#20027=CARTESIAN_POINT('',(1.25000000001,1.38000000001,-5.65000000001));
#20028=CARTESIAN_POINT('',(0.500466667682815,0.797909292713987,-6.2));
#20029=CARTESIAN_POINT('',(0.32128124023425,0.778095595604,-6.20000000001));
#20030=CARTESIAN_POINT('',(0.500466667682815,0.797909292713987,-6.35));
#20031=CARTESIAN_POINT('',(0.468327246972171,0.836211562809829,-6.35));
#20032=CARTESIAN_POINT('',(0.564745428632393,0.72130484842475,-6.2));
#20033=CARTESIAN_POINT('',(1.147794046853,1.08,-6.30000000000004));
#20034=CARTESIAN_POINT('',(1.147794046853,1.08,-6.3499999999999));
#20035=CARTESIAN_POINT('',(0.987097147419752,1.27151111338031,-6.3500000000801));
#20036=CARTESIAN_POINT('',(1.147794046409,1.33000000000495,-6.3499999999999));
#20037=CARTESIAN_POINT('',(1.147794045965,1.3049999999775,-6.3249999999775));
#20038=CARTESIAN_POINT('',(1.00316683754347,1.25236000211154,-6.32500000001));
#20039=CARTESIAN_POINT('',(-3.064479845768,-1.599761202867,-6.510238797133));
#20040=CARTESIAN_POINT('',(0.75,-1.599761202867,-6.510238797133));
#20041=CARTESIAN_POINT('',(0.750000000006667,-1.61000000000667,-6.50000000001));
#20042=CARTESIAN_POINT('',(0.750000000006667,-1.66000000001,-6.45000000000667));
#20043=CARTESIAN_POINT('',(0.50000000001,-1.66000000001,-6.45000000001));
#20044=CARTESIAN_POINT('',(0.50000000001,-1.61000000001,-6.50000000001));
#20045=CARTESIAN_POINT('',(-4.16,-1.1492,-4.7));
#20046=CARTESIAN_POINT('',(2.32367534821,-1.3066044443215,-4.70000000001));
#20047=CARTESIAN_POINT('',(2.29196940612273,-1.28000000001,-4.70000000001));
#20048=CARTESIAN_POINT('',(2.41879317447012,-1.38641777725414,-4.70000000000667));
#20049=CARTESIAN_POINT('',(2.675908218338,-1.08,-4.7));
#20050=CARTESIAN_POINT('',(2.67590821834467,-1.48000000000667,-4.70000000000667));
#20051=CARTESIAN_POINT('',(2.10000000001,-1.48000000001,-4.70000000001));
#20052=CARTESIAN_POINT('',(1.52409178166867,-1.48000000000667,-4.70000000000667));
#20053=CARTESIAN_POINT('',(1.524091781662,-1.08,-4.7));
#20054=CARTESIAN_POINT('',(1.78120682554287,-1.38641777725436,-4.70000000000333));
#20055=CARTESIAN_POINT('',(1.8763246518095,-1.306604444321,-4.70000000001));
#20056=CARTESIAN_POINT('',(1.90803059389584,-1.28000000001,-4.70000000001));
#20057=CARTESIAN_POINT('',(1.26250000001,-1.28000000001,-4.70000000001));
#20058=CARTESIAN_POINT('',(-4.17,-0.43,-5.8));
#20059=CARTESIAN_POINT('',(-4.27000000001,-0.28000000001,-5.800000937837));
#20060=CARTESIAN_POINT('',(-4.37000046891901,-0.280000000010721,-5.8000004689185));
#20061=CARTESIAN_POINT('',(-4.37000000977564,-0.43,-5.8));
#20062=CARTESIAN_POINT('',(-4.37,-0.43,-5.95));
#20063=CARTESIAN_POINT('',(-4.27000000001,-0.43000000001,-5.95000000001));
#20064=CARTESIAN_POINT('',(-0.3728864707187,0.6908567965354,-6.314479845743));
#20065=CARTESIAN_POINT('',(-1.01923652497982,1.23320888867921,-6.0460910140085));
#20066=CARTESIAN_POINT('',(-1.01923652498324,1.23320888868203,-5.800000000005));
#20067=CARTESIAN_POINT('',(-1.01923652497239,1.2332088886732,-6.299999999993));
#20068=CARTESIAN_POINT('',(-0.70239826308485,0.9673500199807,-6.299999999976));
#20069=CARTESIAN_POINT('',(-0.414820295225666,0.726043453207307,-6.29999999998635));
#20070=CARTESIAN_POINT('',(-0.500466667664959,0.797909292732914,-6.2));
#20071=CARTESIAN_POINT('',(-0.500466667663246,0.797909292737308,-5.95));
#20072=CARTESIAN_POINT('',(-0.500466667662647,0.797909292736805,-5.8));
#20073=CARTESIAN_POINT('',(-0.70239826308485,0.9673500199807,-5.80000000001));
#20074=CARTESIAN_POINT('',(-0.866443121297608,1.10500000000781,-5.80000000001));
#20075=CARTESIAN_POINT('',(-0.3728864707187,0.6908567965354,-5.8));
#20076=CARTESIAN_POINT('',(-0.7144798457681,-1.47,-0.6855201542319));
#20077=CARTESIAN_POINT('',(-0.297500000009985,-1.47000000001,-0.70000000001));
#20078=CARTESIAN_POINT('',(-0.145,-1.47,-0.75));
#20079=CARTESIAN_POINT('',(-0.202296513014713,-1.47000000000333,-0.888625789804734));
#20080=CARTESIAN_POINT('',(-0.3269098837771,-1.47000000001,-0.83712085966995));
#20081=CARTESIAN_POINT('',(-0.451523254529507,-1.47000000000333,-0.78561592952979));
#20082=CARTESIAN_POINT('',(-0.505,-1.47,-0.915));
#20083=CARTESIAN_POINT('',(-4.37,0.319,0.154));
#20084=CARTESIAN_POINT('',(-4.37,0.33,-6.45));
#20085=CARTESIAN_POINT('',(-4.37,0.280000000004933,-6.36339745961871));
#20086=CARTESIAN_POINT('',(-4.37,0.23,-6.45));
#20087=CARTESIAN_POINT('',(-4.37000000001,0.23000000001,-6.849999999995));
#20088=CARTESIAN_POINT('',(-4.37000000000667,0.230000000006667,-7.40000000000667));
#20089=CARTESIAN_POINT('',(-4.37,-0.07,-7.4));
#20090=CARTESIAN_POINT('',(-4.37000000000667,-0.0700000000066665,-7.70000000000667));
#20091=CARTESIAN_POINT('',(-4.37000000001,-0.69500000001,-7.70000000001));
#20092=CARTESIAN_POINT('',(-4.37000000000667,-0.270000000006667,-7.70000000000667));
#20093=CARTESIAN_POINT('',(-4.37,-0.270000000000001,-7.4));
#20094=CARTESIAN_POINT('',(-4.37000000000667,-0.570000000006667,-7.40000000000667));
#20095=CARTESIAN_POINT('',(-4.37000000001,-0.57000000001,-7.086803398885));
#20096=CARTESIAN_POINT('',(-4.37,-0.57,-6.77360679775));
#20097=CARTESIAN_POINT('',(-4.37,-0.42,-6.77360679775));
#20098=CARTESIAN_POINT('',(-4.37,-0.52,-6.661803398875));
#20099=CARTESIAN_POINT('',(-4.37000000001,-0.62,-6.55));
#20100=CARTESIAN_POINT('',(-4.37,-0.731803398874984,-6.44999999999998));
#20101=CARTESIAN_POINT('',(-4.37000000001,-0.84360679775,-6.35));
#20102=CARTESIAN_POINT('',(-4.37,-1.52,-6.35));
#20103=CARTESIAN_POINT('',(-4.37,-1.67,-6.3500004689135));
#20104=CARTESIAN_POINT('',(-4.37000000001,-1.67000000001,-6.225000351695));
#20105=CARTESIAN_POINT('',(-4.37000000001,-0.97500000001,-5.95000000001));
#20106=CARTESIAN_POINT('',(-4.37000000001,-0.28000000001,-2.90000000001));
#20107=CARTESIAN_POINT('',(-4.37000000001,0.28000000001,-3.1816987298208));
#20108=CARTESIAN_POINT('',(-0.75,-1.48,-5.));
#20109=CARTESIAN_POINT('',(-0.75,-1.48,-5.));
#20110=CARTESIAN_POINT('',(-0.900000000006022,-1.48000000000667,-4.99999974601195));
#20111=CARTESIAN_POINT('',(-0.750000000005,-1.480000000005,-4.85000000001));
#20112=CARTESIAN_POINT('',(-0.90000000001,-1.38000000001,-5.00000000001));
#20113=CARTESIAN_POINT('',(-0.75000000001,-1.38000000001,-4.85000000001));
#20114=CARTESIAN_POINT('',(1.508,-1.094761202867,-4.689761202867));
#20115=CARTESIAN_POINT('',(0.,-1.25500000001,-4.85000000001));
#20116=CARTESIAN_POINT('',(1.37500000000818,-1.25500000000789,-4.85000000000442));
#20117=CARTESIAN_POINT('',(1.45000000001017,-1.10500000001008,-4.70000000001));
#20118=CARTESIAN_POINT('',(1.45000000000863,-1.10500000000648,-4.70000000000777));
#20119=CARTESIAN_POINT('',(0.,-1.10500000001,-4.70000000001));
#20120=CARTESIAN_POINT('',(-1.45000000000865,-1.10500000000645,-4.70000000000778));
#20121=CARTESIAN_POINT('',(-1.45000000001017,-1.10500000001004,-4.70000000001004));
#20122=CARTESIAN_POINT('',(-1.37500000000798,-1.25500000000779,-4.85000000000446));
#20123=CARTESIAN_POINT('',(0.,-1.25500000001,-4.85000000001));
#20124=CARTESIAN_POINT('',(0.,-1.25500000001,-4.85000000001));
#20125=CARTESIAN_POINT('',(1.26250000001,-1.28000000001,-4.87500000001));
#20126=CARTESIAN_POINT('',(3.35,-1.304899738218,-6.285520154232));
#20127=CARTESIAN_POINT('',(3.35000000001,0.10500000001,-6.45000000001));
#20128=CARTESIAN_POINT('',(3.35000000000667,0.105000000006667,-6.50000000000667));
#20129=CARTESIAN_POINT('',(3.35000000000667,0.105000000006667,-6.40000000000667));
#20130=CARTESIAN_POINT('',(3.35000000001,-0.00750654455749998,-6.40000000001));
#20131=CARTESIAN_POINT('',(3.35000000000667,-1.25500000000667,-6.40000000000667));
#20132=CARTESIAN_POINT('',(3.35000000001,-1.25500000001,-6.40000000001));
#20133=CARTESIAN_POINT('',(3.35000000001,1.239986910915,-6.40000000001));
#20134=CARTESIAN_POINT('',(3.35000000000735,1.23998691091217,-6.50000000000667));
#20135=CARTESIAN_POINT('',(3.35000000001,-0.00750654455749998,-6.50000000001));
#20136=CARTESIAN_POINT('',(-2.985520154232,0.3144798457681,-1.75));
#20137=CARTESIAN_POINT('',(-3.04500000001,0.25000000001,-1.75000000001));
#20138=CARTESIAN_POINT('',(-3.00000000001,0.,-1.75000000001));
#20139=CARTESIAN_POINT('',(-3.,0.075,-1.75));
#20140=CARTESIAN_POINT('',(-3.04750000001,0.0750000000100001,-1.75000000001));
#20141=CARTESIAN_POINT('',(0.06447984576813,-1.4698,-3.85));
#20142=CARTESIAN_POINT('',(-0.65500000001,-1.38000000001,-3.85000000001));
#20143=CARTESIAN_POINT('',(-0.655000000006667,-1.48000000000667,-3.85000000000667));
#20144=CARTESIAN_POINT('',(-1.58750000001,-1.48000000001,-3.85000000001));
#20145=CARTESIAN_POINT('',(-0.700000000006667,-1.48000000000667,-3.85000000000667));
#20146=CARTESIAN_POINT('',(-0.70000000001,-1.47500000001,-3.85000000001));
#20147=CARTESIAN_POINT('',(4.15976120286,0.2155201542319,-6.28976120286));
#20148=CARTESIAN_POINT('',(4.20169873011785,0.279999992051476,-6.3316987301175));
#20149=CARTESIAN_POINT('',(4.17000000001019,0.279999999016362,-6.30000000000405));
#20150=CARTESIAN_POINT('',(4.23339862966514,0.279997973528068,-6.36339862966857));
#20151=CARTESIAN_POINT('',(4.32,0.33,-6.45));
#20152=CARTESIAN_POINT('',(4.32000000001,0.23000000001,-6.45000000001));
#20153=CARTESIAN_POINT('',(4.15976120286,0.23,-6.28976120286));
#20154=CARTESIAN_POINT('',(4.17000000000956,0.230000000002667,-6.29999999999567));
#20155=CARTESIAN_POINT('',(4.17000000001,-0.69500000135005,-6.299999999999));
#20156=CARTESIAN_POINT('',(3.195,0.25,-0.932945526582));
#20157=CARTESIAN_POINT('',(3.19500000001,0.25000000001,-0.932945526592));
#20158=CARTESIAN_POINT('',(3.19500000001,-0.25000000001,-0.932945526592));
#20159=CARTESIAN_POINT('',(-0.4649051215628,-1.484479845768,-0.7800849650463));
#20160=CARTESIAN_POINT('',(-0.451523254534541,-1.37500000001,-0.785615929532399));
#20161=CARTESIAN_POINT('',(-0.451523254531221,-1.28000000000333,-0.78561592952905));
#20162=CARTESIAN_POINT('',(-0.202296513019706,-1.37500000001,-0.888625789807415));
#20163=CARTESIAN_POINT('',(-0.202296513016346,-1.28000000000333,-0.88862578980404));
#20164=CARTESIAN_POINT('',(-0.4649051215628,-1.28,-0.7800849650463));
#20165=CARTESIAN_POINT('',(-3.295,-0.25,-1.37));
#20166=CARTESIAN_POINT('',(-3.295000000067,0.,-1.42000000001));
#20167=CARTESIAN_POINT('',(-3.34500000001,0.,-1.37000000001));
#20168=CARTESIAN_POINT('',(-3.295000000061,0.,-1.42000000001));
#20169=CARTESIAN_POINT('',(-3.295000000027,0.0750000000066667,-1.42000000001));
#20170=CARTESIAN_POINT('',(-3.29500000001,0.07500000001,-1.37000000001));
#20171=CARTESIAN_POINT('',(-3.33499189500395,0.075,-1.40003215642858));
#20172=CARTESIAN_POINT('',(-3.33499980038147,-0.07500000001,-1.40000026617954));
#20173=CARTESIAN_POINT('',(-3.064479845768,-1.66,-6.464479845768));
#20174=CARTESIAN_POINT('',(1.52000000001,-1.66000000001,-6.45000000001));
#20175=CARTESIAN_POINT('',(1.80000000000667,-1.66000000001,-6.45000000000667));
#20176=CARTESIAN_POINT('',(1.80000000001,-1.66000000001,-6.40000000001));
#20177=CARTESIAN_POINT('',(1.105520154232,0.35,-3.143083920217));
#20178=CARTESIAN_POINT('',(2.75000000001,0.35000000001,-0.945803989165));
#20179=CARTESIAN_POINT('',(2.88000000000667,0.35000000001,-0.945803989158333));
#20180=CARTESIAN_POINT('',(2.88000000001,0.35000000001,-1.94790199458735));
#20181=CARTESIAN_POINT('',(-0.88,0.2855201542319,-1.259720068938));
#20182=CARTESIAN_POINT('',(-0.88000000001,0.3500000000099,-2.1979019945875));
#20183=CARTESIAN_POINT('',(-0.880000000006667,0.350000000009967,-1.44580398915833));
#20184=CARTESIAN_POINT('',(-0.88000000001,0.10000000001,-1.445803989165));
#20185=CARTESIAN_POINT('',(-0.7,-1.4802,-0.6855201542319));
#20186=CARTESIAN_POINT('',(-0.70000000001,-1.48000000001,-2.82500000001));
#20187=CARTESIAN_POINT('',(-0.70000000001,-1.47000000001,-1.85000000001));
#20188=CARTESIAN_POINT('',(-1.770114620149,1.395725242697,-5.164479845768));
#20189=CARTESIAN_POINT('',(-1.770114620159,1.395725242707,-4.70000000001));
#20190=CARTESIAN_POINT('',(-1.78120682554646,1.38641777725736,-4.92500000001));
#20191=CARTESIAN_POINT('',(-1.770114620159,1.395725242707,-5.15000000001));
#20192=CARTESIAN_POINT('',(3.05979255963867,0.25,-0.40136572140599));
#20193=CARTESIAN_POINT('',(3.05146991898977,0.25,-0.383333333333392));
#20194=CARTESIAN_POINT('',(3.28579593845982,0.25000000001,-0.891039708846147));
#20195=CARTESIAN_POINT('',(-0.505,-1.28,-3.935));
#20196=CARTESIAN_POINT('',(-0.451523254534489,-1.37500000001,-4.06438407048778));
#20197=CARTESIAN_POINT('',(-0.451523254524476,-1.28,-4.06438407047774));
#20198=CARTESIAN_POINT('',(-0.64500000001,-1.37500000001,-3.935000006129));
#20199=CARTESIAN_POINT('',(-0.64500000001,-1.28000000000333,-3.935000002043));
#20200=CARTESIAN_POINT('',(-0.505,-1.28,-3.935));
#20201=CARTESIAN_POINT('',(2.558442901789,-1.242516354074,-5.164479845768));
#20202=CARTESIAN_POINT('',(2.452232870148,-1.1533955556985,-4.70000000001));
#20203=CARTESIAN_POINT('',(2.54735069640375,-1.23320888862794,-4.70000000000667));
#20204=CARTESIAN_POINT('',(2.3571150438769,-1.07358222275602,-4.70000000000667));
#20205=CARTESIAN_POINT('',(2.547350696411,-1.233208888634,-4.92500000001));
#20206=CARTESIAN_POINT('',(2.54735069640375,-1.23320888862794,-5.15000000000667));
#20207=CARTESIAN_POINT('',(2.558442901799,-1.242516354084,-5.15000000001));
#20208=CARTESIAN_POINT('',(2.3571150438769,-1.07358222275602,-5.15000000000667));
#20209=CARTESIAN_POINT('',(2.35711504388405,-1.07358222276194,-4.92500000001));
#20210=CARTESIAN_POINT('',(-4.17,-0.62,-6.55));
#20211=CARTESIAN_POINT('',(4.27000000001,-0.731803398885005,-6.45000000001));
#20212=CARTESIAN_POINT('',(4.37000000000667,-0.731803398881672,-6.45000000000667));
#20213=CARTESIAN_POINT('',(4.17000000000667,-0.731803398881672,-6.45000000000667));
#20214=CARTESIAN_POINT('',(4.17000000001,-0.62,-6.55));
#20215=CARTESIAN_POINT('',(4.17000000000667,-0.520000000003331,-6.66180339887833));
#20216=CARTESIAN_POINT('',(4.27000000001,-0.520000000010005,-6.66180339888499));
#20217=CARTESIAN_POINT('',(4.37000000000667,-0.520000000006671,-6.66180339888166));
#20218=CARTESIAN_POINT('',(4.37000000001,-0.62,-6.55));
#20219=CARTESIAN_POINT('',(-3.295,-0.25,-2.83));
#20220=CARTESIAN_POINT('',(-3.29500000001,-0.25000000001,-2.83000000001));
#20221=CARTESIAN_POINT('',(-0.645,-1.265520154232,-1.802400019459));
#20222=CARTESIAN_POINT('',(-0.64500000001,-1.47000000001,-3.4999999908315));
#20223=CARTESIAN_POINT('',(-0.64500000001,-1.47000000000333,-3.064999981646));
#20224=CARTESIAN_POINT('',(-0.64500000001,-1.38000000001,-3.064999944938));
#20225=CARTESIAN_POINT('',(-0.64500000001,-1.28000000000333,-3.064999981646));
#20226=CARTESIAN_POINT('',(-0.64500000001,-1.28000000001,-2.85000000001561));
#20227=CARTESIAN_POINT('',(-0.64500000001,-1.38000000001,-3.85000000001));
#20228=CARTESIAN_POINT('',(-0.645000000006667,-1.48000000000667,-3.85000000000667));
#20229=CARTESIAN_POINT('',(-0.64500000001,-1.48000000001,-3.4999999908315));
#20230=CARTESIAN_POINT('',(1.524091781662,-1.08,-5.15));
#20231=CARTESIAN_POINT('',(1.78120682554646,-1.38641777725736,-4.92500000001));
#20232=CARTESIAN_POINT('',(1.78120682554287,-1.38641777725437,-5.15000000000333));
#20233=CARTESIAN_POINT('',(1.524091781672,-1.48000000001,-2.82500000001));
#20234=CARTESIAN_POINT('',(1.52409178166867,-1.48000000000667,-5.15000000000667));
#20235=CARTESIAN_POINT('',(1.524091781662,-1.08,-5.15));
#20236=CARTESIAN_POINT('',(-2.45,-0.2,-6.2));
#20237=CARTESIAN_POINT('',(0.50000000001,-0.20000000001,-6.50000000001));
#20238=CARTESIAN_POINT('',(0.750000000006667,-0.200000000006665,-6.50000000000667));
#20239=CARTESIAN_POINT('',(0.75,-0.2,-6.2));
#20240=CARTESIAN_POINT('',(0.05829999998162,-1.390238797106,0.01023879710593));
#20241=CARTESIAN_POINT('',(-0.0050000000100001,-1.32999999998,-0.050000000039985));
#20242=CARTESIAN_POINT('',(-3.169999998784,-1.32999999998,-0.050000000039985));
#20243=CARTESIAN_POINT('',(0.05,-1.4698,-1.014479845768));
#20244=CARTESIAN_POINT('',(0.0500000000099999,-1.48000000001,-2.82500000001));
#20245=CARTESIAN_POINT('',(0.05000000001,-1.47000000001,-3.00000000001));
#20246=CARTESIAN_POINT('',(3.137669902237,0.25,-3.02428649036499));
#20247=CARTESIAN_POINT('',(3.13766990224726,0.25000000001,-3.02428649037467));
#20248=CARTESIAN_POINT('',(3.257067960905,0.25000000001,-3.056635153575));
#20249=CARTESIAN_POINT('',(3.3106190864573,0.250000000006667,-3.10000000000684));
#20250=CARTESIAN_POINT('',(3.23116829999654,0.25,-3.1));
#20251=CARTESIAN_POINT('',(2.346022838487,1.064274757303,-4.685520154232));
#20252=CARTESIAN_POINT('',(2.4522328701475,1.153395555699,-4.70000000001));
#20253=CARTESIAN_POINT('',(2.35711504388509,1.07358222276316,-4.70000000000667));
#20254=CARTESIAN_POINT('',(2.5473506964032,1.23320888862807,-4.70000000000667));
#20255=CARTESIAN_POINT('',(2.35711504388388,1.07358222276215,-4.92500000001));
#20256=CARTESIAN_POINT('',(2.35711504388509,1.07358222276316,-5.15000000000667));
#20257=CARTESIAN_POINT('',(2.346022838497,1.064274757313,-5.15000000001));
#20258=CARTESIAN_POINT('',(2.5473506964032,1.23320888862807,-5.15000000000667));
#20259=CARTESIAN_POINT('',(2.54735069641097,1.23320888863403,-4.92500000001));
#20260=CARTESIAN_POINT('',(-3.484,-1.3062,-6.3));
#20261=CARTESIAN_POINT('',(-0.50000000001,-1.61000000001,-6.30000000001));
#20262=CARTESIAN_POINT('',(-0.750000000006667,-1.61000000000333,-6.30000000000667));
#20263=CARTESIAN_POINT('',(0.,-1.25500000001,-6.30000000001));
#20264=CARTESIAN_POINT('',(-0.75000000001,-0.78857864377245,-6.30000000001));
#20265=CARTESIAN_POINT('',(-1.25,1.494479845768,-5.664479845768));
#20266=CARTESIAN_POINT('',(-1.25000000001,1.28000000001,-3.20000000004367));
#20267=CARTESIAN_POINT('',(-1.25000000001,1.28000000000667,-5.65000000000333));
#20268=CARTESIAN_POINT('',(-1.25000000001,1.3771026893205,-5.65000000001));
#20269=CARTESIAN_POINT('',(2.568524416112,0.8420488322235,-5.164479845768));
#20270=CARTESIAN_POINT('',(2.67500000001,1.05500000001025,-5.15000000001));
#20271=CARTESIAN_POINT('',(2.7750000000045,1.25500000000606,-5.15000000000667));
#20272=CARTESIAN_POINT('',(2.568524416122,0.8420488322335,-4.70000000001));
#20273=CARTESIAN_POINT('',(2.70000000000756,1.10500000000554,-4.70000000001));
#20274=CARTESIAN_POINT('',(2.70000000000683,1.10500000000408,-4.700000000005));
#20275=CARTESIAN_POINT('',(2.77500000000979,1.25500000001002,-4.85000000000998));
#20276=CARTESIAN_POINT('',(2.77500000001,1.25500000001,-5.57500000001));
#20277=CARTESIAN_POINT('',(-2.568524416112,-0.8420488322235,-4.685520154232));
#20278=CARTESIAN_POINT('',(-2.57500000001018,-0.855000000009909,-4.92500000001));
#20279=CARTESIAN_POINT('',(-2.57500000000021,-0.854999999999955,-4.7));
#20280=CARTESIAN_POINT('',(-2.568524416122,-0.8420488322335,-4.70000000001));
#20281=CARTESIAN_POINT('',(-2.7000000000084,-1.10500000000722,-4.70000000001));
#20282=CARTESIAN_POINT('',(-2.70000000000802,-1.10500000000646,-4.70000000000603));
#20283=CARTESIAN_POINT('',(-2.77500000000911,-1.25500000000995,-4.85000000000807));
#20284=CARTESIAN_POINT('',(-2.775000000009,-1.25500000001,-5.625000000007));
#20285=CARTESIAN_POINT('',(-3.18,0.285,-4.70000000000009));
#20286=CARTESIAN_POINT('',(-4.0750000000085,0.284999998977476,-4.7750000000085));
#20287=CARTESIAN_POINT('',(-4.00000000000696,0.284999999493738,-4.70000000001009));
#20288=CARTESIAN_POINT('',(-3.18000000001,0.28500000001,-4.70000000001009));
#20289=CARTESIAN_POINT('',(-3.17999999992767,1.10500000000543,-4.7000000000065));
#20290=CARTESIAN_POINT('',(-3.179999999763,1.1925000000085,-4.787500000008));
#20291=CARTESIAN_POINT('',(3.295,-0.299999999999999,-1.36999999999983));
#20292=CARTESIAN_POINT('',(3.295,-0.3000000000001,-1.39928932188125));
#20293=CARTESIAN_POINT('',(3.295,-0.279289321881425,-1.42));
#20294=CARTESIAN_POINT('',(3.295,-0.250000000000001,-1.42));
#20295=CARTESIAN_POINT('',(3.32501450702556,-0.299999999999999,-1.36999999999983));
#20296=CARTESIAN_POINT('',(3.32501450702556,-0.3000000000001,-1.39928932188125));
#20297=CARTESIAN_POINT('',(3.32501450702556,-0.279289321881425,-1.42));
#20298=CARTESIAN_POINT('',(3.32501450702556,-0.25,-1.42));
#20299=CARTESIAN_POINT('',(3.345,-0.278556622415646,-1.3699999999999));
#20300=CARTESIAN_POINT('',(3.345,-0.278556622415704,-1.38672808211547));
#20301=CARTESIAN_POINT('',(3.345,-0.266728082115564,-1.39855662241565));
#20302=CARTESIAN_POINT('',(3.345,-0.25,-1.39855662241565));
#20303=CARTESIAN_POINT('',(3.345,-0.250000000000003,-1.37));
#20304=CARTESIAN_POINT('',(3.345,-0.250000000000003,-1.37));
#20305=CARTESIAN_POINT('',(3.345,-0.250000000000002,-1.37));
#20306=CARTESIAN_POINT('',(3.345,-0.25,-1.37));
#20307=CARTESIAN_POINT('',(3.29500000001,-0.25000000001,-1.37000000001));
#20308=CARTESIAN_POINT('',(2.875,1.319479845768,-6.329));
#20309=CARTESIAN_POINT('',(2.87500000001,1.25500000001,-5.57500000001));
#20310=CARTESIAN_POINT('',(2.87500000000667,1.25500000000667,-4.85000000000333));
#20311=CARTESIAN_POINT('',(2.87500000001,1.094761202872,-4.689761202872));
#20312=CARTESIAN_POINT('',(2.87500000000667,1.28000000000667,-4.87500000000333));
#20313=CARTESIAN_POINT('',(2.87500000001,1.28000000001,-5.57500000001));
#20314=CARTESIAN_POINT('',(2.87500000000667,1.28000000000667,-6.25000000000333));
#20315=CARTESIAN_POINT('',(2.87500000001,1.269761202877,-6.239761202877));
#20316=CARTESIAN_POINT('',(-2.429885379851,-1.395725242697,-4.685520154232));
#20317=CARTESIAN_POINT('',(-2.3236753482105,-1.306604444321,-4.70000000001));
#20318=CARTESIAN_POINT('',(-2.429885379861,-1.395725242707,-5.15000000001));
#20319=CARTESIAN_POINT('',(-2.2285575219379,-1.22679111137585,-5.15));
#20320=CARTESIAN_POINT('',(-2.22855752194703,-1.22679111138597,-4.92500000001));
#20321=CARTESIAN_POINT('',(-0.8227940468532,-1.08,-5.65));
#20322=CARTESIAN_POINT('',(-0.565679002988511,-1.38641777725799,-5.42500000001));
#20323=CARTESIAN_POINT('',(-0.565679002988014,-1.38641777725745,-5.200000000005));
#20324=CARTESIAN_POINT('',(-0.8227940468532,-1.08,-5.2));
#20325=CARTESIAN_POINT('',(-0.750000000011083,-1.47332051401414,-5.2));
#20326=CARTESIAN_POINT('',(-0.750000000011083,-1.47332051401414,-5.2));
#20327=CARTESIAN_POINT('',(-0.775222949917947,-1.47798866767406,-5.19999999999814));
#20328=CARTESIAN_POINT('',(-0.800362718171508,-1.48000000000023,-5.19360280886168));
#20329=CARTESIAN_POINT('',(-0.82279404685567,-1.48000000000009,-5.18115268484644));
#20330=CARTESIAN_POINT('',(-0.822794046859435,-1.48000000000505,-5.18115268484985));
#20331=CARTESIAN_POINT('',(-0.8227940468632,-1.48000000001,-5.4155763424335));
#20332=CARTESIAN_POINT('',(1.1,1.48,-5.55));
#20333=CARTESIAN_POINT('',(1.10000000001,1.28000000001,-5.55000000001));
#20334=CARTESIAN_POINT('',(1.1,1.28,-5.4));
#20335=CARTESIAN_POINT('',(1.10000000001,1.38000000001,-5.40000000001));
#20336=CARTESIAN_POINT('',(-3.010799999999,-0.6,-3.272));
#20337=CARTESIAN_POINT('',(0.,-0.600000000009848,-3.30000000001006));
#20338=CARTESIAN_POINT('',(-2.895,-0.599999999999962,-3.30000000000012));
#20339=CARTESIAN_POINT('',(-2.89500000001,-0.60000000001,-4.00000000001));
#20340=CARTESIAN_POINT('',(-2.895,-0.6,-4.7));
#20341=CARTESIAN_POINT('',(0.,-0.60000000001,-4.70000000001));
#20342=CARTESIAN_POINT('',(0.371909145724767,0.951118181360002,-5.95));
#20343=CARTESIAN_POINT('',(0.321281240235673,0.778095595605077,-5.950000000011));
#20344=CARTESIAN_POINT('',(0.371909145724767,0.951118181360002,-5.8));
#20345=CARTESIAN_POINT('',(-0.7,-1.4802,-0.6855201542319));
#20346=CARTESIAN_POINT('',(-0.70000000001,-1.48000000001,-2.82500000001));
#20347=CARTESIAN_POINT('',(-0.70000000001,-1.47000000001,-3.00000000001));
#20348=CARTESIAN_POINT('',(-3.064479845768,-1.66,-6.464479845768));
#20349=CARTESIAN_POINT('',(2.45000000001,-1.66000000001,-6.40000000001));
#20350=CARTESIAN_POINT('',(3.05000000001,-1.66000000001,-6.40000000001));
#20351=CARTESIAN_POINT('',(-0.9,-1.494479845768,-4.985519450862));
#20352=CARTESIAN_POINT('',(-0.90000000001,-1.48000000001,-5.024999648325));
#20353=CARTESIAN_POINT('',(-0.90000000001,-1.48000000000667,-5.05000000000667));
#20354=CARTESIAN_POINT('',(-0.90000000001,-1.38000000001,-5.05000000001));
#20355=CARTESIAN_POINT('',(-1.8,0.1176995667241,-6.514479845768));
#20356=CARTESIAN_POINT('',(-1.80000000001,-0.78857864377245,-6.50000000001));
#20357=CARTESIAN_POINT('',(-1.80000000000667,-1.61000000000667,-6.50000000001));
#20358=CARTESIAN_POINT('',(-1.8,-1.599761202867,-6.510238797133));
#20359=CARTESIAN_POINT('',(-1.80000000000667,-1.66000000001,-6.45000000000667));
#20360=CARTESIAN_POINT('',(-1.80000000001,-1.66000000001,-6.40000000001));
#20361=CARTESIAN_POINT('',(-1.80000000000667,-1.66000000000667,-6.35000000000333));
#20362=CARTESIAN_POINT('',(-1.80000000001,-1.63500000001,-6.32500000001));
#20363=CARTESIAN_POINT('',(-3.17,0.28,-6.3));
#20364=CARTESIAN_POINT('',(-3.169999997353,1.28000000001,-3.20000000004367));
#20365=CARTESIAN_POINT('',(-3.17000000001,0.28000000001,-0.10000000001));
#20366=CARTESIAN_POINT('',(-0.145,-1.28,-1.95));
#20367=CARTESIAN_POINT('',(0.00500000001,-1.38000000001,-1.95000000001));
#20368=CARTESIAN_POINT('',(0.00500000000000128,-1.28,-1.95000000000001));
#20369=CARTESIAN_POINT('',(0.00500000000666666,-1.47000000000667,-1.95000000000667));
#20370=CARTESIAN_POINT('',(-0.145,-1.47,-1.95));
#20371=CARTESIAN_POINT('',(-0.145,-1.28,-1.95));
#20372=CARTESIAN_POINT('',(-1.555,-0.855,-5.164479845768));
#20373=CARTESIAN_POINT('',(-1.57500000001,-0.85500000001,-4.92500000001));
#20374=CARTESIAN_POINT('',(-1.57499999999989,-0.855,-4.7));
#20375=CARTESIAN_POINT('',(0.,-0.85500000001,-4.70000000001));
#20376=CARTESIAN_POINT('',(1.77639320225,1.48,-6.2));
#20377=CARTESIAN_POINT('',(1.88819660114868,1.3799999999885,-6.29999999999472));
#20378=CARTESIAN_POINT('',(1.88819660119506,1.28000000000236,-6.29999999994286));
#20379=CARTESIAN_POINT('',(1.77639320225,1.18,-6.2));
#20380=CARTESIAN_POINT('',(1.776393202255,1.330000000005,-6.350000000005));
#20381=CARTESIAN_POINT('',(1.77639320226,1.1581057574524,-6.35000000001));
#20382=CARTESIAN_POINT('',(0.0099,-1.265520154232,-4.85));
#20383=CARTESIAN_POINT('',(-0.00500000001,-1.38000000001,-4.85000000001));
#20384=CARTESIAN_POINT('',(-0.00500000000666671,-1.48000000000667,-4.85000000000667));
#20385=CARTESIAN_POINT('',(-0.37750000001,-1.48000000001,-4.85000000001));
#20386=CARTESIAN_POINT('',(-3.296799997421,1.28,0.02399999993166));
#20387=CARTESIAN_POINT('',(-1.524091781672,1.28000000001,-4.92500000001));
#20388=CARTESIAN_POINT('',(-1.52409178166533,1.28000000001,-4.70000000000667));
#20389=CARTESIAN_POINT('',(-2.10000000001,1.28000000001,-5.15000000001));
#20390=CARTESIAN_POINT('',(-2.67590821834133,1.28000000001,-5.15000000000667));
#20391=CARTESIAN_POINT('',(-2.675908218348,1.28000000001,-4.92500000001));
#20392=CARTESIAN_POINT('',(-2.67590821834133,1.28000000001,-4.70000000000667));
#20393=CARTESIAN_POINT('',(2.65500048201851E-10,1.28000000001,-4.70000000001));
#20394=CARTESIAN_POINT('',(2.65500048201851E-10,1.28000000001,-4.70000000001));
#20395=CARTESIAN_POINT('',(1.524091781672,1.28000000001,-4.92500000001));
#20396=CARTESIAN_POINT('',(1.52409178166533,1.28000000001,-5.15000000000667));
#20397=CARTESIAN_POINT('',(1.52409178166533,1.28000000001,-4.70000000000667));
#20398=CARTESIAN_POINT('',(2.65500048201851E-10,1.28000000001,-4.70000000001));
#20399=CARTESIAN_POINT('',(2.65500048201851E-10,1.28000000001,-4.70000000001));
#20400=CARTESIAN_POINT('',(2.65500048201851E-10,1.28000000001,-4.70000000001));
#20401=CARTESIAN_POINT('',(2.67590821834133,1.28000000001,-4.70000000000667));
#20402=CARTESIAN_POINT('',(2.675908218348,1.28000000001,-4.92500000001));
#20403=CARTESIAN_POINT('',(2.67590821834133,1.28000000001,-5.15000000000667));
#20404=CARTESIAN_POINT('',(2.10000000001,1.28000000001,-5.15000000001));
#20405=CARTESIAN_POINT('',(2.65500048201851E-10,1.28000000001,-5.15000000001));
#20406=CARTESIAN_POINT('',(2.10000000001,1.28000000001,-5.15000000001));
#20407=CARTESIAN_POINT('',(2.65500048201851E-10,1.28000000001,-6.25000000001));
#20408=CARTESIAN_POINT('',(-2.000000000005,1.280000000005,-6.250000000005));
#20409=CARTESIAN_POINT('',(-2.87500000000667,1.28000000000667,-6.25000000000333));
#20410=CARTESIAN_POINT('',(-2.00000000001,1.28000000001,-6.40000000001));
#20411=CARTESIAN_POINT('',(-1.88819660114188,1.27999999999496,-6.29999999998846));
#20412=CARTESIAN_POINT('',(2.65500048201851E-10,1.28000000001,-6.299999999997));
#20413=CARTESIAN_POINT('',(-1.14779404675869,1.28000000001,-6.30000000000222));
#20414=CARTESIAN_POINT('',(-1.147794046863,1.28000000001,-3.20000000004367));
#20415=CARTESIAN_POINT('',(-1.14779404685904,1.28000000001,-5.79218202800519));
#20416=CARTESIAN_POINT('',(-1.10000000001,1.28000000001,-5.65000000001));
#20417=CARTESIAN_POINT('',(2.65499831361416E-10,1.28000000001,-5.40000000001));
#20418=CARTESIAN_POINT('',(1.10000000001,1.28000000001,-5.65000000001));
#20419=CARTESIAN_POINT('',(2.65500048201851E-10,1.28000000001,-6.299999999891));
#20420=CARTESIAN_POINT('',(2.00000000001,1.28000000001,-6.40000000001));
#20421=CARTESIAN_POINT('',(2.000000000005,1.280000000005,-6.250000000005));
#20422=CARTESIAN_POINT('',(2.65500048201851E-10,1.28000000001,-6.25000000001));
#20423=CARTESIAN_POINT('',(2.65500048201851E-10,1.28000000001,-4.87500000001));
#20424=CARTESIAN_POINT('',(3.12500000000667,1.28000000000702,-4.87500000000369));
#20425=CARTESIAN_POINT('',(3.12500000001,1.28000000001,-3.20000000004367));
#20426=CARTESIAN_POINT('',(2.65499831361416E-10,1.28000000001,-6.300000000003));
#20427=CARTESIAN_POINT('',(3.16999999033176,1.28000000000722,-6.30000000000221));
#20428=CARTESIAN_POINT('',(3.169999997412,1.28000000001,-3.20000000004367));
#20429=CARTESIAN_POINT('',(2.65500048201851E-10,1.28000000001,-6.30000000001));
#20430=CARTESIAN_POINT('',(2.65500048201851E-10,1.28000000001,-4.87500000001));
#20431=CARTESIAN_POINT('',(-2.87500000000667,1.28000000000667,-4.87500000000331));
#20432=CARTESIAN_POINT('',(-2.87500000001,1.28000000001,-5.57500000001));
#20433=CARTESIAN_POINT('',(-2.435520154232,-1.6382,-6.5));
#20434=CARTESIAN_POINT('',(3.18000000001,0.28500000001,-6.50000000001));
#20435=CARTESIAN_POINT('',(3.75000000001,0.10500000001,-6.50000000001));
#20436=CARTESIAN_POINT('',(-2.605520154232,-0.35,-0.9027200689381));
#20437=CARTESIAN_POINT('',(-2.75000000001,-0.35000000001,-0.945803989165));
#20438=CARTESIAN_POINT('',(-2.88,-0.35,-0.945803989155));
#20439=CARTESIAN_POINT('',(-2.62,-0.35,-0.945803989155));
#20440=CARTESIAN_POINT('',(-2.88000000001,-0.35000000001,-1.94790199458735));
#20441=CARTESIAN_POINT('',(-2.75000000001,-0.35000000001,-3.10000000001));
#20442=CARTESIAN_POINT('',(-2.62,-0.350000000000013,-3.09999999999998));
#20443=CARTESIAN_POINT('',(-2.62000000001,-0.35000000001,-1.94790199458735));
#20444=CARTESIAN_POINT('',(-3.484,-1.3062,-6.3));
#20445=CARTESIAN_POINT('',(1.80000000001,-0.78857864377245,-6.30000000001));
#20446=CARTESIAN_POINT('',(0.,-1.25500000001,-6.30000000001));
#20447=CARTESIAN_POINT('',(-2.803,-1.269479845768,-5.15));
#20448=CARTESIAN_POINT('',(2.217465316559,-1.217483645936,-5.15000000001));
#20449=CARTESIAN_POINT('',(2.22855752193986,-1.22679111137999,-5.15000000000667));
#20450=CARTESIAN_POINT('',(2.10000000001,-1.38000000001,-5.15000000001));
#20451=CARTESIAN_POINT('',(1.97144247807149,-1.22679111138608,-5.15000000000667));
#20452=CARTESIAN_POINT('',(1.770114620159,-1.395725242707,-5.15000000001));
#20453=CARTESIAN_POINT('',(0.,-1.25500000001,-5.15000000001));
#20454=CARTESIAN_POINT('',(-3.064479845768,-1.66,-6.464479845768));
#20455=CARTESIAN_POINT('',(-1.52000000001,-1.66000000001,-6.35000000001));
#20456=CARTESIAN_POINT('',(-1.52000000001,-1.66000000001,-6.45000000001));
#20457=CARTESIAN_POINT('',(-0.655,-1.494479845768,-0.8976));
#20458=CARTESIAN_POINT('',(-0.65500000001,-1.47000000001,-3.50000000001));
#20459=CARTESIAN_POINT('',(-0.65500000001,-1.48000000001,-3.50000000001));
#20460=CARTESIAN_POINT('',(0.884,-0.705,-5.185520154232));
#20461=CARTESIAN_POINT('',(0.85000000001,-0.70500000001,-5.47500000001));
#20462=CARTESIAN_POINT('',(0.85,-0.705,-5.85));
#20463=CARTESIAN_POINT('',(-0.85000000001,-0.70500000001,-5.47500000001));
#20464=CARTESIAN_POINT('',(-0.85,-0.705,-5.85));
#20465=CARTESIAN_POINT('',(0.,-0.70500000001,-5.85000000001));
#20466=CARTESIAN_POINT('',(-2.803,-1.269479845768,-5.15));
#20467=CARTESIAN_POINT('',(0.,1.25500000001,-5.15000000001));
#20468=CARTESIAN_POINT('',(3.18,-0.285,-4.85));
#20469=CARTESIAN_POINT('',(3.18000000001,-0.28500000001,-4.85000000001));
#20470=CARTESIAN_POINT('',(3.1799999998165,-1.25500000000686,-4.85000000000395));
#20471=CARTESIAN_POINT('',(3.179999999814,-1.25500000001,-5.625000000007));
#20472=CARTESIAN_POINT('',(-3.295,-0.25,-1.41999999999979));
#20473=CARTESIAN_POINT('',(-3.1778427124745,-0.25,-1.41999999999979));
#20474=CARTESIAN_POINT('',(-3.09499999999979,-0.25,-1.50284271247449));
#20475=CARTESIAN_POINT('',(-3.09499999999979,-0.25,-1.62));
#20476=CARTESIAN_POINT('',(-3.295,-0.279289321880986,-1.41999999999979));
#20477=CARTESIAN_POINT('',(-3.1778427124745,-0.279289321880986,-1.41999999999979));
#20478=CARTESIAN_POINT('',(-3.09499999999979,-0.279289321880986,-1.50284271247449));
#20479=CARTESIAN_POINT('',(-3.09499999999979,-0.279289321880986,-1.62));
#20480=CARTESIAN_POINT('',(-3.295,-0.299999999999934,-1.3992893218815));
#20481=CARTESIAN_POINT('',(-3.16571067811875,-0.299999999999934,-1.3992893218815));
#20482=CARTESIAN_POINT('',(-3.0742893218815,-0.299999999999934,-1.49071067811875));
#20483=CARTESIAN_POINT('',(-3.0742893218815,-0.299999999999934,-1.62));
#20484=CARTESIAN_POINT('',(-3.29499999999999,-0.299999999999991,-1.3699999999999));
#20485=CARTESIAN_POINT('',(-3.14855339059321,-0.299999999999991,-1.3699999999999));
#20486=CARTESIAN_POINT('',(-3.0449999999999,-0.299999999999991,-1.47355339059322));
#20487=CARTESIAN_POINT('',(-3.0449999999999,-0.299999999999991,-1.62));
#20488=CARTESIAN_POINT('',(-3.29500000001,-0.25000000001,-1.62000000001));
#20489=CARTESIAN_POINT('',(-3.04500000002145,-0.300000000009996,-1.6200000000155));
#20490=CARTESIAN_POINT('',(-3.0450000000099,-0.300000000009991,-1.47355339060322));
#20491=CARTESIAN_POINT('',(-3.14855339060321,-0.300000000009991,-1.3700000000099));
#20492=CARTESIAN_POINT('',(-3.29500000001245,-0.300000000009997,-1.37000000000996));
#20493=CARTESIAN_POINT('',(3.29499999999983,0.3,-0.932945526582001));
#20494=CARTESIAN_POINT('',(3.29499999999983,0.3,-0.918418492893702));
#20495=CARTESIAN_POINT('',(3.29188361071126,0.3,-0.90422966540222));
#20496=CARTESIAN_POINT('',(3.28579593844992,0.3,-0.89103970883597));
#20497=CARTESIAN_POINT('',(3.32428932188104,0.299999999999901,-0.932945526582));
#20498=CARTESIAN_POINT('',(3.32428932188104,0.299999999999901,-0.914163623236937));
#20499=CARTESIAN_POINT('',(3.32026016330266,0.299999999999901,-0.895818984390299));
#20500=CARTESIAN_POINT('',(3.31238945311763,0.299999999999901,-0.878765778989362));
#20501=CARTESIAN_POINT('',(3.34499999999966,0.279289321881326,-0.932945526582));
#20502=CARTESIAN_POINT('',(3.34499999999966,0.279289321881326,-0.911154976049564));
#20503=CARTESIAN_POINT('',(3.3403254160668,0.279289321881326,-0.889871734812353));
#20504=CARTESIAN_POINT('',(3.33119390767481,0.279289321881326,-0.870086799962989));
#20505=CARTESIAN_POINT('',(3.34499999999966,0.25,-0.932945526582));
#20506=CARTESIAN_POINT('',(3.34499999999966,0.25,-0.911154976049564));
#20507=CARTESIAN_POINT('',(3.3403254160668,0.25,-0.889871734812353));
#20508=CARTESIAN_POINT('',(3.33119390767481,0.25,-0.870086799962989));
#20509=CARTESIAN_POINT('',(-3.484,-1.3062,-6.3));
#20510=CARTESIAN_POINT('',(0.75000000001,-0.78857864377245,-6.30000000001));
#20511=CARTESIAN_POINT('',(0.,-1.25500000001,-6.30000000001));
#20512=CARTESIAN_POINT('',(-2.45,-1.694856854249,-6.285520154232));
#20513=CARTESIAN_POINT('',(-2.45000000001,-1.66000000001,-6.40000000001));
#20514=CARTESIAN_POINT('',(-2.45000000000667,-1.66000000001,-6.45000000000667));
#20515=CARTESIAN_POINT('',(-2.45,-1.599761202867,-6.510238797133));
#20516=CARTESIAN_POINT('',(-2.45,-0.2,-6.2));
#20517=CARTESIAN_POINT('',(-2.45000000001,-0.78857864377245,-6.30000000001));
#20518=CARTESIAN_POINT('',(-4.280238797046,-0.2944798417488,0.01023879704568));
#20519=CARTESIAN_POINT('',(-4.21999999997645,0.279999996709745,-0.050000000043455));
#20520=CARTESIAN_POINT('',(-4.2199999999845,-0.279999994413977,-0.05000000003526));
#20521=CARTESIAN_POINT('',(-4.39186490249,0.3070239593657,-6.35));
#20522=CARTESIAN_POINT('',(-0.57384074112785,1.12055890858695,-6.35000000001));
#20523=CARTESIAN_POINT('',(-0.890679002985599,1.38641777725402,-6.35000000000667));
#20524=CARTESIAN_POINT('',(-0.371909145730183,0.951118181365522,-6.35000000000667));
#20525=CARTESIAN_POINT('',(-0.371909145724725,0.951118181360052,-6.35));
#20526=CARTESIAN_POINT('',(-0.468327287178264,0.836211514891649,-6.35));
#20527=CARTESIAN_POINT('',(-0.999185469300582,1.28165441971822,-6.35));
#20528=CARTESIAN_POINT('',(-0.987097144565975,1.27151111089001,-6.3500000000033));
#20529=CARTESIAN_POINT('',(-1.147794046853,1.08,-6.34999999999997));
#20530=CARTESIAN_POINT('',(-1.147794046796,1.32999999999624,-6.34999999999789));
#20531=CARTESIAN_POINT('',(-1.5179953235445,1.3299999999975,-6.3499999999975));
#20532=CARTESIAN_POINT('',(-1.776393202255,1.330000000005,-6.350000000005));
#20533=CARTESIAN_POINT('',(-1.77639320226,1.3800000000045,-6.35000000001));
#20534=CARTESIAN_POINT('',(-1.147794046853,1.08,-6.35));
#20535=CARTESIAN_POINT('',(-1.981658326933,1.269761202867,-6.239761202867));
#20536=CARTESIAN_POINT('',(2.,1.43,-6.4));
#20537=CARTESIAN_POINT('',(2.11180339888446,1.33000000001,-6.30000000001001));
#20538=CARTESIAN_POINT('',(2.4585421930745,1.33000000001,-6.30000000001));
#20539=CARTESIAN_POINT('',(2.88819660112553,1.33000000001,-6.30000000001));
#20540=CARTESIAN_POINT('',(3.,1.43,-6.4));
#20541=CARTESIAN_POINT('',(-1.147794046853,1.08,-5.78913512016498));
#20542=CARTESIAN_POINT('',(-1.14779404686301,1.28000000001,-5.79218202800715));
#20543=CARTESIAN_POINT('',(-1.13193516247409,1.28000000001,-5.79751294271003));
#20544=CARTESIAN_POINT('',(-1.11569716612072,1.2780684595504,-5.80000000001));
#20545=CARTESIAN_POINT('',(-1.10000000000998,1.27420537863117,-5.80000000001));
#20546=CARTESIAN_POINT('',(-1.10000000000665,1.27420537862452,-5.80000000000667));
#20547=CARTESIAN_POINT('',(-1.147794046863,1.08000000001,-6.30000000001));
#20548=CARTESIAN_POINT('',(-1.147794046853,1.08,-5.8));
#20549=CARTESIAN_POINT('',(0.85,-0.6905201542319,-5.865));
#20550=CARTESIAN_POINT('',(0.850000000010001,-1.25500000001,-5.625000000007));
#20551=CARTESIAN_POINT('',(0.85,-1.255,-5.85));
#20552=CARTESIAN_POINT('',(0.85000000001,-0.98000000000995,-5.85000000001));
#20553=CARTESIAN_POINT('',(-4.155520154232,-1.5418,-5.95));
#20554=CARTESIAN_POINT('',(-1.555,-0.855,-5.164479845768));
#20555=CARTESIAN_POINT('',(0.,-0.85500000001,-4.70000000001));
#20556=CARTESIAN_POINT('',(1.57500000000714,-0.855000000008621,-4.70000000000667));
#20557=CARTESIAN_POINT('',(1.57500000000982,-0.855000000009909,-4.92500000001));
#20558=CARTESIAN_POINT('',(1.57500000000717,-0.855000000008606,-5.15000000000667));
#20559=CARTESIAN_POINT('',(2.07500000001,-0.85500000001,-5.15000000001));
#20560=CARTESIAN_POINT('',(-0.145,-1.28,-4.1));
#20561=CARTESIAN_POINT('',(-0.202296513019641,-1.37500000001,-3.96137421021266));
#20562=CARTESIAN_POINT('',(-0.202296513009571,-1.28,-3.96137421020273));
#20563=CARTESIAN_POINT('',(-0.145,-1.28,-4.1));
#20564=CARTESIAN_POINT('',(1.524091781662,1.08,-5.15));
#20565=CARTESIAN_POINT('',(1.524091781672,1.08000000001,-4.70000000001));
#20566=CARTESIAN_POINT('',(1.65264930360842,1.2332088886345,-4.70000000000667));
#20567=CARTESIAN_POINT('',(1.524091781672,1.08000000001,-5.15000000001));
#20568=CARTESIAN_POINT('',(1.62091636532719,1.25500000001,-5.15000000001));
#20569=CARTESIAN_POINT('',(1.524091781672,1.08000000001,-5.15000000001));
#20570=CARTESIAN_POINT('',(1.65264930360842,1.2332088886345,-5.15000000000667));
#20571=CARTESIAN_POINT('',(1.652649303609,1.233208888634,-4.92500000001));
#20572=CARTESIAN_POINT('',(1.12,0.2855201542319,-0.7497200689377));
#20573=CARTESIAN_POINT('',(1.12000000001,0.3500000000099,-1.94790199458735));
#20574=CARTESIAN_POINT('',(1.12,0.34999999999995,-0.945803989155));
#20575=CARTESIAN_POINT('',(1.12000000001,0.10000000001,-0.945803989165));
#20576=CARTESIAN_POINT('',(-4.39186490249,0.3070239593657,-6.35));
#20577=CARTESIAN_POINT('',(3.17,0.28,-6.34999999999996));
#20578=CARTESIAN_POINT('',(3.22360679776063,1.3286306839118,-6.35000000000329));
#20579=CARTESIAN_POINT('',(4.21880884817514,0.330000000005,-6.35000000000498));
#20580=CARTESIAN_POINT('',(3.223606797761,0.9044010158654,-6.35000000001));
#20581=CARTESIAN_POINT('',(3.22360679765758,1.47880203171537,-6.35000000001));
#20582=CARTESIAN_POINT('',(3.17,0.28,-6.35000000001));
#20583=CARTESIAN_POINT('',(4.3689578808279,0.330000000006667,-6.35000000001));
#20584=CARTESIAN_POINT('',(3.796282339299,0.33000000001,-6.35000000001));
#20585=CARTESIAN_POINT('',(-4.384479845768,0.23,-7.422000000001));
#20586=CARTESIAN_POINT('',(-4.27000000001,0.23000000001,-7.40000000001));
#20587=CARTESIAN_POINT('',(-4.2700000000025,0.23000000001,-6.45000000001));
#20588=CARTESIAN_POINT('',(-4.320000000005,0.230000000005,-6.450000000005));
#20589=CARTESIAN_POINT('',(-4.159761202847,0.23,-6.289761202847));
#20590=CARTESIAN_POINT('',(3.17,0.28,-0.099999999999992));
#20591=CARTESIAN_POINT('',(4.21999999997645,0.279999994412545,-0.050000000043455));
#20592=CARTESIAN_POINT('',(4.17000000000999,0.279999997211272,-0.10000000002625));
#20593=CARTESIAN_POINT('',(3.17000000001,0.28000000001,-0.10000000001));
#20594=CARTESIAN_POINT('',(0.62,-0.2855201542319,-3.136083920217));
#20595=CARTESIAN_POINT('',(0.62000000001,-0.10000000001,-1.445803989165));
#20596=CARTESIAN_POINT('',(0.62,-0.3,-1.295803989155));
#20597=CARTESIAN_POINT('',(0.62000000001,-0.30000000001,-1.77500000001));
#20598=CARTESIAN_POINT('',(-0.145,-1.28,-2.9));
#20599=CARTESIAN_POINT('',(-0.00500000001,-1.38000000001,-2.90000000001));
#20600=CARTESIAN_POINT('',(-0.00500000000666667,-1.47000000000667,-2.90000000000667));
#20601=CARTESIAN_POINT('',(-0.145,-1.47,-2.9));
#20602=CARTESIAN_POINT('',(1.770114620149,-1.395725242697,-4.685520154232));
#20603=CARTESIAN_POINT('',(1.8763246518095,-1.306604444321,-4.70000000001));
#20604=CARTESIAN_POINT('',(1.97144247806877,-1.22679111138224,-4.70000000000333));
#20605=CARTESIAN_POINT('',(1.8763246518095,-1.306604444321,-5.15000000001));
#20606=CARTESIAN_POINT('',(1.97144247807214,-1.22679111138497,-4.92500000001));
#20607=CARTESIAN_POINT('',(-1.144,1.265520154232,-5.4));
#20608=CARTESIAN_POINT('',(-4.384479845768,-0.28,-5.814480549138));
#20609=CARTESIAN_POINT('',(-4.27000000001,-0.28000000001132,-5.70000000001));
#20610=CARTESIAN_POINT('',(0.9,-1.265520154232,-5.064479845768));
#20611=CARTESIAN_POINT('',(0.90000000001,-1.48000000001,-5.02500000001));
#20612=CARTESIAN_POINT('',(0.900000000006667,-1.48000000000667,-5.00000000000667));
#20613=CARTESIAN_POINT('',(0.90000000001,-1.48000000000667,-5.05000000000667));
#20614=CARTESIAN_POINT('',(0.90000000001,-1.38000000001,-5.00000000001));
#20615=CARTESIAN_POINT('',(0.900000000006667,-1.28000000000667,-5.00000000000667));
#20616=CARTESIAN_POINT('',(0.90000000001,-1.28000000001,-2.85000000001561));
#20617=CARTESIAN_POINT('',(0.900000000006667,-1.28000000000667,-5.05000000000667));
#20618=CARTESIAN_POINT('',(0.90000000001,-1.38000000001,-5.05000000001));
#20619=CARTESIAN_POINT('',(-3.23914555761,-0.3086879074609,-0.4615838766145));
#20620=CARTESIAN_POINT('',(-2.949025141578,-0.262499999999984,-0.4));
#20621=CARTESIAN_POINT('',(-3.08521904926282,-0.215355955045577,-0.337141273390963));
#20622=CARTESIAN_POINT('',(-3.10653846154825,-0.250000000009738,-0.383333333343366));
#20623=CARTESIAN_POINT('',(-3.10653846153869,-0.249999999999959,-0.383333333333432));
#20624=CARTESIAN_POINT('',(-3.05146991898755,-0.25,-0.38333333333337));
#20625=CARTESIAN_POINT('',(-3.08223914975624,-0.30000000000011,-0.449999999999986));
#20626=CARTESIAN_POINT('',(-1.35002382936522E-11,-0.30000000001,-0.4500000000098));
#20627=CARTESIAN_POINT('',(3.08223914975625,-0.300000000000001,-0.449999999999889));
#20628=CARTESIAN_POINT('',(3.05146991898717,-0.250000000000003,-0.383333333333374));
#20629=CARTESIAN_POINT('',(2.949025141578,-0.262499999999984,-0.4));
#20630=CARTESIAN_POINT('',(-3.216944118397,-1.269761202376,-5.589761202376));
#20631=CARTESIAN_POINT('',(1.99639702302835,-1.2799999999675,-5.5999999999675));
#20632=CARTESIAN_POINT('',(1.99639702302835,-1.28000000001,-5.60000000001));
#20633=CARTESIAN_POINT('',(-2.895,0.15,-4.7));
#20634=CARTESIAN_POINT('',(-3.34500000001,0.15000000001,-3.913920557429));
#20635=CARTESIAN_POINT('',(-3.345,0.15,-4.7));
#20636=CARTESIAN_POINT('',(-2.895000000008,0.60000000001,-4.00000000001));
#20637=CARTESIAN_POINT('',(-2.894999999999,0.6,-4.7));
#20638=CARTESIAN_POINT('',(-2.89500000001,0.15000000001,-4.70000000001));
#20639=CARTESIAN_POINT('',(-0.1625744483247,-0.8657276011245,-5.660238797134));
#20640=CARTESIAN_POINT('',(-0.453311965546814,-1.03104917971639,-5.6000000000095));
#20641=CARTESIAN_POINT('',(-3.17,-0.28,-5.6));
#20642=CARTESIAN_POINT('',(-4.370000188504,-0.279999994230963,-5.80000019666181));
#20643=CARTESIAN_POINT('',(-4.30126020891604,-0.279999904107439,-5.7312602170742));
#20644=CARTESIAN_POINT('',(-4.22323168754745,-0.332996820100249,-5.64999999999888));
#20645=CARTESIAN_POINT('',(-4.20923048454128,-0.43000000000162,-5.64999999999993));
#20646=CARTESIAN_POINT('',(-4.20923048454636,-0.430000000005673,-5.65000000000501));
#20647=CARTESIAN_POINT('',(-3.17000000001,-0.28000000001,-5.65000000001001));
#20648=CARTESIAN_POINT('',(-4.15000000001,-0.656961536509415,-5.65000000001001));
#20649=CARTESIAN_POINT('',(-3.17000000001,-0.28000000001,-5.65000000001001));
#20650=CARTESIAN_POINT('',(-2.985520154232,0.3144798457681,-1.75));
#20651=CARTESIAN_POINT('',(3.04500000001,-0.25000000001,-1.75000000001));
#20652=CARTESIAN_POINT('',(3.04500000000333,-0.30000000001,-1.75000000000667));
#20653=CARTESIAN_POINT('',(3.09500000001,-0.250000000003333,-1.75000000000667));
#20654=CARTESIAN_POINT('',(3.04750000001,-0.30000000001,-1.75000000001));
#20655=CARTESIAN_POINT('',(3.00000000000667,-0.300000000006667,-1.75000000000667));
#20656=CARTESIAN_POINT('',(3.00000000001,0.,-1.75000000001));
#20657=CARTESIAN_POINT('',(3.00000000000667,-0.0750000000066667,-1.75000000000667));
#20658=CARTESIAN_POINT('',(3.16749997499,-0.07500000001,-1.75000000001));
#20659=CARTESIAN_POINT('',(3.09500000000667,-0.0750000000066667,-1.75000000000667));
#20660=CARTESIAN_POINT('',(3.09500000001,0.,-1.75000000001));
#20661=CARTESIAN_POINT('',(0.0099,-1.265520154232,-4.85));
#20662=CARTESIAN_POINT('',(0.37750000001,-1.48000000001,-4.85000000001));
#20663=CARTESIAN_POINT('',(0.750000000006667,-1.48000000000667,-4.85000000000667));
#20664=CARTESIAN_POINT('',(1.26250000001,-1.28000000001,-4.85000000001));
#20665=CARTESIAN_POINT('',(0.750000000006667,-1.28000000000667,-4.85000000000667));
#20666=CARTESIAN_POINT('',(0.75000000001,-1.38000000001,-4.85000000001));
#20667=CARTESIAN_POINT('',(-2.803,-1.269479845768,-5.15));
#20668=CARTESIAN_POINT('',(1.47500000001,1.05500000001025,-5.15000000001));
#20669=CARTESIAN_POINT('',(1.3750000000075,1.25500000000873,-5.15000000000667));
#20670=CARTESIAN_POINT('',(2.07500000001,1.25500000001,-5.15000000001));
#20671=CARTESIAN_POINT('',(2.57908363469281,1.25500000001,-5.15000000001));
#20672=CARTESIAN_POINT('',(2.675908218348,1.08000000001,-5.15000000001));
#20673=CARTESIAN_POINT('',(2.10000000001,1.38000000001,-5.15000000001));
#20674=CARTESIAN_POINT('',(1.84288495613528,1.07358222276259,-5.15000000000667));
#20675=CARTESIAN_POINT('',(1.641557098221,1.242516354084,-5.15000000001));
#20676=CARTESIAN_POINT('',(2.07500000001,1.25500000001,-5.15000000001));
#20677=CARTESIAN_POINT('',(-4.316,-1.255,-4.818999999994));
#20678=CARTESIAN_POINT('',(-0.85000000001,-1.25500000001,-5.625000000007));
#20679=CARTESIAN_POINT('',(-0.85,-1.255,-5.85));
#20680=CARTESIAN_POINT('',(0.,-1.25500000001,-5.85000000001));
#20681=CARTESIAN_POINT('',(0.,-1.25500000001,-5.15000000001));
#20682=CARTESIAN_POINT('',(1.37500000000772,-1.25500000000878,-5.15000000000667));
#20683=CARTESIAN_POINT('',(1.37500000001038,-1.25500000001019,-4.92500000001));
#20684=CARTESIAN_POINT('',(0.,-1.25500000001,-5.65000000001));
#20685=CARTESIAN_POINT('',(-1.37500000001,-1.25500000001,-5.625000000007));
#20686=CARTESIAN_POINT('',(0.,-1.25500000001,-5.15000000001));
#20687=CARTESIAN_POINT('',(0.,-1.25500000001,-5.15000000001));
#20688=CARTESIAN_POINT('',(0.,-1.25500000001,-4.850000000007));
#20689=CARTESIAN_POINT('',(-3.18000000001,-1.25500000001,-5.25000000001));
#20690=CARTESIAN_POINT('',(-3.18000000000333,-1.25500000001,-5.65000000000667));
#20691=CARTESIAN_POINT('',(0.,-1.25500000001,-5.65000000001));
#20692=CARTESIAN_POINT('',(0.,-1.25500000001,-5.65000000001));
#20693=CARTESIAN_POINT('',(-4.15000000000667,-1.25500000000667,-5.65000000000667));
#20694=CARTESIAN_POINT('',(-4.15000000001,-1.25500000001,-5.625000000007));
#20695=CARTESIAN_POINT('',(-4.15,-1.255,-6.4));
#20696=CARTESIAN_POINT('',(0.,-1.25500000001,-6.40000000001));
#20697=CARTESIAN_POINT('',(-3.35,-1.255,-6.4));
#20698=CARTESIAN_POINT('',(-3.35000000001,-1.25500000001,-6.40000000001));
#20699=CARTESIAN_POINT('',(0.,-1.25500000001,-6.30000000001));
#20700=CARTESIAN_POINT('',(0.,-1.25500000001,-6.30000000001));
#20701=CARTESIAN_POINT('',(0.,-1.25500000001,-6.40000000001));
#20702=CARTESIAN_POINT('',(0.,-1.25500000001,-5.65000000001));
#20703=CARTESIAN_POINT('',(2.939999999941,-1.25500000000853,-4.85000000000847));
#20704=CARTESIAN_POINT('',(0.,-1.25500000001,-5.15000000001));
#20705=CARTESIAN_POINT('',(-3.295,-0.25,-1.37));
#20706=CARTESIAN_POINT('',(-3.29500000001005,-0.250000000010001,-0.932945526592));
#20707=CARTESIAN_POINT('',(-3.29500000000026,-0.299999999999995,-0.932945526582));
#20708=CARTESIAN_POINT('',(-3.34500000000997,-0.250000000005,-0.932945526589143));
#20709=CARTESIAN_POINT('',(-3.34500000001,-0.25000000001,-1.15147276330095));
#20710=CARTESIAN_POINT('',(-3.295000000014,-0.30000000001,-1.77500000001));
#20711=CARTESIAN_POINT('',(-2.435520154232,-1.6382,-6.5));
#20712=CARTESIAN_POINT('',(4.17000000001,-0.69500000135005,-6.50000000001));
#20713=CARTESIAN_POINT('',(4.17000000000667,-0.843606797756667,-6.50000000000667));
#20714=CARTESIAN_POINT('',(4.27000000001,-0.84360679776,-6.50000000001));
#20715=CARTESIAN_POINT('',(4.37000000000667,-0.843606797756667,-6.50000000000667));
#20716=CARTESIAN_POINT('',(4.37000000001,-0.69500000001,-6.50000000001));
#20717=CARTESIAN_POINT('',(-0.7213,-1.48,0.113));
#20718=CARTESIAN_POINT('',(-2.10000000001,-1.48000000001,-4.70000000001));
#20719=CARTESIAN_POINT('',(-0.00500000001,-1.48000000001,-4.474999990831));
#20720=CARTESIAN_POINT('',(-0.00500000000666674,-1.48000000000667,-4.15000000000667));
#20721=CARTESIAN_POINT('',(-1.58750000001,-1.48000000001,-4.15000000001));
#20722=CARTESIAN_POINT('',(-0.700000000006667,-1.48000000000667,-4.15000000000667));
#20723=CARTESIAN_POINT('',(-0.70000000001,-1.48000000001,-2.82500000001));
#20724=CARTESIAN_POINT('',(-0.00500000001,-1.48000000001,-2.424999990831));
#20725=CARTESIAN_POINT('',(-0.70000000001,-1.48000000001,-2.82500000001));
#20726=CARTESIAN_POINT('',(-0.700000000006667,-1.48000000000667,-0.700000000006667));
#20727=CARTESIAN_POINT('',(-1.58750000001,-1.48000000001,-0.70000000001));
#20728=CARTESIAN_POINT('',(-0.00500000000666667,-1.48000000000667,-0.700000000006667));
#20729=CARTESIAN_POINT('',(-0.00500000001,-1.48000000001,-0.37500000001));
#20730=CARTESIAN_POINT('',(-3.17000000001,-1.48000000001,-2.82500000001));
#20731=CARTESIAN_POINT('',(-0.75,-1.48,-5.05));
#20732=CARTESIAN_POINT('',(-2.1,-1.38,-5.15));
#20733=CARTESIAN_POINT('',(-2.10000000001,-1.38000000001,-5.15000000001));
#20734=CARTESIAN_POINT('',(1.853977161513,-1.064274757303,-5.164479845768));
#20735=CARTESIAN_POINT('',(1.7477671298725,-1.153395555699,-4.70000000001));
#20736=CARTESIAN_POINT('',(1.84288495613483,-1.07358222276311,-4.70000000000667));
#20737=CARTESIAN_POINT('',(1.84288495613612,-1.07358222276215,-4.92500000001));
#20738=CARTESIAN_POINT('',(1.84288495613483,-1.07358222276311,-5.15000000000667));
#20739=CARTESIAN_POINT('',(1.853977161523,-1.064274757313,-5.15000000001));
#20740=CARTESIAN_POINT('',(-0.62,0.3644798457681,-3.136083920217));
#20741=CARTESIAN_POINT('',(-0.62000000001,0.35000000001,-2.1979019945875));
#20742=CARTESIAN_POINT('',(-0.620000000006667,0.35000000001,-1.44580398915833));
#20743=CARTESIAN_POINT('',(-0.62000000001,0.10000000001,-1.445803989165));
#20744=CARTESIAN_POINT('',(0.62,-0.1,-1.445803989155));
#20745=CARTESIAN_POINT('',(0.88000000001,-0.10000000001,-1.445803989165));
#20746=CARTESIAN_POINT('',(0.88,-0.3,-1.295803989155));
#20747=CARTESIAN_POINT('',(-1.35000214532177E-11,-0.30000000001,-1.295803989165));
#20748=CARTESIAN_POINT('',(-2.346022838487,-1.064274757303,-5.164479845768));
#20749=CARTESIAN_POINT('',(-2.54735069641014,-1.23320888863503,-4.92500000001));
#20750=CARTESIAN_POINT('',(2.45,0.1176995667241,-6.514479845768));
#20751=CARTESIAN_POINT('',(2.45000000001,-0.78857864377245,-6.50000000001));
#20752=CARTESIAN_POINT('',(2.45000000000667,-0.200000000006667,-6.50000000000667));
#20753=CARTESIAN_POINT('',(2.45000000001,-0.78857864377245,-6.30000000001));
#20754=CARTESIAN_POINT('',(2.45,-0.2,-6.2));
#20755=CARTESIAN_POINT('',(2.949025141578,0.21794022649616,-0.4));
#20756=CARTESIAN_POINT('',(2.949025141578,0.262499999999966,-0.4));
#20757=CARTESIAN_POINT('',(-1.38,-0.2855201542319,-3.146083920217));
#20758=CARTESIAN_POINT('',(-1.38000000001,-0.35000000001,-1.94790199458735));
#20759=CARTESIAN_POINT('',(-1.380000000005,-0.350000000007516,-3.10000000000748));
#20760=CARTESIAN_POINT('',(-1.38000000001,-0.30000000001,-1.77500000001));
#20761=CARTESIAN_POINT('',(-1.38,-0.3,-3.1));
#20762=CARTESIAN_POINT('',(-1.38000000001,-0.30000000000995,-3.10000000001));
#20763=CARTESIAN_POINT('',(-3.443043849909,-0.364479845768,-3.1));
#20764=CARTESIAN_POINT('',(3.310619086431,-0.30000000000995,-3.10000000001));
#20765=CARTESIAN_POINT('',(3.31061908641338,-0.25000000000017,-3.10000000000156));
#20766=CARTESIAN_POINT('',(3.23116829995478,-0.25,-3.1));
#20767=CARTESIAN_POINT('',(3.23116829997644,-0.3,-3.1));
#20768=CARTESIAN_POINT('',(-1.35000214532177E-11,-0.30000000001,-3.10000000001));
#20769=CARTESIAN_POINT('',(0.88,-0.3,-3.1));
#20770=CARTESIAN_POINT('',(0.88000000001,-0.32500000001,-3.10000000001));
#20771=CARTESIAN_POINT('',(-1.5500157621019E-11,-0.3500000000098,-3.10000000001));
#20772=CARTESIAN_POINT('',(0.1720349067043,-0.7950297033822,-5.185520154232));
#20773=CARTESIAN_POINT('',(0.694236524925212,-1.23320888863322,-5.40000000001));
#20774=CARTESIAN_POINT('',(0.694236524927549,-1.23320888863465,-5.20000000001));
#20775=CARTESIAN_POINT('',(0.453311965597716,-1.03104917974427,-5.59999999999818));
#20776=CARTESIAN_POINT('',(0.212387406129667,-0.828889470760731,-5.59999999999977));
#20777=CARTESIAN_POINT('',(0.298033778557461,-0.900755310284508,-5.5));
#20778=CARTESIAN_POINT('',(0.1720349067043,-0.7950297033822,-5.2));
#20779=CARTESIAN_POINT('',(1.456,1.265238797133,-5.639761202867));
#20780=CARTESIAN_POINT('',(0.,1.10500000001,-5.80000000001));
#20781=CARTESIAN_POINT('',(-0.555298355934355,1.10500000001,-5.80000000001));
#20782=CARTESIAN_POINT('',(0.,1.10500000001,-5.80000000001));
#20783=CARTESIAN_POINT('',(-1.40000000000667,1.10500000000667,-5.80000000001));
#20784=CARTESIAN_POINT('',(-1.40000000001,1.18000000001,-5.72500000001));
#20785=CARTESIAN_POINT('',(-1.40000000000667,1.25500000001,-5.65000000000667));
#20786=CARTESIAN_POINT('',(0.,1.25500000001,-5.65000000001));
#20787=CARTESIAN_POINT('',(0.,1.10500000001,-5.80000000001));
#20788=CARTESIAN_POINT('',(0.,1.10500000001,-5.80000000001));
#20789=CARTESIAN_POINT('',(0.,1.10500000001,-5.80000000001));
#20790=CARTESIAN_POINT('',(-0.7144798457681,-1.47,-0.6855201542319));
#20791=CARTESIAN_POINT('',(0.00500000001,-1.47000000001,-2.42500000001));
#20792=CARTESIAN_POINT('',(-0.3269098837771,-1.47000000001,-2.98712085967));
#20793=CARTESIAN_POINT('',(-0.451523254529576,-1.47000000000333,-2.93561592952967));
#20794=CARTESIAN_POINT('',(-0.505,-1.47,-3.065));
#20795=CARTESIAN_POINT('',(-3.349479795728,0.075,-2.114479845768));
#20796=CARTESIAN_POINT('',(-3.00000000001,0.07500000001,-1.750025010068));
#20797=CARTESIAN_POINT('',(-2.803,-1.269479845768,-5.15));
#20798=CARTESIAN_POINT('',(-2.217465316559,1.217483645936,-5.15000000001));
#20799=CARTESIAN_POINT('',(-2.26217556630782,1.25500000001,-5.15000000001));
#20800=CARTESIAN_POINT('',(0.,1.25500000001,-5.15000000001));
#20801=CARTESIAN_POINT('',(-2.675908218348,1.08000000001,-5.15000000001));
#20802=CARTESIAN_POINT('',(-0.005,-1.494479845768,-1.930999981275));
#20803=CARTESIAN_POINT('',(-0.00500000001,-1.3799999999975,-0.70000000001));
#20804=CARTESIAN_POINT('',(-0.00500000000666667,-1.47000000000667,-0.700000000006667));
#20805=CARTESIAN_POINT('',(-0.00500000001,-1.47000000001,-0.37500000001));
#20806=CARTESIAN_POINT('',(3.095,-0.2644798457681,-1.595800000079));
#20807=CARTESIAN_POINT('',(3.09500000001,0.,-1.620000000068));
#20808=CARTESIAN_POINT('',(3.09500000001,-0.0750000000066667,-1.62000000002933));
#20809=CARTESIAN_POINT('',(3.09500000001,-0.25000000001,-2.2250000000485));
#20810=CARTESIAN_POINT('',(3.09500000001,-0.07500000001,-1.750025010068));
#20811=CARTESIAN_POINT('',(3.09500000001,-0.25000000001,-2.2250000000485));
#20812=CARTESIAN_POINT('',(3.09500000001,0.,-2.10000000001));
#20813=CARTESIAN_POINT('',(3.09500000000667,0.0750000000066667,-2.10000000000667));
#20814=CARTESIAN_POINT('',(3.09500000001,0.07500000001,-2.2250000000485));
#20815=CARTESIAN_POINT('',(3.09500000001,0.,-1.620000000112));
#20816=CARTESIAN_POINT('',(3.09500000001,0.0750000000066667,-1.620000000044));
#20817=CARTESIAN_POINT('',(3.09500000001,0.07500000001,-2.2250000000485));
#20818=CARTESIAN_POINT('',(3.09500000001,0.0750000000066667,-1.65000000000333));
#20819=CARTESIAN_POINT('',(3.09500000001,0.,-1.65000000001));
#20820=CARTESIAN_POINT('',(3.09500000001,-0.0750000000066667,-1.65000000000333));
#20821=CARTESIAN_POINT('',(3.09500000001,-0.07500000001,-2.2250000000485));
#20822=CARTESIAN_POINT('',(-4.17,-0.62,-6.55));
#20823=CARTESIAN_POINT('',(-4.27000000001,-0.731803398885005,-6.45000000001));
#20824=CARTESIAN_POINT('',(-4.27000000001,-0.520000000010006,-6.66180339888499));
#20825=CARTESIAN_POINT('',(-2.875,1.240520154232,-4.821));
#20826=CARTESIAN_POINT('',(-2.87500000001,1.25500000001,-5.57500000001));
#20827=CARTESIAN_POINT('',(-2.87500000000667,1.25500000000668,-4.85000000000326));
#20828=CARTESIAN_POINT('',(-2.87500000001,1.269761202877,-6.239761202877));
#20829=CARTESIAN_POINT('',(-2.87500000001,1.094761202874,-4.689761202873));
#20830=CARTESIAN_POINT('',(1.12,0.1,-0.945803989155));
#20831=CARTESIAN_POINT('',(2.88000000001,0.10000000001,-0.945803989165));
#20832=CARTESIAN_POINT('',(0.06447984576813,-1.4698,-3.85));
#20833=CARTESIAN_POINT('',(1.26250000001,-1.48000000001,-3.85000000001));
#20834=CARTESIAN_POINT('',(-0.7144798457681,-1.4802,-2.));
#20835=CARTESIAN_POINT('',(0.00500000001,-1.38000000001,-2.00000000001));
#20836=CARTESIAN_POINT('',(0.00500000000666667,-1.47000000000667,-2.00000000000667));
#20837=CARTESIAN_POINT('',(0.00500000000666667,-1.48000000000667,-2.00000000000667));
#20838=CARTESIAN_POINT('',(1.26250000001,-1.48000000001,-2.00000000001));
#20839=CARTESIAN_POINT('',(0.0500000000066666,-1.48000000000667,-2.00000000000667));
#20840=CARTESIAN_POINT('',(0.05000000001,-1.47500000001,-2.00000000001));
#20841=CARTESIAN_POINT('',(0.0500000000066667,-1.47000000000667,-2.00000000000667));
#20842=CARTESIAN_POINT('',(0.027500000009998,-1.47000000001,-2.00000000001));
#20843=CARTESIAN_POINT('',(-3.,0.3144798457681,-2.114479845768));
#20844=CARTESIAN_POINT('',(-1.132985994798,1.269761202821,-6.289761202821));
#20845=CARTESIAN_POINT('',(-1.77639320225,1.18,-6.2));
#20846=CARTESIAN_POINT('',(-1.147794046682,1.3049999999765,-6.3249999999765));
#20847=CARTESIAN_POINT('',(-0.505,-1.28,-0.915));
#20848=CARTESIAN_POINT('',(-0.505,-1.28,-0.915));
#20849=CARTESIAN_POINT('',(-2.605520154232,-0.35,-0.9027200689381));
#20850=CARTESIAN_POINT('',(-1.25000000001,-0.35000000001,-3.10000000001));
#20851=CARTESIAN_POINT('',(-4.17,-0.42,-6.77360679775));
#20852=CARTESIAN_POINT('',(4.17000000001,-0.42,-6.77360679775));
#20853=CARTESIAN_POINT('',(4.17000000000667,-0.570000000006664,-6.77360676598784));
#20854=CARTESIAN_POINT('',(4.27000000001,-0.57000000001,-6.77360679776));
#20855=CARTESIAN_POINT('',(4.37000000000667,-0.570000000006667,-6.7736067965315));
#20856=CARTESIAN_POINT('',(4.37000000001,-0.42,-6.77360679775));
#20857=CARTESIAN_POINT('',(2.99,1.255,-6.329));
#20858=CARTESIAN_POINT('',(-1.37500000001,1.25500000001,-5.57500000001));
#20859=CARTESIAN_POINT('',(-1.37500000000798,1.25500000000779,-4.85000000000446));
#20860=CARTESIAN_POINT('',(0.,1.25500000001,-4.85000000001));
#20861=CARTESIAN_POINT('',(1.37500000000798,1.25500000000779,-4.85000000000446));
#20862=CARTESIAN_POINT('',(1.37500000001,1.25500000001,-5.57500000001));
#20863=CARTESIAN_POINT('',(0.,1.25500000001,-5.15000000001));
#20864=CARTESIAN_POINT('',(0.,1.25500000001,-5.15000000001));
#20865=CARTESIAN_POINT('',(0.,1.25500000001,-4.85000000001));
#20866=CARTESIAN_POINT('',(-1.40000000001,1.25500000001,-5.57500000001));
#20867=CARTESIAN_POINT('',(0.,1.25500000001,-4.85000000001));
#20868=CARTESIAN_POINT('',(0.,1.25500000001,-5.15000000001));
#20869=CARTESIAN_POINT('',(-0.75,-1.48,-5.05));
#20870=CARTESIAN_POINT('',(-0.75,-1.48,-5.2));
#20871=CARTESIAN_POINT('',(-0.75,-1.32999999999991,-5.2000000000025));
#20872=CARTESIAN_POINT('',(-0.75,-1.3299999999999,-5.05));
#20873=CARTESIAN_POINT('',(-1.368524416112,-1.267951167777,-5.164479845768));
#20874=CARTESIAN_POINT('',(-1.368524416122,-1.267951167787,-4.70000000001));
#20875=CARTESIAN_POINT('',(-0.75,0.1176995667241,-6.514479845768));
#20876=CARTESIAN_POINT('',(-0.75000000001,-1.63500000001,-6.32500000001));
#20877=CARTESIAN_POINT('',(-0.75,-0.2,-6.2));
#20878=CARTESIAN_POINT('',(0.005,-1.265520154232,-2.919));
#20879=CARTESIAN_POINT('',(0.00500000001,-1.47000000001,-2.42500000001));
#20880=CARTESIAN_POINT('',(0.00500000001000012,-1.28000000001,-2.85000000001561));
#20881=CARTESIAN_POINT('',(0.00500000001,-1.48000000001,-2.42500000001));
#20882=CARTESIAN_POINT('',(0.8227940468532,-1.08,-5.2));
#20883=CARTESIAN_POINT('',(0.8227940468632,-1.28000000001,-2.85000000001561));
#20884=CARTESIAN_POINT('',(0.8227940468532,-1.28,-5.2));
#20885=CARTESIAN_POINT('',(0.8227940468532,-1.08,-5.20000000001));
#20886=CARTESIAN_POINT('',(0.8227940468632,-1.28,-5.20000000001));
#20887=CARTESIAN_POINT('',(0.815257588375408,-1.28,-5.20000000001));
#20888=CARTESIAN_POINT('',(0.807721129887615,-1.28,-5.20000000001));
#20889=CARTESIAN_POINT('',(0.800184671399823,-1.28,-5.20000000001));
#20890=CARTESIAN_POINT('',(-0.005,-1.494479845768,-1.930999981275));
#20891=CARTESIAN_POINT('',(-0.00500000001,-1.37500000001,-4.10000000001));
#20892=CARTESIAN_POINT('',(-0.00500000001,-1.38000000001,-4.15000000001));
#20893=CARTESIAN_POINT('',(-4.444410326646,-0.4089999999995,-5.65));
#20894=CARTESIAN_POINT('',(3.17000000001,-0.28000000001,-5.65000000001));
#20895=CARTESIAN_POINT('',(3.010799999999,0.6,-4.728));
#20896=CARTESIAN_POINT('',(2.89500000001,0.60000000001,-4.00000000001));
#20897=CARTESIAN_POINT('',(2.895,0.6,-4.7));
#20898=CARTESIAN_POINT('',(0.,0.60000000001,-4.70000000001));
#20899=CARTESIAN_POINT('',(3.17,0.28,-6.3));
#20900=CARTESIAN_POINT('',(3.17000000001,0.28000000001,-6.30000000001));
#20901=CARTESIAN_POINT('',(4.17000000001,0.28000000001,-3.20000000001));
#20902=CARTESIAN_POINT('',(-3.045,-0.25,-2.83));
#20903=CARTESIAN_POINT('',(-3.04500000001,-0.30000000001,-1.77500000001));
#20904=CARTESIAN_POINT('',(-3.04500000000671,-0.30000000001,-2.83000000000666));
#20905=CARTESIAN_POINT('',(-3.04500000000333,-0.300000000009999,-2.10000000000667));
#20906=CARTESIAN_POINT('',(-3.04500000001,-0.250000000009997,-2.10000000001));
#20907=CARTESIAN_POINT('',(-3.04500000001,-0.25000000001,-2.83000000001));
#20908=CARTESIAN_POINT('',(0.009479845768134,-1.4698,-0.7));
#20909=CARTESIAN_POINT('',(-0.70000000001,-1.47500000001,-0.70000000001));
#20910=CARTESIAN_POINT('',(-0.7,-1.47,-0.7));
#20911=CARTESIAN_POINT('',(-0.352500000009983,-1.47000000001,-0.70000000001));
#20912=CARTESIAN_POINT('',(2.675908218338,-1.08,-5.15));
#20913=CARTESIAN_POINT('',(2.675908218348,-1.48000000001,-2.82500000001));
#20914=CARTESIAN_POINT('',(2.67590821834466,-1.48000000000667,-5.15000000000667));
#20915=CARTESIAN_POINT('',(2.41879317447349,-1.38641777725742,-4.92500000001));
#20916=CARTESIAN_POINT('',(2.41879317447011,-1.38641777725414,-5.15000000000667));
#20917=CARTESIAN_POINT('',(2.675908218338,-1.08,-5.15));
#20918=CARTESIAN_POINT('',(-0.1889146459712,-1.265520154232,-3.955843245726));
#20919=CARTESIAN_POINT('',(-0.1889146459712,-1.28,-3.955843245726));
#20920=CARTESIAN_POINT('',(-3.484,-1.3062,-6.3));
#20921=CARTESIAN_POINT('',(-3.05000000001,-0.78857864377245,-6.30000000001));
#20922=CARTESIAN_POINT('',(-4.37,-0.84360679775,-6.35));
#20923=CARTESIAN_POINT('',(-4.155520154232,-1.5418,-5.95));
#20924=CARTESIAN_POINT('',(4.37000000001,-0.69500000001,-5.95000000001));
#20925=CARTESIAN_POINT('',(4.17000000001,-0.69500000135005,-5.95000000001));
#20926=CARTESIAN_POINT('',(-2.803,-1.269479845768,-5.15));
#20927=CARTESIAN_POINT('',(0.884,-0.6905201542319,-5.2));
#20928=CARTESIAN_POINT('',(-0.7397612028669,-1.340238797133,-5.20000000001));
#20929=CARTESIAN_POINT('',(-0.04347738476702,-0.9482385920061,-5.2));
#20930=CARTESIAN_POINT('',(-0.7053287303116,-1.24251635408,-5.2));
#20931=CARTESIAN_POINT('',(-0.005,-1.494479845768,-1.930999981275));
#20932=CARTESIAN_POINT('',(-0.00500000001,-1.47000000001,-2.424999990831));
#20933=CARTESIAN_POINT('',(-0.00500000001,-1.37500000001,-1.95000000001));
#20934=CARTESIAN_POINT('',(-0.00500000000666714,-1.47000000000667,-1.94999999337753));
#20935=CARTESIAN_POINT('',(-0.00500000001,-1.47000000001,-2.424999990831));
#20936=CARTESIAN_POINT('',(-2.895,-0.15,-4.7));
#20937=CARTESIAN_POINT('',(-2.895,-0.15,-2.93999999999966));
#20938=CARTESIAN_POINT('',(-3.34500000001,-0.15000000001,-3.90000000001));
#20939=CARTESIAN_POINT('',(-3.345,-0.15,-4.7));
#20940=CARTESIAN_POINT('',(-2.89500000001,-0.15000000001,-4.70000000001));
#20941=CARTESIAN_POINT('',(2.675908218338,-1.08,-5.15));
#20942=CARTESIAN_POINT('',(2.675908218348,-1.08000000001,-4.70000000001));
#20943=CARTESIAN_POINT('',(2.67590821834133,-1.28000000001,-4.70000000000667));
#20944=CARTESIAN_POINT('',(2.675908218348,-1.28000000001,-4.92500000001));
#20945=CARTESIAN_POINT('',(2.675908218348,-1.08000000001,-5.15000000001));
#20946=CARTESIAN_POINT('',(-1.4,0.388,-6.314479845768));
#20947=CARTESIAN_POINT('',(-1.40000000001,0.75500000000995,-5.80000000001));
#20948=CARTESIAN_POINT('',(-4.16999999999999,-0.07,-7.4));
#20949=CARTESIAN_POINT('',(-3.95,-0.07,-7.4));
#20950=CARTESIAN_POINT('',(-4.250000000005,-0.0700000000049999,-7.700000000005));
#20951=CARTESIAN_POINT('',(-4.27000000001,-0.0700000000099998,-7.70000000001));
#20952=CARTESIAN_POINT('',(-4.37,-1.52,-6.35));
#20953=CARTESIAN_POINT('',(-4.27000000001,-1.67000000001,-6.350000937837));
#20954=CARTESIAN_POINT('',(-2.675908218338,-1.08,-5.15));
#20955=CARTESIAN_POINT('',(-4.39186490249,0.3070239593657,-6.35));
#20956=CARTESIAN_POINT('',(0.370592590089254,0.75420236661186,-6.35));
#20957=CARTESIAN_POINT('',(1.517995323568,1.33000000001,-6.35000000001));
#20958=CARTESIAN_POINT('',(-2.45,-0.2,-6.2));
#20959=CARTESIAN_POINT('',(2.75000000001,-0.20000000001,-6.50000000001));
#20960=CARTESIAN_POINT('',(3.050000000005,-0.200000000005,-6.50000000001));
#20961=CARTESIAN_POINT('',(3.05,-0.2,-6.2));
#20962=CARTESIAN_POINT('',(-4.235520154232,-0.2844798457681,-7.7));
#20963=CARTESIAN_POINT('',(4.25000000001,-0.170000000009985,-7.70000000001));
#20964=CARTESIAN_POINT('',(4.250000000005,-0.270000000005,-7.700000000005));
#20965=CARTESIAN_POINT('',(4.37000000001,-0.69500000001,-7.70000000001));
#20966=CARTESIAN_POINT('',(4.37000000000667,-0.270000000006667,-7.70000000000667));
#20967=CARTESIAN_POINT('',(4.27000000001,-0.27000000001,-7.70000000001));
#20968=CARTESIAN_POINT('',(3.05,-1.694856854249,-6.285520154232));
#20969=CARTESIAN_POINT('',(3.05000000001,-0.78857864377245,-6.50000000001));
#20970=CARTESIAN_POINT('',(3.05000000001,-0.78857864377245,-6.30000000001));
#20971=CARTESIAN_POINT('',(-3.345,0.1644798457681,-3.096397937135));
#20972=CARTESIAN_POINT('',(-3.34500000000983,0.,-0.9329455265977));
#20973=CARTESIAN_POINT('',(-3.34500000001,0.25000000001,-1.15147276330395));
#20974=CARTESIAN_POINT('',(-2.88,-0.1,-0.945803989155));
#20975=CARTESIAN_POINT('',(-2.62000000001,-0.10000000001,-0.945803989165));
#20976=CARTESIAN_POINT('',(-2.62,-0.3,-0.79580398915495));
#20977=CARTESIAN_POINT('',(-1.34998046127832E-11,-0.30000000001,-0.7958039891649));
#20978=CARTESIAN_POINT('',(-2.88,-0.3,-0.79580398915495));
#20979=CARTESIAN_POINT('',(-2.88000000001,-0.10000000001,-0.945803989165));
#20980=CARTESIAN_POINT('',(-3.345,0.1644798457681,-3.096397937135));
#20981=CARTESIAN_POINT('',(-3.34500000001,0.,-4.70000000001));
#20982=CARTESIAN_POINT('',(-3.295,-0.25,-1.62));
#20983=CARTESIAN_POINT('',(-0.04347738476702,-0.9482385920061,-5.664479845768));
#20984=CARTESIAN_POINT('',(-0.169476256620788,-1.05396419890759,-5.35));
#20985=CARTESIAN_POINT('',(0.75,-1.694856854249,-6.285520154232));
#20986=CARTESIAN_POINT('',(0.75000000001,-1.66000000001,-6.40000000001));
#20987=CARTESIAN_POINT('',(0.75000000001,-0.78857864377245,-6.50000000001));
#20988=CARTESIAN_POINT('',(1.508,1.094761202867,-4.689761202867));
#20989=CARTESIAN_POINT('',(0.,1.10500000001,-4.70000000001));
#20990=CARTESIAN_POINT('',(-1.45000000000864,1.10500000000644,-4.70000000000778));
#20991=CARTESIAN_POINT('',(1.45000000000865,1.10500000000645,-4.70000000000778));
#20992=CARTESIAN_POINT('',(1.45000000001017,1.10500000001004,-4.70000000001004));
#20993=CARTESIAN_POINT('',(-1.37500000001038,1.25500000001009,-4.8500000000101));
#20994=CARTESIAN_POINT('',(-3.426800000007,-0.3,-0.397));
#20995=CARTESIAN_POINT('',(-2.62000000001,-0.30000000001,-1.77500000001));
#20996=CARTESIAN_POINT('',(-2.62,-0.3,-3.1));
#20997=CARTESIAN_POINT('',(-1.35000214532177E-11,-0.30000000001,-3.10000000001));
#20998=CARTESIAN_POINT('',(0.88000000001,-0.30000000001,-1.77500000001));
#20999=CARTESIAN_POINT('',(3.28000196587033,-0.30000000001,-3.13954472290746));
#21000=CARTESIAN_POINT('',(3.04500000001,-0.30000000001,-1.77500000001));
#21001=CARTESIAN_POINT('',(3.00000000001,-0.30000000001,-1.92500000001));
#21002=CARTESIAN_POINT('',(3.04500000001,-0.30000000001,-1.77500000001));
#21003=CARTESIAN_POINT('',(3.29500000001,-0.30000000001,-1.77500000001));
#21004=CARTESIAN_POINT('',(3.29500000000004,-0.300000000000002,-0.932945526582003));
#21005=CARTESIAN_POINT('',(3.28579593846015,-0.300000000010005,-0.891039708845928));
#21006=CARTESIAN_POINT('',(3.2918836107216,-0.300000000010009,-0.904229665412164));
#21007=CARTESIAN_POINT('',(3.29500000001017,-0.300000000010009,-0.918418492903679));
#21008=CARTESIAN_POINT('',(3.29500000001004,-0.300000000010002,-0.932945526592003));
#21009=CARTESIAN_POINT('',(3.28579593845015,-0.300000000000005,-0.891039708835928));
#21010=CARTESIAN_POINT('',(3.28579593845992,-0.300000000009998,-0.891039708846035));
#21011=CARTESIAN_POINT('',(-3.28579593845945,-0.300000000010146,-0.891039708846155));
#21012=CARTESIAN_POINT('',(-3.28579593844978,-0.300000000000022,-0.891039708836044));
#21013=CARTESIAN_POINT('',(-3.29500000001026,-0.300000000009995,-0.932945526592));
#21014=CARTESIAN_POINT('',(-3.29500000001003,-0.300000000009989,-0.918418492903667));
#21015=CARTESIAN_POINT('',(-3.29188361072145,-0.300000000009989,-0.904229665412151));
#21016=CARTESIAN_POINT('',(-3.28579593845978,-0.300000000010022,-0.891039708846044));
#21017=CARTESIAN_POINT('',(-1.35000214532177E-11,-0.30000000001,-2.10000000001));
#21018=CARTESIAN_POINT('',(-3.13766990224786,-0.300000000009999,-3.02428649037417));
#21019=CARTESIAN_POINT('',(-3.07803538946987,-0.300000000009998,-2.97599541409925));
#21020=CARTESIAN_POINT('',(-3.04500000001027,-0.300000000009998,-2.90673527978441));
#21021=CARTESIAN_POINT('',(-3.04500000001007,-0.30000000001,-2.83000000000999));
#21022=CARTESIAN_POINT('',(-3.13766990223786,-0.299999999999999,-3.02428649036417));
#21023=CARTESIAN_POINT('',(-3.28000196600512,-0.300000000036882,-3.13954472279688));
#21024=CARTESIAN_POINT('',(-2.88000000001,-0.30000000001,-1.77500000001));
#21025=CARTESIAN_POINT('',(-4.444410326646,-0.4089999999995,-5.65));
#21026=CARTESIAN_POINT('',(-3.18000000001,-0.28500000001,-5.65000000001));
#21027=CARTESIAN_POINT('',(-4.15000000001,-0.284999999955667,-5.65000000000667));
#21028=CARTESIAN_POINT('',(-4.15000000001,-0.48500000001,-5.65000000001));
#21029=CARTESIAN_POINT('',(-3.064479845768,-1.599761202867,-6.510238797133));
#21030=CARTESIAN_POINT('',(1.8,-1.599761202867,-6.510238797133));
#21031=CARTESIAN_POINT('',(1.581475583888,-0.8420488322235,-4.685520154232));
#21032=CARTESIAN_POINT('',(1.47500000001,-1.05500000001025,-5.15000000001));
#21033=CARTESIAN_POINT('',(1.581475583898,-0.8420488322335,-4.70000000001));
#21034=CARTESIAN_POINT('',(-3.2950000000275,0.3,-1.37));
#21035=CARTESIAN_POINT('',(-3.148553390608,0.3,-1.36999999998389));
#21036=CARTESIAN_POINT('',(-3.045,0.3,-1.4735533905805));
#21037=CARTESIAN_POINT('',(-3.045,0.3,-1.62));
#21038=CARTESIAN_POINT('',(-3.29500000002428,0.299999999999952,-1.39928932188131));
#21039=CARTESIAN_POINT('',(-3.16571067813163,0.299999999999952,-1.39928932186709));
#21040=CARTESIAN_POINT('',(-3.07428932188131,0.299999999999952,-1.49071067810736));
#21041=CARTESIAN_POINT('',(-3.07428932188131,0.299999999999952,-1.62));
#21042=CARTESIAN_POINT('',(-3.295000000022,0.279289321881308,-1.41999999999992));
#21043=CARTESIAN_POINT('',(-3.17784271248635,0.279289321881308,-1.41999999998703));
#21044=CARTESIAN_POINT('',(-3.09499999999992,0.279289321881308,-1.50284271246435));
#21045=CARTESIAN_POINT('',(-3.09499999999992,0.279289321881308,-1.62));
#21046=CARTESIAN_POINT('',(-3.295000000022,0.25,-1.41999999999992));
#21047=CARTESIAN_POINT('',(-3.17784271248635,0.25,-1.41999999998703));
#21048=CARTESIAN_POINT('',(-3.09499999999992,0.25,-1.50284271246435));
#21049=CARTESIAN_POINT('',(-3.09499999999992,0.25,-1.62));
#21050=CARTESIAN_POINT('',(-3.04500000001,0.25000000001,-1.62000000001));
#21051=CARTESIAN_POINT('',(-3.29500000001,0.25000000001,-1.62000000001));
#21052=CARTESIAN_POINT('',(3.17,-0.28,-5.6));
#21053=CARTESIAN_POINT('',(4.17000000001,-0.2799999991988,-2.85000000000999));
#21054=CARTESIAN_POINT('',(4.17000000001008,-0.279999999236742,-0.10000000002625));
#21055=CARTESIAN_POINT('',(3.17000000003,-1.28000000001,-2.85000000001561));
#21056=CARTESIAN_POINT('',(3.17000000001,-0.28000000001,-0.10000000001));
#21057=CARTESIAN_POINT('',(-2.45,-0.2,-6.2));
#21058=CARTESIAN_POINT('',(1.8,-0.2,-6.2));
#21059=CARTESIAN_POINT('',(-2.595,0.855,-4.685520154232));
#21060=CARTESIAN_POINT('',(0.,0.85500000001,-4.70000000001));
#21061=CARTESIAN_POINT('',(-1.5749999999998,0.854999999999955,-4.7));
#21062=CARTESIAN_POINT('',(-1.57500000000982,0.855000000009909,-4.92500000001));
#21063=CARTESIAN_POINT('',(1.105520154232,0.35,-3.143083920217));
#21064=CARTESIAN_POINT('',(1.25000000001,0.35000000001,-0.945803989165));
#21065=CARTESIAN_POINT('',(1.38,0.35,-0.945803989155));
#21066=CARTESIAN_POINT('',(1.38000000001,0.35000000001,-1.94790199458735));
#21067=CARTESIAN_POINT('',(-2.88,-0.2855201542319,-3.146083920217));
#21068=CARTESIAN_POINT('',(3.18,-0.285,-4.7000000000001));
#21069=CARTESIAN_POINT('',(3.18000000001,-0.28500000001,-4.7000000000101));
#21070=CARTESIAN_POINT('',(3.17999999994867,-1.10500000000543,-4.70000000000651));
#21071=CARTESIAN_POINT('',(3.179999999826,-1.1800000000075,-4.775000000007));
#21072=CARTESIAN_POINT('',(-0.7,-1.4802,-0.6855201542319));
#21073=CARTESIAN_POINT('',(-0.70000000001,-1.47500000001,-4.15000000001));
#21074=CARTESIAN_POINT('',(-0.7,-1.4802,-0.6855201542319));
#21075=CARTESIAN_POINT('',(-0.70000000001,-1.47000000001,-0.85000000000995));
#21076=CARTESIAN_POINT('',(4.17,0.3189999972659,0.05039999996022));
#21077=CARTESIAN_POINT('',(4.17000000001,0.2299999999968,-3.86000000002939));
#21078=CARTESIAN_POINT('',(4.17000000001,-0.69500000135005,-7.62000000001));
#21079=CARTESIAN_POINT('',(4.170000000005,-0.473960780538319,-7.620000000005));
#21080=CARTESIAN_POINT('',(4.17,-0.27,-7.4));
#21081=CARTESIAN_POINT('',(4.17000000000667,-0.570000000006667,-7.40000000000667));
#21082=CARTESIAN_POINT('',(4.17000000001,-0.57000000001,-3.86000000002939));
#21083=CARTESIAN_POINT('',(4.17,-0.84360679775,-6.35));
#21084=CARTESIAN_POINT('',(4.17000000001,-0.28000000001,-5.70000000001));
#21085=CARTESIAN_POINT('',(4.17000000001,-0.69500000135005,-0.1000000000425));
#21086=CARTESIAN_POINT('',(4.280238797046,-0.2944798457156,0.01023879704568));
#21087=CARTESIAN_POINT('',(4.2200000000035,-0.279999999274685,-0.05000000001651));
#21088=CARTESIAN_POINT('',(0.3948674666428,0.6903989458942,-6.214479845768));
#21089=CARTESIAN_POINT('',(3.295,-0.25,-1.62));
#21090=CARTESIAN_POINT('',(3.29500000001,0.07500000001,-1.62000000001));
#21091=CARTESIAN_POINT('',(-3.484,-1.3062,-6.3));
#21092=CARTESIAN_POINT('',(2.11180339888499,1.3799999999885,-6.30000000001001));
#21093=CARTESIAN_POINT('',(2.11180339887999,1.43,-6.30000000001001));
#21094=CARTESIAN_POINT('',(2.50000000001,1.43000000001,-6.30000000001));
#21095=CARTESIAN_POINT('',(2.88819660113001,1.43,-6.30000000001));
#21096=CARTESIAN_POINT('',(2.888196601135,1.38000000001,-6.30000000001));
#21097=CARTESIAN_POINT('',(-0.7213,-1.48,0.113));
#21098=CARTESIAN_POINT('',(2.10000000001,-1.48000000001,-5.15000000001));
#21099=CARTESIAN_POINT('',(1.26250000001,-1.48000000001,-0.70000000001));
#21100=CARTESIAN_POINT('',(0.0500000000099999,-1.48000000001,-2.82500000001));
#21101=CARTESIAN_POINT('',(0.75,-1.48,-5.));
#21102=CARTESIAN_POINT('',(0.75,-1.48,-5.05));
#21103=CARTESIAN_POINT('',(0.822794046859394,-1.480000000005,-5.18115268484416));
#21104=CARTESIAN_POINT('',(0.8227940468632,-1.48000000001,-2.82500000001));
#21105=CARTESIAN_POINT('',(3.17000000001,-1.48000000001,-2.90000000001));
#21106=CARTESIAN_POINT('',(-1.010520154232,-1.305,-5.664479845768));
#21107=CARTESIAN_POINT('',(-4.444410326646,-0.4089999999995,-5.65));
#21108=CARTESIAN_POINT('',(-3.28579593845033,-0.25,-0.891039708835749));
#21109=CARTESIAN_POINT('',(-3.218866184617,-0.25000000001,-0.6267100666577));
#21110=CARTESIAN_POINT('',(-3.33119390767535,-0.249999999999975,-0.87008679996267));
#21111=CARTESIAN_POINT('',(-3.28579593846033,-0.25000000001,-0.891039708845749));
#21112=CARTESIAN_POINT('',(-4.15,0.3158,-4.816999999992));
#21113=CARTESIAN_POINT('',(-4.15000000001,-0.284999999847,-5.25000000001));
#21114=CARTESIAN_POINT('',(-4.15000000001,-0.48500000001,-4.850000000005));
#21115=CARTESIAN_POINT('',(-4.15000000001,-0.48500000001,-6.50000000001));
#21116=CARTESIAN_POINT('',(-4.15000000001,-0.48500000001,-6.40000000001));
#21117=CARTESIAN_POINT('',(-4.15000000001,-0.48500000001,-5.65000000001));
#21118=CARTESIAN_POINT('',(-4.15000000001,-0.97253158771308,-5.650000000005));
#21119=CARTESIAN_POINT('',(-4.15000000001,-0.48500000001,-5.65000000001));
#21120=CARTESIAN_POINT('',(-3.349479795728,0.075,-2.114479845768));
#21121=CARTESIAN_POINT('',(3.04750000001,0.07500000001,-2.10000000001));
#21122=CARTESIAN_POINT('',(-2.803,-1.269479845768,-5.15));
#21123=CARTESIAN_POINT('',(2.32367534821,-1.3066044443215,-5.15000000001));
#21124=CARTESIAN_POINT('',(1.26250000001,-1.28000000001,-5.15000000001));
#21125=CARTESIAN_POINT('',(-2.45,-0.2,-6.2));
#21126=CARTESIAN_POINT('',(0.884,-0.6905201542319,-5.2));
#21127=CARTESIAN_POINT('',(0.8227940468532,-1.08,-5.2));
#21128=CARTESIAN_POINT('',(0.750000000005724,-1.47332051401315,-5.2));
#21129=CARTESIAN_POINT('',(0.75,-1.48,-5.2));
#21130=CARTESIAN_POINT('',(0.88,-0.3644798457681,-1.259720068938));
#21131=CARTESIAN_POINT('',(3.045,-0.25,-2.83));
#21132=CARTESIAN_POINT('',(2.1,1.38,-5.15));
#21133=CARTESIAN_POINT('',(2.10000000001,1.38000000001,-4.70000000001));
#21134=CARTESIAN_POINT('',(1.84288495613528,1.07358222276259,-4.70000000000667));
#21135=CARTESIAN_POINT('',(1.84288495613595,1.07358222276194,-4.92500000001));
#21136=CARTESIAN_POINT('',(-3.109479845768,-0.3144798457681,-2.1));
#21137=CARTESIAN_POINT('',(-0.884,-1.269479845768,-5.85));
#21138=CARTESIAN_POINT('',(-0.85000000001,-0.98000000000995,-5.85000000001));
#21139=CARTESIAN_POINT('',(-2.675908218338,1.08,-5.15));
#21140=CARTESIAN_POINT('',(-2.41879317447349,1.38641777725742,-4.92500000001));
#21141=CARTESIAN_POINT('',(1.12,0.1,-0.945803989155));
#21142=CARTESIAN_POINT('',(1.38000000001,0.10000000001,-0.945803989165));
#21143=CARTESIAN_POINT('',(2.88,0.3644798457681,-3.146083920217));
#21144=CARTESIAN_POINT('',(2.88000000001,0.32500000001,-3.10000000001));
#21145=CARTESIAN_POINT('',(-4.166,-1.2822,-6.4));
#21146=CARTESIAN_POINT('',(-3.35000000001,-0.00750654455749998,-6.40000000001));
#21147=CARTESIAN_POINT('',(-3.443043849909,-0.364479845768,-3.1));
#21148=CARTESIAN_POINT('',(3.31061908646119,1.00500088252059E-11,-3.10000000000977));
#21149=CARTESIAN_POINT('',(3.31061908646136,0.322513115387576,-3.10000000000988));
#21150=CARTESIAN_POINT('',(2.89500000001,0.15000000001,-3.10000000001));
#21151=CARTESIAN_POINT('',(-0.85,-1.269479845768,-5.085));
#21152=CARTESIAN_POINT('',(-2.435520154232,-1.6382,-6.5));
#21153=CARTESIAN_POINT('',(-3.35000000001,-0.00750654455749998,-6.50000000001));
#21154=CARTESIAN_POINT('',(-0.7144798457681,-1.47,-0.6855201542319));
#21155=CARTESIAN_POINT('',(-0.145,-1.47,-1.95));
#21156=CARTESIAN_POINT('',(-0.4649051215628,-1.484479845768,-2.930084965046));
#21157=CARTESIAN_POINT('',(-0.451523254534647,-1.37500000001,-2.93561592953235));
#21158=CARTESIAN_POINT('',(-0.45152325452461,-1.28,-2.93561592952227));
#21159=CARTESIAN_POINT('',(-0.4649051215628,-1.28,-2.930084965046));
#21160=CARTESIAN_POINT('',(-0.500466667663272,0.797909292737277,-5.95));
#21161=CARTESIAN_POINT('',(-0.371909145726141,0.951118181361006,-5.95));
#21162=CARTESIAN_POINT('',(-0.37190914572555,0.951118181360478,-5.8));
#21163=CARTESIAN_POINT('',(-0.500466667663272,0.797909292737277,-5.8));
#21164=CARTESIAN_POINT('',(1.508,-1.094761202867,-4.689761202867));
#21165=CARTESIAN_POINT('',(0.,-1.105000000008,-4.70000000001));
#21166=CARTESIAN_POINT('',(-4.17,-0.43,-5.8));
#21167=CARTESIAN_POINT('',(-2.26503217331068,-0.4300000000097,-5.65000000001));
#21168=CARTESIAN_POINT('',(-4.36058808997821,-0.43000000000679,-5.650000000005));
#21169=CARTESIAN_POINT('',(-4.36058808997858,-0.43000000000388,-5.65));
#21170=CARTESIAN_POINT('',(-4.37050699556847,-0.351271127599602,-5.64999999999796));
#21171=CARTESIAN_POINT('',(-4.37,-0.279999893797127,-5.72064315008524));
#21172=CARTESIAN_POINT('',(-4.37,-0.280000000000134,-5.80000020074399));
#21173=CARTESIAN_POINT('',(-4.444410326646,-0.4089999999995,-5.65));
#21174=CARTESIAN_POINT('',(-3.17,-0.28,-5.65));
#21175=CARTESIAN_POINT('',(-2.45,-0.2,-6.2));
#21176=CARTESIAN_POINT('',(-3.05,-0.2,-6.2));
#21177=CARTESIAN_POINT('',(-2.803,-1.269479845768,-5.15));
#21178=CARTESIAN_POINT('',(3.18,0.285,-4.85));
#21179=CARTESIAN_POINT('',(-4.37,-0.84360679775,-6.35));
#21180=CARTESIAN_POINT('',(4.37,-0.84360679775,-6.35));
#21181=CARTESIAN_POINT('',(-1.147794046853,1.08,-6.30000000000003));
#21182=CARTESIAN_POINT('',(-1.00316683473503,1.25235999974062,-6.324999999999));
#21183=CARTESIAN_POINT('',(1.456,1.119479845768,-5.8));
#21184=CARTESIAN_POINT('',(-0.57384074112785,1.12055890858695,-5.80000000001));
#21185=CARTESIAN_POINT('',(-0.145,-1.28,-1.95));
#21186=CARTESIAN_POINT('',(-3.35,1.289886649123,-6.514479845768));
#21187=CARTESIAN_POINT('',(-4.384479845768,-1.67,-6.364480549138));
#21188=CARTESIAN_POINT('',(-0.62,0.1,-1.445803989155));
#21189=CARTESIAN_POINT('',(-0.75000000001,0.35000000001,-1.445803989165));
#21190=CARTESIAN_POINT('',(-3.17,-0.28,1.35525271560688E-17));
#21191=CARTESIAN_POINT('',(-3.17,-0.28,-5.65000000001));
#21192=CARTESIAN_POINT('',(-3.064479845768,-1.670238797133,-6.360238797133));
#21193=CARTESIAN_POINT('',(-2.558442901789,1.242516354074,-4.685520154232));
#21194=CARTESIAN_POINT('',(-2.452232870148,1.1533955556985,-4.70000000001));
#21195=CARTESIAN_POINT('',(-2.54735069640375,1.23320888862794,-4.70000000000667));
#21196=CARTESIAN_POINT('',(-2.3571150438769,1.07358222275602,-4.70000000000667));
#21197=CARTESIAN_POINT('',(-2.547350696411,1.233208888634,-4.92500000001));
#21198=CARTESIAN_POINT('',(-2.35711504388405,1.07358222276194,-4.92500000001));
#21199=CARTESIAN_POINT('',(-2.1,1.38,-5.15));
#21200=CARTESIAN_POINT('',(-2.10000000001,1.38000000001,-4.70000000001));
#21201=CARTESIAN_POINT('',(-1.84288495613483,1.07358222276311,-4.70000000000667));
#21202=CARTESIAN_POINT('',(-1.84288495613612,1.07358222276215,-4.92500000001));
#21203=CARTESIAN_POINT('',(3.,1.305,-6.4));
#21204=CARTESIAN_POINT('',(3.,1.33,-6.4));
#21205=CARTESIAN_POINT('',(3.11180339888501,1.380000083346,-6.30000000000999));
#21206=CARTESIAN_POINT('',(3.125,1.24052015423,-4.820999999995));
#21207=CARTESIAN_POINT('',(3.125,1.094761202867,-4.689761202867));
#21208=CARTESIAN_POINT('',(-2.217465316549,1.217483645926,-5.164479845768));
#21209=CARTESIAN_POINT('',(-2.217465316559,1.217483645936,-4.70000000001));
#21210=CARTESIAN_POINT('',(-2.217465316559,1.217483645936,-5.15000000001));
#21211=CARTESIAN_POINT('',(-4.16,-1.1492,-4.7));
#21212=CARTESIAN_POINT('',(2.675908218348,1.08000000001,-4.70000000001));
#21213=CARTESIAN_POINT('',(1.747767129872,1.1533955556985,-4.70000000001));
#21214=CARTESIAN_POINT('',(-4.16,-1.1492,-4.7));
#21215=CARTESIAN_POINT('',(-1.7477671298725,1.153395555699,-4.70000000001));
#21216=CARTESIAN_POINT('',(-1.65264930360898,1.23320888863464,-4.70000000000667));
#21217=CARTESIAN_POINT('',(-1.524091781672,1.08000000001,-4.70000000001));
#21218=CARTESIAN_POINT('',(-2.675908218348,1.08000000001,-4.70000000001));
#21219=CARTESIAN_POINT('',(-3.045,0.25,-2.1));
#21220=CARTESIAN_POINT('',(-3.295,-0.25,-1.62));
#21221=CARTESIAN_POINT('',(-3.29500000001,0.07500000001,-1.62000000001));
#21222=CARTESIAN_POINT('',(-3.349479795728,0.075,-2.114479845768));
#21223=CARTESIAN_POINT('',(-3.23500000001,0.07500000001,-1.400200080074));
#21224=CARTESIAN_POINT('',(-3.109479845768,-0.3144798457681,-2.1));
#21225=CARTESIAN_POINT('',(1.456,1.119479845768,-5.8));
#21226=CARTESIAN_POINT('',(1.10000000001,1.291067198387,-5.80000000001));
#21227=CARTESIAN_POINT('',(-3.064479845768,-1.670238797133,-6.360238797133));
#21228=CARTESIAN_POINT('',(-3.989761202858,-0.2994798457556,-4.689761202858));
#21229=CARTESIAN_POINT('',(-4.000000000004,0.,-4.70000000001));
#21230=CARTESIAN_POINT('',(-2.435520154232,-1.6382,-6.5));
#21231=CARTESIAN_POINT('',(-4.444410326646,-0.4089999999995,-5.65));
#21232=CARTESIAN_POINT('',(1.524091781662,1.08,-5.15));
#21233=CARTESIAN_POINT('',(1.524091781662,1.08,-4.7));
#21234=CARTESIAN_POINT('',(1.524091781662,1.08,-5.15));
#21235=CARTESIAN_POINT('',(-4.155520154232,-0.57,-6.759126951982));
#21236=CARTESIAN_POINT('',(-4.27000000001,-0.57000000001,-6.77360679776));
#21237=CARTESIAN_POINT('',(-4.27000000001,-0.57000000001,-7.40000000001));
#21238=CARTESIAN_POINT('',(0.8227940468532,-1.08,-5.17833960095709));
#21239=CARTESIAN_POINT('',(0.822794046855587,-1.48,-5.18115268484628));
#21240=CARTESIAN_POINT('',(0.800365597516237,-1.48000000000013,-5.19360121073059));
#21241=CARTESIAN_POINT('',(0.775226130058802,-1.47798925624066,-5.19999999999808));
#21242=CARTESIAN_POINT('',(0.750000000011446,-1.47332051401422,-5.2));
#21243=CARTESIAN_POINT('',(3.2857959384501,-0.25,-0.891039708835952));
#21244=CARTESIAN_POINT('',(3.28579593846041,-0.25000000001,-0.891039708845809));
#21245=CARTESIAN_POINT('',(3.34500000000035,-0.25,-0.932945526582));
#21246=CARTESIAN_POINT('',(3.34500000000035,-0.25,-0.911154976049489));
#21247=CARTESIAN_POINT('',(3.34032541606748,-0.25,-0.889871734812203));
#21248=CARTESIAN_POINT('',(3.33119390767546,-0.25,-0.870086799962767));
#21249=CARTESIAN_POINT('',(3.34500000000035,-0.27928932188149,-0.932945526582));
#21250=CARTESIAN_POINT('',(3.34500000000035,-0.27928932188149,-0.911154976049489));
#21251=CARTESIAN_POINT('',(3.34032541606748,-0.27928932188149,-0.889871734812203));
#21252=CARTESIAN_POINT('',(3.33119390767546,-0.27928932188149,-0.870086799962767));
#21253=CARTESIAN_POINT('',(3.32428932188153,-0.300000000000208,-0.932945526582004));
#21254=CARTESIAN_POINT('',(3.32428932188153,-0.300000000000208,-0.914163623236892));
#21255=CARTESIAN_POINT('',(3.32026016330314,-0.300000000000208,-0.895818984390203));
#21256=CARTESIAN_POINT('',(3.3123894531181,-0.300000000000208,-0.878765778989217));
#21257=CARTESIAN_POINT('',(3.295,-0.300000000000009,-0.932945526582012));
#21258=CARTESIAN_POINT('',(3.295,-0.300000000000009,-0.918418492893704));
#21259=CARTESIAN_POINT('',(3.29188361071143,-0.300000000000009,-0.904229665402213));
#21260=CARTESIAN_POINT('',(3.2857959384501,-0.300000000000009,-0.891039708835952));
#21261=CARTESIAN_POINT('',(3.29500000001,-0.25000000001,-0.932945526592));
#21262=CARTESIAN_POINT('',(-2.435520154232,-1.6382,-6.5));
#21263=CARTESIAN_POINT('',(1.38,0.3644798457681,-3.146083920217));
#21264=CARTESIAN_POINT('',(3.17,-0.28,1.35525271560688E-17));
#21265=CARTESIAN_POINT('',(4.36999996871928,-0.27999996871933,-5.79999987416037));
#21266=CARTESIAN_POINT('',(4.36999996871928,-0.280000035285633,-5.72065326880707));
#21267=CARTESIAN_POINT('',(4.37050815385612,-0.351244123622595,-5.65001753215843));
#21268=CARTESIAN_POINT('',(4.36059229740415,-0.429966600822,-5.65000000371781));
#21269=CARTESIAN_POINT('',(4.37000000001,-0.28000000001,-2.90000000001));
#21270=CARTESIAN_POINT('',(-4.17,-0.43,-5.8));
#21271=CARTESIAN_POINT('',(0.75,-1.48,-5.05));
#21272=CARTESIAN_POINT('',(0.75,-1.28,-5.05));
#21273=CARTESIAN_POINT('',(3.2463,-1.28,-5.71));
#21274=CARTESIAN_POINT('',(1.26250000001,-1.28000000001,-4.70000000001));
#21275=CARTESIAN_POINT('',(1.26250000001,-1.28000000001,-4.70000000001));
#21276=CARTESIAN_POINT('',(0.75,-1.28,-5.));
#21277=CARTESIAN_POINT('',(-0.505,-1.28,-3.065));
#21278=CARTESIAN_POINT('',(-0.145,-1.28,-0.75));
#21279=CARTESIAN_POINT('',(3.157882968129,-0.3369929611461,-2.976316730091));
#21280=CARTESIAN_POINT('',(3.34500000001,0.,-3.127841114848));
#21281=CARTESIAN_POINT('',(3.345,0.15,-3.12784111483805));
#21282=CARTESIAN_POINT('',(2.895,0.15,-2.76343829990247));
#21283=CARTESIAN_POINT('',(3.23987750410031,-0.25000000001017,-3.0427145961662));
#21284=CARTESIAN_POINT('',(-4.16,-1.1492,-4.7));
#21285=CARTESIAN_POINT('',(-1.581475583888,0.8420488322235,-5.164479845768));
#21286=CARTESIAN_POINT('',(-1.581475583898,0.8420488322335,-4.70000000001));
#21287=CARTESIAN_POINT('',(-1.853977161513,1.064274757303,-4.685520154232));
#21288=CARTESIAN_POINT('',(-1.65264930360903,1.23320888863403,-4.92500000001));
#21289=CARTESIAN_POINT('',(-2.803,-1.269479845768,-5.15));
#21290=CARTESIAN_POINT('',(2.675908218348,1.08000000001,-5.15000000001));
#21291=CARTESIAN_POINT('',(-3.33119390767512,-0.25,-0.870086799962753));
#21292=CARTESIAN_POINT('',(-3.34032541606717,-0.25,-0.889871734812195));
#21293=CARTESIAN_POINT('',(-3.34500000000005,-0.25,-0.911154976049495));
#21294=CARTESIAN_POINT('',(-3.34500000000004,-0.25,-0.932945526582023));
#21295=CARTESIAN_POINT('',(-3.33119390767512,-0.279289321882001,-0.870086799962753));
#21296=CARTESIAN_POINT('',(-3.34032541606717,-0.279289321882001,-0.889871734812196));
#21297=CARTESIAN_POINT('',(-3.34500000000005,-0.279289321882001,-0.911154976049496));
#21298=CARTESIAN_POINT('',(-3.34500000000004,-0.279289321882001,-0.932945526582024));
#21299=CARTESIAN_POINT('',(-3.31238945311724,-0.300000000000755,-0.878765778989458));
#21300=CARTESIAN_POINT('',(-3.32026016330227,-0.300000000000755,-0.895818984390366));
#21301=CARTESIAN_POINT('',(-3.32428932188064,-0.300000000000755,-0.914163623236977));
#21302=CARTESIAN_POINT('',(-3.32428932188064,-0.300000000000755,-0.932945526582014));
#21303=CARTESIAN_POINT('',(-3.28579593844891,-0.299999999999989,-0.891039708836359));
#21304=CARTESIAN_POINT('',(-3.2918836107102,-0.29999999999999,-0.904229665402483));
#21305=CARTESIAN_POINT('',(-3.29499999999875,-0.29999999999999,-0.918418492893834));
#21306=CARTESIAN_POINT('',(-3.29499999999875,-0.299999999999989,-0.932945526582));
#21307=CARTESIAN_POINT('',(-3.19500000001,-0.25000000001,-0.932945526592));
#21308=CARTESIAN_POINT('',(-1.524091781662,1.08,-5.15));
#21309=CARTESIAN_POINT('',(1.105520154232,0.35,-3.143083920217));
#21310=CARTESIAN_POINT('',(3.430037402912,-0.611306859926,-3.309045487941));
#21311=CARTESIAN_POINT('',(0.,-0.350000000010052,-3.10000000000994));
#21312=CARTESIAN_POINT('',(-0.7144798457681,-1.47,-0.6855201542319));
#21313=CARTESIAN_POINT('',(-2.949025141578,0.217940226496028,-0.4));
#21314=CARTESIAN_POINT('',(-3.08521904926316,-1.00499952726787E-11,-0.337141273390928));
#21315=CARTESIAN_POINT('',(-3.08521904926287,0.21535595504571,-0.337141273391012));
#21316=CARTESIAN_POINT('',(-2.949025141578,0.262499999999966,-0.4));
#21317=CARTESIAN_POINT('',(-3.195,0.25,-0.932945526582));
#21318=CARTESIAN_POINT('',(-3.33119390768542,0.,-0.870086799972707));
#21319=CARTESIAN_POINT('',(-3.337261805453,0.2644798457681,-0.8832339118141));
#21320=CARTESIAN_POINT('',(-3.10653846154807,0.250000000009761,-0.383333333343073));
#21321=CARTESIAN_POINT('',(3.045,-0.25,-2.83));
#21322=CARTESIAN_POINT('',(3.295,-0.25,-1.62));
#21323=CARTESIAN_POINT('',(3.29500000001,-0.07500000001,-1.62000000001));
#21324=CARTESIAN_POINT('',(-2.985520154232,-0.075,-1.385570174348));
#21325=CARTESIAN_POINT('',(3.24500000001,-0.07500000001,-1.65000000001));
#21326=CARTESIAN_POINT('',(3.,-0.3144798457681,-1.735520154232));
#21327=CARTESIAN_POINT('',(3.00000000001,-0.07500000001,-1.750025010068));
#21328=CARTESIAN_POINT('',(-2.985520154232,-0.075,-1.385570174348));
#21329=CARTESIAN_POINT('',(-3.064479845768,-1.599761202867,-6.510238797133));
#21330=CARTESIAN_POINT('',(-1.52000000001,-1.61000000001,-6.50000000001));
#21331=CARTESIAN_POINT('',(-3.064479845768,-1.599761202867,-6.510238797133));
#21332=CARTESIAN_POINT('',(-2.75000000001,-1.66000000001,-6.45000000001));
#21333=CARTESIAN_POINT('',(-3.05000000000667,-1.66000000001,-6.45000000000667));
#21334=CARTESIAN_POINT('',(-3.05,-1.599761202867,-6.510238797133));
#21335=CARTESIAN_POINT('',(-2.435520154232,-1.6382,-6.5));
#21336=CARTESIAN_POINT('',(-0.505,-1.28,-3.065));
#21337=CARTESIAN_POINT('',(-1.1,1.48,-5.65));
#21338=CARTESIAN_POINT('',(-1.10000000001,1.291067198387,-5.80000000001));
#21339=CARTESIAN_POINT('',(-1.10000000000762,1.47713439675523,-5.8));
#21340=CARTESIAN_POINT('',(-1.14779404685694,1.48,-5.79218202799593));
#21341=CARTESIAN_POINT('',(-1.13223468981328,1.48000000000015,-5.79741225751291));
#21342=CARTESIAN_POINT('',(-1.11629730202855,1.47909573282344,-5.79999999999943));
#21343=CARTESIAN_POINT('',(-1.10000000000524,1.47713439675495,-5.8));
#21344=CARTESIAN_POINT('',(-1.147794046853,1.08,-5.78883512016498));
#21345=CARTESIAN_POINT('',(-1.147794046853,1.08,-5.8));
#21346=CARTESIAN_POINT('',(-0.890679002984831,1.38641777725411,-5.80000000000333));
#21347=CARTESIAN_POINT('',(-0.890679002989284,1.3864177772573,-6.07500000001));
#21348=CARTESIAN_POINT('',(3.345,-0.1644798457681,-4.731443177703));
#21349=CARTESIAN_POINT('',(3.34500000001,0.15000000001,-3.913920557429));
#21350=CARTESIAN_POINT('',(3.345,0.15,-4.7));
#21351=CARTESIAN_POINT('',(3.34500000001,0.,-4.70000000001));
#21352=CARTESIAN_POINT('',(-4.16,-1.1492,-4.7));
#21353=CARTESIAN_POINT('',(2.32367534821,-1.3066044443215,-4.70000000001));
#21354=CARTESIAN_POINT('',(2.22855752194367,-1.22679111138265,-4.70000000000667));
#21355=CARTESIAN_POINT('',(2.10000000001,-1.38000000001,-4.70000000001));
#21356=CARTESIAN_POINT('',(2.1,-1.38,-4.7));
#21357=CARTESIAN_POINT('',(-0.145,-1.28,-4.1));
#21358=CARTESIAN_POINT('',(-0.19847674548551,-1.37500000001,-3.97061592953222));
#21359=CARTESIAN_POINT('',(-4.166,-1.2822,-6.4));
#21360=CARTESIAN_POINT('',(3.75000000001,0.10500000001,-6.40000000001));
#21361=CARTESIAN_POINT('',(-0.7144798457681,-1.47,-0.6855201542319));
#21362=CARTESIAN_POINT('',(0.05000000001,-1.47000000001,-1.85000000001));
#21363=CARTESIAN_POINT('',(-0.145,-1.28,-0.75));
#21364=CARTESIAN_POINT('',(-4.16,-1.1492,-4.7));
#21365=CARTESIAN_POINT('',(-3.17,-0.28,-0.0999999999998548));
#21366=CARTESIAN_POINT('',(3.245,-0.075,-1.65));
#21367=CARTESIAN_POINT('',(3.24500000001,0.07500000001,-1.65000000001));
#21368=CARTESIAN_POINT('',(-3.05,0.1176995667241,-6.514479845768));
#21369=CARTESIAN_POINT('',(-3.05000000001,-1.66000000001,-6.40000000001));
#21370=CARTESIAN_POINT('',(-1.132985994798,1.269761202821,-6.289761202821));
#21371=CARTESIAN_POINT('',(-1.980000012821,1.490238797133,-6.239761202867));
#21372=CARTESIAN_POINT('',(2.,1.33,-6.4));
#21373=CARTESIAN_POINT('',(2.,1.28,-6.4));
#21374=CARTESIAN_POINT('',(-3.295,0.25,-0.932945526582));
#21375=CARTESIAN_POINT('',(-4.16,-1.1492,-4.7));
#21376=CARTESIAN_POINT('',(2.89500000001,0.15000000001,-4.70000000001));
#21377=CARTESIAN_POINT('',(0.,1.105000000008,-4.70000000001));
#21378=CARTESIAN_POINT('',(0.,-1.105000000004,-4.70000000001));
#21379=CARTESIAN_POINT('',(0.,1.105000000002,-4.70000000001));
#21380=CARTESIAN_POINT('',(1.368524416122,1.267951167787,-4.70000000001));
#21381=CARTESIAN_POINT('',(-2.803,-1.269479845768,-5.15));
#21382=CARTESIAN_POINT('',(-4.384479845768,-0.28,-5.814480549138));
#21383=CARTESIAN_POINT('',(-0.992604097364701,1.289497793367,-6.360238797134));
#21384=CARTESIAN_POINT('',(-0.564745428632011,0.721304848422999,-6.2));
#21385=CARTESIAN_POINT('',(-3.,1.305,-6.4));
#21386=CARTESIAN_POINT('',(-3.,1.33,-6.4));
#21387=CARTESIAN_POINT('',(-3.,1.43,-6.4));
#21388=CARTESIAN_POINT('',(-3.11180339888407,1.38000000001,-6.30000000000894));
#21389=CARTESIAN_POINT('',(1.1,1.48,-5.65));
#21390=CARTESIAN_POINT('',(-2.803,-1.269479845768,-5.15));
#21391=CARTESIAN_POINT('',(1.641557098211,1.242516354074,-4.685520154232));
#21392=CARTESIAN_POINT('',(-3.09500000000055,-0.25,-2.83));
#21393=CARTESIAN_POINT('',(-3.09500000000055,-0.25,-2.89138822381943));
#21394=CARTESIAN_POINT('',(-3.12142831156819,-0.25,-2.94679633127121));
#21395=CARTESIAN_POINT('',(-3.16913592179051,-0.25,-2.98542919229107));
#21396=CARTESIAN_POINT('',(-3.09500000000055,-0.279289321881601,-2.83));
#21397=CARTESIAN_POINT('',(-3.09500000000055,-0.279289321881601,-2.89138822381943));
#21398=CARTESIAN_POINT('',(-3.12142831156819,-0.279289321881601,-2.94679633127121));
#21399=CARTESIAN_POINT('',(-3.1691359217905,-0.279289321881601,-2.98542919229107));
#21400=CARTESIAN_POINT('',(-3.0742893218816,-0.300000000000319,-2.83));
#21401=CARTESIAN_POINT('',(-3.0742893218816,-0.300000000000319,-2.89774518253854));
#21402=CARTESIAN_POINT('',(-3.10345437471977,-0.300000000000319,-2.95889098738341));
#21403=CARTESIAN_POINT('',(-3.15610226973779,-0.300000000000319,-3.00152441215026));
#21404=CARTESIAN_POINT('',(-3.045,-0.299999999999998,-2.83));
#21405=CARTESIAN_POINT('',(-3.045,-0.299999999999998,-2.9067352797745));
#21406=CARTESIAN_POINT('',(-3.07803538945964,-0.299999999999998,-2.97599541408941));
#21407=CARTESIAN_POINT('',(-3.1376699022377,-0.299999999999998,-3.02428649036437));
#21408=CARTESIAN_POINT('',(-3.13766990224804,-0.250000000009999,-3.02428649037395));
#21409=CARTESIAN_POINT('',(-4.16999999999999,-0.27,-7.4));
#21410=CARTESIAN_POINT('',(-4.27000000001,-0.27000000001,-7.70000000001));
#21411=CARTESIAN_POINT('',(-4.250000000005,-0.270000000005,-7.700000000005));
#21412=CARTESIAN_POINT('',(-3.95,-0.27,-7.4));
#21413=CARTESIAN_POINT('',(-4.159761202867,-0.4884406263118,-7.609761202867));
#21414=CARTESIAN_POINT('',(-4.25000000001,-0.17000000001,-7.70000000001));
#21415=CARTESIAN_POINT('',(3.17,0.28,-6.29999999999981));
#21416=CARTESIAN_POINT('',(3.16999998092926,1.31169873011785,-6.3316987301175));
#21417=CARTESIAN_POINT('',(3.16999998059044,1.32009392763054,-6.34009392846755));
#21418=CARTESIAN_POINT('',(3.2236067977599,1.32863068391898,-6.35000000000996));
#21419=CARTESIAN_POINT('',(3.20556617285974,1.32955293437912,-6.35000000001));
#21420=CARTESIAN_POINT('',(3.1872832343261,1.32670734824999,-6.34670735155226));
#21421=CARTESIAN_POINT('',(3.16999998025162,1.3200939253769,-6.34009392705126));
#21422=CARTESIAN_POINT('',(4.23339862964573,0.279997973510976,-6.36339862964713));
#21423=CARTESIAN_POINT('',(4.22517531720022,0.294240445808804,-6.3551752900602));
#21424=CARTESIAN_POINT('',(4.21968685578927,0.311582756795026,-6.34999999999892));
#21425=CARTESIAN_POINT('',(4.21880884817032,0.330000000005874,-6.35));
#21426=CARTESIAN_POINT('',(-3.18,-0.285,-4.85));
#21427=CARTESIAN_POINT('',(-3.17,0.28,-0.0999999999999918));
#21428=CARTESIAN_POINT('',(-3.334,0.105,-6.514479845768));
#21429=CARTESIAN_POINT('',(-2.675908218338,1.08,-5.15));
#21430=CARTESIAN_POINT('',(2.895,0.15,-4.7));
#21431=CARTESIAN_POINT('',(-3.349479795728,0.075,-2.114479845768));
#21432=CARTESIAN_POINT('',(1.508,1.094761202867,-4.689761202867));
#21433=CARTESIAN_POINT('',(-2.803,-1.269479845768,-5.15));
#21434=CARTESIAN_POINT('',(2.10000000001,-1.38000000001,-5.15000000001));
#21435=CARTESIAN_POINT('',(4.37,-1.709,-7.854));
#21436=CARTESIAN_POINT('',(4.37000000001,-0.57000000001,-3.85000000001));
#21437=CARTESIAN_POINT('',(4.37000000000667,-0.570000000006667,-7.40000000000667));
#21438=CARTESIAN_POINT('',(4.37,-0.27,-7.4));
#21439=CARTESIAN_POINT('',(4.37000000001,0.23000000001,-3.85000000001));
#21440=CARTESIAN_POINT('',(4.37000000000667,0.230000000006667,-6.45000000000667));
#21441=CARTESIAN_POINT('',(4.37,0.33,-6.45));
#21442=CARTESIAN_POINT('',(4.37,0.280000000007363,-6.36339745961731));
#21443=CARTESIAN_POINT('',(4.37000000001,0.28000000001,-3.85000000001));
#21444=CARTESIAN_POINT('',(-3.064479845768,-1.66,-6.464479845768));
#21445=CARTESIAN_POINT('',(-0.7144798457681,-1.4802,-4.15));
#21446=CARTESIAN_POINT('',(3.28000196584318,-0.25,-3.13954472291864));
#21447=CARTESIAN_POINT('',(-3.484,-1.3062,-6.3));
#21448=CARTESIAN_POINT('',(-1.524091781662,1.08,-5.15));
#21449=CARTESIAN_POINT('',(-1.77639320225,1.27879999995433,-6.2));
#21450=CARTESIAN_POINT('',(-1.88819660116191,1.38000000001,-6.29999999997992));
#21451=CARTESIAN_POINT('',(-1.981658326933,1.269761202867,-6.239761202867));
#21452=CARTESIAN_POINT('',(-2.,1.43,-6.4));
#21453=CARTESIAN_POINT('',(-2.,1.28,-6.4));
#21454=CARTESIAN_POINT('',(-2.,1.33,-6.4));
#21455=CARTESIAN_POINT('',(-1.980000012821,1.490238797133,-6.239761202867));
#21456=CARTESIAN_POINT('',(-3.443043849909,-0.364479845768,-3.1));
#21457=CARTESIAN_POINT('',(-2.62000000001,-0.32500000001,-3.10000000001));
#21458=CARTESIAN_POINT('',(0.169476256620603,-1.05396419890781,-5.5));
#21459=CARTESIAN_POINT('',(0.362312539527296,-0.824150865971177,-5.5));
#21460=CARTESIAN_POINT('',(0.6666079780188,-1.288661949991,-5.660238797133));
#21461=CARTESIAN_POINT('',(-2.62,-0.3644798457681,-0.7497200689377));
#21462=CARTESIAN_POINT('',(0.75,-1.48,-5.));
#21463=CARTESIAN_POINT('',(3.13766990223772,0.300000000000002,-3.02428649036472));
#21464=CARTESIAN_POINT('',(3.07803538945949,0.300000000000002,-2.97599541408972));
#21465=CARTESIAN_POINT('',(3.04499999999974,0.300000000000002,-2.90673527977466));
#21466=CARTESIAN_POINT('',(3.04499999999974,0.300000000000002,-2.83));
#21467=CARTESIAN_POINT('',(3.15610226973759,0.299999999999854,-3.00152441215085));
#21468=CARTESIAN_POINT('',(3.10345437471932,0.299999999999854,-2.95889098738389));
#21469=CARTESIAN_POINT('',(3.07428932188101,0.299999999999854,-2.8977451825388));
#21470=CARTESIAN_POINT('',(3.07428932188101,0.299999999999854,-2.83));
#21471=CARTESIAN_POINT('',(3.16913592179003,0.279289321881188,-2.98542919229197));
#21472=CARTESIAN_POINT('',(3.12142831156738,0.279289321881188,-2.94679633127192));
#21473=CARTESIAN_POINT('',(3.09499999999955,0.279289321881188,-2.89138822381981));
#21474=CARTESIAN_POINT('',(3.09499999999955,0.279289321881188,-2.83));
#21475=CARTESIAN_POINT('',(3.16913592178999,0.2499999999999,-2.98542919229201));
#21476=CARTESIAN_POINT('',(3.12142831156733,0.2499999999999,-2.94679633127195));
#21477=CARTESIAN_POINT('',(3.09499999999949,0.2499999999999,-2.89138822381982));
#21478=CARTESIAN_POINT('',(3.09499999999949,0.2499999999999,-2.83));
#21479=CARTESIAN_POINT('',(1.8,-1.694856854249,-6.285520154232));
#21480=CARTESIAN_POINT('',(2.1,-1.38,-5.15));
#21481=CARTESIAN_POINT('',(-4.159761202847,0.2155201542319,-6.289761202847));
#21482=CARTESIAN_POINT('',(-4.32,0.33,-6.45));
#21483=CARTESIAN_POINT('',(-4.37,0.33,-6.45));
#21484=CARTESIAN_POINT('',(-4.37,0.279999999999866,-6.36339745962163));
#21485=CARTESIAN_POINT('',(-4.37,0.295228155100444,-6.35460548017502));
#21486=CARTESIAN_POINT('',(-4.36969055089786,0.312431188918325,-6.34999999999995));
#21487=CARTESIAN_POINT('',(-4.36895788082818,0.330000000000009,-6.34999999999996));
#21488=CARTESIAN_POINT('',(-4.36895788082797,0.330000000005004,-6.35000000000498));
#21489=CARTESIAN_POINT('',(-4.294404424095,0.33000000001,-6.35000000001));
#21490=CARTESIAN_POINT('',(-3.17,0.28,0.));
#21491=CARTESIAN_POINT('',(-3.2236067848742,1.47880208998927,-6.34999994235533));
#21492=CARTESIAN_POINT('',(-3.20513721242472,1.47962799311814,-6.34999994076992));
#21493=CARTESIAN_POINT('',(-3.18726707778761,1.47999999999994,-6.34670116633947));
#21494=CARTESIAN_POINT('',(-3.17000000000413,1.48,-6.340093937183));
#21495=CARTESIAN_POINT('',(-3.22360679002954,1.47880203205647,-6.350000000005));
#21496=CARTESIAN_POINT('',(-3.17,0.28,-6.35000000001));
#21497=CARTESIAN_POINT('',(-3.22360679775,1.48,-6.2));
#21498=CARTESIAN_POINT('',(-3.22360679776,0.90440101586535,-6.35000000001));
#21499=CARTESIAN_POINT('',(-3.22360679775,1.18,-6.2));
#21500=CARTESIAN_POINT('',(-1.132985994798,1.269761202821,-6.289761202821));
#21501=CARTESIAN_POINT('',(-1.641557098211,-1.242516354074,-5.164479845768));
#21502=CARTESIAN_POINT('',(-1.652649303609,-1.233208888634,-4.92500000001));
#21503=CARTESIAN_POINT('',(1.508,-1.094761202867,-4.689761202867));
#21504=CARTESIAN_POINT('',(1.508,1.094761202867,-4.689761202867));
#21505=CARTESIAN_POINT('',(-4.39186490249,0.3070239593657,-6.35));
#21506=CARTESIAN_POINT('',(0.009479845768134,-1.4698,-0.7));
#21507=CARTESIAN_POINT('',(-3.239145565082,0.3086879074605,-0.461583876614));
#21508=CARTESIAN_POINT('',(2.217465316549,-1.217483645926,-4.685520154232));
#21509=CARTESIAN_POINT('',(2.228557521947,-1.226791111386,-4.92500000001));
#21510=CARTESIAN_POINT('',(-1.524091781662,-1.08,-5.15));
#21511=CARTESIAN_POINT('',(-1.524091781672,-1.08000000001,-5.15000000001));
#21512=CARTESIAN_POINT('',(-4.17,-0.42,-6.77360679775));
#21513=CARTESIAN_POINT('',(-0.169476256620727,-1.05396419890767,-5.35));
#21514=CARTESIAN_POINT('',(-0.298033778558282,-0.90075531028353,-5.35));
#21515=CARTESIAN_POINT('',(2.1,-1.38,-5.15));
#21516=CARTESIAN_POINT('',(-4.155520154232,-0.57,-6.759126951982));
#21517=CARTESIAN_POINT('',(4.27000000001,-0.57000000001,-7.40000000001));
#21518=CARTESIAN_POINT('',(-0.9033525334536,1.397052131994,-5.785520154232));
#21519=CARTESIAN_POINT('',(-0.3719091457248,0.951118181359963,-6.2));
#21520=CARTESIAN_POINT('',(-0.9033525334536,1.397052131994,-5.8));
#21521=CARTESIAN_POINT('',(-0.7053287303116,-1.24251635408,-5.185520154232));
#21522=CARTESIAN_POINT('',(-0.4610853540288,-1.484479845768,-4.079156754274));
#21523=CARTESIAN_POINT('',(-0.505,-1.28,-0.915));
#21524=CARTESIAN_POINT('',(-0.505,-1.47,-0.915));
#21525=CARTESIAN_POINT('',(-3.235,-0.075,-1.400200080064));
#21526=CARTESIAN_POINT('',(-4.384479845768,0.23,-7.422000000001));
#21527=CARTESIAN_POINT('',(4.270000000008,0.23000000001,-6.45000000001));
#21528=CARTESIAN_POINT('',(-4.16999999999999,-0.27,-7.4));
#21529=CARTESIAN_POINT('',(3.95,-0.27,-7.4));
#21530=CARTESIAN_POINT('',(4.159761202867,-0.4884406263118,-7.609761202867));
#21531=CARTESIAN_POINT('',(-4.37,0.33,-6.45));
#21532=CARTESIAN_POINT('',(4.37,0.280000000004727,-6.36339745961883));
#21533=CARTESIAN_POINT('',(4.36999999999994,0.295228155105326,-6.35460548017334));
#21534=CARTESIAN_POINT('',(4.36969055089775,0.312431188922188,-6.34999999999937));
#21535=CARTESIAN_POINT('',(4.36895788082805,0.330000000003325,-6.34999999999996));
#21536=CARTESIAN_POINT('',(3.17,0.28,0.));
#21537=CARTESIAN_POINT('',(3.17000000022824,1.48,-6.34009393726875));
#21538=CARTESIAN_POINT('',(3.18726708281675,1.47999999999672,-6.3467011682322));
#21539=CARTESIAN_POINT('',(3.2051372135857,1.47962793559651,-6.3499999999524));
#21540=CARTESIAN_POINT('',(3.22360679736346,1.47880203172852,-6.35));
#21541=CARTESIAN_POINT('',(3.22360679775,1.2788,-6.2));
#21542=CARTESIAN_POINT('',(3.22360679775,1.18,-6.2));
#21543=CARTESIAN_POINT('',(-1.132985994798,1.269761202821,-6.289761202821));
#21544=CARTESIAN_POINT('',(-4.235520154232,-0.2844798457681,-7.7));
#21545=CARTESIAN_POINT('',(-3.064479845768,-1.66,-6.464479845768));
#21546=CARTESIAN_POINT('',(2.675908218338,1.08,-5.15));
#21547=CARTESIAN_POINT('',(-2.803,-1.269479845768,-5.15));
#21548=CARTESIAN_POINT('',(0.05,-1.4698,-1.014479845768));
#21549=CARTESIAN_POINT('',(1.456,1.119479845768,-5.8));
#21550=CARTESIAN_POINT('',(3.17,-0.28,-0.100000000000084));
#21551=CARTESIAN_POINT('',(0.3640112181701,0.7620457402407,-6.360238797108));
#21552=CARTESIAN_POINT('',(-0.371909145724725,0.951118181360052,-6.2));
#21553=CARTESIAN_POINT('',(1.368524416112,1.267951167777,-4.685520154232));
#21554=CARTESIAN_POINT('',(3.295,-0.25,-1.37));
#21555=CARTESIAN_POINT('',(-0.7144798457681,-1.47,-0.6855201542319));
#21556=CARTESIAN_POINT('',(-3.28000196587093,-0.25,-3.13954472294024));
#21557=CARTESIAN_POINT('',(-0.7397612028669,-1.340238797133,-5.200171572875));
#21558=CARTESIAN_POINT('',(0.065,6.5,0.));
#21559=MECHANICAL_DESIGN_GEOMETRIC_PRESENTATION_REPRESENTATION('',(#9999,
#10000,#10001,#10002,#10003,#10004,#10005,#10006,#10007,#10008,#10009,#10010,
#10011,#10012,#10013,#10014,#10015,#10016,#10017,#10018,#10019,#10020,#10021,
#10022,#10023,#10024,#10025,#10026,#10027,#10028,#10029,#10030,#10031,#10032,
#10033,#10034,#10035,#10036,#10037,#10038,#10039,#10040,#10041,#10042,#10043,
#10044,#10045,#10046,#10047,#10048,#10049,#10050,#10051,#10052,#10053,#10054,
#10055,#10056,#10057,#10058,#10059,#10060,#10061,#10062,#10063,#10064,#10065,
#10066,#10067,#10068,#10069,#10070,#10071,#10072,#10073,#10074,#10075,#10076,
#10077,#10078,#10079,#10080,#10081,#10082,#10083,#10084,#10085,#10086,#10087,
#10088,#10089,#10090,#10091,#10092,#10093,#10094,#10095,#10096,#10097,#10098,
#10099,#10100,#10101,#10102,#10103,#10104,#10105,#10106,#10107,#10108,#10109,
#10110,#10111,#10112,#10113,#10114,#10115,#10116,#10117,#10118,#10119,#10120,
#10121,#10122,#10123,#10124,#10125,#10126,#10127,#10128,#10129,#10130,#10131,
#10132,#10133,#10134,#10135,#10136,#10137,#10138,#10139,#10140,#10141,#10142,
#10143,#10144,#10145,#10146,#10147,#10148,#10149,#10150,#10151,#10152,#10153,
#10154,#10155,#10156,#10157,#10158,#10159,#10160,#10161,#10162,#10163,#10164,
#10165,#10166,#10167,#10168,#10169,#10170,#10171,#10172,#10173,#10174,#10175,
#10176,#10177,#10178,#10179,#10180,#10181,#10182,#10183,#10184,#10185,#10186,
#10187,#10188,#10189,#10190,#10191,#10192,#10193,#10194,#10195,#10196,#10197,
#10198,#10199,#10200,#10201,#10202,#10203,#10204,#10205,#10206,#10207,#10208,
#10209,#10210,#10211,#10212,#10213,#10214,#10215,#10216,#10217,#10218,#10219,
#10220,#10221,#10222,#10223,#10224,#10225,#10226,#10227,#10228,#10229,#10230,
#10231,#10232,#10233,#10234,#10235,#10236,#10237,#10238,#10239,#10240,#10241,
#10242,#10243,#10244,#10245,#10246,#10247,#10248,#10249,#10250,#10251,#10252,
#10253,#10254,#10255,#10256,#10257,#10258,#10259,#10260,#10261,#10262,#10263,
#10264,#10265,#10266,#10267,#10268,#10269,#10270,#10271,#10272,#10273,#10274,
#10275,#10276,#10277,#10278,#10279,#10280,#10281,#10282,#10283,#10284,#10285,
#10286,#10287,#10288,#10289,#10290,#10291,#10292,#10293,#10294,#10295,#10296,
#10297,#10298,#10299,#10300,#10301,#10302,#10303,#10304,#10305,#10306,#10307,
#10308,#10309,#10310,#10311,#10312,#10313,#10314,#10315,#10316,#10317,#10318,
#10319,#10320,#10321,#10322,#10323,#10324,#10325,#10326,#10327,#10328,#10329,
#10330,#10331,#10332,#10333,#10334,#10335,#10336,#10337,#10338,#10339,#10340,
#10341,#10342,#10343,#10344,#10345,#10346,#10347,#10348,#10349,#10350,#10351,
#10352,#10353,#10354,#10355,#10356,#10357,#10358,#10359,#10360,#10361,#10362,
#10363,#10364,#10365,#10366,#10367,#10368,#10369,#10370,#10371,#10372,#10373,
#10374,#10375,#10376,#10377,#10378,#10379,#10380,#10381,#10382,#10383,#10384,
#10385,#10386,#10387,#10388,#10389,#10390,#10391,#10392,#10393,#10394,#10395,
#10396,#10397,#10398,#10399,#10400,#10401,#10402,#10403,#10404,#10405,#10406,
#10407,#10408,#10409,#10410,#10411,#10412,#10413,#10414,#10415,#10416,#10417,
#10418,#10419,#10420,#10421,#10422,#10423,#10424,#10425,#10426,#10427,#10428,
#10429,#10430,#10431,#10432,#10433,#10434,#10435,#10436,#10437,#10438,#10439,
#10440,#10441,#10442,#10443,#10444,#10445,#10446,#10447,#10448,#10449,#10450,
#10451,#10452,#10453,#10454,#10455,#10456,#10457,#10458,#10459,#10460,#10461,
#10462,#10463,#10464,#10465,#10466,#10467,#10468,#10469,#10470,#10471,#10472,
#10473,#10474,#10475,#10476,#10477,#10478,#10479,#10480,#10481,#10482,#10483,
#10484,#10485,#10486,#10487,#10488,#10489,#10490,#10491,#10492,#10493,#10494,
#10495,#10496,#10497,#10498,#10499,#10500,#10501,#10502,#10503,#10504,#10505,
#10506,#10507,#10508,#10509,#10510,#10511,#10512,#10513,#10514,#10515,#10516,
#10517,#10518,#10519,#10520,#10521,#10522,#10523,#10524,#10525,#10526,#10527,
#10528,#10529,#10530,#10531,#10532,#10533,#10534,#10535),#21560);
#21560=(
GEOMETRIC_REPRESENTATION_CONTEXT(3)
GLOBAL_UNCERTAINTY_ASSIGNED_CONTEXT((#21562))
GLOBAL_UNIT_ASSIGNED_CONTEXT((#21566,#21565,#21564))
REPRESENTATION_CONTEXT('USB4130-GF-C','TOP_LEVEL_ASSEMBLY_PART')
);
#21561=(
GEOMETRIC_REPRESENTATION_CONTEXT(3)
GLOBAL_UNCERTAINTY_ASSIGNED_CONTEXT((#21563))
GLOBAL_UNIT_ASSIGNED_CONTEXT((#21566,#21565,#21564))
REPRESENTATION_CONTEXT('USB4130-GF-C_PART1','COMPONENT_PART')
);
#21562=UNCERTAINTY_MEASURE_WITH_UNIT(LENGTH_MEASURE(1.E-5),#21566,
'DISTANCE_ACCURACY_VALUE','Maximum Tolerance applied to model');
#21563=UNCERTAINTY_MEASURE_WITH_UNIT(LENGTH_MEASURE(1.E-5),#21566,
'DISTANCE_ACCURACY_VALUE','Maximum Tolerance applied to model');
#21564=(
NAMED_UNIT(*)
SI_UNIT($,.STERADIAN.)
SOLID_ANGLE_UNIT()
);
#21565=(
NAMED_UNIT(*)
PLANE_ANGLE_UNIT()
SI_UNIT($,.RADIAN.)
);
#21566=(
LENGTH_UNIT()
NAMED_UNIT(*)
SI_UNIT(.MILLI.,.METRE.)
);
#21567=PRODUCT_DEFINITION_SHAPE('','',#21570);
#21568=PRODUCT_DEFINITION_SHAPE('','',#21571);
#21569=PRODUCT_DEFINITION_SHAPE(' ','NAUO PRDDFN',#19);
#21570=PRODUCT_DEFINITION('','',#21574,#21572);
#21571=PRODUCT_DEFINITION('','',#21575,#21573);
#21572=PRODUCT_DEFINITION_CONTEXT('',#21585,'design');
#21573=PRODUCT_DEFINITION_CONTEXT('',#21585,'design');
#21574=PRODUCT_DEFINITION_FORMATION_WITH_SPECIFIED_SOURCE('','',#21578,
 .NOT_KNOWN.);
#21575=PRODUCT_DEFINITION_FORMATION_WITH_SPECIFIED_SOURCE('','',#21579,
 .NOT_KNOWN.);
#21576=PRODUCT_RELATED_PRODUCT_CATEGORY('','',(#21578));
#21577=PRODUCT_RELATED_PRODUCT_CATEGORY('','',(#21579));
#21578=PRODUCT('USB4130-GF-C','USB4130-GF-C','USB4130-GF-C',(#21582));
#21579=PRODUCT('USB4130-GF-C_PART1','USB4130-GF-C_PART1',
'USB4130-GF-C_PART1',(#21583));
#21580=PRODUCT_CATEGORY('','');
#21581=PRODUCT_CATEGORY('','');
#21582=PRODUCT_CONTEXT('',#21585,'mechanical');
#21583=PRODUCT_CONTEXT('',#21585,'mechanical');
#21584=APPLICATION_PROTOCOL_DEFINITION('international standard',
'automotive_design',2010,#21585);
#21585=APPLICATION_CONTEXT(
'core data for automotive mechanical design processes');
ENDSEC;
END-ISO-10303-21;
